#include "lvgl.h"

/* 原始尺寸: 140x88 */
const uint8_t img_shortnote_map[] = {
  0x00, 0x00, 0x00, 0x00, 0x00, 0x00, 0x00, 0x00, 0x00, 0x00, 0x00, 0x00, 
  0xff, 0xff, 0x00, 0xff, 0xff, 0x00, 0xff, 0xff, 0x00, 0xff, 0xff, 0x00, 
  0xff, 0xff, 0x00, 0xff, 0xff, 0x00, 0xff, 0xff, 0x00, 0xff, 0xff, 0x00, 
  0xff, 0xff, 0x00, 0xff, 0xff, 0x00, 0xff, 0xff, 0x00, 0xff, 0xff, 0x00, 
  0xff, 0xff, 0x00, 0xff, 0xff, 0x00, 0xff, 0xff, 0x00, 0xff, 0xff, 0x00, 
  0xff, 0xff, 0x00, 0xff, 0xff, 0x00, 0xff, 0xff, 0x00, 0xff, 0xff, 0x00, 
  0xff, 0xff, 0x00, 0xff, 0xff, 0x00, 0xff, 0xff, 0x00, 0xff, 0xff, 0x00, 
  0xff, 0xff, 0x00, 0xff, 0xff, 0x00, 0xff, 0xff, 0x00, 0xff, 0xff, 0x00, 
  0xff, 0xff, 0x00, 0xff, 0xff, 0x00, 0xff, 0xff, 0x00, 0xff, 0xff, 0x00, 
  0xff, 0xff, 0x00, 0xff, 0xff, 0x00, 0xff, 0xff, 0x00, 0xff, 0xff, 0x00, 
  0xff, 0xff, 0x00, 0xff, 0xff, 0x00, 0xff, 0xff, 0x00, 0xff, 0xff, 0x00, 
  0xff, 0xff, 0x00, 0xff, 0xff, 0x00, 0xff, 0xff, 0x00, 0xff, 0xff, 0x00, 
  0xff, 0xff, 0x00, 0xff, 0xff, 0x00, 0xff, 0xff, 0x00, 0xff, 0xff, 0x00, 
  0xff, 0xff, 0x00, 0xff, 0xff, 0x00, 0xff, 0xff, 0x00, 0xff, 0xff, 0x00, 
  0xff, 0xff, 0x00, 0xff, 0xff, 0x00, 0xff, 0xff, 0x00, 0xff, 0xff, 0x00, 
  0xff, 0xff, 0x00, 0xff, 0xff, 0x00, 0xff, 0xff, 0x00, 0xff, 0xff, 0x00, 
  0xff, 0xff, 0x00, 0xff, 0xff, 0x00, 0xff, 0xff, 0x00, 0xff, 0xff, 0x00, 
  0xff, 0xff, 0x00, 0xff, 0xff, 0x00, 0xff, 0xff, 0x00, 0xff, 0xff, 0x00, 
  0xff, 0xff, 0x00, 0xff, 0xff, 0x00, 0xff, 0xff, 0x00, 0xff, 0xff, 0x00, 
  0xff, 0xff, 0x00, 0xff, 0xff, 0x00, 0xff, 0xff, 0x00, 0xff, 0xff, 0x00, 
  0xff, 0xff, 0x00, 0xff, 0xff, 0x00, 0xff, 0xff, 0x00, 0xff, 0xff, 0x00, 
  0xff, 0xff, 0x00, 0xff, 0xff, 0x00, 0xff, 0xff, 0x00, 0xff, 0xff, 0x00, 
  0xff, 0xff, 0x00, 0xff, 0xff, 0x00, 0xff, 0xff, 0x00, 0xff, 0xff, 0x00, 
  0xff, 0xff, 0x00, 0xff, 0xff, 0x00, 0xff, 0xff, 0x00, 0xff, 0xff, 0x00, 
  0xff, 0xff, 0x00, 0xff, 0xff, 0x00, 0xff, 0xff, 0x00, 0xff, 0xff, 0x00, 
  0xff, 0xff, 0x00, 0xff, 0xff, 0x00, 0xff, 0xff, 0x00, 0xff, 0xff, 0x00, 
  0xff, 0xff, 0x00, 0xff, 0xff, 0x00, 0xff, 0xff, 0x00, 0xff, 0xff, 0x00, 
  0xff, 0xff, 0x00, 0xff, 0xff, 0x00, 0xff, 0xff, 0x00, 0xff, 0xff, 0x00, 
  0xff, 0xff, 0x00, 0xff, 0xff, 0x00, 0xff, 0xff, 0x00, 0xff, 0xff, 0x00, 
  0xff, 0xff, 0x00, 0xff, 0xff, 0x00, 0xff, 0xff, 0x00, 0xff, 0xff, 0x00, 
  0xff, 0xff, 0x00, 0xff, 0xff, 0x00, 0xff, 0xff, 0x00, 0xff, 0xff, 0x00, 
  0xff, 0xff, 0x00, 0xff, 0xff, 0x00, 0xff, 0xff, 0x00, 0xff, 0xff, 0x00, 
  0xff, 0xff, 0x00, 0xff, 0xff, 0x00, 0xff, 0xff, 0x00, 0xff, 0xff, 0x00, 
  0xff, 0xff, 0x00, 0xff, 0xff, 0x00, 0xff, 0xff, 0x00, 0xff, 0xff, 0x00, 
  0xff, 0xff, 0x00, 0x00, 0x00, 0x00, 0x00, 0x00, 0x00, 0x00, 0x00, 0x00, 
  0x00, 0x00, 0x00, 0x00, 0x00, 0x00, 0x00, 0x00, 0x00, 0xff, 0xff, 0x00, 
  0xff, 0xff, 0x00, 0xff, 0xff, 0x00, 0xff, 0xff, 0x00, 0xff, 0xff, 0x00, 
  0xff, 0xff, 0x00, 0xff, 0xff, 0x00, 0xff, 0xff, 0x00, 0xff, 0xff, 0x00, 
  0xff, 0xff, 0x00, 0xff, 0xff, 0x00, 0xff, 0xff, 0x00, 0xff, 0xff, 0x00, 
  0xff, 0xff, 0x00, 0xff, 0xff, 0x00, 0xff, 0xff, 0x00, 0xff, 0xff, 0x00, 
  0xff, 0xff, 0x00, 0xff, 0xff, 0x00, 0xff, 0xff, 0x00, 0xff, 0xff, 0x00, 
  0xff, 0xff, 0x00, 0xff, 0xff, 0x00, 0xff, 0xff, 0x00, 0xff, 0xff, 0x00, 
  0xff, 0xff, 0x00, 0xff, 0xff, 0x00, 0xff, 0xff, 0x00, 0xff, 0xff, 0x00, 
  0xff, 0xff, 0x00, 0xff, 0xff, 0x00, 0xff, 0xff, 0x00, 0xff, 0xff, 0x00, 
  0xff, 0xff, 0x00, 0xff, 0xff, 0x00, 0xff, 0xff, 0x00, 0xff, 0xff, 0x00, 
  0xff, 0xff, 0x00, 0xff, 0xff, 0x00, 0xff, 0xff, 0x00, 0xff, 0xff, 0x00, 
  0xff, 0xff, 0x00, 0xff, 0xff, 0x00, 0xff, 0xff, 0x00, 0xff, 0xff, 0x00, 
  0xff, 0xff, 0x00, 0xff, 0xff, 0x00, 0xff, 0xff, 0x00, 0xff, 0xff, 0x00, 
  0xff, 0xff, 0x00, 0xff, 0xff, 0x00, 0xff, 0xff, 0x00, 0xff, 0xff, 0x00, 
  0xff, 0xff, 0x00, 0xff, 0xff, 0x00, 0xff, 0xff, 0x00, 0xff, 0xff, 0x00, 
  0xff, 0xff, 0x00, 0xff, 0xff, 0x00, 0xff, 0xff, 0x00, 0xff, 0xff, 0x00, 
  0xff, 0xff, 0x00, 0xff, 0xff, 0x00, 0xff, 0xff, 0x00, 0xff, 0xff, 0x00, 
  0xff, 0xff, 0x00, 0xff, 0xff, 0x00, 0xff, 0xff, 0x00, 0xff, 0xff, 0x00, 
  0xff, 0xff, 0x00, 0xff, 0xff, 0x00, 0xff, 0xff, 0x00, 0xff, 0xff, 0x00, 
  0xff, 0xff, 0x00, 0xff, 0xff, 0x00, 0xff, 0xff, 0x00, 0xff, 0xff, 0x00, 
  0xff, 0xff, 0x00, 0xff, 0xff, 0x00, 0xff, 0xff, 0x00, 0xff, 0xff, 0x00, 
  0xff, 0xff, 0x00, 0xff, 0xff, 0x00, 0xff, 0xff, 0x00, 0xff, 0xff, 0x00, 
  0xff, 0xff, 0x00, 0xff, 0xff, 0x00, 0xff, 0xff, 0x00, 0xff, 0xff, 0x00, 
  0xff, 0xff, 0x00, 0xff, 0xff, 0x00, 0xff, 0xff, 0x00, 0xff, 0xff, 0x00, 
  0xff, 0xff, 0x00, 0xff, 0xff, 0x00, 0xff, 0xff, 0x00, 0xff, 0xff, 0x00, 
  0xff, 0xff, 0x00, 0xff, 0xff, 0x00, 0xff, 0xff, 0x00, 0xff, 0xff, 0x00, 
  0xff, 0xff, 0x00, 0xff, 0xff, 0x00, 0xff, 0xff, 0x00, 0xff, 0xff, 0x00, 
  0xff, 0xff, 0x00, 0xff, 0xff, 0x00, 0xff, 0xff, 0x00, 0xff, 0xff, 0x00, 
  0xff, 0xff, 0x00, 0xff, 0xff, 0x00, 0xff, 0xff, 0x00, 0xff, 0xff, 0x00, 
  0xff, 0xff, 0x00, 0xff, 0xff, 0x00, 0xff, 0xff, 0x00, 0xff, 0xff, 0x00, 
  0xff, 0xff, 0x00, 0xff, 0xff, 0x00, 0xff, 0xff, 0x00, 0xff, 0xff, 0x00, 
  0xff, 0xff, 0x00, 0xff, 0xff, 0x00, 0xff, 0xff, 0x00, 0xff, 0xff, 0x00, 
  0xff, 0xff, 0x00, 0xff, 0xff, 0x00, 0xff, 0xff, 0x00, 0xff, 0xff, 0x00, 
  0xff, 0xff, 0x00, 0xff, 0xff, 0x00, 0xff, 0xff, 0x00, 0xff, 0xff, 0x00, 
  0xff, 0xff, 0x00, 0xff, 0xff, 0x00, 0x00, 0x00, 0x00, 0x00, 0x00, 0x00, 
  0x00, 0x00, 0x00, 0x00, 0x00, 0x00, 0xff, 0xff, 0x00, 0xff, 0xff, 0x00, 
  0xff, 0xff, 0x00, 0xff, 0xff, 0x00, 0xff, 0xff, 0x00, 0xff, 0xff, 0x00, 
  0xff, 0xff, 0x00, 0xff, 0xff, 0x00, 0xff, 0xff, 0x00, 0xff, 0xff, 0x00, 
  0xff, 0xff, 0x00, 0xff, 0xff, 0x00, 0xff, 0xff, 0x00, 0xff, 0xff, 0x00, 
  0xff, 0xff, 0x00, 0xff, 0xff, 0x00, 0xff, 0xff, 0x00, 0xff, 0xff, 0x00, 
  0xff, 0xff, 0x00, 0xff, 0xff, 0x00, 0xff, 0xff, 0x00, 0xff, 0xff, 0x00, 
  0xff, 0xff, 0x00, 0xff, 0xff, 0x00, 0xff, 0xff, 0x00, 0xff, 0xff, 0x00, 
  0xff, 0xff, 0x00, 0xff, 0xff, 0x00, 0xff, 0xff, 0x00, 0xff, 0xff, 0x00, 
  0xff, 0xff, 0x00, 0xff, 0xff, 0x00, 0xff, 0xff, 0x00, 0xff, 0xff, 0x00, 
  0xff, 0xff, 0x00, 0xff, 0xff, 0x00, 0xff, 0xff, 0x00, 0xff, 0xff, 0x00, 
  0xff, 0xff, 0x00, 0xff, 0xff, 0x00, 0xff, 0xff, 0x00, 0xff, 0xff, 0x00, 
  0xff, 0xff, 0x00, 0xff, 0xff, 0x00, 0xff, 0xff, 0x00, 0xff, 0xff, 0x00, 
  0xff, 0xff, 0x00, 0xff, 0xff, 0x00, 0xff, 0xff, 0x00, 0xff, 0xff, 0x00, 
  0xff, 0xff, 0x00, 0xff, 0xff, 0x00, 0xff, 0xff, 0x00, 0xff, 0xff, 0x00, 
  0xff, 0xff, 0x00, 0xff, 0xff, 0x00, 0xff, 0xff, 0x00, 0xff, 0xff, 0x00, 
  0xff, 0xff, 0x00, 0xff, 0xff, 0x00, 0xff, 0xff, 0x00, 0xff, 0xff, 0x00, 
  0xff, 0xff, 0x00, 0xff, 0xff, 0x00, 0xff, 0xff, 0x00, 0xff, 0xff, 0x00, 
  0xff, 0xff, 0x00, 0xff, 0xff, 0x00, 0xff, 0xff, 0x00, 0xff, 0xff, 0x00, 
  0xff, 0xff, 0x00, 0xff, 0xff, 0x00, 0xff, 0xff, 0x00, 0xff, 0xff, 0x00, 
  0xff, 0xff, 0x00, 0xff, 0xff, 0x00, 0xff, 0xff, 0x00, 0xff, 0xff, 0x00, 
  0xff, 0xff, 0x00, 0xff, 0xff, 0x00, 0xff, 0xff, 0x00, 0xff, 0xff, 0x00, 
  0xff, 0xff, 0x00, 0xff, 0xff, 0x00, 0xff, 0xff, 0x00, 0xff, 0xff, 0x00, 
  0xff, 0xff, 0x00, 0xff, 0xff, 0x00, 0xff, 0xff, 0x00, 0xff, 0xff, 0x00, 
  0xff, 0xff, 0x00, 0xff, 0xff, 0x00, 0xff, 0xff, 0x00, 0xff, 0xff, 0x00, 
  0xff, 0xff, 0x00, 0xff, 0xff, 0x00, 0xff, 0xff, 0x00, 0xff, 0xff, 0x00, 
  0xff, 0xff, 0x00, 0xff, 0xff, 0x00, 0xff, 0xff, 0x00, 0xff, 0xff, 0x00, 
  0xff, 0xff, 0x00, 0xff, 0xff, 0x00, 0xff, 0xff, 0x00, 0xff, 0xff, 0x00, 
  0xff, 0xff, 0x00, 0xff, 0xff, 0x00, 0xff, 0xff, 0x00, 0xff, 0xff, 0x00, 
  0xff, 0xff, 0x00, 0xff, 0xff, 0x00, 0xff, 0xff, 0x00, 0xff, 0xff, 0x00, 
  0xff, 0xff, 0x00, 0xff, 0xff, 0x00, 0xff, 0xff, 0x00, 0xff, 0xff, 0x00, 
  0xff, 0xff, 0x00, 0xff, 0xff, 0x00, 0xff, 0xff, 0x00, 0xff, 0xff, 0x00, 
  0xff, 0xff, 0x00, 0xff, 0xff, 0x00, 0xff, 0xff, 0x00, 0xff, 0xff, 0x00, 
  0xff, 0xff, 0x00, 0xff, 0xff, 0x00, 0xff, 0xff, 0x00, 0xff, 0xff, 0x00, 
  0xff, 0xff, 0x00, 0xff, 0xff, 0x00, 0xff, 0xff, 0x00, 0xff, 0xff, 0x00, 
  0xff, 0xff, 0x00, 0xff, 0xff, 0x00, 0xff, 0xff, 0x00, 0x00, 0x00, 0x00, 
  0x00, 0x00, 0x00, 0xff, 0xff, 0x00, 0xff, 0xff, 0x00, 0xff, 0xff, 0x00, 
  0xff, 0xff, 0x00, 0xff, 0xff, 0x00, 0xff, 0xff, 0x00, 0xff, 0xff, 0x00, 
  0xff, 0xff, 0x00, 0xff, 0xff, 0x00, 0xff, 0xff, 0x00, 0xff, 0xff, 0x00, 
  0xff, 0xff, 0x00, 0xff, 0xff, 0x00, 0xff, 0xff, 0x00, 0xff, 0xff, 0x00, 
  0xff, 0xff, 0x00, 0xff, 0xff, 0x00, 0xff, 0xff, 0x00, 0xff, 0xff, 0x00, 
  0xff, 0xff, 0x00, 0xff, 0xff, 0x00, 0xff, 0xff, 0x00, 0xff, 0xff, 0x00, 
  0xff, 0xff, 0x00, 0xff, 0xff, 0x00, 0xff, 0xff, 0x00, 0xff, 0xff, 0x00, 
  0xff, 0xff, 0x00, 0xff, 0xff, 0x00, 0xff, 0xff, 0x00, 0xff, 0xff, 0x00, 
  0xff, 0xff, 0x00, 0xff, 0xff, 0x00, 0xff, 0xff, 0x00, 0xff, 0xff, 0x00, 
  0xff, 0xff, 0x00, 0xff, 0xff, 0x00, 0xff, 0xff, 0x00, 0xff, 0xff, 0x00, 
  0xff, 0xff, 0x00, 0xff, 0xff, 0x00, 0xff, 0xff, 0x00, 0xff, 0xff, 0x00, 
  0xff, 0xff, 0x00, 0xff, 0xff, 0x00, 0xff, 0xff, 0x00, 0xff, 0xff, 0x00, 
  0xff, 0xff, 0x00, 0xff, 0xff, 0x00, 0xff, 0xff, 0x00, 0xff, 0xff, 0x00, 
  0xff, 0xff, 0x00, 0xff, 0xff, 0x00, 0xff, 0xff, 0x00, 0xff, 0xff, 0x00, 
  0xff, 0xff, 0x00, 0xff, 0xff, 0x00, 0xff, 0xff, 0x00, 0xff, 0xff, 0x00, 
  0xff, 0xff, 0x00, 0xff, 0xff, 0x00, 0xff, 0xff, 0x00, 0xff, 0xff, 0x00, 
  0xff, 0xff, 0x00, 0xff, 0xff, 0x00, 0xff, 0xff, 0x00, 0xff, 0xff, 0x00, 
  0xff, 0xff, 0x00, 0xff, 0xff, 0x00, 0xff, 0xff, 0x00, 0xff, 0xff, 0x00, 
  0xff, 0xff, 0x00, 0xff, 0xff, 0x00, 0xff, 0xff, 0x00, 0xff, 0xff, 0x00, 
  0xff, 0xff, 0x00, 0xff, 0xff, 0x00, 0xff, 0xff, 0x00, 0xff, 0xff, 0x00, 
  0xff, 0xff, 0x00, 0xff, 0xff, 0x00, 0xff, 0xff, 0x00, 0xff, 0xff, 0x00, 
  0xff, 0xff, 0x00, 0xff, 0xff, 0x00, 0xff, 0xff, 0x00, 0xff, 0xff, 0x00, 
  0xff, 0xff, 0x00, 0xff, 0xff, 0x00, 0xff, 0xff, 0x00, 0xff, 0xff, 0x00, 
  0xff, 0xff, 0x00, 0xff, 0xff, 0x00, 0xff, 0xff, 0x00, 0xff, 0xff, 0x00, 
  0xff, 0xff, 0x00, 0xff, 0xff, 0x00, 0xff, 0xff, 0x00, 0xff, 0xff, 0x00, 
  0xff, 0xff, 0x00, 0xff, 0xff, 0x00, 0xff, 0xff, 0x00, 0xff, 0xff, 0x00, 
  0xff, 0xff, 0x00, 0xff, 0xff, 0x00, 0xff, 0xff, 0x00, 0xff, 0xff, 0x00, 
  0xff, 0xff, 0x00, 0xff, 0xff, 0x00, 0xff, 0xff, 0x00, 0xff, 0xff, 0x00, 
  0xff, 0xff, 0x00, 0xff, 0xff, 0x00, 0xff, 0xff, 0x00, 0xff, 0xff, 0x00, 
  0xff, 0xff, 0x00, 0xff, 0xff, 0x00, 0xff, 0xff, 0x00, 0xff, 0xff, 0x00, 
  0xff, 0xff, 0x00, 0xff, 0xff, 0x00, 0xff, 0xff, 0x00, 0xff, 0xff, 0x00, 
  0xff, 0xff, 0x00, 0xff, 0xff, 0x00, 0xff, 0xff, 0x00, 0xff, 0xff, 0x00, 
  0xff, 0xff, 0x00, 0xff, 0xff, 0x00, 0xff, 0xff, 0x00, 0xff, 0xff, 0x00, 
  0xff, 0xff, 0x00, 0xff, 0xff, 0x00, 0xff, 0xff, 0x00, 0xff, 0xff, 0x00, 
  0xff, 0xff, 0x00, 0xff, 0xff, 0x00, 0xff, 0xff, 0x00, 0xff, 0xff, 0x00, 
  0x00, 0x00, 0x00, 0xff, 0xff, 0x00, 0xff, 0xff, 0x00, 0xff, 0xff, 0x00, 
  0xff, 0xff, 0x00, 0xff, 0xff, 0x00, 0xff, 0xff, 0x00, 0xff, 0xff, 0x00, 
  0xff, 0xff, 0x00, 0xff, 0xff, 0x00, 0xff, 0xff, 0x00, 0xff, 0xf7, 0x00, 
  0xff, 0xf7, 0x00, 0xff, 0xf7, 0x00, 0xdf, 0xf7, 0x00, 0xdf, 0xef, 0x00, 
  0xdf, 0xf7, 0x00, 0xff, 0xf7, 0x00, 0xff, 0xf7, 0x00, 0xdf, 0xf7, 0x00, 
  0xff, 0xf7, 0x00, 0xdf, 0xf7, 0x00, 0xdf, 0xf7, 0x00, 0xdf, 0xef, 0x00, 
  0xdf, 0xf7, 0x00, 0xdf, 0xf7, 0x00, 0xff, 0xf7, 0x00, 0xdf, 0xf7, 0x00, 
  0xff, 0xf7, 0x00, 0xdf, 0xf7, 0x00, 0xdf, 0xf7, 0x00, 0xff, 0xf7, 0x00, 
  0xdf, 0xf7, 0x00, 0xdf, 0xf7, 0x00, 0xdf, 0xf7, 0x00, 0xdf, 0xf7, 0x00, 
  0xdf, 0xef, 0x00, 0xdf, 0xf7, 0x00, 0xdf, 0xf7, 0x00, 0xdf, 0xf7, 0x00, 
  0xdf, 0xf7, 0x00, 0xdf, 0xf7, 0x00, 0xdf, 0xf7, 0x00, 0xdf, 0xf7, 0x00, 
  0xdf, 0xf7, 0x00, 0xdf, 0xf7, 0x00, 0xdf, 0xf7, 0x00, 0xdf, 0xf7, 0x00, 
  0xdf, 0xf7, 0x00, 0xdf, 0xf7, 0x00, 0xdf, 0xf7, 0x00, 0xdf, 0xf7, 0x00, 
  0xdf, 0xf7, 0x00, 0xdf, 0xf7, 0x00, 0xdf, 0xf7, 0x00, 0xdf, 0xf7, 0x00, 
  0xdf, 0xf7, 0x00, 0xdf, 0xf7, 0x00, 0xdf, 0xf7, 0x00, 0xdf, 0xf7, 0x00, 
  0xdf, 0xf7, 0x00, 0xdf, 0xf7, 0x00, 0xdf, 0xf7, 0x00, 0xdf, 0xf7, 0x00, 
  0xdf, 0xf7, 0x00, 0xdf, 0xf7, 0x00, 0xdf, 0xf7, 0x00, 0xdf, 0xf7, 0x00, 
  0xdf, 0xf7, 0x00, 0xdf, 0xf7, 0x00, 0xdf, 0xf7, 0x00, 0xdf, 0xf7, 0x00, 
  0xdf, 0xf7, 0x00, 0xdf, 0xf7, 0x00, 0xdf, 0xf7, 0x00, 0xdf, 0xf7, 0x00, 
  0xdf, 0xf7, 0x00, 0xdf, 0xf7, 0x00, 0xdf, 0xf7, 0x00, 0xdf, 0xf7, 0x00, 
  0xdf, 0xf7, 0x00, 0xdf, 0xf7, 0x00, 0xdf, 0xf7, 0x00, 0xdf, 0xf7, 0x00, 
  0xdf, 0xf7, 0x00, 0xdf, 0xf7, 0x00, 0xdf, 0xf7, 0x00, 0xdf, 0xf7, 0x00, 
  0xdf, 0xf7, 0x00, 0xdf, 0xf7, 0x00, 0xdf, 0xf7, 0x00, 0xdf, 0xf7, 0x00, 
  0xdf, 0xf7, 0x00, 0xdf, 0xf7, 0x00, 0xdf, 0xf7, 0x00, 0xdf, 0xf7, 0x00, 
  0xdf, 0xf7, 0x00, 0xdf, 0xf7, 0x00, 0xdf, 0xf7, 0x00, 0xdf, 0xf7, 0x00, 
  0xdf, 0xf7, 0x00, 0xdf, 0xf7, 0x00, 0xdf, 0xf7, 0x00, 0xdf, 0xf7, 0x00, 
  0xdf, 0xf7, 0x00, 0xdf, 0xf7, 0x00, 0xdf, 0xf7, 0x00, 0xdf, 0xf7, 0x00, 
  0xdf, 0xf7, 0x00, 0xdf, 0xf7, 0x00, 0xdf, 0xf7, 0x00, 0xdf, 0xf7, 0x00, 
  0xdf, 0xf7, 0x00, 0xdf, 0xf7, 0x00, 0xdf, 0xf7, 0x00, 0xdf, 0xf7, 0x00, 
  0xdf, 0xf7, 0x00, 0xdf, 0xf7, 0x00, 0xdf, 0xf7, 0x00, 0xdf, 0xf7, 0x00, 
  0xdf, 0xf7, 0x00, 0xdf, 0xf7, 0x00, 0xdf, 0xf7, 0x00, 0xdf, 0xf7, 0x00, 
  0xdf, 0xf7, 0x00, 0xdf, 0xf7, 0x00, 0xdf, 0xf7, 0x00, 0xdf, 0xf7, 0x00, 
  0xdf, 0xff, 0x00, 0xff, 0xff, 0x00, 0xff, 0xff, 0x00, 0xff, 0xff, 0x00, 
  0xff, 0xff, 0x00, 0xff, 0xff, 0x00, 0xff, 0xff, 0x00, 0xff, 0xff, 0x00, 
  0xff, 0xff, 0x00, 0xff, 0xff, 0x00, 0xff, 0xff, 0x00, 0xff, 0xff, 0x00, 
  0xff, 0xff, 0x00, 0xff, 0xff, 0x00, 0xff, 0xff, 0x00, 0xff, 0xff, 0x00, 
  0xff, 0xff, 0x00, 0xff, 0xff, 0x00, 0xff, 0xff, 0x00, 0xff, 0xff, 0x00, 
  0xff, 0xff, 0x00, 0xff, 0xf7, 0x00, 0xdf, 0xef, 0x00, 0xdf, 0xe7, 0x00, 
  0xbf, 0xdf, 0x00, 0xbf, 0xd7, 0x00, 0xbf, 0xd7, 0x00, 0xbf, 0xd7, 0x00, 
  0xbf, 0xd7, 0x00, 0xbf, 0xd7, 0x00, 0xbf, 0xd7, 0x00, 0xbf, 0xd7, 0x00, 
  0xbf, 0xd7, 0x00, 0xbf, 0xd7, 0x00, 0xbf, 0xd7, 0x00, 0xbf, 0xd7, 0x00, 
  0xbf, 0xd7, 0x00, 0xbf, 0xd7, 0x00, 0xbf, 0xd7, 0x00, 0xbf, 0xd7, 0x00, 
  0xbf, 0xd7, 0x00, 0xbf, 0xd7, 0x00, 0xbf, 0xd7, 0x00, 0xbf, 0xd7, 0x00, 
  0xbf, 0xd7, 0x00, 0xbf, 0xd7, 0x00, 0xbf, 0xd7, 0x00, 0xbf, 0xd7, 0x00, 
  0xbf, 0xd7, 0x00, 0xbf, 0xd7, 0x00, 0xbf, 0xd7, 0x00, 0xbf, 0xd7, 0x00, 
  0xbf, 0xd7, 0x00, 0xbf, 0xd7, 0x00, 0xbf, 0xd7, 0x00, 0xbf, 0xd7, 0x00, 
  0xbf, 0xd7, 0x00, 0xbf, 0xd7, 0x00, 0xbf, 0xd7, 0x00, 0xbf, 0xd7, 0x00, 
  0xbf, 0xd7, 0x00, 0xbf, 0xd7, 0x00, 0xbf, 0xd7, 0x00, 0xbf, 0xd7, 0x00, 
  0xbf, 0xd7, 0x00, 0x9f, 0xd7, 0x00, 0x9f, 0xd7, 0x00, 0xbf, 0xdf, 0x00, 
  0xbf, 0xdf, 0x00, 0xbf, 0xdf, 0x00, 0x9f, 0xd7, 0x00, 0x9f, 0xd7, 0x00, 
  0x9f, 0xdf, 0x00, 0x9f, 0xd7, 0x00, 0x9f, 0xdf, 0x00, 0x9f, 0xdf, 0x00, 
  0x9f, 0xdf, 0x00, 0x9f, 0xdf, 0x00, 0x9f, 0xdf, 0x00, 0x9f, 0xdf, 0x00, 
  0x9f, 0xdf, 0x00, 0x9f, 0xdf, 0x00, 0x9f, 0xdf, 0x00, 0x9f, 0xdf, 0x00, 
  0x9f, 0xdf, 0x00, 0x9f, 0xdf, 0x00, 0x9f, 0xdf, 0x00, 0x9f, 0xdf, 0x00, 
  0x9f, 0xdf, 0x00, 0x9f, 0xdf, 0x00, 0x9f, 0xdf, 0x00, 0x9f, 0xdf, 0x00, 
  0x9f, 0xdf, 0x00, 0x9f, 0xdf, 0x00, 0x9f, 0xdf, 0x00, 0x9f, 0xdf, 0x00, 
  0x9f, 0xdf, 0x00, 0x9f, 0xdf, 0x00, 0x9f, 0xdf, 0x00, 0x9f, 0xdf, 0x00, 
  0x9f, 0xdf, 0x00, 0x9f, 0xdf, 0x00, 0x9f, 0xdf, 0x00, 0x9f, 0xdf, 0x00, 
  0x9f, 0xdf, 0x00, 0x9f, 0xdf, 0x00, 0x9f, 0xdf, 0x00, 0x9f, 0xdf, 0x00, 
  0x9f, 0xdf, 0x00, 0x7f, 0xdf, 0x00, 0x9f, 0xdf, 0x00, 0x7f, 0xdf, 0x00, 
  0x9f, 0xdf, 0x00, 0x9f, 0xdf, 0x00, 0x7f, 0xdf, 0x00, 0x9f, 0xdf, 0x00, 
  0x9f, 0xdf, 0x00, 0x7f, 0xdf, 0x00, 0x7f, 0xdf, 0x00, 0x7f, 0xdf, 0x00, 
  0x7f, 0xdf, 0x00, 0x7f, 0xdf, 0x00, 0x7f, 0xdf, 0x00, 0x7f, 0xdf, 0x00, 
  0x7f, 0xdf, 0x00, 0x7f, 0xdf, 0x00, 0x7f, 0xe7, 0x00, 0x7f, 0xe7, 0x00, 
  0x7f, 0xdf, 0x00, 0x7f, 0xe7, 0x00, 0x7f, 0xe7, 0x00, 0x7f, 0xe7, 0x00, 
  0x7f, 0xe7, 0x00, 0x7f, 0xe7, 0x00, 0x7f, 0xe7, 0x00, 0x7f, 0xe7, 0x00, 
  0x7f, 0xe7, 0x00, 0x7f, 0xe7, 0x00, 0x7f, 0xe7, 0x00, 0x9f, 0xe7, 0x00, 
  0x9f, 0xef, 0x00, 0xbf, 0xef, 0x00, 0xdf, 0xf7, 0x00, 0xff, 0xff, 0x00, 
  0xff, 0xff, 0x00, 0xff, 0xff, 0x00, 0xff, 0xff, 0x00, 0xff, 0xff, 0x00, 
  0xff, 0xff, 0x00, 0xff, 0xff, 0x00, 0xff, 0xff, 0x00, 0xff, 0xff, 0x00, 
  0xff, 0xff, 0x00, 0xff, 0xff, 0x00, 0xff, 0xff, 0x00, 0xff, 0xff, 0x00, 
  0xff, 0xff, 0x00, 0xff, 0xff, 0x00, 0xff, 0xff, 0x00, 0xff, 0xff, 0x00, 
  0xdf, 0xf7, 0x00, 0xdf, 0xe7, 0x00, 0xbf, 0xcf, 0x00, 0x9f, 0xbf, 0x00, 
  0x7f, 0xb7, 0x00, 0x7f, 0xaf, 0x00, 0x7f, 0xaf, 0x00, 0x7f, 0xaf, 0x00, 
  0x7f, 0xa7, 0x00, 0x7f, 0xaf, 0x00, 0x7f, 0xaf, 0x00, 0x5f, 0xa7, 0x00, 
  0x7f, 0xa7, 0x00, 0x7f, 0xaf, 0x00, 0x7f, 0xa7, 0x00, 0x7f, 0xa7, 0x00, 
  0x7f, 0xaf, 0x00, 0x7f, 0xaf, 0x00, 0x7f, 0xaf, 0x00, 0x7f, 0xaf, 0x00, 
  0x7f, 0xaf, 0x00, 0x7f, 0xaf, 0x00, 0x7f, 0xaf, 0x00, 0x7f, 0xaf, 0x00, 
  0x7f, 0xaf, 0x00, 0x7f, 0xaf, 0x00, 0x7f, 0xaf, 0x00, 0x5f, 0xaf, 0x00, 
  0x7f, 0xaf, 0x00, 0x5f, 0xaf, 0x00, 0x5f, 0xaf, 0x00, 0x5f, 0xaf, 0x00, 
  0x5f, 0xaf, 0x00, 0x5f, 0xaf, 0x00, 0x5f, 0xaf, 0x00, 0x5f, 0xaf, 0x00, 
  0x5f, 0xaf, 0x00, 0x5f, 0xaf, 0x00, 0x5f, 0xaf, 0x00, 0x5f, 0xaf, 0x00, 
  0x5f, 0xaf, 0x00, 0x5f, 0xaf, 0x00, 0x5f, 0xaf, 0x00, 0x5f, 0xaf, 0x00, 
  0x5f, 0xaf, 0x00, 0x5f, 0xaf, 0x00, 0x5f, 0xaf, 0x00, 0x5f, 0xaf, 0x00, 
  0x5f, 0xb7, 0x00, 0x5f, 0xb7, 0x00, 0x3f, 0xb7, 0x00, 0x5f, 0xb7, 0x00, 
  0x3f, 0xb7, 0x00, 0x3f, 0xb7, 0x00, 0x3f, 0xb7, 0x00, 0x5f, 0xb7, 0x00, 
  0x3f, 0xb7, 0x00, 0x3f, 0xb7, 0x00, 0x3f, 0xb7, 0x00, 0x3f, 0xb7, 0x00, 
  0x3f, 0xb7, 0x00, 0x3f, 0xb7, 0x00, 0x3f, 0xb7, 0x00, 0x3f, 0xb7, 0x00, 
  0x3f, 0xb7, 0x00, 0x3f, 0xb7, 0x00, 0x3f, 0xb7, 0x00, 0x3f, 0xb7, 0x00, 
  0x3f, 0xb7, 0x00, 0x3f, 0xb7, 0x00, 0x3f, 0xb7, 0x00, 0x3f, 0xb7, 0x00, 
  0x3f, 0xb7, 0x00, 0x3f, 0xb7, 0x00, 0x1f, 0xb7, 0x00, 0x3f, 0xb7, 0x00, 
  0x3f, 0xb7, 0x00, 0x3f, 0xbf, 0x00, 0x1f, 0xb7, 0x00, 0x1f, 0xb7, 0x00, 
  0x1f, 0xb7, 0x00, 0x1f, 0xb7, 0x00, 0x1f, 0xbf, 0x00, 0x1f, 0xbf, 0x00, 
  0x1f, 0xbf, 0x00, 0x1f, 0xbf, 0x00, 0x1f, 0xbf, 0x00, 0x1f, 0xbf, 0x00, 
  0x1f, 0xbf, 0x00, 0x1f, 0xbf, 0x00, 0x1f, 0xbf, 0x00, 0x1f, 0xbf, 0x00, 
  0x1f, 0xbf, 0x00, 0x1f, 0xbf, 0x00, 0x1f, 0xbf, 0x00, 0x1f, 0xbf, 0x00, 
  0x1f, 0xbf, 0x00, 0x1f, 0xbf, 0x00, 0x1f, 0xbf, 0x00, 0x1f, 0xbf, 0x00, 
  0xff, 0xbe, 0x00, 0xff, 0xbe, 0x00, 0xff, 0xc6, 0x00, 0xff, 0xc6, 0x00, 
  0xff, 0xc6, 0x00, 0xff, 0xc6, 0x00, 0xff, 0xc6, 0x00, 0xff, 0xc6, 0x00, 
  0x1f, 0xc7, 0x00, 0xff, 0xc6, 0x00, 0xff, 0xc6, 0x00, 0xff, 0xc6, 0x00, 
  0xff, 0xc6, 0x00, 0xff, 0xc6, 0x00, 0xff, 0xc6, 0x00, 0xff, 0xc6, 0x00, 
  0xff, 0xc6, 0x00, 0xff, 0xc6, 0x00, 0xff, 0xce, 0x00, 0x1f, 0xcf, 0x00, 
  0x1f, 0xd7, 0x00, 0x5f, 0xdf, 0x00, 0x7f, 0xe7, 0x00, 0xbf, 0xf7, 0x00, 
  0xdf, 0xff, 0x00, 0xff, 0xff, 0x00, 0xff, 0xff, 0x00, 0xff, 0xff, 0x00, 
  0xff, 0xff, 0x00, 0xff, 0xff, 0x00, 0xff, 0xff, 0x00, 0xff, 0xff, 0x00, 
  0xff, 0xff, 0x00, 0xff, 0xff, 0x00, 0xff, 0xff, 0x00, 0xff, 0xff, 0x00, 
  0xff, 0xff, 0x00, 0xff, 0xff, 0x00, 0xff, 0xff, 0x00, 0xff, 0xf7, 0x00, 
  0xbf, 0xdf, 0x00, 0x9f, 0xc7, 0x00, 0x5f, 0xa7, 0x00, 0x5f, 0x97, 0x00, 
  0x3f, 0x87, 0xff, 0x3f, 0x7f, 0xff, 0x3f, 0x7f, 0xff, 0x3f, 0x7f, 0xff, 
  0x3f, 0x7f, 0xff, 0x3f, 0x7f, 0xff, 0x3f, 0x7f, 0xff, 0x3f, 0x7f, 0xff, 
  0x3f, 0x7f, 0xff, 0x3f, 0x7f, 0xff, 0x3f, 0x7f, 0xff, 0x3f, 0x7f, 0xff, 
  0x3f, 0x87, 0xff, 0x1f, 0x7f, 0xff, 0x1f, 0x7f, 0xff, 0x1f, 0x87, 0xff, 
  0x1f, 0x7f, 0xff, 0x1f, 0x7f, 0xff, 0x1f, 0x87, 0xff, 0x1f, 0x87, 0xff, 
  0x3f, 0x87, 0xff, 0x1f, 0x87, 0xff, 0x1f, 0x87, 0xff, 0x1f, 0x87, 0xff, 
  0x1f, 0x87, 0xff, 0x1f, 0x87, 0xff, 0x1f, 0x87, 0xff, 0x1f, 0x87, 0xff, 
  0x1f, 0x87, 0xff, 0x1f, 0x87, 0xff, 0x1f, 0x87, 0xff, 0x1f, 0x87, 0xff, 
  0xff, 0x86, 0xff, 0x1f, 0x8f, 0xff, 0x1f, 0x8f, 0xff, 0x1f, 0x87, 0xff, 
  0x1f, 0x87, 0xff, 0x1f, 0x87, 0xff, 0xff, 0x8e, 0xff, 0xff, 0x8e, 0xff, 
  0xff, 0x8e, 0xff, 0xff, 0x8e, 0xff, 0xff, 0x8e, 0xff, 0xff, 0x8e, 0xff, 
  0xff, 0x8e, 0xff, 0xff, 0x8e, 0xff, 0xff, 0x8e, 0xff, 0xff, 0x8e, 0xff, 
  0xff, 0x8e, 0xff, 0xff, 0x8e, 0xff, 0xff, 0x8e, 0xff, 0xff, 0x8e, 0xff, 
  0xff, 0x8e, 0xff, 0xff, 0x8e, 0xff, 0xff, 0x8e, 0xff, 0xff, 0x8e, 0xff, 
  0xff, 0x96, 0xff, 0xff, 0x8e, 0xff, 0xff, 0x8e, 0xff, 0xdf, 0x8e, 0xff, 
  0xdf, 0x96, 0xff, 0xdf, 0x96, 0xff, 0xdf, 0x96, 0xff, 0xdf, 0x96, 0xff, 
  0xdf, 0x96, 0xff, 0xdf, 0x96, 0xff, 0xdf, 0x96, 0xff, 0xdf, 0x96, 0xff, 
  0xdf, 0x96, 0xff, 0xdf, 0x96, 0xff, 0xdf, 0x96, 0xff, 0xdf, 0x96, 0xff, 
  0xbf, 0x96, 0xff, 0xbf, 0x96, 0xff, 0xbf, 0x96, 0xff, 0xbf, 0x96, 0xff, 
  0xbf, 0x96, 0xff, 0xbf, 0x96, 0xff, 0xbf, 0x9e, 0xff, 0xbf, 0x96, 0xff, 
  0xbf, 0x9e, 0xff, 0xbf, 0x9e, 0xff, 0xbf, 0x9e, 0xff, 0xbf, 0x9e, 0xff, 
  0xbf, 0x9e, 0xff, 0xbf, 0x9e, 0xff, 0xbf, 0x9e, 0xff, 0xbf, 0x9e, 0xff, 
  0xbf, 0x9e, 0xff, 0xbf, 0x9e, 0xff, 0x9f, 0x9e, 0xff, 0xbf, 0xa6, 0xff, 
  0x9f, 0x9e, 0xff, 0x9f, 0xa6, 0xff, 0x9f, 0xa6, 0xff, 0x9f, 0xa6, 0xff, 
  0x9f, 0xa6, 0xff, 0x9f, 0xa6, 0xff, 0x9f, 0xa6, 0xff, 0x9f, 0xa6, 0xff, 
  0x9f, 0xa6, 0xff, 0x9f, 0xa6, 0x00, 0x9f, 0xa6, 0x00, 0x9f, 0xa6, 0x00, 
  0x9f, 0xa6, 0x00, 0x9f, 0xae, 0x00, 0x9f, 0xae, 0x00, 0x9f, 0xae, 0x00, 
  0x9f, 0xae, 0x00, 0x9f, 0xae, 0x00, 0x7f, 0xae, 0x00, 0x7f, 0xae, 0x00, 
  0x7f, 0xae, 0x00, 0x7f, 0xae, 0x00, 0x7f, 0xae, 0x00, 0x9f, 0xb6, 0x00, 
  0x9f, 0xb6, 0x00, 0xdf, 0xc6, 0x00, 0xff, 0xce, 0x00, 0x7f, 0xe7, 0x00, 
  0xbf, 0xf7, 0x00, 0xdf, 0xff, 0x00, 0xff, 0xff, 0x00, 0xff, 0xff, 0x00, 
  0xff, 0xff, 0x00, 0xff, 0xff, 0x00, 0xff, 0xff, 0x00, 0xff, 0xff, 0x00, 
  0xff, 0xff, 0x00, 0xff, 0xff, 0x00, 0xff, 0xff, 0x00, 0xff, 0xff, 0x00, 
  0xff, 0xff, 0x00, 0xff, 0xff, 0x00, 0xff, 0xf7, 0x00, 0xdf, 0xe7, 0x00, 
  0x9f, 0xc7, 0x00, 0x5f, 0x9f, 0x00, 0x3f, 0x87, 0xff, 0x1f, 0x77, 0xff, 
  0x1f, 0x6f, 0xff, 0x1f, 0x6f, 0xff, 0x1f, 0x6f, 0xff, 0x1f, 0x6f, 0xff, 
  0x1f, 0x6f, 0xff, 0x1f, 0x6f, 0xff, 0x1f, 0x6f, 0xff, 0x1f, 0x6f, 0xff, 
  0x1f, 0x6f, 0xff, 0x1f, 0x6f, 0xff, 0x1f, 0x6f, 0xff, 0x1f, 0x6f, 0xff, 
  0x1f, 0x6f, 0xff, 0xff, 0x6e, 0xff, 0xff, 0x6e, 0xff, 0x1f, 0x6f, 0xff, 
  0x1f, 0x6f, 0xff, 0xff, 0x76, 0xff, 0xff, 0x76, 0xff, 0xff, 0x76, 0xff, 
  0xff, 0x76, 0xff, 0xff, 0x76, 0xff, 0xff, 0x76, 0xff, 0xff, 0x76, 0xff, 
  0xff, 0x76, 0xff, 0xff, 0x76, 0xff, 0xff, 0x76, 0xff, 0xff, 0x76, 0xff, 
  0xff, 0x76, 0xff, 0xff, 0x76, 0xff, 0xff, 0x76, 0xff, 0xff, 0x76, 0xff, 
  0xff, 0x76, 0xff, 0xff, 0x76, 0xff, 0xff, 0x76, 0xff, 0xff, 0x76, 0xff, 
  0xff, 0x76, 0xff, 0xdf, 0x76, 0xff, 0xdf, 0x76, 0xff, 0xdf, 0x76, 0xff, 
  0xdf, 0x76, 0xff, 0xdf, 0x7e, 0xff, 0xdf, 0x7e, 0xff, 0xdf, 0x7e, 0xff, 
  0xdf, 0x7e, 0xff, 0xdf, 0x7e, 0xff, 0xdf, 0x7e, 0xff, 0xdf, 0x7e, 0xff, 
  0xdf, 0x7e, 0xff, 0xdf, 0x7e, 0xff, 0xdf, 0x7e, 0xff, 0xdf, 0x7e, 0xff, 
  0xdf, 0x7e, 0xff, 0xdf, 0x7e, 0xff, 0xbf, 0x86, 0xff, 0xbf, 0x86, 0xff, 
  0xbf, 0x86, 0xff, 0xbf, 0x86, 0xff, 0xbf, 0x86, 0xff, 0xbf, 0x86, 0xff, 
  0xbf, 0x86, 0xff, 0xbf, 0x86, 0xff, 0xbf, 0x86, 0xff, 0xbf, 0x86, 0xff, 
  0xbf, 0x86, 0xff, 0xbf, 0x86, 0xff, 0xbf, 0x86, 0xff, 0xbf, 0x86, 0xff, 
  0xbf, 0x86, 0xff, 0xbf, 0x86, 0xff, 0x9f, 0x8e, 0xff, 0x9f, 0x8e, 0xff, 
  0x9f, 0x86, 0xff, 0x9f, 0x8e, 0xff, 0x9f, 0x8e, 0xff, 0x9f, 0x8e, 0xff, 
  0x9f, 0x8e, 0xff, 0x9f, 0x8e, 0xff, 0x9f, 0x8e, 0xff, 0x9f, 0x8e, 0xff, 
  0x9f, 0x8e, 0xff, 0x7f, 0x8e, 0xff, 0x7f, 0x8e, 0xff, 0x7f, 0x8e, 0xff, 
  0x7f, 0x8e, 0xff, 0x7f, 0x8e, 0xff, 0x7f, 0x96, 0xff, 0x7f, 0x96, 0xff, 
  0x7f, 0x96, 0xff, 0x7f, 0x96, 0xff, 0x7f, 0x96, 0xff, 0x7f, 0x96, 0xff, 
  0x7f, 0x96, 0xff, 0x7f, 0x96, 0xff, 0x7f, 0x96, 0xff, 0x5f, 0x96, 0xff, 
  0x7f, 0x9e, 0xff, 0x5f, 0x9e, 0xff, 0x5f, 0x9e, 0xff, 0x7f, 0x9e, 0xff, 
  0x7f, 0x9e, 0xff, 0x7f, 0x9e, 0xff, 0x7f, 0x9e, 0xff, 0x5f, 0x9e, 0xff, 
  0x5f, 0x9e, 0xff, 0x5f, 0x9e, 0xff, 0x5f, 0x9e, 0xff, 0x5f, 0x9e, 0xff, 
  0x5f, 0x9e, 0xff, 0x5f, 0xa6, 0xff, 0x5f, 0xa6, 0xff, 0x5f, 0xa6, 0xff, 
  0x5f, 0xa6, 0xff, 0x5f, 0xa6, 0xff, 0x5f, 0xa6, 0xff, 0x5f, 0xa6, 0xff, 
  0x5f, 0xae, 0xff, 0x7f, 0xae, 0xff, 0x9f, 0xbe, 0x00, 0x1f, 0xcf, 0x00, 
  0x7f, 0xe7, 0x00, 0xdf, 0xf7, 0x00, 0xff, 0xff, 0x00, 0xff, 0xff, 0x00, 
  0xff, 0xff, 0x00, 0xff, 0xff, 0x00, 0xff, 0xff, 0x00, 0xff, 0xff, 0x00, 
  0xff, 0xff, 0x00, 0xff, 0xff, 0x00, 0xff, 0xff, 0x00, 0xff, 0xff, 0x00, 
  0xff, 0xff, 0x00, 0xff, 0xff, 0x00, 0xdf, 0xf7, 0x00, 0xbf, 0xd7, 0x00, 
  0x7f, 0xaf, 0x00, 0x3f, 0x87, 0xff, 0x1f, 0x77, 0xff, 0x1f, 0x6f, 0xff, 
  0x1f, 0x67, 0xff, 0x1f, 0x67, 0xff, 0x1f, 0x67, 0xff, 0x1f, 0x67, 0xff, 
  0x1f, 0x67, 0xff, 0x1f, 0x67, 0xff, 0x1f, 0x67, 0xff, 0x1f, 0x6f, 0xff, 
  0x1f, 0x6f, 0xff, 0x1f, 0x6f, 0xff, 0x1f, 0x6f, 0xff, 0xff, 0x6e, 0xff, 
  0xff, 0x6e, 0xff, 0xff, 0x6e, 0xff, 0x1f, 0x6f, 0xff, 0x1f, 0x6f, 0xff, 
  0xff, 0x6e, 0xff, 0xff, 0x76, 0xff, 0xff, 0x76, 0xff, 0xff, 0x6e, 0xff, 
  0xff, 0x6e, 0xff, 0xff, 0x6e, 0xff, 0xff, 0x6e, 0xff, 0xff, 0x76, 0xff, 
  0xff, 0x76, 0xff, 0xff, 0x76, 0xff, 0xff, 0x76, 0xff, 0xff, 0x76, 0xff, 
  0xff, 0x76, 0xff, 0xff, 0x76, 0xff, 0xff, 0x76, 0xff, 0xff, 0x76, 0xff, 
  0xff, 0x76, 0xff, 0xff, 0x76, 0xff, 0xdf, 0x76, 0xff, 0xdf, 0x76, 0xff, 
  0xdf, 0x76, 0xff, 0xdf, 0x76, 0xff, 0xdf, 0x76, 0xff, 0xdf, 0x76, 0xff, 
  0xdf, 0x7e, 0xff, 0xdf, 0x7e, 0xff, 0xdf, 0x7e, 0xff, 0xdf, 0x7e, 0xff, 
  0xdf, 0x7e, 0xff, 0xdf, 0x7e, 0xff, 0xdf, 0x7e, 0xff, 0xdf, 0x7e, 0xff, 
  0xdf, 0x7e, 0xff, 0xdf, 0x7e, 0xff, 0xdf, 0x7e, 0xff, 0xdf, 0x7e, 0xff, 
  0xdf, 0x7e, 0xff, 0xbf, 0x7e, 0xff, 0xbf, 0x86, 0xff, 0xbf, 0x86, 0xff, 
  0xbf, 0x86, 0xff, 0xbf, 0x7e, 0xff, 0xbf, 0x7e, 0xff, 0xbf, 0x86, 0xff, 
  0xbf, 0x86, 0xff, 0xbf, 0x86, 0xff, 0xbf, 0x86, 0xff, 0xbf, 0x86, 0xff, 
  0xbf, 0x86, 0xff, 0xbf, 0x86, 0xff, 0xbf, 0x86, 0xff, 0xbf, 0x86, 0xff, 
  0xbf, 0x86, 0xff, 0x9f, 0x86, 0xff, 0x9f, 0x86, 0xff, 0x9f, 0x86, 0xff, 
  0x9f, 0x8e, 0xff, 0x9f, 0x8e, 0xff, 0x9f, 0x8e, 0xff, 0x9f, 0x8e, 0xff, 
  0x9f, 0x8e, 0xff, 0x9f, 0x8e, 0xff, 0x9f, 0x8e, 0xff, 0x7f, 0x8e, 0xff, 
  0x7f, 0x8e, 0xff, 0x7f, 0x8e, 0xff, 0x7f, 0x8e, 0xff, 0x7f, 0x8e, 0xff, 
  0x7f, 0x8e, 0xff, 0x7f, 0x96, 0xff, 0x7f, 0x96, 0xff, 0x7f, 0x96, 0xff, 
  0x7f, 0x96, 0xff, 0x7f, 0x96, 0xff, 0x7f, 0x96, 0xff, 0x7f, 0x96, 0xff, 
  0x7f, 0x96, 0xff, 0x7f, 0x96, 0xff, 0x5f, 0x96, 0xff, 0x7f, 0x96, 0xff, 
  0x5f, 0x9e, 0xff, 0x5f, 0x9e, 0xff, 0x7f, 0x96, 0xff, 0x7f, 0x96, 0xff, 
  0x7f, 0x96, 0xff, 0x5f, 0x9e, 0xff, 0x5f, 0x9e, 0xff, 0x5f, 0x9e, 0xff, 
  0x5f, 0x9e, 0xff, 0x5f, 0x9e, 0xff, 0x5f, 0x9e, 0xff, 0x5f, 0x9e, 0xff, 
  0x5f, 0x9e, 0xff, 0x5f, 0xa6, 0xff, 0x5f, 0xa6, 0xff, 0x5f, 0xa6, 0xff, 
  0x5f, 0xa6, 0xff, 0x5f, 0xa6, 0xff, 0x5f, 0xa6, 0xff, 0x5f, 0xa6, 0xff, 
  0x3f, 0xa6, 0xff, 0x5f, 0xae, 0xff, 0x7f, 0xae, 0xff, 0xbf, 0xbe, 0x00, 
  0x3f, 0xdf, 0x00, 0xbf, 0xef, 0x00, 0xff, 0xff, 0x00, 0xff, 0xff, 0x00, 
  0xff, 0xff, 0x00, 0xff, 0xff, 0x00, 0xff, 0xff, 0x00, 0xff, 0xff, 0x00, 
  0xff, 0xff, 0x00, 0xff, 0xff, 0x00, 0xff, 0xff, 0x00, 0xff, 0xff, 0x00, 
  0xff, 0xff, 0x00, 0xff, 0xff, 0x00, 0xdf, 0xef, 0x00, 0x9f, 0xcf, 0x00, 
  0x5f, 0x9f, 0x00, 0x3f, 0x7f, 0xff, 0x1f, 0x6f, 0xff, 0x1f, 0x67, 0xff, 
  0x1f, 0x67, 0xff, 0x1f, 0x67, 0xff, 0x1f, 0x67, 0xff, 0x1f, 0x67, 0xff, 
  0x1f, 0x67, 0xff, 0x1f, 0x67, 0xff, 0x1f, 0x6f, 0xff, 0x1f, 0x6f, 0xff, 
  0x1f, 0x6f, 0xff, 0x1f, 0x6f, 0xff, 0x1f, 0x6f, 0xff, 0xff, 0x6e, 0xff, 
  0xff, 0x6e, 0xff, 0x1f, 0x6f, 0xff, 0x1f, 0x6f, 0xff, 0xff, 0x6e, 0xff, 
  0xff, 0x76, 0xff, 0xff, 0x76, 0xff, 0xff, 0x6e, 0xff, 0xff, 0x6e, 0xff, 
  0xff, 0x6e, 0xff, 0xff, 0x6e, 0xff, 0xff, 0x76, 0xff, 0xff, 0x76, 0xff, 
  0xff, 0x76, 0xff, 0xff, 0x76, 0xff, 0xff, 0x76, 0xff, 0xff, 0x76, 0xff, 
  0xff, 0x76, 0xff, 0xff, 0x76, 0xff, 0xff, 0x76, 0xff, 0xff, 0x76, 0xff, 
  0xff, 0x76, 0xff, 0xff, 0x76, 0xff, 0xdf, 0x76, 0xff, 0xdf, 0x76, 0xff, 
  0xdf, 0x76, 0xff, 0xdf, 0x76, 0xff, 0xdf, 0x76, 0xff, 0xdf, 0x7e, 0xff, 
  0xdf, 0x7e, 0xff, 0xdf, 0x7e, 0xff, 0xdf, 0x7e, 0xff, 0xdf, 0x7e, 0xff, 
  0xdf, 0x7e, 0xff, 0xdf, 0x7e, 0xff, 0xdf, 0x7e, 0xff, 0xdf, 0x7e, 0xff, 
  0xdf, 0x7e, 0xff, 0xdf, 0x7e, 0xff, 0xdf, 0x7e, 0xff, 0xdf, 0x7e, 0xff, 
  0xbf, 0x7e, 0xff, 0xbf, 0x86, 0xff, 0xbf, 0x86, 0xff, 0xbf, 0x86, 0xff, 
  0xbf, 0x7e, 0xff, 0xbf, 0x7e, 0xff, 0xbf, 0x86, 0xff, 0xbf, 0x86, 0xff, 
  0xbf, 0x86, 0xff, 0xbf, 0x86, 0xff, 0xbf, 0x86, 0xff, 0xbf, 0x86, 0xff, 
  0xbf, 0x86, 0xff, 0xbf, 0x86, 0xff, 0xbf, 0x86, 0xff, 0xbf, 0x86, 0xff, 
  0x9f, 0x86, 0xff, 0x9f, 0x86, 0xff, 0x9f, 0x86, 0xff, 0x9f, 0x8e, 0xff, 
  0x9f, 0x8e, 0xff, 0x9f, 0x8e, 0xff, 0x9f, 0x8e, 0xff, 0x9f, 0x8e, 0xff, 
  0x9f, 0x8e, 0xff, 0x9f, 0x8e, 0xff, 0x7f, 0x8e, 0xff, 0x7f, 0x8e, 0xff, 
  0x7f, 0x8e, 0xff, 0x7f, 0x8e, 0xff, 0x7f, 0x8e, 0xff, 0x7f, 0x8e, 0xff, 
  0x7f, 0x96, 0xff, 0x7f, 0x96, 0xff, 0x7f, 0x96, 0xff, 0x7f, 0x96, 0xff, 
  0x7f, 0x96, 0xff, 0x7f, 0x96, 0xff, 0x7f, 0x96, 0xff, 0x7f, 0x96, 0xff, 
  0x7f, 0x96, 0xff, 0x5f, 0x96, 0xff, 0x7f, 0x96, 0xff, 0x5f, 0x9e, 0xff, 
  0x5f, 0x9e, 0xff, 0x7f, 0x96, 0xff, 0x7f, 0x96, 0xff, 0x7f, 0x96, 0xff, 
  0x5f, 0x9e, 0xff, 0x5f, 0x9e, 0xff, 0x5f, 0x9e, 0xff, 0x5f, 0x9e, 0xff, 
  0x5f, 0x9e, 0xff, 0x5f, 0x9e, 0xff, 0x5f, 0x9e, 0xff, 0x5f, 0x9e, 0xff, 
  0x5f, 0xa6, 0xff, 0x5f, 0xa6, 0xff, 0x5f, 0xa6, 0xff, 0x5f, 0xa6, 0xff, 
  0x5f, 0xa6, 0xff, 0x5f, 0xa6, 0xff, 0x5f, 0xa6, 0xff, 0x3f, 0xa6, 0xff, 
  0x3f, 0xa6, 0xff, 0x3f, 0xae, 0xff, 0x5f, 0xae, 0xff, 0x9f, 0xb6, 0x00, 
  0x1f, 0xd7, 0x00, 0x9f, 0xef, 0x00, 0xdf, 0xff, 0x00, 0xff, 0xff, 0x00, 
  0xff, 0xff, 0x00, 0xff, 0xff, 0x00, 0xff, 0xff, 0x00, 0xff, 0xff, 0x00, 
  0xff, 0xff, 0x00, 0xff, 0xff, 0x00, 0xff, 0xff, 0x00, 0xff, 0xff, 0x00, 
  0xff, 0xff, 0x00, 0xff, 0xff, 0x00, 0xdf, 0xe7, 0x00, 0x9f, 0xc7, 0x00, 
  0x5f, 0x97, 0x00, 0x1f, 0x77, 0xff, 0x1f, 0x67, 0xff, 0x1f, 0x67, 0xff, 
  0x1f, 0x67, 0xff, 0x1f, 0x67, 0xff, 0x1f, 0x67, 0xff, 0x1f, 0x67, 0xff, 
  0x1f, 0x6f, 0xff, 0x1f, 0x6f, 0xff, 0x1f, 0x6f, 0xff, 0x1f, 0x6f, 0xff, 
  0x1f, 0x6f, 0xff, 0x1f, 0x6f, 0xff, 0xff, 0x6e, 0xff, 0xff, 0x6e, 0xff, 
  0x1f, 0x6f, 0xff, 0x1f, 0x6f, 0xff, 0xff, 0x6e, 0xff, 0xff, 0x76, 0xff, 
  0xff, 0x76, 0xff, 0xff, 0x6e, 0xff, 0xff, 0x6e, 0xff, 0xff, 0x6e, 0xff, 
  0xff, 0x6e, 0xff, 0xff, 0x76, 0xff, 0xff, 0x76, 0xff, 0xff, 0x76, 0xff, 
  0xff, 0x76, 0xff, 0xff, 0x76, 0xff, 0xff, 0x76, 0xff, 0xff, 0x76, 0xff, 
  0xff, 0x76, 0xff, 0xff, 0x76, 0xff, 0xff, 0x76, 0xff, 0xff, 0x76, 0xff, 
  0xff, 0x76, 0xff, 0xdf, 0x76, 0xff, 0xdf, 0x76, 0xff, 0xdf, 0x76, 0xff, 
  0xdf, 0x76, 0xff, 0xdf, 0x76, 0xff, 0xdf, 0x7e, 0xff, 0xdf, 0x7e, 0xff, 
  0xdf, 0x7e, 0xff, 0xdf, 0x7e, 0xff, 0xdf, 0x7e, 0xff, 0xdf, 0x7e, 0xff, 
  0xdf, 0x7e, 0xff, 0xdf, 0x7e, 0xff, 0xdf, 0x7e, 0xff, 0xdf, 0x7e, 0xff, 
  0xdf, 0x7e, 0xff, 0xdf, 0x7e, 0xff, 0xdf, 0x7e, 0xff, 0xbf, 0x7e, 0xff, 
  0xbf, 0x86, 0xff, 0xbf, 0x86, 0xff, 0xbf, 0x86, 0xff, 0xbf, 0x7e, 0xff, 
  0xbf, 0x7e, 0xff, 0xbf, 0x86, 0xff, 0xbf, 0x86, 0xff, 0xbf, 0x86, 0xff, 
  0xbf, 0x86, 0xff, 0xbf, 0x86, 0xff, 0xbf, 0x86, 0xff, 0xbf, 0x86, 0xff, 
  0xbf, 0x86, 0xff, 0xbf, 0x86, 0xff, 0xbf, 0x86, 0xff, 0x9f, 0x86, 0xff, 
  0x9f, 0x86, 0xff, 0x9f, 0x86, 0xff, 0x9f, 0x8e, 0xff, 0x9f, 0x8e, 0xff, 
  0x9f, 0x8e, 0xff, 0x9f, 0x8e, 0xff, 0x9f, 0x8e, 0xff, 0x9f, 0x8e, 0xff, 
  0x9f, 0x8e, 0xff, 0x7f, 0x8e, 0xff, 0x7f, 0x8e, 0xff, 0x7f, 0x8e, 0xff, 
  0x7f, 0x8e, 0xff, 0x7f, 0x8e, 0xff, 0x7f, 0x8e, 0xff, 0x7f, 0x96, 0xff, 
  0x7f, 0x96, 0xff, 0x7f, 0x96, 0xff, 0x7f, 0x96, 0xff, 0x7f, 0x96, 0xff, 
  0x7f, 0x96, 0xff, 0x7f, 0x96, 0xff, 0x7f, 0x96, 0xff, 0x7f, 0x96, 0xff, 
  0x5f, 0x96, 0xff, 0x7f, 0x96, 0xff, 0x5f, 0x9e, 0xff, 0x5f, 0x9e, 0xff, 
  0x7f, 0x96, 0xff, 0x7f, 0x96, 0xff, 0x7f, 0x96, 0xff, 0x5f, 0x9e, 0xff, 
  0x5f, 0x9e, 0xff, 0x5f, 0x9e, 0xff, 0x5f, 0x9e, 0xff, 0x5f, 0x9e, 0xff, 
  0x5f, 0x9e, 0xff, 0x5f, 0x9e, 0xff, 0x5f, 0x9e, 0xff, 0x5f, 0xa6, 0xff, 
  0x5f, 0xa6, 0xff, 0x5f, 0xa6, 0xff, 0x5f, 0xa6, 0xff, 0x5f, 0xa6, 0xff, 
  0x5f, 0xa6, 0xff, 0x5f, 0xa6, 0xff, 0x3f, 0xa6, 0xff, 0x3f, 0xa6, 0xff, 
  0x3f, 0xae, 0xff, 0x3f, 0xae, 0xff, 0x5f, 0xae, 0xff, 0x7f, 0xb6, 0x00, 
  0xff, 0xce, 0x00, 0x7f, 0xe7, 0x00, 0xdf, 0xf7, 0x00, 0xff, 0xff, 0x00, 
  0xff, 0xff, 0x00, 0xff, 0xff, 0x00, 0xff, 0xff, 0x00, 0xff, 0xff, 0x00, 
  0xff, 0xff, 0x00, 0xff, 0xff, 0x00, 0xff, 0xff, 0x00, 0xff, 0xff, 0x00, 
  0xff, 0xff, 0x00, 0xff, 0xf7, 0x00, 0xdf, 0xe7, 0x00, 0x9f, 0xbf, 0x00, 
  0x5f, 0x97, 0x00, 0x1f, 0x6f, 0xff, 0x1f, 0x67, 0xff, 0x1f, 0x67, 0xff, 
  0x1f, 0x67, 0xff, 0x1f, 0x67, 0xff, 0x1f, 0x67, 0xff, 0x1f, 0x67, 0xff, 
  0x1f, 0x6f, 0xff, 0x1f, 0x6f, 0xff, 0x1f, 0x6f, 0xff, 0x1f, 0x6f, 0xff, 
  0x1f, 0x6f, 0xff, 0xff, 0x6e, 0xff, 0xff, 0x6e, 0xff, 0x1f, 0x6f, 0xff, 
  0x1f, 0x6f, 0xff, 0xff, 0x6e, 0xff, 0xff, 0x76, 0xff, 0xff, 0x76, 0xff, 
  0xff, 0x6e, 0xff, 0xff, 0x6e, 0xff, 0xff, 0x6e, 0xff, 0xff, 0x6e, 0xff, 
  0xff, 0x76, 0xff, 0xff, 0x76, 0xff, 0xff, 0x76, 0xff, 0xff, 0x76, 0xff, 
  0xff, 0x76, 0xff, 0xff, 0x76, 0xff, 0xff, 0x76, 0xff, 0xff, 0x76, 0xff, 
  0xff, 0x76, 0xff, 0xff, 0x76, 0xff, 0xff, 0x76, 0xff, 0xff, 0x76, 0xff, 
  0xdf, 0x76, 0xff, 0xdf, 0x76, 0xff, 0xdf, 0x76, 0xff, 0xdf, 0x76, 0xff, 
  0xdf, 0x76, 0xff, 0xdf, 0x76, 0xff, 0xdf, 0x7e, 0xff, 0xdf, 0x7e, 0xff, 
  0xdf, 0x7e, 0xff, 0xdf, 0x7e, 0xff, 0xdf, 0x7e, 0xff, 0xdf, 0x7e, 0xff, 
  0xdf, 0x7e, 0xff, 0xdf, 0x7e, 0xff, 0xdf, 0x7e, 0xff, 0xdf, 0x7e, 0xff, 
  0xdf, 0x7e, 0xff, 0xdf, 0x7e, 0xff, 0xbf, 0x7e, 0xff, 0xbf, 0x86, 0xff, 
  0xbf, 0x86, 0xff, 0xbf, 0x86, 0xff, 0xbf, 0x7e, 0xff, 0xbf, 0x7e, 0xff, 
  0xbf, 0x86, 0xff, 0xbf, 0x86, 0xff, 0xbf, 0x86, 0xff, 0xbf, 0x86, 0xff, 
  0xbf, 0x86, 0xff, 0xbf, 0x86, 0xff, 0xbf, 0x86, 0xff, 0xbf, 0x86, 0xff, 
  0xbf, 0x86, 0xff, 0xbf, 0x86, 0xff, 0x9f, 0x86, 0xff, 0x9f, 0x86, 0xff, 
  0x9f, 0x86, 0xff, 0x9f, 0x8e, 0xff, 0x9f, 0x8e, 0xff, 0x9f, 0x8e, 0xff, 
  0x9f, 0x8e, 0xff, 0x9f, 0x8e, 0xff, 0x9f, 0x8e, 0xff, 0x9f, 0x8e, 0xff, 
  0x7f, 0x8e, 0xff, 0x7f, 0x8e, 0xff, 0x7f, 0x8e, 0xff, 0x7f, 0x8e, 0xff, 
  0x7f, 0x8e, 0xff, 0x7f, 0x8e, 0xff, 0x7f, 0x96, 0xff, 0x7f, 0x96, 0xff, 
  0x7f, 0x96, 0xff, 0x7f, 0x96, 0xff, 0x7f, 0x96, 0xff, 0x7f, 0x96, 0xff, 
  0x7f, 0x96, 0xff, 0x7f, 0x96, 0xff, 0x7f, 0x96, 0xff, 0x5f, 0x96, 0xff, 
  0x7f, 0x96, 0xff, 0x5f, 0x9e, 0xff, 0x5f, 0x9e, 0xff, 0x7f, 0x9e, 0xff, 
  0x7f, 0x96, 0xff, 0x7f, 0x96, 0xff, 0x5f, 0x9e, 0xff, 0x5f, 0x9e, 0xff, 
  0x5f, 0x9e, 0xff, 0x5f, 0x9e, 0xff, 0x5f, 0x9e, 0xff, 0x5f, 0x9e, 0xff, 
  0x5f, 0x9e, 0xff, 0x5f, 0x9e, 0xff, 0x5f, 0xa6, 0xff, 0x5f, 0xa6, 0xff, 
  0x5f, 0xa6, 0xff, 0x5f, 0xa6, 0xff, 0x5f, 0xa6, 0xff, 0x5f, 0xa6, 0xff, 
  0x5f, 0xa6, 0xff, 0x3f, 0xa6, 0xff, 0x3f, 0xa6, 0xff, 0x3f, 0xae, 0xff, 
  0x3f, 0xae, 0xff, 0x3f, 0xae, 0xff, 0x5f, 0xa6, 0xff, 0x7f, 0xb6, 0x00, 
  0xdf, 0xce, 0x00, 0x7f, 0xe7, 0x00, 0xdf, 0xf7, 0x00, 0xff, 0xff, 0x00, 
  0xff, 0xff, 0x00, 0xff, 0xff, 0x00, 0xff, 0xff, 0x00, 0xff, 0xff, 0x00, 
  0xff, 0xff, 0x00, 0xff, 0xff, 0x00, 0xff, 0xff, 0x00, 0xff, 0xff, 0x00, 
  0xff, 0xff, 0x00, 0xff, 0xff, 0x00, 0xdf, 0xe7, 0x00, 0x9f, 0xbf, 0x00, 
  0x3f, 0x8f, 0x00, 0x1f, 0x6f, 0xff, 0x1f, 0x67, 0xff, 0x1f, 0x67, 0xff, 
  0x1f, 0x67, 0xff, 0x1f, 0x67, 0xff, 0x1f, 0x67, 0xff, 0x1f, 0x6f, 0xff, 
  0x1f, 0x6f, 0xff, 0x1f, 0x6f, 0xff, 0x1f, 0x6f, 0xff, 0x1f, 0x6f, 0xff, 
  0xff, 0x6e, 0xff, 0xff, 0x6e, 0xff, 0x1f, 0x6f, 0xff, 0x1f, 0x6f, 0xff, 
  0xff, 0x6e, 0xff, 0xff, 0x6e, 0xff, 0xff, 0x76, 0xff, 0xff, 0x6e, 0xff, 
  0xff, 0x6e, 0xff, 0xff, 0x6e, 0xff, 0xff, 0x6e, 0xff, 0xff, 0x76, 0xff, 
  0xff, 0x76, 0xff, 0xff, 0x76, 0xff, 0xff, 0x76, 0xff, 0xff, 0x76, 0xff, 
  0xff, 0x76, 0xff, 0xff, 0x76, 0xff, 0xff, 0x76, 0xff, 0xff, 0x76, 0xff, 
  0xff, 0x76, 0xff, 0xff, 0x76, 0xff, 0xff, 0x76, 0xff, 0xdf, 0x76, 0xff, 
  0xdf, 0x76, 0xff, 0xdf, 0x76, 0xff, 0xdf, 0x76, 0xff, 0xdf, 0x76, 0xff, 
  0xdf, 0x76, 0xff, 0xdf, 0x7e, 0xff, 0xdf, 0x7e, 0xff, 0xdf, 0x7e, 0xff, 
  0xdf, 0x7e, 0xff, 0xdf, 0x7e, 0xff, 0xdf, 0x7e, 0xff, 0xdf, 0x7e, 0xff, 
  0xdf, 0x7e, 0xff, 0xdf, 0x7e, 0xff, 0xdf, 0x7e, 0xff, 0xdf, 0x7e, 0xff, 
  0xdf, 0x7e, 0xff, 0xbf, 0x86, 0xff, 0xbf, 0x86, 0xff, 0xbf, 0x86, 0xff, 
  0xbf, 0x86, 0xff, 0xbf, 0x7e, 0xff, 0xbf, 0x7e, 0xff, 0xbf, 0x86, 0xff, 
  0xbf, 0x86, 0xff, 0xbf, 0x86, 0xff, 0xbf, 0x86, 0xff, 0xbf, 0x86, 0xff, 
  0xbf, 0x86, 0xff, 0xbf, 0x86, 0xff, 0xbf, 0x86, 0xff, 0xbf, 0x86, 0xff, 
  0xbf, 0x86, 0xff, 0x9f, 0x86, 0xff, 0x9f, 0x86, 0xff, 0x9f, 0x86, 0xff, 
  0x9f, 0x8e, 0xff, 0x9f, 0x8e, 0xff, 0x9f, 0x8e, 0xff, 0x9f, 0x8e, 0xff, 
  0x9f, 0x8e, 0xff, 0x9f, 0x8e, 0xff, 0x9f, 0x8e, 0xff, 0x7f, 0x8e, 0xff, 
  0x7f, 0x8e, 0xff, 0x7f, 0x8e, 0xff, 0x7f, 0x8e, 0xff, 0x7f, 0x8e, 0xff, 
  0x7f, 0x8e, 0xff, 0x7f, 0x96, 0xff, 0x7f, 0x96, 0xff, 0x7f, 0x96, 0xff, 
  0x7f, 0x96, 0xff, 0x7f, 0x96, 0xff, 0x7f, 0x96, 0xff, 0x7f, 0x96, 0xff, 
  0x7f, 0x96, 0xff, 0x7f, 0x96, 0xff, 0x5f, 0x96, 0xff, 0x7f, 0x96, 0xff, 
  0x5f, 0x9e, 0xff, 0x5f, 0x9e, 0xff, 0x7f, 0x96, 0xff, 0x7f, 0x96, 0xff, 
  0x7f, 0x96, 0xff, 0x7f, 0x9e, 0xff, 0x5f, 0x9e, 0xff, 0x5f, 0x9e, 0xff, 
  0x5f, 0x9e, 0xff, 0x5f, 0x9e, 0xff, 0x5f, 0x9e, 0xff, 0x5f, 0x9e, 0xff, 
  0x5f, 0x9e, 0xff, 0x5f, 0xa6, 0xff, 0x5f, 0xa6, 0xff, 0x5f, 0xa6, 0xff, 
  0x5f, 0xa6, 0xff, 0x5f, 0xa6, 0xff, 0x5f, 0xa6, 0xff, 0x5f, 0xa6, 0xff, 
  0x3f, 0xa6, 0xff, 0x3f, 0xa6, 0xff, 0x3f, 0xae, 0xff, 0x3f, 0xae, 0xff, 
  0x3f, 0xae, 0xff, 0x5f, 0xa6, 0xff, 0x5f, 0xa6, 0xff, 0x7f, 0xb6, 0x00, 
  0xdf, 0xce, 0x00, 0x7f, 0xe7, 0x00, 0xdf, 0xf7, 0x00, 0xff, 0xff, 0x00, 
  0xff, 0xff, 0x00, 0xff, 0xff, 0x00, 0xff, 0xff, 0x00, 0xff, 0xff, 0x00, 
  0xff, 0xff, 0x00, 0xff, 0xff, 0x00, 0xff, 0xff, 0x00, 0xff, 0xff, 0x00, 
  0xff, 0xff, 0x00, 0xff, 0xf7, 0x00, 0xdf, 0xe7, 0x00, 0x9f, 0xbf, 0x00, 
  0x3f, 0x8f, 0x00, 0x1f, 0x6f, 0xff, 0x1f, 0x67, 0xff, 0x1f, 0x67, 0xff, 
  0x1f, 0x67, 0xff, 0x1f, 0x6f, 0xff, 0x1f, 0x6f, 0xff, 0x1f, 0x6f, 0xff, 
  0x1f, 0x6f, 0xff, 0x1f, 0x6f, 0xff, 0xff, 0x6e, 0xff, 0xff, 0x6e, 0xff, 
  0xff, 0x6e, 0xff, 0x1f, 0x6f, 0xff, 0x1f, 0x6f, 0xff, 0xff, 0x6e, 0xff, 
  0xff, 0x76, 0xff, 0xff, 0x76, 0xff, 0xff, 0x6e, 0xff, 0xff, 0x6e, 0xff, 
  0xff, 0x6e, 0xff, 0xff, 0x6e, 0xff, 0xff, 0x76, 0xff, 0xff, 0x76, 0xff, 
  0xff, 0x76, 0xff, 0xff, 0x76, 0xff, 0xff, 0x76, 0xff, 0xff, 0x76, 0xff, 
  0xff, 0x76, 0xff, 0xff, 0x76, 0xff, 0xff, 0x76, 0xff, 0xff, 0x76, 0xff, 
  0xff, 0x76, 0xff, 0xff, 0x76, 0xff, 0xdf, 0x76, 0xff, 0xdf, 0x76, 0xff, 
  0xdf, 0x76, 0xff, 0xdf, 0x76, 0xff, 0xdf, 0x76, 0xff, 0xdf, 0x7e, 0xff, 
  0xdf, 0x7e, 0xff, 0xdf, 0x7e, 0xff, 0xdf, 0x7e, 0xff, 0xdf, 0x7e, 0xff, 
  0xdf, 0x7e, 0xff, 0xdf, 0x7e, 0xff, 0xdf, 0x7e, 0xff, 0xdf, 0x7e, 0xff, 
  0xdf, 0x7e, 0xff, 0xdf, 0x7e, 0xff, 0xdf, 0x7e, 0xff, 0xdf, 0x7e, 0xff, 
  0xbf, 0x86, 0xff, 0xbf, 0x86, 0xff, 0xbf, 0x86, 0xff, 0xbf, 0x86, 0xff, 
  0xbf, 0x7e, 0xff, 0xbf, 0x7e, 0xff, 0xbf, 0x86, 0xff, 0xbf, 0x86, 0xff, 
  0xbf, 0x86, 0xff, 0xbf, 0x86, 0xff, 0xbf, 0x86, 0xff, 0xbf, 0x86, 0xff, 
  0xbf, 0x86, 0xff, 0xbf, 0x86, 0xff, 0xbf, 0x86, 0xff, 0xbf, 0x86, 0xff, 
  0x9f, 0x86, 0xff, 0x9f, 0x86, 0xff, 0x9f, 0x86, 0xff, 0x9f, 0x8e, 0xff, 
  0x9f, 0x8e, 0xff, 0x9f, 0x8e, 0xff, 0x9f, 0x8e, 0xff, 0x9f, 0x8e, 0xff, 
  0x9f, 0x8e, 0xff, 0x9f, 0x8e, 0xff, 0x7f, 0x8e, 0xff, 0x7f, 0x8e, 0xff, 
  0x7f, 0x8e, 0xff, 0x7f, 0x8e, 0xff, 0x7f, 0x8e, 0xff, 0x7f, 0x8e, 0xff, 
  0x7f, 0x96, 0xff, 0x7f, 0x96, 0xff, 0x7f, 0x96, 0xff, 0x7f, 0x96, 0xff, 
  0x7f, 0x96, 0xff, 0x7f, 0x96, 0xff, 0x7f, 0x96, 0xff, 0x7f, 0x96, 0xff, 
  0x7f, 0x96, 0xff, 0x5f, 0x96, 0xff, 0x7f, 0x96, 0xff, 0x5f, 0x9e, 0xff, 
  0x5f, 0x9e, 0xff, 0x7f, 0x96, 0xff, 0x7f, 0x96, 0xff, 0x7f, 0x96, 0xff, 
  0x5f, 0x9e, 0xff, 0x5f, 0x9e, 0xff, 0x5f, 0x9e, 0xff, 0x5f, 0x9e, 0xff, 
  0x5f, 0x9e, 0xff, 0x5f, 0x9e, 0xff, 0x5f, 0x9e, 0xff, 0x5f, 0x9e, 0xff, 
  0x5f, 0xa6, 0xff, 0x5f, 0xa6, 0xff, 0x5f, 0xa6, 0xff, 0x5f, 0xa6, 0xff, 
  0x5f, 0xa6, 0xff, 0x5f, 0xa6, 0xff, 0x5f, 0xa6, 0xff, 0x3f, 0xa6, 0xff, 
  0x3f, 0xa6, 0xff, 0x3f, 0xae, 0xff, 0x3f, 0xae, 0xff, 0x3f, 0xae, 0xff, 
  0x5f, 0xa6, 0xff, 0x5f, 0xa6, 0xff, 0x3f, 0xae, 0xff, 0x7f, 0xb6, 0x00, 
  0xdf, 0xce, 0x00, 0x5f, 0xe7, 0x00, 0xdf, 0xf7, 0x00, 0xff, 0xff, 0x00, 
  0xff, 0xff, 0x00, 0xff, 0xff, 0x00, 0xff, 0xff, 0x00, 0xff, 0xff, 0x00, 
  0xff, 0xff, 0x00, 0xff, 0xff, 0x00, 0xff, 0xff, 0x00, 0xff, 0xff, 0x00, 
  0xff, 0xff, 0x00, 0xff, 0xff, 0x00, 0xdf, 0xe7, 0x00, 0x9f, 0xbf, 0x00, 
  0x3f, 0x8f, 0x00, 0x1f, 0x6f, 0xff, 0x1f, 0x67, 0xff, 0x1f, 0x67, 0xff, 
  0x1f, 0x6f, 0xff, 0x1f, 0x6f, 0xff, 0x1f, 0x6f, 0xff, 0x1f, 0x6f, 0xff, 
  0x1f, 0x6f, 0xff, 0xff, 0x6e, 0xff, 0xff, 0x6e, 0xff, 0xff, 0x6e, 0xff, 
  0x1f, 0x6f, 0xff, 0x1f, 0x6f, 0xff, 0xff, 0x6e, 0xff, 0xff, 0x76, 0xff, 
  0xff, 0x76, 0xff, 0xff, 0x6e, 0xff, 0xff, 0x6e, 0xff, 0xff, 0x6e, 0xff, 
  0xff, 0x6e, 0xff, 0xff, 0x76, 0xff, 0xff, 0x76, 0xff, 0xff, 0x76, 0xff, 
  0xff, 0x76, 0xff, 0xff, 0x76, 0xff, 0xff, 0x76, 0xff, 0xff, 0x76, 0xff, 
  0xff, 0x76, 0xff, 0xff, 0x76, 0xff, 0xff, 0x76, 0xff, 0xff, 0x76, 0xff, 
  0xff, 0x76, 0xff, 0xdf, 0x76, 0xff, 0xdf, 0x76, 0xff, 0xdf, 0x76, 0xff, 
  0xdf, 0x76, 0xff, 0xdf, 0x76, 0xff, 0xdf, 0x7e, 0xff, 0xdf, 0x7e, 0xff, 
  0xdf, 0x7e, 0xff, 0xdf, 0x7e, 0xff, 0xdf, 0x7e, 0xff, 0xdf, 0x7e, 0xff, 
  0xdf, 0x7e, 0xff, 0xdf, 0x7e, 0xff, 0xdf, 0x7e, 0xff, 0xdf, 0x7e, 0xff, 
  0xdf, 0x7e, 0xff, 0xdf, 0x7e, 0xff, 0xdf, 0x7e, 0xff, 0xbf, 0x86, 0xff, 
  0xbf, 0x86, 0xff, 0xbf, 0x86, 0xff, 0xbf, 0x86, 0xff, 0xbf, 0x7e, 0xff, 
  0xbf, 0x7e, 0xff, 0xbf, 0x86, 0xff, 0xbf, 0x86, 0xff, 0xbf, 0x86, 0xff, 
  0xbf, 0x86, 0xff, 0xbf, 0x86, 0xff, 0xbf, 0x86, 0xff, 0xbf, 0x86, 0xff, 
  0xbf, 0x86, 0xff, 0xbf, 0x86, 0xff, 0xbf, 0x86, 0xff, 0x9f, 0x86, 0xff, 
  0x9f, 0x86, 0xff, 0x9f, 0x86, 0xff, 0x9f, 0x8e, 0xff, 0x9f, 0x8e, 0xff, 
  0x9f, 0x8e, 0xff, 0x9f, 0x8e, 0xff, 0x9f, 0x8e, 0xff, 0x9f, 0x8e, 0xff, 
  0x9f, 0x8e, 0xff, 0x7f, 0x8e, 0xff, 0x7f, 0x8e, 0xff, 0x7f, 0x8e, 0xff, 
  0x7f, 0x8e, 0xff, 0x7f, 0x8e, 0xff, 0x7f, 0x8e, 0xff, 0x7f, 0x96, 0xff, 
  0x7f, 0x96, 0xff, 0x7f, 0x96, 0xff, 0x7f, 0x96, 0xff, 0x7f, 0x96, 0xff, 
  0x7f, 0x96, 0xff, 0x7f, 0x96, 0xff, 0x7f, 0x96, 0xff, 0x7f, 0x96, 0xff, 
  0x5f, 0x96, 0xff, 0x7f, 0x96, 0xff, 0x5f, 0x9e, 0xff, 0x5f, 0x9e, 0xff, 
  0x7f, 0x96, 0xff, 0x7f, 0x96, 0xff, 0x7f, 0x96, 0xff, 0x5f, 0x9e, 0xff, 
  0x5f, 0x9e, 0xff, 0x5f, 0x9e, 0xff, 0x5f, 0x9e, 0xff, 0x5f, 0x9e, 0xff, 
  0x5f, 0x9e, 0xff, 0x5f, 0x9e, 0xff, 0x5f, 0x9e, 0xff, 0x5f, 0xa6, 0xff, 
  0x5f, 0xa6, 0xff, 0x5f, 0xa6, 0xff, 0x5f, 0xa6, 0xff, 0x5f, 0xa6, 0xff, 
  0x5f, 0xa6, 0xff, 0x5f, 0xa6, 0xff, 0x3f, 0xa6, 0xff, 0x3f, 0xa6, 0xff, 
  0x3f, 0xae, 0xff, 0x3f, 0xae, 0xff, 0x3f, 0xae, 0xff, 0x5f, 0xa6, 0xff, 
  0x5f, 0xa6, 0xff, 0x3f, 0xae, 0xff, 0x3f, 0xae, 0xff, 0x7f, 0xb6, 0x00, 
  0xdf, 0xce, 0x00, 0x5f, 0xe7, 0x00, 0xdf, 0xf7, 0x00, 0xff, 0xff, 0x00, 
  0xff, 0xff, 0x00, 0xff, 0xff, 0x00, 0xff, 0xff, 0x00, 0xff, 0xff, 0x00, 
  0xff, 0xff, 0x00, 0xff, 0xff, 0x00, 0xff, 0xff, 0x00, 0xff, 0xff, 0x00, 
  0xff, 0xff, 0x00, 0xff, 0xf7, 0x00, 0xdf, 0xe7, 0x00, 0x9f, 0xbf, 0x00, 
  0x3f, 0x8f, 0x00, 0x1f, 0x6f, 0xff, 0x1f, 0x67, 0xff, 0x1f, 0x6f, 0xff, 
  0x1f, 0x6f, 0xff, 0x1f, 0x6f, 0xff, 0x1f, 0x6f, 0xff, 0x1f, 0x6f, 0xff, 
  0xff, 0x6e, 0xff, 0xff, 0x6e, 0xff, 0xff, 0x6e, 0xff, 0x1f, 0x6f, 0xff, 
  0x1f, 0x6f, 0xff, 0xff, 0x6e, 0xff, 0xff, 0x76, 0xff, 0xff, 0x76, 0xff, 
  0xff, 0x6e, 0xff, 0xff, 0x6e, 0xff, 0xff, 0x6e, 0xff, 0xff, 0x6e, 0xff, 
  0xff, 0x76, 0xff, 0xff, 0x76, 0xff, 0xff, 0x76, 0xff, 0xff, 0x76, 0xff, 
  0xff, 0x76, 0xff, 0xff, 0x76, 0xff, 0xff, 0x76, 0xff, 0xff, 0x76, 0xff, 
  0xff, 0x76, 0xff, 0xff, 0x76, 0xff, 0xff, 0x76, 0xff, 0xff, 0x76, 0xff, 
  0xdf, 0x76, 0xff, 0xdf, 0x76, 0xff, 0xdf, 0x76, 0xff, 0xdf, 0x76, 0xff, 
  0xdf, 0x76, 0xff, 0xdf, 0x76, 0xff, 0xdf, 0x7e, 0xff, 0xdf, 0x7e, 0xff, 
  0xdf, 0x7e, 0xff, 0xdf, 0x7e, 0xff, 0xdf, 0x7e, 0xff, 0xdf, 0x7e, 0xff, 
  0xdf, 0x7e, 0xff, 0xdf, 0x7e, 0xff, 0xdf, 0x7e, 0xff, 0xdf, 0x7e, 0xff, 
  0xdf, 0x7e, 0xff, 0xdf, 0x7e, 0xff, 0xbf, 0x7e, 0xff, 0xbf, 0x86, 0xff, 
  0xbf, 0x86, 0xff, 0xbf, 0x86, 0xff, 0xbf, 0x7e, 0xff, 0xbf, 0x7e, 0xff, 
  0xbf, 0x86, 0xff, 0xbf, 0x86, 0xff, 0xbf, 0x86, 0xff, 0xbf, 0x86, 0xff, 
  0xbf, 0x86, 0xff, 0xbf, 0x86, 0xff, 0xbf, 0x86, 0xff, 0xbf, 0x86, 0xff, 
  0xbf, 0x86, 0xff, 0xbf, 0x86, 0xff, 0x9f, 0x86, 0xff, 0x9f, 0x86, 0xff, 
  0x9f, 0x86, 0xff, 0x9f, 0x8e, 0xff, 0x9f, 0x8e, 0xff, 0x9f, 0x8e, 0xff, 
  0x9f, 0x8e, 0xff, 0x9f, 0x8e, 0xff, 0x9f, 0x8e, 0xff, 0x9f, 0x8e, 0xff, 
  0x7f, 0x8e, 0xff, 0x7f, 0x8e, 0xff, 0x7f, 0x8e, 0xff, 0x7f, 0x8e, 0xff, 
  0x7f, 0x8e, 0xff, 0x7f, 0x8e, 0xff, 0x7f, 0x96, 0xff, 0x7f, 0x96, 0xff, 
  0x7f, 0x96, 0xff, 0x7f, 0x96, 0xff, 0x7f, 0x96, 0xff, 0x7f, 0x96, 0xff, 
  0x7f, 0x96, 0xff, 0x7f, 0x96, 0xff, 0x7f, 0x96, 0xff, 0x5f, 0x96, 0xff, 
  0x7f, 0x96, 0xff, 0x5f, 0x9e, 0xff, 0x5f, 0x9e, 0xff, 0x7f, 0x96, 0xff, 
  0x7f, 0x96, 0xff, 0x7f, 0x96, 0xff, 0x5f, 0x9e, 0xff, 0x5f, 0x9e, 0xff, 
  0x5f, 0x9e, 0xff, 0x5f, 0x9e, 0xff, 0x5f, 0x9e, 0xff, 0x5f, 0x9e, 0xff, 
  0x5f, 0x9e, 0xff, 0x5f, 0x9e, 0xff, 0x5f, 0xa6, 0xff, 0x5f, 0xa6, 0xff, 
  0x5f, 0xa6, 0xff, 0x5f, 0xa6, 0xff, 0x5f, 0xa6, 0xff, 0x5f, 0xa6, 0xff, 
  0x5f, 0xa6, 0xff, 0x3f, 0xa6, 0xff, 0x3f, 0xa6, 0xff, 0x3f, 0xae, 0xff, 
  0x3f, 0xae, 0xff, 0x3f, 0xae, 0xff, 0x5f, 0xa6, 0xff, 0x5f, 0xa6, 0xff, 
  0x3f, 0xae, 0xff, 0x3f, 0xae, 0xff, 0x3f, 0xae, 0xff, 0x7f, 0xb6, 0x00, 
  0xdf, 0xce, 0x00, 0x7f, 0xe7, 0x00, 0xdf, 0xf7, 0x00, 0xff, 0xff, 0x00, 
  0xff, 0xff, 0x00, 0xff, 0xff, 0x00, 0xff, 0xff, 0x00, 0xff, 0xff, 0x00, 
  0xff, 0xff, 0x00, 0xff, 0xff, 0x00, 0xff, 0xff, 0x00, 0xff, 0xff, 0x00, 
  0xff, 0xff, 0x00, 0xff, 0xff, 0x00, 0xdf, 0xe7, 0x00, 0x9f, 0xbf, 0x00, 
  0x3f, 0x8f, 0x00, 0x1f, 0x6f, 0xff, 0x1f, 0x6f, 0xff, 0x1f, 0x6f, 0xff, 
  0x1f, 0x6f, 0xff, 0x1f, 0x6f, 0xff, 0x1f, 0x6f, 0xff, 0xff, 0x6e, 0xff, 
  0xff, 0x6e, 0xff, 0xff, 0x6e, 0xff, 0x1f, 0x6f, 0xff, 0x1f, 0x6f, 0xff, 
  0xff, 0x6e, 0xff, 0xff, 0x76, 0xff, 0xff, 0x76, 0xff, 0xff, 0x6e, 0xff, 
  0xff, 0x6e, 0xff, 0xff, 0x6e, 0xff, 0xff, 0x6e, 0xff, 0xff, 0x76, 0xff, 
  0xff, 0x76, 0xff, 0xff, 0x76, 0xff, 0xff, 0x76, 0xff, 0xff, 0x76, 0xff, 
  0xff, 0x76, 0xff, 0xff, 0x76, 0xff, 0xff, 0x76, 0xff, 0xff, 0x76, 0xff, 
  0xff, 0x76, 0xff, 0xff, 0x76, 0xff, 0xff, 0x76, 0xff, 0xdf, 0x76, 0xff, 
  0xdf, 0x76, 0xff, 0xdf, 0x76, 0xff, 0xdf, 0x76, 0xff, 0xdf, 0x76, 0xff, 
  0xdf, 0x76, 0xff, 0xdf, 0x7e, 0xff, 0xdf, 0x7e, 0xff, 0xdf, 0x7e, 0xff, 
  0xdf, 0x7e, 0xff, 0xdf, 0x7e, 0xff, 0xdf, 0x7e, 0xff, 0xdf, 0x7e, 0xff, 
  0xdf, 0x7e, 0xff, 0xdf, 0x7e, 0xff, 0xdf, 0x7e, 0xff, 0xdf, 0x7e, 0xff, 
  0xdf, 0x7e, 0xff, 0xbf, 0x86, 0xff, 0xbf, 0x86, 0xff, 0xbf, 0x86, 0xff, 
  0xbf, 0x86, 0xff, 0xbf, 0x7e, 0xff, 0xbf, 0x7e, 0xff, 0xbf, 0x86, 0xff, 
  0xbf, 0x86, 0xff, 0xbf, 0x86, 0xff, 0xbf, 0x86, 0xff, 0xbf, 0x86, 0xff, 
  0xbf, 0x86, 0xff, 0xbf, 0x86, 0xff, 0xbf, 0x86, 0xff, 0xbf, 0x86, 0xff, 
  0xbf, 0x86, 0xff, 0x9f, 0x86, 0xff, 0x9f, 0x86, 0xff, 0x9f, 0x86, 0xff, 
  0x9f, 0x8e, 0xff, 0x9f, 0x8e, 0xff, 0x9f, 0x8e, 0xff, 0x9f, 0x8e, 0xff, 
  0x9f, 0x8e, 0xff, 0x9f, 0x8e, 0xff, 0x9f, 0x8e, 0xff, 0x7f, 0x8e, 0xff, 
  0x7f, 0x8e, 0xff, 0x7f, 0x8e, 0xff, 0x7f, 0x8e, 0xff, 0x7f, 0x8e, 0xff, 
  0x7f, 0x8e, 0xff, 0x7f, 0x96, 0xff, 0x7f, 0x96, 0xff, 0x7f, 0x96, 0xff, 
  0x7f, 0x96, 0xff, 0x7f, 0x96, 0xff, 0x7f, 0x96, 0xff, 0x7f, 0x96, 0xff, 
  0x7f, 0x96, 0xff, 0x7f, 0x96, 0xff, 0x5f, 0x96, 0xff, 0x7f, 0x9e, 0xff, 
  0x5f, 0x9e, 0xff, 0x5f, 0x9e, 0xff, 0x7f, 0x96, 0xff, 0x7f, 0x96, 0xff, 
  0x7f, 0x96, 0xff, 0x5f, 0x9e, 0xff, 0x5f, 0x9e, 0xff, 0x5f, 0x9e, 0xff, 
  0x5f, 0x9e, 0xff, 0x5f, 0x9e, 0xff, 0x5f, 0x9e, 0xff, 0x5f, 0x9e, 0xff, 
  0x5f, 0x9e, 0xff, 0x5f, 0xa6, 0xff, 0x5f, 0xa6, 0xff, 0x5f, 0xa6, 0xff, 
  0x5f, 0xa6, 0xff, 0x5f, 0xa6, 0xff, 0x5f, 0xa6, 0xff, 0x5f, 0xa6, 0xff, 
  0x3f, 0xa6, 0xff, 0x3f, 0xa6, 0xff, 0x3f, 0xae, 0xff, 0x3f, 0xae, 0xff, 
  0x3f, 0xae, 0xff, 0x5f, 0xa6, 0xff, 0x5f, 0xa6, 0xff, 0x3f, 0xae, 0xff, 
  0x3f, 0xae, 0xff, 0x3f, 0xae, 0xff, 0x3f, 0xae, 0xff, 0x7f, 0xb6, 0x00, 
  0xdf, 0xce, 0x00, 0x5f, 0xe7, 0x00, 0xdf, 0xf7, 0x00, 0xff, 0xff, 0x00, 
  0xff, 0xff, 0x00, 0xff, 0xff, 0x00, 0xff, 0xff, 0x00, 0xff, 0xff, 0x00, 
  0xff, 0xff, 0x00, 0xff, 0xff, 0x00, 0xff, 0xff, 0x00, 0xff, 0xff, 0x00, 
  0xff, 0xff, 0x00, 0xff, 0xf7, 0x00, 0xdf, 0xe7, 0x00, 0x9f, 0xbf, 0x00, 
  0x3f, 0x8f, 0x00, 0x1f, 0x6f, 0xff, 0x1f, 0x6f, 0xff, 0x1f, 0x6f, 0xff, 
  0x1f, 0x6f, 0xff, 0x1f, 0x6f, 0xff, 0xff, 0x6e, 0xff, 0xff, 0x6e, 0xff, 
  0xff, 0x6e, 0xff, 0x1f, 0x6f, 0xff, 0x1f, 0x6f, 0xff, 0xff, 0x6e, 0xff, 
  0xff, 0x76, 0xff, 0xff, 0x76, 0xff, 0xff, 0x6e, 0xff, 0xff, 0x6e, 0xff, 
  0xff, 0x6e, 0xff, 0xff, 0x6e, 0xff, 0xff, 0x76, 0xff, 0xff, 0x76, 0xff, 
  0xff, 0x76, 0xff, 0xff, 0x76, 0xff, 0xff, 0x76, 0xff, 0xff, 0x76, 0xff, 
  0xff, 0x76, 0xff, 0xff, 0x76, 0xff, 0xff, 0x76, 0xff, 0xff, 0x76, 0xff, 
  0xff, 0x76, 0xff, 0xff, 0x76, 0xff, 0xdf, 0x76, 0xff, 0xdf, 0x76, 0xff, 
  0xdf, 0x76, 0xff, 0xdf, 0x76, 0xff, 0xdf, 0x76, 0xff, 0xdf, 0x7e, 0xff, 
  0xdf, 0x7e, 0xff, 0xdf, 0x7e, 0xff, 0xdf, 0x7e, 0xff, 0xdf, 0x7e, 0xff, 
  0xdf, 0x7e, 0xff, 0xdf, 0x7e, 0xff, 0xdf, 0x7e, 0xff, 0xdf, 0x7e, 0xff, 
  0xdf, 0x7e, 0xff, 0xdf, 0x7e, 0xff, 0xdf, 0x7e, 0xff, 0xdf, 0x7e, 0xff, 
  0xbf, 0x86, 0xff, 0xbf, 0x86, 0xff, 0xbf, 0x86, 0xff, 0xbf, 0x86, 0xff, 
  0xbf, 0x7e, 0xff, 0xbf, 0x7e, 0xff, 0xbf, 0x86, 0xff, 0xbf, 0x86, 0xff, 
  0xbf, 0x86, 0xff, 0xbf, 0x86, 0xff, 0xbf, 0x86, 0xff, 0xbf, 0x86, 0xff, 
  0xbf, 0x86, 0xff, 0xbf, 0x86, 0xff, 0xbf, 0x86, 0xff, 0xbf, 0x86, 0xff, 
  0x9f, 0x86, 0xff, 0x9f, 0x86, 0xff, 0x9f, 0x86, 0xff, 0x9f, 0x8e, 0xff, 
  0x9f, 0x8e, 0xff, 0x9f, 0x8e, 0xff, 0x9f, 0x8e, 0xff, 0x9f, 0x8e, 0xff, 
  0x9f, 0x8e, 0xff, 0x9f, 0x8e, 0xff, 0x7f, 0x8e, 0xff, 0x7f, 0x8e, 0xff, 
  0x7f, 0x8e, 0xff, 0x7f, 0x8e, 0xff, 0x7f, 0x8e, 0xff, 0x7f, 0x8e, 0xff, 
  0x7f, 0x96, 0xff, 0x7f, 0x96, 0xff, 0x7f, 0x96, 0xff, 0x7f, 0x96, 0xff, 
  0x7f, 0x96, 0xff, 0x7f, 0x96, 0xff, 0x7f, 0x96, 0xff, 0x7f, 0x96, 0xff, 
  0x7f, 0x96, 0xff, 0x5f, 0x96, 0xff, 0x7f, 0x96, 0xff, 0x5f, 0x9e, 0xff, 
  0x5f, 0x9e, 0xff, 0x7f, 0x96, 0xff, 0x7f, 0x96, 0xff, 0x7f, 0x96, 0xff, 
  0x5f, 0x9e, 0xff, 0x5f, 0x9e, 0xff, 0x5f, 0x9e, 0xff, 0x5f, 0x9e, 0xff, 
  0x5f, 0x9e, 0xff, 0x5f, 0x9e, 0xff, 0x5f, 0x9e, 0xff, 0x5f, 0x9e, 0xff, 
  0x5f, 0xa6, 0xff, 0x5f, 0xa6, 0xff, 0x5f, 0xa6, 0xff, 0x5f, 0xa6, 0xff, 
  0x5f, 0xa6, 0xff, 0x5f, 0xa6, 0xff, 0x5f, 0xa6, 0xff, 0x3f, 0xa6, 0xff, 
  0x3f, 0xa6, 0xff, 0x3f, 0xae, 0xff, 0x3f, 0xae, 0xff, 0x3f, 0xae, 0xff, 
  0x5f, 0xa6, 0xff, 0x5f, 0xa6, 0xff, 0x3f, 0xae, 0xff, 0x3f, 0xae, 0xff, 
  0x3f, 0xae, 0xff, 0x3f, 0xae, 0xff, 0x3f, 0xae, 0xff, 0x7f, 0xb6, 0x00, 
  0xdf, 0xce, 0x00, 0x5f, 0xe7, 0x00, 0xdf, 0xf7, 0x00, 0xff, 0xff, 0x00, 
  0xff, 0xff, 0x00, 0xff, 0xff, 0x00, 0xff, 0xff, 0x00, 0xff, 0xff, 0x00, 
  0xff, 0xff, 0x00, 0xff, 0xff, 0x00, 0xff, 0xff, 0x00, 0xff, 0xff, 0x00, 
  0xff, 0xff, 0x00, 0xff, 0xf7, 0x00, 0xdf, 0xe7, 0x00, 0x9f, 0xbf, 0x00, 
  0x3f, 0x8f, 0x00, 0x1f, 0x6f, 0xff, 0x1f, 0x6f, 0xff, 0x1f, 0x6f, 0xff, 
  0x1f, 0x6f, 0xff, 0xff, 0x6e, 0xff, 0xff, 0x6e, 0xff, 0xff, 0x6e, 0xff, 
  0x1f, 0x6f, 0xff, 0x1f, 0x6f, 0xff, 0xff, 0x6e, 0xff, 0xff, 0x76, 0xff, 
  0xff, 0x76, 0xff, 0xff, 0x6e, 0xff, 0xff, 0x6e, 0xff, 0xff, 0x6e, 0xff, 
  0xff, 0x6e, 0xff, 0xff, 0x76, 0xff, 0xff, 0x76, 0xff, 0xff, 0x76, 0xff, 
  0xff, 0x76, 0xff, 0xff, 0x76, 0xff, 0xff, 0x76, 0xff, 0xff, 0x76, 0xff, 
  0xff, 0x76, 0xff, 0xff, 0x76, 0xff, 0xff, 0x76, 0xff, 0xff, 0x76, 0xff, 
  0xff, 0x76, 0xff, 0xdf, 0x76, 0xff, 0xdf, 0x76, 0xff, 0xdf, 0x76, 0xff, 
  0xdf, 0x76, 0xff, 0xdf, 0x76, 0xff, 0xdf, 0x76, 0xff, 0xdf, 0x7e, 0xff, 
  0xdf, 0x7e, 0xff, 0xdf, 0x7e, 0xff, 0xdf, 0x7e, 0xff, 0xdf, 0x7e, 0xff, 
  0xdf, 0x7e, 0xff, 0xdf, 0x7e, 0xff, 0xdf, 0x7e, 0xff, 0xdf, 0x7e, 0xff, 
  0xdf, 0x7e, 0xff, 0xdf, 0x7e, 0xff, 0xdf, 0x7e, 0xff, 0xbf, 0x7e, 0xff, 
  0xbf, 0x86, 0xff, 0xbf, 0x86, 0xff, 0xbf, 0x86, 0xff, 0xbf, 0x7e, 0xff, 
  0xbf, 0x7e, 0xff, 0xbf, 0x86, 0xff, 0xbf, 0x86, 0xff, 0xbf, 0x86, 0xff, 
  0xbf, 0x86, 0xff, 0xbf, 0x86, 0xff, 0xbf, 0x86, 0xff, 0xbf, 0x86, 0xff, 
  0xbf, 0x86, 0xff, 0xbf, 0x86, 0xff, 0xbf, 0x86, 0xff, 0x9f, 0x86, 0xff, 
  0x9f, 0x86, 0xff, 0x9f, 0x86, 0xff, 0x9f, 0x86, 0xff, 0x9f, 0x8e, 0xff, 
  0x9f, 0x8e, 0xff, 0x9f, 0x8e, 0xff, 0x9f, 0x8e, 0xff, 0x9f, 0x8e, 0xff, 
  0x9f, 0x8e, 0xff, 0x7f, 0x8e, 0xff, 0x7f, 0x8e, 0xff, 0x7f, 0x8e, 0xff, 
  0x7f, 0x8e, 0xff, 0x7f, 0x8e, 0xff, 0x7f, 0x8e, 0xff, 0x7f, 0x96, 0xff, 
  0x7f, 0x96, 0xff, 0x7f, 0x96, 0xff, 0x7f, 0x96, 0xff, 0x7f, 0x96, 0xff, 
  0x7f, 0x96, 0xff, 0x7f, 0x96, 0xff, 0x7f, 0x96, 0xff, 0x7f, 0x96, 0xff, 
  0x5f, 0x96, 0xff, 0x7f, 0x96, 0xff, 0x5f, 0x9e, 0xff, 0x5f, 0x9e, 0xff, 
  0x7f, 0x96, 0xff, 0x7f, 0x96, 0xff, 0x7f, 0x96, 0xff, 0x5f, 0x9e, 0xff, 
  0x5f, 0x9e, 0xff, 0x5f, 0x9e, 0xff, 0x5f, 0x9e, 0xff, 0x5f, 0x9e, 0xff, 
  0x5f, 0x9e, 0xff, 0x5f, 0x9e, 0xff, 0x5f, 0x9e, 0xff, 0x5f, 0xa6, 0xff, 
  0x5f, 0xa6, 0xff, 0x5f, 0xa6, 0xff, 0x5f, 0xa6, 0xff, 0x5f, 0xa6, 0xff, 
  0x5f, 0xa6, 0xff, 0x5f, 0xa6, 0xff, 0x3f, 0xa6, 0xff, 0x3f, 0xa6, 0xff, 
  0x3f, 0xae, 0xff, 0x3f, 0xae, 0xff, 0x3f, 0xae, 0xff, 0x5f, 0xa6, 0xff, 
  0x5f, 0xa6, 0xff, 0x3f, 0xae, 0xff, 0x3f, 0xae, 0xff, 0x3f, 0xae, 0xff, 
  0x3f, 0xae, 0xff, 0x3f, 0xae, 0xff, 0x3f, 0xae, 0xff, 0x7f, 0xb6, 0x00, 
  0xdf, 0xce, 0x00, 0x5f, 0xe7, 0x00, 0xbf, 0xf7, 0x00, 0xff, 0xff, 0x00, 
  0xff, 0xff, 0x00, 0xff, 0xff, 0x00, 0xff, 0xff, 0x00, 0xff, 0xff, 0x00, 
  0xff, 0xff, 0x00, 0xff, 0xff, 0x00, 0xff, 0xff, 0x00, 0xff, 0xff, 0x00, 
  0xff, 0xff, 0x00, 0xff, 0xf7, 0x00, 0xdf, 0xe7, 0x00, 0x9f, 0xbf, 0x00, 
  0x3f, 0x8f, 0x00, 0x1f, 0x6f, 0xff, 0x1f, 0x6f, 0xff, 0x1f, 0x6f, 0xff, 
  0x1f, 0x6f, 0xff, 0xff, 0x6e, 0xff, 0xff, 0x6e, 0xff, 0x1f, 0x6f, 0xff, 
  0x1f, 0x6f, 0xff, 0xff, 0x6e, 0xff, 0xff, 0x6e, 0xff, 0xff, 0x76, 0xff, 
  0xff, 0x6e, 0xff, 0xff, 0x6e, 0xff, 0xff, 0x6e, 0xff, 0xff, 0x6e, 0xff, 
  0xff, 0x76, 0xff, 0xff, 0x76, 0xff, 0xff, 0x76, 0xff, 0xff, 0x76, 0xff, 
  0xff, 0x76, 0xff, 0xff, 0x76, 0xff, 0xff, 0x76, 0xff, 0xff, 0x76, 0xff, 
  0xff, 0x76, 0xff, 0xff, 0x76, 0xff, 0xff, 0x76, 0xff, 0xff, 0x76, 0xff, 
  0xdf, 0x76, 0xff, 0xdf, 0x76, 0xff, 0xdf, 0x76, 0xff, 0xdf, 0x76, 0xff, 
  0xdf, 0x76, 0xff, 0xdf, 0x76, 0xff, 0xdf, 0x7e, 0xff, 0xdf, 0x7e, 0xff, 
  0xdf, 0x7e, 0xff, 0xdf, 0x7e, 0xff, 0xdf, 0x7e, 0xff, 0xdf, 0x7e, 0xff, 
  0xdf, 0x7e, 0xff, 0xdf, 0x7e, 0xff, 0xdf, 0x7e, 0xff, 0xdf, 0x7e, 0xff, 
  0xdf, 0x7e, 0xff, 0xdf, 0x7e, 0xff, 0xdf, 0x7e, 0xff, 0xbf, 0x86, 0xff, 
  0xbf, 0x86, 0xff, 0xbf, 0x86, 0xff, 0xbf, 0x7e, 0xff, 0xbf, 0x7e, 0xff, 
  0xbf, 0x86, 0xff, 0xbf, 0x86, 0xff, 0xbf, 0x86, 0xff, 0xbf, 0x86, 0xff, 
  0xbf, 0x86, 0xff, 0xbf, 0x86, 0xff, 0xbf, 0x86, 0xff, 0xbf, 0x86, 0xff, 
  0xbf, 0x86, 0xff, 0xbf, 0x86, 0xff, 0x9f, 0x86, 0xff, 0x9f, 0x86, 0xff, 
  0x9f, 0x86, 0xff, 0x9f, 0x86, 0xff, 0x9f, 0x8e, 0xff, 0x9f, 0x8e, 0xff, 
  0x9f, 0x8e, 0xff, 0x9f, 0x8e, 0xff, 0x9f, 0x8e, 0xff, 0x9f, 0x8e, 0xff, 
  0x7f, 0x8e, 0xff, 0x7f, 0x8e, 0xff, 0x7f, 0x8e, 0xff, 0x7f, 0x8e, 0xff, 
  0x7f, 0x8e, 0xff, 0x7f, 0x8e, 0xff, 0x7f, 0x96, 0xff, 0x7f, 0x96, 0xff, 
  0x7f, 0x96, 0xff, 0x7f, 0x96, 0xff, 0x7f, 0x96, 0xff, 0x7f, 0x96, 0xff, 
  0x7f, 0x96, 0xff, 0x7f, 0x96, 0xff, 0x7f, 0x96, 0xff, 0x5f, 0x96, 0xff, 
  0x7f, 0x96, 0xff, 0x5f, 0x9e, 0xff, 0x5f, 0x9e, 0xff, 0x7f, 0x96, 0xff, 
  0x7f, 0x96, 0xff, 0x7f, 0x96, 0xff, 0x5f, 0x9e, 0xff, 0x5f, 0x9e, 0xff, 
  0x5f, 0x9e, 0xff, 0x5f, 0x9e, 0xff, 0x5f, 0x9e, 0xff, 0x5f, 0x9e, 0xff, 
  0x5f, 0x9e, 0xff, 0x5f, 0x9e, 0xff, 0x5f, 0xa6, 0xff, 0x5f, 0xa6, 0xff, 
  0x5f, 0xa6, 0xff, 0x5f, 0xa6, 0xff, 0x5f, 0xa6, 0xff, 0x5f, 0xa6, 0xff, 
  0x5f, 0xa6, 0xff, 0x3f, 0xa6, 0xff, 0x3f, 0xa6, 0xff, 0x3f, 0xae, 0xff, 
  0x3f, 0xae, 0xff, 0x3f, 0xae, 0xff, 0x5f, 0xa6, 0xff, 0x5f, 0xa6, 0xff, 
  0x3f, 0xae, 0xff, 0x3f, 0xae, 0xff, 0x3f, 0xae, 0xff, 0x3f, 0xae, 0xff, 
  0x3f, 0xae, 0xff, 0x3f, 0xae, 0xff, 0x3f, 0xae, 0xff, 0x5f, 0xb6, 0x00, 
  0xdf, 0xce, 0x00, 0x5f, 0xe7, 0x00, 0xdf, 0xf7, 0x00, 0xff, 0xff, 0x00, 
  0xff, 0xff, 0x00, 0xff, 0xff, 0x00, 0xff, 0xff, 0x00, 0xff, 0xff, 0x00, 
  0xff, 0xff, 0x00, 0xff, 0xff, 0x00, 0xff, 0xff, 0x00, 0xff, 0xff, 0x00, 
  0xff, 0xff, 0x00, 0xff, 0xf7, 0x00, 0xdf, 0xe7, 0x00, 0x9f, 0xbf, 0x00, 
  0x3f, 0x8f, 0x00, 0x1f, 0x6f, 0xff, 0x1f, 0x6f, 0xff, 0xff, 0x6e, 0xff, 
  0xff, 0x6e, 0xff, 0xff, 0x6e, 0xff, 0x1f, 0x6f, 0xff, 0x1f, 0x6f, 0xff, 
  0xff, 0x6e, 0xff, 0xff, 0x76, 0xff, 0xff, 0x76, 0xff, 0xff, 0x6e, 0xff, 
  0xff, 0x6e, 0xff, 0xff, 0x6e, 0xff, 0xff, 0x6e, 0xff, 0xff, 0x76, 0xff, 
  0xff, 0x76, 0xff, 0xff, 0x76, 0xff, 0xff, 0x76, 0xff, 0xff, 0x76, 0xff, 
  0xff, 0x76, 0xff, 0xff, 0x76, 0xff, 0xff, 0x76, 0xff, 0xff, 0x76, 0xff, 
  0xff, 0x76, 0xff, 0xff, 0x76, 0xff, 0xff, 0x76, 0xff, 0xdf, 0x76, 0xff, 
  0xdf, 0x76, 0xff, 0xdf, 0x76, 0xff, 0xdf, 0x76, 0xff, 0xdf, 0x76, 0xff, 
  0xdf, 0x7e, 0xff, 0xdf, 0x7e, 0xff, 0xdf, 0x7e, 0xff, 0xdf, 0x7e, 0xff, 
  0xdf, 0x7e, 0xff, 0xdf, 0x7e, 0xff, 0xdf, 0x7e, 0xff, 0xdf, 0x7e, 0xff, 
  0xdf, 0x7e, 0xff, 0xdf, 0x7e, 0xff, 0xdf, 0x7e, 0xff, 0xdf, 0x7e, 0xff, 
  0xdf, 0x7e, 0xff, 0xdf, 0x7e, 0xff, 0xbf, 0x86, 0xff, 0xbf, 0x86, 0xff, 
  0xbf, 0x86, 0xff, 0xbf, 0x7e, 0xff, 0xbf, 0x7e, 0xff, 0xbf, 0x86, 0xff, 
  0xbf, 0x86, 0xff, 0xbf, 0x86, 0xff, 0xbf, 0x86, 0xff, 0xbf, 0x86, 0xff, 
  0xbf, 0x86, 0xff, 0xbf, 0x86, 0xff, 0xbf, 0x86, 0xff, 0xbf, 0x86, 0xff, 
  0xbf, 0x86, 0xff, 0x9f, 0x86, 0xff, 0x9f, 0x86, 0xff, 0x9f, 0x86, 0xff, 
  0x9f, 0x86, 0xff, 0x9f, 0x8e, 0xff, 0x9f, 0x8e, 0xff, 0x9f, 0x8e, 0xff, 
  0x9f, 0x8e, 0xff, 0x9f, 0x8e, 0xff, 0x9f, 0x8e, 0xff, 0x7f, 0x8e, 0xff, 
  0x7f, 0x8e, 0xff, 0x7f, 0x8e, 0xff, 0x7f, 0x8e, 0xff, 0x7f, 0x8e, 0xff, 
  0x7f, 0x8e, 0xff, 0x7f, 0x96, 0xff, 0x7f, 0x96, 0xff, 0x7f, 0x96, 0xff, 
  0x7f, 0x96, 0xff, 0x7f, 0x96, 0xff, 0x7f, 0x96, 0xff, 0x7f, 0x96, 0xff, 
  0x7f, 0x96, 0xff, 0x7f, 0x96, 0xff, 0x5f, 0x96, 0xff, 0x7f, 0x96, 0xff, 
  0x5f, 0x9e, 0xff, 0x5f, 0x9e, 0xff, 0x7f, 0x96, 0xff, 0x7f, 0x96, 0xff, 
  0x7f, 0x96, 0xff, 0x5f, 0x9e, 0xff, 0x5f, 0x9e, 0xff, 0x5f, 0x9e, 0xff, 
  0x5f, 0x9e, 0xff, 0x5f, 0x9e, 0xff, 0x5f, 0x9e, 0xff, 0x5f, 0x9e, 0xff, 
  0x5f, 0x9e, 0xff, 0x5f, 0xa6, 0xff, 0x5f, 0xa6, 0xff, 0x5f, 0xa6, 0xff, 
  0x5f, 0xa6, 0xff, 0x5f, 0xa6, 0xff, 0x5f, 0xa6, 0xff, 0x5f, 0xa6, 0xff, 
  0x3f, 0xa6, 0xff, 0x3f, 0xa6, 0xff, 0x3f, 0xae, 0xff, 0x3f, 0xae, 0xff, 
  0x3f, 0xae, 0xff, 0x5f, 0xa6, 0xff, 0x5f, 0xa6, 0xff, 0x3f, 0xae, 0xff, 
  0x3f, 0xae, 0xff, 0x3f, 0xae, 0xff, 0x3f, 0xae, 0xff, 0x3f, 0xae, 0xff, 
  0x3f, 0xae, 0xff, 0x3f, 0xae, 0xff, 0x3f, 0xae, 0xff, 0x5f, 0xb6, 0x00, 
  0xdf, 0xce, 0x00, 0x5f, 0xe7, 0x00, 0xdf, 0xf7, 0x00, 0xff, 0xff, 0x00, 
  0xff, 0xff, 0x00, 0xff, 0xff, 0x00, 0xff, 0xff, 0x00, 0xff, 0xff, 0x00, 
  0xff, 0xff, 0x00, 0xff, 0xff, 0x00, 0xff, 0xff, 0x00, 0xff, 0xff, 0x00, 
  0xff, 0xff, 0x00, 0xff, 0xff, 0x00, 0xdf, 0xe7, 0x00, 0x9f, 0xbf, 0x00, 
  0x3f, 0x97, 0x00, 0x1f, 0x77, 0xff, 0x1f, 0x6f, 0xff, 0xff, 0x6e, 0xff, 
  0xff, 0x6e, 0xff, 0x1f, 0x6f, 0xff, 0x1f, 0x6f, 0xff, 0xff, 0x6e, 0xff, 
  0xff, 0x76, 0xff, 0xff, 0x76, 0xff, 0xff, 0x6e, 0xff, 0xff, 0x6e, 0xff, 
  0xff, 0x6e, 0xff, 0xff, 0x6e, 0xff, 0xff, 0x76, 0xff, 0xff, 0x76, 0xff, 
  0xff, 0x76, 0xff, 0xff, 0x76, 0xff, 0xff, 0x76, 0xff, 0xff, 0x76, 0xff, 
  0xff, 0x76, 0xff, 0xff, 0x76, 0xff, 0xff, 0x76, 0xff, 0xff, 0x76, 0xff, 
  0xff, 0x76, 0xff, 0xff, 0x76, 0xff, 0xdf, 0x76, 0xff, 0xdf, 0x76, 0xff, 
  0xdf, 0x76, 0xff, 0xdf, 0x76, 0xff, 0xdf, 0x76, 0xff, 0xdf, 0x76, 0xff, 
  0xdf, 0x7e, 0xff, 0xdf, 0x7e, 0xff, 0xdf, 0x7e, 0xff, 0xdf, 0x7e, 0xff, 
  0xdf, 0x7e, 0xff, 0xdf, 0x7e, 0xff, 0xdf, 0x7e, 0xff, 0xdf, 0x7e, 0xff, 
  0xdf, 0x7e, 0xff, 0xdf, 0x7e, 0xff, 0xdf, 0x7e, 0xff, 0xdf, 0x7e, 0xff, 
  0xbf, 0x7e, 0xff, 0xbf, 0x86, 0xff, 0xbf, 0x86, 0xff, 0xbf, 0x86, 0xff, 
  0xbf, 0x7e, 0xff, 0xbf, 0x7e, 0xff, 0xbf, 0x86, 0xff, 0xbf, 0x86, 0xff, 
  0xbf, 0x86, 0xff, 0xbf, 0x86, 0xff, 0xbf, 0x86, 0xff, 0xbf, 0x86, 0xff, 
  0xbf, 0x86, 0xff, 0xbf, 0x86, 0xff, 0xbf, 0x86, 0xff, 0xbf, 0x86, 0xff, 
  0x9f, 0x86, 0xff, 0x9f, 0x86, 0xff, 0x9f, 0x86, 0xff, 0x9f, 0x86, 0xff, 
  0x9f, 0x8e, 0xff, 0x9f, 0x8e, 0xff, 0x9f, 0x8e, 0xff, 0x9f, 0x8e, 0xff, 
  0x9f, 0x8e, 0xff, 0x9f, 0x8e, 0xff, 0x7f, 0x8e, 0xff, 0x7f, 0x8e, 0xff, 
  0x7f, 0x8e, 0xff, 0x7f, 0x8e, 0xff, 0x7f, 0x8e, 0xff, 0x7f, 0x8e, 0xff, 
  0x7f, 0x96, 0xff, 0x7f, 0x96, 0xff, 0x7f, 0x96, 0xff, 0x7f, 0x96, 0xff, 
  0x7f, 0x96, 0xff, 0x7f, 0x96, 0xff, 0x7f, 0x96, 0xff, 0x7f, 0x96, 0xff, 
  0x7f, 0x96, 0xff, 0x5f, 0x96, 0xff, 0x7f, 0x96, 0xff, 0x5f, 0x9e, 0xff, 
  0x5f, 0x9e, 0xff, 0x7f, 0x96, 0xff, 0x7f, 0x96, 0xff, 0x7f, 0x96, 0xff, 
  0x7f, 0x9e, 0xff, 0x5f, 0x9e, 0xff, 0x5f, 0x9e, 0xff, 0x5f, 0x9e, 0xff, 
  0x5f, 0x9e, 0xff, 0x5f, 0x9e, 0xff, 0x5f, 0x9e, 0xff, 0x5f, 0x9e, 0xff, 
  0x5f, 0xa6, 0xff, 0x5f, 0xa6, 0xff, 0x5f, 0xa6, 0xff, 0x5f, 0xa6, 0xff, 
  0x5f, 0xa6, 0xff, 0x5f, 0xa6, 0xff, 0x5f, 0xa6, 0xff, 0x3f, 0xa6, 0xff, 
  0x3f, 0xa6, 0xff, 0x3f, 0xae, 0xff, 0x3f, 0xae, 0xff, 0x3f, 0xae, 0xff, 
  0x5f, 0xa6, 0xff, 0x5f, 0xa6, 0xff, 0x3f, 0xae, 0xff, 0x3f, 0xae, 0xff, 
  0x3f, 0xae, 0xff, 0x3f, 0xae, 0xff, 0x3f, 0xae, 0xff, 0x3f, 0xae, 0xff, 
  0x3f, 0xae, 0xff, 0x3f, 0xae, 0xff, 0x3f, 0xae, 0xff, 0x5f, 0xb6, 0x00, 
  0xdf, 0xce, 0x00, 0x5f, 0xe7, 0x00, 0xdf, 0xf7, 0x00, 0xff, 0xff, 0x00, 
  0xff, 0xff, 0x00, 0xff, 0xff, 0x00, 0xff, 0xff, 0x00, 0xff, 0xff, 0x00, 
  0xff, 0xff, 0x00, 0xff, 0xff, 0x00, 0xff, 0xff, 0x00, 0xff, 0xff, 0x00, 
  0xff, 0xff, 0x00, 0xff, 0xf7, 0x00, 0xdf, 0xe7, 0x00, 0x9f, 0xbf, 0x00, 
  0x3f, 0x8f, 0x00, 0x1f, 0x77, 0xff, 0xff, 0x6e, 0xff, 0xff, 0x6e, 0xff, 
  0x1f, 0x6f, 0xff, 0x1f, 0x6f, 0xff, 0xff, 0x6e, 0xff, 0xff, 0x76, 0xff, 
  0xff, 0x76, 0xff, 0xff, 0x6e, 0xff, 0xff, 0x6e, 0xff, 0xff, 0x6e, 0xff, 
  0xff, 0x6e, 0xff, 0xff, 0x76, 0xff, 0xff, 0x76, 0xff, 0xff, 0x76, 0xff, 
  0xff, 0x76, 0xff, 0xff, 0x76, 0xff, 0xff, 0x76, 0xff, 0xff, 0x76, 0xff, 
  0xff, 0x76, 0xff, 0xff, 0x76, 0xff, 0xff, 0x76, 0xff, 0xff, 0x76, 0xff, 
  0xff, 0x76, 0xff, 0xdf, 0x76, 0xff, 0xdf, 0x76, 0xff, 0xdf, 0x76, 0xff, 
  0xdf, 0x76, 0xff, 0xdf, 0x76, 0xff, 0xdf, 0x76, 0xff, 0xdf, 0x7e, 0xff, 
  0xdf, 0x7e, 0xff, 0xdf, 0x7e, 0xff, 0xdf, 0x7e, 0xff, 0xdf, 0x7e, 0xff, 
  0xdf, 0x7e, 0xff, 0xdf, 0x7e, 0xff, 0xdf, 0x7e, 0xff, 0xdf, 0x7e, 0xff, 
  0xdf, 0x7e, 0xff, 0xdf, 0x7e, 0xff, 0xdf, 0x7e, 0xff, 0xbf, 0x86, 0xff, 
  0xbf, 0x86, 0xff, 0xbf, 0x86, 0xff, 0xbf, 0x86, 0xff, 0xbf, 0x7e, 0xff, 
  0xbf, 0x7e, 0xff, 0xbf, 0x7e, 0xff, 0xbf, 0x86, 0xff, 0xbf, 0x86, 0xff, 
  0xbf, 0x86, 0xff, 0xbf, 0x86, 0xff, 0xbf, 0x86, 0xff, 0xbf, 0x86, 0xff, 
  0xbf, 0x86, 0xff, 0xbf, 0x86, 0xff, 0xbf, 0x86, 0xff, 0x9f, 0x86, 0xff, 
  0x9f, 0x86, 0xff, 0x9f, 0x86, 0xff, 0x9f, 0x86, 0xff, 0x9f, 0x8e, 0xff, 
  0x9f, 0x8e, 0xff, 0x9f, 0x8e, 0xff, 0x9f, 0x8e, 0xff, 0x9f, 0x8e, 0xff, 
  0x9f, 0x8e, 0xff, 0x7f, 0x8e, 0xff, 0x7f, 0x8e, 0xff, 0x7f, 0x8e, 0xff, 
  0x7f, 0x8e, 0xff, 0x7f, 0x8e, 0xff, 0x7f, 0x8e, 0xff, 0x7f, 0x96, 0xff, 
  0x7f, 0x96, 0xff, 0x7f, 0x96, 0xff, 0x7f, 0x96, 0xff, 0x7f, 0x96, 0xff, 
  0x7f, 0x96, 0xff, 0x7f, 0x96, 0xff, 0x7f, 0x96, 0xff, 0x7f, 0x96, 0xff, 
  0x5f, 0x96, 0xff, 0x7f, 0x96, 0xff, 0x5f, 0x9e, 0xff, 0x5f, 0x9e, 0xff, 
  0x7f, 0x96, 0xff, 0x7f, 0x96, 0xff, 0x7f, 0x96, 0xff, 0x5f, 0x9e, 0xff, 
  0x5f, 0x9e, 0xff, 0x5f, 0x9e, 0xff, 0x5f, 0x9e, 0xff, 0x5f, 0x9e, 0xff, 
  0x5f, 0x9e, 0xff, 0x5f, 0x9e, 0xff, 0x5f, 0x9e, 0xff, 0x5f, 0xa6, 0xff, 
  0x5f, 0xa6, 0xff, 0x5f, 0xa6, 0xff, 0x5f, 0xa6, 0xff, 0x5f, 0xa6, 0xff, 
  0x5f, 0xa6, 0xff, 0x5f, 0xa6, 0xff, 0x3f, 0xa6, 0xff, 0x3f, 0xa6, 0xff, 
  0x3f, 0xae, 0xff, 0x3f, 0xae, 0xff, 0x3f, 0xae, 0xff, 0x5f, 0xa6, 0xff, 
  0x5f, 0xa6, 0xff, 0x3f, 0xae, 0xff, 0x3f, 0xae, 0xff, 0x3f, 0xae, 0xff, 
  0x3f, 0xae, 0xff, 0x3f, 0xae, 0xff, 0x3f, 0xae, 0xff, 0x3f, 0xae, 0xff, 
  0x3f, 0xae, 0xff, 0x3f, 0xae, 0xff, 0x3f, 0xb6, 0xff, 0x5f, 0xbe, 0x00, 
  0xdf, 0xce, 0x00, 0x5f, 0xe7, 0x00, 0xdf, 0xf7, 0x00, 0xff, 0xff, 0x00, 
  0xff, 0xff, 0x00, 0xff, 0xff, 0x00, 0xff, 0xff, 0x00, 0xff, 0xff, 0x00, 
  0xff, 0xff, 0x00, 0xff, 0xff, 0x00, 0xff, 0xff, 0x00, 0xff, 0xff, 0x00, 
  0xff, 0xff, 0x00, 0xff, 0xff, 0x00, 0xdf, 0xe7, 0x00, 0x9f, 0xbf, 0x00, 
  0x3f, 0x97, 0x00, 0x1f, 0x77, 0xff, 0xff, 0x6e, 0xff, 0x1f, 0x6f, 0xff, 
  0x1f, 0x6f, 0xff, 0xff, 0x6e, 0xff, 0xff, 0x76, 0xff, 0xff, 0x76, 0xff, 
  0xff, 0x6e, 0xff, 0xff, 0x6e, 0xff, 0xff, 0x6e, 0xff, 0xff, 0x6e, 0xff, 
  0xff, 0x76, 0xff, 0xff, 0x76, 0xff, 0xff, 0x76, 0xff, 0xff, 0x76, 0xff, 
  0xff, 0x76, 0xff, 0xff, 0x76, 0xff, 0xff, 0x76, 0xff, 0xff, 0x76, 0xff, 
  0xff, 0x76, 0xff, 0xff, 0x76, 0xff, 0xff, 0x76, 0xff, 0xff, 0x76, 0xff, 
  0xdf, 0x76, 0xff, 0xdf, 0x76, 0xff, 0xdf, 0x76, 0xff, 0xdf, 0x76, 0xff, 
  0xdf, 0x76, 0xff, 0xdf, 0x76, 0xff, 0xdf, 0x7e, 0xff, 0xdf, 0x7e, 0xff, 
  0xdf, 0x7e, 0xff, 0xdf, 0x7e, 0xff, 0xdf, 0x7e, 0xff, 0xdf, 0x7e, 0xff, 
  0xdf, 0x7e, 0xff, 0xdf, 0x7e, 0xff, 0xdf, 0x7e, 0xff, 0xdf, 0x7e, 0xff, 
  0xdf, 0x7e, 0xff, 0xdf, 0x7e, 0xff, 0xbf, 0x7e, 0xff, 0xbf, 0x86, 0xff, 
  0xbf, 0x86, 0xff, 0xbf, 0x86, 0xff, 0xbf, 0x7e, 0xff, 0xbf, 0x7e, 0xff, 
  0xbf, 0x7e, 0xff, 0xbf, 0x86, 0xff, 0xbf, 0x86, 0xff, 0xbf, 0x86, 0xff, 
  0xbf, 0x86, 0xff, 0xbf, 0x86, 0xff, 0xbf, 0x86, 0xff, 0xbf, 0x86, 0xff, 
  0xbf, 0x86, 0xff, 0xbf, 0x86, 0xff, 0x9f, 0x86, 0xff, 0x9f, 0x86, 0xff, 
  0x9f, 0x86, 0xff, 0x9f, 0x86, 0xff, 0x9f, 0x8e, 0xff, 0x9f, 0x8e, 0xff, 
  0x9f, 0x8e, 0xff, 0x9f, 0x8e, 0xff, 0x9f, 0x8e, 0xff, 0x9f, 0x8e, 0xff, 
  0x7f, 0x8e, 0xff, 0x7f, 0x8e, 0xff, 0x7f, 0x8e, 0xff, 0x7f, 0x8e, 0xff, 
  0x7f, 0x8e, 0xff, 0x7f, 0x8e, 0xff, 0x7f, 0x96, 0xff, 0x7f, 0x96, 0xff, 
  0x7f, 0x96, 0xff, 0x7f, 0x96, 0xff, 0x7f, 0x96, 0xff, 0x7f, 0x96, 0xff, 
  0x7f, 0x96, 0xff, 0x7f, 0x96, 0xff, 0x7f, 0x96, 0xff, 0x5f, 0x96, 0xff, 
  0x7f, 0x96, 0xff, 0x5f, 0x9e, 0xff, 0x5f, 0x9e, 0xff, 0x7f, 0x96, 0xff, 
  0x7f, 0x96, 0xff, 0x7f, 0x96, 0xff, 0x5f, 0x9e, 0xff, 0x5f, 0x9e, 0xff, 
  0x5f, 0x9e, 0xff, 0x5f, 0x9e, 0xff, 0x5f, 0x9e, 0xff, 0x5f, 0x9e, 0xff, 
  0x5f, 0x9e, 0xff, 0x5f, 0x9e, 0xff, 0x5f, 0xa6, 0xff, 0x5f, 0xa6, 0xff, 
  0x5f, 0xa6, 0xff, 0x5f, 0xa6, 0xff, 0x5f, 0xa6, 0xff, 0x5f, 0xa6, 0xff, 
  0x5f, 0xa6, 0xff, 0x3f, 0xa6, 0xff, 0x3f, 0xa6, 0xff, 0x3f, 0xae, 0xff, 
  0x3f, 0xae, 0xff, 0x3f, 0xae, 0xff, 0x5f, 0xa6, 0xff, 0x5f, 0xa6, 0xff, 
  0x3f, 0xae, 0xff, 0x3f, 0xae, 0xff, 0x3f, 0xae, 0xff, 0x3f, 0xae, 0xff, 
  0x3f, 0xae, 0xff, 0x3f, 0xae, 0xff, 0x3f, 0xae, 0xff, 0x3f, 0xae, 0xff, 
  0x3f, 0xae, 0xff, 0x3f, 0xb6, 0xff, 0x3f, 0xb6, 0xff, 0x5f, 0xbe, 0x00, 
  0xdf, 0xce, 0x00, 0x5f, 0xe7, 0x00, 0xdf, 0xf7, 0x00, 0xff, 0xff, 0x00, 
  0xff, 0xff, 0x00, 0xff, 0xff, 0x00, 0xff, 0xff, 0x00, 0xff, 0xff, 0x00, 
  0xff, 0xff, 0x00, 0xff, 0xff, 0x00, 0xff, 0xff, 0x00, 0xff, 0xff, 0x00, 
  0xff, 0xff, 0x00, 0xff, 0xf7, 0x00, 0xdf, 0xe7, 0x00, 0x9f, 0xbf, 0x00, 
  0x3f, 0x97, 0x00, 0x1f, 0x77, 0xff, 0x1f, 0x6f, 0xff, 0x1f, 0x6f, 0xff, 
  0xff, 0x6e, 0xff, 0xff, 0x6e, 0xff, 0xff, 0x76, 0xff, 0xff, 0x6e, 0xff, 
  0xff, 0x6e, 0xff, 0xff, 0x6e, 0xff, 0xff, 0x6e, 0xff, 0xff, 0x76, 0xff, 
  0xff, 0x76, 0xff, 0xff, 0x76, 0xff, 0xff, 0x76, 0xff, 0xff, 0x76, 0xff, 
  0xff, 0x76, 0xff, 0xff, 0x76, 0xff, 0xff, 0x76, 0xff, 0xff, 0x76, 0xff, 
  0xff, 0x76, 0xff, 0xff, 0x76, 0xff, 0xff, 0x76, 0xff, 0xdf, 0x76, 0xff, 
  0xdf, 0x76, 0xff, 0xdf, 0x76, 0xff, 0xdf, 0x76, 0xff, 0xdf, 0x76, 0xff, 
  0xdf, 0x76, 0xff, 0xdf, 0x7e, 0xff, 0xdf, 0x7e, 0xff, 0xdf, 0x7e, 0xff, 
  0xdf, 0x7e, 0xff, 0xdf, 0x7e, 0xff, 0xdf, 0x7e, 0xff, 0xdf, 0x7e, 0xff, 
  0xdf, 0x7e, 0xff, 0xdf, 0x7e, 0xff, 0xdf, 0x7e, 0xff, 0xdf, 0x7e, 0xff, 
  0xdf, 0x7e, 0xff, 0xbf, 0x7e, 0xff, 0xbf, 0x86, 0xff, 0xbf, 0x86, 0xff, 
  0xbf, 0x86, 0xff, 0xbf, 0x7e, 0xff, 0xbf, 0x7e, 0xff, 0xbf, 0x7e, 0xff, 
  0xbf, 0x86, 0xff, 0xbf, 0x86, 0xff, 0xbf, 0x86, 0xff, 0xbf, 0x86, 0xff, 
  0xbf, 0x86, 0xff, 0xbf, 0x86, 0xff, 0xbf, 0x86, 0xff, 0xbf, 0x86, 0xff, 
  0xbf, 0x86, 0xff, 0x9f, 0x86, 0xff, 0x9f, 0x86, 0xff, 0x9f, 0x86, 0xff, 
  0x9f, 0x8e, 0xff, 0x9f, 0x8e, 0xff, 0x9f, 0x8e, 0xff, 0x9f, 0x8e, 0xff, 
  0x9f, 0x8e, 0xff, 0x9f, 0x8e, 0xff, 0x9f, 0x8e, 0xff, 0x7f, 0x8e, 0xff, 
  0x7f, 0x8e, 0xff, 0x7f, 0x8e, 0xff, 0x7f, 0x8e, 0xff, 0x7f, 0x8e, 0xff, 
  0x7f, 0x8e, 0xff, 0x7f, 0x96, 0xff, 0x7f, 0x96, 0xff, 0x7f, 0x96, 0xff, 
  0x7f, 0x96, 0xff, 0x7f, 0x96, 0xff, 0x7f, 0x96, 0xff, 0x7f, 0x96, 0xff, 
  0x7f, 0x96, 0xff, 0x7f, 0x96, 0xff, 0x5f, 0x96, 0xff, 0x7f, 0x96, 0xff, 
  0x5f, 0x9e, 0xff, 0x5f, 0x9e, 0xff, 0x7f, 0x96, 0xff, 0x7f, 0x96, 0xff, 
  0x7f, 0x96, 0xff, 0x7f, 0x9e, 0xff, 0x5f, 0x9e, 0xff, 0x5f, 0x9e, 0xff, 
  0x5f, 0x9e, 0xff, 0x5f, 0x9e, 0xff, 0x5f, 0x9e, 0xff, 0x5f, 0x9e, 0xff, 
  0x5f, 0x9e, 0xff, 0x5f, 0xa6, 0xff, 0x5f, 0xa6, 0xff, 0x5f, 0xa6, 0xff, 
  0x5f, 0xa6, 0xff, 0x5f, 0xa6, 0xff, 0x5f, 0xa6, 0xff, 0x5f, 0xa6, 0xff, 
  0x3f, 0xa6, 0xff, 0x3f, 0xa6, 0xff, 0x3f, 0xae, 0xff, 0x3f, 0xae, 0xff, 
  0x3f, 0xae, 0xff, 0x5f, 0xa6, 0xff, 0x5f, 0xa6, 0xff, 0x3f, 0xae, 0xff, 
  0x3f, 0xae, 0xff, 0x3f, 0xae, 0xff, 0x3f, 0xae, 0xff, 0x3f, 0xae, 0xff, 
  0x3f, 0xae, 0xff, 0x3f, 0xae, 0xff, 0x3f, 0xae, 0xff, 0x3f, 0xae, 0xff, 
  0x3f, 0xb6, 0xff, 0x3f, 0xb6, 0xff, 0x3f, 0xb6, 0xff, 0x5f, 0xbe, 0x00, 
  0xdf, 0xce, 0x00, 0x5f, 0xe7, 0x00, 0xdf, 0xf7, 0x00, 0xff, 0xff, 0x00, 
  0xff, 0xff, 0x00, 0xff, 0xff, 0x00, 0xff, 0xff, 0x00, 0xff, 0xff, 0x00, 
  0xff, 0xff, 0x00, 0xff, 0xff, 0x00, 0xff, 0xff, 0x00, 0xff, 0xff, 0x00, 
  0xff, 0xff, 0x00, 0xff, 0xf7, 0x00, 0xdf, 0xe7, 0x00, 0x9f, 0xbf, 0x00, 
  0x3f, 0x97, 0x00, 0x1f, 0x77, 0xff, 0x1f, 0x6f, 0xff, 0xff, 0x6e, 0xff, 
  0xff, 0x76, 0xff, 0xff, 0x76, 0xff, 0xff, 0x6e, 0xff, 0xff, 0x6e, 0xff, 
  0xff, 0x6e, 0xff, 0xff, 0x6e, 0xff, 0xff, 0x76, 0xff, 0xff, 0x76, 0xff, 
  0xff, 0x76, 0xff, 0xff, 0x76, 0xff, 0xff, 0x76, 0xff, 0xff, 0x76, 0xff, 
  0xff, 0x76, 0xff, 0xff, 0x76, 0xff, 0xff, 0x76, 0xff, 0xff, 0x76, 0xff, 
  0xff, 0x76, 0xff, 0xff, 0x76, 0xff, 0xdf, 0x76, 0xff, 0xdf, 0x76, 0xff, 
  0xdf, 0x76, 0xff, 0xdf, 0x76, 0xff, 0xdf, 0x76, 0xff, 0xdf, 0x76, 0xff, 
  0xdf, 0x7e, 0xff, 0xdf, 0x7e, 0xff, 0xdf, 0x7e, 0xff, 0xdf, 0x7e, 0xff, 
  0xdf, 0x7e, 0xff, 0xdf, 0x7e, 0xff, 0xdf, 0x7e, 0xff, 0xdf, 0x7e, 0xff, 
  0xdf, 0x7e, 0xff, 0xdf, 0x7e, 0xff, 0xdf, 0x7e, 0xff, 0xdf, 0x7e, 0xff, 
  0xbf, 0x7e, 0xff, 0xbf, 0x86, 0xff, 0xbf, 0x86, 0xff, 0xbf, 0x86, 0xff, 
  0xbf, 0x7e, 0xff, 0xbf, 0x7e, 0xff, 0xbf, 0x7e, 0xff, 0xbf, 0x86, 0xff, 
  0xbf, 0x86, 0xff, 0xbf, 0x86, 0xff, 0xbf, 0x86, 0xff, 0xbf, 0x86, 0xff, 
  0xbf, 0x86, 0xff, 0xbf, 0x86, 0xff, 0xbf, 0x86, 0xff, 0xbf, 0x86, 0xff, 
  0x9f, 0x86, 0xff, 0x9f, 0x86, 0xff, 0x9f, 0x86, 0xff, 0x9f, 0x86, 0xff, 
  0x9f, 0x8e, 0xff, 0x9f, 0x8e, 0xff, 0x9f, 0x8e, 0xff, 0x9f, 0x8e, 0xff, 
  0x9f, 0x8e, 0xff, 0x9f, 0x8e, 0xff, 0x7f, 0x8e, 0xff, 0x7f, 0x8e, 0xff, 
  0x7f, 0x8e, 0xff, 0x7f, 0x8e, 0xff, 0x7f, 0x8e, 0xff, 0x7f, 0x8e, 0xff, 
  0x7f, 0x8e, 0xff, 0x7f, 0x96, 0xff, 0x7f, 0x96, 0xff, 0x7f, 0x96, 0xff, 
  0x7f, 0x96, 0xff, 0x7f, 0x96, 0xff, 0x7f, 0x96, 0xff, 0x7f, 0x96, 0xff, 
  0x7f, 0x96, 0xff, 0x5f, 0x96, 0xff, 0x7f, 0x96, 0xff, 0x5f, 0x9e, 0xff, 
  0x5f, 0x9e, 0xff, 0x7f, 0x96, 0xff, 0x7f, 0x96, 0xff, 0x7f, 0x96, 0xff, 
  0x5f, 0x9e, 0xff, 0x5f, 0x9e, 0xff, 0x5f, 0x9e, 0xff, 0x5f, 0x9e, 0xff, 
  0x5f, 0x9e, 0xff, 0x5f, 0x9e, 0xff, 0x5f, 0x9e, 0xff, 0x5f, 0x9e, 0xff, 
  0x5f, 0xa6, 0xff, 0x5f, 0xa6, 0xff, 0x5f, 0xa6, 0xff, 0x5f, 0xa6, 0xff, 
  0x5f, 0xa6, 0xff, 0x5f, 0xa6, 0xff, 0x5f, 0xa6, 0xff, 0x3f, 0xa6, 0xff, 
  0x3f, 0xa6, 0xff, 0x3f, 0xae, 0xff, 0x3f, 0xae, 0xff, 0x3f, 0xae, 0xff, 
  0x5f, 0xa6, 0xff, 0x5f, 0xa6, 0xff, 0x3f, 0xae, 0xff, 0x3f, 0xae, 0xff, 
  0x3f, 0xae, 0xff, 0x3f, 0xae, 0xff, 0x3f, 0xae, 0xff, 0x3f, 0xae, 0xff, 
  0x3f, 0xae, 0xff, 0x3f, 0xae, 0xff, 0x3f, 0xae, 0xff, 0x3f, 0xb6, 0xff, 
  0x3f, 0xb6, 0xff, 0x3f, 0xb6, 0xff, 0x3f, 0xb6, 0xff, 0x5f, 0xbe, 0x00, 
  0xdf, 0xce, 0x00, 0x5f, 0xe7, 0x00, 0xbf, 0xf7, 0x00, 0xff, 0xff, 0x00, 
  0xff, 0xff, 0x00, 0xff, 0xff, 0x00, 0xff, 0xff, 0x00, 0xff, 0xff, 0x00, 
  0xff, 0xff, 0x00, 0xff, 0xff, 0x00, 0xff, 0xff, 0x00, 0xff, 0xff, 0x00, 
  0xff, 0xff, 0x00, 0xff, 0xf7, 0x00, 0xdf, 0xe7, 0x00, 0x9f, 0xbf, 0x00, 
  0x3f, 0x97, 0x00, 0x1f, 0x77, 0xff, 0xff, 0x6e, 0xff, 0xff, 0x76, 0xff, 
  0xff, 0x76, 0xff, 0xff, 0x6e, 0xff, 0xff, 0x6e, 0xff, 0xff, 0x6e, 0xff, 
  0xff, 0x6e, 0xff, 0xff, 0x76, 0xff, 0xff, 0x76, 0xff, 0xff, 0x76, 0xff, 
  0xff, 0x76, 0xff, 0xff, 0x76, 0xff, 0xff, 0x76, 0xff, 0xff, 0x76, 0xff, 
  0xff, 0x76, 0xff, 0xff, 0x76, 0xff, 0xff, 0x76, 0xff, 0xff, 0x76, 0xff, 
  0xff, 0x76, 0xff, 0xdf, 0x76, 0xff, 0xdf, 0x76, 0xff, 0xdf, 0x76, 0xff, 
  0xdf, 0x76, 0xff, 0xdf, 0x76, 0xff, 0xdf, 0x76, 0xff, 0xdf, 0x7e, 0xff, 
  0xdf, 0x7e, 0xff, 0xdf, 0x7e, 0xff, 0xdf, 0x7e, 0xff, 0xdf, 0x7e, 0xff, 
  0xdf, 0x7e, 0xff, 0xdf, 0x7e, 0xff, 0xdf, 0x7e, 0xff, 0xdf, 0x7e, 0xff, 
  0xdf, 0x7e, 0xff, 0xdf, 0x7e, 0xff, 0xdf, 0x7e, 0xff, 0xbf, 0x7e, 0xff, 
  0xbf, 0x86, 0xff, 0xbf, 0x86, 0xff, 0xbf, 0x86, 0xff, 0xbf, 0x7e, 0xff, 
  0xbf, 0x7e, 0xff, 0xbf, 0x7e, 0xff, 0xbf, 0x86, 0xff, 0xbf, 0x86, 0xff, 
  0xbf, 0x86, 0xff, 0xbf, 0x86, 0xff, 0xbf, 0x86, 0xff, 0xbf, 0x86, 0xff, 
  0xbf, 0x86, 0xff, 0xbf, 0x86, 0xff, 0xbf, 0x86, 0xff, 0x9f, 0x86, 0xff, 
  0x9f, 0x86, 0xff, 0x9f, 0x86, 0xff, 0x9f, 0x8e, 0xff, 0x9f, 0x8e, 0xff, 
  0x9f, 0x8e, 0xff, 0x9f, 0x8e, 0xff, 0x9f, 0x8e, 0xff, 0x9f, 0x8e, 0xff, 
  0x9f, 0x8e, 0xff, 0x7f, 0x8e, 0xff, 0x7f, 0x8e, 0xff, 0x7f, 0x8e, 0xff, 
  0x7f, 0x8e, 0xff, 0x7f, 0x8e, 0xff, 0x7f, 0x8e, 0xff, 0x7f, 0x96, 0xff, 
  0x7f, 0x96, 0xff, 0x7f, 0x96, 0xff, 0x7f, 0x96, 0xff, 0x7f, 0x96, 0xff, 
  0x7f, 0x96, 0xff, 0x7f, 0x96, 0xff, 0x7f, 0x96, 0xff, 0x7f, 0x96, 0xff, 
  0x5f, 0x96, 0xff, 0x7f, 0x96, 0xff, 0x5f, 0x9e, 0xff, 0x5f, 0x9e, 0xff, 
  0x7f, 0x96, 0xff, 0x7f, 0x96, 0xff, 0x7f, 0x96, 0xff, 0x5f, 0x9e, 0xff, 
  0x5f, 0x9e, 0xff, 0x5f, 0x9e, 0xff, 0x5f, 0x9e, 0xff, 0x5f, 0x9e, 0xff, 
  0x5f, 0x9e, 0xff, 0x5f, 0x9e, 0xff, 0x5f, 0x9e, 0xff, 0x5f, 0xa6, 0xff, 
  0x5f, 0xa6, 0xff, 0x5f, 0xa6, 0xff, 0x5f, 0xa6, 0xff, 0x5f, 0xa6, 0xff, 
  0x5f, 0xa6, 0xff, 0x5f, 0xa6, 0xff, 0x3f, 0xa6, 0xff, 0x3f, 0xa6, 0xff, 
  0x3f, 0xae, 0xff, 0x3f, 0xae, 0xff, 0x3f, 0xae, 0xff, 0x5f, 0xa6, 0xff, 
  0x5f, 0xa6, 0xff, 0x3f, 0xae, 0xff, 0x3f, 0xae, 0xff, 0x3f, 0xae, 0xff, 
  0x3f, 0xae, 0xff, 0x3f, 0xae, 0xff, 0x3f, 0xae, 0xff, 0x3f, 0xae, 0xff, 
  0x3f, 0xae, 0xff, 0x3f, 0xae, 0xff, 0x3f, 0xb6, 0xff, 0x3f, 0xb6, 0xff, 
  0x3f, 0xb6, 0xff, 0x3f, 0xb6, 0xff, 0x3f, 0xb6, 0xff, 0x5f, 0xbe, 0x00, 
  0xdf, 0xce, 0x00, 0x5f, 0xe7, 0x00, 0xdf, 0xf7, 0x00, 0xff, 0xff, 0x00, 
  0xff, 0xff, 0x00, 0xff, 0xff, 0x00, 0xff, 0xff, 0x00, 0xff, 0xff, 0x00, 
  0xff, 0xff, 0x00, 0xff, 0xff, 0x00, 0xff, 0xff, 0x00, 0xff, 0xff, 0x00, 
  0xff, 0xff, 0x00, 0xff, 0xff, 0x00, 0xdf, 0xe7, 0x00, 0x9f, 0xbf, 0x00, 
  0x3f, 0x8f, 0x00, 0x1f, 0x77, 0xff, 0xff, 0x76, 0xff, 0xff, 0x76, 0xff, 
  0xff, 0x6e, 0xff, 0xff, 0x6e, 0xff, 0xff, 0x6e, 0xff, 0xff, 0x6e, 0xff, 
  0xff, 0x76, 0xff, 0xff, 0x76, 0xff, 0xff, 0x76, 0xff, 0xff, 0x76, 0xff, 
  0xff, 0x76, 0xff, 0xff, 0x76, 0xff, 0xff, 0x76, 0xff, 0xff, 0x76, 0xff, 
  0xff, 0x76, 0xff, 0xff, 0x76, 0xff, 0xff, 0x76, 0xff, 0xff, 0x76, 0xff, 
  0xdf, 0x76, 0xff, 0xdf, 0x76, 0xff, 0xdf, 0x76, 0xff, 0xdf, 0x76, 0xff, 
  0xdf, 0x76, 0xff, 0xdf, 0x76, 0xff, 0xdf, 0x7e, 0xff, 0xdf, 0x7e, 0xff, 
  0xdf, 0x7e, 0xff, 0xdf, 0x7e, 0xff, 0xdf, 0x7e, 0xff, 0xdf, 0x7e, 0xff, 
  0xdf, 0x7e, 0xff, 0xdf, 0x7e, 0xff, 0xdf, 0x7e, 0xff, 0xdf, 0x7e, 0xff, 
  0xdf, 0x7e, 0xff, 0xdf, 0x7e, 0xff, 0xbf, 0x7e, 0xff, 0xbf, 0x86, 0xff, 
  0xbf, 0x86, 0xff, 0xbf, 0x86, 0xff, 0xbf, 0x7e, 0xff, 0xbf, 0x7e, 0xff, 
  0xbf, 0x86, 0xff, 0xbf, 0x86, 0xff, 0xbf, 0x86, 0xff, 0xbf, 0x86, 0xff, 
  0xbf, 0x86, 0xff, 0xbf, 0x86, 0xff, 0xbf, 0x86, 0xff, 0xbf, 0x86, 0xff, 
  0xbf, 0x86, 0xff, 0xbf, 0x86, 0xff, 0xbf, 0x86, 0xff, 0x9f, 0x86, 0xff, 
  0x9f, 0x86, 0xff, 0x9f, 0x86, 0xff, 0x9f, 0x8e, 0xff, 0x9f, 0x8e, 0xff, 
  0x9f, 0x8e, 0xff, 0x9f, 0x8e, 0xff, 0x9f, 0x8e, 0xff, 0x9f, 0x8e, 0xff, 
  0x7f, 0x8e, 0xff, 0x7f, 0x8e, 0xff, 0x7f, 0x8e, 0xff, 0x7f, 0x8e, 0xff, 
  0x7f, 0x8e, 0xff, 0x7f, 0x8e, 0xff, 0x7f, 0x96, 0xff, 0x7f, 0x96, 0xff, 
  0x7f, 0x96, 0xff, 0x7f, 0x96, 0xff, 0x7f, 0x96, 0xff, 0x7f, 0x96, 0xff, 
  0x7f, 0x96, 0xff, 0x7f, 0x96, 0xff, 0x7f, 0x96, 0xff, 0x5f, 0x96, 0xff, 
  0x7f, 0x96, 0xff, 0x5f, 0x9e, 0xff, 0x5f, 0x9e, 0xff, 0x7f, 0x9e, 0xff, 
  0x7f, 0x96, 0xff, 0x7f, 0x96, 0xff, 0x5f, 0x9e, 0xff, 0x5f, 0x9e, 0xff, 
  0x5f, 0x9e, 0xff, 0x5f, 0x9e, 0xff, 0x5f, 0x9e, 0xff, 0x5f, 0x9e, 0xff, 
  0x5f, 0x9e, 0xff, 0x5f, 0x9e, 0xff, 0x5f, 0xa6, 0xff, 0x5f, 0xa6, 0xff, 
  0x5f, 0xa6, 0xff, 0x5f, 0xa6, 0xff, 0x5f, 0xa6, 0xff, 0x5f, 0xa6, 0xff, 
  0x5f, 0xa6, 0xff, 0x3f, 0xa6, 0xff, 0x3f, 0xa6, 0xff, 0x3f, 0xae, 0xff, 
  0x3f, 0xae, 0xff, 0x3f, 0xae, 0xff, 0x5f, 0xa6, 0xff, 0x5f, 0xa6, 0xff, 
  0x3f, 0xae, 0xff, 0x3f, 0xae, 0xff, 0x3f, 0xae, 0xff, 0x3f, 0xae, 0xff, 
  0x3f, 0xae, 0xff, 0x3f, 0xae, 0xff, 0x3f, 0xae, 0xff, 0x3f, 0xae, 0xff, 
  0x3f, 0xae, 0xff, 0x3f, 0xb6, 0xff, 0x3f, 0xb6, 0xff, 0x3f, 0xb6, 0xff, 
  0x3f, 0xb6, 0xff, 0x3f, 0xb6, 0xff, 0x3f, 0xb6, 0xff, 0x5f, 0xbe, 0x00, 
  0xdf, 0xce, 0x00, 0x5f, 0xe7, 0x00, 0xdf, 0xf7, 0x00, 0xff, 0xff, 0x00, 
  0xff, 0xff, 0x00, 0xff, 0xff, 0x00, 0xff, 0xff, 0x00, 0xff, 0xff, 0x00, 
  0xff, 0xff, 0x00, 0xff, 0xff, 0x00, 0xff, 0xff, 0x00, 0xff, 0xff, 0x00, 
  0xff, 0xff, 0x00, 0xff, 0xf7, 0x00, 0xdf, 0xe7, 0x00, 0x9f, 0xbf, 0x00, 
  0x3f, 0x97, 0x00, 0x1f, 0x77, 0xff, 0xff, 0x76, 0xff, 0xff, 0x6e, 0xff, 
  0xff, 0x6e, 0xff, 0xff, 0x6e, 0xff, 0xff, 0x6e, 0xff, 0xff, 0x76, 0xff, 
  0xff, 0x76, 0xff, 0xff, 0x76, 0xff, 0xff, 0x76, 0xff, 0xff, 0x76, 0xff, 
  0xff, 0x76, 0xff, 0xff, 0x76, 0xff, 0xff, 0x76, 0xff, 0xff, 0x76, 0xff, 
  0xff, 0x76, 0xff, 0xff, 0x76, 0xff, 0xff, 0x76, 0xff, 0xdf, 0x76, 0xff, 
  0xdf, 0x76, 0xff, 0xdf, 0x76, 0xff, 0xdf, 0x76, 0xff, 0xdf, 0x76, 0xff, 
  0xdf, 0x76, 0xff, 0xdf, 0x7e, 0xff, 0xdf, 0x7e, 0xff, 0xdf, 0x7e, 0xff, 
  0xdf, 0x7e, 0xff, 0xdf, 0x7e, 0xff, 0xdf, 0x7e, 0xff, 0xdf, 0x7e, 0xff, 
  0xdf, 0x7e, 0xff, 0xdf, 0x7e, 0xff, 0xdf, 0x7e, 0xff, 0xdf, 0x7e, 0xff, 
  0xdf, 0x7e, 0xff, 0xbf, 0x7e, 0xff, 0xbf, 0x86, 0xff, 0xbf, 0x86, 0xff, 
  0xbf, 0x86, 0xff, 0xbf, 0x7e, 0xff, 0xbf, 0x7e, 0xff, 0xbf, 0x86, 0xff, 
  0xbf, 0x86, 0xff, 0xbf, 0x86, 0xff, 0xbf, 0x86, 0xff, 0xbf, 0x86, 0xff, 
  0xbf, 0x86, 0xff, 0xbf, 0x86, 0xff, 0xbf, 0x86, 0xff, 0xbf, 0x86, 0xff, 
  0xbf, 0x86, 0xff, 0xbf, 0x86, 0xff, 0x9f, 0x86, 0xff, 0x9f, 0x86, 0xff, 
  0x9f, 0x86, 0xff, 0x9f, 0x8e, 0xff, 0x9f, 0x8e, 0xff, 0x9f, 0x8e, 0xff, 
  0x9f, 0x8e, 0xff, 0x9f, 0x8e, 0xff, 0x9f, 0x8e, 0xff, 0x7f, 0x8e, 0xff, 
  0x7f, 0x8e, 0xff, 0x7f, 0x8e, 0xff, 0x7f, 0x8e, 0xff, 0x7f, 0x8e, 0xff, 
  0x7f, 0x8e, 0xff, 0x7f, 0x8e, 0xff, 0x7f, 0x96, 0xff, 0x7f, 0x96, 0xff, 
  0x7f, 0x96, 0xff, 0x7f, 0x96, 0xff, 0x7f, 0x96, 0xff, 0x7f, 0x96, 0xff, 
  0x7f, 0x96, 0xff, 0x7f, 0x96, 0xff, 0x5f, 0x96, 0xff, 0x7f, 0x96, 0xff, 
  0x5f, 0x9e, 0xff, 0x5f, 0x9e, 0xff, 0x7f, 0x9e, 0xff, 0x7f, 0x96, 0xff, 
  0x7f, 0x96, 0xff, 0x7f, 0x9e, 0xff, 0x5f, 0x9e, 0xff, 0x5f, 0x9e, 0xff, 
  0x5f, 0x9e, 0xff, 0x5f, 0x9e, 0xff, 0x5f, 0x9e, 0xff, 0x5f, 0x9e, 0xff, 
  0x5f, 0x9e, 0xff, 0x5f, 0xa6, 0xff, 0x5f, 0xa6, 0xff, 0x5f, 0xa6, 0xff, 
  0x5f, 0xa6, 0xff, 0x5f, 0xa6, 0xff, 0x5f, 0xa6, 0xff, 0x5f, 0xa6, 0xff, 
  0x3f, 0xa6, 0xff, 0x3f, 0xa6, 0xff, 0x3f, 0xae, 0xff, 0x3f, 0xae, 0xff, 
  0x3f, 0xae, 0xff, 0x5f, 0xa6, 0xff, 0x5f, 0xa6, 0xff, 0x3f, 0xae, 0xff, 
  0x3f, 0xae, 0xff, 0x3f, 0xae, 0xff, 0x3f, 0xae, 0xff, 0x3f, 0xae, 0xff, 
  0x3f, 0xae, 0xff, 0x3f, 0xae, 0xff, 0x3f, 0xae, 0xff, 0x3f, 0xae, 0xff, 
  0x3f, 0xb6, 0xff, 0x3f, 0xb6, 0xff, 0x3f, 0xb6, 0xff, 0x3f, 0xb6, 0xff, 
  0x3f, 0xb6, 0xff, 0x3f, 0xb6, 0xff, 0x3f, 0xb6, 0xff, 0x5f, 0xbe, 0x00, 
  0xdf, 0xce, 0x00, 0x5f, 0xe7, 0x00, 0xdf, 0xf7, 0x00, 0xff, 0xff, 0x00, 
  0xff, 0xff, 0x00, 0xff, 0xff, 0x00, 0xff, 0xff, 0x00, 0xff, 0xff, 0x00, 
  0xff, 0xff, 0x00, 0xff, 0xff, 0x00, 0xff, 0xff, 0x00, 0xff, 0xff, 0x00, 
  0xff, 0xff, 0x00, 0xff, 0xf7, 0x00, 0xdf, 0xe7, 0x00, 0x9f, 0xbf, 0x00, 
  0x3f, 0x97, 0x00, 0x1f, 0x77, 0xff, 0xff, 0x6e, 0xff, 0xff, 0x6e, 0xff, 
  0xff, 0x6e, 0xff, 0xff, 0x6e, 0xff, 0xff, 0x76, 0xff, 0xff, 0x76, 0xff, 
  0xff, 0x76, 0xff, 0xff, 0x76, 0xff, 0xff, 0x76, 0xff, 0xff, 0x76, 0xff, 
  0xff, 0x76, 0xff, 0xff, 0x76, 0xff, 0xff, 0x76, 0xff, 0xff, 0x76, 0xff, 
  0xff, 0x76, 0xff, 0xff, 0x76, 0xff, 0xdf, 0x76, 0xff, 0xdf, 0x76, 0xff, 
  0xdf, 0x76, 0xff, 0xdf, 0x76, 0xff, 0xdf, 0x76, 0xff, 0xdf, 0x76, 0xff, 
  0xdf, 0x7e, 0xff, 0xdf, 0x7e, 0xff, 0xdf, 0x7e, 0xff, 0xdf, 0x7e, 0xff, 
  0xdf, 0x7e, 0xff, 0xdf, 0x7e, 0xff, 0xdf, 0x7e, 0xff, 0xdf, 0x7e, 0xff, 
  0xdf, 0x7e, 0xff, 0xdf, 0x7e, 0xff, 0xdf, 0x7e, 0xff, 0xdf, 0x7e, 0xff, 
  0xdf, 0x7e, 0xff, 0xbf, 0x86, 0xff, 0xbf, 0x86, 0xff, 0xbf, 0x86, 0xff, 
  0xbf, 0x7e, 0xff, 0xbf, 0x7e, 0xff, 0xbf, 0x7e, 0xff, 0xbf, 0x86, 0xff, 
  0xbf, 0x86, 0xff, 0xbf, 0x86, 0xff, 0xbf, 0x86, 0xff, 0xbf, 0x86, 0xff, 
  0xbf, 0x86, 0xff, 0xbf, 0x86, 0xff, 0xbf, 0x86, 0xff, 0xbf, 0x86, 0xff, 
  0xbf, 0x86, 0xff, 0x9f, 0x86, 0xff, 0x9f, 0x86, 0xff, 0x9f, 0x86, 0xff, 
  0x9f, 0x8e, 0xff, 0x9f, 0x8e, 0xff, 0x9f, 0x8e, 0xff, 0x9f, 0x8e, 0xff, 
  0x9f, 0x8e, 0xff, 0x9f, 0x8e, 0xff, 0x7f, 0x8e, 0xff, 0x7f, 0x8e, 0xff, 
  0x7f, 0x8e, 0xff, 0x7f, 0x8e, 0xff, 0x7f, 0x8e, 0xff, 0x7f, 0x8e, 0xff, 
  0x7f, 0x96, 0xff, 0x7f, 0x96, 0xff, 0x7f, 0x96, 0xff, 0x7f, 0x96, 0xff, 
  0x7f, 0x96, 0xff, 0x7f, 0x96, 0xff, 0x7f, 0x96, 0xff, 0x7f, 0x96, 0xff, 
  0x7f, 0x96, 0xff, 0x5f, 0x96, 0xff, 0x7f, 0x96, 0xff, 0x5f, 0x9e, 0xff, 
  0x5f, 0x9e, 0xff, 0x7f, 0x9e, 0xff, 0x7f, 0x96, 0xff, 0x7f, 0x96, 0xff, 
  0x7f, 0x9e, 0xff, 0x5f, 0x9e, 0xff, 0x5f, 0x9e, 0xff, 0x5f, 0x9e, 0xff, 
  0x5f, 0x9e, 0xff, 0x5f, 0x9e, 0xff, 0x5f, 0x9e, 0xff, 0x5f, 0x9e, 0xff, 
  0x5f, 0xa6, 0xff, 0x5f, 0xa6, 0xff, 0x5f, 0xa6, 0xff, 0x5f, 0xa6, 0xff, 
  0x5f, 0xa6, 0xff, 0x5f, 0xa6, 0xff, 0x5f, 0xa6, 0xff, 0x3f, 0xa6, 0xff, 
  0x3f, 0xa6, 0xff, 0x3f, 0xae, 0xff, 0x3f, 0xae, 0xff, 0x3f, 0xae, 0xff, 
  0x5f, 0xa6, 0xff, 0x5f, 0xa6, 0xff, 0x3f, 0xae, 0xff, 0x3f, 0xae, 0xff, 
  0x3f, 0xae, 0xff, 0x3f, 0xae, 0xff, 0x3f, 0xae, 0xff, 0x3f, 0xae, 0xff, 
  0x3f, 0xae, 0xff, 0x3f, 0xae, 0xff, 0x3f, 0xae, 0xff, 0x3f, 0xb6, 0xff, 
  0x3f, 0xb6, 0xff, 0x3f, 0xb6, 0xff, 0x3f, 0xb6, 0xff, 0x3f, 0xb6, 0xff, 
  0x3f, 0xb6, 0xff, 0x3f, 0xb6, 0xff, 0x3f, 0xb6, 0xff, 0x5f, 0xbe, 0x00, 
  0xdf, 0xce, 0x00, 0x5f, 0xe7, 0x00, 0xbf, 0xf7, 0x00, 0xff, 0xff, 0x00, 
  0xff, 0xff, 0x00, 0xff, 0xff, 0x00, 0xff, 0xff, 0x00, 0xff, 0xff, 0x00, 
  0xff, 0xff, 0x00, 0xff, 0xff, 0x00, 0xff, 0xff, 0x00, 0xff, 0xff, 0x00, 
  0xff, 0xff, 0x00, 0xff, 0xf7, 0x00, 0xdf, 0xe7, 0x00, 0x9f, 0xbf, 0x00, 
  0x5f, 0x97, 0x00, 0x1f, 0x77, 0xff, 0xff, 0x6e, 0xff, 0xff, 0x6e, 0xff, 
  0xff, 0x6e, 0xff, 0xff, 0x76, 0xff, 0xff, 0x76, 0xff, 0xff, 0x76, 0xff, 
  0xff, 0x76, 0xff, 0xff, 0x76, 0xff, 0xff, 0x76, 0xff, 0xff, 0x76, 0xff, 
  0xff, 0x76, 0xff, 0xff, 0x76, 0xff, 0xff, 0x76, 0xff, 0xff, 0x76, 0xff, 
  0xff, 0x76, 0xff, 0xdf, 0x76, 0xff, 0xdf, 0x76, 0xff, 0xdf, 0x76, 0xff, 
  0xdf, 0x76, 0xff, 0xdf, 0x76, 0xff, 0xdf, 0x76, 0xff, 0xdf, 0x7e, 0xff, 
  0xdf, 0x7e, 0xff, 0xdf, 0x7e, 0xff, 0xdf, 0x7e, 0xff, 0xdf, 0x7e, 0xff, 
  0xdf, 0x7e, 0xff, 0xdf, 0x7e, 0xff, 0xdf, 0x7e, 0xff, 0xdf, 0x7e, 0xff, 
  0xdf, 0x7e, 0xff, 0xdf, 0x7e, 0xff, 0xdf, 0x7e, 0xff, 0xdf, 0x7e, 0xff, 
  0xbf, 0x86, 0xff, 0xbf, 0x86, 0xff, 0xbf, 0x86, 0xff, 0xbf, 0x7e, 0xff, 
  0xbf, 0x7e, 0xff, 0xbf, 0x86, 0xff, 0xbf, 0x86, 0xff, 0xbf, 0x86, 0xff, 
  0xbf, 0x86, 0xff, 0xbf, 0x86, 0xff, 0xbf, 0x86, 0xff, 0xbf, 0x86, 0xff, 
  0xbf, 0x86, 0xff, 0xbf, 0x86, 0xff, 0xbf, 0x86, 0xff, 0xbf, 0x86, 0xff, 
  0x9f, 0x86, 0xff, 0x9f, 0x86, 0xff, 0x9f, 0x86, 0xff, 0x9f, 0x8e, 0xff, 
  0x9f, 0x8e, 0xff, 0x9f, 0x8e, 0xff, 0x9f, 0x8e, 0xff, 0x9f, 0x8e, 0xff, 
  0x9f, 0x8e, 0xff, 0x7f, 0x8e, 0xff, 0x7f, 0x8e, 0xff, 0x7f, 0x8e, 0xff, 
  0x7f, 0x8e, 0xff, 0x7f, 0x8e, 0xff, 0x7f, 0x8e, 0xff, 0x7f, 0x8e, 0xff, 
  0x7f, 0x96, 0xff, 0x7f, 0x96, 0xff, 0x7f, 0x96, 0xff, 0x7f, 0x96, 0xff, 
  0x7f, 0x96, 0xff, 0x7f, 0x96, 0xff, 0x7f, 0x96, 0xff, 0x7f, 0x96, 0xff, 
  0x5f, 0x96, 0xff, 0x7f, 0x96, 0xff, 0x5f, 0x9e, 0xff, 0x5f, 0x9e, 0xff, 
  0x7f, 0x9e, 0xff, 0x7f, 0x96, 0xff, 0x7f, 0x96, 0xff, 0x7f, 0x9e, 0xff, 
  0x5f, 0x9e, 0xff, 0x5f, 0x9e, 0xff, 0x5f, 0x9e, 0xff, 0x5f, 0x9e, 0xff, 
  0x5f, 0x9e, 0xff, 0x5f, 0x9e, 0xff, 0x5f, 0x9e, 0xff, 0x5f, 0xa6, 0xff, 
  0x5f, 0xa6, 0xff, 0x5f, 0xa6, 0xff, 0x5f, 0xa6, 0xff, 0x5f, 0xa6, 0xff, 
  0x5f, 0xa6, 0xff, 0x5f, 0xa6, 0xff, 0x3f, 0xa6, 0xff, 0x3f, 0xa6, 0xff, 
  0x3f, 0xae, 0xff, 0x3f, 0xae, 0xff, 0x3f, 0xae, 0xff, 0x5f, 0xa6, 0xff, 
  0x5f, 0xa6, 0xff, 0x3f, 0xae, 0xff, 0x3f, 0xae, 0xff, 0x3f, 0xae, 0xff, 
  0x3f, 0xae, 0xff, 0x3f, 0xae, 0xff, 0x3f, 0xae, 0xff, 0x3f, 0xae, 0xff, 
  0x3f, 0xae, 0xff, 0x3f, 0xae, 0xff, 0x3f, 0xb6, 0xff, 0x3f, 0xb6, 0xff, 
  0x3f, 0xb6, 0xff, 0x3f, 0xb6, 0xff, 0x3f, 0xb6, 0xff, 0x3f, 0xb6, 0xff, 
  0x3f, 0xb6, 0xff, 0x3f, 0xb6, 0xff, 0x1f, 0xb6, 0xff, 0x5f, 0xbe, 0x00, 
  0xdf, 0xce, 0x00, 0x5f, 0xe7, 0x00, 0xdf, 0xf7, 0x00, 0xff, 0xff, 0x00, 
  0xff, 0xff, 0x00, 0xff, 0xff, 0x00, 0xff, 0xff, 0x00, 0xff, 0xff, 0x00, 
  0xff, 0xff, 0x00, 0xff, 0xff, 0x00, 0xff, 0xff, 0x00, 0xff, 0xff, 0x00, 
  0xff, 0xff, 0x00, 0xff, 0xf7, 0x00, 0xdf, 0xe7, 0x00, 0x9f, 0xbf, 0x00, 
  0x3f, 0x97, 0x00, 0x1f, 0x77, 0xff, 0xff, 0x6e, 0xff, 0xff, 0x6e, 0xff, 
  0xff, 0x76, 0xff, 0xff, 0x76, 0xff, 0xff, 0x76, 0xff, 0xff, 0x76, 0xff, 
  0xff, 0x76, 0xff, 0xff, 0x76, 0xff, 0xff, 0x76, 0xff, 0xff, 0x76, 0xff, 
  0xff, 0x76, 0xff, 0xff, 0x76, 0xff, 0xff, 0x76, 0xff, 0xff, 0x76, 0xff, 
  0xdf, 0x76, 0xff, 0xdf, 0x76, 0xff, 0xdf, 0x76, 0xff, 0xdf, 0x76, 0xff, 
  0xdf, 0x76, 0xff, 0xdf, 0x76, 0xff, 0xdf, 0x7e, 0xff, 0xdf, 0x7e, 0xff, 
  0xdf, 0x7e, 0xff, 0xdf, 0x7e, 0xff, 0xdf, 0x7e, 0xff, 0xdf, 0x7e, 0xff, 
  0xdf, 0x7e, 0xff, 0xdf, 0x7e, 0xff, 0xdf, 0x7e, 0xff, 0xdf, 0x7e, 0xff, 
  0xdf, 0x7e, 0xff, 0xdf, 0x7e, 0xff, 0xdf, 0x7e, 0xff, 0xbf, 0x86, 0xff, 
  0xbf, 0x86, 0xff, 0xbf, 0x86, 0xff, 0xbf, 0x7e, 0xff, 0xbf, 0x7e, 0xff, 
  0xbf, 0x86, 0xff, 0xbf, 0x86, 0xff, 0xbf, 0x86, 0xff, 0xbf, 0x86, 0xff, 
  0xbf, 0x86, 0xff, 0xbf, 0x86, 0xff, 0xbf, 0x86, 0xff, 0xbf, 0x86, 0xff, 
  0xbf, 0x86, 0xff, 0xbf, 0x86, 0xff, 0xbf, 0x86, 0xff, 0x9f, 0x86, 0xff, 
  0x9f, 0x86, 0xff, 0x9f, 0x86, 0xff, 0x9f, 0x8e, 0xff, 0x9f, 0x8e, 0xff, 
  0x9f, 0x8e, 0xff, 0x9f, 0x8e, 0xff, 0x9f, 0x8e, 0xff, 0x9f, 0x8e, 0xff, 
  0x7f, 0x8e, 0xff, 0x7f, 0x8e, 0xff, 0x7f, 0x8e, 0xff, 0x7f, 0x8e, 0xff, 
  0x7f, 0x8e, 0xff, 0x7f, 0x8e, 0xff, 0x7f, 0x8e, 0xff, 0x7f, 0x96, 0xff, 
  0x7f, 0x96, 0xff, 0x7f, 0x96, 0xff, 0x7f, 0x96, 0xff, 0x7f, 0x96, 0xff, 
  0x7f, 0x96, 0xff, 0x7f, 0x96, 0xff, 0x7f, 0x96, 0xff, 0x5f, 0x96, 0xff, 
  0x7f, 0x96, 0xff, 0x5f, 0x9e, 0xff, 0x5f, 0x9e, 0xff, 0x7f, 0x9e, 0xff, 
  0x7f, 0x96, 0xff, 0x7f, 0x96, 0xff, 0x7f, 0x9e, 0xff, 0x5f, 0x9e, 0xff, 
  0x5f, 0x9e, 0xff, 0x5f, 0x9e, 0xff, 0x5f, 0x9e, 0xff, 0x5f, 0x9e, 0xff, 
  0x5f, 0x9e, 0xff, 0x5f, 0x9e, 0xff, 0x5f, 0xa6, 0xff, 0x5f, 0xa6, 0xff, 
  0x5f, 0xa6, 0xff, 0x5f, 0xa6, 0xff, 0x5f, 0xa6, 0xff, 0x5f, 0xa6, 0xff, 
  0x5f, 0xa6, 0xff, 0x3f, 0xa6, 0xff, 0x3f, 0xa6, 0xff, 0x3f, 0xae, 0xff, 
  0x3f, 0xae, 0xff, 0x3f, 0xae, 0xff, 0x5f, 0xa6, 0xff, 0x5f, 0xa6, 0xff, 
  0x3f, 0xae, 0xff, 0x3f, 0xae, 0xff, 0x3f, 0xae, 0xff, 0x3f, 0xae, 0xff, 
  0x3f, 0xae, 0xff, 0x3f, 0xae, 0xff, 0x3f, 0xae, 0xff, 0x3f, 0xae, 0xff, 
  0x3f, 0xae, 0xff, 0x3f, 0xb6, 0xff, 0x3f, 0xb6, 0xff, 0x3f, 0xb6, 0xff, 
  0x3f, 0xb6, 0xff, 0x3f, 0xb6, 0xff, 0x3f, 0xb6, 0xff, 0x3f, 0xb6, 0xff, 
  0x3f, 0xb6, 0xff, 0x1f, 0xb6, 0xff, 0x3f, 0xb6, 0xff, 0x5f, 0xbe, 0x00, 
  0xdf, 0xce, 0x00, 0x5f, 0xe7, 0x00, 0xdf, 0xf7, 0x00, 0xff, 0xff, 0x00, 
  0xff, 0xff, 0x00, 0xff, 0xff, 0x00, 0xff, 0xff, 0x00, 0xff, 0xff, 0x00, 
  0xff, 0xff, 0x00, 0xff, 0xff, 0x00, 0xff, 0xff, 0x00, 0xff, 0xff, 0x00, 
  0xff, 0xff, 0x00, 0xff, 0xf7, 0x00, 0xdf, 0xe7, 0x00, 0x9f, 0xbf, 0x00, 
  0x3f, 0x97, 0x00, 0xff, 0x76, 0xff, 0xff, 0x6e, 0xff, 0xff, 0x76, 0xff, 
  0xff, 0x76, 0xff, 0xff, 0x76, 0xff, 0xff, 0x76, 0xff, 0xff, 0x76, 0xff, 
  0xff, 0x76, 0xff, 0xff, 0x76, 0xff, 0xff, 0x76, 0xff, 0xff, 0x76, 0xff, 
  0xff, 0x76, 0xff, 0xff, 0x76, 0xff, 0xff, 0x76, 0xff, 0xdf, 0x76, 0xff, 
  0xdf, 0x76, 0xff, 0xdf, 0x76, 0xff, 0xdf, 0x76, 0xff, 0xdf, 0x76, 0xff, 
  0xdf, 0x7e, 0xff, 0xdf, 0x7e, 0xff, 0xdf, 0x7e, 0xff, 0xdf, 0x7e, 0xff, 
  0xdf, 0x7e, 0xff, 0xdf, 0x7e, 0xff, 0xdf, 0x7e, 0xff, 0xdf, 0x7e, 0xff, 
  0xdf, 0x7e, 0xff, 0xdf, 0x7e, 0xff, 0xdf, 0x7e, 0xff, 0xdf, 0x7e, 0xff, 
  0xdf, 0x7e, 0xff, 0xbf, 0x7e, 0xff, 0xbf, 0x86, 0xff, 0xbf, 0x86, 0xff, 
  0xbf, 0x86, 0xff, 0xbf, 0x7e, 0xff, 0xbf, 0x7e, 0xff, 0xbf, 0x86, 0xff, 
  0xbf, 0x86, 0xff, 0xbf, 0x86, 0xff, 0xbf, 0x86, 0xff, 0xbf, 0x86, 0xff, 
  0xbf, 0x86, 0xff, 0xbf, 0x86, 0xff, 0xbf, 0x86, 0xff, 0xbf, 0x86, 0xff, 
  0xbf, 0x86, 0xff, 0xbf, 0x86, 0xff, 0x9f, 0x86, 0xff, 0x9f, 0x86, 0xff, 
  0x9f, 0x86, 0xff, 0x9f, 0x8e, 0xff, 0x9f, 0x8e, 0xff, 0x9f, 0x8e, 0xff, 
  0x9f, 0x8e, 0xff, 0x9f, 0x8e, 0xff, 0x9f, 0x8e, 0xff, 0x7f, 0x8e, 0xff, 
  0x7f, 0x8e, 0xff, 0x7f, 0x8e, 0xff, 0x7f, 0x8e, 0xff, 0x7f, 0x8e, 0xff, 
  0x7f, 0x8e, 0xff, 0x7f, 0x8e, 0xff, 0x7f, 0x96, 0xff, 0x7f, 0x96, 0xff, 
  0x7f, 0x96, 0xff, 0x7f, 0x96, 0xff, 0x7f, 0x96, 0xff, 0x7f, 0x96, 0xff, 
  0x7f, 0x96, 0xff, 0x7f, 0x96, 0xff, 0x5f, 0x96, 0xff, 0x7f, 0x96, 0xff, 
  0x5f, 0x9e, 0xff, 0x5f, 0x9e, 0xff, 0x7f, 0x96, 0xff, 0x7f, 0x96, 0xff, 
  0x7f, 0x96, 0xff, 0x7f, 0x9e, 0xff, 0x5f, 0x9e, 0xff, 0x5f, 0x9e, 0xff, 
  0x5f, 0x9e, 0xff, 0x5f, 0x9e, 0xff, 0x5f, 0x9e, 0xff, 0x5f, 0x9e, 0xff, 
  0x5f, 0x9e, 0xff, 0x5f, 0xa6, 0xff, 0x5f, 0xa6, 0xff, 0x5f, 0xa6, 0xff, 
  0x5f, 0xa6, 0xff, 0x5f, 0xa6, 0xff, 0x5f, 0xa6, 0xff, 0x5f, 0xa6, 0xff, 
  0x3f, 0xa6, 0xff, 0x3f, 0xa6, 0xff, 0x3f, 0xae, 0xff, 0x3f, 0xae, 0xff, 
  0x3f, 0xae, 0xff, 0x5f, 0xa6, 0xff, 0x5f, 0xa6, 0xff, 0x3f, 0xae, 0xff, 
  0x3f, 0xae, 0xff, 0x3f, 0xae, 0xff, 0x3f, 0xae, 0xff, 0x3f, 0xae, 0xff, 
  0x3f, 0xae, 0xff, 0x3f, 0xae, 0xff, 0x3f, 0xae, 0xff, 0x3f, 0xae, 0xff, 
  0x3f, 0xb6, 0xff, 0x3f, 0xb6, 0xff, 0x3f, 0xb6, 0xff, 0x3f, 0xb6, 0xff, 
  0x3f, 0xb6, 0xff, 0x3f, 0xb6, 0xff, 0x3f, 0xb6, 0xff, 0x3f, 0xb6, 0xff, 
  0x1f, 0xb6, 0xff, 0x3f, 0xb6, 0xff, 0x3f, 0xb6, 0xff, 0x5f, 0xbe, 0x00, 
  0xdf, 0xce, 0x00, 0x5f, 0xe7, 0x00, 0xdf, 0xf7, 0x00, 0xff, 0xff, 0x00, 
  0xff, 0xff, 0x00, 0xff, 0xff, 0x00, 0xff, 0xff, 0x00, 0xff, 0xff, 0x00, 
  0xff, 0xff, 0x00, 0xff, 0xff, 0x00, 0xff, 0xff, 0x00, 0xff, 0xff, 0x00, 
  0xff, 0xff, 0x00, 0xff, 0xff, 0x00, 0xdf, 0xe7, 0x00, 0x9f, 0xbf, 0x00, 
  0x3f, 0x97, 0x00, 0xff, 0x76, 0xff, 0xff, 0x76, 0xff, 0xff, 0x76, 0xff, 
  0xff, 0x76, 0xff, 0xff, 0x76, 0xff, 0xff, 0x76, 0xff, 0xff, 0x76, 0xff, 
  0xff, 0x76, 0xff, 0xff, 0x76, 0xff, 0xff, 0x76, 0xff, 0xff, 0x76, 0xff, 
  0xff, 0x76, 0xff, 0xff, 0x76, 0xff, 0xdf, 0x76, 0xff, 0xdf, 0x76, 0xff, 
  0xdf, 0x76, 0xff, 0xdf, 0x76, 0xff, 0xdf, 0x76, 0xff, 0xdf, 0x76, 0xff, 
  0xdf, 0x7e, 0xff, 0xdf, 0x7e, 0xff, 0xdf, 0x7e, 0xff, 0xdf, 0x7e, 0xff, 
  0xdf, 0x7e, 0xff, 0xdf, 0x7e, 0xff, 0xdf, 0x7e, 0xff, 0xdf, 0x7e, 0xff, 
  0xdf, 0x7e, 0xff, 0xdf, 0x7e, 0xff, 0xdf, 0x7e, 0xff, 0xdf, 0x7e, 0xff, 
  0xdf, 0x7e, 0xff, 0xbf, 0x86, 0xff, 0xbf, 0x86, 0xff, 0xbf, 0x86, 0xff, 
  0xbf, 0x7e, 0xff, 0xbf, 0x7e, 0xff, 0xbf, 0x7e, 0xff, 0xbf, 0x86, 0xff, 
  0xbf, 0x86, 0xff, 0xbf, 0x86, 0xff, 0xbf, 0x86, 0xff, 0xbf, 0x86, 0xff, 
  0xbf, 0x86, 0xff, 0xbf, 0x86, 0xff, 0xbf, 0x86, 0xff, 0xbf, 0x86, 0xff, 
  0x9f, 0x86, 0xff, 0x9f, 0x86, 0xff, 0x9f, 0x86, 0xff, 0x9f, 0x86, 0xff, 
  0x9f, 0x8e, 0xff, 0x9f, 0x8e, 0xff, 0x9f, 0x8e, 0xff, 0x9f, 0x8e, 0xff, 
  0x9f, 0x8e, 0xff, 0x9f, 0x8e, 0xff, 0x7f, 0x8e, 0xff, 0x7f, 0x8e, 0xff, 
  0x7f, 0x8e, 0xff, 0x7f, 0x8e, 0xff, 0x7f, 0x8e, 0xff, 0x7f, 0x8e, 0xff, 
  0x7f, 0x96, 0xff, 0x7f, 0x96, 0xff, 0x7f, 0x96, 0xff, 0x7f, 0x96, 0xff, 
  0x7f, 0x96, 0xff, 0x7f, 0x96, 0xff, 0x7f, 0x96, 0xff, 0x7f, 0x96, 0xff, 
  0x7f, 0x96, 0xff, 0x5f, 0x96, 0xff, 0x7f, 0x96, 0xff, 0x5f, 0x9e, 0xff, 
  0x5f, 0x9e, 0xff, 0x7f, 0x96, 0xff, 0x7f, 0x96, 0xff, 0x7f, 0x96, 0xff, 
  0x7f, 0x9e, 0xff, 0x5f, 0x9e, 0xff, 0x5f, 0x9e, 0xff, 0x5f, 0x9e, 0xff, 
  0x5f, 0x9e, 0xff, 0x5f, 0x9e, 0xff, 0x5f, 0x9e, 0xff, 0x5f, 0x9e, 0xff, 
  0x5f, 0xa6, 0xff, 0x5f, 0xa6, 0xff, 0x5f, 0xa6, 0xff, 0x5f, 0xa6, 0xff, 
  0x5f, 0xa6, 0xff, 0x5f, 0xa6, 0xff, 0x5f, 0xa6, 0xff, 0x3f, 0xa6, 0xff, 
  0x3f, 0xa6, 0xff, 0x3f, 0xae, 0xff, 0x3f, 0xae, 0xff, 0x3f, 0xae, 0xff, 
  0x5f, 0xa6, 0xff, 0x5f, 0xa6, 0xff, 0x3f, 0xae, 0xff, 0x3f, 0xae, 0xff, 
  0x3f, 0xae, 0xff, 0x3f, 0xae, 0xff, 0x3f, 0xae, 0xff, 0x3f, 0xae, 0xff, 
  0x3f, 0xae, 0xff, 0x3f, 0xae, 0xff, 0x3f, 0xae, 0xff, 0x3f, 0xb6, 0xff, 
  0x3f, 0xb6, 0xff, 0x3f, 0xb6, 0xff, 0x3f, 0xb6, 0xff, 0x3f, 0xb6, 0xff, 
  0x3f, 0xb6, 0xff, 0x3f, 0xb6, 0xff, 0x3f, 0xb6, 0xff, 0x1f, 0xb6, 0xff, 
  0x3f, 0xb6, 0xff, 0x3f, 0xb6, 0xff, 0x3f, 0xb6, 0xff, 0x5f, 0xbe, 0x00, 
  0xdf, 0xd6, 0x00, 0x5f, 0xe7, 0x00, 0xdf, 0xf7, 0x00, 0xff, 0xff, 0x00, 
  0xff, 0xff, 0x00, 0xff, 0xff, 0x00, 0xff, 0xff, 0x00, 0xff, 0xff, 0x00, 
  0xff, 0xff, 0x00, 0xff, 0xff, 0x00, 0xff, 0xff, 0x00, 0xff, 0xff, 0x00, 
  0xff, 0xff, 0x00, 0xff, 0xf7, 0x00, 0xdf, 0xe7, 0x00, 0x9f, 0xbf, 0x00, 
  0x3f, 0x97, 0x00, 0xff, 0x76, 0xff, 0xff, 0x76, 0xff, 0xff, 0x76, 0xff, 
  0xff, 0x76, 0xff, 0xff, 0x76, 0xff, 0xff, 0x76, 0xff, 0xff, 0x76, 0xff, 
  0xff, 0x76, 0xff, 0xff, 0x76, 0xff, 0xff, 0x76, 0xff, 0xff, 0x76, 0xff, 
  0xff, 0x76, 0xff, 0xdf, 0x76, 0xff, 0xdf, 0x76, 0xff, 0xdf, 0x76, 0xff, 
  0xdf, 0x76, 0xff, 0xdf, 0x76, 0xff, 0xdf, 0x76, 0xff, 0xdf, 0x7e, 0xff, 
  0xdf, 0x7e, 0xff, 0xdf, 0x7e, 0xff, 0xdf, 0x7e, 0xff, 0xdf, 0x7e, 0xff, 
  0xdf, 0x7e, 0xff, 0xdf, 0x7e, 0xff, 0xdf, 0x7e, 0xff, 0xdf, 0x7e, 0xff, 
  0xdf, 0x7e, 0xff, 0xdf, 0x7e, 0xff, 0xdf, 0x7e, 0xff, 0xdf, 0x7e, 0xff, 
  0xbf, 0x86, 0xff, 0xbf, 0x86, 0xff, 0xbf, 0x86, 0xff, 0xbf, 0x7e, 0xff, 
  0xbf, 0x7e, 0xff, 0xbf, 0x86, 0xff, 0xbf, 0x86, 0xff, 0xbf, 0x86, 0xff, 
  0xbf, 0x86, 0xff, 0xbf, 0x86, 0xff, 0xbf, 0x86, 0xff, 0xbf, 0x86, 0xff, 
  0xbf, 0x86, 0xff, 0xbf, 0x86, 0xff, 0xbf, 0x86, 0xff, 0xbf, 0x86, 0xff, 
  0x9f, 0x86, 0xff, 0x9f, 0x86, 0xff, 0x9f, 0x86, 0xff, 0x9f, 0x8e, 0xff, 
  0x9f, 0x8e, 0xff, 0x9f, 0x8e, 0xff, 0x9f, 0x8e, 0xff, 0x9f, 0x8e, 0xff, 
  0x9f, 0x8e, 0xff, 0x7f, 0x8e, 0xff, 0x7f, 0x8e, 0xff, 0x7f, 0x8e, 0xff, 
  0x7f, 0x8e, 0xff, 0x7f, 0x8e, 0xff, 0x7f, 0x8e, 0xff, 0x7f, 0x8e, 0xff, 
  0x7f, 0x96, 0xff, 0x7f, 0x96, 0xff, 0x7f, 0x96, 0xff, 0x7f, 0x96, 0xff, 
  0x7f, 0x96, 0xff, 0x7f, 0x96, 0xff, 0x7f, 0x96, 0xff, 0x7f, 0x96, 0xff, 
  0x5f, 0x96, 0xff, 0x7f, 0x96, 0xff, 0x5f, 0x9e, 0xff, 0x5f, 0x9e, 0xff, 
  0x7f, 0x96, 0xff, 0x7f, 0x96, 0xff, 0x7f, 0x96, 0xff, 0x7f, 0x9e, 0xff, 
  0x5f, 0x9e, 0xff, 0x5f, 0x9e, 0xff, 0x5f, 0x9e, 0xff, 0x5f, 0x9e, 0xff, 
  0x5f, 0x9e, 0xff, 0x5f, 0x9e, 0xff, 0x5f, 0x9e, 0xff, 0x5f, 0xa6, 0xff, 
  0x5f, 0xa6, 0xff, 0x5f, 0xa6, 0xff, 0x5f, 0xa6, 0xff, 0x5f, 0xa6, 0xff, 
  0x5f, 0xa6, 0xff, 0x5f, 0xa6, 0xff, 0x3f, 0xa6, 0xff, 0x3f, 0xa6, 0xff, 
  0x3f, 0xae, 0xff, 0x3f, 0xae, 0xff, 0x3f, 0xae, 0xff, 0x5f, 0xa6, 0xff, 
  0x5f, 0xa6, 0xff, 0x3f, 0xae, 0xff, 0x3f, 0xae, 0xff, 0x3f, 0xae, 0xff, 
  0x3f, 0xae, 0xff, 0x3f, 0xae, 0xff, 0x3f, 0xae, 0xff, 0x3f, 0xae, 0xff, 
  0x3f, 0xae, 0xff, 0x3f, 0xae, 0xff, 0x3f, 0xb6, 0xff, 0x3f, 0xb6, 0xff, 
  0x3f, 0xb6, 0xff, 0x3f, 0xb6, 0xff, 0x3f, 0xb6, 0xff, 0x3f, 0xb6, 0xff, 
  0x3f, 0xb6, 0xff, 0x3f, 0xb6, 0xff, 0x1f, 0xb6, 0xff, 0x3f, 0xb6, 0xff, 
  0x3f, 0xb6, 0xff, 0x3f, 0xb6, 0xff, 0x3f, 0xb6, 0xff, 0x5f, 0xbe, 0x00, 
  0xdf, 0xd6, 0x00, 0x5f, 0xe7, 0x00, 0xbf, 0xf7, 0x00, 0xff, 0xff, 0x00, 
  0xff, 0xff, 0x00, 0xff, 0xff, 0x00, 0xff, 0xff, 0x00, 0xff, 0xff, 0x00, 
  0xff, 0xff, 0x00, 0xff, 0xff, 0x00, 0xff, 0xff, 0x00, 0xff, 0xff, 0x00, 
  0xff, 0xff, 0x00, 0xff, 0xff, 0x00, 0xdf, 0xe7, 0x00, 0x9f, 0xc7, 0x00, 
  0x3f, 0x97, 0x00, 0xff, 0x76, 0xff, 0xff, 0x76, 0xff, 0xff, 0x76, 0xff, 
  0xff, 0x76, 0xff, 0xff, 0x76, 0xff, 0xff, 0x76, 0xff, 0xff, 0x76, 0xff, 
  0xff, 0x76, 0xff, 0xff, 0x76, 0xff, 0xff, 0x76, 0xff, 0xff, 0x76, 0xff, 
  0xdf, 0x76, 0xff, 0xdf, 0x76, 0xff, 0xdf, 0x76, 0xff, 0xdf, 0x76, 0xff, 
  0xdf, 0x76, 0xff, 0xdf, 0x76, 0xff, 0xdf, 0x7e, 0xff, 0xdf, 0x7e, 0xff, 
  0xdf, 0x7e, 0xff, 0xdf, 0x7e, 0xff, 0xdf, 0x7e, 0xff, 0xdf, 0x7e, 0xff, 
  0xdf, 0x7e, 0xff, 0xdf, 0x7e, 0xff, 0xdf, 0x7e, 0xff, 0xdf, 0x7e, 0xff, 
  0xdf, 0x7e, 0xff, 0xdf, 0x7e, 0xff, 0xdf, 0x7e, 0xff, 0xbf, 0x86, 0xff, 
  0xbf, 0x86, 0xff, 0xbf, 0x86, 0xff, 0xbf, 0x7e, 0xff, 0xbf, 0x7e, 0xff, 
  0xbf, 0x7e, 0xff, 0xbf, 0x86, 0xff, 0xbf, 0x86, 0xff, 0xbf, 0x86, 0xff, 
  0xbf, 0x86, 0xff, 0xbf, 0x86, 0xff, 0xbf, 0x86, 0xff, 0xbf, 0x86, 0xff, 
  0xbf, 0x86, 0xff, 0xbf, 0x86, 0xff, 0xbf, 0x86, 0xff, 0x9f, 0x86, 0xff, 
  0x9f, 0x86, 0xff, 0x9f, 0x86, 0xff, 0x9f, 0x8e, 0xff, 0x9f, 0x8e, 0xff, 
  0x9f, 0x8e, 0xff, 0x9f, 0x8e, 0xff, 0x9f, 0x8e, 0xff, 0x9f, 0x8e, 0xff, 
  0x7f, 0x8e, 0xff, 0x7f, 0x8e, 0xff, 0x7f, 0x8e, 0xff, 0x7f, 0x8e, 0xff, 
  0x7f, 0x8e, 0xff, 0x7f, 0x8e, 0xff, 0x7f, 0x8e, 0xff, 0x7f, 0x96, 0xff, 
  0x7f, 0x96, 0xff, 0x7f, 0x96, 0xff, 0x7f, 0x96, 0xff, 0x7f, 0x96, 0xff, 
  0x7f, 0x96, 0xff, 0x7f, 0x96, 0xff, 0x7f, 0x96, 0xff, 0x5f, 0x96, 0xff, 
  0x7f, 0x96, 0xff, 0x5f, 0x9e, 0xff, 0x5f, 0x9e, 0xff, 0x7f, 0x96, 0xff, 
  0x7f, 0x96, 0xff, 0x7f, 0x96, 0xff, 0x5f, 0x9e, 0xff, 0x5f, 0x9e, 0xff, 
  0x5f, 0x9e, 0xff, 0x5f, 0x9e, 0xff, 0x5f, 0x9e, 0xff, 0x5f, 0x9e, 0xff, 
  0x5f, 0x9e, 0xff, 0x5f, 0x9e, 0xff, 0x5f, 0xa6, 0xff, 0x5f, 0xa6, 0xff, 
  0x5f, 0xa6, 0xff, 0x5f, 0xa6, 0xff, 0x5f, 0xa6, 0xff, 0x5f, 0xa6, 0xff, 
  0x5f, 0xa6, 0xff, 0x3f, 0xa6, 0xff, 0x3f, 0xa6, 0xff, 0x3f, 0xae, 0xff, 
  0x3f, 0xae, 0xff, 0x3f, 0xae, 0xff, 0x5f, 0xa6, 0xff, 0x5f, 0xa6, 0xff, 
  0x3f, 0xae, 0xff, 0x3f, 0xae, 0xff, 0x3f, 0xae, 0xff, 0x3f, 0xae, 0xff, 
  0x3f, 0xae, 0xff, 0x3f, 0xae, 0xff, 0x3f, 0xae, 0xff, 0x3f, 0xae, 0xff, 
  0x3f, 0xae, 0xff, 0x3f, 0xb6, 0xff, 0x3f, 0xb6, 0xff, 0x3f, 0xb6, 0xff, 
  0x3f, 0xb6, 0xff, 0x3f, 0xb6, 0xff, 0x3f, 0xb6, 0xff, 0x3f, 0xb6, 0xff, 
  0x3f, 0xb6, 0xff, 0x1f, 0xb6, 0xff, 0x3f, 0xb6, 0xff, 0x3f, 0xb6, 0xff, 
  0x3f, 0xb6, 0xff, 0x3f, 0xb6, 0xff, 0x3f, 0xb6, 0xff, 0x5f, 0xbe, 0x00, 
  0xdf, 0xd6, 0x00, 0x5f, 0xe7, 0x00, 0xbf, 0xf7, 0x00, 0xff, 0xff, 0x00, 
  0xff, 0xff, 0x00, 0xff, 0xff, 0x00, 0xff, 0xff, 0x00, 0xff, 0xff, 0x00, 
  0xff, 0xff, 0x00, 0xff, 0xff, 0x00, 0xff, 0xff, 0x00, 0xff, 0xff, 0x00, 
  0xff, 0xff, 0x00, 0xff, 0xff, 0x00, 0xdf, 0xe7, 0x00, 0x9f, 0xbf, 0x00, 
  0x3f, 0x97, 0x00, 0xff, 0x76, 0xff, 0xff, 0x76, 0xff, 0xff, 0x76, 0xff, 
  0xff, 0x76, 0xff, 0xff, 0x76, 0xff, 0xff, 0x76, 0xff, 0xff, 0x76, 0xff, 
  0xff, 0x76, 0xff, 0xff, 0x76, 0xff, 0xff, 0x76, 0xff, 0xdf, 0x76, 0xff, 
  0xdf, 0x76, 0xff, 0xdf, 0x76, 0xff, 0xdf, 0x76, 0xff, 0xdf, 0x76, 0xff, 
  0xdf, 0x76, 0xff, 0xdf, 0x7e, 0xff, 0xdf, 0x7e, 0xff, 0xdf, 0x7e, 0xff, 
  0xdf, 0x7e, 0xff, 0xdf, 0x7e, 0xff, 0xdf, 0x7e, 0xff, 0xdf, 0x7e, 0xff, 
  0xdf, 0x7e, 0xff, 0xdf, 0x7e, 0xff, 0xdf, 0x7e, 0xff, 0xdf, 0x7e, 0xff, 
  0xdf, 0x7e, 0xff, 0xdf, 0x7e, 0xff, 0xbf, 0x86, 0xff, 0xbf, 0x86, 0xff, 
  0xbf, 0x86, 0xff, 0xbf, 0x7e, 0xff, 0xbf, 0x7e, 0xff, 0xbf, 0x7e, 0xff, 
  0xbf, 0x86, 0xff, 0xbf, 0x86, 0xff, 0xbf, 0x86, 0xff, 0xbf, 0x86, 0xff, 
  0xbf, 0x86, 0xff, 0xbf, 0x86, 0xff, 0xbf, 0x86, 0xff, 0xbf, 0x86, 0xff, 
  0xbf, 0x86, 0xff, 0xbf, 0x86, 0xff, 0x9f, 0x86, 0xff, 0x9f, 0x86, 0xff, 
  0x9f, 0x86, 0xff, 0x9f, 0x8e, 0xff, 0x9f, 0x8e, 0xff, 0x9f, 0x8e, 0xff, 
  0x9f, 0x8e, 0xff, 0x9f, 0x8e, 0xff, 0x9f, 0x8e, 0xff, 0x7f, 0x8e, 0xff, 
  0x7f, 0x8e, 0xff, 0x7f, 0x8e, 0xff, 0x7f, 0x8e, 0xff, 0x7f, 0x8e, 0xff, 
  0x7f, 0x8e, 0xff, 0x7f, 0x8e, 0xff, 0x7f, 0x96, 0xff, 0x7f, 0x96, 0xff, 
  0x7f, 0x96, 0xff, 0x7f, 0x96, 0xff, 0x7f, 0x96, 0xff, 0x7f, 0x96, 0xff, 
  0x7f, 0x96, 0xff, 0x7f, 0x96, 0xff, 0x5f, 0x96, 0xff, 0x7f, 0x96, 0xff, 
  0x5f, 0x9e, 0xff, 0x5f, 0x9e, 0xff, 0x7f, 0x96, 0xff, 0x7f, 0x96, 0xff, 
  0x7f, 0x96, 0xff, 0x5f, 0x9e, 0xff, 0x5f, 0x9e, 0xff, 0x5f, 0x9e, 0xff, 
  0x5f, 0x9e, 0xff, 0x5f, 0x9e, 0xff, 0x5f, 0x9e, 0xff, 0x5f, 0x9e, 0xff, 
  0x5f, 0x9e, 0xff, 0x5f, 0xa6, 0xff, 0x5f, 0xa6, 0xff, 0x5f, 0xa6, 0xff, 
  0x5f, 0xa6, 0xff, 0x5f, 0xa6, 0xff, 0x5f, 0xa6, 0xff, 0x5f, 0xa6, 0xff, 
  0x3f, 0xa6, 0xff, 0x3f, 0xa6, 0xff, 0x3f, 0xae, 0xff, 0x3f, 0xae, 0xff, 
  0x3f, 0xae, 0xff, 0x5f, 0xa6, 0xff, 0x5f, 0xa6, 0xff, 0x3f, 0xae, 0xff, 
  0x3f, 0xae, 0xff, 0x3f, 0xae, 0xff, 0x3f, 0xae, 0xff, 0x3f, 0xae, 0xff, 
  0x3f, 0xae, 0xff, 0x3f, 0xae, 0xff, 0x3f, 0xae, 0xff, 0x3f, 0xae, 0xff, 
  0x3f, 0xb6, 0xff, 0x3f, 0xb6, 0xff, 0x3f, 0xb6, 0xff, 0x3f, 0xb6, 0xff, 
  0x3f, 0xb6, 0xff, 0x3f, 0xb6, 0xff, 0x3f, 0xb6, 0xff, 0x3f, 0xb6, 0xff, 
  0x1f, 0xb6, 0xff, 0x3f, 0xb6, 0xff, 0x3f, 0xb6, 0xff, 0x3f, 0xb6, 0xff, 
  0x3f, 0xb6, 0xff, 0x3f, 0xb6, 0xff, 0x3f, 0xb6, 0xff, 0x5f, 0xbe, 0x00, 
  0xbf, 0xd6, 0x00, 0x5f, 0xe7, 0x00, 0xbf, 0xf7, 0x00, 0xff, 0xff, 0x00, 
  0xff, 0xff, 0x00, 0xff, 0xff, 0x00, 0xff, 0xff, 0x00, 0xff, 0xff, 0x00, 
  0xff, 0xff, 0x00, 0xff, 0xff, 0x00, 0xff, 0xff, 0x00, 0xff, 0xff, 0x00, 
  0xff, 0xff, 0x00, 0xff, 0xf7, 0x00, 0xdf, 0xe7, 0x00, 0x9f, 0xbf, 0x00, 
  0x3f, 0x97, 0x00, 0xff, 0x76, 0xff, 0xff, 0x76, 0xff, 0xff, 0x76, 0xff, 
  0xff, 0x76, 0xff, 0xff, 0x76, 0xff, 0xff, 0x76, 0xff, 0xff, 0x76, 0xff, 
  0xff, 0x76, 0xff, 0xff, 0x76, 0xff, 0xdf, 0x76, 0xff, 0xdf, 0x76, 0xff, 
  0xdf, 0x76, 0xff, 0xdf, 0x76, 0xff, 0xdf, 0x76, 0xff, 0xdf, 0x76, 0xff, 
  0xdf, 0x7e, 0xff, 0xdf, 0x7e, 0xff, 0xdf, 0x7e, 0xff, 0xdf, 0x7e, 0xff, 
  0xdf, 0x7e, 0xff, 0xdf, 0x7e, 0xff, 0xdf, 0x7e, 0xff, 0xdf, 0x7e, 0xff, 
  0xdf, 0x7e, 0xff, 0xdf, 0x7e, 0xff, 0xdf, 0x7e, 0xff, 0xdf, 0x7e, 0xff, 
  0xdf, 0x7e, 0xff, 0xbf, 0x86, 0xff, 0xbf, 0x86, 0xff, 0xbf, 0x86, 0xff, 
  0xbf, 0x7e, 0xff, 0xbf, 0x7e, 0xff, 0xbf, 0x7e, 0xff, 0xbf, 0x86, 0xff, 
  0xbf, 0x86, 0xff, 0xbf, 0x86, 0xff, 0xbf, 0x86, 0xff, 0xbf, 0x86, 0xff, 
  0xbf, 0x86, 0xff, 0xbf, 0x86, 0xff, 0xbf, 0x86, 0xff, 0xbf, 0x86, 0xff, 
  0xbf, 0x86, 0xff, 0x9f, 0x86, 0xff, 0x9f, 0x86, 0xff, 0x9f, 0x86, 0xff, 
  0x9f, 0x8e, 0xff, 0x9f, 0x8e, 0xff, 0x9f, 0x8e, 0xff, 0x9f, 0x8e, 0xff, 
  0x9f, 0x8e, 0xff, 0x9f, 0x8e, 0xff, 0x7f, 0x8e, 0xff, 0x7f, 0x8e, 0xff, 
  0x7f, 0x8e, 0xff, 0x7f, 0x8e, 0xff, 0x7f, 0x8e, 0xff, 0x7f, 0x8e, 0xff, 
  0x7f, 0x96, 0xff, 0x7f, 0x96, 0xff, 0x7f, 0x96, 0xff, 0x7f, 0x96, 0xff, 
  0x7f, 0x96, 0xff, 0x7f, 0x96, 0xff, 0x7f, 0x96, 0xff, 0x7f, 0x96, 0xff, 
  0x7f, 0x96, 0xff, 0x5f, 0x96, 0xff, 0x7f, 0x96, 0xff, 0x5f, 0x9e, 0xff, 
  0x5f, 0x9e, 0xff, 0x7f, 0x96, 0xff, 0x7f, 0x96, 0xff, 0x7f, 0x96, 0xff, 
  0x5f, 0x9e, 0xff, 0x5f, 0x9e, 0xff, 0x5f, 0x9e, 0xff, 0x5f, 0x9e, 0xff, 
  0x5f, 0x9e, 0xff, 0x5f, 0x9e, 0xff, 0x5f, 0x9e, 0xff, 0x5f, 0x9e, 0xff, 
  0x5f, 0xa6, 0xff, 0x5f, 0xa6, 0xff, 0x5f, 0xa6, 0xff, 0x5f, 0xa6, 0xff, 
  0x5f, 0xa6, 0xff, 0x5f, 0xa6, 0xff, 0x5f, 0xa6, 0xff, 0x3f, 0xa6, 0xff, 
  0x3f, 0xa6, 0xff, 0x3f, 0xae, 0xff, 0x3f, 0xae, 0xff, 0x3f, 0xae, 0xff, 
  0x5f, 0xa6, 0xff, 0x5f, 0xa6, 0xff, 0x3f, 0xae, 0xff, 0x3f, 0xae, 0xff, 
  0x3f, 0xae, 0xff, 0x3f, 0xae, 0xff, 0x3f, 0xae, 0xff, 0x3f, 0xae, 0xff, 
  0x3f, 0xae, 0xff, 0x3f, 0xae, 0xff, 0x3f, 0xae, 0xff, 0x3f, 0xb6, 0xff, 
  0x3f, 0xb6, 0xff, 0x3f, 0xb6, 0xff, 0x3f, 0xb6, 0xff, 0x3f, 0xb6, 0xff, 
  0x3f, 0xb6, 0xff, 0x3f, 0xb6, 0xff, 0x3f, 0xb6, 0xff, 0x1f, 0xb6, 0xff, 
  0x3f, 0xb6, 0xff, 0x3f, 0xb6, 0xff, 0x3f, 0xb6, 0xff, 0x3f, 0xb6, 0xff, 
  0x3f, 0xb6, 0xff, 0x3f, 0xb6, 0xff, 0x3f, 0xb6, 0xff, 0x5f, 0xbe, 0x00, 
  0xdf, 0xd6, 0x00, 0x5f, 0xe7, 0x00, 0xdf, 0xf7, 0x00, 0xff, 0xff, 0x00, 
  0xff, 0xff, 0x00, 0xff, 0xff, 0x00, 0xff, 0xff, 0x00, 0xff, 0xff, 0x00, 
  0xff, 0xff, 0x00, 0xff, 0xff, 0x00, 0xff, 0xff, 0x00, 0xff, 0xff, 0x00, 
  0xff, 0xff, 0x00, 0xff, 0xf7, 0x00, 0xdf, 0xe7, 0x00, 0x9f, 0xbf, 0x00, 
  0x3f, 0x97, 0x00, 0xff, 0x76, 0xff, 0xff, 0x76, 0xff, 0xff, 0x76, 0xff, 
  0xff, 0x76, 0xff, 0xff, 0x76, 0xff, 0xff, 0x76, 0xff, 0xff, 0x76, 0xff, 
  0xff, 0x76, 0xff, 0xdf, 0x76, 0xff, 0xdf, 0x76, 0xff, 0xdf, 0x76, 0xff, 
  0xdf, 0x76, 0xff, 0xdf, 0x76, 0xff, 0xdf, 0x76, 0xff, 0xdf, 0x7e, 0xff, 
  0xdf, 0x7e, 0xff, 0xdf, 0x7e, 0xff, 0xdf, 0x7e, 0xff, 0xdf, 0x7e, 0xff, 
  0xdf, 0x7e, 0xff, 0xdf, 0x7e, 0xff, 0xdf, 0x7e, 0xff, 0xdf, 0x7e, 0xff, 
  0xdf, 0x7e, 0xff, 0xdf, 0x7e, 0xff, 0xdf, 0x7e, 0xff, 0xdf, 0x7e, 0xff, 
  0xbf, 0x86, 0xff, 0xbf, 0x86, 0xff, 0xbf, 0x86, 0xff, 0xbf, 0x7e, 0xff, 
  0xbf, 0x7e, 0xff, 0xbf, 0x86, 0xff, 0xbf, 0x86, 0xff, 0xbf, 0x86, 0xff, 
  0xbf, 0x86, 0xff, 0xbf, 0x86, 0xff, 0xbf, 0x86, 0xff, 0xbf, 0x86, 0xff, 
  0xbf, 0x86, 0xff, 0xbf, 0x86, 0xff, 0xbf, 0x86, 0xff, 0x9f, 0x86, 0xff, 
  0x9f, 0x86, 0xff, 0x9f, 0x86, 0xff, 0x9f, 0x86, 0xff, 0x9f, 0x8e, 0xff, 
  0x9f, 0x8e, 0xff, 0x9f, 0x8e, 0xff, 0x9f, 0x8e, 0xff, 0x9f, 0x8e, 0xff, 
  0x9f, 0x8e, 0xff, 0x7f, 0x8e, 0xff, 0x7f, 0x8e, 0xff, 0x7f, 0x8e, 0xff, 
  0x7f, 0x8e, 0xff, 0x7f, 0x8e, 0xff, 0x7f, 0x8e, 0xff, 0x7f, 0x96, 0xff, 
  0x7f, 0x96, 0xff, 0x7f, 0x96, 0xff, 0x7f, 0x96, 0xff, 0x7f, 0x96, 0xff, 
  0x7f, 0x96, 0xff, 0x7f, 0x96, 0xff, 0x7f, 0x96, 0xff, 0x7f, 0x96, 0xff, 
  0x5f, 0x96, 0xff, 0x7f, 0x96, 0xff, 0x5f, 0x9e, 0xff, 0x5f, 0x9e, 0xff, 
  0x7f, 0x9e, 0xff, 0x7f, 0x96, 0xff, 0x7f, 0x96, 0xff, 0x7f, 0x9e, 0xff, 
  0x5f, 0x9e, 0xff, 0x5f, 0x9e, 0xff, 0x5f, 0x9e, 0xff, 0x5f, 0x9e, 0xff, 
  0x5f, 0x9e, 0xff, 0x5f, 0x9e, 0xff, 0x5f, 0x9e, 0xff, 0x5f, 0xa6, 0xff, 
  0x5f, 0xa6, 0xff, 0x5f, 0xa6, 0xff, 0x5f, 0xa6, 0xff, 0x5f, 0xa6, 0xff, 
  0x5f, 0xa6, 0xff, 0x5f, 0xa6, 0xff, 0x3f, 0xa6, 0xff, 0x3f, 0xa6, 0xff, 
  0x3f, 0xae, 0xff, 0x3f, 0xae, 0xff, 0x3f, 0xae, 0xff, 0x5f, 0xa6, 0xff, 
  0x5f, 0xa6, 0xff, 0x3f, 0xae, 0xff, 0x3f, 0xae, 0xff, 0x3f, 0xae, 0xff, 
  0x3f, 0xae, 0xff, 0x3f, 0xae, 0xff, 0x3f, 0xae, 0xff, 0x3f, 0xae, 0xff, 
  0x3f, 0xae, 0xff, 0x3f, 0xae, 0xff, 0x3f, 0xb6, 0xff, 0x3f, 0xb6, 0xff, 
  0x3f, 0xb6, 0xff, 0x3f, 0xb6, 0xff, 0x3f, 0xb6, 0xff, 0x3f, 0xb6, 0xff, 
  0x3f, 0xb6, 0xff, 0x3f, 0xb6, 0xff, 0x1f, 0xb6, 0xff, 0x3f, 0xb6, 0xff, 
  0x3f, 0xb6, 0xff, 0x3f, 0xb6, 0xff, 0x3f, 0xb6, 0xff, 0x3f, 0xb6, 0xff, 
  0x3f, 0xb6, 0xff, 0x3f, 0xb6, 0xff, 0x1f, 0xbe, 0xff, 0x5f, 0xc6, 0x00, 
  0xdf, 0xd6, 0x00, 0x5f, 0xe7, 0x00, 0xbf, 0xf7, 0x00, 0xff, 0xff, 0x00, 
  0xff, 0xff, 0x00, 0xff, 0xff, 0x00, 0xff, 0xff, 0x00, 0xff, 0xff, 0x00, 
  0xff, 0xff, 0x00, 0xff, 0xff, 0x00, 0xff, 0xff, 0x00, 0xff, 0xff, 0x00, 
  0xff, 0xff, 0x00, 0xff, 0xff, 0x00, 0xdf, 0xe7, 0x00, 0x9f, 0xc7, 0x00, 
  0x3f, 0x97, 0x00, 0xff, 0x76, 0xff, 0xff, 0x76, 0xff, 0xff, 0x76, 0xff, 
  0xff, 0x76, 0xff, 0xff, 0x76, 0xff, 0xff, 0x76, 0xff, 0xff, 0x76, 0xff, 
  0xdf, 0x76, 0xff, 0xdf, 0x76, 0xff, 0xdf, 0x76, 0xff, 0xdf, 0x76, 0xff, 
  0xdf, 0x76, 0xff, 0xdf, 0x76, 0xff, 0xdf, 0x7e, 0xff, 0xdf, 0x7e, 0xff, 
  0xdf, 0x7e, 0xff, 0xdf, 0x7e, 0xff, 0xdf, 0x7e, 0xff, 0xdf, 0x7e, 0xff, 
  0xdf, 0x7e, 0xff, 0xdf, 0x7e, 0xff, 0xdf, 0x7e, 0xff, 0xdf, 0x7e, 0xff, 
  0xdf, 0x7e, 0xff, 0xdf, 0x7e, 0xff, 0xdf, 0x7e, 0xff, 0xbf, 0x86, 0xff, 
  0xbf, 0x86, 0xff, 0xbf, 0x86, 0xff, 0xbf, 0x7e, 0xff, 0xbf, 0x7e, 0xff, 
  0xbf, 0x7e, 0xff, 0xbf, 0x86, 0xff, 0xbf, 0x86, 0xff, 0xbf, 0x86, 0xff, 
  0xbf, 0x86, 0xff, 0xbf, 0x86, 0xff, 0xbf, 0x86, 0xff, 0xbf, 0x86, 0xff, 
  0xbf, 0x86, 0xff, 0xbf, 0x86, 0xff, 0xbf, 0x86, 0xff, 0x9f, 0x86, 0xff, 
  0x9f, 0x86, 0xff, 0x9f, 0x86, 0xff, 0x9f, 0x8e, 0xff, 0x9f, 0x8e, 0xff, 
  0x9f, 0x8e, 0xff, 0x9f, 0x8e, 0xff, 0x9f, 0x8e, 0xff, 0x9f, 0x8e, 0xff, 
  0x7f, 0x8e, 0xff, 0x7f, 0x8e, 0xff, 0x7f, 0x8e, 0xff, 0x7f, 0x8e, 0xff, 
  0x7f, 0x8e, 0xff, 0x7f, 0x8e, 0xff, 0x7f, 0x8e, 0xff, 0x7f, 0x96, 0xff, 
  0x7f, 0x96, 0xff, 0x7f, 0x96, 0xff, 0x7f, 0x96, 0xff, 0x7f, 0x96, 0xff, 
  0x7f, 0x96, 0xff, 0x7f, 0x96, 0xff, 0x7f, 0x96, 0xff, 0x5f, 0x96, 0xff, 
  0x7f, 0x96, 0xff, 0x5f, 0x9e, 0xff, 0x5f, 0x9e, 0xff, 0x7f, 0x9e, 0xff, 
  0x7f, 0x96, 0xff, 0x7f, 0x96, 0xff, 0x7f, 0x9e, 0xff, 0x5f, 0x9e, 0xff, 
  0x5f, 0x9e, 0xff, 0x5f, 0x9e, 0xff, 0x5f, 0x9e, 0xff, 0x5f, 0x9e, 0xff, 
  0x5f, 0x9e, 0xff, 0x5f, 0x9e, 0xff, 0x5f, 0xa6, 0xff, 0x5f, 0xa6, 0xff, 
  0x5f, 0xa6, 0xff, 0x5f, 0xa6, 0xff, 0x5f, 0xa6, 0xff, 0x5f, 0xa6, 0xff, 
  0x5f, 0xa6, 0xff, 0x3f, 0xa6, 0xff, 0x3f, 0xa6, 0xff, 0x3f, 0xae, 0xff, 
  0x3f, 0xae, 0xff, 0x3f, 0xae, 0xff, 0x5f, 0xa6, 0xff, 0x5f, 0xa6, 0xff, 
  0x3f, 0xae, 0xff, 0x3f, 0xae, 0xff, 0x3f, 0xae, 0xff, 0x3f, 0xae, 0xff, 
  0x3f, 0xae, 0xff, 0x3f, 0xae, 0xff, 0x3f, 0xae, 0xff, 0x3f, 0xae, 0xff, 
  0x3f, 0xae, 0xff, 0x3f, 0xb6, 0xff, 0x3f, 0xb6, 0xff, 0x3f, 0xb6, 0xff, 
  0x3f, 0xb6, 0xff, 0x3f, 0xb6, 0xff, 0x3f, 0xb6, 0xff, 0x3f, 0xb6, 0xff, 
  0x3f, 0xb6, 0xff, 0x1f, 0xb6, 0xff, 0x3f, 0xb6, 0xff, 0x3f, 0xb6, 0xff, 
  0x3f, 0xb6, 0xff, 0x3f, 0xb6, 0xff, 0x3f, 0xb6, 0xff, 0x3f, 0xb6, 0xff, 
  0x3f, 0xb6, 0xff, 0x1f, 0xbe, 0xff, 0x1f, 0xbe, 0xff, 0x5f, 0xc6, 0x00, 
  0xbf, 0xd6, 0x00, 0x5f, 0xe7, 0x00, 0xbf, 0xf7, 0x00, 0xff, 0xff, 0x00, 
  0xff, 0xff, 0x00, 0xff, 0xff, 0x00, 0xff, 0xff, 0x00, 0xff, 0xff, 0x00, 
  0xff, 0xff, 0x00, 0xff, 0xff, 0x00, 0xff, 0xff, 0x00, 0xff, 0xff, 0x00, 
  0xff, 0xff, 0x00, 0xff, 0xff, 0x00, 0xdf, 0xe7, 0x00, 0x9f, 0xbf, 0x00, 
  0x3f, 0x97, 0x00, 0xff, 0x7e, 0xff, 0xff, 0x76, 0xff, 0xff, 0x76, 0xff, 
  0xff, 0x76, 0xff, 0xff, 0x76, 0xff, 0xff, 0x76, 0xff, 0xdf, 0x76, 0xff, 
  0xdf, 0x76, 0xff, 0xdf, 0x76, 0xff, 0xdf, 0x76, 0xff, 0xdf, 0x76, 0xff, 
  0xdf, 0x76, 0xff, 0xdf, 0x7e, 0xff, 0xdf, 0x7e, 0xff, 0xdf, 0x7e, 0xff, 
  0xdf, 0x7e, 0xff, 0xdf, 0x7e, 0xff, 0xdf, 0x7e, 0xff, 0xdf, 0x7e, 0xff, 
  0xdf, 0x7e, 0xff, 0xdf, 0x7e, 0xff, 0xdf, 0x7e, 0xff, 0xdf, 0x7e, 0xff, 
  0xdf, 0x7e, 0xff, 0xdf, 0x7e, 0xff, 0xbf, 0x86, 0xff, 0xbf, 0x86, 0xff, 
  0xbf, 0x86, 0xff, 0xbf, 0x7e, 0xff, 0xbf, 0x7e, 0xff, 0xbf, 0x7e, 0xff, 
  0xbf, 0x86, 0xff, 0xbf, 0x86, 0xff, 0xbf, 0x86, 0xff, 0xbf, 0x86, 0xff, 
  0xbf, 0x86, 0xff, 0xbf, 0x86, 0xff, 0xbf, 0x86, 0xff, 0xbf, 0x86, 0xff, 
  0xbf, 0x86, 0xff, 0xbf, 0x86, 0xff, 0x9f, 0x86, 0xff, 0x9f, 0x86, 0xff, 
  0x9f, 0x86, 0xff, 0x9f, 0x8e, 0xff, 0x9f, 0x8e, 0xff, 0x9f, 0x8e, 0xff, 
  0x9f, 0x8e, 0xff, 0x9f, 0x8e, 0xff, 0x9f, 0x8e, 0xff, 0x7f, 0x8e, 0xff, 
  0x7f, 0x8e, 0xff, 0x7f, 0x8e, 0xff, 0x7f, 0x8e, 0xff, 0x7f, 0x8e, 0xff, 
  0x7f, 0x8e, 0xff, 0x7f, 0x8e, 0xff, 0x7f, 0x96, 0xff, 0x7f, 0x96, 0xff, 
  0x7f, 0x96, 0xff, 0x7f, 0x96, 0xff, 0x7f, 0x96, 0xff, 0x7f, 0x96, 0xff, 
  0x7f, 0x96, 0xff, 0x7f, 0x96, 0xff, 0x5f, 0x96, 0xff, 0x7f, 0x96, 0xff, 
  0x5f, 0x9e, 0xff, 0x5f, 0x9e, 0xff, 0x7f, 0x9e, 0xff, 0x7f, 0x96, 0xff, 
  0x7f, 0x96, 0xff, 0x7f, 0x9e, 0xff, 0x5f, 0x9e, 0xff, 0x5f, 0x9e, 0xff, 
  0x5f, 0x9e, 0xff, 0x5f, 0x9e, 0xff, 0x5f, 0x9e, 0xff, 0x5f, 0x9e, 0xff, 
  0x5f, 0x9e, 0xff, 0x5f, 0xa6, 0xff, 0x5f, 0xa6, 0xff, 0x5f, 0xa6, 0xff, 
  0x5f, 0xa6, 0xff, 0x5f, 0xa6, 0xff, 0x5f, 0xa6, 0xff, 0x5f, 0xa6, 0xff, 
  0x3f, 0xa6, 0xff, 0x3f, 0xa6, 0xff, 0x3f, 0xae, 0xff, 0x3f, 0xae, 0xff, 
  0x3f, 0xae, 0xff, 0x5f, 0xa6, 0xff, 0x5f, 0xa6, 0xff, 0x3f, 0xae, 0xff, 
  0x3f, 0xae, 0xff, 0x3f, 0xae, 0xff, 0x3f, 0xae, 0xff, 0x3f, 0xae, 0xff, 
  0x3f, 0xae, 0xff, 0x3f, 0xae, 0xff, 0x3f, 0xae, 0xff, 0x3f, 0xae, 0xff, 
  0x3f, 0xb6, 0xff, 0x3f, 0xb6, 0xff, 0x3f, 0xb6, 0xff, 0x3f, 0xb6, 0xff, 
  0x3f, 0xb6, 0xff, 0x3f, 0xb6, 0xff, 0x3f, 0xb6, 0xff, 0x3f, 0xb6, 0xff, 
  0x1f, 0xb6, 0xff, 0x3f, 0xb6, 0xff, 0x3f, 0xb6, 0xff, 0x3f, 0xb6, 0xff, 
  0x3f, 0xb6, 0xff, 0x3f, 0xb6, 0xff, 0x3f, 0xb6, 0xff, 0x3f, 0xb6, 0xff, 
  0x1f, 0xbe, 0xff, 0x1f, 0xbe, 0xff, 0x1f, 0xbe, 0xff, 0x5f, 0xbe, 0x00, 
  0xdf, 0xd6, 0x00, 0x5f, 0xe7, 0x00, 0xbf, 0xf7, 0x00, 0xff, 0xff, 0x00, 
  0xff, 0xff, 0x00, 0xff, 0xff, 0x00, 0xff, 0xff, 0x00, 0xff, 0xff, 0x00, 
  0xff, 0xff, 0x00, 0xff, 0xff, 0x00, 0xff, 0xff, 0x00, 0xff, 0xff, 0x00, 
  0xff, 0xff, 0x00, 0xff, 0xf7, 0x00, 0xdf, 0xe7, 0x00, 0x9f, 0xc7, 0x00, 
  0x3f, 0x97, 0x00, 0xff, 0x7e, 0xff, 0xff, 0x76, 0xff, 0xff, 0x76, 0xff, 
  0xff, 0x76, 0xff, 0xff, 0x76, 0xff, 0xdf, 0x76, 0xff, 0xdf, 0x76, 0xff, 
  0xdf, 0x76, 0xff, 0xdf, 0x76, 0xff, 0xdf, 0x76, 0xff, 0xdf, 0x76, 0xff, 
  0xdf, 0x7e, 0xff, 0xdf, 0x7e, 0xff, 0xdf, 0x7e, 0xff, 0xdf, 0x7e, 0xff, 
  0xdf, 0x7e, 0xff, 0xdf, 0x7e, 0xff, 0xdf, 0x7e, 0xff, 0xdf, 0x7e, 0xff, 
  0xdf, 0x7e, 0xff, 0xdf, 0x7e, 0xff, 0xdf, 0x7e, 0xff, 0xdf, 0x7e, 0xff, 
  0xdf, 0x7e, 0xff, 0xbf, 0x86, 0xff, 0xbf, 0x86, 0xff, 0xbf, 0x86, 0xff, 
  0xbf, 0x7e, 0xff, 0xbf, 0x7e, 0xff, 0xbf, 0x7e, 0xff, 0xbf, 0x86, 0xff, 
  0xbf, 0x86, 0xff, 0xbf, 0x86, 0xff, 0xbf, 0x86, 0xff, 0xbf, 0x86, 0xff, 
  0xbf, 0x86, 0xff, 0xbf, 0x86, 0xff, 0xbf, 0x86, 0xff, 0xbf, 0x86, 0xff, 
  0xbf, 0x86, 0xff, 0x9f, 0x86, 0xff, 0x9f, 0x86, 0xff, 0x9f, 0x86, 0xff, 
  0x9f, 0x8e, 0xff, 0x9f, 0x8e, 0xff, 0x9f, 0x8e, 0xff, 0x9f, 0x8e, 0xff, 
  0x9f, 0x8e, 0xff, 0x9f, 0x8e, 0xff, 0x9f, 0x8e, 0xff, 0x7f, 0x8e, 0xff, 
  0x7f, 0x8e, 0xff, 0x7f, 0x8e, 0xff, 0x7f, 0x8e, 0xff, 0x7f, 0x8e, 0xff, 
  0x7f, 0x96, 0xff, 0x7f, 0x96, 0xff, 0x7f, 0x96, 0xff, 0x7f, 0x96, 0xff, 
  0x7f, 0x96, 0xff, 0x7f, 0x96, 0xff, 0x7f, 0x96, 0xff, 0x7f, 0x96, 0xff, 
  0x7f, 0x96, 0xff, 0x5f, 0x96, 0xff, 0x7f, 0x96, 0xff, 0x5f, 0x9e, 0xff, 
  0x5f, 0x9e, 0xff, 0x7f, 0x9e, 0xff, 0x7f, 0x96, 0xff, 0x7f, 0x96, 0xff, 
  0x7f, 0x9e, 0xff, 0x5f, 0x9e, 0xff, 0x5f, 0x9e, 0xff, 0x5f, 0x9e, 0xff, 
  0x5f, 0x9e, 0xff, 0x5f, 0x9e, 0xff, 0x5f, 0x9e, 0xff, 0x5f, 0x9e, 0xff, 
  0x5f, 0x9e, 0xff, 0x5f, 0xa6, 0xff, 0x5f, 0xa6, 0xff, 0x5f, 0xa6, 0xff, 
  0x5f, 0xa6, 0xff, 0x5f, 0xa6, 0xff, 0x5f, 0xa6, 0xff, 0x3f, 0xa6, 0xff, 
  0x3f, 0xa6, 0xff, 0x3f, 0xae, 0xff, 0x3f, 0xae, 0xff, 0x3f, 0xae, 0xff, 
  0x5f, 0xa6, 0xff, 0x5f, 0xa6, 0xff, 0x3f, 0xae, 0xff, 0x3f, 0xae, 0xff, 
  0x3f, 0xae, 0xff, 0x3f, 0xae, 0xff, 0x3f, 0xae, 0xff, 0x3f, 0xae, 0xff, 
  0x3f, 0xae, 0xff, 0x3f, 0xae, 0xff, 0x3f, 0xae, 0xff, 0x3f, 0xb6, 0xff, 
  0x3f, 0xb6, 0xff, 0x3f, 0xb6, 0xff, 0x3f, 0xb6, 0xff, 0x3f, 0xb6, 0xff, 
  0x3f, 0xb6, 0xff, 0x3f, 0xb6, 0xff, 0x3f, 0xb6, 0xff, 0x1f, 0xb6, 0xff, 
  0x3f, 0xb6, 0xff, 0x3f, 0xb6, 0xff, 0x3f, 0xb6, 0xff, 0x3f, 0xb6, 0xff, 
  0x3f, 0xb6, 0xff, 0x3f, 0xb6, 0xff, 0x3f, 0xb6, 0xff, 0x1f, 0xbe, 0xff, 
  0x1f, 0xbe, 0xff, 0x1f, 0xbe, 0xff, 0x3f, 0xbe, 0xff, 0x5f, 0xc6, 0x00, 
  0xdf, 0xd6, 0x00, 0x5f, 0xe7, 0x00, 0xbf, 0xf7, 0x00, 0xff, 0xff, 0x00, 
  0xff, 0xff, 0x00, 0xff, 0xff, 0x00, 0xff, 0xff, 0x00, 0xff, 0xff, 0x00, 
  0xff, 0xff, 0x00, 0xff, 0xff, 0x00, 0xff, 0xff, 0x00, 0xff, 0xff, 0x00, 
  0xff, 0xff, 0x00, 0xff, 0xff, 0x00, 0xdf, 0xe7, 0x00, 0x9f, 0xbf, 0x00, 
  0x1f, 0x97, 0x00, 0xff, 0x7e, 0xff, 0xff, 0x76, 0xff, 0xff, 0x76, 0xff, 
  0xff, 0x76, 0xff, 0xdf, 0x76, 0xff, 0xdf, 0x76, 0xff, 0xdf, 0x76, 0xff, 
  0xdf, 0x76, 0xff, 0xdf, 0x76, 0xff, 0xdf, 0x76, 0xff, 0xdf, 0x7e, 0xff, 
  0xdf, 0x7e, 0xff, 0xdf, 0x7e, 0xff, 0xdf, 0x7e, 0xff, 0xdf, 0x7e, 0xff, 
  0xdf, 0x7e, 0xff, 0xdf, 0x7e, 0xff, 0xdf, 0x7e, 0xff, 0xdf, 0x7e, 0xff, 
  0xdf, 0x7e, 0xff, 0xdf, 0x7e, 0xff, 0xdf, 0x7e, 0xff, 0xdf, 0x7e, 0xff, 
  0xbf, 0x86, 0xff, 0xbf, 0x86, 0xff, 0xbf, 0x86, 0xff, 0xbf, 0x86, 0xff, 
  0xbf, 0x7e, 0xff, 0xbf, 0x7e, 0xff, 0xbf, 0x86, 0xff, 0xbf, 0x86, 0xff, 
  0xbf, 0x86, 0xff, 0xbf, 0x86, 0xff, 0xbf, 0x86, 0xff, 0xbf, 0x86, 0xff, 
  0xbf, 0x86, 0xff, 0xbf, 0x86, 0xff, 0xbf, 0x86, 0xff, 0xbf, 0x86, 0xff, 
  0x9f, 0x86, 0xff, 0x9f, 0x86, 0xff, 0x9f, 0x86, 0xff, 0x9f, 0x8e, 0xff, 
  0x9f, 0x8e, 0xff, 0x9f, 0x8e, 0xff, 0x9f, 0x8e, 0xff, 0x9f, 0x8e, 0xff, 
  0x9f, 0x8e, 0xff, 0x7f, 0x8e, 0xff, 0x7f, 0x8e, 0xff, 0x7f, 0x8e, 0xff, 
  0x7f, 0x8e, 0xff, 0x7f, 0x8e, 0xff, 0x7f, 0x8e, 0xff, 0x7f, 0x96, 0xff, 
  0x7f, 0x96, 0xff, 0x7f, 0x96, 0xff, 0x7f, 0x96, 0xff, 0x7f, 0x96, 0xff, 
  0x7f, 0x96, 0xff, 0x7f, 0x96, 0xff, 0x7f, 0x96, 0xff, 0x7f, 0x96, 0xff, 
  0x5f, 0x96, 0xff, 0x7f, 0x96, 0xff, 0x5f, 0x9e, 0xff, 0x5f, 0x9e, 0xff, 
  0x7f, 0x9e, 0xff, 0x7f, 0x96, 0xff, 0x7f, 0x96, 0xff, 0x7f, 0x9e, 0xff, 
  0x5f, 0x9e, 0xff, 0x5f, 0x9e, 0xff, 0x5f, 0x9e, 0xff, 0x5f, 0x9e, 0xff, 
  0x5f, 0x9e, 0xff, 0x5f, 0x9e, 0xff, 0x5f, 0x9e, 0xff, 0x5f, 0xa6, 0xff, 
  0x5f, 0xa6, 0xff, 0x5f, 0xa6, 0xff, 0x5f, 0xa6, 0xff, 0x5f, 0xa6, 0xff, 
  0x5f, 0xa6, 0xff, 0x5f, 0xa6, 0xff, 0x3f, 0xa6, 0xff, 0x3f, 0xa6, 0xff, 
  0x3f, 0xae, 0xff, 0x3f, 0xae, 0xff, 0x3f, 0xae, 0xff, 0x5f, 0xa6, 0xff, 
  0x5f, 0xa6, 0xff, 0x3f, 0xae, 0xff, 0x3f, 0xae, 0xff, 0x3f, 0xae, 0xff, 
  0x3f, 0xae, 0xff, 0x3f, 0xae, 0xff, 0x3f, 0xae, 0xff, 0x3f, 0xae, 0xff, 
  0x3f, 0xae, 0xff, 0x3f, 0xae, 0xff, 0x3f, 0xb6, 0xff, 0x3f, 0xb6, 0xff, 
  0x3f, 0xb6, 0xff, 0x3f, 0xb6, 0xff, 0x3f, 0xb6, 0xff, 0x3f, 0xb6, 0xff, 
  0x3f, 0xb6, 0xff, 0x3f, 0xb6, 0xff, 0x1f, 0xb6, 0xff, 0x3f, 0xb6, 0xff, 
  0x3f, 0xb6, 0xff, 0x3f, 0xb6, 0xff, 0x3f, 0xb6, 0xff, 0x3f, 0xb6, 0xff, 
  0x3f, 0xb6, 0xff, 0x3f, 0xb6, 0xff, 0x1f, 0xbe, 0xff, 0x1f, 0xbe, 0xff, 
  0x1f, 0xbe, 0xff, 0x1f, 0xbe, 0xff, 0x3f, 0xbe, 0xff, 0x5f, 0xc6, 0x00, 
  0xdf, 0xd6, 0x00, 0x5f, 0xe7, 0x00, 0xbf, 0xf7, 0x00, 0xff, 0xff, 0x00, 
  0xff, 0xff, 0x00, 0xff, 0xff, 0x00, 0xff, 0xff, 0x00, 0xff, 0xff, 0x00, 
  0xff, 0xff, 0x00, 0xff, 0xff, 0x00, 0xff, 0xff, 0x00, 0xff, 0xff, 0x00, 
  0xff, 0xff, 0x00, 0xff, 0xf7, 0x00, 0xdf, 0xe7, 0x00, 0x9f, 0xc7, 0x00, 
  0x1f, 0x97, 0x00, 0xff, 0x7e, 0xff, 0xff, 0x76, 0xff, 0xff, 0x76, 0xff, 
  0xdf, 0x76, 0xff, 0xdf, 0x76, 0xff, 0xdf, 0x76, 0xff, 0xdf, 0x76, 0xff, 
  0xdf, 0x76, 0xff, 0xdf, 0x76, 0xff, 0xdf, 0x7e, 0xff, 0xdf, 0x7e, 0xff, 
  0xdf, 0x7e, 0xff, 0xdf, 0x7e, 0xff, 0xdf, 0x7e, 0xff, 0xdf, 0x7e, 0xff, 
  0xdf, 0x7e, 0xff, 0xdf, 0x7e, 0xff, 0xdf, 0x7e, 0xff, 0xdf, 0x7e, 0xff, 
  0xdf, 0x7e, 0xff, 0xdf, 0x7e, 0xff, 0xdf, 0x7e, 0xff, 0xbf, 0x86, 0xff, 
  0xbf, 0x86, 0xff, 0xbf, 0x86, 0xff, 0xbf, 0x86, 0xff, 0xbf, 0x7e, 0xff, 
  0xbf, 0x7e, 0xff, 0xbf, 0x86, 0xff, 0xbf, 0x86, 0xff, 0xbf, 0x86, 0xff, 
  0xbf, 0x86, 0xff, 0xbf, 0x86, 0xff, 0xbf, 0x86, 0xff, 0xbf, 0x86, 0xff, 
  0xbf, 0x86, 0xff, 0xbf, 0x86, 0xff, 0xbf, 0x86, 0xff, 0x9f, 0x86, 0xff, 
  0x9f, 0x86, 0xff, 0x9f, 0x86, 0xff, 0x9f, 0x8e, 0xff, 0x9f, 0x8e, 0xff, 
  0x9f, 0x8e, 0xff, 0x9f, 0x8e, 0xff, 0x9f, 0x8e, 0xff, 0x9f, 0x8e, 0xff, 
  0x9f, 0x8e, 0xff, 0x7f, 0x8e, 0xff, 0x7f, 0x8e, 0xff, 0x7f, 0x8e, 0xff, 
  0x7f, 0x8e, 0xff, 0x7f, 0x8e, 0xff, 0x7f, 0x8e, 0xff, 0x7f, 0x96, 0xff, 
  0x7f, 0x96, 0xff, 0x7f, 0x96, 0xff, 0x7f, 0x96, 0xff, 0x7f, 0x96, 0xff, 
  0x7f, 0x96, 0xff, 0x7f, 0x96, 0xff, 0x7f, 0x96, 0xff, 0x5f, 0x96, 0xff, 
  0x7f, 0x96, 0xff, 0x5f, 0x9e, 0xff, 0x5f, 0x9e, 0xff, 0x7f, 0x9e, 0xff, 
  0x7f, 0x96, 0xff, 0x7f, 0x96, 0xff, 0x7f, 0x9e, 0xff, 0x5f, 0x9e, 0xff, 
  0x5f, 0x9e, 0xff, 0x5f, 0x9e, 0xff, 0x5f, 0x9e, 0xff, 0x5f, 0x9e, 0xff, 
  0x5f, 0x9e, 0xff, 0x5f, 0x9e, 0xff, 0x5f, 0xa6, 0xff, 0x5f, 0xa6, 0xff, 
  0x5f, 0xa6, 0xff, 0x5f, 0xa6, 0xff, 0x5f, 0xa6, 0xff, 0x5f, 0xa6, 0xff, 
  0x5f, 0xa6, 0xff, 0x3f, 0xa6, 0xff, 0x3f, 0xa6, 0xff, 0x3f, 0xae, 0xff, 
  0x3f, 0xae, 0xff, 0x3f, 0xae, 0xff, 0x5f, 0xa6, 0xff, 0x5f, 0xa6, 0xff, 
  0x3f, 0xae, 0xff, 0x3f, 0xae, 0xff, 0x3f, 0xae, 0xff, 0x3f, 0xae, 0xff, 
  0x3f, 0xae, 0xff, 0x3f, 0xae, 0xff, 0x3f, 0xae, 0xff, 0x3f, 0xae, 0xff, 
  0x3f, 0xae, 0xff, 0x3f, 0xb6, 0xff, 0x3f, 0xb6, 0xff, 0x3f, 0xb6, 0xff, 
  0x3f, 0xb6, 0xff, 0x3f, 0xb6, 0xff, 0x3f, 0xb6, 0xff, 0x3f, 0xb6, 0xff, 
  0x3f, 0xb6, 0xff, 0x1f, 0xb6, 0xff, 0x3f, 0xb6, 0xff, 0x3f, 0xb6, 0xff, 
  0x3f, 0xb6, 0xff, 0x3f, 0xb6, 0xff, 0x3f, 0xb6, 0xff, 0x3f, 0xb6, 0xff, 
  0x3f, 0xb6, 0xff, 0x1f, 0xbe, 0xff, 0x1f, 0xbe, 0xff, 0x1f, 0xbe, 0xff, 
  0x3f, 0xbe, 0xff, 0x3f, 0xbe, 0xff, 0x3f, 0xbe, 0xff, 0x5f, 0xc6, 0x00, 
  0xdf, 0xd6, 0x00, 0x5f, 0xe7, 0x00, 0xbf, 0xf7, 0x00, 0xff, 0xff, 0x00, 
  0xff, 0xff, 0x00, 0xff, 0xff, 0x00, 0xff, 0xff, 0x00, 0xff, 0xff, 0x00, 
  0xff, 0xff, 0x00, 0xff, 0xff, 0x00, 0xff, 0xff, 0x00, 0xff, 0xff, 0x00, 
  0xff, 0xff, 0x00, 0xff, 0xff, 0x00, 0xdf, 0xe7, 0x00, 0x9f, 0xc7, 0x00, 
  0x1f, 0x97, 0x00, 0xff, 0x7e, 0xff, 0xff, 0x76, 0xff, 0xdf, 0x76, 0xff, 
  0xdf, 0x76, 0xff, 0xdf, 0x76, 0xff, 0xdf, 0x76, 0xff, 0xdf, 0x76, 0xff, 
  0xdf, 0x76, 0xff, 0xdf, 0x7e, 0xff, 0xdf, 0x7e, 0xff, 0xdf, 0x7e, 0xff, 
  0xdf, 0x7e, 0xff, 0xdf, 0x7e, 0xff, 0xdf, 0x7e, 0xff, 0xdf, 0x7e, 0xff, 
  0xdf, 0x7e, 0xff, 0xdf, 0x7e, 0xff, 0xdf, 0x7e, 0xff, 0xdf, 0x7e, 0xff, 
  0xdf, 0x7e, 0xff, 0xdf, 0x7e, 0xff, 0xbf, 0x86, 0xff, 0xbf, 0x86, 0xff, 
  0xbf, 0x86, 0xff, 0xbf, 0x7e, 0xff, 0xbf, 0x7e, 0xff, 0xbf, 0x7e, 0xff, 
  0xbf, 0x86, 0xff, 0xbf, 0x86, 0xff, 0xbf, 0x86, 0xff, 0xbf, 0x86, 0xff, 
  0xbf, 0x86, 0xff, 0xbf, 0x86, 0xff, 0xbf, 0x86, 0xff, 0xbf, 0x86, 0xff, 
  0xbf, 0x86, 0xff, 0xbf, 0x86, 0xff, 0x9f, 0x86, 0xff, 0x9f, 0x86, 0xff, 
  0x9f, 0x86, 0xff, 0x9f, 0x8e, 0xff, 0x9f, 0x8e, 0xff, 0x9f, 0x8e, 0xff, 
  0x9f, 0x8e, 0xff, 0x9f, 0x8e, 0xff, 0x9f, 0x8e, 0xff, 0x9f, 0x8e, 0xff, 
  0x7f, 0x8e, 0xff, 0x7f, 0x8e, 0xff, 0x7f, 0x8e, 0xff, 0x7f, 0x8e, 0xff, 
  0x7f, 0x8e, 0xff, 0x7f, 0x8e, 0xff, 0x7f, 0x96, 0xff, 0x7f, 0x96, 0xff, 
  0x7f, 0x96, 0xff, 0x7f, 0x96, 0xff, 0x7f, 0x96, 0xff, 0x7f, 0x96, 0xff, 
  0x7f, 0x96, 0xff, 0x7f, 0x96, 0xff, 0x5f, 0x96, 0xff, 0x7f, 0x96, 0xff, 
  0x5f, 0x9e, 0xff, 0x5f, 0x9e, 0xff, 0x7f, 0x9e, 0xff, 0x7f, 0x96, 0xff, 
  0x7f, 0x96, 0xff, 0x7f, 0x9e, 0xff, 0x5f, 0x9e, 0xff, 0x5f, 0x9e, 0xff, 
  0x5f, 0x9e, 0xff, 0x5f, 0x9e, 0xff, 0x5f, 0x9e, 0xff, 0x5f, 0x9e, 0xff, 
  0x5f, 0x9e, 0xff, 0x5f, 0xa6, 0xff, 0x5f, 0xa6, 0xff, 0x5f, 0xa6, 0xff, 
  0x5f, 0xa6, 0xff, 0x5f, 0xa6, 0xff, 0x5f, 0xa6, 0xff, 0x5f, 0xa6, 0xff, 
  0x3f, 0xa6, 0xff, 0x3f, 0xa6, 0xff, 0x3f, 0xae, 0xff, 0x3f, 0xae, 0xff, 
  0x3f, 0xae, 0xff, 0x5f, 0xa6, 0xff, 0x5f, 0xa6, 0xff, 0x3f, 0xae, 0xff, 
  0x3f, 0xae, 0xff, 0x3f, 0xae, 0xff, 0x3f, 0xae, 0xff, 0x3f, 0xae, 0xff, 
  0x3f, 0xae, 0xff, 0x3f, 0xae, 0xff, 0x3f, 0xae, 0xff, 0x3f, 0xae, 0xff, 
  0x3f, 0xb6, 0xff, 0x3f, 0xb6, 0xff, 0x3f, 0xb6, 0xff, 0x3f, 0xb6, 0xff, 
  0x3f, 0xb6, 0xff, 0x3f, 0xb6, 0xff, 0x3f, 0xb6, 0xff, 0x3f, 0xb6, 0xff, 
  0x1f, 0xb6, 0xff, 0x3f, 0xb6, 0xff, 0x3f, 0xb6, 0xff, 0x3f, 0xb6, 0xff, 
  0x3f, 0xb6, 0xff, 0x3f, 0xb6, 0xff, 0x3f, 0xb6, 0xff, 0x3f, 0xb6, 0xff, 
  0x1f, 0xbe, 0xff, 0x1f, 0xbe, 0xff, 0x1f, 0xbe, 0xff, 0x1f, 0xbe, 0xff, 
  0x3f, 0xbe, 0xff, 0x3f, 0xbe, 0xff, 0x3f, 0xbe, 0xff, 0x5f, 0xc6, 0x00, 
  0xdf, 0xd6, 0x00, 0x5f, 0xe7, 0x00, 0xbf, 0xf7, 0x00, 0xff, 0xff, 0x00, 
  0xff, 0xff, 0x00, 0xff, 0xff, 0x00, 0xff, 0xff, 0x00, 0xff, 0xff, 0x00, 
  0xff, 0xff, 0x00, 0xff, 0xff, 0x00, 0xff, 0xff, 0x00, 0xff, 0xff, 0x00, 
  0xff, 0xff, 0x00, 0xff, 0xff, 0x00, 0xdf, 0xe7, 0x00, 0x9f, 0xc7, 0x00, 
  0x1f, 0x9f, 0x00, 0xff, 0x7e, 0xff, 0xdf, 0x76, 0xff, 0xdf, 0x76, 0xff, 
  0xdf, 0x76, 0xff, 0xdf, 0x76, 0xff, 0xdf, 0x76, 0xff, 0xdf, 0x76, 0xff, 
  0xdf, 0x7e, 0xff, 0xdf, 0x7e, 0xff, 0xdf, 0x7e, 0xff, 0xdf, 0x7e, 0xff, 
  0xdf, 0x7e, 0xff, 0xdf, 0x7e, 0xff, 0xdf, 0x7e, 0xff, 0xdf, 0x7e, 0xff, 
  0xdf, 0x7e, 0xff, 0xdf, 0x7e, 0xff, 0xdf, 0x7e, 0xff, 0xdf, 0x7e, 0xff, 
  0xdf, 0x7e, 0xff, 0xbf, 0x86, 0xff, 0xbf, 0x86, 0xff, 0xbf, 0x86, 0xff, 
  0xbf, 0x86, 0xff, 0xbf, 0x7e, 0xff, 0xbf, 0x7e, 0xff, 0xbf, 0x86, 0xff, 
  0xbf, 0x86, 0xff, 0xbf, 0x86, 0xff, 0xbf, 0x86, 0xff, 0xbf, 0x86, 0xff, 
  0xbf, 0x86, 0xff, 0xbf, 0x86, 0xff, 0xbf, 0x86, 0xff, 0xbf, 0x86, 0xff, 
  0xbf, 0x86, 0xff, 0x9f, 0x86, 0xff, 0x9f, 0x86, 0xff, 0x9f, 0x86, 0xff, 
  0x9f, 0x8e, 0xff, 0x9f, 0x8e, 0xff, 0x9f, 0x8e, 0xff, 0x9f, 0x8e, 0xff, 
  0x9f, 0x8e, 0xff, 0x9f, 0x8e, 0xff, 0x9f, 0x8e, 0xff, 0x7f, 0x8e, 0xff, 
  0x7f, 0x8e, 0xff, 0x7f, 0x8e, 0xff, 0x7f, 0x8e, 0xff, 0x7f, 0x8e, 0xff, 
  0x7f, 0x8e, 0xff, 0x7f, 0x96, 0xff, 0x7f, 0x96, 0xff, 0x7f, 0x96, 0xff, 
  0x7f, 0x96, 0xff, 0x7f, 0x96, 0xff, 0x7f, 0x96, 0xff, 0x7f, 0x96, 0xff, 
  0x7f, 0x96, 0xff, 0x5f, 0x96, 0xff, 0x7f, 0x96, 0xff, 0x5f, 0x9e, 0xff, 
  0x5f, 0x9e, 0xff, 0x7f, 0x9e, 0xff, 0x7f, 0x96, 0xff, 0x7f, 0x96, 0xff, 
  0x7f, 0x9e, 0xff, 0x5f, 0x9e, 0xff, 0x5f, 0x9e, 0xff, 0x5f, 0x9e, 0xff, 
  0x5f, 0x9e, 0xff, 0x5f, 0x9e, 0xff, 0x5f, 0x9e, 0xff, 0x5f, 0x9e, 0xff, 
  0x5f, 0xa6, 0xff, 0x5f, 0xa6, 0xff, 0x5f, 0xa6, 0xff, 0x5f, 0xa6, 0xff, 
  0x5f, 0xa6, 0xff, 0x5f, 0xa6, 0xff, 0x5f, 0xa6, 0xff, 0x5f, 0xa6, 0xff, 
  0x3f, 0xa6, 0xff, 0x3f, 0xae, 0xff, 0x3f, 0xae, 0xff, 0x3f, 0xae, 0xff, 
  0x5f, 0xa6, 0xff, 0x5f, 0xa6, 0xff, 0x3f, 0xae, 0xff, 0x3f, 0xae, 0xff, 
  0x3f, 0xae, 0xff, 0x3f, 0xae, 0xff, 0x3f, 0xae, 0xff, 0x3f, 0xae, 0xff, 
  0x3f, 0xae, 0xff, 0x3f, 0xae, 0xff, 0x3f, 0xae, 0xff, 0x3f, 0xb6, 0xff, 
  0x3f, 0xb6, 0xff, 0x3f, 0xb6, 0xff, 0x3f, 0xb6, 0xff, 0x3f, 0xb6, 0xff, 
  0x3f, 0xb6, 0xff, 0x3f, 0xb6, 0xff, 0x3f, 0xb6, 0xff, 0x1f, 0xb6, 0xff, 
  0x3f, 0xb6, 0xff, 0x3f, 0xb6, 0xff, 0x3f, 0xb6, 0xff, 0x3f, 0xb6, 0xff, 
  0x3f, 0xb6, 0xff, 0x3f, 0xb6, 0xff, 0x3f, 0xb6, 0xff, 0x1f, 0xbe, 0xff, 
  0x1f, 0xbe, 0xff, 0x1f, 0xbe, 0xff, 0x1f, 0xbe, 0xff, 0x3f, 0xbe, 0xff, 
  0x3f, 0xbe, 0xff, 0x3f, 0xbe, 0xff, 0x3f, 0xbe, 0xff, 0x5f, 0xc6, 0x00, 
  0xbf, 0xd6, 0x00, 0x5f, 0xef, 0x00, 0xdf, 0xf7, 0x00, 0xff, 0xff, 0x00, 
  0xff, 0xff, 0x00, 0xff, 0xff, 0x00, 0xff, 0xff, 0x00, 0xff, 0xff, 0x00, 
  0xff, 0xff, 0x00, 0xff, 0xff, 0x00, 0xff, 0xff, 0x00, 0xff, 0xff, 0x00, 
  0xff, 0xff, 0x00, 0xff, 0xff, 0x00, 0xdf, 0xe7, 0x00, 0x7f, 0xc7, 0x00, 
  0x1f, 0x97, 0x00, 0xff, 0x7e, 0xff, 0xdf, 0x76, 0xff, 0xdf, 0x76, 0xff, 
  0xdf, 0x76, 0xff, 0xdf, 0x76, 0xff, 0xdf, 0x76, 0xff, 0xdf, 0x7e, 0xff, 
  0xdf, 0x7e, 0xff, 0xdf, 0x7e, 0xff, 0xdf, 0x7e, 0xff, 0xdf, 0x7e, 0xff, 
  0xdf, 0x7e, 0xff, 0xdf, 0x7e, 0xff, 0xdf, 0x7e, 0xff, 0xdf, 0x7e, 0xff, 
  0xdf, 0x7e, 0xff, 0xdf, 0x7e, 0xff, 0xdf, 0x7e, 0xff, 0xdf, 0x7e, 0xff, 
  0xbf, 0x86, 0xff, 0xbf, 0x86, 0xff, 0xbf, 0x86, 0xff, 0xbf, 0x86, 0xff, 
  0xbf, 0x7e, 0xff, 0xbf, 0x7e, 0xff, 0xbf, 0x86, 0xff, 0xbf, 0x86, 0xff, 
  0xbf, 0x86, 0xff, 0xbf, 0x86, 0xff, 0xbf, 0x86, 0xff, 0xbf, 0x86, 0xff, 
  0xbf, 0x86, 0xff, 0xbf, 0x86, 0xff, 0xbf, 0x86, 0xff, 0xbf, 0x86, 0xff, 
  0x9f, 0x86, 0xff, 0x9f, 0x86, 0xff, 0x9f, 0x86, 0xff, 0x9f, 0x8e, 0xff, 
  0x9f, 0x8e, 0xff, 0x9f, 0x8e, 0xff, 0x9f, 0x8e, 0xff, 0x9f, 0x8e, 0xff, 
  0x9f, 0x8e, 0xff, 0x9f, 0x8e, 0xff, 0x7f, 0x8e, 0xff, 0x7f, 0x8e, 0xff, 
  0x7f, 0x8e, 0xff, 0x7f, 0x8e, 0xff, 0x7f, 0x8e, 0xff, 0x7f, 0x8e, 0xff, 
  0x7f, 0x96, 0xff, 0x7f, 0x96, 0xff, 0x7f, 0x96, 0xff, 0x7f, 0x96, 0xff, 
  0x7f, 0x96, 0xff, 0x7f, 0x96, 0xff, 0x7f, 0x96, 0xff, 0x7f, 0x96, 0xff, 
  0x5f, 0x96, 0xff, 0x7f, 0x96, 0xff, 0x5f, 0x9e, 0xff, 0x5f, 0x9e, 0xff, 
  0x7f, 0x9e, 0xff, 0x7f, 0x96, 0xff, 0x7f, 0x96, 0xff, 0x7f, 0x9e, 0xff, 
  0x5f, 0x9e, 0xff, 0x5f, 0x9e, 0xff, 0x5f, 0x9e, 0xff, 0x5f, 0x9e, 0xff, 
  0x5f, 0x9e, 0xff, 0x5f, 0x9e, 0xff, 0x5f, 0x9e, 0xff, 0x5f, 0xa6, 0xff, 
  0x5f, 0xa6, 0xff, 0x5f, 0xa6, 0xff, 0x5f, 0xa6, 0xff, 0x5f, 0xa6, 0xff, 
  0x5f, 0xa6, 0xff, 0x5f, 0xa6, 0xff, 0x5f, 0xa6, 0xff, 0x3f, 0xa6, 0xff, 
  0x3f, 0xae, 0xff, 0x3f, 0xae, 0xff, 0x3f, 0xae, 0xff, 0x5f, 0xa6, 0xff, 
  0x5f, 0xa6, 0xff, 0x3f, 0xae, 0xff, 0x3f, 0xae, 0xff, 0x3f, 0xae, 0xff, 
  0x3f, 0xae, 0xff, 0x3f, 0xae, 0xff, 0x3f, 0xae, 0xff, 0x3f, 0xae, 0xff, 
  0x3f, 0xae, 0xff, 0x3f, 0xae, 0xff, 0x3f, 0xb6, 0xff, 0x3f, 0xb6, 0xff, 
  0x3f, 0xb6, 0xff, 0x3f, 0xb6, 0xff, 0x3f, 0xb6, 0xff, 0x3f, 0xb6, 0xff, 
  0x3f, 0xb6, 0xff, 0x3f, 0xb6, 0xff, 0x1f, 0xb6, 0xff, 0x3f, 0xb6, 0xff, 
  0x3f, 0xb6, 0xff, 0x3f, 0xb6, 0xff, 0x3f, 0xb6, 0xff, 0x3f, 0xb6, 0xff, 
  0x3f, 0xb6, 0xff, 0x3f, 0xb6, 0xff, 0x1f, 0xbe, 0xff, 0x1f, 0xbe, 0xff, 
  0x1f, 0xbe, 0xff, 0x1f, 0xbe, 0xff, 0x3f, 0xbe, 0xff, 0x3f, 0xbe, 0xff, 
  0x3f, 0xbe, 0xff, 0x3f, 0xbe, 0xff, 0x1f, 0xbe, 0xff, 0x3f, 0xc6, 0x00, 
  0xbf, 0xd6, 0x00, 0x5f, 0xef, 0x00, 0xbf, 0xf7, 0x00, 0xff, 0xff, 0x00, 
  0xff, 0xff, 0x00, 0xff, 0xff, 0x00, 0xff, 0xff, 0x00, 0xff, 0xff, 0x00, 
  0xff, 0xff, 0x00, 0xff, 0xff, 0x00, 0xff, 0xff, 0x00, 0xff, 0xff, 0x00, 
  0xff, 0xff, 0x00, 0xff, 0xff, 0x00, 0xdf, 0xe7, 0x00, 0x9f, 0xc7, 0x00, 
  0x1f, 0x97, 0x00, 0xff, 0x7e, 0xff, 0xdf, 0x76, 0xff, 0xdf, 0x76, 0xff, 
  0xdf, 0x76, 0xff, 0xdf, 0x76, 0xff, 0xdf, 0x7e, 0xff, 0xdf, 0x7e, 0xff, 
  0xdf, 0x7e, 0xff, 0xdf, 0x7e, 0xff, 0xdf, 0x7e, 0xff, 0xdf, 0x7e, 0xff, 
  0xdf, 0x7e, 0xff, 0xdf, 0x7e, 0xff, 0xdf, 0x7e, 0xff, 0xdf, 0x7e, 0xff, 
  0xdf, 0x7e, 0xff, 0xdf, 0x7e, 0xff, 0xdf, 0x7e, 0xff, 0xbf, 0x86, 0xff, 
  0xbf, 0x86, 0xff, 0xbf, 0x86, 0xff, 0xbf, 0x86, 0xff, 0xbf, 0x7e, 0xff, 
  0xbf, 0x7e, 0xff, 0xbf, 0x86, 0xff, 0xbf, 0x86, 0xff, 0xbf, 0x86, 0xff, 
  0xbf, 0x86, 0xff, 0xbf, 0x86, 0xff, 0xbf, 0x86, 0xff, 0xbf, 0x86, 0xff, 
  0xbf, 0x86, 0xff, 0xbf, 0x86, 0xff, 0xbf, 0x86, 0xff, 0x9f, 0x86, 0xff, 
  0x9f, 0x86, 0xff, 0x9f, 0x86, 0xff, 0x9f, 0x8e, 0xff, 0x9f, 0x8e, 0xff, 
  0x9f, 0x8e, 0xff, 0x9f, 0x8e, 0xff, 0x9f, 0x8e, 0xff, 0x9f, 0x8e, 0xff, 
  0x9f, 0x8e, 0xff, 0x7f, 0x8e, 0xff, 0x7f, 0x8e, 0xff, 0x7f, 0x8e, 0xff, 
  0x7f, 0x8e, 0xff, 0x7f, 0x8e, 0xff, 0x7f, 0x8e, 0xff, 0x7f, 0x96, 0xff, 
  0x7f, 0x96, 0xff, 0x7f, 0x96, 0xff, 0x7f, 0x96, 0xff, 0x7f, 0x96, 0xff, 
  0x7f, 0x96, 0xff, 0x7f, 0x96, 0xff, 0x7f, 0x96, 0xff, 0x5f, 0x96, 0xff, 
  0x7f, 0x96, 0xff, 0x5f, 0x9e, 0xff, 0x5f, 0x9e, 0xff, 0x7f, 0x9e, 0xff, 
  0x7f, 0x96, 0xff, 0x7f, 0x96, 0xff, 0x7f, 0x9e, 0xff, 0x5f, 0x9e, 0xff, 
  0x5f, 0x9e, 0xff, 0x5f, 0x9e, 0xff, 0x5f, 0x9e, 0xff, 0x5f, 0x9e, 0xff, 
  0x5f, 0x9e, 0xff, 0x5f, 0x9e, 0xff, 0x5f, 0xa6, 0xff, 0x5f, 0xa6, 0xff, 
  0x5f, 0xa6, 0xff, 0x5f, 0xa6, 0xff, 0x5f, 0xa6, 0xff, 0x5f, 0xa6, 0xff, 
  0x5f, 0xa6, 0xff, 0x3f, 0xa6, 0xff, 0x3f, 0xa6, 0xff, 0x3f, 0xae, 0xff, 
  0x3f, 0xae, 0xff, 0x3f, 0xae, 0xff, 0x5f, 0xa6, 0xff, 0x5f, 0xa6, 0xff, 
  0x3f, 0xae, 0xff, 0x3f, 0xae, 0xff, 0x3f, 0xae, 0xff, 0x3f, 0xae, 0xff, 
  0x3f, 0xae, 0xff, 0x3f, 0xae, 0xff, 0x3f, 0xae, 0xff, 0x3f, 0xae, 0xff, 
  0x3f, 0xae, 0xff, 0x3f, 0xb6, 0xff, 0x3f, 0xb6, 0xff, 0x3f, 0xb6, 0xff, 
  0x3f, 0xb6, 0xff, 0x3f, 0xb6, 0xff, 0x3f, 0xb6, 0xff, 0x3f, 0xb6, 0xff, 
  0x3f, 0xb6, 0xff, 0x1f, 0xb6, 0xff, 0x3f, 0xb6, 0xff, 0x3f, 0xb6, 0xff, 
  0x3f, 0xb6, 0xff, 0x3f, 0xb6, 0xff, 0x3f, 0xb6, 0xff, 0x3f, 0xb6, 0xff, 
  0x3f, 0xb6, 0xff, 0x1f, 0xbe, 0xff, 0x1f, 0xbe, 0xff, 0x1f, 0xbe, 0xff, 
  0x1f, 0xbe, 0xff, 0x3f, 0xbe, 0xff, 0x3f, 0xbe, 0xff, 0x3f, 0xbe, 0xff, 
  0x3f, 0xbe, 0xff, 0x1f, 0xbe, 0xff, 0x1f, 0xbe, 0xff, 0x3f, 0xc6, 0x00, 
  0xdf, 0xd6, 0x00, 0x5f, 0xef, 0x00, 0xbf, 0xf7, 0x00, 0xff, 0xff, 0x00, 
  0xff, 0xff, 0x00, 0xff, 0xff, 0x00, 0xff, 0xff, 0x00, 0xff, 0xff, 0x00, 
  0xff, 0xff, 0x00, 0xff, 0xff, 0x00, 0xff, 0xff, 0x00, 0xff, 0xff, 0x00, 
  0xff, 0xff, 0x00, 0xff, 0xff, 0x00, 0xdf, 0xe7, 0x00, 0x7f, 0xc7, 0x00, 
  0x1f, 0x9f, 0x00, 0xff, 0x7e, 0xff, 0xdf, 0x76, 0xff, 0xdf, 0x76, 0xff, 
  0xdf, 0x76, 0xff, 0xdf, 0x7e, 0xff, 0xdf, 0x7e, 0xff, 0xdf, 0x7e, 0xff, 
  0xdf, 0x7e, 0xff, 0xdf, 0x7e, 0xff, 0xdf, 0x7e, 0xff, 0xdf, 0x7e, 0xff, 
  0xdf, 0x7e, 0xff, 0xdf, 0x7e, 0xff, 0xdf, 0x7e, 0xff, 0xdf, 0x7e, 0xff, 
  0xdf, 0x7e, 0xff, 0xdf, 0x7e, 0xff, 0xbf, 0x86, 0xff, 0xbf, 0x86, 0xff, 
  0xbf, 0x86, 0xff, 0xbf, 0x7e, 0xff, 0xbf, 0x7e, 0xff, 0xbf, 0x7e, 0xff, 
  0xbf, 0x86, 0xff, 0xbf, 0x86, 0xff, 0xbf, 0x86, 0xff, 0xbf, 0x86, 0xff, 
  0xbf, 0x86, 0xff, 0xbf, 0x86, 0xff, 0xbf, 0x86, 0xff, 0xbf, 0x86, 0xff, 
  0xbf, 0x86, 0xff, 0xbf, 0x86, 0xff, 0x9f, 0x86, 0xff, 0x9f, 0x86, 0xff, 
  0x9f, 0x86, 0xff, 0x9f, 0x8e, 0xff, 0x9f, 0x8e, 0xff, 0x9f, 0x8e, 0xff, 
  0x9f, 0x8e, 0xff, 0x9f, 0x8e, 0xff, 0x9f, 0x8e, 0xff, 0x9f, 0x8e, 0xff, 
  0x7f, 0x8e, 0xff, 0x7f, 0x8e, 0xff, 0x7f, 0x8e, 0xff, 0x7f, 0x8e, 0xff, 
  0x7f, 0x8e, 0xff, 0x7f, 0x8e, 0xff, 0x7f, 0x96, 0xff, 0x7f, 0x96, 0xff, 
  0x7f, 0x96, 0xff, 0x7f, 0x96, 0xff, 0x7f, 0x96, 0xff, 0x7f, 0x96, 0xff, 
  0x7f, 0x96, 0xff, 0x7f, 0x96, 0xff, 0x5f, 0x96, 0xff, 0x7f, 0x96, 0xff, 
  0x5f, 0x9e, 0xff, 0x5f, 0x9e, 0xff, 0x5f, 0x9e, 0xff, 0x7f, 0x96, 0xff, 
  0x7f, 0x96, 0xff, 0x7f, 0x9e, 0xff, 0x5f, 0x9e, 0xff, 0x5f, 0x9e, 0xff, 
  0x5f, 0x9e, 0xff, 0x5f, 0x9e, 0xff, 0x5f, 0x9e, 0xff, 0x5f, 0x9e, 0xff, 
  0x5f, 0x9e, 0xff, 0x5f, 0xa6, 0xff, 0x5f, 0xa6, 0xff, 0x5f, 0xa6, 0xff, 
  0x5f, 0xa6, 0xff, 0x5f, 0xa6, 0xff, 0x5f, 0xa6, 0xff, 0x5f, 0xa6, 0xff, 
  0x5f, 0xa6, 0xff, 0x3f, 0xa6, 0xff, 0x3f, 0xae, 0xff, 0x3f, 0xae, 0xff, 
  0x3f, 0xae, 0xff, 0x5f, 0xa6, 0xff, 0x5f, 0xa6, 0xff, 0x5f, 0xae, 0xff, 
  0x3f, 0xae, 0xff, 0x3f, 0xae, 0xff, 0x3f, 0xae, 0xff, 0x3f, 0xae, 0xff, 
  0x3f, 0xae, 0xff, 0x3f, 0xae, 0xff, 0x3f, 0xae, 0xff, 0x3f, 0xae, 0xff, 
  0x3f, 0xb6, 0xff, 0x3f, 0xb6, 0xff, 0x3f, 0xb6, 0xff, 0x3f, 0xb6, 0xff, 
  0x3f, 0xb6, 0xff, 0x3f, 0xb6, 0xff, 0x3f, 0xb6, 0xff, 0x3f, 0xb6, 0xff, 
  0x1f, 0xb6, 0xff, 0x3f, 0xb6, 0xff, 0x3f, 0xb6, 0xff, 0x3f, 0xb6, 0xff, 
  0x3f, 0xb6, 0xff, 0x3f, 0xb6, 0xff, 0x3f, 0xb6, 0xff, 0x3f, 0xb6, 0xff, 
  0x1f, 0xbe, 0xff, 0x1f, 0xbe, 0xff, 0x1f, 0xbe, 0xff, 0x1f, 0xbe, 0xff, 
  0x3f, 0xbe, 0xff, 0x3f, 0xbe, 0xff, 0x3f, 0xbe, 0xff, 0x3f, 0xbe, 0xff, 
  0x1f, 0xbe, 0xff, 0x1f, 0xbe, 0xff, 0x1f, 0xbe, 0xff, 0x5f, 0xc6, 0x00, 
  0xdf, 0xd6, 0x00, 0x5f, 0xef, 0x00, 0xbf, 0xf7, 0x00, 0xff, 0xff, 0x00, 
  0xff, 0xff, 0x00, 0xff, 0xff, 0x00, 0xff, 0xff, 0x00, 0xff, 0xff, 0x00, 
  0xff, 0xff, 0x00, 0xff, 0xff, 0x00, 0xff, 0xff, 0x00, 0xff, 0xff, 0x00, 
  0xff, 0xff, 0x00, 0xff, 0xff, 0x00, 0xbf, 0xe7, 0x00, 0x7f, 0xc7, 0x00, 
  0x1f, 0x97, 0x00, 0xff, 0x7e, 0xff, 0xdf, 0x76, 0xff, 0xdf, 0x76, 0xff, 
  0xdf, 0x7e, 0xff, 0xdf, 0x7e, 0xff, 0xdf, 0x7e, 0xff, 0xdf, 0x7e, 0xff, 
  0xdf, 0x7e, 0xff, 0xdf, 0x7e, 0xff, 0xdf, 0x7e, 0xff, 0xdf, 0x7e, 0xff, 
  0xdf, 0x7e, 0xff, 0xdf, 0x7e, 0xff, 0xdf, 0x7e, 0xff, 0xdf, 0x7e, 0xff, 
  0xdf, 0x7e, 0xff, 0xbf, 0x86, 0xff, 0xbf, 0x86, 0xff, 0xbf, 0x86, 0xff, 
  0xbf, 0x7e, 0xff, 0xbf, 0x7e, 0xff, 0xbf, 0x7e, 0xff, 0xbf, 0x86, 0xff, 
  0xbf, 0x86, 0xff, 0xbf, 0x86, 0xff, 0xbf, 0x86, 0xff, 0xbf, 0x86, 0xff, 
  0xbf, 0x86, 0xff, 0xbf, 0x86, 0xff, 0xbf, 0x86, 0xff, 0xbf, 0x86, 0xff, 
  0xbf, 0x86, 0xff, 0x9f, 0x86, 0xff, 0x9f, 0x86, 0xff, 0x9f, 0x86, 0xff, 
  0x9f, 0x8e, 0xff, 0x9f, 0x8e, 0xff, 0x9f, 0x8e, 0xff, 0x9f, 0x8e, 0xff, 
  0x9f, 0x8e, 0xff, 0x9f, 0x8e, 0xff, 0x7f, 0x8e, 0xff, 0x7f, 0x8e, 0xff, 
  0x7f, 0x8e, 0xff, 0x7f, 0x8e, 0xff, 0x7f, 0x8e, 0xff, 0x7f, 0x8e, 0xff, 
  0x7f, 0x8e, 0xff, 0x7f, 0x96, 0xff, 0x7f, 0x96, 0xff, 0x7f, 0x96, 0xff, 
  0x7f, 0x96, 0xff, 0x7f, 0x96, 0xff, 0x7f, 0x96, 0xff, 0x7f, 0x96, 0xff, 
  0x7f, 0x96, 0xff, 0x5f, 0x96, 0xff, 0x7f, 0x96, 0xff, 0x5f, 0x9e, 0xff, 
  0x5f, 0x9e, 0xff, 0x7f, 0x9e, 0xff, 0x7f, 0x96, 0xff, 0x7f, 0x96, 0xff, 
  0x7f, 0x9e, 0xff, 0x5f, 0x9e, 0xff, 0x5f, 0x9e, 0xff, 0x5f, 0x9e, 0xff, 
  0x5f, 0x9e, 0xff, 0x5f, 0x9e, 0xff, 0x5f, 0x9e, 0xff, 0x5f, 0x9e, 0xff, 
  0x5f, 0xa6, 0xff, 0x5f, 0xa6, 0xff, 0x5f, 0xa6, 0xff, 0x5f, 0xa6, 0xff, 
  0x5f, 0xa6, 0xff, 0x5f, 0xa6, 0xff, 0x5f, 0xa6, 0xff, 0x5f, 0xa6, 0xff, 
  0x3f, 0xa6, 0xff, 0x3f, 0xa6, 0xff, 0x3f, 0xae, 0xff, 0x3f, 0xae, 0xff, 
  0x5f, 0xa6, 0xff, 0x5f, 0xa6, 0xff, 0x5f, 0xae, 0xff, 0x3f, 0xae, 0xff, 
  0x3f, 0xae, 0xff, 0x3f, 0xae, 0xff, 0x3f, 0xae, 0xff, 0x3f, 0xae, 0xff, 
  0x3f, 0xae, 0xff, 0x3f, 0xae, 0xff, 0x3f, 0xae, 0xff, 0x3f, 0xb6, 0xff, 
  0x3f, 0xb6, 0xff, 0x3f, 0xb6, 0xff, 0x3f, 0xb6, 0xff, 0x3f, 0xb6, 0xff, 
  0x3f, 0xb6, 0xff, 0x3f, 0xb6, 0xff, 0x3f, 0xb6, 0xff, 0x1f, 0xb6, 0xff, 
  0x3f, 0xb6, 0xff, 0x3f, 0xb6, 0xff, 0x3f, 0xb6, 0xff, 0x3f, 0xb6, 0xff, 
  0x3f, 0xb6, 0xff, 0x3f, 0xb6, 0xff, 0x3f, 0xb6, 0xff, 0x1f, 0xbe, 0xff, 
  0x1f, 0xbe, 0xff, 0x1f, 0xbe, 0xff, 0x1f, 0xbe, 0xff, 0x3f, 0xbe, 0xff, 
  0x3f, 0xbe, 0xff, 0x3f, 0xbe, 0xff, 0x3f, 0xbe, 0xff, 0x1f, 0xbe, 0xff, 
  0x1f, 0xbe, 0xff, 0x1f, 0xbe, 0xff, 0x1f, 0xbe, 0xff, 0x5f, 0xc6, 0x00, 
  0xdf, 0xd6, 0x00, 0x5f, 0xef, 0x00, 0xdf, 0xf7, 0x00, 0xff, 0xff, 0x00, 
  0xff, 0xff, 0x00, 0xff, 0xff, 0x00, 0xff, 0xff, 0x00, 0xff, 0xff, 0x00, 
  0xff, 0xff, 0x00, 0xff, 0xff, 0x00, 0xff, 0xff, 0x00, 0xff, 0xff, 0x00, 
  0xff, 0xff, 0x00, 0xff, 0xf7, 0x00, 0xbf, 0xe7, 0x00, 0x7f, 0xc7, 0x00, 
  0x1f, 0x97, 0x00, 0xff, 0x7e, 0xff, 0xdf, 0x76, 0xff, 0xdf, 0x7e, 0xff, 
  0xdf, 0x7e, 0xff, 0xdf, 0x7e, 0xff, 0xdf, 0x7e, 0xff, 0xdf, 0x7e, 0xff, 
  0xdf, 0x7e, 0xff, 0xdf, 0x7e, 0xff, 0xdf, 0x7e, 0xff, 0xdf, 0x7e, 0xff, 
  0xdf, 0x7e, 0xff, 0xdf, 0x7e, 0xff, 0xdf, 0x7e, 0xff, 0xdf, 0x7e, 0xff, 
  0xbf, 0x86, 0xff, 0xbf, 0x86, 0xff, 0xbf, 0x86, 0xff, 0xbf, 0x86, 0xff, 
  0xbf, 0x7e, 0xff, 0xbf, 0x7e, 0xff, 0xbf, 0x86, 0xff, 0xbf, 0x86, 0xff, 
  0xbf, 0x86, 0xff, 0xbf, 0x86, 0xff, 0xbf, 0x86, 0xff, 0xbf, 0x86, 0xff, 
  0xbf, 0x86, 0xff, 0xbf, 0x86, 0xff, 0xbf, 0x86, 0xff, 0xbf, 0x86, 0xff, 
  0x9f, 0x86, 0xff, 0x9f, 0x86, 0xff, 0x9f, 0x86, 0xff, 0x9f, 0x8e, 0xff, 
  0x9f, 0x8e, 0xff, 0x9f, 0x8e, 0xff, 0x9f, 0x8e, 0xff, 0x9f, 0x8e, 0xff, 
  0x9f, 0x8e, 0xff, 0x7f, 0x8e, 0xff, 0x7f, 0x8e, 0xff, 0x7f, 0x8e, 0xff, 
  0x7f, 0x8e, 0xff, 0x7f, 0x8e, 0xff, 0x7f, 0x8e, 0xff, 0x7f, 0x8e, 0xff, 
  0x7f, 0x96, 0xff, 0x7f, 0x96, 0xff, 0x7f, 0x96, 0xff, 0x7f, 0x96, 0xff, 
  0x7f, 0x96, 0xff, 0x7f, 0x96, 0xff, 0x7f, 0x96, 0xff, 0x7f, 0x96, 0xff, 
  0x5f, 0x96, 0xff, 0x7f, 0x96, 0xff, 0x5f, 0x9e, 0xff, 0x5f, 0x9e, 0xff, 
  0x7f, 0x9e, 0xff, 0x7f, 0x96, 0xff, 0x7f, 0x96, 0xff, 0x7f, 0x9e, 0xff, 
  0x5f, 0x9e, 0xff, 0x5f, 0x9e, 0xff, 0x5f, 0x9e, 0xff, 0x5f, 0x9e, 0xff, 
  0x5f, 0x9e, 0xff, 0x5f, 0x9e, 0xff, 0x5f, 0x9e, 0xff, 0x5f, 0xa6, 0xff, 
  0x5f, 0xa6, 0xff, 0x5f, 0xa6, 0xff, 0x5f, 0xa6, 0xff, 0x5f, 0xa6, 0xff, 
  0x5f, 0xa6, 0xff, 0x5f, 0xa6, 0xff, 0x5f, 0xa6, 0xff, 0x3f, 0xa6, 0xff, 
  0x3f, 0xae, 0xff, 0x3f, 0xae, 0xff, 0x3f, 0xae, 0xff, 0x5f, 0xa6, 0xff, 
  0x5f, 0xa6, 0xff, 0x5f, 0xae, 0xff, 0x3f, 0xae, 0xff, 0x3f, 0xae, 0xff, 
  0x3f, 0xae, 0xff, 0x3f, 0xae, 0xff, 0x3f, 0xae, 0xff, 0x3f, 0xae, 0xff, 
  0x3f, 0xae, 0xff, 0x3f, 0xae, 0xff, 0x3f, 0xb6, 0xff, 0x3f, 0xb6, 0xff, 
  0x3f, 0xb6, 0xff, 0x3f, 0xb6, 0xff, 0x3f, 0xb6, 0xff, 0x3f, 0xb6, 0xff, 
  0x3f, 0xb6, 0xff, 0x3f, 0xb6, 0xff, 0x1f, 0xb6, 0xff, 0x1f, 0xb6, 0xff, 
  0x3f, 0xb6, 0xff, 0x3f, 0xb6, 0xff, 0x3f, 0xb6, 0xff, 0x3f, 0xb6, 0xff, 
  0x3f, 0xb6, 0xff, 0x3f, 0xb6, 0xff, 0x1f, 0xbe, 0xff, 0x1f, 0xbe, 0xff, 
  0x1f, 0xbe, 0xff, 0x1f, 0xbe, 0xff, 0x3f, 0xbe, 0xff, 0x3f, 0xbe, 0xff, 
  0x3f, 0xbe, 0xff, 0x3f, 0xbe, 0xff, 0x1f, 0xbe, 0xff, 0x1f, 0xbe, 0xff, 
  0x1f, 0xbe, 0xff, 0x1f, 0xbe, 0xff, 0x3f, 0xc6, 0xff, 0x5f, 0xc6, 0x00, 
  0xdf, 0xd6, 0x00, 0x5f, 0xef, 0x00, 0xbf, 0xf7, 0x00, 0xff, 0xff, 0x00, 
  0xff, 0xff, 0x00, 0xff, 0xff, 0x00, 0xff, 0xff, 0x00, 0xff, 0xff, 0x00, 
  0xff, 0xff, 0x00, 0xff, 0xff, 0x00, 0xff, 0xff, 0x00, 0xff, 0xff, 0x00, 
  0xff, 0xff, 0x00, 0xff, 0xf7, 0x00, 0xbf, 0xe7, 0x00, 0x7f, 0xc7, 0x00, 
  0x1f, 0x9f, 0x00, 0xff, 0x7e, 0xff, 0xdf, 0x7e, 0xff, 0xdf, 0x7e, 0xff, 
  0xdf, 0x7e, 0xff, 0xdf, 0x7e, 0xff, 0xdf, 0x7e, 0xff, 0xdf, 0x7e, 0xff, 
  0xdf, 0x7e, 0xff, 0xdf, 0x7e, 0xff, 0xdf, 0x7e, 0xff, 0xdf, 0x7e, 0xff, 
  0xdf, 0x7e, 0xff, 0xdf, 0x7e, 0xff, 0xdf, 0x7e, 0xff, 0xbf, 0x86, 0xff, 
  0xbf, 0x86, 0xff, 0xbf, 0x86, 0xff, 0xbf, 0x7e, 0xff, 0xbf, 0x7e, 0xff, 
  0xbf, 0x7e, 0xff, 0xbf, 0x86, 0xff, 0xbf, 0x86, 0xff, 0xbf, 0x86, 0xff, 
  0xbf, 0x86, 0xff, 0xbf, 0x86, 0xff, 0xbf, 0x86, 0xff, 0xbf, 0x86, 0xff, 
  0xbf, 0x86, 0xff, 0xbf, 0x86, 0xff, 0xbf, 0x86, 0xff, 0x9f, 0x86, 0xff, 
  0x9f, 0x86, 0xff, 0x9f, 0x86, 0xff, 0x9f, 0x8e, 0xff, 0x9f, 0x8e, 0xff, 
  0x9f, 0x8e, 0xff, 0x9f, 0x8e, 0xff, 0x9f, 0x8e, 0xff, 0x9f, 0x8e, 0xff, 
  0x7f, 0x8e, 0xff, 0x7f, 0x8e, 0xff, 0x7f, 0x8e, 0xff, 0x7f, 0x8e, 0xff, 
  0x7f, 0x8e, 0xff, 0x7f, 0x8e, 0xff, 0x7f, 0x8e, 0xff, 0x7f, 0x96, 0xff, 
  0x7f, 0x96, 0xff, 0x7f, 0x96, 0xff, 0x7f, 0x96, 0xff, 0x7f, 0x96, 0xff, 
  0x7f, 0x96, 0xff, 0x7f, 0x96, 0xff, 0x7f, 0x96, 0xff, 0x5f, 0x96, 0xff, 
  0x7f, 0x96, 0xff, 0x5f, 0x9e, 0xff, 0x5f, 0x9e, 0xff, 0x7f, 0x9e, 0xff, 
  0x7f, 0x96, 0xff, 0x7f, 0x96, 0xff, 0x7f, 0x9e, 0xff, 0x5f, 0x9e, 0xff, 
  0x5f, 0x9e, 0xff, 0x5f, 0x9e, 0xff, 0x5f, 0x9e, 0xff, 0x5f, 0x9e, 0xff, 
  0x5f, 0x9e, 0xff, 0x5f, 0x9e, 0xff, 0x5f, 0xa6, 0xff, 0x5f, 0xa6, 0xff, 
  0x5f, 0xa6, 0xff, 0x5f, 0xa6, 0xff, 0x5f, 0xa6, 0xff, 0x5f, 0xa6, 0xff, 
  0x5f, 0xa6, 0xff, 0x3f, 0xa6, 0xff, 0x3f, 0xa6, 0xff, 0x3f, 0xae, 0xff, 
  0x3f, 0xae, 0xff, 0x3f, 0xae, 0xff, 0x5f, 0xa6, 0xff, 0x5f, 0xa6, 0xff, 
  0x3f, 0xae, 0xff, 0x3f, 0xae, 0xff, 0x3f, 0xae, 0xff, 0x3f, 0xae, 0xff, 
  0x3f, 0xae, 0xff, 0x3f, 0xae, 0xff, 0x3f, 0xae, 0xff, 0x3f, 0xae, 0xff, 
  0x3f, 0xae, 0xff, 0x3f, 0xb6, 0xff, 0x3f, 0xb6, 0xff, 0x3f, 0xb6, 0xff, 
  0x3f, 0xb6, 0xff, 0x3f, 0xb6, 0xff, 0x3f, 0xb6, 0xff, 0x3f, 0xb6, 0xff, 
  0x3f, 0xb6, 0xff, 0x3f, 0xb6, 0xff, 0x3f, 0xb6, 0xff, 0x3f, 0xb6, 0xff, 
  0x3f, 0xb6, 0xff, 0x3f, 0xb6, 0xff, 0x3f, 0xb6, 0xff, 0x3f, 0xb6, 0xff, 
  0x3f, 0xb6, 0xff, 0x1f, 0xbe, 0xff, 0x1f, 0xbe, 0xff, 0x1f, 0xbe, 0xff, 
  0x3f, 0xbe, 0xff, 0x3f, 0xbe, 0xff, 0x3f, 0xbe, 0xff, 0x3f, 0xbe, 0xff, 
  0x3f, 0xbe, 0xff, 0x1f, 0xbe, 0xff, 0x1f, 0xbe, 0xff, 0x1f, 0xbe, 0xff, 
  0x1f, 0xbe, 0xff, 0x3f, 0xc6, 0xff, 0x3f, 0xc6, 0xff, 0x5f, 0xc6, 0x00, 
  0xdf, 0xd6, 0x00, 0x5f, 0xef, 0x00, 0xbf, 0xf7, 0x00, 0xff, 0xff, 0x00, 
  0xff, 0xff, 0x00, 0xff, 0xff, 0x00, 0xff, 0xff, 0x00, 0xff, 0xff, 0x00, 
  0xff, 0xff, 0x00, 0xff, 0xff, 0x00, 0xff, 0xff, 0x00, 0xff, 0xff, 0x00, 
  0xff, 0xff, 0x00, 0xff, 0xf7, 0x00, 0xbf, 0xe7, 0x00, 0x7f, 0xc7, 0x00, 
  0x1f, 0x9f, 0x00, 0xff, 0x7e, 0xff, 0xdf, 0x7e, 0xff, 0xdf, 0x7e, 0xff, 
  0xdf, 0x7e, 0xff, 0xdf, 0x7e, 0xff, 0xdf, 0x7e, 0xff, 0xdf, 0x7e, 0xff, 
  0xdf, 0x7e, 0xff, 0xdf, 0x7e, 0xff, 0xdf, 0x7e, 0xff, 0xdf, 0x7e, 0xff, 
  0xdf, 0x7e, 0xff, 0xdf, 0x7e, 0xff, 0xbf, 0x86, 0xff, 0xbf, 0x86, 0xff, 
  0xbf, 0x86, 0xff, 0xbf, 0x86, 0xff, 0xbf, 0x7e, 0xff, 0xbf, 0x7e, 0xff, 
  0xbf, 0x86, 0xff, 0xbf, 0x86, 0xff, 0xbf, 0x86, 0xff, 0xbf, 0x86, 0xff, 
  0xbf, 0x86, 0xff, 0xbf, 0x86, 0xff, 0xbf, 0x86, 0xff, 0xbf, 0x86, 0xff, 
  0xbf, 0x86, 0xff, 0xbf, 0x86, 0xff, 0x9f, 0x86, 0xff, 0x9f, 0x86, 0xff, 
  0x9f, 0x86, 0xff, 0x9f, 0x8e, 0xff, 0x9f, 0x8e, 0xff, 0x9f, 0x8e, 0xff, 
  0x9f, 0x8e, 0xff, 0x9f, 0x8e, 0xff, 0x9f, 0x8e, 0xff, 0x9f, 0x8e, 0xff, 
  0x7f, 0x8e, 0xff, 0x7f, 0x8e, 0xff, 0x7f, 0x8e, 0xff, 0x7f, 0x8e, 0xff, 
  0x7f, 0x8e, 0xff, 0x7f, 0x8e, 0xff, 0x7f, 0x96, 0xff, 0x7f, 0x96, 0xff, 
  0x7f, 0x96, 0xff, 0x7f, 0x96, 0xff, 0x7f, 0x96, 0xff, 0x7f, 0x96, 0xff, 
  0x7f, 0x96, 0xff, 0x7f, 0x96, 0xff, 0x5f, 0x96, 0xff, 0x7f, 0x96, 0xff, 
  0x5f, 0x9e, 0xff, 0x5f, 0x9e, 0xff, 0x7f, 0x9e, 0xff, 0x7f, 0x96, 0xff, 
  0x7f, 0x96, 0xff, 0x7f, 0x9e, 0xff, 0x5f, 0x9e, 0xff, 0x5f, 0x9e, 0xff, 
  0x5f, 0x9e, 0xff, 0x5f, 0x9e, 0xff, 0x5f, 0x9e, 0xff, 0x5f, 0x9e, 0xff, 
  0x5f, 0x9e, 0xff, 0x5f, 0xa6, 0xff, 0x5f, 0xa6, 0xff, 0x5f, 0xa6, 0xff, 
  0x5f, 0xa6, 0xff, 0x5f, 0xa6, 0xff, 0x5f, 0xa6, 0xff, 0x5f, 0xa6, 0xff, 
  0x3f, 0xa6, 0xff, 0x3f, 0xa6, 0xff, 0x3f, 0xae, 0xff, 0x3f, 0xae, 0xff, 
  0x3f, 0xae, 0xff, 0x5f, 0xa6, 0xff, 0x5f, 0xa6, 0xff, 0x3f, 0xae, 0xff, 
  0x3f, 0xae, 0xff, 0x3f, 0xae, 0xff, 0x3f, 0xae, 0xff, 0x3f, 0xae, 0xff, 
  0x3f, 0xae, 0xff, 0x3f, 0xae, 0xff, 0x3f, 0xae, 0xff, 0x3f, 0xae, 0xff, 
  0x3f, 0xb6, 0xff, 0x3f, 0xb6, 0xff, 0x3f, 0xb6, 0xff, 0x3f, 0xb6, 0xff, 
  0x3f, 0xb6, 0xff, 0x3f, 0xb6, 0xff, 0x3f, 0xb6, 0xff, 0x3f, 0xb6, 0xff, 
  0x1f, 0xb6, 0xff, 0x3f, 0xb6, 0xff, 0x3f, 0xb6, 0xff, 0x3f, 0xb6, 0xff, 
  0x3f, 0xb6, 0xff, 0x3f, 0xb6, 0xff, 0x3f, 0xb6, 0xff, 0x3f, 0xb6, 0xff, 
  0x1f, 0xbe, 0xff, 0x1f, 0xbe, 0xff, 0x1f, 0xbe, 0xff, 0x3f, 0xbe, 0xff, 
  0x3f, 0xbe, 0xff, 0x3f, 0xbe, 0xff, 0x3f, 0xbe, 0xff, 0x3f, 0xbe, 0xff, 
  0x1f, 0xbe, 0xff, 0x1f, 0xbe, 0xff, 0x1f, 0xbe, 0xff, 0x3f, 0xbe, 0xff, 
  0x3f, 0xc6, 0xff, 0x3f, 0xc6, 0xff, 0x3f, 0xc6, 0xff, 0x5f, 0xc6, 0x00, 
  0xdf, 0xd6, 0x00, 0x5f, 0xef, 0x00, 0xbf, 0xf7, 0x00, 0xff, 0xff, 0x00, 
  0xff, 0xff, 0x00, 0xff, 0xff, 0x00, 0xff, 0xff, 0x00, 0xff, 0xff, 0x00, 
  0xff, 0xff, 0x00, 0xff, 0xff, 0x00, 0xff, 0xff, 0x00, 0xff, 0xff, 0x00, 
  0xff, 0xff, 0x00, 0xff, 0xff, 0x00, 0xdf, 0xe7, 0x00, 0x7f, 0xc7, 0x00, 
  0x1f, 0x9f, 0x00, 0xff, 0x7e, 0xff, 0xdf, 0x7e, 0xff, 0xdf, 0x7e, 0xff, 
  0xdf, 0x7e, 0xff, 0xdf, 0x7e, 0xff, 0xdf, 0x7e, 0xff, 0xdf, 0x7e, 0xff, 
  0xdf, 0x7e, 0xff, 0xdf, 0x7e, 0xff, 0xdf, 0x7e, 0xff, 0xdf, 0x7e, 0xff, 
  0xdf, 0x7e, 0xff, 0xbf, 0x86, 0xff, 0xbf, 0x86, 0xff, 0xbf, 0x86, 0xff, 
  0xbf, 0x7e, 0xff, 0xbf, 0x7e, 0xff, 0xbf, 0x7e, 0xff, 0xbf, 0x86, 0xff, 
  0xbf, 0x86, 0xff, 0xbf, 0x86, 0xff, 0xbf, 0x86, 0xff, 0xbf, 0x86, 0xff, 
  0xbf, 0x86, 0xff, 0xbf, 0x86, 0xff, 0xbf, 0x86, 0xff, 0xbf, 0x86, 0xff, 
  0xbf, 0x86, 0xff, 0x9f, 0x86, 0xff, 0x9f, 0x86, 0xff, 0x9f, 0x86, 0xff, 
  0x9f, 0x8e, 0xff, 0x9f, 0x8e, 0xff, 0x9f, 0x8e, 0xff, 0x9f, 0x8e, 0xff, 
  0x9f, 0x8e, 0xff, 0x9f, 0x8e, 0xff, 0x9f, 0x8e, 0xff, 0x7f, 0x8e, 0xff, 
  0x7f, 0x8e, 0xff, 0x7f, 0x8e, 0xff, 0x7f, 0x8e, 0xff, 0x7f, 0x8e, 0xff, 
  0x7f, 0x8e, 0xff, 0x7f, 0x96, 0xff, 0x7f, 0x96, 0xff, 0x7f, 0x96, 0xff, 
  0x7f, 0x96, 0xff, 0x7f, 0x96, 0xff, 0x7f, 0x96, 0xff, 0x7f, 0x96, 0xff, 
  0x7f, 0x96, 0xff, 0x5f, 0x96, 0xff, 0x7f, 0x96, 0xff, 0x5f, 0x9e, 0xff, 
  0x5f, 0x9e, 0xff, 0x7f, 0x9e, 0xff, 0x7f, 0x96, 0xff, 0x7f, 0x96, 0xff, 
  0x7f, 0x9e, 0xff, 0x5f, 0x9e, 0xff, 0x5f, 0x9e, 0xff, 0x5f, 0x9e, 0xff, 
  0x5f, 0x9e, 0xff, 0x5f, 0x9e, 0xff, 0x5f, 0x9e, 0xff, 0x5f, 0x9e, 0xff, 
  0x5f, 0xa6, 0xff, 0x5f, 0xa6, 0xff, 0x5f, 0xa6, 0xff, 0x5f, 0xa6, 0xff, 
  0x5f, 0xa6, 0xff, 0x5f, 0xa6, 0xff, 0x5f, 0xa6, 0xff, 0x3f, 0xa6, 0xff, 
  0x3f, 0xa6, 0xff, 0x3f, 0xae, 0xff, 0x3f, 0xae, 0xff, 0x3f, 0xae, 0xff, 
  0x5f, 0xa6, 0xff, 0x5f, 0xa6, 0xff, 0x3f, 0xae, 0xff, 0x3f, 0xae, 0xff, 
  0x3f, 0xae, 0xff, 0x3f, 0xae, 0xff, 0x3f, 0xae, 0xff, 0x3f, 0xae, 0xff, 
  0x3f, 0xae, 0xff, 0x3f, 0xae, 0xff, 0x3f, 0xae, 0xff, 0x3f, 0xb6, 0xff, 
  0x3f, 0xb6, 0xff, 0x3f, 0xb6, 0xff, 0x3f, 0xb6, 0xff, 0x3f, 0xb6, 0xff, 
  0x3f, 0xb6, 0xff, 0x3f, 0xb6, 0xff, 0x3f, 0xb6, 0xff, 0x1f, 0xb6, 0xff, 
  0x3f, 0xb6, 0xff, 0x3f, 0xb6, 0xff, 0x3f, 0xb6, 0xff, 0x3f, 0xb6, 0xff, 
  0x3f, 0xb6, 0xff, 0x3f, 0xb6, 0xff, 0x3f, 0xb6, 0xff, 0x1f, 0xbe, 0xff, 
  0x1f, 0xbe, 0xff, 0x1f, 0xbe, 0xff, 0x3f, 0xbe, 0xff, 0x3f, 0xbe, 0xff, 
  0x3f, 0xbe, 0xff, 0x3f, 0xbe, 0xff, 0x3f, 0xbe, 0xff, 0x1f, 0xbe, 0xff, 
  0x1f, 0xbe, 0xff, 0x1f, 0xbe, 0xff, 0x1f, 0xbe, 0xff, 0x3f, 0xc6, 0xff, 
  0x3f, 0xc6, 0xff, 0x3f, 0xc6, 0xff, 0x3f, 0xc6, 0xff, 0x5f, 0xc6, 0x00, 
  0xdf, 0xd6, 0x00, 0x5f, 0xef, 0x00, 0xbf, 0xf7, 0x00, 0xff, 0xff, 0x00, 
  0xff, 0xff, 0x00, 0xff, 0xff, 0x00, 0xff, 0xff, 0x00, 0xff, 0xff, 0x00, 
  0xff, 0xff, 0x00, 0xff, 0xff, 0x00, 0xff, 0xff, 0x00, 0xff, 0xff, 0x00, 
  0xff, 0xff, 0x00, 0xff, 0xff, 0x00, 0xbf, 0xe7, 0x00, 0x7f, 0xc7, 0x00, 
  0x1f, 0x9f, 0x00, 0xdf, 0x7e, 0xff, 0xdf, 0x7e, 0xff, 0xdf, 0x7e, 0xff, 
  0xdf, 0x7e, 0xff, 0xdf, 0x7e, 0xff, 0xdf, 0x7e, 0xff, 0xdf, 0x7e, 0xff, 
  0xdf, 0x7e, 0xff, 0xdf, 0x7e, 0xff, 0xdf, 0x7e, 0xff, 0xdf, 0x7e, 0xff, 
  0xbf, 0x86, 0xff, 0xbf, 0x86, 0xff, 0xbf, 0x86, 0xff, 0xbf, 0x86, 0xff, 
  0xbf, 0x7e, 0xff, 0xbf, 0x7e, 0xff, 0xbf, 0x86, 0xff, 0xbf, 0x86, 0xff, 
  0xbf, 0x86, 0xff, 0xbf, 0x86, 0xff, 0xbf, 0x86, 0xff, 0xbf, 0x86, 0xff, 
  0xbf, 0x86, 0xff, 0xbf, 0x86, 0xff, 0xbf, 0x86, 0xff, 0xbf, 0x86, 0xff, 
  0x9f, 0x86, 0xff, 0x9f, 0x86, 0xff, 0x9f, 0x86, 0xff, 0x9f, 0x8e, 0xff, 
  0x9f, 0x8e, 0xff, 0x9f, 0x8e, 0xff, 0x9f, 0x8e, 0xff, 0x9f, 0x8e, 0xff, 
  0x9f, 0x8e, 0xff, 0x7f, 0x8e, 0xff, 0x7f, 0x8e, 0xff, 0x7f, 0x8e, 0xff, 
  0x7f, 0x8e, 0xff, 0x7f, 0x8e, 0xff, 0x7f, 0x8e, 0xff, 0x7f, 0x8e, 0xff, 
  0x7f, 0x96, 0xff, 0x7f, 0x96, 0xff, 0x7f, 0x96, 0xff, 0x7f, 0x96, 0xff, 
  0x7f, 0x96, 0xff, 0x7f, 0x96, 0xff, 0x7f, 0x96, 0xff, 0x7f, 0x96, 0xff, 
  0x5f, 0x96, 0xff, 0x7f, 0x96, 0xff, 0x5f, 0x9e, 0xff, 0x5f, 0x9e, 0xff, 
  0x7f, 0x9e, 0xff, 0x7f, 0x96, 0xff, 0x7f, 0x96, 0xff, 0x7f, 0x9e, 0xff, 
  0x5f, 0x9e, 0xff, 0x5f, 0x9e, 0xff, 0x5f, 0x9e, 0xff, 0x5f, 0x9e, 0xff, 
  0x5f, 0x9e, 0xff, 0x5f, 0x9e, 0xff, 0x5f, 0x9e, 0xff, 0x5f, 0xa6, 0xff, 
  0x5f, 0xa6, 0xff, 0x5f, 0xa6, 0xff, 0x5f, 0xa6, 0xff, 0x5f, 0xa6, 0xff, 
  0x5f, 0xa6, 0xff, 0x5f, 0xa6, 0xff, 0x3f, 0xa6, 0xff, 0x3f, 0xa6, 0xff, 
  0x3f, 0xae, 0xff, 0x3f, 0xae, 0xff, 0x3f, 0xae, 0xff, 0x5f, 0xa6, 0xff, 
  0x5f, 0xa6, 0xff, 0x5f, 0xae, 0xff, 0x3f, 0xae, 0xff, 0x3f, 0xae, 0xff, 
  0x3f, 0xae, 0xff, 0x3f, 0xae, 0xff, 0x3f, 0xae, 0xff, 0x3f, 0xae, 0xff, 
  0x3f, 0xae, 0xff, 0x3f, 0xae, 0xff, 0x3f, 0xb6, 0xff, 0x3f, 0xb6, 0xff, 
  0x3f, 0xb6, 0xff, 0x3f, 0xb6, 0xff, 0x3f, 0xb6, 0xff, 0x3f, 0xb6, 0xff, 
  0x3f, 0xb6, 0xff, 0x3f, 0xb6, 0xff, 0x3f, 0xb6, 0xff, 0x3f, 0xb6, 0xff, 
  0x3f, 0xb6, 0xff, 0x3f, 0xb6, 0xff, 0x3f, 0xb6, 0xff, 0x3f, 0xb6, 0xff, 
  0x3f, 0xb6, 0xff, 0x3f, 0xb6, 0xff, 0x1f, 0xbe, 0xff, 0x1f, 0xbe, 0xff, 
  0x1f, 0xbe, 0xff, 0x3f, 0xbe, 0xff, 0x3f, 0xbe, 0xff, 0x3f, 0xbe, 0xff, 
  0x3f, 0xbe, 0xff, 0x3f, 0xbe, 0xff, 0x1f, 0xbe, 0xff, 0x1f, 0xbe, 0xff, 
  0x1f, 0xbe, 0xff, 0x1f, 0xbe, 0xff, 0x3f, 0xc6, 0xff, 0x3f, 0xc6, 0xff, 
  0x3f, 0xc6, 0xff, 0x3f, 0xc6, 0xff, 0x3f, 0xc6, 0xff, 0x5f, 0xc6, 0x00, 
  0xdf, 0xd6, 0x00, 0x5f, 0xef, 0x00, 0xbf, 0xf7, 0x00, 0xff, 0xff, 0x00, 
  0xff, 0xff, 0x00, 0xff, 0xff, 0x00, 0xff, 0xff, 0x00, 0xff, 0xff, 0x00, 
  0xff, 0xff, 0x00, 0xff, 0xff, 0x00, 0xff, 0xff, 0x00, 0xff, 0xff, 0x00, 
  0xff, 0xff, 0x00, 0xff, 0xff, 0x00, 0xdf, 0xe7, 0x00, 0x7f, 0xc7, 0x00, 
  0x1f, 0x9f, 0x00, 0xff, 0x7e, 0xff, 0xdf, 0x7e, 0xff, 0xdf, 0x7e, 0xff, 
  0xdf, 0x7e, 0xff, 0xdf, 0x7e, 0xff, 0xdf, 0x7e, 0xff, 0xdf, 0x7e, 0xff, 
  0xdf, 0x7e, 0xff, 0xdf, 0x7e, 0xff, 0xdf, 0x7e, 0xff, 0xbf, 0x86, 0xff, 
  0xbf, 0x86, 0xff, 0xbf, 0x86, 0xff, 0xbf, 0x86, 0xff, 0xbf, 0x7e, 0xff, 
  0xbf, 0x7e, 0xff, 0xbf, 0x86, 0xff, 0xbf, 0x86, 0xff, 0xbf, 0x86, 0xff, 
  0xbf, 0x86, 0xff, 0xbf, 0x86, 0xff, 0xbf, 0x86, 0xff, 0xbf, 0x86, 0xff, 
  0xbf, 0x86, 0xff, 0xbf, 0x86, 0xff, 0xbf, 0x86, 0xff, 0x9f, 0x86, 0xff, 
  0x9f, 0x86, 0xff, 0x9f, 0x86, 0xff, 0x9f, 0x8e, 0xff, 0x9f, 0x8e, 0xff, 
  0x9f, 0x8e, 0xff, 0x9f, 0x8e, 0xff, 0x9f, 0x8e, 0xff, 0x9f, 0x8e, 0xff, 
  0x9f, 0x8e, 0xff, 0x7f, 0x8e, 0xff, 0x7f, 0x8e, 0xff, 0x7f, 0x8e, 0xff, 
  0x7f, 0x8e, 0xff, 0x7f, 0x8e, 0xff, 0x7f, 0x8e, 0xff, 0x7f, 0x96, 0xff, 
  0x7f, 0x96, 0xff, 0x7f, 0x96, 0xff, 0x7f, 0x96, 0xff, 0x7f, 0x96, 0xff, 
  0x7f, 0x96, 0xff, 0x7f, 0x96, 0xff, 0x7f, 0x96, 0xff, 0x5f, 0x96, 0xff, 
  0x7f, 0x96, 0xff, 0x5f, 0x9e, 0xff, 0x5f, 0x9e, 0xff, 0x7f, 0x9e, 0xff, 
  0x7f, 0x96, 0xff, 0x7f, 0x96, 0xff, 0x7f, 0x9e, 0xff, 0x5f, 0x9e, 0xff, 
  0x5f, 0x9e, 0xff, 0x5f, 0x9e, 0xff, 0x5f, 0x9e, 0xff, 0x5f, 0x9e, 0xff, 
  0x5f, 0x9e, 0xff, 0x5f, 0x9e, 0xff, 0x5f, 0x9e, 0xff, 0x5f, 0xa6, 0xff, 
  0x5f, 0xa6, 0xff, 0x5f, 0xa6, 0xff, 0x5f, 0xa6, 0xff, 0x5f, 0xa6, 0xff, 
  0x5f, 0xa6, 0xff, 0x3f, 0xa6, 0xff, 0x3f, 0xa6, 0xff, 0x3f, 0xae, 0xff, 
  0x3f, 0xae, 0xff, 0x3f, 0xae, 0xff, 0x5f, 0xa6, 0xff, 0x5f, 0xa6, 0xff, 
  0x5f, 0xae, 0xff, 0x3f, 0xae, 0xff, 0x3f, 0xae, 0xff, 0x3f, 0xae, 0xff, 
  0x3f, 0xae, 0xff, 0x3f, 0xae, 0xff, 0x3f, 0xae, 0xff, 0x3f, 0xae, 0xff, 
  0x3f, 0xae, 0xff, 0x3f, 0xb6, 0xff, 0x3f, 0xb6, 0xff, 0x3f, 0xb6, 0xff, 
  0x3f, 0xb6, 0xff, 0x3f, 0xb6, 0xff, 0x3f, 0xb6, 0xff, 0x3f, 0xb6, 0xff, 
  0x3f, 0xb6, 0xff, 0x3f, 0xb6, 0xff, 0x3f, 0xb6, 0xff, 0x3f, 0xb6, 0xff, 
  0x3f, 0xb6, 0xff, 0x3f, 0xb6, 0xff, 0x3f, 0xb6, 0xff, 0x3f, 0xb6, 0xff, 
  0x3f, 0xb6, 0xff, 0x1f, 0xbe, 0xff, 0x1f, 0xbe, 0xff, 0x1f, 0xbe, 0xff, 
  0x1f, 0xbe, 0xff, 0x3f, 0xbe, 0xff, 0x3f, 0xbe, 0xff, 0x3f, 0xbe, 0xff, 
  0x3f, 0xbe, 0xff, 0x1f, 0xbe, 0xff, 0x1f, 0xbe, 0xff, 0x1f, 0xbe, 0xff, 
  0x1f, 0xbe, 0xff, 0x3f, 0xc6, 0xff, 0x3f, 0xc6, 0xff, 0x3f, 0xc6, 0xff, 
  0x3f, 0xc6, 0xff, 0x3f, 0xc6, 0xff, 0x3f, 0xc6, 0xff, 0x3f, 0xc6, 0x00, 
  0xdf, 0xde, 0x00, 0x5f, 0xef, 0x00, 0xbf, 0xf7, 0x00, 0xff, 0xff, 0x00, 
  0xff, 0xff, 0x00, 0xff, 0xff, 0x00, 0xff, 0xff, 0x00, 0xff, 0xff, 0x00, 
  0xff, 0xff, 0x00, 0xff, 0xff, 0x00, 0xff, 0xff, 0x00, 0xff, 0xff, 0x00, 
  0xff, 0xff, 0x00, 0xff, 0xf7, 0x00, 0xdf, 0xe7, 0x00, 0x7f, 0xc7, 0x00, 
  0x1f, 0x9f, 0x00, 0xdf, 0x7e, 0xff, 0xdf, 0x7e, 0xff, 0xdf, 0x7e, 0xff, 
  0xdf, 0x7e, 0xff, 0xdf, 0x7e, 0xff, 0xdf, 0x7e, 0xff, 0xdf, 0x7e, 0xff, 
  0xdf, 0x7e, 0xff, 0xdf, 0x7e, 0xff, 0xbf, 0x86, 0xff, 0xbf, 0x86, 0xff, 
  0xbf, 0x86, 0xff, 0xbf, 0x86, 0xff, 0xbf, 0x7e, 0xff, 0xbf, 0x7e, 0xff, 
  0xbf, 0x86, 0xff, 0xbf, 0x86, 0xff, 0xbf, 0x86, 0xff, 0xbf, 0x86, 0xff, 
  0xbf, 0x86, 0xff, 0xbf, 0x86, 0xff, 0xbf, 0x86, 0xff, 0xbf, 0x86, 0xff, 
  0xbf, 0x86, 0xff, 0xbf, 0x86, 0xff, 0x9f, 0x86, 0xff, 0x9f, 0x86, 0xff, 
  0x9f, 0x86, 0xff, 0x9f, 0x8e, 0xff, 0x9f, 0x8e, 0xff, 0x9f, 0x8e, 0xff, 
  0x9f, 0x8e, 0xff, 0x9f, 0x8e, 0xff, 0x9f, 0x8e, 0xff, 0x9f, 0x8e, 0xff, 
  0x7f, 0x8e, 0xff, 0x7f, 0x8e, 0xff, 0x7f, 0x8e, 0xff, 0x7f, 0x8e, 0xff, 
  0x7f, 0x8e, 0xff, 0x7f, 0x8e, 0xff, 0x7f, 0x96, 0xff, 0x7f, 0x96, 0xff, 
  0x7f, 0x96, 0xff, 0x7f, 0x96, 0xff, 0x7f, 0x96, 0xff, 0x7f, 0x96, 0xff, 
  0x7f, 0x96, 0xff, 0x7f, 0x96, 0xff, 0x5f, 0x96, 0xff, 0x7f, 0x96, 0xff, 
  0x5f, 0x9e, 0xff, 0x5f, 0x9e, 0xff, 0x7f, 0x9e, 0xff, 0x7f, 0x96, 0xff, 
  0x7f, 0x96, 0xff, 0x7f, 0x9e, 0xff, 0x5f, 0x9e, 0xff, 0x5f, 0x9e, 0xff, 
  0x5f, 0x9e, 0xff, 0x5f, 0x9e, 0xff, 0x5f, 0x9e, 0xff, 0x5f, 0x9e, 0xff, 
  0x5f, 0x9e, 0xff, 0x5f, 0x9e, 0xff, 0x5f, 0xa6, 0xff, 0x5f, 0xa6, 0xff, 
  0x5f, 0xa6, 0xff, 0x5f, 0xa6, 0xff, 0x5f, 0xa6, 0xff, 0x5f, 0xa6, 0xff, 
  0x3f, 0xa6, 0xff, 0x3f, 0xa6, 0xff, 0x3f, 0xae, 0xff, 0x3f, 0xae, 0xff, 
  0x3f, 0xae, 0xff, 0x5f, 0xa6, 0xff, 0x5f, 0xa6, 0xff, 0x5f, 0xae, 0xff, 
  0x3f, 0xae, 0xff, 0x3f, 0xae, 0xff, 0x3f, 0xae, 0xff, 0x3f, 0xae, 0xff, 
  0x3f, 0xae, 0xff, 0x3f, 0xae, 0xff, 0x3f, 0xae, 0xff, 0x3f, 0xae, 0xff, 
  0x3f, 0xb6, 0xff, 0x3f, 0xb6, 0xff, 0x3f, 0xb6, 0xff, 0x3f, 0xb6, 0xff, 
  0x3f, 0xb6, 0xff, 0x3f, 0xb6, 0xff, 0x3f, 0xb6, 0xff, 0x3f, 0xb6, 0xff, 
  0x1f, 0xb6, 0xff, 0x3f, 0xb6, 0xff, 0x3f, 0xb6, 0xff, 0x3f, 0xb6, 0xff, 
  0x3f, 0xb6, 0xff, 0x3f, 0xb6, 0xff, 0x3f, 0xb6, 0xff, 0x3f, 0xb6, 0xff, 
  0x1f, 0xbe, 0xff, 0x1f, 0xbe, 0xff, 0x1f, 0xbe, 0xff, 0x1f, 0xbe, 0xff, 
  0x3f, 0xbe, 0xff, 0x3f, 0xbe, 0xff, 0x3f, 0xbe, 0xff, 0x3f, 0xbe, 0xff, 
  0x1f, 0xbe, 0xff, 0x1f, 0xbe, 0xff, 0x1f, 0xbe, 0xff, 0x1f, 0xbe, 0xff, 
  0x3f, 0xc6, 0xff, 0x3f, 0xc6, 0xff, 0x3f, 0xc6, 0xff, 0x3f, 0xc6, 0xff, 
  0x3f, 0xc6, 0xff, 0x3f, 0xc6, 0xff, 0x3f, 0xc6, 0xff, 0x5f, 0xc6, 0x00, 
  0xdf, 0xd6, 0x00, 0x5f, 0xef, 0x00, 0x9f, 0xf7, 0x00, 0xff, 0xff, 0x00, 
  0xff, 0xff, 0x00, 0xff, 0xff, 0x00, 0xff, 0xff, 0x00, 0xff, 0xff, 0x00, 
  0xff, 0xff, 0x00, 0xff, 0xff, 0x00, 0xff, 0xff, 0x00, 0xff, 0xff, 0x00, 
  0xff, 0xff, 0x00, 0xff, 0xff, 0x00, 0xbf, 0xe7, 0x00, 0x7f, 0xc7, 0x00, 
  0x1f, 0x9f, 0x00, 0xff, 0x7e, 0xff, 0xdf, 0x7e, 0xff, 0xdf, 0x7e, 0xff, 
  0xdf, 0x7e, 0xff, 0xdf, 0x7e, 0xff, 0xdf, 0x7e, 0xff, 0xdf, 0x7e, 0xff, 
  0xdf, 0x7e, 0xff, 0xbf, 0x86, 0xff, 0xbf, 0x86, 0xff, 0xbf, 0x86, 0xff, 
  0xbf, 0x86, 0xff, 0xbf, 0x7e, 0xff, 0xbf, 0x7e, 0xff, 0xbf, 0x86, 0xff, 
  0xbf, 0x86, 0xff, 0xbf, 0x86, 0xff, 0xbf, 0x86, 0xff, 0xbf, 0x86, 0xff, 
  0xbf, 0x86, 0xff, 0xbf, 0x86, 0xff, 0xbf, 0x86, 0xff, 0xbf, 0x86, 0xff, 
  0xbf, 0x86, 0xff, 0x9f, 0x86, 0xff, 0x9f, 0x86, 0xff, 0x9f, 0x86, 0xff, 
  0x9f, 0x8e, 0xff, 0x9f, 0x8e, 0xff, 0x9f, 0x8e, 0xff, 0x9f, 0x8e, 0xff, 
  0x9f, 0x8e, 0xff, 0x9f, 0x8e, 0xff, 0x9f, 0x8e, 0xff, 0x7f, 0x8e, 0xff, 
  0x7f, 0x8e, 0xff, 0x7f, 0x8e, 0xff, 0x7f, 0x8e, 0xff, 0x7f, 0x8e, 0xff, 
  0x7f, 0x8e, 0xff, 0x7f, 0x96, 0xff, 0x7f, 0x96, 0xff, 0x7f, 0x96, 0xff, 
  0x7f, 0x96, 0xff, 0x7f, 0x96, 0xff, 0x7f, 0x96, 0xff, 0x7f, 0x96, 0xff, 
  0x7f, 0x96, 0xff, 0x5f, 0x96, 0xff, 0x7f, 0x96, 0xff, 0x5f, 0x9e, 0xff, 
  0x5f, 0x9e, 0xff, 0x7f, 0x9e, 0xff, 0x7f, 0x96, 0xff, 0x7f, 0x96, 0xff, 
  0x7f, 0x9e, 0xff, 0x5f, 0x9e, 0xff, 0x5f, 0x9e, 0xff, 0x5f, 0x9e, 0xff, 
  0x5f, 0x9e, 0xff, 0x5f, 0x9e, 0xff, 0x5f, 0x9e, 0xff, 0x5f, 0x9e, 0xff, 
  0x5f, 0x9e, 0xff, 0x5f, 0xa6, 0xff, 0x5f, 0xa6, 0xff, 0x5f, 0xa6, 0xff, 
  0x5f, 0xa6, 0xff, 0x5f, 0xa6, 0xff, 0x5f, 0xa6, 0xff, 0x5f, 0xa6, 0xff, 
  0x3f, 0xa6, 0xff, 0x3f, 0xae, 0xff, 0x3f, 0xae, 0xff, 0x3f, 0xae, 0xff, 
  0x5f, 0xa6, 0xff, 0x5f, 0xa6, 0xff, 0x3f, 0xae, 0xff, 0x3f, 0xae, 0xff, 
  0x3f, 0xae, 0xff, 0x3f, 0xae, 0xff, 0x3f, 0xae, 0xff, 0x3f, 0xae, 0xff, 
  0x3f, 0xae, 0xff, 0x3f, 0xae, 0xff, 0x3f, 0xae, 0xff, 0x3f, 0xb6, 0xff, 
  0x3f, 0xb6, 0xff, 0x3f, 0xb6, 0xff, 0x3f, 0xb6, 0xff, 0x3f, 0xb6, 0xff, 
  0x3f, 0xb6, 0xff, 0x3f, 0xb6, 0xff, 0x3f, 0xb6, 0xff, 0x1f, 0xb6, 0xff, 
  0x3f, 0xb6, 0xff, 0x3f, 0xb6, 0xff, 0x3f, 0xb6, 0xff, 0x3f, 0xb6, 0xff, 
  0x3f, 0xb6, 0xff, 0x3f, 0xb6, 0xff, 0x3f, 0xb6, 0xff, 0x1f, 0xbe, 0xff, 
  0x1f, 0xbe, 0xff, 0x1f, 0xbe, 0xff, 0x1f, 0xbe, 0xff, 0x3f, 0xbe, 0xff, 
  0x3f, 0xbe, 0xff, 0x3f, 0xbe, 0xff, 0x3f, 0xbe, 0xff, 0x1f, 0xbe, 0xff, 
  0x1f, 0xbe, 0xff, 0x1f, 0xbe, 0xff, 0x1f, 0xbe, 0xff, 0x3f, 0xc6, 0xff, 
  0x3f, 0xc6, 0xff, 0x3f, 0xc6, 0xff, 0x3f, 0xc6, 0xff, 0x3f, 0xc6, 0xff, 
  0x3f, 0xc6, 0xff, 0x3f, 0xc6, 0xff, 0x1f, 0xc6, 0xff, 0x5f, 0xc6, 0x00, 
  0xdf, 0xde, 0x00, 0x1f, 0xe7, 0x00, 0x9f, 0xf7, 0x00, 0xff, 0xff, 0x00, 
  0xff, 0xff, 0x00, 0xff, 0xff, 0x00, 0xff, 0xff, 0x00, 0xff, 0xff, 0x00, 
  0xff, 0xff, 0x00, 0xff, 0xff, 0x00, 0xff, 0xff, 0x00, 0xff, 0xff, 0x00, 
  0xff, 0xff, 0x00, 0xff, 0xff, 0x00, 0xbf, 0xe7, 0x00, 0x7f, 0xc7, 0x00, 
  0x1f, 0x9f, 0x00, 0xff, 0x7e, 0xff, 0xdf, 0x7e, 0xff, 0xdf, 0x7e, 0xff, 
  0xdf, 0x7e, 0xff, 0xdf, 0x7e, 0xff, 0xdf, 0x7e, 0xff, 0xdf, 0x7e, 0xff, 
  0xbf, 0x86, 0xff, 0xbf, 0x86, 0xff, 0xbf, 0x86, 0xff, 0xbf, 0x86, 0xff, 
  0xbf, 0x7e, 0xff, 0xbf, 0x7e, 0xff, 0xbf, 0x86, 0xff, 0xbf, 0x86, 0xff, 
  0xbf, 0x86, 0xff, 0xbf, 0x86, 0xff, 0xbf, 0x86, 0xff, 0xbf, 0x86, 0xff, 
  0xbf, 0x86, 0xff, 0xbf, 0x86, 0xff, 0xbf, 0x86, 0xff, 0xbf, 0x86, 0xff, 
  0x9f, 0x86, 0xff, 0x9f, 0x86, 0xff, 0x9f, 0x86, 0xff, 0x9f, 0x8e, 0xff, 
  0x9f, 0x8e, 0xff, 0x9f, 0x8e, 0xff, 0x9f, 0x8e, 0xff, 0x9f, 0x8e, 0xff, 
  0x9f, 0x8e, 0xff, 0x9f, 0x8e, 0xff, 0x7f, 0x8e, 0xff, 0x7f, 0x8e, 0xff, 
  0x7f, 0x8e, 0xff, 0x7f, 0x8e, 0xff, 0x7f, 0x8e, 0xff, 0x7f, 0x8e, 0xff, 
  0x7f, 0x96, 0xff, 0x7f, 0x96, 0xff, 0x7f, 0x96, 0xff, 0x7f, 0x96, 0xff, 
  0x7f, 0x96, 0xff, 0x7f, 0x96, 0xff, 0x7f, 0x96, 0xff, 0x7f, 0x96, 0xff, 
  0x5f, 0x96, 0xff, 0x7f, 0x96, 0xff, 0x7f, 0x9e, 0xff, 0x5f, 0x9e, 0xff, 
  0x7f, 0x9e, 0xff, 0x7f, 0x96, 0xff, 0x7f, 0x96, 0xff, 0x7f, 0x9e, 0xff, 
  0x5f, 0x9e, 0xff, 0x5f, 0x9e, 0xff, 0x5f, 0x9e, 0xff, 0x5f, 0x9e, 0xff, 
  0x5f, 0x9e, 0xff, 0x5f, 0x9e, 0xff, 0x5f, 0x9e, 0xff, 0x5f, 0x9e, 0xff, 
  0x5f, 0xa6, 0xff, 0x5f, 0xa6, 0xff, 0x5f, 0xa6, 0xff, 0x5f, 0xa6, 0xff, 
  0x5f, 0xa6, 0xff, 0x5f, 0xa6, 0xff, 0x5f, 0xa6, 0xff, 0x3f, 0xa6, 0xff, 
  0x3f, 0xae, 0xff, 0x3f, 0xae, 0xff, 0x3f, 0xae, 0xff, 0x5f, 0xa6, 0xff, 
  0x5f, 0xa6, 0xff, 0x3f, 0xae, 0xff, 0x3f, 0xae, 0xff, 0x3f, 0xae, 0xff, 
  0x3f, 0xae, 0xff, 0x3f, 0xae, 0xff, 0x3f, 0xae, 0xff, 0x3f, 0xae, 0xff, 
  0x3f, 0xae, 0xff, 0x3f, 0xae, 0xff, 0x3f, 0xb6, 0xff, 0x3f, 0xb6, 0xff, 
  0x3f, 0xb6, 0xff, 0x3f, 0xb6, 0xff, 0x3f, 0xb6, 0xff, 0x3f, 0xb6, 0xff, 
  0x3f, 0xb6, 0xff, 0x3f, 0xb6, 0xff, 0x1f, 0xb6, 0xff, 0x3f, 0xb6, 0xff, 
  0x3f, 0xb6, 0xff, 0x3f, 0xb6, 0xff, 0x3f, 0xb6, 0xff, 0x3f, 0xb6, 0xff, 
  0x3f, 0xb6, 0xff, 0x3f, 0xb6, 0xff, 0x1f, 0xbe, 0xff, 0x1f, 0xbe, 0xff, 
  0x1f, 0xbe, 0xff, 0x1f, 0xbe, 0xff, 0x3f, 0xbe, 0xff, 0x3f, 0xbe, 0xff, 
  0x3f, 0xbe, 0xff, 0x3f, 0xbe, 0xff, 0x1f, 0xbe, 0xff, 0x1f, 0xbe, 0xff, 
  0x1f, 0xbe, 0xff, 0x1f, 0xbe, 0xff, 0x3f, 0xc6, 0xff, 0x3f, 0xc6, 0xff, 
  0x3f, 0xc6, 0xff, 0x3f, 0xc6, 0xff, 0x3f, 0xc6, 0xff, 0x3f, 0xc6, 0xff, 
  0x3f, 0xc6, 0xff, 0x1f, 0xc6, 0xff, 0x1f, 0xc6, 0xff, 0x5f, 0xc6, 0xff, 
  0x5f, 0xd6, 0x00, 0xbf, 0xde, 0x00, 0x9f, 0xf7, 0x00, 0xff, 0xff, 0x00, 
  0xff, 0xff, 0x00, 0xff, 0xff, 0x00, 0xff, 0xff, 0x00, 0xff, 0xff, 0x00, 
  0xff, 0xff, 0x00, 0xff, 0xff, 0x00, 0xff, 0xff, 0x00, 0xff, 0xff, 0x00, 
  0xff, 0xff, 0x00, 0xff, 0xff, 0x00, 0xdf, 0xe7, 0x00, 0x7f, 0xc7, 0x00, 
  0x1f, 0x9f, 0x00, 0xdf, 0x86, 0xff, 0xdf, 0x7e, 0xff, 0xdf, 0x7e, 0xff, 
  0xdf, 0x7e, 0xff, 0xdf, 0x7e, 0xff, 0xdf, 0x7e, 0xff, 0xbf, 0x86, 0xff, 
  0xbf, 0x86, 0xff, 0xbf, 0x86, 0xff, 0xbf, 0x86, 0xff, 0xbf, 0x7e, 0xff, 
  0xbf, 0x7e, 0xff, 0xbf, 0x86, 0xff, 0xbf, 0x86, 0xff, 0xbf, 0x86, 0xff, 
  0xbf, 0x86, 0xff, 0xbf, 0x86, 0xff, 0xbf, 0x86, 0xff, 0xbf, 0x86, 0xff, 
  0xbf, 0x86, 0xff, 0xbf, 0x86, 0xff, 0xbf, 0x86, 0xff, 0x9f, 0x86, 0xff, 
  0x9f, 0x86, 0xff, 0x9f, 0x86, 0xff, 0x9f, 0x8e, 0xff, 0x9f, 0x8e, 0xff, 
  0x9f, 0x8e, 0xff, 0x9f, 0x8e, 0xff, 0x9f, 0x8e, 0xff, 0x9f, 0x8e, 0xff, 
  0x9f, 0x8e, 0xff, 0x7f, 0x8e, 0xff, 0x7f, 0x8e, 0xff, 0x7f, 0x8e, 0xff, 
  0x7f, 0x8e, 0xff, 0x7f, 0x8e, 0xff, 0x7f, 0x8e, 0xff, 0x7f, 0x96, 0xff, 
  0x7f, 0x96, 0xff, 0x7f, 0x96, 0xff, 0x7f, 0x96, 0xff, 0x7f, 0x96, 0xff, 
  0x7f, 0x96, 0xff, 0x7f, 0x96, 0xff, 0x7f, 0x96, 0xff, 0x5f, 0x96, 0xff, 
  0x7f, 0x96, 0xff, 0x5f, 0x9e, 0xff, 0x5f, 0x9e, 0xff, 0x7f, 0x9e, 0xff, 
  0x7f, 0x96, 0xff, 0x7f, 0x96, 0xff, 0x7f, 0x9e, 0xff, 0x5f, 0x9e, 0xff, 
  0x5f, 0x9e, 0xff, 0x5f, 0x9e, 0xff, 0x5f, 0x9e, 0xff, 0x5f, 0x9e, 0xff, 
  0x5f, 0x9e, 0xff, 0x5f, 0x9e, 0xff, 0x5f, 0x9e, 0xff, 0x5f, 0xa6, 0xff, 
  0x5f, 0xa6, 0xff, 0x5f, 0xa6, 0xff, 0x5f, 0xa6, 0xff, 0x5f, 0xa6, 0xff, 
  0x5f, 0xa6, 0xff, 0x5f, 0xa6, 0xff, 0x3f, 0xa6, 0xff, 0x3f, 0xae, 0xff, 
  0x3f, 0xae, 0xff, 0x3f, 0xae, 0xff, 0x5f, 0xa6, 0xff, 0x5f, 0xa6, 0xff, 
  0x3f, 0xae, 0xff, 0x3f, 0xae, 0xff, 0x3f, 0xae, 0xff, 0x3f, 0xae, 0xff, 
  0x3f, 0xae, 0xff, 0x3f, 0xae, 0xff, 0x3f, 0xae, 0xff, 0x3f, 0xae, 0xff, 
  0x3f, 0xae, 0xff, 0x3f, 0xb6, 0xff, 0x3f, 0xb6, 0xff, 0x3f, 0xb6, 0xff, 
  0x3f, 0xb6, 0xff, 0x3f, 0xb6, 0xff, 0x3f, 0xb6, 0xff, 0x3f, 0xb6, 0xff, 
  0x3f, 0xb6, 0xff, 0x1f, 0xb6, 0xff, 0x3f, 0xb6, 0xff, 0x3f, 0xb6, 0xff, 
  0x3f, 0xb6, 0xff, 0x3f, 0xb6, 0xff, 0x3f, 0xb6, 0xff, 0x3f, 0xb6, 0xff, 
  0x3f, 0xb6, 0xff, 0x1f, 0xbe, 0xff, 0x1f, 0xbe, 0xff, 0x1f, 0xbe, 0xff, 
  0x1f, 0xbe, 0xff, 0x3f, 0xbe, 0xff, 0x3f, 0xbe, 0xff, 0x3f, 0xbe, 0xff, 
  0x3f, 0xbe, 0xff, 0x1f, 0xbe, 0xff, 0x1f, 0xbe, 0xff, 0x1f, 0xbe, 0xff, 
  0x1f, 0xbe, 0xff, 0x3f, 0xc6, 0xff, 0x3f, 0xc6, 0xff, 0x3f, 0xc6, 0xff, 
  0x3f, 0xc6, 0xff, 0x3f, 0xc6, 0xff, 0x3f, 0xc6, 0xff, 0x3f, 0xc6, 0xff, 
  0x1f, 0xc6, 0xff, 0x1f, 0xc6, 0xff, 0x1f, 0xc6, 0xff, 0xbf, 0xbd, 0xff, 
  0xbf, 0xc5, 0x00, 0xbf, 0xde, 0x00, 0x9f, 0xf7, 0x00, 0xff, 0xff, 0x00, 
  0xff, 0xff, 0x00, 0xff, 0xff, 0x00, 0xff, 0xff, 0x00, 0xff, 0xff, 0x00, 
  0xff, 0xff, 0x00, 0xff, 0xff, 0x00, 0xff, 0xff, 0x00, 0xff, 0xff, 0x00, 
  0xff, 0xff, 0x00, 0xff, 0xff, 0x00, 0xbf, 0xe7, 0x00, 0x7f, 0xc7, 0x00, 
  0x1f, 0x9f, 0x00, 0xdf, 0x86, 0xff, 0xdf, 0x7e, 0xff, 0xdf, 0x7e, 0xff, 
  0xdf, 0x7e, 0xff, 0xdf, 0x7e, 0xff, 0xbf, 0x86, 0xff, 0xbf, 0x86, 0xff, 
  0xbf, 0x86, 0xff, 0xbf, 0x86, 0xff, 0xbf, 0x7e, 0xff, 0xbf, 0x7e, 0xff, 
  0xbf, 0x86, 0xff, 0xbf, 0x86, 0xff, 0xbf, 0x86, 0xff, 0xbf, 0x86, 0xff, 
  0xbf, 0x86, 0xff, 0xbf, 0x86, 0xff, 0xbf, 0x86, 0xff, 0xbf, 0x86, 0xff, 
  0xbf, 0x86, 0xff, 0xbf, 0x86, 0xff, 0x9f, 0x86, 0xff, 0x9f, 0x86, 0xff, 
  0x9f, 0x86, 0xff, 0x9f, 0x8e, 0xff, 0x9f, 0x8e, 0xff, 0x9f, 0x8e, 0xff, 
  0x9f, 0x8e, 0xff, 0x9f, 0x8e, 0xff, 0x9f, 0x8e, 0xff, 0x9f, 0x8e, 0xff, 
  0x7f, 0x8e, 0xff, 0x7f, 0x8e, 0xff, 0x7f, 0x8e, 0xff, 0x7f, 0x8e, 0xff, 
  0x7f, 0x8e, 0xff, 0x7f, 0x8e, 0xff, 0x7f, 0x96, 0xff, 0x7f, 0x96, 0xff, 
  0x7f, 0x96, 0xff, 0x7f, 0x96, 0xff, 0x7f, 0x96, 0xff, 0x7f, 0x96, 0xff, 
  0x7f, 0x96, 0xff, 0x7f, 0x96, 0xff, 0x5f, 0x96, 0xff, 0x7f, 0x96, 0xff, 
  0x5f, 0x9e, 0xff, 0x5f, 0x9e, 0xff, 0x5f, 0x9e, 0xff, 0x7f, 0x96, 0xff, 
  0x7f, 0x96, 0xff, 0x7f, 0x9e, 0xff, 0x5f, 0x9e, 0xff, 0x5f, 0x9e, 0xff, 
  0x5f, 0x9e, 0xff, 0x5f, 0x9e, 0xff, 0x5f, 0x9e, 0xff, 0x5f, 0x9e, 0xff, 
  0x5f, 0x9e, 0xff, 0x5f, 0x9e, 0xff, 0x5f, 0xa6, 0xff, 0x5f, 0xa6, 0xff, 
  0x5f, 0xa6, 0xff, 0x5f, 0xa6, 0xff, 0x5f, 0xa6, 0xff, 0x5f, 0xa6, 0xff, 
  0x5f, 0xa6, 0xff, 0x3f, 0xa6, 0xff, 0x3f, 0xae, 0xff, 0x3f, 0xae, 0xff, 
  0x3f, 0xae, 0xff, 0x5f, 0xa6, 0xff, 0x5f, 0xa6, 0xff, 0x3f, 0xae, 0xff, 
  0x3f, 0xae, 0xff, 0x3f, 0xae, 0xff, 0x3f, 0xae, 0xff, 0x3f, 0xae, 0xff, 
  0x3f, 0xae, 0xff, 0x3f, 0xae, 0xff, 0x3f, 0xae, 0xff, 0x3f, 0xae, 0xff, 
  0x3f, 0xb6, 0xff, 0x3f, 0xb6, 0xff, 0x3f, 0xb6, 0xff, 0x3f, 0xb6, 0xff, 
  0x3f, 0xb6, 0xff, 0x3f, 0xb6, 0xff, 0x3f, 0xb6, 0xff, 0x3f, 0xb6, 0xff, 
  0x1f, 0xb6, 0xff, 0x3f, 0xb6, 0xff, 0x3f, 0xb6, 0xff, 0x3f, 0xb6, 0xff, 
  0x3f, 0xb6, 0xff, 0x3f, 0xb6, 0xff, 0x3f, 0xb6, 0xff, 0x3f, 0xb6, 0xff, 
  0x1f, 0xbe, 0xff, 0x1f, 0xbe, 0xff, 0x1f, 0xbe, 0xff, 0x1f, 0xbe, 0xff, 
  0x3f, 0xbe, 0xff, 0x3f, 0xbe, 0xff, 0x3f, 0xbe, 0xff, 0x3f, 0xbe, 0xff, 
  0x1f, 0xbe, 0xff, 0x1f, 0xbe, 0xff, 0x1f, 0xbe, 0xff, 0x1f, 0xbe, 0xff, 
  0x3f, 0xc6, 0xff, 0x3f, 0xc6, 0xff, 0x3f, 0xc6, 0xff, 0x3f, 0xc6, 0xff, 
  0x3f, 0xc6, 0xff, 0x3f, 0xc6, 0xff, 0x3f, 0xc6, 0xff, 0x1f, 0xc6, 0xff, 
  0x1f, 0xc6, 0xff, 0x1f, 0xc6, 0xff, 0x7f, 0xbd, 0xff, 0xbf, 0xb4, 0xff, 
  0x9f, 0xc5, 0x00, 0xbf, 0xde, 0x00, 0x9f, 0xf7, 0x00, 0xff, 0xff, 0x00, 
  0xff, 0xff, 0x00, 0xff, 0xff, 0x00, 0xff, 0xff, 0x00, 0xff, 0xff, 0x00, 
  0xff, 0xff, 0x00, 0xff, 0xff, 0x00, 0xff, 0xff, 0x00, 0xff, 0xff, 0x00, 
  0xff, 0xff, 0x00, 0xff, 0xff, 0x00, 0xbf, 0xe7, 0x00, 0x7f, 0xc7, 0x00, 
  0x1f, 0x9f, 0x00, 0xdf, 0x86, 0xff, 0xdf, 0x7e, 0xff, 0xdf, 0x7e, 0xff, 
  0xdf, 0x7e, 0xff, 0xbf, 0x86, 0xff, 0xbf, 0x86, 0xff, 0xbf, 0x86, 0xff, 
  0xbf, 0x86, 0xff, 0xbf, 0x7e, 0xff, 0xbf, 0x7e, 0xff, 0xbf, 0x86, 0xff, 
  0xbf, 0x86, 0xff, 0xbf, 0x86, 0xff, 0xbf, 0x86, 0xff, 0xbf, 0x86, 0xff, 
  0xbf, 0x86, 0xff, 0xbf, 0x86, 0xff, 0xbf, 0x86, 0xff, 0xbf, 0x86, 0xff, 
  0xbf, 0x86, 0xff, 0x9f, 0x86, 0xff, 0x9f, 0x86, 0xff, 0x9f, 0x86, 0xff, 
  0x9f, 0x8e, 0xff, 0x9f, 0x8e, 0xff, 0x9f, 0x8e, 0xff, 0x9f, 0x8e, 0xff, 
  0x9f, 0x8e, 0xff, 0x9f, 0x8e, 0xff, 0x9f, 0x8e, 0xff, 0x7f, 0x8e, 0xff, 
  0x7f, 0x8e, 0xff, 0x7f, 0x8e, 0xff, 0x7f, 0x8e, 0xff, 0x7f, 0x8e, 0xff, 
  0x7f, 0x8e, 0xff, 0x7f, 0x96, 0xff, 0x7f, 0x96, 0xff, 0x7f, 0x96, 0xff, 
  0x7f, 0x96, 0xff, 0x7f, 0x96, 0xff, 0x7f, 0x96, 0xff, 0x7f, 0x96, 0xff, 
  0x7f, 0x96, 0xff, 0x5f, 0x96, 0xff, 0x5f, 0x96, 0xff, 0x5f, 0x9e, 0xff, 
  0x5f, 0x9e, 0xff, 0x5f, 0x9e, 0xff, 0x7f, 0x96, 0xff, 0x7f, 0x96, 0xff, 
  0x7f, 0x9e, 0xff, 0x5f, 0x9e, 0xff, 0x5f, 0x9e, 0xff, 0x5f, 0x9e, 0xff, 
  0x5f, 0x9e, 0xff, 0x5f, 0x9e, 0xff, 0x5f, 0x9e, 0xff, 0x5f, 0x9e, 0xff, 
  0x5f, 0xa6, 0xff, 0x5f, 0xa6, 0xff, 0x5f, 0xa6, 0xff, 0x5f, 0xa6, 0xff, 
  0x5f, 0xa6, 0xff, 0x5f, 0xa6, 0xff, 0x5f, 0xa6, 0xff, 0x5f, 0xa6, 0xff, 
  0x3f, 0xa6, 0xff, 0x3f, 0xae, 0xff, 0x3f, 0xae, 0xff, 0x3f, 0xae, 0xff, 
  0x5f, 0xa6, 0xff, 0x5f, 0xa6, 0xff, 0x5f, 0xae, 0xff, 0x3f, 0xae, 0xff, 
  0x3f, 0xae, 0xff, 0x3f, 0xae, 0xff, 0x3f, 0xae, 0xff, 0x3f, 0xae, 0xff, 
  0x3f, 0xae, 0xff, 0x3f, 0xae, 0xff, 0x3f, 0xae, 0xff, 0x3f, 0xb6, 0xff, 
  0x3f, 0xb6, 0xff, 0x3f, 0xb6, 0xff, 0x3f, 0xb6, 0xff, 0x3f, 0xb6, 0xff, 
  0x3f, 0xb6, 0xff, 0x3f, 0xb6, 0xff, 0x3f, 0xb6, 0xff, 0x1f, 0xb6, 0xff, 
  0x3f, 0xb6, 0xff, 0x3f, 0xb6, 0xff, 0x3f, 0xb6, 0xff, 0x3f, 0xb6, 0xff, 
  0x3f, 0xb6, 0xff, 0x3f, 0xb6, 0xff, 0x3f, 0xb6, 0xff, 0x1f, 0xbe, 0xff, 
  0x1f, 0xbe, 0xff, 0x1f, 0xbe, 0xff, 0x1f, 0xbe, 0xff, 0x3f, 0xbe, 0xff, 
  0x3f, 0xbe, 0xff, 0x3f, 0xbe, 0xff, 0x3f, 0xbe, 0xff, 0x1f, 0xbe, 0xff, 
  0x1f, 0xbe, 0xff, 0x1f, 0xbe, 0xff, 0x1f, 0xbe, 0xff, 0x3f, 0xc6, 0xff, 
  0x3f, 0xc6, 0xff, 0x3f, 0xc6, 0xff, 0x3f, 0xc6, 0xff, 0x3f, 0xc6, 0xff, 
  0x3f, 0xc6, 0xff, 0x3f, 0xc6, 0xff, 0x1f, 0xc6, 0xff, 0x1f, 0xc6, 0xff, 
  0x1f, 0xc6, 0xff, 0x9f, 0xbd, 0xff, 0x7f, 0xac, 0xff, 0xbf, 0xac, 0xff, 
  0xbf, 0xc5, 0x00, 0xbf, 0xde, 0x00, 0x7f, 0xf7, 0x00, 0xff, 0xff, 0x00, 
  0xff, 0xff, 0x00, 0xff, 0xff, 0x00, 0xff, 0xff, 0x00, 0xff, 0xff, 0x00, 
  0xff, 0xff, 0x00, 0xff, 0xff, 0x00, 0xff, 0xff, 0x00, 0xff, 0xff, 0x00, 
  0xff, 0xff, 0x00, 0xff, 0xf7, 0x00, 0xbf, 0xe7, 0x00, 0x7f, 0xc7, 0x00, 
  0x1f, 0x9f, 0x00, 0xdf, 0x86, 0xff, 0xdf, 0x7e, 0xff, 0xdf, 0x7e, 0xff, 
  0xbf, 0x86, 0xff, 0xbf, 0x86, 0xff, 0xbf, 0x86, 0xff, 0xbf, 0x86, 0xff, 
  0xbf, 0x7e, 0xff, 0xbf, 0x7e, 0xff, 0xbf, 0x86, 0xff, 0xbf, 0x86, 0xff, 
  0xbf, 0x86, 0xff, 0xbf, 0x86, 0xff, 0xbf, 0x86, 0xff, 0xbf, 0x86, 0xff, 
  0xbf, 0x86, 0xff, 0xbf, 0x86, 0xff, 0xbf, 0x86, 0xff, 0xbf, 0x86, 0xff, 
  0x9f, 0x86, 0xff, 0x9f, 0x86, 0xff, 0x9f, 0x86, 0xff, 0x9f, 0x8e, 0xff, 
  0x9f, 0x8e, 0xff, 0x9f, 0x8e, 0xff, 0x9f, 0x8e, 0xff, 0x9f, 0x8e, 0xff, 
  0x9f, 0x8e, 0xff, 0x9f, 0x8e, 0xff, 0x7f, 0x8e, 0xff, 0x7f, 0x8e, 0xff, 
  0x7f, 0x8e, 0xff, 0x7f, 0x8e, 0xff, 0x7f, 0x8e, 0xff, 0x7f, 0x8e, 0xff, 
  0x7f, 0x96, 0xff, 0x7f, 0x96, 0xff, 0x7f, 0x96, 0xff, 0x7f, 0x96, 0xff, 
  0x7f, 0x96, 0xff, 0x7f, 0x96, 0xff, 0x7f, 0x96, 0xff, 0x7f, 0x96, 0xff, 
  0x5f, 0x96, 0xff, 0x7f, 0x96, 0xff, 0x5f, 0x9e, 0xff, 0x5f, 0x9e, 0xff, 
  0x5f, 0x9e, 0xff, 0x7f, 0x96, 0xff, 0x7f, 0x96, 0xff, 0x7f, 0x9e, 0xff, 
  0x5f, 0x9e, 0xff, 0x5f, 0x9e, 0xff, 0x5f, 0x9e, 0xff, 0x5f, 0x9e, 0xff, 
  0x5f, 0x9e, 0xff, 0x5f, 0x9e, 0xff, 0x5f, 0x9e, 0xff, 0x5f, 0x9e, 0xff, 
  0x5f, 0xa6, 0xff, 0x5f, 0xa6, 0xff, 0x5f, 0xa6, 0xff, 0x5f, 0xa6, 0xff, 
  0x5f, 0xa6, 0xff, 0x5f, 0xa6, 0xff, 0x5f, 0xa6, 0xff, 0x3f, 0xa6, 0xff, 
  0x3f, 0xae, 0xff, 0x3f, 0xae, 0xff, 0x3f, 0xae, 0xff, 0x5f, 0xa6, 0xff, 
  0x5f, 0xa6, 0xff, 0x5f, 0xae, 0xff, 0x3f, 0xae, 0xff, 0x3f, 0xae, 0xff, 
  0x3f, 0xae, 0xff, 0x3f, 0xae, 0xff, 0x3f, 0xae, 0xff, 0x3f, 0xae, 0xff, 
  0x3f, 0xae, 0xff, 0x3f, 0xae, 0xff, 0x3f, 0xb6, 0xff, 0x3f, 0xb6, 0xff, 
  0x3f, 0xb6, 0xff, 0x3f, 0xb6, 0xff, 0x3f, 0xb6, 0xff, 0x3f, 0xb6, 0xff, 
  0x3f, 0xb6, 0xff, 0x3f, 0xb6, 0xff, 0x3f, 0xb6, 0xff, 0x1f, 0xb6, 0xff, 
  0x3f, 0xb6, 0xff, 0x3f, 0xb6, 0xff, 0x3f, 0xb6, 0xff, 0x3f, 0xb6, 0xff, 
  0x3f, 0xb6, 0xff, 0x3f, 0xb6, 0xff, 0x3f, 0xbe, 0xff, 0x1f, 0xbe, 0xff, 
  0x1f, 0xbe, 0xff, 0x1f, 0xbe, 0xff, 0x3f, 0xbe, 0xff, 0x3f, 0xbe, 0xff, 
  0x3f, 0xbe, 0xff, 0x3f, 0xbe, 0xff, 0x1f, 0xbe, 0xff, 0x1f, 0xbe, 0xff, 
  0x1f, 0xbe, 0xff, 0x1f, 0xbe, 0xff, 0x3f, 0xc6, 0xff, 0x3f, 0xc6, 0xff, 
  0x3f, 0xc6, 0xff, 0x3f, 0xc6, 0xff, 0x3f, 0xc6, 0xff, 0x3f, 0xc6, 0xff, 
  0x3f, 0xc6, 0xff, 0x1f, 0xc6, 0xff, 0x1f, 0xc6, 0xff, 0x1f, 0xc6, 0xff, 
  0x9f, 0xbd, 0xff, 0x7f, 0xac, 0xff, 0x7f, 0xac, 0xff, 0xbf, 0xb4, 0xff, 
  0xbf, 0xc5, 0x00, 0xbf, 0xe6, 0x00, 0x9f, 0xf7, 0x00, 0xff, 0xff, 0x00, 
  0xff, 0xff, 0x00, 0xff, 0xff, 0x00, 0xff, 0xff, 0x00, 0xff, 0xff, 0x00, 
  0xff, 0xff, 0x00, 0xff, 0xff, 0x00, 0xff, 0xff, 0x00, 0xff, 0xff, 0x00, 
  0xff, 0xff, 0x00, 0xff, 0xff, 0x00, 0xbf, 0xe7, 0x00, 0x7f, 0xc7, 0x00, 
  0x1f, 0x9f, 0x00, 0xdf, 0x86, 0xff, 0xdf, 0x7e, 0xff, 0xbf, 0x86, 0xff, 
  0xbf, 0x86, 0xff, 0xbf, 0x86, 0xff, 0xbf, 0x86, 0xff, 0xbf, 0x7e, 0xff, 
  0xbf, 0x7e, 0xff, 0xbf, 0x86, 0xff, 0xbf, 0x86, 0xff, 0xbf, 0x86, 0xff, 
  0xbf, 0x86, 0xff, 0xbf, 0x86, 0xff, 0xbf, 0x86, 0xff, 0xbf, 0x86, 0xff, 
  0xbf, 0x86, 0xff, 0xbf, 0x86, 0xff, 0xbf, 0x86, 0xff, 0x9f, 0x86, 0xff, 
  0x9f, 0x86, 0xff, 0x9f, 0x86, 0xff, 0x9f, 0x8e, 0xff, 0x9f, 0x8e, 0xff, 
  0x9f, 0x8e, 0xff, 0x9f, 0x8e, 0xff, 0x9f, 0x8e, 0xff, 0x9f, 0x8e, 0xff, 
  0x9f, 0x8e, 0xff, 0x7f, 0x8e, 0xff, 0x7f, 0x8e, 0xff, 0x7f, 0x8e, 0xff, 
  0x7f, 0x8e, 0xff, 0x7f, 0x8e, 0xff, 0x7f, 0x8e, 0xff, 0x7f, 0x96, 0xff, 
  0x7f, 0x96, 0xff, 0x7f, 0x96, 0xff, 0x7f, 0x96, 0xff, 0x7f, 0x96, 0xff, 
  0x7f, 0x96, 0xff, 0x7f, 0x96, 0xff, 0x7f, 0x96, 0xff, 0x7f, 0x96, 0xff, 
  0x7f, 0x96, 0xff, 0x5f, 0x9e, 0xff, 0x5f, 0x9e, 0xff, 0x5f, 0x9e, 0xff, 
  0x7f, 0x96, 0xff, 0x7f, 0x96, 0xff, 0x7f, 0x9e, 0xff, 0x5f, 0x9e, 0xff, 
  0x5f, 0x9e, 0xff, 0x5f, 0x9e, 0xff, 0x5f, 0x9e, 0xff, 0x5f, 0x9e, 0xff, 
  0x5f, 0x9e, 0xff, 0x5f, 0x9e, 0xff, 0x5f, 0x9e, 0xff, 0x5f, 0xa6, 0xff, 
  0x5f, 0xa6, 0xff, 0x5f, 0xa6, 0xff, 0x5f, 0xa6, 0xff, 0x5f, 0xa6, 0xff, 
  0x5f, 0xa6, 0xff, 0x5f, 0xa6, 0xff, 0x3f, 0xa6, 0xff, 0x3f, 0xae, 0xff, 
  0x3f, 0xae, 0xff, 0x3f, 0xae, 0xff, 0x5f, 0xa6, 0xff, 0x5f, 0xa6, 0xff, 
  0x5f, 0xae, 0xff, 0x3f, 0xae, 0xff, 0x3f, 0xae, 0xff, 0x3f, 0xae, 0xff, 
  0x3f, 0xae, 0xff, 0x3f, 0xae, 0xff, 0x3f, 0xae, 0xff, 0x3f, 0xae, 0xff, 
  0x3f, 0xae, 0xff, 0x3f, 0xb6, 0xff, 0x3f, 0xb6, 0xff, 0x3f, 0xb6, 0xff, 
  0x3f, 0xb6, 0xff, 0x3f, 0xb6, 0xff, 0x3f, 0xb6, 0xff, 0x3f, 0xb6, 0xff, 
  0x3f, 0xb6, 0xff, 0x3f, 0xb6, 0xff, 0x3f, 0xb6, 0xff, 0x3f, 0xb6, 0xff, 
  0x3f, 0xb6, 0xff, 0x3f, 0xb6, 0xff, 0x3f, 0xb6, 0xff, 0x3f, 0xb6, 0xff, 
  0x3f, 0xb6, 0xff, 0x3f, 0xbe, 0xff, 0x1f, 0xbe, 0xff, 0x1f, 0xbe, 0xff, 
  0x1f, 0xbe, 0xff, 0x3f, 0xbe, 0xff, 0x3f, 0xbe, 0xff, 0x3f, 0xbe, 0xff, 
  0x3f, 0xbe, 0xff, 0x1f, 0xbe, 0xff, 0x1f, 0xbe, 0xff, 0x1f, 0xbe, 0xff, 
  0x1f, 0xbe, 0xff, 0x3f, 0xc6, 0xff, 0x3f, 0xc6, 0xff, 0x3f, 0xc6, 0xff, 
  0x3f, 0xc6, 0xff, 0x3f, 0xc6, 0xff, 0x3f, 0xc6, 0xff, 0x3f, 0xc6, 0xff, 
  0x1f, 0xc6, 0xff, 0x1f, 0xc6, 0xff, 0x1f, 0xc6, 0xff, 0xbf, 0xbd, 0xff, 
  0x7f, 0xac, 0xff, 0x7f, 0xac, 0xff, 0x7f, 0xac, 0xff, 0xbf, 0xac, 0xff, 
  0x9f, 0xc5, 0x00, 0xbf, 0xde, 0x00, 0x9f, 0xf7, 0x00, 0xff, 0xff, 0x00, 
  0xff, 0xff, 0x00, 0xff, 0xff, 0x00, 0xff, 0xff, 0x00, 0xff, 0xff, 0x00, 
  0xff, 0xff, 0x00, 0xff, 0xff, 0x00, 0xff, 0xff, 0x00, 0xff, 0xff, 0x00, 
  0xff, 0xff, 0x00, 0xff, 0xff, 0x00, 0xbf, 0xe7, 0x00, 0x5f, 0xc7, 0x00, 
  0x1f, 0x9f, 0x00, 0xdf, 0x86, 0xff, 0xbf, 0x86, 0xff, 0xbf, 0x86, 0xff, 
  0xbf, 0x86, 0xff, 0xbf, 0x86, 0xff, 0xbf, 0x7e, 0xff, 0xbf, 0x7e, 0xff, 
  0xbf, 0x86, 0xff, 0xbf, 0x86, 0xff, 0xbf, 0x86, 0xff, 0xbf, 0x86, 0xff, 
  0xbf, 0x86, 0xff, 0xbf, 0x86, 0xff, 0xbf, 0x86, 0xff, 0xbf, 0x86, 0xff, 
  0xbf, 0x86, 0xff, 0xbf, 0x86, 0xff, 0x9f, 0x86, 0xff, 0x9f, 0x86, 0xff, 
  0x9f, 0x86, 0xff, 0x9f, 0x8e, 0xff, 0x9f, 0x8e, 0xff, 0x9f, 0x8e, 0xff, 
  0x9f, 0x8e, 0xff, 0x9f, 0x8e, 0xff, 0x9f, 0x8e, 0xff, 0x9f, 0x8e, 0xff, 
  0x7f, 0x8e, 0xff, 0x7f, 0x8e, 0xff, 0x7f, 0x8e, 0xff, 0x7f, 0x8e, 0xff, 
  0x7f, 0x8e, 0xff, 0x7f, 0x8e, 0xff, 0x7f, 0x96, 0xff, 0x7f, 0x96, 0xff, 
  0x7f, 0x96, 0xff, 0x7f, 0x96, 0xff, 0x7f, 0x96, 0xff, 0x7f, 0x96, 0xff, 
  0x7f, 0x96, 0xff, 0x7f, 0x96, 0xff, 0x5f, 0x96, 0xff, 0x5f, 0x96, 0xff, 
  0x5f, 0x9e, 0xff, 0x5f, 0x9e, 0xff, 0x5f, 0x9e, 0xff, 0x7f, 0x96, 0xff, 
  0x7f, 0x96, 0xff, 0x7f, 0x9e, 0xff, 0x5f, 0x9e, 0xff, 0x5f, 0x9e, 0xff, 
  0x5f, 0x9e, 0xff, 0x5f, 0x9e, 0xff, 0x5f, 0x9e, 0xff, 0x5f, 0x9e, 0xff, 
  0x5f, 0x9e, 0xff, 0x5f, 0x9e, 0xff, 0x5f, 0xa6, 0xff, 0x5f, 0xa6, 0xff, 
  0x5f, 0xa6, 0xff, 0x5f, 0xa6, 0xff, 0x5f, 0xa6, 0xff, 0x5f, 0xa6, 0xff, 
  0x5f, 0xa6, 0xff, 0x3f, 0xa6, 0xff, 0x3f, 0xae, 0xff, 0x3f, 0xae, 0xff, 
  0x3f, 0xae, 0xff, 0x5f, 0xa6, 0xff, 0x5f, 0xa6, 0xff, 0x5f, 0xae, 0xff, 
  0x3f, 0xae, 0xff, 0x3f, 0xae, 0xff, 0x3f, 0xae, 0xff, 0x3f, 0xae, 0xff, 
  0x3f, 0xae, 0xff, 0x3f, 0xae, 0xff, 0x3f, 0xae, 0xff, 0x3f, 0xae, 0xff, 
  0x3f, 0xb6, 0xff, 0x3f, 0xb6, 0xff, 0x3f, 0xb6, 0xff, 0x3f, 0xb6, 0xff, 
  0x3f, 0xb6, 0xff, 0x3f, 0xb6, 0xff, 0x3f, 0xb6, 0xff, 0x3f, 0xb6, 0xff, 
  0x1f, 0xb6, 0xff, 0x3f, 0xb6, 0xff, 0x3f, 0xb6, 0xff, 0x3f, 0xb6, 0xff, 
  0x3f, 0xb6, 0xff, 0x3f, 0xb6, 0xff, 0x3f, 0xb6, 0xff, 0x3f, 0xb6, 0xff, 
  0x3f, 0xbe, 0xff, 0x1f, 0xbe, 0xff, 0x1f, 0xbe, 0xff, 0x1f, 0xbe, 0xff, 
  0x3f, 0xbe, 0xff, 0x3f, 0xbe, 0xff, 0x3f, 0xbe, 0xff, 0x3f, 0xbe, 0xff, 
  0x1f, 0xbe, 0xff, 0x1f, 0xbe, 0xff, 0x1f, 0xbe, 0xff, 0x1f, 0xbe, 0xff, 
  0x3f, 0xc6, 0xff, 0x3f, 0xc6, 0xff, 0x3f, 0xc6, 0xff, 0x3f, 0xc6, 0xff, 
  0x3f, 0xc6, 0xff, 0x3f, 0xc6, 0xff, 0x3f, 0xc6, 0xff, 0x1f, 0xc6, 0xff, 
  0x1f, 0xc6, 0xff, 0x1f, 0xc6, 0xff, 0xbf, 0xbd, 0xff, 0x9f, 0xac, 0xff, 
  0x7f, 0xac, 0xff, 0x7f, 0xac, 0xff, 0x7f, 0xac, 0xff, 0xbf, 0xac, 0xff, 
  0x9f, 0xc5, 0x00, 0xbf, 0xde, 0x00, 0x9f, 0xf7, 0x00, 0xff, 0xff, 0x00, 
  0xff, 0xff, 0x00, 0xff, 0xff, 0x00, 0xff, 0xff, 0x00, 0xff, 0xff, 0x00, 
  0xff, 0xff, 0x00, 0xff, 0xff, 0x00, 0xff, 0xff, 0x00, 0xff, 0xff, 0x00, 
  0xff, 0xff, 0x00, 0xff, 0xff, 0x00, 0xbf, 0xe7, 0x00, 0x5f, 0xc7, 0x00, 
  0x1f, 0x9f, 0x00, 0xdf, 0x86, 0xff, 0xbf, 0x86, 0xff, 0xbf, 0x86, 0xff, 
  0xbf, 0x86, 0xff, 0xbf, 0x7e, 0xff, 0xbf, 0x7e, 0xff, 0xbf, 0x86, 0xff, 
  0xbf, 0x86, 0xff, 0xbf, 0x86, 0xff, 0xbf, 0x86, 0xff, 0xbf, 0x86, 0xff, 
  0xbf, 0x86, 0xff, 0xbf, 0x86, 0xff, 0xbf, 0x86, 0xff, 0xbf, 0x86, 0xff, 
  0xbf, 0x86, 0xff, 0x9f, 0x86, 0xff, 0x9f, 0x86, 0xff, 0x9f, 0x86, 0xff, 
  0x9f, 0x8e, 0xff, 0x9f, 0x8e, 0xff, 0x9f, 0x8e, 0xff, 0x9f, 0x8e, 0xff, 
  0x9f, 0x8e, 0xff, 0x9f, 0x8e, 0xff, 0x9f, 0x8e, 0xff, 0x7f, 0x8e, 0xff, 
  0x7f, 0x8e, 0xff, 0x7f, 0x8e, 0xff, 0x7f, 0x8e, 0xff, 0x7f, 0x8e, 0xff, 
  0x7f, 0x8e, 0xff, 0x7f, 0x96, 0xff, 0x7f, 0x96, 0xff, 0x7f, 0x96, 0xff, 
  0x7f, 0x96, 0xff, 0x7f, 0x96, 0xff, 0x7f, 0x96, 0xff, 0x7f, 0x96, 0xff, 
  0x7f, 0x96, 0xff, 0x5f, 0x96, 0xff, 0x7f, 0x96, 0xff, 0x7f, 0x9e, 0xff, 
  0x5f, 0x9e, 0xff, 0x5f, 0x9e, 0xff, 0x7f, 0x96, 0xff, 0x7f, 0x96, 0xff, 
  0x7f, 0x9e, 0xff, 0x5f, 0x9e, 0xff, 0x5f, 0x9e, 0xff, 0x5f, 0x9e, 0xff, 
  0x5f, 0x9e, 0xff, 0x5f, 0x9e, 0xff, 0x5f, 0x9e, 0xff, 0x5f, 0x9e, 0xff, 
  0x5f, 0x9e, 0xff, 0x5f, 0xa6, 0xff, 0x5f, 0xa6, 0xff, 0x5f, 0xa6, 0xff, 
  0x5f, 0xa6, 0xff, 0x5f, 0xa6, 0xff, 0x5f, 0xa6, 0xff, 0x5f, 0xa6, 0xff, 
  0x3f, 0xa6, 0xff, 0x3f, 0xa6, 0xff, 0x3f, 0xae, 0xff, 0x3f, 0xae, 0xff, 
  0x5f, 0xa6, 0xff, 0x5f, 0xa6, 0xff, 0x5f, 0xae, 0xff, 0x3f, 0xae, 0xff, 
  0x3f, 0xae, 0xff, 0x3f, 0xae, 0xff, 0x3f, 0xae, 0xff, 0x3f, 0xae, 0xff, 
  0x3f, 0xae, 0xff, 0x3f, 0xae, 0xff, 0x3f, 0xae, 0xff, 0x3f, 0xb6, 0xff, 
  0x3f, 0xb6, 0xff, 0x3f, 0xb6, 0xff, 0x3f, 0xb6, 0xff, 0x3f, 0xb6, 0xff, 
  0x3f, 0xb6, 0xff, 0x3f, 0xb6, 0xff, 0x3f, 0xb6, 0xff, 0x1f, 0xb6, 0xff, 
  0x3f, 0xb6, 0xff, 0x3f, 0xb6, 0xff, 0x3f, 0xb6, 0xff, 0x3f, 0xb6, 0xff, 
  0x3f, 0xb6, 0xff, 0x3f, 0xb6, 0xff, 0x3f, 0xb6, 0xff, 0x1f, 0xbe, 0xff, 
  0x1f, 0xbe, 0xff, 0x1f, 0xbe, 0xff, 0x1f, 0xbe, 0xff, 0x3f, 0xbe, 0xff, 
  0x3f, 0xbe, 0xff, 0x3f, 0xbe, 0xff, 0x3f, 0xbe, 0xff, 0x3f, 0xbe, 0xff, 
  0x1f, 0xbe, 0xff, 0x1f, 0xbe, 0xff, 0x1f, 0xbe, 0xff, 0x3f, 0xc6, 0xff, 
  0x3f, 0xc6, 0xff, 0x3f, 0xc6, 0xff, 0x3f, 0xc6, 0xff, 0x3f, 0xc6, 0xff, 
  0x3f, 0xc6, 0xff, 0x3f, 0xc6, 0xff, 0x1f, 0xc6, 0xff, 0x1f, 0xc6, 0xff, 
  0x1f, 0xc6, 0xff, 0xdf, 0xbd, 0xff, 0x9f, 0xac, 0xff, 0x7f, 0xac, 0xff, 
  0x7f, 0xac, 0xff, 0x7f, 0xac, 0xff, 0x7f, 0xac, 0xff, 0xbf, 0xac, 0xff, 
  0x9f, 0xc5, 0x00, 0xbf, 0xde, 0x00, 0x7f, 0xf7, 0x00, 0xff, 0xff, 0x00, 
  0xff, 0xff, 0x00, 0xff, 0xff, 0x00, 0xff, 0xff, 0x00, 0xff, 0xff, 0x00, 
  0xff, 0xff, 0x00, 0xff, 0xff, 0x00, 0xff, 0xff, 0x00, 0xff, 0xff, 0x00, 
  0xff, 0xff, 0x00, 0xff, 0xff, 0x00, 0xbf, 0xe7, 0x00, 0x5f, 0xc7, 0x00, 
  0x1f, 0x9f, 0x00, 0xdf, 0x86, 0xff, 0xbf, 0x86, 0xff, 0xbf, 0x86, 0xff, 
  0xbf, 0x7e, 0xff, 0xbf, 0x7e, 0xff, 0xbf, 0x86, 0xff, 0xbf, 0x86, 0xff, 
  0xbf, 0x86, 0xff, 0xbf, 0x86, 0xff, 0xbf, 0x86, 0xff, 0xbf, 0x86, 0xff, 
  0xbf, 0x86, 0xff, 0xbf, 0x86, 0xff, 0xbf, 0x86, 0xff, 0xbf, 0x86, 0xff, 
  0x9f, 0x86, 0xff, 0x9f, 0x86, 0xff, 0x9f, 0x86, 0xff, 0x9f, 0x8e, 0xff, 
  0x9f, 0x8e, 0xff, 0x9f, 0x8e, 0xff, 0x9f, 0x8e, 0xff, 0x9f, 0x8e, 0xff, 
  0x9f, 0x8e, 0xff, 0x9f, 0x8e, 0xff, 0x7f, 0x8e, 0xff, 0x7f, 0x8e, 0xff, 
  0x7f, 0x8e, 0xff, 0x7f, 0x8e, 0xff, 0x7f, 0x8e, 0xff, 0x7f, 0x8e, 0xff, 
  0x7f, 0x96, 0xff, 0x7f, 0x96, 0xff, 0x7f, 0x96, 0xff, 0x7f, 0x96, 0xff, 
  0x7f, 0x96, 0xff, 0x7f, 0x96, 0xff, 0x7f, 0x96, 0xff, 0x7f, 0x96, 0xff, 
  0x5f, 0x96, 0xff, 0x7f, 0x96, 0xff, 0x5f, 0x9e, 0xff, 0x5f, 0x9e, 0xff, 
  0x5f, 0x9e, 0xff, 0x7f, 0x96, 0xff, 0x7f, 0x96, 0xff, 0x7f, 0x9e, 0xff, 
  0x5f, 0x9e, 0xff, 0x5f, 0x9e, 0xff, 0x5f, 0x9e, 0xff, 0x5f, 0x9e, 0xff, 
  0x5f, 0x9e, 0xff, 0x5f, 0x9e, 0xff, 0x5f, 0x9e, 0xff, 0x5f, 0x9e, 0xff, 
  0x5f, 0xa6, 0xff, 0x5f, 0xa6, 0xff, 0x5f, 0xa6, 0xff, 0x5f, 0xa6, 0xff, 
  0x5f, 0xa6, 0xff, 0x5f, 0xa6, 0xff, 0x5f, 0xa6, 0xff, 0x3f, 0xa6, 0xff, 
  0x3f, 0xa6, 0xff, 0x3f, 0xae, 0xff, 0x3f, 0xae, 0xff, 0x3f, 0xa6, 0xff, 
  0x5f, 0xa6, 0xff, 0x5f, 0xae, 0xff, 0x3f, 0xae, 0xff, 0x3f, 0xae, 0xff, 
  0x3f, 0xae, 0xff, 0x3f, 0xae, 0xff, 0x3f, 0xae, 0xff, 0x3f, 0xae, 0xff, 
  0x3f, 0xae, 0xff, 0x3f, 0xae, 0xff, 0x3f, 0xae, 0xff, 0x3f, 0xb6, 0xff, 
  0x3f, 0xb6, 0xff, 0x3f, 0xb6, 0xff, 0x3f, 0xb6, 0xff, 0x3f, 0xb6, 0xff, 
  0x3f, 0xb6, 0xff, 0x3f, 0xb6, 0xff, 0x3f, 0xb6, 0xff, 0x1f, 0xb6, 0xff, 
  0x3f, 0xb6, 0xff, 0x3f, 0xb6, 0xff, 0x3f, 0xb6, 0xff, 0x3f, 0xb6, 0xff, 
  0x3f, 0xb6, 0xff, 0x3f, 0xb6, 0xff, 0x3f, 0xbe, 0xff, 0x1f, 0xbe, 0xff, 
  0x1f, 0xbe, 0xff, 0x1f, 0xbe, 0xff, 0x3f, 0xbe, 0xff, 0x3f, 0xbe, 0xff, 
  0x3f, 0xbe, 0xff, 0x3f, 0xbe, 0xff, 0x3f, 0xbe, 0xff, 0x1f, 0xbe, 0xff, 
  0x1f, 0xbe, 0xff, 0x1f, 0xbe, 0xff, 0x3f, 0xc6, 0xff, 0x3f, 0xc6, 0xff, 
  0x3f, 0xc6, 0xff, 0x3f, 0xc6, 0xff, 0x3f, 0xc6, 0xff, 0x3f, 0xc6, 0xff, 
  0x3f, 0xc6, 0xff, 0x1f, 0xc6, 0xff, 0x1f, 0xc6, 0xff, 0x1f, 0xc6, 0xff, 
  0xdf, 0xbd, 0xff, 0x9f, 0xac, 0xff, 0x7f, 0xac, 0xff, 0x7f, 0xac, 0xff, 
  0x7f, 0xac, 0xff, 0x7f, 0xac, 0xff, 0x7f, 0xac, 0xff, 0xbf, 0xac, 0xff, 
  0x9f, 0xc5, 0x00, 0xbf, 0xde, 0x00, 0x9f, 0xf7, 0x00, 0xff, 0xff, 0x00, 
  0xff, 0xff, 0x00, 0xff, 0xff, 0x00, 0xff, 0xff, 0x00, 0xff, 0xff, 0x00, 
  0xff, 0xff, 0x00, 0xff, 0xff, 0x00, 0xff, 0xff, 0x00, 0xff, 0xff, 0x00, 
  0xff, 0xff, 0x00, 0xff, 0xff, 0x00, 0xbf, 0xe7, 0x00, 0x5f, 0xc7, 0x00, 
  0x1f, 0x9f, 0x00, 0xdf, 0x86, 0xff, 0xbf, 0x86, 0xff, 0xbf, 0x7e, 0xff, 
  0xbf, 0x7e, 0xff, 0xbf, 0x86, 0xff, 0xbf, 0x86, 0xff, 0xbf, 0x86, 0xff, 
  0xbf, 0x86, 0xff, 0xbf, 0x86, 0xff, 0xbf, 0x86, 0xff, 0xbf, 0x86, 0xff, 
  0xbf, 0x86, 0xff, 0xbf, 0x86, 0xff, 0xbf, 0x86, 0xff, 0x9f, 0x86, 0xff, 
  0x9f, 0x86, 0xff, 0x9f, 0x86, 0xff, 0x9f, 0x8e, 0xff, 0x9f, 0x8e, 0xff, 
  0x9f, 0x8e, 0xff, 0x9f, 0x8e, 0xff, 0x9f, 0x8e, 0xff, 0x9f, 0x8e, 0xff, 
  0x9f, 0x8e, 0xff, 0x7f, 0x8e, 0xff, 0x7f, 0x8e, 0xff, 0x7f, 0x8e, 0xff, 
  0x7f, 0x8e, 0xff, 0x7f, 0x8e, 0xff, 0x7f, 0x8e, 0xff, 0x7f, 0x96, 0xff, 
  0x7f, 0x96, 0xff, 0x7f, 0x96, 0xff, 0x7f, 0x96, 0xff, 0x7f, 0x96, 0xff, 
  0x7f, 0x96, 0xff, 0x7f, 0x96, 0xff, 0x7f, 0x96, 0xff, 0x5f, 0x96, 0xff, 
  0x7f, 0x96, 0xff, 0x5f, 0x9e, 0xff, 0x5f, 0x9e, 0xff, 0x5f, 0x9e, 0xff, 
  0x7f, 0x96, 0xff, 0x7f, 0x96, 0xff, 0x7f, 0x9e, 0xff, 0x5f, 0x9e, 0xff, 
  0x5f, 0x9e, 0xff, 0x5f, 0x9e, 0xff, 0x5f, 0x9e, 0xff, 0x5f, 0x9e, 0xff, 
  0x5f, 0x9e, 0xff, 0x5f, 0x9e, 0xff, 0x5f, 0x9e, 0xff, 0x5f, 0xa6, 0xff, 
  0x5f, 0xa6, 0xff, 0x5f, 0xa6, 0xff, 0x5f, 0xa6, 0xff, 0x5f, 0xa6, 0xff, 
  0x5f, 0xa6, 0xff, 0x5f, 0xa6, 0xff, 0x3f, 0xa6, 0xff, 0x3f, 0xa6, 0xff, 
  0x3f, 0xae, 0xff, 0x3f, 0xae, 0xff, 0x3f, 0xa6, 0xff, 0x5f, 0xa6, 0xff, 
  0x5f, 0xae, 0xff, 0x3f, 0xae, 0xff, 0x3f, 0xae, 0xff, 0x3f, 0xae, 0xff, 
  0x3f, 0xae, 0xff, 0x3f, 0xae, 0xff, 0x3f, 0xae, 0xff, 0x3f, 0xae, 0xff, 
  0x3f, 0xae, 0xff, 0x3f, 0xb6, 0xff, 0x3f, 0xb6, 0xff, 0x3f, 0xb6, 0xff, 
  0x3f, 0xb6, 0xff, 0x3f, 0xb6, 0xff, 0x3f, 0xb6, 0xff, 0x3f, 0xb6, 0xff, 
  0x3f, 0xb6, 0xff, 0x3f, 0xb6, 0xff, 0x1f, 0xb6, 0xff, 0x3f, 0xb6, 0xff, 
  0x3f, 0xb6, 0xff, 0x3f, 0xb6, 0xff, 0x3f, 0xb6, 0xff, 0x3f, 0xb6, 0xff, 
  0x3f, 0xb6, 0xff, 0x1f, 0xbe, 0xff, 0x1f, 0xbe, 0xff, 0x1f, 0xbe, 0xff, 
  0x1f, 0xbe, 0xff, 0x3f, 0xbe, 0xff, 0x3f, 0xbe, 0xff, 0x3f, 0xbe, 0xff, 
  0x3f, 0xbe, 0xff, 0x3f, 0xbe, 0xff, 0x1f, 0xbe, 0xff, 0x1f, 0xbe, 0xff, 
  0x1f, 0xbe, 0xff, 0x3f, 0xc6, 0xff, 0x3f, 0xc6, 0xff, 0x3f, 0xc6, 0xff, 
  0x3f, 0xc6, 0xff, 0x3f, 0xc6, 0xff, 0x3f, 0xc6, 0xff, 0x3f, 0xc6, 0xff, 
  0x1f, 0xc6, 0xff, 0x1f, 0xc6, 0xff, 0x1f, 0xc6, 0xff, 0xff, 0xc5, 0xff, 
  0xbf, 0xac, 0xff, 0x7f, 0xac, 0xff, 0x7f, 0xac, 0xff, 0x7f, 0xac, 0xff, 
  0x7f, 0xac, 0xff, 0x7f, 0xac, 0xff, 0x7f, 0xac, 0xff, 0xbf, 0xac, 0xff, 
  0x9f, 0xc5, 0x00, 0xbf, 0xde, 0x00, 0x9f, 0xf7, 0x00, 0xff, 0xff, 0x00, 
  0xff, 0xff, 0x00, 0xff, 0xff, 0x00, 0xff, 0xff, 0x00, 0xff, 0xff, 0x00, 
  0xff, 0xff, 0x00, 0xff, 0xff, 0x00, 0xff, 0xff, 0x00, 0xff, 0xff, 0x00, 
  0xff, 0xff, 0x00, 0xff, 0xff, 0x00, 0xbf, 0xe7, 0x00, 0x5f, 0xc7, 0x00, 
  0x1f, 0x9f, 0x00, 0xbf, 0x86, 0xff, 0xbf, 0x7e, 0xff, 0xbf, 0x7e, 0xff, 
  0xbf, 0x86, 0xff, 0xbf, 0x86, 0xff, 0xbf, 0x86, 0xff, 0xbf, 0x86, 0xff, 
  0xbf, 0x86, 0xff, 0xbf, 0x86, 0xff, 0xbf, 0x86, 0xff, 0xbf, 0x86, 0xff, 
  0xbf, 0x86, 0xff, 0xbf, 0x86, 0xff, 0x9f, 0x86, 0xff, 0x9f, 0x86, 0xff, 
  0x9f, 0x86, 0xff, 0x9f, 0x8e, 0xff, 0x9f, 0x8e, 0xff, 0x9f, 0x8e, 0xff, 
  0x9f, 0x8e, 0xff, 0x9f, 0x8e, 0xff, 0x9f, 0x8e, 0xff, 0x9f, 0x8e, 0xff, 
  0x7f, 0x8e, 0xff, 0x7f, 0x8e, 0xff, 0x7f, 0x8e, 0xff, 0x7f, 0x8e, 0xff, 
  0x7f, 0x8e, 0xff, 0x7f, 0x8e, 0xff, 0x7f, 0x96, 0xff, 0x7f, 0x96, 0xff, 
  0x7f, 0x96, 0xff, 0x7f, 0x96, 0xff, 0x7f, 0x96, 0xff, 0x7f, 0x96, 0xff, 
  0x7f, 0x96, 0xff, 0x7f, 0x96, 0xff, 0x5f, 0x96, 0xff, 0x7f, 0x96, 0xff, 
  0x5f, 0x9e, 0xff, 0x5f, 0x9e, 0xff, 0x5f, 0x9e, 0xff, 0x7f, 0x96, 0xff, 
  0x7f, 0x96, 0xff, 0x7f, 0x9e, 0xff, 0x5f, 0x9e, 0xff, 0x5f, 0x9e, 0xff, 
  0x5f, 0x9e, 0xff, 0x5f, 0x9e, 0xff, 0x5f, 0x9e, 0xff, 0x5f, 0x9e, 0xff, 
  0x5f, 0x9e, 0xff, 0x5f, 0x9e, 0xff, 0x5f, 0xa6, 0xff, 0x5f, 0xa6, 0xff, 
  0x5f, 0xa6, 0xff, 0x5f, 0xa6, 0xff, 0x5f, 0xa6, 0xff, 0x5f, 0xa6, 0xff, 
  0x5f, 0xa6, 0xff, 0x3f, 0xa6, 0xff, 0x3f, 0xa6, 0xff, 0x3f, 0xae, 0xff, 
  0x3f, 0xae, 0xff, 0x3f, 0xa6, 0xff, 0x5f, 0xa6, 0xff, 0x5f, 0xae, 0xff, 
  0x3f, 0xae, 0xff, 0x3f, 0xae, 0xff, 0x3f, 0xae, 0xff, 0x3f, 0xae, 0xff, 
  0x3f, 0xae, 0xff, 0x3f, 0xae, 0xff, 0x3f, 0xae, 0xff, 0x3f, 0xae, 0xff, 
  0x3f, 0xb6, 0xff, 0x3f, 0xb6, 0xff, 0x3f, 0xb6, 0xff, 0x3f, 0xb6, 0xff, 
  0x3f, 0xb6, 0xff, 0x3f, 0xb6, 0xff, 0x3f, 0xb6, 0xff, 0x3f, 0xb6, 0xff, 
  0x3f, 0xb6, 0xff, 0x1f, 0xb6, 0xff, 0x3f, 0xb6, 0xff, 0x3f, 0xb6, 0xff, 
  0x3f, 0xb6, 0xff, 0x3f, 0xb6, 0xff, 0x3f, 0xb6, 0xff, 0x3f, 0xb6, 0xff, 
  0x3f, 0xbe, 0xff, 0x1f, 0xbe, 0xff, 0x1f, 0xbe, 0xff, 0x1f, 0xbe, 0xff, 
  0x3f, 0xbe, 0xff, 0x3f, 0xbe, 0xff, 0x3f, 0xbe, 0xff, 0x3f, 0xbe, 0xff, 
  0x3f, 0xbe, 0xff, 0x1f, 0xbe, 0xff, 0x1f, 0xbe, 0xff, 0x1f, 0xbe, 0xff, 
  0x3f, 0xc6, 0xff, 0x3f, 0xc6, 0xff, 0x3f, 0xc6, 0xff, 0x3f, 0xc6, 0xff, 
  0x3f, 0xc6, 0xff, 0x3f, 0xc6, 0xff, 0x3f, 0xc6, 0xff, 0x1f, 0xc6, 0xff, 
  0x1f, 0xc6, 0xff, 0x1f, 0xc6, 0xff, 0xff, 0xc5, 0xff, 0xbf, 0xac, 0xff, 
  0x7f, 0xac, 0xff, 0x7f, 0xac, 0xff, 0x7f, 0xac, 0xff, 0x7f, 0xac, 0xff, 
  0x7f, 0xac, 0xff, 0x7f, 0xac, 0xff, 0x7f, 0xac, 0xff, 0xbf, 0xb4, 0xff, 
  0x9f, 0xc5, 0x00, 0xbf, 0xde, 0x00, 0x9f, 0xf7, 0x00, 0xff, 0xff, 0x00, 
  0xff, 0xff, 0x00, 0xff, 0xff, 0x00, 0xff, 0xff, 0x00, 0xff, 0xff, 0x00, 
  0xff, 0xff, 0x00, 0xff, 0xff, 0x00, 0xff, 0xff, 0x00, 0xff, 0xff, 0x00, 
  0xff, 0xff, 0x00, 0xff, 0xf7, 0x00, 0xbf, 0xe7, 0x00, 0x7f, 0xc7, 0x00, 
  0xff, 0x9e, 0x00, 0xbf, 0x86, 0xff, 0xbf, 0x7e, 0xff, 0xbf, 0x86, 0xff, 
  0xbf, 0x86, 0xff, 0xbf, 0x86, 0xff, 0xbf, 0x86, 0xff, 0xbf, 0x86, 0xff, 
  0xbf, 0x86, 0xff, 0xbf, 0x86, 0xff, 0xbf, 0x86, 0xff, 0xbf, 0x86, 0xff, 
  0xbf, 0x86, 0xff, 0x9f, 0x86, 0xff, 0x9f, 0x86, 0xff, 0x9f, 0x86, 0xff, 
  0x9f, 0x8e, 0xff, 0x9f, 0x8e, 0xff, 0x9f, 0x8e, 0xff, 0x9f, 0x8e, 0xff, 
  0x9f, 0x8e, 0xff, 0x9f, 0x8e, 0xff, 0x9f, 0x8e, 0xff, 0x7f, 0x8e, 0xff, 
  0x7f, 0x8e, 0xff, 0x7f, 0x8e, 0xff, 0x7f, 0x8e, 0xff, 0x7f, 0x8e, 0xff, 
  0x7f, 0x8e, 0xff, 0x7f, 0x96, 0xff, 0x7f, 0x96, 0xff, 0x7f, 0x96, 0xff, 
  0x7f, 0x96, 0xff, 0x7f, 0x96, 0xff, 0x7f, 0x96, 0xff, 0x7f, 0x96, 0xff, 
  0x7f, 0x96, 0xff, 0x5f, 0x96, 0xff, 0x7f, 0x96, 0xff, 0x5f, 0x9e, 0xff, 
  0x5f, 0x9e, 0xff, 0x5f, 0x9e, 0xff, 0x7f, 0x96, 0xff, 0x7f, 0x96, 0xff, 
  0x7f, 0x9e, 0xff, 0x5f, 0x9e, 0xff, 0x5f, 0x9e, 0xff, 0x5f, 0x9e, 0xff, 
  0x5f, 0x9e, 0xff, 0x5f, 0x9e, 0xff, 0x5f, 0x9e, 0xff, 0x5f, 0x9e, 0xff, 
  0x5f, 0x9e, 0xff, 0x5f, 0xa6, 0xff, 0x5f, 0xa6, 0xff, 0x5f, 0xa6, 0xff, 
  0x5f, 0xa6, 0xff, 0x5f, 0xa6, 0xff, 0x5f, 0xa6, 0xff, 0x5f, 0xa6, 0xff, 
  0x3f, 0xa6, 0xff, 0x3f, 0xa6, 0xff, 0x3f, 0xae, 0xff, 0x3f, 0xae, 0xff, 
  0x3f, 0xa6, 0xff, 0x5f, 0xa6, 0xff, 0x5f, 0xae, 0xff, 0x3f, 0xae, 0xff, 
  0x3f, 0xae, 0xff, 0x3f, 0xae, 0xff, 0x3f, 0xae, 0xff, 0x3f, 0xae, 0xff, 
  0x3f, 0xae, 0xff, 0x3f, 0xae, 0xff, 0x3f, 0xae, 0xff, 0x3f, 0xae, 0xff, 
  0x3f, 0xb6, 0xff, 0x3f, 0xb6, 0xff, 0x3f, 0xb6, 0xff, 0x3f, 0xb6, 0xff, 
  0x3f, 0xb6, 0xff, 0x3f, 0xb6, 0xff, 0x3f, 0xb6, 0xff, 0x3f, 0xb6, 0xff, 
  0x3f, 0xb6, 0xff, 0x3f, 0xb6, 0xff, 0x3f, 0xb6, 0xff, 0x3f, 0xb6, 0xff, 
  0x3f, 0xb6, 0xff, 0x3f, 0xb6, 0xff, 0x3f, 0xb6, 0xff, 0x3f, 0xbe, 0xff, 
  0x1f, 0xbe, 0xff, 0x1f, 0xbe, 0xff, 0x1f, 0xbe, 0xff, 0x3f, 0xbe, 0xff, 
  0x3f, 0xbe, 0xff, 0x3f, 0xbe, 0xff, 0x3f, 0xbe, 0xff, 0x3f, 0xbe, 0xff, 
  0x1f, 0xbe, 0xff, 0x1f, 0xbe, 0xff, 0x1f, 0xbe, 0xff, 0x3f, 0xc6, 0xff, 
  0x3f, 0xc6, 0xff, 0x3f, 0xc6, 0xff, 0x3f, 0xc6, 0xff, 0x3f, 0xc6, 0xff, 
  0x3f, 0xc6, 0xff, 0x3f, 0xc6, 0xff, 0x1f, 0xc6, 0xff, 0x1f, 0xc6, 0xff, 
  0x1f, 0xc6, 0xff, 0xff, 0xc5, 0xff, 0xbf, 0xac, 0xff, 0x7f, 0xac, 0xff, 
  0x7f, 0xac, 0xff, 0x7f, 0xac, 0xff, 0x7f, 0xac, 0xff, 0x7f, 0xac, 0xff, 
  0x7f, 0xac, 0xff, 0x7f, 0xac, 0xff, 0x7f, 0xac, 0xff, 0xbf, 0xac, 0xff, 
  0x9f, 0xc5, 0x00, 0xbf, 0xde, 0x00, 0x7f, 0xf7, 0x00, 0xff, 0xff, 0x00, 
  0xff, 0xff, 0x00, 0xff, 0xff, 0x00, 0xff, 0xff, 0x00, 0xff, 0xff, 0x00, 
  0xff, 0xff, 0x00, 0xff, 0xff, 0x00, 0xff, 0xff, 0x00, 0xff, 0xff, 0x00, 
  0xff, 0xff, 0x00, 0xff, 0xff, 0x00, 0xbf, 0xe7, 0x00, 0x5f, 0xc7, 0x00, 
  0xff, 0x9e, 0x00, 0xbf, 0x86, 0xff, 0xbf, 0x86, 0xff, 0xbf, 0x86, 0xff, 
  0xbf, 0x86, 0xff, 0xbf, 0x86, 0xff, 0xbf, 0x86, 0xff, 0xbf, 0x86, 0xff, 
  0xbf, 0x86, 0xff, 0xbf, 0x86, 0xff, 0xbf, 0x86, 0xff, 0xbf, 0x86, 0xff, 
  0x9f, 0x86, 0xff, 0x9f, 0x86, 0xff, 0x9f, 0x86, 0xff, 0x9f, 0x8e, 0xff, 
  0x9f, 0x8e, 0xff, 0x9f, 0x8e, 0xff, 0x9f, 0x8e, 0xff, 0x9f, 0x8e, 0xff, 
  0x9f, 0x8e, 0xff, 0x9f, 0x8e, 0xff, 0x7f, 0x8e, 0xff, 0x7f, 0x8e, 0xff, 
  0x7f, 0x8e, 0xff, 0x7f, 0x8e, 0xff, 0x7f, 0x8e, 0xff, 0x7f, 0x8e, 0xff, 
  0x7f, 0x96, 0xff, 0x7f, 0x96, 0xff, 0x7f, 0x96, 0xff, 0x7f, 0x96, 0xff, 
  0x7f, 0x96, 0xff, 0x7f, 0x96, 0xff, 0x7f, 0x96, 0xff, 0x7f, 0x96, 0xff, 
  0x5f, 0x96, 0xff, 0x7f, 0x96, 0xff, 0x5f, 0x9e, 0xff, 0x5f, 0x9e, 0xff, 
  0x5f, 0x9e, 0xff, 0x7f, 0x96, 0xff, 0x7f, 0x96, 0xff, 0x7f, 0x9e, 0xff, 
  0x5f, 0x9e, 0xff, 0x5f, 0x9e, 0xff, 0x5f, 0x9e, 0xff, 0x5f, 0x9e, 0xff, 
  0x5f, 0x9e, 0xff, 0x5f, 0x9e, 0xff, 0x5f, 0x9e, 0xff, 0x5f, 0x9e, 0xff, 
  0x5f, 0xa6, 0xff, 0x5f, 0xa6, 0xff, 0x5f, 0xa6, 0xff, 0x5f, 0xa6, 0xff, 
  0x5f, 0xa6, 0xff, 0x5f, 0xa6, 0xff, 0x5f, 0xa6, 0xff, 0x3f, 0xa6, 0xff, 
  0x3f, 0xae, 0xff, 0x3f, 0xae, 0xff, 0x3f, 0xae, 0xff, 0x3f, 0xa6, 0xff, 
  0x5f, 0xa6, 0xff, 0x5f, 0xae, 0xff, 0x3f, 0xae, 0xff, 0x3f, 0xae, 0xff, 
  0x3f, 0xae, 0xff, 0x3f, 0xae, 0xff, 0x3f, 0xae, 0xff, 0x3f, 0xae, 0xff, 
  0x3f, 0xae, 0xff, 0x3f, 0xae, 0xff, 0x3f, 0xb6, 0xff, 0x3f, 0xb6, 0xff, 
  0x3f, 0xb6, 0xff, 0x3f, 0xb6, 0xff, 0x3f, 0xb6, 0xff, 0x3f, 0xb6, 0xff, 
  0x3f, 0xb6, 0xff, 0x3f, 0xb6, 0xff, 0x1f, 0xb6, 0xff, 0x1f, 0xb6, 0xff, 
  0x3f, 0xb6, 0xff, 0x3f, 0xb6, 0xff, 0x3f, 0xb6, 0xff, 0x3f, 0xb6, 0xff, 
  0x3f, 0xb6, 0xff, 0x3f, 0xb6, 0xff, 0x1f, 0xbe, 0xff, 0x1f, 0xbe, 0xff, 
  0x1f, 0xbe, 0xff, 0x1f, 0xbe, 0xff, 0x3f, 0xbe, 0xff, 0x3f, 0xbe, 0xff, 
  0x3f, 0xbe, 0xff, 0x3f, 0xbe, 0xff, 0x1f, 0xbe, 0xff, 0x1f, 0xbe, 0xff, 
  0x1f, 0xbe, 0xff, 0x1f, 0xbe, 0xff, 0x3f, 0xc6, 0xff, 0x3f, 0xc6, 0xff, 
  0x3f, 0xc6, 0xff, 0x3f, 0xc6, 0xff, 0x3f, 0xc6, 0xff, 0x3f, 0xc6, 0xff, 
  0x3f, 0xc6, 0xff, 0x1f, 0xc6, 0xff, 0x1f, 0xc6, 0xff, 0x1f, 0xc6, 0xff, 
  0x1f, 0xc6, 0xff, 0xdf, 0xb4, 0xff, 0x7f, 0xac, 0xff, 0x7f, 0xac, 0xff, 
  0x7f, 0xac, 0xff, 0x7f, 0xac, 0xff, 0x7f, 0xac, 0xff, 0x7f, 0xac, 0xff, 
  0x7f, 0xac, 0xff, 0x7f, 0xac, 0xff, 0x7f, 0xac, 0xff, 0xdf, 0xb4, 0xff, 
  0x9f, 0xc5, 0x00, 0xbf, 0xde, 0x00, 0x9f, 0xf7, 0x00, 0xff, 0xff, 0x00, 
  0xff, 0xff, 0x00, 0xff, 0xff, 0x00, 0xff, 0xff, 0x00, 0xff, 0xff, 0x00, 
  0xff, 0xff, 0x00, 0xff, 0xff, 0x00, 0xff, 0xff, 0x00, 0xff, 0xff, 0x00, 
  0xff, 0xff, 0x00, 0xff, 0xf7, 0x00, 0xbf, 0xe7, 0x00, 0x5f, 0xc7, 0x00, 
  0xff, 0x9e, 0x00, 0xbf, 0x86, 0xff, 0xbf, 0x86, 0xff, 0xbf, 0x86, 0xff, 
  0xbf, 0x86, 0xff, 0xbf, 0x86, 0xff, 0xbf, 0x86, 0xff, 0xbf, 0x86, 0xff, 
  0xbf, 0x86, 0xff, 0xbf, 0x86, 0xff, 0xbf, 0x86, 0xff, 0x9f, 0x86, 0xff, 
  0x9f, 0x86, 0xff, 0x9f, 0x86, 0xff, 0x9f, 0x8e, 0xff, 0x9f, 0x8e, 0xff, 
  0x9f, 0x8e, 0xff, 0x9f, 0x8e, 0xff, 0x9f, 0x8e, 0xff, 0x9f, 0x8e, 0xff, 
  0x9f, 0x8e, 0xff, 0x7f, 0x8e, 0xff, 0x7f, 0x8e, 0xff, 0x7f, 0x8e, 0xff, 
  0x7f, 0x8e, 0xff, 0x7f, 0x8e, 0xff, 0x7f, 0x8e, 0xff, 0x7f, 0x96, 0xff, 
  0x7f, 0x96, 0xff, 0x7f, 0x96, 0xff, 0x7f, 0x96, 0xff, 0x7f, 0x96, 0xff, 
  0x7f, 0x96, 0xff, 0x7f, 0x96, 0xff, 0x7f, 0x96, 0xff, 0x5f, 0x96, 0xff, 
  0x7f, 0x96, 0xff, 0x5f, 0x9e, 0xff, 0x5f, 0x9e, 0xff, 0x5f, 0x9e, 0xff, 
  0x7f, 0x96, 0xff, 0x7f, 0x96, 0xff, 0x7f, 0x9e, 0xff, 0x5f, 0x9e, 0xff, 
  0x5f, 0x9e, 0xff, 0x5f, 0x9e, 0xff, 0x5f, 0x9e, 0xff, 0x5f, 0x9e, 0xff, 
  0x5f, 0x9e, 0xff, 0x5f, 0x9e, 0xff, 0x5f, 0x9e, 0xff, 0x5f, 0xa6, 0xff, 
  0x5f, 0xa6, 0xff, 0x5f, 0xa6, 0xff, 0x5f, 0xa6, 0xff, 0x5f, 0xa6, 0xff, 
  0x5f, 0xa6, 0xff, 0x5f, 0xa6, 0xff, 0x3f, 0xa6, 0xff, 0x3f, 0xae, 0xff, 
  0x3f, 0xae, 0xff, 0x3f, 0xae, 0xff, 0x3f, 0xa6, 0xff, 0x5f, 0xa6, 0xff, 
  0x5f, 0xae, 0xff, 0x3f, 0xae, 0xff, 0x3f, 0xae, 0xff, 0x3f, 0xae, 0xff, 
  0x3f, 0xae, 0xff, 0x3f, 0xae, 0xff, 0x3f, 0xae, 0xff, 0x3f, 0xae, 0xff, 
  0x3f, 0xae, 0xff, 0x3f, 0xb6, 0xff, 0x3f, 0xb6, 0xff, 0x3f, 0xb6, 0xff, 
  0x3f, 0xb6, 0xff, 0x3f, 0xb6, 0xff, 0x3f, 0xb6, 0xff, 0x3f, 0xb6, 0xff, 
  0x3f, 0xb6, 0xff, 0x3f, 0xb6, 0xff, 0x1f, 0xb6, 0xff, 0x3f, 0xb6, 0xff, 
  0x3f, 0xb6, 0xff, 0x3f, 0xb6, 0xff, 0x3f, 0xb6, 0xff, 0x3f, 0xb6, 0xff, 
  0x3f, 0xb6, 0xff, 0x1f, 0xbe, 0xff, 0x1f, 0xbe, 0xff, 0x1f, 0xbe, 0xff, 
  0x1f, 0xbe, 0xff, 0x3f, 0xbe, 0xff, 0x3f, 0xbe, 0xff, 0x3f, 0xbe, 0xff, 
  0x3f, 0xbe, 0xff, 0x1f, 0xbe, 0xff, 0x1f, 0xbe, 0xff, 0x1f, 0xbe, 0xff, 
  0x1f, 0xbe, 0xff, 0x3f, 0xc6, 0xff, 0x3f, 0xc6, 0xff, 0x3f, 0xc6, 0xff, 
  0x3f, 0xc6, 0xff, 0x3f, 0xc6, 0xff, 0x3f, 0xc6, 0xff, 0x3f, 0xc6, 0xff, 
  0x1f, 0xc6, 0xff, 0x1f, 0xc6, 0xff, 0x1f, 0xc6, 0xff, 0x1f, 0xc6, 0xff, 
  0xff, 0xb4, 0xff, 0x7f, 0xac, 0xff, 0x7f, 0xac, 0xff, 0x7f, 0xac, 0xff, 
  0x7f, 0xac, 0xff, 0x7f, 0xac, 0xff, 0x7f, 0xac, 0xff, 0x7f, 0xac, 0xff, 
  0x7f, 0xac, 0xff, 0x7f, 0xac, 0xff, 0x7f, 0xac, 0xff, 0xbf, 0xb4, 0xff, 
  0x9f, 0xc5, 0x00, 0xbf, 0xde, 0x00, 0x9f, 0xf7, 0x00, 0xff, 0xff, 0x00, 
  0xff, 0xff, 0x00, 0xff, 0xff, 0x00, 0xff, 0xff, 0x00, 0xff, 0xff, 0x00, 
  0xff, 0xff, 0x00, 0xff, 0xff, 0x00, 0xff, 0xff, 0x00, 0xff, 0xff, 0x00, 
  0xff, 0xff, 0x00, 0xff, 0xf7, 0x00, 0xbf, 0xe7, 0x00, 0x5f, 0xc7, 0x00, 
  0xff, 0x9e, 0x00, 0xbf, 0x86, 0xff, 0xbf, 0x86, 0xff, 0xbf, 0x86, 0xff, 
  0xbf, 0x86, 0xff, 0xbf, 0x86, 0xff, 0xbf, 0x86, 0xff, 0xbf, 0x86, 0xff, 
  0xbf, 0x86, 0xff, 0xbf, 0x86, 0xff, 0x9f, 0x86, 0xff, 0x9f, 0x86, 0xff, 
  0x9f, 0x86, 0xff, 0x9f, 0x8e, 0xff, 0x9f, 0x8e, 0xff, 0x9f, 0x8e, 0xff, 
  0x9f, 0x8e, 0xff, 0x9f, 0x8e, 0xff, 0x9f, 0x8e, 0xff, 0x9f, 0x8e, 0xff, 
  0x7f, 0x8e, 0xff, 0x7f, 0x8e, 0xff, 0x7f, 0x8e, 0xff, 0x7f, 0x8e, 0xff, 
  0x7f, 0x8e, 0xff, 0x7f, 0x8e, 0xff, 0x7f, 0x96, 0xff, 0x7f, 0x96, 0xff, 
  0x7f, 0x96, 0xff, 0x7f, 0x96, 0xff, 0x7f, 0x96, 0xff, 0x7f, 0x96, 0xff, 
  0x7f, 0x96, 0xff, 0x7f, 0x96, 0xff, 0x5f, 0x96, 0xff, 0x7f, 0x96, 0xff, 
  0x5f, 0x9e, 0xff, 0x5f, 0x9e, 0xff, 0x5f, 0x9e, 0xff, 0x7f, 0x96, 0xff, 
  0x7f, 0x96, 0xff, 0x7f, 0x9e, 0xff, 0x5f, 0x9e, 0xff, 0x5f, 0x9e, 0xff, 
  0x5f, 0x9e, 0xff, 0x5f, 0x9e, 0xff, 0x5f, 0x9e, 0xff, 0x5f, 0x9e, 0xff, 
  0x5f, 0x9e, 0xff, 0x5f, 0x9e, 0xff, 0x5f, 0xa6, 0xff, 0x5f, 0xa6, 0xff, 
  0x5f, 0xa6, 0xff, 0x5f, 0xa6, 0xff, 0x5f, 0xa6, 0xff, 0x5f, 0xa6, 0xff, 
  0x5f, 0xa6, 0xff, 0x3f, 0xa6, 0xff, 0x3f, 0xae, 0xff, 0x3f, 0xae, 0xff, 
  0x3f, 0xae, 0xff, 0x5f, 0xa6, 0xff, 0x5f, 0xa6, 0xff, 0x5f, 0xae, 0xff, 
  0x3f, 0xae, 0xff, 0x3f, 0xae, 0xff, 0x3f, 0xae, 0xff, 0x3f, 0xae, 0xff, 
  0x3f, 0xae, 0xff, 0x3f, 0xae, 0xff, 0x3f, 0xae, 0xff, 0x3f, 0xae, 0xff, 
  0x3f, 0xb6, 0xff, 0x3f, 0xb6, 0xff, 0x3f, 0xb6, 0xff, 0x3f, 0xb6, 0xff, 
  0x3f, 0xb6, 0xff, 0x3f, 0xb6, 0xff, 0x3f, 0xb6, 0xff, 0x3f, 0xb6, 0xff, 
  0x3f, 0xb6, 0xff, 0x1f, 0xb6, 0xff, 0x3f, 0xb6, 0xff, 0x3f, 0xb6, 0xff, 
  0x3f, 0xb6, 0xff, 0x3f, 0xb6, 0xff, 0x3f, 0xb6, 0xff, 0x3f, 0xb6, 0xff, 
  0x3f, 0xbe, 0xff, 0x1f, 0xbe, 0xff, 0x1f, 0xbe, 0xff, 0x1f, 0xbe, 0xff, 
  0x3f, 0xbe, 0xff, 0x3f, 0xbe, 0xff, 0x3f, 0xbe, 0xff, 0x3f, 0xbe, 0xff, 
  0x3f, 0xbe, 0xff, 0x1f, 0xbe, 0xff, 0x1f, 0xbe, 0xff, 0x1f, 0xbe, 0xff, 
  0x3f, 0xc6, 0xff, 0x3f, 0xc6, 0xff, 0x3f, 0xc6, 0xff, 0x3f, 0xc6, 0xff, 
  0x3f, 0xc6, 0xff, 0x3f, 0xc6, 0xff, 0x3f, 0xc6, 0xff, 0x1f, 0xc6, 0xff, 
  0x1f, 0xc6, 0xff, 0x1f, 0xc6, 0xff, 0x1f, 0xc6, 0xff, 0x1f, 0xb5, 0xff, 
  0x7f, 0xac, 0xff, 0x7f, 0xac, 0xff, 0x7f, 0xac, 0xff, 0x7f, 0xac, 0xff, 
  0x7f, 0xac, 0xff, 0x7f, 0xac, 0xff, 0x7f, 0xac, 0xff, 0x7f, 0xac, 0xff, 
  0x7f, 0xac, 0xff, 0x7f, 0xac, 0xff, 0x7f, 0xac, 0xff, 0xbf, 0xb4, 0xff, 
  0x9f, 0xc5, 0x00, 0xbf, 0xde, 0x00, 0x9f, 0xf7, 0x00, 0xff, 0xff, 0x00, 
  0xff, 0xff, 0x00, 0xff, 0xff, 0x00, 0xff, 0xff, 0x00, 0xff, 0xff, 0x00, 
  0xff, 0xff, 0x00, 0xff, 0xff, 0x00, 0xff, 0xff, 0x00, 0xff, 0xff, 0x00, 
  0xff, 0xff, 0x00, 0xff, 0xff, 0x00, 0xbf, 0xe7, 0x00, 0x5f, 0xc7, 0x00, 
  0xff, 0xa6, 0x00, 0xbf, 0x86, 0xff, 0xbf, 0x86, 0xff, 0xbf, 0x86, 0xff, 
  0xbf, 0x86, 0xff, 0xbf, 0x86, 0xff, 0xbf, 0x86, 0xff, 0xbf, 0x86, 0xff, 
  0xbf, 0x86, 0xff, 0x9f, 0x86, 0xff, 0x9f, 0x86, 0xff, 0x9f, 0x86, 0xff, 
  0x9f, 0x8e, 0xff, 0x9f, 0x8e, 0xff, 0x9f, 0x8e, 0xff, 0x9f, 0x8e, 0xff, 
  0x9f, 0x8e, 0xff, 0x9f, 0x8e, 0xff, 0x9f, 0x8e, 0xff, 0x7f, 0x8e, 0xff, 
  0x7f, 0x8e, 0xff, 0x7f, 0x8e, 0xff, 0x7f, 0x8e, 0xff, 0x7f, 0x8e, 0xff, 
  0x7f, 0x8e, 0xff, 0x7f, 0x96, 0xff, 0x7f, 0x96, 0xff, 0x7f, 0x96, 0xff, 
  0x7f, 0x96, 0xff, 0x7f, 0x96, 0xff, 0x7f, 0x96, 0xff, 0x7f, 0x96, 0xff, 
  0x7f, 0x96, 0xff, 0x5f, 0x96, 0xff, 0x7f, 0x96, 0xff, 0x5f, 0x9e, 0xff, 
  0x5f, 0x9e, 0xff, 0x5f, 0x9e, 0xff, 0x7f, 0x96, 0xff, 0x7f, 0x96, 0xff, 
  0x7f, 0x9e, 0xff, 0x5f, 0x9e, 0xff, 0x5f, 0x9e, 0xff, 0x5f, 0x9e, 0xff, 
  0x5f, 0x9e, 0xff, 0x5f, 0x9e, 0xff, 0x5f, 0x9e, 0xff, 0x5f, 0x9e, 0xff, 
  0x5f, 0x9e, 0xff, 0x5f, 0xa6, 0xff, 0x5f, 0xa6, 0xff, 0x5f, 0xa6, 0xff, 
  0x5f, 0xa6, 0xff, 0x5f, 0xa6, 0xff, 0x5f, 0xa6, 0xff, 0x5f, 0xa6, 0xff, 
  0x3f, 0xa6, 0xff, 0x3f, 0xae, 0xff, 0x3f, 0xae, 0xff, 0x3f, 0xae, 0xff, 
  0x5f, 0xa6, 0xff, 0x5f, 0xa6, 0xff, 0x5f, 0xae, 0xff, 0x3f, 0xae, 0xff, 
  0x3f, 0xae, 0xff, 0x3f, 0xae, 0xff, 0x3f, 0xae, 0xff, 0x3f, 0xae, 0xff, 
  0x3f, 0xae, 0xff, 0x3f, 0xae, 0xff, 0x3f, 0xae, 0xff, 0x3f, 0xb6, 0xff, 
  0x3f, 0xb6, 0xff, 0x3f, 0xb6, 0xff, 0x3f, 0xb6, 0xff, 0x3f, 0xb6, 0xff, 
  0x3f, 0xb6, 0xff, 0x3f, 0xb6, 0xff, 0x3f, 0xb6, 0xff, 0x3f, 0xb6, 0xff, 
  0x1f, 0xb6, 0xff, 0x3f, 0xb6, 0xff, 0x3f, 0xb6, 0xff, 0x3f, 0xb6, 0xff, 
  0x3f, 0xb6, 0xff, 0x3f, 0xb6, 0xff, 0x3f, 0xb6, 0xff, 0x3f, 0xbe, 0xff, 
  0x1f, 0xbe, 0xff, 0x1f, 0xbe, 0xff, 0x1f, 0xbe, 0xff, 0x3f, 0xbe, 0xff, 
  0x3f, 0xbe, 0xff, 0x3f, 0xbe, 0xff, 0x3f, 0xbe, 0xff, 0x1f, 0xbe, 0xff, 
  0x1f, 0xbe, 0xff, 0x1f, 0xbe, 0xff, 0x1f, 0xbe, 0xff, 0x3f, 0xc6, 0xff, 
  0x3f, 0xc6, 0xff, 0x3f, 0xc6, 0xff, 0x3f, 0xc6, 0xff, 0x3f, 0xc6, 0xff, 
  0x3f, 0xc6, 0xff, 0x3f, 0xc6, 0xff, 0x1f, 0xc6, 0xff, 0x1f, 0xc6, 0xff, 
  0x1f, 0xc6, 0xff, 0x1f, 0xc6, 0xff, 0x1f, 0xb5, 0xff, 0x7f, 0xac, 0xff, 
  0x7f, 0xac, 0xff, 0x7f, 0xac, 0xff, 0x7f, 0xac, 0xff, 0x7f, 0xac, 0xff, 
  0x7f, 0xac, 0xff, 0x7f, 0xac, 0xff, 0x7f, 0xac, 0xff, 0x7f, 0xac, 0xff, 
  0x7f, 0xac, 0xff, 0x7f, 0xac, 0xff, 0x7f, 0xac, 0xff, 0xdf, 0xb4, 0xff, 
  0x9f, 0xc5, 0x00, 0xbf, 0xde, 0x00, 0x9f, 0xf7, 0x00, 0xff, 0xff, 0x00, 
  0xff, 0xff, 0x00, 0xff, 0xff, 0x00, 0xff, 0xff, 0x00, 0xff, 0xff, 0x00, 
  0xff, 0xff, 0x00, 0xff, 0xff, 0x00, 0xff, 0xff, 0x00, 0xff, 0xff, 0x00, 
  0xff, 0xff, 0x00, 0xff, 0xff, 0x00, 0xbf, 0xe7, 0x00, 0x7f, 0xc7, 0x00, 
  0x1f, 0xa7, 0x00, 0xbf, 0x86, 0xff, 0xbf, 0x86, 0xff, 0xbf, 0x86, 0xff, 
  0xbf, 0x86, 0xff, 0xbf, 0x86, 0xff, 0xbf, 0x86, 0xff, 0xbf, 0x86, 0xff, 
  0x9f, 0x86, 0xff, 0x9f, 0x86, 0xff, 0x9f, 0x86, 0xff, 0x9f, 0x8e, 0xff, 
  0x9f, 0x8e, 0xff, 0x9f, 0x8e, 0xff, 0x9f, 0x8e, 0xff, 0x9f, 0x8e, 0xff, 
  0x9f, 0x8e, 0xff, 0x9f, 0x8e, 0xff, 0x7f, 0x8e, 0xff, 0x7f, 0x8e, 0xff, 
  0x7f, 0x8e, 0xff, 0x7f, 0x8e, 0xff, 0x7f, 0x8e, 0xff, 0x7f, 0x8e, 0xff, 
  0x7f, 0x96, 0xff, 0x7f, 0x96, 0xff, 0x7f, 0x96, 0xff, 0x7f, 0x96, 0xff, 
  0x7f, 0x96, 0xff, 0x7f, 0x96, 0xff, 0x7f, 0x96, 0xff, 0x7f, 0x96, 0xff, 
  0x5f, 0x96, 0xff, 0x5f, 0x96, 0xff, 0x5f, 0x9e, 0xff, 0x5f, 0x9e, 0xff, 
  0x5f, 0x9e, 0xff, 0x7f, 0x96, 0xff, 0x7f, 0x96, 0xff, 0x7f, 0x9e, 0xff, 
  0x5f, 0x9e, 0xff, 0x5f, 0x9e, 0xff, 0x5f, 0x9e, 0xff, 0x5f, 0x9e, 0xff, 
  0x5f, 0x9e, 0xff, 0x5f, 0x9e, 0xff, 0x5f, 0x9e, 0xff, 0x5f, 0x9e, 0xff, 
  0x5f, 0xa6, 0xff, 0x5f, 0xa6, 0xff, 0x5f, 0xa6, 0xff, 0x5f, 0xa6, 0xff, 
  0x5f, 0xa6, 0xff, 0x5f, 0xa6, 0xff, 0x5f, 0xa6, 0xff, 0x3f, 0xa6, 0xff, 
  0x3f, 0xae, 0xff, 0x3f, 0xae, 0xff, 0x3f, 0xae, 0xff, 0x5f, 0xa6, 0xff, 
  0x5f, 0xa6, 0xff, 0x5f, 0xae, 0xff, 0x3f, 0xae, 0xff, 0x3f, 0xae, 0xff, 
  0x3f, 0xae, 0xff, 0x3f, 0xae, 0xff, 0x3f, 0xae, 0xff, 0x3f, 0xae, 0xff, 
  0x3f, 0xae, 0xff, 0x3f, 0xae, 0xff, 0x3f, 0xb6, 0xff, 0x3f, 0xb6, 0xff, 
  0x3f, 0xb6, 0xff, 0x3f, 0xb6, 0xff, 0x3f, 0xb6, 0xff, 0x3f, 0xb6, 0xff, 
  0x3f, 0xb6, 0xff, 0x3f, 0xb6, 0xff, 0x3f, 0xb6, 0xff, 0x1f, 0xb6, 0xff, 
  0x3f, 0xb6, 0xff, 0x3f, 0xb6, 0xff, 0x3f, 0xb6, 0xff, 0x3f, 0xb6, 0xff, 
  0x3f, 0xb6, 0xff, 0x3f, 0xb6, 0xff, 0x3f, 0xbe, 0xff, 0x1f, 0xbe, 0xff, 
  0x1f, 0xbe, 0xff, 0x1f, 0xbe, 0xff, 0x3f, 0xbe, 0xff, 0x3f, 0xbe, 0xff, 
  0x3f, 0xbe, 0xff, 0x3f, 0xbe, 0xff, 0x1f, 0xbe, 0xff, 0x1f, 0xbe, 0xff, 
  0x1f, 0xbe, 0xff, 0x1f, 0xbe, 0xff, 0x3f, 0xc6, 0xff, 0x3f, 0xc6, 0xff, 
  0x3f, 0xc6, 0xff, 0x3f, 0xc6, 0xff, 0x3f, 0xc6, 0xff, 0x3f, 0xc6, 0xff, 
  0x3f, 0xc6, 0xff, 0x1f, 0xc6, 0xff, 0x1f, 0xc6, 0xff, 0x1f, 0xc6, 0xff, 
  0x1f, 0xc6, 0xff, 0x3f, 0xb5, 0xff, 0x7f, 0xac, 0xff, 0x7f, 0xac, 0xff, 
  0x7f, 0xac, 0xff, 0x7f, 0xac, 0xff, 0x7f, 0xac, 0xff, 0x7f, 0xac, 0xff, 
  0x7f, 0xac, 0xff, 0x7f, 0xac, 0xff, 0x7f, 0xac, 0xff, 0x7f, 0xac, 0xff, 
  0x7f, 0xac, 0xff, 0x7f, 0xac, 0xff, 0x7f, 0xac, 0xff, 0xbf, 0xac, 0xff, 
  0xbf, 0xc5, 0x00, 0xbf, 0xde, 0x00, 0x9f, 0xf7, 0x00, 0xff, 0xff, 0x00, 
  0xff, 0xff, 0x00, 0xff, 0xff, 0x00, 0xff, 0xff, 0x00, 0xff, 0xff, 0x00, 
  0xff, 0xff, 0x00, 0xff, 0xff, 0x00, 0xff, 0xff, 0x00, 0xff, 0xff, 0x00, 
  0xff, 0xff, 0x00, 0xff, 0xff, 0x00, 0xbf, 0xef, 0x00, 0x7f, 0xcf, 0x00, 
  0x1f, 0xa7, 0x00, 0xbf, 0x8e, 0xff, 0xbf, 0x86, 0xff, 0xbf, 0x86, 0xff, 
  0xbf, 0x86, 0xff, 0xbf, 0x86, 0xff, 0xbf, 0x86, 0xff, 0x9f, 0x86, 0xff, 
  0x9f, 0x86, 0xff, 0x9f, 0x86, 0xff, 0x9f, 0x8e, 0xff, 0x9f, 0x8e, 0xff, 
  0x9f, 0x8e, 0xff, 0x9f, 0x8e, 0xff, 0x9f, 0x8e, 0xff, 0x9f, 0x8e, 0xff, 
  0x9f, 0x8e, 0xff, 0x7f, 0x8e, 0xff, 0x7f, 0x8e, 0xff, 0x7f, 0x8e, 0xff, 
  0x7f, 0x8e, 0xff, 0x7f, 0x8e, 0xff, 0x7f, 0x8e, 0xff, 0x7f, 0x96, 0xff, 
  0x7f, 0x96, 0xff, 0x7f, 0x96, 0xff, 0x7f, 0x96, 0xff, 0x7f, 0x96, 0xff, 
  0x7f, 0x96, 0xff, 0x7f, 0x96, 0xff, 0x7f, 0x96, 0xff, 0x5f, 0x96, 0xff, 
  0x7f, 0x96, 0xff, 0x5f, 0x9e, 0xff, 0x5f, 0x9e, 0xff, 0x5f, 0x9e, 0xff, 
  0x7f, 0x96, 0xff, 0x7f, 0x96, 0xff, 0x7f, 0x9e, 0xff, 0x5f, 0x9e, 0xff, 
  0x5f, 0x9e, 0xff, 0x5f, 0x9e, 0xff, 0x5f, 0x9e, 0xff, 0x5f, 0x9e, 0xff, 
  0x5f, 0x9e, 0xff, 0x5f, 0x9e, 0xff, 0x5f, 0x9e, 0xff, 0x5f, 0xa6, 0xff, 
  0x5f, 0xa6, 0xff, 0x5f, 0xa6, 0xff, 0x5f, 0xa6, 0xff, 0x5f, 0xa6, 0xff, 
  0x5f, 0xa6, 0xff, 0x5f, 0xa6, 0xff, 0x3f, 0xa6, 0xff, 0x3f, 0xa6, 0xff, 
  0x3f, 0xae, 0xff, 0x3f, 0xae, 0xff, 0x5f, 0xa6, 0xff, 0x5f, 0xa6, 0xff, 
  0x5f, 0xae, 0xff, 0x3f, 0xae, 0xff, 0x3f, 0xae, 0xff, 0x3f, 0xae, 0xff, 
  0x3f, 0xae, 0xff, 0x3f, 0xae, 0xff, 0x3f, 0xae, 0xff, 0x3f, 0xae, 0xff, 
  0x3f, 0xae, 0xff, 0x3f, 0xb6, 0xff, 0x3f, 0xb6, 0xff, 0x3f, 0xb6, 0xff, 
  0x3f, 0xb6, 0xff, 0x3f, 0xb6, 0xff, 0x3f, 0xb6, 0xff, 0x3f, 0xb6, 0xff, 
  0x3f, 0xb6, 0xff, 0x1f, 0xb6, 0xff, 0x1f, 0xb6, 0xff, 0x3f, 0xb6, 0xff, 
  0x3f, 0xb6, 0xff, 0x3f, 0xb6, 0xff, 0x3f, 0xb6, 0xff, 0x3f, 0xb6, 0xff, 
  0x3f, 0xb6, 0xff, 0x3f, 0xbe, 0xff, 0x1f, 0xbe, 0xff, 0x1f, 0xbe, 0xff, 
  0x1f, 0xbe, 0xff, 0x3f, 0xbe, 0xff, 0x3f, 0xbe, 0xff, 0x3f, 0xbe, 0xff, 
  0x3f, 0xbe, 0xff, 0x3f, 0xbe, 0xff, 0x1f, 0xbe, 0xff, 0x1f, 0xbe, 0xff, 
  0x1f, 0xbe, 0xff, 0x3f, 0xc6, 0xff, 0x3f, 0xc6, 0xff, 0x3f, 0xc6, 0xff, 
  0x3f, 0xc6, 0xff, 0x3f, 0xc6, 0xff, 0x3f, 0xc6, 0xff, 0x3f, 0xc6, 0xff, 
  0x1f, 0xc6, 0xff, 0x1f, 0xc6, 0xff, 0x1f, 0xc6, 0xff, 0x1f, 0xc6, 0xff, 
  0x5f, 0xb5, 0xff, 0x7f, 0xac, 0xff, 0x7f, 0xac, 0xff, 0x7f, 0xac, 0xff, 
  0x7f, 0xac, 0xff, 0x7f, 0xac, 0xff, 0x7f, 0xac, 0xff, 0x7f, 0xac, 0xff, 
  0x7f, 0xac, 0xff, 0x7f, 0xac, 0xff, 0x7f, 0xac, 0xff, 0x7f, 0xac, 0xff, 
  0x7f, 0xac, 0xff, 0x7f, 0xac, 0xff, 0x7f, 0xac, 0xff, 0xdf, 0xb4, 0xff, 
  0xbf, 0xc5, 0x00, 0xdf, 0xe6, 0x00, 0x9f, 0xf7, 0x00, 0xff, 0xff, 0x00, 
  0xff, 0xff, 0x00, 0xff, 0xff, 0x00, 0xff, 0xff, 0x00, 0xff, 0xff, 0x00, 
  0xff, 0xff, 0x00, 0xff, 0xff, 0x00, 0xff, 0xff, 0x00, 0xff, 0xff, 0x00, 
  0xff, 0xff, 0x00, 0xff, 0xff, 0x00, 0xdf, 0xef, 0x00, 0x7f, 0xcf, 0x00, 
  0x1f, 0xa7, 0x00, 0xbf, 0x8e, 0xff, 0xbf, 0x86, 0xff, 0xbf, 0x86, 0xff, 
  0xbf, 0x86, 0xff, 0xbf, 0x86, 0xff, 0x9f, 0x86, 0xff, 0x9f, 0x86, 0xff, 
  0x9f, 0x86, 0xff, 0x9f, 0x8e, 0xff, 0x9f, 0x8e, 0xff, 0x9f, 0x8e, 0xff, 
  0x9f, 0x8e, 0xff, 0x9f, 0x8e, 0xff, 0x9f, 0x8e, 0xff, 0x9f, 0x8e, 0xff, 
  0x7f, 0x8e, 0xff, 0x7f, 0x8e, 0xff, 0x7f, 0x8e, 0xff, 0x7f, 0x8e, 0xff, 
  0x7f, 0x8e, 0xff, 0x7f, 0x8e, 0xff, 0x7f, 0x96, 0xff, 0x7f, 0x96, 0xff, 
  0x7f, 0x96, 0xff, 0x7f, 0x96, 0xff, 0x7f, 0x96, 0xff, 0x7f, 0x96, 0xff, 
  0x7f, 0x96, 0xff, 0x7f, 0x96, 0xff, 0x5f, 0x96, 0xff, 0x5f, 0x96, 0xff, 
  0x5f, 0x9e, 0xff, 0x5f, 0x9e, 0xff, 0x5f, 0x9e, 0xff, 0x7f, 0x96, 0xff, 
  0x7f, 0x96, 0xff, 0x7f, 0x9e, 0xff, 0x5f, 0x9e, 0xff, 0x5f, 0x9e, 0xff, 
  0x5f, 0x9e, 0xff, 0x5f, 0x9e, 0xff, 0x5f, 0x9e, 0xff, 0x5f, 0x9e, 0xff, 
  0x5f, 0x9e, 0xff, 0x5f, 0x9e, 0xff, 0x5f, 0xa6, 0xff, 0x5f, 0xa6, 0xff, 
  0x5f, 0xa6, 0xff, 0x5f, 0xa6, 0xff, 0x5f, 0xa6, 0xff, 0x5f, 0xa6, 0xff, 
  0x5f, 0xa6, 0xff, 0x3f, 0xa6, 0xff, 0x3f, 0xae, 0xff, 0x3f, 0xae, 0xff, 
  0x3f, 0xae, 0xff, 0x5f, 0xa6, 0xff, 0x5f, 0xa6, 0xff, 0x5f, 0xae, 0xff, 
  0x3f, 0xae, 0xff, 0x3f, 0xae, 0xff, 0x3f, 0xae, 0xff, 0x3f, 0xae, 0xff, 
  0x3f, 0xae, 0xff, 0x3f, 0xae, 0xff, 0x3f, 0xae, 0xff, 0x3f, 0xae, 0xff, 
  0x3f, 0xb6, 0xff, 0x3f, 0xb6, 0xff, 0x3f, 0xb6, 0xff, 0x3f, 0xb6, 0xff, 
  0x3f, 0xb6, 0xff, 0x3f, 0xb6, 0xff, 0x3f, 0xb6, 0xff, 0x3f, 0xb6, 0xff, 
  0x3f, 0xb6, 0xff, 0x3f, 0xb6, 0xff, 0x3f, 0xb6, 0xff, 0x3f, 0xb6, 0xff, 
  0x3f, 0xb6, 0xff, 0x3f, 0xb6, 0xff, 0x3f, 0xb6, 0xff, 0x3f, 0xb6, 0xff, 
  0x3f, 0xbe, 0xff, 0x1f, 0xbe, 0xff, 0x1f, 0xbe, 0xff, 0x1f, 0xbe, 0xff, 
  0x3f, 0xbe, 0xff, 0x3f, 0xbe, 0xff, 0x3f, 0xbe, 0xff, 0x3f, 0xbe, 0xff, 
  0x1f, 0xbe, 0xff, 0x1f, 0xbe, 0xff, 0x1f, 0xbe, 0xff, 0x1f, 0xbe, 0xff, 
  0x3f, 0xc6, 0xff, 0x3f, 0xc6, 0xff, 0x3f, 0xc6, 0xff, 0x3f, 0xc6, 0xff, 
  0x3f, 0xc6, 0xff, 0x3f, 0xc6, 0xff, 0x3f, 0xc6, 0xff, 0x1f, 0xc6, 0xff, 
  0x1f, 0xc6, 0xff, 0x1f, 0xc6, 0xff, 0x1f, 0xc6, 0xff, 0x7f, 0xbd, 0xff, 
  0x7f, 0xac, 0xff, 0x7f, 0xac, 0xff, 0x7f, 0xac, 0xff, 0x7f, 0xac, 0xff, 
  0x7f, 0xac, 0xff, 0x7f, 0xac, 0xff, 0x7f, 0xac, 0xff, 0x7f, 0xac, 0xff, 
  0x7f, 0xac, 0xff, 0x7f, 0xac, 0xff, 0x7f, 0xac, 0xff, 0x7f, 0xac, 0xff, 
  0x7f, 0xac, 0xff, 0x7f, 0xac, 0xff, 0x7f, 0xac, 0xff, 0xdf, 0xb4, 0xff, 
  0xdf, 0xcd, 0x00, 0xdf, 0xe6, 0x00, 0x9f, 0xf7, 0x00, 0xff, 0xff, 0x00, 
  0xff, 0xff, 0x00, 0xff, 0xff, 0x00, 0xff, 0xff, 0x00, 0xff, 0xff, 0x00, 
  0xff, 0xff, 0x00, 0xff, 0xff, 0x00, 0xff, 0xff, 0x00, 0xff, 0xff, 0x00, 
  0xff, 0xff, 0x00, 0xff, 0xff, 0x00, 0xdf, 0xef, 0x00, 0x7f, 0xd7, 0x00, 
  0x1f, 0xaf, 0x00, 0xdf, 0x96, 0xff, 0xbf, 0x86, 0xff, 0xbf, 0x86, 0xff, 
  0xbf, 0x86, 0xff, 0x9f, 0x86, 0xff, 0x9f, 0x86, 0xff, 0x9f, 0x86, 0xff, 
  0x9f, 0x8e, 0xff, 0x9f, 0x8e, 0xff, 0x9f, 0x8e, 0xff, 0x9f, 0x8e, 0xff, 
  0x9f, 0x8e, 0xff, 0x9f, 0x8e, 0xff, 0x9f, 0x8e, 0xff, 0x7f, 0x8e, 0xff, 
  0x7f, 0x8e, 0xff, 0x7f, 0x8e, 0xff, 0x7f, 0x8e, 0xff, 0x7f, 0x8e, 0xff, 
  0x7f, 0x8e, 0xff, 0x7f, 0x96, 0xff, 0x7f, 0x96, 0xff, 0x7f, 0x96, 0xff, 
  0x7f, 0x96, 0xff, 0x7f, 0x96, 0xff, 0x7f, 0x96, 0xff, 0x7f, 0x96, 0xff, 
  0x7f, 0x96, 0xff, 0x5f, 0x96, 0xff, 0x5f, 0x96, 0xff, 0x7f, 0x9e, 0xff, 
  0x5f, 0x9e, 0xff, 0x5f, 0x9e, 0xff, 0x7f, 0x96, 0xff, 0x7f, 0x96, 0xff, 
  0x7f, 0x9e, 0xff, 0x5f, 0x9e, 0xff, 0x5f, 0x9e, 0xff, 0x5f, 0x9e, 0xff, 
  0x5f, 0x9e, 0xff, 0x5f, 0x9e, 0xff, 0x5f, 0x9e, 0xff, 0x5f, 0x9e, 0xff, 
  0x5f, 0x9e, 0xff, 0x5f, 0xa6, 0xff, 0x5f, 0xa6, 0xff, 0x5f, 0xa6, 0xff, 
  0x5f, 0xa6, 0xff, 0x5f, 0xa6, 0xff, 0x5f, 0xa6, 0xff, 0x5f, 0xa6, 0xff, 
  0x3f, 0xa6, 0xff, 0x3f, 0xae, 0xff, 0x3f, 0xae, 0xff, 0x3f, 0xae, 0xff, 
  0x5f, 0xa6, 0xff, 0x5f, 0xa6, 0xff, 0x5f, 0xae, 0xff, 0x3f, 0xae, 0xff, 
  0x3f, 0xae, 0xff, 0x3f, 0xae, 0xff, 0x3f, 0xae, 0xff, 0x3f, 0xae, 0xff, 
  0x3f, 0xae, 0xff, 0x3f, 0xae, 0xff, 0x3f, 0xae, 0xff, 0x3f, 0xae, 0xff, 
  0x3f, 0xb6, 0xff, 0x3f, 0xb6, 0xff, 0x3f, 0xb6, 0xff, 0x3f, 0xb6, 0xff, 
  0x3f, 0xb6, 0xff, 0x3f, 0xb6, 0xff, 0x3f, 0xb6, 0xff, 0x3f, 0xb6, 0xff, 
  0x3f, 0xb6, 0xff, 0x3f, 0xb6, 0xff, 0x3f, 0xb6, 0xff, 0x3f, 0xb6, 0xff, 
  0x3f, 0xb6, 0xff, 0x3f, 0xb6, 0xff, 0x3f, 0xb6, 0xff, 0x3f, 0xbe, 0xff, 
  0x1f, 0xbe, 0xff, 0x1f, 0xbe, 0xff, 0x1f, 0xbe, 0xff, 0x3f, 0xbe, 0xff, 
  0x3f, 0xbe, 0xff, 0x3f, 0xbe, 0xff, 0x3f, 0xbe, 0xff, 0x3f, 0xbe, 0xff, 
  0x1f, 0xbe, 0xff, 0x1f, 0xbe, 0xff, 0x1f, 0xbe, 0xff, 0x3f, 0xc6, 0xff, 
  0x3f, 0xc6, 0xff, 0x3f, 0xc6, 0xff, 0x3f, 0xc6, 0xff, 0x3f, 0xc6, 0xff, 
  0x3f, 0xc6, 0xff, 0x3f, 0xc6, 0xff, 0x1f, 0xc6, 0xff, 0x1f, 0xc6, 0xff, 
  0x1f, 0xc6, 0xff, 0x1f, 0xc6, 0xff, 0x7f, 0xbd, 0xff, 0x7f, 0xac, 0xff, 
  0x7f, 0xac, 0xff, 0x7f, 0xac, 0xff, 0x7f, 0xac, 0xff, 0x7f, 0xac, 0xff, 
  0x7f, 0xac, 0xff, 0x7f, 0xac, 0xff, 0x7f, 0xac, 0xff, 0x7f, 0xac, 0xff, 
  0x7f, 0xac, 0xff, 0x7f, 0xac, 0xff, 0x7f, 0xac, 0xff, 0x7f, 0xac, 0xff, 
  0x7f, 0xac, 0xff, 0x7f, 0xac, 0xff, 0x9f, 0xac, 0xff, 0xff, 0xb4, 0xff, 
  0x1f, 0xce, 0x00, 0x1f, 0xe7, 0x00, 0xbf, 0xf7, 0x00, 0xff, 0xff, 0x00, 
  0xff, 0xff, 0x00, 0xff, 0xff, 0x00, 0xff, 0xff, 0x00, 0xff, 0xff, 0x00, 
  0xff, 0xff, 0x00, 0xff, 0xff, 0x00, 0xff, 0xff, 0x00, 0xff, 0xff, 0x00, 
  0xff, 0xff, 0x00, 0xff, 0xff, 0x00, 0xdf, 0xf7, 0x00, 0x9f, 0xdf, 0x00, 
  0x3f, 0xbf, 0x00, 0xdf, 0x9e, 0xff, 0xbf, 0x8e, 0xff, 0xbf, 0x8e, 0xff, 
  0x9f, 0x86, 0xff, 0x9f, 0x86, 0xff, 0x9f, 0x86, 0xff, 0x9f, 0x8e, 0xff, 
  0x9f, 0x8e, 0xff, 0x9f, 0x8e, 0xff, 0x9f, 0x8e, 0xff, 0x9f, 0x8e, 0xff, 
  0x9f, 0x8e, 0xff, 0x9f, 0x8e, 0xff, 0x7f, 0x8e, 0xff, 0x7f, 0x8e, 0xff, 
  0x7f, 0x8e, 0xff, 0x7f, 0x8e, 0xff, 0x7f, 0x8e, 0xff, 0x7f, 0x8e, 0xff, 
  0x7f, 0x96, 0xff, 0x7f, 0x96, 0xff, 0x7f, 0x96, 0xff, 0x7f, 0x96, 0xff, 
  0x7f, 0x96, 0xff, 0x7f, 0x96, 0xff, 0x7f, 0x96, 0xff, 0x7f, 0x96, 0xff, 
  0x5f, 0x96, 0xff, 0x5f, 0x96, 0xff, 0x7f, 0x9e, 0xff, 0x5f, 0x9e, 0xff, 
  0x5f, 0x9e, 0xff, 0x7f, 0x96, 0xff, 0x7f, 0x96, 0xff, 0x7f, 0x9e, 0xff, 
  0x5f, 0x9e, 0xff, 0x5f, 0x9e, 0xff, 0x5f, 0x9e, 0xff, 0x5f, 0x9e, 0xff, 
  0x5f, 0x9e, 0xff, 0x5f, 0x9e, 0xff, 0x5f, 0x9e, 0xff, 0x5f, 0x9e, 0xff, 
  0x5f, 0xa6, 0xff, 0x5f, 0xa6, 0xff, 0x5f, 0xa6, 0xff, 0x5f, 0xa6, 0xff, 
  0x5f, 0xa6, 0xff, 0x5f, 0xa6, 0xff, 0x5f, 0xa6, 0xff, 0x3f, 0xa6, 0xff, 
  0x3f, 0xa6, 0xff, 0x3f, 0xae, 0xff, 0x3f, 0xae, 0xff, 0x5f, 0xa6, 0xff, 
  0x5f, 0xa6, 0xff, 0x5f, 0xae, 0xff, 0x3f, 0xae, 0xff, 0x3f, 0xae, 0xff, 
  0x3f, 0xae, 0xff, 0x3f, 0xae, 0xff, 0x3f, 0xae, 0xff, 0x3f, 0xae, 0xff, 
  0x3f, 0xae, 0xff, 0x3f, 0xae, 0xff, 0x3f, 0xb6, 0xff, 0x3f, 0xb6, 0xff, 
  0x3f, 0xb6, 0xff, 0x3f, 0xb6, 0xff, 0x3f, 0xb6, 0xff, 0x3f, 0xb6, 0xff, 
  0x3f, 0xb6, 0xff, 0x3f, 0xb6, 0xff, 0x3f, 0xb6, 0xff, 0x1f, 0xb6, 0xff, 
  0x3f, 0xb6, 0xff, 0x3f, 0xb6, 0xff, 0x3f, 0xb6, 0xff, 0x3f, 0xb6, 0xff, 
  0x3f, 0xb6, 0xff, 0x3f, 0xb6, 0xff, 0x3f, 0xbe, 0xff, 0x1f, 0xbe, 0xff, 
  0x1f, 0xbe, 0xff, 0x1f, 0xbe, 0xff, 0x3f, 0xbe, 0xff, 0x3f, 0xbe, 0xff, 
  0x3f, 0xbe, 0xff, 0x3f, 0xbe, 0xff, 0x1f, 0xbe, 0xff, 0x1f, 0xbe, 0xff, 
  0x1f, 0xbe, 0xff, 0x1f, 0xbe, 0xff, 0x3f, 0xc6, 0xff, 0x3f, 0xc6, 0xff, 
  0x3f, 0xc6, 0xff, 0x3f, 0xc6, 0xff, 0x3f, 0xc6, 0xff, 0x3f, 0xc6, 0xff, 
  0x3f, 0xc6, 0xff, 0x1f, 0xc6, 0xff, 0x1f, 0xc6, 0xff, 0x1f, 0xc6, 0xff, 
  0x1f, 0xc6, 0xff, 0x9f, 0xbd, 0xff, 0x7f, 0xac, 0xff, 0x7f, 0xac, 0xff, 
  0x7f, 0xac, 0xff, 0x7f, 0xac, 0xff, 0x7f, 0xac, 0xff, 0x7f, 0xac, 0xff, 
  0x7f, 0xac, 0xff, 0x7f, 0xac, 0xff, 0x7f, 0xac, 0xff, 0x7f, 0xac, 0xff, 
  0x7f, 0xac, 0xff, 0x7f, 0xac, 0xff, 0x7f, 0xac, 0xff, 0x7f, 0xac, 0xff, 
  0x7f, 0xac, 0xff, 0x9f, 0xac, 0xff, 0xbf, 0xac, 0xff, 0x5f, 0xbd, 0x00, 
  0x7f, 0xd6, 0x00, 0x5f, 0xef, 0x00, 0xdf, 0xff, 0x00, 0xff, 0xff, 0x00, 
  0xff, 0xff, 0x00, 0xff, 0xff, 0x00, 0xff, 0xff, 0x00, 0xff, 0xff, 0x00, 
  0xff, 0xff, 0x00, 0xff, 0xff, 0x00, 0xff, 0xff, 0x00, 0xff, 0xff, 0x00, 
  0xff, 0xff, 0x00, 0xff, 0xff, 0x00, 0xff, 0xff, 0x00, 0xdf, 0xef, 0x00, 
  0x7f, 0xcf, 0x00, 0x1f, 0xaf, 0x00, 0xdf, 0x9e, 0xff, 0xbf, 0x8e, 0xff, 
  0x9f, 0x8e, 0xff, 0x9f, 0x8e, 0xff, 0x9f, 0x8e, 0xff, 0x9f, 0x8e, 0xff, 
  0x9f, 0x8e, 0xff, 0x9f, 0x8e, 0xff, 0x9f, 0x8e, 0xff, 0x9f, 0x8e, 0xff, 
  0x9f, 0x8e, 0xff, 0x7f, 0x8e, 0xff, 0x7f, 0x8e, 0xff, 0x7f, 0x8e, 0xff, 
  0x7f, 0x8e, 0xff, 0x7f, 0x8e, 0xff, 0x7f, 0x8e, 0xff, 0x7f, 0x96, 0xff, 
  0x7f, 0x96, 0xff, 0x7f, 0x96, 0xff, 0x7f, 0x96, 0xff, 0x7f, 0x96, 0xff, 
  0x7f, 0x96, 0xff, 0x7f, 0x96, 0xff, 0x7f, 0x96, 0xff, 0x7f, 0x96, 0xff, 
  0x7f, 0x96, 0xff, 0x7f, 0x9e, 0xff, 0x5f, 0x9e, 0xff, 0x5f, 0x9e, 0xff, 
  0x7f, 0x9e, 0xff, 0x7f, 0x9e, 0xff, 0x7f, 0x9e, 0xff, 0x5f, 0x9e, 0xff, 
  0x5f, 0x9e, 0xff, 0x5f, 0x9e, 0xff, 0x5f, 0x9e, 0xff, 0x5f, 0x9e, 0xff, 
  0x5f, 0x9e, 0xff, 0x5f, 0x9e, 0xff, 0x5f, 0xa6, 0xff, 0x5f, 0xa6, 0xff, 
  0x5f, 0xa6, 0xff, 0x5f, 0xa6, 0xff, 0x5f, 0xa6, 0xff, 0x5f, 0xa6, 0xff, 
  0x5f, 0xa6, 0xff, 0x5f, 0xa6, 0xff, 0x3f, 0xa6, 0xff, 0x3f, 0xae, 0xff, 
  0x3f, 0xae, 0xff, 0x3f, 0xae, 0xff, 0x3f, 0xae, 0xff, 0x5f, 0xa6, 0xff, 
  0x5f, 0xae, 0xff, 0x3f, 0xae, 0xff, 0x3f, 0xae, 0xff, 0x3f, 0xae, 0xff, 
  0x3f, 0xae, 0xff, 0x3f, 0xae, 0xff, 0x3f, 0xae, 0xff, 0x3f, 0xae, 0xff, 
  0x3f, 0xae, 0xff, 0x3f, 0xb6, 0xff, 0x3f, 0xb6, 0xff, 0x3f, 0xb6, 0xff, 
  0x3f, 0xb6, 0xff, 0x3f, 0xb6, 0xff, 0x3f, 0xb6, 0xff, 0x3f, 0xb6, 0xff, 
  0x3f, 0xb6, 0xff, 0x3f, 0xb6, 0xff, 0x3f, 0xb6, 0xff, 0x3f, 0xb6, 0xff, 
  0x3f, 0xb6, 0xff, 0x3f, 0xb6, 0xff, 0x3f, 0xb6, 0xff, 0x3f, 0xb6, 0xff, 
  0x3f, 0xb6, 0xff, 0x3f, 0xbe, 0xff, 0x1f, 0xbe, 0xff, 0x1f, 0xbe, 0xff, 
  0x1f, 0xbe, 0xff, 0x3f, 0xbe, 0xff, 0x3f, 0xbe, 0xff, 0x3f, 0xbe, 0xff, 
  0x3f, 0xbe, 0xff, 0x3f, 0xbe, 0xff, 0x1f, 0xbe, 0xff, 0x1f, 0xbe, 0xff, 
  0x1f, 0xbe, 0xff, 0x3f, 0xc6, 0xff, 0x3f, 0xc6, 0xff, 0x3f, 0xc6, 0xff, 
  0x3f, 0xc6, 0xff, 0x3f, 0xc6, 0xff, 0x3f, 0xc6, 0xff, 0x3f, 0xc6, 0xff, 
  0x1f, 0xc6, 0xff, 0x1f, 0xc6, 0xff, 0x1f, 0xc6, 0xff, 0x1f, 0xc6, 0xff, 
  0xbf, 0xbd, 0xff, 0x7f, 0xac, 0xff, 0x7f, 0xac, 0xff, 0x7f, 0xac, 0xff, 
  0x7f, 0xac, 0xff, 0x7f, 0xac, 0xff, 0x7f, 0xac, 0xff, 0x7f, 0xac, 0xff, 
  0x7f, 0xac, 0xff, 0x7f, 0xac, 0xff, 0x7f, 0xac, 0xff, 0x7f, 0xac, 0xff, 
  0x7f, 0xac, 0xff, 0x7f, 0xac, 0xff, 0x7f, 0xac, 0xff, 0x7f, 0xac, 0xff, 
  0x9f, 0xac, 0xff, 0xbf, 0xac, 0xff, 0x1f, 0xbd, 0xff, 0xff, 0xcd, 0x00, 
  0xdf, 0xe6, 0x00, 0x9f, 0xf7, 0x00, 0xff, 0xff, 0x00, 0xff, 0xff, 0x00, 
  0xff, 0xff, 0x00, 0xff, 0xff, 0x00, 0xff, 0xff, 0x00, 0xff, 0xff, 0x00, 
  0xff, 0xff, 0x00, 0xff, 0xff, 0x00, 0xff, 0xff, 0x00, 0xff, 0xff, 0x00, 
  0xff, 0xff, 0x00, 0xff, 0xff, 0x00, 0xff, 0xff, 0x00, 0xdf, 0xf7, 0x00, 
  0xbf, 0xe7, 0x00, 0x7f, 0xcf, 0x00, 0x1f, 0xb7, 0x00, 0xff, 0xa6, 0x00, 
  0xdf, 0x9e, 0xff, 0xbf, 0x96, 0xff, 0xbf, 0x96, 0xff, 0xbf, 0x96, 0xff, 
  0xbf, 0x96, 0xff, 0xbf, 0x96, 0xff, 0xbf, 0x96, 0xff, 0xbf, 0x96, 0xff, 
  0xbf, 0x96, 0xff, 0xbf, 0x9e, 0xff, 0xbf, 0x96, 0xff, 0xbf, 0x9e, 0xff, 
  0xbf, 0x9e, 0xff, 0x9f, 0x9e, 0xff, 0x9f, 0x9e, 0xff, 0x9f, 0x9e, 0xff, 
  0x9f, 0x9e, 0xff, 0x9f, 0x9e, 0xff, 0x9f, 0x9e, 0xff, 0x9f, 0x9e, 0xff, 
  0x9f, 0x9e, 0xff, 0x9f, 0xa6, 0xff, 0x9f, 0xa6, 0xff, 0x9f, 0xa6, 0xff, 
  0x9f, 0xa6, 0xff, 0x7f, 0xa6, 0xff, 0x9f, 0xa6, 0xff, 0x9f, 0xa6, 0xff, 
  0x9f, 0xa6, 0xff, 0x9f, 0xa6, 0xff, 0x9f, 0xa6, 0xff, 0x9f, 0xa6, 0x00, 
  0x9f, 0xae, 0x00, 0x9f, 0xae, 0x00, 0x9f, 0xae, 0x00, 0x9f, 0xae, 0x00, 
  0x9f, 0xae, 0x00, 0x7f, 0xae, 0x00, 0x7f, 0xae, 0x00, 0x7f, 0xae, 0x00, 
  0x7f, 0xae, 0x00, 0x7f, 0xae, 0x00, 0x7f, 0xae, 0x00, 0x7f, 0xae, 0x00, 
  0x7f, 0xae, 0x00, 0x7f, 0xae, 0x00, 0x7f, 0xb6, 0x00, 0x7f, 0xb6, 0x00, 
  0x7f, 0xb6, 0x00, 0x7f, 0xb6, 0x00, 0x7f, 0xb6, 0x00, 0x7f, 0xb6, 0x00, 
  0x7f, 0xb6, 0x00, 0x7f, 0xb6, 0x00, 0x7f, 0xb6, 0x00, 0x7f, 0xb6, 0x00, 
  0x7f, 0xb6, 0x00, 0x7f, 0xb6, 0x00, 0x7f, 0xb6, 0x00, 0x7f, 0xbe, 0x00, 
  0x7f, 0xbe, 0x00, 0x7f, 0xbe, 0x00, 0x5f, 0xbe, 0x00, 0x7f, 0xbe, 0x00, 
  0x7f, 0xbe, 0x00, 0x7f, 0xbe, 0x00, 0x5f, 0xbe, 0x00, 0x7f, 0xbe, 0x00, 
  0x5f, 0xbe, 0x00, 0x5f, 0xbe, 0x00, 0x5f, 0xbe, 0x00, 0x5f, 0xbe, 0x00, 
  0x5f, 0xbe, 0x00, 0x5f, 0xbe, 0x00, 0x5f, 0xbe, 0x00, 0x5f, 0xbe, 0x00, 
  0x5f, 0xbe, 0x00, 0x5f, 0xc6, 0x00, 0x5f, 0xc6, 0x00, 0x5f, 0xc6, 0x00, 
  0x5f, 0xc6, 0x00, 0x5f, 0xc6, 0x00, 0x5f, 0xc6, 0x00, 0x5f, 0xc6, 0x00, 
  0x5f, 0xc6, 0x00, 0x5f, 0xc6, 0x00, 0x5f, 0xc6, 0x00, 0x5f, 0xc6, 0x00, 
  0x5f, 0xc6, 0x00, 0x5f, 0xc6, 0x00, 0x5f, 0xc6, 0x00, 0x5f, 0xc6, 0x00, 
  0x5f, 0xc6, 0x00, 0x5f, 0xc6, 0x00, 0x5f, 0xc6, 0x00, 0x5f, 0xce, 0x00, 
  0x5f, 0xce, 0x00, 0x5f, 0xce, 0x00, 0x5f, 0xce, 0x00, 0xff, 0xc5, 0xff, 
  0xdf, 0xb4, 0xff, 0xdf, 0xb4, 0xff, 0xdf, 0xb4, 0xff, 0xdf, 0xb4, 0xff, 
  0xdf, 0xb4, 0xff, 0xdf, 0xb4, 0xff, 0xdf, 0xb4, 0xff, 0xdf, 0xb4, 0xff, 
  0xdf, 0xb4, 0xff, 0xdf, 0xb4, 0xff, 0xdf, 0xb4, 0xff, 0xdf, 0xb4, 0xff, 
  0xdf, 0xb4, 0xff, 0xdf, 0xb4, 0xff, 0xdf, 0xb4, 0xff, 0xff, 0xb4, 0xff, 
  0x1f, 0xbd, 0xff, 0x7f, 0xbd, 0x00, 0xff, 0xcd, 0x00, 0xbf, 0xde, 0x00, 
  0x5f, 0xef, 0x00, 0xdf, 0xff, 0x00, 0xff, 0xff, 0x00, 0xff, 0xff, 0x00, 
  0xff, 0xff, 0x00, 0xff, 0xff, 0x00, 0xff, 0xff, 0x00, 0xff, 0xff, 0x00, 
  0xff, 0xff, 0x00, 0xff, 0xff, 0x00, 0xff, 0xff, 0x00, 0xff, 0xff, 0x00, 
  0xff, 0xff, 0x00, 0xff, 0xff, 0x00, 0xff, 0xff, 0x00, 0xff, 0xff, 0x00, 
  0xdf, 0xf7, 0x00, 0xbf, 0xe7, 0x00, 0x9f, 0xd7, 0x00, 0x5f, 0xc7, 0x00, 
  0x3f, 0xbf, 0x00, 0x1f, 0xbf, 0x00, 0x1f, 0xb7, 0x00, 0x1f, 0xb7, 0x00, 
  0x1f, 0xb7, 0x00, 0x1f, 0xb7, 0x00, 0x1f, 0xb7, 0x00, 0x1f, 0xb7, 0x00, 
  0x1f, 0xb7, 0x00, 0x1f, 0xb7, 0x00, 0x1f, 0xbf, 0x00, 0x1f, 0xbf, 0x00, 
  0x1f, 0xbf, 0x00, 0x1f, 0xbf, 0x00, 0x1f, 0xbf, 0x00, 0x1f, 0xbf, 0x00, 
  0xff, 0xbe, 0x00, 0xff, 0xbe, 0x00, 0x1f, 0xbf, 0x00, 0xff, 0xbe, 0x00, 
  0xff, 0xbe, 0x00, 0xff, 0xbe, 0x00, 0xff, 0xbe, 0x00, 0xff, 0xbe, 0x00, 
  0xff, 0xbe, 0x00, 0xff, 0xbe, 0x00, 0xff, 0xbe, 0x00, 0xff, 0xc6, 0x00, 
  0xff, 0xc6, 0x00, 0xff, 0xc6, 0x00, 0xff, 0xc6, 0x00, 0xff, 0xc6, 0x00, 
  0xff, 0xc6, 0x00, 0xff, 0xc6, 0x00, 0xff, 0xc6, 0x00, 0xff, 0xc6, 0x00, 
  0xff, 0xc6, 0x00, 0xff, 0xc6, 0x00, 0xff, 0xc6, 0x00, 0xff, 0xc6, 0x00, 
  0xff, 0xc6, 0x00, 0xff, 0xc6, 0x00, 0xff, 0xc6, 0x00, 0xff, 0xc6, 0x00, 
  0xdf, 0xc6, 0x00, 0xdf, 0xce, 0x00, 0xdf, 0xce, 0x00, 0xff, 0xce, 0x00, 
  0xff, 0xce, 0x00, 0xff, 0xce, 0x00, 0xdf, 0xce, 0x00, 0xdf, 0xce, 0x00, 
  0xff, 0xce, 0x00, 0xdf, 0xce, 0x00, 0xdf, 0xce, 0x00, 0xff, 0xce, 0x00, 
  0xff, 0xce, 0x00, 0xff, 0xce, 0x00, 0xdf, 0xce, 0x00, 0xdf, 0xce, 0x00, 
  0xdf, 0xce, 0x00, 0xdf, 0xce, 0x00, 0xdf, 0xce, 0x00, 0xdf, 0xce, 0x00, 
  0xdf, 0xce, 0x00, 0xdf, 0xd6, 0x00, 0xdf, 0xce, 0x00, 0xdf, 0xce, 0x00, 
  0xdf, 0xd6, 0x00, 0xdf, 0xd6, 0x00, 0xdf, 0xd6, 0x00, 0xdf, 0xd6, 0x00, 
  0xdf, 0xd6, 0x00, 0xdf, 0xd6, 0x00, 0xdf, 0xd6, 0x00, 0xdf, 0xd6, 0x00, 
  0xdf, 0xd6, 0x00, 0xdf, 0xd6, 0x00, 0xdf, 0xd6, 0x00, 0xdf, 0xd6, 0x00, 
  0xdf, 0xd6, 0x00, 0xdf, 0xd6, 0x00, 0xdf, 0xd6, 0x00, 0xdf, 0xd6, 0x00, 
  0xdf, 0xd6, 0x00, 0xdf, 0xd6, 0x00, 0xdf, 0xd6, 0x00, 0xdf, 0xd6, 0x00, 
  0xdf, 0xd6, 0x00, 0xdf, 0xd6, 0x00, 0xdf, 0xd6, 0x00, 0xdf, 0xde, 0x00, 
  0xdf, 0xde, 0x00, 0xdf, 0xd6, 0x00, 0xdf, 0xde, 0x00, 0xdf, 0xde, 0x00, 
  0xdf, 0xde, 0x00, 0xdf, 0xde, 0x00, 0xbf, 0xd6, 0x00, 0xdf, 0xcd, 0x00, 
  0xdf, 0xcd, 0x00, 0xbf, 0xc5, 0x00, 0xdf, 0xcd, 0x00, 0xbf, 0xc5, 0x00, 
  0xbf, 0xc5, 0x00, 0xbf, 0xc5, 0x00, 0xbf, 0xc5, 0x00, 0xbf, 0xc5, 0x00, 
  0xbf, 0xc5, 0x00, 0xbf, 0xc5, 0x00, 0xbf, 0xc5, 0x00, 0xbf, 0xc5, 0x00, 
  0xbf, 0xc5, 0x00, 0xdf, 0xcd, 0x00, 0xdf, 0xcd, 0x00, 0xff, 0xcd, 0x00, 
  0x1f, 0xd6, 0x00, 0x7f, 0xde, 0x00, 0xff, 0xe6, 0x00, 0x5f, 0xef, 0x00, 
  0xbf, 0xff, 0x00, 0xff, 0xff, 0x00, 0xff, 0xff, 0x00, 0xff, 0xff, 0x00, 
  0xff, 0xff, 0x00, 0xff, 0xff, 0x00, 0xff, 0xff, 0x00, 0xff, 0xff, 0x00, 
  0xff, 0xff, 0x00, 0xff, 0xff, 0x00, 0xff, 0xff, 0x00, 0xff, 0xff, 0x00, 
  0xff, 0xff, 0x00, 0xff, 0xff, 0x00, 0xff, 0xff, 0x00, 0xff, 0xff, 0x00, 
  0xff, 0xff, 0x00, 0xff, 0xf7, 0x00, 0xdf, 0xef, 0x00, 0xbf, 0xe7, 0x00, 
  0x9f, 0xdf, 0x00, 0x9f, 0xdf, 0x00, 0x9f, 0xdf, 0x00, 0x9f, 0xdf, 0x00, 
  0x9f, 0xdf, 0x00, 0x9f, 0xdf, 0x00, 0x7f, 0xdf, 0x00, 0x7f, 0xdf, 0x00, 
  0x7f, 0xdf, 0x00, 0x7f, 0xdf, 0x00, 0x7f, 0xdf, 0x00, 0x7f, 0xdf, 0x00, 
  0x7f, 0xdf, 0x00, 0x7f, 0xdf, 0x00, 0x7f, 0xdf, 0x00, 0x7f, 0xdf, 0x00, 
  0x7f, 0xdf, 0x00, 0x7f, 0xdf, 0x00, 0x7f, 0xdf, 0x00, 0x7f, 0xdf, 0x00, 
  0x7f, 0xdf, 0x00, 0x7f, 0xdf, 0x00, 0x7f, 0xdf, 0x00, 0x7f, 0xdf, 0x00, 
  0x7f, 0xdf, 0x00, 0x7f, 0xdf, 0x00, 0x7f, 0xdf, 0x00, 0x7f, 0xdf, 0x00, 
  0x7f, 0xdf, 0x00, 0x7f, 0xdf, 0x00, 0x7f, 0xdf, 0x00, 0x7f, 0xdf, 0x00, 
  0x7f, 0xdf, 0x00, 0x7f, 0xe7, 0x00, 0x7f, 0xdf, 0x00, 0x7f, 0xdf, 0x00, 
  0x7f, 0xdf, 0x00, 0x7f, 0xe7, 0x00, 0x7f, 0xe7, 0x00, 0x7f, 0xe7, 0x00, 
  0x7f, 0xe7, 0x00, 0x7f, 0xe7, 0x00, 0x7f, 0xe7, 0x00, 0x7f, 0xe7, 0x00, 
  0x7f, 0xe7, 0x00, 0x7f, 0xe7, 0x00, 0x7f, 0xe7, 0x00, 0x7f, 0xe7, 0x00, 
  0x7f, 0xe7, 0x00, 0x7f, 0xe7, 0x00, 0x7f, 0xe7, 0x00, 0x7f, 0xe7, 0x00, 
  0x7f, 0xe7, 0x00, 0x7f, 0xe7, 0x00, 0x7f, 0xe7, 0x00, 0x7f, 0xe7, 0x00, 
  0x7f, 0xe7, 0x00, 0x7f, 0xe7, 0x00, 0x7f, 0xe7, 0x00, 0x5f, 0xe7, 0x00, 
  0x7f, 0xe7, 0x00, 0x7f, 0xe7, 0x00, 0x7f, 0xe7, 0x00, 0x7f, 0xe7, 0x00, 
  0x5f, 0xe7, 0x00, 0x5f, 0xe7, 0x00, 0x5f, 0xe7, 0x00, 0x5f, 0xe7, 0x00, 
  0x5f, 0xe7, 0x00, 0x5f, 0xe7, 0x00, 0x7f, 0xe7, 0x00, 0x7f, 0xef, 0x00, 
  0x5f, 0xe7, 0x00, 0x7f, 0xef, 0x00, 0x7f, 0xef, 0x00, 0x7f, 0xe7, 0x00, 
  0x5f, 0xe7, 0x00, 0x5f, 0xe7, 0x00, 0x7f, 0xef, 0x00, 0x7f, 0xef, 0x00, 
  0x7f, 0xef, 0x00, 0x7f, 0xef, 0x00, 0x7f, 0xef, 0x00, 0x5f, 0xef, 0x00, 
  0x7f, 0xef, 0x00, 0x5f, 0xef, 0x00, 0x5f, 0xef, 0x00, 0x5f, 0xef, 0x00, 
  0x5f, 0xef, 0x00, 0x7f, 0xef, 0x00, 0x5f, 0xef, 0x00, 0x7f, 0xef, 0x00, 
  0x5f, 0xef, 0x00, 0x5f, 0xef, 0x00, 0x5f, 0xef, 0x00, 0x5f, 0xef, 0x00, 
  0x7f, 0xef, 0x00, 0x5f, 0xef, 0x00, 0xdf, 0xe6, 0x00, 0xdf, 0xe6, 0x00, 
  0xdf, 0xe6, 0x00, 0xdf, 0xe6, 0x00, 0xdf, 0xe6, 0x00, 0xdf, 0xe6, 0x00, 
  0xdf, 0xe6, 0x00, 0xdf, 0xe6, 0x00, 0xdf, 0xe6, 0x00, 0xdf, 0xe6, 0x00, 
  0xdf, 0xe6, 0x00, 0xdf, 0xe6, 0x00, 0xdf, 0xe6, 0x00, 0xdf, 0xe6, 0x00, 
  0xdf, 0xe6, 0x00, 0xdf, 0xe6, 0x00, 0xdf, 0xe6, 0x00, 0xff, 0xe6, 0x00, 
  0x1f, 0xef, 0x00, 0x5f, 0xef, 0x00, 0x9f, 0xf7, 0x00, 0xdf, 0xff, 0x00, 
  0xff, 0xff, 0x00, 0xff, 0xff, 0x00, 0xff, 0xff, 0x00, 0xff, 0xff, 0x00, 
  0xff, 0xff, 0x00, 0xff, 0xff, 0x00, 0xff, 0xff, 0x00, 0xff, 0xff, 0x00, 
  0xff, 0xff, 0x00, 0xff, 0xff, 0x00, 0xff, 0xff, 0x00, 0xff, 0xff, 0x00, 
  0xff, 0xff, 0x00, 0xff, 0xff, 0x00, 0xff, 0xff, 0x00, 0xff, 0xff, 0x00, 
  0xff, 0xff, 0x00, 0xff, 0xff, 0x00, 0xff, 0xff, 0x00, 0xff, 0xff, 0x00, 
  0xdf, 0xf7, 0x00, 0xdf, 0xf7, 0x00, 0xdf, 0xf7, 0x00, 0xdf, 0xf7, 0x00, 
  0xdf, 0xf7, 0x00, 0xdf, 0xf7, 0x00, 0xdf, 0xf7, 0x00, 0xdf, 0xf7, 0x00, 
  0xdf, 0xf7, 0x00, 0xdf, 0xf7, 0x00, 0xdf, 0xf7, 0x00, 0xdf, 0xf7, 0x00, 
  0xdf, 0xf7, 0x00, 0xdf, 0xf7, 0x00, 0xdf, 0xf7, 0x00, 0xdf, 0xf7, 0x00, 
  0xdf, 0xf7, 0x00, 0xdf, 0xf7, 0x00, 0xdf, 0xf7, 0x00, 0xdf, 0xf7, 0x00, 
  0xdf, 0xf7, 0x00, 0xdf, 0xf7, 0x00, 0xdf, 0xf7, 0x00, 0xdf, 0xf7, 0x00, 
  0xdf, 0xf7, 0x00, 0xdf, 0xf7, 0x00, 0xdf, 0xf7, 0x00, 0xdf, 0xf7, 0x00, 
  0xdf, 0xf7, 0x00, 0xdf, 0xf7, 0x00, 0xdf, 0xf7, 0x00, 0xdf, 0xf7, 0x00, 
  0xdf, 0xf7, 0x00, 0xdf, 0xf7, 0x00, 0xdf, 0xf7, 0x00, 0xdf, 0xf7, 0x00, 
  0xdf, 0xf7, 0x00, 0xdf, 0xf7, 0x00, 0xdf, 0xf7, 0x00, 0xdf, 0xf7, 0x00, 
  0xdf, 0xf7, 0x00, 0xdf, 0xf7, 0x00, 0xdf, 0xf7, 0x00, 0xdf, 0xf7, 0x00, 
  0xdf, 0xf7, 0x00, 0xdf, 0xf7, 0x00, 0xdf, 0xf7, 0x00, 0xdf, 0xf7, 0x00, 
  0xdf, 0xf7, 0x00, 0xdf, 0xf7, 0x00, 0xdf, 0xf7, 0x00, 0xdf, 0xf7, 0x00, 
  0xdf, 0xf7, 0x00, 0xdf, 0xf7, 0x00, 0xdf, 0xf7, 0x00, 0xdf, 0xf7, 0x00, 
  0xdf, 0xf7, 0x00, 0xdf, 0xf7, 0x00, 0xdf, 0xf7, 0x00, 0xdf, 0xf7, 0x00, 
  0xdf, 0xf7, 0x00, 0xdf, 0xf7, 0x00, 0xdf, 0xf7, 0x00, 0xdf, 0xf7, 0x00, 
  0xdf, 0xf7, 0x00, 0xdf, 0xf7, 0x00, 0xdf, 0xf7, 0x00, 0xdf, 0xf7, 0x00, 
  0xdf, 0xf7, 0x00, 0xdf, 0xf7, 0x00, 0xdf, 0xf7, 0x00, 0xdf, 0xf7, 0x00, 
  0xdf, 0xf7, 0x00, 0xdf, 0xf7, 0x00, 0xdf, 0xf7, 0x00, 0xdf, 0xf7, 0x00, 
  0xdf, 0xf7, 0x00, 0xdf, 0xf7, 0x00, 0xdf, 0xf7, 0x00, 0xdf, 0xf7, 0x00, 
  0xdf, 0xf7, 0x00, 0xdf, 0xf7, 0x00, 0xdf, 0xf7, 0x00, 0xdf, 0xf7, 0x00, 
  0xdf, 0xf7, 0x00, 0xdf, 0xf7, 0x00, 0xdf, 0xff, 0x00, 0xdf, 0xff, 0x00, 
  0xdf, 0xff, 0x00, 0xdf, 0xf7, 0x00, 0xdf, 0xff, 0x00, 0xdf, 0xff, 0x00, 
  0xdf, 0xff, 0x00, 0xdf, 0xff, 0x00, 0xdf, 0xff, 0x00, 0xdf, 0xff, 0x00, 
  0xbf, 0xff, 0x00, 0xbf, 0xf7, 0x00, 0x9f, 0xf7, 0x00, 0x9f, 0xf7, 0x00, 
  0x9f, 0xf7, 0x00, 0x9f, 0xf7, 0x00, 0x9f, 0xf7, 0x00, 0x9f, 0xf7, 0x00, 
  0x9f, 0xf7, 0x00, 0x9f, 0xf7, 0x00, 0x9f, 0xf7, 0x00, 0x9f, 0xf7, 0x00, 
  0x9f, 0xf7, 0x00, 0x9f, 0xf7, 0x00, 0x9f, 0xf7, 0x00, 0x9f, 0xf7, 0x00, 
  0x9f, 0xf7, 0x00, 0x9f, 0xf7, 0x00, 0x9f, 0xf7, 0x00, 0xbf, 0xf7, 0x00, 
  0xbf, 0xff, 0x00, 0xdf, 0xff, 0x00, 0xff, 0xff, 0x00, 0xff, 0xff, 0x00, 
  0xff, 0xff, 0x00, 0xff, 0xff, 0x00, 0xff, 0xff, 0x00, 0xff, 0xff, 0x00, 
  0xff, 0xff, 0x00, 0xff, 0xff, 0x00, 0xff, 0xff, 0x00, 0xff, 0xff, 0x00, 
  0x00, 0x00, 0x00, 0xff, 0xff, 0x00, 0xff, 0xff, 0x00, 0xff, 0xff, 0x00, 
  0xff, 0xff, 0x00, 0xff, 0xff, 0x00, 0xff, 0xff, 0x00, 0xff, 0xff, 0x00, 
  0xff, 0xff, 0x00, 0xff, 0xff, 0x00, 0xff, 0xff, 0x00, 0xff, 0xff, 0x00, 
  0xff, 0xff, 0x00, 0xff, 0xff, 0x00, 0xff, 0xff, 0x00, 0xff, 0xff, 0x00, 
  0xff, 0xff, 0x00, 0xff, 0xff, 0x00, 0xff, 0xff, 0x00, 0xff, 0xff, 0x00, 
  0xff, 0xff, 0x00, 0xff, 0xff, 0x00, 0xff, 0xff, 0x00, 0xff, 0xff, 0x00, 
  0xff, 0xff, 0x00, 0xff, 0xff, 0x00, 0xff, 0xff, 0x00, 0xff, 0xff, 0x00, 
  0xff, 0xff, 0x00, 0xff, 0xff, 0x00, 0xff, 0xff, 0x00, 0xff, 0xff, 0x00, 
  0xff, 0xff, 0x00, 0xff, 0xff, 0x00, 0xff, 0xff, 0x00, 0xff, 0xff, 0x00, 
  0xff, 0xff, 0x00, 0xff, 0xff, 0x00, 0xff, 0xff, 0x00, 0xff, 0xff, 0x00, 
  0xff, 0xff, 0x00, 0xff, 0xff, 0x00, 0xff, 0xff, 0x00, 0xff, 0xff, 0x00, 
  0xff, 0xff, 0x00, 0xff, 0xff, 0x00, 0xff, 0xff, 0x00, 0xff, 0xff, 0x00, 
  0xff, 0xff, 0x00, 0xff, 0xff, 0x00, 0xff, 0xff, 0x00, 0xff, 0xff, 0x00, 
  0xff, 0xff, 0x00, 0xff, 0xff, 0x00, 0xff, 0xff, 0x00, 0xff, 0xff, 0x00, 
  0xff, 0xff, 0x00, 0xff, 0xff, 0x00, 0xff, 0xff, 0x00, 0xff, 0xff, 0x00, 
  0xff, 0xff, 0x00, 0xff, 0xff, 0x00, 0xff, 0xff, 0x00, 0xff, 0xff, 0x00, 
  0xff, 0xff, 0x00, 0xff, 0xff, 0x00, 0xff, 0xff, 0x00, 0xff, 0xff, 0x00, 
  0xff, 0xff, 0x00, 0xff, 0xff, 0x00, 0xff, 0xff, 0x00, 0xff, 0xff, 0x00, 
  0xff, 0xff, 0x00, 0xff, 0xff, 0x00, 0xff, 0xff, 0x00, 0xff, 0xff, 0x00, 
  0xff, 0xff, 0x00, 0xff, 0xff, 0x00, 0xff, 0xff, 0x00, 0xff, 0xff, 0x00, 
  0xff, 0xff, 0x00, 0xff, 0xff, 0x00, 0xff, 0xff, 0x00, 0xff, 0xff, 0x00, 
  0xff, 0xff, 0x00, 0xff, 0xff, 0x00, 0xff, 0xff, 0x00, 0xff, 0xff, 0x00, 
  0xff, 0xff, 0x00, 0xff, 0xff, 0x00, 0xff, 0xff, 0x00, 0xff, 0xff, 0x00, 
  0xff, 0xff, 0x00, 0xff, 0xff, 0x00, 0xff, 0xff, 0x00, 0xff, 0xff, 0x00, 
  0xff, 0xff, 0x00, 0xff, 0xff, 0x00, 0xff, 0xff, 0x00, 0xff, 0xff, 0x00, 
  0xff, 0xff, 0x00, 0xff, 0xff, 0x00, 0xff, 0xff, 0x00, 0xff, 0xff, 0x00, 
  0xff, 0xff, 0x00, 0xff, 0xff, 0x00, 0xff, 0xff, 0x00, 0xff, 0xff, 0x00, 
  0xff, 0xff, 0x00, 0xff, 0xff, 0x00, 0xff, 0xff, 0x00, 0xff, 0xff, 0x00, 
  0xff, 0xff, 0x00, 0xff, 0xff, 0x00, 0xff, 0xff, 0x00, 0xff, 0xff, 0x00, 
  0xff, 0xff, 0x00, 0xff, 0xff, 0x00, 0xff, 0xff, 0x00, 0xff, 0xff, 0x00, 
  0xff, 0xff, 0x00, 0xff, 0xff, 0x00, 0xff, 0xff, 0x00, 0xff, 0xff, 0x00, 
  0xff, 0xff, 0x00, 0xff, 0xff, 0x00, 0xff, 0xff, 0x00, 0xff, 0xff, 0x00, 
  0xff, 0xff, 0x00, 0xff, 0xff, 0x00, 0xff, 0xff, 0x00, 0xff, 0xff, 0x00, 
  0xff, 0xff, 0x00, 0xff, 0xff, 0x00, 0xff, 0xff, 0x00, 0xff, 0xff, 0x00, 
  0xff, 0xff, 0x00, 0xff, 0xff, 0x00, 0xff, 0xff, 0x00, 0xff, 0xff, 0x00, 
  0x00, 0x00, 0x00, 0x00, 0x00, 0x00, 0xff, 0xff, 0x00, 0xff, 0xff, 0x00, 
  0xff, 0xff, 0x00, 0xff, 0xff, 0x00, 0xff, 0xff, 0x00, 0xff, 0xff, 0x00, 
  0xff, 0xff, 0x00, 0xff, 0xff, 0x00, 0xff, 0xff, 0x00, 0xff, 0xff, 0x00, 
  0xff, 0xff, 0x00, 0xff, 0xff, 0x00, 0xff, 0xff, 0x00, 0xff, 0xff, 0x00, 
  0xff, 0xff, 0x00, 0xff, 0xff, 0x00, 0xff, 0xff, 0x00, 0xff, 0xff, 0x00, 
  0xff, 0xff, 0x00, 0xff, 0xff, 0x00, 0xff, 0xff, 0x00, 0xff, 0xff, 0x00, 
  0xff, 0xff, 0x00, 0xff, 0xff, 0x00, 0xff, 0xff, 0x00, 0xff, 0xff, 0x00, 
  0xff, 0xff, 0x00, 0xff, 0xff, 0x00, 0xff, 0xff, 0x00, 0xff, 0xff, 0x00, 
  0xff, 0xff, 0x00, 0xff, 0xff, 0x00, 0xff, 0xff, 0x00, 0xff, 0xff, 0x00, 
  0xff, 0xff, 0x00, 0xff, 0xff, 0x00, 0xff, 0xff, 0x00, 0xff, 0xff, 0x00, 
  0xff, 0xff, 0x00, 0xff, 0xff, 0x00, 0xff, 0xff, 0x00, 0xff, 0xff, 0x00, 
  0xff, 0xff, 0x00, 0xff, 0xff, 0x00, 0xff, 0xff, 0x00, 0xff, 0xff, 0x00, 
  0xff, 0xff, 0x00, 0xff, 0xff, 0x00, 0xff, 0xff, 0x00, 0xff, 0xff, 0x00, 
  0xff, 0xff, 0x00, 0xff, 0xff, 0x00, 0xff, 0xff, 0x00, 0xff, 0xff, 0x00, 
  0xff, 0xff, 0x00, 0xff, 0xff, 0x00, 0xff, 0xff, 0x00, 0xff, 0xff, 0x00, 
  0xff, 0xff, 0x00, 0xff, 0xff, 0x00, 0xff, 0xff, 0x00, 0xff, 0xff, 0x00, 
  0xff, 0xff, 0x00, 0xff, 0xff, 0x00, 0xff, 0xff, 0x00, 0xff, 0xff, 0x00, 
  0xff, 0xff, 0x00, 0xff, 0xff, 0x00, 0xff, 0xff, 0x00, 0xff, 0xff, 0x00, 
  0xff, 0xff, 0x00, 0xff, 0xff, 0x00, 0xff, 0xff, 0x00, 0xff, 0xff, 0x00, 
  0xff, 0xff, 0x00, 0xff, 0xff, 0x00, 0xff, 0xff, 0x00, 0xff, 0xff, 0x00, 
  0xff, 0xff, 0x00, 0xff, 0xff, 0x00, 0xff, 0xff, 0x00, 0xff, 0xff, 0x00, 
  0xff, 0xff, 0x00, 0xff, 0xff, 0x00, 0xff, 0xff, 0x00, 0xff, 0xff, 0x00, 
  0xff, 0xff, 0x00, 0xff, 0xff, 0x00, 0xff, 0xff, 0x00, 0xff, 0xff, 0x00, 
  0xff, 0xff, 0x00, 0xff, 0xff, 0x00, 0xff, 0xff, 0x00, 0xff, 0xff, 0x00, 
  0xff, 0xff, 0x00, 0xff, 0xff, 0x00, 0xff, 0xff, 0x00, 0xff, 0xff, 0x00, 
  0xff, 0xff, 0x00, 0xff, 0xff, 0x00, 0xff, 0xff, 0x00, 0xff, 0xff, 0x00, 
  0xff, 0xff, 0x00, 0xff, 0xff, 0x00, 0xff, 0xff, 0x00, 0xff, 0xff, 0x00, 
  0xff, 0xff, 0x00, 0xff, 0xff, 0x00, 0xff, 0xff, 0x00, 0xff, 0xff, 0x00, 
  0xff, 0xff, 0x00, 0xff, 0xff, 0x00, 0xff, 0xff, 0x00, 0xff, 0xff, 0x00, 
  0xff, 0xff, 0x00, 0xff, 0xff, 0x00, 0xff, 0xff, 0x00, 0xff, 0xff, 0x00, 
  0xff, 0xff, 0x00, 0xff, 0xff, 0x00, 0xff, 0xff, 0x00, 0xff, 0xff, 0x00, 
  0xff, 0xff, 0x00, 0xff, 0xff, 0x00, 0xff, 0xff, 0x00, 0xff, 0xff, 0x00, 
  0xff, 0xff, 0x00, 0xff, 0xff, 0x00, 0xff, 0xff, 0x00, 0xff, 0xff, 0x00, 
  0xff, 0xff, 0x00, 0xff, 0xff, 0x00, 0xff, 0xff, 0x00, 0xff, 0xff, 0x00, 
  0xff, 0xff, 0x00, 0xff, 0xff, 0x00, 0xff, 0xff, 0x00, 0x00, 0x00, 0x00, 
  0x00, 0x00, 0x00, 0x00, 0x00, 0x00, 0xff, 0xff, 0x00, 0xff, 0xff, 0x00, 
  0xff, 0xff, 0x00, 0xff, 0xff, 0x00, 0xff, 0xff, 0x00, 0xff, 0xff, 0x00, 
  0xff, 0xff, 0x00, 0xff, 0xff, 0x00, 0xff, 0xff, 0x00, 0xff, 0xff, 0x00, 
  0xff, 0xff, 0x00, 0xff, 0xff, 0x00, 0xff, 0xff, 0x00, 0xff, 0xff, 0x00, 
  0xff, 0xff, 0x00, 0xff, 0xff, 0x00, 0xff, 0xff, 0x00, 0xff, 0xff, 0x00, 
  0xff, 0xff, 0x00, 0xff, 0xff, 0x00, 0xff, 0xff, 0x00, 0xff, 0xff, 0x00, 
  0xff, 0xff, 0x00, 0xff, 0xff, 0x00, 0xff, 0xff, 0x00, 0xff, 0xff, 0x00, 
  0xff, 0xff, 0x00, 0xff, 0xff, 0x00, 0xff, 0xff, 0x00, 0xff, 0xff, 0x00, 
  0xff, 0xff, 0x00, 0xff, 0xff, 0x00, 0xff, 0xff, 0x00, 0xff, 0xff, 0x00, 
  0xff, 0xff, 0x00, 0xff, 0xff, 0x00, 0xff, 0xff, 0x00, 0xff, 0xff, 0x00, 
  0xff, 0xff, 0x00, 0xff, 0xff, 0x00, 0xff, 0xff, 0x00, 0xff, 0xff, 0x00, 
  0xff, 0xff, 0x00, 0xff, 0xff, 0x00, 0xff, 0xff, 0x00, 0xff, 0xff, 0x00, 
  0xff, 0xff, 0x00, 0xff, 0xff, 0x00, 0xff, 0xff, 0x00, 0xff, 0xff, 0x00, 
  0xff, 0xff, 0x00, 0xff, 0xff, 0x00, 0xff, 0xff, 0x00, 0xff, 0xff, 0x00, 
  0xff, 0xff, 0x00, 0xff, 0xff, 0x00, 0xff, 0xff, 0x00, 0xff, 0xff, 0x00, 
  0xff, 0xff, 0x00, 0xff, 0xff, 0x00, 0xff, 0xff, 0x00, 0xff, 0xff, 0x00, 
  0xff, 0xff, 0x00, 0xff, 0xff, 0x00, 0xff, 0xff, 0x00, 0xff, 0xff, 0x00, 
  0xff, 0xff, 0x00, 0xff, 0xff, 0x00, 0xff, 0xff, 0x00, 0xff, 0xff, 0x00, 
  0xff, 0xff, 0x00, 0xff, 0xff, 0x00, 0xff, 0xff, 0x00, 0xff, 0xff, 0x00, 
  0xff, 0xff, 0x00, 0xff, 0xff, 0x00, 0xff, 0xff, 0x00, 0xff, 0xff, 0x00, 
  0xff, 0xff, 0x00, 0xff, 0xff, 0x00, 0xff, 0xff, 0x00, 0xff, 0xff, 0x00, 
  0xff, 0xff, 0x00, 0xff, 0xff, 0x00, 0xff, 0xff, 0x00, 0xff, 0xff, 0x00, 
  0xff, 0xff, 0x00, 0xff, 0xff, 0x00, 0xff, 0xff, 0x00, 0xff, 0xff, 0x00, 
  0xff, 0xff, 0x00, 0xff, 0xff, 0x00, 0xff, 0xff, 0x00, 0xff, 0xff, 0x00, 
  0xff, 0xff, 0x00, 0xff, 0xff, 0x00, 0xff, 0xff, 0x00, 0xff, 0xff, 0x00, 
  0xff, 0xff, 0x00, 0xff, 0xff, 0x00, 0xff, 0xff, 0x00, 0xff, 0xff, 0x00, 
  0xff, 0xff, 0x00, 0xff, 0xff, 0x00, 0xff, 0xff, 0x00, 0xff, 0xff, 0x00, 
  0xff, 0xff, 0x00, 0xff, 0xff, 0x00, 0xff, 0xff, 0x00, 0xff, 0xff, 0x00, 
  0xff, 0xff, 0x00, 0xff, 0xff, 0x00, 0xff, 0xff, 0x00, 0xff, 0xff, 0x00, 
  0xff, 0xff, 0x00, 0xff, 0xff, 0x00, 0xff, 0xff, 0x00, 0xff, 0xff, 0x00, 
  0xff, 0xff, 0x00, 0xff, 0xff, 0x00, 0xff, 0xff, 0x00, 0xff, 0xff, 0x00, 
  0xff, 0xff, 0x00, 0xff, 0xff, 0x00, 0xff, 0xff, 0x00, 0xff, 0xff, 0x00, 
  0xff, 0xff, 0x00, 0xff, 0xff, 0x00, 0xff, 0xff, 0x00, 0xff, 0xff, 0x00, 
  0xff, 0xff, 0x00, 0xff, 0xff, 0x00, 0xff, 0xff, 0x00, 0xff, 0xff, 0x00, 
  0xff, 0xff, 0x00, 0xff, 0xff, 0x00, 0x00, 0x00, 0x00, 0x00, 0x00, 0x00, 
  
};

const lv_img_dsc_t img_shortnote = {
  .header.cf = LV_IMG_CF_TRUE_COLOR_ALPHA,
  .header.always_zero = 0,
  .header.w = 140,
  .header.h = 88,
  .data_size = 36960,
  .data = img_shortnote_map,
};
