#include "lvgl.h"

/* 原始尺寸: 60x170 */
const uint8_t img_longnotetail_map[] = {
  0x00, 0x00, 0x00, 0x00, 0x00, 0x00, 0x00, 0x00, 0x00, 0x00, 0x00, 0x00, 
  0x00, 0x00, 0x00, 0x00, 0x00, 0x00, 0x00, 0x00, 0x00, 0x00, 0x00, 0x00, 
  0x00, 0x00, 0x00, 0x00, 0x00, 0x00, 0xff, 0xff, 0x00, 0xff, 0xff, 0x00, 
  0xff, 0xff, 0x00, 0xff, 0xff, 0x00, 0xff, 0xff, 0x00, 0xff, 0xff, 0x00, 
  0xff, 0xff, 0x00, 0xff, 0xff, 0x00, 0xff, 0xff, 0x00, 0xff, 0xff, 0x00, 
  0xff, 0xff, 0x00, 0xff, 0xff, 0x00, 0xff, 0xff, 0x00, 0xdf, 0xd7, 0x00, 
  0xdf, 0xd7, 0x00, 0x9e, 0xaf, 0x29, 0x9e, 0xaf, 0x29, 0x9d, 0x97, 0x26, 
  0x9d, 0x97, 0x26, 0x9d, 0x97, 0x26, 0x9d, 0x97, 0x26, 0x9d, 0x97, 0x26, 
  0x9d, 0x97, 0x26, 0x9e, 0xaf, 0x29, 0x9e, 0xaf, 0x29, 0xdf, 0xd7, 0x00, 
  0xdf, 0xd7, 0x00, 0xff, 0xff, 0x00, 0xff, 0xff, 0x00, 0xff, 0xff, 0x00, 
  0xff, 0xff, 0x00, 0xff, 0xff, 0x00, 0xff, 0xff, 0x00, 0xff, 0xff, 0x00, 
  0xff, 0xff, 0x00, 0xff, 0xff, 0x00, 0xff, 0xff, 0x00, 0xff, 0xff, 0x00, 
  0xff, 0xff, 0x00, 0xff, 0xff, 0x00, 0x00, 0x00, 0x00, 0x00, 0x00, 0x00, 
  0x00, 0x00, 0x00, 0x00, 0x00, 0x00, 0x00, 0x00, 0x00, 0x00, 0x00, 0x00, 
  0x00, 0x00, 0x00, 0x00, 0x00, 0x00, 0x00, 0x00, 0x00, 0x00, 0x00, 0x00, 
  0x00, 0x00, 0x00, 0x00, 0x00, 0x00, 0x00, 0x00, 0x00, 0x00, 0x00, 0x00, 
  0x00, 0x00, 0x00, 0x00, 0x00, 0x00, 0x00, 0x00, 0x00, 0x00, 0x00, 0x00, 
  0xff, 0xff, 0x00, 0xff, 0xff, 0x00, 0xff, 0xff, 0x00, 0xff, 0xff, 0x00, 
  0xff, 0xff, 0x00, 0xff, 0xff, 0x00, 0xff, 0xff, 0x00, 0xff, 0xff, 0x00, 
  0xff, 0xff, 0x00, 0xff, 0xff, 0x00, 0xff, 0xff, 0x00, 0xff, 0xff, 0x00, 
  0xdf, 0xd7, 0x00, 0x9e, 0xaf, 0x00, 0x9d, 0x97, 0x00, 0x9d, 0x97, 0x00, 
  0x9d, 0x97, 0x00, 0x9d, 0x97, 0x26, 0x9d, 0x97, 0x26, 0x9d, 0x97, 0x26, 
  0x9d, 0x97, 0x26, 0x9d, 0x97, 0x26, 0x9d, 0x97, 0x26, 0x9d, 0x97, 0x26, 
  0x9d, 0x97, 0x26, 0x9d, 0x97, 0x26, 0x9d, 0x97, 0x26, 0x9d, 0x97, 0x00, 
  0x9d, 0x97, 0x00, 0x9d, 0x97, 0x00, 0x9e, 0xaf, 0x00, 0xdf, 0xd7, 0x00, 
  0xff, 0xff, 0x00, 0xff, 0xff, 0x00, 0xff, 0xff, 0x00, 0xff, 0xff, 0x00, 
  0xff, 0xff, 0x00, 0xff, 0xff, 0x00, 0xff, 0xff, 0x00, 0xff, 0xff, 0x00, 
  0xff, 0xff, 0x00, 0xff, 0xff, 0x00, 0xff, 0xff, 0x00, 0xff, 0xff, 0x00, 
  0x00, 0x00, 0x00, 0x00, 0x00, 0x00, 0x00, 0x00, 0x00, 0x00, 0x00, 0x00, 
  0x00, 0x00, 0x00, 0x00, 0x00, 0x00, 0x00, 0x00, 0x00, 0x00, 0x00, 0x00, 
  0x00, 0x00, 0x00, 0x00, 0x00, 0x00, 0x00, 0x00, 0x00, 0x00, 0x00, 0x00, 
  0x00, 0x00, 0x00, 0x00, 0x00, 0x00, 0x00, 0x00, 0x00, 0xff, 0xff, 0x00, 
  0xff, 0xff, 0x00, 0xff, 0xff, 0x00, 0xff, 0xff, 0x00, 0xff, 0xff, 0x00, 
  0xff, 0xff, 0x00, 0xff, 0xff, 0x00, 0xff, 0xff, 0x00, 0xff, 0xff, 0x00, 
  0xff, 0xff, 0x00, 0xdf, 0xd7, 0x00, 0x9e, 0xaf, 0x00, 0x9d, 0x97, 0x00, 
  0x9d, 0x97, 0x00, 0x9d, 0x97, 0x26, 0x9d, 0x97, 0x26, 0x9d, 0x97, 0x26, 
  0x9d, 0x97, 0x26, 0x9d, 0x97, 0x26, 0x9d, 0x97, 0x26, 0x9d, 0x97, 0x26, 
  0x9d, 0x97, 0x26, 0x9d, 0x97, 0x26, 0x9d, 0x97, 0x26, 0x9d, 0x97, 0x26, 
  0x9d, 0x97, 0x26, 0x9d, 0x97, 0x26, 0x9d, 0x97, 0x26, 0x9d, 0x97, 0x26, 
  0x9d, 0x97, 0x26, 0x9d, 0x97, 0x26, 0x9d, 0x97, 0x26, 0x9d, 0x97, 0x00, 
  0x9d, 0x97, 0x00, 0x9e, 0xaf, 0x00, 0xdf, 0xd7, 0x00, 0xff, 0xff, 0x00, 
  0xff, 0xff, 0x00, 0xff, 0xff, 0x00, 0xff, 0xff, 0x00, 0xff, 0xff, 0x00, 
  0xff, 0xff, 0x00, 0xff, 0xff, 0x00, 0xff, 0xff, 0x00, 0xff, 0xff, 0x00, 
  0xff, 0xff, 0x00, 0x00, 0x00, 0x00, 0x00, 0x00, 0x00, 0x00, 0x00, 0x00, 
  0x00, 0x00, 0x00, 0x00, 0x00, 0x00, 0x00, 0x00, 0x00, 0x00, 0x00, 0x00, 
  0x00, 0x00, 0x00, 0x00, 0x00, 0x00, 0x00, 0x00, 0x00, 0x00, 0x00, 0x00, 
  0x00, 0x00, 0x00, 0x00, 0x00, 0x00, 0xff, 0xff, 0x00, 0xff, 0xff, 0x00, 
  0xff, 0xff, 0x00, 0xff, 0xff, 0x00, 0xff, 0xff, 0x00, 0xff, 0xff, 0x00, 
  0xff, 0xff, 0x00, 0xff, 0xff, 0x00, 0xff, 0xff, 0x00, 0xdf, 0xd7, 0x00, 
  0x9d, 0x97, 0x00, 0x9d, 0x97, 0x00, 0x9d, 0x97, 0x26, 0x9d, 0x97, 0x26, 
  0x9d, 0x97, 0x26, 0x9d, 0x97, 0x26, 0x9d, 0x97, 0x26, 0x9d, 0x97, 0x26, 
  0x9d, 0x97, 0x26, 0x9d, 0x97, 0x26, 0x9d, 0x97, 0x26, 0x9d, 0x97, 0x26, 
  0x9d, 0x97, 0x26, 0x9d, 0x97, 0x26, 0x9d, 0x97, 0x26, 0x9d, 0x97, 0x26, 
  0x9d, 0x97, 0x26, 0x9d, 0x97, 0x26, 0x9d, 0x97, 0x26, 0x9d, 0x97, 0x26, 
  0x9d, 0x97, 0x26, 0x9d, 0x97, 0x26, 0x9d, 0x97, 0x26, 0x9d, 0x97, 0x26, 
  0x9d, 0x97, 0x26, 0x9d, 0x97, 0x26, 0x9d, 0x97, 0x00, 0x9d, 0x97, 0x00, 
  0xdf, 0xd7, 0x00, 0xff, 0xff, 0x00, 0xff, 0xff, 0x00, 0xff, 0xff, 0x00, 
  0xff, 0xff, 0x00, 0xff, 0xff, 0x00, 0xff, 0xff, 0x00, 0xff, 0xff, 0x00, 
  0xff, 0xff, 0x00, 0xff, 0xff, 0x00, 0x00, 0x00, 0x00, 0x00, 0x00, 0x00, 
  0x00, 0x00, 0x00, 0x00, 0x00, 0x00, 0x00, 0x00, 0x00, 0x00, 0x00, 0x00, 
  0x00, 0x00, 0x00, 0x00, 0x00, 0x00, 0x00, 0x00, 0x00, 0x00, 0x00, 0x00, 
  0x00, 0x00, 0x00, 0xff, 0xff, 0x00, 0xff, 0xff, 0x00, 0xff, 0xff, 0x00, 
  0xff, 0xff, 0x00, 0xff, 0xff, 0x00, 0xff, 0xff, 0x00, 0xff, 0xff, 0x00, 
  0xff, 0xff, 0x00, 0xdf, 0xd7, 0x00, 0x9d, 0x97, 0x00, 0x9d, 0x97, 0x00, 
  0x9d, 0x97, 0x26, 0x9d, 0x97, 0x26, 0x9d, 0x97, 0x26, 0x9d, 0x97, 0x26, 
  0x9d, 0x97, 0x26, 0x9d, 0x97, 0x26, 0x9d, 0x97, 0x26, 0x9d, 0x97, 0x26, 
  0x9d, 0x97, 0x26, 0x9d, 0x97, 0x26, 0x9d, 0x97, 0x26, 0x9d, 0x97, 0x26, 
  0x9d, 0x97, 0x26, 0x9d, 0x97, 0x26, 0x9d, 0x97, 0x26, 0x9d, 0x97, 0x26, 
  0x9d, 0x97, 0x26, 0x9d, 0x97, 0x26, 0x9d, 0x97, 0x26, 0x9d, 0x97, 0x26, 
  0x9d, 0x97, 0x26, 0x9d, 0x97, 0x26, 0x9d, 0x97, 0x26, 0x9d, 0x97, 0x26, 
  0x9d, 0x97, 0x26, 0x9d, 0x97, 0x26, 0x9d, 0x97, 0x26, 0x9d, 0x97, 0x26, 
  0x9d, 0x97, 0x00, 0x9d, 0x97, 0x00, 0xdf, 0xd7, 0x00, 0xff, 0xff, 0x00, 
  0xff, 0xff, 0x00, 0xff, 0xff, 0x00, 0xff, 0xff, 0x00, 0xff, 0xff, 0x00, 
  0xff, 0xff, 0x00, 0xff, 0xff, 0x00, 0xff, 0xff, 0x00, 0x00, 0x00, 0x00, 
  0x00, 0x00, 0x00, 0x00, 0x00, 0x00, 0x00, 0x00, 0x00, 0x00, 0x00, 0x00, 
  0x00, 0x00, 0x00, 0x00, 0x00, 0x00, 0x00, 0x00, 0x00, 0x00, 0x00, 0x00, 
  0xff, 0xff, 0x00, 0xff, 0xff, 0x00, 0xff, 0xff, 0x00, 0xff, 0xff, 0x00, 
  0xff, 0xff, 0x00, 0xff, 0xff, 0x00, 0xff, 0xff, 0x00, 0xff, 0xff, 0x00, 
  0x9e, 0xaf, 0x00, 0x9d, 0x97, 0x00, 0x9d, 0x97, 0x26, 0x9d, 0x97, 0x26, 
  0x9d, 0x97, 0x26, 0x9d, 0x97, 0x26, 0x9d, 0x97, 0x26, 0x9d, 0x97, 0x26, 
  0x9d, 0x97, 0x26, 0x9d, 0x97, 0x26, 0x9d, 0x97, 0x26, 0x9d, 0x97, 0x26, 
  0x9d, 0x97, 0x26, 0x9d, 0x97, 0x26, 0x9d, 0x97, 0x26, 0x9d, 0x97, 0x26, 
  0x9d, 0x97, 0x26, 0x9d, 0x97, 0x26, 0x9d, 0x97, 0x26, 0x9d, 0x97, 0x26, 
  0x9d, 0x97, 0x26, 0x9d, 0x97, 0x26, 0x9d, 0x97, 0x26, 0x9d, 0x97, 0x26, 
  0x9d, 0x97, 0x26, 0x9d, 0x97, 0x26, 0x9d, 0x97, 0x26, 0x9d, 0x97, 0x26, 
  0x9d, 0x97, 0x26, 0x9d, 0x97, 0x26, 0x9d, 0x97, 0x26, 0x9d, 0x97, 0x26, 
  0x9d, 0x97, 0x26, 0x9d, 0x97, 0x26, 0x9d, 0x97, 0x00, 0x9e, 0xaf, 0x00, 
  0xff, 0xff, 0x00, 0xff, 0xff, 0x00, 0xff, 0xff, 0x00, 0xff, 0xff, 0x00, 
  0xff, 0xff, 0x00, 0xff, 0xff, 0x00, 0xff, 0xff, 0x00, 0xff, 0xff, 0x00, 
  0x00, 0x00, 0x00, 0x00, 0x00, 0x00, 0x00, 0x00, 0x00, 0x00, 0x00, 0x00, 
  0x00, 0x00, 0x00, 0x00, 0x00, 0x00, 0x00, 0x00, 0x00, 0xff, 0xff, 0x00, 
  0xff, 0xff, 0x00, 0xff, 0xff, 0x00, 0xff, 0xff, 0x00, 0xff, 0xff, 0x00, 
  0xff, 0xff, 0x00, 0xff, 0xff, 0x00, 0xdf, 0xd7, 0x00, 0x9d, 0x97, 0x00, 
  0x9d, 0x97, 0x26, 0x9d, 0x97, 0x26, 0x9d, 0x97, 0x26, 0x9d, 0x97, 0x26, 
  0x9d, 0x97, 0x26, 0x9d, 0x97, 0x26, 0x9d, 0x97, 0x26, 0x9d, 0x97, 0x26, 
  0x9d, 0x97, 0x26, 0x9d, 0x97, 0x26, 0x9d, 0x97, 0x26, 0x9d, 0x97, 0x26, 
  0x9d, 0x97, 0x26, 0x9d, 0x97, 0x26, 0x9d, 0x97, 0x26, 0x9d, 0x97, 0x26, 
  0x9d, 0x97, 0x26, 0x9d, 0x97, 0x26, 0x9d, 0x97, 0x26, 0x9d, 0x97, 0x26, 
  0x9d, 0x97, 0x26, 0x9d, 0x97, 0x26, 0x9d, 0x97, 0x26, 0x9d, 0x97, 0x26, 
  0x9d, 0x97, 0x26, 0x9d, 0x97, 0x26, 0x9d, 0x97, 0x26, 0x9d, 0x97, 0x26, 
  0x9d, 0x97, 0x26, 0x9d, 0x97, 0x26, 0x9d, 0x97, 0x26, 0x9d, 0x97, 0x26, 
  0x9d, 0x97, 0x26, 0x9d, 0x97, 0x26, 0x9d, 0x97, 0x26, 0x9d, 0x97, 0x26, 
  0x9d, 0x97, 0x00, 0xdf, 0xd7, 0x00, 0xff, 0xff, 0x00, 0xff, 0xff, 0x00, 
  0xff, 0xff, 0x00, 0xff, 0xff, 0x00, 0xff, 0xff, 0x00, 0xff, 0xff, 0x00, 
  0xff, 0xff, 0x00, 0x00, 0x00, 0x00, 0x00, 0x00, 0x00, 0x00, 0x00, 0x00, 
  0x00, 0x00, 0x00, 0x00, 0x00, 0x00, 0xff, 0xff, 0x00, 0xff, 0xff, 0x00, 
  0xff, 0xff, 0x00, 0xff, 0xff, 0x00, 0xff, 0xff, 0x00, 0xff, 0xff, 0x00, 
  0xff, 0xff, 0x00, 0xdf, 0xd7, 0x00, 0x9d, 0x97, 0x00, 0x9d, 0x97, 0x26, 
  0x9d, 0x97, 0x26, 0x9d, 0x97, 0x26, 0x9d, 0x97, 0x26, 0x9d, 0x97, 0x26, 
  0x9d, 0x97, 0x26, 0x9d, 0x97, 0x26, 0x9d, 0x97, 0x26, 0x9d, 0x97, 0x26, 
  0x9d, 0x97, 0x26, 0x9d, 0x97, 0x26, 0x9d, 0x97, 0x26, 0x9d, 0x97, 0x26, 
  0x9d, 0x97, 0x26, 0x9d, 0x97, 0x26, 0x9d, 0x97, 0x26, 0x9d, 0x97, 0x26, 
  0x9d, 0x97, 0x26, 0x9d, 0x97, 0x26, 0x9d, 0x97, 0x26, 0x9d, 0x97, 0x26, 
  0x9d, 0x97, 0x26, 0x9d, 0x97, 0x26, 0x9d, 0x97, 0x26, 0x9d, 0x97, 0x26, 
  0x9d, 0x97, 0x26, 0x9d, 0x97, 0x26, 0x9d, 0x97, 0x26, 0x9d, 0x97, 0x26, 
  0x9d, 0x97, 0x26, 0x9d, 0x97, 0x26, 0x9d, 0x97, 0x26, 0x9d, 0x97, 0x26, 
  0x9d, 0x97, 0x26, 0x9d, 0x97, 0x26, 0x9d, 0x97, 0x26, 0x9d, 0x97, 0x26, 
  0x9d, 0x97, 0x26, 0x9d, 0x97, 0x00, 0xdf, 0xd7, 0x00, 0xff, 0xff, 0x00, 
  0xff, 0xff, 0x00, 0xff, 0xff, 0x00, 0xff, 0xff, 0x00, 0xff, 0xff, 0x00, 
  0xff, 0xff, 0x00, 0xff, 0xff, 0x00, 0x00, 0x00, 0x00, 0x00, 0x00, 0x00, 
  0x00, 0x00, 0x00, 0xff, 0xff, 0x00, 0xff, 0xff, 0x00, 0xff, 0xff, 0x00, 
  0xff, 0xff, 0x00, 0xff, 0xff, 0x00, 0xff, 0xff, 0x00, 0xff, 0xff, 0x00, 
  0x9e, 0xaf, 0x00, 0x9d, 0x97, 0x00, 0x9d, 0x97, 0x26, 0x9d, 0x97, 0x26, 
  0x9d, 0x97, 0x26, 0x9d, 0x97, 0x26, 0x9d, 0x97, 0x26, 0x9d, 0x97, 0x26, 
  0x9d, 0x97, 0x26, 0x9d, 0x97, 0x26, 0x9d, 0x97, 0x26, 0x9d, 0x97, 0x26, 
  0x9d, 0x97, 0x26, 0x9d, 0x97, 0x26, 0x9d, 0x97, 0x26, 0x9d, 0x97, 0x26, 
  0x9d, 0x97, 0x26, 0x9d, 0x97, 0x26, 0x9d, 0x97, 0x26, 0x9d, 0x97, 0x26, 
  0x9d, 0x97, 0x26, 0x9d, 0x97, 0x26, 0x9d, 0x97, 0x26, 0x9d, 0x97, 0x26, 
  0x9d, 0x97, 0x26, 0x9d, 0x97, 0x26, 0x9d, 0x97, 0x26, 0x9d, 0x97, 0x26, 
  0x9d, 0x97, 0x26, 0x9d, 0x97, 0x26, 0x9d, 0x97, 0x26, 0x9d, 0x97, 0x26, 
  0x9d, 0x97, 0x26, 0x9d, 0x97, 0x26, 0x9d, 0x97, 0x26, 0x9d, 0x97, 0x26, 
  0x9d, 0x97, 0x26, 0x9d, 0x97, 0x26, 0x9d, 0x97, 0x26, 0x9d, 0x97, 0x26, 
  0x9d, 0x97, 0x26, 0x9d, 0x97, 0x26, 0x9d, 0x97, 0x00, 0x9e, 0xaf, 0x00, 
  0xff, 0xff, 0x00, 0xff, 0xff, 0x00, 0xff, 0xff, 0x00, 0xff, 0xff, 0x00, 
  0xff, 0xff, 0x00, 0xff, 0xff, 0x00, 0xff, 0xff, 0x00, 0x00, 0x00, 0x00, 
  0xff, 0xff, 0x00, 0xff, 0xff, 0x00, 0xff, 0xff, 0x00, 0xff, 0xff, 0x00, 
  0xff, 0xff, 0x00, 0xff, 0xff, 0x00, 0xff, 0xff, 0x00, 0x9e, 0xaf, 0x00, 
  0x9d, 0x97, 0x26, 0x9d, 0x97, 0x26, 0x9d, 0x97, 0x26, 0x9d, 0x97, 0x26, 
  0x9d, 0x97, 0x26, 0x9d, 0x97, 0x26, 0x9d, 0x97, 0x26, 0x9d, 0x97, 0x26, 
  0x9d, 0x97, 0x26, 0x9d, 0x97, 0x26, 0x9d, 0x97, 0x26, 0x9d, 0x97, 0x26, 
  0x9d, 0x97, 0x26, 0x9d, 0x97, 0x26, 0x9d, 0x97, 0x26, 0x9d, 0x97, 0x26, 
  0x9d, 0x97, 0x26, 0x9d, 0x97, 0x26, 0x9d, 0x97, 0x26, 0x9d, 0x97, 0x26, 
  0x9d, 0x97, 0x26, 0x9d, 0x97, 0x26, 0x9d, 0x97, 0x26, 0x9d, 0x97, 0x26, 
  0x9d, 0x97, 0x26, 0x9d, 0x97, 0x26, 0x9d, 0x97, 0x26, 0x9d, 0x97, 0x26, 
  0x9d, 0x97, 0x26, 0x9d, 0x97, 0x26, 0x9d, 0x97, 0x26, 0x9d, 0x97, 0x26, 
  0x9d, 0x97, 0x26, 0x9d, 0x97, 0x26, 0x9d, 0x97, 0x26, 0x9d, 0x97, 0x26, 
  0x9d, 0x97, 0x26, 0x9d, 0x97, 0x26, 0x9d, 0x97, 0x26, 0x9d, 0x97, 0x26, 
  0x9d, 0x97, 0x26, 0x9d, 0x97, 0x26, 0x9d, 0x97, 0x26, 0x9d, 0x97, 0x26, 
  0x9e, 0xaf, 0x00, 0xff, 0xff, 0x00, 0xff, 0xff, 0x00, 0xff, 0xff, 0x00, 
  0xff, 0xff, 0x00, 0xff, 0xff, 0x00, 0xff, 0xff, 0x00, 0xff, 0xff, 0x00, 
  0xff, 0xff, 0x00, 0xff, 0xff, 0x00, 0xff, 0xff, 0x00, 0xff, 0xff, 0x00, 
  0xff, 0xff, 0x00, 0xff, 0xff, 0x00, 0x9e, 0xaf, 0x00, 0x9d, 0x97, 0x26, 
  0x9d, 0x97, 0x26, 0x9d, 0x97, 0x26, 0x9d, 0x97, 0x26, 0x9d, 0x97, 0x26, 
  0x9d, 0x97, 0x26, 0x9d, 0x97, 0x26, 0x9d, 0x97, 0x26, 0x9d, 0x97, 0x26, 
  0x9d, 0x97, 0x26, 0x9d, 0x97, 0x26, 0x9d, 0x97, 0x26, 0x9d, 0x97, 0x26, 
  0x9d, 0x97, 0x26, 0x9d, 0x97, 0x26, 0x9d, 0x97, 0x26, 0x9d, 0x97, 0x26, 
  0x9d, 0x97, 0x26, 0x9d, 0x97, 0x26, 0x9d, 0x97, 0x26, 0x9d, 0x97, 0x26, 
  0x9d, 0x97, 0x26, 0x9d, 0x97, 0x26, 0x9d, 0x97, 0x26, 0x9d, 0x97, 0x26, 
  0x9d, 0x97, 0x26, 0x9d, 0x97, 0x26, 0x9d, 0x97, 0x26, 0x9d, 0x97, 0x26, 
  0x9d, 0x97, 0x26, 0x9d, 0x97, 0x26, 0x9d, 0x97, 0x26, 0x9d, 0x97, 0x26, 
  0x9d, 0x97, 0x26, 0x9d, 0x97, 0x26, 0x9d, 0x97, 0x26, 0x9d, 0x97, 0x26, 
  0x9d, 0x97, 0x26, 0x9d, 0x97, 0x26, 0x9d, 0x97, 0x26, 0x9d, 0x97, 0x26, 
  0x9d, 0x97, 0x26, 0x9d, 0x97, 0x26, 0x9d, 0x97, 0x26, 0x9d, 0x97, 0x26, 
  0x9d, 0x97, 0x26, 0x9e, 0xaf, 0x00, 0xff, 0xff, 0x00, 0xff, 0xff, 0x00, 
  0xff, 0xff, 0x00, 0xff, 0xff, 0x00, 0xff, 0xff, 0x00, 0xff, 0xff, 0x00, 
  0xff, 0xff, 0x00, 0xff, 0xff, 0x00, 0xff, 0xff, 0x00, 0xff, 0xff, 0x00, 
  0xff, 0xff, 0x00, 0xdf, 0xd7, 0x00, 0x9d, 0x97, 0x00, 0x9d, 0x97, 0x26, 
  0x9d, 0x97, 0x26, 0x9d, 0x97, 0x26, 0x9d, 0x97, 0x26, 0x9d, 0x97, 0x26, 
  0x9d, 0x97, 0x26, 0x9d, 0x97, 0x26, 0x9d, 0x97, 0x26, 0x9d, 0x97, 0x26, 
  0x9d, 0x97, 0x26, 0x9d, 0x97, 0x26, 0x9d, 0x97, 0x26, 0x9d, 0x97, 0x26, 
  0x9d, 0x97, 0x26, 0x9d, 0x97, 0x26, 0x9d, 0x97, 0x26, 0x9d, 0x97, 0x26, 
  0x9d, 0x97, 0x26, 0x9d, 0x97, 0x26, 0x9d, 0x97, 0x26, 0x9d, 0x97, 0x26, 
  0x9d, 0x97, 0x26, 0x9d, 0x97, 0x26, 0x9d, 0x97, 0x26, 0x9d, 0x97, 0x26, 
  0x9d, 0x97, 0x26, 0x9d, 0x97, 0x26, 0x9d, 0x97, 0x26, 0x9d, 0x97, 0x26, 
  0x9d, 0x97, 0x26, 0x9d, 0x97, 0x26, 0x9d, 0x97, 0x26, 0x9d, 0x97, 0x26, 
  0x9d, 0x97, 0x26, 0x9d, 0x97, 0x26, 0x9d, 0x97, 0x26, 0x9d, 0x97, 0x26, 
  0x9d, 0x97, 0x26, 0x9d, 0x97, 0x26, 0x9d, 0x97, 0x26, 0x9d, 0x97, 0x26, 
  0x9d, 0x97, 0x26, 0x9d, 0x97, 0x26, 0x9d, 0x97, 0x26, 0x9d, 0x97, 0x26, 
  0x9d, 0x97, 0x26, 0x9d, 0x97, 0x00, 0xdf, 0xd7, 0x00, 0xff, 0xff, 0x00, 
  0xff, 0xff, 0x00, 0xff, 0xff, 0x00, 0xff, 0xff, 0x00, 0xff, 0xff, 0x00, 
  0xff, 0xff, 0x00, 0xff, 0xff, 0x00, 0xff, 0xff, 0x00, 0xff, 0xff, 0x00, 
  0xdf, 0xd7, 0x00, 0x9d, 0x97, 0x00, 0x9d, 0x97, 0x26, 0x9d, 0x97, 0x26, 
  0x9d, 0x97, 0x26, 0x9d, 0x97, 0x26, 0x9d, 0x97, 0x26, 0x9d, 0x97, 0x26, 
  0x9d, 0x97, 0x26, 0x9d, 0x97, 0x26, 0x9d, 0x97, 0x26, 0x9d, 0x97, 0x26, 
  0x9d, 0x97, 0x26, 0x9d, 0x97, 0x26, 0x9d, 0x97, 0x26, 0x9d, 0x97, 0x26, 
  0x9d, 0x97, 0x26, 0x9d, 0x97, 0x26, 0x9d, 0x97, 0x26, 0x9d, 0x97, 0x26, 
  0x9d, 0x97, 0x26, 0x9d, 0x97, 0x26, 0x9d, 0x97, 0x26, 0x9d, 0x97, 0x26, 
  0x9d, 0x97, 0x26, 0x9d, 0x97, 0x26, 0x9d, 0x97, 0x26, 0x9d, 0x97, 0x26, 
  0x9d, 0x97, 0x26, 0x9d, 0x97, 0x26, 0x9d, 0x97, 0x26, 0x9d, 0x97, 0x26, 
  0x9d, 0x97, 0x26, 0x9d, 0x97, 0x26, 0x9d, 0x97, 0x26, 0x9d, 0x97, 0x26, 
  0x9d, 0x97, 0x26, 0x9d, 0x97, 0x26, 0x9d, 0x97, 0x26, 0x9d, 0x97, 0x26, 
  0x9d, 0x97, 0x26, 0x9d, 0x97, 0x26, 0x9d, 0x97, 0x26, 0x9d, 0x97, 0x26, 
  0x9d, 0x97, 0x26, 0x9d, 0x97, 0x26, 0x9d, 0x97, 0x26, 0x9d, 0x97, 0x26, 
  0x9d, 0x97, 0x26, 0x9d, 0x97, 0x26, 0x9d, 0x97, 0x00, 0xdf, 0xd7, 0x00, 
  0xff, 0xff, 0x00, 0xff, 0xff, 0x00, 0xff, 0xff, 0x00, 0xff, 0xff, 0x00, 
  0xff, 0xff, 0x00, 0xff, 0xff, 0x00, 0xff, 0xff, 0x00, 0xff, 0xff, 0x00, 
  0x9d, 0x97, 0x00, 0x9d, 0x97, 0x26, 0x9d, 0x97, 0x26, 0x9d, 0x97, 0x26, 
  0x9d, 0x97, 0x26, 0x9d, 0x97, 0x26, 0x9d, 0x97, 0x26, 0x9d, 0x97, 0x26, 
  0x9d, 0x97, 0x26, 0x9d, 0x97, 0x26, 0x9d, 0x97, 0x26, 0x9d, 0x97, 0x26, 
  0x9d, 0x97, 0x26, 0x9d, 0x97, 0x26, 0x9d, 0x97, 0x26, 0x9d, 0x97, 0x26, 
  0x9d, 0x97, 0x26, 0x9d, 0x97, 0x26, 0x9d, 0x97, 0x26, 0x9d, 0x97, 0x26, 
  0x9d, 0x97, 0x26, 0x9d, 0x97, 0x26, 0x9d, 0x97, 0x26, 0x9d, 0x97, 0x26, 
  0x9d, 0x97, 0x26, 0x9d, 0x97, 0x26, 0x9d, 0x97, 0x26, 0x9d, 0x97, 0x26, 
  0x9d, 0x97, 0x26, 0x9d, 0x97, 0x26, 0x9d, 0x97, 0x26, 0x9d, 0x97, 0x26, 
  0x9d, 0x97, 0x26, 0x9d, 0x97, 0x26, 0x9d, 0x97, 0x26, 0x9d, 0x97, 0x26, 
  0x9d, 0x97, 0x26, 0x9d, 0x97, 0x26, 0x9d, 0x97, 0x26, 0x9d, 0x97, 0x26, 
  0x9d, 0x97, 0x26, 0x9d, 0x97, 0x26, 0x9d, 0x97, 0x26, 0x9d, 0x97, 0x26, 
  0x9d, 0x97, 0x26, 0x9d, 0x97, 0x26, 0x9d, 0x97, 0x26, 0x9d, 0x97, 0x26, 
  0x9d, 0x97, 0x26, 0x9d, 0x97, 0x26, 0x9d, 0x97, 0x26, 0x9d, 0x97, 0x00, 
  0xff, 0xff, 0x00, 0xff, 0xff, 0x00, 0xff, 0xff, 0x00, 0xff, 0xff, 0x00, 
  0xff, 0xff, 0x00, 0xff, 0xff, 0x00, 0xff, 0xff, 0x00, 0x9e, 0xaf, 0x00, 
  0x9d, 0x97, 0x26, 0x9d, 0x97, 0x26, 0x9d, 0x97, 0x26, 0x9d, 0x97, 0x26, 
  0x9d, 0x97, 0x26, 0x9d, 0x97, 0x26, 0x9d, 0x97, 0x26, 0x9d, 0x97, 0x26, 
  0x9d, 0x97, 0x26, 0x9d, 0x97, 0x26, 0x9d, 0x97, 0x26, 0x9d, 0x97, 0x26, 
  0x9d, 0x97, 0x26, 0x9d, 0x97, 0x26, 0x9d, 0x97, 0x26, 0x9d, 0x97, 0x26, 
  0x9d, 0x97, 0x26, 0x9d, 0x97, 0x26, 0x9d, 0x97, 0x26, 0x9d, 0x97, 0x26, 
  0x9d, 0x97, 0x26, 0x9d, 0x97, 0x26, 0x9d, 0x97, 0x26, 0x9d, 0x97, 0x26, 
  0x9d, 0x97, 0x26, 0x9d, 0x97, 0x26, 0x9d, 0x97, 0x26, 0x9d, 0x97, 0x26, 
  0x9d, 0x97, 0x26, 0x9d, 0x97, 0x26, 0x9d, 0x97, 0x26, 0x9d, 0x97, 0x26, 
  0x9d, 0x97, 0x26, 0x9d, 0x97, 0x26, 0x9d, 0x97, 0x26, 0x9d, 0x97, 0x26, 
  0x9d, 0x97, 0x26, 0x9d, 0x97, 0x26, 0x9d, 0x97, 0x26, 0x9d, 0x97, 0x26, 
  0x9d, 0x97, 0x26, 0x9d, 0x97, 0x26, 0x9d, 0x97, 0x26, 0x9d, 0x97, 0x26, 
  0x9d, 0x97, 0x26, 0x9d, 0x97, 0x26, 0x9d, 0x97, 0x26, 0x9d, 0x97, 0x26, 
  0x9d, 0x97, 0x26, 0x9d, 0x97, 0x26, 0x9d, 0x97, 0x26, 0x9d, 0x97, 0x26, 
  0x9e, 0xaf, 0x00, 0xff, 0xff, 0x00, 0xff, 0xff, 0x00, 0xff, 0xff, 0x00, 
  0xff, 0xff, 0x00, 0xff, 0xff, 0x00, 0xdf, 0xd7, 0x00, 0x9d, 0x97, 0x00, 
  0x9d, 0x97, 0x26, 0x9d, 0x97, 0x26, 0x9d, 0x97, 0x26, 0x9d, 0x97, 0x26, 
  0x9d, 0x97, 0x26, 0x9d, 0x97, 0x26, 0x9d, 0x97, 0x26, 0x9d, 0x97, 0x26, 
  0x9d, 0x97, 0x26, 0x9d, 0x97, 0x26, 0x9d, 0x97, 0x26, 0x9d, 0x97, 0x26, 
  0x9d, 0x97, 0x26, 0x9d, 0x97, 0x26, 0x9d, 0x97, 0x26, 0x9d, 0x97, 0x26, 
  0x9d, 0x97, 0x26, 0x9d, 0x97, 0x26, 0x9d, 0x97, 0x26, 0x9d, 0x97, 0x26, 
  0x9d, 0x97, 0x26, 0x9d, 0x97, 0x26, 0x9d, 0x97, 0x26, 0x9d, 0x97, 0x26, 
  0x9d, 0x97, 0x26, 0x9d, 0x97, 0x26, 0x9d, 0x97, 0x26, 0x9d, 0x97, 0x26, 
  0x9d, 0x97, 0x26, 0x9d, 0x97, 0x26, 0x9d, 0x97, 0x26, 0x9d, 0x97, 0x26, 
  0x9d, 0x97, 0x26, 0x9d, 0x97, 0x26, 0x9d, 0x97, 0x26, 0x9d, 0x97, 0x26, 
  0x9d, 0x97, 0x26, 0x9d, 0x97, 0x26, 0x9d, 0x97, 0x26, 0x9d, 0x97, 0x26, 
  0x9d, 0x97, 0x26, 0x9d, 0x97, 0x26, 0x9d, 0x97, 0x26, 0x9d, 0x97, 0x26, 
  0x9d, 0x97, 0x26, 0x9d, 0x97, 0x26, 0x9d, 0x97, 0x26, 0x9d, 0x97, 0x26, 
  0x9d, 0x97, 0x26, 0x9d, 0x97, 0x26, 0x9d, 0x97, 0x26, 0x9d, 0x97, 0x26, 
  0x9d, 0x97, 0x00, 0xdf, 0xd7, 0x00, 0xff, 0xff, 0x00, 0xff, 0xff, 0x00, 
  0xff, 0xff, 0x00, 0xff, 0xff, 0x00, 0x9d, 0x97, 0x00, 0x9d, 0x97, 0x26, 
  0x9d, 0x97, 0x26, 0x9d, 0x97, 0x26, 0x9d, 0x97, 0x26, 0x9d, 0x97, 0x26, 
  0x9d, 0x97, 0x26, 0x9d, 0x97, 0x26, 0x9d, 0x97, 0x26, 0x9d, 0x97, 0x26, 
  0x9d, 0x97, 0x26, 0x9d, 0x97, 0x26, 0x9d, 0x97, 0x26, 0x9d, 0x97, 0x26, 
  0x9d, 0x97, 0x26, 0x9d, 0x97, 0x26, 0x9d, 0x97, 0x26, 0x9d, 0x97, 0x26, 
  0x9d, 0x97, 0x26, 0x9d, 0x97, 0x26, 0x9d, 0x97, 0x26, 0x9d, 0x97, 0x26, 
  0x9d, 0x97, 0x26, 0x9d, 0x97, 0x26, 0x9d, 0x97, 0x26, 0x9d, 0x97, 0x26, 
  0x9d, 0x97, 0x26, 0x9d, 0x97, 0x26, 0x9d, 0x97, 0x26, 0x9d, 0x97, 0x26, 
  0x9d, 0x97, 0x26, 0x9d, 0x97, 0x26, 0x9d, 0x97, 0x26, 0x9d, 0x97, 0x26, 
  0x9d, 0x97, 0x26, 0x9d, 0x97, 0x26, 0x9d, 0x97, 0x26, 0x9d, 0x97, 0x26, 
  0x9d, 0x97, 0x26, 0x9d, 0x97, 0x26, 0x9d, 0x97, 0x26, 0x9d, 0x97, 0x26, 
  0x9d, 0x97, 0x26, 0x9d, 0x97, 0x26, 0x9d, 0x97, 0x26, 0x9d, 0x97, 0x26, 
  0x9d, 0x97, 0x26, 0x9d, 0x97, 0x26, 0x9d, 0x97, 0x26, 0x9d, 0x97, 0x26, 
  0x9d, 0x97, 0x26, 0x9d, 0x97, 0x26, 0x9d, 0x97, 0x26, 0x9d, 0x97, 0x26, 
  0x9d, 0x97, 0x26, 0x9d, 0x97, 0x00, 0xff, 0xff, 0x00, 0xff, 0xff, 0x00, 
  0xff, 0xff, 0x00, 0xdf, 0xd7, 0x00, 0x9d, 0x97, 0x00, 0x9d, 0x97, 0x26, 
  0x9d, 0x97, 0x26, 0x9d, 0x97, 0x26, 0x9d, 0x97, 0x26, 0x9d, 0x97, 0x26, 
  0x9d, 0x97, 0x26, 0x9d, 0x97, 0x26, 0x9d, 0x97, 0x26, 0x9d, 0x97, 0x26, 
  0x9d, 0x97, 0x26, 0x9d, 0x97, 0x26, 0x9d, 0x97, 0x26, 0x9d, 0x97, 0x26, 
  0x9d, 0x97, 0x26, 0x9d, 0x97, 0x26, 0x9d, 0x97, 0x26, 0x9d, 0x97, 0x26, 
  0x9d, 0x97, 0x26, 0x9d, 0x97, 0x26, 0x9d, 0x97, 0x26, 0x9d, 0x97, 0x26, 
  0x9d, 0x97, 0x26, 0x9d, 0x97, 0x26, 0x9d, 0x97, 0x26, 0x9d, 0x97, 0x26, 
  0x9d, 0x97, 0x26, 0x9d, 0x97, 0x26, 0x9d, 0x97, 0x26, 0x9d, 0x97, 0x26, 
  0x9d, 0x97, 0x26, 0x9d, 0x97, 0x26, 0x9d, 0x97, 0x26, 0x9d, 0x97, 0x26, 
  0x9d, 0x97, 0x26, 0x9d, 0x97, 0x26, 0x9d, 0x97, 0x26, 0x9d, 0x97, 0x26, 
  0x9d, 0x97, 0x26, 0x9d, 0x97, 0x26, 0x9d, 0x97, 0x26, 0x9d, 0x97, 0x26, 
  0x9d, 0x97, 0x26, 0x9d, 0x97, 0x26, 0x9d, 0x97, 0x26, 0x9d, 0x97, 0x26, 
  0x9d, 0x97, 0x26, 0x9d, 0x97, 0x26, 0x9d, 0x97, 0x26, 0x9d, 0x97, 0x26, 
  0x9d, 0x97, 0x26, 0x9d, 0x97, 0x26, 0x9d, 0x97, 0x26, 0x9d, 0x97, 0x26, 
  0x9d, 0x97, 0x26, 0x9d, 0x97, 0x00, 0xdf, 0xd7, 0x00, 0xff, 0xff, 0x00, 
  0xff, 0xff, 0x00, 0x9d, 0x97, 0x00, 0x9d, 0x97, 0x26, 0x9d, 0x97, 0x26, 
  0x9d, 0x97, 0x26, 0x9d, 0x97, 0x26, 0x9d, 0x97, 0x26, 0x9d, 0x97, 0x26, 
  0x9d, 0x97, 0x26, 0x9d, 0x97, 0x26, 0x9d, 0x97, 0x26, 0x9d, 0x97, 0x26, 
  0x9d, 0x97, 0x26, 0x9d, 0x97, 0x26, 0x9d, 0x97, 0x26, 0x9d, 0x97, 0x26, 
  0x9d, 0x97, 0x26, 0x9d, 0x97, 0x26, 0x9d, 0x97, 0x26, 0x9d, 0x97, 0x26, 
  0x9d, 0x97, 0x26, 0x9d, 0x97, 0x26, 0x9d, 0x97, 0x26, 0x9d, 0x97, 0x26, 
  0x9d, 0x97, 0x26, 0x9d, 0x97, 0x26, 0x9d, 0x97, 0x26, 0x9d, 0x97, 0x26, 
  0x9d, 0x97, 0x26, 0x9d, 0x97, 0x26, 0x9d, 0x97, 0x26, 0x9d, 0x97, 0x26, 
  0x9d, 0x97, 0x26, 0x9d, 0x97, 0x26, 0x9d, 0x97, 0x26, 0x9d, 0x97, 0x26, 
  0x9d, 0x97, 0x26, 0x9d, 0x97, 0x26, 0x9d, 0x97, 0x26, 0x9d, 0x97, 0x26, 
  0x9d, 0x97, 0x26, 0x9d, 0x97, 0x26, 0x9d, 0x97, 0x26, 0x9d, 0x97, 0x26, 
  0x9d, 0x97, 0x26, 0x9d, 0x97, 0x26, 0x9d, 0x97, 0x26, 0x9d, 0x97, 0x26, 
  0x9d, 0x97, 0x26, 0x9d, 0x97, 0x26, 0x9d, 0x97, 0x26, 0x9d, 0x97, 0x26, 
  0x9d, 0x97, 0x26, 0x9d, 0x97, 0x26, 0x9d, 0x97, 0x26, 0x9d, 0x97, 0x26, 
  0x9d, 0x97, 0x26, 0x9d, 0x97, 0x26, 0x9d, 0x97, 0x00, 0xff, 0xff, 0x00, 
  0xdf, 0xd7, 0x00, 0x9d, 0x97, 0x00, 0x9d, 0x97, 0x26, 0x9d, 0x97, 0x26, 
  0x9d, 0x97, 0x26, 0x9d, 0x97, 0x26, 0x9d, 0x97, 0x26, 0x9d, 0x97, 0x26, 
  0x9d, 0x97, 0x26, 0x9d, 0x97, 0x26, 0x9d, 0x97, 0x26, 0x9d, 0x97, 0x26, 
  0x9d, 0x97, 0x26, 0x9d, 0x97, 0x26, 0x9d, 0x97, 0x26, 0x9d, 0x97, 0x26, 
  0x9d, 0x97, 0x26, 0x9d, 0x97, 0x26, 0x9d, 0x97, 0x26, 0x9d, 0x97, 0x26, 
  0x9d, 0x97, 0x26, 0x9d, 0x97, 0x26, 0x9d, 0x97, 0x26, 0x9d, 0x97, 0x26, 
  0x9d, 0x97, 0x26, 0x9d, 0x97, 0x26, 0x9d, 0x97, 0x26, 0x9d, 0x97, 0x26, 
  0x9d, 0x97, 0x26, 0x9d, 0x97, 0x26, 0x9d, 0x97, 0x26, 0x9d, 0x97, 0x26, 
  0x9d, 0x97, 0x26, 0x9d, 0x97, 0x26, 0x9d, 0x97, 0x26, 0x9d, 0x97, 0x26, 
  0x9d, 0x97, 0x26, 0x9d, 0x97, 0x26, 0x9d, 0x97, 0x26, 0x9d, 0x97, 0x26, 
  0x9d, 0x97, 0x26, 0x9d, 0x97, 0x26, 0x9d, 0x97, 0x26, 0x9d, 0x97, 0x26, 
  0x9d, 0x97, 0x26, 0x9d, 0x97, 0x26, 0x9d, 0x97, 0x26, 0x9d, 0x97, 0x26, 
  0x9d, 0x97, 0x26, 0x9d, 0x97, 0x26, 0x9d, 0x97, 0x26, 0x9d, 0x97, 0x26, 
  0x9d, 0x97, 0x26, 0x9d, 0x97, 0x26, 0x9d, 0x97, 0x26, 0x9d, 0x97, 0x26, 
  0x9d, 0x97, 0x26, 0x9d, 0x97, 0x26, 0x9d, 0x97, 0x00, 0xdf, 0xd7, 0x00, 
  0x9e, 0xaf, 0x29, 0x9d, 0x97, 0x26, 0x9d, 0x97, 0x26, 0x9d, 0x97, 0x26, 
  0x9d, 0x97, 0x26, 0x9d, 0x97, 0x26, 0x9d, 0x97, 0x26, 0x9d, 0x97, 0x26, 
  0x9d, 0x97, 0x26, 0x9d, 0x97, 0x26, 0x9d, 0x97, 0x26, 0x9d, 0x97, 0x26, 
  0x9d, 0x97, 0x26, 0x9d, 0x97, 0x26, 0x9d, 0x97, 0x26, 0x9d, 0x97, 0x26, 
  0x9d, 0x97, 0x26, 0x9d, 0x97, 0x26, 0x9d, 0x97, 0x26, 0x9d, 0x97, 0x26, 
  0x9d, 0x97, 0x26, 0x9d, 0x97, 0x26, 0x9d, 0x97, 0x26, 0x9d, 0x97, 0x26, 
  0x9d, 0x97, 0x26, 0x9d, 0x97, 0x26, 0x9d, 0x97, 0x26, 0x9d, 0x97, 0x26, 
  0x9d, 0x97, 0x26, 0x9d, 0x97, 0x26, 0x9d, 0x97, 0x26, 0x9d, 0x97, 0x26, 
  0x9d, 0x97, 0x26, 0x9d, 0x97, 0x26, 0x9d, 0x97, 0x26, 0x9d, 0x97, 0x26, 
  0x9d, 0x97, 0x26, 0x9d, 0x97, 0x26, 0x9d, 0x97, 0x26, 0x9d, 0x97, 0x26, 
  0x9d, 0x97, 0x26, 0x9d, 0x97, 0x26, 0x9d, 0x97, 0x26, 0x9d, 0x97, 0x26, 
  0x9d, 0x97, 0x26, 0x9d, 0x97, 0x26, 0x9d, 0x97, 0x26, 0x9d, 0x97, 0x26, 
  0x9d, 0x97, 0x26, 0x9d, 0x97, 0x26, 0x9d, 0x97, 0x26, 0x9d, 0x97, 0x26, 
  0x9d, 0x97, 0x26, 0x9d, 0x97, 0x26, 0x9d, 0x97, 0x26, 0x9d, 0x97, 0x26, 
  0x9d, 0x97, 0x26, 0x9d, 0x97, 0x26, 0x9d, 0x97, 0x26, 0x9e, 0xaf, 0x29, 
  0x9d, 0x97, 0x26, 0x9d, 0x97, 0x26, 0x9d, 0x97, 0x26, 0x9d, 0x97, 0x26, 
  0x9d, 0x97, 0x26, 0x9d, 0x97, 0x26, 0x9d, 0x97, 0x26, 0x9d, 0x97, 0x26, 
  0x9d, 0x97, 0x26, 0x9d, 0x97, 0x26, 0x9d, 0x97, 0x26, 0x9d, 0x97, 0x26, 
  0x9d, 0x97, 0x26, 0x9d, 0x97, 0x26, 0x9d, 0x97, 0x26, 0x9d, 0x97, 0x26, 
  0x9d, 0x97, 0x26, 0x9d, 0x97, 0x26, 0x9d, 0x97, 0x26, 0x9d, 0x97, 0x26, 
  0x9d, 0x97, 0x26, 0x9d, 0x97, 0x26, 0x9d, 0x97, 0x26, 0x9d, 0x97, 0x26, 
  0x9d, 0x97, 0x26, 0x9d, 0x97, 0x26, 0x9d, 0x97, 0x26, 0x9d, 0x97, 0x26, 
  0x9d, 0x97, 0x26, 0x9d, 0x97, 0x26, 0x9d, 0x97, 0x26, 0x9d, 0x97, 0x26, 
  0x9d, 0x97, 0x26, 0x9d, 0x97, 0x26, 0x9d, 0x97, 0x26, 0x9d, 0x97, 0x26, 
  0x9d, 0x97, 0x26, 0x9d, 0x97, 0x26, 0x9d, 0x97, 0x26, 0x9d, 0x97, 0x26, 
  0x9d, 0x97, 0x26, 0x9d, 0x97, 0x26, 0x9d, 0x97, 0x26, 0x9d, 0x97, 0x26, 
  0x9d, 0x97, 0x26, 0x9d, 0x97, 0x26, 0x9d, 0x97, 0x26, 0x9d, 0x97, 0x26, 
  0x9d, 0x97, 0x26, 0x9d, 0x97, 0x26, 0x9d, 0x97, 0x26, 0x9d, 0x97, 0x26, 
  0x9d, 0x97, 0x26, 0x9d, 0x97, 0x26, 0x9d, 0x97, 0x26, 0x9d, 0x97, 0x26, 
  0x9d, 0x97, 0x26, 0x9d, 0x97, 0x26, 0x9d, 0x97, 0x26, 0x9d, 0x97, 0x26, 
  0x9d, 0x97, 0x26, 0x9d, 0x97, 0x26, 0x9d, 0x97, 0x26, 0x9d, 0x97, 0x26, 
  0x9d, 0x97, 0x26, 0x9d, 0x97, 0x26, 0x9d, 0x97, 0x26, 0x9d, 0x97, 0x26, 
  0x9d, 0x97, 0x26, 0x9d, 0x97, 0x26, 0x9d, 0x97, 0x26, 0x9d, 0x97, 0x26, 
  0x9d, 0x97, 0x26, 0x9d, 0x97, 0x26, 0x9d, 0x97, 0x26, 0x9d, 0x97, 0x26, 
  0x9d, 0x97, 0x26, 0x9d, 0x97, 0x26, 0x9d, 0x97, 0x26, 0x9d, 0x97, 0x26, 
  0x9d, 0x97, 0x26, 0x9d, 0x97, 0x26, 0x9d, 0x97, 0x26, 0x9d, 0x97, 0x26, 
  0x9d, 0x97, 0x26, 0x9d, 0x97, 0x26, 0x9d, 0x97, 0x26, 0x9d, 0x97, 0x26, 
  0x9d, 0x97, 0x26, 0x9d, 0x97, 0x26, 0x9d, 0x97, 0x26, 0x9d, 0x97, 0x26, 
  0x9d, 0x97, 0x26, 0x9d, 0x97, 0x26, 0x9d, 0x97, 0x26, 0x9d, 0x97, 0x26, 
  0x9d, 0x97, 0x26, 0x9d, 0x97, 0x26, 0x9d, 0x97, 0x26, 0x9d, 0x97, 0x26, 
  0x9d, 0x97, 0x26, 0x9d, 0x97, 0x26, 0x9d, 0x97, 0x26, 0x9d, 0x97, 0x26, 
  0x9d, 0x97, 0x26, 0x9d, 0x97, 0x26, 0x9d, 0x97, 0x26, 0x9d, 0x97, 0x26, 
  0x9d, 0x97, 0x26, 0x9d, 0x97, 0x26, 0x9d, 0x97, 0x26, 0x9d, 0x97, 0x26, 
  0x9d, 0x97, 0x26, 0x9d, 0x97, 0x26, 0x9d, 0x97, 0x26, 0x9d, 0x97, 0x26, 
  0x9d, 0x97, 0x26, 0x9d, 0x97, 0x26, 0x9d, 0x97, 0x26, 0x9d, 0x97, 0x26, 
  0x9d, 0x97, 0x26, 0x9d, 0x97, 0x26, 0x9d, 0x97, 0x26, 0x9d, 0x97, 0x26, 
  0x9d, 0x97, 0x26, 0x9d, 0x97, 0x26, 0x9d, 0x97, 0x26, 0x9d, 0x97, 0x26, 
  0x9d, 0x97, 0x26, 0x9d, 0x97, 0x26, 0x9d, 0x97, 0x26, 0x9d, 0x97, 0x26, 
  0x9d, 0x97, 0x26, 0x9d, 0x97, 0x26, 0x9d, 0x97, 0x26, 0x9d, 0x97, 0x26, 
  0x9d, 0x97, 0x26, 0x9d, 0x97, 0x26, 0x9d, 0x97, 0x26, 0x9d, 0x97, 0x26, 
  0x9d, 0x97, 0x26, 0x9d, 0x97, 0x26, 0x9d, 0x97, 0x26, 0x9d, 0x97, 0x26, 
  0x9d, 0x97, 0x26, 0x9d, 0x97, 0x26, 0x9d, 0x97, 0x26, 0x9d, 0x97, 0x26, 
  0x9d, 0x97, 0x26, 0x9d, 0x97, 0x26, 0x9d, 0x97, 0x26, 0x9d, 0x97, 0x26, 
  0x9d, 0x97, 0x26, 0x9d, 0x97, 0x26, 0x9d, 0x97, 0x26, 0x9d, 0x97, 0x26, 
  0x9d, 0x97, 0x26, 0x9d, 0x97, 0x26, 0x9d, 0x97, 0x26, 0x9d, 0x97, 0x26, 
  0x9d, 0x97, 0x26, 0x9d, 0x97, 0x26, 0x9d, 0x97, 0x26, 0x9d, 0x97, 0x26, 
  0x9d, 0x97, 0x26, 0x9d, 0x97, 0x26, 0x9d, 0x97, 0x26, 0x9d, 0x97, 0x26, 
  0x9d, 0x97, 0x26, 0x9d, 0x97, 0x26, 0x9d, 0x97, 0x26, 0x9d, 0x97, 0x26, 
  0x9d, 0x97, 0x26, 0x9d, 0x97, 0x26, 0x9d, 0x97, 0x26, 0x9d, 0x97, 0x26, 
  0x9d, 0x97, 0x26, 0x9d, 0x97, 0x26, 0x9d, 0x97, 0x26, 0x9d, 0x97, 0x26, 
  0x9d, 0x97, 0x26, 0x9d, 0x97, 0x26, 0x9d, 0x97, 0x26, 0x9d, 0x97, 0x26, 
  0x9d, 0x97, 0x26, 0x9d, 0x97, 0x26, 0x9d, 0x97, 0x26, 0x9d, 0x97, 0x26, 
  0x9d, 0x97, 0x26, 0x9d, 0x97, 0x26, 0x9d, 0x97, 0x26, 0x9d, 0x97, 0x26, 
  0x9d, 0x97, 0x26, 0x9d, 0x97, 0x26, 0x9d, 0x97, 0x26, 0x9d, 0x97, 0x26, 
  0x9d, 0x97, 0x26, 0x9d, 0x97, 0x26, 0x9d, 0x97, 0x26, 0x9d, 0x97, 0x26, 
  0x9d, 0x97, 0x26, 0x9d, 0x97, 0x26, 0x9d, 0x97, 0x26, 0x9d, 0x97, 0x26, 
  0x9d, 0x97, 0x26, 0x9d, 0x97, 0x26, 0x9d, 0x97, 0x26, 0x9d, 0x97, 0x26, 
  0x9d, 0x97, 0x26, 0x9d, 0x97, 0x26, 0x9d, 0x97, 0x26, 0x9d, 0x97, 0x26, 
  0x9d, 0x97, 0x26, 0x9d, 0x97, 0x26, 0x9d, 0x97, 0x26, 0x9d, 0x97, 0x26, 
  0x9d, 0x97, 0x26, 0x9d, 0x97, 0x26, 0x9d, 0x97, 0x26, 0x9d, 0x97, 0x26, 
  0x9d, 0x97, 0x26, 0x9d, 0x97, 0x26, 0x9d, 0x97, 0x26, 0x9d, 0x97, 0x26, 
  0x9d, 0x97, 0x26, 0x9d, 0x97, 0x26, 0x9d, 0x97, 0x26, 0x9d, 0x97, 0x26, 
  0x9d, 0x97, 0x26, 0x9d, 0x97, 0x26, 0x9d, 0x97, 0x26, 0x9d, 0x97, 0x26, 
  0x9d, 0x97, 0x26, 0x9d, 0x97, 0x26, 0x9d, 0x97, 0x26, 0x9d, 0x97, 0x26, 
  0x9d, 0x97, 0x26, 0x9d, 0x97, 0x26, 0x9d, 0x97, 0x26, 0x9d, 0x97, 0x26, 
  0x9d, 0x97, 0x26, 0x9d, 0x97, 0x26, 0x9d, 0x97, 0x26, 0x9d, 0x97, 0x26, 
  0x9d, 0x97, 0x26, 0x9d, 0x97, 0x26, 0x9d, 0x97, 0x26, 0x9d, 0x97, 0x26, 
  0x9d, 0x97, 0x26, 0x9d, 0x97, 0x26, 0x9d, 0x97, 0x26, 0x9d, 0x97, 0x26, 
  0x9d, 0x97, 0x26, 0x9d, 0x97, 0x26, 0x9d, 0x97, 0x26, 0x9d, 0x97, 0x26, 
  0x9d, 0x97, 0x26, 0x9d, 0x97, 0x26, 0x9d, 0x97, 0x26, 0x9d, 0x97, 0x26, 
  0x9d, 0x97, 0x26, 0x9d, 0x97, 0x26, 0x9d, 0x97, 0x26, 0x9d, 0x97, 0x26, 
  0x9d, 0x97, 0x26, 0x9d, 0x97, 0x26, 0x9d, 0x97, 0x26, 0x9d, 0x97, 0x26, 
  0x9d, 0x97, 0x26, 0x9d, 0x97, 0x26, 0x9d, 0x97, 0x26, 0x9d, 0x97, 0x26, 
  0x9d, 0x97, 0x26, 0x9d, 0x97, 0x26, 0x9d, 0x97, 0x26, 0x9d, 0x97, 0x26, 
  0x9d, 0x97, 0x26, 0x9d, 0x97, 0x26, 0x9d, 0x97, 0x26, 0x9d, 0x97, 0x26, 
  0x9d, 0x97, 0x26, 0x9d, 0x97, 0x26, 0x9d, 0x97, 0x26, 0x9d, 0x97, 0x26, 
  0x9d, 0x97, 0x26, 0x9d, 0x97, 0x26, 0x9d, 0x97, 0x26, 0x9d, 0x97, 0x26, 
  0x9d, 0x97, 0x26, 0x9d, 0x97, 0x26, 0x9d, 0x97, 0x26, 0x9d, 0x97, 0x26, 
  0x9d, 0x97, 0x26, 0x9d, 0x97, 0x26, 0x9d, 0x97, 0x26, 0x9d, 0x97, 0x26, 
  0x9d, 0x97, 0x26, 0x9d, 0x97, 0x26, 0x9d, 0x97, 0x26, 0x9d, 0x97, 0x26, 
  0x9d, 0x97, 0x26, 0x9d, 0x97, 0x26, 0x9d, 0x97, 0x26, 0x9d, 0x97, 0x26, 
  0x9d, 0x97, 0x26, 0x9d, 0x97, 0x26, 0x9d, 0x97, 0x26, 0x9d, 0x97, 0x26, 
  0x9d, 0x97, 0x26, 0x9d, 0x97, 0x26, 0x9d, 0x97, 0x26, 0x9d, 0x97, 0x26, 
  0x9d, 0x97, 0x26, 0x9d, 0x97, 0x26, 0x9d, 0x97, 0x26, 0x9d, 0x97, 0x26, 
  0x9d, 0x97, 0x26, 0x9d, 0x97, 0x26, 0x9d, 0x97, 0x26, 0x9d, 0x97, 0x26, 
  0x9d, 0x97, 0x26, 0x9d, 0x97, 0x26, 0x9d, 0x97, 0x26, 0x9d, 0x97, 0x26, 
  0x9d, 0x97, 0x26, 0x9d, 0x97, 0x26, 0x9d, 0x97, 0x26, 0x9d, 0x97, 0x26, 
  0x9d, 0x97, 0x26, 0x9d, 0x97, 0x26, 0x9d, 0x97, 0x26, 0x9d, 0x97, 0x26, 
  0x9d, 0x97, 0x26, 0x9d, 0x97, 0x26, 0x9d, 0x97, 0x26, 0x9d, 0x97, 0x26, 
  0x9d, 0x97, 0x26, 0x9d, 0x97, 0x26, 0x9d, 0x97, 0x26, 0x9d, 0x97, 0x26, 
  0x9d, 0x97, 0x26, 0x9d, 0x97, 0x26, 0x9d, 0x97, 0x26, 0x9d, 0x97, 0x26, 
  0x9d, 0x97, 0x26, 0x9d, 0x97, 0x26, 0x9d, 0x97, 0x26, 0x9d, 0x97, 0x26, 
  0x9d, 0x97, 0x26, 0x9d, 0x97, 0x26, 0x9d, 0x97, 0x26, 0x9d, 0x97, 0x26, 
  0x9d, 0x97, 0x26, 0x9d, 0x97, 0x26, 0x9d, 0x97, 0x26, 0x9d, 0x97, 0x26, 
  0x9d, 0x97, 0x26, 0x9d, 0x97, 0x26, 0x9d, 0x97, 0x26, 0x9d, 0x97, 0x26, 
  0x9d, 0x97, 0x26, 0x9d, 0x97, 0x26, 0x9d, 0x97, 0x26, 0x9d, 0x97, 0x26, 
  0x9d, 0x97, 0x26, 0x9d, 0x97, 0x26, 0x9d, 0x97, 0x26, 0x9d, 0x97, 0x26, 
  0x9d, 0x97, 0x26, 0x9d, 0x97, 0x26, 0x9d, 0x97, 0x26, 0x9d, 0x97, 0x26, 
  0x9d, 0x97, 0x26, 0x9d, 0x97, 0x26, 0x9d, 0x97, 0x26, 0x9d, 0x97, 0x26, 
  0x9d, 0x97, 0x26, 0x9d, 0x97, 0x26, 0x9d, 0x97, 0x26, 0x9d, 0x97, 0x26, 
  0x9d, 0x97, 0x26, 0x9d, 0x97, 0x26, 0x9d, 0x97, 0x26, 0x9d, 0x97, 0x26, 
  0x9d, 0x97, 0x26, 0x9d, 0x97, 0x26, 0x9d, 0x97, 0x26, 0x9d, 0x97, 0x26, 
  0x9d, 0x97, 0x26, 0x9d, 0x97, 0x26, 0x9d, 0x97, 0x26, 0x9d, 0x97, 0x26, 
  0x9d, 0x97, 0x26, 0x9d, 0x97, 0x26, 0x9d, 0x97, 0x26, 0x9d, 0x97, 0x26, 
  0x9d, 0x97, 0x26, 0x9d, 0x97, 0x26, 0x9d, 0x97, 0x26, 0x9d, 0x97, 0x26, 
  0x9d, 0x97, 0x26, 0x9d, 0x97, 0x26, 0x9d, 0x97, 0x26, 0x9d, 0x97, 0x26, 
  0x9d, 0x97, 0x26, 0x9d, 0x97, 0x26, 0x9d, 0x97, 0x26, 0x9d, 0x97, 0x26, 
  0x9d, 0x97, 0x26, 0x9d, 0x97, 0x26, 0x9d, 0x97, 0x26, 0x9d, 0x97, 0x26, 
  0x9d, 0x97, 0x26, 0x9d, 0x97, 0x26, 0x9d, 0x97, 0x26, 0x9d, 0x97, 0x26, 
  0x9d, 0x97, 0x26, 0x9d, 0x97, 0x26, 0x9d, 0x97, 0x26, 0x9d, 0x97, 0x26, 
  0x9d, 0x97, 0x26, 0x9d, 0x97, 0x26, 0x9d, 0x97, 0x26, 0x9d, 0x97, 0x26, 
  0x9d, 0x97, 0x26, 0x9d, 0x97, 0x26, 0x9d, 0x97, 0x26, 0x9d, 0x97, 0x26, 
  0x9d, 0x97, 0x26, 0x9d, 0x97, 0x26, 0x9d, 0x97, 0x26, 0x9d, 0x97, 0x26, 
  0x9d, 0x97, 0x26, 0x9d, 0x97, 0x26, 0x9d, 0x97, 0x26, 0x9d, 0x97, 0x26, 
  0x9d, 0x97, 0x26, 0x9d, 0x97, 0x26, 0x9d, 0x97, 0x26, 0x9d, 0x97, 0x26, 
  0x9d, 0x97, 0x26, 0x9d, 0x97, 0x26, 0x9d, 0x97, 0x26, 0x9d, 0x97, 0x26, 
  0x9d, 0x97, 0x26, 0x9d, 0x97, 0x26, 0x9d, 0x97, 0x26, 0x9d, 0x97, 0x26, 
  0x9d, 0x97, 0x26, 0x9d, 0x97, 0x26, 0x9d, 0x97, 0x26, 0x9d, 0x97, 0x26, 
  0x9d, 0x97, 0x26, 0x9d, 0x97, 0x26, 0x9d, 0x97, 0x26, 0x9d, 0x97, 0x26, 
  0x9d, 0x97, 0x26, 0x9d, 0x97, 0x26, 0x9d, 0x97, 0x26, 0x9d, 0x97, 0x26, 
  0x9d, 0x97, 0x26, 0x9d, 0x97, 0x26, 0x9d, 0x97, 0x26, 0x9d, 0x97, 0x26, 
  0x9d, 0x97, 0x26, 0x9d, 0x97, 0x26, 0x9d, 0x97, 0x26, 0x9d, 0x97, 0x26, 
  0x9d, 0x97, 0x26, 0x9d, 0x97, 0x26, 0x9d, 0x97, 0x26, 0x9d, 0x97, 0x26, 
  0x9d, 0x97, 0x26, 0x9d, 0x97, 0x26, 0x9d, 0x97, 0x26, 0x9d, 0x97, 0x26, 
  0x9d, 0x97, 0x26, 0x9d, 0x97, 0x26, 0x9d, 0x97, 0x26, 0x9d, 0x97, 0x26, 
  0x9d, 0x97, 0x26, 0x9d, 0x97, 0x26, 0x9d, 0x97, 0x26, 0x9d, 0x97, 0x26, 
  0x9d, 0x97, 0x26, 0x9d, 0x97, 0x26, 0x9d, 0x97, 0x26, 0x9d, 0x97, 0x26, 
  0x9d, 0x97, 0x26, 0x9d, 0x97, 0x26, 0x9d, 0x97, 0x26, 0x9d, 0x97, 0x26, 
  0x9d, 0x97, 0x26, 0x9d, 0x97, 0x26, 0x9d, 0x97, 0x26, 0x9d, 0x97, 0x26, 
  0x9d, 0x97, 0x26, 0x9d, 0x97, 0x26, 0x9d, 0x97, 0x26, 0x9d, 0x97, 0x26, 
  0x9d, 0x97, 0x26, 0x9d, 0x97, 0x26, 0x9d, 0x97, 0x26, 0x9d, 0x97, 0x26, 
  0x9d, 0x97, 0x26, 0x9d, 0x97, 0x26, 0x9d, 0x97, 0x26, 0x9d, 0x97, 0x26, 
  0x9d, 0x97, 0x26, 0x9d, 0x97, 0x26, 0x9d, 0x97, 0x26, 0x9d, 0x97, 0x26, 
  0x9d, 0x97, 0x26, 0x9d, 0x97, 0x26, 0x9d, 0x97, 0x26, 0x9d, 0x97, 0x26, 
  0x9d, 0x97, 0x26, 0x9d, 0x97, 0x26, 0x9d, 0x97, 0x26, 0x9d, 0x97, 0x26, 
  0x9d, 0x97, 0x26, 0x9d, 0x97, 0x26, 0x9d, 0x97, 0x26, 0x9d, 0x97, 0x26, 
  0x9d, 0x97, 0x26, 0x9d, 0x97, 0x26, 0x9d, 0x97, 0x26, 0x9d, 0x97, 0x26, 
  0x9d, 0x97, 0x26, 0x9d, 0x97, 0x26, 0x9d, 0x97, 0x26, 0x9d, 0x97, 0x26, 
  0x9d, 0x97, 0x26, 0x9d, 0x97, 0x26, 0x9d, 0x97, 0x26, 0x9d, 0x97, 0x26, 
  0x9d, 0x97, 0x26, 0x9d, 0x97, 0x26, 0x9d, 0x97, 0x26, 0x9d, 0x97, 0x26, 
  0x9d, 0x97, 0x26, 0x9d, 0x97, 0x26, 0x9d, 0x97, 0x26, 0x9d, 0x97, 0x26, 
  0x9d, 0x97, 0x26, 0x9d, 0x97, 0x26, 0x9d, 0x97, 0x26, 0x9d, 0x97, 0x26, 
  0x9d, 0x97, 0x26, 0x9d, 0x97, 0x26, 0x9d, 0x97, 0x26, 0x9d, 0x97, 0x26, 
  0x9d, 0x97, 0x26, 0x9d, 0x97, 0x26, 0x9d, 0x97, 0x26, 0x9d, 0x97, 0x26, 
  0x9d, 0x97, 0x26, 0x9d, 0x97, 0x26, 0x9d, 0x97, 0x26, 0x9d, 0x97, 0x26, 
  0x9d, 0x97, 0x26, 0x9d, 0x97, 0x26, 0x9d, 0x97, 0x26, 0x9d, 0x97, 0x26, 
  0x9d, 0x97, 0x26, 0x9d, 0x97, 0x26, 0x9d, 0x97, 0x26, 0x9d, 0x97, 0x26, 
  0x9d, 0x97, 0x26, 0x9d, 0x97, 0x26, 0x9d, 0x97, 0x26, 0x9d, 0x97, 0x26, 
  0x9d, 0x97, 0x26, 0x9d, 0x97, 0x26, 0x9d, 0x97, 0x26, 0x9d, 0x97, 0x26, 
  0x9d, 0x97, 0x26, 0x9d, 0x97, 0x26, 0x9d, 0x97, 0x26, 0x9d, 0x97, 0x26, 
  0x9d, 0x97, 0x26, 0x9d, 0x97, 0x26, 0x9d, 0x97, 0x26, 0x9d, 0x97, 0x26, 
  0x9d, 0x97, 0x26, 0x9d, 0x97, 0x26, 0x9d, 0x97, 0x26, 0x9d, 0x97, 0x26, 
  0x9d, 0x97, 0x26, 0x9d, 0x97, 0x26, 0x9d, 0x97, 0x26, 0x9d, 0x97, 0x26, 
  0x9d, 0x97, 0x26, 0x9d, 0x97, 0x26, 0x9d, 0x97, 0x26, 0x9d, 0x97, 0x26, 
  0x9d, 0x97, 0x26, 0x9d, 0x97, 0x26, 0x9d, 0x97, 0x26, 0x9d, 0x97, 0x26, 
  0x9d, 0x97, 0x26, 0x9d, 0x97, 0x26, 0x9d, 0x97, 0x26, 0x9d, 0x97, 0x26, 
  0x9d, 0x97, 0x26, 0x9d, 0x97, 0x26, 0x9d, 0x97, 0x26, 0x9d, 0x97, 0x26, 
  0x9d, 0x97, 0x26, 0x9d, 0x97, 0x26, 0x9d, 0x97, 0x26, 0x9d, 0x97, 0x26, 
  0x9d, 0x97, 0x26, 0x9d, 0x97, 0x26, 0x9d, 0x97, 0x26, 0x9d, 0x97, 0x26, 
  0x9d, 0x97, 0x26, 0x9d, 0x97, 0x26, 0x9d, 0x97, 0x26, 0x9d, 0x97, 0x26, 
  0x9d, 0x97, 0x26, 0x9d, 0x97, 0x26, 0x9d, 0x97, 0x26, 0x9d, 0x97, 0x26, 
  0x9d, 0x97, 0x26, 0x9d, 0x97, 0x26, 0x9d, 0x97, 0x26, 0x9d, 0x97, 0x26, 
  0x9d, 0x97, 0x26, 0x9d, 0x97, 0x26, 0x9d, 0x97, 0x26, 0x9d, 0x97, 0x26, 
  0x9d, 0x97, 0x26, 0x9d, 0x97, 0x26, 0x9d, 0x97, 0x26, 0x9d, 0x97, 0x26, 
  0x9d, 0x97, 0x26, 0x9d, 0x97, 0x26, 0x9d, 0x97, 0x26, 0x9d, 0x97, 0x26, 
  0x9d, 0x97, 0x26, 0x9d, 0x97, 0x26, 0x9d, 0x97, 0x26, 0x9d, 0x97, 0x26, 
  0x9d, 0x97, 0x26, 0x9d, 0x97, 0x26, 0x9d, 0x97, 0x26, 0x9d, 0x97, 0x26, 
  0x9d, 0x97, 0x26, 0x9d, 0x97, 0x26, 0x9d, 0x97, 0x26, 0x9d, 0x97, 0x26, 
  0x9d, 0x97, 0x26, 0x9d, 0x97, 0x26, 0x9d, 0x97, 0x26, 0x9d, 0x97, 0x26, 
  0x9d, 0x97, 0x26, 0x9d, 0x97, 0x26, 0x9d, 0x97, 0x26, 0x9d, 0x97, 0x26, 
  0x9d, 0x97, 0x26, 0x9d, 0x97, 0x26, 0x9d, 0x97, 0x26, 0x9d, 0x97, 0x26, 
  0x9d, 0x97, 0x26, 0x9d, 0x97, 0x26, 0x9d, 0x97, 0x26, 0x9d, 0x97, 0x26, 
  0x9d, 0x97, 0x26, 0x9d, 0x97, 0x26, 0x9d, 0x97, 0x26, 0x9d, 0x97, 0x26, 
  0x9d, 0x97, 0x26, 0x9d, 0x97, 0x26, 0x9d, 0x97, 0x26, 0x9d, 0x97, 0x26, 
  0x9d, 0x97, 0x26, 0x9d, 0x97, 0x26, 0x9d, 0x97, 0x26, 0x9d, 0x97, 0x26, 
  0x9d, 0x97, 0x26, 0x9d, 0x97, 0x26, 0x9d, 0x97, 0x26, 0x9d, 0x97, 0x26, 
  0x9d, 0x97, 0x26, 0x9d, 0x97, 0x26, 0x9d, 0x97, 0x26, 0x9d, 0x97, 0x26, 
  0x9d, 0x97, 0x26, 0x9d, 0x97, 0x26, 0x9d, 0x97, 0x26, 0x9d, 0x97, 0x26, 
  0x9d, 0x97, 0x26, 0x9d, 0x97, 0x26, 0x9d, 0x97, 0x26, 0x9d, 0x97, 0x26, 
  0x9d, 0x97, 0x26, 0x9d, 0x97, 0x26, 0x9d, 0x97, 0x26, 0x9d, 0x97, 0x26, 
  0x9d, 0x97, 0x26, 0x9d, 0x97, 0x26, 0x9d, 0x97, 0x26, 0x9d, 0x97, 0x26, 
  0x9d, 0x97, 0x26, 0x9d, 0x97, 0x26, 0x9d, 0x97, 0x26, 0x9d, 0x97, 0x26, 
  0x9d, 0x97, 0x26, 0x9d, 0x97, 0x26, 0x9d, 0x97, 0x26, 0x9d, 0x97, 0x26, 
  0x9d, 0x97, 0x26, 0x9d, 0x97, 0x26, 0x9d, 0x97, 0x26, 0x9d, 0x97, 0x26, 
  0x9d, 0x97, 0x26, 0x9d, 0x97, 0x26, 0x9d, 0x97, 0x26, 0x9d, 0x97, 0x26, 
  0x9d, 0x97, 0x26, 0x9d, 0x97, 0x26, 0x9d, 0x97, 0x26, 0x9d, 0x97, 0x26, 
  0x9d, 0x97, 0x26, 0x9d, 0x97, 0x26, 0x9d, 0x97, 0x26, 0x9d, 0x97, 0x26, 
  0x9d, 0x97, 0x26, 0x9d, 0x97, 0x26, 0x9d, 0x97, 0x26, 0x9d, 0x97, 0x26, 
  0x9d, 0x97, 0x26, 0x9d, 0x97, 0x26, 0x9d, 0x97, 0x26, 0x9d, 0x97, 0x26, 
  0x9d, 0x97, 0x26, 0x9d, 0x97, 0x26, 0x9d, 0x97, 0x26, 0x9d, 0x97, 0x26, 
  0x9d, 0x97, 0x26, 0x9d, 0x97, 0x26, 0x9d, 0x97, 0x26, 0x9d, 0x97, 0x26, 
  0x9d, 0x97, 0x26, 0x9d, 0x97, 0x26, 0x9d, 0x97, 0x26, 0x9d, 0x97, 0x26, 
  0x9d, 0x97, 0x26, 0x9d, 0x97, 0x26, 0x9d, 0x97, 0x26, 0x9d, 0x97, 0x26, 
  0x9d, 0x97, 0x26, 0x9d, 0x97, 0x26, 0x9d, 0x97, 0x26, 0x9d, 0x97, 0x26, 
  0x9d, 0x97, 0x26, 0x9d, 0x97, 0x26, 0x9d, 0x97, 0x26, 0x9d, 0x97, 0x26, 
  0x9d, 0x97, 0x26, 0x9d, 0x97, 0x26, 0x9d, 0x97, 0x26, 0x9d, 0x97, 0x26, 
  0x9d, 0x97, 0x26, 0x9d, 0x97, 0x26, 0x9d, 0x97, 0x26, 0x9d, 0x97, 0x26, 
  0x9d, 0x97, 0x26, 0x9d, 0x97, 0x26, 0x9d, 0x97, 0x26, 0x9d, 0x97, 0x26, 
  0x9d, 0x97, 0x26, 0x9d, 0x97, 0x26, 0x9d, 0x97, 0x26, 0x9d, 0x97, 0x26, 
  0x9d, 0x97, 0x26, 0x9d, 0x97, 0x26, 0x9d, 0x97, 0x26, 0x9d, 0x97, 0x26, 
  0x9d, 0x97, 0x26, 0x9d, 0x97, 0x26, 0x9d, 0x97, 0x26, 0x9d, 0x97, 0x26, 
  0x9d, 0x97, 0x26, 0x9d, 0x97, 0x26, 0x9d, 0x97, 0x26, 0x9d, 0x97, 0x26, 
  0x9d, 0x97, 0x26, 0x9d, 0x97, 0x26, 0x9d, 0x97, 0x26, 0x9d, 0x97, 0x26, 
  0x9d, 0x97, 0x26, 0x9d, 0x97, 0x26, 0x9d, 0x97, 0x26, 0x9d, 0x97, 0x26, 
  0x9d, 0x97, 0x26, 0x9d, 0x97, 0x26, 0x9d, 0x97, 0x26, 0x9d, 0x97, 0x26, 
  0x9d, 0x97, 0x26, 0x9d, 0x97, 0x26, 0x9d, 0x97, 0x26, 0x9d, 0x97, 0x26, 
  0x9d, 0x97, 0x26, 0x9d, 0x97, 0x26, 0x9d, 0x97, 0x26, 0x9d, 0x97, 0x26, 
  0x9d, 0x97, 0x26, 0x9d, 0x97, 0x26, 0x9d, 0x97, 0x26, 0x9d, 0x97, 0x26, 
  0x9d, 0x97, 0x26, 0x9d, 0x97, 0x26, 0x9d, 0x97, 0x26, 0x9d, 0x97, 0x26, 
  0x9d, 0x97, 0x26, 0x9d, 0x97, 0x26, 0x9d, 0x97, 0x26, 0x9d, 0x97, 0x26, 
  0x9d, 0x97, 0x26, 0x9d, 0x97, 0x26, 0x9d, 0x97, 0x26, 0x9d, 0x97, 0x26, 
  0x9d, 0x97, 0x26, 0x9d, 0x97, 0x26, 0x9d, 0x97, 0x26, 0x9d, 0x97, 0x26, 
  0x9d, 0x97, 0x26, 0x9d, 0x97, 0x26, 0x9d, 0x97, 0x26, 0x9d, 0x97, 0x26, 
  0x9d, 0x97, 0x26, 0x9d, 0x97, 0x26, 0x9d, 0x97, 0x26, 0x9d, 0x97, 0x26, 
  0x9d, 0x97, 0x26, 0x9d, 0x97, 0x26, 0x9d, 0x97, 0x26, 0x9d, 0x97, 0x26, 
  0x9d, 0x97, 0x26, 0x9d, 0x97, 0x26, 0x9d, 0x97, 0x26, 0x9d, 0x97, 0x26, 
  0x9d, 0x97, 0x26, 0x9d, 0x97, 0x26, 0x9d, 0x97, 0x26, 0x9d, 0x97, 0x26, 
  0x9d, 0x97, 0x26, 0x9d, 0x97, 0x26, 0x9d, 0x97, 0x26, 0x9d, 0x97, 0x26, 
  0x9d, 0x97, 0x26, 0x9d, 0x97, 0x26, 0x9d, 0x97, 0x26, 0x9d, 0x97, 0x26, 
  0x9d, 0x97, 0x26, 0x9d, 0x97, 0x26, 0x9d, 0x97, 0x26, 0x9d, 0x97, 0x26, 
  0x9d, 0x97, 0x26, 0x9d, 0x97, 0x26, 0x9d, 0x97, 0x26, 0x9d, 0x97, 0x26, 
  0x9d, 0x97, 0x26, 0x9d, 0x97, 0x26, 0x9d, 0x97, 0x26, 0x9d, 0x97, 0x26, 
  0x9d, 0x97, 0x26, 0x9d, 0x97, 0x26, 0x9d, 0x97, 0x26, 0x9d, 0x97, 0x26, 
  0x9d, 0x97, 0x26, 0x9d, 0x97, 0x26, 0x9d, 0x97, 0x26, 0x9d, 0x97, 0x26, 
  0x9d, 0x97, 0x26, 0x9d, 0x97, 0x26, 0x9d, 0x97, 0x26, 0x9d, 0x97, 0x26, 
  0x9d, 0x97, 0x26, 0x9d, 0x97, 0x26, 0x9d, 0x97, 0x26, 0x9d, 0x97, 0x26, 
  0x9d, 0x97, 0x26, 0x9d, 0x97, 0x26, 0x9d, 0x97, 0x26, 0x9d, 0x97, 0x26, 
  0x9d, 0x97, 0x26, 0x9d, 0x97, 0x26, 0x9d, 0x97, 0x26, 0x9d, 0x97, 0x26, 
  0x9d, 0x97, 0x26, 0x9d, 0x97, 0x26, 0x9d, 0x97, 0x26, 0x9d, 0x97, 0x26, 
  0x9d, 0x97, 0x26, 0x9d, 0x97, 0x26, 0x9d, 0x97, 0x26, 0x9d, 0x97, 0x26, 
  0x9d, 0x97, 0x26, 0x9d, 0x97, 0x26, 0x9d, 0x97, 0x26, 0x9d, 0x97, 0x26, 
  0x9d, 0x97, 0x26, 0x9d, 0x97, 0x26, 0x9d, 0x97, 0x26, 0x9d, 0x97, 0x26, 
  0x9d, 0x97, 0x26, 0x9d, 0x97, 0x26, 0x9d, 0x97, 0x26, 0x9d, 0x97, 0x26, 
  0x9d, 0x97, 0x26, 0x9d, 0x97, 0x26, 0x9d, 0x97, 0x26, 0x9d, 0x97, 0x26, 
  0x9d, 0x97, 0x26, 0x9d, 0x97, 0x26, 0x9d, 0x97, 0x26, 0x9d, 0x97, 0x26, 
  0x9d, 0x97, 0x26, 0x9d, 0x97, 0x26, 0x9d, 0x97, 0x26, 0x9d, 0x97, 0x26, 
  0x9d, 0x97, 0x26, 0x9d, 0x97, 0x26, 0x9d, 0x97, 0x26, 0x9d, 0x97, 0x26, 
  0x9d, 0x97, 0x26, 0x9d, 0x97, 0x26, 0x9d, 0x97, 0x26, 0x9d, 0x97, 0x26, 
  0x9d, 0x97, 0x26, 0x9d, 0x97, 0x26, 0x9d, 0x97, 0x26, 0x9d, 0x97, 0x26, 
  0x9d, 0x97, 0x26, 0x9d, 0x97, 0x26, 0x9d, 0x97, 0x26, 0x9d, 0x97, 0x26, 
  0x9d, 0x97, 0x26, 0x9d, 0x97, 0x26, 0x9d, 0x97, 0x26, 0x9d, 0x97, 0x26, 
  0x9d, 0x97, 0x26, 0x9d, 0x97, 0x26, 0x9d, 0x97, 0x26, 0x9d, 0x97, 0x26, 
  0x9d, 0x97, 0x26, 0x9d, 0x97, 0x26, 0x9d, 0x97, 0x26, 0x9d, 0x97, 0x26, 
  0x9d, 0x97, 0x26, 0x9d, 0x97, 0x26, 0x9d, 0x97, 0x26, 0x9d, 0x97, 0x26, 
  0x9d, 0x97, 0x26, 0x9d, 0x97, 0x26, 0x9d, 0x97, 0x26, 0x9d, 0x97, 0x26, 
  0x9d, 0x97, 0x26, 0x9d, 0x97, 0x26, 0x9d, 0x97, 0x26, 0x9d, 0x97, 0x26, 
  0x9d, 0x97, 0x26, 0x9d, 0x97, 0x26, 0x9d, 0x97, 0x26, 0x9d, 0x97, 0x26, 
  0x9d, 0x97, 0x26, 0x9d, 0x97, 0x26, 0x9d, 0x97, 0x26, 0x9d, 0x97, 0x26, 
  0x9d, 0x97, 0x26, 0x9d, 0x97, 0x26, 0x9d, 0x97, 0x26, 0x9d, 0x97, 0x26, 
  0x9d, 0x97, 0x26, 0x9d, 0x97, 0x26, 0x9d, 0x97, 0x26, 0x9d, 0x97, 0x26, 
  0x9d, 0x97, 0x26, 0x9d, 0x97, 0x26, 0x9d, 0x97, 0x26, 0x9d, 0x97, 0x26, 
  0x9d, 0x97, 0x26, 0x9d, 0x97, 0x26, 0x9d, 0x97, 0x26, 0x9d, 0x97, 0x26, 
  0x9d, 0x97, 0x26, 0x9d, 0x97, 0x26, 0x9d, 0x97, 0x26, 0x9d, 0x97, 0x26, 
  0x9d, 0x97, 0x26, 0x9d, 0x97, 0x26, 0x9d, 0x97, 0x26, 0x9d, 0x97, 0x26, 
  0x9d, 0x97, 0x26, 0x9d, 0x97, 0x26, 0x9d, 0x97, 0x26, 0x9d, 0x97, 0x26, 
  0x9d, 0x97, 0x26, 0x9d, 0x97, 0x26, 0x9d, 0x97, 0x26, 0x9d, 0x97, 0x26, 
  0x9d, 0x97, 0x26, 0x9d, 0x97, 0x26, 0x9d, 0x97, 0x26, 0x9d, 0x97, 0x26, 
  0x9d, 0x97, 0x26, 0x9d, 0x97, 0x26, 0x9d, 0x97, 0x26, 0x9d, 0x97, 0x26, 
  0x9d, 0x97, 0x26, 0x9d, 0x97, 0x26, 0x9d, 0x97, 0x26, 0x9d, 0x97, 0x26, 
  0x9d, 0x97, 0x26, 0x9d, 0x97, 0x26, 0x9d, 0x97, 0x26, 0x9d, 0x97, 0x26, 
  0x9d, 0x97, 0x26, 0x9d, 0x97, 0x26, 0x9d, 0x97, 0x26, 0x9d, 0x97, 0x26, 
  0x9d, 0x97, 0x26, 0x9d, 0x97, 0x26, 0x9d, 0x97, 0x26, 0x9d, 0x97, 0x26, 
  0x9d, 0x97, 0x26, 0x9d, 0x97, 0x26, 0x9d, 0x97, 0x26, 0x9d, 0x97, 0x26, 
  0x9d, 0x97, 0x26, 0x9d, 0x97, 0x26, 0x9d, 0x97, 0x26, 0x9d, 0x97, 0x26, 
  0x9d, 0x97, 0x26, 0x9d, 0x97, 0x26, 0x9d, 0x97, 0x26, 0x9d, 0x97, 0x26, 
  0x9d, 0x97, 0x26, 0x9d, 0x97, 0x26, 0x9d, 0x97, 0x26, 0x9d, 0x97, 0x26, 
  0x9d, 0x97, 0x26, 0x9d, 0x97, 0x26, 0x9d, 0x97, 0x26, 0x9d, 0x97, 0x26, 
  0x9d, 0x97, 0x26, 0x9d, 0x97, 0x26, 0x9d, 0x97, 0x26, 0x9d, 0x97, 0x26, 
  0x9d, 0x97, 0x26, 0x9d, 0x97, 0x26, 0x9d, 0x97, 0x26, 0x9d, 0x97, 0x26, 
  0x9d, 0x97, 0x26, 0x9d, 0x97, 0x26, 0x9d, 0x97, 0x26, 0x9d, 0x97, 0x26, 
  0x9d, 0x97, 0x26, 0x9d, 0x97, 0x26, 0x9d, 0x97, 0x26, 0x9d, 0x97, 0x26, 
  0x9d, 0x97, 0x26, 0x9d, 0x97, 0x26, 0x9d, 0x97, 0x26, 0x9d, 0x97, 0x26, 
  0x9d, 0x97, 0x26, 0x9d, 0x97, 0x26, 0x9d, 0x97, 0x26, 0x9d, 0x97, 0x26, 
  0x9d, 0x97, 0x26, 0x9d, 0x97, 0x26, 0x9d, 0x97, 0x26, 0x9d, 0x97, 0x26, 
  0x9d, 0x97, 0x26, 0x9d, 0x97, 0x26, 0x9d, 0x97, 0x26, 0x9d, 0x97, 0x26, 
  0x9d, 0x97, 0x26, 0x9d, 0x97, 0x26, 0x9d, 0x97, 0x26, 0x9d, 0x97, 0x26, 
  0x9d, 0x97, 0x26, 0x9d, 0x97, 0x26, 0x9d, 0x97, 0x26, 0x9d, 0x97, 0x26, 
  0x9d, 0x97, 0x26, 0x9d, 0x97, 0x26, 0x9d, 0x97, 0x26, 0x9d, 0x97, 0x26, 
  0x9d, 0x97, 0x26, 0x9d, 0x97, 0x26, 0x9d, 0x97, 0x26, 0x9d, 0x97, 0x26, 
  0x9d, 0x97, 0x26, 0x9d, 0x97, 0x26, 0x9d, 0x97, 0x26, 0x9d, 0x97, 0x26, 
  0x9d, 0x97, 0x26, 0x9d, 0x97, 0x26, 0x9d, 0x97, 0x26, 0x9d, 0x97, 0x26, 
  0x9d, 0x97, 0x26, 0x9d, 0x97, 0x26, 0x9d, 0x97, 0x26, 0x9d, 0x97, 0x26, 
  0x9d, 0x97, 0x26, 0x9d, 0x97, 0x26, 0x9d, 0x97, 0x26, 0x9d, 0x97, 0x26, 
  0x9d, 0x97, 0x26, 0x9d, 0x97, 0x26, 0x9d, 0x97, 0x26, 0x9d, 0x97, 0x26, 
  0x9d, 0x97, 0x26, 0x9d, 0x97, 0x26, 0x9d, 0x97, 0x26, 0x9d, 0x97, 0x26, 
  0x9d, 0x97, 0x26, 0x9d, 0x97, 0x26, 0x9d, 0x97, 0x26, 0x9d, 0x97, 0x26, 
  0x9d, 0x97, 0x26, 0x9d, 0x97, 0x26, 0x9d, 0x97, 0x26, 0x9d, 0x97, 0x26, 
  0x9d, 0x97, 0x26, 0x9d, 0x97, 0x26, 0x9d, 0x97, 0x26, 0x9d, 0x97, 0x26, 
  0x9d, 0x97, 0x26, 0x9d, 0x97, 0x26, 0x9d, 0x97, 0x26, 0x9d, 0x97, 0x26, 
  0x9d, 0x97, 0x26, 0x9d, 0x97, 0x26, 0x9d, 0x97, 0x26, 0x9d, 0x97, 0x26, 
  0x9d, 0x97, 0x26, 0x9d, 0x97, 0x26, 0x9d, 0x97, 0x26, 0x9d, 0x97, 0x26, 
  0x9d, 0x97, 0x26, 0x9d, 0x97, 0x26, 0x9d, 0x97, 0x26, 0x9d, 0x97, 0x26, 
  0x9d, 0x97, 0x26, 0x9d, 0x97, 0x26, 0x9d, 0x97, 0x26, 0x9d, 0x97, 0x26, 
  0x9d, 0x97, 0x26, 0x9d, 0x97, 0x26, 0x9d, 0x97, 0x26, 0x9d, 0x97, 0x26, 
  0x9d, 0x97, 0x26, 0x9d, 0x97, 0x26, 0x9d, 0x97, 0x26, 0x9d, 0x97, 0x26, 
  0x9d, 0x97, 0x26, 0x9d, 0x97, 0x26, 0x9d, 0x97, 0x26, 0x9d, 0x97, 0x26, 
  0x9d, 0x97, 0x26, 0x9d, 0x97, 0x26, 0x9d, 0x97, 0x26, 0x9d, 0x97, 0x26, 
  0x9d, 0x97, 0x26, 0x9d, 0x97, 0x26, 0x9d, 0x97, 0x26, 0x9d, 0x97, 0x26, 
  0x9d, 0x97, 0x26, 0x9d, 0x97, 0x26, 0x9d, 0x97, 0x26, 0x9d, 0x97, 0x26, 
  0x9d, 0x97, 0x26, 0x9d, 0x97, 0x26, 0x9d, 0x97, 0x26, 0x9d, 0x97, 0x26, 
  0x9d, 0x97, 0x26, 0x9d, 0x97, 0x26, 0x9d, 0x97, 0x26, 0x9d, 0x97, 0x26, 
  0x9d, 0x97, 0x26, 0x9d, 0x97, 0x26, 0x9d, 0x97, 0x26, 0x9d, 0x97, 0x26, 
  0x9d, 0x97, 0x26, 0x9d, 0x97, 0x26, 0x9d, 0x97, 0x26, 0x9d, 0x97, 0x26, 
  0x9d, 0x97, 0x26, 0x9d, 0x97, 0x26, 0x9d, 0x97, 0x26, 0x9d, 0x97, 0x26, 
  0x9d, 0x97, 0x26, 0x9d, 0x97, 0x26, 0x9d, 0x97, 0x26, 0x9d, 0x97, 0x26, 
  0x9d, 0x97, 0x26, 0x9d, 0x97, 0x26, 0x9d, 0x97, 0x26, 0x9d, 0x97, 0x26, 
  0x9d, 0x97, 0x26, 0x9d, 0x97, 0x26, 0x9d, 0x97, 0x26, 0x9d, 0x97, 0x26, 
  0x9d, 0x97, 0x26, 0x9d, 0x97, 0x26, 0x9d, 0x97, 0x26, 0x9d, 0x97, 0x26, 
  0x9d, 0x97, 0x26, 0x9d, 0x97, 0x26, 0x9d, 0x97, 0x26, 0x9d, 0x97, 0x26, 
  0x9d, 0x97, 0x26, 0x9d, 0x97, 0x26, 0x9d, 0x97, 0x26, 0x9d, 0x97, 0x26, 
  0x9d, 0x97, 0x26, 0x9d, 0x97, 0x26, 0x9d, 0x97, 0x26, 0x9d, 0x97, 0x26, 
  0x9d, 0x97, 0x26, 0x9d, 0x97, 0x26, 0x9d, 0x97, 0x26, 0x9d, 0x97, 0x26, 
  0x9d, 0x97, 0x26, 0x9d, 0x97, 0x26, 0x9d, 0x97, 0x26, 0x9d, 0x97, 0x26, 
  0x9d, 0x97, 0x26, 0x9d, 0x97, 0x26, 0x9d, 0x97, 0x26, 0x9d, 0x97, 0x26, 
  0x9d, 0x97, 0x26, 0x9d, 0x97, 0x26, 0x9d, 0x97, 0x26, 0x9d, 0x97, 0x26, 
  0x9d, 0x97, 0x26, 0x9d, 0x97, 0x26, 0x9d, 0x97, 0x26, 0x9d, 0x97, 0x26, 
  0x9d, 0x97, 0x26, 0x9d, 0x97, 0x26, 0x9d, 0x97, 0x26, 0x9d, 0x97, 0x26, 
  0x9d, 0x97, 0x26, 0x9d, 0x97, 0x26, 0x9d, 0x97, 0x26, 0x9d, 0x97, 0x26, 
  0x9d, 0x97, 0x26, 0x9d, 0x97, 0x26, 0x9d, 0x97, 0x26, 0x9d, 0x97, 0x26, 
  0x9d, 0x97, 0x26, 0x9d, 0x97, 0x26, 0x9d, 0x97, 0x26, 0x9d, 0x97, 0x26, 
  0x9d, 0x97, 0x26, 0x9d, 0x97, 0x26, 0x9d, 0x97, 0x26, 0x9d, 0x97, 0x26, 
  0x9d, 0x97, 0x26, 0x9d, 0x97, 0x26, 0x9d, 0x97, 0x26, 0x9d, 0x97, 0x26, 
  0x9d, 0x97, 0x26, 0x9d, 0x97, 0x26, 0x9d, 0x97, 0x26, 0x9d, 0x97, 0x26, 
  0x9d, 0x97, 0x26, 0x9d, 0x97, 0x26, 0x9d, 0x97, 0x26, 0x9d, 0x97, 0x26, 
  0x9d, 0x97, 0x26, 0x9d, 0x97, 0x26, 0x9d, 0x97, 0x26, 0x9d, 0x97, 0x26, 
  0x9d, 0x97, 0x26, 0x9d, 0x97, 0x26, 0x9d, 0x97, 0x26, 0x9d, 0x97, 0x26, 
  0x9d, 0x97, 0x26, 0x9d, 0x97, 0x26, 0x9d, 0x97, 0x26, 0x9d, 0x97, 0x26, 
  0x9d, 0x97, 0x26, 0x9d, 0x97, 0x26, 0x9d, 0x97, 0x26, 0x9d, 0x97, 0x26, 
  0x9d, 0x97, 0x26, 0x9d, 0x97, 0x26, 0x9d, 0x97, 0x26, 0x9d, 0x97, 0x26, 
  0x9d, 0x97, 0x26, 0x9d, 0x97, 0x26, 0x9d, 0x97, 0x26, 0x9d, 0x97, 0x26, 
  0x9d, 0x97, 0x26, 0x9d, 0x97, 0x26, 0x9d, 0x97, 0x26, 0x9d, 0x97, 0x26, 
  0x9d, 0x97, 0x26, 0x9d, 0x97, 0x26, 0x9d, 0x97, 0x26, 0x9d, 0x97, 0x26, 
  0x9d, 0x97, 0x26, 0x9d, 0x97, 0x26, 0x9d, 0x97, 0x26, 0x9d, 0x97, 0x26, 
  0x9d, 0x97, 0x26, 0x9d, 0x97, 0x26, 0x9d, 0x97, 0x26, 0x9d, 0x97, 0x26, 
  0x9d, 0x97, 0x26, 0x9d, 0x97, 0x26, 0x9d, 0x97, 0x26, 0x9d, 0x97, 0x26, 
  0x9d, 0x97, 0x26, 0x9d, 0x97, 0x26, 0x9d, 0x97, 0x26, 0x9d, 0x97, 0x26, 
  0x9d, 0x97, 0x26, 0x9d, 0x97, 0x26, 0x9d, 0x97, 0x26, 0x9d, 0x97, 0x26, 
  0x9d, 0x97, 0x26, 0x9d, 0x97, 0x26, 0x9d, 0x97, 0x26, 0x9d, 0x97, 0x26, 
  0x9d, 0x97, 0x26, 0x9d, 0x97, 0x26, 0x9d, 0x97, 0x26, 0x9d, 0x97, 0x26, 
  0x9d, 0x97, 0x26, 0x9d, 0x97, 0x26, 0x9d, 0x97, 0x26, 0x9d, 0x97, 0x26, 
  0x9d, 0x97, 0x26, 0x9d, 0x97, 0x26, 0x9d, 0x97, 0x26, 0x9d, 0x97, 0x26, 
  0x9d, 0x97, 0x26, 0x9d, 0x97, 0x26, 0x9d, 0x97, 0x26, 0x9d, 0x97, 0x26, 
  0x9d, 0x97, 0x26, 0x9d, 0x97, 0x26, 0x9d, 0x97, 0x26, 0x9d, 0x97, 0x26, 
  0x9d, 0x97, 0x26, 0x9d, 0x97, 0x26, 0x9d, 0x97, 0x26, 0x9d, 0x97, 0x26, 
  0x9d, 0x97, 0x26, 0x9d, 0x97, 0x26, 0x9d, 0x97, 0x26, 0x9d, 0x97, 0x26, 
  0x9d, 0x97, 0x26, 0x9d, 0x97, 0x26, 0x9d, 0x97, 0x26, 0x9d, 0x97, 0x26, 
  0x9d, 0x97, 0x26, 0x9d, 0x97, 0x26, 0x9d, 0x97, 0x26, 0x9d, 0x97, 0x26, 
  0x9d, 0x97, 0x26, 0x9d, 0x97, 0x26, 0x9d, 0x97, 0x26, 0x9d, 0x97, 0x26, 
  0x9d, 0x97, 0x26, 0x9d, 0x97, 0x26, 0x9d, 0x97, 0x26, 0x9d, 0x97, 0x26, 
  0x9d, 0x97, 0x26, 0x9d, 0x97, 0x26, 0x9d, 0x97, 0x26, 0x9d, 0x97, 0x26, 
  0x9d, 0x97, 0x26, 0x9d, 0x97, 0x26, 0x9d, 0x97, 0x26, 0x9d, 0x97, 0x26, 
  0x9d, 0x97, 0x26, 0x9d, 0x97, 0x26, 0x9d, 0x97, 0x26, 0x9d, 0x97, 0x26, 
  0x9d, 0x97, 0x26, 0x9d, 0x97, 0x26, 0x9d, 0x97, 0x26, 0x9d, 0x97, 0x26, 
  0x9d, 0x97, 0x26, 0x9d, 0x97, 0x26, 0x9d, 0x97, 0x26, 0x9d, 0x97, 0x26, 
  0x9d, 0x97, 0x26, 0x9d, 0x97, 0x26, 0x9d, 0x97, 0x26, 0x9d, 0x97, 0x26, 
  0x9d, 0x97, 0x26, 0x9d, 0x97, 0x26, 0x9d, 0x97, 0x26, 0x9d, 0x97, 0x26, 
  0x9d, 0x97, 0x26, 0x9d, 0x97, 0x26, 0x9d, 0x97, 0x26, 0x9d, 0x97, 0x26, 
  0x9d, 0x97, 0x26, 0x9d, 0x97, 0x26, 0x9d, 0x97, 0x26, 0x9d, 0x97, 0x26, 
  0x9d, 0x97, 0x26, 0x9d, 0x97, 0x26, 0x9d, 0x97, 0x26, 0x9d, 0x97, 0x26, 
  0x9d, 0x97, 0x26, 0x9d, 0x97, 0x26, 0x9d, 0x97, 0x26, 0x9d, 0x97, 0x26, 
  0x9d, 0x97, 0x26, 0x9d, 0x97, 0x26, 0x9d, 0x97, 0x26, 0x9d, 0x97, 0x26, 
  0x9d, 0x97, 0x26, 0x9d, 0x97, 0x26, 0x9d, 0x97, 0x26, 0x9d, 0x97, 0x26, 
  0x9d, 0x97, 0x26, 0x9d, 0x97, 0x26, 0x9d, 0x97, 0x26, 0x9d, 0x97, 0x26, 
  0x9d, 0x97, 0x26, 0x9d, 0x97, 0x26, 0x9d, 0x97, 0x26, 0x9d, 0x97, 0x26, 
  0x9d, 0x97, 0x26, 0x9d, 0x97, 0x26, 0x9d, 0x97, 0x26, 0x9d, 0x97, 0x26, 
  0x9d, 0x97, 0x26, 0x9d, 0x97, 0x26, 0x9d, 0x97, 0x26, 0x9d, 0x97, 0x26, 
  0x9d, 0x97, 0x26, 0x9d, 0x97, 0x26, 0x9d, 0x97, 0x26, 0x9d, 0x97, 0x26, 
  0x9d, 0x97, 0x26, 0x9d, 0x97, 0x26, 0x9d, 0x97, 0x26, 0x9d, 0x97, 0x26, 
  0x9d, 0x97, 0x26, 0x9d, 0x97, 0x26, 0x9d, 0x97, 0x26, 0x9d, 0x97, 0x26, 
  0x9d, 0x97, 0x26, 0x9d, 0x97, 0x26, 0x9d, 0x97, 0x26, 0x9d, 0x97, 0x26, 
  0x9d, 0x97, 0x26, 0x9d, 0x97, 0x26, 0x9d, 0x97, 0x26, 0x9d, 0x97, 0x26, 
  0x9d, 0x97, 0x26, 0x9d, 0x97, 0x26, 0x9d, 0x97, 0x26, 0x9d, 0x97, 0x26, 
  0x9d, 0x97, 0x26, 0x9d, 0x97, 0x26, 0x9d, 0x97, 0x26, 0x9d, 0x97, 0x26, 
  0x9d, 0x97, 0x26, 0x9d, 0x97, 0x26, 0x9d, 0x97, 0x26, 0x9d, 0x97, 0x26, 
  0x9d, 0x97, 0x26, 0x9d, 0x97, 0x26, 0x9d, 0x97, 0x26, 0x9d, 0x97, 0x26, 
  0x9d, 0x97, 0x26, 0x9d, 0x97, 0x26, 0x9d, 0x97, 0x26, 0x9d, 0x97, 0x26, 
  0x9d, 0x97, 0x26, 0x9d, 0x97, 0x26, 0x9d, 0x97, 0x26, 0x9d, 0x97, 0x26, 
  0x9d, 0x97, 0x26, 0x9d, 0x97, 0x26, 0x9d, 0x97, 0x26, 0x9d, 0x97, 0x26, 
  0x9d, 0x97, 0x26, 0x9d, 0x97, 0x26, 0x9d, 0x97, 0x26, 0x9d, 0x97, 0x26, 
  0x9d, 0x97, 0x26, 0x9d, 0x97, 0x26, 0x9d, 0x97, 0x26, 0x9d, 0x97, 0x26, 
  0x9d, 0x97, 0x26, 0x9d, 0x97, 0x26, 0x9d, 0x97, 0x26, 0x9d, 0x97, 0x26, 
  0x9d, 0x97, 0x26, 0x9d, 0x97, 0x26, 0x9d, 0x97, 0x26, 0x9d, 0x97, 0x26, 
  0x9d, 0x97, 0x26, 0x9d, 0x97, 0x26, 0x9d, 0x97, 0x26, 0x9d, 0x97, 0x26, 
  0x9d, 0x97, 0x26, 0x9d, 0x97, 0x26, 0x9d, 0x97, 0x26, 0x9d, 0x97, 0x26, 
  0x9d, 0x97, 0x26, 0x9d, 0x97, 0x26, 0x9d, 0x97, 0x26, 0x9d, 0x97, 0x26, 
  0x9d, 0x97, 0x26, 0x9d, 0x97, 0x26, 0x9d, 0x97, 0x26, 0x9d, 0x97, 0x26, 
  0x9d, 0x97, 0x26, 0x9d, 0x97, 0x26, 0x9d, 0x97, 0x26, 0x9d, 0x97, 0x26, 
  0x9d, 0x97, 0x26, 0x9d, 0x97, 0x26, 0x9d, 0x97, 0x26, 0x9d, 0x97, 0x26, 
  0x9d, 0x97, 0x26, 0x9d, 0x97, 0x26, 0x9d, 0x97, 0x26, 0x9d, 0x97, 0x26, 
  0x9d, 0x97, 0x26, 0x9d, 0x97, 0x26, 0x9d, 0x97, 0x26, 0x9d, 0x97, 0x26, 
  0x9d, 0x97, 0x26, 0x9d, 0x97, 0x26, 0x9d, 0x97, 0x26, 0x9d, 0x97, 0x26, 
  0x9d, 0x97, 0x26, 0x9d, 0x97, 0x26, 0x9d, 0x97, 0x26, 0x9d, 0x97, 0x26, 
  0x9d, 0x97, 0x26, 0x9d, 0x97, 0x26, 0x9d, 0x97, 0x26, 0x9d, 0x97, 0x26, 
  0x9d, 0x97, 0x26, 0x9d, 0x97, 0x26, 0x9d, 0x97, 0x26, 0x9d, 0x97, 0x26, 
  0x9d, 0x97, 0x26, 0x9d, 0x97, 0x26, 0x9d, 0x97, 0x26, 0x9d, 0x97, 0x26, 
  0x9d, 0x97, 0x26, 0x9d, 0x97, 0x26, 0x9d, 0x97, 0x26, 0x9d, 0x97, 0x26, 
  0x9d, 0x97, 0x26, 0x9d, 0x97, 0x26, 0x9d, 0x97, 0x26, 0x9d, 0x97, 0x26, 
  0x9d, 0x97, 0x26, 0x9d, 0x97, 0x26, 0x9d, 0x97, 0x26, 0x9d, 0x97, 0x26, 
  0x9d, 0x97, 0x26, 0x9d, 0x97, 0x26, 0x9d, 0x97, 0x26, 0x9d, 0x97, 0x26, 
  0x9d, 0x97, 0x26, 0x9d, 0x97, 0x26, 0x9d, 0x97, 0x26, 0x9d, 0x97, 0x26, 
  0x9d, 0x97, 0x26, 0x9d, 0x97, 0x26, 0x9d, 0x97, 0x26, 0x9d, 0x97, 0x26, 
  0x9d, 0x97, 0x26, 0x9d, 0x97, 0x26, 0x9d, 0x97, 0x26, 0x9d, 0x97, 0x26, 
  0x9d, 0x97, 0x26, 0x9d, 0x97, 0x26, 0x9d, 0x97, 0x26, 0x9d, 0x97, 0x26, 
  0x9d, 0x97, 0x26, 0x9d, 0x97, 0x26, 0x9d, 0x97, 0x26, 0x9d, 0x97, 0x26, 
  0x9d, 0x97, 0x26, 0x9d, 0x97, 0x26, 0x9d, 0x97, 0x26, 0x9d, 0x97, 0x26, 
  0x9d, 0x97, 0x26, 0x9d, 0x97, 0x26, 0x9d, 0x97, 0x26, 0x9d, 0x97, 0x26, 
  0x9d, 0x97, 0x26, 0x9d, 0x97, 0x26, 0x9d, 0x97, 0x26, 0x9d, 0x97, 0x26, 
  0x9d, 0x97, 0x26, 0x9d, 0x97, 0x26, 0x9d, 0x97, 0x26, 0x9d, 0x97, 0x26, 
  0x9d, 0x97, 0x26, 0x9d, 0x97, 0x26, 0x9d, 0x97, 0x26, 0x9d, 0x97, 0x26, 
  0x9d, 0x97, 0x26, 0x9d, 0x97, 0x26, 0x9d, 0x97, 0x26, 0x9d, 0x97, 0x26, 
  0x9d, 0x97, 0x26, 0x9d, 0x97, 0x26, 0x9d, 0x97, 0x26, 0x9d, 0x97, 0x26, 
  0x9d, 0x97, 0x26, 0x9d, 0x97, 0x26, 0x9d, 0x97, 0x26, 0x9d, 0x97, 0x26, 
  0x9d, 0x97, 0x26, 0x9d, 0x97, 0x26, 0x9d, 0x97, 0x26, 0x9d, 0x97, 0x26, 
  0x9d, 0x97, 0x26, 0x9d, 0x97, 0x26, 0x9d, 0x97, 0x26, 0x9d, 0x97, 0x26, 
  0x9d, 0x97, 0x26, 0x9d, 0x97, 0x26, 0x9d, 0x97, 0x26, 0x9d, 0x97, 0x26, 
  0x9d, 0x97, 0x26, 0x9d, 0x97, 0x26, 0x9d, 0x97, 0x26, 0x9d, 0x97, 0x26, 
  0x9d, 0x97, 0x26, 0x9d, 0x97, 0x26, 0x9d, 0x97, 0x26, 0x9d, 0x97, 0x26, 
  0x9d, 0x97, 0x26, 0x9d, 0x97, 0x26, 0x9d, 0x97, 0x26, 0x9d, 0x97, 0x26, 
  0x9d, 0x97, 0x26, 0x9d, 0x97, 0x26, 0x9d, 0x97, 0x26, 0x9d, 0x97, 0x26, 
  0x9d, 0x97, 0x26, 0x9d, 0x97, 0x26, 0x9d, 0x97, 0x26, 0x9d, 0x97, 0x26, 
  0x9d, 0x97, 0x26, 0x9d, 0x97, 0x26, 0x9d, 0x97, 0x26, 0x9d, 0x97, 0x26, 
  0x9d, 0x97, 0x26, 0x9d, 0x97, 0x26, 0x9d, 0x97, 0x26, 0x9d, 0x97, 0x26, 
  0x9d, 0x97, 0x26, 0x9d, 0x97, 0x26, 0x9d, 0x97, 0x26, 0x9d, 0x97, 0x26, 
  0x9d, 0x97, 0x26, 0x9d, 0x97, 0x26, 0x9d, 0x97, 0x26, 0x9d, 0x97, 0x26, 
  0x9d, 0x97, 0x26, 0x9d, 0x97, 0x26, 0x9d, 0x97, 0x26, 0x9d, 0x97, 0x26, 
  0x9d, 0x97, 0x26, 0x9d, 0x97, 0x26, 0x9d, 0x97, 0x26, 0x9d, 0x97, 0x26, 
  0x9d, 0x97, 0x26, 0x9d, 0x97, 0x26, 0x9d, 0x97, 0x26, 0x9d, 0x97, 0x26, 
  0x9d, 0x97, 0x26, 0x9d, 0x97, 0x26, 0x9d, 0x97, 0x26, 0x9d, 0x97, 0x26, 
  0x9d, 0x97, 0x26, 0x9d, 0x97, 0x26, 0x9d, 0x97, 0x26, 0x9d, 0x97, 0x26, 
  0x9d, 0x97, 0x26, 0x9d, 0x97, 0x26, 0x9d, 0x97, 0x26, 0x9d, 0x97, 0x26, 
  0x9d, 0x97, 0x26, 0x9d, 0x97, 0x26, 0x9d, 0x97, 0x26, 0x9d, 0x97, 0x26, 
  0x9d, 0x97, 0x26, 0x9d, 0x97, 0x26, 0x9d, 0x97, 0x26, 0x9d, 0x97, 0x26, 
  0x9d, 0x97, 0x26, 0x9d, 0x97, 0x26, 0x9d, 0x97, 0x26, 0x9d, 0x97, 0x26, 
  0x9d, 0x97, 0x26, 0x9d, 0x97, 0x26, 0x9d, 0x97, 0x26, 0x9d, 0x97, 0x26, 
  0x9d, 0x97, 0x26, 0x9d, 0x97, 0x26, 0x9d, 0x97, 0x26, 0x9d, 0x97, 0x26, 
  0x9d, 0x97, 0x26, 0x9d, 0x97, 0x26, 0x9d, 0x97, 0x26, 0x9d, 0x97, 0x26, 
  0x9d, 0x97, 0x26, 0x9d, 0x97, 0x26, 0x9d, 0x97, 0x26, 0x9d, 0x97, 0x26, 
  0x9d, 0x97, 0x26, 0x9d, 0x97, 0x26, 0x9d, 0x97, 0x26, 0x9d, 0x97, 0x26, 
  0x9d, 0x97, 0x26, 0x9d, 0x97, 0x26, 0x9d, 0x97, 0x26, 0x9d, 0x97, 0x26, 
  0x9d, 0x97, 0x26, 0x9d, 0x97, 0x26, 0x9d, 0x97, 0x26, 0x9d, 0x97, 0x26, 
  0x9d, 0x97, 0x26, 0x9d, 0x97, 0x26, 0x9d, 0x97, 0x26, 0x9d, 0x97, 0x26, 
  0x9d, 0x97, 0x26, 0x9d, 0x97, 0x26, 0x9d, 0x97, 0x26, 0x9d, 0x97, 0x26, 
  0x9d, 0x97, 0x26, 0x9d, 0x97, 0x26, 0x9d, 0x97, 0x26, 0x9d, 0x97, 0x26, 
  0x9d, 0x97, 0x26, 0x9d, 0x97, 0x26, 0x9d, 0x97, 0x26, 0x9d, 0x97, 0x26, 
  0x9d, 0x97, 0x26, 0x9d, 0x97, 0x26, 0x9d, 0x97, 0x26, 0x9d, 0x97, 0x26, 
  0x9d, 0x97, 0x26, 0x9d, 0x97, 0x26, 0x9d, 0x97, 0x26, 0x9d, 0x97, 0x26, 
  0x9d, 0x97, 0x26, 0x9d, 0x97, 0x26, 0x9d, 0x97, 0x26, 0x9d, 0x97, 0x26, 
  0x9d, 0x97, 0x26, 0x9d, 0x97, 0x26, 0x9d, 0x97, 0x26, 0x9d, 0x97, 0x26, 
  0x9d, 0x97, 0x26, 0x9d, 0x97, 0x26, 0x9d, 0x97, 0x26, 0x9d, 0x97, 0x26, 
  0x9d, 0x97, 0x26, 0x9d, 0x97, 0x26, 0x9d, 0x97, 0x26, 0x9d, 0x97, 0x26, 
  0x9d, 0x97, 0x26, 0x9d, 0x97, 0x26, 0x9d, 0x97, 0x26, 0x9d, 0x97, 0x26, 
  0x9d, 0x97, 0x26, 0x9d, 0x97, 0x26, 0x9d, 0x97, 0x26, 0x9d, 0x97, 0x26, 
  0x9d, 0x97, 0x26, 0x9d, 0x97, 0x26, 0x9d, 0x97, 0x26, 0x9d, 0x97, 0x26, 
  0x9d, 0x97, 0x26, 0x9d, 0x97, 0x26, 0x9d, 0x97, 0x26, 0x9d, 0x97, 0x26, 
  0x9d, 0x97, 0x26, 0x9d, 0x97, 0x26, 0x9d, 0x97, 0x26, 0x9d, 0x97, 0x26, 
  0x9d, 0x97, 0x26, 0x9d, 0x97, 0x26, 0x9d, 0x97, 0x26, 0x9d, 0x97, 0x26, 
  0x9d, 0x97, 0x26, 0x9d, 0x97, 0x26, 0x9d, 0x97, 0x26, 0x9d, 0x97, 0x26, 
  0x9d, 0x97, 0x26, 0x9d, 0x97, 0x26, 0x9d, 0x97, 0x26, 0x9d, 0x97, 0x26, 
  0x9d, 0x97, 0x26, 0x9d, 0x97, 0x26, 0x9d, 0x97, 0x26, 0x9d, 0x97, 0x26, 
  0x9d, 0x97, 0x26, 0x9d, 0x97, 0x26, 0x9d, 0x97, 0x26, 0x9d, 0x97, 0x26, 
  0x9d, 0x97, 0x26, 0x9d, 0x97, 0x26, 0x9d, 0x97, 0x26, 0x9d, 0x97, 0x26, 
  0x9d, 0x97, 0x26, 0x9d, 0x97, 0x26, 0x9d, 0x97, 0x26, 0x9d, 0x97, 0x26, 
  0x9d, 0x97, 0x26, 0x9d, 0x97, 0x26, 0x9d, 0x97, 0x26, 0x9d, 0x97, 0x26, 
  0x9d, 0x97, 0x26, 0x9d, 0x97, 0x26, 0x9d, 0x97, 0x26, 0x9d, 0x97, 0x26, 
  0x9d, 0x97, 0x26, 0x9d, 0x97, 0x26, 0x9d, 0x97, 0x26, 0x9d, 0x97, 0x26, 
  0x9d, 0x97, 0x26, 0x9d, 0x97, 0x26, 0x9d, 0x97, 0x26, 0x9d, 0x97, 0x26, 
  0x9d, 0x97, 0x26, 0x9d, 0x97, 0x26, 0x9d, 0x97, 0x26, 0x9d, 0x97, 0x26, 
  0x9d, 0x97, 0x26, 0x9d, 0x97, 0x26, 0x9d, 0x97, 0x26, 0x9d, 0x97, 0x26, 
  0x9d, 0x97, 0x26, 0x9d, 0x97, 0x26, 0x9d, 0x97, 0x26, 0x9d, 0x97, 0x26, 
  0x9d, 0x97, 0x26, 0x9d, 0x97, 0x26, 0x9d, 0x97, 0x26, 0x9d, 0x97, 0x26, 
  0x9d, 0x97, 0x26, 0x9d, 0x97, 0x26, 0x9d, 0x97, 0x26, 0x9d, 0x97, 0x26, 
  0x9d, 0x97, 0x26, 0x9d, 0x97, 0x26, 0x9d, 0x97, 0x26, 0x9d, 0x97, 0x26, 
  0x9d, 0x97, 0x26, 0x9d, 0x97, 0x26, 0x9d, 0x97, 0x26, 0x9d, 0x97, 0x26, 
  0x9d, 0x97, 0x26, 0x9d, 0x97, 0x26, 0x9d, 0x97, 0x26, 0x9d, 0x97, 0x26, 
  0x9d, 0x97, 0x26, 0x9d, 0x97, 0x26, 0x9d, 0x97, 0x26, 0x9d, 0x97, 0x26, 
  0x9d, 0x97, 0x26, 0x9d, 0x97, 0x26, 0x9d, 0x97, 0x26, 0x9d, 0x97, 0x26, 
  0x9d, 0x97, 0x26, 0x9d, 0x97, 0x26, 0x9d, 0x97, 0x26, 0x9d, 0x97, 0x26, 
  0x9d, 0x97, 0x26, 0x9d, 0x97, 0x26, 0x9d, 0x97, 0x26, 0x9d, 0x97, 0x26, 
  0x9d, 0x97, 0x26, 0x9d, 0x97, 0x26, 0x9d, 0x97, 0x26, 0x9d, 0x97, 0x26, 
  0x9d, 0x97, 0x26, 0x9d, 0x97, 0x26, 0x9d, 0x97, 0x26, 0x9d, 0x97, 0x26, 
  0x9d, 0x97, 0x26, 0x9d, 0x97, 0x26, 0x9d, 0x97, 0x26, 0x9d, 0x97, 0x26, 
  0x9d, 0x97, 0x26, 0x9d, 0x97, 0x26, 0x9d, 0x97, 0x26, 0x9d, 0x97, 0x26, 
  0x9d, 0x97, 0x26, 0x9d, 0x97, 0x26, 0x9d, 0x97, 0x26, 0x9d, 0x97, 0x26, 
  0x9d, 0x97, 0x26, 0x9d, 0x97, 0x26, 0x9d, 0x97, 0x26, 0x9d, 0x97, 0x26, 
  0x9d, 0x97, 0x26, 0x9d, 0x97, 0x26, 0x9d, 0x97, 0x26, 0x9d, 0x97, 0x26, 
  0x5d, 0x97, 0x26, 0x5d, 0x97, 0x26, 0x5d, 0x97, 0x26, 0x5d, 0x97, 0x26, 
  0x5d, 0x97, 0x26, 0x5d, 0x97, 0x26, 0x9d, 0x97, 0x26, 0x9d, 0x97, 0x26, 
  0x9d, 0x97, 0x26, 0x9d, 0x97, 0x26, 0x9d, 0x97, 0x26, 0x9d, 0x97, 0x26, 
  0x9d, 0x97, 0x26, 0x9d, 0x97, 0x26, 0x9d, 0x97, 0x26, 0x9d, 0x97, 0x26, 
  0x9d, 0x97, 0x26, 0x9d, 0x97, 0x26, 0x9d, 0x97, 0x26, 0x9d, 0x97, 0x26, 
  0x9d, 0x97, 0x26, 0x9d, 0x97, 0x26, 0x9d, 0x97, 0x26, 0x9d, 0x97, 0x26, 
  0x9d, 0x97, 0x26, 0x9d, 0x97, 0x26, 0x9d, 0x97, 0x26, 0x9d, 0x97, 0x26, 
  0x9d, 0x97, 0x26, 0x9d, 0x97, 0x26, 0x9d, 0x97, 0x26, 0x9d, 0x97, 0x26, 
  0x9d, 0x97, 0x26, 0x9d, 0x97, 0x26, 0x9d, 0x97, 0x26, 0x9d, 0x97, 0x26, 
  0x9d, 0x97, 0x26, 0x9d, 0x97, 0x26, 0x9d, 0x97, 0x26, 0x5d, 0x97, 0x26, 
  0x5d, 0x97, 0x26, 0x5d, 0x97, 0x26, 0x5d, 0x97, 0x26, 0x5d, 0x97, 0x26, 
  0x5d, 0x97, 0x26, 0x5d, 0x97, 0x26, 0x5d, 0x97, 0x26, 0x9d, 0x97, 0x26, 
  0x9d, 0x97, 0x26, 0x9d, 0x97, 0x26, 0x9d, 0x97, 0x26, 0x9d, 0x97, 0x26, 
  0x9d, 0x97, 0x26, 0x9d, 0x97, 0x26, 0x9d, 0x97, 0x26, 0x9d, 0x97, 0x26, 
  0x9d, 0x97, 0x26, 0x9d, 0x97, 0x26, 0x9d, 0x97, 0x26, 0x9d, 0x97, 0x26, 
  0x5d, 0x97, 0x26, 0x5d, 0x97, 0x26, 0x5d, 0x97, 0x26, 0x5d, 0x97, 0x26, 
  0x5d, 0x97, 0x26, 0x5d, 0x97, 0x26, 0x5d, 0x97, 0x26, 0x5d, 0x97, 0x26, 
  0x5d, 0x97, 0x26, 0x5d, 0x97, 0x26, 0x9d, 0x97, 0x26, 0x9d, 0x97, 0x26, 
  0x9d, 0x97, 0x26, 0x9d, 0x97, 0x26, 0x9d, 0x97, 0x26, 0x5d, 0x97, 0x26, 
  0x5d, 0x97, 0x26, 0x5d, 0x97, 0x26, 0x5d, 0x97, 0x26, 0x5d, 0x97, 0x26, 
  0x5d, 0x97, 0x26, 0x5d, 0x97, 0x26, 0x5d, 0x97, 0x26, 0x9d, 0x97, 0x26, 
  0x9d, 0x97, 0x26, 0x9d, 0x97, 0x26, 0x9d, 0x97, 0x26, 0x9d, 0x97, 0x26, 
  0x9d, 0x97, 0x26, 0x9d, 0x97, 0x26, 0x5d, 0x97, 0x26, 0x5d, 0x97, 0x26, 
  0x5d, 0x97, 0x26, 0x5d, 0x97, 0x26, 0x5d, 0x97, 0x26, 0x5d, 0x97, 0x26, 
  0x5d, 0x97, 0x26, 0x5d, 0x97, 0x26, 0x5d, 0x97, 0x26, 0x5d, 0x97, 0x26, 
  0x5d, 0x97, 0x26, 0x5d, 0x97, 0x26, 0x5d, 0x97, 0x26, 0x5d, 0x97, 0x26, 
  0x5d, 0x97, 0x26, 0x5d, 0x97, 0x26, 0x5d, 0x97, 0x26, 0x5d, 0x97, 0x26, 
  0x5d, 0x97, 0x26, 0x9d, 0x97, 0x26, 0x9d, 0x97, 0x26, 0x9d, 0x97, 0x26, 
  0x9d, 0x97, 0x26, 0x9d, 0x97, 0x26, 0x9d, 0x97, 0x26, 0x9d, 0x97, 0x26, 
  0x9d, 0x97, 0x26, 0x9d, 0x97, 0x26, 0x9d, 0x97, 0x26, 0x9d, 0x97, 0x26, 
  0x5d, 0x97, 0x26, 0x5d, 0x97, 0x26, 0x5d, 0x97, 0x26, 0x5d, 0x97, 0x26, 
  0x5d, 0x97, 0x26, 0x5d, 0x97, 0x26, 0x5d, 0x97, 0x26, 0x5d, 0x97, 0x26, 
  0x5d, 0x97, 0x26, 0x5d, 0x97, 0x26, 0x5d, 0x97, 0x26, 0x5d, 0x97, 0x26, 
  0x9d, 0x97, 0x26, 0x9d, 0x97, 0x26, 0x5d, 0x97, 0x26, 0x5d, 0x97, 0x26, 
  0x5d, 0x97, 0x26, 0x5d, 0x97, 0x26, 0x5d, 0x97, 0x26, 0x5d, 0x97, 0x26, 
  0x5d, 0x97, 0x26, 0x5d, 0x97, 0x26, 0x5d, 0x97, 0x26, 0x5d, 0x97, 0x26, 
  0x5d, 0x97, 0x26, 0x5d, 0x97, 0x26, 0x9d, 0x97, 0x26, 0x9d, 0x97, 0x26, 
  0x5d, 0x97, 0x26, 0x5d, 0x97, 0x26, 0x5d, 0x97, 0x26, 0x5d, 0x97, 0x26, 
  0x5d, 0x97, 0x26, 0x5d, 0x97, 0x26, 0x5d, 0x97, 0x26, 0x5d, 0x97, 0x26, 
  0x5d, 0x97, 0x26, 0x5d, 0x97, 0x26, 0x5d, 0x97, 0x26, 0x5d, 0x97, 0x26, 
  0x5d, 0x97, 0x26, 0x5d, 0x97, 0x26, 0x5d, 0x97, 0x26, 0x5d, 0x97, 0x26, 
  0x5d, 0x97, 0x26, 0x5d, 0x97, 0x26, 0x5d, 0x97, 0x26, 0x5d, 0x97, 0x26, 
  0x5d, 0x97, 0x26, 0x5d, 0x97, 0x26, 0x5d, 0x97, 0x26, 0x5d, 0x97, 0x26, 
  0x5d, 0x97, 0x26, 0x5d, 0x97, 0x26, 0x5d, 0x97, 0x26, 0x5d, 0x97, 0x26, 
  0x5d, 0x97, 0x26, 0x5d, 0x97, 0x26, 0x5d, 0x97, 0x26, 0x5d, 0x97, 0x26, 
  0x5d, 0x97, 0x26, 0x5d, 0x97, 0x26, 0x5d, 0x97, 0x26, 0x5d, 0x97, 0x26, 
  0x5d, 0x97, 0x26, 0x5d, 0x97, 0x26, 0x5d, 0x97, 0x26, 0x5d, 0x97, 0x26, 
  0x5d, 0x97, 0x26, 0x5d, 0x97, 0x26, 0x5d, 0x97, 0x26, 0x5d, 0x97, 0x26, 
  0x5d, 0x97, 0x26, 0x5d, 0x97, 0x26, 0x5d, 0x97, 0x26, 0x5d, 0x97, 0x26, 
  0x5d, 0x97, 0x26, 0x5d, 0x97, 0x26, 0x5d, 0x97, 0x26, 0x5d, 0x97, 0x26, 
  0x5d, 0x97, 0x26, 0x5d, 0x97, 0x26, 0x5d, 0x97, 0x26, 0x5d, 0x97, 0x26, 
  0x5d, 0x97, 0x26, 0x5d, 0x97, 0x26, 0x5d, 0x97, 0x26, 0x5d, 0x97, 0x26, 
  0x5d, 0x97, 0x26, 0x5d, 0x97, 0x26, 0x5d, 0x97, 0x26, 0x5d, 0x97, 0x26, 
  0x5d, 0x97, 0x26, 0x5d, 0x97, 0x26, 0x5d, 0x97, 0x26, 0x5d, 0x97, 0x26, 
  0x5d, 0x97, 0x26, 0x5d, 0x97, 0x26, 0x5d, 0x97, 0x26, 0x5d, 0x97, 0x26, 
  0x5d, 0x97, 0x26, 0x5d, 0x97, 0x26, 0x5d, 0x97, 0x26, 0x5d, 0x97, 0x26, 
  0x5d, 0x97, 0x26, 0x5d, 0x97, 0x26, 0x5d, 0x97, 0x26, 0x5d, 0x97, 0x26, 
  0x5d, 0x97, 0x26, 0x5d, 0x97, 0x26, 0x5d, 0x97, 0x26, 0x5d, 0x97, 0x26, 
  0x5d, 0x97, 0x26, 0x5d, 0x97, 0x26, 0x5d, 0x97, 0x26, 0x5d, 0x97, 0x26, 
  0x5d, 0x97, 0x26, 0x5d, 0x97, 0x26, 0x5d, 0x97, 0x26, 0x5d, 0x97, 0x26, 
  0x5d, 0x97, 0x26, 0x5d, 0x97, 0x26, 0x5d, 0x97, 0x26, 0x5d, 0x97, 0x26, 
  0x5d, 0x97, 0x26, 0x5d, 0x97, 0x26, 0x5d, 0x97, 0x26, 0x5d, 0x97, 0x26, 
  0x5d, 0x97, 0x26, 0x5d, 0x97, 0x26, 0x5d, 0x97, 0x26, 0x5d, 0x97, 0x26, 
  0x5d, 0x97, 0x26, 0x5d, 0x97, 0x26, 0x5d, 0x97, 0x26, 0x5d, 0x97, 0x26, 
  0x5d, 0x97, 0x26, 0x5d, 0x97, 0x26, 0x5d, 0x97, 0x26, 0x5d, 0x97, 0x26, 
  0x5d, 0x97, 0x26, 0x5d, 0x97, 0x26, 0x5d, 0x97, 0x26, 0x5d, 0x97, 0x26, 
  0x5d, 0x97, 0x26, 0x5d, 0x97, 0x26, 0x5d, 0x97, 0x26, 0x5d, 0x97, 0x26, 
  0x5d, 0x97, 0x26, 0x5d, 0x97, 0x26, 0x5d, 0x97, 0x26, 0x5d, 0x97, 0x26, 
  0x5d, 0x97, 0x26, 0x5d, 0x97, 0x26, 0x5d, 0x97, 0x26, 0x5d, 0x97, 0x26, 
  0x5d, 0x97, 0x26, 0x5d, 0x97, 0x26, 0x5d, 0x97, 0x26, 0x5d, 0x97, 0x26, 
  0x5d, 0x97, 0x26, 0x5d, 0x97, 0x26, 0x5d, 0x97, 0x26, 0x5d, 0x97, 0x26, 
  0x5d, 0x97, 0x26, 0x5d, 0x97, 0x26, 0x5d, 0x97, 0x26, 0x5d, 0x97, 0x26, 
  0x5d, 0x97, 0x26, 0x5d, 0x97, 0x26, 0x5d, 0x97, 0x26, 0x5d, 0x97, 0x26, 
  0x5d, 0x97, 0x26, 0x5d, 0x97, 0x26, 0x5d, 0x97, 0x26, 0x5d, 0x97, 0x26, 
  0x5d, 0x97, 0x26, 0x5d, 0x97, 0x26, 0x5d, 0x97, 0x26, 0x5d, 0x97, 0x26, 
  0x5d, 0x97, 0x26, 0x5d, 0x97, 0x26, 0x5d, 0x97, 0x26, 0x5d, 0x97, 0x26, 
  0x5d, 0x97, 0x26, 0x5d, 0x97, 0x26, 0x5d, 0x97, 0x26, 0x5d, 0x97, 0x26, 
  0x5d, 0x97, 0x26, 0x5d, 0x97, 0x26, 0x5d, 0x97, 0x26, 0x5d, 0x97, 0x26, 
  0x5d, 0x97, 0x26, 0x5d, 0x97, 0x26, 0x5d, 0x97, 0x26, 0x5d, 0x97, 0x26, 
  0x5d, 0x97, 0x26, 0x5d, 0x97, 0x26, 0x5d, 0x97, 0x26, 0x5d, 0x97, 0x26, 
  0x5d, 0x97, 0x26, 0x5d, 0x97, 0x26, 0x5d, 0x97, 0x26, 0x5d, 0x97, 0x26, 
  0x5d, 0x97, 0x26, 0x5d, 0x97, 0x26, 0x5d, 0x97, 0x26, 0x5d, 0x97, 0x26, 
  0x5d, 0x97, 0x26, 0x5d, 0x97, 0x26, 0x5d, 0x97, 0x26, 0x5d, 0x97, 0x26, 
  0x5d, 0x97, 0x26, 0x5d, 0x97, 0x26, 0x5d, 0x97, 0x26, 0x5d, 0x97, 0x26, 
  0x5d, 0x97, 0x26, 0x5d, 0x97, 0x26, 0x5d, 0x97, 0x26, 0x5d, 0x97, 0x26, 
  0x5d, 0x97, 0x26, 0x5d, 0x97, 0x26, 0x5d, 0x97, 0x26, 0x5d, 0x97, 0x26, 
  0x5d, 0x97, 0x26, 0x5d, 0x97, 0x26, 0x5d, 0x97, 0x26, 0x5d, 0x97, 0x26, 
  0x5d, 0x97, 0x26, 0x5d, 0x97, 0x26, 0x5d, 0x97, 0x26, 0x5d, 0x97, 0x26, 
  0x5d, 0x97, 0x26, 0x5d, 0x97, 0x26, 0x5d, 0x97, 0x26, 0x5d, 0x97, 0x26, 
  0x5d, 0x97, 0x26, 0x5d, 0x97, 0x26, 0x5d, 0x97, 0x26, 0x5d, 0x97, 0x26, 
  0x5d, 0x97, 0x26, 0x5d, 0x97, 0x26, 0x5d, 0x97, 0x26, 0x5d, 0x97, 0x26, 
  0x5d, 0x97, 0x26, 0x5d, 0x97, 0x26, 0x5d, 0x97, 0x26, 0x5d, 0x97, 0x26, 
  0x5d, 0x97, 0x26, 0x5d, 0x97, 0x26, 0x5d, 0x97, 0x26, 0x5d, 0x97, 0x26, 
  0x5d, 0x97, 0x26, 0x5d, 0x97, 0x26, 0x5d, 0x97, 0x26, 0x5d, 0x97, 0x26, 
  0x5d, 0x97, 0x26, 0x5d, 0x97, 0x26, 0x5d, 0x97, 0x26, 0x5d, 0x97, 0x26, 
  0x5d, 0x97, 0x26, 0x5d, 0x97, 0x26, 0x5d, 0x97, 0x26, 0x5d, 0x97, 0x26, 
  0x5d, 0x97, 0x26, 0x5d, 0x97, 0x26, 0x5d, 0x97, 0x26, 0x5d, 0x97, 0x26, 
  0x5d, 0x97, 0x26, 0x5d, 0x97, 0x26, 0x5d, 0x97, 0x26, 0x5d, 0x97, 0x26, 
  0x5d, 0x97, 0x26, 0x5d, 0x97, 0x26, 0x5d, 0x97, 0x26, 0x5d, 0x97, 0x26, 
  0x5d, 0x97, 0x26, 0x5d, 0x97, 0x26, 0x5d, 0x97, 0x26, 0x5d, 0x97, 0x26, 
  0x5d, 0x97, 0x26, 0x5d, 0x97, 0x26, 0x5d, 0x97, 0x26, 0x5d, 0x97, 0x26, 
  0x5d, 0x97, 0x26, 0x5d, 0x97, 0x26, 0x5d, 0x97, 0x26, 0x5d, 0x97, 0x26, 
  0x5d, 0x97, 0x26, 0x5d, 0x97, 0x26, 0x5d, 0x97, 0x26, 0x5d, 0x97, 0x26, 
  0x5d, 0x97, 0x26, 0x5d, 0x97, 0x26, 0x5d, 0x97, 0x26, 0x5d, 0x97, 0x26, 
  0x5d, 0x97, 0x26, 0x5d, 0x97, 0x26, 0x5d, 0x97, 0x26, 0x5d, 0x97, 0x26, 
  0x5d, 0x97, 0x26, 0x5d, 0x97, 0x26, 0x5d, 0x97, 0x26, 0x5d, 0x97, 0x26, 
  0x5d, 0x97, 0x26, 0x5d, 0x97, 0x26, 0x5d, 0x97, 0x26, 0x5d, 0x97, 0x26, 
  0x5d, 0x97, 0x26, 0x5d, 0x97, 0x26, 0x5d, 0x97, 0x26, 0x5d, 0x97, 0x26, 
  0x5d, 0x97, 0x26, 0x5d, 0x97, 0x26, 0x5d, 0x97, 0x26, 0x5d, 0x97, 0x26, 
  0x5d, 0x97, 0x26, 0x5d, 0x97, 0x26, 0x5d, 0x97, 0x26, 0x5d, 0x97, 0x26, 
  0x5d, 0x97, 0x26, 0x5d, 0x97, 0x26, 0x5d, 0x97, 0x26, 0x5d, 0x97, 0x26, 
  0x5d, 0x97, 0x26, 0x5d, 0x97, 0x26, 0x5d, 0x97, 0x26, 0x5d, 0x97, 0x26, 
  0x5d, 0x97, 0x26, 0x5d, 0x97, 0x26, 0x5d, 0x97, 0x26, 0x5d, 0x97, 0x26, 
  0x5d, 0x97, 0x26, 0x5d, 0x97, 0x26, 0x5d, 0x97, 0x26, 0x5d, 0x97, 0x26, 
  0x5d, 0x97, 0x26, 0x5d, 0x97, 0x26, 0x5d, 0x97, 0x26, 0x5d, 0x97, 0x26, 
  0x5d, 0x97, 0x26, 0x5d, 0x97, 0x26, 0x5d, 0x97, 0x26, 0x5d, 0x97, 0x26, 
  0x5d, 0x97, 0x26, 0x5d, 0x97, 0x26, 0x5d, 0x97, 0x26, 0x5d, 0x97, 0x26, 
  0x5d, 0x97, 0x26, 0x5d, 0x97, 0x26, 0x5d, 0x97, 0x26, 0x5d, 0x97, 0x26, 
  0x5d, 0x97, 0x26, 0x5d, 0x97, 0x26, 0x5d, 0x97, 0x26, 0x5d, 0x97, 0x26, 
  0x5d, 0x97, 0x26, 0x5d, 0x97, 0x26, 0x5d, 0x97, 0x26, 0x5d, 0x97, 0x26, 
  0x5d, 0x97, 0x26, 0x5d, 0x97, 0x26, 0x5d, 0x97, 0x26, 0x5d, 0x97, 0x26, 
  0x5d, 0x97, 0x26, 0x5d, 0x97, 0x26, 0x5d, 0x97, 0x26, 0x5d, 0x97, 0x26, 
  0x5d, 0x97, 0x26, 0x5d, 0x97, 0x26, 0x5d, 0x97, 0x26, 0x5d, 0x97, 0x26, 
  0x5d, 0x97, 0x26, 0x5d, 0x97, 0x26, 0x5d, 0x97, 0x26, 0x5d, 0x97, 0x26, 
  0x5d, 0x97, 0x26, 0x5d, 0x97, 0x26, 0x5d, 0x97, 0x26, 0x5d, 0x97, 0x26, 
  0x5d, 0x97, 0x26, 0x5d, 0x97, 0x26, 0x5d, 0x97, 0x26, 0x5d, 0x97, 0x26, 
  0x5d, 0x97, 0x26, 0x5d, 0x97, 0x26, 0x5d, 0x97, 0x26, 0x5d, 0x97, 0x26, 
  0x5d, 0x97, 0x26, 0x5d, 0x97, 0x26, 0x5d, 0x97, 0x26, 0x5d, 0x97, 0x26, 
  0x5d, 0x97, 0x26, 0x5d, 0x97, 0x26, 0x5d, 0x97, 0x26, 0x5d, 0x97, 0x26, 
  0x5d, 0x97, 0x26, 0x5d, 0x97, 0x26, 0x5d, 0x97, 0x26, 0x5d, 0x97, 0x26, 
  0x5d, 0x97, 0x26, 0x5d, 0x97, 0x26, 0x5d, 0x97, 0x26, 0x5d, 0x97, 0x26, 
  0x5d, 0x97, 0x26, 0x5d, 0x97, 0x26, 0x5d, 0x97, 0x26, 0x5d, 0x97, 0x26, 
  0x5d, 0x97, 0x26, 0x5d, 0x97, 0x26, 0x5d, 0x97, 0x26, 0x5d, 0x97, 0x26, 
  0x5d, 0x97, 0x26, 0x5d, 0x97, 0x26, 0x5d, 0x97, 0x26, 0x5d, 0x97, 0x26, 
  0x5d, 0x97, 0x26, 0x5d, 0x97, 0x26, 0x5d, 0x97, 0x26, 0x5d, 0x97, 0x26, 
  0x5d, 0x97, 0x26, 0x5d, 0x97, 0x26, 0x5d, 0x97, 0x26, 0x5d, 0x97, 0x26, 
  0x5d, 0x97, 0x26, 0x5d, 0x97, 0x26, 0x5d, 0x97, 0x26, 0x5d, 0x97, 0x26, 
  0x5d, 0x97, 0x26, 0x5d, 0x97, 0x26, 0x5d, 0x97, 0x26, 0x5d, 0x97, 0x26, 
  0x5d, 0x97, 0x26, 0x5d, 0x97, 0x26, 0x5d, 0x97, 0x26, 0x5d, 0x97, 0x26, 
  0x5d, 0x97, 0x26, 0x5d, 0x97, 0x26, 0x5d, 0x97, 0x26, 0x5d, 0x97, 0x26, 
  0x5d, 0x97, 0x26, 0x5d, 0x97, 0x26, 0x5d, 0x97, 0x26, 0x5d, 0x97, 0x26, 
  0x5d, 0x97, 0x26, 0x5d, 0x97, 0x26, 0x5d, 0x97, 0x26, 0x5d, 0x97, 0x26, 
  0x5d, 0x97, 0x26, 0x5d, 0x97, 0x26, 0x5d, 0x97, 0x26, 0x5d, 0x97, 0x26, 
  0x5d, 0x97, 0x26, 0x5d, 0x97, 0x26, 0x5d, 0x97, 0x26, 0x5d, 0x97, 0x26, 
  0x5d, 0x97, 0x26, 0x5d, 0x97, 0x26, 0x5d, 0x97, 0x26, 0x5d, 0x97, 0x26, 
  0x5d, 0x97, 0x26, 0x5d, 0x97, 0x26, 0x5d, 0x97, 0x26, 0x5d, 0x97, 0x26, 
  0x5d, 0x97, 0x26, 0x5d, 0x97, 0x26, 0x5d, 0x97, 0x26, 0x5d, 0x97, 0x26, 
  0x5d, 0x97, 0x26, 0x5d, 0x97, 0x26, 0x5d, 0x97, 0x26, 0x5d, 0x97, 0x26, 
  0x5d, 0x97, 0x26, 0x5d, 0x97, 0x26, 0x5d, 0x97, 0x26, 0x5d, 0x97, 0x26, 
  0x5d, 0x97, 0x26, 0x5d, 0x97, 0x26, 0x5d, 0x97, 0x26, 0x5d, 0x97, 0x26, 
  0x5d, 0x97, 0x26, 0x5d, 0x97, 0x26, 0x5d, 0x97, 0x26, 0x5d, 0x97, 0x26, 
  0x5d, 0x97, 0x26, 0x5d, 0x97, 0x26, 0x5d, 0x97, 0x26, 0x5d, 0x97, 0x26, 
  0x5d, 0x97, 0x26, 0x5d, 0x97, 0x26, 0x5d, 0x97, 0x26, 0x5d, 0x97, 0x26, 
  0x5d, 0x97, 0x26, 0x5d, 0x97, 0x26, 0x5d, 0x97, 0x26, 0x5d, 0x97, 0x26, 
  0x5d, 0x97, 0x26, 0x5d, 0x97, 0x26, 0x5d, 0x97, 0x26, 0x5d, 0x97, 0x26, 
  0x5d, 0x97, 0x26, 0x5d, 0x97, 0x26, 0x5d, 0x97, 0x26, 0x5d, 0x97, 0x26, 
  0x5d, 0x97, 0x26, 0x5d, 0x97, 0x26, 0x5d, 0x97, 0x26, 0x5d, 0x97, 0x26, 
  0x5d, 0x97, 0x26, 0x5d, 0x97, 0x26, 0x5d, 0x97, 0x26, 0x5d, 0x97, 0x26, 
  0x5d, 0x97, 0x26, 0x5d, 0x97, 0x26, 0x5d, 0x97, 0x26, 0x5d, 0x97, 0x26, 
  0x5d, 0x97, 0x26, 0x5d, 0x97, 0x26, 0x5d, 0x97, 0x26, 0x5d, 0x97, 0x26, 
  0x5d, 0x97, 0x26, 0x5d, 0x97, 0x26, 0x5d, 0x97, 0x26, 0x5d, 0x97, 0x26, 
  0x5d, 0x97, 0x26, 0x5d, 0x97, 0x26, 0x5d, 0x97, 0x26, 0x5d, 0x97, 0x26, 
  0x5d, 0x97, 0x26, 0x5d, 0x97, 0x26, 0x5d, 0x97, 0x26, 0x5d, 0x97, 0x26, 
  0x5d, 0x97, 0x26, 0x5d, 0x97, 0x26, 0x5d, 0x97, 0x26, 0x5d, 0x97, 0x26, 
  0x5d, 0x97, 0x26, 0x5d, 0x97, 0x26, 0x5d, 0x97, 0x26, 0x5d, 0x97, 0x26, 
  0x5d, 0x97, 0x26, 0x5d, 0x97, 0x26, 0x5d, 0x97, 0x26, 0x5d, 0x97, 0x26, 
  0x5d, 0x97, 0x26, 0x5d, 0x97, 0x26, 0x5d, 0x97, 0x26, 0x5d, 0x97, 0x26, 
  0x5d, 0x97, 0x26, 0x5d, 0x97, 0x26, 0x5d, 0x97, 0x26, 0x5d, 0x97, 0x26, 
  0x5d, 0x97, 0x26, 0x5d, 0x97, 0x26, 0x5d, 0x97, 0x26, 0x5d, 0x97, 0x26, 
  0x5d, 0x97, 0x26, 0x5d, 0x97, 0x26, 0x5d, 0x97, 0x26, 0x5d, 0x97, 0x26, 
  0x5d, 0x97, 0x26, 0x5d, 0x97, 0x26, 0x5d, 0x97, 0x26, 0x5d, 0x97, 0x26, 
  0x5d, 0x97, 0x26, 0x5d, 0x97, 0x26, 0x5d, 0x97, 0x26, 0x5d, 0x97, 0x26, 
  0x5d, 0x97, 0x26, 0x5d, 0x97, 0x26, 0x5d, 0x97, 0x26, 0x5d, 0x97, 0x26, 
  0x5d, 0x97, 0x26, 0x5d, 0x97, 0x26, 0x5d, 0x97, 0x26, 0x5d, 0x97, 0x26, 
  0x5d, 0x97, 0x26, 0x5d, 0x97, 0x26, 0x5d, 0x97, 0x26, 0x5d, 0x97, 0x26, 
  0x5d, 0x97, 0x26, 0x5d, 0x97, 0x26, 0x5d, 0x97, 0x26, 0x5d, 0x97, 0x26, 
  0x5d, 0x97, 0x26, 0x5d, 0x97, 0x26, 0x5d, 0x97, 0x26, 0x5d, 0x97, 0x26, 
  0x5d, 0x97, 0x26, 0x5d, 0x97, 0x26, 0x5d, 0x97, 0x26, 0x5d, 0x97, 0x26, 
  0x5d, 0x97, 0x26, 0x5d, 0x97, 0x26, 0x5d, 0x97, 0x26, 0x5d, 0x97, 0x26, 
  0x5d, 0x97, 0x26, 0x5d, 0x97, 0x26, 0x5d, 0x97, 0x26, 0x5d, 0x97, 0x26, 
  0x5d, 0x97, 0x26, 0x5d, 0x97, 0x26, 0x5d, 0x97, 0x26, 0x5d, 0x97, 0x26, 
  0x5d, 0x97, 0x26, 0x5d, 0x97, 0x26, 0x5d, 0x97, 0x26, 0x5d, 0x97, 0x26, 
  0x5d, 0x97, 0x26, 0x5d, 0x97, 0x26, 0x5d, 0x97, 0x26, 0x5d, 0x97, 0x26, 
  0x5d, 0x97, 0x26, 0x5d, 0x97, 0x26, 0x5d, 0x97, 0x26, 0x5d, 0x97, 0x26, 
  0x5d, 0x97, 0x26, 0x5d, 0x97, 0x26, 0x5d, 0x97, 0x26, 0x5d, 0x97, 0x26, 
  0x5d, 0x97, 0x26, 0x5d, 0x97, 0x26, 0x5d, 0x97, 0x26, 0x5d, 0x97, 0x26, 
  0x5d, 0x97, 0x26, 0x5d, 0x97, 0x26, 0x5d, 0x97, 0x26, 0x5d, 0x97, 0x26, 
  0x5d, 0x97, 0x26, 0x5d, 0x97, 0x26, 0x5d, 0x97, 0x26, 0x5d, 0x97, 0x26, 
  0x5d, 0x97, 0x26, 0x5d, 0x97, 0x26, 0x5d, 0x97, 0x26, 0x5d, 0x97, 0x26, 
  0x5d, 0x97, 0x26, 0x5d, 0x97, 0x26, 0x5d, 0x97, 0x26, 0x5d, 0x97, 0x26, 
  0x5d, 0x97, 0x26, 0x5d, 0x97, 0x26, 0x5d, 0x97, 0x26, 0x5d, 0x97, 0x26, 
  0x5d, 0x97, 0x26, 0x5d, 0x97, 0x26, 0x5d, 0x97, 0x26, 0x5d, 0x97, 0x26, 
  0x5d, 0x97, 0x26, 0x5d, 0x97, 0x26, 0x5d, 0x97, 0x26, 0x5d, 0x97, 0x26, 
  0x5d, 0x97, 0x26, 0x5d, 0x97, 0x26, 0x5d, 0x97, 0x26, 0x5d, 0x97, 0x26, 
  0x5d, 0x97, 0x26, 0x5d, 0x97, 0x26, 0x5d, 0x97, 0x26, 0x5d, 0x97, 0x26, 
  0x5d, 0x97, 0x26, 0x5d, 0x97, 0x26, 0x5d, 0x97, 0x26, 0x5d, 0x97, 0x26, 
  0x5d, 0x97, 0x26, 0x5d, 0x97, 0x26, 0x5d, 0x97, 0x26, 0x5d, 0x97, 0x26, 
  0x5d, 0x97, 0x26, 0x5d, 0x97, 0x26, 0x5d, 0x97, 0x26, 0x5d, 0x97, 0x26, 
  0x5d, 0x97, 0x26, 0x5d, 0x97, 0x26, 0x5d, 0x97, 0x26, 0x5d, 0x97, 0x26, 
  0x5d, 0x97, 0x26, 0x5d, 0x97, 0x26, 0x5d, 0x97, 0x26, 0x5d, 0x97, 0x26, 
  0x5d, 0x97, 0x26, 0x5d, 0x97, 0x26, 0x5d, 0x97, 0x26, 0x5d, 0x97, 0x26, 
  0x5d, 0x97, 0x26, 0x5d, 0x97, 0x26, 0x5d, 0x97, 0x26, 0x5d, 0x97, 0x26, 
  0x5d, 0x97, 0x26, 0x5d, 0x97, 0x26, 0x5d, 0x97, 0x26, 0x5d, 0x97, 0x26, 
  0x5d, 0x97, 0x26, 0x5d, 0x97, 0x26, 0x5d, 0x97, 0x26, 0x5d, 0x97, 0x26, 
  0x5d, 0x97, 0x26, 0x5d, 0x97, 0x26, 0x5d, 0x97, 0x26, 0x5d, 0x97, 0x26, 
  0x5d, 0x97, 0x26, 0x5d, 0x97, 0x26, 0x5d, 0x97, 0x26, 0x5d, 0x97, 0x26, 
  0x5d, 0x97, 0x26, 0x5d, 0x97, 0x26, 0x5d, 0x97, 0x26, 0x5d, 0x97, 0x26, 
  0x5d, 0x97, 0x26, 0x5d, 0x97, 0x26, 0x5d, 0x97, 0x26, 0x5d, 0x97, 0x26, 
  0x5d, 0x97, 0x26, 0x5d, 0x97, 0x26, 0x5d, 0x97, 0x26, 0x5d, 0x97, 0x26, 
  0x5d, 0x97, 0x26, 0x5d, 0x97, 0x26, 0x5d, 0x97, 0x26, 0x5d, 0x97, 0x26, 
  0x5d, 0x97, 0x26, 0x5d, 0x97, 0x26, 0x5d, 0x97, 0x26, 0x5d, 0x97, 0x26, 
  0x5d, 0x97, 0x26, 0x5d, 0x97, 0x26, 0x5d, 0x97, 0x26, 0x5d, 0x97, 0x26, 
  0x5d, 0x97, 0x26, 0x5d, 0x97, 0x26, 0x5d, 0x97, 0x26, 0x5d, 0x97, 0x26, 
  0x5d, 0x97, 0x26, 0x5d, 0x97, 0x26, 0x5d, 0x97, 0x26, 0x5d, 0x97, 0x26, 
  0x5d, 0x97, 0x26, 0x5d, 0x97, 0x26, 0x5d, 0x97, 0x26, 0x5d, 0x97, 0x26, 
  0x5d, 0x97, 0x26, 0x5d, 0x97, 0x26, 0x5d, 0x97, 0x26, 0x5d, 0x97, 0x26, 
  0x5d, 0x97, 0x26, 0x5d, 0x97, 0x26, 0x5d, 0x97, 0x26, 0x5d, 0x97, 0x26, 
  0x5d, 0x97, 0x26, 0x5d, 0x97, 0x26, 0x5d, 0x97, 0x26, 0x5d, 0x97, 0x26, 
  0x5d, 0x97, 0x26, 0x5d, 0x97, 0x26, 0x5d, 0x97, 0x26, 0x5d, 0x97, 0x26, 
  0x5d, 0x97, 0x26, 0x5d, 0x97, 0x26, 0x5d, 0x97, 0x26, 0x5d, 0x97, 0x26, 
  0x5d, 0x97, 0x26, 0x5d, 0x97, 0x26, 0x5d, 0x97, 0x26, 0x5d, 0x97, 0x26, 
  0x5d, 0x97, 0x26, 0x5d, 0x97, 0x26, 0x5d, 0x97, 0x26, 0x5d, 0x97, 0x26, 
  0x5d, 0x97, 0x26, 0x5d, 0x97, 0x26, 0x5d, 0x97, 0x26, 0x5d, 0x97, 0x26, 
  0x5d, 0x97, 0x26, 0x5d, 0x97, 0x26, 0x5d, 0x97, 0x26, 0x5d, 0x97, 0x26, 
  0x5d, 0x97, 0x26, 0x5d, 0x97, 0x26, 0x5d, 0x97, 0x26, 0x5d, 0x97, 0x26, 
  0x5d, 0x97, 0x26, 0x5d, 0x97, 0x26, 0x5d, 0x97, 0x26, 0x5d, 0x97, 0x26, 
  0x5d, 0x97, 0x26, 0x5d, 0x97, 0x26, 0x5d, 0x97, 0x26, 0x5d, 0x97, 0x26, 
  0x5d, 0x97, 0x26, 0x5d, 0x97, 0x26, 0x5d, 0x97, 0x26, 0x5d, 0x97, 0x26, 
  0x5d, 0x97, 0x26, 0x5d, 0x97, 0x26, 0x5d, 0x97, 0x26, 0x5d, 0x97, 0x26, 
  0x5d, 0x97, 0x26, 0x5d, 0x97, 0x26, 0x5d, 0x97, 0x26, 0x5d, 0x97, 0x26, 
  0x5d, 0x97, 0x26, 0x5d, 0x97, 0x26, 0x5d, 0x97, 0x26, 0x5d, 0x97, 0x26, 
  0x5d, 0x97, 0x26, 0x5d, 0x97, 0x26, 0x5d, 0x97, 0x26, 0x5d, 0x97, 0x26, 
  0x5d, 0x97, 0x26, 0x5d, 0x97, 0x26, 0x5d, 0x97, 0x26, 0x5d, 0x97, 0x26, 
  0x5d, 0x97, 0x26, 0x5d, 0x97, 0x26, 0x5d, 0x97, 0x26, 0x5d, 0x97, 0x26, 
  0x5d, 0x97, 0x26, 0x5d, 0x97, 0x26, 0x5d, 0x97, 0x26, 0x5d, 0x97, 0x26, 
  0x5d, 0x97, 0x26, 0x5d, 0x97, 0x26, 0x5d, 0x97, 0x26, 0x5d, 0x97, 0x26, 
  0x5d, 0x97, 0x26, 0x5d, 0x97, 0x26, 0x5d, 0x97, 0x26, 0x5d, 0x97, 0x26, 
  0x5d, 0x97, 0x26, 0x5d, 0x97, 0x26, 0x5d, 0x97, 0x26, 0x5d, 0x97, 0x26, 
  0x5d, 0x97, 0x26, 0x5d, 0x97, 0x26, 0x5d, 0x97, 0x26, 0x5d, 0x97, 0x26, 
  0x5d, 0x97, 0x26, 0x5d, 0x97, 0x26, 0x5d, 0x97, 0x26, 0x5d, 0x97, 0x26, 
  0x5d, 0x97, 0x26, 0x5d, 0x97, 0x26, 0x5d, 0x97, 0x26, 0x5d, 0x97, 0x26, 
  0x5d, 0x97, 0x26, 0x5d, 0x97, 0x26, 0x5d, 0x97, 0x26, 0x5d, 0x97, 0x26, 
  0x5d, 0x97, 0x26, 0x5d, 0x97, 0x26, 0x5d, 0x97, 0x26, 0x5d, 0x97, 0x26, 
  0x5d, 0x97, 0x26, 0x5d, 0x97, 0x26, 0x5d, 0x97, 0x26, 0x5d, 0x97, 0x26, 
  0x5d, 0x97, 0x26, 0x5d, 0x97, 0x26, 0x5d, 0x97, 0x26, 0x5d, 0x97, 0x26, 
  0x5d, 0x97, 0x26, 0x5d, 0x97, 0x26, 0x5d, 0x97, 0x26, 0x5d, 0x97, 0x26, 
  0x5d, 0x97, 0x26, 0x5d, 0x97, 0x26, 0x5d, 0x97, 0x26, 0x5d, 0x97, 0x26, 
  0x5d, 0x97, 0x26, 0x5d, 0x97, 0x26, 0x5d, 0x97, 0x26, 0x5d, 0x97, 0x26, 
  0x5d, 0x97, 0x26, 0x5d, 0x97, 0x26, 0x5d, 0x97, 0x26, 0x5d, 0x97, 0x26, 
  0x5d, 0x97, 0x26, 0x5d, 0x97, 0x26, 0x5d, 0x97, 0x26, 0x5d, 0x97, 0x26, 
  0x5d, 0x97, 0x26, 0x5d, 0x97, 0x26, 0x5d, 0x97, 0x26, 0x5d, 0x97, 0x26, 
  0x5d, 0x97, 0x26, 0x5d, 0x97, 0x26, 0x5d, 0x97, 0x26, 0x5d, 0x97, 0x26, 
  0x5d, 0x97, 0x26, 0x5d, 0x97, 0x26, 0x5d, 0x97, 0x26, 0x5d, 0x97, 0x26, 
  0x5d, 0x97, 0x26, 0x5d, 0x97, 0x26, 0x5d, 0x97, 0x26, 0x5d, 0x97, 0x26, 
  0x5d, 0x97, 0x26, 0x5d, 0x97, 0x26, 0x5d, 0x97, 0x26, 0x5d, 0x97, 0x26, 
  0x5d, 0x97, 0x26, 0x5d, 0x97, 0x26, 0x5d, 0x97, 0x26, 0x5d, 0x97, 0x26, 
  0x5d, 0x97, 0x26, 0x5d, 0x97, 0x26, 0x5d, 0x97, 0x26, 0x5d, 0x97, 0x26, 
  0x5d, 0x97, 0x26, 0x5d, 0x97, 0x26, 0x5d, 0x97, 0x26, 0x5d, 0x97, 0x26, 
  0x5d, 0x97, 0x26, 0x5d, 0x97, 0x26, 0x5d, 0x97, 0x26, 0x5d, 0x97, 0x26, 
  0x5d, 0x97, 0x26, 0x5d, 0x97, 0x26, 0x5d, 0x97, 0x26, 0x5d, 0x97, 0x26, 
  0x5d, 0x97, 0x26, 0x5d, 0x97, 0x26, 0x5d, 0x97, 0x26, 0x5d, 0x97, 0x26, 
  0x5d, 0x97, 0x26, 0x5d, 0x97, 0x26, 0x5d, 0x97, 0x26, 0x5d, 0x97, 0x26, 
  0x5d, 0x97, 0x26, 0x5d, 0x97, 0x26, 0x5d, 0x97, 0x26, 0x5d, 0x97, 0x26, 
  0x5d, 0x97, 0x26, 0x5d, 0x97, 0x26, 0x5d, 0x97, 0x26, 0x5d, 0x97, 0x26, 
  0x5d, 0x97, 0x26, 0x5d, 0x97, 0x26, 0x5d, 0x97, 0x26, 0x5d, 0x97, 0x26, 
  0x5d, 0x97, 0x26, 0x5d, 0x97, 0x26, 0x5d, 0x97, 0x26, 0x5d, 0x97, 0x26, 
  0x5d, 0x97, 0x26, 0x5d, 0x97, 0x26, 0x5d, 0x97, 0x26, 0x5d, 0x97, 0x26, 
  0x5d, 0x97, 0x26, 0x5d, 0x97, 0x26, 0x5d, 0x97, 0x26, 0x5d, 0x97, 0x26, 
  0x5d, 0x97, 0x26, 0x5d, 0x97, 0x26, 0x5d, 0x97, 0x26, 0x5d, 0x97, 0x26, 
  0x5d, 0x97, 0x26, 0x5d, 0x97, 0x26, 0x5d, 0x97, 0x26, 0x5d, 0x97, 0x26, 
  0x5d, 0x97, 0x26, 0x5d, 0x97, 0x26, 0x5d, 0x97, 0x26, 0x5d, 0x97, 0x26, 
  0x5d, 0x97, 0x26, 0x5d, 0x97, 0x26, 0x5d, 0x97, 0x26, 0x5d, 0x97, 0x26, 
  0x5d, 0x97, 0x26, 0x5d, 0x97, 0x26, 0x5d, 0x97, 0x26, 0x5d, 0x97, 0x26, 
  0x5d, 0x97, 0x26, 0x5d, 0x97, 0x26, 0x5d, 0x97, 0x26, 0x5d, 0x97, 0x26, 
  0x5d, 0x97, 0x26, 0x5d, 0x97, 0x26, 0x5d, 0x97, 0x26, 0x5d, 0x97, 0x26, 
  0x5d, 0x97, 0x26, 0x5d, 0x97, 0x26, 0x5d, 0x97, 0x26, 0x5d, 0x97, 0x26, 
  0x5d, 0x97, 0x26, 0x5d, 0x97, 0x26, 0x5d, 0x97, 0x26, 0x5d, 0x97, 0x26, 
  0x5d, 0x97, 0x26, 0x5d, 0x97, 0x26, 0x5d, 0x97, 0x26, 0x5d, 0x97, 0x26, 
  0x5d, 0x97, 0x26, 0x5d, 0x97, 0x26, 0x5d, 0x97, 0x26, 0x5d, 0x97, 0x26, 
  0x5d, 0x97, 0x26, 0x5d, 0x97, 0x26, 0x5d, 0x97, 0x26, 0x5d, 0x97, 0x26, 
  0x5d, 0x97, 0x26, 0x5d, 0x97, 0x26, 0x5d, 0x97, 0x26, 0x5d, 0x97, 0x26, 
  0x5d, 0x97, 0x26, 0x5d, 0x97, 0x26, 0x5d, 0x97, 0x26, 0x5d, 0x97, 0x26, 
  0x5d, 0x97, 0x26, 0x5d, 0x97, 0x26, 0x5d, 0x97, 0x26, 0x5d, 0x97, 0x26, 
  0x5d, 0x97, 0x26, 0x5d, 0x97, 0x26, 0x5d, 0x97, 0x26, 0x5d, 0x97, 0x26, 
  0x5d, 0x97, 0x26, 0x5d, 0x97, 0x26, 0x5d, 0x97, 0x26, 0x5d, 0x97, 0x26, 
  0x5d, 0x97, 0x26, 0x5d, 0x97, 0x26, 0x5d, 0x97, 0x26, 0x5d, 0x97, 0x26, 
  0x5d, 0x97, 0x26, 0x5d, 0x97, 0x26, 0x5d, 0x97, 0x26, 0x5d, 0x97, 0x26, 
  0x5d, 0x97, 0x26, 0x5d, 0x97, 0x26, 0x5d, 0x97, 0x26, 0x5d, 0x97, 0x26, 
  0x5d, 0x97, 0x26, 0x5d, 0x97, 0x26, 0x5d, 0x97, 0x26, 0x5d, 0x97, 0x26, 
  0x5d, 0x97, 0x26, 0x5d, 0x97, 0x26, 0x5d, 0x97, 0x26, 0x5d, 0x97, 0x26, 
  0x5d, 0x97, 0x26, 0x5d, 0x97, 0x26, 0x5d, 0x97, 0x26, 0x5d, 0x97, 0x26, 
  0x5d, 0x97, 0x26, 0x5d, 0x97, 0x26, 0x5d, 0x97, 0x26, 0x5d, 0x97, 0x26, 
  0x5d, 0x97, 0x26, 0x5d, 0x97, 0x26, 0x5d, 0x97, 0x26, 0x5d, 0x97, 0x26, 
  0x5d, 0x97, 0x26, 0x5d, 0x97, 0x26, 0x5d, 0x97, 0x26, 0x5d, 0x97, 0x26, 
  0x5d, 0x97, 0x26, 0x5d, 0x97, 0x26, 0x5d, 0x97, 0x26, 0x5d, 0x97, 0x26, 
  0x5d, 0x97, 0x26, 0x5d, 0x97, 0x26, 0x5d, 0x97, 0x26, 0x5d, 0x97, 0x26, 
  0x5d, 0x97, 0x26, 0x5d, 0x97, 0x26, 0x5d, 0x97, 0x26, 0x5d, 0x97, 0x26, 
  0x5d, 0x97, 0x26, 0x5d, 0x97, 0x26, 0x5d, 0x97, 0x26, 0x5d, 0x97, 0x26, 
  0x5d, 0x97, 0x26, 0x5d, 0x97, 0x26, 0x5d, 0x97, 0x26, 0x5d, 0x97, 0x26, 
  0x5d, 0x97, 0x26, 0x5d, 0x97, 0x26, 0x5d, 0x97, 0x26, 0x5d, 0x97, 0x26, 
  0x5d, 0x97, 0x26, 0x5d, 0x97, 0x26, 0x5d, 0x97, 0x26, 0x5d, 0x97, 0x26, 
  0x5d, 0x97, 0x26, 0x5d, 0x97, 0x26, 0x5d, 0x97, 0x26, 0x5d, 0x97, 0x26, 
  0x5d, 0x97, 0x26, 0x5d, 0x97, 0x26, 0x5d, 0x97, 0x26, 0x5d, 0x97, 0x26, 
  0x5d, 0x97, 0x26, 0x5d, 0x97, 0x26, 0x5d, 0x97, 0x26, 0x5d, 0x97, 0x26, 
  0x5d, 0x97, 0x26, 0x5d, 0x97, 0x26, 0x5d, 0x97, 0x26, 0x5d, 0x97, 0x26, 
  0x5d, 0x97, 0x26, 0x5d, 0x97, 0x26, 0x5d, 0x97, 0x26, 0x5d, 0x97, 0x26, 
  0x5d, 0x97, 0x26, 0x5d, 0x97, 0x26, 0x5d, 0x97, 0x26, 0x5d, 0x97, 0x26, 
  0x5d, 0x97, 0x26, 0x5d, 0x97, 0x26, 0x5d, 0x97, 0x26, 0x5d, 0x97, 0x26, 
  0x5d, 0x97, 0x26, 0x5d, 0x97, 0x26, 0x5d, 0x97, 0x26, 0x5d, 0x97, 0x26, 
  0x5d, 0x97, 0x26, 0x5d, 0x97, 0x26, 0x5d, 0x97, 0x26, 0x5d, 0x97, 0x26, 
  0x5d, 0x97, 0x26, 0x5d, 0x97, 0x26, 0x5d, 0x97, 0x26, 0x5d, 0x97, 0x26, 
  0x5d, 0x97, 0x26, 0x5d, 0x97, 0x26, 0x5d, 0x97, 0x26, 0x5d, 0x97, 0x26, 
  0x5d, 0x97, 0x26, 0x5d, 0x97, 0x26, 0x5d, 0x97, 0x26, 0x5d, 0x97, 0x26, 
  0x5d, 0x97, 0x26, 0x5d, 0x97, 0x26, 0x5d, 0x97, 0x26, 0x5d, 0x97, 0x26, 
  0x5d, 0x97, 0x26, 0x5d, 0x97, 0x26, 0x5d, 0x97, 0x26, 0x5d, 0x97, 0x26, 
  0x5d, 0x97, 0x26, 0x5d, 0x97, 0x26, 0x5d, 0x97, 0x26, 0x5d, 0x97, 0x26, 
  0x5d, 0x97, 0x26, 0x5d, 0x97, 0x26, 0x5d, 0x97, 0x26, 0x5d, 0x97, 0x26, 
  0x5d, 0x97, 0x26, 0x5d, 0x97, 0x26, 0x5d, 0x97, 0x26, 0x5d, 0x97, 0x26, 
  0x5d, 0x97, 0x26, 0x5d, 0x97, 0x26, 0x5d, 0x97, 0x26, 0x5d, 0x97, 0x26, 
  0x5d, 0x97, 0x26, 0x5d, 0x97, 0x26, 0x5d, 0x97, 0x26, 0x5d, 0x97, 0x26, 
  0x5d, 0x97, 0x26, 0x5d, 0x97, 0x26, 0x5d, 0x97, 0x26, 0x5d, 0x97, 0x26, 
  0x5d, 0x97, 0x26, 0x5d, 0x97, 0x26, 0x5d, 0x97, 0x26, 0x5d, 0x97, 0x26, 
  0x5d, 0x97, 0x26, 0x5d, 0x97, 0x26, 0x5d, 0x97, 0x26, 0x5d, 0x97, 0x26, 
  0x5d, 0x97, 0x26, 0x5d, 0x97, 0x26, 0x5d, 0x97, 0x26, 0x5d, 0x97, 0x26, 
  0x5d, 0x97, 0x26, 0x5d, 0x97, 0x26, 0x5d, 0x97, 0x26, 0x5d, 0x97, 0x26, 
  0x5d, 0x97, 0x26, 0x5d, 0x97, 0x26, 0x5d, 0x97, 0x26, 0x5d, 0x97, 0x26, 
  0x5d, 0x97, 0x26, 0x5d, 0x97, 0x26, 0x5d, 0x97, 0x26, 0x5d, 0x97, 0x26, 
  0x5d, 0x97, 0x26, 0x5d, 0x97, 0x26, 0x5d, 0x97, 0x26, 0x5d, 0x97, 0x26, 
  0x5d, 0x97, 0x26, 0x5d, 0x97, 0x26, 0x5d, 0x97, 0x26, 0x5d, 0x97, 0x26, 
  0x5d, 0x97, 0x26, 0x5d, 0x97, 0x26, 0x5d, 0x97, 0x26, 0x5d, 0x97, 0x26, 
  0x5d, 0x97, 0x26, 0x5d, 0x97, 0x26, 0x5d, 0x97, 0x26, 0x5d, 0x97, 0x26, 
  0x5d, 0x97, 0x26, 0x5d, 0x97, 0x26, 0x5d, 0x97, 0x26, 0x5d, 0x97, 0x26, 
  0x5d, 0x97, 0x26, 0x5d, 0x97, 0x26, 0x5d, 0x97, 0x26, 0x5d, 0x97, 0x26, 
  0x5d, 0x97, 0x26, 0x5d, 0x97, 0x26, 0x5d, 0x97, 0x26, 0x5d, 0x97, 0x26, 
  0x5d, 0x97, 0x26, 0x5d, 0x97, 0x26, 0x5d, 0x97, 0x26, 0x5d, 0x97, 0x26, 
  0x5d, 0x97, 0x26, 0x5d, 0x97, 0x26, 0x5d, 0x97, 0x26, 0x5d, 0x97, 0x26, 
  0x5d, 0x97, 0x26, 0x5d, 0x97, 0x26, 0x5d, 0x97, 0x26, 0x5d, 0x97, 0x26, 
  0x5d, 0x97, 0x26, 0x5d, 0x97, 0x26, 0x5d, 0x97, 0x26, 0x5d, 0x97, 0x26, 
  0x5d, 0x97, 0x26, 0x5d, 0x97, 0x26, 0x5d, 0x97, 0x26, 0x5d, 0x97, 0x26, 
  0x5d, 0x97, 0x26, 0x5d, 0x97, 0x26, 0x5d, 0x97, 0x26, 0x5d, 0x97, 0x26, 
  0x5d, 0x97, 0x26, 0x5d, 0x97, 0x26, 0x5d, 0x97, 0x26, 0x5d, 0x97, 0x26, 
  0x5d, 0x97, 0x26, 0x5d, 0x97, 0x26, 0x5d, 0x97, 0x26, 0x5d, 0x97, 0x26, 
  0x5d, 0x97, 0x26, 0x5d, 0x97, 0x26, 0x5d, 0x97, 0x26, 0x5d, 0x97, 0x26, 
  0x5d, 0x97, 0x26, 0x5d, 0x97, 0x26, 0x5d, 0x97, 0x26, 0x5d, 0x97, 0x26, 
  0x5d, 0x97, 0x26, 0x5d, 0x97, 0x26, 0x5d, 0x97, 0x26, 0x5d, 0x97, 0x26, 
  0x5d, 0x97, 0x26, 0x5d, 0x97, 0x26, 0x5d, 0x97, 0x26, 0x5d, 0x97, 0x26, 
  0x5d, 0x97, 0x26, 0x5d, 0x97, 0x26, 0x5d, 0x97, 0x26, 0x5d, 0x97, 0x26, 
  0x5d, 0x97, 0x26, 0x5d, 0x97, 0x26, 0x5d, 0x97, 0x26, 0x5d, 0x97, 0x26, 
  0x5d, 0x97, 0x26, 0x5d, 0x97, 0x26, 0x5d, 0x97, 0x26, 0x5d, 0x97, 0x26, 
  0x5d, 0x97, 0x26, 0x5d, 0x97, 0x26, 0x5d, 0x97, 0x26, 0x5d, 0x97, 0x26, 
  0x5d, 0x97, 0x26, 0x5d, 0x97, 0x26, 0x5d, 0x97, 0x26, 0x5d, 0x97, 0x26, 
  0x5d, 0x97, 0x26, 0x5d, 0x97, 0x26, 0x5d, 0x97, 0x26, 0x5d, 0x97, 0x26, 
  0x5d, 0x97, 0x26, 0x5d, 0x97, 0x26, 0x5d, 0x97, 0x26, 0x5d, 0x97, 0x26, 
  0x5d, 0x97, 0x26, 0x5d, 0x97, 0x26, 0x5d, 0x97, 0x26, 0x5d, 0x97, 0x26, 
  0x5d, 0x97, 0x26, 0x5d, 0x97, 0x26, 0x5d, 0x97, 0x26, 0x5d, 0x97, 0x26, 
  0x5d, 0x97, 0x26, 0x5d, 0x97, 0x26, 0x5d, 0x97, 0x26, 0x5d, 0x97, 0x26, 
  0x5d, 0x97, 0x26, 0x5d, 0x97, 0x26, 0x5d, 0x97, 0x26, 0x5d, 0x97, 0x26, 
  0x5d, 0x97, 0x26, 0x5d, 0x97, 0x26, 0x5d, 0x97, 0x26, 0x5d, 0x97, 0x26, 
  0x5d, 0x97, 0x26, 0x5d, 0x97, 0x26, 0x5d, 0x97, 0x26, 0x5d, 0x97, 0x26, 
  0x5d, 0x97, 0x26, 0x5d, 0x97, 0x26, 0x5d, 0x97, 0x26, 0x5d, 0x97, 0x26, 
  0x5d, 0x97, 0x26, 0x5d, 0x97, 0x26, 0x5d, 0x97, 0x26, 0x5d, 0x97, 0x26, 
  0x5d, 0x97, 0x26, 0x5d, 0x97, 0x26, 0x5d, 0x97, 0x26, 0x5d, 0x97, 0x26, 
  0x5d, 0x97, 0x26, 0x5d, 0x97, 0x26, 0x5d, 0x97, 0x26, 0x5d, 0x97, 0x26, 
  0x5d, 0x97, 0x26, 0x5d, 0x97, 0x26, 0x5d, 0x97, 0x26, 0x5d, 0x97, 0x26, 
  0x5d, 0x97, 0x26, 0x5d, 0x97, 0x26, 0x5d, 0x97, 0x26, 0x5d, 0x97, 0x26, 
  0x5d, 0x97, 0x26, 0x5d, 0x97, 0x26, 0x5d, 0x97, 0x26, 0x5d, 0x97, 0x26, 
  0x5d, 0x97, 0x26, 0x5d, 0x97, 0x26, 0x5d, 0x97, 0x26, 0x5d, 0x97, 0x26, 
  0x5d, 0x97, 0x26, 0x5d, 0x97, 0x26, 0x5d, 0x97, 0x26, 0x5d, 0x97, 0x26, 
  0x5d, 0x97, 0x26, 0x5d, 0x97, 0x26, 0x5d, 0x97, 0x26, 0x5d, 0x97, 0x26, 
  0x5d, 0x97, 0x26, 0x5d, 0x97, 0x26, 0x5d, 0x97, 0x26, 0x5d, 0x97, 0x26, 
  0x5d, 0x97, 0x26, 0x5d, 0x97, 0x26, 0x5d, 0x97, 0x26, 0x5d, 0x97, 0x26, 
  0x5d, 0x97, 0x26, 0x5d, 0x97, 0x26, 0x5d, 0x97, 0x26, 0x5d, 0x97, 0x26, 
  0x5d, 0x97, 0x26, 0x5d, 0x97, 0x26, 0x5d, 0x97, 0x26, 0x5d, 0x97, 0x26, 
  0x5d, 0x97, 0x26, 0x5d, 0x97, 0x26, 0x5d, 0x97, 0x26, 0x5d, 0x97, 0x26, 
  0x5d, 0x97, 0x26, 0x5d, 0x97, 0x26, 0x5d, 0x97, 0x26, 0x5d, 0x97, 0x26, 
  0x5d, 0x97, 0x26, 0x5d, 0x97, 0x26, 0x5d, 0x97, 0x26, 0x5d, 0x97, 0x26, 
  0x5d, 0x97, 0x26, 0x5d, 0x97, 0x26, 0x5d, 0x97, 0x26, 0x5d, 0x97, 0x26, 
  0x5d, 0x97, 0x26, 0x5d, 0x97, 0x26, 0x5d, 0x97, 0x26, 0x5d, 0x97, 0x26, 
  0x5d, 0x97, 0x26, 0x5d, 0x97, 0x26, 0x5d, 0x97, 0x26, 0x5d, 0x97, 0x26, 
  0x5d, 0x97, 0x26, 0x5d, 0x97, 0x26, 0x5d, 0x97, 0x26, 0x5d, 0x97, 0x26, 
  0x5d, 0x97, 0x26, 0x5d, 0x97, 0x26, 0x5d, 0x97, 0x26, 0x5d, 0x97, 0x26, 
  0x5d, 0x97, 0x26, 0x5d, 0x97, 0x26, 0x5d, 0x97, 0x26, 0x5d, 0x97, 0x26, 
  0x5d, 0x97, 0x26, 0x5d, 0x97, 0x26, 0x5d, 0x97, 0x26, 0x5d, 0x97, 0x26, 
  0x5d, 0x97, 0x26, 0x5d, 0x97, 0x26, 0x5d, 0x97, 0x26, 0x5d, 0x97, 0x26, 
  0x5d, 0x97, 0x26, 0x5d, 0x97, 0x26, 0x5d, 0x97, 0x26, 0x5d, 0x97, 0x26, 
  0x5d, 0x97, 0x26, 0x5d, 0x97, 0x26, 0x5d, 0x97, 0x26, 0x5d, 0x97, 0x26, 
  0x5d, 0x97, 0x26, 0x5d, 0x97, 0x26, 0x5d, 0x97, 0x26, 0x5d, 0x97, 0x26, 
  0x5d, 0x97, 0x26, 0x5d, 0x97, 0x26, 0x5d, 0x97, 0x26, 0x5d, 0x97, 0x26, 
  0x5d, 0x97, 0x26, 0x5d, 0x97, 0x26, 0x5d, 0x97, 0x26, 0x5d, 0x97, 0x26, 
  0x5d, 0x97, 0x26, 0x5d, 0x97, 0x26, 0x5d, 0x97, 0x26, 0x5d, 0x97, 0x26, 
  0x5d, 0x97, 0x26, 0x5d, 0x97, 0x26, 0x5d, 0x97, 0x26, 0x5d, 0x97, 0x26, 
  0x5d, 0x97, 0x26, 0x5d, 0x97, 0x26, 0x5d, 0x97, 0x26, 0x5d, 0x97, 0x26, 
  0x5d, 0x97, 0x26, 0x5d, 0x97, 0x26, 0x5d, 0x97, 0x26, 0x5d, 0x97, 0x26, 
  0x5d, 0x97, 0x26, 0x5d, 0x97, 0x26, 0x5d, 0x97, 0x26, 0x5d, 0x97, 0x26, 
  0x5d, 0x97, 0x26, 0x5d, 0x97, 0x26, 0x5d, 0x97, 0x26, 0x5d, 0x97, 0x26, 
  0x5d, 0x97, 0x26, 0x5d, 0x97, 0x26, 0x5d, 0x97, 0x26, 0x5d, 0x97, 0x26, 
  0x5d, 0x97, 0x26, 0x5d, 0x97, 0x26, 0x5d, 0x97, 0x26, 0x5d, 0x97, 0x26, 
  0x5d, 0x97, 0x26, 0x5d, 0x97, 0x26, 0x5d, 0x97, 0x26, 0x5d, 0x97, 0x26, 
  0x5d, 0x97, 0x26, 0x5d, 0x97, 0x26, 0x5d, 0x97, 0x26, 0x5d, 0x97, 0x26, 
  0x5d, 0x97, 0x26, 0x5d, 0x97, 0x26, 0x5d, 0x97, 0x26, 0x5d, 0x97, 0x26, 
  0x5d, 0x97, 0x26, 0x5d, 0x97, 0x26, 0x5d, 0x97, 0x26, 0x5d, 0x97, 0x26, 
  0x5d, 0x97, 0x26, 0x5d, 0x97, 0x26, 0x5d, 0x97, 0x26, 0x5d, 0x97, 0x26, 
  0x5d, 0x97, 0x26, 0x5d, 0x97, 0x26, 0x5d, 0x97, 0x26, 0x5d, 0x97, 0x26, 
  0x5d, 0x97, 0x26, 0x5d, 0x97, 0x26, 0x5d, 0x97, 0x26, 0x5d, 0x97, 0x26, 
  0x5d, 0x97, 0x26, 0x5d, 0x97, 0x26, 0x5d, 0x97, 0x26, 0x5d, 0x97, 0x26, 
  0x5d, 0x97, 0x26, 0x5d, 0x97, 0x26, 0x5d, 0x97, 0x26, 0x5d, 0x97, 0x26, 
  0x5d, 0x97, 0x26, 0x5d, 0x97, 0x26, 0x5d, 0x97, 0x26, 0x5d, 0x97, 0x26, 
  0x5d, 0x97, 0x26, 0x5d, 0x97, 0x26, 0x5d, 0x97, 0x26, 0x5d, 0x97, 0x26, 
  0x5d, 0x97, 0x26, 0x5d, 0x97, 0x26, 0x5d, 0x97, 0x26, 0x5d, 0x97, 0x26, 
  0x5d, 0x97, 0x26, 0x5d, 0x97, 0x26, 0x5d, 0x97, 0x26, 0x5d, 0x97, 0x26, 
  0x5d, 0x97, 0x26, 0x5d, 0x97, 0x26, 0x5d, 0x97, 0x26, 0x5d, 0x97, 0x26, 
  0x5d, 0x97, 0x26, 0x5d, 0x97, 0x26, 0x5d, 0x97, 0x26, 0x5d, 0x97, 0x26, 
  0x5d, 0x97, 0x26, 0x5d, 0x97, 0x26, 0x5d, 0x97, 0x26, 0x5d, 0x97, 0x26, 
  0x5d, 0x97, 0x26, 0x5d, 0x97, 0x26, 0x5d, 0x97, 0x26, 0x5d, 0x97, 0x26, 
  0x5d, 0x97, 0x26, 0x5d, 0x97, 0x26, 0x5d, 0x97, 0x26, 0x5d, 0x97, 0x26, 
  0x5d, 0x97, 0x26, 0x5d, 0x97, 0x26, 0x5d, 0x97, 0x26, 0x5d, 0x97, 0x26, 
  0x5d, 0x97, 0x26, 0x5d, 0x97, 0x26, 0x5d, 0x97, 0x26, 0x5d, 0x97, 0x26, 
  0x5d, 0x97, 0x26, 0x5d, 0x97, 0x26, 0x5d, 0x97, 0x26, 0x5d, 0x97, 0x26, 
  0x5d, 0x97, 0x26, 0x5d, 0x97, 0x26, 0x5d, 0x97, 0x26, 0x5d, 0x97, 0x26, 
  0x5d, 0x97, 0x26, 0x5d, 0x97, 0x26, 0x5d, 0x97, 0x26, 0x5d, 0x97, 0x26, 
  0x5d, 0x97, 0x26, 0x5d, 0x97, 0x26, 0x5d, 0x97, 0x26, 0x5d, 0x97, 0x26, 
  0x5d, 0x97, 0x26, 0x5d, 0x97, 0x26, 0x5d, 0x97, 0x26, 0x5d, 0x97, 0x26, 
  0x5d, 0x97, 0x26, 0x5d, 0x97, 0x26, 0x5d, 0x97, 0x26, 0x5d, 0x97, 0x26, 
  0x5d, 0x97, 0x26, 0x5d, 0x97, 0x26, 0x5d, 0x97, 0x26, 0x5d, 0x97, 0x26, 
  0x5d, 0x97, 0x26, 0x5d, 0x97, 0x26, 0x5d, 0x97, 0x26, 0x5d, 0x97, 0x26, 
  0x5d, 0x97, 0x26, 0x5d, 0x97, 0x26, 0x5d, 0x97, 0x26, 0x5d, 0x97, 0x26, 
  0x5d, 0x97, 0x26, 0x5d, 0x97, 0x26, 0x5d, 0x97, 0x26, 0x5d, 0x97, 0x26, 
  0x5d, 0x97, 0x26, 0x5d, 0x97, 0x26, 0x5d, 0x97, 0x26, 0x5d, 0x97, 0x26, 
  0x5d, 0x97, 0x26, 0x5d, 0x97, 0x26, 0x5d, 0x97, 0x26, 0x5d, 0x97, 0x26, 
  0x5d, 0x97, 0x26, 0x5d, 0x97, 0x26, 0x5d, 0x97, 0x26, 0x5d, 0x97, 0x26, 
  0x5d, 0x97, 0x26, 0x5d, 0x97, 0x26, 0x5d, 0x97, 0x26, 0x5d, 0x97, 0x26, 
  0x5d, 0x97, 0x26, 0x5d, 0x97, 0x26, 0x5d, 0x97, 0x26, 0x5d, 0x97, 0x26, 
  0x5d, 0x97, 0x26, 0x5d, 0x97, 0x26, 0x5d, 0x97, 0x26, 0x5d, 0x97, 0x26, 
  0x5d, 0x97, 0x26, 0x5d, 0x97, 0x26, 0x5d, 0x97, 0x26, 0x5d, 0x97, 0x26, 
  0x5d, 0x97, 0x26, 0x5d, 0x97, 0x26, 0x5d, 0x97, 0x26, 0x5d, 0x97, 0x26, 
  0x5d, 0x97, 0x26, 0x5d, 0x97, 0x26, 0x5d, 0x97, 0x26, 0x5d, 0x97, 0x26, 
  0x5d, 0x97, 0x26, 0x5d, 0x97, 0x26, 0x5d, 0x97, 0x26, 0x5d, 0x97, 0x26, 
  0x5d, 0x97, 0x26, 0x5d, 0x97, 0x26, 0x5d, 0x97, 0x26, 0x5d, 0x97, 0x26, 
  0x5d, 0x97, 0x26, 0x5d, 0x97, 0x26, 0x5d, 0x97, 0x26, 0x5d, 0x97, 0x26, 
  0x5d, 0x97, 0x26, 0x5d, 0x97, 0x26, 0x5d, 0x97, 0x26, 0x5d, 0x97, 0x26, 
  0x5d, 0x97, 0x26, 0x5d, 0x97, 0x26, 0x5d, 0x97, 0x26, 0x5d, 0x97, 0x26, 
  0x5d, 0x97, 0x26, 0x5d, 0x97, 0x26, 0x5d, 0x97, 0x26, 0x5d, 0x97, 0x26, 
  0x5d, 0x97, 0x26, 0x5d, 0x97, 0x26, 0x5d, 0x97, 0x26, 0x5d, 0x97, 0x26, 
  0x5d, 0x97, 0x26, 0x5d, 0x97, 0x26, 0x5d, 0x97, 0x26, 0x5d, 0x97, 0x26, 
  0x5d, 0x97, 0x26, 0x5d, 0x97, 0x26, 0x5d, 0x97, 0x26, 0x5d, 0x97, 0x26, 
  0x5d, 0x97, 0x26, 0x5d, 0x97, 0x26, 0x5d, 0x97, 0x26, 0x5d, 0x97, 0x26, 
  0x5d, 0x97, 0x26, 0x5d, 0x97, 0x26, 0x5d, 0x97, 0x26, 0x5d, 0x97, 0x26, 
  0x5d, 0x97, 0x26, 0x5d, 0x97, 0x26, 0x5d, 0x97, 0x26, 0x5d, 0x97, 0x26, 
  0x5d, 0x97, 0x26, 0x5d, 0x97, 0x26, 0x5d, 0x97, 0x26, 0x5d, 0x97, 0x26, 
  0x5d, 0x97, 0x26, 0x5d, 0x97, 0x26, 0x5d, 0x97, 0x26, 0x5d, 0x97, 0x26, 
  0x5d, 0x97, 0x26, 0x5d, 0x97, 0x26, 0x5d, 0x97, 0x26, 0x5d, 0x97, 0x26, 
  0x5d, 0x97, 0x26, 0x5d, 0x97, 0x26, 0x5d, 0x97, 0x26, 0x5d, 0x97, 0x26, 
  0x5d, 0x97, 0x26, 0x5d, 0x97, 0x26, 0x5d, 0x97, 0x26, 0x5d, 0x97, 0x26, 
  0x5d, 0x97, 0x26, 0x5d, 0x97, 0x26, 0x5d, 0x97, 0x26, 0x5d, 0x97, 0x26, 
  0x5d, 0x97, 0x26, 0x5d, 0x97, 0x26, 0x5d, 0x97, 0x26, 0x5d, 0x97, 0x26, 
  0x5d, 0x97, 0x26, 0x5d, 0x97, 0x26, 0x5d, 0x97, 0x26, 0x5d, 0x97, 0x26, 
  0x5d, 0x97, 0x26, 0x5d, 0x97, 0x26, 0x5d, 0x97, 0x26, 0x5d, 0x97, 0x26, 
  0x5d, 0x97, 0x26, 0x5d, 0x97, 0x26, 0x5d, 0x97, 0x26, 0x5d, 0x97, 0x26, 
  0x5d, 0x97, 0x26, 0x5d, 0x97, 0x26, 0x5d, 0x97, 0x26, 0x5d, 0x97, 0x26, 
  0x5d, 0x97, 0x26, 0x5d, 0x97, 0x26, 0x5d, 0x97, 0x26, 0x5d, 0x97, 0x26, 
  0x5d, 0x97, 0x26, 0x5d, 0x97, 0x26, 0x5d, 0x97, 0x26, 0x5d, 0x97, 0x26, 
  0x5d, 0x97, 0x26, 0x5d, 0x97, 0x26, 0x5d, 0x97, 0x26, 0x5d, 0x97, 0x26, 
  0x5d, 0x97, 0x26, 0x5d, 0x97, 0x26, 0x5d, 0x97, 0x26, 0x5d, 0x97, 0x26, 
  0x5d, 0x97, 0x26, 0x5d, 0x97, 0x26, 0x5d, 0x97, 0x26, 0x5d, 0x97, 0x26, 
  0x5d, 0x97, 0x26, 0x5d, 0x97, 0x26, 0x5d, 0x97, 0x26, 0x5d, 0x97, 0x26, 
  0x5d, 0x97, 0x26, 0x5d, 0x97, 0x26, 0x5d, 0x97, 0x26, 0x5d, 0x97, 0x26, 
  0x5d, 0x97, 0x26, 0x5d, 0x97, 0x26, 0x5d, 0x97, 0x26, 0x5d, 0x97, 0x26, 
  0x5d, 0x97, 0x26, 0x5d, 0x97, 0x26, 0x5d, 0x97, 0x26, 0x5d, 0x97, 0x26, 
  0x5d, 0x97, 0x26, 0x5d, 0x97, 0x26, 0x5d, 0x97, 0x26, 0x5d, 0x97, 0x26, 
  0x5d, 0x97, 0x26, 0x5d, 0x97, 0x26, 0x5d, 0x97, 0x26, 0x5d, 0x97, 0x26, 
  0x5d, 0x97, 0x26, 0x5d, 0x97, 0x26, 0x5d, 0x97, 0x26, 0x5d, 0x97, 0x26, 
  0x5d, 0x97, 0x26, 0x5d, 0x97, 0x26, 0x5d, 0x97, 0x26, 0x5d, 0x97, 0x26, 
  0x5d, 0x97, 0x26, 0x5d, 0x97, 0x26, 0x5d, 0x97, 0x26, 0x5d, 0x97, 0x26, 
  0x5d, 0x97, 0x26, 0x5d, 0x97, 0x26, 0x5d, 0x97, 0x26, 0x5d, 0x97, 0x26, 
  0x5d, 0x97, 0x26, 0x5d, 0x97, 0x26, 0x5d, 0x97, 0x26, 0x5d, 0x97, 0x26, 
  0x5d, 0x97, 0x26, 0x5d, 0x97, 0x26, 0x5d, 0x97, 0x26, 0x5d, 0x97, 0x26, 
  0x5d, 0x97, 0x26, 0x5d, 0x97, 0x26, 0x5d, 0x97, 0x26, 0x5d, 0x97, 0x26, 
  0x5d, 0x97, 0x26, 0x5d, 0x97, 0x26, 0x5d, 0x97, 0x26, 0x5d, 0x97, 0x26, 
  0x5d, 0x97, 0x26, 0x5d, 0x97, 0x26, 0x5d, 0x97, 0x26, 0x5d, 0x97, 0x26, 
  0x5d, 0x97, 0x26, 0x5d, 0x97, 0x26, 0x5d, 0x97, 0x26, 0x5d, 0x97, 0x26, 
  0x5d, 0x97, 0x26, 0x5d, 0x97, 0x26, 0x5d, 0x97, 0x26, 0x5d, 0x97, 0x26, 
  0x5d, 0x97, 0x26, 0x5d, 0x97, 0x26, 0x5d, 0x97, 0x26, 0x5d, 0x97, 0x26, 
  0x5d, 0x97, 0x26, 0x5e, 0x97, 0x26, 0x5e, 0x97, 0x26, 0x5d, 0x97, 0x26, 
  0x5d, 0x97, 0x26, 0x5d, 0x97, 0x26, 0x5d, 0x97, 0x26, 0x5d, 0x97, 0x26, 
  0x5d, 0x97, 0x26, 0x5d, 0x97, 0x26, 0x5d, 0x97, 0x26, 0x5d, 0x97, 0x26, 
  0x5d, 0x97, 0x26, 0x5d, 0x97, 0x26, 0x5d, 0x97, 0x26, 0x5d, 0x97, 0x26, 
  0x5d, 0x97, 0x26, 0x5d, 0x97, 0x26, 0x5d, 0x97, 0x26, 0x5d, 0x97, 0x26, 
  0x5d, 0x97, 0x26, 0x5d, 0x97, 0x26, 0x5d, 0x97, 0x26, 0x5d, 0x97, 0x26, 
  0x5d, 0x97, 0x26, 0x5d, 0x97, 0x26, 0x5d, 0x97, 0x26, 0x5d, 0x97, 0x26, 
  0x5d, 0x97, 0x26, 0x5d, 0x97, 0x26, 0x5d, 0x97, 0x26, 0x5e, 0x97, 0x26, 
  0x5e, 0x97, 0x26, 0x5d, 0x97, 0x26, 0x5d, 0x97, 0x26, 0x5d, 0x97, 0x26, 
  0x5d, 0x97, 0x26, 0x5d, 0x97, 0x26, 0x5d, 0x97, 0x26, 0x5d, 0x97, 0x26, 
  0x5d, 0x97, 0x26, 0x5d, 0x97, 0x26, 0x5d, 0x97, 0x26, 0x5d, 0x97, 0x26, 
  0x5d, 0x97, 0x26, 0x5d, 0x97, 0x26, 0x5d, 0x97, 0x26, 0x5d, 0x97, 0x26, 
  0x5d, 0x97, 0x26, 0x5d, 0x97, 0x26, 0x5d, 0x97, 0x26, 0x5d, 0x97, 0x26, 
  0x5d, 0x97, 0x26, 0x5d, 0x97, 0x26, 0x5d, 0x97, 0x26, 0x5d, 0x97, 0x26, 
  0x5d, 0x97, 0x26, 0x5d, 0x97, 0x26, 0x5d, 0x97, 0x26, 0x5e, 0x97, 0x26, 
  0x5e, 0x97, 0x26, 0x5e, 0x97, 0x26, 0x5e, 0x97, 0x26, 0x5e, 0x97, 0x26, 
  0x5e, 0x97, 0x26, 0x5d, 0x97, 0x26, 0x5d, 0x97, 0x26, 0x5d, 0x97, 0x26, 
  0x5d, 0x97, 0x26, 0x5d, 0x97, 0x26, 0x5d, 0x97, 0x26, 0x5d, 0x97, 0x26, 
  0x5d, 0x97, 0x26, 0x5d, 0x97, 0x26, 0x5d, 0x97, 0x26, 0x5d, 0x97, 0x26, 
  0x5d, 0x97, 0x26, 0x5d, 0x97, 0x26, 0x5d, 0x97, 0x26, 0x5d, 0x97, 0x26, 
  0x5d, 0x97, 0x26, 0x5d, 0x97, 0x26, 0x5d, 0x97, 0x26, 0x5d, 0x97, 0x26, 
  0x5d, 0x97, 0x26, 0x5d, 0x97, 0x26, 0x5d, 0x97, 0x26, 0x5d, 0x97, 0x26, 
  0x5d, 0x97, 0x26, 0x5d, 0x97, 0x26, 0x5d, 0x97, 0x26, 0x5e, 0x97, 0x26, 
  0x5d, 0x97, 0x26, 0x5d, 0x97, 0x26, 0x5d, 0x97, 0x26, 0x5d, 0x97, 0x26, 
  0x5d, 0x97, 0x26, 0x5d, 0x97, 0x26, 0x5d, 0x97, 0x26, 0x5d, 0x97, 0x26, 
  0x5d, 0x97, 0x26, 0x5d, 0x97, 0x26, 0x5d, 0x97, 0x26, 0x5d, 0x97, 0x26, 
  0x5d, 0x97, 0x26, 0x5d, 0x97, 0x26, 0x5d, 0x97, 0x26, 0x5d, 0x97, 0x26, 
  0x5d, 0x97, 0x26, 0x5d, 0x97, 0x26, 0x5d, 0x97, 0x26, 0x5d, 0x97, 0x26, 
  0x5d, 0x97, 0x26, 0x5d, 0x97, 0x26, 0x5d, 0x97, 0x26, 0x5d, 0x97, 0x26, 
  0x5d, 0x97, 0x26, 0x5d, 0x97, 0x26, 0x5e, 0x97, 0x26, 0x5e, 0x97, 0x26, 
  0x5e, 0x97, 0x26, 0x5e, 0x97, 0x26, 0x5e, 0x97, 0x26, 0x5e, 0x97, 0x26, 
  0x5e, 0x97, 0x26, 0x5d, 0x97, 0x26, 0x5d, 0x97, 0x26, 0x5d, 0x97, 0x26, 
  0x5d, 0x97, 0x26, 0x5d, 0x97, 0x26, 0x5d, 0x97, 0x26, 0x5d, 0x97, 0x26, 
  0x5d, 0x97, 0x26, 0x5d, 0x97, 0x26, 0x5d, 0x97, 0x26, 0x5d, 0x97, 0x26, 
  0x5d, 0x97, 0x26, 0x5d, 0x97, 0x26, 0x5d, 0x97, 0x26, 0x5d, 0x97, 0x26, 
  0x5d, 0x97, 0x26, 0x5d, 0x97, 0x26, 0x5d, 0x97, 0x26, 0x5d, 0x97, 0x26, 
  0x5d, 0x97, 0x26, 0x5d, 0x97, 0x26, 0x5d, 0x97, 0x26, 0x5d, 0x97, 0x26, 
  0x5d, 0x97, 0x26, 0x5d, 0x97, 0x26, 0x5d, 0x97, 0x26, 0x5d, 0x97, 0x26, 
  0x5d, 0x97, 0x26, 0x5d, 0x97, 0x26, 0x5d, 0x97, 0x26, 0x5d, 0x97, 0x26, 
  0x5d, 0x97, 0x26, 0x5d, 0x97, 0x26, 0x5d, 0x97, 0x26, 0x5d, 0x97, 0x26, 
  0x5d, 0x97, 0x26, 0x5d, 0x97, 0x26, 0x5d, 0x97, 0x26, 0x5d, 0x97, 0x26, 
  0x5d, 0x97, 0x26, 0x5d, 0x97, 0x26, 0x5d, 0x97, 0x26, 0x5d, 0x97, 0x26, 
  0x5d, 0x97, 0x26, 0x5d, 0x97, 0x26, 0x5d, 0x97, 0x26, 0x5d, 0x97, 0x26, 
  0x5d, 0x97, 0x26, 0x5d, 0x97, 0x26, 0x5d, 0x97, 0x26, 0x5d, 0x97, 0x26, 
  0x5d, 0x97, 0x26, 0x5e, 0x97, 0x26, 0x5e, 0x97, 0x26, 0x5e, 0x97, 0x26, 
  0x5d, 0x97, 0x26, 0x5d, 0x97, 0x26, 0x5e, 0x97, 0x26, 0x5e, 0x97, 0x26, 
  0x5e, 0x97, 0x26, 0x5e, 0x97, 0x26, 0x5d, 0x97, 0x26, 0x5d, 0x97, 0x26, 
  0x5d, 0x97, 0x26, 0x5d, 0x97, 0x26, 0x5d, 0x97, 0x26, 0x5d, 0x97, 0x26, 
  0x5d, 0x97, 0x26, 0x5d, 0x97, 0x26, 0x5d, 0x97, 0x26, 0x5d, 0x97, 0x26, 
  0x5d, 0x97, 0x26, 0x5d, 0x97, 0x26, 0x5d, 0x97, 0x26, 0x5d, 0x97, 0x26, 
  0x5d, 0x97, 0x26, 0x5e, 0x97, 0x26, 0x5e, 0x97, 0x26, 0x5e, 0x97, 0x26, 
  0x5e, 0x97, 0x26, 0x5d, 0x97, 0x26, 0x5d, 0x97, 0x26, 0x5d, 0x97, 0x26, 
  0x5d, 0x97, 0x26, 0x5d, 0x97, 0x26, 0x5d, 0x97, 0x26, 0x5d, 0x97, 0x26, 
  0x5d, 0x97, 0x26, 0x5d, 0x97, 0x26, 0x5d, 0x97, 0x26, 0x5d, 0x97, 0x26, 
  0x5d, 0x97, 0x26, 0x5d, 0x97, 0x26, 0x5d, 0x97, 0x26, 0x5d, 0x97, 0x26, 
  0x5d, 0x97, 0x26, 0x5d, 0x97, 0x26, 0x5d, 0x97, 0x26, 0x5d, 0x97, 0x26, 
  0x5d, 0x97, 0x26, 0x5d, 0x97, 0x26, 0x5d, 0x97, 0x26, 0x5d, 0x97, 0x26, 
  0x5d, 0x97, 0x26, 0x5d, 0x97, 0x26, 0x5d, 0x97, 0x26, 0x5e, 0x97, 0x26, 
  0x5d, 0x97, 0x26, 0x5d, 0x97, 0x26, 0x5d, 0x97, 0x26, 0x5e, 0x97, 0x26, 
  0x5e, 0x97, 0x26, 0x5e, 0x97, 0x26, 0x5e, 0x97, 0x26, 0x5e, 0x97, 0x26, 
  0x5d, 0x97, 0x26, 0x5d, 0x97, 0x26, 0x5d, 0x97, 0x26, 0x5e, 0x97, 0x26, 
  0x5e, 0x97, 0x26, 0x5d, 0x97, 0x26, 0x5d, 0x97, 0x26, 0x5d, 0x97, 0x26, 
  0x5d, 0x97, 0x26, 0x5d, 0x97, 0x26, 0x5d, 0x97, 0x26, 0x5e, 0x97, 0x26, 
  0x5e, 0x97, 0x26, 0x5d, 0x97, 0x26, 0x5d, 0x97, 0x26, 0x5d, 0x97, 0x26, 
  0x5d, 0x97, 0x26, 0x5d, 0x97, 0x26, 0x5d, 0x97, 0x26, 0x5e, 0x97, 0x26, 
  0x5e, 0x97, 0x26, 0x5e, 0x97, 0x26, 0x5e, 0x97, 0x26, 0x5e, 0x97, 0x26, 
  0x5e, 0x97, 0x26, 0x5e, 0x97, 0x26, 0x5d, 0x97, 0x26, 0x5d, 0x97, 0x26, 
  0x5d, 0x97, 0x26, 0x5d, 0x97, 0x26, 0x5d, 0x97, 0x26, 0x5d, 0x97, 0x26, 
  0x5d, 0x97, 0x26, 0x5d, 0x97, 0x26, 0x5d, 0x97, 0x26, 0x5d, 0x97, 0x26, 
  0x5d, 0x97, 0x26, 0x5d, 0x97, 0x26, 0x5d, 0x97, 0x26, 0x5d, 0x97, 0x26, 
  0x5d, 0x97, 0x26, 0x5d, 0x97, 0x26, 0x5d, 0x97, 0x26, 0x5d, 0x97, 0x26, 
  0x5d, 0x97, 0x26, 0x5d, 0x97, 0x26, 0x5d, 0x97, 0x26, 0x5d, 0x97, 0x26, 
  0x5d, 0x97, 0x26, 0x5d, 0x97, 0x26, 0x5e, 0x97, 0x26, 0x5e, 0x97, 0x26, 
  0x5d, 0x97, 0x26, 0x5e, 0x97, 0x26, 0x5e, 0x97, 0x26, 0x5e, 0x97, 0x26, 
  0x5e, 0x97, 0x26, 0x5e, 0x97, 0x26, 0x5e, 0x97, 0x26, 0x5e, 0x97, 0x26, 
  0x5d, 0x97, 0x26, 0x5d, 0x97, 0x26, 0x5d, 0x97, 0x26, 0x5d, 0x97, 0x26, 
  0x5d, 0x97, 0x26, 0x5d, 0x97, 0x26, 0x5d, 0x97, 0x26, 0x5d, 0x97, 0x26, 
  0x5d, 0x97, 0x26, 0x5d, 0x97, 0x26, 0x5d, 0x97, 0x26, 0x5e, 0x97, 0x26, 
  0x5e, 0x97, 0x26, 0x5e, 0x97, 0x26, 0x5e, 0x97, 0x26, 0x5e, 0x97, 0x26, 
  0x5e, 0x97, 0x26, 0x5e, 0x97, 0x26, 0x5e, 0x97, 0x26, 0x5e, 0x97, 0x26, 
  0x5e, 0x97, 0x26, 0x5e, 0x97, 0x26, 0x5e, 0x97, 0x26, 0x5e, 0x97, 0x26, 
  0x5e, 0x97, 0x26, 0x5e, 0x97, 0x26, 0x5d, 0x97, 0x26, 0x5d, 0x97, 0x26, 
  0x5d, 0x97, 0x26, 0x5d, 0x97, 0x26, 0x5d, 0x97, 0x26, 0x5d, 0x97, 0x26, 
  0x5d, 0x97, 0x26, 0x5d, 0x97, 0x26, 0x5d, 0x97, 0x26, 0x5d, 0x97, 0x26, 
  0x5d, 0x97, 0x26, 0x5d, 0x97, 0x26, 0x5d, 0x97, 0x26, 0x5d, 0x97, 0x26, 
  0x5d, 0x97, 0x26, 0x5d, 0x97, 0x26, 0x5d, 0x97, 0x26, 0x5d, 0x97, 0x26, 
  0x5d, 0x97, 0x26, 0x5d, 0x97, 0x26, 0x5d, 0x97, 0x26, 0x5d, 0x97, 0x26, 
  0x5d, 0x97, 0x26, 0x5d, 0x97, 0x26, 0x5d, 0x97, 0x26, 0x5e, 0x97, 0x26, 
  0x5e, 0x97, 0x26, 0x5e, 0x97, 0x26, 0x5e, 0x97, 0x26, 0x5e, 0x97, 0x26, 
  0x5e, 0x97, 0x26, 0x5e, 0x97, 0x26, 0x5e, 0x97, 0x26, 0x5e, 0x97, 0x26, 
  0x5d, 0x97, 0x26, 0x5d, 0x97, 0x26, 0x5d, 0x97, 0x26, 0x5d, 0x97, 0x26, 
  0x5d, 0x97, 0x26, 0x5d, 0x97, 0x26, 0x5d, 0x97, 0x26, 0x5d, 0x97, 0x26, 
  0x5d, 0x97, 0x26, 0x5d, 0x97, 0x26, 0x5e, 0x97, 0x26, 0x5e, 0x97, 0x26, 
  0x5e, 0x97, 0x26, 0x5e, 0x97, 0x26, 0x5e, 0x97, 0x26, 0x5e, 0x97, 0x26, 
  0x5e, 0x97, 0x26, 0x5e, 0x97, 0x26, 0x5e, 0x97, 0x26, 0x5e, 0x97, 0x26, 
  0x5e, 0x97, 0x26, 0x5e, 0x97, 0x26, 0x5e, 0x97, 0x26, 0x5e, 0x97, 0x26, 
  0x5e, 0x97, 0x26, 0x5d, 0x97, 0x26, 0x5d, 0x97, 0x26, 0x5d, 0x97, 0x26, 
  0x5d, 0x97, 0x26, 0x5d, 0x97, 0x26, 0x5d, 0x97, 0x26, 0x5d, 0x97, 0x26, 
  0x5d, 0x97, 0x26, 0x5d, 0x97, 0x26, 0x5d, 0x97, 0x26, 0x5d, 0x97, 0x26, 
  0x5e, 0x97, 0x26, 0x5e, 0x97, 0x26, 0x5e, 0x97, 0x26, 0x5e, 0x97, 0x26, 
  0x5e, 0x97, 0x26, 0x5e, 0x97, 0x26, 0x5d, 0x97, 0x26, 0x5d, 0x97, 0x26, 
  0x5d, 0x97, 0x26, 0x5d, 0x97, 0x26, 0x5d, 0x97, 0x26, 0x5d, 0x97, 0x26, 
  0x5d, 0x97, 0x26, 0x5d, 0x97, 0x26, 0x5d, 0x97, 0x26, 0x5e, 0x97, 0x26, 
  0x5e, 0x97, 0x26, 0x5e, 0x97, 0x26, 0x5e, 0x97, 0x26, 0x5e, 0x97, 0x26, 
  0x5e, 0x97, 0x26, 0x5d, 0x97, 0x26, 0x5d, 0x97, 0x26, 0x5d, 0x97, 0x26, 
  0x5d, 0x97, 0x26, 0x5d, 0x97, 0x26, 0x5d, 0x97, 0x26, 0x5d, 0x97, 0x26, 
  0x5d, 0x97, 0x26, 0x5d, 0x97, 0x26, 0x5d, 0x97, 0x26, 0x5d, 0x97, 0x26, 
  0x5d, 0x97, 0x26, 0x5d, 0x97, 0x26, 0x5e, 0x97, 0x26, 0x5e, 0x97, 0x26, 
  0x5e, 0x97, 0x26, 0x5e, 0x97, 0x26, 0x5e, 0x97, 0x26, 0x5e, 0x97, 0x26, 
  0x5e, 0x97, 0x26, 0x5d, 0x97, 0x26, 0x5d, 0x97, 0x26, 0x5d, 0x97, 0x26, 
  0x5d, 0x97, 0x26, 0x5d, 0x97, 0x26, 0x5d, 0x97, 0x26, 0x5d, 0x97, 0x26, 
  0x5d, 0x97, 0x26, 0x5d, 0x97, 0x26, 0x5d, 0x97, 0x26, 0x5d, 0x97, 0x26, 
  0x5d, 0x97, 0x26, 0x5d, 0x97, 0x26, 0x5d, 0x97, 0x26, 0x5d, 0x97, 0x26, 
  0x5d, 0x97, 0x26, 0x5d, 0x97, 0x26, 0x5d, 0x97, 0x26, 0x5e, 0x97, 0x26, 
  0x5e, 0x97, 0x26, 0x5e, 0x97, 0x26, 0x5e, 0x97, 0x26, 0x5e, 0x97, 0x26, 
  0x5e, 0x97, 0x26, 0x5e, 0x97, 0x26, 0x5e, 0x97, 0x26, 0x5e, 0x97, 0x26, 
  0x5e, 0x97, 0x26, 0x5d, 0x97, 0x26, 0x5d, 0x97, 0x26, 0x5d, 0x97, 0x26, 
  0x5d, 0x97, 0x26, 0x5d, 0x97, 0x26, 0x5d, 0x97, 0x26, 0x5d, 0x97, 0x26, 
  0x5e, 0x97, 0x26, 0x5e, 0x97, 0x26, 0x5e, 0x97, 0x26, 0x5d, 0x97, 0x26, 
  0x5d, 0x97, 0x26, 0x5e, 0x97, 0x26, 0x5e, 0x97, 0x26, 0x5e, 0x97, 0x26, 
  0x5e, 0x97, 0x26, 0x5d, 0x97, 0x26, 0x5d, 0x97, 0x26, 0x5d, 0x97, 0x26, 
  0x5d, 0x97, 0x26, 0x5d, 0x97, 0x26, 0x5d, 0x97, 0x26, 0x5d, 0x97, 0x26, 
  0x5d, 0x97, 0x26, 0x5e, 0x97, 0x26, 0x5e, 0x97, 0x26, 0x5e, 0x97, 0x26, 
  0x5e, 0x97, 0x26, 0x5e, 0x97, 0x26, 0x5e, 0x97, 0x26, 0x5e, 0x97, 0x26, 
  0x5d, 0x97, 0x26, 0x5d, 0x97, 0x26, 0x5d, 0x97, 0x26, 0x5d, 0x97, 0x26, 
  0x5d, 0x97, 0x26, 0x5d, 0x97, 0x26, 0x5d, 0x97, 0x26, 0x5d, 0x97, 0x26, 
  0x5d, 0x97, 0x26, 0x5d, 0x97, 0x26, 0x5d, 0x97, 0x26, 0x5d, 0x97, 0x26, 
  0x5d, 0x97, 0x26, 0x5d, 0x97, 0x26, 0x5d, 0x97, 0x26, 0x5d, 0x97, 0x26, 
  0x5d, 0x97, 0x26, 0x5d, 0x97, 0x26, 0x5e, 0x97, 0x26, 0x5e, 0x97, 0x26, 
  0x5e, 0x97, 0x26, 0x5e, 0x97, 0x26, 0x5e, 0x97, 0x26, 0x5e, 0x97, 0x26, 
  0x5e, 0x97, 0x26, 0x5e, 0x97, 0x26, 0x5e, 0x97, 0x26, 0x5e, 0x97, 0x26, 
  0x5e, 0x97, 0x26, 0x5e, 0x97, 0x26, 0x5e, 0x97, 0x26, 0x5d, 0x97, 0x26, 
  0x5d, 0x97, 0x26, 0x5d, 0x97, 0x26, 0x5d, 0x97, 0x26, 0x5e, 0x97, 0x26, 
  0x5e, 0x97, 0x26, 0x5d, 0x97, 0x26, 0x5d, 0x97, 0x26, 0x5e, 0x97, 0x26, 
  0x5e, 0x97, 0x26, 0x5e, 0x97, 0x26, 0x5e, 0x97, 0x26, 0x5e, 0x97, 0x26, 
  0x5e, 0x97, 0x26, 0x5e, 0x97, 0x26, 0x5e, 0x97, 0x26, 0x5d, 0x97, 0x26, 
  0x5d, 0x97, 0x26, 0x5d, 0x97, 0x26, 0x5d, 0x97, 0x26, 0x5e, 0x97, 0x26, 
  0x5e, 0x97, 0x26, 0x5e, 0x97, 0x26, 0x5e, 0x97, 0x26, 0x5e, 0x97, 0x26, 
  0x5e, 0x97, 0x26, 0x5e, 0x97, 0x26, 0x5e, 0x97, 0x26, 0x5d, 0x97, 0x26, 
  0x5d, 0x97, 0x26, 0x5d, 0x97, 0x26, 0x5d, 0x97, 0x26, 0x5d, 0x97, 0x26, 
  0x5d, 0x97, 0x26, 0x5d, 0x97, 0x26, 0x5d, 0x97, 0x26, 0x5d, 0x97, 0x26, 
  0x5d, 0x97, 0x26, 0x5d, 0x97, 0x26, 0x5d, 0x97, 0x26, 0x5d, 0x97, 0x26, 
  0x5d, 0x97, 0x26, 0x5d, 0x97, 0x26, 0x5d, 0x97, 0x26, 0x5d, 0x97, 0x26, 
  0x5d, 0x97, 0x26, 0x5d, 0x97, 0x26, 0x5e, 0x97, 0x26, 0x5e, 0x97, 0x26, 
  0x5e, 0x97, 0x26, 0x5e, 0x97, 0x26, 0x5e, 0x97, 0x26, 0x5e, 0x97, 0x26, 
  0x5e, 0x97, 0x26, 0x5e, 0x97, 0x26, 0x5e, 0x97, 0x26, 0x5e, 0x97, 0x26, 
  0x5e, 0x97, 0x26, 0x5e, 0x97, 0x26, 0x5e, 0x97, 0x26, 0x5e, 0x97, 0x26, 
  0x5e, 0x97, 0x26, 0x5e, 0x97, 0x26, 0x5e, 0x97, 0x26, 0x5e, 0x97, 0x26, 
  0x5e, 0x97, 0x26, 0x5e, 0x97, 0x26, 0x5e, 0x97, 0x26, 0x5e, 0x97, 0x26, 
  0x5e, 0x97, 0x26, 0x5e, 0x97, 0x26, 0x5e, 0x97, 0x26, 0x5e, 0x97, 0x26, 
  0x5e, 0x97, 0x26, 0x5e, 0x97, 0x26, 0x5e, 0x97, 0x26, 0x5e, 0x97, 0x26, 
  0x5e, 0x97, 0x26, 0x5d, 0x97, 0x26, 0x5d, 0x97, 0x26, 0x5e, 0x97, 0x26, 
  0x5e, 0x97, 0x26, 0x5e, 0x97, 0x26, 0x5e, 0x97, 0x26, 0x5e, 0x97, 0x26, 
  0x5e, 0x97, 0x26, 0x5e, 0x97, 0x26, 0x5e, 0x97, 0x26, 0x5e, 0x97, 0x26, 
  0x5d, 0x97, 0x26, 0x5d, 0x97, 0x26, 0x5d, 0x97, 0x26, 0x5d, 0x97, 0x26, 
  0x5d, 0x97, 0x26, 0x5d, 0x97, 0x26, 0x5d, 0x97, 0x26, 0x5d, 0x97, 0x26, 
  0x5d, 0x97, 0x26, 0x5d, 0x97, 0x26, 0x5d, 0x97, 0x26, 0x5d, 0x97, 0x26, 
  0x5d, 0x97, 0x26, 0x5d, 0x97, 0x26, 0x5e, 0x97, 0x26, 0x5e, 0x97, 0x26, 
  0x5e, 0x97, 0x26, 0x5e, 0x97, 0x26, 0x5e, 0x97, 0x26, 0x5e, 0x97, 0x26, 
  0x5e, 0x97, 0x26, 0x5e, 0x97, 0x26, 0x5e, 0x97, 0x26, 0x5e, 0x97, 0x26, 
  0x5e, 0x97, 0x26, 0x5e, 0x97, 0x26, 0x5e, 0x97, 0x26, 0x5e, 0x97, 0x26, 
  0x5e, 0x97, 0x26, 0x5e, 0x97, 0x26, 0x5e, 0x97, 0x26, 0x5e, 0x97, 0x26, 
  0x5e, 0x97, 0x26, 0x5e, 0x97, 0x26, 0x5e, 0x97, 0x26, 0x5e, 0x97, 0x26, 
  0x5e, 0x97, 0x26, 0x5e, 0x97, 0x26, 0x5e, 0x97, 0x26, 0x5e, 0x97, 0x26, 
  0x5e, 0x97, 0x26, 0x5e, 0x97, 0x26, 0x5e, 0x97, 0x26, 0x5e, 0x97, 0x26, 
  0x5e, 0x97, 0x26, 0x5e, 0x97, 0x26, 0x5e, 0x97, 0x26, 0x5e, 0x97, 0x26, 
  0x5e, 0x97, 0x26, 0x5e, 0x97, 0x26, 0x5e, 0x97, 0x26, 0x5e, 0x97, 0x26, 
  0x5e, 0x97, 0x26, 0x5e, 0x97, 0x26, 0x5e, 0x97, 0x26, 0x5e, 0x97, 0x26, 
  0x5e, 0x97, 0x26, 0x5e, 0x97, 0x26, 0x5e, 0x97, 0x26, 0x5e, 0x97, 0x26, 
  0x5e, 0x97, 0x26, 0x5e, 0x97, 0x26, 0x5e, 0x97, 0x26, 0x5e, 0x97, 0x26, 
  0x5e, 0x97, 0x26, 0x5e, 0x97, 0x26, 0x5d, 0x97, 0x26, 0x5d, 0x97, 0x26, 
  0x5d, 0x97, 0x26, 0x5d, 0x97, 0x26, 0x5d, 0x97, 0x26, 0x5d, 0x97, 0x26, 
  0x5e, 0x97, 0x26, 0x5e, 0x97, 0x26, 0x5e, 0x97, 0x26, 0x5e, 0x97, 0x26, 
  0x5e, 0x97, 0x26, 0x5e, 0x97, 0x26, 0x5e, 0x97, 0x26, 0x5e, 0x97, 0x26, 
  0x5e, 0x97, 0x26, 0x5e, 0x97, 0x26, 0x5e, 0x97, 0x26, 0x5e, 0x97, 0x26, 
  0x5e, 0x97, 0x26, 0x5e, 0x97, 0x26, 0x5e, 0x97, 0x26, 0x5e, 0x97, 0x26, 
  0x5e, 0x97, 0x26, 0x5e, 0x97, 0x26, 0x5e, 0x97, 0x26, 0x5e, 0x97, 0x26, 
  0x5e, 0x97, 0x26, 0x5e, 0x97, 0x26, 0x5e, 0x97, 0x26, 0x5e, 0x97, 0x26, 
  0x5e, 0x97, 0x26, 0x5e, 0x97, 0x26, 0x5e, 0x97, 0x26, 0x5e, 0x97, 0x26, 
  0x5e, 0x97, 0x26, 0x5e, 0x97, 0x26, 0x5e, 0x97, 0x26, 0x5e, 0x97, 0x26, 
  0x5e, 0x97, 0x26, 0x5e, 0x97, 0x26, 0x5e, 0x97, 0x26, 0x5e, 0x97, 0x26, 
  0x5e, 0x97, 0x26, 0x5e, 0x97, 0x26, 0x5e, 0x97, 0x26, 0x5e, 0x97, 0x26, 
  0x5e, 0x97, 0x26, 0x5e, 0x97, 0x26, 0x5e, 0x97, 0x26, 0x5e, 0x97, 0x26, 
  0x5e, 0x97, 0x26, 0x5e, 0x97, 0x26, 0x5e, 0x97, 0x26, 0x5e, 0x97, 0x26, 
  0x5e, 0x97, 0x26, 0x5e, 0x97, 0x26, 0x5e, 0x97, 0x26, 0x5e, 0x97, 0x26, 
  0x5e, 0x97, 0x26, 0x5e, 0x97, 0x26, 0x5e, 0x97, 0x26, 0x5e, 0x97, 0x26, 
  0x5e, 0x97, 0x26, 0x5e, 0x97, 0x26, 0x5e, 0x97, 0x26, 0x5e, 0x97, 0x26, 
  0x5e, 0x97, 0x26, 0x5e, 0x97, 0x26, 0x5e, 0x97, 0x26, 0x5e, 0x97, 0x26, 
  0x5e, 0x97, 0x26, 0x5e, 0x97, 0x26, 0x5e, 0x97, 0x26, 0x5e, 0x97, 0x26, 
  0x5e, 0x97, 0x26, 0x5e, 0x97, 0x26, 0x5e, 0x97, 0x26, 0x5e, 0x97, 0x26, 
  0x5e, 0x97, 0x26, 0x5e, 0x97, 0x26, 0x5e, 0x97, 0x26, 0x5e, 0x97, 0x26, 
  0x5e, 0x97, 0x26, 0x5e, 0x97, 0x26, 0x5e, 0x97, 0x26, 0x5e, 0x97, 0x26, 
  0x5e, 0x97, 0x26, 0x5e, 0x97, 0x26, 0x5e, 0x97, 0x26, 0x5e, 0x97, 0x26, 
  0x5e, 0x97, 0x26, 0x5e, 0x97, 0x26, 0x5e, 0x97, 0x26, 0x5e, 0x97, 0x26, 
  0x5e, 0x97, 0x26, 0x5e, 0x97, 0x26, 0x5e, 0x97, 0x26, 0x5e, 0x97, 0x26, 
  0x5e, 0x97, 0x26, 0x5e, 0x97, 0x26, 0x5e, 0x97, 0x26, 0x5e, 0x97, 0x26, 
  0x5e, 0x97, 0x26, 0x5e, 0x97, 0x26, 0x5e, 0x97, 0x26, 0x5e, 0x97, 0x26, 
  0x5e, 0x97, 0x26, 0x5e, 0x97, 0x26, 0x5e, 0x97, 0x26, 0x5e, 0x97, 0x26, 
  0x5e, 0x97, 0x26, 0x5e, 0x97, 0x26, 0x5e, 0x97, 0x26, 0x5e, 0x97, 0x26, 
  0x5e, 0x97, 0x26, 0x5e, 0x97, 0x26, 0x5e, 0x97, 0x26, 0x5e, 0x97, 0x26, 
  0x5e, 0x97, 0x26, 0x5e, 0x97, 0x26, 0x5e, 0x97, 0x26, 0x5e, 0x97, 0x26, 
  0x5e, 0x97, 0x26, 0x5e, 0x97, 0x26, 0x5e, 0x97, 0x26, 0x5e, 0x97, 0x26, 
  0x5e, 0x97, 0x26, 0x5e, 0x97, 0x26, 0x5e, 0x97, 0x26, 0x5e, 0x97, 0x26, 
  0x5e, 0x97, 0x26, 0x5e, 0x97, 0x26, 0x5e, 0x97, 0x26, 0x5e, 0x97, 0x26, 
  0x5e, 0x97, 0x26, 0x5e, 0x97, 0x26, 0x5e, 0x97, 0x26, 0x5e, 0x97, 0x26, 
  0x5e, 0x97, 0x26, 0x5e, 0x97, 0x26, 0x5e, 0x97, 0x26, 0x5e, 0x97, 0x26, 
  0x5e, 0x97, 0x26, 0x5e, 0x97, 0x26, 0x5e, 0x97, 0x26, 0x5e, 0x97, 0x26, 
  0x5e, 0x97, 0x26, 0x5e, 0x97, 0x26, 0x5e, 0x97, 0x26, 0x5e, 0x97, 0x26, 
  0x5e, 0x97, 0x26, 0x5e, 0x97, 0x26, 0x5e, 0x97, 0x26, 0x5e, 0x97, 0x26, 
  0x5e, 0x97, 0x26, 0x5e, 0x97, 0x26, 0x5e, 0x97, 0x26, 0x5e, 0x97, 0x26, 
  0x5e, 0x97, 0x26, 0x5e, 0x97, 0x26, 0x5e, 0x97, 0x26, 0x5e, 0x97, 0x26, 
  0x5e, 0x97, 0x26, 0x5e, 0x97, 0x26, 0x5e, 0x97, 0x26, 0x5e, 0x97, 0x26, 
  0x5e, 0x97, 0x26, 0x5e, 0x97, 0x26, 0x5e, 0x97, 0x26, 0x5e, 0x97, 0x26, 
  0x5e, 0x97, 0x26, 0x5e, 0x97, 0x26, 0x5e, 0x97, 0x26, 0x5e, 0x97, 0x26, 
  0x5e, 0x97, 0x26, 0x5e, 0x97, 0x26, 0x5e, 0x97, 0x26, 0x5e, 0x97, 0x26, 
  0x5e, 0x97, 0x26, 0x5e, 0x97, 0x26, 0x5e, 0x97, 0x26, 0x5e, 0x97, 0x26, 
  0x5e, 0x97, 0x26, 0x5e, 0x97, 0x26, 0x5e, 0x97, 0x26, 0x5e, 0x97, 0x26, 
  0x5e, 0x97, 0x26, 0x5e, 0x97, 0x26, 0x5e, 0x97, 0x26, 0x5e, 0x97, 0x26, 
  0x5e, 0x97, 0x26, 0x5e, 0x97, 0x26, 0x5e, 0x97, 0x26, 0x5e, 0x97, 0x26, 
  0x5e, 0x97, 0x26, 0x5e, 0x97, 0x26, 0x5e, 0x97, 0x26, 0x5e, 0x97, 0x26, 
  0x5e, 0x97, 0x26, 0x5e, 0x97, 0x26, 0x5e, 0x97, 0x26, 0x5e, 0x97, 0x26, 
  0x5e, 0x97, 0x26, 0x5e, 0x97, 0x26, 0x5e, 0x97, 0x26, 0x5e, 0x97, 0x26, 
  0x5e, 0x97, 0x26, 0x5e, 0x97, 0x26, 0x5e, 0x97, 0x26, 0x5e, 0x97, 0x26, 
  0x5e, 0x97, 0x26, 0x5e, 0x97, 0x26, 0x5e, 0x97, 0x26, 0x5e, 0x97, 0x26, 
  0x5e, 0x97, 0x26, 0x5e, 0x97, 0x26, 0x5e, 0x97, 0x26, 0x5e, 0x97, 0x26, 
  0x5e, 0x97, 0x26, 0x5e, 0x97, 0x26, 0x5e, 0x97, 0x26, 0x5e, 0x97, 0x26, 
  0x5e, 0x97, 0x26, 0x5e, 0x97, 0x26, 0x5e, 0x97, 0x26, 0x5e, 0x97, 0x26, 
  0x5e, 0x97, 0x26, 0x5e, 0x97, 0x26, 0x5e, 0x97, 0x26, 0x5e, 0x97, 0x26, 
  0x5e, 0x97, 0x26, 0x5e, 0x97, 0x26, 0x5e, 0x97, 0x26, 0x5e, 0x97, 0x26, 
  0x5e, 0x97, 0x26, 0x5e, 0x97, 0x26, 0x5e, 0x97, 0x26, 0x5e, 0x97, 0x26, 
  0x5e, 0x97, 0x26, 0x5e, 0x97, 0x26, 0x5e, 0x97, 0x26, 0x5e, 0x97, 0x26, 
  0x5e, 0x97, 0x26, 0x5e, 0x97, 0x26, 0x5e, 0x97, 0x26, 0x5e, 0x97, 0x26, 
  0x5e, 0x97, 0x26, 0x5e, 0x97, 0x26, 0x5e, 0x97, 0x26, 0x5e, 0x97, 0x26, 
  0x5e, 0x97, 0x26, 0x5e, 0x97, 0x26, 0x5e, 0x97, 0x26, 0x5e, 0x97, 0x26, 
  0x5e, 0x97, 0x26, 0x5e, 0x97, 0x26, 0x5e, 0x97, 0x26, 0x5e, 0x97, 0x26, 
  0x5e, 0x97, 0x26, 0x5e, 0x97, 0x26, 0x5e, 0x97, 0x26, 0x5e, 0x97, 0x26, 
  0x5e, 0x97, 0x26, 0x5e, 0x97, 0x26, 0x5e, 0x97, 0x26, 0x5e, 0x97, 0x26, 
  0x5e, 0x97, 0x26, 0x5e, 0x97, 0x26, 0x5e, 0x97, 0x26, 0x5e, 0x97, 0x26, 
  0x5e, 0x97, 0x26, 0x5e, 0x97, 0x26, 0x5e, 0x97, 0x26, 0x5e, 0x97, 0x26, 
  0x5e, 0x97, 0x26, 0x5e, 0x97, 0x26, 0x5e, 0x97, 0x26, 0x5e, 0x97, 0x26, 
  0x5e, 0x97, 0x26, 0x5e, 0x97, 0x26, 0x5e, 0x97, 0x26, 0x5e, 0x97, 0x26, 
  0x5e, 0x97, 0x26, 0x5e, 0x97, 0x26, 0x5e, 0x97, 0x26, 0x5e, 0x97, 0x26, 
  0x5e, 0x97, 0x26, 0x5e, 0x97, 0x26, 0x5e, 0x97, 0x26, 0x5e, 0x97, 0x26, 
  0x5e, 0x97, 0x26, 0x5e, 0x97, 0x26, 0x5e, 0x97, 0x26, 0x5e, 0x97, 0x26, 
  0x5e, 0x97, 0x26, 0x5e, 0x97, 0x26, 0x5e, 0x97, 0x26, 0x5e, 0x97, 0x26, 
  0x5e, 0x97, 0x26, 0x5e, 0x97, 0x26, 0x5e, 0x97, 0x26, 0x5e, 0x97, 0x26, 
  0x5e, 0x97, 0x26, 0x5e, 0x97, 0x26, 0x5e, 0x97, 0x26, 0x5e, 0x97, 0x26, 
  0x5e, 0x97, 0x26, 0x5e, 0x97, 0x26, 0x5e, 0x97, 0x26, 0x5e, 0x97, 0x26, 
  0x5e, 0x97, 0x26, 0x5e, 0x97, 0x26, 0x5e, 0x97, 0x26, 0x5e, 0x97, 0x26, 
  0x5e, 0x97, 0x26, 0x5e, 0x97, 0x26, 0x5e, 0x97, 0x26, 0x5e, 0x97, 0x26, 
  0x5e, 0x97, 0x26, 0x5e, 0x97, 0x26, 0x5e, 0x97, 0x26, 0x5e, 0x97, 0x26, 
  0x5e, 0x97, 0x26, 0x5e, 0x97, 0x26, 0x5e, 0x97, 0x26, 0x5e, 0x97, 0x26, 
  0x5e, 0x97, 0x26, 0x5e, 0x97, 0x26, 0x5e, 0x97, 0x26, 0x5e, 0x97, 0x26, 
  0x5e, 0x97, 0x26, 0x5e, 0x97, 0x26, 0x5e, 0x97, 0x26, 0x5e, 0x97, 0x26, 
  0x5e, 0x97, 0x26, 0x5e, 0x97, 0x26, 0x5e, 0x97, 0x26, 0x5e, 0x97, 0x26, 
  0x5e, 0x97, 0x26, 0x5e, 0x97, 0x26, 0x5e, 0x97, 0x26, 0x5e, 0x97, 0x26, 
  0x5e, 0x97, 0x26, 0x5e, 0x97, 0x26, 0x5e, 0x97, 0x26, 0x5e, 0x97, 0x26, 
  0x5e, 0x97, 0x26, 0x5e, 0x97, 0x26, 0x5e, 0x97, 0x26, 0x5e, 0x97, 0x26, 
  0x5e, 0x97, 0x26, 0x5e, 0x97, 0x26, 0x5e, 0x97, 0x26, 0x5e, 0x97, 0x26, 
  0x5e, 0x97, 0x26, 0x5e, 0x97, 0x26, 0x5e, 0x97, 0x26, 0x5e, 0x97, 0x26, 
  0x5e, 0x97, 0x26, 0x5e, 0x97, 0x26, 0x5e, 0x97, 0x26, 0x5e, 0x97, 0x26, 
  0x5e, 0x97, 0x26, 0x5e, 0x97, 0x26, 0x5e, 0x97, 0x26, 0x5e, 0x97, 0x26, 
  0x5e, 0x97, 0x26, 0x5e, 0x97, 0x26, 0x5e, 0x97, 0x26, 0x5e, 0x97, 0x26, 
  0x5e, 0x97, 0x26, 0x5e, 0x97, 0x26, 0x5e, 0x97, 0x26, 0x5e, 0x97, 0x26, 
  0x5e, 0x97, 0x26, 0x5e, 0x97, 0x26, 0x5e, 0x97, 0x26, 0x5e, 0x97, 0x26, 
  0x5e, 0x97, 0x26, 0x5e, 0x97, 0x26, 0x5e, 0x97, 0x26, 0x5e, 0x97, 0x26, 
  0x5e, 0x97, 0x26, 0x5e, 0x97, 0x26, 0x5e, 0x97, 0x26, 0x5e, 0x97, 0x26, 
  0x5e, 0x97, 0x26, 0x5e, 0x97, 0x26, 0x5e, 0x97, 0x26, 0x5e, 0x97, 0x26, 
  0x5e, 0x97, 0x26, 0x5e, 0x97, 0x26, 0x5e, 0x97, 0x26, 0x5e, 0x97, 0x26, 
  0x5e, 0x97, 0x26, 0x5e, 0x97, 0x26, 0x5e, 0x97, 0x26, 0x5e, 0x97, 0x26, 
  0x5e, 0x97, 0x26, 0x5e, 0x97, 0x26, 0x5e, 0x97, 0x26, 0x5e, 0x97, 0x26, 
  0x5e, 0x97, 0x26, 0x5e, 0x97, 0x26, 0x5e, 0x97, 0x26, 0x5e, 0x97, 0x26, 
  0x5e, 0x97, 0x26, 0x5e, 0x97, 0x26, 0x5e, 0x97, 0x26, 0x5e, 0x97, 0x26, 
  0x5e, 0x97, 0x26, 0x5e, 0x97, 0x26, 0x5e, 0x97, 0x26, 0x5e, 0x97, 0x26, 
  0x5e, 0x97, 0x26, 0x5e, 0x97, 0x26, 0x5e, 0x97, 0x26, 0x5e, 0x97, 0x26, 
  0x5e, 0x97, 0x26, 0x5e, 0x97, 0x26, 0x5e, 0x97, 0x26, 0x5e, 0x97, 0x26, 
  0x5e, 0x97, 0x26, 0x5e, 0x97, 0x26, 0x5e, 0x97, 0x26, 0x5e, 0x97, 0x26, 
  0x5e, 0x97, 0x26, 0x5e, 0x97, 0x26, 0x5e, 0x97, 0x26, 0x5e, 0x97, 0x26, 
  0x5e, 0x97, 0x26, 0x5e, 0x97, 0x26, 0x5e, 0x97, 0x26, 0x5e, 0x97, 0x26, 
  0x5e, 0x97, 0x26, 0x5e, 0x97, 0x26, 0x5e, 0x97, 0x26, 0x5e, 0x97, 0x26, 
  0x5e, 0x97, 0x26, 0x5e, 0x97, 0x26, 0x5e, 0x97, 0x26, 0x5e, 0x97, 0x26, 
  0x5e, 0x97, 0x26, 0x5e, 0x97, 0x26, 0x5e, 0x97, 0x26, 0x5e, 0x97, 0x26, 
  0x5e, 0x97, 0x26, 0x5e, 0x97, 0x26, 0x5e, 0x97, 0x26, 0x5e, 0x97, 0x26, 
  0x5e, 0x97, 0x26, 0x5e, 0x97, 0x26, 0x5e, 0x97, 0x26, 0x5e, 0x97, 0x26, 
  0x5e, 0x97, 0x26, 0x5e, 0x97, 0x26, 0x5e, 0x97, 0x26, 0x5e, 0x97, 0x26, 
  0x5e, 0x97, 0x26, 0x5e, 0x97, 0x26, 0x5e, 0x97, 0x26, 0x5e, 0x97, 0x26, 
  0x5e, 0x97, 0x26, 0x5e, 0x97, 0x26, 0x5e, 0x97, 0x26, 0x5e, 0x97, 0x26, 
  0x5e, 0x97, 0x26, 0x5e, 0x97, 0x26, 0x5e, 0x97, 0x26, 0x5e, 0x97, 0x26, 
  0x5e, 0x97, 0x26, 0x5e, 0x97, 0x26, 0x5e, 0x97, 0x26, 0x5e, 0x97, 0x26, 
  0x5e, 0x97, 0x26, 0x5e, 0x97, 0x26, 0x5e, 0x97, 0x26, 0x5e, 0x97, 0x26, 
  0x5e, 0x97, 0x26, 0x5e, 0x97, 0x26, 0x5e, 0x97, 0x26, 0x5e, 0x97, 0x26, 
  0x5e, 0x97, 0x26, 0x5e, 0x97, 0x26, 0x5e, 0x97, 0x26, 0x5e, 0x97, 0x26, 
  0x5e, 0x97, 0x26, 0x5e, 0x97, 0x26, 0x5e, 0x97, 0x26, 0x5e, 0x97, 0x26, 
  0x5e, 0x97, 0x26, 0x5e, 0x97, 0x26, 0x5e, 0x97, 0x26, 0x5e, 0x97, 0x26, 
  0x5e, 0x97, 0x26, 0x5e, 0x97, 0x26, 0x5e, 0x97, 0x26, 0x5e, 0x97, 0x26, 
  0x5e, 0x97, 0x26, 0x5e, 0x97, 0x26, 0x5e, 0x97, 0x26, 0x5e, 0x97, 0x26, 
  0x5e, 0x97, 0x26, 0x5e, 0x97, 0x26, 0x5e, 0x97, 0x26, 0x5e, 0x97, 0x26, 
  0x5e, 0x97, 0x26, 0x5e, 0x97, 0x26, 0x5e, 0x97, 0x26, 0x5e, 0x97, 0x26, 
  0x5e, 0x97, 0x26, 0x5e, 0x97, 0x26, 0x5e, 0x97, 0x26, 0x5e, 0x97, 0x26, 
  0x5e, 0x97, 0x26, 0x5e, 0x97, 0x26, 0x5e, 0x97, 0x26, 0x5e, 0x97, 0x26, 
  0x5e, 0x97, 0x26, 0x5e, 0x97, 0x26, 0x5e, 0x97, 0x26, 0x5e, 0x97, 0x26, 
  0x5e, 0x97, 0x26, 0x5e, 0x97, 0x26, 0x5e, 0x97, 0x26, 0x5e, 0x97, 0x26, 
  0x5e, 0x97, 0x26, 0x5e, 0x97, 0x26, 0x5e, 0x97, 0x26, 0x5e, 0x97, 0x26, 
  0x5e, 0x97, 0x26, 0x5e, 0x97, 0x26, 0x5e, 0x97, 0x26, 0x5e, 0x97, 0x26, 
  0x5e, 0x97, 0x26, 0x5e, 0x97, 0x26, 0x5e, 0x97, 0x26, 0x5e, 0x97, 0x26, 
  0x5e, 0x97, 0x26, 0x5e, 0x97, 0x26, 0x5e, 0x97, 0x26, 0x5e, 0x97, 0x26, 
  0x5e, 0x97, 0x26, 0x5e, 0x97, 0x26, 0x5e, 0x97, 0x26, 0x5e, 0x97, 0x26, 
  0x5e, 0x97, 0x26, 0x5e, 0x97, 0x26, 0x5e, 0x97, 0x26, 0x5e, 0x97, 0x26, 
  0x5e, 0x97, 0x26, 0x5e, 0x97, 0x26, 0x5e, 0x97, 0x26, 0x5e, 0x97, 0x26, 
  0x5e, 0x97, 0x26, 0x5e, 0x97, 0x26, 0x5e, 0x97, 0x26, 0x5e, 0x97, 0x26, 
  0x5e, 0x97, 0x26, 0x5e, 0x97, 0x26, 0x5e, 0x97, 0x26, 0x5e, 0x97, 0x26, 
  0x5e, 0x97, 0x26, 0x5e, 0x97, 0x26, 0x5e, 0x97, 0x26, 0x5e, 0x97, 0x26, 
  0x5e, 0x97, 0x26, 0x5e, 0x97, 0x26, 0x5e, 0x97, 0x26, 0x5e, 0x97, 0x26, 
  0x5e, 0x97, 0x26, 0x5e, 0x97, 0x26, 0x5e, 0x97, 0x26, 0x5e, 0x97, 0x26, 
  0x5e, 0x97, 0x26, 0x5e, 0x97, 0x26, 0x5e, 0x97, 0x26, 0x5e, 0x97, 0x26, 
  0x5e, 0x97, 0x26, 0x5e, 0x97, 0x26, 0x5e, 0x97, 0x26, 0x5e, 0x97, 0x26, 
  0x5e, 0x97, 0x26, 0x5e, 0x97, 0x26, 0x5e, 0x97, 0x26, 0x5e, 0x97, 0x26, 
  0x5e, 0x97, 0x26, 0x5e, 0x97, 0x26, 0x5e, 0x97, 0x26, 0x5e, 0x97, 0x26, 
  0x5e, 0x97, 0x26, 0x5e, 0x97, 0x26, 0x5e, 0x97, 0x26, 0x5e, 0x97, 0x26, 
  0x5e, 0x97, 0x26, 0x5e, 0x97, 0x26, 0x5e, 0x97, 0x26, 0x5e, 0x97, 0x26, 
  0x5e, 0x97, 0x26, 0x5e, 0x97, 0x26, 0x5e, 0x97, 0x26, 0x5e, 0x97, 0x26, 
  0x5e, 0x97, 0x26, 0x5e, 0x97, 0x26, 0x5e, 0x97, 0x26, 0x5e, 0x97, 0x26, 
  0x5e, 0x97, 0x26, 0x5e, 0x97, 0x26, 0x5e, 0x97, 0x26, 0x5e, 0x97, 0x26, 
  0x5e, 0x97, 0x26, 0x5e, 0x97, 0x26, 0x5e, 0x97, 0x26, 0x5e, 0x97, 0x26, 
  0x5e, 0x97, 0x26, 0x5e, 0x97, 0x26, 0x5e, 0x97, 0x26, 0x5e, 0x97, 0x26, 
  0x5e, 0x97, 0x26, 0x5e, 0x97, 0x26, 0x5e, 0x97, 0x26, 0x5e, 0x97, 0x26, 
  0x5e, 0x97, 0x26, 0x5e, 0x97, 0x26, 0x5e, 0x97, 0x26, 0x5e, 0x97, 0x26, 
  0x5e, 0x97, 0x26, 0x5e, 0x97, 0x26, 0x5e, 0x97, 0x26, 0x5e, 0x97, 0x26, 
  0x5e, 0x97, 0x26, 0x5e, 0x97, 0x26, 0x5e, 0x97, 0x26, 0x5e, 0x97, 0x26, 
  0x5e, 0x97, 0x26, 0x5e, 0x97, 0x26, 0x5e, 0x97, 0x26, 0x5e, 0x97, 0x26, 
  0x5e, 0x97, 0x26, 0x5e, 0x97, 0x26, 0x5e, 0x97, 0x26, 0x5e, 0x97, 0x26, 
  0x5e, 0x97, 0x26, 0x5e, 0x97, 0x26, 0x5e, 0x97, 0x26, 0x5e, 0x97, 0x26, 
  0x5e, 0x97, 0x26, 0x5e, 0x97, 0x26, 0x5e, 0x97, 0x26, 0x5e, 0x97, 0x26, 
  0x5e, 0x97, 0x26, 0x5e, 0x97, 0x26, 0x5e, 0x97, 0x26, 0x5e, 0x97, 0x26, 
  0x5e, 0x97, 0x26, 0x5e, 0x97, 0x26, 0x5e, 0x97, 0x26, 0x5e, 0x97, 0x26, 
  0x5e, 0x97, 0x26, 0x5e, 0x97, 0x26, 0x5e, 0x97, 0x26, 0x5e, 0x97, 0x26, 
  0x5e, 0x97, 0x26, 0x5e, 0x97, 0x26, 0x5e, 0x97, 0x26, 0x5e, 0x97, 0x26, 
  0x5e, 0x97, 0x26, 0x5e, 0x97, 0x26, 0x5e, 0x97, 0x26, 0x5e, 0x97, 0x26, 
  0x5e, 0x97, 0x26, 0x5e, 0x97, 0x26, 0x5e, 0x97, 0x26, 0x5e, 0x97, 0x26, 
  0x5e, 0x97, 0x26, 0x5e, 0x97, 0x26, 0x5e, 0x97, 0x26, 0x5e, 0x97, 0x26, 
  0x5e, 0x97, 0x26, 0x5e, 0x97, 0x26, 0x5e, 0x97, 0x26, 0x5e, 0x97, 0x26, 
  0x5e, 0x97, 0x26, 0x5e, 0x97, 0x26, 0x5e, 0x97, 0x26, 0x5e, 0x97, 0x26, 
  0x5e, 0x97, 0x26, 0x5e, 0x97, 0x26, 0x5e, 0x97, 0x26, 0x5e, 0x97, 0x26, 
  0x5e, 0x97, 0x26, 0x5e, 0x97, 0x26, 0x5e, 0x97, 0x26, 0x5e, 0x97, 0x26, 
  0x5e, 0x97, 0x26, 0x5e, 0x97, 0x26, 0x5e, 0x97, 0x26, 0x5e, 0x97, 0x26, 
  0x5e, 0x97, 0x26, 0x5e, 0x97, 0x26, 0x5e, 0x97, 0x26, 0x5e, 0x97, 0x26, 
  0x5e, 0x97, 0x26, 0x5e, 0x97, 0x26, 0x5e, 0x97, 0x26, 0x5e, 0x97, 0x26, 
  0x5e, 0x97, 0x26, 0x5e, 0x97, 0x26, 0x5e, 0x97, 0x26, 0x5e, 0x97, 0x26, 
  0x5e, 0x97, 0x26, 0x5e, 0x97, 0x26, 0x5e, 0x97, 0x26, 0x5e, 0x97, 0x26, 
  0x5e, 0x97, 0x26, 0x5e, 0x97, 0x26, 0x5e, 0x97, 0x26, 0x5e, 0x97, 0x26, 
  0x5e, 0x97, 0x26, 0x5e, 0x97, 0x26, 0x5e, 0x97, 0x26, 0x5e, 0x97, 0x26, 
  0x5e, 0x97, 0x26, 0x5e, 0x97, 0x26, 0x5e, 0x97, 0x26, 0x5e, 0x97, 0x26, 
  0x5e, 0x97, 0x26, 0x5e, 0x97, 0x26, 0x5e, 0x97, 0x26, 0x5e, 0x97, 0x26, 
  0x5e, 0x97, 0x26, 0x5e, 0x97, 0x26, 0x5e, 0x97, 0x26, 0x5e, 0x97, 0x26, 
  0x5e, 0x97, 0x26, 0x5e, 0x97, 0x26, 0x5e, 0x97, 0x26, 0x5e, 0x97, 0x26, 
  0x5e, 0x97, 0x26, 0x5e, 0x97, 0x26, 0x5e, 0x97, 0x26, 0x5e, 0x97, 0x26, 
  0x5e, 0x97, 0x26, 0x5e, 0x97, 0x26, 0x5e, 0x97, 0x26, 0x5e, 0x97, 0x26, 
  0x5e, 0x97, 0x26, 0x5e, 0x97, 0x26, 0x5e, 0x97, 0x26, 0x5e, 0x97, 0x26, 
  0x5e, 0x97, 0x26, 0x5e, 0x97, 0x26, 0x5e, 0x97, 0x26, 0x5e, 0x97, 0x26, 
  0x5e, 0x97, 0x26, 0x5e, 0x97, 0x26, 0x5e, 0x97, 0x26, 0x5e, 0x97, 0x26, 
  0x5e, 0x97, 0x26, 0x5e, 0x97, 0x26, 0x5e, 0x97, 0x26, 0x5e, 0x97, 0x26, 
  0x5e, 0x97, 0x26, 0x5e, 0x97, 0x26, 0x5e, 0x97, 0x26, 0x5e, 0x97, 0x26, 
  0x5e, 0x97, 0x26, 0x5e, 0x97, 0x26, 0x5e, 0x97, 0x26, 0x5e, 0x97, 0x26, 
  0x5e, 0x97, 0x26, 0x5e, 0x97, 0x26, 0x5e, 0x97, 0x26, 0x5e, 0x97, 0x26, 
  0x5e, 0x97, 0x26, 0x5e, 0x97, 0x26, 0x5e, 0x97, 0x26, 0x5e, 0x97, 0x26, 
  0x5e, 0x97, 0x26, 0x5e, 0x97, 0x26, 0x5e, 0x97, 0x26, 0x5e, 0x97, 0x26, 
  0x5e, 0x97, 0x26, 0x5e, 0x97, 0x26, 0x5e, 0x97, 0x26, 0x5e, 0x97, 0x26, 
  0x5e, 0x97, 0x26, 0x5e, 0x97, 0x26, 0x5e, 0x97, 0x26, 0x5e, 0x97, 0x26, 
  0x5e, 0x97, 0x26, 0x5e, 0x97, 0x26, 0x5e, 0x97, 0x26, 0x5e, 0x97, 0x26, 
  0x5e, 0x97, 0x26, 0x5e, 0x97, 0x26, 0x5e, 0x97, 0x26, 0x5e, 0x97, 0x26, 
  0x5e, 0x97, 0x26, 0x5e, 0x97, 0x26, 0x5e, 0x97, 0x26, 0x5e, 0x97, 0x26, 
  0x5e, 0x97, 0x26, 0x5e, 0x97, 0x26, 0x5e, 0x97, 0x26, 0x5e, 0x97, 0x26, 
  0x5e, 0x97, 0x26, 0x5e, 0x97, 0x26, 0x5e, 0x97, 0x26, 0x5e, 0x97, 0x26, 
  0x5e, 0x97, 0x26, 0x5e, 0x97, 0x26, 0x5e, 0x97, 0x26, 0x5e, 0x97, 0x26, 
  0x5e, 0x97, 0x26, 0x5e, 0x97, 0x26, 0x5e, 0x97, 0x26, 0x5e, 0x97, 0x26, 
  0x5e, 0x97, 0x26, 0x5e, 0x97, 0x26, 0x5e, 0x97, 0x26, 0x5e, 0x97, 0x26, 
  0x5e, 0x97, 0x26, 0x5e, 0x97, 0x26, 0x5e, 0x97, 0x26, 0x5e, 0x97, 0x26, 
  0x5e, 0x97, 0x26, 0x5e, 0x97, 0x26, 0x5e, 0x97, 0x26, 0x5e, 0x97, 0x26, 
  0x5e, 0x97, 0x26, 0x5e, 0x97, 0x26, 0x5e, 0x97, 0x26, 0x5e, 0x97, 0x26, 
  0x5e, 0x97, 0x26, 0x5e, 0x97, 0x26, 0x5e, 0x97, 0x26, 0x5e, 0x97, 0x26, 
  0x5e, 0x97, 0x26, 0x5e, 0x97, 0x26, 0x5e, 0x97, 0x26, 0x5e, 0x97, 0x26, 
  0x5e, 0x97, 0x26, 0x5e, 0x97, 0x26, 0x5e, 0x97, 0x26, 0x5e, 0x97, 0x26, 
  0x5e, 0x97, 0x26, 0x5e, 0x97, 0x26, 0x5e, 0x97, 0x26, 0x5e, 0x97, 0x26, 
  0x5e, 0x97, 0x26, 0x5e, 0x97, 0x26, 0x5e, 0x97, 0x26, 0x5e, 0x97, 0x26, 
  0x5e, 0x97, 0x26, 0x5e, 0x97, 0x26, 0x5e, 0x97, 0x26, 0x5e, 0x97, 0x26, 
  0x5e, 0x97, 0x26, 0x5e, 0x97, 0x26, 0x5e, 0x97, 0x26, 0x5e, 0x97, 0x26, 
  0x5e, 0x97, 0x26, 0x5e, 0x97, 0x26, 0x5e, 0x97, 0x26, 0x5e, 0x97, 0x26, 
  0x5e, 0x97, 0x26, 0x5e, 0x97, 0x26, 0x5e, 0x97, 0x26, 0x5e, 0x97, 0x26, 
  0x5e, 0x97, 0x26, 0x5e, 0x97, 0x26, 0x5e, 0x97, 0x26, 0x5e, 0x97, 0x26, 
  0x5e, 0x97, 0x26, 0x5e, 0x97, 0x26, 0x5e, 0x97, 0x26, 0x5e, 0x97, 0x26, 
  0x5e, 0x97, 0x26, 0x5e, 0x97, 0x26, 0x5e, 0x97, 0x26, 0x5e, 0x97, 0x26, 
  0x5e, 0x97, 0x26, 0x5e, 0x97, 0x26, 0x5e, 0x97, 0x26, 0x5e, 0x97, 0x26, 
  0x5e, 0x97, 0x26, 0x5e, 0x97, 0x26, 0x5e, 0x97, 0x26, 0x5e, 0x97, 0x26, 
  0x5e, 0x97, 0x26, 0x5e, 0x97, 0x26, 0x5e, 0x97, 0x26, 0x5e, 0x97, 0x26, 
  0x5e, 0x97, 0x26, 0x5e, 0x97, 0x26, 0x5e, 0x97, 0x26, 0x5e, 0x97, 0x26, 
  0x5e, 0x97, 0x26, 0x5e, 0x97, 0x26, 0x5e, 0x97, 0x26, 0x5e, 0x97, 0x26, 
  0x5e, 0x97, 0x26, 0x5e, 0x97, 0x26, 0x5e, 0x97, 0x26, 0x5e, 0x97, 0x26, 
  0x5e, 0x97, 0x26, 0x5e, 0x97, 0x26, 0x5e, 0x97, 0x26, 0x5e, 0x97, 0x26, 
  0x5e, 0x97, 0x26, 0x5e, 0x97, 0x26, 0x5e, 0x97, 0x26, 0x5e, 0x97, 0x26, 
  0x5e, 0x97, 0x26, 0x5e, 0x97, 0x26, 0x5e, 0x97, 0x26, 0x5e, 0x97, 0x26, 
  0x5e, 0x97, 0x26, 0x5e, 0x97, 0x26, 0x5e, 0x97, 0x26, 0x5e, 0x97, 0x26, 
  0x5e, 0x97, 0x26, 0x5e, 0x97, 0x26, 0x5e, 0x97, 0x26, 0x5e, 0x97, 0x26, 
  0x5e, 0x97, 0x26, 0x5e, 0x97, 0x26, 0x5e, 0x97, 0x26, 0x5e, 0x97, 0x26, 
  0x5e, 0x97, 0x26, 0x5e, 0x97, 0x26, 0x5e, 0x97, 0x26, 0x5e, 0x97, 0x26, 
  0x5e, 0x97, 0x26, 0x5e, 0x97, 0x26, 0x5e, 0x97, 0x26, 0x5e, 0x97, 0x26, 
  0x5e, 0x97, 0x26, 0x5e, 0x97, 0x26, 0x5e, 0x97, 0x26, 0x5e, 0x97, 0x26, 
  0x5e, 0x97, 0x26, 0x5e, 0x97, 0x26, 0x5e, 0x97, 0x26, 0x5e, 0x97, 0x26, 
  0x5e, 0x97, 0x26, 0x5e, 0x97, 0x26, 0x5e, 0x97, 0x26, 0x5e, 0x97, 0x26, 
  0x5e, 0x97, 0x26, 0x5e, 0x97, 0x26, 0x5e, 0x97, 0x26, 0x5e, 0x97, 0x26, 
  0x5e, 0x97, 0x26, 0x5e, 0x97, 0x26, 0x5e, 0x97, 0x26, 0x5e, 0x97, 0x26, 
  0x5e, 0x97, 0x26, 0x5e, 0x97, 0x26, 0x5e, 0x97, 0x26, 0x5e, 0x97, 0x26, 
  0x5e, 0x97, 0x26, 0x5e, 0x97, 0x26, 0x5e, 0x97, 0x26, 0x5e, 0x97, 0x26, 
  0x5e, 0x97, 0x26, 0x5e, 0x97, 0x26, 0x5e, 0x97, 0x26, 0x5e, 0x97, 0x26, 
  0x5e, 0x97, 0x26, 0x5e, 0x97, 0x26, 0x5e, 0x97, 0x26, 0x5e, 0x97, 0x26, 
  0x5e, 0x97, 0x26, 0x5e, 0x97, 0x26, 0x5e, 0x97, 0x26, 0x5e, 0x97, 0x26, 
  0x5e, 0x97, 0x26, 0x5e, 0x97, 0x26, 0x5e, 0x97, 0x26, 0x5e, 0x97, 0x26, 
  0x5e, 0x97, 0x26, 0x5e, 0x97, 0x26, 0x5e, 0x97, 0x26, 0x5e, 0x97, 0x26, 
  0x5e, 0x97, 0x26, 0x5e, 0x97, 0x26, 0x5e, 0x97, 0x26, 0x5e, 0x97, 0x26, 
  0x5e, 0x97, 0x26, 0x5e, 0x97, 0x26, 0x5e, 0x97, 0x26, 0x5e, 0x97, 0x26, 
  0x5e, 0x97, 0x26, 0x5e, 0x97, 0x26, 0x5e, 0x97, 0x26, 0x5e, 0x97, 0x26, 
  0x5e, 0x97, 0x26, 0x5e, 0x97, 0x26, 0x5e, 0x97, 0x26, 0x5e, 0x97, 0x26, 
  0x5e, 0x97, 0x26, 0x5e, 0x97, 0x26, 0x5e, 0x97, 0x26, 0x5e, 0x97, 0x26, 
  0x5e, 0x97, 0x26, 0x5e, 0x97, 0x26, 0x5e, 0x97, 0x26, 0x5e, 0x97, 0x26, 
  0x5e, 0x97, 0x26, 0x5e, 0x97, 0x26, 0x5e, 0x97, 0x26, 0x5e, 0x97, 0x26, 
  0x5e, 0x97, 0x26, 0x5e, 0x97, 0x26, 0x5e, 0x97, 0x26, 0x5e, 0x97, 0x26, 
  0x5e, 0x97, 0x26, 0x5e, 0x97, 0x26, 0x5e, 0x97, 0x26, 0x5e, 0x97, 0x26, 
  0x5e, 0x97, 0x26, 0x5e, 0x97, 0x26, 0x5e, 0x97, 0x26, 0x5e, 0x97, 0x26, 
  0x5e, 0x97, 0x26, 0x5e, 0x97, 0x26, 0x5e, 0x97, 0x26, 0x5e, 0x97, 0x26, 
  0x5e, 0x97, 0x26, 0x5e, 0x97, 0x26, 0x5e, 0x97, 0x26, 0x5e, 0x97, 0x26, 
  0x5e, 0x97, 0x26, 0x5e, 0x97, 0x26, 0x5e, 0x97, 0x26, 0x5e, 0x97, 0x26, 
  0x5e, 0x97, 0x26, 0x5e, 0x97, 0x26, 0x5e, 0x97, 0x26, 0x5e, 0x97, 0x26, 
  0x5e, 0x97, 0x26, 0x5e, 0x97, 0x26, 0x5e, 0x97, 0x26, 0x5e, 0x97, 0x26, 
  0x5e, 0x97, 0x26, 0x5e, 0x97, 0x26, 0x5e, 0x97, 0x26, 0x5e, 0x97, 0x26, 
  0x5e, 0x97, 0x26, 0x5e, 0x97, 0x26, 0x5e, 0x97, 0x26, 0x5e, 0x97, 0x26, 
  0x5e, 0x97, 0x26, 0x5e, 0x97, 0x26, 0x5e, 0x97, 0x26, 0x5e, 0x97, 0x26, 
  0x5e, 0x97, 0x26, 0x5e, 0x97, 0x26, 0x5e, 0x97, 0x26, 0x5e, 0x97, 0x26, 
  0x5e, 0x97, 0x26, 0x5e, 0x97, 0x26, 0x5e, 0x97, 0x26, 0x5e, 0x97, 0x26, 
  0x5e, 0x97, 0x26, 0x5e, 0x97, 0x26, 0x5e, 0x97, 0x26, 0x5e, 0x97, 0x26, 
  0x5e, 0x97, 0x26, 0x5e, 0x97, 0x26, 0x5e, 0x97, 0x00, 0x5e, 0x97, 0x00, 
  0x5e, 0x97, 0x00, 0x5e, 0x97, 0x00, 0x5e, 0x97, 0x00, 0x5e, 0x97, 0x00, 
  0x5e, 0x97, 0x00, 0x5e, 0x97, 0x00, 0x5e, 0x97, 0x00, 0x5e, 0x97, 0x00, 
  0x5e, 0x97, 0x00, 0x5e, 0x97, 0x00, 0x5e, 0x97, 0x00, 0x5e, 0x97, 0x00, 
  0x5e, 0x97, 0x00, 0x5e, 0x97, 0x00, 0x5e, 0x97, 0x00, 0x5e, 0x97, 0x26, 
  0x5e, 0x97, 0x26, 0x5e, 0x97, 0x26, 0x5e, 0x97, 0x26, 0x5e, 0x97, 0x26, 
  0x5e, 0x97, 0x26, 0x5e, 0x97, 0x26, 0x5e, 0x97, 0x26, 0x5e, 0x97, 0x26, 
  0x5e, 0x97, 0x26, 0x5e, 0x97, 0x26, 0x5e, 0x97, 0x26, 0x5e, 0x97, 0x26, 
  0x5e, 0x97, 0x26, 0x5e, 0x97, 0x26, 0x5e, 0x97, 0x26, 0x5e, 0x97, 0x26, 
  0x5e, 0x97, 0x26, 0x5e, 0x97, 0x26, 0x5e, 0x97, 0x26, 0x5e, 0x97, 0x26, 
  0x5e, 0x97, 0x26, 0x5e, 0x97, 0x26, 0x5e, 0x97, 0x26, 0x5e, 0x97, 0x26, 
  0x5e, 0x97, 0x26, 0x5e, 0x97, 0x26, 0x5e, 0x97, 0x26, 0x5e, 0x97, 0x26, 
  0x5e, 0x97, 0x26, 0x5e, 0x97, 0x26, 0x5e, 0x97, 0x26, 0x5e, 0x97, 0x26, 
  0x5e, 0x97, 0x26, 0x5e, 0x97, 0x26, 0x5e, 0x97, 0x26, 0x5e, 0x97, 0x26, 
  0x5e, 0x97, 0x26, 0x5e, 0x97, 0x26, 0x5e, 0x97, 0x00, 0x5e, 0x97, 0x00, 
  0x5e, 0x97, 0x00, 0x9e, 0xaf, 0x00, 0xff, 0xf7, 0x00, 0xff, 0xf7, 0x00, 
  0xff, 0xff, 0x00, 0xff, 0xff, 0x00, 0xdf, 0xef, 0x00, 0xff, 0xf7, 0x00, 
  0xff, 0xf7, 0x00, 0xff, 0xff, 0x00, 0xff, 0xff, 0x00, 0xff, 0xf7, 0x00, 
  0xff, 0xf7, 0x00, 0xdf, 0xef, 0x00, 0xff, 0xff, 0x00, 0xff, 0xff, 0x00, 
  0xff, 0xf7, 0x00, 0xff, 0xf7, 0x00, 0xdf, 0xd7, 0x00, 0x5e, 0x97, 0x00, 
  0x5e, 0x97, 0x00, 0x5e, 0x97, 0x00, 0x5e, 0x97, 0x26, 0x5e, 0x97, 0x26, 
  0x5e, 0x97, 0x26, 0x5e, 0x97, 0x26, 0x5e, 0x97, 0x26, 0x5e, 0x97, 0x26, 
  0x5e, 0x97, 0x26, 0x5e, 0x97, 0x26, 0x5e, 0x97, 0x26, 0x5e, 0x97, 0x26, 
  0x5e, 0x97, 0x26, 0x5e, 0x97, 0x26, 0x5e, 0x97, 0x26, 0x5e, 0x97, 0x26, 
  0x5e, 0x97, 0x26, 0x5e, 0x97, 0x26, 0x5e, 0x97, 0x26, 0x5e, 0x97, 0x26, 
  0x5e, 0x97, 0x26, 0x5e, 0x97, 0x26, 0x5e, 0x97, 0x26, 0x5e, 0x97, 0x26, 
  0x5e, 0x97, 0x26, 0x5e, 0x97, 0x26, 0x5e, 0x97, 0x26, 0x5e, 0x97, 0x26, 
  0x5e, 0x97, 0x26, 0x5e, 0x97, 0x26, 0x5e, 0x97, 0x26, 0x5e, 0x97, 0x26, 
  0x5e, 0x97, 0x26, 0x5e, 0x97, 0x26, 0x5e, 0x97, 0x26, 0x5e, 0x97, 0x00, 
  0x5e, 0x97, 0x00, 0x5e, 0x97, 0x00, 0xdf, 0xe7, 0x00, 0xff, 0xf7, 0x00, 
  0xff, 0xff, 0x00, 0xff, 0xf7, 0x00, 0xff, 0xff, 0x00, 0xff, 0xff, 0x00, 
  0xff, 0xff, 0x00, 0xff, 0xf7, 0x00, 0xff, 0xff, 0x00, 0xff, 0xff, 0x00, 
  0xff, 0xff, 0x00, 0xff, 0xff, 0x00, 0xff, 0xff, 0x00, 0xff, 0xff, 0x00, 
  0xff, 0xff, 0x00, 0xff, 0xff, 0x00, 0xff, 0xff, 0x00, 0xff, 0xff, 0x00, 
  0xff, 0xff, 0x00, 0xff, 0xff, 0x00, 0xff, 0xff, 0x00, 0xff, 0xff, 0x00, 
  0xff, 0xf7, 0x00, 0xdf, 0xe7, 0x00, 0x5e, 0x97, 0x00, 0x5e, 0x97, 0x00, 
  0x5e, 0x97, 0x00, 0x5e, 0x97, 0x26, 0x5e, 0x97, 0x26, 0x5e, 0x97, 0x26, 
  0x5e, 0x97, 0x26, 0x5e, 0x97, 0x26, 0x5e, 0x97, 0x26, 0x5e, 0x97, 0x26, 
  0x5e, 0x97, 0x26, 0x5e, 0x97, 0x26, 0x5e, 0x97, 0x26, 0x5e, 0x97, 0x26, 
  0x5e, 0x97, 0x26, 0x5e, 0x97, 0x26, 0x5e, 0x97, 0x26, 0x5e, 0x97, 0x26, 
  0x5e, 0x97, 0x26, 0x5e, 0x97, 0x26, 0x5e, 0x97, 0x26, 0x5e, 0x97, 0x26, 
  0x5e, 0x97, 0x26, 0x5e, 0x97, 0x26, 0x5e, 0x97, 0x26, 0x5e, 0x97, 0x26, 
  0x5e, 0x97, 0x26, 0x5e, 0x97, 0x26, 0x5e, 0x97, 0x26, 0x5e, 0x97, 0x26, 
  0x5e, 0x97, 0x26, 0x5e, 0x97, 0x00, 0x5e, 0x97, 0x00, 0xdf, 0xe7, 0x00, 
  0xff, 0xf7, 0x00, 0xff, 0xff, 0x00, 0xff, 0xff, 0x00, 0xff, 0xff, 0x00, 
  0xff, 0xff, 0x00, 0xff, 0xff, 0x00, 0xff, 0xff, 0x00, 0xff, 0xff, 0x00, 
  0xff, 0xff, 0x00, 0xff, 0xff, 0x00, 0xff, 0xff, 0x00, 0xff, 0xff, 0x00, 
  0xff, 0xff, 0x00, 0xff, 0xff, 0x00, 0xff, 0xff, 0x00, 0xff, 0xff, 0x00, 
  0xff, 0xff, 0x00, 0xff, 0xff, 0x00, 0xff, 0xff, 0x00, 0xff, 0xff, 0x00, 
  0xff, 0xff, 0x00, 0xff, 0xff, 0x00, 0xff, 0xff, 0x00, 0xff, 0xff, 0x00, 
  0xff, 0xff, 0x00, 0xff, 0xff, 0x00, 0xff, 0xff, 0x00, 0xff, 0xf7, 0x00, 
  0xdf, 0xe7, 0x00, 0x5e, 0x97, 0x00, 0x5e, 0x97, 0x00, 0x5e, 0x97, 0x26, 
  0x5e, 0x97, 0x26, 0x5e, 0x97, 0x26, 0x5e, 0x97, 0x26, 0x5e, 0x97, 0x26, 
  0x5e, 0x97, 0x26, 0x5e, 0x97, 0x26, 0x5e, 0x97, 0x26, 0x5e, 0x97, 0x26, 
  0x5e, 0x97, 0x26, 0x5e, 0x97, 0x26, 0x5e, 0x97, 0x26, 0x5e, 0x97, 0x26, 
  0x5e, 0x97, 0x26, 0x5e, 0x97, 0x26, 0x5e, 0x97, 0x26, 0x5e, 0x97, 0x26, 
  0x5e, 0x97, 0x26, 0x5e, 0x97, 0x26, 0x5e, 0x97, 0x26, 0x5e, 0x97, 0x26, 
  0x5e, 0x97, 0x26, 0x5e, 0x97, 0x26, 0x5e, 0x97, 0x26, 0x5e, 0x97, 0x00, 
  0x5e, 0x97, 0x00, 0xdf, 0xe7, 0x00, 0xff, 0xff, 0x00, 0xff, 0xf7, 0x00, 
  0xff, 0xff, 0x00, 0xff, 0xff, 0x00, 0xff, 0xff, 0x00, 0xff, 0xff, 0x00, 
  0xff, 0xff, 0x00, 0xff, 0xff, 0x00, 0xff, 0xff, 0x00, 0xff, 0xff, 0x00, 
  0xff, 0xff, 0x00, 0xff, 0xff, 0x00, 0xff, 0xff, 0x00, 0xff, 0xff, 0x00, 
  0xff, 0xff, 0x00, 0xff, 0xff, 0x00, 0xff, 0xff, 0x00, 0xff, 0xff, 0x00, 
  0xff, 0xff, 0x00, 0xff, 0xff, 0x00, 0xff, 0xff, 0x00, 0xff, 0xff, 0x00, 
  0xff, 0xff, 0x00, 0xff, 0xff, 0x00, 0xff, 0xff, 0x00, 0xff, 0xff, 0x00, 
  0xff, 0xff, 0x00, 0xff, 0xff, 0x00, 0xff, 0xff, 0x00, 0xff, 0xff, 0x00, 
  0xff, 0xf7, 0x00, 0xff, 0xff, 0x00, 0xdf, 0xe7, 0x00, 0x5e, 0x97, 0x00, 
  0x5e, 0x97, 0x00, 0x5e, 0x97, 0x26, 0x5e, 0x97, 0x26, 0x5e, 0x97, 0x26, 
  0x5e, 0x97, 0x26, 0x5e, 0x97, 0x26, 0x5e, 0x97, 0x26, 0x5e, 0x97, 0x26, 
  0x5e, 0x97, 0x26, 0x5e, 0x97, 0x26, 0x5e, 0x97, 0x26, 0x5e, 0x97, 0x26, 
  0x5e, 0x97, 0x26, 0x5e, 0x97, 0x26, 0x5e, 0x97, 0x26, 0x5e, 0x97, 0x26, 
  0x5e, 0x97, 0x26, 0x5e, 0x97, 0x26, 0x5e, 0x97, 0x26, 0x5e, 0x97, 0x26, 
  0x5e, 0x97, 0x26, 0x5e, 0x97, 0x26, 0x5e, 0x97, 0x00, 0xdf, 0xe7, 0x00, 
  0xff, 0xff, 0x00, 0xff, 0xff, 0x00, 0xff, 0xff, 0x00, 0xff, 0xff, 0x00, 
  0xff, 0xff, 0x00, 0xff, 0xff, 0x00, 0xff, 0xff, 0x00, 0xff, 0xff, 0x00, 
  0xff, 0xff, 0x00, 0xff, 0xff, 0x00, 0xff, 0xff, 0x00, 0xff, 0xff, 0x00, 
  0xff, 0xff, 0x00, 0xff, 0xff, 0x00, 0xff, 0xff, 0x00, 0xff, 0xff, 0x00, 
  0xff, 0xff, 0x00, 0xff, 0xff, 0x00, 0xff, 0xff, 0x00, 0xff, 0xff, 0x00, 
  0xff, 0xff, 0x00, 0xff, 0xff, 0x00, 0xff, 0xff, 0x00, 0xff, 0xff, 0x00, 
  0xff, 0xff, 0x00, 0xff, 0xff, 0x00, 0xff, 0xff, 0x00, 0xff, 0xff, 0x00, 
  0xff, 0xff, 0x00, 0xff, 0xff, 0x00, 0xff, 0xff, 0x00, 0xff, 0xff, 0x00, 
  0xff, 0xff, 0x00, 0xff, 0xff, 0x00, 0xff, 0xff, 0x00, 0xff, 0xff, 0x00, 
  0xdf, 0xe7, 0x00, 0x5e, 0x97, 0x00, 0x5e, 0x97, 0x26, 0x5e, 0x97, 0x26, 
  0x5e, 0x97, 0x26, 0x5e, 0x97, 0x26, 0x5e, 0x97, 0x26, 0x5e, 0x97, 0x26, 
  0x5e, 0x97, 0x26, 0x5e, 0x97, 0x26, 0x5e, 0x97, 0x26, 0x5e, 0x97, 0x26, 
  0x5e, 0x97, 0x26, 0x5e, 0x97, 0x26, 0x5e, 0x97, 0x26, 0x5e, 0x97, 0x26, 
  0x5e, 0x97, 0x26, 0x5e, 0x97, 0x26, 0x5e, 0x97, 0x26, 0x5e, 0x97, 0x26, 
  0x5e, 0x97, 0x00, 0x9e, 0xaf, 0x00, 0xff, 0xf7, 0x00, 0xff, 0xf7, 0x00, 
  0xff, 0xff, 0x00, 0xff, 0xff, 0x00, 0xff, 0xff, 0x00, 0xff, 0xff, 0x00, 
  0xff, 0xff, 0x00, 0xff, 0xff, 0x00, 0xff, 0xff, 0x00, 0xff, 0xff, 0x00, 
  0xff, 0xff, 0x00, 0xff, 0xff, 0x00, 0xff, 0xf7, 0x00, 0xdf, 0xef, 0x00, 
  0xbe, 0xdf, 0x00, 0xbe, 0xc7, 0x00, 0x7d, 0xb7, 0x00, 0x7d, 0x9f, 0x00, 
  0x5d, 0x97, 0x00, 0x5d, 0x97, 0x00, 0x5d, 0x97, 0x00, 0x5d, 0x97, 0x00, 
  0x7d, 0x9f, 0x00, 0x7d, 0xb7, 0x00, 0xbe, 0xc7, 0x00, 0xbe, 0xdf, 0x00, 
  0xdf, 0xef, 0x00, 0xff, 0xf7, 0x00, 0xff, 0xff, 0x00, 0xff, 0xff, 0x00, 
  0xff, 0xff, 0x00, 0xff, 0xff, 0x00, 0xff, 0xff, 0x00, 0xff, 0xff, 0x00, 
  0xff, 0xff, 0x00, 0xff, 0xff, 0x00, 0xff, 0xff, 0x00, 0xff, 0xff, 0x00, 
  0xff, 0xf7, 0x00, 0xff, 0xf7, 0x00, 0x9e, 0xaf, 0x00, 0x5e, 0x97, 0x00, 
  0x5e, 0x97, 0x26, 0x5e, 0x97, 0x26, 0x5e, 0x97, 0x26, 0x5e, 0x97, 0x26, 
  0x5e, 0x97, 0x26, 0x5e, 0x97, 0x26, 0x5e, 0x97, 0x26, 0x5e, 0x97, 0x26, 
  0x5e, 0x97, 0x26, 0x5e, 0x97, 0x26, 0x5e, 0x97, 0x26, 0x5e, 0x97, 0x26, 
  0x5e, 0x97, 0x26, 0x5e, 0x97, 0x26, 0x5e, 0x97, 0x26, 0x5e, 0x97, 0x00, 
  0xdf, 0xe7, 0x00, 0xff, 0xff, 0x00, 0xff, 0xff, 0x00, 0xff, 0xff, 0x00, 
  0xff, 0xff, 0x00, 0xff, 0xff, 0x00, 0xff, 0xff, 0x00, 0xff, 0xff, 0x00, 
  0xff, 0xff, 0x00, 0xff, 0xff, 0x00, 0xff, 0xff, 0x00, 0xdf, 0xef, 0x00, 
  0xbe, 0xdf, 0x00, 0x7d, 0xb7, 0x00, 0x5d, 0x97, 0x00, 0x5d, 0x97, 0x00, 
  0x5d, 0x97, 0x00, 0x5d, 0x97, 0x00, 0x5d, 0x97, 0xe1, 0x5d, 0x97, 0xe1, 
  0x5d, 0x97, 0xe1, 0x5d, 0x97, 0xe1, 0x5d, 0x97, 0xe1, 0x7d, 0x97, 0xe1, 
  0x5d, 0x97, 0xe1, 0x5d, 0x97, 0xe1, 0x5d, 0x97, 0x00, 0x5d, 0x97, 0x00, 
  0x5d, 0x97, 0x00, 0x5d, 0x97, 0x00, 0x7d, 0xb7, 0x00, 0xbe, 0xdf, 0x00, 
  0xff, 0xf7, 0x00, 0xff, 0xff, 0x00, 0xff, 0xff, 0x00, 0xff, 0xff, 0x00, 
  0xff, 0xff, 0x00, 0xff, 0xff, 0x00, 0xff, 0xff, 0x00, 0xff, 0xff, 0x00, 
  0xff, 0xff, 0x00, 0xff, 0xff, 0x00, 0xff, 0xff, 0x00, 0xdf, 0xe7, 0x00, 
  0x5e, 0x97, 0x00, 0x5e, 0x97, 0x26, 0x5e, 0x97, 0x26, 0x5e, 0x97, 0x26, 
  0x5e, 0x97, 0x26, 0x5e, 0x97, 0x26, 0x5e, 0x97, 0x26, 0x5e, 0x97, 0x26, 
  0x5e, 0x97, 0x26, 0x5e, 0x97, 0x26, 0x5e, 0x97, 0x26, 0x5e, 0x97, 0x26, 
  0x5e, 0x97, 0x26, 0x5e, 0x97, 0x26, 0x5e, 0x97, 0x00, 0xdf, 0xef, 0x00, 
  0xff, 0xf7, 0x00, 0xff, 0xff, 0x00, 0xff, 0xff, 0x00, 0xff, 0xff, 0x00, 
  0xff, 0xff, 0x00, 0xff, 0xff, 0x00, 0xff, 0xff, 0x00, 0xff, 0xff, 0x00, 
  0xff, 0xff, 0x00, 0xbe, 0xdf, 0x00, 0x7d, 0xb7, 0x00, 0x5d, 0x97, 0x00, 
  0x5d, 0x97, 0x00, 0x5d, 0x97, 0xe1, 0x5d, 0x97, 0xe1, 0x5d, 0x97, 0xe1, 
  0x7d, 0x97, 0xe1, 0x7d, 0x97, 0xe1, 0x7d, 0x97, 0xe1, 0x7d, 0x97, 0xe1, 
  0x7d, 0x97, 0xe1, 0x7d, 0x97, 0xe1, 0x7d, 0x97, 0xe1, 0x7d, 0x97, 0xe1, 
  0x7d, 0x97, 0xe1, 0x7d, 0x97, 0xe1, 0x7d, 0x97, 0xe1, 0x7d, 0x97, 0xe1, 
  0x7d, 0x97, 0xe1, 0x5d, 0x97, 0xe1, 0x5d, 0x97, 0xe1, 0x5d, 0x97, 0x00, 
  0x5d, 0x97, 0x00, 0x7d, 0xb7, 0x00, 0xbe, 0xdf, 0x00, 0xff, 0xff, 0x00, 
  0xff, 0xff, 0x00, 0xff, 0xff, 0x00, 0xff, 0xff, 0x00, 0xff, 0xff, 0x00, 
  0xff, 0xff, 0x00, 0xff, 0xff, 0x00, 0xff, 0xff, 0x00, 0xff, 0xf7, 0x00, 
  0xdf, 0xef, 0x00, 0x5e, 0x97, 0x00, 0x5e, 0x97, 0x26, 0x5e, 0x97, 0x26, 
  0x5e, 0x97, 0x26, 0x5e, 0x97, 0x26, 0x5e, 0x97, 0x26, 0x5e, 0x97, 0x26, 
  0x5e, 0x97, 0x26, 0x5e, 0x97, 0x26, 0x5e, 0x97, 0x26, 0x5e, 0x97, 0x26, 
  0x5e, 0x97, 0x26, 0x9e, 0xaf, 0x00, 0xff, 0xff, 0x00, 0xff, 0xff, 0x00, 
  0xff, 0xff, 0x00, 0xff, 0xff, 0x00, 0xff, 0xff, 0x00, 0xff, 0xff, 0x00, 
  0xff, 0xff, 0x00, 0xff, 0xff, 0x00, 0xff, 0xff, 0x00, 0xbe, 0xdf, 0x00, 
  0x5d, 0x97, 0x00, 0x5d, 0x97, 0x00, 0x5d, 0x97, 0xe1, 0x7d, 0x97, 0xe1, 
  0x7d, 0x97, 0xe1, 0x7d, 0x97, 0xe1, 0x7d, 0x97, 0xe1, 0x7d, 0x97, 0xe1, 
  0x9d, 0x97, 0xe1, 0x9d, 0x97, 0xe1, 0x9d, 0x97, 0xe1, 0x9d, 0x97, 0xe1, 
  0x9d, 0x97, 0xe1, 0x9d, 0x97, 0xe1, 0x9d, 0x97, 0xe1, 0x9d, 0x97, 0xe1, 
  0x9d, 0x97, 0xe1, 0x9d, 0x97, 0xe1, 0x9d, 0x97, 0xe1, 0x9d, 0x97, 0xe1, 
  0x9d, 0x97, 0xe1, 0x7d, 0x97, 0xe1, 0x7d, 0x97, 0xe1, 0x7d, 0x97, 0xe1, 
  0x7d, 0x97, 0xe1, 0x7d, 0x97, 0xe1, 0x5d, 0x97, 0x00, 0x7d, 0x9f, 0x00, 
  0xbe, 0xdf, 0x00, 0xff, 0xff, 0x00, 0xff, 0xff, 0x00, 0xff, 0xff, 0x00, 
  0xff, 0xff, 0x00, 0xff, 0xff, 0x00, 0xff, 0xff, 0x00, 0xff, 0xff, 0x00, 
  0xff, 0xff, 0x00, 0xff, 0xff, 0x00, 0x9e, 0xaf, 0x00, 0x5e, 0x97, 0x00, 
  0x5e, 0x97, 0x26, 0x5e, 0x97, 0x26, 0x5e, 0x97, 0x26, 0x5e, 0x97, 0x26, 
  0x5e, 0x97, 0x26, 0x5e, 0x97, 0x26, 0x5e, 0x97, 0x26, 0x5e, 0x97, 0x00, 
  0x9e, 0xaf, 0x00, 0xff, 0xff, 0x00, 0xff, 0xff, 0x00, 0xff, 0xff, 0x00, 
  0xff, 0xff, 0x00, 0xff, 0xff, 0x00, 0xff, 0xff, 0x00, 0xff, 0xff, 0x00, 
  0xff, 0xff, 0x00, 0xbe, 0xdf, 0x00, 0x7d, 0x9f, 0x00, 0x5d, 0x97, 0x00, 
  0x5d, 0x97, 0xe1, 0x7d, 0x97, 0xe1, 0x7d, 0x97, 0xe1, 0x7d, 0x97, 0xe1, 
  0x7d, 0x97, 0xe1, 0x9d, 0x97, 0xe1, 0x9d, 0x97, 0xe1, 0x9d, 0x97, 0xe1, 
  0x9d, 0x97, 0xe1, 0x9d, 0x97, 0xe1, 0x9d, 0x97, 0xe1, 0x9d, 0x97, 0xe1, 
  0x9d, 0x97, 0xe1, 0x9d, 0x97, 0xe1, 0x9d, 0x97, 0xe1, 0x9d, 0x97, 0xe1, 
  0x9d, 0x97, 0xe1, 0x9d, 0x97, 0xe1, 0x9d, 0x97, 0xe1, 0x9d, 0x97, 0xe1, 
  0x9d, 0x97, 0xe1, 0x9d, 0x97, 0xe1, 0x9d, 0x97, 0xe1, 0x9d, 0x97, 0xe1, 
  0x9d, 0x97, 0xe1, 0x7d, 0x97, 0xe1, 0x7d, 0x97, 0xe1, 0x7d, 0x97, 0xe1, 
  0x5d, 0x97, 0x00, 0x7d, 0x9f, 0x00, 0xdf, 0xef, 0x00, 0xff, 0xff, 0x00, 
  0xff, 0xff, 0x00, 0xff, 0xff, 0x00, 0xff, 0xff, 0x00, 0xff, 0xff, 0x00, 
  0xff, 0xff, 0x00, 0xff, 0xff, 0x00, 0xff, 0xff, 0x00, 0xdf, 0xd7, 0x00, 
  0x5e, 0x97, 0x00, 0x5e, 0x97, 0x26, 0x5e, 0x97, 0x26, 0x5e, 0x97, 0x26, 
  0x5e, 0x97, 0x26, 0x5e, 0x97, 0x26, 0x5e, 0x97, 0x00, 0xdf, 0xd7, 0x00, 
  0xff, 0xff, 0x00, 0xff, 0xff, 0x00, 0xff, 0xff, 0x00, 0xff, 0xff, 0x00, 
  0xff, 0xff, 0x00, 0xff, 0xff, 0x00, 0xff, 0xff, 0x00, 0xff, 0xf7, 0x00, 
  0x7d, 0xb7, 0x00, 0x5d, 0x97, 0x00, 0x5d, 0x97, 0xe1, 0x7d, 0x97, 0xe1, 
  0x7d, 0x97, 0xe1, 0x7d, 0x97, 0xe1, 0x9d, 0x97, 0xe1, 0x9d, 0x97, 0xe1, 
  0x9d, 0x97, 0xe1, 0x9d, 0x97, 0xe1, 0x9d, 0x97, 0xe1, 0x9d, 0x97, 0xe1, 
  0x9d, 0x97, 0xe1, 0x9d, 0x97, 0xe1, 0x9d, 0x97, 0xe1, 0x9d, 0x97, 0xe1, 
  0x9d, 0x97, 0xe1, 0x9d, 0x97, 0xe1, 0x9d, 0x97, 0xe1, 0x9d, 0x97, 0xe1, 
  0x9d, 0x97, 0xe1, 0x9d, 0x97, 0xe1, 0x9d, 0x97, 0xe1, 0x9d, 0x97, 0xe1, 
  0x9d, 0x97, 0xe1, 0x9d, 0x97, 0xe1, 0x9d, 0x97, 0xe1, 0x9d, 0x97, 0xe1, 
  0x9d, 0x97, 0xe1, 0x9d, 0x97, 0xe1, 0x9d, 0x97, 0xe1, 0x7d, 0x97, 0xe1, 
  0x7d, 0x97, 0xe1, 0x7d, 0x97, 0xe1, 0x5d, 0x97, 0x00, 0x7d, 0xb7, 0x00, 
  0xff, 0xf7, 0x00, 0xff, 0xff, 0x00, 0xff, 0xff, 0x00, 0xff, 0xff, 0x00, 
  0xff, 0xff, 0x00, 0xff, 0xff, 0x00, 0xff, 0xff, 0x00, 0xff, 0xff, 0x00, 
  0xdf, 0xd7, 0x00, 0x5e, 0x97, 0x00, 0x5e, 0x97, 0x26, 0x5e, 0x97, 0x26, 
  0x5e, 0x97, 0x26, 0x5e, 0x97, 0x26, 0x9e, 0xaf, 0x00, 0xff, 0xff, 0x00, 
  0xff, 0xff, 0x00, 0xff, 0xff, 0x00, 0xff, 0xff, 0x00, 0xff, 0xff, 0x00, 
  0xff, 0xff, 0x00, 0xff, 0xff, 0x00, 0xdf, 0xef, 0x00, 0x5d, 0x97, 0x00, 
  0x5d, 0x97, 0xe1, 0x7d, 0x97, 0xe1, 0x7d, 0x97, 0xe1, 0x7d, 0x97, 0xe1, 
  0x9d, 0x97, 0xe1, 0x9d, 0x97, 0xe1, 0x9d, 0x97, 0xe1, 0x9d, 0x97, 0xe1, 
  0x9d, 0x97, 0xe1, 0x9d, 0x97, 0xe1, 0x9d, 0x97, 0xe1, 0x9d, 0x97, 0xe1, 
  0x9d, 0x97, 0xe1, 0x9d, 0x97, 0xe1, 0x9d, 0x97, 0xe1, 0x9d, 0x97, 0xe1, 
  0x9d, 0x97, 0xe1, 0x9d, 0x97, 0xe1, 0x9d, 0x97, 0xe1, 0x9d, 0x97, 0xe1, 
  0x9d, 0x97, 0xe1, 0x9d, 0x97, 0xe1, 0x9d, 0x97, 0xe1, 0x9d, 0x97, 0xe1, 
  0x9d, 0x97, 0xe1, 0x9d, 0x97, 0xe1, 0x9d, 0x97, 0xe1, 0x9d, 0x97, 0xe1, 
  0x9d, 0x97, 0xe1, 0x9d, 0x97, 0xe1, 0x9d, 0x97, 0xe1, 0x9d, 0x97, 0xe1, 
  0x9d, 0x97, 0xe1, 0x7d, 0x97, 0xe1, 0x7d, 0x97, 0xe1, 0x7d, 0x97, 0xe1, 
  0x7d, 0x9f, 0x00, 0xdf, 0xef, 0x00, 0xff, 0xff, 0x00, 0xff, 0xff, 0x00, 
  0xff, 0xff, 0x00, 0xff, 0xff, 0x00, 0xff, 0xff, 0x00, 0xff, 0xff, 0x00, 
  0xff, 0xff, 0x00, 0x9e, 0xaf, 0x00, 0x5e, 0x97, 0x26, 0x5e, 0x97, 0x26, 
  0x5e, 0x97, 0x26, 0x9e, 0xaf, 0x00, 0xff, 0xff, 0x00, 0xff, 0xff, 0x00, 
  0xff, 0xff, 0x00, 0xff, 0xff, 0x00, 0xff, 0xff, 0x00, 0xff, 0xff, 0x00, 
  0xff, 0xff, 0x00, 0xbe, 0xdf, 0x00, 0x5d, 0x97, 0x00, 0x5d, 0x97, 0xe1, 
  0x7d, 0x97, 0xe1, 0x7d, 0x97, 0xe1, 0x9d, 0x97, 0xe1, 0x9d, 0x97, 0xe1, 
  0x9d, 0x97, 0xe1, 0x9d, 0x97, 0xe1, 0x9d, 0x97, 0xe1, 0x9d, 0x97, 0xe1, 
  0x9d, 0x97, 0xe1, 0x9d, 0x97, 0xe1, 0x9d, 0x97, 0xe1, 0x9d, 0x97, 0xe1, 
  0x9d, 0x97, 0xe1, 0x9d, 0x97, 0xe1, 0x9d, 0x97, 0xe1, 0x9d, 0x97, 0xe1, 
  0x9d, 0x97, 0xe1, 0x9d, 0x97, 0xe1, 0x9d, 0x97, 0xe1, 0x9d, 0x97, 0xe1, 
  0x9d, 0x97, 0xe1, 0x9d, 0x97, 0xe1, 0x9d, 0x97, 0xe1, 0x9d, 0x97, 0xe1, 
  0x9d, 0x97, 0xe1, 0x9d, 0x97, 0xe1, 0x9d, 0x97, 0xe1, 0x9d, 0x97, 0xe1, 
  0x9d, 0x97, 0xe1, 0x9d, 0x97, 0xe1, 0x9d, 0x97, 0xe1, 0x9d, 0x97, 0xe1, 
  0x9d, 0x97, 0xe1, 0x9d, 0x97, 0xe1, 0x9d, 0x97, 0xe1, 0x7d, 0x97, 0xe1, 
  0x7d, 0x97, 0xe1, 0x5d, 0x97, 0x00, 0xbe, 0xdf, 0x00, 0xff, 0xff, 0x00, 
  0xff, 0xff, 0x00, 0xff, 0xff, 0x00, 0xff, 0xff, 0x00, 0xff, 0xff, 0x00, 
  0xff, 0xf7, 0x00, 0xff, 0xff, 0x00, 0x9e, 0xaf, 0x00, 0x5e, 0x97, 0x26, 
  0x5e, 0x97, 0x26, 0xff, 0xff, 0x00, 0xff, 0xff, 0x00, 0xff, 0xff, 0x00, 
  0xff, 0xff, 0x00, 0xff, 0xff, 0x00, 0xff, 0xff, 0x00, 0xff, 0xff, 0x00, 
  0xbe, 0xc7, 0x00, 0x5d, 0x97, 0x00, 0x5d, 0x97, 0xe1, 0x7d, 0x97, 0xe1, 
  0x7d, 0x97, 0xe1, 0x9d, 0x97, 0xe1, 0x9d, 0x97, 0xe1, 0x9d, 0x97, 0xe1, 
  0x9d, 0x97, 0xe1, 0x9d, 0x97, 0xe1, 0x9d, 0x97, 0xe1, 0x9d, 0x97, 0xe1, 
  0x9d, 0x97, 0xe1, 0x9d, 0x97, 0xe1, 0x9d, 0x97, 0xe1, 0x9d, 0x97, 0xe1, 
  0x9d, 0x97, 0xe1, 0x9d, 0x97, 0xe1, 0x9d, 0x97, 0xe1, 0x9d, 0x97, 0xe1, 
  0x9d, 0x97, 0xe1, 0x9d, 0x97, 0xe1, 0x9d, 0x97, 0xe1, 0x9d, 0x97, 0xe1, 
  0x9d, 0x97, 0xe1, 0x9d, 0x97, 0xe1, 0x9d, 0x97, 0xe1, 0x9d, 0x97, 0xe1, 
  0x9d, 0x97, 0xe1, 0x9d, 0x97, 0xe1, 0x9d, 0x97, 0xe1, 0x9d, 0x97, 0xe1, 
  0x9d, 0x97, 0xe1, 0x9d, 0x97, 0xe1, 0x9d, 0x97, 0xe1, 0x9d, 0x97, 0xe1, 
  0x9d, 0x97, 0xe1, 0x9d, 0x97, 0xe1, 0x9d, 0x97, 0xe1, 0x9d, 0x97, 0xe1, 
  0x7d, 0x97, 0xe1, 0x7d, 0x97, 0xe1, 0x5d, 0x97, 0x00, 0xbe, 0xc7, 0x00, 
  0xff, 0xff, 0x00, 0xff, 0xff, 0x00, 0xff, 0xff, 0x00, 0xff, 0xff, 0x00, 
  0xff, 0xff, 0x00, 0xff, 0xff, 0x00, 0xff, 0xff, 0x00, 0x5e, 0x97, 0x26, 
  0xdf, 0xef, 0x00, 0xff, 0xff, 0x00, 0xff, 0xff, 0x00, 0xff, 0xff, 0x00, 
  0xff, 0xff, 0x00, 0xff, 0xff, 0x00, 0xff, 0xff, 0x00, 0xbe, 0xc7, 0x00, 
  0x5d, 0x97, 0x00, 0x7d, 0x97, 0xe1, 0x7d, 0x97, 0xe1, 0x7d, 0x97, 0xe1, 
  0x9d, 0x97, 0xe1, 0x9d, 0x97, 0xe1, 0x9d, 0x97, 0xe1, 0x9d, 0x97, 0xe1, 
  0x9d, 0x97, 0xe1, 0x9d, 0x97, 0xe1, 0x9d, 0x97, 0xe1, 0x9d, 0x97, 0xe1, 
  0x9d, 0x97, 0xe1, 0x9d, 0x97, 0xe1, 0x9d, 0x97, 0xe1, 0x9d, 0x97, 0xe1, 
  0x9d, 0x97, 0xe1, 0x9d, 0x97, 0xe1, 0x9d, 0x97, 0xe1, 0x9d, 0x97, 0xe1, 
  0x9d, 0x97, 0xe1, 0x9d, 0x97, 0xe1, 0x9d, 0x97, 0xe1, 0x9d, 0x97, 0xe1, 
  0x9d, 0x97, 0xe1, 0x9d, 0x97, 0xe1, 0x9d, 0x97, 0xe1, 0x9d, 0x97, 0xe1, 
  0x9d, 0x97, 0xe1, 0x9d, 0x97, 0xe1, 0x9d, 0x97, 0xe1, 0x9d, 0x97, 0xe1, 
  0x9d, 0x97, 0xe1, 0x9d, 0x97, 0xe1, 0x9d, 0x97, 0xe1, 0x9d, 0x97, 0xe1, 
  0x9d, 0x97, 0xe1, 0x9d, 0x97, 0xe1, 0x9d, 0x97, 0xe1, 0x9d, 0x97, 0xe1, 
  0x9d, 0x97, 0xe1, 0x7d, 0x97, 0xe1, 0x7d, 0x97, 0xe1, 0x7d, 0x97, 0x00, 
  0xbe, 0xc7, 0x00, 0xff, 0xff, 0x00, 0xff, 0xff, 0x00, 0xff, 0xff, 0x00, 
  0xff, 0xff, 0x00, 0xff, 0xff, 0x00, 0xff, 0xff, 0x00, 0xdf, 0xef, 0x00, 
  0xff, 0xf7, 0x00, 0xff, 0xff, 0x00, 0xff, 0xff, 0x00, 0xff, 0xff, 0x00, 
  0xff, 0xff, 0x00, 0xff, 0xff, 0x00, 0xbe, 0xc7, 0x00, 0x5d, 0x97, 0x00, 
  0x7d, 0x97, 0xe1, 0x7d, 0x97, 0xe1, 0x7d, 0x97, 0xe1, 0x9d, 0x97, 0xe1, 
  0x9d, 0x97, 0xe1, 0x9d, 0x97, 0xe1, 0x9d, 0x97, 0xe1, 0x9d, 0x97, 0xe1, 
  0x9d, 0x97, 0xe1, 0x9d, 0x97, 0xe1, 0x9d, 0x97, 0xe1, 0x9d, 0x97, 0xe1, 
  0x9d, 0x97, 0xe1, 0x9d, 0x97, 0xe1, 0x9d, 0x97, 0xe1, 0x9d, 0x97, 0xe1, 
  0x9d, 0x97, 0xe1, 0x9d, 0x97, 0xe1, 0x9d, 0x97, 0xe1, 0x9d, 0x97, 0xe1, 
  0x9d, 0x97, 0xe1, 0x9d, 0x97, 0xe1, 0x9d, 0x97, 0xe1, 0x9d, 0x97, 0xe1, 
  0x9d, 0x97, 0xe1, 0x9d, 0x97, 0xe1, 0x9d, 0x97, 0xe1, 0x9d, 0x97, 0xe1, 
  0x9d, 0x97, 0xe1, 0x9d, 0x97, 0xe1, 0x9d, 0x97, 0xe1, 0x9d, 0x97, 0xe1, 
  0x9d, 0x97, 0xe1, 0x9d, 0x97, 0xe1, 0x9d, 0x97, 0xe1, 0x9d, 0x97, 0xe1, 
  0x9d, 0x97, 0xe1, 0x9d, 0x97, 0xe1, 0x9d, 0x97, 0xe1, 0x9d, 0x97, 0xe1, 
  0x9d, 0x97, 0xe1, 0x9d, 0x97, 0xe1, 0x9d, 0x97, 0xe1, 0x7d, 0x97, 0xe1, 
  0x7d, 0x97, 0x00, 0xbe, 0xc7, 0x00, 0xff, 0xff, 0x00, 0xff, 0xff, 0x00, 
  0xff, 0xff, 0x00, 0xff, 0xff, 0x00, 0xff, 0xff, 0x00, 0xff, 0xff, 0x00, 
  0xff, 0xff, 0x00, 0xff, 0xff, 0x00, 0xff, 0xff, 0x00, 0xff, 0xff, 0x00, 
  0xff, 0xff, 0x00, 0xbe, 0xdf, 0x00, 0x5d, 0x97, 0x00, 0x7d, 0x97, 0xe1, 
  0x7d, 0x97, 0xe1, 0x9d, 0x97, 0xe1, 0x9d, 0x97, 0xe1, 0x9d, 0x97, 0xe1, 
  0x9d, 0x97, 0xe1, 0x9d, 0x97, 0xe1, 0x9d, 0x97, 0xe1, 0x9d, 0x97, 0xe1, 
  0x9d, 0x97, 0xe1, 0x9d, 0x97, 0xe1, 0x9d, 0x97, 0xe1, 0x9d, 0x97, 0xe1, 
  0x9d, 0x97, 0xe1, 0x9d, 0x97, 0xe1, 0x9d, 0x97, 0xe1, 0x9d, 0x97, 0xe1, 
  0x9d, 0x97, 0xe1, 0x9d, 0x97, 0xe1, 0x9d, 0x97, 0xe1, 0x9d, 0x97, 0xe1, 
  0x9d, 0x97, 0xe1, 0x9d, 0x97, 0xe1, 0x9d, 0x97, 0xe1, 0x9d, 0x97, 0xe1, 
  0x9d, 0x97, 0xe1, 0x9d, 0x97, 0xe1, 0x9d, 0x97, 0xe1, 0x9d, 0x97, 0xe1, 
  0x9d, 0x97, 0xe1, 0x9d, 0x97, 0xe1, 0x9d, 0x97, 0xe1, 0x9d, 0x97, 0xe1, 
  0x9d, 0x97, 0xe1, 0x9d, 0x97, 0xe1, 0x9d, 0x97, 0xe1, 0x9d, 0x97, 0xe1, 
  0x9d, 0x97, 0xe1, 0x9d, 0x97, 0xe1, 0x9d, 0x97, 0xe1, 0x9d, 0x97, 0xe1, 
  0x9d, 0x97, 0xe1, 0x9d, 0x97, 0xe1, 0x9d, 0x97, 0xe1, 0x9d, 0x97, 0xe1, 
  0x7d, 0x97, 0xe1, 0x7d, 0x97, 0x00, 0xbe, 0xdf, 0x00, 0xff, 0xff, 0x00, 
  0xff, 0xff, 0x00, 0xff, 0xff, 0x00, 0xff, 0xff, 0x00, 0xff, 0xff, 0x00, 
  0xff, 0xff, 0x00, 0xff, 0xff, 0x00, 0xff, 0xff, 0x00, 0xff, 0xff, 0x00, 
  0xdf, 0xef, 0x00, 0x5d, 0x97, 0x00, 0x7d, 0x97, 0xe1, 0x7d, 0x97, 0xe1, 
  0x9d, 0x97, 0xe1, 0x9d, 0x97, 0xe1, 0x9d, 0x97, 0xe1, 0x9d, 0x97, 0xe1, 
  0x9d, 0x97, 0xe1, 0x9d, 0x97, 0xe1, 0x9d, 0x97, 0xe1, 0x9d, 0x97, 0xe1, 
  0x9d, 0x97, 0xe1, 0x9d, 0x97, 0xe1, 0x9d, 0x97, 0xe1, 0x9d, 0x97, 0xe1, 
  0x9d, 0x97, 0xe1, 0x9d, 0x97, 0xe1, 0x9d, 0x97, 0xe1, 0x9d, 0x97, 0xe1, 
  0x9d, 0x97, 0xe1, 0x9d, 0x97, 0xe1, 0x9d, 0x97, 0xe1, 0x9d, 0x97, 0xe1, 
  0x9d, 0x97, 0xe1, 0x9d, 0x97, 0xe1, 0x9d, 0x97, 0xe1, 0x9d, 0x97, 0xe1, 
  0x9d, 0x97, 0xe1, 0x9d, 0x97, 0xe1, 0x9d, 0x97, 0xe1, 0x9d, 0x97, 0xe1, 
  0x9d, 0x97, 0xe1, 0x9d, 0x97, 0xe1, 0x9d, 0x97, 0xe1, 0x9d, 0x97, 0xe1, 
  0x9d, 0x97, 0xe1, 0x9d, 0x97, 0xe1, 0x9d, 0x97, 0xe1, 0x9d, 0x97, 0xe1, 
  0x9d, 0x97, 0xe1, 0x9d, 0x97, 0xe1, 0x9d, 0x97, 0xe1, 0x9d, 0x97, 0xe1, 
  0x9d, 0x97, 0xe1, 0x9d, 0x97, 0xe1, 0x9d, 0x97, 0xe1, 0x9d, 0x97, 0xe1, 
  0x9d, 0x97, 0xe1, 0x7d, 0x97, 0xe1, 0x7d, 0x97, 0x00, 0xdf, 0xef, 0x00, 
  0xff, 0xff, 0x00, 0xff, 0xff, 0x00, 0xff, 0xff, 0x00, 0xff, 0xff, 0x00, 
  0xff, 0xff, 0x00, 0xff, 0xff, 0x00, 0xff, 0xff, 0x00, 0xff, 0xf7, 0x00, 
  0x7d, 0x9f, 0x00, 0x7d, 0x97, 0xe1, 0x7d, 0x97, 0xe1, 0x9d, 0x97, 0xe1, 
  0x9d, 0x97, 0xe1, 0x9d, 0x97, 0xe1, 0x9d, 0x97, 0xe1, 0x9d, 0x97, 0xe1, 
  0x9d, 0x97, 0xe1, 0x9d, 0x97, 0xe1, 0x9d, 0x97, 0xe1, 0x9d, 0x97, 0xe1, 
  0x9d, 0x97, 0xe1, 0x9d, 0x97, 0xe1, 0x9d, 0x97, 0xe1, 0x9d, 0x97, 0xe1, 
  0x9d, 0x97, 0xe1, 0x9d, 0x97, 0xe1, 0x9d, 0x97, 0xe1, 0x9d, 0x97, 0xe1, 
  0x9d, 0x97, 0xe1, 0x9d, 0x97, 0xe1, 0x9d, 0x97, 0xe1, 0x9d, 0x97, 0xe1, 
  0x9d, 0x97, 0xe1, 0x9d, 0x97, 0xe1, 0x9d, 0x97, 0xe1, 0x9d, 0x97, 0xe1, 
  0x9d, 0x97, 0xe1, 0x9d, 0x97, 0xe1, 0x9d, 0x97, 0xe1, 0x9d, 0x97, 0xe1, 
  0x9d, 0x97, 0xe1, 0x9d, 0x97, 0xe1, 0x9d, 0x97, 0xe1, 0x9d, 0x97, 0xe1, 
  0x9d, 0x97, 0xe1, 0x9d, 0x97, 0xe1, 0x9d, 0x97, 0xe1, 0x9d, 0x97, 0xe1, 
  0x9d, 0x97, 0xe1, 0x9d, 0x97, 0xe1, 0x9d, 0x97, 0xe1, 0x9d, 0x97, 0xe1, 
  0x9d, 0x97, 0xe1, 0x9d, 0x97, 0xe1, 0x9d, 0x97, 0xe1, 0x9d, 0x97, 0xe1, 
  0x9d, 0x97, 0xe1, 0x9d, 0x97, 0xe1, 0x7d, 0x97, 0xe1, 0x7d, 0x9f, 0x00, 
  0xff, 0xf7, 0x00, 0xff, 0xff, 0x00, 0xff, 0xff, 0x00, 0xff, 0xff, 0x00, 
  0xff, 0xff, 0x00, 0xff, 0xff, 0x00, 0xff, 0xff, 0x00, 0x7d, 0xb7, 0x00, 
  0x5d, 0x97, 0xe1, 0x7d, 0x97, 0xe1, 0x7d, 0x97, 0xe1, 0x9d, 0x97, 0xe1, 
  0x9d, 0x97, 0xe1, 0x9d, 0x97, 0xe1, 0x9d, 0x97, 0xe1, 0x9d, 0x97, 0xe1, 
  0x9d, 0x97, 0xe1, 0x9d, 0x97, 0xe1, 0x9d, 0x97, 0xe1, 0x9d, 0x97, 0xe1, 
  0x9d, 0x97, 0xe1, 0x9d, 0x97, 0xe1, 0x9d, 0x97, 0xe1, 0x9d, 0x97, 0xe1, 
  0x9d, 0x97, 0xe1, 0x9d, 0x97, 0xe1, 0x9d, 0x97, 0xe1, 0x9d, 0x97, 0xe1, 
  0x9d, 0x97, 0xe1, 0x9d, 0x97, 0xe1, 0x9d, 0x97, 0xe1, 0x9d, 0x97, 0xe1, 
  0x9d, 0x97, 0xe1, 0x9d, 0x97, 0xe1, 0x9d, 0x97, 0xe1, 0x9d, 0x97, 0xe1, 
  0x9d, 0x97, 0xe1, 0x9d, 0x97, 0xe1, 0x9d, 0x97, 0xe1, 0x9d, 0x97, 0xe1, 
  0x9d, 0x97, 0xe1, 0x9d, 0x97, 0xe1, 0x9d, 0x97, 0xe1, 0x9d, 0x97, 0xe1, 
  0x9d, 0x97, 0xe1, 0x9d, 0x97, 0xe1, 0x9d, 0x97, 0xe1, 0x9d, 0x97, 0xe1, 
  0x9d, 0x97, 0xe1, 0x9d, 0x97, 0xe1, 0x9d, 0x97, 0xe1, 0x9d, 0x97, 0xe1, 
  0x9d, 0x97, 0xe1, 0x9d, 0x97, 0xe1, 0x9d, 0x97, 0xe1, 0x9d, 0x97, 0xe1, 
  0x9d, 0x97, 0xe1, 0x9d, 0x97, 0xe1, 0x7d, 0x97, 0xe1, 0x7d, 0x97, 0xe1, 
  0x7d, 0xb7, 0x00, 0xff, 0xff, 0x00, 0xff, 0xff, 0x00, 0xff, 0xff, 0x00, 
  0xff, 0xff, 0x00, 0xff, 0xff, 0x00, 0xdf, 0xef, 0x00, 0x5d, 0x97, 0x00, 
  0x7d, 0x97, 0xe1, 0x7d, 0x97, 0xe1, 0x9d, 0x97, 0xe1, 0x9d, 0x97, 0xe1, 
  0x9d, 0x97, 0xe1, 0x9d, 0x97, 0xe1, 0x9d, 0x97, 0xe1, 0x9d, 0x97, 0xe1, 
  0x9d, 0x97, 0xe1, 0x9d, 0x97, 0xe1, 0x9d, 0x97, 0xe1, 0x9d, 0x97, 0xe1, 
  0x9d, 0x97, 0xe1, 0x9d, 0x97, 0xe1, 0x9d, 0x97, 0xe1, 0x9d, 0x97, 0xe1, 
  0x9d, 0x97, 0xe1, 0x9d, 0x97, 0xe1, 0x9d, 0x97, 0xe1, 0x9d, 0x97, 0xe1, 
  0x9d, 0x97, 0xe1, 0x9d, 0x97, 0xe1, 0x9d, 0x97, 0xe1, 0x9d, 0x97, 0xe1, 
  0x9d, 0x97, 0xe1, 0x9d, 0x97, 0xe1, 0x9d, 0x97, 0xe1, 0x9d, 0x97, 0xe1, 
  0x9d, 0x97, 0xe1, 0x9d, 0x97, 0xe1, 0x9d, 0x97, 0xe1, 0x9d, 0x97, 0xe1, 
  0x9d, 0x97, 0xe1, 0x9d, 0x97, 0xe1, 0x9d, 0x97, 0xe1, 0x9d, 0x97, 0xe1, 
  0x9d, 0x97, 0xe1, 0x9d, 0x97, 0xe1, 0x9d, 0x97, 0xe1, 0x9d, 0x97, 0xe1, 
  0x9d, 0x97, 0xe1, 0x9d, 0x97, 0xe1, 0x9d, 0x97, 0xe1, 0x9d, 0x97, 0xe1, 
  0x9d, 0x97, 0xe1, 0x9d, 0x97, 0xe1, 0x9d, 0x97, 0xe1, 0x9d, 0x97, 0xe1, 
  0x9d, 0x97, 0xe1, 0x9d, 0x97, 0xe1, 0x9d, 0x97, 0xe1, 0x7d, 0x97, 0xe1, 
  0x7d, 0x97, 0x00, 0xdf, 0xef, 0x00, 0xff, 0xff, 0x00, 0xff, 0xff, 0x00, 
  0xff, 0xff, 0x00, 0xff, 0xff, 0x00, 0x7d, 0x9f, 0x00, 0x7d, 0x97, 0xe1, 
  0x7d, 0x97, 0xe1, 0x9d, 0x97, 0xe1, 0x9d, 0x97, 0xe1, 0x9d, 0x97, 0xe1, 
  0x9d, 0x97, 0xe1, 0x9d, 0x97, 0xe1, 0x9d, 0x97, 0xe1, 0x9d, 0x97, 0xe1, 
  0x9d, 0x97, 0xe1, 0x9d, 0x97, 0xe1, 0x9d, 0x97, 0xe1, 0x9d, 0x97, 0xe1, 
  0x9d, 0x97, 0xe1, 0x9d, 0x97, 0xe1, 0x9d, 0x97, 0xe1, 0x9d, 0x97, 0xe1, 
  0x9d, 0x97, 0xe1, 0x9d, 0x97, 0xe1, 0x9d, 0x97, 0xe1, 0x9d, 0x97, 0xe1, 
  0x9d, 0x97, 0xe1, 0x9d, 0x97, 0xe1, 0x9d, 0x97, 0xe1, 0x9d, 0x97, 0xe1, 
  0x9d, 0x97, 0xe1, 0x9d, 0x97, 0xe1, 0x9d, 0x97, 0xe1, 0x9d, 0x97, 0xe1, 
  0x9d, 0x97, 0xe1, 0x9d, 0x97, 0xe1, 0x9d, 0x97, 0xe1, 0x9d, 0x97, 0xe1, 
  0x9d, 0x97, 0xe1, 0x9d, 0x97, 0xe1, 0x9d, 0x97, 0xe1, 0x9d, 0x97, 0xe1, 
  0x9d, 0x97, 0xe1, 0x9d, 0x97, 0xe1, 0x9d, 0x97, 0xe1, 0x9d, 0x97, 0xe1, 
  0x9d, 0x97, 0xe1, 0x9d, 0x97, 0xe1, 0x9d, 0x97, 0xe1, 0x9d, 0x97, 0xe1, 
  0x9d, 0x97, 0xe1, 0x9d, 0x97, 0xe1, 0x9d, 0x97, 0xe1, 0x9d, 0x97, 0xe1, 
  0x9d, 0x97, 0xe1, 0x9d, 0x97, 0xe1, 0x9d, 0x97, 0xe1, 0x9d, 0x97, 0xe1, 
  0x9d, 0x97, 0xe1, 0x7d, 0x9f, 0x00, 0xff, 0xff, 0x00, 0xff, 0xff, 0x00, 
  0xff, 0xff, 0x00, 0xbe, 0xdf, 0x00, 0x7d, 0x97, 0x00, 0x7d, 0x97, 0xe1, 
  0x9d, 0x97, 0xe1, 0x9d, 0x97, 0xe1, 0x9d, 0x97, 0xe1, 0x9d, 0x97, 0xe1, 
  0x9d, 0x97, 0xe1, 0x9d, 0x97, 0xe1, 0x9d, 0x97, 0xe1, 0x9d, 0x97, 0xe1, 
  0x9d, 0x97, 0xe1, 0x9d, 0x97, 0xe1, 0x9d, 0x97, 0xe1, 0x9d, 0x97, 0xe1, 
  0x9d, 0x97, 0xe1, 0x9d, 0x97, 0xe1, 0x9d, 0x97, 0xe1, 0x9d, 0x97, 0xe1, 
  0x9d, 0x97, 0xe1, 0x9d, 0x97, 0xe1, 0x9d, 0x97, 0xe1, 0x9d, 0x97, 0xe1, 
  0x9d, 0x97, 0xe1, 0x9d, 0x97, 0xe1, 0x9d, 0x97, 0xe1, 0x9d, 0x97, 0xe1, 
  0x9d, 0x97, 0xe1, 0x9d, 0x97, 0xe1, 0x9d, 0x97, 0xe1, 0x9d, 0x97, 0xe1, 
  0x9d, 0x97, 0xe1, 0x9d, 0x97, 0xe1, 0x9d, 0x97, 0xe1, 0x9d, 0x97, 0xe1, 
  0x9d, 0x97, 0xe1, 0x9d, 0x97, 0xe1, 0x9d, 0x97, 0xe1, 0x9d, 0x97, 0xe1, 
  0x9d, 0x97, 0xe1, 0x9d, 0x97, 0xe1, 0x9d, 0x97, 0xe1, 0x9d, 0x97, 0xe1, 
  0x9d, 0x97, 0xe1, 0x9d, 0x97, 0xe1, 0x9d, 0x97, 0xe1, 0x9d, 0x97, 0xe1, 
  0x9d, 0x97, 0xe1, 0x9d, 0x97, 0xe1, 0x9d, 0x97, 0xe1, 0x9d, 0x97, 0xe1, 
  0x9d, 0x97, 0xe1, 0x9d, 0x97, 0xe1, 0x9d, 0x97, 0xe1, 0x9d, 0x97, 0xe1, 
  0x9d, 0x97, 0xe1, 0x9d, 0x97, 0x00, 0xbe, 0xdf, 0x00, 0xff, 0xff, 0x00, 
  0xff, 0xff, 0x00, 0x7d, 0x9f, 0x00, 0x7d, 0x97, 0xe1, 0x9d, 0x97, 0xe1, 
  0x9d, 0x97, 0xe1, 0x9d, 0x97, 0xe1, 0x9d, 0x97, 0xe1, 0x9d, 0x97, 0xe1, 
  0x9d, 0x97, 0xe1, 0x9d, 0x97, 0xe1, 0x9d, 0x97, 0xe1, 0x9d, 0x97, 0xe1, 
  0x9d, 0x97, 0xe1, 0x9d, 0x97, 0xe1, 0x9d, 0x97, 0xe1, 0x9d, 0x97, 0xe1, 
  0x9d, 0x97, 0xe1, 0x9d, 0x97, 0xe1, 0x9d, 0x97, 0xe1, 0x9d, 0x97, 0xe1, 
  0x9d, 0x97, 0xe1, 0x9d, 0x97, 0xe1, 0x9d, 0x97, 0xe1, 0x9d, 0x97, 0xe1, 
  0x9d, 0x97, 0xe1, 0x9d, 0x97, 0xe1, 0x9d, 0x97, 0xe1, 0x9d, 0x97, 0xe1, 
  0x9d, 0x97, 0xe1, 0x9d, 0x97, 0xe1, 0x9d, 0x97, 0xe1, 0x9d, 0x97, 0xe1, 
  0x9d, 0x97, 0xe1, 0x9d, 0x97, 0xe1, 0x9d, 0x97, 0xe1, 0x9d, 0x97, 0xe1, 
  0x9d, 0x97, 0xe1, 0x9d, 0x97, 0xe1, 0x9d, 0x97, 0xe1, 0x9d, 0x97, 0xe1, 
  0x9d, 0x97, 0xe1, 0x9d, 0x97, 0xe1, 0x9d, 0x97, 0xe1, 0x9d, 0x97, 0xe1, 
  0x9d, 0x97, 0xe1, 0x9d, 0x97, 0xe1, 0x9d, 0x97, 0xe1, 0x9d, 0x97, 0xe1, 
  0x9d, 0x97, 0xe1, 0x9d, 0x97, 0xe1, 0x9d, 0x97, 0xe1, 0x9d, 0x97, 0xe1, 
  0x9d, 0x97, 0xe1, 0x9d, 0x97, 0xe1, 0x9d, 0x97, 0xe1, 0x9d, 0x97, 0xe1, 
  0x9d, 0x97, 0xe1, 0x9d, 0x97, 0xe1, 0x7d, 0x9f, 0x00, 0xff, 0xff, 0x00, 
  0xbe, 0xdf, 0x00, 0x7d, 0x97, 0x00, 0x9d, 0x97, 0xe1, 0x9d, 0x97, 0xe1, 
  0x9d, 0x97, 0xe1, 0x9d, 0x97, 0xe1, 0x9d, 0x97, 0xe1, 0x9d, 0x97, 0xe1, 
  0x9d, 0x97, 0xe1, 0x9d, 0x97, 0xe1, 0x9d, 0x97, 0xe1, 0x9d, 0x97, 0xe1, 
  0x9d, 0x97, 0xe1, 0x9d, 0x97, 0xe1, 0x9d, 0x97, 0xe1, 0x9d, 0x97, 0xe1, 
  0x9d, 0x97, 0xe1, 0x9d, 0x97, 0xe1, 0x9d, 0x97, 0xe1, 0x9d, 0x97, 0xe1, 
  0x9d, 0x97, 0xe1, 0x9d, 0x97, 0xe1, 0x9d, 0x97, 0xe1, 0x9d, 0x97, 0xe1, 
  0x9d, 0x97, 0xe1, 0x9d, 0x97, 0xe1, 0x9d, 0x97, 0xe1, 0x9d, 0x97, 0xe1, 
  0x9d, 0x97, 0xe1, 0x9d, 0x97, 0xe1, 0x9d, 0x97, 0xe1, 0x9d, 0x97, 0xe1, 
  0x9d, 0x97, 0xe1, 0x9d, 0x97, 0xe1, 0x9d, 0x97, 0xe1, 0x9d, 0x97, 0xe1, 
  0x9d, 0x97, 0xe1, 0x9d, 0x97, 0xe1, 0x9d, 0x97, 0xe1, 0x9d, 0x97, 0xe1, 
  0x9d, 0x97, 0xe1, 0x9d, 0x97, 0xe1, 0x9d, 0x97, 0xe1, 0x9d, 0x97, 0xe1, 
  0x9d, 0x97, 0xe1, 0x9d, 0x97, 0xe1, 0x9d, 0x97, 0xe1, 0x9d, 0x97, 0xe1, 
  0x9d, 0x97, 0xe1, 0x9d, 0x97, 0xe1, 0x9d, 0x97, 0xe1, 0x9d, 0x97, 0xe1, 
  0x9d, 0x97, 0xe1, 0x9d, 0x97, 0xe1, 0x9d, 0x97, 0xe1, 0x9d, 0x97, 0xe1, 
  0x9d, 0x97, 0xe1, 0x9d, 0x97, 0xe1, 0x9d, 0x97, 0x00, 0xbe, 0xdf, 0x00, 
  0x7d, 0xb7, 0xe6, 0x7d, 0x97, 0xe1, 0x9d, 0x97, 0xe1, 0x9d, 0x97, 0xe1, 
  0x9d, 0x97, 0xe1, 0x9d, 0x97, 0xe1, 0x9d, 0x97, 0xe1, 0x9d, 0x97, 0xe1, 
  0x9d, 0x97, 0xe1, 0x9d, 0x97, 0xe1, 0x9d, 0x97, 0xe1, 0x9d, 0x97, 0xe1, 
  0x9d, 0x97, 0xe1, 0x9d, 0x97, 0xe1, 0x9d, 0x97, 0xe1, 0x9d, 0x97, 0xe1, 
  0x9d, 0x97, 0xe1, 0x9d, 0x97, 0xe1, 0x9d, 0x97, 0xe1, 0x9d, 0x97, 0xe1, 
  0x9d, 0x97, 0xe1, 0x9d, 0x97, 0xe1, 0x9d, 0x97, 0xe1, 0x9d, 0x97, 0xe1, 
  0x9d, 0x97, 0xe1, 0x9d, 0x97, 0xe1, 0x9d, 0x97, 0xe1, 0x9d, 0x97, 0xe1, 
  0x9d, 0x97, 0xe1, 0x9d, 0x97, 0xe1, 0x9d, 0x97, 0xe1, 0x9d, 0x97, 0xe1, 
  0x9d, 0x97, 0xe1, 0x9d, 0x97, 0xe1, 0x9d, 0x97, 0xe1, 0x9d, 0x97, 0xe1, 
  0x9d, 0x97, 0xe1, 0x9d, 0x97, 0xe1, 0x9d, 0x97, 0xe1, 0x9d, 0x97, 0xe1, 
  0x9d, 0x97, 0xe1, 0x9d, 0x97, 0xe1, 0x9d, 0x97, 0xe1, 0x9d, 0x97, 0xe1, 
  0x9d, 0x97, 0xe1, 0x9d, 0x97, 0xe1, 0x9d, 0x97, 0xe1, 0x9d, 0x97, 0xe1, 
  0x9d, 0x97, 0xe1, 0x9d, 0x97, 0xe1, 0x9d, 0x97, 0xe1, 0x9d, 0x97, 0xe1, 
  0x9d, 0x97, 0xe1, 0x9d, 0x97, 0xe1, 0x9d, 0x97, 0xe1, 0x9d, 0x97, 0xe1, 
  0x9d, 0x97, 0xe1, 0x9d, 0x97, 0xe1, 0x9d, 0x97, 0xe1, 0x7d, 0xb7, 0xe6, 
  0x7d, 0x97, 0xe1, 0x9d, 0x97, 0xe1, 0x9d, 0x97, 0xe1, 0x9d, 0x97, 0xe1, 
  0x9d, 0x97, 0xe1, 0x9d, 0x97, 0xe1, 0x9d, 0x97, 0xe1, 0x9d, 0x97, 0xe1, 
  0x9d, 0x97, 0xe1, 0x9d, 0x97, 0xe1, 0x9d, 0x97, 0xe1, 0x9d, 0x97, 0xe1, 
  0x9d, 0x97, 0xe1, 0x9d, 0x97, 0xe1, 0x9d, 0x97, 0xe1, 0x9d, 0x97, 0xe1, 
  0x9d, 0x97, 0xe1, 0x9d, 0x97, 0xe1, 0x9d, 0x97, 0xe1, 0x9d, 0x97, 0xe1, 
  0x9d, 0x97, 0xe1, 0x9d, 0x97, 0xe1, 0x9d, 0x97, 0xe1, 0x9d, 0x97, 0xe1, 
  0x9d, 0x97, 0xe1, 0x9d, 0x97, 0xe1, 0x9d, 0x97, 0xe1, 0x9d, 0x97, 0xe1, 
  0x9d, 0x97, 0xe1, 0x9d, 0x97, 0xe1, 0x9d, 0x97, 0xe1, 0x9d, 0x97, 0xe1, 
  0x9d, 0x97, 0xe1, 0x9d, 0x97, 0xe1, 0x9d, 0x97, 0xe1, 0x9d, 0x97, 0xe1, 
  0x9d, 0x97, 0xe1, 0x9d, 0x97, 0xe1, 0x9d, 0x97, 0xe1, 0x9d, 0x97, 0xe1, 
  0x9d, 0x97, 0xe1, 0x9d, 0x97, 0xe1, 0x9d, 0x97, 0xe1, 0x9d, 0x97, 0xe1, 
  0x9d, 0x97, 0xe1, 0x9d, 0x97, 0xe1, 0x9d, 0x97, 0xe1, 0x9d, 0x97, 0xe1, 
  0x9d, 0x97, 0xe1, 0x9d, 0x97, 0xe1, 0x9d, 0x97, 0xe1, 0x9d, 0x97, 0xe1, 
  0x9d, 0x97, 0xe1, 0x9d, 0x97, 0xe1, 0x9d, 0x97, 0xe1, 0x9d, 0x97, 0xe1, 
  0x9d, 0x97, 0xe1, 0x9d, 0x97, 0xe1, 0x9d, 0x97, 0xe1, 0x9d, 0x97, 0xe1, 
  0x7d, 0x97, 0xe1, 0x7d, 0x97, 0xe1, 0x9d, 0x97, 0xe1, 0x9d, 0x97, 0xe1, 
  0x9d, 0x97, 0xe1, 0x9d, 0x97, 0xe1, 0x9d, 0x97, 0xe1, 0x9d, 0x97, 0xe1, 
  0x9d, 0x97, 0xe1, 0x9d, 0x97, 0xe1, 0x9d, 0x97, 0xe1, 0x9d, 0x97, 0xe1, 
  0x9d, 0x97, 0xe1, 0x9d, 0x97, 0xe1, 0x9d, 0x97, 0xe1, 0x9d, 0x97, 0xe1, 
  0x9d, 0x97, 0xe1, 0x9d, 0x97, 0xe1, 0x9d, 0x97, 0xe1, 0x9d, 0x97, 0xe1, 
  0x9d, 0x97, 0xe1, 0x9d, 0x97, 0xe1, 0x9d, 0x97, 0xe1, 0x9d, 0x97, 0xe1, 
  0x9d, 0x97, 0xe1, 0x9d, 0x97, 0xe1, 0x7d, 0x97, 0xe1, 0x9d, 0x97, 0xe1, 
  0x9d, 0x97, 0xe1, 0x9d, 0x97, 0xe1, 0x9d, 0x97, 0xe1, 0x9d, 0x97, 0xe1, 
  0x9d, 0x97, 0xe1, 0x9d, 0x97, 0xe1, 0x9d, 0x97, 0xe1, 0x9d, 0x97, 0xe1, 
  0x9d, 0x97, 0xe1, 0x9d, 0x97, 0xe1, 0x9d, 0x97, 0xe1, 0x9d, 0x97, 0xe1, 
  0x9d, 0x97, 0xe1, 0x9d, 0x97, 0xe1, 0x9d, 0x97, 0xe1, 0x9d, 0x97, 0xe1, 
  0x9d, 0x97, 0xe1, 0x9d, 0x97, 0xe1, 0x9d, 0x97, 0xe1, 0x9d, 0x97, 0xe1, 
  0x7d, 0x97, 0xe1, 0x7d, 0x97, 0xe1, 0x7d, 0x97, 0xe1, 0x7d, 0x97, 0xe1, 
  0x7d, 0x97, 0xe1, 0x7d, 0x97, 0xe1, 0x7d, 0x97, 0xe1, 0x7d, 0x97, 0xe1, 
  0x7d, 0x97, 0xe1, 0x7d, 0x97, 0xe1, 0x9d, 0x97, 0xe1, 0x9d, 0x97, 0xe1, 
  0x7d, 0x97, 0xe1, 0x7d, 0x97, 0xe1, 0x9d, 0x97, 0xe1, 0x9d, 0x97, 0xe1, 
  0x9d, 0x97, 0xe1, 0x9d, 0x97, 0xe1, 0x9d, 0x97, 0xe1, 0x9d, 0x97, 0xe1, 
  0x9d, 0x97, 0xe1, 0x9d, 0x97, 0xe1, 0x9d, 0x97, 0xe1, 0x7d, 0x97, 0xe1, 
  0x7d, 0x97, 0xe1, 0x7d, 0x97, 0xe1, 0x9d, 0x97, 0xe1, 0x9d, 0x97, 0xe1, 
  0x9d, 0x97, 0xe1, 0x9d, 0x97, 0xe1, 0x9d, 0x97, 0xe1, 0x9d, 0x97, 0xe1, 
  0x9d, 0x97, 0xe1, 0x7d, 0x97, 0xe1, 0x7d, 0x97, 0xe1, 0x7d, 0x97, 0xe1, 
  0x7d, 0x97, 0xe1, 0x7d, 0x97, 0xe1, 0x7d, 0x97, 0xe1, 0x7d, 0x97, 0xe1, 
  0x9d, 0x97, 0xe1, 0x9d, 0x97, 0xe1, 0x9d, 0x97, 0xe1, 0x9d, 0x97, 0xe1, 
  0x9d, 0x97, 0xe1, 0x7d, 0x97, 0xe1, 0x7d, 0x97, 0xe1, 0x7d, 0x97, 0xe1, 
  0x7d, 0x97, 0xe1, 0x7d, 0x97, 0xe1, 0x7d, 0x97, 0xe1, 0x7d, 0x97, 0xe1, 
  0x9d, 0x97, 0xe1, 0x7d, 0x97, 0xe1, 0x7d, 0x97, 0xe1, 0x7d, 0x97, 0xe1, 
  0x7d, 0x97, 0xe1, 0x7d, 0x97, 0xe1, 0x7d, 0x97, 0xe1, 0x7d, 0x97, 0xe1, 
  0x7d, 0x97, 0xe1, 0x7d, 0x97, 0xe1, 0x7d, 0x97, 0xe1, 0x7d, 0x97, 0xe1, 
  0x7d, 0x97, 0xe1, 0x7d, 0x97, 0xe1, 0x7d, 0x97, 0xe1, 0x7d, 0x97, 0xe1, 
  0x7d, 0x97, 0xe1, 0x7d, 0x97, 0xe1, 0x7d, 0x97, 0xe1, 0x7d, 0x97, 0xe1, 
  0x7d, 0x97, 0xe1, 0x7d, 0x97, 0xe1, 0x7d, 0x97, 0xe1, 0x9d, 0x97, 0xe1, 
  0x9d, 0x97, 0xe1, 0x9d, 0x97, 0xe1, 0x9d, 0x97, 0xe1, 0x9d, 0x97, 0xe1, 
  0x9d, 0x97, 0xe1, 0x9d, 0x97, 0xe1, 0x7d, 0x97, 0xe1, 0x7d, 0x97, 0xe1, 
  0x7d, 0x97, 0xe1, 0x7d, 0x97, 0xe1, 0x7d, 0x97, 0xe1, 0x7d, 0x97, 0xe1, 
  0x7d, 0x97, 0xe1, 0x7d, 0x97, 0xe1, 0x7d, 0x97, 0xe1, 0x7d, 0x97, 0xe1, 
  0x7d, 0x97, 0xe1, 0x7d, 0x97, 0xe1, 0x7d, 0x97, 0xe1, 0x7d, 0x97, 0xe1, 
  0x7d, 0x97, 0xe1, 0x7d, 0x97, 0xe1, 0x7d, 0x97, 0xe1, 0x7d, 0x97, 0xe1, 
  0x7d, 0x97, 0xe1, 0x7d, 0x97, 0xe1, 0x9d, 0x97, 0xe1, 0x7d, 0x97, 0xe1, 
  0x7d, 0x97, 0xe1, 0x7d, 0x97, 0xe1, 0x7d, 0x97, 0xe1, 0x7d, 0x97, 0xe1, 
  0x7d, 0x97, 0xe1, 0x7d, 0x97, 0xe1, 0x7d, 0x97, 0xe1, 0x7d, 0x97, 0xe1, 
  0x7d, 0x97, 0xe1, 0x7d, 0x97, 0xe1, 0x7d, 0x97, 0xe1, 0x7d, 0x97, 0xe1, 
  0x7d, 0x97, 0xe1, 0x7d, 0x97, 0xe1, 0x7d, 0x97, 0xe1, 0x7d, 0x97, 0xe1, 
  0x7d, 0x97, 0xe1, 0x7d, 0x97, 0xe1, 0x7d, 0x97, 0xe1, 0x7d, 0x97, 0xe1, 
  0x7d, 0x97, 0xe1, 0x7d, 0x97, 0xe1, 0x7d, 0x97, 0xe1, 0x7d, 0x97, 0xe1, 
  0x7d, 0x97, 0xe1, 0x7d, 0x97, 0xe1, 0x7d, 0x97, 0xe1, 0x7d, 0x97, 0xe1, 
  0x7d, 0x97, 0xe1, 0x7d, 0x97, 0xe1, 0x7d, 0x97, 0xe1, 0x7d, 0x97, 0xe1, 
  0x7d, 0x97, 0xe1, 0x9d, 0x97, 0xe1, 0x9d, 0x97, 0xe1, 0x9d, 0x97, 0xe1, 
  0x7d, 0x97, 0xe1, 0x7d, 0x97, 0xe1, 0x7d, 0x97, 0xe1, 0x7d, 0x97, 0xe1, 
  0x7d, 0x97, 0xe1, 0x7d, 0x97, 0xe1, 0x7d, 0x97, 0xe1, 0x7d, 0x97, 0xe1, 
  0x7d, 0x97, 0xe1, 0x7d, 0x97, 0xe1, 0x7d, 0x97, 0xe1, 0x7d, 0x97, 0xe1, 
  0x7d, 0x97, 0xe1, 0x7d, 0x97, 0xe1, 0x7d, 0x97, 0xe1, 0x7d, 0x97, 0xe1, 
  0x7d, 0x97, 0xe1, 0x7d, 0x97, 0xe1, 0x7d, 0x97, 0xe1, 0x7d, 0x97, 0xe1, 
  0x7d, 0x97, 0xe1, 0x7d, 0x97, 0xe1, 0x7d, 0x97, 0xe1, 0x7d, 0x97, 0xe1, 
  0x7d, 0x97, 0xe1, 0x7d, 0x97, 0xe1, 0x7d, 0x97, 0xe1, 0x7d, 0x97, 0xe1, 
  0x7d, 0x97, 0xe1, 0x7d, 0x97, 0xe1, 0x7d, 0x97, 0xe1, 0x7d, 0x97, 0xe1, 
  0x7d, 0x97, 0xe1, 0x7d, 0x97, 0xe1, 0x7d, 0x97, 0xe1, 0x7d, 0x97, 0xe1, 
  0x7d, 0x97, 0xe1, 0x7d, 0x97, 0xe1, 0x7d, 0x97, 0xe1, 0x7d, 0x97, 0xe1, 
  0x7d, 0x97, 0xe1, 0x7d, 0x97, 0xe1, 0x7d, 0x97, 0xe1, 0x7d, 0x97, 0xe1, 
  0x7d, 0x97, 0xe1, 0x7d, 0x97, 0xe1, 0x7d, 0x97, 0xe1, 0x7d, 0x97, 0xe1, 
  0x7d, 0x97, 0xe1, 0x7d, 0x97, 0xe1, 0x7d, 0x97, 0xe1, 0x7d, 0x97, 0xe1, 
  0x7d, 0x97, 0xe1, 0x7d, 0x97, 0xe1, 0x7d, 0x97, 0xe1, 0x7d, 0x97, 0xe1, 
  0x7d, 0x97, 0xe1, 0x7d, 0x97, 0xe1, 0x7d, 0x97, 0xe1, 0x7d, 0x97, 0xe1, 
  0x7d, 0x97, 0xe1, 0x7d, 0x97, 0xe1, 0x7d, 0x97, 0xe1, 0x7d, 0x97, 0xe1, 
  0x7d, 0x97, 0xe1, 0x7d, 0x97, 0xe1, 0x7d, 0x97, 0xe1, 0x7d, 0x97, 0xe1, 
  0x7d, 0x97, 0xe1, 0x7d, 0x97, 0xe1, 0x7d, 0x97, 0xe1, 0x7d, 0x97, 0xe1, 
  0x7d, 0x97, 0xe1, 0x7d, 0x97, 0xe1, 0x7d, 0x97, 0xe1, 0x7d, 0x97, 0xe1, 
  0x7d, 0x97, 0xe1, 0x7d, 0x97, 0xe1, 0x7d, 0x97, 0xe1, 0x7d, 0x97, 0xe1, 
  0x7d, 0x97, 0xe1, 0x7d, 0x97, 0xe1, 0x7d, 0x97, 0xe1, 0x7d, 0x97, 0xe1, 
  0x7d, 0x97, 0xe1, 0x7d, 0x97, 0xe1, 0x7d, 0x97, 0xe1, 0x7d, 0x97, 0xe1, 
  0x7d, 0x97, 0xe1, 0x7d, 0x97, 0xe1, 0x7d, 0x97, 0xe1, 0x7d, 0x97, 0xe1, 
  0x7d, 0x97, 0xe1, 0x7d, 0x97, 0xe1, 0x7d, 0x97, 0xe1, 0x7d, 0x97, 0xe1, 
  0x7d, 0x97, 0xe1, 0x7d, 0x97, 0xe1, 0x7d, 0x97, 0xe1, 0x7d, 0x97, 0xe1, 
  0x7d, 0x97, 0xe1, 0x7d, 0x97, 0xe1, 0x7d, 0x97, 0xe1, 0x7d, 0x97, 0xe1, 
  0x7d, 0x97, 0xe1, 0x7d, 0x97, 0xe1, 0x7d, 0x97, 0xe1, 0x7d, 0x97, 0xe1, 
  0x7d, 0x97, 0xe1, 0x7d, 0x97, 0xe1, 0x7d, 0x97, 0xe1, 0x7d, 0x97, 0xe1, 
  0x7d, 0x97, 0xe1, 0x7d, 0x97, 0xe1, 0x7d, 0x97, 0xe1, 0x7d, 0x97, 0xe1, 
  0x7d, 0x97, 0xe1, 0x7d, 0x97, 0xe1, 0x7d, 0x97, 0xe1, 0x7d, 0x97, 0xe1, 
  0x7d, 0x97, 0xe1, 0x7d, 0x97, 0xe1, 0x7d, 0x97, 0xe1, 0x7d, 0x97, 0xe1, 
  0x7d, 0x97, 0xe1, 0x7d, 0x97, 0xe1, 0x7d, 0x97, 0xe1, 0x7d, 0x97, 0xe1, 
  0x7d, 0x97, 0xe1, 0x7d, 0x97, 0xe1, 0x7d, 0x97, 0xe1, 0x7d, 0x97, 0xe1, 
  0x7d, 0x97, 0xe1, 0x7d, 0x97, 0xe1, 0x7d, 0x97, 0xe1, 0x7d, 0x97, 0xe1, 
  0x7d, 0x97, 0xe1, 0x7d, 0x97, 0xe1, 0x7d, 0x97, 0xe1, 0x7d, 0x97, 0xe1, 
  0x7d, 0x97, 0xe1, 0x7d, 0x97, 0xe1, 0x7d, 0x97, 0xe1, 0x7d, 0x97, 0xe1, 
  0x7d, 0x97, 0xe1, 0x7d, 0x97, 0xe1, 0x7d, 0x97, 0xe1, 0x7d, 0x97, 0xe1, 
  0x7d, 0x97, 0xe1, 0x7d, 0x97, 0xe1, 0x7d, 0x97, 0xe1, 0x7d, 0x97, 0xe1, 
  0x7d, 0x97, 0xe1, 0x7d, 0x97, 0xe1, 0x7d, 0x97, 0xe1, 0x7d, 0x97, 0xe1, 
  0x7d, 0x97, 0xe1, 0x7d, 0x97, 0xe1, 0x7d, 0x97, 0xe1, 0x7d, 0x97, 0xe1, 
  0x7d, 0x97, 0xe1, 0x7d, 0x97, 0xe1, 0x7d, 0x97, 0xe1, 0x7d, 0x97, 0xe1, 
  0x7d, 0x97, 0xe1, 0x7d, 0x97, 0xe1, 0x7d, 0x97, 0xe1, 0x7d, 0x97, 0xe1, 
  0x7d, 0x97, 0xe1, 0x7d, 0x97, 0xe1, 0x7d, 0x97, 0xe1, 0x7d, 0x97, 0xe1, 
  0x7d, 0x97, 0xe1, 0x7d, 0x97, 0xe1, 0x7d, 0x97, 0xe1, 0x7d, 0x97, 0xe1, 
  0x7d, 0x97, 0xe1, 0x7d, 0x97, 0xe1, 0x7d, 0x97, 0xe1, 0x7d, 0x97, 0xe1, 
  0x7d, 0x97, 0xe1, 0x7d, 0x97, 0xe1, 0x7d, 0x97, 0xe1, 0x7d, 0x97, 0xe1, 
  0x7d, 0x97, 0xe1, 0x7d, 0x97, 0xe1, 0x7d, 0x97, 0xe1, 0x7d, 0x97, 0xe1, 
  0x7d, 0x97, 0xe1, 0x7d, 0x97, 0xe1, 0x7d, 0x97, 0xe1, 0x7d, 0x97, 0xe1, 
  0x7d, 0x97, 0xe1, 0x7d, 0x97, 0xe1, 0x7d, 0x97, 0xe1, 0x7d, 0x97, 0xe1, 
  0x7d, 0x97, 0xe1, 0x7d, 0x97, 0xe1, 0x7d, 0x97, 0xe1, 0x7d, 0x97, 0xe1, 
  0x7d, 0x97, 0xe1, 0x7d, 0x97, 0xe1, 0x7d, 0x97, 0xe1, 0x7d, 0x97, 0xe1, 
  0x7d, 0x97, 0xe1, 0x7d, 0x97, 0xe1, 0x7d, 0x97, 0xe1, 0x7d, 0x97, 0xe1, 
  0x7d, 0x97, 0xe1, 0x7d, 0x97, 0xe1, 0x7d, 0x97, 0xe1, 0x7d, 0x97, 0xe1, 
  0x7d, 0x97, 0xe1, 0x7d, 0x97, 0xe1, 0x7d, 0x97, 0xe1, 0x7d, 0x97, 0xe1, 
  0x7d, 0x97, 0xe1, 0x7d, 0x97, 0xe1, 0x7d, 0x97, 0xe1, 0x7d, 0x97, 0xe1, 
  0x7d, 0x97, 0xe1, 0x7d, 0x97, 0xe1, 0x7d, 0x97, 0xe1, 0x7d, 0x97, 0xe1, 
  0x7d, 0x97, 0xe1, 0x7d, 0x97, 0xe1, 0x7d, 0x97, 0xe1, 0x7d, 0x97, 0xe1, 
  0x7d, 0x97, 0xe1, 0x7d, 0x97, 0xe1, 0x7d, 0x97, 0xe1, 0x7d, 0x97, 0xe1, 
  0x7d, 0x97, 0xe1, 0x7d, 0x97, 0xe1, 0x7d, 0x97, 0xe1, 0x7d, 0x97, 0xe1, 
  0x7d, 0x97, 0xe1, 0x7d, 0x97, 0xe1, 0x7d, 0x97, 0xe1, 0x7d, 0x97, 0xe1, 
  0x7d, 0x97, 0xe1, 0x7d, 0x97, 0xe1, 0x7d, 0x97, 0xe1, 0x7d, 0x97, 0xe1, 
  0x7d, 0x97, 0xe1, 0x7d, 0x97, 0xe1, 0x7d, 0x97, 0xe1, 0x7d, 0x97, 0xe1, 
  0x7d, 0x97, 0xe1, 0x7d, 0x97, 0xe1, 0x7d, 0x97, 0xe1, 0x7d, 0x97, 0xe1, 
  0x7d, 0x97, 0xe1, 0x7d, 0x97, 0xe1, 0x7d, 0x97, 0xe1, 0x7d, 0x97, 0xe1, 
  0x7d, 0x97, 0xe1, 0x7d, 0x97, 0xe1, 0x7d, 0x97, 0xe1, 0x7d, 0x97, 0xe1, 
  0x7d, 0x97, 0xe1, 0x7d, 0x97, 0xe1, 0x7d, 0x97, 0xe1, 0x7d, 0x97, 0xe1, 
  0x7d, 0x97, 0xe1, 0x7d, 0x97, 0xe1, 0x7d, 0x97, 0xe1, 0x7d, 0x97, 0xe1, 
  0x7d, 0x97, 0xe1, 0x7d, 0x97, 0xe1, 0x7d, 0x97, 0xe1, 0x7d, 0x97, 0xe1, 
  0x7d, 0x97, 0xe1, 0x7d, 0x97, 0xe1, 0x7d, 0x97, 0xe1, 0x7d, 0x97, 0xe1, 
  0x7d, 0x97, 0xe1, 0x7d, 0x97, 0xe1, 0x7d, 0x97, 0xe1, 0x7d, 0x97, 0xe1, 
  0x7d, 0x97, 0xe1, 0x7d, 0x97, 0xe1, 0x7d, 0x97, 0xe1, 0x7d, 0x97, 0xe1, 
  0x7d, 0x97, 0xe1, 0x7d, 0x97, 0xe1, 0x7d, 0x97, 0xe1, 0x7d, 0x97, 0xe1, 
  0x7d, 0x97, 0xe1, 0x7d, 0x97, 0xe1, 0x7d, 0x97, 0xe1, 0x7d, 0x97, 0xe1, 
  0x7d, 0x97, 0xe1, 0x7d, 0x97, 0xe1, 0x7d, 0x97, 0xe1, 0x7d, 0x97, 0xe1, 
  0x7d, 0x97, 0xe1, 0x7d, 0x97, 0xe1, 0x7d, 0x97, 0xe1, 0x7d, 0x97, 0xe1, 
  0x7d, 0x97, 0xe1, 0x7d, 0x97, 0xe1, 0x7d, 0x97, 0xe1, 0x7d, 0x97, 0xe1, 
  0x7d, 0x97, 0xe1, 0x7d, 0x97, 0xe1, 0x7d, 0x97, 0xe1, 0x7d, 0x97, 0xe1, 
  0x7d, 0x97, 0xe1, 0x7d, 0x97, 0xe1, 0x7d, 0x97, 0xe1, 0x7d, 0x97, 0xe1, 
  0x7d, 0x97, 0xe1, 0x7d, 0x97, 0xe1, 0x7d, 0x97, 0xe1, 0x7d, 0x97, 0xe1, 
  0x7d, 0x97, 0xe1, 0x7d, 0x97, 0xe1, 0x7d, 0x97, 0xe1, 0x7d, 0x97, 0xe1, 
  0x7d, 0x97, 0xe1, 0x7d, 0x97, 0xe1, 0x7d, 0x97, 0xe1, 0x7d, 0x97, 0xe1, 
  0x7d, 0x97, 0xe1, 0x7d, 0x97, 0xe1, 0x7d, 0x97, 0xe1, 0x7d, 0x97, 0xe1, 
  0x7d, 0x97, 0xe1, 0x7d, 0x97, 0xe1, 0x7d, 0x97, 0xe1, 0x7d, 0x97, 0xe1, 
  0x7d, 0x97, 0xe1, 0x7d, 0x97, 0xe1, 0x7d, 0x97, 0xe1, 0x7d, 0x97, 0xe1, 
  0x7d, 0x97, 0xe1, 0x7d, 0x97, 0xe1, 0x7d, 0x97, 0xe1, 0x7d, 0x97, 0xe1, 
  0x7d, 0x97, 0xe1, 0x7d, 0x97, 0xe1, 0x7d, 0x97, 0xe1, 0x7d, 0x97, 0xe1, 
  0x7d, 0x97, 0xe1, 0x7d, 0x97, 0xe1, 0x7d, 0x97, 0xe1, 0x7d, 0x97, 0xe1, 
  0x7d, 0x97, 0xe1, 0x7d, 0x97, 0xe1, 0x7d, 0x97, 0xe1, 0x7d, 0x97, 0xe1, 
  0x7d, 0x97, 0xe1, 0x7d, 0x97, 0xe1, 0x7d, 0x97, 0xe1, 0x7d, 0x97, 0xe1, 
  0x7d, 0x97, 0xe1, 0x7d, 0x97, 0xe1, 0x7d, 0x97, 0xe1, 0x7d, 0x97, 0xe1, 
  0x7d, 0x97, 0xe1, 0x7d, 0x97, 0xe1, 0x7d, 0x97, 0xe1, 0x7d, 0x97, 0xe1, 
  0x7d, 0x97, 0xe1, 0x7d, 0x97, 0xe1, 0x7d, 0x97, 0xe1, 0x7d, 0x97, 0xe1, 
  0x7d, 0x97, 0xe1, 0x7d, 0x97, 0xe1, 0x7d, 0x97, 0xe1, 0x7d, 0x97, 0xe1, 
  0x7d, 0x97, 0xe1, 0x7d, 0x97, 0xe1, 0x7d, 0x97, 0xe1, 0x7d, 0x97, 0xe1, 
  0x7d, 0x97, 0xe1, 0x7d, 0x97, 0xe1, 0x7d, 0x97, 0xe1, 0x7d, 0x97, 0xe1, 
  0x7d, 0x97, 0xe1, 0x7d, 0x97, 0xe1, 0x7d, 0x97, 0xe1, 0x7d, 0x97, 0xe1, 
  0x7d, 0x97, 0xe1, 0x7d, 0x97, 0xe1, 0x7d, 0x97, 0xe1, 0x7d, 0x97, 0xe1, 
  0x7d, 0x97, 0xe1, 0x7d, 0x97, 0xe1, 0x7d, 0x97, 0xe1, 0x7d, 0x97, 0xe1, 
  0x7d, 0x97, 0xe1, 0x7d, 0x97, 0xe1, 0x7d, 0x97, 0xe1, 0x7d, 0x97, 0xe1, 
  0x7d, 0x97, 0xe1, 0x7d, 0x97, 0xe1, 0x7d, 0x97, 0xe1, 0x7d, 0x97, 0xe1, 
  0x7d, 0x97, 0xe1, 0x7d, 0x97, 0xe1, 0x7d, 0x97, 0xe1, 0x7d, 0x97, 0xe1, 
  0x7d, 0x97, 0xe1, 0x7d, 0x97, 0xe1, 0x7d, 0x97, 0xe1, 0x7d, 0x97, 0xe1, 
  0x7d, 0x97, 0xe1, 0x7d, 0x97, 0xe1, 0x7d, 0x97, 0xe1, 0x7d, 0x97, 0xe1, 
  0x7d, 0x97, 0xe1, 0x7d, 0x97, 0xe1, 0x7d, 0x97, 0xe1, 0x7d, 0x97, 0xe1, 
  0x7d, 0x97, 0xe1, 0x7d, 0x97, 0xe1, 0x7d, 0x97, 0xe1, 0x7d, 0x97, 0xe1, 
  0x7d, 0x97, 0xe1, 0x7d, 0x97, 0xe1, 0x7d, 0x97, 0xe1, 0x7d, 0x97, 0xe1, 
  0x7d, 0x97, 0xe1, 0x7d, 0x97, 0xe1, 0x7d, 0x97, 0xe1, 0x7d, 0x97, 0xe1, 
  0x7d, 0x97, 0xe1, 0x7d, 0x97, 0xe1, 0x7d, 0x97, 0xe1, 0x7d, 0x97, 0xe1, 
  0x7d, 0x97, 0xe1, 0x7d, 0x97, 0xe1, 0x7d, 0x97, 0xe1, 0x7d, 0x97, 0xe1, 
  0x7d, 0x97, 0xe1, 0x7d, 0x97, 0xe1, 0x7d, 0x97, 0xe1, 0x7d, 0x97, 0xe1, 
  0x7d, 0x97, 0xe1, 0x7d, 0x97, 0xe1, 0x7d, 0x97, 0xe1, 0x7d, 0x97, 0xe1, 
  0x7d, 0x97, 0xe1, 0x7d, 0x97, 0xe1, 0x7d, 0x97, 0xe1, 0x7d, 0x97, 0xe1, 
  0x7d, 0x97, 0xe1, 0x7d, 0x97, 0xe1, 0x7d, 0x97, 0xe1, 0x7d, 0x97, 0xe1, 
  0x7d, 0x97, 0xe1, 0x7d, 0x97, 0xe1, 0x7d, 0x97, 0xe1, 0x7d, 0x97, 0xe1, 
  0x7d, 0x97, 0xe1, 0x7d, 0x97, 0xe1, 0x7d, 0x97, 0xe1, 0x7d, 0x97, 0xe1, 
  0x7d, 0x97, 0xe1, 0x7d, 0x97, 0xe1, 0x7d, 0x97, 0xe1, 0x7d, 0x97, 0xe1, 
  0x7d, 0x97, 0xe1, 0x7d, 0x97, 0xe1, 0x7d, 0x97, 0xe1, 0x7d, 0x97, 0xe1, 
  0x7d, 0x97, 0xe1, 0x7d, 0x97, 0xe1, 0x7d, 0x97, 0xe1, 0x7d, 0x97, 0xe1, 
  0x7d, 0x97, 0xe1, 0x7d, 0x97, 0xe1, 0x7d, 0x97, 0xe1, 0x7d, 0x97, 0xe1, 
  0x7d, 0x97, 0xe1, 0x7d, 0x97, 0xe1, 0x7d, 0x97, 0xe1, 0x7d, 0x97, 0xe1, 
  0x7d, 0x97, 0xe1, 0x7d, 0x97, 0xe1, 0x7d, 0x97, 0xe1, 0x7d, 0x97, 0xe1, 
  0x7d, 0x97, 0xe1, 0x7d, 0x97, 0xe1, 0x7d, 0x97, 0xe1, 0x7d, 0x97, 0xe1, 
  0x7d, 0x97, 0xe1, 0x7d, 0x97, 0xe1, 0x7d, 0x97, 0xe1, 0x7d, 0x97, 0xe1, 
  0x7d, 0x97, 0xe1, 0x7d, 0x97, 0xe1, 0x7d, 0x97, 0xe1, 0x7d, 0x97, 0xe1, 
  0x7d, 0x97, 0xe1, 0x7d, 0x97, 0xe1, 0x7d, 0x97, 0xe1, 0x7d, 0x97, 0xe1, 
  0x7d, 0x97, 0xe1, 0x7d, 0x97, 0xe1, 0x7d, 0x97, 0xe1, 0x7d, 0x97, 0xe1, 
  0x7d, 0x97, 0xe1, 0x7d, 0x97, 0xe1, 0x7d, 0x97, 0xe1, 0x7d, 0x97, 0xe1, 
  0x7d, 0x97, 0xe1, 0x7d, 0x97, 0xe1, 0x7d, 0x97, 0xe1, 0x7d, 0x97, 0xe1, 
  0x7d, 0x97, 0xe1, 0x7d, 0x97, 0xe1, 0x7d, 0x97, 0xe1, 0x7d, 0x97, 0xe1, 
  0x7d, 0x97, 0xe1, 0x7d, 0x97, 0xe1, 0x7d, 0x97, 0xe1, 0x7d, 0x97, 0xe1, 
  0x7d, 0x97, 0xe1, 0x7d, 0x97, 0xe1, 0x7d, 0x97, 0xe1, 0x7d, 0x97, 0xe1, 
  0x7d, 0x97, 0xe1, 0x7d, 0x97, 0xe1, 0x7d, 0x97, 0xe1, 0x7d, 0x97, 0xe1, 
  0x7d, 0x97, 0xe1, 0x7d, 0x97, 0xe1, 0x7d, 0x97, 0xe1, 0x7d, 0x97, 0xe1, 
  0x7d, 0x97, 0xe1, 0x7d, 0x97, 0xe1, 0x7d, 0x97, 0xe1, 0x7d, 0x97, 0xe1, 
  0x7d, 0x97, 0xe1, 0x7d, 0x97, 0xe1, 0x7d, 0x97, 0xe1, 0x7d, 0x97, 0xe1, 
  0x7d, 0x97, 0xe1, 0x7d, 0x97, 0xe1, 0x7d, 0x97, 0xe1, 0x7d, 0x97, 0xe1, 
  0x7d, 0x97, 0xe1, 0x7d, 0x97, 0xe1, 0x7d, 0x97, 0xe1, 0x7d, 0x97, 0xe1, 
  0x7d, 0x97, 0xe1, 0x7d, 0x97, 0xe1, 0x7d, 0x97, 0xe1, 0x7d, 0x97, 0xe1, 
  0x7d, 0x97, 0xe1, 0x7d, 0x97, 0xe1, 0x7d, 0x97, 0xe1, 0x7d, 0x97, 0xe1, 
  0x7d, 0x97, 0xe1, 0x7d, 0x97, 0xe1, 0x7d, 0x97, 0xe1, 0x7d, 0x97, 0xe1, 
  0x7d, 0x97, 0xe1, 0x7d, 0x97, 0xe1, 0x7d, 0x97, 0xe1, 0x7d, 0x97, 0xe1, 
  0x7d, 0x97, 0xe1, 0x7d, 0x97, 0xe1, 0x7d, 0x97, 0xe1, 0x7d, 0x97, 0xe1, 
  0x7d, 0x97, 0xe1, 0x7d, 0x97, 0xe1, 0x7d, 0x97, 0xe1, 0x7d, 0x97, 0xe1, 
  0x7d, 0x97, 0xe1, 0x7d, 0x97, 0xe1, 0x7d, 0x97, 0xe1, 0x7d, 0x97, 0xe1, 
  0x7d, 0x97, 0xe1, 0x7d, 0x97, 0xe1, 0x7d, 0x97, 0xe1, 0x7d, 0x97, 0xe1, 
  0x7d, 0x97, 0xe1, 0x7d, 0x97, 0xe1, 0x7d, 0x97, 0xe1, 0x7d, 0x97, 0xe1, 
  0x7d, 0x97, 0xe1, 0x7d, 0x97, 0xe1, 0x7d, 0x97, 0xe1, 0x7d, 0x97, 0xe1, 
  0x7d, 0x97, 0xe1, 0x7d, 0x97, 0xe1, 0x7d, 0x97, 0xe1, 0x7d, 0x97, 0xe1, 
  0x7d, 0x97, 0xe1, 0x7d, 0x97, 0xe1, 0x7d, 0x97, 0xe1, 0x7d, 0x97, 0xe1, 
  0x7d, 0x97, 0xe1, 0x7d, 0x97, 0xe1, 0x7d, 0x97, 0xe1, 0x7d, 0x97, 0xe1, 
  0x7d, 0x97, 0xe1, 0x7d, 0x97, 0xe1, 0x7d, 0x97, 0xe1, 0x7d, 0x97, 0xe1, 
  0x7d, 0x97, 0xe1, 0x7d, 0x97, 0xe1, 0x7d, 0x97, 0xe1, 0x7d, 0x97, 0xe1, 
  0x7d, 0x97, 0xe1, 0x7d, 0x97, 0xe1, 0x7d, 0x97, 0xe1, 0x7d, 0x97, 0xe1, 
  0x7d, 0x97, 0xe1, 0x7d, 0x97, 0xe1, 0x7d, 0x97, 0xe1, 0x7d, 0x97, 0xe1, 
  0x7d, 0x97, 0xe1, 0x7d, 0x97, 0xe1, 0x7d, 0x97, 0xe1, 0x7d, 0x97, 0xe1, 
  0x7d, 0x97, 0xe1, 0x7d, 0x97, 0xe1, 0x7d, 0x97, 0xe1, 0x7d, 0x97, 0xe1, 
  0x7d, 0x97, 0xe1, 0x7d, 0x97, 0xe1, 0x7d, 0x97, 0xe1, 0x7d, 0x97, 0xe1, 
  0x7d, 0x97, 0xe1, 0x7d, 0x97, 0xe1, 0x7d, 0x97, 0xe1, 0x7d, 0x97, 0xe1, 
  0x7d, 0x97, 0xe1, 0x7d, 0x97, 0xe1, 0x7d, 0x97, 0xe1, 0x7d, 0x97, 0xe1, 
  0x7d, 0x97, 0xe1, 0x7d, 0x97, 0xe1, 0x7d, 0x97, 0xe1, 0x7d, 0x97, 0xe1, 
  0x7d, 0x97, 0xe1, 0x7d, 0x97, 0xe1, 0x7d, 0x97, 0xe1, 0x7d, 0x97, 0xe1, 
  0x7d, 0x97, 0xe1, 0x7d, 0x97, 0xe1, 0x7d, 0x97, 0xe1, 0x7d, 0x97, 0xe1, 
  0x7d, 0x97, 0xe1, 0x7d, 0x97, 0xe1, 0x7d, 0x97, 0xe1, 0x7d, 0x97, 0xe1, 
  0x7d, 0x97, 0xe1, 0x7d, 0x97, 0xe1, 0x7d, 0x97, 0xe1, 0x7d, 0x97, 0xe1, 
  0x7d, 0x97, 0xe1, 0x7d, 0x97, 0xe1, 0x7d, 0x97, 0xe1, 0x7d, 0x97, 0xe1, 
  0x7d, 0x97, 0xe1, 0x7d, 0x97, 0xe1, 0x7d, 0x97, 0xe1, 0x7d, 0x97, 0xe1, 
  0x7d, 0x97, 0xe1, 0x7d, 0x97, 0xe1, 0x7d, 0x97, 0xe1, 0x7d, 0x97, 0xe1, 
  0x7d, 0x97, 0xe1, 0x7d, 0x97, 0xe1, 0x7d, 0x97, 0xe1, 0x7d, 0x97, 0xe1, 
  0x7d, 0x97, 0xe1, 0x7d, 0x97, 0xe1, 0x7d, 0x97, 0xe1, 0x7d, 0x97, 0xe1, 
  0x7d, 0x97, 0xe1, 0x7d, 0x97, 0xe1, 0x7d, 0x97, 0xe1, 0x7d, 0x97, 0xe1, 
  0x7d, 0x97, 0xe1, 0x7d, 0x97, 0xe1, 0x7d, 0x97, 0xe1, 0x7d, 0x97, 0xe1, 
  0x7d, 0x97, 0xe1, 0x7d, 0x97, 0xe1, 0x7d, 0x97, 0xe1, 0x7d, 0x97, 0xe1, 
  0x7d, 0x97, 0xe1, 0x7d, 0x97, 0xe1, 0x7d, 0x97, 0xe1, 0x7d, 0x97, 0xe1, 
  0x7d, 0x97, 0xe1, 0x7d, 0x97, 0xe1, 0x7d, 0x97, 0xe1, 0x7d, 0x97, 0xe1, 
  0x7d, 0x97, 0xe1, 0x7d, 0x97, 0xe1, 0x7d, 0x97, 0xe1, 0x7d, 0x97, 0xe1, 
  0x7d, 0x97, 0xe1, 0x7d, 0x97, 0xe1, 0x7d, 0x97, 0xe1, 0x7d, 0x97, 0xe1, 
  0x7d, 0x97, 0xe1, 0x7d, 0x97, 0xe1, 0x7d, 0x97, 0xe1, 0x7d, 0x97, 0xe1, 
  0x7d, 0x97, 0xe1, 0x7d, 0x97, 0xe1, 0x7d, 0x97, 0xe1, 0x7d, 0x97, 0xe1, 
  0x7d, 0x97, 0xe1, 0x7d, 0x97, 0xe1, 0x7d, 0x97, 0xe1, 0x7d, 0x97, 0xe1, 
  0x7d, 0x97, 0xe1, 0x7d, 0x97, 0xe1, 0x7d, 0x97, 0xe1, 0x7d, 0x97, 0xe1, 
  0x7d, 0x97, 0xe1, 0x7d, 0x97, 0xe1, 0x7d, 0x97, 0xe1, 0x7d, 0x97, 0xe1, 
  0x7d, 0x97, 0xe1, 0x7d, 0x97, 0xe1, 0x7d, 0x97, 0xe1, 0x7d, 0x97, 0xe1, 
  0x7d, 0x97, 0xe1, 0x7d, 0x97, 0xe1, 0x7d, 0x97, 0xe1, 0x7d, 0x97, 0xe1, 
  0x7d, 0x97, 0xe1, 0x7d, 0x97, 0xe1, 0x7d, 0x97, 0xe1, 0x7d, 0x97, 0xe1, 
  0x7d, 0x97, 0xe1, 0x7d, 0x97, 0xe1, 0x7d, 0x97, 0xe1, 0x7d, 0x97, 0xe1, 
  0x7d, 0x97, 0xe1, 0x7d, 0x97, 0xe1, 0x7d, 0x97, 0xe1, 0x7d, 0x97, 0xe1, 
  0x7d, 0x97, 0xe1, 0x7d, 0x97, 0xe1, 0x7d, 0x97, 0xe1, 0x7d, 0x97, 0xe1, 
  0x7d, 0x97, 0xe1, 0x7d, 0x97, 0xe1, 0x7d, 0x97, 0xe1, 0x7d, 0x97, 0xe1, 
  0x7d, 0x97, 0xe1, 0x7d, 0x97, 0xe1, 0x7d, 0x97, 0xe1, 0x7d, 0x97, 0xe1, 
  0x7d, 0x97, 0xe1, 0x7d, 0x97, 0xe1, 0x7d, 0x97, 0xe1, 0x7d, 0x97, 0xe1, 
  0x7d, 0x97, 0xe1, 0x7d, 0x97, 0xe1, 0x7d, 0x97, 0xe1, 0x7d, 0x97, 0xe1, 
  0x7d, 0x97, 0xe1, 0x7d, 0x97, 0xe1, 0x7d, 0x97, 0xe1, 0x7d, 0x97, 0xe1, 
  0x7d, 0x97, 0xe1, 0x7d, 0x97, 0xe1, 0x7d, 0x97, 0xe1, 0x7d, 0x97, 0xe1, 
  0x7d, 0x97, 0xe1, 0x7d, 0x97, 0xe1, 0x7d, 0x97, 0xe1, 0x7d, 0x97, 0xe1, 
  0x7d, 0x97, 0xe1, 0x7d, 0x97, 0xe1, 0x7d, 0x97, 0xe1, 0x7d, 0x97, 0xe1, 
  0x7d, 0x97, 0xe1, 0x7d, 0x97, 0xe1, 0x7d, 0x97, 0xe1, 0x7d, 0x97, 0xe1, 
  0x7d, 0x97, 0xe1, 0x7d, 0x97, 0xe1, 0x7d, 0x97, 0xe1, 0x7d, 0x97, 0xe1, 
  0x7d, 0x97, 0xe1, 0x7d, 0x97, 0xe1, 0x7d, 0x97, 0xe1, 0x7d, 0x97, 0xe1, 
  0x7d, 0x97, 0xe1, 0x7d, 0x97, 0xe1, 0x7d, 0x97, 0xe1, 0x7d, 0x97, 0xe1, 
  0x7d, 0x97, 0xe1, 0x7d, 0x97, 0xe1, 0x7d, 0x97, 0xe1, 0x7d, 0x97, 0xe1, 
  0x7d, 0x97, 0xe1, 0x7d, 0x97, 0xe1, 0x7d, 0x97, 0xe1, 0x7d, 0x97, 0xe1, 
  0x7d, 0x97, 0xe1, 0x7d, 0x97, 0xe1, 0x7d, 0x97, 0xe1, 0x7d, 0x97, 0xe1, 
  0x7d, 0x97, 0xe1, 0x7d, 0x97, 0xe1, 0x7d, 0x97, 0xe1, 0x7d, 0x97, 0xe1, 
  0x7d, 0x97, 0xe1, 0x7d, 0x97, 0xe1, 0x7d, 0x97, 0xe1, 0x7d, 0x97, 0xe1, 
  0x7d, 0x97, 0xe1, 0x7d, 0x97, 0xe1, 0x7d, 0x97, 0xe1, 0x7d, 0x97, 0xe1, 
  0x7d, 0x97, 0xe1, 0x7d, 0x97, 0xe1, 0x7d, 0x97, 0xe1, 0x7d, 0x97, 0xe1, 
  0x7d, 0x97, 0xe1, 0x7d, 0x97, 0xe1, 0x7d, 0x97, 0xe1, 0x7d, 0x97, 0xe1, 
  0x7d, 0x97, 0xe1, 0x7d, 0x97, 0xe1, 0x7d, 0x97, 0xe1, 0x7d, 0x97, 0xe1, 
  0x7d, 0x97, 0xe1, 0x7d, 0x97, 0xe1, 0x7d, 0x97, 0xe1, 0x7d, 0x97, 0xe1, 
  0x7d, 0x97, 0xe1, 0x7d, 0x97, 0xe1, 0x7d, 0x97, 0xe1, 0x7d, 0x97, 0xe1, 
  0x7d, 0x97, 0xe1, 0x7d, 0x97, 0xe1, 0x7d, 0x97, 0xe1, 0x7d, 0x97, 0xe1, 
  0x7d, 0x97, 0xe1, 0x7d, 0x97, 0xe1, 0x7d, 0x97, 0xe1, 0x7d, 0x97, 0xe1, 
  0x7d, 0x97, 0xe1, 0x7d, 0x97, 0xe1, 0x7d, 0x97, 0xe1, 0x7d, 0x97, 0xe1, 
  0x7d, 0x97, 0xe1, 0x7d, 0x97, 0xe1, 0x7d, 0x97, 0xe1, 0x7d, 0x97, 0xe1, 
  0x7d, 0x97, 0xe1, 0x7d, 0x97, 0xe1, 0x7d, 0x97, 0xe1, 0x7d, 0x97, 0xe1, 
  0x7d, 0x97, 0xe1, 0x7d, 0x97, 0xe1, 0x7d, 0x97, 0xe1, 0x7d, 0x97, 0xe1, 
  0x7d, 0x97, 0xe1, 0x7d, 0x97, 0xe1, 0x7d, 0x97, 0xe1, 0x7d, 0x97, 0xe1, 
  0x7d, 0x97, 0xe1, 0x7d, 0x97, 0xe1, 0x7d, 0x97, 0xe1, 0x7d, 0x97, 0xe1, 
  0x7d, 0x97, 0xe1, 0x7d, 0x97, 0xe1, 0x7d, 0x97, 0xe1, 0x7d, 0x97, 0xe1, 
  0x7d, 0x97, 0xe1, 0x7d, 0x97, 0xe1, 0x7d, 0x97, 0xe1, 0x7d, 0x97, 0xe1, 
  0x7d, 0x97, 0xe1, 0x7d, 0x97, 0xe1, 0x7d, 0x97, 0xe1, 0x7d, 0x97, 0xe1, 
  0x7d, 0x97, 0xe1, 0x7d, 0x97, 0xe1, 0x7d, 0x97, 0xe1, 0x7d, 0x97, 0xe1, 
  0x7d, 0x97, 0xe1, 0x7d, 0x97, 0xe1, 0x7d, 0x97, 0xe1, 0x7d, 0x97, 0xe1, 
  0x7d, 0x97, 0xe1, 0x7d, 0x97, 0xe1, 0x7d, 0x97, 0xe1, 0x7d, 0x97, 0xe1, 
  0x7d, 0x97, 0xe1, 0x7d, 0x97, 0xe1, 0x7d, 0x97, 0xe1, 0x7d, 0x97, 0xe1, 
  0x7d, 0x97, 0xe1, 0x7d, 0x97, 0xe1, 0x7d, 0x97, 0xe1, 0x7d, 0x97, 0xe1, 
  0x7d, 0x97, 0xe1, 0x7d, 0x97, 0xe1, 0x7d, 0x97, 0xe1, 0x7d, 0x97, 0xe1, 
  0x7d, 0x97, 0xe1, 0x7d, 0x97, 0xe1, 0x7d, 0x97, 0xe1, 0x7d, 0x97, 0xe1, 
  0x7d, 0x97, 0xe1, 0x7d, 0x97, 0xe1, 0x7d, 0x97, 0xe1, 0x7d, 0x97, 0xe1, 
  0x7d, 0x97, 0xe1, 0x7d, 0x97, 0xe1, 0x7d, 0x97, 0xe1, 0x7d, 0x97, 0xe1, 
  0x7d, 0x97, 0xe1, 0x7d, 0x97, 0xe1, 0x7d, 0x97, 0xe1, 0x7d, 0x97, 0xe1, 
  0x7d, 0x97, 0xe1, 0x7d, 0x97, 0xe1, 0x7d, 0x97, 0xe1, 0x7d, 0x97, 0xe1, 
  0x7d, 0x97, 0xe1, 0x7d, 0x97, 0xe1, 0x7d, 0x97, 0xe1, 0x7d, 0x97, 0xe1, 
  0x7d, 0x97, 0xe1, 0x7d, 0x97, 0xe1, 0x7d, 0x97, 0xe1, 0x7d, 0x97, 0xe1, 
  0x7d, 0x97, 0xe1, 0x7d, 0x97, 0xe1, 0x7d, 0x97, 0xe1, 0x7d, 0x97, 0xe1, 
  0x7d, 0x97, 0xe1, 0x7d, 0x97, 0xe1, 0x7d, 0x97, 0xe1, 0x7d, 0x97, 0xe1, 
  0x7d, 0x97, 0xe1, 0x7d, 0x97, 0xe1, 0x7d, 0x97, 0xe1, 0x7d, 0x97, 0xe1, 
  0x7d, 0x97, 0xe1, 0x7d, 0x97, 0xe1, 0x7d, 0x97, 0xe1, 0x7d, 0x97, 0xe1, 
  0x7d, 0x97, 0xe1, 0x7d, 0x97, 0xe1, 0x7d, 0x97, 0xe1, 0x7d, 0x97, 0xe1, 
  0x7d, 0x97, 0xe1, 0x7d, 0x97, 0xe1, 0x7d, 0x97, 0xe1, 0x7d, 0x97, 0xe1, 
  0x7d, 0x97, 0xe1, 0x7d, 0x97, 0xe1, 0x7d, 0x97, 0xe1, 0x7d, 0x97, 0xe1, 
  0x7d, 0x97, 0xe1, 0x7d, 0x97, 0xe1, 0x7d, 0x97, 0xe1, 0x7d, 0x97, 0xe1, 
  0x7d, 0x97, 0xe1, 0x7d, 0x97, 0xe1, 0x7d, 0x97, 0xe1, 0x7d, 0x97, 0xe1, 
  0x7d, 0x97, 0xe1, 0x7d, 0x97, 0xe1, 0x7d, 0x97, 0xe1, 0x7d, 0x97, 0xe1, 
  0x7d, 0x97, 0xe1, 0x7d, 0x97, 0xe1, 0x7d, 0x97, 0xe1, 0x7d, 0x97, 0xe1, 
  0x7d, 0x97, 0xe1, 0x7d, 0x97, 0xe1, 0x7d, 0x97, 0xe1, 0x7d, 0x97, 0xe1, 
  0x7d, 0x97, 0xe1, 0x7d, 0x97, 0xe1, 0x7d, 0x97, 0xe1, 0x7d, 0x97, 0xe1, 
  0x7d, 0x97, 0xe1, 0x7d, 0x97, 0xe1, 0x7d, 0x97, 0xe1, 0x7d, 0x97, 0xe1, 
  0x7d, 0x97, 0xe1, 0x7d, 0x97, 0xe1, 0x7d, 0x97, 0xe1, 0x7d, 0x97, 0xe1, 
  0x7d, 0x97, 0xe1, 0x7d, 0x97, 0xe1, 0x7d, 0x97, 0xe1, 0x7d, 0x97, 0xe1, 
  0x7d, 0x97, 0xe1, 0x7d, 0x97, 0xe1, 0x7d, 0x97, 0xe1, 0x7d, 0x97, 0xe1, 
  0x7d, 0x97, 0xe1, 0x7d, 0x97, 0xe1, 0x7d, 0x97, 0xe1, 0x7d, 0x97, 0xe1, 
  0x7d, 0x97, 0xe1, 0x7d, 0x97, 0xe1, 0x7d, 0x97, 0xe1, 0x7d, 0x97, 0xe1, 
  0x7d, 0x97, 0xe1, 0x7d, 0x97, 0xe1, 0x7d, 0x97, 0xe1, 0x7d, 0x97, 0xe1, 
  0x7d, 0x97, 0xe1, 0x7d, 0x97, 0xe1, 0x7d, 0x97, 0xe1, 0x7d, 0x97, 0xe1, 
  0x7d, 0x97, 0xe1, 0x7d, 0x97, 0xe1, 0x7d, 0x97, 0xe1, 0x7d, 0x97, 0xe1, 
  0x7d, 0x97, 0xe1, 0x7d, 0x97, 0xe1, 0x7d, 0x97, 0xe1, 0x7d, 0x97, 0xe1, 
  0x7d, 0x97, 0xe1, 0x7d, 0x97, 0xe1, 0x7d, 0x97, 0xe1, 0x7d, 0x97, 0xe1, 
  0x7d, 0x97, 0xe1, 0x7d, 0x97, 0xe1, 0x7d, 0x97, 0xe1, 0x7d, 0x97, 0xe1, 
  0x7d, 0x97, 0xe1, 0x7d, 0x97, 0xe1, 0x7d, 0x97, 0xe1, 0x7d, 0x97, 0xe1, 
  0x7d, 0x97, 0xe1, 0x7d, 0x97, 0xe1, 0x7d, 0x97, 0xe1, 0x7d, 0x97, 0xe1, 
  0x7d, 0x97, 0xe1, 0x7d, 0x97, 0xe1, 0x7d, 0x97, 0xe1, 0x7d, 0x97, 0xe1, 
  0x7d, 0x97, 0xe1, 0x7d, 0x97, 0xe1, 0x7d, 0x97, 0xe1, 0x7d, 0x97, 0xe1, 
  0x7d, 0x97, 0xe1, 0x7d, 0x97, 0xe1, 0x7d, 0x97, 0xe1, 0x7d, 0x97, 0xe1, 
  0x7d, 0x97, 0xe1, 0x7d, 0x97, 0xe1, 0x7d, 0x97, 0xe1, 0x7d, 0x97, 0xe1, 
  0x7d, 0x97, 0xe1, 0x7d, 0x97, 0xe1, 0x7d, 0x97, 0xe1, 0x7d, 0x97, 0xe1, 
  0x7d, 0x97, 0xe1, 0x7d, 0x97, 0xe1, 0x7d, 0x97, 0xe1, 0x7d, 0x97, 0xe1, 
  0x7d, 0x97, 0xe1, 0x7d, 0x97, 0xe1, 0x7d, 0x97, 0xe1, 0x7d, 0x97, 0xe1, 
  0x7d, 0x97, 0xe1, 0x7d, 0x97, 0xe1, 0x7d, 0x97, 0xe1, 0x7d, 0x97, 0xe1, 
  0x7d, 0x97, 0xe1, 0x7d, 0x97, 0xe1, 0x7d, 0x97, 0xe1, 0x7d, 0x97, 0xe1, 
  0x7d, 0x97, 0xe1, 0x7d, 0x97, 0xe1, 0x7d, 0x97, 0xe1, 0x7d, 0x97, 0xe1, 
  0x7d, 0x97, 0xe1, 0x7d, 0x97, 0xe1, 0x7d, 0x97, 0xe1, 0x7d, 0x97, 0xe1, 
  0x7d, 0x97, 0xe1, 0x7d, 0x97, 0xe1, 0x7d, 0x97, 0xe1, 0x7d, 0x97, 0xe1, 
  0x7d, 0x97, 0xe1, 0x7d, 0x97, 0xe1, 0x7d, 0x97, 0xe1, 0x7d, 0x97, 0xe1, 
  0x7d, 0x97, 0xe1, 0x7d, 0x97, 0xe1, 0x7d, 0x97, 0xe1, 0x7d, 0x97, 0xe1, 
  0x7d, 0x97, 0xe1, 0x7d, 0x97, 0xe1, 0x7d, 0x97, 0xe1, 0x7d, 0x97, 0xe1, 
  0x7d, 0x97, 0xe1, 0x7d, 0x97, 0xe1, 0x7d, 0x97, 0xe1, 0x7d, 0x97, 0xe1, 
  0x7d, 0x97, 0xe1, 0x7d, 0x97, 0xe1, 0x7d, 0x97, 0xe1, 0x7d, 0x97, 0xe1, 
  0x7d, 0x97, 0xe1, 0x7d, 0x97, 0xe1, 0x7d, 0x97, 0xe1, 0x7d, 0x97, 0xe1, 
  0x7d, 0x97, 0xe1, 0x7d, 0x97, 0xe1, 0x7d, 0x97, 0xe1, 0x7d, 0x97, 0xe1, 
  0x7d, 0x97, 0xe1, 0x7d, 0x97, 0xe1, 0x7d, 0x97, 0xe1, 0x7d, 0x97, 0xe1, 
  0x7d, 0x97, 0xe1, 0x7d, 0x97, 0xe1, 0x7d, 0x97, 0xe1, 0x7d, 0x97, 0xe1, 
  0x7d, 0x97, 0xe1, 0x7d, 0x97, 0xe1, 0x7d, 0x97, 0xe1, 0x7d, 0x97, 0xe1, 
  0x7d, 0x97, 0xe1, 0x7d, 0x97, 0xe1, 0x7d, 0x97, 0xe1, 0x7d, 0x97, 0xe1, 
  0x7d, 0x97, 0xe1, 0x7d, 0x97, 0xe1, 0x7d, 0x97, 0xe1, 0x7d, 0x97, 0xe1, 
  0x7d, 0x97, 0xe1, 0x7d, 0x97, 0xe1, 0x7d, 0x97, 0xe1, 0x7d, 0x97, 0xe1, 
  0x7d, 0x97, 0xe1, 0x7d, 0x97, 0xe1, 0x7d, 0x97, 0xe1, 0x7d, 0x97, 0xe1, 
  0x7d, 0x97, 0xe1, 0x7d, 0x97, 0xe1, 0x7d, 0x97, 0xe1, 0x7d, 0x97, 0xe1, 
  0x7d, 0x97, 0xe1, 0x7d, 0x97, 0xe1, 0x7d, 0x97, 0xe1, 0x7d, 0x97, 0xe1, 
  0x7d, 0x97, 0xe1, 0x7d, 0x97, 0xe1, 0x7d, 0x97, 0xe1, 0x7d, 0x97, 0xe1, 
  0x7d, 0x97, 0xe1, 0x7d, 0x97, 0xe1, 0x7d, 0x97, 0xe1, 0x7d, 0x97, 0xe1, 
  0x7d, 0x97, 0xe1, 0x7d, 0x97, 0xe1, 0x7d, 0x97, 0xe1, 0x7d, 0x97, 0xe1, 
  0x7d, 0x97, 0xe1, 0x7d, 0x97, 0xe1, 0x7d, 0x97, 0xe1, 0x7d, 0x97, 0xe1, 
  0x7d, 0x97, 0xe1, 0x7d, 0x97, 0xe1, 0x7d, 0x97, 0xe1, 0x7d, 0x97, 0xe1, 
  0x7d, 0x97, 0xe1, 0x7d, 0x97, 0xe1, 0x7d, 0x97, 0xe1, 0x7d, 0x97, 0xe1, 
  0x7d, 0x97, 0xe1, 0x7d, 0x97, 0xe1, 0x7d, 0x97, 0xe1, 0x7d, 0x97, 0xe1, 
  0x7d, 0x97, 0xe1, 0x7d, 0x97, 0xe1, 0x7d, 0x97, 0xe1, 0x7d, 0x97, 0xe1, 
  0x7d, 0x97, 0xe1, 0x7d, 0x97, 0xe1, 0x7d, 0x97, 0xe1, 0x7d, 0x97, 0xe1, 
  0x7d, 0x97, 0xe1, 0x7d, 0x97, 0xe1, 0x7d, 0x97, 0xe1, 0x7d, 0x97, 0xe1, 
  0x7d, 0x97, 0xe1, 0x7d, 0x97, 0xe1, 0x7d, 0x97, 0xe1, 0x7d, 0x97, 0xe1, 
  0x7d, 0x97, 0xe1, 0x7d, 0x97, 0xe1, 0x7d, 0x97, 0xe1, 0x7d, 0x97, 0xe1, 
  0x7d, 0x97, 0xe1, 0x7d, 0x97, 0xe1, 0x7d, 0x97, 0xe1, 0x7d, 0x97, 0xe1, 
  0x7d, 0x97, 0xe1, 0x7d, 0x97, 0xe1, 0x7d, 0x97, 0xe1, 0x7d, 0x97, 0xe1, 
  0x7d, 0x97, 0xe1, 0x7d, 0x97, 0xe1, 0x7d, 0x97, 0xe1, 0x7d, 0x97, 0xe1, 
  0x7d, 0x97, 0xe1, 0x7d, 0x97, 0xe1, 0x7d, 0x97, 0xe1, 0x7d, 0x97, 0xe1, 
  0x7d, 0x97, 0xe1, 0x7d, 0x97, 0xe1, 0x7d, 0x97, 0xe1, 0x7d, 0x97, 0xe1, 
  0x7d, 0x97, 0xe1, 0x7d, 0x97, 0xe1, 0x7d, 0x97, 0xe1, 0x7d, 0x97, 0xe1, 
  0x7d, 0x97, 0xe1, 0x7d, 0x97, 0xe1, 0x7d, 0x97, 0xe1, 0x7d, 0x97, 0xe1, 
  0x7d, 0x97, 0xe1, 0x7d, 0x97, 0xe1, 0x7d, 0x97, 0xe1, 0x7d, 0x97, 0xe1, 
  0x7d, 0x97, 0xe1, 0x7d, 0x97, 0xe1, 0x7d, 0x97, 0xe1, 0x7d, 0x97, 0xe1, 
  0x7d, 0x97, 0xe1, 0x7d, 0x97, 0xe1, 0x7d, 0x97, 0xe1, 0x7d, 0x97, 0xe1, 
  0x7d, 0x97, 0xe1, 0x7d, 0x97, 0xe1, 0x7d, 0x97, 0xe1, 0x7d, 0x97, 0xe1, 
  0x7d, 0x97, 0xe1, 0x7d, 0x97, 0xe1, 0x7d, 0x97, 0xe1, 0x7d, 0x97, 0xe1, 
  0x7d, 0x97, 0xe1, 0x7d, 0x97, 0xe1, 0x7d, 0x97, 0xe1, 0x7d, 0x97, 0xe1, 
  0x7d, 0x97, 0xe1, 0x7d, 0x97, 0xe1, 0x7d, 0x97, 0xe1, 0x7d, 0x97, 0xe1, 
  0x7d, 0x97, 0xe1, 0x7d, 0x97, 0xe1, 0x7d, 0x97, 0xe1, 0x7d, 0x97, 0xe1, 
  0x7d, 0x97, 0xe1, 0x7d, 0x97, 0xe1, 0x7d, 0x97, 0xe1, 0x7d, 0x97, 0xe1, 
  0x7d, 0x97, 0xe1, 0x7d, 0x97, 0xe1, 0x7d, 0x97, 0xe1, 0x7d, 0x97, 0xe1, 
  0x7d, 0x97, 0xe1, 0x7d, 0x97, 0xe1, 0x7d, 0x97, 0xe1, 0x7d, 0x97, 0xe1, 
  0x7d, 0x97, 0xe1, 0x7d, 0x97, 0xe1, 0x7d, 0x97, 0xe1, 0x7d, 0x97, 0xe1, 
  0x7d, 0x97, 0xe1, 0x7d, 0x97, 0xe1, 0x7d, 0x97, 0xe1, 0x7d, 0x97, 0xe1, 
  0x7d, 0x97, 0xe1, 0x7d, 0x97, 0xe1, 0x7d, 0x97, 0xe1, 0x7d, 0x97, 0xe1, 
  0x7d, 0x97, 0xe1, 0x7d, 0x97, 0xe1, 0x7d, 0x97, 0xe1, 0x7d, 0x97, 0xe1, 
  0x7d, 0x97, 0xe1, 0x7d, 0x97, 0xe1, 0x7d, 0x97, 0xe1, 0x7d, 0x97, 0xe1, 
  0x7d, 0x97, 0xe1, 0x7d, 0x97, 0xe1, 0x7d, 0x97, 0xe1, 0x7d, 0x97, 0xe1, 
  0x7d, 0x97, 0xe1, 0x7d, 0x97, 0xe1, 0x7d, 0x97, 0xe1, 0x7d, 0x97, 0xe1, 
  0x7d, 0x97, 0xe1, 0x7d, 0x97, 0xe1, 0x7d, 0x97, 0xe1, 0x7d, 0x97, 0xe1, 
  0x7d, 0x97, 0xe1, 0x7d, 0x97, 0xe1, 0x7d, 0x97, 0xe1, 0x7d, 0x97, 0xe1, 
  0x7d, 0x97, 0xe1, 0x7d, 0x97, 0xe1, 0x7d, 0x97, 0xe1, 0x7d, 0x97, 0xe1, 
  0x7d, 0x97, 0xe1, 0x7d, 0x97, 0xe1, 0x7d, 0x97, 0xe1, 0x7d, 0x97, 0xe1, 
  0x7d, 0x97, 0xe1, 0x7d, 0x97, 0xe1, 0x7d, 0x97, 0xe1, 0x7d, 0x97, 0xe1, 
  0x7d, 0x97, 0xe1, 0x7d, 0x97, 0xe1, 0x7d, 0x97, 0xe1, 0x7d, 0x97, 0xe1, 
  0x7d, 0x97, 0xe1, 0x7d, 0x97, 0xe1, 0x7d, 0x97, 0xe1, 0x7d, 0x97, 0xe1, 
  0x7d, 0x97, 0xe1, 0x7d, 0x97, 0xe1, 0x7d, 0x97, 0xe1, 0x7d, 0x97, 0xe1, 
  0x7d, 0x97, 0xe1, 0x7d, 0x97, 0xe1, 0x7d, 0x97, 0xe1, 0x7d, 0x97, 0xe1, 
  0x7d, 0x97, 0xe1, 0x7d, 0x97, 0xe1, 0x7d, 0x97, 0xe1, 0x7d, 0x97, 0xe1, 
  0x7d, 0x97, 0xe1, 0x7d, 0x97, 0xe1, 0x7d, 0x97, 0xe1, 0x7d, 0x97, 0xe1, 
  0x7d, 0x97, 0xe1, 0x7d, 0x97, 0xe1, 0x7d, 0x97, 0xe1, 0x7d, 0x97, 0xe1, 
  0x7d, 0x97, 0xe1, 0x7d, 0x97, 0xe1, 0x7d, 0x97, 0xe1, 0x7d, 0x97, 0xe1, 
  0x7d, 0x97, 0xe1, 0x7d, 0x97, 0xe1, 0x7d, 0x97, 0xe1, 0x7d, 0x97, 0xe1, 
  0x7d, 0x97, 0xe1, 0x7d, 0x97, 0xe1, 0x7d, 0x97, 0xe1, 0x7d, 0x97, 0xe1, 
  0x7d, 0x97, 0xe1, 0x7d, 0x97, 0xe1, 0x7d, 0x97, 0xe1, 0x7d, 0x97, 0xe1, 
  0x7d, 0x97, 0xe1, 0x7d, 0x97, 0xe1, 0x7d, 0x97, 0xe1, 0x7d, 0x97, 0xe1, 
  0x7d, 0x97, 0xe1, 0x7d, 0x97, 0xe1, 0x7d, 0x97, 0xe1, 0x7d, 0x97, 0xe1, 
  0x7d, 0x97, 0xe1, 0x7d, 0x97, 0xe1, 0x7d, 0x97, 0xe1, 0x7d, 0x97, 0xe1, 
  0x7d, 0x97, 0xe1, 0x7d, 0x97, 0xe1, 0x7d, 0x97, 0xe1, 0x7d, 0x97, 0xe1, 
  0x7d, 0x97, 0xe1, 0x7d, 0x97, 0xe1, 0x7d, 0x97, 0xe1, 0x7d, 0x97, 0xe1, 
  0x7d, 0x97, 0xe1, 0x7d, 0x97, 0xe1, 0x7d, 0x97, 0xe1, 0x7d, 0x97, 0xe1, 
  0x7d, 0x97, 0xe1, 0x7d, 0x97, 0xe1, 0x7d, 0x97, 0xe1, 0x7d, 0x97, 0xe1, 
  0x7d, 0x97, 0xe1, 0x7d, 0x97, 0xe1, 0x7d, 0x97, 0xe1, 0x7d, 0x97, 0xe1, 
  0x7d, 0x97, 0xe1, 0x7d, 0x97, 0xe1, 0x7d, 0x97, 0xe1, 0x7d, 0x97, 0xe1, 
  0x7d, 0x97, 0xe1, 0x7d, 0x97, 0xe1, 0x7d, 0x97, 0xe1, 0x7d, 0x97, 0xe1, 
  0x7d, 0x97, 0xe1, 0x7d, 0x97, 0xe1, 0x7d, 0x97, 0xe1, 0x7d, 0x97, 0xe1, 
  0x7d, 0x97, 0xe1, 0x7d, 0x97, 0xe1, 0x7d, 0x97, 0xe1, 0x7d, 0x97, 0xe1, 
  0x7d, 0x97, 0xe1, 0x7d, 0x97, 0xe1, 0x7d, 0x97, 0xe1, 0x7d, 0x97, 0xe1, 
  0x7d, 0x97, 0xe1, 0x7d, 0x97, 0xe1, 0x7d, 0x97, 0xe1, 0x7d, 0x97, 0xe1, 
  0x7d, 0x97, 0xe1, 0x7d, 0x97, 0xe1, 0x7d, 0x97, 0xe1, 0x7d, 0x97, 0xe1, 
  0x7d, 0x97, 0xe1, 0x7d, 0x97, 0xe1, 0x7d, 0x97, 0xe1, 0x7d, 0x97, 0xe1, 
  0x7d, 0x97, 0xe1, 0x7d, 0x97, 0xe1, 0x7d, 0x97, 0xe1, 0x7d, 0x97, 0xe1, 
  0x7d, 0x97, 0xe1, 0x7d, 0x97, 0xe1, 0x7d, 0x97, 0xe1, 0x7d, 0x97, 0xe1, 
  0x7d, 0x97, 0xe1, 0x7d, 0x97, 0xe1, 0x7d, 0x97, 0xe1, 0x7d, 0x97, 0xe1, 
  0x7d, 0x97, 0xe1, 0x7d, 0x97, 0xe1, 0x7d, 0x97, 0xe1, 0x7d, 0x97, 0xe1, 
  0x7d, 0x97, 0xe1, 0x7d, 0x97, 0xe1, 0x7d, 0x97, 0xe1, 0x7d, 0x97, 0xe1, 
  0x7d, 0x97, 0xe1, 0x7d, 0x97, 0xe1, 0x7d, 0x97, 0xe1, 0x7d, 0x97, 0xe1, 
  0x7d, 0x97, 0xe1, 0x7d, 0x97, 0xe1, 0x7d, 0x97, 0xe1, 0x7d, 0x97, 0xe1, 
  0x7d, 0x97, 0xe1, 0x7d, 0x97, 0xe1, 0x7d, 0x97, 0xe1, 0x7d, 0x97, 0xe1, 
  0x7d, 0x97, 0xe1, 0x7d, 0x97, 0xe1, 0x7d, 0x97, 0xe1, 0x7d, 0x97, 0xe1, 
  0x7d, 0x97, 0xe1, 0x7d, 0x97, 0xe1, 0x7d, 0x97, 0xe1, 0x7d, 0x97, 0xe1, 
  0x7d, 0x97, 0xe1, 0x7d, 0x97, 0xe1, 0x7d, 0x97, 0xe1, 0x7d, 0x97, 0xe1, 
  0x7d, 0x97, 0xe1, 0x7d, 0x97, 0xe1, 0x7d, 0x97, 0xe1, 0x7d, 0x97, 0xe1, 
  0x7d, 0x97, 0xe1, 0x7d, 0x97, 0xe1, 0x7d, 0x97, 0xe1, 0x7d, 0x97, 0xe1, 
  0x7d, 0x97, 0xe1, 0x7d, 0x97, 0xe1, 0x7d, 0x97, 0xe1, 0x7d, 0x97, 0xe1, 
  0x7d, 0x97, 0xe1, 0x7d, 0x97, 0xe1, 0x7d, 0x97, 0xe1, 0x7d, 0x97, 0xe1, 
  
};

const lv_img_dsc_t img_longnotetail = {
  .header.cf = LV_IMG_CF_TRUE_COLOR_ALPHA,
  .header.always_zero = 0,
  .header.w = 60,
  .header.h = 170,
  .data_size = 30600,
  .data = img_longnotetail_map,
};
