#include "lvgl.h"

const uint8_t img_recoder_map[] = {
  0x00, 0x00, 0x00, 0x00, 0x00, 0x00, 0x00, 0x00, 0x00, 0x00, 0x00, 0x00, 
  0x00, 0x00, 0x00, 0x00, 0x00, 0x00, 0x00, 0x00, 0x00, 0x00, 0x00, 0x00, 
  0x00, 0x00, 0x00, 0x00, 0x00, 0x00, 0x00, 0x00, 0x00, 0x00, 0x00, 0x00, 
  0x00, 0x00, 0x00, 0x00, 0x00, 0x00, 0x00, 0x00, 0x00, 0x00, 0x00, 0x00, 
  0x00, 0x00, 0x00, 0x00, 0x00, 0x00, 0x00, 0x00, 0x00, 0x00, 0x00, 0x00, 
  0x00, 0x00, 0x00, 0x00, 0x00, 0x00, 0x00, 0x00, 0x00, 0x00, 0x00, 0x00, 
  0x00, 0x00, 0x00, 0x00, 0x00, 0x00, 0x00, 0x00, 0x00, 0x00, 0x00, 0x00, 
  0x00, 0x00, 0x00, 0x00, 0x00, 0x00, 0x00, 0x00, 0x00, 0x00, 0x00, 0x00, 
  0x00, 0x00, 0x00, 0x00, 0x00, 0x00, 0x00, 0x00, 0x00, 0x00, 0x00, 0x00, 
  0x00, 0x00, 0x00, 0x00, 0x00, 0x00, 0x00, 0x00, 0x00, 0x00, 0x00, 0x00, 
  0x00, 0x00, 0x00, 0x00, 0x00, 0x00, 0x00, 0x00, 0x00, 0x00, 0x00, 0x00, 
  0x00, 0x00, 0x00, 0x00, 0x00, 0x00, 0x00, 0x00, 0x00, 0x00, 0x00, 0x00, 
  0x00, 0x00, 0x00, 0x00, 0x00, 0x00, 0x00, 0x00, 0x00, 0x00, 0x00, 0x00, 
  0x00, 0x00, 0x00, 0x00, 0x00, 0x00, 0x00, 0x00, 0x00, 0x00, 0x00, 0x00, 
  0x00, 0x00, 0x00, 0x00, 0x00, 0x00, 0x00, 0x00, 0x00, 0x00, 0x00, 0x00, 
  0x00, 0x00, 0x00, 0x00, 0x00, 0x00, 0x00, 0x00, 0x00, 0x00, 0x00, 0x00, 
  0x00, 0x00, 0x00, 0x00, 0x00, 0x00, 0x00, 0x00, 0x00, 0x00, 0x00, 0x00, 
  0x00, 0x00, 0x00, 0x00, 0x00, 0x00, 0x00, 0x00, 0x00, 0x00, 0x00, 0x00, 
  0x00, 0x00, 0x00, 0x00, 0x00, 0x00, 0x00, 0x00, 0x00, 0x00, 0x00, 0x00, 
  0x00, 0x00, 0x00, 0x00, 0x00, 0x00, 0x00, 0x00, 0x00, 0x00, 0x00, 0x00, 
  0x00, 0x00, 0x00, 0x00, 0x00, 0x00, 0x00, 0x00, 0x00, 0x00, 0x00, 0x00, 
  0x00, 0x00, 0x00, 0x00, 0x00, 0x00, 0x00, 0x00, 0x00, 0x00, 0x00, 0x00, 
  0x00, 0x00, 0x00, 0x00, 0x00, 0x00, 0x00, 0x00, 0x00, 0x00, 0x00, 0x00, 
  0x00, 0x00, 0x00, 0x00, 0x00, 0x00, 0x00, 0x00, 0x00, 0x00, 0x00, 0x00, 
  0x00, 0x00, 0x00, 0x00, 0x00, 0x00, 0x00, 0x00, 0x00, 0x00, 0x00, 0x00, 
  0x00, 0x00, 0x00, 0x00, 0x00, 0x00, 0x00, 0x00, 0x00, 0x00, 0x00, 0x00, 
  0x00, 0x00, 0x00, 0x00, 0x00, 0x00, 0x00, 0x00, 0x00, 0x00, 0x00, 0x00, 
  0x00, 0x00, 0x00, 0x00, 0x00, 0x00, 0x00, 0x00, 0x00, 0x00, 0x00, 0x00, 
  0x00, 0x00, 0x00, 0x00, 0x00, 0x00, 0x00, 0x00, 0x00, 0x00, 0x00, 0x00, 
  0x00, 0x00, 0x00, 0x00, 0x00, 0x00, 0x00, 0x00, 0x00, 0x00, 0x00, 0x00, 
  0x00, 0x00, 0x00, 0x00, 0x00, 0x00, 0x00, 0x00, 0x00, 0x00, 0x00, 0x00, 
  0x00, 0x00, 0x00, 0x00, 0x00, 0x00, 0x00, 0x00, 0x00, 0x00, 0x00, 0x00, 
  0x00, 0x00, 0x00, 0x00, 0x00, 0x00, 0x00, 0x00, 0x00, 0x00, 0x00, 0x00, 
  0x00, 0x00, 0x00, 0x00, 0x00, 0x00, 0x00, 0x00, 0x00, 0x00, 0x00, 0x00, 
  0x00, 0x00, 0x00, 0x00, 0x00, 0x00, 0x00, 0x00, 0x00, 0x00, 0x00, 0x00, 
  0x00, 0x00, 0x00, 0x00, 0x00, 0x00, 0x00, 0x00, 0x00, 0x00, 0x00, 0x00, 
  0x00, 0x00, 0x00, 0x00, 0x00, 0x00, 0x00, 0x00, 0x00, 0x00, 0x00, 0x00, 
  0x00, 0x00, 0x00, 0x00, 0x00, 0x00, 0x00, 0x00, 0x00, 0x00, 0x00, 0x00, 
  0x00, 0x00, 0x00, 0x00, 0x00, 0x00, 0x00, 0x00, 0x00, 0x00, 0x00, 0x00, 
  0x00, 0x00, 0x00, 0x00, 0x00, 0x00, 0x00, 0x00, 0x00, 0x00, 0x00, 0x00, 
  0x00, 0x00, 0x00, 0x00, 0x00, 0x00, 0x00, 0x00, 0x00, 0x00, 0x00, 0x00, 
  0x00, 0x00, 0x00, 0x00, 0x00, 0x00, 0x00, 0x00, 0x00, 0x00, 0x00, 0x00, 
  0x00, 0x00, 0x00, 0x00, 0x00, 0x00, 0x00, 0x00, 0x00, 0x00, 0x00, 0x00, 
  0x00, 0x00, 0x00, 0x00, 0x00, 0x00, 0x00, 0x00, 0x00, 0x00, 0x00, 0x00, 
  0x00, 0x00, 0x00, 0x00, 0x00, 0x00, 0x00, 0x00, 0x00, 0x00, 0x00, 0x00, 
  0x00, 0x00, 0x00, 0x00, 0x00, 0x00, 0x00, 0x00, 0x00, 0x00, 0x00, 0x00, 
  0x00, 0x00, 0x00, 0x00, 0x00, 0x00, 0x00, 0x00, 0x00, 0x00, 0x00, 0x00, 
  0x00, 0x00, 0x00, 0x00, 0x00, 0x00, 0x00, 0x00, 0x00, 0x00, 0x00, 0x00, 
  0x00, 0x00, 0x00, 0x00, 0x00, 0x00, 0x00, 0x00, 0x00, 0x00, 0x00, 0x00, 
  0x00, 0x00, 0x00, 0x00, 0x00, 0x00, 0x00, 0x00, 0x00, 0x00, 0x00, 0x00, 
  0x00, 0x00, 0x00, 0x00, 0x00, 0x00, 0x00, 0x00, 0x00, 0x00, 0x00, 0x00, 
  0x00, 0x00, 0x00, 0x00, 0x00, 0x00, 0x00, 0x00, 0x00, 0x00, 0x00, 0x00, 
  0x00, 0x00, 0x00, 0x00, 0x00, 0x00, 0x00, 0x00, 0x00, 0x00, 0x00, 0x00, 
  0x00, 0x00, 0x00, 0x00, 0x00, 0x00, 0x00, 0x00, 0x00, 0x00, 0x00, 0x00, 
  0x00, 0x00, 0x00, 0x00, 0x00, 0x00, 0x00, 0x00, 0x00, 0x00, 0x00, 0x00, 
  0x00, 0x00, 0x00, 0x00, 0x00, 0x00, 0x00, 0x00, 0x00, 0x00, 0x00, 0x00, 
  0x00, 0x00, 0x00, 0x00, 0x00, 0x00, 0x00, 0x00, 0x00, 0x00, 0x00, 0x00, 
  0x00, 0x00, 0x00, 0x00, 0x00, 0x00, 0x00, 0x00, 0x00, 0x00, 0x00, 0x00, 
  0x00, 0x00, 0x00, 0x00, 0x00, 0x00, 0x00, 0x00, 0x00, 0x00, 0x00, 0x00, 
  0x00, 0x00, 0x00, 0x00, 0x00, 0x00, 0x00, 0x00, 0x00, 0x00, 0x00, 0x00, 
  0x00, 0x00, 0x00, 0x00, 0x00, 0x00, 0x00, 0x00, 0x00, 0x00, 0x00, 0x00, 
  0x00, 0x00, 0x00, 0x00, 0x00, 0x00, 0x00, 0x00, 0x00, 0x00, 0x00, 0x00, 
  0x00, 0x00, 0x00, 0x00, 0x00, 0x00, 0x00, 0x00, 0x00, 0x00, 0x00, 0x00, 
  0x00, 0x00, 0x00, 0x00, 0x00, 0x00, 0x00, 0x00, 0x00, 0x00, 0x00, 0x00, 
  0x00, 0x00, 0x00, 0x00, 0x00, 0x00, 0x00, 0x00, 0x00, 0x00, 0x00, 0x00, 
  0x00, 0x00, 0x00, 0x00, 0x00, 0x00, 0x00, 0x00, 0x00, 0x00, 0x00, 0x00, 
  0x00, 0x00, 0x00, 0x00, 0x00, 0x00, 0x00, 0x00, 0x00, 0x00, 0x00, 0x00, 
  0x00, 0x00, 0x00, 0x00, 0x00, 0x00, 0x00, 0x00, 0x00, 0x00, 0x00, 0x00, 
  0x00, 0x00, 0x00, 0x00, 0x00, 0x00, 0x00, 0x00, 0x00, 0x00, 0x00, 0x00, 
  0x00, 0x00, 0x00, 0x00, 0x00, 0x00, 0x00, 0x00, 0x00, 0x00, 0x00, 0x00, 
  0x00, 0x00, 0x00, 0x00, 0x00, 0x00, 0x00, 0x00, 0x00, 0x00, 0x00, 0x00, 
  0x00, 0x00, 0x00, 0x00, 0x00, 0x00, 0x00, 0x00, 0x00, 0x00, 0x00, 0x00, 
  0x00, 0x00, 0x00, 0x00, 0x00, 0x00, 0x00, 0x00, 0x00, 0x00, 0x00, 0x00, 
  0x00, 0x00, 0x00, 0x00, 0x00, 0x00, 0x00, 0x00, 0x00, 0x00, 0x00, 0x00, 
  0x00, 0x00, 0x00, 0x00, 0x00, 0x00, 0x00, 0x00, 0x00, 0x00, 0x00, 0x00, 
  0x00, 0x00, 0x00, 0x00, 0x00, 0x00, 0x00, 0x00, 0x00, 0x00, 0x00, 0x00, 
  0x00, 0x00, 0x00, 0x00, 0x00, 0x00, 0x00, 0x00, 0x00, 0x00, 0x00, 0x00, 
  0x00, 0x00, 0x00, 0x00, 0x00, 0x00, 0x00, 0x00, 0x00, 0x00, 0x00, 0x00, 
  0x00, 0x00, 0x00, 0x00, 0x00, 0x00, 0x00, 0x00, 0x00, 0x00, 0x00, 0x00, 
  0x00, 0x00, 0x00, 0x00, 0x00, 0x00, 0x00, 0x00, 0x00, 0x00, 0x00, 0x00, 
  0x00, 0x00, 0x00, 0x00, 0x00, 0x00, 0x00, 0x00, 0x00, 0x00, 0x00, 0x00, 
  0x00, 0x00, 0x00, 0x00, 0x00, 0x00, 0x00, 0x00, 0x00, 0x00, 0x00, 0x00, 
  0x00, 0x00, 0x00, 0x00, 0x00, 0x00, 0x00, 0x00, 0x00, 0x00, 0x00, 0x00, 
  0x00, 0x00, 0x00, 0x00, 0x00, 0x00, 0x00, 0x00, 0x00, 0x00, 0x00, 0x00, 
  0x00, 0x00, 0x00, 0x00, 0x00, 0x00, 0x00, 0x00, 0x00, 0x00, 0x00, 0x00, 
  0x00, 0x00, 0x00, 0x00, 0x00, 0x00, 0x00, 0x00, 0x00, 0x00, 0x00, 0x00, 
  0x00, 0x00, 0x00, 0x00, 0x00, 0x00, 0x00, 0x00, 0x00, 0x00, 0x00, 0x00, 
  0x00, 0x00, 0x00, 0x00, 0x00, 0x00, 0x00, 0x00, 0x00, 0x00, 0x00, 0x00, 
  0x00, 0x00, 0x00, 0x00, 0x00, 0x00, 0x00, 0x00, 0x00, 0x00, 0x00, 0x00, 
  0x00, 0x00, 0x00, 0x00, 0x00, 0x00, 0x00, 0x00, 0x00, 0x00, 0x00, 0x00, 
  0x00, 0x00, 0x00, 0x00, 0x00, 0x00, 0x00, 0x00, 0x00, 0x00, 0x00, 0x00, 
  0x00, 0x00, 0x00, 0x00, 0x00, 0x00, 0x00, 0x00, 0x00, 0x00, 0x00, 0x00, 
  0x00, 0x00, 0x00, 0x00, 0x00, 0x00, 0x00, 0x00, 0x00, 0x00, 0x00, 0x00, 
  0x00, 0x00, 0x00, 0x00, 0x00, 0x00, 0x00, 0x00, 0x00, 0x00, 0x00, 0x00, 
  0x00, 0x00, 0x00, 0x00, 0x00, 0x00, 0x00, 0x00, 0x00, 0x00, 0x00, 0x00, 
  0x00, 0x00, 0x00, 0x00, 0x00, 0x00, 0x00, 0x00, 0x00, 0x00, 0x00, 0x00, 
  0x00, 0x00, 0x00, 0x00, 0x00, 0x00, 0x00, 0x00, 0x00, 0x00, 0x00, 0x00, 
  0x00, 0x00, 0x00, 0x00, 0x00, 0x00, 0x00, 0x00, 0x00, 0x00, 0x00, 0x00, 
  0x00, 0x00, 0x00, 0x00, 0x00, 0x00, 0x00, 0x00, 0x00, 0x00, 0x00, 0x00, 
  0x00, 0x00, 0x00, 0x00, 0x00, 0x00, 0x00, 0x00, 0x00, 0x00, 0x00, 0x00, 
  0x00, 0x00, 0x00, 0x00, 0x00, 0x00, 0x00, 0x00, 0x00, 0x00, 0x00, 0x00, 
  0x00, 0x00, 0x00, 0x00, 0x00, 0x00, 0x00, 0x00, 0x00, 0x00, 0x00, 0x00, 
  0x00, 0x00, 0x00, 0x00, 0x00, 0x00, 0x00, 0x00, 0x00, 0x00, 0x00, 0x00, 
  0x00, 0x00, 0x00, 0x00, 0x00, 0x00, 0x00, 0x00, 0x00, 0x00, 0x00, 0x00, 
  0x00, 0x00, 0x00, 0x00, 0x00, 0x00, 0x00, 0x00, 0x00, 0x00, 0x00, 0x00, 
  0x00, 0x00, 0x00, 0x00, 0x00, 0x00, 0x00, 0x00, 0x00, 0x00, 0x00, 0x00, 
  0x00, 0x00, 0x00, 0x00, 0x00, 0x00, 0x00, 0x00, 0x00, 0x00, 0x00, 0x00, 
  0x00, 0x00, 0x00, 0x00, 0x00, 0x00, 0x00, 0x00, 0x00, 0x00, 0x00, 0x00, 
  0x00, 0x00, 0x00, 0x00, 0x00, 0x00, 0x00, 0x00, 0x00, 0x00, 0x00, 0x00, 
  0x00, 0x00, 0x00, 0x00, 0x00, 0x00, 0x00, 0x00, 0x00, 0x00, 0x00, 0x00, 
  0x00, 0x00, 0x00, 0x00, 0x00, 0x00, 0x00, 0x00, 0x00, 0x00, 0x00, 0x00, 
  0x00, 0x00, 0x00, 0x00, 0x00, 0x00, 0x00, 0x00, 0x00, 0x00, 0x00, 0x00, 
  0x00, 0x00, 0x00, 0x00, 0x00, 0x00, 0x00, 0x00, 0x00, 0x00, 0x00, 0x00, 
  0x00, 0x00, 0x00, 0x00, 0x00, 0x00, 0x00, 0x00, 0x00, 0x00, 0x00, 0x00, 
  0x00, 0x00, 0x00, 0x00, 0x00, 0x00, 0x00, 0x00, 0x00, 0x00, 0x00, 0x00, 
  0x00, 0x00, 0x00, 0x00, 0x00, 0x00, 0x00, 0x00, 0x00, 0x00, 0x00, 0x00, 
  0x00, 0x00, 0x00, 0x00, 0x00, 0x00, 0x00, 0x00, 0x00, 0x00, 0x00, 0x00, 
  0x00, 0x00, 0x00, 0x00, 0x00, 0x00, 0x00, 0x00, 0x00, 0x00, 0x00, 0x00, 
  0x00, 0x00, 0x00, 0x00, 0x00, 0x00, 0x00, 0x00, 0x00, 0x00, 0x00, 0x00, 
  0x00, 0x00, 0x00, 0x00, 0x00, 0x00, 0x00, 0x00, 0x00, 0x00, 0x00, 0x00, 
  0x00, 0x00, 0x00, 0x00, 0x00, 0x00, 0x00, 0x00, 0x00, 0x00, 0x00, 0x00, 
  0x00, 0x00, 0x00, 0x00, 0x00, 0x00, 0x00, 0x00, 0x00, 0x00, 0x00, 0x00, 
  0x00, 0x00, 0x00, 0x00, 0x00, 0x00, 0x00, 0x00, 0x00, 0x00, 0x00, 0x00, 
  0x00, 0x00, 0x00, 0x00, 0x00, 0x00, 0x00, 0x00, 0x00, 0x00, 0x00, 0x00, 
  0x00, 0x00, 0x00, 0x00, 0x00, 0x00, 0x00, 0x00, 0x00, 0x00, 0x00, 0x00, 
  0x00, 0x00, 0x00, 0x00, 0x00, 0x00, 0x00, 0x00, 0x00, 0x00, 0x00, 0x00, 
  0x00, 0x00, 0x00, 0x00, 0x00, 0x00, 0x00, 0x00, 0x00, 0x00, 0x00, 0x00, 
  0x00, 0x00, 0x00, 0x00, 0x00, 0x00, 0x00, 0x00, 0x00, 0x00, 0x00, 0x00, 
  0x00, 0x00, 0x00, 0x00, 0x00, 0x00, 0x00, 0x00, 0x00, 0x00, 0x00, 0x00, 
  0x00, 0x00, 0x00, 0x00, 0x00, 0x00, 0x00, 0x00, 0x00, 0x00, 0x00, 0x00, 
  0x00, 0x00, 0x00, 0x00, 0x00, 0x00, 0x00, 0x00, 0x00, 0x00, 0x00, 0x00, 
  0x00, 0x00, 0x00, 0x00, 0x00, 0x00, 0x00, 0x00, 0x00, 0x00, 0x00, 0x00, 
  0x00, 0x00, 0x00, 0x00, 0x00, 0x00, 0x00, 0x00, 0x00, 0x00, 0x00, 0x00, 
  0x00, 0x00, 0x00, 0x00, 0x00, 0x00, 0x00, 0x00, 0x00, 0x00, 0x00, 0x00, 
  0x00, 0x00, 0x00, 0x00, 0x00, 0x00, 0x00, 0x00, 0x00, 0x00, 0x00, 0x00, 
  0x00, 0x00, 0x00, 0x00, 0x00, 0x00, 0x00, 0x00, 0x00, 0x00, 0x00, 0x00, 
  0x00, 0x00, 0x00, 0x00, 0x00, 0x00, 0x00, 0x00, 0x00, 0x00, 0x00, 0x00, 
  0x00, 0x00, 0x00, 0x00, 0x00, 0x00, 0x00, 0x00, 0x00, 0x00, 0x00, 0x00, 
  0x00, 0x00, 0x00, 0x00, 0x00, 0x00, 0x00, 0x00, 0x00, 0x00, 0x00, 0x00, 
  0x00, 0x00, 0x00, 0x00, 0x00, 0x00, 0x00, 0x00, 0x00, 0x00, 0x00, 0x00, 
  0x00, 0x00, 0x00, 0x00, 0x00, 0x00, 0x00, 0x00, 0x00, 0x00, 0x00, 0x00, 
  0x00, 0x00, 0x00, 0x00, 0x00, 0x00, 0x00, 0x00, 0x00, 0x00, 0x00, 0x00, 
  0x00, 0x00, 0x00, 0x00, 0x00, 0x00, 0x00, 0x00, 0x00, 0x00, 0x00, 0x00, 
  0x00, 0x00, 0x00, 0x00, 0x00, 0x00, 0x00, 0x00, 0x00, 0x00, 0x00, 0x00, 
  0x00, 0x00, 0x00, 0x00, 0x00, 0x00, 0x00, 0x00, 0x00, 0x00, 0x00, 0x00, 
  0x00, 0x00, 0x00, 0x00, 0x00, 0x00, 0x00, 0x00, 0x00, 0x00, 0x00, 0x00, 
  0x00, 0x00, 0x00, 0x00, 0x00, 0x00, 0x00, 0x00, 0x00, 0x00, 0x00, 0x00, 
  0x00, 0x00, 0x00, 0x00, 0x00, 0x00, 0x00, 0x00, 0x00, 0x00, 0x00, 0x00, 
  0x00, 0x00, 0x00, 0x00, 0x00, 0x00, 0x00, 0x00, 0x00, 0x00, 0x00, 0x00, 
  0x00, 0x00, 0x00, 0x00, 0x00, 0x00, 0x00, 0x00, 0x00, 0x00, 0x00, 0x00, 
  0x00, 0x00, 0x00, 0x00, 0x00, 0x00, 0x00, 0x00, 0x00, 0x00, 0x00, 0x00, 
  0x00, 0x00, 0x00, 0x00, 0x00, 0x00, 0x00, 0x00, 0x00, 0x00, 0x00, 0x00, 
  0x00, 0x00, 0x00, 0x00, 0x00, 0x00, 0x00, 0x00, 0x00, 0x00, 0x00, 0x00, 
  0x00, 0x00, 0x00, 0x00, 0x00, 0x00, 0x00, 0x00, 0x00, 0x00, 0x00, 0x00, 
  0x00, 0x00, 0x00, 0x00, 0x00, 0x00, 0x00, 0x00, 0x00, 0x00, 0x00, 0x00, 
  0x00, 0x00, 0x00, 0x00, 0x00, 0x00, 0x00, 0x00, 0x00, 0x00, 0x00, 0x00, 
  0x00, 0x00, 0x00, 0x00, 0x00, 0x00, 0x00, 0x00, 0x00, 0x00, 0x00, 0x00, 
  0x00, 0x00, 0x00, 0x00, 0x00, 0x00, 0x00, 0x00, 0x00, 0x00, 0x00, 0x00, 
  0x00, 0x00, 0x00, 0x00, 0x00, 0x00, 0x00, 0x00, 0x00, 0x00, 0x00, 0x00, 
  0x00, 0x00, 0x00, 0x00, 0x00, 0x00, 0x00, 0x00, 0x00, 0x00, 0x00, 0x01, 
  0x55, 0xad, 0x03, 0xf7, 0xbd, 0x04, 0xf7, 0xbd, 0x04, 0xf7, 0xbd, 0x04, 
  0xf7, 0xbd, 0x04, 0xf7, 0xbd, 0x04, 0xf7, 0xbd, 0x04, 0xf7, 0xbd, 0x04, 
  0xf7, 0xbd, 0x04, 0xf7, 0xbd, 0x04, 0xf7, 0xbd, 0x04, 0xf7, 0xbd, 0x04, 
  0xf7, 0xbd, 0x04, 0xf7, 0xbd, 0x04, 0xf7, 0xbd, 0x04, 0xf7, 0xbd, 0x04, 
  0xf7, 0xbd, 0x04, 0xf7, 0xbd, 0x04, 0xf7, 0xbd, 0x04, 0xf7, 0xbd, 0x04, 
  0xf7, 0xbd, 0x04, 0xf7, 0xbd, 0x04, 0xf7, 0xbd, 0x04, 0xf7, 0xbd, 0x04, 
  0xf7, 0xbd, 0x04, 0xf7, 0xbd, 0x04, 0xf7, 0xbd, 0x04, 0xf7, 0xbd, 0x04, 
  0xf7, 0xbd, 0x04, 0xf7, 0xbd, 0x04, 0xf7, 0xbd, 0x04, 0xf7, 0xbd, 0x04, 
  0xf7, 0xbd, 0x04, 0xf7, 0xbd, 0x04, 0xf7, 0xbd, 0x04, 0xf7, 0xbd, 0x04, 
  0xf7, 0xbd, 0x04, 0xf7, 0xbd, 0x04, 0xf7, 0x7d, 0x04, 0x55, 0xad, 0x03, 
  0xff, 0xff, 0x01, 0x00, 0x00, 0x00, 0x00, 0x00, 0x00, 0x00, 0x00, 0x00, 
  0x00, 0x00, 0x00, 0x00, 0x00, 0x00, 0x00, 0x00, 0x00, 0x00, 0x00, 0x00, 
  0x00, 0x00, 0x00, 0x00, 0x00, 0x00, 0x00, 0x00, 0x00, 0x00, 0x00, 0x00, 
  0x00, 0x00, 0x00, 0x00, 0x00, 0x00, 0x00, 0x00, 0x00, 0x00, 0x00, 0x00, 
  0x00, 0x00, 0x00, 0x00, 0x00, 0x00, 0x00, 0x00, 0x00, 0x00, 0x00, 0x00, 
  0x00, 0x00, 0x00, 0x00, 0x00, 0x00, 0x00, 0x00, 0x00, 0x00, 0x00, 0x00, 
  0x00, 0x00, 0x00, 0x00, 0x00, 0x00, 0x00, 0x00, 0x00, 0x00, 0x00, 0x00, 
  0x00, 0x00, 0x00, 0x00, 0x00, 0x00, 0x00, 0x00, 0x00, 0x00, 0x00, 0x00, 
  0x00, 0x00, 0x00, 0x00, 0x00, 0x00, 0x00, 0x00, 0x00, 0x00, 0x00, 0x00, 
  0x00, 0x00, 0x00, 0x00, 0x00, 0x00, 0x00, 0x00, 0x00, 0x00, 0x00, 0x00, 
  0x00, 0x00, 0x00, 0x00, 0x00, 0x00, 0x00, 0x00, 0x00, 0x00, 0x00, 0x00, 
  0x00, 0x00, 0x00, 0x00, 0x00, 0x00, 0x00, 0x00, 0x00, 0x00, 0x00, 0x00, 
  0x00, 0x00, 0x00, 0x00, 0x00, 0x00, 0x00, 0x00, 0x00, 0x00, 0x00, 0x00, 
  0x00, 0x00, 0x00, 0x00, 0x00, 0x00, 0x00, 0x00, 0x00, 0x00, 0x00, 0x00, 
  0x00, 0x00, 0x00, 0x00, 0x00, 0x00, 0x00, 0x00, 0x00, 0x00, 0x00, 0x00, 
  0x00, 0x00, 0x00, 0x00, 0x00, 0x00, 0x00, 0x00, 0x00, 0x00, 0x00, 0x00, 
  0x00, 0x00, 0x00, 0x00, 0x00, 0x00, 0x00, 0x00, 0x00, 0x00, 0x00, 0x00, 
  0x00, 0x00, 0x00, 0x00, 0x00, 0x00, 0x00, 0x00, 0x00, 0x00, 0x00, 0x00, 
  0x00, 0x00, 0x00, 0x00, 0x00, 0x00, 0x00, 0x00, 0x00, 0x00, 0x00, 0x00, 
  0x00, 0x00, 0x00, 0x00, 0x00, 0x00, 0x55, 0xad, 0x03, 0xff, 0x7b, 0x02, 
  0x00, 0x00, 0x00, 0x00, 0x00, 0x00, 0x00, 0x00, 0x00, 0x00, 0x00, 0x00, 
  0x00, 0x00, 0x00, 0x00, 0x00, 0x00, 0x00, 0x00, 0x00, 0x00, 0x00, 0x00, 
  0x00, 0x00, 0x00, 0x00, 0x00, 0x00, 0x00, 0x00, 0x00, 0x00, 0x00, 0x00, 
  0x00, 0x00, 0x00, 0x00, 0x00, 0x00, 0x00, 0x00, 0x00, 0x00, 0x00, 0x00, 
  0x00, 0x00, 0x00, 0x00, 0x00, 0x00, 0x00, 0x00, 0x00, 0x00, 0x00, 0x00, 
  0x00, 0x00, 0x00, 0x00, 0x00, 0x00, 0x00, 0x00, 0x00, 0x00, 0x00, 0x00, 
  0x00, 0x00, 0x00, 0x00, 0x00, 0x00, 0x00, 0x00, 0x00, 0x00, 0x00, 0x00, 
  0x00, 0x00, 0x00, 0x00, 0x00, 0x00, 0x00, 0x00, 0x00, 0x00, 0x00, 0x00, 
  0x00, 0x00, 0x00, 0x00, 0x00, 0x00, 0x00, 0x00, 0x00, 0x00, 0x00, 0x00, 
  0x00, 0x00, 0x00, 0x00, 0x00, 0x00, 0x00, 0x00, 0x00, 0x00, 0x00, 0x00, 
  0x00, 0xf8, 0x01, 0x55, 0x55, 0x03, 0x00, 0x00, 0x00, 0x00, 0x00, 0x00, 
  0x00, 0x00, 0x00, 0x00, 0x00, 0x00, 0x00, 0x00, 0x00, 0x00, 0x00, 0x00, 
  0x00, 0x00, 0x00, 0x00, 0x00, 0x00, 0x00, 0x00, 0x00, 0x00, 0x00, 0x00, 
  0x00, 0x00, 0x00, 0x00, 0x00, 0x00, 0x00, 0x00, 0x00, 0x00, 0x00, 0x00, 
  0x00, 0x00, 0x00, 0x00, 0x00, 0x00, 0x00, 0x00, 0x00, 0x00, 0x00, 0x00, 
  0x00, 0x00, 0x00, 0x00, 0x00, 0x00, 0x00, 0x00, 0x00, 0x00, 0x00, 0x00, 
  0x00, 0x00, 0x00, 0x00, 0x00, 0x00, 0x00, 0x00, 0x00, 0x00, 0x00, 0x00, 
  0x00, 0x00, 0x00, 0x00, 0x00, 0x00, 0x00, 0x00, 0x00, 0x00, 0x00, 0x00, 
  0x00, 0x00, 0x00, 0x00, 0x00, 0x00, 0x00, 0x00, 0x00, 0x00, 0x00, 0x00, 
  0x00, 0x00, 0x00, 0x00, 0x00, 0x00, 0x00, 0x00, 0x00, 0x00, 0x00, 0x00, 
  0x00, 0x00, 0x00, 0x00, 0x00, 0x00, 0x00, 0x00, 0x00, 0x00, 0x00, 0x00, 
  0x00, 0x00, 0x00, 0x00, 0x00, 0x00, 0x00, 0x00, 0x00, 0x00, 0x00, 0x00, 
  0x00, 0x00, 0x00, 0x00, 0x00, 0x00, 0x00, 0x00, 0x00, 0x00, 0x00, 0x00, 
  0x00, 0x00, 0x00, 0x00, 0x00, 0x00, 0x00, 0x00, 0x00, 0x00, 0x00, 0x00, 
  0x00, 0x00, 0x00, 0x00, 0x00, 0x00, 0x00, 0x00, 0x00, 0x00, 0x00, 0x00, 
  0x00, 0x00, 0x00, 0x00, 0x00, 0x00, 0x00, 0x00, 0x00, 0x00, 0x00, 0x00, 
  0x00, 0x00, 0x00, 0x00, 0x00, 0x00, 0x00, 0x00, 0x00, 0x00, 0x00, 0x00, 
  0x00, 0x00, 0x00, 0x00, 0x00, 0x00, 0x00, 0x00, 0x00, 0x00, 0x00, 0x00, 
  0x00, 0x00, 0x00, 0x00, 0x00, 0x00, 0x00, 0x00, 0x00, 0x00, 0x00, 0x00, 
  0x00, 0x00, 0x00, 0xef, 0x7b, 0x02, 0x00, 0x00, 0x00, 0x00, 0x00, 0x00, 
  0x56, 0xa5, 0x45, 0x36, 0xa5, 0x72, 0x36, 0x9d, 0x7e, 0x56, 0xa5, 0x7f, 
  0x56, 0x9d, 0x80, 0x36, 0x9d, 0x80, 0x35, 0x9d, 0x80, 0x35, 0x9d, 0x80, 
  0x36, 0x9d, 0x80, 0x35, 0x9d, 0x80, 0x35, 0x9d, 0x80, 0x35, 0x9d, 0x80, 
  0x35, 0x9d, 0x80, 0x35, 0x9d, 0x80, 0x35, 0x9d, 0x80, 0x35, 0x9d, 0x80, 
  0x35, 0x9d, 0x80, 0x35, 0x9d, 0x80, 0x35, 0x9d, 0x80, 0x35, 0x9d, 0x80, 
  0x15, 0x9d, 0x80, 0x35, 0x9d, 0x80, 0x35, 0x9d, 0x80, 0x35, 0x9d, 0x80, 
  0x15, 0x9d, 0x80, 0x15, 0x9d, 0x80, 0x15, 0x9d, 0x80, 0x15, 0x9d, 0x80, 
  0x15, 0x9d, 0x80, 0x15, 0x9d, 0x80, 0x15, 0x9d, 0x80, 0x15, 0x9d, 0x80, 
  0x15, 0x9d, 0x80, 0x15, 0x9d, 0x80, 0x15, 0x9d, 0x80, 0x15, 0x95, 0x80, 
  0x15, 0x9d, 0x7f, 0x14, 0x95, 0x7e, 0x14, 0x9d, 0x72, 0xf5, 0x94, 0x47, 
  0xff, 0x7f, 0x02, 0x00, 0x00, 0x00, 0xef, 0x7b, 0x02, 0x00, 0x00, 0x00, 
  0x00, 0x00, 0x00, 0x00, 0x00, 0x00, 0x00, 0x00, 0x00, 0x00, 0x00, 0x00, 
  0x00, 0x00, 0x00, 0x00, 0x00, 0x00, 0x00, 0x00, 0x00, 0x00, 0x00, 0x00, 
  0x00, 0x00, 0x00, 0x00, 0x00, 0x00, 0x00, 0x00, 0x00, 0x00, 0x00, 0x00, 
  0x00, 0x00, 0x00, 0x00, 0x00, 0x00, 0x00, 0x00, 0x00, 0x00, 0x00, 0x00, 
  0x00, 0x00, 0x00, 0x00, 0x00, 0x00, 0x00, 0x00, 0x00, 0x00, 0x00, 0x00, 
  0x00, 0x00, 0x00, 0x00, 0x00, 0x00, 0x00, 0x00, 0x00, 0x00, 0x00, 0x00, 
  0x00, 0x00, 0x00, 0x00, 0x00, 0x00, 0x00, 0x00, 0x00, 0x00, 0x00, 0x00, 
  0x00, 0x00, 0x00, 0x00, 0x00, 0x00, 0x00, 0x00, 0x00, 0x00, 0x00, 0x00, 
  0x00, 0x00, 0x00, 0x00, 0x00, 0x00, 0x00, 0x00, 0x00, 0x00, 0x00, 0x00, 
  0x00, 0x00, 0x00, 0x00, 0x00, 0x00, 0x00, 0x00, 0x00, 0x00, 0x00, 0x00, 
  0x00, 0x00, 0x00, 0x00, 0x00, 0x00, 0x00, 0x00, 0x00, 0x00, 0x00, 0x00, 
  0x00, 0x00, 0x00, 0x00, 0x00, 0x00, 0x00, 0x00, 0x00, 0x00, 0x00, 0x00, 
  0x00, 0x00, 0x00, 0x00, 0x00, 0x00, 0x00, 0x00, 0x00, 0x00, 0x00, 0x00, 
  0x00, 0x00, 0x00, 0x00, 0x00, 0x00, 0x00, 0x00, 0x00, 0x00, 0x00, 0x00, 
  0x00, 0x00, 0x00, 0x00, 0x00, 0x00, 0x00, 0x00, 0x00, 0x00, 0x00, 0x00, 
  0x00, 0x00, 0x00, 0x00, 0x00, 0x00, 0x00, 0x00, 0x00, 0x00, 0x00, 0x00, 
  0x00, 0x00, 0x00, 0x00, 0x00, 0x00, 0x00, 0x00, 0x00, 0x00, 0x00, 0x00, 
  0x00, 0x00, 0x00, 0x00, 0x00, 0x00, 0x00, 0x00, 0x00, 0x00, 0x00, 0x00, 
  0xff, 0xff, 0x02, 0x00, 0x00, 0x00, 0x16, 0xa5, 0x0e, 0x56, 0x9d, 0x62, 
  0x56, 0xa5, 0xca, 0x77, 0xa5, 0xff, 0xd8, 0xb5, 0xff, 0xf8, 0xb5, 0xff, 
  0xf8, 0xb5, 0xff, 0xd8, 0xb5, 0xff, 0xd8, 0xb5, 0xff, 0xd8, 0xb5, 0xff, 
  0xd8, 0xb5, 0xff, 0xd8, 0xb5, 0xff, 0xd8, 0xb5, 0xff, 0xd8, 0xb5, 0xff, 
  0xd8, 0xb5, 0xff, 0xd8, 0xb5, 0xff, 0xd8, 0xad, 0xff, 0xd8, 0xad, 0xff, 
  0xd8, 0xad, 0xff, 0xd8, 0xad, 0xff, 0xd8, 0xad, 0xff, 0xb8, 0xad, 0xff, 
  0xb8, 0xad, 0xff, 0xb8, 0xad, 0xff, 0xb8, 0xad, 0xff, 0xb8, 0xad, 0xff, 
  0xb8, 0xad, 0xff, 0xb7, 0xad, 0xff, 0xb7, 0xad, 0xff, 0xb7, 0xad, 0xff, 
  0xb7, 0xad, 0xff, 0xb7, 0xad, 0xff, 0xb7, 0xad, 0xff, 0xb7, 0xad, 0xff, 
  0xb7, 0xad, 0xff, 0xb7, 0xad, 0xff, 0xb7, 0xad, 0xff, 0xb7, 0xad, 0xff, 
  0x97, 0xad, 0xff, 0x97, 0xad, 0xff, 0x35, 0x9d, 0xff, 0x15, 0x9d, 0xcd, 
  0xf5, 0x9c, 0x6b, 0xd5, 0x9c, 0x0f, 0x00, 0x00, 0x00, 0xff, 0xff, 0x02, 
  0x00, 0x00, 0x00, 0x00, 0x00, 0x00, 0x00, 0x00, 0x00, 0x00, 0x00, 0x00, 
  0x00, 0x00, 0x00, 0x00, 0x00, 0x00, 0x00, 0x00, 0x00, 0x00, 0x00, 0x00, 
  0x00, 0x00, 0x00, 0x00, 0x00, 0x00, 0x00, 0x00, 0x00, 0x00, 0x00, 0x00, 
  0x00, 0x00, 0x00, 0x00, 0x00, 0x00, 0x00, 0x00, 0x00, 0x00, 0x00, 0x00, 
  0x00, 0x00, 0x00, 0x00, 0x00, 0x00, 0x00, 0x00, 0x00, 0x00, 0x00, 0x00, 
  0x00, 0x00, 0x00, 0x00, 0x00, 0x00, 0x00, 0x00, 0x00, 0x00, 0x00, 0x00, 
  0x00, 0x00, 0x00, 0x00, 0x00, 0x00, 0x00, 0x00, 0x00, 0x00, 0x00, 0x00, 
  0x00, 0x00, 0x00, 0x00, 0x00, 0x00, 0x00, 0x00, 0x00, 0x00, 0x00, 0x00, 
  0x00, 0x00, 0x00, 0x00, 0x00, 0x00, 0x00, 0x00, 0x00, 0x00, 0x00, 0x00, 
  0x00, 0x00, 0x00, 0x00, 0x00, 0x00, 0x00, 0x00, 0x00, 0x00, 0x00, 0x00, 
  0x00, 0x00, 0x00, 0x00, 0x00, 0x00, 0x00, 0x00, 0x00, 0x00, 0x00, 0x00, 
  0x00, 0x00, 0x00, 0x00, 0x00, 0x00, 0x00, 0x00, 0x00, 0x00, 0x00, 0x00, 
  0x00, 0x00, 0x00, 0x00, 0x00, 0x00, 0x00, 0x00, 0x00, 0x00, 0x00, 0x00, 
  0x00, 0x00, 0x00, 0x00, 0x00, 0x00, 0x00, 0x00, 0x00, 0x00, 0x00, 0x00, 
  0x00, 0x00, 0x00, 0x00, 0x00, 0x00, 0x00, 0x00, 0x00, 0x00, 0x00, 0x00, 
  0x00, 0x00, 0x00, 0x00, 0x00, 0x00, 0x00, 0x00, 0x00, 0x00, 0x00, 0x00, 
  0x00, 0x00, 0x00, 0x00, 0x00, 0x00, 0x00, 0x00, 0x00, 0x00, 0x00, 0x00, 
  0x00, 0x00, 0x00, 0x00, 0x00, 0x00, 0x00, 0x00, 0x00, 0x00, 0x00, 0x01, 
  0x55, 0xad, 0x03, 0xd3, 0x9c, 0x05, 0x36, 0x9d, 0x63, 0x76, 0xa5, 0xff, 
  0x76, 0xa5, 0xff, 0x56, 0x9d, 0xfb, 0x56, 0x9d, 0xfb, 0x56, 0x9d, 0xfb, 
  0x36, 0x9d, 0xfb, 0x36, 0x9d, 0xfb, 0x36, 0x9d, 0xfb, 0x36, 0x9d, 0xfb, 
  0x35, 0x9d, 0xfb, 0x35, 0x9d, 0xfb, 0x35, 0x9d, 0xfb, 0x35, 0x9d, 0xfb, 
  0x35, 0x9d, 0xfb, 0x35, 0x9d, 0xfb, 0x35, 0x9d, 0xfb, 0x35, 0x9d, 0xfb, 
  0x35, 0x9d, 0xfb, 0x35, 0x9d, 0xfb, 0x35, 0x9d, 0xfb, 0x35, 0x9d, 0xfb, 
  0x35, 0x9d, 0xfb, 0x15, 0x9d, 0xfb, 0x15, 0x9d, 0xfb, 0x15, 0x9d, 0xfb, 
  0x15, 0x9d, 0xfb, 0x15, 0x9d, 0xfb, 0x15, 0x9d, 0xfb, 0x15, 0x9d, 0xfb, 
  0x15, 0x9d, 0xfb, 0x15, 0x9d, 0xfb, 0x15, 0x9d, 0xfb, 0x15, 0x9d, 0xfb, 
  0x15, 0x9d, 0xfb, 0x15, 0x9d, 0xfb, 0x15, 0x9d, 0xfb, 0x15, 0x9d, 0xfb, 
  0x15, 0x9d, 0xfb, 0x15, 0x95, 0xfb, 0x15, 0x95, 0xfb, 0x15, 0x9d, 0xff, 
  0x15, 0x9d, 0xff, 0xf5, 0x94, 0x62, 0xf7, 0xbd, 0x04, 0x55, 0xad, 0x03, 
  0x00, 0x00, 0x01, 0x00, 0x00, 0x00, 0x00, 0x00, 0x00, 0x00, 0x00, 0x00, 
  0x00, 0x00, 0x00, 0x00, 0x00, 0x00, 0x00, 0x00, 0x00, 0x00, 0x00, 0x00, 
  0x00, 0x00, 0x00, 0x00, 0x00, 0x00, 0x00, 0x00, 0x00, 0x00, 0x00, 0x00, 
  0x00, 0x00, 0x00, 0x00, 0x00, 0x00, 0x00, 0x00, 0x00, 0x00, 0x00, 0x00, 
  0x00, 0x00, 0x00, 0x00, 0x00, 0x00, 0x00, 0x00, 0x00, 0x00, 0x00, 0x00, 
  0x00, 0x00, 0x00, 0x00, 0x00, 0x00, 0x00, 0x00, 0x00, 0x00, 0x00, 0x00, 
  0x00, 0x00, 0x00, 0x00, 0x00, 0x00, 0x00, 0x00, 0x00, 0x00, 0x00, 0x00, 
  0x00, 0x00, 0x00, 0x00, 0x00, 0x00, 0x00, 0x00, 0x00, 0x00, 0x00, 0x00, 
  0x00, 0x00, 0x00, 0x00, 0x00, 0x00, 0x00, 0x00, 0x00, 0x00, 0x00, 0x00, 
  0x00, 0x00, 0x00, 0x00, 0x00, 0x00, 0x00, 0x00, 0x00, 0x00, 0x00, 0x00, 
  0x00, 0x00, 0x00, 0x00, 0x00, 0x00, 0x00, 0x00, 0x00, 0x00, 0x00, 0x00, 
  0x00, 0x00, 0x00, 0x00, 0x00, 0x00, 0x00, 0x00, 0x00, 0x00, 0x00, 0x00, 
  0x00, 0x00, 0x00, 0x00, 0x00, 0x00, 0x00, 0x00, 0x00, 0x00, 0x00, 0x00, 
  0x00, 0x00, 0x00, 0x00, 0x00, 0x00, 0x00, 0x00, 0x00, 0x00, 0x00, 0x00, 
  0x00, 0x00, 0x00, 0x00, 0x00, 0x00, 0x00, 0x00, 0x00, 0x00, 0x00, 0x00, 
  0x00, 0x00, 0x00, 0x00, 0x00, 0x00, 0x00, 0x00, 0x00, 0x00, 0x00, 0x00, 
  0x00, 0x00, 0x00, 0x00, 0x00, 0x00, 0x00, 0x00, 0x00, 0x00, 0x00, 0x00, 
  0x00, 0x00, 0x00, 0x00, 0x00, 0x00, 0x00, 0x00, 0x00, 0x55, 0xad, 0x03, 
  0x00, 0x00, 0x00, 0x56, 0x9d, 0x45, 0x36, 0xa5, 0xcc, 0x76, 0xa5, 0xff, 
  0x56, 0xa5, 0xff, 0x56, 0xa5, 0xfe, 0x56, 0xa5, 0xff, 0x56, 0x9d, 0xff, 
  0x56, 0x9d, 0xff, 0x56, 0x9d, 0xff, 0x36, 0x9d, 0xff, 0x36, 0x9d, 0xff, 
  0x36, 0x9d, 0xff, 0x36, 0x9d, 0xff, 0x35, 0x9d, 0xff, 0x35, 0x9d, 0xff, 
  0x35, 0x9d, 0xff, 0x35, 0x9d, 0xff, 0x35, 0x9d, 0xff, 0x35, 0x9d, 0xff, 
  0x35, 0x9d, 0xff, 0x35, 0x9d, 0xff, 0x35, 0x9d, 0xff, 0x35, 0x9d, 0xff, 
  0x35, 0x9d, 0xff, 0x35, 0x9d, 0xff, 0x35, 0x9d, 0xff, 0x35, 0x9d, 0xff, 
  0x35, 0x9d, 0xff, 0x15, 0x9d, 0xff, 0x15, 0x9d, 0xff, 0x15, 0x9d, 0xff, 
  0x15, 0x9d, 0xff, 0x15, 0x9d, 0xff, 0x15, 0x9d, 0xff, 0x15, 0x9d, 0xff, 
  0x15, 0x9d, 0xff, 0x15, 0x9d, 0xff, 0x15, 0x9d, 0xff, 0x15, 0x9d, 0xff, 
  0x15, 0x9d, 0xff, 0x15, 0x9d, 0xff, 0xf4, 0x9c, 0xfe, 0x15, 0x9d, 0xff, 
  0x35, 0x9d, 0xff, 0x14, 0x95, 0xca, 0x14, 0x95, 0x44, 0x00, 0x00, 0x00, 
  0x55, 0xad, 0x03, 0x00, 0x00, 0x00, 0x00, 0x00, 0x00, 0x00, 0x00, 0x00, 
  0x00, 0x00, 0x00, 0x00, 0x00, 0x00, 0x00, 0x00, 0x00, 0x00, 0x00, 0x00, 
  0x00, 0x00, 0x00, 0x00, 0x00, 0x00, 0x00, 0x00, 0x00, 0x00, 0x00, 0x00, 
  0x00, 0x00, 0x00, 0x00, 0x00, 0x00, 0x00, 0x00, 0x00, 0x00, 0x00, 0x00, 
  0x00, 0x00, 0x00, 0x00, 0x00, 0x00, 0x00, 0x00, 0x00, 0x00, 0x00, 0x00, 
  0x00, 0x00, 0x00, 0x00, 0x00, 0x00, 0x00, 0x00, 0x00, 0x00, 0x00, 0x00, 
  0x00, 0x00, 0x00, 0x00, 0x00, 0x00, 0x00, 0x00, 0x00, 0x00, 0x00, 0x00, 
  0x00, 0x00, 0x00, 0x00, 0x00, 0x00, 0x00, 0x00, 0x00, 0x00, 0x00, 0x00, 
  0x00, 0x00, 0x00, 0x00, 0x00, 0x00, 0x00, 0x00, 0x00, 0x00, 0x00, 0x00, 
  0x00, 0x00, 0x00, 0x00, 0x00, 0x00, 0x00, 0x00, 0x00, 0x00, 0x00, 0x00, 
  0x00, 0x00, 0x00, 0x00, 0x00, 0x00, 0x00, 0x00, 0x00, 0x00, 0x00, 0x00, 
  0x00, 0x00, 0x00, 0x00, 0x00, 0x00, 0x00, 0x00, 0x00, 0x00, 0x00, 0x00, 
  0x00, 0x00, 0x00, 0x00, 0x00, 0x00, 0x00, 0x00, 0x00, 0x00, 0x00, 0x00, 
  0x00, 0x00, 0x00, 0x00, 0x00, 0x00, 0x00, 0x00, 0x00, 0x00, 0x00, 0x00, 
  0x00, 0x00, 0x00, 0x00, 0x00, 0x00, 0x00, 0x00, 0x00, 0x00, 0x00, 0x00, 
  0x00, 0x00, 0x00, 0x00, 0x00, 0x00, 0x00, 0x00, 0x00, 0x00, 0x00, 0x00, 
  0x00, 0x00, 0x00, 0x00, 0x00, 0x00, 0x00, 0x00, 0x00, 0x00, 0x00, 0x00, 
  0x00, 0x00, 0x00, 0x00, 0x00, 0x00, 0x00, 0x00, 0x00, 0xf7, 0xbd, 0x04, 
  0x00, 0x00, 0x00, 0x36, 0xa5, 0x71, 0x77, 0xa5, 0xfc, 0x56, 0xa5, 0xfb, 
  0x56, 0xa5, 0xfe, 0x56, 0x9d, 0xff, 0x56, 0x9d, 0xff, 0x56, 0x9d, 0xff, 
  0x56, 0x9d, 0xff, 0x36, 0x9d, 0xff, 0x36, 0x9d, 0xff, 0x36, 0x9d, 0xff, 
  0x36, 0x9d, 0xff, 0x35, 0x9d, 0xff, 0x35, 0x9d, 0xff, 0x35, 0x9d, 0xff, 
  0x35, 0x9d, 0xff, 0x35, 0x9d, 0xff, 0x35, 0x9d, 0xff, 0x35, 0x9d, 0xff, 
  0x35, 0x9d, 0xff, 0x35, 0x9d, 0xff, 0x35, 0x9d, 0xff, 0x35, 0x9d, 0xff, 
  0x35, 0x9d, 0xff, 0x35, 0x9d, 0xff, 0x35, 0x9d, 0xff, 0x15, 0x9d, 0xff, 
  0x15, 0x9d, 0xff, 0x15, 0x9d, 0xff, 0x15, 0x9d, 0xff, 0x15, 0x9d, 0xff, 
  0x15, 0x9d, 0xff, 0x15, 0x9d, 0xff, 0x15, 0x9d, 0xff, 0x15, 0x9d, 0xff, 
  0x15, 0x9d, 0xff, 0x15, 0x9d, 0xff, 0x15, 0x9d, 0xff, 0x15, 0x9d, 0xff, 
  0x15, 0x9d, 0xff, 0x15, 0x9d, 0xff, 0xf4, 0x9c, 0xff, 0x15, 0x95, 0xfe, 
  0xf4, 0x94, 0xfb, 0x35, 0x9d, 0xfc, 0xf4, 0x9c, 0x70, 0x00, 0x00, 0x00, 
  0xf7, 0x7d, 0x04, 0x00, 0x00, 0x00, 0x00, 0x00, 0x00, 0x00, 0x00, 0x00, 
  0x00, 0x00, 0x00, 0x00, 0x00, 0x00, 0x00, 0x00, 0x00, 0x00, 0x00, 0x00, 
  0x00, 0x00, 0x00, 0x00, 0x00, 0x00, 0x00, 0x00, 0x00, 0x00, 0x00, 0x00, 
  0x00, 0x00, 0x00, 0x00, 0x00, 0x00, 0x00, 0x00, 0x00, 0x00, 0x00, 0x00, 
  0x00, 0x00, 0x00, 0x00, 0x00, 0x00, 0x00, 0x00, 0x00, 0x00, 0x00, 0x00, 
  0x00, 0x00, 0x00, 0x00, 0x00, 0x00, 0x00, 0x00, 0x00, 0x00, 0x00, 0x00, 
  0x00, 0x00, 0x00, 0x00, 0x00, 0x00, 0x00, 0x00, 0x00, 0x00, 0x00, 0x00, 
  0x00, 0x00, 0x00, 0x00, 0x00, 0x00, 0x00, 0x00, 0x00, 0x00, 0x00, 0x00, 
  0x00, 0x00, 0x00, 0x00, 0x00, 0x00, 0x00, 0x00, 0x00, 0x00, 0x00, 0x00, 
  0x00, 0x00, 0x00, 0x00, 0x00, 0x00, 0x00, 0x00, 0x00, 0x00, 0x00, 0x00, 
  0x00, 0x00, 0x00, 0x00, 0x00, 0x00, 0x00, 0x00, 0x00, 0x00, 0x00, 0x00, 
  0x00, 0x00, 0x00, 0x00, 0x00, 0x00, 0x00, 0x00, 0x00, 0x00, 0x00, 0x00, 
  0x00, 0x00, 0x00, 0x00, 0x00, 0x00, 0x00, 0x00, 0x00, 0x00, 0x00, 0x00, 
  0x00, 0x00, 0x00, 0x00, 0x00, 0x00, 0x00, 0x00, 0x00, 0x00, 0x00, 0x00, 
  0x00, 0x00, 0x00, 0x00, 0x00, 0x00, 0x00, 0x00, 0x00, 0x00, 0x00, 0x00, 
  0x00, 0x00, 0x00, 0x00, 0x00, 0x00, 0x00, 0x00, 0x00, 0x00, 0x00, 0x00, 
  0x00, 0x00, 0x00, 0x00, 0x00, 0x00, 0x00, 0x00, 0x00, 0x00, 0x00, 0x00, 
  0x00, 0x00, 0x00, 0x00, 0x00, 0x00, 0x00, 0x00, 0x00, 0xf7, 0xbd, 0x04, 
  0x00, 0x00, 0x00, 0x36, 0x9d, 0x7f, 0xd8, 0xb5, 0xff, 0x56, 0x9d, 0xfb, 
  0x56, 0x9d, 0xff, 0x56, 0x9d, 0xff, 0x56, 0x9d, 0xff, 0x56, 0x9d, 0xff, 
  0x56, 0x9d, 0xff, 0x36, 0x9d, 0xff, 0x36, 0x9d, 0xff, 0x36, 0x9d, 0xff, 
  0x35, 0x9d, 0xff, 0x35, 0x9d, 0xff, 0x35, 0x9d, 0xff, 0x35, 0x9d, 0xff, 
  0x35, 0x9d, 0xff, 0x35, 0x9d, 0xff, 0x35, 0x9d, 0xff, 0x35, 0x9d, 0xff, 
  0x35, 0x9d, 0xff, 0x35, 0x9d, 0xff, 0x35, 0x9d, 0xff, 0x35, 0x9d, 0xff, 
  0x35, 0x9d, 0xff, 0x35, 0x9d, 0xff, 0x35, 0x9d, 0xff, 0x15, 0x9d, 0xff, 
  0x15, 0x9d, 0xff, 0x15, 0x9d, 0xff, 0x15, 0x9d, 0xff, 0x15, 0x9d, 0xff, 
  0x15, 0x9d, 0xff, 0x15, 0x9d, 0xff, 0x15, 0x9d, 0xff, 0x15, 0x9d, 0xff, 
  0x15, 0x9d, 0xff, 0x15, 0x9d, 0xff, 0x15, 0x9d, 0xff, 0x15, 0x9d, 0xff, 
  0x15, 0x9d, 0xff, 0x15, 0x9d, 0xff, 0x15, 0x95, 0xff, 0xf4, 0x94, 0xff, 
  0xf4, 0x94, 0xfb, 0x77, 0xa5, 0xff, 0xf4, 0x94, 0x7e, 0x00, 0x00, 0x00, 
  0xf7, 0x7d, 0x04, 0x00, 0x00, 0x00, 0x00, 0x00, 0x00, 0x00, 0x00, 0x00, 
  0x00, 0x00, 0x00, 0x00, 0x00, 0x00, 0x00, 0x00, 0x00, 0x00, 0x00, 0x00, 
  0x00, 0x00, 0x00, 0x00, 0x00, 0x00, 0x00, 0x00, 0x00, 0x00, 0x00, 0x00, 
  0x00, 0x00, 0x00, 0x00, 0x00, 0x00, 0x00, 0x00, 0x00, 0x00, 0x00, 0x00, 
  0x00, 0x00, 0x00, 0x00, 0x00, 0x00, 0x00, 0x00, 0x00, 0x00, 0x00, 0x00, 
  0x00, 0x00, 0x00, 0x00, 0x00, 0x00, 0x00, 0x00, 0x00, 0x00, 0x00, 0x00, 
  0x00, 0x00, 0x00, 0x00, 0x00, 0x00, 0x00, 0x00, 0x00, 0x00, 0x00, 0x00, 
  0x00, 0x00, 0x00, 0x00, 0x00, 0x00, 0x00, 0x00, 0x00, 0x00, 0x00, 0x00, 
  0x00, 0x00, 0x00, 0x00, 0x00, 0x00, 0x00, 0x00, 0x00, 0x00, 0x00, 0x00, 
  0x00, 0x00, 0x00, 0x00, 0x00, 0x00, 0x00, 0x00, 0x00, 0x00, 0x00, 0x00, 
  0x00, 0x00, 0x00, 0x00, 0x00, 0x00, 0x00, 0x00, 0x00, 0x00, 0x00, 0x00, 
  0x00, 0x00, 0x00, 0x00, 0x00, 0x00, 0x00, 0x00, 0x00, 0x00, 0x00, 0x00, 
  0x00, 0x00, 0x00, 0x00, 0x00, 0x00, 0x00, 0x00, 0x00, 0x00, 0x00, 0x00, 
  0x00, 0x00, 0x00, 0x00, 0x00, 0x00, 0x00, 0x00, 0x00, 0x00, 0x00, 0x00, 
  0x00, 0x00, 0x00, 0x00, 0x00, 0x00, 0x00, 0x00, 0x00, 0x00, 0x00, 0x00, 
  0x00, 0x00, 0x00, 0x00, 0x00, 0x00, 0x00, 0x00, 0x00, 0x00, 0x00, 0x00, 
  0x00, 0x00, 0x00, 0x00, 0x00, 0x00, 0x00, 0x00, 0x00, 0x00, 0x00, 0x00, 
  0x00, 0x00, 0x00, 0x00, 0x00, 0x00, 0x00, 0x00, 0x00, 0xf7, 0xbd, 0x04, 
  0x00, 0x00, 0x00, 0x56, 0x9d, 0x80, 0xf8, 0xb5, 0xfe, 0x36, 0x9d, 0xfb, 
  0x56, 0x9d, 0xff, 0x56, 0x9d, 0xff, 0x56, 0x9d, 0xff, 0x56, 0x9d, 0xff, 
  0x36, 0x9d, 0xff, 0x36, 0x9d, 0xff, 0x35, 0x9d, 0xff, 0x35, 0x9d, 0xff, 
  0x35, 0x9d, 0xff, 0x35, 0x9d, 0xff, 0x35, 0x9d, 0xff, 0x35, 0x9d, 0xff, 
  0x35, 0x9d, 0xff, 0x35, 0x9d, 0xff, 0x35, 0x9d, 0xff, 0x35, 0x9d, 0xff, 
  0x35, 0x9d, 0xff, 0x35, 0x9d, 0xff, 0x35, 0x9d, 0xff, 0x35, 0x9d, 0xff, 
  0x35, 0x9d, 0xff, 0x15, 0x9d, 0xff, 0x15, 0x9d, 0xff, 0x15, 0x9d, 0xff, 
  0x15, 0x9d, 0xff, 0x15, 0x9d, 0xff, 0x15, 0x9d, 0xff, 0x15, 0x9d, 0xff, 
  0x15, 0x9d, 0xff, 0x15, 0x9d, 0xff, 0x15, 0x9d, 0xff, 0x15, 0x9d, 0xff, 
  0x15, 0x9d, 0xff, 0x15, 0x9d, 0xff, 0x15, 0x9d, 0xff, 0x15, 0x9d, 0xff, 
  0x15, 0x9d, 0xff, 0x15, 0x9d, 0xff, 0x15, 0x95, 0xff, 0xf4, 0x94, 0xff, 
  0xf4, 0x94, 0xfb, 0x97, 0xa5, 0xfe, 0xf4, 0x94, 0x80, 0x00, 0x00, 0x00, 
  0xf7, 0xbd, 0x04, 0x00, 0x00, 0x00, 0x00, 0x00, 0x00, 0x00, 0x00, 0x00, 
  0x00, 0x00, 0x00, 0x00, 0x00, 0x00, 0x00, 0x00, 0x00, 0x00, 0x00, 0x00, 
  0x00, 0x00, 0x00, 0x00, 0x00, 0x00, 0x00, 0x00, 0x00, 0x00, 0x00, 0x00, 
  0x00, 0x00, 0x00, 0x00, 0x00, 0x00, 0x00, 0x00, 0x00, 0x00, 0x00, 0x00, 
  0x00, 0x00, 0x00, 0x00, 0x00, 0x00, 0x00, 0x00, 0x00, 0x00, 0x00, 0x00, 
  0x00, 0x00, 0x00, 0x00, 0x00, 0x00, 0x00, 0x00, 0x00, 0x00, 0x00, 0x00, 
  0x00, 0x00, 0x00, 0x00, 0x00, 0x00, 0x00, 0x00, 0x00, 0x00, 0x00, 0x00, 
  0x00, 0x00, 0x00, 0x00, 0x00, 0x00, 0x00, 0x00, 0x00, 0x00, 0x00, 0x00, 
  0x00, 0x00, 0x00, 0x00, 0x00, 0x00, 0x00, 0x00, 0x00, 0x00, 0x00, 0x00, 
  0x00, 0x00, 0x00, 0x00, 0x00, 0x00, 0x00, 0x00, 0x00, 0x00, 0x00, 0x00, 
  0x00, 0x00, 0x00, 0x00, 0x00, 0x00, 0x00, 0x00, 0x00, 0x00, 0x00, 0x00, 
  0x00, 0x00, 0x00, 0x00, 0x00, 0x00, 0x00, 0x00, 0x00, 0x00, 0x00, 0x00, 
  0x00, 0x00, 0x00, 0x00, 0x00, 0x00, 0x00, 0x00, 0x00, 0x00, 0x00, 0x00, 
  0x00, 0x00, 0x00, 0x00, 0x00, 0x00, 0x00, 0x00, 0x00, 0x00, 0x00, 0x00, 
  0x00, 0x00, 0x00, 0x00, 0x00, 0x00, 0x00, 0x00, 0x00, 0x00, 0x00, 0x00, 
  0x00, 0x00, 0x00, 0x00, 0x00, 0x00, 0x00, 0x00, 0x00, 0x00, 0x00, 0x00, 
  0x00, 0x00, 0x00, 0x00, 0x00, 0x00, 0x00, 0x00, 0x00, 0x00, 0x00, 0x00, 
  0x00, 0x00, 0x00, 0x00, 0x00, 0x00, 0x00, 0x00, 0x00, 0xf7, 0xbd, 0x04, 
  0x00, 0x00, 0x00, 0x36, 0x9d, 0x80, 0xd8, 0xb5, 0xff, 0x36, 0x9d, 0xfb, 
  0x56, 0x9d, 0xff, 0x56, 0x9d, 0xff, 0x56, 0x9d, 0xff, 0x36, 0x9d, 0xff, 
  0x36, 0x9d, 0xff, 0x35, 0x9d, 0xff, 0x35, 0x9d, 0xff, 0x35, 0x9d, 0xff, 
  0x35, 0x9d, 0xff, 0x35, 0x9d, 0xff, 0x35, 0x9d, 0xff, 0x35, 0x9d, 0xff, 
  0x35, 0x9d, 0xff, 0x35, 0x9d, 0xff, 0x35, 0x9d, 0xff, 0x35, 0x9d, 0xff, 
  0x35, 0x9d, 0xff, 0x35, 0x9d, 0xff, 0x35, 0x9d, 0xff, 0x35, 0x9d, 0xff, 
  0x15, 0x9d, 0xff, 0x15, 0x9d, 0xff, 0x15, 0x9d, 0xff, 0x15, 0x9d, 0xff, 
  0x15, 0x9d, 0xff, 0x15, 0x9d, 0xff, 0x15, 0x9d, 0xff, 0x15, 0x9d, 0xff, 
  0x15, 0x9d, 0xff, 0x15, 0x9d, 0xff, 0x15, 0x9d, 0xff, 0x15, 0x9d, 0xff, 
  0x15, 0x9d, 0xff, 0x15, 0x9d, 0xff, 0x15, 0x9d, 0xff, 0x15, 0x95, 0xff, 
  0x15, 0x95, 0xff, 0x15, 0x95, 0xff, 0xf4, 0x94, 0xff, 0xf4, 0x94, 0xff, 
  0xf4, 0x94, 0xfb, 0x97, 0xa5, 0xff, 0xf4, 0x94, 0x80, 0x00, 0x00, 0x00, 
  0xf7, 0xbd, 0x04, 0x00, 0x00, 0x00, 0x00, 0x00, 0x00, 0x00, 0x00, 0x00, 
  0x00, 0x00, 0x00, 0x00, 0x00, 0x00, 0x00, 0x00, 0x00, 0x00, 0x00, 0x00, 
  0x00, 0x00, 0x00, 0x00, 0x00, 0x00, 0x00, 0x00, 0x00, 0x00, 0x00, 0x00, 
  0x00, 0x00, 0x00, 0x00, 0x00, 0x00, 0x00, 0x00, 0x00, 0x00, 0x00, 0x00, 
  0x00, 0x00, 0x00, 0x00, 0x00, 0x00, 0x00, 0x00, 0x00, 0x00, 0x00, 0x00, 
  0x00, 0x00, 0x00, 0x00, 0x00, 0x00, 0x00, 0x00, 0x00, 0x00, 0x00, 0x00, 
  0x00, 0x00, 0x00, 0x00, 0x00, 0x00, 0x00, 0x00, 0x00, 0x00, 0x00, 0x00, 
  0x00, 0x00, 0x00, 0x00, 0x00, 0x00, 0x00, 0x00, 0x00, 0x00, 0x00, 0x00, 
  0x00, 0x00, 0x00, 0x00, 0x00, 0x00, 0x00, 0x00, 0x00, 0x00, 0x00, 0x00, 
  0x00, 0x00, 0x00, 0x00, 0x00, 0x00, 0x00, 0x00, 0x00, 0x00, 0x00, 0x00, 
  0x00, 0x00, 0x00, 0x00, 0x00, 0x00, 0x00, 0x00, 0x00, 0x00, 0x00, 0x00, 
  0x00, 0x00, 0x00, 0x00, 0x00, 0x00, 0x00, 0x00, 0x00, 0x00, 0x00, 0x00, 
  0x00, 0x00, 0x00, 0x00, 0x00, 0x00, 0x00, 0x00, 0x00, 0x00, 0x00, 0x00, 
  0x00, 0x00, 0x00, 0x00, 0x00, 0x00, 0x00, 0x00, 0x00, 0x00, 0x00, 0x00, 
  0x00, 0x00, 0x00, 0x00, 0x00, 0x00, 0x00, 0x00, 0x00, 0x00, 0x00, 0x00, 
  0x00, 0x00, 0x00, 0x00, 0x00, 0x00, 0x00, 0x00, 0x00, 0x00, 0x00, 0x00, 
  0x00, 0x00, 0x00, 0x00, 0x00, 0x00, 0x00, 0x00, 0x00, 0x00, 0x00, 0x00, 
  0x00, 0x00, 0x00, 0x00, 0x00, 0x00, 0x00, 0x00, 0x00, 0xf7, 0xbd, 0x04, 
  0x00, 0x00, 0x00, 0x35, 0x9d, 0x80, 0xd8, 0xb5, 0xff, 0x36, 0x9d, 0xfb, 
  0x36, 0x9d, 0xff, 0x36, 0x9d, 0xff, 0x36, 0x9d, 0xff, 0x36, 0x9d, 0xff, 
  0x35, 0x9d, 0xff, 0x35, 0x9d, 0xff, 0x35, 0x9d, 0xff, 0x35, 0x9d, 0xff, 
  0x35, 0x9d, 0xff, 0x35, 0x9d, 0xff, 0x35, 0x9d, 0xff, 0x35, 0x9d, 0xff, 
  0x35, 0x9d, 0xff, 0x35, 0x9d, 0xff, 0x35, 0x9d, 0xff, 0x35, 0x9d, 0xff, 
  0x35, 0x9d, 0xff, 0x35, 0x9d, 0xff, 0x35, 0x9d, 0xff, 0x15, 0x9d, 0xff, 
  0x15, 0x9d, 0xff, 0x15, 0x9d, 0xff, 0x15, 0x9d, 0xff, 0x15, 0x9d, 0xff, 
  0x15, 0x9d, 0xff, 0x15, 0x9d, 0xff, 0x15, 0x9d, 0xff, 0x15, 0x9d, 0xff, 
  0x15, 0x9d, 0xff, 0x15, 0x9d, 0xff, 0x15, 0x9d, 0xff, 0x15, 0x9d, 0xff, 
  0x15, 0x9d, 0xff, 0x15, 0x9d, 0xff, 0x15, 0x95, 0xff, 0x14, 0x95, 0xff, 
  0xf4, 0x94, 0xff, 0xf4, 0x94, 0xff, 0xf4, 0x94, 0xff, 0xf4, 0x94, 0xff, 
  0xf4, 0x94, 0xfb, 0x97, 0xa5, 0xff, 0xf4, 0x94, 0x80, 0x00, 0x00, 0x00, 
  0xf7, 0xbd, 0x04, 0x00, 0x00, 0x00, 0x00, 0x00, 0x00, 0x00, 0x00, 0x00, 
  0x00, 0x00, 0x00, 0x00, 0x00, 0x00, 0x00, 0x00, 0x00, 0x00, 0x00, 0x00, 
  0x00, 0x00, 0x00, 0x00, 0x00, 0x00, 0x00, 0x00, 0x00, 0x00, 0x00, 0x00, 
  0x00, 0x00, 0x00, 0x00, 0x00, 0x00, 0x00, 0x00, 0x00, 0x00, 0x00, 0x00, 
  0x00, 0x00, 0x00, 0x00, 0x00, 0x00, 0x00, 0x00, 0x00, 0x00, 0x00, 0x00, 
  0x00, 0x00, 0x00, 0x00, 0x00, 0x00, 0x00, 0x00, 0x00, 0x00, 0x00, 0x00, 
  0x00, 0x00, 0x00, 0x00, 0x00, 0x00, 0x00, 0x00, 0x00, 0x00, 0x00, 0x00, 
  0x00, 0x00, 0x00, 0x00, 0x00, 0x00, 0x00, 0x00, 0x00, 0x00, 0x00, 0x00, 
  0x00, 0x00, 0x00, 0x00, 0x00, 0x00, 0x00, 0x00, 0x00, 0x00, 0x00, 0x00, 
  0x00, 0x00, 0x00, 0x00, 0x00, 0x00, 0x00, 0x00, 0x00, 0x00, 0x00, 0x00, 
  0x00, 0x00, 0x00, 0x00, 0x00, 0x00, 0x00, 0x00, 0x00, 0x00, 0x00, 0x00, 
  0x00, 0x00, 0x00, 0x00, 0x00, 0x00, 0x00, 0x00, 0x00, 0x00, 0x00, 0x00, 
  0x00, 0x00, 0x00, 0x00, 0x00, 0x00, 0x00, 0x00, 0x00, 0x00, 0x00, 0x00, 
  0x00, 0x00, 0x00, 0x00, 0x00, 0x00, 0x00, 0x00, 0x00, 0x00, 0x00, 0x00, 
  0x00, 0x00, 0x00, 0x00, 0x00, 0x00, 0x00, 0x00, 0x00, 0x00, 0x00, 0x00, 
  0x00, 0x00, 0x00, 0x00, 0x00, 0x00, 0x00, 0x00, 0x00, 0x00, 0x00, 0x00, 
  0x00, 0x00, 0x00, 0x00, 0x00, 0x00, 0x00, 0x00, 0x00, 0x00, 0x00, 0x00, 
  0x00, 0x00, 0x00, 0x00, 0x00, 0x00, 0x00, 0x00, 0x00, 0xf7, 0xbd, 0x04, 
  0x00, 0x00, 0x00, 0x35, 0x9d, 0x80, 0xd8, 0xb5, 0xff, 0x35, 0x9d, 0xfb, 
  0x36, 0x9d, 0xff, 0x35, 0x9d, 0xff, 0x35, 0x9d, 0xff, 0x35, 0x9d, 0xff, 
  0x35, 0x9d, 0xff, 0x35, 0x9d, 0xff, 0x35, 0x9d, 0xff, 0x35, 0x9d, 0xff, 
  0x35, 0x9d, 0xff, 0x35, 0x9d, 0xff, 0x35, 0x9d, 0xff, 0x35, 0x9d, 0xff, 
  0x35, 0x9d, 0xff, 0x35, 0x9d, 0xff, 0x35, 0x9d, 0xff, 0x35, 0x9d, 0xff, 
  0x15, 0x9d, 0xff, 0x15, 0x9d, 0xff, 0x15, 0x9d, 0xff, 0x15, 0x9d, 0xff, 
  0x15, 0x9d, 0xff, 0x15, 0x9d, 0xff, 0x15, 0x9d, 0xff, 0x15, 0x9d, 0xff, 
  0x15, 0x9d, 0xff, 0x15, 0x9d, 0xff, 0x15, 0x9d, 0xff, 0x15, 0x9d, 0xff, 
  0x15, 0x9d, 0xff, 0x15, 0x9d, 0xff, 0x15, 0x9d, 0xff, 0x15, 0x9d, 0xff, 
  0x15, 0x9d, 0xff, 0x15, 0x95, 0xff, 0xf4, 0x94, 0xff, 0xf4, 0x94, 0xff, 
  0xf4, 0x94, 0xff, 0xf4, 0x94, 0xff, 0xf4, 0x94, 0xff, 0xf4, 0x94, 0xff, 
  0xf4, 0x94, 0xfb, 0x97, 0xa5, 0xff, 0xf4, 0x94, 0x80, 0x00, 0x00, 0x00, 
  0xf7, 0xbd, 0x04, 0x00, 0x00, 0x00, 0x00, 0x00, 0x00, 0x00, 0x00, 0x00, 
  0x00, 0x00, 0x00, 0x00, 0x00, 0x00, 0x00, 0x00, 0x00, 0x00, 0x00, 0x00, 
  0x00, 0x00, 0x00, 0x00, 0x00, 0x00, 0x00, 0x00, 0x00, 0x00, 0x00, 0x00, 
  0x00, 0x00, 0x00, 0x00, 0x00, 0x00, 0x00, 0x00, 0x00, 0x00, 0x00, 0x00, 
  0x00, 0x00, 0x00, 0x00, 0x00, 0x00, 0x00, 0x00, 0x00, 0x00, 0x00, 0x00, 
  0x00, 0x00, 0x00, 0x00, 0x00, 0x00, 0x00, 0x00, 0x00, 0x00, 0x00, 0x00, 
  0x00, 0x00, 0x00, 0x00, 0x00, 0x00, 0x00, 0x00, 0x00, 0x00, 0x00, 0x00, 
  0x00, 0x00, 0x00, 0x00, 0x00, 0x00, 0x00, 0x00, 0x00, 0x00, 0x00, 0x00, 
  0x00, 0x00, 0x00, 0x00, 0x00, 0x00, 0x00, 0x00, 0x00, 0x00, 0x00, 0x00, 
  0x00, 0x00, 0x00, 0x00, 0x00, 0x00, 0x00, 0x00, 0x00, 0x00, 0x00, 0x00, 
  0x00, 0x00, 0x00, 0x00, 0x00, 0x00, 0x00, 0x00, 0x00, 0x00, 0x00, 0x00, 
  0x00, 0x00, 0x00, 0x00, 0x00, 0x00, 0x00, 0x00, 0x00, 0x00, 0x00, 0x00, 
  0x00, 0x00, 0x00, 0x00, 0x00, 0x00, 0x00, 0x00, 0x00, 0x00, 0x00, 0x00, 
  0x00, 0x00, 0x00, 0x00, 0x00, 0x00, 0x00, 0x00, 0x00, 0x00, 0x00, 0x00, 
  0x00, 0x00, 0x00, 0x00, 0x00, 0x00, 0x00, 0x00, 0x00, 0x00, 0x00, 0x00, 
  0x00, 0x00, 0x00, 0x00, 0x00, 0x00, 0x00, 0x00, 0x00, 0x00, 0x00, 0x00, 
  0x00, 0x00, 0x00, 0x00, 0x00, 0x00, 0x00, 0x00, 0x00, 0x00, 0x00, 0x00, 
  0x00, 0x00, 0x00, 0x00, 0x00, 0x00, 0x00, 0x00, 0x00, 0xf7, 0xbd, 0x04, 
  0x00, 0x00, 0x00, 0x35, 0x9d, 0x80, 0xd8, 0xb5, 0xff, 0x35, 0x9d, 0xfb, 
  0x36, 0x9d, 0xff, 0x35, 0x9d, 0xff, 0x35, 0x9d, 0xff, 0x35, 0x9d, 0xff, 
  0x35, 0x9d, 0xff, 0x35, 0x9d, 0xff, 0x35, 0x9d, 0xff, 0x35, 0x9d, 0xff, 
  0x35, 0x9d, 0xff, 0x35, 0x9d, 0xff, 0x35, 0x9d, 0xff, 0x35, 0x9d, 0xff, 
  0x35, 0x9d, 0xff, 0x35, 0x9d, 0xff, 0x35, 0x9d, 0xff, 0x35, 0x9d, 0xff, 
  0x15, 0x9d, 0xff, 0x15, 0x9d, 0xff, 0x15, 0x9d, 0xff, 0x15, 0x9d, 0xff, 
  0x15, 0x9d, 0xff, 0x15, 0x9d, 0xff, 0x15, 0x9d, 0xff, 0x15, 0x9d, 0xff, 
  0x15, 0x9d, 0xff, 0x15, 0x9d, 0xff, 0x15, 0x9d, 0xff, 0x15, 0x9d, 0xff, 
  0x15, 0x9d, 0xff, 0x15, 0x9d, 0xff, 0x15, 0x9d, 0xff, 0x15, 0x9d, 0xff, 
  0x15, 0x9d, 0xff, 0x14, 0x95, 0xff, 0xf4, 0x94, 0xff, 0xf4, 0x94, 0xff, 
  0xf4, 0x94, 0xff, 0xf4, 0x94, 0xff, 0xf4, 0x94, 0xff, 0xf4, 0x94, 0xff, 
  0xf4, 0x94, 0xfb, 0x97, 0xa5, 0xff, 0xd4, 0x94, 0x80, 0x00, 0x00, 0x00, 
  0xf7, 0xbd, 0x04, 0x00, 0x00, 0x00, 0x00, 0x00, 0x00, 0x00, 0x00, 0x00, 
  0x00, 0x00, 0x00, 0x00, 0x00, 0x00, 0x00, 0x00, 0x00, 0x00, 0x00, 0x00, 
  0x00, 0x00, 0x00, 0x00, 0x00, 0x00, 0x00, 0x00, 0x00, 0x00, 0x00, 0x00, 
  0x00, 0x00, 0x00, 0x00, 0x00, 0x00, 0x00, 0x00, 0x00, 0x00, 0x00, 0x00, 
  0x00, 0x00, 0x00, 0x00, 0x00, 0x00, 0x00, 0x00, 0x00, 0x00, 0x00, 0x00, 
  0x00, 0x00, 0x00, 0x00, 0x00, 0x00, 0x00, 0x00, 0x00, 0x00, 0x00, 0x00, 
  0x00, 0x00, 0x00, 0x00, 0x00, 0x00, 0x00, 0x00, 0x00, 0x00, 0x00, 0x00, 
  0x00, 0x00, 0x00, 0x00, 0x00, 0x00, 0x00, 0x00, 0x00, 0x00, 0x00, 0x00, 
  0x00, 0x00, 0x00, 0x00, 0x00, 0x00, 0x00, 0x00, 0x00, 0x00, 0x00, 0x00, 
  0x00, 0x00, 0x00, 0x00, 0x00, 0x00, 0x00, 0x00, 0x00, 0x00, 0x00, 0x00, 
  0x00, 0x00, 0x00, 0x00, 0x00, 0x00, 0x00, 0x00, 0x00, 0x00, 0x00, 0x00, 
  0x00, 0x00, 0x00, 0x00, 0x00, 0x00, 0x00, 0x00, 0x00, 0x00, 0x00, 0x00, 
  0x00, 0x00, 0x00, 0x00, 0x00, 0x00, 0x00, 0x00, 0x00, 0x00, 0x00, 0x00, 
  0x00, 0x00, 0x00, 0x00, 0x00, 0x00, 0x00, 0x00, 0x00, 0x00, 0x00, 0x00, 
  0x00, 0x00, 0x00, 0x00, 0x00, 0x00, 0x00, 0x00, 0x00, 0x00, 0x00, 0x00, 
  0x00, 0x00, 0x00, 0x00, 0x00, 0x00, 0x00, 0x00, 0x00, 0x00, 0x00, 0x00, 
  0x00, 0x00, 0x00, 0x00, 0x00, 0x00, 0x00, 0x00, 0x00, 0x00, 0x00, 0x00, 
  0x00, 0x00, 0x00, 0x00, 0x00, 0x00, 0x00, 0x00, 0x00, 0xf7, 0xbd, 0x04, 
  0x00, 0x00, 0x00, 0x35, 0x9d, 0x80, 0xd8, 0xb5, 0xff, 0x35, 0x9d, 0xfb, 
  0x35, 0x9d, 0xff, 0x35, 0x9d, 0xff, 0x35, 0x9d, 0xff, 0x35, 0x9d, 0xff, 
  0x35, 0x9d, 0xff, 0x35, 0x9d, 0xff, 0x35, 0x9d, 0xff, 0x35, 0x9d, 0xff, 
  0x35, 0x9d, 0xff, 0x35, 0x9d, 0xff, 0x35, 0x9d, 0xff, 0x35, 0x9d, 0xff, 
  0x35, 0x9d, 0xff, 0x35, 0x9d, 0xff, 0x35, 0x9d, 0xff, 0x15, 0x9d, 0xff, 
  0x15, 0x9d, 0xff, 0x15, 0x9d, 0xff, 0x15, 0x9d, 0xff, 0x15, 0x9d, 0xff, 
  0x15, 0x9d, 0xff, 0x15, 0x9d, 0xff, 0x15, 0x9d, 0xff, 0x15, 0x9d, 0xff, 
  0x15, 0x9d, 0xff, 0x15, 0x9d, 0xff, 0x15, 0x9d, 0xff, 0x15, 0x9d, 0xff, 
  0x15, 0x9d, 0xff, 0x15, 0x9d, 0xff, 0x15, 0x95, 0xff, 0x15, 0x95, 0xff, 
  0x15, 0x95, 0xff, 0xf4, 0x94, 0xff, 0xf4, 0x94, 0xff, 0xf4, 0x94, 0xff, 
  0xf4, 0x94, 0xff, 0xf4, 0x94, 0xff, 0xf4, 0x94, 0xff, 0xf4, 0x94, 0xff, 
  0xf4, 0x94, 0xfb, 0x76, 0xa5, 0xff, 0xd4, 0x94, 0x80, 0x00, 0x00, 0x00, 
  0xf7, 0xbd, 0x04, 0x00, 0x00, 0x00, 0x00, 0x00, 0x00, 0x00, 0x00, 0x00, 
  0x00, 0x00, 0x00, 0x00, 0x00, 0x00, 0x00, 0x00, 0x00, 0x00, 0x00, 0x00, 
  0x00, 0x00, 0x00, 0x00, 0x00, 0x00, 0x00, 0x00, 0x00, 0x00, 0x00, 0x00, 
  0x00, 0x00, 0x00, 0x00, 0x00, 0x00, 0x00, 0x00, 0x00, 0x00, 0x00, 0x00, 
  0x00, 0x00, 0x00, 0x00, 0x00, 0x00, 0x00, 0x00, 0x00, 0x00, 0x00, 0x00, 
  0x00, 0x00, 0x00, 0x00, 0x00, 0x00, 0x00, 0x00, 0x00, 0x00, 0x00, 0x00, 
  0x00, 0x00, 0x00, 0x00, 0x00, 0x00, 0x00, 0x00, 0x00, 0x00, 0x00, 0x00, 
  0x00, 0x00, 0x00, 0x00, 0x00, 0x00, 0x00, 0x00, 0x00, 0x00, 0x00, 0x00, 
  0x00, 0x00, 0x00, 0x00, 0x00, 0x00, 0x00, 0x00, 0x00, 0x00, 0x00, 0x00, 
  0x00, 0x00, 0x00, 0x00, 0x00, 0x00, 0x00, 0x00, 0x00, 0x00, 0x00, 0x00, 
  0x00, 0x00, 0x00, 0x00, 0x00, 0x00, 0x00, 0x00, 0x00, 0x00, 0x00, 0x00, 
  0x00, 0x00, 0x00, 0x00, 0x00, 0x00, 0x00, 0x00, 0x00, 0x00, 0x00, 0x00, 
  0x00, 0x00, 0x00, 0x00, 0x00, 0x00, 0x00, 0x00, 0x00, 0x00, 0x00, 0x00, 
  0x00, 0x00, 0x00, 0x00, 0x00, 0x00, 0x00, 0x00, 0x00, 0x00, 0x00, 0x00, 
  0x00, 0x00, 0x00, 0x00, 0x00, 0x00, 0x00, 0x00, 0x00, 0x00, 0x00, 0x00, 
  0x00, 0x00, 0x00, 0x00, 0x00, 0x00, 0x00, 0x00, 0x00, 0x00, 0x00, 0x00, 
  0x00, 0x00, 0x00, 0x00, 0x00, 0x00, 0x00, 0x00, 0x00, 0x00, 0x00, 0x00, 
  0x00, 0x00, 0x00, 0x00, 0x00, 0x00, 0x00, 0x00, 0x00, 0xf7, 0xbd, 0x04, 
  0x00, 0x00, 0x00, 0x35, 0x9d, 0x80, 0xd8, 0xb5, 0xff, 0x35, 0x9d, 0xfb, 
  0x35, 0x9d, 0xff, 0x35, 0x9d, 0xff, 0x35, 0x9d, 0xff, 0x35, 0x9d, 0xff, 
  0x35, 0x9d, 0xff, 0x35, 0x9d, 0xff, 0x35, 0x9d, 0xff, 0x35, 0x9d, 0xff, 
  0x35, 0x9d, 0xff, 0x35, 0x9d, 0xff, 0x35, 0x9d, 0xff, 0x35, 0x9d, 0xff, 
  0x35, 0x9d, 0xff, 0x35, 0x9d, 0xff, 0x15, 0x9d, 0xff, 0x15, 0x9d, 0xff, 
  0x15, 0x9d, 0xff, 0x15, 0x9d, 0xff, 0x15, 0x9d, 0xff, 0x15, 0x9d, 0xff, 
  0x15, 0x9d, 0xff, 0x15, 0x9d, 0xff, 0x15, 0x9d, 0xff, 0x15, 0x9d, 0xff, 
  0x15, 0x9d, 0xff, 0x15, 0x9d, 0xff, 0x15, 0x9d, 0xff, 0x15, 0x9d, 0xff, 
  0x15, 0x9d, 0xff, 0x15, 0x95, 0xff, 0x15, 0x95, 0xff, 0xf4, 0x94, 0xff, 
  0xf4, 0x94, 0xff, 0xf4, 0x94, 0xff, 0xf4, 0x94, 0xff, 0xf4, 0x94, 0xff, 
  0xf4, 0x94, 0xff, 0xf4, 0x94, 0xff, 0xf4, 0x94, 0xff, 0xf4, 0x94, 0xff, 
  0xf4, 0x94, 0xfb, 0x76, 0xa5, 0xff, 0xf4, 0x94, 0x80, 0x00, 0x00, 0x00, 
  0xf7, 0xbd, 0x04, 0x00, 0x00, 0x00, 0x00, 0x00, 0x00, 0x00, 0x00, 0x00, 
  0x00, 0x00, 0x00, 0x00, 0x00, 0x00, 0x00, 0x00, 0x00, 0x00, 0x00, 0x00, 
  0x00, 0x00, 0x00, 0x00, 0x00, 0x00, 0x00, 0x00, 0x00, 0x00, 0x00, 0x00, 
  0x00, 0x00, 0x00, 0x00, 0x00, 0x00, 0x00, 0x00, 0x00, 0x00, 0x00, 0x00, 
  0x00, 0x00, 0x00, 0x00, 0x00, 0x00, 0x00, 0x00, 0x00, 0x00, 0x00, 0x00, 
  0x00, 0x00, 0x00, 0x00, 0x00, 0x00, 0x00, 0x00, 0x00, 0x00, 0x00, 0x00, 
  0x00, 0x00, 0x00, 0x00, 0x00, 0x00, 0x00, 0x00, 0x00, 0x00, 0x00, 0x00, 
  0x00, 0x00, 0x00, 0x00, 0x00, 0x00, 0x00, 0x00, 0x00, 0x00, 0x00, 0x00, 
  0x00, 0x00, 0x00, 0x00, 0x00, 0x00, 0x00, 0x00, 0x00, 0x00, 0x00, 0x00, 
  0x00, 0x00, 0x00, 0x00, 0x00, 0x00, 0x00, 0x00, 0x00, 0x00, 0x00, 0x00, 
  0x00, 0x00, 0x00, 0x00, 0x00, 0x00, 0x00, 0x00, 0x00, 0x00, 0x00, 0x00, 
  0x00, 0x00, 0x00, 0x00, 0x00, 0x00, 0x00, 0x00, 0x00, 0x00, 0x00, 0x00, 
  0x00, 0x00, 0x00, 0x00, 0x00, 0x00, 0x00, 0x00, 0x00, 0x00, 0x00, 0x00, 
  0x00, 0x00, 0x00, 0x00, 0x00, 0x00, 0x00, 0x00, 0x00, 0x00, 0x00, 0x00, 
  0x00, 0x00, 0x00, 0x00, 0x00, 0x00, 0x00, 0x00, 0x00, 0x00, 0x00, 0x00, 
  0x00, 0x00, 0x00, 0x00, 0x00, 0x00, 0x00, 0x00, 0x00, 0x00, 0x00, 0x00, 
  0x00, 0x00, 0x00, 0x00, 0x00, 0x00, 0x00, 0x00, 0x00, 0x00, 0x00, 0x00, 
  0x00, 0x00, 0x00, 0x00, 0x00, 0x00, 0x00, 0x00, 0x00, 0xf7, 0xbd, 0x04, 
  0x00, 0x00, 0x00, 0x35, 0x9d, 0x80, 0xd8, 0xb5, 0xff, 0x35, 0x9d, 0xfb, 
  0x35, 0x9d, 0xff, 0x35, 0x9d, 0xff, 0x35, 0x9d, 0xff, 0x35, 0x9d, 0xff, 
  0x35, 0x9d, 0xff, 0x35, 0x9d, 0xff, 0x35, 0x9d, 0xff, 0x35, 0x9d, 0xff, 
  0x35, 0x9d, 0xff, 0x35, 0x9d, 0xff, 0x35, 0x9d, 0xff, 0x15, 0x9d, 0xff, 
  0x15, 0x9d, 0xff, 0x15, 0x9d, 0xff, 0x15, 0x9d, 0xff, 0x15, 0x9d, 0xff, 
  0x15, 0x9d, 0xff, 0x15, 0x9d, 0xff, 0x15, 0x9d, 0xff, 0x15, 0x9d, 0xff, 
  0x15, 0x9d, 0xff, 0x15, 0x9d, 0xff, 0x15, 0x9d, 0xff, 0x15, 0x9d, 0xff, 
  0x15, 0x9d, 0xff, 0x15, 0x9d, 0xff, 0x15, 0x9d, 0xff, 0x15, 0x9d, 0xff, 
  0x15, 0x95, 0xff, 0x14, 0x95, 0xff, 0xf4, 0x94, 0xff, 0xf4, 0x94, 0xff, 
  0xf4, 0x94, 0xff, 0xf4, 0x94, 0xff, 0xf4, 0x94, 0xff, 0xf4, 0x94, 0xff, 
  0xf4, 0x94, 0xff, 0xf4, 0x94, 0xff, 0xf4, 0x94, 0xff, 0xf4, 0x94, 0xff, 
  0xf4, 0x94, 0xfb, 0x76, 0xa5, 0xff, 0xf4, 0x94, 0x80, 0x00, 0x00, 0x00, 
  0xf7, 0xbd, 0x04, 0x00, 0x00, 0x00, 0x00, 0x00, 0x00, 0x00, 0x00, 0x00, 
  0x00, 0x00, 0x00, 0x00, 0x00, 0x00, 0x00, 0x00, 0x00, 0x00, 0x00, 0x00, 
  0x00, 0x00, 0x00, 0x00, 0x00, 0x00, 0x00, 0x00, 0x00, 0x00, 0x00, 0x00, 
  0x00, 0x00, 0x00, 0x00, 0x00, 0x00, 0x00, 0x00, 0x00, 0x00, 0x00, 0x00, 
  0x00, 0x00, 0x00, 0x00, 0x00, 0x00, 0x00, 0x00, 0x00, 0x00, 0x00, 0x00, 
  0x00, 0x00, 0x00, 0x00, 0x00, 0x00, 0x00, 0x00, 0x00, 0x00, 0x00, 0x00, 
  0x00, 0x00, 0x00, 0x00, 0x00, 0x00, 0x00, 0x00, 0x00, 0x00, 0x00, 0x00, 
  0x00, 0x00, 0x00, 0x00, 0x00, 0x00, 0x00, 0x00, 0x00, 0x00, 0x00, 0x00, 
  0x00, 0x00, 0x00, 0x00, 0x00, 0x00, 0x00, 0x00, 0x00, 0x00, 0x00, 0x00, 
  0x00, 0x00, 0x00, 0x00, 0x00, 0x00, 0x00, 0x00, 0x00, 0x00, 0x00, 0x00, 
  0x00, 0x00, 0x00, 0x00, 0x00, 0x00, 0x00, 0x00, 0x00, 0x00, 0x00, 0x00, 
  0x00, 0x00, 0x00, 0x00, 0x00, 0x00, 0x00, 0x00, 0x00, 0x00, 0x00, 0x00, 
  0x00, 0x00, 0x00, 0x00, 0x00, 0x00, 0x00, 0x00, 0x00, 0x00, 0x00, 0x00, 
  0x00, 0x00, 0x00, 0x00, 0x00, 0x00, 0x00, 0x00, 0x00, 0x00, 0x00, 0x00, 
  0x00, 0x00, 0x00, 0x00, 0x00, 0x00, 0x00, 0x00, 0x00, 0x00, 0x00, 0x00, 
  0x00, 0x00, 0x00, 0x00, 0x00, 0x00, 0x00, 0x00, 0x00, 0x00, 0x00, 0x00, 
  0x00, 0x00, 0x00, 0x00, 0x00, 0x00, 0x00, 0x00, 0x00, 0x00, 0x00, 0x00, 
  0x00, 0x00, 0x00, 0x00, 0x00, 0x00, 0x00, 0x00, 0x00, 0xf7, 0xbd, 0x04, 
  0x00, 0x00, 0x00, 0x35, 0x9d, 0x80, 0xd8, 0xad, 0xff, 0x35, 0x9d, 0xfb, 
  0x35, 0x9d, 0xff, 0x35, 0x9d, 0xff, 0x35, 0x9d, 0xff, 0x35, 0x9d, 0xff, 
  0x35, 0x9d, 0xff, 0x35, 0x9d, 0xff, 0x35, 0x9d, 0xff, 0x35, 0x9d, 0xff, 
  0x35, 0x9d, 0xff, 0x35, 0x9d, 0xff, 0x15, 0x9d, 0xff, 0x15, 0x9d, 0xff, 
  0x15, 0x9d, 0xff, 0x15, 0x9d, 0xff, 0x15, 0x9d, 0xff, 0x15, 0x9d, 0xff, 
  0x15, 0x9d, 0xff, 0x15, 0x9d, 0xff, 0x15, 0x9d, 0xff, 0x15, 0x9d, 0xff, 
  0x15, 0x9d, 0xff, 0x15, 0x9d, 0xff, 0x15, 0x9d, 0xff, 0x15, 0x9d, 0xff, 
  0x15, 0x9d, 0xff, 0x15, 0x9d, 0xff, 0x15, 0x95, 0xff, 0x15, 0x95, 0xff, 
  0xf4, 0x94, 0xff, 0xf4, 0x94, 0xff, 0xf4, 0x94, 0xff, 0xf4, 0x94, 0xff, 
  0xf4, 0x94, 0xff, 0xf4, 0x94, 0xff, 0xf4, 0x94, 0xff, 0xf4, 0x94, 0xff, 
  0xf4, 0x94, 0xff, 0xf4, 0x94, 0xff, 0xf4, 0x94, 0xff, 0xf4, 0x94, 0xff, 
  0xf4, 0x94, 0xfb, 0x76, 0xa5, 0xff, 0xd4, 0x94, 0x80, 0x00, 0x00, 0x00, 
  0xf7, 0xbd, 0x04, 0x00, 0x00, 0x00, 0x00, 0x00, 0x00, 0x00, 0x00, 0x00, 
  0x00, 0x00, 0x00, 0x00, 0x00, 0x00, 0x00, 0x00, 0x00, 0x00, 0x00, 0x00, 
  0x00, 0x00, 0x00, 0x00, 0x00, 0x00, 0x00, 0x00, 0x00, 0x00, 0x00, 0x00, 
  0x00, 0x00, 0x00, 0x00, 0x00, 0x00, 0x00, 0x00, 0x00, 0x00, 0x00, 0x00, 
  0x00, 0x00, 0x00, 0x00, 0x00, 0x00, 0x00, 0x00, 0x00, 0x00, 0x00, 0x00, 
  0x00, 0x00, 0x00, 0x00, 0x00, 0x00, 0x00, 0x00, 0x00, 0x00, 0x00, 0x00, 
  0x00, 0x00, 0x00, 0x00, 0x00, 0x00, 0x00, 0x00, 0x00, 0x00, 0x00, 0x00, 
  0x00, 0x00, 0x00, 0x00, 0x00, 0x00, 0x00, 0x00, 0x00, 0x00, 0x00, 0x00, 
  0x00, 0x00, 0x00, 0x00, 0x00, 0x00, 0x00, 0x00, 0x00, 0x00, 0x00, 0x00, 
  0x00, 0x00, 0x00, 0x00, 0x00, 0x00, 0x00, 0x00, 0x00, 0x00, 0x00, 0x00, 
  0x00, 0x00, 0x00, 0x00, 0x00, 0x00, 0x00, 0x00, 0x00, 0x00, 0x00, 0x00, 
  0x00, 0x00, 0x00, 0x00, 0x00, 0x00, 0x00, 0x00, 0x00, 0x00, 0x00, 0x00, 
  0x00, 0x00, 0x00, 0x00, 0x00, 0x00, 0x00, 0x00, 0x00, 0x00, 0x00, 0x00, 
  0x00, 0x00, 0x00, 0x00, 0x00, 0x00, 0x00, 0x00, 0x00, 0x00, 0x00, 0x00, 
  0x00, 0x00, 0x00, 0x00, 0x00, 0x00, 0x00, 0x00, 0x00, 0x00, 0x00, 0x00, 
  0x00, 0x00, 0x00, 0x00, 0x00, 0x00, 0x00, 0x00, 0x00, 0x00, 0x00, 0x00, 
  0x00, 0x00, 0x00, 0x00, 0x00, 0x00, 0x00, 0x00, 0x00, 0x00, 0x00, 0x00, 
  0x00, 0x00, 0x00, 0x00, 0x00, 0x00, 0x00, 0x00, 0x00, 0xf7, 0xbd, 0x04, 
  0x00, 0x00, 0x00, 0x35, 0x9d, 0x80, 0xd8, 0xad, 0xff, 0x35, 0x9d, 0xfb, 
  0x35, 0x9d, 0xff, 0x35, 0x9d, 0xff, 0x35, 0x9d, 0xff, 0x35, 0x9d, 0xff, 
  0x35, 0x9d, 0xff, 0x35, 0x9d, 0xff, 0x35, 0x9d, 0xff, 0x35, 0x9d, 0xff, 
  0x35, 0x9d, 0xff, 0x35, 0x9d, 0xff, 0x15, 0x9d, 0xff, 0x15, 0x9d, 0xff, 
  0x15, 0x9d, 0xff, 0x15, 0x9d, 0xff, 0x15, 0x9d, 0xff, 0x15, 0x9d, 0xff, 
  0x15, 0x9d, 0xff, 0x15, 0x9d, 0xff, 0x15, 0x9d, 0xff, 0x15, 0x9d, 0xff, 
  0x15, 0x9d, 0xff, 0x15, 0x9d, 0xff, 0x15, 0x9d, 0xff, 0x15, 0x9d, 0xff, 
  0x15, 0x9d, 0xff, 0x15, 0x9d, 0xff, 0x14, 0x95, 0xff, 0x14, 0x95, 0xff, 
  0xf4, 0x94, 0xff, 0xf4, 0x94, 0xff, 0xf4, 0x94, 0xff, 0xf4, 0x94, 0xff, 
  0xf4, 0x94, 0xff, 0xf4, 0x94, 0xff, 0xf4, 0x94, 0xff, 0xf4, 0x94, 0xff, 
  0xf4, 0x94, 0xff, 0xf4, 0x94, 0xff, 0xf4, 0x94, 0xff, 0xf4, 0x94, 0xff, 
  0xf4, 0x94, 0xfb, 0x76, 0xa5, 0xff, 0xd4, 0x94, 0x80, 0x00, 0x00, 0x00, 
  0xf7, 0xbd, 0x04, 0x00, 0x00, 0x00, 0x00, 0x00, 0x00, 0x00, 0x00, 0x00, 
  0x00, 0x00, 0x00, 0x00, 0x00, 0x00, 0x00, 0x00, 0x00, 0x00, 0x00, 0x00, 
  0x00, 0x00, 0x00, 0x00, 0x00, 0x00, 0x00, 0x00, 0x00, 0x00, 0x00, 0x00, 
  0x00, 0x00, 0x00, 0x00, 0x00, 0x00, 0x00, 0x00, 0x00, 0x00, 0x00, 0x00, 
  0x00, 0x00, 0x00, 0x00, 0x00, 0x00, 0x00, 0x00, 0x00, 0x00, 0x00, 0x00, 
  0x00, 0x00, 0x00, 0x00, 0x00, 0x00, 0x00, 0x00, 0x00, 0x00, 0x00, 0x00, 
  0x00, 0x00, 0x00, 0x00, 0x00, 0x00, 0x00, 0x00, 0x00, 0x00, 0x00, 0x00, 
  0x00, 0x00, 0x00, 0x00, 0x00, 0x00, 0x00, 0x00, 0x00, 0x00, 0x00, 0x00, 
  0x00, 0x00, 0x00, 0x00, 0x00, 0x00, 0x00, 0x00, 0x00, 0x00, 0x00, 0x00, 
  0x00, 0x00, 0x00, 0x00, 0x00, 0x00, 0x00, 0x00, 0x00, 0x00, 0x00, 0x00, 
  0x00, 0x00, 0x00, 0x00, 0x00, 0x00, 0x00, 0x00, 0x00, 0x00, 0x00, 0x00, 
  0x00, 0x00, 0x00, 0x00, 0x00, 0x00, 0x00, 0x00, 0x00, 0x00, 0x00, 0x00, 
  0x00, 0x00, 0x00, 0x00, 0x00, 0x00, 0x00, 0x00, 0x00, 0x00, 0x00, 0x00, 
  0x00, 0x00, 0x00, 0x00, 0x00, 0x00, 0x00, 0x00, 0x00, 0x00, 0x00, 0x00, 
  0x00, 0x00, 0x00, 0x00, 0x00, 0x00, 0x00, 0x00, 0x00, 0x00, 0x00, 0x00, 
  0x00, 0x00, 0x00, 0x00, 0x00, 0x00, 0x00, 0x00, 0x00, 0x00, 0x00, 0x00, 
  0x00, 0x00, 0x00, 0x00, 0x00, 0x00, 0x00, 0x00, 0x00, 0x00, 0x00, 0x00, 
  0x00, 0x00, 0x00, 0x00, 0x00, 0x00, 0x00, 0x00, 0x00, 0xf7, 0xbd, 0x04, 
  0x00, 0x00, 0x00, 0x35, 0x9d, 0x80, 0xd8, 0xad, 0xff, 0x35, 0x9d, 0xfb, 
  0x35, 0x9d, 0xff, 0x35, 0x9d, 0xff, 0x35, 0x9d, 0xff, 0x35, 0x9d, 0xff, 
  0x35, 0x9d, 0xff, 0x35, 0x9d, 0xff, 0x35, 0x9d, 0xff, 0x35, 0x9d, 0xff, 
  0x35, 0x9d, 0xff, 0x15, 0x9d, 0xff, 0x15, 0x9d, 0xff, 0x15, 0x9d, 0xff, 
  0x15, 0x9d, 0xff, 0x15, 0x9d, 0xff, 0x15, 0x9d, 0xff, 0x15, 0x9d, 0xff, 
  0x15, 0x9d, 0xff, 0x15, 0x9d, 0xff, 0x15, 0x9d, 0xff, 0x15, 0x9d, 0xff, 
  0x15, 0x9d, 0xff, 0x15, 0x9d, 0xff, 0x15, 0x9d, 0xff, 0x15, 0x9d, 0xff, 
  0x15, 0x95, 0xff, 0x15, 0x95, 0xff, 0xf4, 0x94, 0xff, 0xf4, 0x94, 0xff, 
  0xf4, 0x94, 0xff, 0xf4, 0x94, 0xff, 0xf4, 0x94, 0xff, 0xf4, 0x94, 0xff, 
  0xf4, 0x94, 0xff, 0xf4, 0x94, 0xff, 0xf4, 0x94, 0xff, 0xf4, 0x94, 0xff, 
  0xf4, 0x94, 0xff, 0xf4, 0x94, 0xff, 0xf4, 0x94, 0xff, 0xf4, 0x94, 0xff, 
  0xd4, 0x94, 0xfb, 0x76, 0xa5, 0xff, 0xd4, 0x94, 0x80, 0x00, 0x00, 0x00, 
  0xf7, 0xbd, 0x04, 0x00, 0x00, 0x00, 0x00, 0x00, 0x00, 0x00, 0x00, 0x00, 
  0x00, 0x00, 0x00, 0x00, 0x00, 0x00, 0x00, 0x00, 0x00, 0x00, 0x00, 0x00, 
  0x00, 0x00, 0x00, 0x00, 0x00, 0x00, 0x00, 0x00, 0x00, 0x00, 0x00, 0x00, 
  0x00, 0x00, 0x00, 0x00, 0x00, 0x00, 0x00, 0x00, 0x00, 0x00, 0x00, 0x00, 
  0x00, 0x00, 0x00, 0x00, 0x00, 0x00, 0x00, 0x00, 0x00, 0x00, 0x00, 0x00, 
  0x00, 0x00, 0x00, 0x00, 0x00, 0x00, 0x00, 0x00, 0x00, 0x00, 0x00, 0x00, 
  0x00, 0x00, 0x00, 0x00, 0x00, 0x00, 0x00, 0x00, 0x00, 0x00, 0x00, 0x00, 
  0x00, 0x00, 0x00, 0x00, 0x00, 0x00, 0x00, 0x00, 0x00, 0x00, 0x00, 0x00, 
  0x00, 0x00, 0x00, 0x00, 0x00, 0x00, 0x00, 0x00, 0x00, 0x00, 0x00, 0x00, 
  0x00, 0x00, 0x00, 0x00, 0x00, 0x00, 0x00, 0x00, 0x00, 0x00, 0x00, 0x00, 
  0x00, 0x00, 0x00, 0x00, 0x00, 0x00, 0x00, 0x00, 0x00, 0x00, 0x00, 0x00, 
  0x00, 0x00, 0x00, 0x00, 0x00, 0x00, 0x00, 0x00, 0x00, 0x00, 0x00, 0x00, 
  0x00, 0x00, 0x00, 0x00, 0x00, 0x00, 0x00, 0x00, 0x00, 0x00, 0x00, 0x00, 
  0x00, 0x00, 0x00, 0x00, 0x00, 0x00, 0x00, 0x00, 0x00, 0x00, 0x00, 0x00, 
  0x00, 0x00, 0x00, 0x00, 0x00, 0x00, 0x00, 0x00, 0x00, 0x00, 0x00, 0x00, 
  0x00, 0x00, 0x00, 0x00, 0x00, 0x00, 0x00, 0x00, 0x00, 0x00, 0x00, 0x00, 
  0x00, 0x00, 0x00, 0x00, 0x00, 0x00, 0x00, 0x00, 0x00, 0x00, 0x00, 0x00, 
  0x00, 0x00, 0x00, 0x00, 0x00, 0x00, 0x00, 0x00, 0x00, 0xf7, 0xbd, 0x04, 
  0x00, 0x00, 0x00, 0x35, 0x9d, 0x80, 0xd8, 0xad, 0xff, 0x35, 0x9d, 0xfb, 
  0x35, 0x9d, 0xff, 0x35, 0x9d, 0xff, 0x35, 0x9d, 0xff, 0x35, 0x9d, 0xff, 
  0x35, 0x9d, 0xff, 0x35, 0x9d, 0xff, 0x35, 0x9d, 0xff, 0x35, 0x9d, 0xff, 
  0x15, 0x9d, 0xff, 0x15, 0x9d, 0xff, 0x15, 0x9d, 0xff, 0x15, 0x9d, 0xff, 
  0x15, 0x9d, 0xff, 0x15, 0x9d, 0xff, 0x15, 0x9d, 0xff, 0x15, 0x9d, 0xff, 
  0x15, 0x9d, 0xff, 0x15, 0x9d, 0xff, 0x15, 0x9d, 0xff, 0x15, 0x9d, 0xff, 
  0x15, 0x9d, 0xff, 0x15, 0x9d, 0xff, 0x15, 0x9d, 0xff, 0x15, 0x95, 0xff, 
  0x14, 0x95, 0xff, 0xf4, 0x94, 0xff, 0xf4, 0x94, 0xff, 0xf4, 0x94, 0xff, 
  0xf4, 0x94, 0xff, 0xf4, 0x94, 0xff, 0xf4, 0x94, 0xff, 0xf4, 0x94, 0xff, 
  0xf4, 0x94, 0xff, 0xf4, 0x94, 0xff, 0xf4, 0x94, 0xff, 0xf4, 0x94, 0xff, 
  0xf4, 0x94, 0xff, 0xf4, 0x94, 0xff, 0xf4, 0x94, 0xff, 0xf4, 0x94, 0xff, 
  0xd4, 0x94, 0xfb, 0x76, 0xa5, 0xff, 0xd4, 0x94, 0x80, 0x00, 0x00, 0x00, 
  0xf7, 0xbd, 0x04, 0x00, 0x00, 0x00, 0x00, 0x00, 0x00, 0x00, 0x00, 0x00, 
  0x00, 0x00, 0x00, 0x00, 0x00, 0x00, 0x00, 0x00, 0x00, 0x00, 0x00, 0x00, 
  0x00, 0x00, 0x00, 0x00, 0x00, 0x00, 0x00, 0x00, 0x00, 0x00, 0x00, 0x00, 
  0x00, 0x00, 0x00, 0x00, 0x00, 0x00, 0x00, 0x00, 0x00, 0x00, 0x00, 0x00, 
  0x00, 0x00, 0x00, 0x00, 0x00, 0x00, 0x00, 0x00, 0x00, 0x00, 0x00, 0x00, 
  0x00, 0x00, 0x00, 0x00, 0x00, 0x00, 0x00, 0x00, 0x00, 0x00, 0x00, 0x00, 
  0x00, 0x00, 0x00, 0x00, 0x00, 0x00, 0x00, 0x00, 0x00, 0x00, 0x00, 0x00, 
  0x00, 0x00, 0x00, 0x00, 0x00, 0x00, 0x00, 0x00, 0x00, 0x00, 0x00, 0x00, 
  0x00, 0x00, 0x00, 0x00, 0x00, 0x00, 0x00, 0x00, 0x00, 0x00, 0x00, 0x00, 
  0x00, 0x00, 0x00, 0x00, 0x00, 0x00, 0x00, 0x00, 0x00, 0x00, 0x00, 0x00, 
  0x00, 0x00, 0x00, 0x00, 0x00, 0x00, 0x00, 0x00, 0x00, 0x00, 0x00, 0x00, 
  0x00, 0x00, 0x00, 0x00, 0x00, 0x00, 0x00, 0x00, 0x00, 0x00, 0x00, 0x00, 
  0x00, 0x00, 0x00, 0x00, 0x00, 0x00, 0x00, 0x00, 0x00, 0x00, 0x00, 0x00, 
  0x00, 0x00, 0x00, 0x00, 0x00, 0x00, 0x00, 0x00, 0x00, 0x00, 0x00, 0x00, 
  0x00, 0x00, 0x00, 0x00, 0x00, 0x00, 0x00, 0x00, 0x00, 0x00, 0x00, 0x00, 
  0x00, 0x00, 0x00, 0x00, 0x00, 0x00, 0x00, 0x00, 0x00, 0x00, 0x00, 0x00, 
  0x00, 0x00, 0x00, 0x00, 0x00, 0x00, 0x00, 0x00, 0x00, 0x00, 0x00, 0x00, 
  0x00, 0x00, 0x00, 0x00, 0x00, 0x00, 0x00, 0x00, 0x00, 0xf7, 0xbd, 0x04, 
  0x00, 0x00, 0x00, 0x35, 0x9d, 0x80, 0xb8, 0xad, 0xff, 0x35, 0x9d, 0xfb, 
  0x35, 0x9d, 0xff, 0x35, 0x9d, 0xff, 0x35, 0x9d, 0xff, 0x35, 0x9d, 0xff, 
  0x35, 0x9d, 0xff, 0x15, 0x9d, 0xff, 0x15, 0x9d, 0xff, 0x15, 0x9d, 0xff, 
  0x15, 0x9d, 0xff, 0x15, 0x9d, 0xff, 0x15, 0x9d, 0xff, 0x15, 0x9d, 0xff, 
  0x15, 0x9d, 0xff, 0x15, 0x9d, 0xff, 0x15, 0x9d, 0xff, 0x15, 0x9d, 0xff, 
  0x15, 0x9d, 0xff, 0x15, 0x9d, 0xff, 0x15, 0x9d, 0xff, 0x15, 0x9d, 0xff, 
  0x15, 0x9d, 0xff, 0x15, 0x95, 0xff, 0x15, 0x95, 0xff, 0x14, 0x95, 0xff, 
  0xf4, 0x94, 0xff, 0xf4, 0x94, 0xff, 0xf4, 0x94, 0xff, 0xf4, 0x94, 0xff, 
  0xf4, 0x94, 0xff, 0xf4, 0x94, 0xff, 0xf4, 0x94, 0xff, 0xf4, 0x94, 0xff, 
  0xf4, 0x94, 0xff, 0xf4, 0x94, 0xff, 0xf4, 0x94, 0xff, 0xf4, 0x94, 0xff, 
  0xf4, 0x94, 0xff, 0xf4, 0x94, 0xff, 0xf4, 0x94, 0xff, 0xf4, 0x94, 0xff, 
  0xd4, 0x94, 0xfb, 0x76, 0xa5, 0xff, 0xd4, 0x94, 0x80, 0x00, 0x00, 0x00, 
  0xf7, 0xbd, 0x04, 0x00, 0x00, 0x00, 0x00, 0x00, 0x00, 0x00, 0x00, 0x00, 
  0x00, 0x00, 0x00, 0x00, 0x00, 0x00, 0x00, 0x00, 0x00, 0x00, 0x00, 0x00, 
  0x00, 0x00, 0x00, 0x00, 0x00, 0x00, 0x00, 0x00, 0x00, 0x00, 0x00, 0x00, 
  0x00, 0x00, 0x00, 0x00, 0x00, 0x00, 0x00, 0x00, 0x00, 0x00, 0x00, 0x00, 
  0x00, 0x00, 0x00, 0x00, 0x00, 0x00, 0x00, 0x00, 0x00, 0x00, 0x00, 0x00, 
  0x00, 0x00, 0x00, 0x00, 0x00, 0x00, 0x00, 0x00, 0x00, 0x00, 0x00, 0x00, 
  0x00, 0x00, 0x00, 0x00, 0x00, 0x00, 0x00, 0x00, 0x00, 0x00, 0x00, 0x00, 
  0x00, 0x00, 0x00, 0x00, 0x00, 0x00, 0x00, 0x00, 0x00, 0x00, 0x00, 0x00, 
  0x00, 0x00, 0x00, 0x00, 0x00, 0x00, 0x00, 0x00, 0x00, 0x00, 0x00, 0x00, 
  0x00, 0x00, 0x00, 0x00, 0x00, 0x00, 0x00, 0x00, 0x00, 0x00, 0x00, 0x00, 
  0x00, 0x00, 0x00, 0x00, 0x00, 0x00, 0x00, 0x00, 0x00, 0x00, 0x00, 0x00, 
  0x00, 0x00, 0x00, 0x00, 0x00, 0x00, 0x00, 0x00, 0x00, 0x00, 0x00, 0x00, 
  0x00, 0x00, 0x00, 0x00, 0x00, 0x00, 0x00, 0x00, 0x00, 0x00, 0x00, 0x00, 
  0x00, 0x00, 0x00, 0x00, 0x00, 0x00, 0x00, 0x00, 0x00, 0x00, 0x00, 0x00, 
  0x00, 0x00, 0x00, 0x00, 0x00, 0x00, 0x00, 0x00, 0x00, 0x00, 0x00, 0x00, 
  0x00, 0x00, 0x00, 0x00, 0x00, 0x00, 0x00, 0x00, 0x00, 0x00, 0x00, 0x00, 
  0x00, 0x00, 0x00, 0x00, 0x00, 0x00, 0x00, 0x00, 0x00, 0x00, 0x00, 0x00, 
  0x00, 0x00, 0x00, 0x00, 0x00, 0x00, 0x00, 0x00, 0x00, 0xf7, 0xbd, 0x04, 
  0x00, 0x00, 0x00, 0x15, 0x9d, 0x80, 0xb8, 0xad, 0xff, 0x35, 0x9d, 0xfb, 
  0x35, 0x9d, 0xff, 0x35, 0x9d, 0xff, 0x35, 0x9d, 0xff, 0x35, 0x9d, 0xff, 
  0x15, 0x9d, 0xff, 0x15, 0x9d, 0xff, 0x15, 0x9d, 0xff, 0x15, 0x9d, 0xff, 
  0x15, 0x9d, 0xff, 0x15, 0x9d, 0xff, 0x15, 0x9d, 0xff, 0x15, 0x9d, 0xff, 
  0x15, 0x9d, 0xff, 0x15, 0x9d, 0xff, 0x15, 0x9d, 0xff, 0x15, 0x9d, 0xff, 
  0x15, 0x9d, 0xff, 0x15, 0x9d, 0xff, 0x15, 0x9d, 0xff, 0x15, 0x9d, 0xff, 
  0x15, 0x95, 0xff, 0xf4, 0x94, 0xff, 0xf4, 0x94, 0xff, 0xf4, 0x94, 0xff, 
  0xf4, 0x94, 0xff, 0xf4, 0x94, 0xff, 0xf4, 0x94, 0xff, 0xf4, 0x94, 0xff, 
  0xf4, 0x94, 0xff, 0xf4, 0x94, 0xff, 0xf4, 0x94, 0xff, 0xf4, 0x94, 0xff, 
  0xf4, 0x94, 0xff, 0xf4, 0x94, 0xff, 0xf4, 0x94, 0xff, 0xf4, 0x94, 0xff, 
  0xf4, 0x94, 0xff, 0xf4, 0x94, 0xff, 0xf4, 0x94, 0xff, 0xd4, 0x94, 0xff, 
  0xd4, 0x94, 0xfb, 0x76, 0xa5, 0xff, 0xd4, 0x94, 0x80, 0x00, 0x00, 0x00, 
  0xf7, 0xbd, 0x04, 0x00, 0x00, 0x00, 0x00, 0x00, 0x00, 0x00, 0x00, 0x00, 
  0x00, 0x00, 0x00, 0x00, 0x00, 0x00, 0x00, 0x00, 0x00, 0x00, 0x00, 0x00, 
  0x00, 0x00, 0x00, 0x00, 0x00, 0x00, 0x00, 0x00, 0x00, 0x00, 0x00, 0x00, 
  0x00, 0x00, 0x00, 0x00, 0x00, 0x00, 0x00, 0x00, 0x00, 0x00, 0x00, 0x00, 
  0x00, 0x00, 0x00, 0x00, 0x00, 0x00, 0x00, 0x00, 0x00, 0x00, 0x00, 0x00, 
  0x00, 0x00, 0x00, 0x00, 0x00, 0x00, 0x00, 0x00, 0x00, 0x00, 0x00, 0x00, 
  0x00, 0x00, 0x00, 0x00, 0x00, 0x00, 0x00, 0x00, 0x00, 0x00, 0x00, 0x00, 
  0x00, 0x00, 0x00, 0x00, 0x00, 0x00, 0x00, 0x00, 0x00, 0x00, 0x00, 0x00, 
  0x00, 0x00, 0x00, 0x00, 0x00, 0x00, 0x00, 0x00, 0x00, 0x00, 0x00, 0x00, 
  0x00, 0x00, 0x00, 0x00, 0x00, 0x00, 0x00, 0x00, 0x00, 0x00, 0x00, 0x00, 
  0x00, 0x00, 0x00, 0x00, 0x00, 0x00, 0x00, 0x00, 0x00, 0x00, 0x00, 0x00, 
  0x00, 0x00, 0x00, 0x00, 0x00, 0x00, 0x00, 0x00, 0x00, 0x00, 0x00, 0x00, 
  0x00, 0x00, 0x00, 0x00, 0x00, 0x00, 0x00, 0x00, 0x00, 0x00, 0x00, 0x00, 
  0x00, 0x00, 0x00, 0x00, 0x00, 0x00, 0x00, 0x00, 0x00, 0x00, 0x00, 0x00, 
  0x00, 0x00, 0x00, 0x00, 0x00, 0x00, 0x00, 0x00, 0x00, 0x00, 0x00, 0x00, 
  0x00, 0x00, 0x00, 0x00, 0x00, 0x00, 0x00, 0x00, 0x00, 0x00, 0x00, 0x00, 
  0x00, 0x00, 0x00, 0x00, 0x00, 0x00, 0x00, 0x00, 0x00, 0x00, 0x00, 0x00, 
  0x00, 0x00, 0x00, 0x00, 0x00, 0x00, 0x00, 0x00, 0x00, 0xf7, 0xbd, 0x04, 
  0x00, 0x00, 0x00, 0x15, 0x9d, 0x80, 0xb8, 0xad, 0xff, 0x15, 0x9d, 0xfb, 
  0x35, 0x9d, 0xff, 0x35, 0x9d, 0xff, 0x35, 0x9d, 0xff, 0x35, 0x9d, 0xff, 
  0x15, 0x9d, 0xff, 0x15, 0x9d, 0xff, 0x15, 0x9d, 0xff, 0x15, 0x9d, 0xff, 
  0x15, 0x9d, 0xff, 0x15, 0x9d, 0xff, 0x15, 0x9d, 0xff, 0x15, 0x9d, 0xff, 
  0x15, 0x9d, 0xff, 0x15, 0x9d, 0xff, 0x15, 0x9d, 0xff, 0x15, 0x9d, 0xff, 
  0x15, 0x9d, 0xff, 0x15, 0x9d, 0xff, 0x15, 0x9d, 0xff, 0x15, 0x9d, 0xff, 
  0x14, 0x95, 0xff, 0xf4, 0x94, 0xff, 0xf4, 0x94, 0xff, 0xf4, 0x94, 0xff, 
  0xf4, 0x94, 0xff, 0xf4, 0x94, 0xff, 0xf4, 0x94, 0xff, 0xf4, 0x94, 0xff, 
  0xf4, 0x94, 0xff, 0xf4, 0x94, 0xff, 0xf4, 0x94, 0xff, 0xf4, 0x94, 0xff, 
  0xf4, 0x94, 0xff, 0xf4, 0x94, 0xff, 0xf4, 0x94, 0xff, 0xf4, 0x94, 0xff, 
  0xf4, 0x94, 0xff, 0xf4, 0x94, 0xff, 0xf4, 0x94, 0xff, 0xd4, 0x94, 0xff, 
  0xd4, 0x94, 0xfb, 0x76, 0xa5, 0xff, 0xd4, 0x94, 0x80, 0x00, 0x00, 0x00, 
  0xf7, 0xbd, 0x04, 0x00, 0x00, 0x00, 0x00, 0x00, 0x00, 0x00, 0x00, 0x00, 
  0x00, 0x00, 0x00, 0x00, 0x00, 0x00, 0x00, 0x00, 0x00, 0x00, 0x00, 0x00, 
  0x00, 0x00, 0x00, 0x00, 0x00, 0x00, 0x00, 0x00, 0x00, 0x00, 0x00, 0x00, 
  0x00, 0x00, 0x00, 0x00, 0x00, 0x00, 0x00, 0x00, 0x00, 0x00, 0x00, 0x00, 
  0x00, 0x00, 0x00, 0x00, 0x00, 0x00, 0x00, 0x00, 0x00, 0x00, 0x00, 0x00, 
  0x00, 0x00, 0x00, 0x00, 0x00, 0x00, 0x00, 0x00, 0x00, 0x00, 0x00, 0x00, 
  0x00, 0x00, 0x00, 0x00, 0x00, 0x00, 0x00, 0x00, 0x00, 0x00, 0x00, 0x00, 
  0x00, 0x00, 0x00, 0x00, 0x00, 0x00, 0x00, 0x00, 0x00, 0x00, 0x00, 0x00, 
  0x00, 0x00, 0x00, 0x00, 0x00, 0x00, 0x00, 0x00, 0x00, 0x00, 0x00, 0x00, 
  0x00, 0x00, 0x00, 0x00, 0x00, 0x00, 0x00, 0x00, 0x00, 0x00, 0x00, 0x00, 
  0x00, 0x00, 0x00, 0x00, 0x00, 0x00, 0x00, 0x00, 0x00, 0x00, 0x00, 0x00, 
  0x00, 0x00, 0x00, 0x00, 0x00, 0x00, 0x00, 0x00, 0x00, 0x00, 0x00, 0x00, 
  0x00, 0x00, 0x00, 0x00, 0x00, 0x00, 0x00, 0x00, 0x00, 0x00, 0x00, 0x00, 
  0x00, 0x00, 0x00, 0x00, 0x00, 0x00, 0x00, 0x00, 0x00, 0x00, 0x00, 0x00, 
  0x00, 0x00, 0x00, 0x00, 0x00, 0x00, 0x00, 0x00, 0x00, 0x00, 0x00, 0x00, 
  0x00, 0x00, 0x00, 0x00, 0x00, 0x00, 0x00, 0x00, 0x00, 0x00, 0x00, 0x00, 
  0x00, 0x00, 0x00, 0x00, 0x00, 0x00, 0x00, 0x00, 0x00, 0x00, 0x00, 0x00, 
  0x00, 0x00, 0x00, 0x00, 0x00, 0x00, 0x00, 0x00, 0x00, 0xf7, 0xbd, 0x04, 
  0x00, 0x00, 0x00, 0x15, 0x9d, 0x80, 0xb8, 0xad, 0xff, 0x15, 0x9d, 0xfb, 
  0x35, 0x9d, 0xff, 0x35, 0x9d, 0xff, 0x35, 0x9d, 0xff, 0x15, 0x9d, 0xff, 
  0x15, 0x9d, 0xff, 0x15, 0x9d, 0xff, 0x15, 0x9d, 0xff, 0x15, 0x9d, 0xff, 
  0x15, 0x9d, 0xff, 0x15, 0x9d, 0xff, 0x15, 0x9d, 0xff, 0x15, 0x9d, 0xff, 
  0x15, 0x9d, 0xff, 0x15, 0x9d, 0xff, 0x15, 0x9d, 0xff, 0x15, 0x9d, 0xff, 
  0x15, 0x9d, 0xff, 0x15, 0x9d, 0xff, 0x15, 0x95, 0xff, 0x15, 0x95, 0xff, 
  0xf4, 0x94, 0xff, 0xf4, 0x94, 0xff, 0xf4, 0x94, 0xff, 0xf4, 0x94, 0xff, 
  0xf4, 0x94, 0xff, 0xf4, 0x94, 0xff, 0xf4, 0x94, 0xff, 0xf4, 0x94, 0xff, 
  0xf4, 0x94, 0xff, 0xf4, 0x94, 0xff, 0xf4, 0x94, 0xff, 0xf4, 0x94, 0xff, 
  0xf4, 0x94, 0xff, 0xf4, 0x94, 0xff, 0xf4, 0x94, 0xff, 0xf4, 0x94, 0xff, 
  0xf4, 0x94, 0xff, 0xf4, 0x94, 0xff, 0xd4, 0x94, 0xff, 0xd4, 0x94, 0xff, 
  0xd4, 0x94, 0xfb, 0x76, 0xa5, 0xff, 0xd4, 0x94, 0x80, 0x00, 0x00, 0x00, 
  0xf7, 0xbd, 0x04, 0x00, 0x00, 0x00, 0x00, 0x00, 0x00, 0x00, 0x00, 0x00, 
  0x00, 0x00, 0x00, 0x00, 0x00, 0x00, 0x00, 0x00, 0x00, 0x00, 0x00, 0x00, 
  0x00, 0x00, 0x00, 0x00, 0x00, 0x00, 0x00, 0x00, 0x00, 0x00, 0x00, 0x00, 
  0x00, 0x00, 0x00, 0x00, 0x00, 0x00, 0x00, 0x00, 0x00, 0x00, 0x00, 0x00, 
  0x00, 0x00, 0x00, 0x00, 0x00, 0x00, 0x00, 0x00, 0x00, 0x00, 0x00, 0x00, 
  0x00, 0x00, 0x00, 0x00, 0x00, 0x00, 0x00, 0x00, 0x00, 0x00, 0x00, 0x00, 
  0x00, 0x00, 0x00, 0x00, 0x00, 0x00, 0x00, 0x00, 0x00, 0x00, 0x00, 0x00, 
  0x00, 0x00, 0x00, 0x00, 0x00, 0x00, 0x00, 0x00, 0x00, 0x00, 0x00, 0x00, 
  0x00, 0x00, 0x00, 0x00, 0x00, 0x00, 0x00, 0x00, 0x00, 0x00, 0x00, 0x00, 
  0x00, 0x00, 0x00, 0x00, 0x00, 0x00, 0x00, 0x00, 0x00, 0x00, 0x00, 0x00, 
  0x00, 0x00, 0x00, 0x00, 0x00, 0x00, 0x00, 0x00, 0x00, 0x00, 0x00, 0x00, 
  0x00, 0x00, 0x00, 0x00, 0x00, 0x00, 0x00, 0x00, 0x00, 0x00, 0x00, 0x00, 
  0x00, 0x00, 0x00, 0x00, 0x00, 0x00, 0x00, 0x00, 0x00, 0x00, 0x00, 0x00, 
  0x00, 0x00, 0x00, 0x00, 0x00, 0x00, 0x00, 0x00, 0x00, 0x00, 0x00, 0x00, 
  0x00, 0x00, 0x00, 0x00, 0x00, 0x00, 0x00, 0x00, 0x00, 0x00, 0x00, 0x00, 
  0x00, 0x00, 0x00, 0x00, 0x00, 0x00, 0x00, 0x00, 0x00, 0x00, 0x00, 0x00, 
  0x00, 0x00, 0x00, 0x00, 0x00, 0x00, 0x00, 0x00, 0x00, 0x00, 0x00, 0x00, 
  0x00, 0x00, 0x00, 0x00, 0x00, 0x00, 0x00, 0x00, 0x00, 0xf7, 0xbd, 0x04, 
  0x00, 0x00, 0x00, 0x15, 0x9d, 0x80, 0xb7, 0xad, 0xff, 0x15, 0x9d, 0xfb, 
  0x35, 0x9d, 0xff, 0x15, 0x9d, 0xff, 0x15, 0x9d, 0xff, 0x15, 0x9d, 0xff, 
  0x15, 0x9d, 0xff, 0x15, 0x9d, 0xff, 0x15, 0x9d, 0xff, 0x15, 0x9d, 0xff, 
  0x15, 0x9d, 0xff, 0x15, 0x9d, 0xff, 0x15, 0x9d, 0xff, 0x15, 0x9d, 0xff, 
  0x15, 0x9d, 0xff, 0x15, 0x9d, 0xff, 0x15, 0x9d, 0xff, 0x15, 0x9d, 0xff, 
  0x15, 0x95, 0xff, 0x15, 0x95, 0xff, 0x14, 0x95, 0xff, 0xf4, 0x94, 0xff, 
  0xf4, 0x94, 0xff, 0xf4, 0x94, 0xff, 0xf4, 0x94, 0xff, 0xf4, 0x94, 0xff, 
  0xf4, 0x94, 0xff, 0xf4, 0x94, 0xff, 0xf4, 0x94, 0xff, 0xf4, 0x94, 0xff, 
  0xf4, 0x94, 0xff, 0xf4, 0x94, 0xff, 0xf4, 0x94, 0xff, 0xf4, 0x94, 0xff, 
  0xf4, 0x94, 0xff, 0xf4, 0x94, 0xff, 0xf4, 0x94, 0xff, 0xf4, 0x94, 0xff, 
  0xd4, 0x94, 0xff, 0xd4, 0x94, 0xff, 0xd4, 0x94, 0xff, 0xd4, 0x94, 0xff, 
  0xd4, 0x94, 0xfb, 0x56, 0xa5, 0xff, 0xd4, 0x94, 0x80, 0x00, 0x00, 0x00, 
  0xf7, 0xbd, 0x04, 0x00, 0x00, 0x00, 0x00, 0x00, 0x00, 0x00, 0x00, 0x00, 
  0x00, 0x00, 0x00, 0x00, 0x00, 0x00, 0x00, 0x00, 0x00, 0x00, 0x00, 0x00, 
  0x00, 0x00, 0x00, 0x00, 0x00, 0x00, 0x00, 0x00, 0x00, 0x00, 0x00, 0x00, 
  0x00, 0x00, 0x00, 0x00, 0x00, 0x00, 0x00, 0x00, 0x00, 0x00, 0x00, 0x00, 
  0x00, 0x00, 0x00, 0x00, 0x00, 0x00, 0x00, 0x00, 0x00, 0x00, 0x00, 0x00, 
  0x00, 0x00, 0x00, 0x00, 0x00, 0x00, 0x00, 0x00, 0x00, 0x00, 0x00, 0x00, 
  0x00, 0x00, 0x00, 0x00, 0x00, 0x00, 0x00, 0x00, 0x00, 0x00, 0x00, 0x00, 
  0x00, 0x00, 0x00, 0x00, 0x00, 0x00, 0x00, 0x00, 0x00, 0x00, 0x00, 0x00, 
  0x00, 0x00, 0x00, 0x00, 0x00, 0x00, 0x00, 0x00, 0x00, 0x00, 0x00, 0x00, 
  0x00, 0x00, 0x00, 0x00, 0x00, 0x00, 0x00, 0x00, 0x00, 0x00, 0x00, 0x00, 
  0x00, 0x00, 0x00, 0x00, 0x00, 0x00, 0x00, 0x00, 0x00, 0x00, 0x00, 0x00, 
  0x00, 0x00, 0x00, 0x00, 0x00, 0x00, 0x00, 0x00, 0x00, 0x00, 0x00, 0x00, 
  0x00, 0x00, 0x00, 0x00, 0x00, 0x00, 0x00, 0x00, 0x00, 0x00, 0x00, 0x00, 
  0x00, 0x00, 0x00, 0x00, 0x00, 0x00, 0x00, 0x00, 0x00, 0x00, 0x00, 0x00, 
  0x00, 0x00, 0x00, 0x00, 0x00, 0x00, 0x00, 0x00, 0x00, 0x00, 0x00, 0x00, 
  0x00, 0x00, 0x00, 0x00, 0x00, 0x00, 0x00, 0x00, 0x00, 0x00, 0x00, 0x00, 
  0x00, 0x00, 0x00, 0x00, 0x00, 0x00, 0x00, 0x00, 0x00, 0x00, 0x00, 0x00, 
  0x00, 0x00, 0x00, 0x00, 0x00, 0x00, 0x00, 0x00, 0x00, 0xf7, 0xbd, 0x04, 
  0x00, 0x00, 0x00, 0x15, 0x9d, 0x80, 0xb7, 0xad, 0xff, 0x15, 0x9d, 0xfb, 
  0x15, 0x9d, 0xff, 0x15, 0x9d, 0xff, 0x15, 0x9d, 0xff, 0x15, 0x9d, 0xff, 
  0x15, 0x9d, 0xff, 0x15, 0x9d, 0xff, 0x15, 0x9d, 0xff, 0x15, 0x9d, 0xff, 
  0x15, 0x9d, 0xff, 0x15, 0x9d, 0xff, 0x15, 0x9d, 0xff, 0x15, 0x9d, 0xff, 
  0x15, 0x9d, 0xff, 0x15, 0x9d, 0xff, 0x15, 0x9d, 0xff, 0x15, 0x95, 0xff, 
  0x14, 0x95, 0xff, 0x14, 0x95, 0xff, 0xf4, 0x94, 0xff, 0xf4, 0x94, 0xff, 
  0xf4, 0x94, 0xff, 0xf4, 0x94, 0xff, 0xf4, 0x94, 0xff, 0xf4, 0x94, 0xff, 
  0xf4, 0x94, 0xff, 0xf4, 0x94, 0xff, 0xf4, 0x94, 0xff, 0xf4, 0x94, 0xff, 
  0xf4, 0x94, 0xff, 0xf4, 0x94, 0xff, 0xf4, 0x94, 0xff, 0xf4, 0x94, 0xff, 
  0xf4, 0x94, 0xff, 0xf4, 0x94, 0xff, 0xf4, 0x94, 0xff, 0xd4, 0x94, 0xff, 
  0xd4, 0x94, 0xff, 0xd4, 0x94, 0xff, 0xd4, 0x94, 0xff, 0xd4, 0x94, 0xff, 
  0xd4, 0x94, 0xfb, 0x56, 0xa5, 0xff, 0xd4, 0x94, 0x80, 0x00, 0x00, 0x00, 
  0xf7, 0xbd, 0x04, 0x00, 0x00, 0x00, 0x00, 0x00, 0x00, 0x00, 0x00, 0x00, 
  0x00, 0x00, 0x00, 0x00, 0x00, 0x00, 0x00, 0x00, 0x00, 0x00, 0x00, 0x00, 
  0x00, 0x00, 0x00, 0x00, 0x00, 0x00, 0x00, 0x00, 0x00, 0x00, 0x00, 0x00, 
  0x00, 0x00, 0x00, 0x00, 0x00, 0x00, 0x00, 0x00, 0x00, 0x00, 0x00, 0x00, 
  0x00, 0x00, 0x00, 0x00, 0x00, 0x00, 0x00, 0x00, 0x00, 0x00, 0x00, 0x00, 
  0x00, 0x00, 0x00, 0x00, 0x00, 0x00, 0x00, 0x00, 0x00, 0x00, 0x00, 0x00, 
  0x00, 0x00, 0x00, 0x00, 0x00, 0x00, 0x00, 0x00, 0x00, 0x00, 0x00, 0x00, 
  0x00, 0x00, 0x00, 0x00, 0x00, 0x00, 0x00, 0x00, 0x00, 0x00, 0x00, 0x00, 
  0x00, 0x00, 0x00, 0x00, 0x00, 0x00, 0x00, 0x00, 0x00, 0x00, 0x00, 0x00, 
  0x00, 0x00, 0x00, 0x00, 0x00, 0x00, 0x00, 0x00, 0x00, 0x00, 0x00, 0x00, 
  0x00, 0x00, 0x00, 0x00, 0x00, 0x00, 0x00, 0x00, 0x00, 0x00, 0x00, 0x00, 
  0x00, 0x00, 0x00, 0x00, 0x00, 0x00, 0x00, 0x00, 0x00, 0x00, 0x00, 0x00, 
  0x00, 0x00, 0x00, 0x00, 0x00, 0x00, 0x00, 0x00, 0x00, 0x00, 0x00, 0x00, 
  0x00, 0x00, 0x00, 0x00, 0x00, 0x00, 0x00, 0x00, 0x00, 0x00, 0x00, 0x00, 
  0x00, 0x00, 0x00, 0x00, 0x00, 0x00, 0x00, 0x00, 0x00, 0x00, 0x00, 0x00, 
  0x00, 0x00, 0x00, 0x00, 0x00, 0x00, 0x00, 0x00, 0x00, 0x00, 0x00, 0x00, 
  0x00, 0x00, 0x00, 0x00, 0x00, 0x00, 0x00, 0x00, 0x00, 0x00, 0x00, 0x00, 
  0x00, 0x00, 0x00, 0x00, 0x00, 0x00, 0x00, 0x00, 0x00, 0xf7, 0xbd, 0x04, 
  0x00, 0x00, 0x00, 0x15, 0x9d, 0x80, 0xb7, 0xad, 0xff, 0x15, 0x9d, 0xfb, 
  0x15, 0x9d, 0xff, 0x15, 0x9d, 0xff, 0x15, 0x9d, 0xff, 0x15, 0x9d, 0xff, 
  0x15, 0x9d, 0xff, 0x15, 0x9d, 0xff, 0x15, 0x9d, 0xff, 0x15, 0x9d, 0xff, 
  0x15, 0x9d, 0xff, 0x15, 0x9d, 0xff, 0x15, 0x9d, 0xff, 0x15, 0x9d, 0xff, 
  0x15, 0x9d, 0xff, 0x15, 0x9d, 0xff, 0x15, 0x95, 0xff, 0xf4, 0x94, 0xff, 
  0xf4, 0x94, 0xff, 0xf4, 0x94, 0xff, 0xf4, 0x94, 0xff, 0xf4, 0x94, 0xff, 
  0xf4, 0x94, 0xff, 0xf4, 0x94, 0xff, 0xf4, 0x94, 0xff, 0xf4, 0x94, 0xff, 
  0xf4, 0x94, 0xff, 0xf4, 0x94, 0xff, 0xf4, 0x94, 0xff, 0xf4, 0x94, 0xff, 
  0xf4, 0x94, 0xff, 0xf4, 0x94, 0xff, 0xf4, 0x94, 0xff, 0xf4, 0x94, 0xff, 
  0xf4, 0x94, 0xff, 0xd4, 0x94, 0xff, 0xd4, 0x94, 0xff, 0xd4, 0x94, 0xff, 
  0xd4, 0x94, 0xff, 0xd4, 0x94, 0xff, 0xd4, 0x94, 0xff, 0xd4, 0x94, 0xff, 
  0xd4, 0x94, 0xfb, 0x56, 0xa5, 0xff, 0xb4, 0x8c, 0x80, 0x00, 0x00, 0x00, 
  0xf7, 0xbd, 0x04, 0x00, 0x00, 0x00, 0x00, 0x00, 0x00, 0x00, 0x00, 0x00, 
  0x00, 0x00, 0x00, 0x00, 0x00, 0x00, 0x00, 0x00, 0x00, 0x00, 0x00, 0x00, 
  0x00, 0x00, 0x00, 0x00, 0x00, 0x00, 0x00, 0x00, 0x00, 0x00, 0x00, 0x00, 
  0x00, 0x00, 0x00, 0x00, 0x00, 0x00, 0x00, 0x00, 0x00, 0x00, 0x00, 0x00, 
  0x00, 0x00, 0x00, 0x00, 0x00, 0x00, 0x00, 0x00, 0x00, 0x00, 0x00, 0x00, 
  0x00, 0x00, 0x00, 0x00, 0x00, 0x00, 0x00, 0x00, 0x00, 0x00, 0x00, 0x00, 
  0x00, 0x00, 0x00, 0x00, 0x00, 0x00, 0x00, 0x00, 0x00, 0x00, 0x00, 0x00, 
  0x00, 0x00, 0x00, 0x00, 0x00, 0x00, 0x00, 0x00, 0x00, 0x00, 0x00, 0x00, 
  0x00, 0x00, 0x00, 0x00, 0x00, 0x00, 0x00, 0x00, 0x00, 0x00, 0x00, 0x00, 
  0x00, 0x00, 0x00, 0x00, 0x00, 0x00, 0x00, 0x00, 0x00, 0x00, 0x00, 0x00, 
  0x00, 0x00, 0x00, 0x00, 0x00, 0x00, 0x00, 0x00, 0x00, 0x00, 0x00, 0x00, 
  0x00, 0x00, 0x00, 0x00, 0x00, 0x00, 0x00, 0x00, 0x00, 0x00, 0x00, 0x00, 
  0x00, 0x00, 0x00, 0x00, 0x00, 0x00, 0x00, 0x00, 0x00, 0x00, 0x00, 0x00, 
  0x00, 0x00, 0x00, 0x00, 0x00, 0x00, 0x00, 0x00, 0x00, 0x00, 0x00, 0x00, 
  0x00, 0x00, 0x00, 0x00, 0x00, 0x00, 0x00, 0x00, 0x00, 0x00, 0x00, 0x00, 
  0x00, 0x00, 0x00, 0x00, 0x00, 0x00, 0x00, 0x00, 0x00, 0x00, 0x00, 0x00, 
  0x00, 0x00, 0x00, 0x00, 0x00, 0x00, 0x00, 0x00, 0x00, 0x00, 0x00, 0x00, 
  0x00, 0x00, 0x00, 0x00, 0x00, 0x00, 0x00, 0x00, 0x00, 0xf7, 0xbd, 0x04, 
  0x00, 0x00, 0x00, 0x15, 0x9d, 0x80, 0xb7, 0xad, 0xff, 0x15, 0x9d, 0xfb, 
  0x15, 0x9d, 0xff, 0x15, 0x9d, 0xff, 0x15, 0x9d, 0xff, 0x15, 0x9d, 0xff, 
  0x15, 0x9d, 0xff, 0x15, 0x9d, 0xff, 0x15, 0x9d, 0xff, 0x15, 0x9d, 0xff, 
  0x15, 0x9d, 0xff, 0x15, 0x9d, 0xff, 0x15, 0x9d, 0xff, 0x15, 0x9d, 0xff, 
  0x15, 0x9d, 0xff, 0x15, 0x9d, 0xff, 0x14, 0x95, 0xff, 0xf4, 0x94, 0xff, 
  0xf4, 0x94, 0xff, 0xf4, 0x94, 0xff, 0xf4, 0x94, 0xff, 0xf4, 0x94, 0xff, 
  0xf4, 0x94, 0xff, 0xf4, 0x94, 0xff, 0xf4, 0x94, 0xff, 0xf4, 0x94, 0xff, 
  0xf4, 0x94, 0xff, 0xf4, 0x94, 0xff, 0xf4, 0x94, 0xff, 0xf4, 0x94, 0xff, 
  0xf4, 0x94, 0xff, 0xf4, 0x94, 0xff, 0xf4, 0x94, 0xff, 0xf4, 0x94, 0xff, 
  0xf4, 0x94, 0xff, 0xd4, 0x94, 0xff, 0xd4, 0x94, 0xff, 0xd4, 0x94, 0xff, 
  0xd4, 0x94, 0xff, 0xd4, 0x94, 0xff, 0xd4, 0x94, 0xff, 0xd4, 0x94, 0xff, 
  0xd4, 0x94, 0xfb, 0x56, 0xa5, 0xff, 0xb4, 0x8c, 0x80, 0x00, 0x00, 0x00, 
  0xf7, 0xbd, 0x04, 0x00, 0x00, 0x00, 0x00, 0x00, 0x00, 0x00, 0x00, 0x00, 
  0x00, 0x00, 0x00, 0x00, 0x00, 0x00, 0x00, 0x00, 0x00, 0x00, 0x00, 0x00, 
  0x00, 0x00, 0x00, 0x00, 0x00, 0x00, 0x00, 0x00, 0x00, 0x00, 0x00, 0x00, 
  0x00, 0x00, 0x00, 0x00, 0x00, 0x00, 0x00, 0x00, 0x00, 0x00, 0x00, 0x00, 
  0x00, 0x00, 0x00, 0x00, 0x00, 0x00, 0x00, 0x00, 0x00, 0x00, 0x00, 0x00, 
  0x00, 0x00, 0x00, 0x00, 0x00, 0x00, 0x00, 0x00, 0x00, 0x00, 0x00, 0x00, 
  0x00, 0x00, 0x00, 0x00, 0x00, 0x00, 0x00, 0x00, 0x00, 0x00, 0x00, 0x00, 
  0x00, 0x00, 0x00, 0x00, 0x00, 0x00, 0x00, 0x00, 0x00, 0x00, 0x00, 0x00, 
  0x00, 0x00, 0x00, 0x00, 0x00, 0x00, 0x00, 0x00, 0x00, 0x00, 0x00, 0x00, 
  0x00, 0x00, 0x00, 0x00, 0x00, 0x00, 0x00, 0x00, 0x00, 0x00, 0x00, 0x00, 
  0x00, 0x00, 0x00, 0x00, 0x00, 0x00, 0x00, 0x00, 0x00, 0x00, 0x00, 0x00, 
  0x00, 0x00, 0x00, 0x00, 0x00, 0x00, 0x00, 0x00, 0x00, 0x00, 0x00, 0x00, 
  0x00, 0x00, 0x00, 0x00, 0x00, 0x00, 0x00, 0x00, 0x00, 0x00, 0x00, 0x00, 
  0x00, 0x00, 0x00, 0x00, 0x00, 0x00, 0x00, 0x00, 0x00, 0x00, 0x00, 0x00, 
  0x00, 0x00, 0x00, 0x00, 0x00, 0x00, 0x00, 0x00, 0x00, 0x00, 0x00, 0x00, 
  0x00, 0x00, 0x00, 0x00, 0x00, 0x00, 0x00, 0x00, 0x00, 0x00, 0x00, 0x00, 
  0x00, 0x00, 0x00, 0x00, 0x00, 0x00, 0x00, 0x00, 0x00, 0x00, 0x00, 0x00, 
  0x00, 0x00, 0x00, 0x00, 0x00, 0x00, 0x00, 0x00, 0x00, 0xf7, 0xbd, 0x04, 
  0x00, 0x00, 0x00, 0x15, 0x9d, 0x80, 0xb7, 0xad, 0xff, 0x15, 0x9d, 0xfb, 
  0x15, 0x9d, 0xff, 0x15, 0x9d, 0xff, 0x15, 0x9d, 0xff, 0x15, 0x9d, 0xff, 
  0x15, 0x9d, 0xff, 0x15, 0x9d, 0xff, 0x15, 0x9d, 0xff, 0x15, 0x9d, 0xff, 
  0x15, 0x9d, 0xff, 0x15, 0x9d, 0xff, 0x15, 0x9d, 0xff, 0x15, 0x95, 0xff, 
  0x15, 0x95, 0xff, 0x15, 0x95, 0xff, 0xf4, 0x94, 0xff, 0xf4, 0x94, 0xff, 
  0xf4, 0x94, 0xff, 0xf4, 0x94, 0xff, 0xf4, 0x94, 0xff, 0xf4, 0x94, 0xff, 
  0xf4, 0x94, 0xff, 0xf4, 0x94, 0xff, 0xf4, 0x94, 0xff, 0xf4, 0x94, 0xff, 
  0xf4, 0x94, 0xff, 0xf4, 0x94, 0xff, 0xf4, 0x94, 0xff, 0xf4, 0x94, 0xff, 
  0xf4, 0x94, 0xff, 0xf4, 0x94, 0xff, 0xf4, 0x94, 0xff, 0xd4, 0x94, 0xff, 
  0xd4, 0x94, 0xff, 0xd4, 0x94, 0xff, 0xd4, 0x94, 0xff, 0xd4, 0x94, 0xff, 
  0xd4, 0x94, 0xff, 0xd4, 0x94, 0xff, 0xd4, 0x94, 0xff, 0xd4, 0x94, 0xff, 
  0xd4, 0x94, 0xfb, 0x56, 0xa5, 0xff, 0xd3, 0x94, 0x80, 0x00, 0x00, 0x00, 
  0xf7, 0xbd, 0x04, 0x00, 0x00, 0x00, 0x00, 0x00, 0x00, 0x00, 0x00, 0x00, 
  0x00, 0x00, 0x00, 0x00, 0x00, 0x00, 0x00, 0x00, 0x00, 0x00, 0x00, 0x00, 
  0x00, 0x00, 0x00, 0x00, 0x00, 0x00, 0x00, 0x00, 0x00, 0x00, 0x00, 0x00, 
  0x00, 0x00, 0x00, 0x00, 0x00, 0x00, 0x00, 0x00, 0x00, 0x00, 0x00, 0x00, 
  0x00, 0x00, 0x00, 0x00, 0x00, 0x00, 0x00, 0x00, 0x00, 0x00, 0x00, 0x00, 
  0x00, 0x00, 0x00, 0x00, 0x00, 0x00, 0x00, 0x00, 0x00, 0x00, 0x00, 0x00, 
  0x00, 0x00, 0x00, 0x00, 0x00, 0x00, 0x00, 0x00, 0x00, 0x00, 0x00, 0x00, 
  0x00, 0x00, 0x00, 0x00, 0x00, 0x00, 0x00, 0x00, 0x00, 0x00, 0x00, 0x00, 
  0x00, 0x00, 0x00, 0x00, 0x00, 0x00, 0x00, 0x00, 0x00, 0x00, 0x00, 0x00, 
  0x00, 0x00, 0x00, 0x00, 0x00, 0x00, 0x00, 0x00, 0x00, 0x00, 0x00, 0x00, 
  0x00, 0x00, 0x00, 0x00, 0x00, 0x00, 0x00, 0x00, 0x00, 0x00, 0x00, 0x00, 
  0x00, 0x00, 0x00, 0x00, 0x00, 0x00, 0x00, 0x00, 0x00, 0x00, 0x00, 0x00, 
  0x00, 0x00, 0x00, 0x00, 0x00, 0x00, 0x00, 0x00, 0x00, 0x00, 0x00, 0x00, 
  0x00, 0x00, 0x00, 0x00, 0x00, 0x00, 0x00, 0x00, 0x00, 0x00, 0x00, 0x00, 
  0x00, 0x00, 0x00, 0x00, 0x00, 0x00, 0x00, 0x00, 0x00, 0x00, 0x00, 0x00, 
  0x00, 0x00, 0x00, 0x00, 0x00, 0x00, 0x00, 0x00, 0x00, 0x00, 0x00, 0x00, 
  0x00, 0x00, 0x00, 0x00, 0x00, 0x00, 0x00, 0x00, 0x00, 0x00, 0x00, 0x00, 
  0x00, 0x00, 0x00, 0x00, 0x00, 0x00, 0x00, 0x00, 0x00, 0xf7, 0xbd, 0x04, 
  0x00, 0x00, 0x00, 0x15, 0x9d, 0x80, 0xb7, 0xad, 0xff, 0x15, 0x9d, 0xfb, 
  0x15, 0x9d, 0xff, 0x15, 0x9d, 0xff, 0x15, 0x9d, 0xff, 0x15, 0x9d, 0xff, 
  0x15, 0x9d, 0xff, 0x15, 0x9d, 0xff, 0x15, 0x9d, 0xff, 0x15, 0x9d, 0xff, 
  0x15, 0x9d, 0xff, 0x15, 0x9d, 0xff, 0x15, 0x95, 0xff, 0x14, 0x95, 0xff, 
  0x14, 0x95, 0xff, 0xf4, 0x94, 0xff, 0xf4, 0x94, 0xff, 0xf4, 0x94, 0xff, 
  0xf4, 0x94, 0xff, 0xf4, 0x94, 0xff, 0xf4, 0x94, 0xff, 0xf4, 0x94, 0xff, 
  0xf4, 0x94, 0xff, 0xf4, 0x94, 0xff, 0xf4, 0x94, 0xff, 0xf4, 0x94, 0xff, 
  0xf4, 0x94, 0xff, 0xf4, 0x94, 0xff, 0xf4, 0x94, 0xff, 0xf4, 0x94, 0xff, 
  0xf4, 0x94, 0xff, 0xf4, 0x94, 0xff, 0xd4, 0x94, 0xff, 0xd4, 0x94, 0xff, 
  0xd4, 0x94, 0xff, 0xd4, 0x94, 0xff, 0xd4, 0x94, 0xff, 0xd4, 0x94, 0xff, 
  0xd4, 0x94, 0xff, 0xd4, 0x94, 0xff, 0xd4, 0x94, 0xff, 0xd4, 0x94, 0xff, 
  0xd3, 0x94, 0xfb, 0x56, 0xa5, 0xff, 0xd3, 0x94, 0x80, 0x00, 0x00, 0x00, 
  0xf7, 0xbd, 0x04, 0x00, 0x00, 0x00, 0x00, 0x00, 0x00, 0x00, 0x00, 0x00, 
  0x00, 0x00, 0x00, 0x00, 0x00, 0x00, 0x00, 0x00, 0x00, 0x00, 0x00, 0x00, 
  0x00, 0x00, 0x00, 0x00, 0x00, 0x00, 0x00, 0x00, 0x00, 0x00, 0x00, 0x00, 
  0x00, 0x00, 0x00, 0x00, 0x00, 0x00, 0x00, 0x00, 0x00, 0x00, 0x00, 0x00, 
  0x00, 0x00, 0x00, 0x00, 0x00, 0x00, 0x00, 0x00, 0x00, 0x00, 0x00, 0x00, 
  0x00, 0x00, 0x00, 0x00, 0x00, 0x00, 0x00, 0x00, 0x00, 0x00, 0x00, 0x00, 
  0x00, 0x00, 0x00, 0x00, 0x00, 0x00, 0x00, 0x00, 0x00, 0x00, 0x00, 0x00, 
  0x00, 0x00, 0x00, 0x00, 0x00, 0x00, 0x00, 0x00, 0x00, 0x00, 0x00, 0x00, 
  0x00, 0x00, 0x00, 0x00, 0x00, 0x00, 0x00, 0x00, 0x00, 0x00, 0x00, 0x00, 
  0x00, 0x00, 0x00, 0x00, 0x00, 0x00, 0x00, 0x00, 0x00, 0x00, 0x00, 0x00, 
  0x00, 0x00, 0x00, 0x00, 0x00, 0x00, 0x00, 0x00, 0x00, 0x00, 0x00, 0x00, 
  0x00, 0x00, 0x00, 0x00, 0x00, 0x00, 0x00, 0x00, 0x00, 0x00, 0x00, 0x00, 
  0x00, 0x00, 0x00, 0x00, 0x00, 0x00, 0x00, 0x00, 0x00, 0x00, 0x00, 0x00, 
  0x00, 0x00, 0x00, 0x00, 0x00, 0x00, 0x00, 0x00, 0x00, 0x00, 0x00, 0x00, 
  0x00, 0x00, 0x00, 0x00, 0x00, 0x00, 0x00, 0x00, 0x00, 0x00, 0x00, 0x00, 
  0x00, 0x00, 0x00, 0x00, 0x00, 0x00, 0x00, 0x00, 0x00, 0x00, 0x00, 0x00, 
  0x00, 0x00, 0x00, 0x00, 0x00, 0x00, 0x00, 0x00, 0x00, 0x00, 0x00, 0x00, 
  0x00, 0x00, 0x00, 0x00, 0x00, 0x00, 0x00, 0x00, 0x00, 0xf7, 0xbd, 0x04, 
  0x00, 0x00, 0x00, 0x15, 0x9d, 0x80, 0xb7, 0xad, 0xff, 0x15, 0x9d, 0xfb, 
  0x15, 0x9d, 0xff, 0x15, 0x9d, 0xff, 0x15, 0x9d, 0xff, 0x15, 0x9d, 0xff, 
  0x15, 0x9d, 0xff, 0x15, 0x9d, 0xff, 0x15, 0x9d, 0xff, 0x15, 0x9d, 0xff, 
  0x15, 0x9d, 0xff, 0x15, 0x95, 0xff, 0xf4, 0x94, 0xff, 0xf4, 0x94, 0xff, 
  0xf4, 0x94, 0xff, 0xf4, 0x94, 0xff, 0xf4, 0x94, 0xff, 0xf4, 0x94, 0xff, 
  0xf4, 0x94, 0xff, 0xf4, 0x94, 0xff, 0xf4, 0x94, 0xff, 0xf4, 0x94, 0xff, 
  0xf4, 0x94, 0xff, 0xf4, 0x94, 0xff, 0xf4, 0x94, 0xff, 0xf4, 0x94, 0xff, 
  0xf4, 0x94, 0xff, 0xf4, 0x94, 0xff, 0xf4, 0x94, 0xff, 0xf4, 0x94, 0xff, 
  0xf4, 0x94, 0xff, 0xd4, 0x94, 0xff, 0xd4, 0x94, 0xff, 0xd4, 0x94, 0xff, 
  0xd4, 0x94, 0xff, 0xd4, 0x94, 0xff, 0xd4, 0x94, 0xff, 0xd4, 0x94, 0xff, 
  0xd4, 0x94, 0xff, 0xd4, 0x94, 0xff, 0xd4, 0x94, 0xff, 0xd4, 0x94, 0xff, 
  0xd3, 0x94, 0xfb, 0x56, 0xa5, 0xff, 0xb3, 0x8c, 0x80, 0x00, 0x00, 0x00, 
  0xf7, 0x7d, 0x04, 0x00, 0x00, 0x00, 0x00, 0x00, 0x00, 0x00, 0x00, 0x00, 
  0x00, 0x00, 0x00, 0x00, 0x00, 0x00, 0x00, 0x00, 0x00, 0x00, 0x00, 0x00, 
  0x00, 0x00, 0x00, 0x00, 0x00, 0x00, 0x00, 0x00, 0x00, 0x00, 0x00, 0x00, 
  0x00, 0x00, 0x00, 0x00, 0x00, 0x00, 0x00, 0x00, 0x00, 0x00, 0x00, 0x00, 
  0x00, 0x00, 0x00, 0x00, 0x00, 0x00, 0x00, 0x00, 0x00, 0x00, 0x00, 0x00, 
  0x00, 0x00, 0x00, 0x00, 0x00, 0x00, 0x00, 0x00, 0x00, 0x00, 0x00, 0x00, 
  0x00, 0x00, 0x00, 0x00, 0x00, 0x00, 0x00, 0x00, 0x00, 0x00, 0x00, 0x00, 
  0x00, 0x00, 0x00, 0x00, 0x00, 0x00, 0x00, 0x00, 0x00, 0x00, 0x00, 0x00, 
  0x00, 0x00, 0x00, 0x00, 0x00, 0x00, 0x00, 0x00, 0x00, 0x00, 0x00, 0x00, 
  0x00, 0x00, 0x00, 0x00, 0x00, 0x00, 0x00, 0x00, 0x00, 0x00, 0x00, 0x00, 
  0x00, 0x00, 0x00, 0x00, 0x00, 0x00, 0x00, 0x00, 0x00, 0x00, 0x00, 0x00, 
  0x00, 0x00, 0x00, 0x00, 0x00, 0x00, 0x00, 0x00, 0x00, 0x00, 0x00, 0x00, 
  0x00, 0x00, 0x00, 0x00, 0x00, 0x00, 0x00, 0x00, 0x00, 0x00, 0x00, 0x00, 
  0x00, 0x00, 0x00, 0x00, 0x00, 0x00, 0x00, 0x00, 0x00, 0x00, 0x00, 0x00, 
  0x00, 0x00, 0x00, 0x00, 0x00, 0x00, 0x00, 0x00, 0x00, 0x00, 0x00, 0x00, 
  0x00, 0x00, 0x00, 0x00, 0x00, 0x00, 0x00, 0x00, 0x00, 0x00, 0x00, 0x00, 
  0x00, 0x00, 0x00, 0x00, 0x00, 0x00, 0x00, 0x00, 0x00, 0x00, 0x00, 0x00, 
  0x00, 0x00, 0x00, 0x00, 0x00, 0x00, 0x00, 0x00, 0x00, 0xf7, 0xbd, 0x04, 
  0x00, 0x00, 0x00, 0x15, 0x9d, 0x80, 0xb7, 0xad, 0xff, 0x15, 0x9d, 0xfb, 
  0x15, 0x9d, 0xff, 0x15, 0x9d, 0xff, 0x15, 0x9d, 0xff, 0x15, 0x9d, 0xff, 
  0x15, 0x9d, 0xff, 0x15, 0x9d, 0xff, 0x15, 0x9d, 0xff, 0x15, 0x9d, 0xff, 
  0x15, 0x95, 0xff, 0xf4, 0x94, 0xff, 0xf4, 0x94, 0xff, 0xf4, 0x94, 0xff, 
  0xf4, 0x94, 0xff, 0xf4, 0x94, 0xff, 0xf4, 0x94, 0xff, 0xf4, 0x94, 0xff, 
  0xf4, 0x94, 0xff, 0xf4, 0x94, 0xff, 0xf4, 0x94, 0xff, 0xf4, 0x94, 0xff, 
  0xf4, 0x94, 0xff, 0xf4, 0x94, 0xff, 0xf4, 0x94, 0xff, 0xf4, 0x94, 0xff, 
  0xf4, 0x94, 0xff, 0xf4, 0x94, 0xff, 0xd4, 0x94, 0xff, 0xd4, 0x94, 0xff, 
  0xd4, 0x94, 0xff, 0xd4, 0x94, 0xff, 0xd4, 0x94, 0xff, 0xd4, 0x94, 0xff, 
  0xd4, 0x94, 0xff, 0xd4, 0x94, 0xff, 0xd4, 0x94, 0xff, 0xd4, 0x94, 0xff, 
  0xd4, 0x94, 0xff, 0xd4, 0x94, 0xff, 0xd4, 0x94, 0xff, 0xd4, 0x94, 0xff, 
  0xb3, 0x94, 0xfb, 0x56, 0xa5, 0xff, 0xb3, 0x8c, 0x80, 0x00, 0x00, 0x00, 
  0xf7, 0x7d, 0x04, 0x00, 0x00, 0x00, 0x00, 0x00, 0x00, 0x00, 0x00, 0x00, 
  0x00, 0x00, 0x00, 0x00, 0x00, 0x00, 0x00, 0x00, 0x00, 0x00, 0x00, 0x00, 
  0x00, 0x00, 0x00, 0x00, 0x00, 0x00, 0x00, 0x00, 0x00, 0x00, 0x00, 0x00, 
  0x00, 0x00, 0x00, 0x00, 0x00, 0x00, 0x00, 0x00, 0x00, 0x00, 0x00, 0x00, 
  0x00, 0x00, 0x00, 0x00, 0x00, 0x00, 0x00, 0x00, 0x00, 0x00, 0x00, 0x00, 
  0x00, 0x00, 0x00, 0x00, 0x00, 0x00, 0x00, 0x00, 0x00, 0x00, 0x00, 0x00, 
  0x00, 0x00, 0x00, 0x00, 0x00, 0x00, 0x00, 0x00, 0x00, 0x00, 0x00, 0x00, 
  0x00, 0x00, 0x00, 0x00, 0x00, 0x00, 0x00, 0x00, 0x00, 0x00, 0x00, 0x00, 
  0x00, 0x00, 0x00, 0x00, 0x00, 0x00, 0x00, 0x00, 0x00, 0x00, 0x00, 0x00, 
  0x00, 0x00, 0x00, 0x00, 0x00, 0x00, 0x00, 0x00, 0x00, 0x00, 0x00, 0x00, 
  0x00, 0x00, 0x00, 0x00, 0x00, 0x00, 0x00, 0x00, 0x00, 0x00, 0x00, 0x00, 
  0x00, 0x00, 0x00, 0x00, 0x00, 0x00, 0x00, 0x00, 0x00, 0x00, 0x00, 0x00, 
  0x00, 0x00, 0x00, 0x00, 0x00, 0x00, 0x00, 0x00, 0x00, 0x00, 0x00, 0x00, 
  0x00, 0x00, 0x00, 0x00, 0x00, 0x00, 0x00, 0x00, 0x00, 0x00, 0x00, 0x00, 
  0x00, 0x00, 0x00, 0x00, 0x00, 0x00, 0x00, 0x00, 0x00, 0x00, 0x00, 0x00, 
  0x00, 0x00, 0x00, 0x00, 0x00, 0x00, 0x00, 0x00, 0x00, 0x00, 0x00, 0x00, 
  0x00, 0x00, 0x00, 0x00, 0x00, 0x00, 0x00, 0x00, 0x00, 0x00, 0x00, 0x00, 
  0x00, 0x00, 0x00, 0x00, 0x00, 0x00, 0x00, 0x00, 0x00, 0xf7, 0xbd, 0x04, 
  0x00, 0x00, 0x00, 0x15, 0x9d, 0x80, 0xb7, 0xad, 0xff, 0x15, 0x9d, 0xfb, 
  0x15, 0x9d, 0xff, 0x15, 0x9d, 0xff, 0x15, 0x9d, 0xff, 0x15, 0x9d, 0xff, 
  0x15, 0x9d, 0xff, 0x15, 0x9d, 0xff, 0x15, 0x95, 0xff, 0x15, 0x95, 0xff, 
  0x14, 0x95, 0xff, 0xf4, 0x94, 0xff, 0xf4, 0x94, 0xff, 0xf4, 0x94, 0xff, 
  0xf4, 0x94, 0xff, 0xf4, 0x94, 0xff, 0xf4, 0x94, 0xff, 0xf4, 0x94, 0xff, 
  0xf4, 0x94, 0xff, 0xf4, 0x94, 0xff, 0xf4, 0x94, 0xff, 0xf4, 0x94, 0xff, 
  0xf4, 0x94, 0xff, 0xf4, 0x94, 0xff, 0xf4, 0x94, 0xff, 0xf4, 0x94, 0xff, 
  0xf4, 0x94, 0xff, 0xf4, 0x94, 0xff, 0xd4, 0x94, 0xff, 0xd4, 0x94, 0xff, 
  0xd4, 0x94, 0xff, 0xd4, 0x94, 0xff, 0xd4, 0x94, 0xff, 0xd4, 0x94, 0xff, 
  0xd4, 0x94, 0xff, 0xd4, 0x94, 0xff, 0xd4, 0x94, 0xff, 0xd4, 0x94, 0xff, 
  0xd4, 0x94, 0xff, 0xd4, 0x94, 0xff, 0xd4, 0x94, 0xff, 0xd4, 0x94, 0xff, 
  0xb3, 0x94, 0xfb, 0x56, 0xa5, 0xff, 0xb3, 0x8c, 0x80, 0x00, 0x00, 0x00, 
  0xf7, 0x7d, 0x04, 0x00, 0x00, 0x00, 0x00, 0x00, 0x00, 0x00, 0x00, 0x00, 
  0x00, 0x00, 0x00, 0x00, 0x00, 0x00, 0x00, 0x00, 0x00, 0x00, 0x00, 0x00, 
  0x00, 0x00, 0x00, 0x00, 0x00, 0x00, 0x00, 0x00, 0x00, 0x00, 0x00, 0x00, 
  0x00, 0x00, 0x00, 0x00, 0x00, 0x00, 0x00, 0x00, 0x00, 0x00, 0x00, 0x00, 
  0x00, 0x00, 0x00, 0x00, 0x00, 0x00, 0x00, 0x00, 0x00, 0x00, 0x00, 0x00, 
  0x00, 0x00, 0x00, 0x00, 0x00, 0x00, 0x00, 0x00, 0x00, 0x00, 0x00, 0x00, 
  0x00, 0x00, 0x00, 0x00, 0x00, 0x00, 0x00, 0x00, 0x00, 0x00, 0x00, 0x00, 
  0x00, 0x00, 0x00, 0x00, 0x00, 0x00, 0x00, 0x00, 0x00, 0x00, 0x00, 0x00, 
  0x00, 0x00, 0x00, 0x00, 0x00, 0x00, 0x00, 0x00, 0x00, 0x00, 0x00, 0x00, 
  0x00, 0x00, 0x00, 0x00, 0x00, 0x00, 0x00, 0x00, 0x00, 0x00, 0x00, 0x00, 
  0x00, 0x00, 0x00, 0x00, 0x00, 0x00, 0x00, 0x00, 0x00, 0x00, 0x00, 0x00, 
  0x00, 0x00, 0x00, 0x00, 0x00, 0x00, 0x00, 0x00, 0x00, 0x00, 0x00, 0x00, 
  0x00, 0x00, 0x00, 0x00, 0x00, 0x00, 0x00, 0x00, 0x00, 0x00, 0x00, 0x00, 
  0x00, 0x00, 0x00, 0x00, 0x00, 0x00, 0x00, 0x00, 0x00, 0x00, 0x00, 0x00, 
  0x00, 0x00, 0x00, 0x00, 0x00, 0x00, 0x00, 0x00, 0x00, 0x00, 0x00, 0x00, 
  0x00, 0x00, 0x00, 0x00, 0x00, 0x00, 0x00, 0x00, 0x00, 0x00, 0x00, 0x00, 
  0x00, 0x00, 0x00, 0x00, 0x00, 0x00, 0x00, 0x00, 0x00, 0x00, 0x00, 0x00, 
  0x00, 0x00, 0x00, 0x00, 0x00, 0x00, 0x00, 0x00, 0x00, 0xf7, 0xbd, 0x04, 
  0x00, 0x00, 0x00, 0x15, 0x9d, 0x80, 0xb7, 0xad, 0xff, 0x15, 0x9d, 0xfb, 
  0x15, 0x9d, 0xff, 0x15, 0x9d, 0xff, 0x15, 0x9d, 0xff, 0x15, 0x9d, 0xff, 
  0x15, 0x9d, 0xff, 0x15, 0x95, 0xff, 0x15, 0x95, 0xff, 0x15, 0x95, 0xff, 
  0xf4, 0x94, 0xff, 0xf4, 0x94, 0xff, 0xf4, 0x94, 0xff, 0xf4, 0x94, 0xff, 
  0xf4, 0x94, 0xff, 0xf4, 0x94, 0xff, 0xf4, 0x94, 0xff, 0xf4, 0x94, 0xff, 
  0xf4, 0x94, 0xff, 0xf4, 0x94, 0xff, 0xf4, 0x94, 0xff, 0xf4, 0x94, 0xff, 
  0xf4, 0x94, 0xff, 0xf4, 0x94, 0xff, 0xf4, 0x94, 0xff, 0xf4, 0x94, 0xff, 
  0xf4, 0x94, 0xff, 0xd4, 0x94, 0xff, 0xd4, 0x94, 0xff, 0xd4, 0x94, 0xff, 
  0xd4, 0x94, 0xff, 0xd4, 0x94, 0xff, 0xd4, 0x94, 0xff, 0xd4, 0x94, 0xff, 
  0xd4, 0x94, 0xff, 0xd4, 0x94, 0xff, 0xd4, 0x94, 0xff, 0xd4, 0x94, 0xff, 
  0xd4, 0x94, 0xff, 0xd4, 0x94, 0xff, 0xd4, 0x94, 0xff, 0xd3, 0x94, 0xff, 
  0xb3, 0x94, 0xfb, 0x56, 0xa5, 0xff, 0xb3, 0x8c, 0x80, 0x00, 0x00, 0x00, 
  0xf7, 0x7d, 0x04, 0x00, 0x00, 0x00, 0x00, 0x00, 0x00, 0x00, 0x00, 0x00, 
  0x00, 0x00, 0x00, 0x00, 0x00, 0x00, 0x00, 0x00, 0x00, 0x00, 0x00, 0x00, 
  0x00, 0x00, 0x00, 0x00, 0x00, 0x00, 0x00, 0x00, 0x00, 0x00, 0x00, 0x00, 
  0x00, 0x00, 0x00, 0x00, 0x00, 0x00, 0x00, 0x00, 0x00, 0x00, 0x00, 0x00, 
  0x00, 0x00, 0x00, 0x00, 0x00, 0x00, 0x00, 0x00, 0x00, 0x00, 0x00, 0x00, 
  0x00, 0x00, 0x00, 0x00, 0x00, 0x00, 0x00, 0x00, 0x00, 0x00, 0x00, 0x00, 
  0x00, 0x00, 0x00, 0x00, 0x00, 0x00, 0x00, 0x00, 0x00, 0x00, 0x00, 0x00, 
  0x00, 0x00, 0x00, 0x00, 0x00, 0x00, 0x00, 0x00, 0x00, 0x00, 0x00, 0x00, 
  0x00, 0x00, 0x00, 0x00, 0x00, 0x00, 0x00, 0x00, 0x00, 0x00, 0x00, 0x00, 
  0x00, 0x00, 0x00, 0x00, 0x00, 0x00, 0x00, 0x00, 0x00, 0x00, 0x00, 0x00, 
  0x00, 0x00, 0x00, 0x00, 0x00, 0x00, 0x00, 0x00, 0x00, 0x00, 0x00, 0x00, 
  0x00, 0x00, 0x00, 0x00, 0x00, 0x00, 0x00, 0x00, 0x00, 0x00, 0x00, 0x00, 
  0x00, 0x00, 0x00, 0x00, 0x00, 0x00, 0x00, 0x00, 0x00, 0x00, 0x00, 0x00, 
  0x00, 0x00, 0x00, 0x00, 0x00, 0x00, 0x00, 0x00, 0x00, 0x00, 0x00, 0x00, 
  0x00, 0x00, 0x00, 0x00, 0x00, 0x00, 0x00, 0x00, 0x00, 0x00, 0x00, 0x00, 
  0x00, 0x00, 0x00, 0x00, 0x00, 0x00, 0x00, 0x00, 0x00, 0x00, 0x00, 0x00, 
  0x00, 0x00, 0x00, 0x00, 0x00, 0x00, 0x00, 0x00, 0x00, 0x00, 0x00, 0x00, 
  0x00, 0x00, 0x00, 0x00, 0x00, 0x00, 0x00, 0x00, 0x00, 0xf7, 0xbd, 0x04, 
  0x00, 0x00, 0x00, 0x15, 0x9d, 0x80, 0x97, 0xad, 0xff, 0x15, 0x95, 0xfb, 
  0x15, 0x9d, 0xff, 0x15, 0x9d, 0xff, 0x15, 0x9d, 0xff, 0x15, 0x9d, 0xff, 
  0x15, 0x95, 0xff, 0x14, 0x95, 0xff, 0xf4, 0x94, 0xff, 0xf4, 0x94, 0xff, 
  0xf4, 0x94, 0xff, 0xf4, 0x94, 0xff, 0xf4, 0x94, 0xff, 0xf4, 0x94, 0xff, 
  0xf4, 0x94, 0xff, 0xf4, 0x94, 0xff, 0xf4, 0x94, 0xff, 0xf4, 0x94, 0xff, 
  0xf4, 0x94, 0xff, 0xf4, 0x94, 0xff, 0xf4, 0x94, 0xff, 0xf4, 0x94, 0xff, 
  0xf4, 0x94, 0xff, 0xf4, 0x94, 0xff, 0xf4, 0x94, 0xff, 0xf4, 0x94, 0xff, 
  0xd4, 0x94, 0xff, 0xd4, 0x94, 0xff, 0xd4, 0x94, 0xff, 0xd4, 0x94, 0xff, 
  0xd4, 0x94, 0xff, 0xd4, 0x94, 0xff, 0xd4, 0x94, 0xff, 0xd4, 0x94, 0xff, 
  0xd4, 0x94, 0xff, 0xd4, 0x94, 0xff, 0xd4, 0x94, 0xff, 0xd4, 0x94, 0xff, 
  0xd4, 0x94, 0xff, 0xd4, 0x94, 0xff, 0xd3, 0x94, 0xff, 0xd3, 0x94, 0xff, 
  0xb3, 0x94, 0xfb, 0x56, 0x9d, 0xff, 0xb3, 0x8c, 0x80, 0x00, 0x00, 0x00, 
  0xf7, 0x7d, 0x04, 0x00, 0x00, 0x00, 0x00, 0x00, 0x00, 0x00, 0x00, 0x00, 
  0x00, 0x00, 0x00, 0x00, 0x00, 0x00, 0x00, 0x00, 0x00, 0x00, 0x00, 0x00, 
  0x00, 0x00, 0x00, 0x00, 0x00, 0x00, 0x00, 0x00, 0x00, 0x00, 0x00, 0x00, 
  0x00, 0x00, 0x00, 0x00, 0x00, 0x00, 0x00, 0x00, 0x00, 0x00, 0x00, 0x00, 
  0x00, 0x00, 0x00, 0x00, 0x00, 0x00, 0x00, 0x00, 0x00, 0x00, 0x00, 0x00, 
  0x00, 0x00, 0x00, 0x00, 0x00, 0x00, 0x00, 0x00, 0x00, 0x00, 0x00, 0x00, 
  0x00, 0x00, 0x00, 0x00, 0x00, 0x00, 0x00, 0x00, 0x00, 0x00, 0x00, 0x00, 
  0x00, 0x00, 0x00, 0x00, 0x00, 0x00, 0x00, 0x00, 0x00, 0x00, 0x00, 0x00, 
  0x00, 0x00, 0x00, 0x00, 0x00, 0x00, 0x00, 0x00, 0x00, 0x00, 0x00, 0x00, 
  0x00, 0x00, 0x00, 0x00, 0x00, 0x00, 0x00, 0x00, 0x00, 0x00, 0x00, 0x00, 
  0x00, 0x00, 0x00, 0x00, 0x00, 0x00, 0x00, 0x00, 0x00, 0x00, 0x00, 0x00, 
  0x00, 0x00, 0x00, 0x00, 0x00, 0x00, 0x00, 0x00, 0x00, 0x00, 0x00, 0x00, 
  0x00, 0x00, 0x00, 0x00, 0x00, 0x00, 0x00, 0x00, 0x00, 0x00, 0x00, 0x00, 
  0x00, 0x00, 0x00, 0x00, 0x00, 0x00, 0x00, 0x00, 0x00, 0x00, 0x00, 0x00, 
  0x00, 0x00, 0x00, 0x00, 0x00, 0x00, 0x00, 0x00, 0x00, 0x00, 0x00, 0x00, 
  0x00, 0x00, 0x00, 0x00, 0x00, 0x00, 0x00, 0x00, 0x00, 0x00, 0x00, 0x00, 
  0x00, 0x00, 0x00, 0x00, 0x00, 0x00, 0xff, 0xff, 0x01, 0x55, 0xad, 0x03, 
  0xf7, 0xbd, 0x04, 0xf7, 0xbd, 0x04, 0xf7, 0xbd, 0x04, 0xf7, 0xbd, 0x08, 
  0xf7, 0xbd, 0x04, 0xf5, 0x94, 0x82, 0x97, 0xad, 0xff, 0x15, 0x95, 0xfb, 
  0x15, 0x9d, 0xff, 0x15, 0x9d, 0xff, 0x15, 0x9d, 0xff, 0x15, 0x95, 0xff, 
  0xf4, 0x94, 0xff, 0xf4, 0x94, 0xff, 0xf4, 0x94, 0xff, 0xf4, 0x94, 0xff, 
  0xf4, 0x94, 0xff, 0xf4, 0x94, 0xff, 0xf4, 0x94, 0xff, 0xf4, 0x94, 0xff, 
  0xf4, 0x94, 0xff, 0xf4, 0x94, 0xff, 0xf4, 0x94, 0xff, 0xf4, 0x94, 0xff, 
  0xf4, 0x94, 0xff, 0xf4, 0x94, 0xff, 0xf4, 0x94, 0xff, 0xf4, 0x94, 0xff, 
  0xf4, 0x94, 0xff, 0xf4, 0x94, 0xff, 0xf4, 0x94, 0xff, 0xd4, 0x94, 0xff, 
  0xd4, 0x94, 0xff, 0xd4, 0x94, 0xff, 0xd4, 0x94, 0xff, 0xd4, 0x94, 0xff, 
  0xd4, 0x94, 0xff, 0xd4, 0x94, 0xff, 0xd4, 0x94, 0xff, 0xd4, 0x94, 0xff, 
  0xd4, 0x94, 0xff, 0xd4, 0x94, 0xff, 0xd4, 0x94, 0xff, 0xd4, 0x94, 0xff, 
  0xd3, 0x94, 0xff, 0xd3, 0x94, 0xff, 0xd3, 0x94, 0xff, 0xd3, 0x94, 0xff, 
  0xb3, 0x8c, 0xfb, 0x56, 0x9d, 0xff, 0xb3, 0x8c, 0x82, 0xf7, 0xbd, 0x04, 
  0xf7, 0x9d, 0x08, 0xf7, 0xbd, 0x04, 0xf7, 0xbd, 0x04, 0xf7, 0xbd, 0x04, 
  0x55, 0xad, 0x03, 0xff, 0xff, 0x01, 0x00, 0x00, 0x00, 0x00, 0x00, 0x00, 
  0x00, 0x00, 0x00, 0x00, 0x00, 0x00, 0x00, 0x00, 0x00, 0x00, 0x00, 0x00, 
  0x00, 0x00, 0x00, 0x00, 0x00, 0x00, 0x00, 0x00, 0x00, 0x00, 0x00, 0x00, 
  0x00, 0x00, 0x00, 0x00, 0x00, 0x00, 0x00, 0x00, 0x00, 0x00, 0x00, 0x00, 
  0x00, 0x00, 0x00, 0x00, 0x00, 0x00, 0x00, 0x00, 0x00, 0x00, 0x00, 0x00, 
  0x00, 0x00, 0x00, 0x00, 0x00, 0x00, 0x00, 0x00, 0x00, 0x00, 0x00, 0x00, 
  0x00, 0x00, 0x00, 0x00, 0x00, 0x00, 0x00, 0x00, 0x00, 0x00, 0x00, 0x00, 
  0x00, 0x00, 0x00, 0x00, 0x00, 0x00, 0x00, 0x00, 0x00, 0x00, 0x00, 0x00, 
  0x00, 0x00, 0x00, 0x00, 0x00, 0x00, 0x00, 0x00, 0x00, 0x00, 0x00, 0x00, 
  0x00, 0x00, 0x00, 0x00, 0x00, 0x00, 0x00, 0x00, 0x00, 0x00, 0x00, 0x00, 
  0x00, 0x00, 0x00, 0x00, 0x00, 0x00, 0x00, 0x00, 0x00, 0x00, 0x00, 0x00, 
  0x00, 0x00, 0x00, 0x00, 0x00, 0x00, 0x00, 0x00, 0x00, 0x00, 0x00, 0x00, 
  0x00, 0x00, 0x00, 0x00, 0x00, 0x00, 0x00, 0x00, 0x00, 0x00, 0x00, 0x00, 
  0x00, 0x00, 0x00, 0x00, 0x00, 0x00, 0x00, 0x00, 0x00, 0x00, 0x00, 0x00, 
  0x00, 0x00, 0x00, 0x00, 0x00, 0x00, 0x00, 0x00, 0x00, 0x00, 0x00, 0x00, 
  0x00, 0x00, 0x00, 0x00, 0x00, 0x00, 0x00, 0x00, 0x00, 0x00, 0x00, 0x00, 
  0x00, 0x00, 0x00, 0x00, 0x00, 0x00, 0x00, 0x00, 0x00, 0x00, 0x00, 0x00, 
  0x00, 0x00, 0x00, 0xf4, 0x94, 0x72, 0xb7, 0xad, 0xff, 0xf4, 0x94, 0xfb, 
  0x15, 0x95, 0xff, 0x15, 0x95, 0xff, 0x15, 0x95, 0xff, 0xf4, 0x94, 0xff, 
  0xf4, 0x94, 0xff, 0xf4, 0x94, 0xff, 0xf4, 0x94, 0xff, 0xf4, 0x94, 0xff, 
  0xf4, 0x94, 0xff, 0xf4, 0x94, 0xff, 0xf4, 0x94, 0xff, 0xf4, 0x94, 0xff, 
  0xf4, 0x94, 0xff, 0xf4, 0x94, 0xff, 0xf4, 0x94, 0xff, 0xf4, 0x94, 0xff, 
  0xf4, 0x94, 0xff, 0xf4, 0x94, 0xff, 0xf4, 0x94, 0xff, 0xf4, 0x94, 0xff, 
  0xd4, 0x94, 0xff, 0xd4, 0x94, 0xff, 0xd4, 0x94, 0xff, 0xd4, 0x94, 0xff, 
  0xd4, 0x94, 0xff, 0xd4, 0x94, 0xff, 0xd4, 0x94, 0xff, 0xd4, 0x94, 0xff, 
  0xd4, 0x94, 0xff, 0xd4, 0x94, 0xff, 0xd4, 0x94, 0xff, 0xd4, 0x94, 0xff, 
  0xd4, 0x94, 0xff, 0xd4, 0x94, 0xff, 0xd3, 0x94, 0xff, 0xd3, 0x94, 0xff, 
  0xd3, 0x94, 0xff, 0xd3, 0x94, 0xff, 0xb3, 0x8c, 0xff, 0xb3, 0x8c, 0xff, 
  0xb3, 0x8c, 0xfb, 0x56, 0xa5, 0xff, 0xb3, 0x8c, 0x72, 0x00, 0x00, 0x00, 
  0x00, 0x00, 0x00, 0x00, 0x00, 0x00, 0x00, 0x00, 0x00, 0x00, 0x00, 0x00, 
  0x00, 0x00, 0x00, 0x00, 0x00, 0x00, 0x00, 0x00, 0x00, 0x00, 0x00, 0x00, 
  0x00, 0x00, 0x00, 0x00, 0x00, 0x00, 0x00, 0x00, 0x00, 0x00, 0x00, 0x00, 
  0x00, 0x00, 0x00, 0x00, 0x00, 0x00, 0x00, 0x00, 0x00, 0x00, 0x00, 0x00, 
  0x00, 0x00, 0x00, 0x00, 0x00, 0x00, 0x00, 0x00, 0x00, 0x00, 0x00, 0x00, 
  0x00, 0x00, 0x00, 0x00, 0x00, 0x00, 0x00, 0x00, 0x00, 0x00, 0x00, 0x00, 
  0x00, 0x00, 0x00, 0x00, 0x00, 0x00, 0x00, 0x00, 0x00, 0x00, 0x00, 0x00, 
  0x00, 0x00, 0x00, 0x00, 0x00, 0x00, 0x00, 0x00, 0x00, 0x00, 0x00, 0x00, 
  0x00, 0x00, 0x00, 0x00, 0x00, 0x00, 0x00, 0x00, 0x00, 0x00, 0x00, 0x00, 
  0x00, 0x00, 0x00, 0x00, 0x00, 0x00, 0x00, 0x00, 0x00, 0x00, 0x00, 0x00, 
  0x00, 0x00, 0x00, 0x00, 0x00, 0x00, 0x00, 0x00, 0x00, 0x00, 0x00, 0x00, 
  0x00, 0x00, 0x00, 0x00, 0x00, 0x00, 0x00, 0x00, 0x00, 0x00, 0x00, 0x00, 
  0x00, 0x00, 0x00, 0x00, 0x00, 0x00, 0x00, 0x00, 0x00, 0x00, 0x00, 0x00, 
  0x00, 0x00, 0x00, 0x00, 0x00, 0x00, 0x00, 0x00, 0x00, 0x00, 0x00, 0x00, 
  0x00, 0x00, 0x00, 0x00, 0x00, 0x00, 0x00, 0x00, 0x00, 0x00, 0x00, 0x00, 
  0x00, 0x00, 0x00, 0x00, 0x00, 0x00, 0x00, 0x00, 0x00, 0x00, 0x00, 0x01, 
  0x00, 0x00, 0x00, 0x00, 0x00, 0x00, 0x57, 0xad, 0x0f, 0x56, 0x9d, 0x58, 
  0x56, 0xa5, 0x80, 0x76, 0xa5, 0x7e, 0x56, 0xa5, 0x80, 0x56, 0xa5, 0x82, 
  0x56, 0xa5, 0x80, 0x15, 0x9d, 0xc0, 0x56, 0xa5, 0xff, 0xf5, 0x94, 0xfd, 
  0x15, 0x95, 0xff, 0x14, 0x95, 0xff, 0x14, 0x95, 0xff, 0xf4, 0x94, 0xff, 
  0xf4, 0x94, 0xff, 0xf4, 0x94, 0xff, 0xf4, 0x94, 0xff, 0xf4, 0x94, 0xff, 
  0xf4, 0x94, 0xff, 0xf4, 0x94, 0xff, 0xf4, 0x94, 0xff, 0xf4, 0x94, 0xff, 
  0xf4, 0x94, 0xff, 0xf4, 0x94, 0xff, 0xf4, 0x94, 0xff, 0xf4, 0x94, 0xff, 
  0xf4, 0x94, 0xff, 0xf4, 0x94, 0xff, 0xf4, 0x94, 0xff, 0xf4, 0x94, 0xff, 
  0xd4, 0x94, 0xff, 0xd4, 0x94, 0xff, 0xd4, 0x94, 0xff, 0xd4, 0x94, 0xff, 
  0xd4, 0x94, 0xff, 0xd4, 0x94, 0xff, 0xd4, 0x94, 0xff, 0xd4, 0x94, 0xff, 
  0xd4, 0x94, 0xff, 0xd4, 0x94, 0xff, 0xd4, 0x94, 0xff, 0xd4, 0x94, 0xff, 
  0xd4, 0x94, 0xff, 0xd4, 0x94, 0xff, 0xd3, 0x94, 0xff, 0xd3, 0x94, 0xff, 
  0xd3, 0x94, 0xff, 0xd3, 0x94, 0xff, 0xb3, 0x8c, 0xff, 0xb3, 0x8c, 0xff, 
  0xb3, 0x8c, 0xfd, 0xf4, 0x94, 0xff, 0xd4, 0x94, 0xc0, 0x35, 0x9d, 0x80, 
  0x35, 0x9d, 0x82, 0x15, 0x9d, 0x80, 0x15, 0x9d, 0x7e, 0x15, 0x9d, 0x80, 
  0x14, 0x9d, 0x57, 0x14, 0x95, 0x0e, 0x00, 0x00, 0x00, 0x00, 0x00, 0x00, 
  0x00, 0x00, 0x01, 0x00, 0x00, 0x00, 0x00, 0x00, 0x00, 0x00, 0x00, 0x00, 
  0x00, 0x00, 0x00, 0x00, 0x00, 0x00, 0x00, 0x00, 0x00, 0x00, 0x00, 0x00, 
  0x00, 0x00, 0x00, 0x00, 0x00, 0x00, 0x00, 0x00, 0x00, 0x00, 0x00, 0x00, 
  0x00, 0x00, 0x00, 0x00, 0x00, 0x00, 0x00, 0x00, 0x00, 0x00, 0x00, 0x00, 
  0x00, 0x00, 0x00, 0x00, 0x00, 0x00, 0x00, 0x00, 0x00, 0x00, 0x00, 0x00, 
  0x00, 0x00, 0x00, 0x00, 0x00, 0x00, 0x00, 0x00, 0x00, 0x00, 0x00, 0x00, 
  0x00, 0x00, 0x00, 0x00, 0x00, 0x00, 0x00, 0x00, 0x00, 0x00, 0x00, 0x00, 
  0x00, 0x00, 0x00, 0x00, 0x00, 0x00, 0x00, 0x00, 0x00, 0x00, 0x00, 0x00, 
  0x00, 0x00, 0x00, 0x00, 0x00, 0x00, 0x00, 0x00, 0x00, 0x00, 0x00, 0x00, 
  0x00, 0x00, 0x00, 0x00, 0x00, 0x00, 0x00, 0x00, 0x00, 0x00, 0x00, 0x00, 
  0x00, 0x00, 0x00, 0x00, 0x00, 0x00, 0x00, 0x00, 0x00, 0x00, 0x00, 0x00, 
  0x00, 0x00, 0x00, 0x00, 0x00, 0x00, 0x00, 0x00, 0x00, 0x00, 0x00, 0x00, 
  0x00, 0x00, 0x00, 0x00, 0x00, 0x00, 0x00, 0x00, 0x00, 0x00, 0x00, 0x00, 
  0x00, 0x00, 0x00, 0x00, 0x00, 0x00, 0x00, 0x00, 0x00, 0x55, 0xad, 0x03, 
  0x00, 0x00, 0x00, 0xf5, 0x7b, 0x06, 0x56, 0x9d, 0x6a, 0x76, 0xa5, 0xe4, 
  0xf8, 0xb5, 0xff, 0xf8, 0xb5, 0xff, 0xf8, 0xb5, 0xff, 0xf8, 0xb5, 0xff, 
  0xf9, 0xb5, 0xff, 0x77, 0xa5, 0xff, 0xf4, 0x94, 0xff, 0x15, 0x95, 0xff, 
  0x15, 0x95, 0xff, 0xf4, 0x94, 0xff, 0xf4, 0x94, 0xff, 0xf4, 0x94, 0xff, 
  0xf4, 0x94, 0xff, 0xf4, 0x94, 0xff, 0xf4, 0x94, 0xff, 0xf4, 0x94, 0xff, 
  0xf4, 0x94, 0xff, 0xf4, 0x94, 0xff, 0xf4, 0x94, 0xff, 0xf4, 0x94, 0xff, 
  0xf4, 0x94, 0xff, 0xf4, 0x94, 0xff, 0xf4, 0x94, 0xff, 0xf4, 0x94, 0xff, 
  0xf4, 0x94, 0xff, 0xf4, 0x94, 0xff, 0xf4, 0x94, 0xff, 0xd4, 0x94, 0xff, 
  0xd4, 0x94, 0xff, 0xd4, 0x94, 0xff, 0xd4, 0x94, 0xff, 0xd4, 0x94, 0xff, 
  0xd4, 0x94, 0xff, 0xd4, 0x94, 0xff, 0xd4, 0x94, 0xff, 0xd4, 0x94, 0xff, 
  0xd4, 0x94, 0xff, 0xd4, 0x94, 0xff, 0xd4, 0x94, 0xff, 0xd4, 0x94, 0xff, 
  0xd4, 0x94, 0xff, 0xd3, 0x94, 0xff, 0xd3, 0x94, 0xff, 0xd3, 0x94, 0xff, 
  0xb3, 0x8c, 0xff, 0xb3, 0x8c, 0xff, 0xb3, 0x8c, 0xff, 0xb3, 0x8c, 0xff, 
  0xb3, 0x8c, 0xff, 0xb3, 0x8c, 0xff, 0x36, 0x9d, 0xff, 0xb8, 0xad, 0xff, 
  0xb8, 0xad, 0xff, 0xb8, 0xad, 0xff, 0xb7, 0xad, 0xff, 0xb7, 0xad, 0xff, 
  0x15, 0x9d, 0xe4, 0x35, 0x9d, 0x68, 0xd3, 0x9c, 0x05, 0x00, 0x00, 0x00, 
  0x55, 0xad, 0x03, 0x00, 0x00, 0x00, 0x00, 0x00, 0x00, 0x00, 0x00, 0x00, 
  0x00, 0x00, 0x00, 0x00, 0x00, 0x00, 0x00, 0x00, 0x00, 0x00, 0x00, 0x00, 
  0x00, 0x00, 0x00, 0x00, 0x00, 0x00, 0x00, 0x00, 0x00, 0x00, 0x00, 0x00, 
  0x00, 0x00, 0x00, 0x00, 0x00, 0x00, 0x00, 0x00, 0x00, 0x00, 0x00, 0x00, 
  0x00, 0x00, 0x00, 0x00, 0x00, 0x00, 0x00, 0x00, 0x00, 0x00, 0x00, 0x00, 
  0x00, 0x00, 0x00, 0x00, 0x00, 0x00, 0x00, 0x00, 0x00, 0x00, 0x00, 0x00, 
  0x00, 0x00, 0x00, 0x00, 0x00, 0x00, 0x00, 0x00, 0x00, 0x00, 0x00, 0x00, 
  0x00, 0x00, 0x00, 0x00, 0x00, 0x00, 0x00, 0x00, 0x00, 0x00, 0x00, 0x00, 
  0x00, 0x00, 0x00, 0x00, 0x00, 0x00, 0x00, 0x00, 0x00, 0x00, 0x00, 0x00, 
  0x00, 0x00, 0x00, 0x00, 0x00, 0x00, 0x00, 0x00, 0x00, 0x00, 0x00, 0x00, 
  0x00, 0x00, 0x00, 0x00, 0x00, 0x00, 0x00, 0x00, 0x00, 0x00, 0x00, 0x00, 
  0x00, 0x00, 0x00, 0x00, 0x00, 0x00, 0x00, 0x00, 0x00, 0x00, 0x00, 0x00, 
  0x00, 0x00, 0x00, 0x00, 0x00, 0x00, 0x00, 0x00, 0x00, 0x00, 0x00, 0x00, 
  0x00, 0x00, 0x00, 0x00, 0x00, 0x00, 0x00, 0x00, 0x00, 0x55, 0x7d, 0x06, 
  0x00, 0x00, 0x00, 0x36, 0xa5, 0x11, 0x56, 0xa5, 0xda, 0x97, 0xa5, 0xff, 
  0x56, 0xa5, 0xf8, 0x56, 0xa5, 0xfa, 0x56, 0xa5, 0xfb, 0x56, 0xa5, 0xfb, 
  0x56, 0xa5, 0xfb, 0x35, 0x9d, 0xfd, 0xf4, 0x94, 0xff, 0x14, 0x95, 0xff, 
  0xf4, 0x94, 0xff, 0xf4, 0x94, 0xff, 0xf4, 0x94, 0xff, 0xf4, 0x94, 0xff, 
  0xf4, 0x94, 0xff, 0xf4, 0x94, 0xff, 0xf4, 0x94, 0xff, 0xf4, 0x94, 0xff, 
  0xf4, 0x94, 0xff, 0xf4, 0x94, 0xff, 0xf4, 0x94, 0xff, 0xf4, 0x94, 0xff, 
  0xf4, 0x94, 0xff, 0xf4, 0x94, 0xff, 0xf4, 0x94, 0xff, 0xf4, 0x94, 0xff, 
  0xf4, 0x94, 0xff, 0xf4, 0x94, 0xff, 0xd4, 0x94, 0xff, 0xd4, 0x94, 0xff, 
  0xd4, 0x94, 0xff, 0xd4, 0x94, 0xff, 0xd4, 0x94, 0xff, 0xd4, 0x94, 0xff, 
  0xd4, 0x94, 0xff, 0xd4, 0x94, 0xff, 0xd4, 0x94, 0xff, 0xd4, 0x94, 0xff, 
  0xd4, 0x94, 0xff, 0xd4, 0x94, 0xff, 0xd4, 0x94, 0xff, 0xd3, 0x94, 0xff, 
  0xd3, 0x94, 0xff, 0xd3, 0x94, 0xff, 0xd3, 0x94, 0xff, 0xb3, 0x8c, 0xff, 
  0xb3, 0x8c, 0xff, 0xb3, 0x8c, 0xff, 0xb3, 0x8c, 0xff, 0xb3, 0x8c, 0xff, 
  0xb3, 0x8c, 0xff, 0xb3, 0x8c, 0xff, 0xf4, 0x94, 0xfd, 0x15, 0x9d, 0xfb, 
  0x15, 0x9d, 0xfb, 0x15, 0x9d, 0xfb, 0x15, 0x9d, 0xfa, 0x15, 0x9d, 0xf8, 
  0x56, 0xa5, 0xff, 0x15, 0x9d, 0xd9, 0x75, 0x9d, 0x10, 0x00, 0x00, 0x00, 
  0x55, 0x7d, 0x06, 0x00, 0x00, 0x00, 0x00, 0x00, 0x00, 0x00, 0x00, 0x00, 
  0x00, 0x00, 0x00, 0x00, 0x00, 0x00, 0x00, 0x00, 0x00, 0x00, 0x00, 0x00, 
  0x00, 0x00, 0x00, 0x00, 0x00, 0x00, 0x00, 0x00, 0x00, 0x00, 0x00, 0x00, 
  0x00, 0x00, 0x00, 0x00, 0x00, 0x00, 0x00, 0x00, 0x00, 0x00, 0x00, 0x00, 
  0x00, 0x00, 0x00, 0x00, 0x00, 0x00, 0x00, 0x00, 0x00, 0x00, 0x00, 0x00, 
  0x00, 0x00, 0x00, 0x00, 0x00, 0x00, 0x00, 0x00, 0x00, 0x00, 0x00, 0x00, 
  0x00, 0x00, 0x00, 0x00, 0x00, 0x00, 0x00, 0x00, 0x00, 0x00, 0x00, 0x00, 
  0x00, 0x00, 0x00, 0x00, 0x00, 0x00, 0x00, 0x00, 0x00, 0x00, 0x00, 0x00, 
  0x00, 0x00, 0x00, 0x00, 0x00, 0x00, 0x00, 0x00, 0x00, 0x00, 0x00, 0x00, 
  0x00, 0x00, 0x00, 0x00, 0x00, 0x00, 0x00, 0x00, 0x00, 0x00, 0x00, 0x00, 
  0x00, 0x00, 0x00, 0x00, 0x00, 0x00, 0x00, 0x00, 0x00, 0x00, 0x00, 0x00, 
  0x00, 0x00, 0x00, 0x00, 0x00, 0x00, 0x00, 0x00, 0x00, 0x00, 0x00, 0x00, 
  0x00, 0x00, 0x00, 0x00, 0x00, 0x00, 0x00, 0x00, 0x00, 0x00, 0x00, 0x00, 
  0x00, 0x00, 0x00, 0x00, 0x00, 0x00, 0x00, 0x00, 0x00, 0x55, 0xad, 0x06, 
  0x00, 0x00, 0x00, 0x57, 0x9d, 0x12, 0x56, 0xa5, 0xee, 0xb8, 0xad, 0xff, 
  0x56, 0xa5, 0xf9, 0x56, 0xa5, 0xff, 0x56, 0xa5, 0xff, 0x56, 0xa5, 0xff, 
  0x56, 0xa5, 0xff, 0x35, 0x9d, 0xff, 0xf4, 0x94, 0xff, 0xf4, 0x94, 0xff, 
  0xf4, 0x94, 0xff, 0xf4, 0x94, 0xff, 0xf4, 0x94, 0xff, 0xf4, 0x94, 0xff, 
  0xf4, 0x94, 0xff, 0xf4, 0x94, 0xff, 0xf4, 0x94, 0xff, 0xf4, 0x94, 0xff, 
  0xf4, 0x94, 0xff, 0xf4, 0x94, 0xff, 0xf4, 0x94, 0xff, 0xf4, 0x94, 0xff, 
  0xf4, 0x94, 0xff, 0xf4, 0x94, 0xff, 0xf4, 0x94, 0xff, 0xf4, 0x94, 0xff, 
  0xd4, 0x94, 0xff, 0xd4, 0x94, 0xff, 0xd4, 0x94, 0xff, 0xd4, 0x94, 0xff, 
  0xd4, 0x94, 0xff, 0xd4, 0x94, 0xff, 0xd4, 0x94, 0xff, 0xd4, 0x94, 0xff, 
  0xd4, 0x94, 0xff, 0xd4, 0x94, 0xff, 0xd4, 0x94, 0xff, 0xd4, 0x94, 0xff, 
  0xd4, 0x94, 0xff, 0xd4, 0x94, 0xff, 0xd3, 0x94, 0xff, 0xd3, 0x94, 0xff, 
  0xd3, 0x94, 0xff, 0xd3, 0x94, 0xff, 0xb3, 0x8c, 0xff, 0xb3, 0x8c, 0xff, 
  0xb3, 0x8c, 0xff, 0xb3, 0x8c, 0xff, 0xb3, 0x8c, 0xff, 0xb3, 0x8c, 0xff, 
  0xb3, 0x8c, 0xff, 0xb3, 0x8c, 0xff, 0xf4, 0x94, 0xff, 0x15, 0x9d, 0xff, 
  0x15, 0x9d, 0xff, 0x15, 0x9d, 0xff, 0x15, 0x9d, 0xff, 0x15, 0x9d, 0xf9, 
  0x76, 0xa5, 0xff, 0x15, 0x9d, 0xee, 0xd5, 0x9c, 0x12, 0x00, 0x00, 0x00, 
  0x55, 0xad, 0x06, 0x00, 0x00, 0x00, 0x00, 0x00, 0x00, 0x00, 0x00, 0x00, 
  0x00, 0x00, 0x00, 0x00, 0x00, 0x00, 0x00, 0x00, 0x00, 0x00, 0x00, 0x00, 
  0x00, 0x00, 0x00, 0x00, 0x00, 0x00, 0x00, 0x00, 0x00, 0x00, 0x00, 0x00, 
  0x00, 0x00, 0x00, 0x00, 0x00, 0x00, 0x00, 0x00, 0x00, 0x00, 0x00, 0x00, 
  0x00, 0x00, 0x00, 0x00, 0x00, 0x00, 0x00, 0x00, 0x00, 0x00, 0x00, 0x00, 
  0x00, 0x00, 0x00, 0x00, 0x00, 0x00, 0x00, 0x00, 0x00, 0x00, 0x00, 0x00, 
  0x00, 0x00, 0x00, 0x00, 0x00, 0x00, 0x00, 0x00, 0x00, 0x00, 0x00, 0x00, 
  0x00, 0x00, 0x00, 0x00, 0x00, 0x00, 0x00, 0x00, 0x00, 0x00, 0x00, 0x00, 
  0x00, 0x00, 0x00, 0x00, 0x00, 0x00, 0x00, 0x00, 0x00, 0x00, 0x00, 0x00, 
  0x00, 0x00, 0x00, 0x00, 0x00, 0x00, 0x00, 0x00, 0x00, 0x00, 0x00, 0x00, 
  0x00, 0x00, 0x00, 0x00, 0x00, 0x00, 0x00, 0x00, 0x00, 0x00, 0x00, 0x00, 
  0x00, 0x00, 0x00, 0x00, 0x00, 0x00, 0x00, 0x00, 0x00, 0x00, 0x00, 0x00, 
  0x00, 0x00, 0x00, 0x00, 0x00, 0x00, 0x00, 0x00, 0x00, 0x00, 0x00, 0x00, 
  0x00, 0x00, 0x00, 0x00, 0x00, 0x00, 0x00, 0x00, 0x00, 0x55, 0xad, 0x06, 
  0x00, 0x00, 0x00, 0x57, 0x9d, 0x12, 0x56, 0xa5, 0xee, 0xb8, 0xad, 0xfe, 
  0x56, 0xa5, 0xf9, 0x56, 0xa5, 0xff, 0x56, 0xa5, 0xff, 0x56, 0xa5, 0xff, 
  0x56, 0xa5, 0xff, 0x35, 0x9d, 0xff, 0xf4, 0x94, 0xff, 0xf4, 0x94, 0xff, 
  0xf4, 0x94, 0xff, 0xf4, 0x94, 0xff, 0xf4, 0x94, 0xff, 0xf4, 0x94, 0xff, 
  0xf4, 0x94, 0xff, 0xf4, 0x94, 0xff, 0xf4, 0x94, 0xff, 0xf4, 0x94, 0xff, 
  0xf4, 0x94, 0xff, 0xf4, 0x94, 0xff, 0xf4, 0x94, 0xff, 0xf4, 0x94, 0xff, 
  0xf4, 0x94, 0xff, 0xf4, 0x94, 0xff, 0xd4, 0x94, 0xff, 0xd4, 0x94, 0xff, 
  0xd4, 0x94, 0xff, 0xd4, 0x94, 0xff, 0xd4, 0x94, 0xff, 0xd4, 0x94, 0xff, 
  0xd4, 0x94, 0xff, 0xd4, 0x94, 0xff, 0xd4, 0x94, 0xff, 0xd4, 0x94, 0xff, 
  0xd4, 0x94, 0xff, 0xd4, 0x94, 0xff, 0xd4, 0x94, 0xff, 0xd4, 0x94, 0xff, 
  0xd3, 0x94, 0xff, 0xd3, 0x94, 0xff, 0xd3, 0x94, 0xff, 0xb3, 0x8c, 0xff, 
  0xb3, 0x8c, 0xff, 0xb3, 0x8c, 0xff, 0xb3, 0x8c, 0xff, 0xb3, 0x8c, 0xff, 
  0xb3, 0x8c, 0xff, 0xb3, 0x8c, 0xff, 0xb3, 0x8c, 0xff, 0xb3, 0x8c, 0xff, 
  0xb3, 0x8c, 0xff, 0xb3, 0x8c, 0xff, 0xf4, 0x94, 0xff, 0x15, 0x9d, 0xff, 
  0x15, 0x9d, 0xff, 0x15, 0x9d, 0xff, 0x15, 0x9d, 0xff, 0xf5, 0x94, 0xf9, 
  0x76, 0xa5, 0xfe, 0x15, 0x95, 0xee, 0xd5, 0x9c, 0x12, 0x00, 0x00, 0x00, 
  0x55, 0xad, 0x06, 0x00, 0x00, 0x00, 0x00, 0x00, 0x00, 0x00, 0x00, 0x00, 
  0x00, 0x00, 0x00, 0x00, 0x00, 0x00, 0x00, 0x00, 0x00, 0x00, 0x00, 0x00, 
  0x00, 0x00, 0x00, 0x00, 0x00, 0x00, 0x00, 0x00, 0x00, 0x00, 0x00, 0x00, 
  0x00, 0x00, 0x00, 0x00, 0x00, 0x00, 0x00, 0x00, 0x00, 0x00, 0x00, 0x00, 
  0x00, 0x00, 0x00, 0x00, 0x00, 0x00, 0x00, 0x00, 0x00, 0x00, 0x00, 0x00, 
  0x00, 0x00, 0x00, 0x00, 0x00, 0x00, 0x00, 0x00, 0x00, 0x00, 0x00, 0x00, 
  0x00, 0x00, 0x00, 0x00, 0x00, 0x00, 0x00, 0x00, 0x00, 0x00, 0x00, 0x00, 
  0x00, 0x00, 0x00, 0x00, 0x00, 0x00, 0x00, 0x00, 0x00, 0x00, 0x00, 0x00, 
  0x00, 0x00, 0x00, 0x00, 0x00, 0x00, 0x00, 0x00, 0x00, 0x00, 0x00, 0x00, 
  0x00, 0x00, 0x00, 0x00, 0x00, 0x00, 0x00, 0x00, 0x00, 0x00, 0x00, 0x00, 
  0x00, 0x00, 0x00, 0x00, 0x00, 0x00, 0x00, 0x00, 0x00, 0x00, 0x00, 0x00, 
  0x00, 0x00, 0x00, 0x00, 0x00, 0x00, 0x00, 0x00, 0x00, 0x00, 0x00, 0x00, 
  0x00, 0x00, 0x00, 0x00, 0x00, 0x00, 0x00, 0x00, 0x00, 0x00, 0x00, 0x00, 
  0x00, 0x00, 0x00, 0x00, 0x00, 0x00, 0x00, 0x00, 0x00, 0x55, 0xad, 0x06, 
  0x00, 0x00, 0x00, 0x57, 0x9d, 0x12, 0x56, 0xa5, 0xec, 0xb7, 0xad, 0xff, 
  0x56, 0xa5, 0xf9, 0x56, 0xa5, 0xff, 0x56, 0xa5, 0xff, 0x56, 0xa5, 0xff, 
  0x56, 0xa5, 0xff, 0x35, 0x9d, 0xff, 0xf4, 0x94, 0xff, 0xf4, 0x94, 0xff, 
  0xf4, 0x94, 0xff, 0xf4, 0x94, 0xff, 0xf4, 0x94, 0xff, 0xf4, 0x94, 0xff, 
  0xf4, 0x94, 0xff, 0xf4, 0x94, 0xff, 0xf4, 0x94, 0xff, 0xf4, 0x94, 0xff, 
  0xd4, 0x94, 0xff, 0xd4, 0x94, 0xff, 0xd4, 0x94, 0xff, 0xd4, 0x94, 0xff, 
  0xd4, 0x94, 0xff, 0xd4, 0x94, 0xff, 0xd4, 0x94, 0xff, 0xd4, 0x94, 0xff, 
  0xd4, 0x94, 0xff, 0xd4, 0x94, 0xff, 0xd4, 0x94, 0xff, 0xd4, 0x94, 0xff, 
  0xd3, 0x94, 0xff, 0xd4, 0x94, 0xff, 0xd4, 0x94, 0xff, 0xb3, 0x94, 0xff, 
  0xd3, 0x94, 0xff, 0xd3, 0x8c, 0xff, 0xb3, 0x8c, 0xff, 0xb3, 0x8c, 0xff, 
  0xb3, 0x8c, 0xff, 0xb3, 0x8c, 0xff, 0xb3, 0x8c, 0xff, 0xb3, 0x8c, 0xff, 
  0xb3, 0x8c, 0xff, 0xb3, 0x8c, 0xff, 0xb3, 0x8c, 0xff, 0xb3, 0x8c, 0xff, 
  0xb3, 0x8c, 0xff, 0xb3, 0x8c, 0xff, 0xb3, 0x8c, 0xff, 0xb3, 0x8c, 0xff, 
  0xb3, 0x8c, 0xff, 0xb3, 0x8c, 0xff, 0xd4, 0x94, 0xff, 0x15, 0x9d, 0xff, 
  0x15, 0x95, 0xff, 0x15, 0x9d, 0xff, 0x15, 0x95, 0xff, 0xf5, 0x94, 0xf9, 
  0x56, 0xa5, 0xff, 0xf4, 0x94, 0xec, 0xd5, 0x9c, 0x12, 0x00, 0x00, 0x00, 
  0x55, 0xad, 0x06, 0x00, 0x00, 0x00, 0x00, 0x00, 0x00, 0x00, 0x00, 0x00, 
  0x00, 0x00, 0x00, 0x00, 0x00, 0x00, 0x00, 0x00, 0x00, 0x00, 0x00, 0x00, 
  0x00, 0x00, 0x00, 0x00, 0x00, 0x00, 0x00, 0x00, 0x00, 0x00, 0x00, 0x00, 
  0x00, 0x00, 0x00, 0x00, 0x00, 0x00, 0x00, 0x00, 0x00, 0x00, 0x00, 0x00, 
  0x00, 0x00, 0x00, 0x00, 0x00, 0x00, 0x00, 0x00, 0x00, 0x00, 0x00, 0x00, 
  0x00, 0x00, 0x00, 0x00, 0x00, 0x00, 0x00, 0x00, 0x00, 0x00, 0x00, 0x00, 
  0x00, 0x00, 0x00, 0x00, 0x00, 0x00, 0x00, 0x00, 0x00, 0x00, 0x00, 0x00, 
  0x00, 0x00, 0x00, 0x00, 0x00, 0x00, 0x00, 0x00, 0x00, 0x00, 0x00, 0x00, 
  0x00, 0x00, 0x00, 0x00, 0x00, 0x00, 0x00, 0x00, 0x00, 0x00, 0x00, 0x00, 
  0x00, 0x00, 0x00, 0x00, 0x00, 0x00, 0x00, 0x00, 0x00, 0x00, 0x00, 0x00, 
  0x00, 0x00, 0x00, 0x00, 0x00, 0x00, 0x00, 0x00, 0x00, 0x00, 0x00, 0x00, 
  0x00, 0x00, 0x00, 0x00, 0x00, 0x00, 0x00, 0x00, 0x00, 0x00, 0x00, 0x00, 
  0x00, 0x00, 0x00, 0x00, 0x00, 0x00, 0x00, 0x00, 0x00, 0x00, 0x00, 0x00, 
  0x00, 0x00, 0x00, 0x00, 0x00, 0x00, 0x00, 0x00, 0x00, 0x55, 0xad, 0x06, 
  0x00, 0x00, 0x00, 0x57, 0x9d, 0x12, 0x56, 0xa5, 0xed, 0xb7, 0xad, 0xff, 
  0x56, 0x9d, 0xf9, 0x56, 0xa5, 0xff, 0x56, 0xa5, 0xff, 0x56, 0xa5, 0xff, 
  0x56, 0x9d, 0xff, 0x35, 0x9d, 0xff, 0x15, 0x9d, 0xff, 0x15, 0x9d, 0xff, 
  0x15, 0x9d, 0xff, 0x15, 0x9d, 0xff, 0x15, 0x9d, 0xff, 0x15, 0x9d, 0xff, 
  0x15, 0x9d, 0xff, 0x15, 0x9d, 0xff, 0x14, 0x95, 0xff, 0x14, 0x95, 0xff, 
  0xf5, 0x94, 0xff, 0xf4, 0x94, 0xff, 0x14, 0x95, 0xff, 0xf4, 0x94, 0xff, 
  0xf4, 0x94, 0xff, 0xf4, 0x94, 0xff, 0xf4, 0x94, 0xff, 0xf4, 0x94, 0xff, 
  0xf4, 0x94, 0xff, 0xf4, 0x94, 0xff, 0xf4, 0x94, 0xff, 0xf4, 0x94, 0xff, 
  0xf4, 0x94, 0xff, 0xf4, 0x94, 0xff, 0xf4, 0x94, 0xff, 0xf4, 0x94, 0xff, 
  0xf4, 0x94, 0xff, 0xf4, 0x94, 0xff, 0xf4, 0x94, 0xff, 0xf4, 0x94, 0xff, 
  0xf4, 0x94, 0xff, 0xf4, 0x94, 0xff, 0xf4, 0x94, 0xff, 0xf4, 0x94, 0xff, 
  0xf4, 0x94, 0xff, 0xf4, 0x94, 0xff, 0xf4, 0x94, 0xff, 0xf4, 0x94, 0xff, 
  0xf4, 0x94, 0xff, 0xf4, 0x94, 0xff, 0xf4, 0x94, 0xff, 0xf4, 0x94, 0xff, 
  0xf4, 0x94, 0xff, 0xf4, 0x94, 0xff, 0xf4, 0x94, 0xff, 0x15, 0x95, 0xff, 
  0x15, 0x95, 0xff, 0xf5, 0x94, 0xff, 0xf5, 0x94, 0xff, 0xf4, 0x94, 0xf9, 
  0x56, 0xa5, 0xff, 0xf4, 0x94, 0xed, 0xd5, 0x9c, 0x12, 0x00, 0x00, 0x00, 
  0x55, 0xad, 0x06, 0x00, 0x00, 0x00, 0x00, 0x00, 0x00, 0x00, 0x00, 0x00, 
  0x00, 0x00, 0x00, 0x00, 0x00, 0x00, 0x00, 0x00, 0x00, 0x00, 0x00, 0x00, 
  0x00, 0x00, 0x00, 0x00, 0x00, 0x00, 0x00, 0x00, 0x00, 0x00, 0x00, 0x00, 
  0x00, 0x00, 0x00, 0x00, 0x00, 0x00, 0x00, 0x00, 0x00, 0x00, 0x00, 0x00, 
  0x00, 0x00, 0x00, 0x00, 0x00, 0x00, 0x00, 0x00, 0x00, 0x00, 0x00, 0x00, 
  0x00, 0x00, 0x00, 0x00, 0x00, 0x00, 0x00, 0x00, 0x00, 0x00, 0x00, 0x00, 
  0x00, 0x00, 0x00, 0x00, 0x00, 0x00, 0x00, 0x00, 0x00, 0x00, 0x00, 0x00, 
  0x00, 0x00, 0x00, 0x00, 0x00, 0x00, 0x00, 0x00, 0x00, 0x00, 0x00, 0x00, 
  0x00, 0x00, 0x00, 0x00, 0x00, 0x00, 0x00, 0x00, 0x00, 0x00, 0x00, 0x00, 
  0x00, 0x00, 0x00, 0x00, 0x00, 0x00, 0x00, 0x00, 0x00, 0x00, 0x00, 0x00, 
  0x00, 0x00, 0x00, 0x00, 0x00, 0x00, 0x00, 0x00, 0x00, 0x00, 0x00, 0x00, 
  0x00, 0x00, 0x00, 0x00, 0x00, 0x00, 0x00, 0x00, 0x00, 0x00, 0x00, 0x00, 
  0x00, 0x00, 0x00, 0x00, 0x00, 0x00, 0x00, 0x00, 0x00, 0x00, 0x00, 0x00, 
  0x00, 0x00, 0x00, 0x00, 0x00, 0x00, 0x00, 0x00, 0x00, 0x55, 0xad, 0x06, 
  0x00, 0x00, 0x00, 0x57, 0x9d, 0x12, 0x36, 0xa5, 0xed, 0xb7, 0xad, 0xff, 
  0x36, 0x9d, 0xf9, 0x56, 0x9d, 0xff, 0x56, 0x9d, 0xff, 0x56, 0x9d, 0xff, 
  0x56, 0x9d, 0xff, 0x15, 0x9d, 0xff, 0xd4, 0x94, 0xff, 0xd4, 0x94, 0xff, 
  0xd4, 0x94, 0xff, 0xd4, 0x94, 0xff, 0xd4, 0x94, 0xff, 0xd4, 0x94, 0xff, 
  0xd4, 0x94, 0xff, 0xd4, 0x94, 0xff, 0xd4, 0x94, 0xff, 0xd4, 0x94, 0xff, 
  0xd4, 0x94, 0xff, 0xd3, 0x94, 0xff, 0xd3, 0x94, 0xff, 0xd3, 0x94, 0xff, 
  0xb3, 0x94, 0xff, 0xb3, 0x94, 0xff, 0xb3, 0x94, 0xff, 0xb3, 0x8c, 0xff, 
  0xb3, 0x8c, 0xff, 0xb3, 0x8c, 0xff, 0xb3, 0x8c, 0xff, 0xb3, 0x8c, 0xff, 
  0xb3, 0x8c, 0xff, 0xb3, 0x8c, 0xff, 0xb3, 0x8c, 0xff, 0xb3, 0x8c, 0xff, 
  0xb3, 0x8c, 0xff, 0xb3, 0x8c, 0xff, 0xb3, 0x8c, 0xff, 0xb3, 0x8c, 0xff, 
  0xb3, 0x8c, 0xff, 0x93, 0x8c, 0xff, 0x93, 0x8c, 0xff, 0x93, 0x8c, 0xff, 
  0x93, 0x8c, 0xff, 0x93, 0x8c, 0xff, 0x93, 0x8c, 0xff, 0x93, 0x8c, 0xff, 
  0x93, 0x8c, 0xff, 0x93, 0x8c, 0xff, 0x93, 0x8c, 0xff, 0x93, 0x8c, 0xff, 
  0x93, 0x8c, 0xff, 0x92, 0x8c, 0xff, 0xd4, 0x94, 0xff, 0x15, 0x95, 0xff, 
  0xf4, 0x94, 0xff, 0xf4, 0x94, 0xff, 0xf4, 0x94, 0xff, 0xf4, 0x94, 0xf9, 
  0x56, 0xa5, 0xff, 0xf4, 0x94, 0xed, 0xd5, 0x9c, 0x12, 0x00, 0x00, 0x00, 
  0x55, 0xad, 0x06, 0x00, 0x00, 0x00, 0x00, 0x00, 0x00, 0x00, 0x00, 0x00, 
  0x00, 0x00, 0x00, 0x00, 0x00, 0x00, 0x00, 0x00, 0x00, 0x00, 0x00, 0x00, 
  0x00, 0x00, 0x00, 0x00, 0x00, 0x00, 0x00, 0x00, 0x00, 0x00, 0x00, 0x00, 
  0x00, 0x00, 0x00, 0x00, 0x00, 0x00, 0x00, 0x00, 0x00, 0x00, 0x00, 0x00, 
  0x00, 0x00, 0x00, 0x00, 0x00, 0x00, 0x00, 0x00, 0x00, 0x00, 0x00, 0x00, 
  0x00, 0x00, 0x00, 0x00, 0x00, 0x00, 0x00, 0x00, 0x00, 0x00, 0x00, 0x00, 
  0x00, 0x00, 0x00, 0x00, 0x00, 0x00, 0x00, 0x00, 0x00, 0x00, 0x00, 0x00, 
  0x00, 0x00, 0x00, 0x00, 0x00, 0x00, 0x00, 0x00, 0x00, 0x00, 0x00, 0x00, 
  0x00, 0x00, 0x00, 0x00, 0x00, 0x00, 0x00, 0x00, 0x00, 0x00, 0x00, 0x00, 
  0x00, 0x00, 0x00, 0x00, 0x00, 0x00, 0x00, 0x00, 0x00, 0x00, 0x00, 0x00, 
  0x00, 0x00, 0x00, 0x00, 0x00, 0x00, 0x00, 0x00, 0x00, 0x00, 0x00, 0x00, 
  0x00, 0x00, 0x00, 0x00, 0x00, 0x00, 0x00, 0x00, 0x00, 0x00, 0x00, 0x00, 
  0x00, 0x00, 0x00, 0x00, 0x00, 0x00, 0x00, 0x00, 0x00, 0x00, 0x00, 0x00, 
  0x00, 0x00, 0x00, 0x00, 0x00, 0x00, 0x00, 0x00, 0x00, 0x55, 0xad, 0x06, 
  0x00, 0x00, 0x00, 0x57, 0x9d, 0x12, 0x35, 0x9d, 0xed, 0x97, 0xad, 0xff, 
  0x36, 0x9d, 0xf9, 0x36, 0x9d, 0xff, 0x35, 0x9d, 0xff, 0x35, 0x9d, 0xff, 
  0x76, 0xa5, 0xff, 0x72, 0x84, 0xff, 0x8e, 0x6b, 0xff, 0xcf, 0x73, 0xff, 
  0xaf, 0x73, 0xff, 0xaf, 0x73, 0xff, 0xaf, 0x73, 0xff, 0xaf, 0x73, 0xff, 
  0xaf, 0x6b, 0xff, 0xaf, 0x6b, 0xff, 0x8f, 0x6b, 0xff, 0x8f, 0x6b, 0xff, 
  0x8e, 0x6b, 0xff, 0x8e, 0x6b, 0xff, 0x6e, 0x6b, 0xff, 0x6e, 0x63, 0xff, 
  0x6e, 0x63, 0xff, 0x6e, 0x63, 0xff, 0x6e, 0x63, 0xff, 0x4d, 0x63, 0xff, 
  0x4d, 0x63, 0xff, 0x4d, 0x63, 0xff, 0x4d, 0x63, 0xff, 0x2d, 0x63, 0xff, 
  0x2d, 0x63, 0xff, 0x2d, 0x5b, 0xff, 0x2c, 0x5b, 0xff, 0x0c, 0x5b, 0xff, 
  0x0c, 0x5b, 0xff, 0x0c, 0x5b, 0xff, 0xec, 0x5a, 0xff, 0xec, 0x5a, 0xff, 
  0xec, 0x5a, 0xff, 0xec, 0x52, 0xff, 0xec, 0x52, 0xff, 0xcb, 0x52, 0xff, 
  0xcb, 0x52, 0xff, 0xcb, 0x52, 0xff, 0xcb, 0x52, 0xff, 0xab, 0x52, 0xff, 
  0xab, 0x52, 0xff, 0xab, 0x4a, 0xff, 0x8a, 0x4a, 0xff, 0x8a, 0x4a, 0xff, 
  0x8b, 0x4a, 0xff, 0x49, 0x42, 0xff, 0xcf, 0x73, 0xff, 0x35, 0x9d, 0xff, 
  0xf4, 0x94, 0xff, 0xf4, 0x94, 0xff, 0xf4, 0x94, 0xff, 0xf4, 0x94, 0xf9, 
  0x56, 0x9d, 0xff, 0xf4, 0x94, 0xed, 0xd5, 0x9c, 0x12, 0x00, 0x00, 0x00, 
  0x55, 0xad, 0x06, 0x00, 0x00, 0x00, 0x00, 0x00, 0x00, 0x00, 0x00, 0x00, 
  0x00, 0x00, 0x00, 0x00, 0x00, 0x00, 0x00, 0x00, 0x00, 0x00, 0x00, 0x00, 
  0x00, 0x00, 0x00, 0x00, 0x00, 0x00, 0x00, 0x00, 0x00, 0x00, 0x00, 0x00, 
  0x00, 0x00, 0x00, 0x00, 0x00, 0x00, 0x00, 0x00, 0x00, 0x00, 0x00, 0x00, 
  0x00, 0x00, 0x00, 0x00, 0x00, 0x00, 0x00, 0x00, 0x00, 0x00, 0x00, 0x00, 
  0x00, 0x00, 0x00, 0x00, 0x00, 0x00, 0x00, 0x00, 0x00, 0x00, 0x00, 0x00, 
  0x00, 0x00, 0x00, 0x00, 0x00, 0x00, 0x00, 0x00, 0x00, 0x00, 0x00, 0x00, 
  0x00, 0x00, 0x00, 0x00, 0x00, 0x00, 0x00, 0x00, 0x00, 0x00, 0x00, 0x00, 
  0x00, 0x00, 0x00, 0x00, 0x00, 0x00, 0x00, 0x00, 0x00, 0x00, 0x00, 0x00, 
  0x00, 0x00, 0x00, 0x00, 0x00, 0x00, 0x00, 0x00, 0x00, 0x00, 0x00, 0x00, 
  0x00, 0x00, 0x00, 0x00, 0x00, 0x00, 0x00, 0x00, 0x00, 0x00, 0x00, 0x00, 
  0x00, 0x00, 0x00, 0x00, 0x00, 0x00, 0x00, 0x00, 0x00, 0x00, 0x00, 0x00, 
  0x00, 0x00, 0x00, 0x00, 0x00, 0x00, 0x00, 0x00, 0x00, 0x00, 0x00, 0x00, 
  0x00, 0x00, 0x00, 0x00, 0x00, 0x00, 0x00, 0x00, 0x00, 0x55, 0xad, 0x06, 
  0x00, 0x00, 0x00, 0x55, 0x9d, 0x12, 0x35, 0x9d, 0xed, 0x97, 0xad, 0xff, 
  0x35, 0x9d, 0xf9, 0x35, 0x9d, 0xff, 0x35, 0x9d, 0xff, 0x35, 0x9d, 0xff, 
  0x56, 0xa5, 0xff, 0x72, 0x84, 0xff, 0x4d, 0x63, 0xff, 0x8e, 0x6b, 0xff, 
  0x8e, 0x6b, 0xff, 0x8e, 0x6b, 0xff, 0x8e, 0x6b, 0xff, 0x8e, 0x6b, 0xff, 
  0x6e, 0x6b, 0xff, 0x6e, 0x63, 0xff, 0x6e, 0x63, 0xff, 0x4d, 0x63, 0xff, 
  0x4d, 0x63, 0xff, 0x4d, 0x63, 0xff, 0x4d, 0x63, 0xff, 0x2d, 0x63, 0xff, 
  0x2d, 0x63, 0xff, 0x2d, 0x5b, 0xff, 0x2d, 0x5b, 0xff, 0x0c, 0x5b, 0xff, 
  0x0c, 0x5b, 0xff, 0x0c, 0x5b, 0xff, 0xec, 0x5a, 0xff, 0xec, 0x5a, 0xff, 
  0xec, 0x52, 0xff, 0xcb, 0x52, 0xff, 0xcb, 0x52, 0xff, 0xcb, 0x52, 0xff, 
  0xcb, 0x52, 0xff, 0xab, 0x52, 0xff, 0xab, 0x52, 0xff, 0xab, 0x52, 0xff, 
  0xab, 0x4a, 0xff, 0x8a, 0x4a, 0xff, 0x8a, 0x4a, 0xff, 0x8a, 0x4a, 0xff, 
  0x6a, 0x4a, 0xff, 0x6a, 0x4a, 0xff, 0x6a, 0x4a, 0xff, 0x49, 0x42, 0xff, 
  0x49, 0x42, 0xff, 0x49, 0x42, 0xff, 0x49, 0x42, 0xff, 0x29, 0x42, 0xff, 
  0x49, 0x42, 0xff, 0xc7, 0x31, 0xff, 0x8e, 0x6b, 0xff, 0x36, 0x9d, 0xff, 
  0xd4, 0x94, 0xff, 0xf4, 0x94, 0xff, 0xf4, 0x94, 0xff, 0xd4, 0x94, 0xf9, 
  0x36, 0x9d, 0xff, 0xf4, 0x94, 0xed, 0xd5, 0x8c, 0x12, 0x00, 0x00, 0x00, 
  0x55, 0xad, 0x06, 0x00, 0x00, 0x00, 0x00, 0x00, 0x00, 0x00, 0x00, 0x00, 
  0x00, 0x00, 0x00, 0x00, 0x00, 0x00, 0x00, 0x00, 0x00, 0x00, 0x00, 0x00, 
  0x00, 0x00, 0x00, 0x00, 0x00, 0x00, 0x00, 0x00, 0x00, 0x00, 0x00, 0x00, 
  0x00, 0x00, 0x00, 0x00, 0x00, 0x00, 0x00, 0x00, 0x00, 0x00, 0x00, 0x00, 
  0x00, 0x00, 0x00, 0x00, 0x00, 0x00, 0x00, 0x00, 0x00, 0x00, 0x00, 0x00, 
  0x00, 0x00, 0x00, 0x00, 0x00, 0x00, 0x00, 0x00, 0x00, 0x00, 0x00, 0x00, 
  0x00, 0x00, 0x00, 0x00, 0x00, 0x00, 0x00, 0x00, 0x00, 0x00, 0x00, 0x00, 
  0x00, 0x00, 0x00, 0x00, 0x00, 0x00, 0x00, 0x00, 0x00, 0x00, 0x00, 0x00, 
  0x00, 0x00, 0x00, 0x00, 0x00, 0x00, 0x00, 0x00, 0x00, 0x00, 0x00, 0x00, 
  0x00, 0x00, 0x00, 0x00, 0x00, 0x00, 0x00, 0x00, 0x00, 0x00, 0x00, 0x00, 
  0x00, 0x00, 0x00, 0x00, 0x00, 0x00, 0x00, 0x00, 0x00, 0x00, 0x00, 0x00, 
  0x00, 0x00, 0x00, 0x00, 0x00, 0x00, 0x00, 0x00, 0x00, 0x00, 0x00, 0x00, 
  0x00, 0x00, 0x00, 0x00, 0x00, 0x00, 0x00, 0x00, 0x00, 0x00, 0x00, 0x00, 
  0x00, 0x00, 0x00, 0x00, 0x00, 0x00, 0x00, 0x00, 0x00, 0x55, 0xad, 0x06, 
  0x00, 0x00, 0x00, 0x55, 0x9d, 0x12, 0x35, 0x9d, 0xed, 0x97, 0xa5, 0xff, 
  0x35, 0x9d, 0xf9, 0x35, 0x9d, 0xff, 0x35, 0x9d, 0xff, 0x35, 0x9d, 0xff, 
  0x56, 0xa5, 0xff, 0x72, 0x84, 0xff, 0x8e, 0x6b, 0xff, 0xaf, 0x6b, 0xff, 
  0xaf, 0x6b, 0xff, 0xaf, 0x6b, 0xff, 0x8f, 0x6b, 0xff, 0x8f, 0x6b, 0xff, 
  0x8e, 0x6b, 0xff, 0x8e, 0x6b, 0xff, 0x6e, 0x6b, 0xff, 0x6e, 0x6b, 0xff, 
  0x6e, 0x63, 0xff, 0x6e, 0x63, 0xff, 0x4e, 0x63, 0xff, 0x4d, 0x63, 0xff, 
  0x4d, 0x63, 0xff, 0x4d, 0x63, 0xff, 0x2d, 0x63, 0xff, 0x2d, 0x63, 0xff, 
  0x2d, 0x5b, 0xff, 0x2d, 0x5b, 0xff, 0x0c, 0x5b, 0xff, 0x0c, 0x5b, 0xff, 
  0x0c, 0x5b, 0xff, 0x0c, 0x5b, 0xff, 0xec, 0x5a, 0xff, 0xec, 0x5a, 0xff, 
  0xec, 0x52, 0xff, 0xcc, 0x52, 0xff, 0xcb, 0x52, 0xff, 0xcb, 0x52, 0xff, 
  0xcb, 0x52, 0xff, 0xcb, 0x52, 0xff, 0xab, 0x52, 0xff, 0xab, 0x52, 0xff, 
  0xab, 0x52, 0xff, 0x8a, 0x4a, 0xff, 0x8a, 0x4a, 0xff, 0x8a, 0x4a, 0xff, 
  0x8a, 0x4a, 0xff, 0x6a, 0x4a, 0xff, 0x6a, 0x4a, 0xff, 0x6a, 0x4a, 0xff, 
  0x6a, 0x4a, 0xff, 0x08, 0x3a, 0xff, 0x8f, 0x6b, 0xff, 0x35, 0x9d, 0xff, 
  0xd4, 0x94, 0xff, 0xf4, 0x94, 0xff, 0xf4, 0x94, 0xff, 0xd4, 0x94, 0xf9, 
  0x35, 0x9d, 0xff, 0xd4, 0x94, 0xed, 0xd5, 0x8c, 0x12, 0x00, 0x00, 0x00, 
  0x55, 0xad, 0x06, 0x00, 0x00, 0x00, 0x00, 0x00, 0x00, 0x00, 0x00, 0x00, 
  0x00, 0x00, 0x00, 0x00, 0x00, 0x00, 0x00, 0x00, 0x00, 0x00, 0x00, 0x00, 
  0x00, 0x00, 0x00, 0x00, 0x00, 0x00, 0x00, 0x00, 0x00, 0x00, 0x00, 0x00, 
  0x00, 0x00, 0x00, 0x00, 0x00, 0x00, 0x00, 0x00, 0x00, 0x00, 0x00, 0x00, 
  0x00, 0x00, 0x00, 0x00, 0x00, 0x00, 0x00, 0x00, 0x00, 0x00, 0x00, 0x00, 
  0x00, 0x00, 0x00, 0x00, 0x00, 0x00, 0x00, 0x00, 0x00, 0x00, 0x00, 0x00, 
  0x00, 0x00, 0x00, 0x00, 0x00, 0x00, 0x00, 0x00, 0x00, 0x00, 0x00, 0x00, 
  0x00, 0x00, 0x00, 0x00, 0x00, 0x00, 0x00, 0x00, 0x00, 0x00, 0x00, 0x00, 
  0x00, 0x00, 0x00, 0x00, 0x00, 0x00, 0x00, 0x00, 0x00, 0x00, 0x00, 0x00, 
  0x00, 0x00, 0x00, 0x00, 0x00, 0x00, 0x00, 0x00, 0x00, 0x00, 0x00, 0x00, 
  0x00, 0x00, 0x00, 0x00, 0x00, 0x00, 0x00, 0x00, 0x00, 0x00, 0x00, 0x00, 
  0x00, 0x00, 0x00, 0x00, 0x00, 0x00, 0x00, 0x00, 0x00, 0x00, 0x00, 0x00, 
  0x00, 0x00, 0x00, 0x00, 0x00, 0x00, 0x00, 0x00, 0x00, 0x00, 0x00, 0x00, 
  0x00, 0x00, 0x00, 0x00, 0x00, 0x00, 0x00, 0x00, 0x00, 0x55, 0xad, 0x06, 
  0x00, 0x00, 0x00, 0x55, 0x9d, 0x12, 0x35, 0x9d, 0xed, 0x97, 0xa5, 0xff, 
  0x35, 0x9d, 0xf9, 0x35, 0x9d, 0xff, 0x35, 0x9d, 0xff, 0x15, 0x9d, 0xff, 
  0x56, 0xa5, 0xff, 0x72, 0x84, 0xff, 0x6e, 0x6b, 0xff, 0xaf, 0x6b, 0xff, 
  0xaf, 0x6b, 0xff, 0x8e, 0x6b, 0xff, 0x8e, 0x6b, 0xff, 0x8e, 0x6b, 0xff, 
  0x6e, 0x6b, 0xff, 0x6e, 0x6b, 0xff, 0x6e, 0x63, 0xff, 0x6e, 0x63, 0xff, 
  0x4e, 0x63, 0xff, 0x4d, 0x63, 0xff, 0x4d, 0x63, 0xff, 0x4d, 0x63, 0xff, 
  0x2d, 0x63, 0xff, 0x2d, 0x63, 0xff, 0x2d, 0x5b, 0xff, 0x2d, 0x5b, 0xff, 
  0x0c, 0x5b, 0xff, 0x0c, 0x5b, 0xff, 0x0c, 0x5b, 0xff, 0x0c, 0x5b, 0xff, 
  0xec, 0x5a, 0xff, 0xec, 0x5a, 0xff, 0xec, 0x52, 0xff, 0xcb, 0x52, 0xff, 
  0xcb, 0x52, 0xff, 0xcb, 0x52, 0xff, 0xcb, 0x52, 0xff, 0xcb, 0x52, 0xff, 
  0xab, 0x52, 0xff, 0xab, 0x52, 0xff, 0xab, 0x4a, 0xff, 0x8a, 0x4a, 0xff, 
  0x8a, 0x4a, 0xff, 0x8a, 0x4a, 0xff, 0x8a, 0x4a, 0xff, 0x6a, 0x4a, 0xff, 
  0x6a, 0x4a, 0xff, 0x6a, 0x4a, 0xff, 0x49, 0x42, 0xff, 0x49, 0x42, 0xff, 
  0x49, 0x42, 0xff, 0xe8, 0x39, 0xff, 0x8e, 0x6b, 0xff, 0x35, 0x9d, 0xff, 
  0xd4, 0x94, 0xff, 0xd4, 0x94, 0xff, 0xd4, 0x94, 0xff, 0xd4, 0x94, 0xf9, 
  0x35, 0x9d, 0xff, 0xd4, 0x94, 0xed, 0xd5, 0x8c, 0x12, 0x00, 0x00, 0x00, 
  0x55, 0xad, 0x06, 0x00, 0x00, 0x00, 0x00, 0x00, 0x00, 0x00, 0x00, 0x00, 
  0x00, 0x00, 0x00, 0x00, 0x00, 0x00, 0x00, 0x00, 0x00, 0x00, 0x00, 0x00, 
  0x00, 0x00, 0x00, 0x00, 0x00, 0x00, 0x00, 0x00, 0x00, 0x00, 0x00, 0x00, 
  0x00, 0x00, 0x00, 0x00, 0x00, 0x00, 0x00, 0x00, 0x00, 0x00, 0x00, 0x00, 
  0x00, 0x00, 0x00, 0x00, 0x00, 0x00, 0x00, 0x00, 0x00, 0x00, 0x00, 0x00, 
  0x00, 0x00, 0x00, 0x00, 0x00, 0x00, 0x00, 0x00, 0x00, 0x00, 0x00, 0x00, 
  0x00, 0x00, 0x00, 0x00, 0x00, 0x00, 0x00, 0x00, 0x00, 0x00, 0x00, 0x00, 
  0x00, 0x00, 0x00, 0x00, 0x00, 0x00, 0x00, 0x00, 0x00, 0x00, 0x00, 0x00, 
  0x00, 0x00, 0x00, 0x00, 0x00, 0x00, 0x00, 0x00, 0x00, 0x00, 0x00, 0x00, 
  0x00, 0x00, 0x00, 0x00, 0x00, 0x00, 0x00, 0x00, 0x00, 0x00, 0x00, 0x00, 
  0x00, 0x00, 0x00, 0x00, 0x00, 0x00, 0x00, 0x00, 0x00, 0x00, 0x00, 0x00, 
  0x00, 0x00, 0x00, 0x00, 0x00, 0x00, 0x00, 0x00, 0x00, 0x00, 0x00, 0x00, 
  0x00, 0x00, 0x00, 0x00, 0x00, 0x00, 0x00, 0x00, 0x00, 0x00, 0x00, 0x00, 
  0x00, 0x00, 0x00, 0x00, 0x00, 0x00, 0x00, 0x00, 0x00, 0x55, 0xad, 0x06, 
  0x00, 0x00, 0x00, 0x55, 0x9d, 0x12, 0x15, 0x9d, 0xed, 0x97, 0xa5, 0xff, 
  0x15, 0x9d, 0xf9, 0x35, 0x9d, 0xff, 0x15, 0x9d, 0xff, 0x15, 0x9d, 0xff, 
  0x56, 0x9d, 0xff, 0x52, 0x84, 0xff, 0x6e, 0x6b, 0xff, 0xaf, 0x6b, 0xff, 
  0x8e, 0x6b, 0xff, 0x8e, 0x6b, 0xff, 0x8e, 0x6b, 0xff, 0x6e, 0x6b, 0xff, 
  0x6e, 0x6b, 0xff, 0x6e, 0x63, 0xff, 0x6e, 0x63, 0xff, 0x4e, 0x63, 0xff, 
  0x4d, 0x63, 0xff, 0x4d, 0x63, 0xff, 0x4d, 0x63, 0xff, 0x2d, 0x63, 0xff, 
  0x2d, 0x5b, 0xff, 0x2d, 0x5b, 0xff, 0x2d, 0x5b, 0xff, 0x0c, 0x5b, 0xff, 
  0x0c, 0x5b, 0xff, 0x0c, 0x5b, 0xff, 0x0c, 0x53, 0xff, 0xec, 0x52, 0xff, 
  0xec, 0x52, 0xff, 0xec, 0x52, 0xff, 0xec, 0x52, 0xff, 0xcb, 0x52, 0xff, 
  0xcb, 0x52, 0xff, 0xcb, 0x52, 0xff, 0xab, 0x52, 0xff, 0xab, 0x52, 0xff, 
  0xab, 0x52, 0xff, 0xab, 0x4a, 0xff, 0x8a, 0x4a, 0xff, 0x8a, 0x4a, 0xff, 
  0x8a, 0x4a, 0xff, 0x8a, 0x4a, 0xff, 0x6a, 0x4a, 0xff, 0x6a, 0x4a, 0xff, 
  0x6a, 0x4a, 0xff, 0x69, 0x42, 0xff, 0x49, 0x42, 0xff, 0x49, 0x42, 0xff, 
  0x49, 0x42, 0xff, 0xe8, 0x39, 0xff, 0x8e, 0x6b, 0xff, 0x15, 0x9d, 0xff, 
  0xd4, 0x94, 0xff, 0xd4, 0x94, 0xff, 0xd4, 0x94, 0xff, 0xd4, 0x94, 0xf9, 
  0x35, 0x9d, 0xff, 0xd4, 0x94, 0xed, 0xd3, 0x8c, 0x12, 0x00, 0x00, 0x00, 
  0x55, 0xad, 0x06, 0x00, 0x00, 0x00, 0x00, 0x00, 0x00, 0x00, 0x00, 0x00, 
  0x00, 0x00, 0x00, 0x00, 0x00, 0x00, 0x00, 0x00, 0x00, 0x00, 0x00, 0x00, 
  0x00, 0x00, 0x00, 0x00, 0x00, 0x00, 0x00, 0x00, 0x00, 0x00, 0x00, 0x00, 
  0x00, 0x00, 0x00, 0x00, 0x00, 0x00, 0x00, 0x00, 0x00, 0x00, 0x00, 0x00, 
  0x00, 0x00, 0x00, 0x00, 0x00, 0x00, 0x00, 0x00, 0x00, 0x00, 0x00, 0x00, 
  0x00, 0x00, 0x00, 0x00, 0x00, 0x00, 0x00, 0x00, 0x00, 0x00, 0x00, 0x00, 
  0x00, 0x00, 0x00, 0x00, 0x00, 0x00, 0x00, 0x00, 0x00, 0x00, 0x00, 0x00, 
  0x00, 0x00, 0x00, 0x00, 0x00, 0x00, 0x00, 0x00, 0x00, 0x00, 0x00, 0x00, 
  0x00, 0x00, 0x00, 0x00, 0x00, 0x00, 0x00, 0x00, 0x00, 0x00, 0x00, 0x00, 
  0x00, 0x00, 0x00, 0x00, 0x00, 0x00, 0x00, 0x00, 0x00, 0x00, 0x00, 0x00, 
  0x00, 0x00, 0x00, 0x00, 0x00, 0x00, 0x00, 0x00, 0x00, 0x00, 0x00, 0x00, 
  0x00, 0x00, 0x00, 0x00, 0x00, 0x00, 0x00, 0x00, 0x00, 0x00, 0x00, 0x00, 
  0x00, 0x00, 0x00, 0x00, 0x00, 0x00, 0x00, 0x00, 0x00, 0x00, 0x00, 0x00, 
  0x00, 0x00, 0x00, 0x00, 0x00, 0x00, 0x00, 0x00, 0x00, 0x55, 0xad, 0x06, 
  0x00, 0x00, 0x00, 0x55, 0x9d, 0x12, 0x15, 0x9d, 0xed, 0x77, 0xa5, 0xff, 
  0x15, 0x9d, 0xf9, 0x15, 0x9d, 0xff, 0x15, 0x9d, 0xff, 0x15, 0x9d, 0xff, 
  0x36, 0x9d, 0xff, 0x52, 0x84, 0xff, 0x6e, 0x6b, 0xff, 0x8f, 0x6b, 0xff, 
  0x8e, 0x6b, 0xff, 0x8e, 0x6b, 0xff, 0x6e, 0x6b, 0xff, 0x6e, 0x6b, 0xff, 
  0x6e, 0x63, 0xff, 0x6e, 0x63, 0xff, 0x4d, 0x63, 0xff, 0x4d, 0x63, 0xff, 
  0x4d, 0x63, 0xff, 0x4d, 0x63, 0xff, 0x2d, 0x63, 0xff, 0x2d, 0x5b, 0xff, 
  0x2d, 0x5b, 0xff, 0x0d, 0x5b, 0xff, 0x0c, 0x5b, 0xff, 0x0c, 0x5b, 0xff, 
  0x0c, 0x5b, 0xff, 0x0c, 0x53, 0xff, 0xec, 0x52, 0xff, 0xec, 0x52, 0xff, 
  0xec, 0x4a, 0xff, 0xcc, 0x4a, 0xff, 0xcb, 0x52, 0xff, 0xcb, 0x52, 0xff, 
  0xcb, 0x52, 0xff, 0xab, 0x52, 0xff, 0xab, 0x52, 0xff, 0xab, 0x52, 0xff, 
  0xab, 0x4a, 0xff, 0x8a, 0x4a, 0xff, 0x8a, 0x4a, 0xff, 0x8a, 0x4a, 0xff, 
  0x8a, 0x4a, 0xff, 0x6a, 0x4a, 0xff, 0x6a, 0x4a, 0xff, 0x6a, 0x4a, 0xff, 
  0x49, 0x42, 0xff, 0x49, 0x42, 0xff, 0x49, 0x42, 0xff, 0x49, 0x42, 0xff, 
  0x49, 0x42, 0xff, 0xe7, 0x39, 0xff, 0x6e, 0x6b, 0xff, 0x15, 0x9d, 0xff, 
  0xd3, 0x94, 0xff, 0xd4, 0x94, 0xff, 0xd4, 0x94, 0xff, 0xd4, 0x8c, 0xf9, 
  0x15, 0x9d, 0xff, 0xb4, 0x94, 0xed, 0xd3, 0x8c, 0x12, 0x00, 0x00, 0x00, 
  0x55, 0xad, 0x06, 0x00, 0x00, 0x00, 0x00, 0x00, 0x00, 0x00, 0x00, 0x00, 
  0x00, 0x00, 0x00, 0x00, 0x00, 0x00, 0x00, 0x00, 0x00, 0x00, 0x00, 0x00, 
  0x00, 0x00, 0x00, 0x00, 0x00, 0x00, 0x00, 0x00, 0x00, 0x00, 0x00, 0x00, 
  0x00, 0x00, 0x00, 0x00, 0x00, 0x00, 0x00, 0x00, 0x00, 0x00, 0x00, 0x00, 
  0x00, 0x00, 0x00, 0x00, 0x00, 0x00, 0x00, 0x00, 0x00, 0x00, 0x00, 0x00, 
  0x00, 0x00, 0x00, 0x00, 0x00, 0x00, 0x00, 0x00, 0x00, 0x00, 0x00, 0x00, 
  0x00, 0x00, 0x00, 0x00, 0x00, 0x00, 0x00, 0x00, 0x00, 0x00, 0x00, 0x00, 
  0x00, 0x00, 0x00, 0x00, 0x00, 0x00, 0x00, 0x00, 0x00, 0x00, 0x00, 0x00, 
  0x00, 0x00, 0x00, 0x00, 0x00, 0x00, 0x00, 0x00, 0x00, 0x00, 0x00, 0x00, 
  0x00, 0x00, 0x00, 0x00, 0x00, 0x00, 0x00, 0x00, 0x00, 0x00, 0x00, 0x00, 
  0x00, 0x00, 0x00, 0x00, 0x00, 0x00, 0x00, 0x00, 0x00, 0x00, 0x00, 0x00, 
  0x00, 0x00, 0x00, 0x00, 0x00, 0x00, 0x00, 0x00, 0x00, 0x00, 0x00, 0x00, 
  0x00, 0x00, 0x00, 0x00, 0x00, 0x00, 0x00, 0x00, 0x00, 0x00, 0x00, 0x00, 
  0x00, 0x00, 0x00, 0x00, 0x00, 0x00, 0x00, 0x00, 0x00, 0x55, 0xad, 0x06, 
  0x00, 0x00, 0x00, 0x55, 0x9d, 0x12, 0x15, 0x9d, 0xed, 0x76, 0xa5, 0xff, 
  0x15, 0x9d, 0xf9, 0x15, 0x9d, 0xff, 0x15, 0x9d, 0xff, 0x15, 0x95, 0xff, 
  0x35, 0x9d, 0xff, 0x52, 0x84, 0xff, 0x6e, 0x63, 0xff, 0x8e, 0x6b, 0xff, 
  0x8e, 0x6b, 0xff, 0x6e, 0x6b, 0xff, 0x6e, 0x63, 0xff, 0x6e, 0x63, 0xff, 
  0x6e, 0x63, 0xff, 0x4d, 0x63, 0xff, 0x4d, 0x63, 0xff, 0x4d, 0x63, 0xff, 
  0x4d, 0x63, 0xff, 0x2d, 0x63, 0xff, 0x2d, 0x5b, 0xff, 0x2d, 0x5b, 0xff, 
  0x2d, 0x5b, 0xff, 0x0c, 0x5b, 0xff, 0x0c, 0x5b, 0xff, 0x0d, 0x53, 0xff, 
  0xec, 0x62, 0xff, 0xe9, 0x8a, 0xff, 0x07, 0xb3, 0xff, 0x06, 0xbb, 0xff, 
  0xe6, 0xba, 0xff, 0xe6, 0xaa, 0xff, 0xc8, 0x82, 0xff, 0xcb, 0x5a, 0xff, 
  0xab, 0x4a, 0xff, 0xab, 0x52, 0xff, 0xab, 0x52, 0xff, 0xaa, 0x4a, 0xff, 
  0x8a, 0x4a, 0xff, 0x8a, 0x4a, 0xff, 0x8a, 0x4a, 0xff, 0x6a, 0x4a, 0xff, 
  0x6a, 0x4a, 0xff, 0x6a, 0x4a, 0xff, 0x6a, 0x4a, 0xff, 0x49, 0x42, 0xff, 
  0x49, 0x42, 0xff, 0x49, 0x42, 0xff, 0x49, 0x42, 0xff, 0x29, 0x42, 0xff, 
  0x49, 0x42, 0xff, 0xc7, 0x39, 0xff, 0x6e, 0x6b, 0xff, 0x15, 0x9d, 0xff, 
  0xb3, 0x8c, 0xff, 0xd4, 0x94, 0xff, 0xd4, 0x8c, 0xff, 0xb3, 0x8c, 0xf9, 
  0x15, 0x9d, 0xff, 0xb3, 0x8c, 0xed, 0xd3, 0x8c, 0x12, 0x00, 0x00, 0x00, 
  0x55, 0x7d, 0x06, 0x00, 0x00, 0x00, 0x00, 0x00, 0x00, 0x00, 0x00, 0x00, 
  0x00, 0x00, 0x00, 0x00, 0x00, 0x00, 0x00, 0x00, 0x00, 0x00, 0x00, 0x00, 
  0x00, 0x00, 0x00, 0x00, 0x00, 0x00, 0x00, 0x00, 0x00, 0x00, 0x00, 0x00, 
  0x00, 0x00, 0x00, 0x00, 0x00, 0x00, 0x00, 0x00, 0x00, 0x00, 0x00, 0x00, 
  0x00, 0x00, 0x00, 0x00, 0x00, 0x00, 0x00, 0x00, 0x00, 0x00, 0x00, 0x00, 
  0x00, 0x00, 0x00, 0x00, 0x00, 0x00, 0x00, 0x00, 0x00, 0x00, 0x00, 0x00, 
  0x00, 0x00, 0x00, 0x00, 0x00, 0x00, 0x00, 0x00, 0x00, 0x00, 0x00, 0x00, 
  0x00, 0x00, 0x00, 0x00, 0x00, 0x00, 0x00, 0x00, 0x00, 0x00, 0x00, 0x00, 
  0x00, 0x00, 0x00, 0x00, 0x00, 0x00, 0x00, 0x00, 0x00, 0x00, 0x00, 0x00, 
  0x00, 0x00, 0x00, 0x00, 0x00, 0x00, 0x00, 0x00, 0x00, 0x00, 0x00, 0x00, 
  0x00, 0x00, 0x00, 0x00, 0x00, 0x00, 0x00, 0x00, 0x00, 0x00, 0x00, 0x00, 
  0x00, 0x00, 0x00, 0x00, 0x00, 0x00, 0x00, 0x00, 0x00, 0x00, 0x00, 0x00, 
  0x00, 0x00, 0x00, 0x00, 0x00, 0x00, 0x00, 0x00, 0x00, 0x00, 0x00, 0x00, 
  0x00, 0x00, 0x00, 0x00, 0x00, 0x00, 0x00, 0x00, 0x00, 0x55, 0xad, 0x06, 
  0x00, 0x00, 0x00, 0x55, 0x9d, 0x12, 0x15, 0x9d, 0xed, 0x76, 0xa5, 0xff, 
  0x15, 0x9d, 0xf9, 0x15, 0x9d, 0xff, 0x15, 0x95, 0xff, 0xf4, 0x94, 0xff, 
  0x35, 0x9d, 0xff, 0x51, 0x84, 0xff, 0x6e, 0x63, 0xff, 0x8e, 0x6b, 0xff, 
  0x6e, 0x6b, 0xff, 0x6e, 0x6b, 0xff, 0x6e, 0x63, 0xff, 0x6e, 0x63, 0xff, 
  0x4d, 0x63, 0xff, 0x4d, 0x63, 0xff, 0x4d, 0x63, 0xff, 0x4d, 0x63, 0xff, 
  0x2d, 0x63, 0xff, 0x2d, 0x5b, 0xff, 0x2d, 0x5b, 0xff, 0x2d, 0x5b, 0xff, 
  0x0c, 0x5b, 0xff, 0x0c, 0x5b, 0xff, 0x0c, 0x5b, 0xff, 0x0a, 0x73, 0xff, 
  0x07, 0xab, 0xff, 0x05, 0xd3, 0xff, 0x03, 0xeb, 0xff, 0x03, 0xf3, 0xff, 
  0xe3, 0xf2, 0xff, 0xe3, 0xe2, 0xff, 0xc4, 0xca, 0xff, 0xa7, 0xa2, 0xff, 
  0xa9, 0x6a, 0xff, 0xab, 0x4a, 0xff, 0xab, 0x4a, 0xff, 0x8a, 0x4a, 0xff, 
  0x8a, 0x4a, 0xff, 0x8a, 0x4a, 0xff, 0x8a, 0x4a, 0xff, 0x6a, 0x4a, 0xff, 
  0x6a, 0x4a, 0xff, 0x6a, 0x42, 0xff, 0x69, 0x42, 0xff, 0x49, 0x42, 0xff, 
  0x49, 0x42, 0xff, 0x49, 0x42, 0xff, 0x29, 0x42, 0xff, 0x29, 0x42, 0xff, 
  0x29, 0x42, 0xff, 0xc7, 0x31, 0xff, 0x6e, 0x6b, 0xff, 0x15, 0x9d, 0xff, 
  0xb3, 0x8c, 0xff, 0xd3, 0x8c, 0xff, 0xb3, 0x8c, 0xff, 0xb3, 0x8c, 0xf9, 
  0x15, 0x9d, 0xff, 0xb3, 0x8c, 0xed, 0xd3, 0x8c, 0x12, 0x00, 0x00, 0x00, 
  0x55, 0x7d, 0x06, 0x00, 0x00, 0x00, 0x00, 0x00, 0x00, 0x00, 0x00, 0x00, 
  0x00, 0x00, 0x00, 0x00, 0x00, 0x00, 0x00, 0x00, 0x00, 0x00, 0x00, 0x00, 
  0x00, 0x00, 0x00, 0x00, 0x00, 0x00, 0x00, 0x00, 0x00, 0x00, 0x00, 0x00, 
  0x00, 0x00, 0x00, 0x00, 0x00, 0x00, 0x00, 0x00, 0x00, 0x00, 0x00, 0x00, 
  0x00, 0x00, 0x00, 0x00, 0x00, 0x00, 0x00, 0x00, 0x00, 0x00, 0x00, 0x00, 
  0x00, 0x00, 0x00, 0x00, 0x00, 0x00, 0x00, 0x00, 0x00, 0x00, 0x00, 0x00, 
  0x00, 0x00, 0x00, 0x00, 0x00, 0x00, 0x00, 0x00, 0x00, 0x00, 0x00, 0x00, 
  0x00, 0x00, 0x00, 0x00, 0x00, 0x00, 0x00, 0x00, 0x00, 0x00, 0x00, 0x00, 
  0x00, 0x00, 0x00, 0x00, 0x00, 0x00, 0x00, 0x00, 0x00, 0x00, 0x00, 0x00, 
  0x00, 0x00, 0x00, 0x00, 0x00, 0x00, 0x00, 0x00, 0x00, 0x00, 0x00, 0x00, 
  0x00, 0x00, 0x00, 0x00, 0x00, 0x00, 0x00, 0x00, 0x00, 0x00, 0x00, 0x00, 
  0x00, 0x00, 0x00, 0x00, 0x00, 0x00, 0x00, 0x00, 0x00, 0x00, 0x00, 0x00, 
  0x00, 0x00, 0x00, 0x00, 0x00, 0x00, 0x00, 0x00, 0x00, 0x00, 0x00, 0x00, 
  0x00, 0x00, 0x00, 0x00, 0x00, 0x00, 0x00, 0x00, 0x00, 0x55, 0xad, 0x06, 
  0x00, 0x00, 0x00, 0xd5, 0x9c, 0x12, 0x15, 0x95, 0xed, 0x76, 0xa5, 0xff, 
  0xf5, 0x94, 0xf9, 0x15, 0x9d, 0xff, 0x15, 0x95, 0xff, 0xf4, 0x94, 0xff, 
  0x35, 0x9d, 0xff, 0x51, 0x84, 0xff, 0x4d, 0x63, 0xff, 0x8e, 0x6b, 0xff, 
  0x6e, 0x63, 0xff, 0x6e, 0x63, 0xff, 0x6e, 0x63, 0xff, 0x4e, 0x63, 0xff, 
  0x4d, 0x63, 0xff, 0x4d, 0x63, 0xff, 0x4d, 0x63, 0xff, 0x2d, 0x63, 0xff, 
  0x2d, 0x63, 0xff, 0x2d, 0x5b, 0xff, 0x0d, 0x5b, 0xff, 0x0c, 0x5b, 0xff, 
  0x0c, 0x5b, 0xff, 0x0c, 0x53, 0xff, 0x0b, 0x63, 0xff, 0x06, 0xb3, 0xff, 
  0x03, 0xeb, 0xff, 0x03, 0xf3, 0xff, 0xe4, 0xe2, 0xff, 0xe3, 0xe2, 0xff, 
  0xc3, 0xe2, 0xff, 0xc3, 0xe2, 0xff, 0xc2, 0xea, 0xff, 0xa3, 0xe2, 0xff, 
  0xa6, 0xaa, 0xff, 0xaa, 0x5a, 0xff, 0x8b, 0x4a, 0xff, 0x8a, 0x4a, 0xff, 
  0x8a, 0x4a, 0xff, 0x6a, 0x4a, 0xff, 0x6a, 0x4a, 0xff, 0x6a, 0x4a, 0xff, 
  0x6a, 0x42, 0xff, 0x49, 0x42, 0xff, 0x49, 0x42, 0xff, 0x49, 0x42, 0xff, 
  0x49, 0x42, 0xff, 0x49, 0x42, 0xff, 0x29, 0x42, 0xff, 0x29, 0x42, 0xff, 
  0x29, 0x42, 0xff, 0xc7, 0x31, 0xff, 0x6e, 0x63, 0xff, 0x15, 0x9d, 0xff, 
  0xb3, 0x8c, 0xff, 0xb3, 0x8c, 0xff, 0xb3, 0x8c, 0xff, 0xb3, 0x8c, 0xf9, 
  0x15, 0x9d, 0xff, 0xb3, 0x8c, 0xed, 0xd3, 0x8c, 0x12, 0x00, 0x00, 0x00, 
  0x55, 0x7d, 0x06, 0x00, 0x00, 0x00, 0x00, 0x00, 0x00, 0x00, 0x00, 0x00, 
  0x00, 0x00, 0x00, 0x00, 0x00, 0x00, 0x00, 0x00, 0x00, 0x00, 0x00, 0x00, 
  0x00, 0x00, 0x00, 0x00, 0x00, 0x00, 0x00, 0x00, 0x00, 0x00, 0x00, 0x00, 
  0x00, 0x00, 0x00, 0x00, 0x00, 0x00, 0x00, 0x00, 0x00, 0x00, 0x00, 0x00, 
  0x00, 0x00, 0x00, 0x00, 0x00, 0x00, 0x00, 0x00, 0x00, 0x00, 0x00, 0x00, 
  0x00, 0x00, 0x00, 0x00, 0x00, 0x00, 0x00, 0x00, 0x00, 0x00, 0x00, 0x00, 
  0x00, 0x00, 0x00, 0x00, 0x00, 0x00, 0x00, 0x00, 0x00, 0x00, 0x00, 0x00, 
  0x00, 0x00, 0x00, 0x00, 0x00, 0x00, 0x00, 0x00, 0x00, 0x00, 0x00, 0x00, 
  0x00, 0x00, 0x00, 0x00, 0x00, 0x00, 0x00, 0x00, 0x00, 0x00, 0x00, 0x00, 
  0x00, 0x00, 0x00, 0x00, 0x00, 0x00, 0x00, 0x00, 0x00, 0x00, 0x00, 0x00, 
  0x00, 0x00, 0x00, 0x00, 0x00, 0x00, 0x00, 0x00, 0x00, 0x00, 0x00, 0x00, 
  0x00, 0x00, 0x00, 0x00, 0x00, 0x00, 0x00, 0x00, 0x00, 0x00, 0x00, 0x00, 
  0x00, 0x00, 0x00, 0x00, 0x00, 0x00, 0x00, 0x00, 0x00, 0x00, 0x00, 0x00, 
  0x00, 0x00, 0x00, 0x00, 0x00, 0x00, 0x00, 0x00, 0x00, 0x55, 0xad, 0x06, 
  0x00, 0x00, 0x00, 0xd5, 0x9c, 0x12, 0x14, 0x95, 0xed, 0x56, 0xa5, 0xff, 
  0xf4, 0x94, 0xf9, 0xf5, 0x94, 0xff, 0xf4, 0x94, 0xff, 0xf4, 0x94, 0xff, 
  0x15, 0x9d, 0xff, 0x31, 0x84, 0xff, 0x4d, 0x63, 0xff, 0x6e, 0x6b, 0xff, 
  0x6e, 0x63, 0xff, 0x6e, 0x63, 0xff, 0x4d, 0x63, 0xff, 0x4d, 0x63, 0xff, 
  0x4d, 0x63, 0xff, 0x4d, 0x63, 0xff, 0x2d, 0x63, 0xff, 0x2d, 0x63, 0xff, 
  0x2d, 0x5b, 0xff, 0x2d, 0x5b, 0xff, 0x0c, 0x5b, 0xff, 0x0c, 0x5b, 0xff, 
  0x0c, 0x53, 0xff, 0xec, 0x62, 0xff, 0xe8, 0x92, 0xff, 0x04, 0xe3, 0xff, 
  0x03, 0xeb, 0xff, 0xe3, 0xe2, 0xff, 0xe3, 0xe2, 0xff, 0xc3, 0xe2, 0xff, 
  0xc3, 0xe2, 0xff, 0xc3, 0xe2, 0xff, 0xa3, 0xda, 0xff, 0xa2, 0xe2, 0xff, 
  0x82, 0xda, 0xff, 0x87, 0x8a, 0xff, 0x8a, 0x52, 0xff, 0x8a, 0x4a, 0xff, 
  0x6a, 0x4a, 0xff, 0x6a, 0x4a, 0xff, 0x6a, 0x4a, 0xff, 0x6a, 0x4a, 0xff, 
  0x69, 0x42, 0xff, 0x49, 0x42, 0xff, 0x49, 0x42, 0xff, 0x49, 0x42, 0xff, 
  0x29, 0x42, 0xff, 0x29, 0x42, 0xff, 0x29, 0x42, 0xff, 0x28, 0x42, 0xff, 
  0x29, 0x42, 0xff, 0xc7, 0x31, 0xff, 0x4e, 0x63, 0xff, 0x15, 0x95, 0xff, 
  0xb3, 0x8c, 0xff, 0xb3, 0x8c, 0xff, 0xb3, 0x8c, 0xff, 0xb3, 0x8c, 0xf9, 
  0x15, 0x95, 0xff, 0xb3, 0x8c, 0xed, 0xd3, 0x8c, 0x12, 0x00, 0x00, 0x00, 
  0x55, 0x7d, 0x06, 0x00, 0x00, 0x00, 0x00, 0x00, 0x00, 0x00, 0x00, 0x00, 
  0x00, 0x00, 0x00, 0x00, 0x00, 0x00, 0x00, 0x00, 0x00, 0x00, 0x00, 0x00, 
  0x00, 0x00, 0x00, 0x00, 0x00, 0x00, 0x00, 0x00, 0x00, 0x00, 0x00, 0x00, 
  0x00, 0x00, 0x00, 0x00, 0x00, 0x00, 0x00, 0x00, 0x00, 0x00, 0x00, 0x00, 
  0x00, 0x00, 0x00, 0x00, 0x00, 0x00, 0x00, 0x00, 0x00, 0x00, 0x00, 0x00, 
  0x00, 0x00, 0x00, 0x00, 0x00, 0x00, 0x00, 0x00, 0x00, 0x00, 0x00, 0x00, 
  0x00, 0x00, 0x00, 0x00, 0x00, 0x00, 0x00, 0x00, 0x00, 0x00, 0x00, 0x00, 
  0x00, 0x00, 0x00, 0x00, 0x00, 0x00, 0x00, 0x00, 0x00, 0x00, 0x00, 0x00, 
  0x00, 0x00, 0x00, 0x00, 0x00, 0x00, 0x00, 0x00, 0x00, 0x00, 0x00, 0x00, 
  0x00, 0x00, 0x00, 0x00, 0x00, 0x00, 0x00, 0x00, 0x00, 0x00, 0x00, 0x00, 
  0x00, 0x00, 0x00, 0x00, 0x00, 0x00, 0x00, 0x00, 0x00, 0x00, 0x00, 0x00, 
  0x00, 0x00, 0x00, 0x00, 0x00, 0x00, 0x00, 0x00, 0x00, 0x00, 0x00, 0x00, 
  0x00, 0x00, 0x00, 0x00, 0x00, 0x00, 0x00, 0x00, 0x00, 0x00, 0x00, 0x00, 
  0x00, 0x00, 0x00, 0x00, 0x00, 0x00, 0x00, 0x00, 0x00, 0x55, 0xad, 0x06, 
  0x00, 0x00, 0x00, 0xd5, 0x9c, 0x12, 0xf4, 0x94, 0xed, 0x56, 0xa5, 0xff, 
  0xf4, 0x94, 0xf9, 0xf4, 0x94, 0xff, 0xf4, 0x94, 0xff, 0xf4, 0x94, 0xff, 
  0x15, 0x9d, 0xff, 0x31, 0x7c, 0xff, 0x4d, 0x63, 0xff, 0x6e, 0x63, 0xff, 
  0x6e, 0x63, 0xff, 0x4d, 0x63, 0xff, 0x4d, 0x63, 0xff, 0x4d, 0x63, 0xff, 
  0x4d, 0x63, 0xff, 0x2d, 0x63, 0xff, 0x2d, 0x5b, 0xff, 0x2d, 0x5b, 0xff, 
  0x0d, 0x5b, 0xff, 0x0c, 0x5b, 0xff, 0x0c, 0x5b, 0xff, 0x0c, 0x5b, 0xff, 
  0xed, 0x4a, 0xff, 0xeb, 0x72, 0xff, 0x05, 0xc3, 0xff, 0xe3, 0xea, 0xff, 
  0xe3, 0xea, 0xff, 0xc3, 0xe2, 0xff, 0xc3, 0xe2, 0xff, 0xc3, 0xe2, 0xff, 
  0xa3, 0xe2, 0xff, 0xa3, 0xda, 0xff, 0x82, 0xda, 0xff, 0x82, 0xda, 0xff, 
  0x82, 0xda, 0xff, 0x64, 0xba, 0xff, 0x89, 0x62, 0xff, 0x6b, 0x42, 0xff, 
  0x6a, 0x4a, 0xff, 0x6a, 0x4a, 0xff, 0x6a, 0x42, 0xff, 0x49, 0x42, 0xff, 
  0x49, 0x42, 0xff, 0x49, 0x42, 0xff, 0x49, 0x42, 0xff, 0x29, 0x42, 0xff, 
  0x29, 0x42, 0xff, 0x29, 0x42, 0xff, 0x28, 0x42, 0xff, 0x08, 0x3a, 0xff, 
  0x08, 0x3a, 0xff, 0xa7, 0x31, 0xff, 0x4e, 0x63, 0xff, 0xf4, 0x94, 0xff, 
  0x93, 0x8c, 0xff, 0xb3, 0x8c, 0xff, 0xb3, 0x8c, 0xff, 0x93, 0x8c, 0xf9, 
  0xf4, 0x94, 0xff, 0x93, 0x8c, 0xed, 0xd3, 0x8c, 0x12, 0x00, 0x00, 0x00, 
  0x55, 0x7d, 0x06, 0x00, 0x00, 0x00, 0x00, 0x00, 0x00, 0x00, 0x00, 0x00, 
  0x00, 0x00, 0x00, 0x00, 0x00, 0x00, 0x00, 0x00, 0x00, 0x00, 0x00, 0x00, 
  0x00, 0x00, 0x00, 0x00, 0x00, 0x00, 0x00, 0x00, 0x00, 0x00, 0x00, 0x00, 
  0x00, 0x00, 0x00, 0x00, 0x00, 0x00, 0x00, 0x00, 0x00, 0x00, 0x00, 0x00, 
  0x00, 0x00, 0x00, 0x00, 0x00, 0x00, 0x00, 0x00, 0x00, 0x00, 0x00, 0x00, 
  0x00, 0x00, 0x00, 0x00, 0x00, 0x00, 0x00, 0x00, 0x00, 0x00, 0x00, 0x00, 
  0x00, 0x00, 0x00, 0x00, 0x00, 0x00, 0x00, 0x00, 0x00, 0x00, 0x00, 0x00, 
  0x00, 0x00, 0x00, 0x00, 0x00, 0x00, 0x00, 0x00, 0x00, 0x00, 0x00, 0x00, 
  0x00, 0x00, 0x00, 0x00, 0x00, 0x00, 0x00, 0x00, 0x00, 0x00, 0x00, 0x00, 
  0x00, 0x00, 0x00, 0x00, 0x00, 0x00, 0x00, 0x00, 0x00, 0x00, 0x00, 0x00, 
  0x00, 0x00, 0x00, 0x00, 0x00, 0x00, 0x00, 0x00, 0x00, 0x00, 0x00, 0x00, 
  0x00, 0x00, 0x00, 0x00, 0x00, 0x00, 0x00, 0x00, 0x00, 0x00, 0x00, 0x00, 
  0x00, 0x00, 0x00, 0x00, 0x00, 0x00, 0x00, 0x00, 0x00, 0x00, 0x00, 0x00, 
  0x00, 0x00, 0x00, 0x00, 0x00, 0x00, 0x00, 0x00, 0x00, 0x55, 0xad, 0x06, 
  0x00, 0x00, 0x00, 0xd5, 0x9c, 0x12, 0xf4, 0x94, 0xed, 0x56, 0xa5, 0xff, 
  0xf4, 0x94, 0xf9, 0xf4, 0x94, 0xff, 0xf4, 0x94, 0xff, 0xd4, 0x94, 0xff, 
  0x15, 0x9d, 0xff, 0x31, 0x7c, 0xff, 0x4d, 0x63, 0xff, 0x6e, 0x63, 0xff, 
  0x4d, 0x63, 0xff, 0x4d, 0x63, 0xff, 0x4d, 0x63, 0xff, 0x4d, 0x63, 0xff, 
  0x2d, 0x63, 0xff, 0x2d, 0x5b, 0xff, 0x2d, 0x5b, 0xff, 0x2d, 0x5b, 0xff, 
  0x0c, 0x5b, 0xff, 0x0c, 0x5b, 0xff, 0x0c, 0x5b, 0xff, 0xec, 0x5a, 0xff, 
  0xed, 0x4a, 0xff, 0xea, 0x7a, 0xff, 0xe4, 0xe2, 0xff, 0xe3, 0xe2, 0xff, 
  0xc3, 0xe2, 0xff, 0xc3, 0xe2, 0xff, 0xa3, 0xe2, 0xff, 0xa3, 0xe2, 0xff, 
  0xa3, 0xda, 0xff, 0x82, 0xda, 0xff, 0x82, 0xda, 0xff, 0x82, 0xda, 0xff, 
  0x62, 0xda, 0xff, 0x42, 0xd2, 0xff, 0x68, 0x6a, 0xff, 0x6b, 0x3a, 0xff, 
  0x69, 0x4a, 0xff, 0x6a, 0x4a, 0xff, 0x49, 0x42, 0xff, 0x49, 0x42, 0xff, 
  0x49, 0x42, 0xff, 0x49, 0x42, 0xff, 0x29, 0x42, 0xff, 0x29, 0x42, 0xff, 
  0x29, 0x42, 0xff, 0x28, 0x42, 0xff, 0x08, 0x3a, 0xff, 0x08, 0x3a, 0xff, 
  0x08, 0x3a, 0xff, 0xa7, 0x31, 0xff, 0x4d, 0x63, 0xff, 0xf4, 0x94, 0xff, 
  0x93, 0x8c, 0xff, 0x93, 0x8c, 0xff, 0x93, 0x8c, 0xff, 0x93, 0x8c, 0xf9, 
  0xf4, 0x94, 0xff, 0x93, 0x8c, 0xed, 0x73, 0x8c, 0x12, 0x00, 0x00, 0x00, 
  0x55, 0x7d, 0x06, 0x00, 0x00, 0x00, 0x00, 0x00, 0x00, 0x00, 0x00, 0x00, 
  0x00, 0x00, 0x00, 0x00, 0x00, 0x00, 0x00, 0x00, 0x00, 0x00, 0x00, 0x00, 
  0x00, 0x00, 0x00, 0x00, 0x00, 0x00, 0x00, 0x00, 0x00, 0x00, 0x00, 0x00, 
  0x00, 0x00, 0x00, 0x00, 0x00, 0x00, 0x00, 0x00, 0x00, 0x00, 0x00, 0x00, 
  0x00, 0x00, 0x00, 0x00, 0x00, 0x00, 0x00, 0x00, 0x00, 0x00, 0x00, 0x00, 
  0x00, 0x00, 0x00, 0x00, 0x00, 0x00, 0x00, 0x00, 0x00, 0x00, 0x00, 0x00, 
  0x00, 0x00, 0x00, 0x00, 0x00, 0x00, 0x00, 0x00, 0x00, 0x00, 0x00, 0x00, 
  0x00, 0x00, 0x00, 0x00, 0x00, 0x00, 0x00, 0x00, 0x00, 0x00, 0x00, 0x00, 
  0x00, 0x00, 0x00, 0x00, 0x00, 0x00, 0x00, 0x00, 0x00, 0x00, 0x00, 0x00, 
  0x00, 0x00, 0x00, 0x00, 0x00, 0x00, 0x00, 0x00, 0x00, 0x00, 0x00, 0x00, 
  0x00, 0x00, 0x00, 0x00, 0x00, 0x00, 0x00, 0x00, 0x00, 0x00, 0x00, 0x00, 
  0x00, 0x00, 0x00, 0x00, 0x00, 0x00, 0x00, 0x00, 0x00, 0x00, 0x00, 0x00, 
  0x00, 0x00, 0x00, 0x00, 0x00, 0x00, 0x00, 0x00, 0x00, 0x00, 0x00, 0x00, 
  0x00, 0x00, 0x00, 0x00, 0x00, 0x00, 0x00, 0x00, 0x00, 0x55, 0xad, 0x06, 
  0x00, 0x00, 0x00, 0xd5, 0x9c, 0x12, 0xf4, 0x94, 0xed, 0x36, 0x9d, 0xff, 
  0xf4, 0x94, 0xf9, 0xf4, 0x94, 0xff, 0xf4, 0x94, 0xff, 0xd4, 0x94, 0xff, 
  0x15, 0x9d, 0xff, 0x31, 0x7c, 0xff, 0x2d, 0x63, 0xff, 0x6e, 0x63, 0xff, 
  0x4d, 0x63, 0xff, 0x4d, 0x63, 0xff, 0x4d, 0x63, 0xff, 0x2d, 0x63, 0xff, 
  0x2d, 0x63, 0xff, 0x2d, 0x5b, 0xff, 0x2c, 0x5b, 0xff, 0x0c, 0x5b, 0xff, 
  0x0c, 0x5b, 0xff, 0x0c, 0x5b, 0xff, 0xec, 0x5a, 0xff, 0xec, 0x5a, 0xff, 
  0xed, 0x42, 0xff, 0xea, 0x7a, 0xff, 0xe3, 0xea, 0xff, 0xc3, 0xe2, 0xff, 
  0xc3, 0xe2, 0xff, 0xa3, 0xe2, 0xff, 0xa3, 0xda, 0xff, 0xa2, 0xda, 0xff, 
  0x82, 0xda, 0xff, 0x82, 0xda, 0xff, 0x62, 0xda, 0xff, 0x62, 0xd2, 0xff, 
  0x42, 0xda, 0xff, 0x41, 0xda, 0xff, 0x68, 0x6a, 0xff, 0x6b, 0x3a, 0xff, 
  0x69, 0x4a, 0xff, 0x49, 0x42, 0xff, 0x49, 0x42, 0xff, 0x49, 0x42, 0xff, 
  0x49, 0x42, 0xff, 0x29, 0x42, 0xff, 0x29, 0x42, 0xff, 0x29, 0x42, 0xff, 
  0x28, 0x42, 0xff, 0x08, 0x3a, 0xff, 0x08, 0x3a, 0xff, 0x08, 0x3a, 0xff, 
  0x08, 0x3a, 0xff, 0xa6, 0x31, 0xff, 0x4d, 0x63, 0xff, 0xf4, 0x94, 0xff, 
  0x93, 0x8c, 0xff, 0x93, 0x8c, 0xff, 0x93, 0x8c, 0xff, 0x93, 0x8c, 0xf9, 
  0xf4, 0x94, 0xff, 0x93, 0x8c, 0xed, 0x73, 0x8c, 0x12, 0x00, 0x00, 0x00, 
  0x55, 0x7d, 0x06, 0x00, 0x00, 0x00, 0x00, 0x00, 0x00, 0x00, 0x00, 0x00, 
  0x00, 0x00, 0x00, 0x00, 0x00, 0x00, 0x00, 0x00, 0x00, 0x00, 0x00, 0x00, 
  0x00, 0x00, 0x00, 0x00, 0x00, 0x00, 0x00, 0x00, 0x00, 0x00, 0x00, 0x00, 
  0x00, 0x00, 0x00, 0x00, 0x00, 0x00, 0x00, 0x00, 0x00, 0x00, 0x00, 0x00, 
  0x00, 0x00, 0x00, 0x00, 0x00, 0x00, 0x00, 0x00, 0x00, 0x00, 0x00, 0x00, 
  0x00, 0x00, 0x00, 0x00, 0x00, 0x00, 0x00, 0x00, 0x00, 0x00, 0x00, 0x00, 
  0x00, 0x00, 0x00, 0x00, 0x00, 0x00, 0x00, 0x00, 0x00, 0x00, 0x00, 0x00, 
  0x00, 0x00, 0x00, 0x00, 0x00, 0x00, 0x00, 0x00, 0x00, 0x00, 0x00, 0x00, 
  0x00, 0x00, 0x00, 0x00, 0x00, 0x00, 0x00, 0x00, 0x00, 0x00, 0x00, 0x00, 
  0x00, 0x00, 0x00, 0x00, 0x00, 0x00, 0x00, 0x00, 0x00, 0x00, 0x00, 0x00, 
  0x00, 0x00, 0x00, 0x00, 0x00, 0x00, 0x00, 0x00, 0x00, 0x00, 0x00, 0x00, 
  0x00, 0x00, 0x00, 0x00, 0x00, 0x00, 0x00, 0x00, 0x00, 0x00, 0x00, 0x00, 
  0x00, 0x00, 0x00, 0x00, 0x00, 0x00, 0x00, 0x00, 0x00, 0x00, 0x00, 0x00, 
  0x00, 0x00, 0x00, 0x00, 0x00, 0x00, 0x00, 0x00, 0x00, 0x55, 0xad, 0x06, 
  0x00, 0x00, 0x00, 0xd5, 0x9c, 0x12, 0xf4, 0x94, 0xed, 0x36, 0x9d, 0xff, 
  0xd4, 0x94, 0xf9, 0xf4, 0x94, 0xff, 0xd4, 0x94, 0xff, 0xd4, 0x94, 0xff, 
  0x15, 0x9d, 0xff, 0x11, 0x7c, 0xff, 0x2d, 0x5b, 0xff, 0x4d, 0x63, 0xff, 
  0x4d, 0x63, 0xff, 0x2d, 0x63, 0xff, 0x2d, 0x63, 0xff, 0x2d, 0x63, 0xff, 
  0x2d, 0x5b, 0xff, 0x0d, 0x5b, 0xff, 0x0c, 0x5b, 0xff, 0x0c, 0x5b, 0xff, 
  0x0c, 0x5b, 0xff, 0xec, 0x5a, 0xff, 0xec, 0x5a, 0xff, 0xec, 0x5a, 0xff, 
  0xec, 0x4a, 0xff, 0xc9, 0x72, 0xff, 0xc3, 0xe2, 0xff, 0xc3, 0xe2, 0xff, 
  0xa3, 0xda, 0xff, 0xa3, 0xda, 0xff, 0x82, 0xda, 0xff, 0x82, 0xda, 0xff, 
  0x62, 0xda, 0xff, 0x62, 0xda, 0xff, 0x62, 0xd2, 0xff, 0x42, 0xd2, 0xff, 
  0x42, 0xd2, 0xff, 0x42, 0xca, 0xff, 0x68, 0x6a, 0xff, 0x6a, 0x3a, 0xff, 
  0x49, 0x4a, 0xff, 0x49, 0x42, 0xff, 0x49, 0x42, 0xff, 0x49, 0x42, 0xff, 
  0x29, 0x42, 0xff, 0x29, 0x42, 0xff, 0x29, 0x42, 0xff, 0x08, 0x42, 0xff, 
  0x08, 0x3a, 0xff, 0x08, 0x3a, 0xff, 0x08, 0x3a, 0xff, 0xe8, 0x39, 0xff, 
  0x08, 0x3a, 0xff, 0x86, 0x31, 0xff, 0x2d, 0x63, 0xff, 0xf4, 0x94, 0xff, 
  0x93, 0x8c, 0xff, 0x93, 0x8c, 0xff, 0x93, 0x8c, 0xff, 0x93, 0x8c, 0xf9, 
  0xf4, 0x94, 0xff, 0x93, 0x8c, 0xed, 0x73, 0x8c, 0x12, 0x00, 0x00, 0x00, 
  0x55, 0x7d, 0x06, 0x00, 0x00, 0x00, 0x00, 0x00, 0x00, 0x00, 0x00, 0x00, 
  0x00, 0x00, 0x00, 0x00, 0x00, 0x00, 0x00, 0x00, 0x00, 0x00, 0x00, 0x00, 
  0x00, 0x00, 0x00, 0x00, 0x00, 0x00, 0x00, 0x00, 0x00, 0x00, 0x00, 0x00, 
  0x00, 0x00, 0x00, 0x00, 0x00, 0x00, 0x00, 0x00, 0x00, 0x00, 0x00, 0x00, 
  0x00, 0x00, 0x00, 0x00, 0x00, 0x00, 0x00, 0x00, 0x00, 0x00, 0x00, 0x00, 
  0x00, 0x00, 0x00, 0x00, 0x00, 0x00, 0x00, 0x00, 0x00, 0x00, 0x00, 0x00, 
  0x00, 0x00, 0x00, 0x00, 0x00, 0x00, 0x00, 0x00, 0x00, 0x00, 0x00, 0x00, 
  0x00, 0x00, 0x00, 0x00, 0x00, 0x00, 0x00, 0x00, 0x00, 0x00, 0x00, 0x00, 
  0x00, 0x00, 0x00, 0x00, 0x00, 0x00, 0x00, 0x00, 0x00, 0x00, 0x00, 0x00, 
  0x00, 0x00, 0x00, 0x00, 0x00, 0x00, 0x00, 0x00, 0x00, 0x00, 0x00, 0x00, 
  0x00, 0x00, 0x00, 0x00, 0x00, 0x00, 0x00, 0x00, 0x00, 0x00, 0x00, 0x00, 
  0x00, 0x00, 0x00, 0x00, 0x00, 0x00, 0x00, 0x00, 0x00, 0x00, 0x00, 0x00, 
  0x00, 0x00, 0x00, 0x00, 0x00, 0x00, 0x00, 0x00, 0x00, 0x00, 0x00, 0x00, 
  0x00, 0x00, 0x00, 0x00, 0x00, 0x00, 0x00, 0x00, 0x00, 0x55, 0xad, 0x06, 
  0x00, 0x00, 0x00, 0xd5, 0x8c, 0x12, 0xd4, 0x94, 0xed, 0x35, 0x9d, 0xff, 
  0xd4, 0x94, 0xf9, 0xd4, 0x94, 0xff, 0xd4, 0x94, 0xff, 0xd4, 0x94, 0xff, 
  0xf5, 0x94, 0xff, 0x11, 0x7c, 0xff, 0x2d, 0x5b, 0xff, 0x4d, 0x63, 0xff, 
  0x2d, 0x63, 0xff, 0x2d, 0x63, 0xff, 0x2d, 0x5b, 0xff, 0x2d, 0x5b, 0xff, 
  0x0d, 0x5b, 0xff, 0x0c, 0x5b, 0xff, 0x0c, 0x5b, 0xff, 0x0c, 0x5b, 0xff, 
  0xec, 0x5a, 0xff, 0xec, 0x5a, 0xff, 0xec, 0x52, 0xff, 0xeb, 0x5a, 0xff, 
  0xcc, 0x4a, 0xff, 0xca, 0x6a, 0xff, 0xc5, 0xc2, 0xff, 0xa3, 0xe2, 0xff, 
  0xa2, 0xe2, 0xff, 0x82, 0xda, 0xff, 0x82, 0xda, 0xff, 0x62, 0xda, 0xff, 
  0x62, 0xda, 0xff, 0x62, 0xda, 0xff, 0x42, 0xd2, 0xff, 0x41, 0xd2, 0xff, 
  0x21, 0xd2, 0xff, 0x23, 0xb2, 0xff, 0x48, 0x5a, 0xff, 0x6a, 0x3a, 0xff, 
  0x49, 0x4a, 0xff, 0x49, 0x42, 0xff, 0x49, 0x42, 0xff, 0x29, 0x42, 0xff, 
  0x29, 0x42, 0xff, 0x29, 0x42, 0xff, 0x28, 0x42, 0xff, 0x08, 0x3a, 0xff, 
  0x08, 0x3a, 0xff, 0x08, 0x3a, 0xff, 0xe8, 0x39, 0xff, 0xe8, 0x39, 0xff, 
  0xe8, 0x39, 0xff, 0x86, 0x29, 0xff, 0x2d, 0x63, 0xff, 0xd4, 0x94, 0xff, 
  0x92, 0x8c, 0xff, 0x93, 0x8c, 0xff, 0x93, 0x8c, 0xff, 0x93, 0x8c, 0xf9, 
  0xd4, 0x94, 0xff, 0x92, 0x84, 0xed, 0x73, 0x8c, 0x12, 0x00, 0x00, 0x00, 
  0x55, 0x7d, 0x06, 0x00, 0x00, 0x00, 0x00, 0x00, 0x00, 0x00, 0x00, 0x00, 
  0x00, 0x00, 0x00, 0x00, 0x00, 0x00, 0x00, 0x00, 0x00, 0x00, 0x00, 0x00, 
  0x00, 0x00, 0x00, 0x00, 0x00, 0x00, 0x00, 0x00, 0x00, 0x00, 0x00, 0x00, 
  0x00, 0x00, 0x00, 0x00, 0x00, 0x00, 0x00, 0x00, 0x00, 0x00, 0x00, 0x00, 
  0x00, 0x00, 0x00, 0x00, 0x00, 0x00, 0x00, 0x00, 0x00, 0x00, 0x00, 0x00, 
  0x00, 0x00, 0x00, 0x00, 0x00, 0x00, 0x00, 0x00, 0x00, 0x00, 0x00, 0x00, 
  0x00, 0x00, 0x00, 0x00, 0x00, 0x00, 0x00, 0x00, 0x00, 0x00, 0x00, 0x00, 
  0x00, 0x00, 0x00, 0x00, 0x00, 0x00, 0x00, 0x00, 0x00, 0x00, 0x00, 0x00, 
  0x00, 0x00, 0x00, 0x00, 0x00, 0x00, 0x00, 0x00, 0x00, 0x00, 0x00, 0x00, 
  0x00, 0x00, 0x00, 0x00, 0x00, 0x00, 0x00, 0x00, 0x00, 0x00, 0x00, 0x00, 
  0x00, 0x00, 0x00, 0x00, 0x00, 0x00, 0x00, 0x00, 0x00, 0x00, 0x00, 0x00, 
  0x00, 0x00, 0x00, 0x00, 0x00, 0x00, 0x00, 0x00, 0x00, 0x00, 0x00, 0x00, 
  0x00, 0x00, 0x00, 0x00, 0x00, 0x00, 0x00, 0x00, 0x00, 0x00, 0x00, 0x00, 
  0x00, 0x00, 0x00, 0x00, 0x00, 0x00, 0x00, 0x00, 0x00, 0x55, 0xad, 0x06, 
  0x00, 0x00, 0x00, 0xd5, 0x8c, 0x12, 0xd4, 0x94, 0xed, 0x35, 0x9d, 0xff, 
  0xd4, 0x94, 0xf9, 0xd4, 0x94, 0xff, 0xd4, 0x94, 0xff, 0xd4, 0x94, 0xff, 
  0xf4, 0x94, 0xff, 0x10, 0x7c, 0xff, 0x0c, 0x5b, 0xff, 0x4d, 0x63, 0xff, 
  0x2d, 0x63, 0xff, 0x2d, 0x5b, 0xff, 0x2d, 0x5b, 0xff, 0x0d, 0x5b, 0xff, 
  0x0c, 0x5b, 0xff, 0x0c, 0x5b, 0xff, 0x0c, 0x5b, 0xff, 0xec, 0x5a, 0xff, 
  0xec, 0x5a, 0xff, 0xec, 0x52, 0xff, 0xcc, 0x52, 0xff, 0xcb, 0x52, 0xff, 
  0xcb, 0x52, 0xff, 0xcb, 0x5a, 0xff, 0xa7, 0x8a, 0xff, 0x83, 0xda, 0xff, 
  0x82, 0xe2, 0xff, 0x82, 0xda, 0xff, 0x62, 0xda, 0xff, 0x62, 0xda, 0xff, 
  0x42, 0xd2, 0xff, 0x42, 0xd2, 0xff, 0x22, 0xd2, 0xff, 0x21, 0xda, 0xff, 
  0x21, 0xca, 0xff, 0x46, 0x7a, 0xff, 0x49, 0x4a, 0xff, 0x4a, 0x42, 0xff, 
  0x49, 0x42, 0xff, 0x49, 0x42, 0xff, 0x29, 0x42, 0xff, 0x29, 0x42, 0xff, 
  0x28, 0x42, 0xff, 0x08, 0x3a, 0xff, 0x08, 0x3a, 0xff, 0x08, 0x3a, 0xff, 
  0x08, 0x3a, 0xff, 0xe8, 0x39, 0xff, 0xe8, 0x39, 0xff, 0xe8, 0x39, 0xff, 
  0xe8, 0x39, 0xff, 0x86, 0x29, 0xff, 0x2d, 0x5b, 0xff, 0xd4, 0x94, 0xff, 
  0x72, 0x84, 0xff, 0x93, 0x8c, 0xff, 0x92, 0x8c, 0xff, 0x72, 0x8c, 0xf9, 
  0xd4, 0x94, 0xff, 0x72, 0x84, 0xed, 0x73, 0x8c, 0x12, 0x00, 0x00, 0x00, 
  0xf5, 0x7b, 0x06, 0x00, 0x00, 0x00, 0x00, 0x00, 0x00, 0x00, 0x00, 0x00, 
  0x00, 0x00, 0x00, 0x00, 0x00, 0x00, 0x00, 0x00, 0x00, 0x00, 0x00, 0x00, 
  0x00, 0x00, 0x00, 0x00, 0x00, 0x00, 0x00, 0x00, 0x00, 0x00, 0x00, 0x00, 
  0x00, 0x00, 0x00, 0x00, 0x00, 0x00, 0x00, 0x00, 0x00, 0x00, 0x00, 0x00, 
  0x00, 0x00, 0x00, 0x00, 0x00, 0x00, 0x00, 0x00, 0x00, 0x00, 0x00, 0x00, 
  0x00, 0x00, 0x00, 0x00, 0x00, 0x00, 0x00, 0x00, 0x00, 0x00, 0x00, 0x00, 
  0x00, 0x00, 0x00, 0x00, 0x00, 0x00, 0x00, 0x00, 0x00, 0x00, 0x00, 0x00, 
  0x00, 0x00, 0x00, 0x00, 0x00, 0x00, 0x00, 0x00, 0x00, 0x00, 0x00, 0x00, 
  0x00, 0x00, 0x00, 0x00, 0x00, 0x00, 0x00, 0x00, 0x00, 0x00, 0x00, 0x00, 
  0x00, 0x00, 0x00, 0x00, 0x00, 0x00, 0x00, 0x00, 0x00, 0x00, 0x00, 0x00, 
  0x00, 0x00, 0x00, 0x00, 0x00, 0x00, 0x00, 0x00, 0x00, 0x00, 0x00, 0x00, 
  0x00, 0x00, 0x00, 0x00, 0x00, 0x00, 0x00, 0x00, 0x00, 0x00, 0x00, 0x00, 
  0x00, 0x00, 0x00, 0x00, 0x00, 0x00, 0x00, 0x00, 0x00, 0x00, 0x00, 0x00, 
  0x00, 0x00, 0x00, 0x00, 0x00, 0x00, 0x00, 0x00, 0x00, 0x55, 0xad, 0x06, 
  0x00, 0x00, 0x00, 0xd3, 0x8c, 0x12, 0xd4, 0x94, 0xed, 0x35, 0x9d, 0xff, 
  0xd4, 0x8c, 0xf9, 0xd4, 0x94, 0xff, 0xd4, 0x94, 0xff, 0xb3, 0x8c, 0xff, 
  0xf4, 0x94, 0xff, 0x10, 0x7c, 0xff, 0x0c, 0x5b, 0xff, 0x2d, 0x63, 0xff, 
  0x2d, 0x5b, 0xff, 0x2d, 0x5b, 0xff, 0x0c, 0x5b, 0xff, 0x0c, 0x5b, 0xff, 
  0x0c, 0x5b, 0xff, 0x0c, 0x5b, 0xff, 0xec, 0x5a, 0xff, 0xec, 0x5a, 0xff, 
  0xec, 0x52, 0xff, 0xec, 0x52, 0xff, 0xcb, 0x52, 0xff, 0xcb, 0x52, 0xff, 
  0xcb, 0x52, 0xff, 0xcb, 0x4a, 0xff, 0xaa, 0x5a, 0xff, 0x85, 0xaa, 0xff, 
  0x62, 0xda, 0xff, 0x61, 0xe2, 0xff, 0x62, 0xd2, 0xff, 0x42, 0xd2, 0xff, 
  0x42, 0xd2, 0xff, 0x22, 0xd2, 0xff, 0x21, 0xda, 0xff, 0x01, 0xd2, 0xff, 
  0x24, 0x9a, 0xff, 0x49, 0x52, 0xff, 0x4a, 0x42, 0xff, 0x49, 0x42, 0xff, 
  0x49, 0x42, 0xff, 0x29, 0x42, 0xff, 0x29, 0x42, 0xff, 0x29, 0x42, 0xff, 
  0x28, 0x42, 0xff, 0x08, 0x3a, 0xff, 0x08, 0x3a, 0xff, 0x08, 0x3a, 0xff, 
  0xe8, 0x39, 0xff, 0xe8, 0x39, 0xff, 0xe8, 0x39, 0xff, 0xe7, 0x39, 0xff, 
  0xe8, 0x39, 0xff, 0x86, 0x29, 0xff, 0x2d, 0x5b, 0xff, 0xd4, 0x94, 0xff, 
  0x72, 0x84, 0xff, 0x72, 0x84, 0xff, 0x72, 0x84, 0xff, 0x72, 0x84, 0xf9, 
  0xd4, 0x94, 0xff, 0x72, 0x84, 0xed, 0x73, 0x8c, 0x12, 0x00, 0x00, 0x00, 
  0xf5, 0x7b, 0x06, 0x00, 0x00, 0x00, 0x00, 0x00, 0x00, 0x00, 0x00, 0x00, 
  0x00, 0x00, 0x00, 0x00, 0x00, 0x00, 0x00, 0x00, 0x00, 0x00, 0x00, 0x00, 
  0x00, 0x00, 0x00, 0x00, 0x00, 0x00, 0x00, 0x00, 0x00, 0x00, 0x00, 0x00, 
  0x00, 0x00, 0x00, 0x00, 0x00, 0x00, 0x00, 0x00, 0x00, 0x00, 0x00, 0x00, 
  0x00, 0x00, 0x00, 0x00, 0x00, 0x00, 0x00, 0x00, 0x00, 0x00, 0x00, 0x00, 
  0x00, 0x00, 0x00, 0x00, 0x00, 0x00, 0x00, 0x00, 0x00, 0x00, 0x00, 0x00, 
  0x00, 0x00, 0x00, 0x00, 0x00, 0x00, 0x00, 0x00, 0x00, 0x00, 0x00, 0x00, 
  0x00, 0x00, 0x00, 0x00, 0x00, 0x00, 0x00, 0x00, 0x00, 0x00, 0x00, 0x00, 
  0x00, 0x00, 0x00, 0x00, 0x00, 0x00, 0x00, 0x00, 0x00, 0x00, 0x00, 0x00, 
  0x00, 0x00, 0x00, 0x00, 0x00, 0x00, 0x00, 0x00, 0x00, 0x00, 0x00, 0x00, 
  0x00, 0x00, 0x00, 0x00, 0x00, 0x00, 0x00, 0x00, 0x00, 0x00, 0x00, 0x00, 
  0x00, 0x00, 0x00, 0x00, 0x00, 0x00, 0x00, 0x00, 0x00, 0x00, 0x00, 0x00, 
  0x00, 0x00, 0x00, 0x00, 0x00, 0x00, 0x00, 0x00, 0x00, 0x00, 0x00, 0x00, 
  0x00, 0x00, 0x00, 0x00, 0x00, 0x00, 0x00, 0x00, 0x00, 0x55, 0xad, 0x06, 
  0x00, 0x00, 0x00, 0xd3, 0x8c, 0x12, 0xd4, 0x94, 0xed, 0x35, 0x9d, 0xff, 
  0xd3, 0x8c, 0xf9, 0xd4, 0x94, 0xff, 0xd3, 0x94, 0xff, 0xb3, 0x8c, 0xff, 
  0xf4, 0x94, 0xff, 0x10, 0x7c, 0xff, 0x0c, 0x5b, 0xff, 0x2d, 0x63, 0xff, 
  0x2d, 0x5b, 0xff, 0x0d, 0x5b, 0xff, 0x0c, 0x5b, 0xff, 0x0c, 0x5b, 0xff, 
  0x0c, 0x5b, 0xff, 0xec, 0x5a, 0xff, 0xec, 0x5a, 0xff, 0xec, 0x52, 0xff, 
  0xcc, 0x52, 0xff, 0xcb, 0x52, 0xff, 0xcb, 0x52, 0xff, 0xcb, 0x52, 0xff, 
  0xab, 0x52, 0xff, 0xab, 0x4a, 0xff, 0xab, 0x4a, 0xff, 0x89, 0x62, 0xff, 
  0x86, 0x9a, 0xff, 0x63, 0xc2, 0xff, 0x42, 0xd2, 0xff, 0x21, 0xe2, 0xff, 
  0x21, 0xda, 0xff, 0x21, 0xd2, 0xff, 0x22, 0xba, 0xff, 0x25, 0x92, 0xff, 
  0x48, 0x5a, 0xff, 0x49, 0x42, 0xff, 0x49, 0x42, 0xff, 0x49, 0x42, 0xff, 
  0x29, 0x42, 0xff, 0x29, 0x42, 0xff, 0x28, 0x42, 0xff, 0x28, 0x42, 0xff, 
  0x08, 0x3a, 0xff, 0x08, 0x3a, 0xff, 0x08, 0x3a, 0xff, 0xe8, 0x39, 0xff, 
  0xe8, 0x39, 0xff, 0xe8, 0x39, 0xff, 0xe7, 0x39, 0xff, 0xc7, 0x31, 0xff, 
  0xc7, 0x39, 0xff, 0x86, 0x29, 0xff, 0x2d, 0x5b, 0xff, 0xd4, 0x94, 0xff, 
  0x72, 0x84, 0xff, 0x72, 0x84, 0xff, 0x72, 0x84, 0xff, 0x72, 0x84, 0xf9, 
  0xd4, 0x94, 0xff, 0x72, 0x84, 0xed, 0x73, 0x8c, 0x12, 0x00, 0x00, 0x00, 
  0xf5, 0x7b, 0x06, 0x00, 0x00, 0x00, 0x00, 0x00, 0x00, 0x00, 0x00, 0x00, 
  0x00, 0x00, 0x00, 0x00, 0x00, 0x00, 0x00, 0x00, 0x00, 0x00, 0x00, 0x00, 
  0x00, 0x00, 0x00, 0x00, 0x00, 0x00, 0x00, 0x00, 0x00, 0x00, 0x00, 0x00, 
  0x00, 0x00, 0x00, 0x00, 0x00, 0x00, 0x00, 0x00, 0x00, 0x00, 0x00, 0x00, 
  0x00, 0x00, 0x00, 0x00, 0x00, 0x00, 0x00, 0x00, 0x00, 0x00, 0x00, 0x00, 
  0x00, 0x00, 0x00, 0x00, 0x00, 0x00, 0x00, 0x00, 0x00, 0x00, 0x00, 0x00, 
  0x00, 0x00, 0x00, 0x00, 0x00, 0x00, 0x00, 0x00, 0x00, 0x00, 0x00, 0x00, 
  0x00, 0x00, 0x00, 0x00, 0x00, 0x00, 0x00, 0x00, 0x00, 0x00, 0x00, 0x00, 
  0x00, 0x00, 0x00, 0x00, 0x00, 0x00, 0x00, 0x00, 0x00, 0x00, 0x00, 0x00, 
  0x00, 0x00, 0x00, 0x00, 0x00, 0x00, 0x00, 0x00, 0x00, 0x00, 0x00, 0x00, 
  0x00, 0x00, 0x00, 0x00, 0x00, 0x00, 0x00, 0x00, 0x00, 0x00, 0x00, 0x00, 
  0x00, 0x00, 0x00, 0x00, 0x00, 0x00, 0x00, 0x00, 0x00, 0x00, 0x00, 0x00, 
  0x00, 0x00, 0x00, 0x00, 0x00, 0x00, 0x00, 0x00, 0x00, 0x00, 0x00, 0x00, 
  0x00, 0x00, 0x00, 0x00, 0x00, 0x00, 0x00, 0x00, 0x00, 0x55, 0xad, 0x06, 
  0x00, 0x00, 0x00, 0xd3, 0x8c, 0x12, 0xb4, 0x8c, 0xed, 0x15, 0x9d, 0xff, 
  0xb3, 0x8c, 0xf9, 0xb3, 0x8c, 0xff, 0xb3, 0x8c, 0xff, 0xb3, 0x8c, 0xff, 
  0xf4, 0x94, 0xff, 0xf0, 0x73, 0xff, 0x0c, 0x5b, 0xff, 0x2d, 0x5b, 0xff, 
  0x0c, 0x5b, 0xff, 0x0c, 0x5b, 0xff, 0x0c, 0x5b, 0xff, 0x0c, 0x5b, 0xff, 
  0xec, 0x5a, 0xff, 0xec, 0x5a, 0xff, 0xec, 0x52, 0xff, 0xcc, 0x52, 0xff, 
  0xcb, 0x52, 0xff, 0xcb, 0x52, 0xff, 0xcb, 0x52, 0xff, 0xab, 0x52, 0xff, 
  0xab, 0x52, 0xff, 0xab, 0x52, 0xff, 0xab, 0x52, 0xff, 0x8b, 0x4a, 0xff, 
  0x8a, 0x52, 0xff, 0x67, 0x7a, 0xff, 0x45, 0x9a, 0xff, 0x44, 0xaa, 0xff, 
  0x24, 0xaa, 0xff, 0x25, 0x9a, 0xff, 0x47, 0x72, 0xff, 0x49, 0x4a, 0xff, 
  0x4a, 0x42, 0xff, 0x49, 0x42, 0xff, 0x49, 0x42, 0xff, 0x29, 0x42, 0xff, 
  0x29, 0x42, 0xff, 0x29, 0x42, 0xff, 0x08, 0x3a, 0xff, 0x08, 0x3a, 0xff, 
  0x08, 0x3a, 0xff, 0x08, 0x3a, 0xff, 0xe8, 0x39, 0xff, 0xe8, 0x39, 0xff, 
  0xe8, 0x39, 0xff, 0xe8, 0x39, 0xff, 0xc7, 0x39, 0xff, 0xc7, 0x31, 0xff, 
  0xc7, 0x31, 0xff, 0x66, 0x29, 0xff, 0x0d, 0x5b, 0xff, 0xd4, 0x8c, 0xff, 
  0x72, 0x84, 0xff, 0x72, 0x84, 0xff, 0x72, 0x84, 0xff, 0x72, 0x84, 0xf9, 
  0xb3, 0x8c, 0xff, 0x72, 0x84, 0xed, 0x73, 0x7c, 0x12, 0x00, 0x00, 0x00, 
  0xf5, 0x7b, 0x06, 0x00, 0x00, 0x00, 0x00, 0x00, 0x00, 0x00, 0x00, 0x00, 
  0x00, 0x00, 0x00, 0x00, 0x00, 0x00, 0x00, 0x00, 0x00, 0x00, 0x00, 0x00, 
  0x00, 0x00, 0x00, 0x00, 0x00, 0x00, 0x00, 0x00, 0x00, 0x00, 0x00, 0x00, 
  0x00, 0x00, 0x00, 0x00, 0x00, 0x00, 0x00, 0x00, 0x00, 0x00, 0x00, 0x00, 
  0x00, 0x00, 0x00, 0x00, 0x00, 0x00, 0x00, 0x00, 0x00, 0x00, 0x00, 0x00, 
  0x00, 0x00, 0x00, 0x00, 0x00, 0x00, 0x00, 0x00, 0x00, 0x00, 0x00, 0x00, 
  0x00, 0x00, 0x00, 0x00, 0x00, 0x00, 0x00, 0x00, 0x00, 0x00, 0x00, 0x00, 
  0x00, 0x00, 0x00, 0x00, 0x00, 0x00, 0x00, 0x00, 0x00, 0x00, 0x00, 0x00, 
  0x00, 0x00, 0x00, 0x00, 0x00, 0x00, 0x00, 0x00, 0x00, 0x00, 0x00, 0x00, 
  0x00, 0x00, 0x00, 0x00, 0x00, 0x00, 0x00, 0x00, 0x00, 0x00, 0x00, 0x00, 
  0x00, 0x00, 0x00, 0x00, 0x00, 0x00, 0x00, 0x00, 0x00, 0x00, 0x00, 0x00, 
  0x00, 0x00, 0x00, 0x00, 0x00, 0x00, 0x00, 0x00, 0x00, 0x00, 0x00, 0x00, 
  0x00, 0x00, 0x00, 0x00, 0x00, 0x00, 0x00, 0x00, 0x00, 0x00, 0x00, 0x00, 
  0x00, 0x00, 0x00, 0x00, 0x00, 0x00, 0x00, 0x00, 0x00, 0x55, 0x7d, 0x06, 
  0x00, 0x00, 0x00, 0xd3, 0x8c, 0x12, 0xb3, 0x8c, 0xed, 0x15, 0x9d, 0xff, 
  0xb3, 0x8c, 0xf9, 0xb3, 0x8c, 0xff, 0xb3, 0x8c, 0xff, 0xb3, 0x8c, 0xff, 
  0xd4, 0x94, 0xff, 0xf0, 0x73, 0xff, 0xec, 0x5a, 0xff, 0x2d, 0x5b, 0xff, 
  0x0c, 0x5b, 0xff, 0x0c, 0x5b, 0xff, 0x0c, 0x5b, 0xff, 0xec, 0x5a, 0xff, 
  0xec, 0x5a, 0xff, 0xec, 0x52, 0xff, 0xec, 0x52, 0xff, 0xcb, 0x52, 0xff, 
  0xcb, 0x52, 0xff, 0xcb, 0x52, 0xff, 0xab, 0x52, 0xff, 0xab, 0x52, 0xff, 
  0xab, 0x52, 0xff, 0xab, 0x4a, 0xff, 0x8a, 0x4a, 0xff, 0x8a, 0x4a, 0xff, 
  0x8a, 0x4a, 0xff, 0x8a, 0x4a, 0xff, 0x6a, 0x42, 0xff, 0x6a, 0x42, 0xff, 
  0x6a, 0x42, 0xff, 0x6a, 0x42, 0xff, 0x4a, 0x42, 0xff, 0x49, 0x42, 0xff, 
  0x49, 0x42, 0xff, 0x49, 0x42, 0xff, 0x29, 0x42, 0xff, 0x29, 0x42, 0xff, 
  0x29, 0x42, 0xff, 0x28, 0x42, 0xff, 0x08, 0x3a, 0xff, 0x08, 0x3a, 0xff, 
  0x08, 0x3a, 0xff, 0xe8, 0x39, 0xff, 0xe8, 0x39, 0xff, 0xe8, 0x39, 0xff, 
  0xe7, 0x39, 0xff, 0xc7, 0x39, 0xff, 0xc7, 0x31, 0xff, 0xc7, 0x31, 0xff, 
  0xc7, 0x31, 0xff, 0x65, 0x29, 0xff, 0x0c, 0x5b, 0xff, 0xb3, 0x8c, 0xff, 
  0x72, 0x84, 0xff, 0x72, 0x84, 0xff, 0x72, 0x84, 0xff, 0x52, 0x84, 0xf9, 
  0xb3, 0x8c, 0xff, 0x52, 0x84, 0xed, 0x71, 0x7c, 0x12, 0x00, 0x00, 0x00, 
  0xf5, 0x7b, 0x06, 0x00, 0x00, 0x00, 0x00, 0x00, 0x00, 0x00, 0x00, 0x00, 
  0x00, 0x00, 0x00, 0x00, 0x00, 0x00, 0x00, 0x00, 0x00, 0x00, 0x00, 0x00, 
  0x00, 0x00, 0x00, 0x00, 0x00, 0x00, 0x00, 0x00, 0x00, 0x00, 0x00, 0x00, 
  0x00, 0x00, 0x00, 0x00, 0x00, 0x00, 0x00, 0x00, 0x00, 0x00, 0x00, 0x00, 
  0x00, 0x00, 0x00, 0x00, 0x00, 0x00, 0x00, 0x00, 0x00, 0x00, 0x00, 0x00, 
  0x00, 0x00, 0x00, 0x00, 0x00, 0x00, 0x00, 0x00, 0x00, 0x00, 0x00, 0x00, 
  0x00, 0x00, 0x00, 0x00, 0x00, 0x00, 0x00, 0x00, 0x00, 0x00, 0x00, 0x00, 
  0x00, 0x00, 0x00, 0x00, 0x00, 0x00, 0x00, 0x00, 0x00, 0x00, 0x00, 0x00, 
  0x00, 0x00, 0x00, 0x00, 0x00, 0x00, 0x00, 0x00, 0x00, 0x00, 0x00, 0x00, 
  0x00, 0x00, 0x00, 0x00, 0x00, 0x00, 0x00, 0x00, 0x00, 0x00, 0x00, 0x00, 
  0x00, 0x00, 0x00, 0x00, 0x00, 0x00, 0x00, 0x00, 0x00, 0x00, 0x00, 0x00, 
  0x00, 0x00, 0x00, 0x00, 0x00, 0x00, 0x00, 0x00, 0x00, 0x00, 0x00, 0x00, 
  0x00, 0x00, 0x00, 0x00, 0x00, 0x00, 0x00, 0x00, 0x00, 0x00, 0x00, 0x00, 
  0x00, 0x00, 0x00, 0x00, 0x00, 0x00, 0x00, 0x00, 0x00, 0x55, 0x7d, 0x06, 
  0x00, 0x00, 0x00, 0xd3, 0x8c, 0x12, 0xb3, 0x8c, 0xed, 0x15, 0x95, 0xff, 
  0xb3, 0x8c, 0xf9, 0xb3, 0x8c, 0xff, 0xb3, 0x8c, 0xff, 0xb3, 0x8c, 0xff, 
  0xd4, 0x94, 0xff, 0xf0, 0x73, 0xf8, 0xec, 0x52, 0xf6, 0x0c, 0x5b, 0xff, 
  0x0c, 0x5b, 0xff, 0xec, 0x5a, 0xff, 0xec, 0x5a, 0xff, 0xec, 0x5a, 0xff, 
  0xec, 0x52, 0xff, 0xcc, 0x52, 0xff, 0xcb, 0x52, 0xff, 0xcb, 0x52, 0xff, 
  0xcb, 0x52, 0xff, 0xab, 0x52, 0xff, 0xab, 0x52, 0xff, 0xab, 0x52, 0xff, 
  0xab, 0x4a, 0xff, 0x8a, 0x4a, 0xff, 0x8a, 0x4a, 0xff, 0x8a, 0x4a, 0xff, 
  0x8a, 0x4a, 0xff, 0x6a, 0x4a, 0xff, 0x6a, 0x42, 0xff, 0x6a, 0x42, 0xff, 
  0x4a, 0x42, 0xff, 0x49, 0x42, 0xff, 0x49, 0x42, 0xff, 0x49, 0x42, 0xff, 
  0x29, 0x42, 0xff, 0x29, 0x42, 0xff, 0x29, 0x42, 0xff, 0x28, 0x42, 0xff, 
  0x08, 0x3a, 0xff, 0x08, 0x3a, 0xff, 0x08, 0x3a, 0xff, 0x08, 0x3a, 0xff, 
  0xe8, 0x39, 0xff, 0xe8, 0x39, 0xff, 0xe8, 0x39, 0xff, 0xe7, 0x39, 0xff, 
  0xc7, 0x31, 0xff, 0xc7, 0x31, 0xff, 0xc7, 0x31, 0xff, 0xc7, 0x31, 0xff, 
  0xc7, 0x31, 0xff, 0x45, 0x21, 0xf4, 0x0c, 0x5b, 0xf8, 0xb3, 0x8c, 0xff, 
  0x52, 0x84, 0xff, 0x52, 0x84, 0xff, 0x52, 0x84, 0xff, 0x52, 0x84, 0xf9, 
  0xb3, 0x8c, 0xff, 0x52, 0x84, 0xed, 0x71, 0x7c, 0x12, 0x00, 0x00, 0x00, 
  0xf5, 0x7b, 0x06, 0x00, 0x00, 0x00, 0x00, 0x00, 0x00, 0x00, 0x00, 0x00, 
  0x00, 0x00, 0x00, 0x00, 0x00, 0x00, 0x00, 0x00, 0x00, 0x00, 0x00, 0x00, 
  0x00, 0x00, 0x00, 0x00, 0x00, 0x00, 0x00, 0x00, 0x00, 0x00, 0x00, 0x00, 
  0x00, 0x00, 0x00, 0x00, 0x00, 0x00, 0x00, 0x00, 0x00, 0x00, 0x00, 0x00, 
  0x00, 0x00, 0x00, 0x00, 0x00, 0x00, 0x00, 0x00, 0x00, 0x00, 0x00, 0x00, 
  0x00, 0x00, 0x00, 0x00, 0x00, 0x00, 0x00, 0x00, 0x00, 0x00, 0x00, 0x00, 
  0x00, 0x00, 0x00, 0x00, 0x00, 0x00, 0x00, 0x00, 0x00, 0x00, 0x00, 0x00, 
  0x00, 0x00, 0x00, 0x00, 0x00, 0x00, 0x00, 0x00, 0x00, 0x00, 0x00, 0x00, 
  0x00, 0x00, 0x00, 0x00, 0x00, 0x00, 0x00, 0x00, 0x00, 0x00, 0x00, 0x00, 
  0x00, 0x00, 0x00, 0x00, 0x00, 0x00, 0x00, 0x00, 0x00, 0x00, 0x00, 0x00, 
  0x00, 0x00, 0x00, 0x00, 0x00, 0x00, 0x00, 0x00, 0x00, 0x00, 0x00, 0x00, 
  0x00, 0x00, 0x00, 0x00, 0x00, 0x00, 0x00, 0x00, 0x00, 0x00, 0x00, 0x00, 
  0x00, 0x00, 0x00, 0x00, 0x00, 0x00, 0x00, 0x00, 0x00, 0x00, 0x00, 0x00, 
  0x00, 0x00, 0x00, 0x00, 0x00, 0x00, 0x00, 0x00, 0x00, 0x55, 0x7d, 0x06, 
  0x00, 0x00, 0x00, 0xd3, 0x8c, 0x12, 0x93, 0x8c, 0xed, 0xf4, 0x94, 0xff, 
  0x93, 0x8c, 0xf9, 0xb3, 0x8c, 0xff, 0xb3, 0x8c, 0xff, 0x93, 0x8c, 0xff, 
  0xd4, 0x94, 0xff, 0xf0, 0x73, 0xe1, 0xcb, 0x52, 0xd5, 0x2d, 0x5b, 0xf9, 
  0x0c, 0x5b, 0xfc, 0xec, 0x5a, 0xfe, 0xec, 0x52, 0xff, 0xec, 0x52, 0xff, 
  0xec, 0x52, 0xff, 0xcb, 0x52, 0xff, 0xcb, 0x52, 0xff, 0xcb, 0x52, 0xff, 
  0xab, 0x52, 0xff, 0xab, 0x52, 0xff, 0xab, 0x52, 0xff, 0xab, 0x4a, 0xff, 
  0x8a, 0x4a, 0xff, 0x8a, 0x4a, 0xff, 0x8a, 0x4a, 0xff, 0x8a, 0x4a, 0xff, 
  0x6a, 0x4a, 0xff, 0x6a, 0x4a, 0xff, 0x6a, 0x4a, 0xff, 0x49, 0x4a, 0xff, 
  0x49, 0x4a, 0xff, 0x49, 0x42, 0xff, 0x49, 0x42, 0xff, 0x29, 0x42, 0xff, 
  0x29, 0x42, 0xff, 0x29, 0x42, 0xff, 0x29, 0x42, 0xff, 0x08, 0x42, 0xff, 
  0x08, 0x3a, 0xff, 0x08, 0x3a, 0xff, 0x08, 0x3a, 0xff, 0xe8, 0x39, 0xff, 
  0xe8, 0x39, 0xff, 0xe8, 0x39, 0xff, 0xe7, 0x39, 0xff, 0xc7, 0x31, 0xff, 
  0xc7, 0x31, 0xff, 0xc7, 0x31, 0xff, 0xa7, 0x31, 0xfe, 0xa7, 0x31, 0xfc, 
  0xc7, 0x31, 0xf9, 0x45, 0x21, 0xd1, 0x2d, 0x63, 0xdf, 0xb3, 0x8c, 0xff, 
  0x52, 0x84, 0xff, 0x52, 0x84, 0xff, 0x52, 0x84, 0xff, 0x52, 0x84, 0xf9, 
  0xb3, 0x8c, 0xff, 0x52, 0x84, 0xed, 0x71, 0x7c, 0x12, 0x00, 0x00, 0x00, 
  0xf5, 0x7b, 0x06, 0x00, 0x00, 0x00, 0x00, 0x00, 0x00, 0x00, 0x00, 0x00, 
  0x00, 0x00, 0x00, 0x00, 0x00, 0x00, 0x00, 0x00, 0x00, 0x00, 0x00, 0x00, 
  0x00, 0x00, 0x00, 0x00, 0x00, 0x00, 0x00, 0x00, 0x00, 0x00, 0x00, 0x00, 
  0x00, 0x00, 0x00, 0x00, 0x00, 0x00, 0x00, 0x00, 0x00, 0x00, 0x00, 0x00, 
  0x00, 0x00, 0x00, 0x00, 0x00, 0x00, 0x00, 0x00, 0x00, 0x00, 0x00, 0x00, 
  0x00, 0x00, 0x00, 0x00, 0x00, 0x00, 0x00, 0x00, 0x00, 0x00, 0x00, 0x00, 
  0x00, 0x00, 0x00, 0x00, 0x00, 0x00, 0x00, 0x00, 0x00, 0x00, 0x00, 0x00, 
  0x00, 0x00, 0x00, 0x00, 0x00, 0x00, 0x00, 0x00, 0x00, 0x00, 0x00, 0x00, 
  0x00, 0x00, 0x00, 0x00, 0x00, 0x00, 0x00, 0x00, 0x00, 0x00, 0x00, 0x00, 
  0x00, 0x00, 0x00, 0x00, 0x00, 0x00, 0x00, 0x00, 0x00, 0x00, 0x00, 0x00, 
  0x00, 0x00, 0x00, 0x00, 0x00, 0x00, 0x00, 0x00, 0x00, 0x00, 0x00, 0x00, 
  0x00, 0x00, 0x00, 0x00, 0x00, 0x00, 0x00, 0x00, 0x00, 0x00, 0x00, 0x00, 
  0x00, 0x00, 0x00, 0x00, 0x00, 0x00, 0x00, 0x00, 0x00, 0x00, 0x00, 0x00, 
  0x00, 0x00, 0x00, 0x00, 0x00, 0x00, 0x00, 0x00, 0x00, 0x55, 0x7d, 0x06, 
  0x00, 0x00, 0x00, 0xd3, 0x8c, 0x12, 0x93, 0x8c, 0xed, 0xf4, 0x94, 0xff, 
  0x93, 0x8c, 0xf9, 0xb3, 0x8c, 0xff, 0xb3, 0x8c, 0xff, 0x93, 0x8c, 0xfc, 
  0x15, 0x95, 0xff, 0x51, 0x84, 0xa1, 0xaa, 0x4a, 0x80, 0x4d, 0x63, 0xff, 
  0x0c, 0x5b, 0xff, 0xec, 0x5a, 0xfb, 0xec, 0x52, 0xf9, 0xcb, 0x52, 0xf9, 
  0xcb, 0x52, 0xf9, 0xcb, 0x52, 0xf9, 0xcb, 0x52, 0xf9, 0xab, 0x52, 0xf9, 
  0xab, 0x52, 0xf9, 0xab, 0x52, 0xf9, 0x8b, 0x4a, 0xf9, 0x8a, 0x4a, 0xf9, 
  0x8a, 0x4a, 0xf9, 0x8a, 0x4a, 0xf9, 0x6a, 0x4a, 0xf9, 0x6a, 0x4a, 0xf9, 
  0x6a, 0x4a, 0xf9, 0x69, 0x42, 0xf9, 0x49, 0x42, 0xf9, 0x49, 0x42, 0xf9, 
  0x49, 0x42, 0xf9, 0x49, 0x42, 0xf9, 0x29, 0x42, 0xf9, 0x29, 0x42, 0xf9, 
  0x29, 0x42, 0xf9, 0x08, 0x42, 0xf9, 0x08, 0x3a, 0xf9, 0x08, 0x3a, 0xf9, 
  0x08, 0x3a, 0xf9, 0x08, 0x3a, 0xf9, 0xe8, 0x39, 0xf9, 0xe8, 0x39, 0xf9, 
  0xe8, 0x39, 0xf9, 0xc7, 0x39, 0xf9, 0xc7, 0x31, 0xf9, 0xc7, 0x31, 0xf9, 
  0xc7, 0x31, 0xf9, 0xc7, 0x31, 0xf9, 0xa7, 0x31, 0xfb, 0xa7, 0x31, 0xff, 
  0xc7, 0x39, 0xff, 0xc3, 0x18, 0x77, 0xd0, 0x73, 0x9b, 0xd4, 0x94, 0xff, 
  0x52, 0x84, 0xfc, 0x52, 0x84, 0xff, 0x52, 0x84, 0xff, 0x52, 0x84, 0xf9, 
  0x93, 0x8c, 0xff, 0x52, 0x84, 0xed, 0x71, 0x7c, 0x12, 0x00, 0x00, 0x00, 
  0xf5, 0x7b, 0x06, 0x00, 0x00, 0x00, 0x00, 0x00, 0x00, 0x00, 0x00, 0x00, 
  0x00, 0x00, 0x00, 0x00, 0x00, 0x00, 0x00, 0x00, 0x00, 0x00, 0x00, 0x00, 
  0x00, 0x00, 0x00, 0x00, 0x00, 0x00, 0x00, 0x00, 0x00, 0x00, 0x00, 0x00, 
  0x00, 0x00, 0x00, 0x00, 0x00, 0x00, 0x00, 0x00, 0x00, 0x00, 0x00, 0x00, 
  0x00, 0x00, 0x00, 0x00, 0x00, 0x00, 0x00, 0x00, 0x00, 0x00, 0x00, 0x00, 
  0x00, 0x00, 0x00, 0x00, 0x00, 0x00, 0x00, 0x00, 0x00, 0x00, 0x00, 0x00, 
  0x00, 0x00, 0x00, 0x00, 0x00, 0x00, 0x00, 0x00, 0x00, 0x00, 0x00, 0x00, 
  0x00, 0x00, 0x00, 0x00, 0x00, 0x00, 0x00, 0x00, 0x00, 0x00, 0x00, 0x00, 
  0x00, 0x00, 0x00, 0x00, 0x00, 0x00, 0x00, 0x00, 0x00, 0x00, 0x00, 0x00, 
  0x00, 0x00, 0x00, 0x00, 0x00, 0x00, 0x00, 0x00, 0x00, 0x00, 0x00, 0x00, 
  0x00, 0x00, 0x00, 0x00, 0x00, 0x00, 0x00, 0x00, 0x00, 0x00, 0x00, 0x00, 
  0x00, 0x00, 0x00, 0x00, 0x00, 0x00, 0x00, 0x00, 0x00, 0x00, 0x00, 0x00, 
  0x00, 0x00, 0x00, 0x00, 0x00, 0x00, 0x00, 0x00, 0x00, 0x00, 0x00, 0x00, 
  0x00, 0x00, 0x00, 0x00, 0x00, 0x00, 0x00, 0x00, 0x00, 0x55, 0x7d, 0x06, 
  0x00, 0x00, 0x00, 0x73, 0x8c, 0x12, 0x93, 0x8c, 0xed, 0xf4, 0x94, 0xff, 
  0x93, 0x8c, 0xf9, 0x93, 0x8c, 0xff, 0x93, 0x8c, 0xff, 0x93, 0x8c, 0xfb, 
  0x15, 0x9d, 0xff, 0xb3, 0x8c, 0x76, 0x27, 0x3a, 0x25, 0x0c, 0x5b, 0xc9, 
  0xec, 0x52, 0xf1, 0x0c, 0x5b, 0xff, 0x0c, 0x5b, 0xff, 0x0c, 0x5b, 0xff, 
  0x0c, 0x5b, 0xff, 0xec, 0x5a, 0xff, 0xec, 0x52, 0xff, 0xec, 0x5a, 0xff, 
  0xec, 0x52, 0xff, 0xcb, 0x52, 0xff, 0xcb, 0x52, 0xff, 0xab, 0x52, 0xff, 
  0xab, 0x52, 0xff, 0xab, 0x52, 0xff, 0xab, 0x52, 0xff, 0x8a, 0x4a, 0xff, 
  0x8a, 0x4a, 0xff, 0x8a, 0x4a, 0xff, 0x8a, 0x4a, 0xff, 0x6a, 0x4a, 0xff, 
  0x6a, 0x4a, 0xff, 0x6a, 0x42, 0xff, 0x4a, 0x4a, 0xff, 0x49, 0x42, 0xff, 
  0x49, 0x42, 0xff, 0x29, 0x42, 0xff, 0x29, 0x42, 0xff, 0x29, 0x42, 0xff, 
  0x29, 0x42, 0xff, 0x08, 0x42, 0xff, 0x08, 0x3a, 0xff, 0x08, 0x3a, 0xff, 
  0x08, 0x3a, 0xff, 0xe8, 0x39, 0xff, 0xe8, 0x39, 0xff, 0xe8, 0x39, 0xff, 
  0xc7, 0x39, 0xff, 0xc7, 0x31, 0xff, 0xa7, 0x31, 0xff, 0xa7, 0x31, 0xf0, 
  0xa7, 0x31, 0xc7, 0x00, 0x00, 0x1d, 0xb3, 0x8c, 0x71, 0xd4, 0x94, 0xff, 
  0x52, 0x84, 0xfb, 0x52, 0x84, 0xff, 0x52, 0x84, 0xff, 0x51, 0x84, 0xf9, 
  0x93, 0x8c, 0xff, 0x32, 0x84, 0xed, 0x71, 0x7c, 0x12, 0x00, 0x00, 0x00, 
  0xf5, 0x7b, 0x06, 0x00, 0x00, 0x00, 0x00, 0x00, 0x00, 0x00, 0x00, 0x00, 
  0x00, 0x00, 0x00, 0x00, 0x00, 0x00, 0x00, 0x00, 0x00, 0x00, 0x00, 0x00, 
  0x00, 0x00, 0x00, 0x00, 0x00, 0x00, 0x00, 0x00, 0x00, 0x00, 0x00, 0x00, 
  0x00, 0x00, 0x00, 0x00, 0x00, 0x00, 0x00, 0x00, 0x00, 0x00, 0x00, 0x00, 
  0x00, 0x00, 0x00, 0x00, 0x00, 0x00, 0x00, 0x00, 0x00, 0x00, 0x00, 0x00, 
  0x00, 0x00, 0x00, 0x00, 0x00, 0x00, 0x00, 0x00, 0x00, 0x00, 0x00, 0x00, 
  0x00, 0x00, 0x00, 0x00, 0x00, 0x00, 0x00, 0x00, 0x00, 0x00, 0x00, 0x00, 
  0x00, 0x00, 0x00, 0x00, 0x00, 0x00, 0x00, 0x00, 0x00, 0x00, 0x00, 0x00, 
  0x00, 0x00, 0x00, 0x00, 0x00, 0x00, 0x00, 0x00, 0x00, 0x00, 0x00, 0x00, 
  0x00, 0x00, 0x00, 0x00, 0x00, 0x00, 0x00, 0x00, 0x00, 0x00, 0x00, 0x00, 
  0x00, 0x00, 0x00, 0x00, 0x00, 0x00, 0x00, 0x00, 0x00, 0x00, 0x00, 0x00, 
  0x00, 0x00, 0x00, 0x00, 0x00, 0x00, 0x00, 0x00, 0x00, 0x00, 0x00, 0x00, 
  0x00, 0x00, 0x00, 0x00, 0x00, 0x00, 0x00, 0x00, 0x00, 0x00, 0x00, 0x00, 
  0x00, 0x00, 0x00, 0x00, 0x00, 0x00, 0x00, 0x00, 0x00, 0x55, 0x7d, 0x06, 
  0x00, 0x00, 0x00, 0x73, 0x8c, 0x12, 0x93, 0x8c, 0xed, 0xf4, 0x94, 0xff, 
  0x93, 0x8c, 0xf9, 0x93, 0x8c, 0xff, 0x93, 0x8c, 0xff, 0x93, 0x8c, 0xfb, 
  0x15, 0x9d, 0xff, 0x73, 0x84, 0x82, 0x00, 0x00, 0x00, 0x4e, 0x63, 0x1d, 
  0xec, 0x52, 0x8d, 0xcb, 0x52, 0xd5, 0xcb, 0x52, 0xea, 0xcb, 0x52, 0xec, 
  0xcb, 0x52, 0xed, 0xab, 0x52, 0xed, 0xab, 0x52, 0xed, 0xab, 0x52, 0xed, 
  0x8b, 0x4a, 0xed, 0x8a, 0x4a, 0xed, 0x8a, 0x4a, 0xed, 0x8a, 0x4a, 0xed, 
  0x6a, 0x4a, 0xed, 0x6a, 0x4a, 0xed, 0x6a, 0x4a, 0xed, 0x69, 0x4a, 0xed, 
  0x69, 0x42, 0xed, 0x49, 0x42, 0xed, 0x49, 0x42, 0xed, 0x49, 0x42, 0xed, 
  0x29, 0x42, 0xed, 0x29, 0x42, 0xed, 0x29, 0x42, 0xed, 0x09, 0x3a, 0xed, 
  0x08, 0x3a, 0xed, 0x08, 0x3a, 0xed, 0x08, 0x3a, 0xed, 0xe8, 0x39, 0xed, 
  0xe8, 0x39, 0xed, 0xe8, 0x39, 0xed, 0xe7, 0x39, 0xed, 0xe7, 0x31, 0xed, 
  0xc7, 0x31, 0xed, 0xc7, 0x31, 0xed, 0xc7, 0x31, 0xed, 0xa7, 0x31, 0xed, 
  0xa7, 0x31, 0xec, 0xa7, 0x31, 0xeb, 0x86, 0x31, 0xd4, 0xa6, 0x31, 0x8c, 
  0xe9, 0x31, 0x1c, 0x00, 0x00, 0x00, 0x31, 0x7c, 0x82, 0xd4, 0x94, 0xff, 
  0x52, 0x84, 0xfb, 0x52, 0x84, 0xff, 0x51, 0x84, 0xff, 0x51, 0x84, 0xf9, 
  0x93, 0x8c, 0xff, 0x31, 0x84, 0xed, 0x71, 0x7c, 0x12, 0x00, 0x00, 0x00, 
  0xef, 0x7b, 0x06, 0x00, 0x00, 0x00, 0x00, 0x00, 0x00, 0x00, 0x00, 0x00, 
  0x00, 0x00, 0x00, 0x00, 0x00, 0x00, 0x00, 0x00, 0x00, 0x00, 0x00, 0x00, 
  0x00, 0x00, 0x00, 0x00, 0x00, 0x00, 0x00, 0x00, 0x00, 0x00, 0x00, 0x00, 
  0x00, 0x00, 0x00, 0x00, 0x00, 0x00, 0x00, 0x00, 0x00, 0x00, 0x00, 0x00, 
  0x00, 0x00, 0x00, 0x00, 0x00, 0x00, 0x00, 0x00, 0x00, 0x00, 0x00, 0x00, 
  0x00, 0x00, 0x00, 0x00, 0x00, 0x00, 0x00, 0x00, 0x00, 0x00, 0x00, 0x00, 
  0x00, 0x00, 0x00, 0x00, 0x00, 0x00, 0x00, 0x00, 0x00, 0x00, 0x00, 0x00, 
  0x00, 0x00, 0x00, 0x00, 0x00, 0x00, 0x00, 0x00, 0x00, 0x00, 0x00, 0x00, 
  0x00, 0x00, 0x00, 0x00, 0x00, 0x00, 0x00, 0x00, 0x00, 0x00, 0x00, 0x00, 
  0x00, 0x00, 0x00, 0x00, 0x00, 0x00, 0x00, 0x00, 0x00, 0x00, 0x00, 0x00, 
  0x00, 0x00, 0x00, 0x00, 0x00, 0x00, 0x00, 0x00, 0x00, 0x00, 0x00, 0x00, 
  0x00, 0x00, 0x00, 0x00, 0x00, 0x00, 0x00, 0x00, 0x00, 0x00, 0x00, 0x00, 
  0x00, 0x00, 0x00, 0x00, 0x00, 0x00, 0x00, 0x00, 0x00, 0x00, 0x00, 0x00, 
  0x00, 0x00, 0x00, 0x00, 0x00, 0x00, 0x00, 0x00, 0x00, 0x55, 0x7d, 0x06, 
  0x00, 0x00, 0x00, 0x73, 0x8c, 0x12, 0x93, 0x8c, 0xed, 0xf4, 0x94, 0xff, 
  0x93, 0x8c, 0xf9, 0x93, 0x8c, 0xff, 0x93, 0x8c, 0xff, 0x72, 0x8c, 0xfb, 
  0x15, 0x95, 0xff, 0x72, 0x84, 0x80, 0x00, 0x00, 0x00, 0xff, 0x7b, 0x02, 
  0xaa, 0x52, 0x09, 0xeb, 0x4a, 0x10, 0xac, 0x52, 0x12, 0xac, 0x52, 0x12, 
  0xac, 0x52, 0x12, 0xaa, 0x52, 0x12, 0xaa, 0x52, 0x12, 0xaa, 0x52, 0x12, 
  0xaa, 0x52, 0x12, 0xaa, 0x52, 0x12, 0xaa, 0x42, 0x12, 0xaa, 0x42, 0x12, 
  0xaa, 0x42, 0x12, 0xaa, 0x42, 0x12, 0xaa, 0x42, 0x12, 0x2a, 0x42, 0x12, 
  0x2a, 0x42, 0x12, 0x2a, 0x42, 0x12, 0x28, 0x42, 0x12, 0x28, 0x42, 0x12, 
  0x28, 0x42, 0x12, 0x28, 0x42, 0x12, 0x28, 0x42, 0x12, 0x28, 0x42, 0x12, 
  0x28, 0x3a, 0x12, 0x28, 0x3a, 0x12, 0x28, 0x3a, 0x12, 0x28, 0x3a, 0x12, 
  0xc8, 0x39, 0x12, 0xc8, 0x39, 0x12, 0xc8, 0x39, 0x12, 0xc7, 0x39, 0x12, 
  0xc7, 0x39, 0x12, 0xc7, 0x39, 0x12, 0xc7, 0x39, 0x12, 0xc7, 0x39, 0x12, 
  0xc7, 0x39, 0x12, 0xc7, 0x29, 0x12, 0x65, 0x29, 0x10, 0xc7, 0x39, 0x09, 
  0xff, 0xff, 0x02, 0x00, 0x00, 0x00, 0x31, 0x7c, 0x80, 0xb3, 0x8c, 0xff, 
  0x31, 0x84, 0xfb, 0x31, 0x84, 0xff, 0x31, 0x7c, 0xff, 0x31, 0x7c, 0xf9, 
  0x93, 0x8c, 0xff, 0x31, 0x7c, 0xed, 0x71, 0x7c, 0x12, 0x00, 0x00, 0x00, 
  0xef, 0x7b, 0x06, 0x00, 0x00, 0x00, 0x00, 0x00, 0x00, 0x00, 0x00, 0x00, 
  0x00, 0x00, 0x00, 0x00, 0x00, 0x00, 0x00, 0x00, 0x00, 0x00, 0x00, 0x00, 
  0x00, 0x00, 0x00, 0x00, 0x00, 0x00, 0x00, 0x00, 0x00, 0x00, 0x00, 0x00, 
  0x00, 0x00, 0x00, 0x00, 0x00, 0x00, 0x00, 0x00, 0x00, 0x00, 0x00, 0x00, 
  0x00, 0x00, 0x00, 0x00, 0x00, 0x00, 0x00, 0x00, 0x00, 0x00, 0x00, 0x00, 
  0x00, 0x00, 0x00, 0x00, 0x00, 0x00, 0x00, 0x00, 0x00, 0x00, 0x00, 0x00, 
  0x00, 0x00, 0x00, 0x00, 0x00, 0x00, 0x00, 0x00, 0x00, 0x00, 0x00, 0x00, 
  0x00, 0x00, 0x00, 0x00, 0x00, 0x00, 0x00, 0x00, 0x00, 0x00, 0x00, 0x00, 
  0x00, 0x00, 0x00, 0x00, 0x00, 0x00, 0x00, 0x00, 0x00, 0x00, 0x00, 0x00, 
  0x00, 0x00, 0x00, 0x00, 0x00, 0x00, 0x00, 0x00, 0x00, 0x00, 0x00, 0x00, 
  0x00, 0x00, 0x00, 0x00, 0x00, 0x00, 0x00, 0x00, 0x00, 0x00, 0x00, 0x00, 
  0x00, 0x00, 0x00, 0x00, 0x00, 0x00, 0x00, 0x00, 0x00, 0x00, 0x00, 0x00, 
  0x00, 0x00, 0x00, 0x00, 0x00, 0x00, 0x00, 0x00, 0x00, 0x00, 0x00, 0x00, 
  0x00, 0x00, 0x00, 0x00, 0x00, 0x00, 0x00, 0x00, 0x00, 0x55, 0x7d, 0x06, 
  0x00, 0x00, 0x00, 0x73, 0x8c, 0x12, 0x92, 0x84, 0xed, 0xd4, 0x94, 0xff, 
  0x92, 0x8c, 0xf9, 0x92, 0x8c, 0xff, 0x72, 0x84, 0xff, 0x72, 0x84, 0xfb, 
  0xf5, 0x94, 0xff, 0x72, 0x84, 0x80, 0x00, 0x00, 0x01, 0x5f, 0xad, 0x03, 
  0x00, 0x00, 0x00, 0x00, 0x00, 0x00, 0x00, 0x00, 0x00, 0x00, 0x00, 0x00, 
  0x00, 0x00, 0x00, 0x00, 0x00, 0x00, 0x00, 0x00, 0x00, 0x00, 0x00, 0x00, 
  0x00, 0x00, 0x00, 0x00, 0x00, 0x00, 0x00, 0x00, 0x00, 0x00, 0x00, 0x00, 
  0x00, 0x00, 0x00, 0x00, 0x00, 0x00, 0x00, 0x00, 0x00, 0x00, 0x00, 0x00, 
  0x00, 0x00, 0x00, 0x00, 0x00, 0x00, 0x00, 0x00, 0x00, 0x00, 0x00, 0x00, 
  0x00, 0x00, 0x00, 0x00, 0x00, 0x00, 0x00, 0x00, 0x00, 0x00, 0x00, 0x00, 
  0x00, 0x00, 0x00, 0x00, 0x00, 0x00, 0x00, 0x00, 0x00, 0x00, 0x00, 0x00, 
  0x00, 0x00, 0x00, 0x00, 0x00, 0x00, 0x00, 0x00, 0x00, 0x00, 0x00, 0x00, 
  0x00, 0x00, 0x00, 0x00, 0x00, 0x00, 0x00, 0x00, 0x00, 0x00, 0x00, 0x00, 
  0x00, 0x00, 0x00, 0x00, 0x00, 0x00, 0x00, 0x00, 0x00, 0x00, 0x00, 0x00, 
  0x55, 0xad, 0x03, 0x00, 0x00, 0x01, 0x31, 0x7c, 0x80, 0xb3, 0x8c, 0xff, 
  0x31, 0x7c, 0xfb, 0x31, 0x7c, 0xff, 0x31, 0x7c, 0xff, 0x31, 0x7c, 0xf9, 
  0x72, 0x84, 0xff, 0x31, 0x7c, 0xed, 0xf1, 0x7b, 0x12, 0x00, 0x00, 0x00, 
  0xef, 0x7b, 0x06, 0x00, 0x00, 0x00, 0x00, 0x00, 0x00, 0x00, 0x00, 0x00, 
  0x00, 0x00, 0x00, 0x00, 0x00, 0x00, 0x00, 0x00, 0x00, 0x00, 0x00, 0x00, 
  0x00, 0x00, 0x00, 0x00, 0x00, 0x00, 0x00, 0x00, 0x00, 0x00, 0x00, 0x00, 
  0x00, 0x00, 0x00, 0x00, 0x00, 0x00, 0x00, 0x00, 0x00, 0x00, 0x00, 0x00, 
  0x00, 0x00, 0x00, 0x00, 0x00, 0x00, 0x00, 0x00, 0x00, 0x00, 0x00, 0x00, 
  0x00, 0x00, 0x00, 0x00, 0x00, 0x00, 0x00, 0x00, 0x00, 0x00, 0x00, 0x00, 
  0x00, 0x00, 0x00, 0x00, 0x00, 0x00, 0x00, 0x00, 0x00, 0x00, 0x00, 0x00, 
  0x00, 0x00, 0x00, 0x00, 0x00, 0x00, 0x00, 0x00, 0x00, 0x00, 0x00, 0x00, 
  0x00, 0x00, 0x00, 0x00, 0x00, 0x00, 0x00, 0x00, 0x00, 0x00, 0x00, 0x00, 
  0x00, 0x00, 0x00, 0x00, 0x00, 0x00, 0x00, 0x00, 0x00, 0x00, 0x00, 0x00, 
  0x00, 0x00, 0x00, 0x00, 0x00, 0x00, 0x00, 0x00, 0x00, 0x00, 0x00, 0x00, 
  0x00, 0x00, 0x00, 0x00, 0x00, 0x00, 0x00, 0x00, 0x00, 0x00, 0x00, 0x00, 
  0x00, 0x00, 0x00, 0x00, 0x00, 0x00, 0x00, 0x00, 0x00, 0x00, 0x00, 0x00, 
  0x00, 0x00, 0x00, 0x00, 0x00, 0x00, 0x00, 0x00, 0x00, 0x55, 0x7d, 0x06, 
  0x00, 0x00, 0x00, 0x73, 0x8c, 0x12, 0x72, 0x84, 0xed, 0xd4, 0x94, 0xff, 
  0x72, 0x8c, 0xf9, 0x72, 0x84, 0xff, 0x72, 0x84, 0xff, 0x72, 0x84, 0xfb, 
  0xf4, 0x94, 0xff, 0x72, 0x84, 0x80, 0x00, 0x00, 0x00, 0x33, 0x63, 0x05, 
  0xe7, 0x39, 0x04, 0xaa, 0x52, 0x06, 0xaa, 0x52, 0x06, 0xaa, 0x52, 0x06, 
  0xaa, 0x52, 0x06, 0xaa, 0x52, 0x06, 0xaa, 0x52, 0x06, 0xaa, 0x52, 0x06, 
  0xaa, 0x52, 0x06, 0xaa, 0x52, 0x06, 0xaa, 0x52, 0x06, 0xaa, 0x52, 0x06, 
  0xaa, 0x52, 0x06, 0xaa, 0x52, 0x06, 0xaa, 0x52, 0x06, 0xaa, 0x52, 0x06, 
  0xaa, 0x52, 0x06, 0xaa, 0x52, 0x06, 0xaa, 0x52, 0x06, 0xaa, 0x52, 0x06, 
  0xaa, 0x52, 0x06, 0xaa, 0x52, 0x06, 0xaa, 0x52, 0x06, 0xaa, 0x52, 0x06, 
  0xaa, 0x52, 0x06, 0xaa, 0x52, 0x06, 0xaa, 0x2a, 0x06, 0xaa, 0x2a, 0x06, 
  0xaa, 0x2a, 0x06, 0xaa, 0x2a, 0x06, 0x4a, 0x29, 0x06, 0x4a, 0x29, 0x06, 
  0x4a, 0x29, 0x06, 0x45, 0x29, 0x06, 0x45, 0x29, 0x06, 0x45, 0x29, 0x06, 
  0x45, 0x29, 0x06, 0x45, 0x29, 0x06, 0x45, 0x29, 0x06, 0xe7, 0x39, 0x04, 
  0x2c, 0x63, 0x05, 0x00, 0x00, 0x00, 0x31, 0x7c, 0x80, 0xb3, 0x8c, 0xff, 
  0x31, 0x7c, 0xfb, 0x31, 0x7c, 0xff, 0x31, 0x7c, 0xff, 0x31, 0x7c, 0xf9, 
  0x72, 0x84, 0xff, 0x31, 0x7c, 0xed, 0xf1, 0x7b, 0x12, 0x00, 0x00, 0x00, 
  0xef, 0x7b, 0x06, 0x00, 0x00, 0x00, 0x00, 0x00, 0x00, 0x00, 0x00, 0x00, 
  0x00, 0x00, 0x00, 0x00, 0x00, 0x00, 0x00, 0x00, 0x00, 0x00, 0x00, 0x00, 
  0x00, 0x00, 0x00, 0x00, 0x00, 0x00, 0x00, 0x00, 0x00, 0x00, 0x00, 0x00, 
  0x00, 0x00, 0x00, 0x00, 0x00, 0x00, 0x00, 0x00, 0x00, 0x00, 0x00, 0x00, 
  0x00, 0x00, 0x00, 0x00, 0x00, 0x00, 0x00, 0x00, 0x00, 0x00, 0x00, 0x00, 
  0x00, 0x00, 0x00, 0x00, 0x00, 0x00, 0x00, 0x00, 0x00, 0x00, 0x00, 0x00, 
  0x00, 0x00, 0x00, 0x00, 0x00, 0x00, 0x00, 0x00, 0x00, 0x00, 0x00, 0x00, 
  0x00, 0x00, 0x00, 0x00, 0x00, 0x00, 0x00, 0x00, 0x00, 0x00, 0x00, 0x00, 
  0x00, 0x00, 0x00, 0x00, 0x00, 0x00, 0x00, 0x00, 0x00, 0x00, 0x00, 0x00, 
  0x00, 0x00, 0x00, 0x00, 0x00, 0x00, 0x00, 0x00, 0x00, 0x00, 0x00, 0x00, 
  0x00, 0x00, 0x00, 0x00, 0x00, 0x00, 0x00, 0x00, 0x00, 0x00, 0x00, 0x00, 
  0x00, 0x00, 0x00, 0x00, 0x00, 0x00, 0x00, 0x00, 0x00, 0x00, 0x00, 0x00, 
  0x00, 0x00, 0x00, 0x00, 0x00, 0x00, 0x00, 0x00, 0x00, 0x00, 0x00, 0x00, 
  0x00, 0x00, 0x00, 0x00, 0x00, 0x00, 0x00, 0x00, 0x00, 0xf5, 0x7b, 0x06, 
  0x00, 0x00, 0x00, 0x73, 0x8c, 0x12, 0x72, 0x84, 0xee, 0xd4, 0x94, 0xff, 
  0x72, 0x84, 0xf9, 0x72, 0x84, 0xff, 0x72, 0x84, 0xff, 0x72, 0x84, 0xfb, 
  0xf4, 0x94, 0xff, 0x72, 0x84, 0x80, 0x00, 0x00, 0x00, 0xf7, 0x7b, 0x04, 
  0x00, 0x00, 0x00, 0x00, 0x00, 0x00, 0x00, 0x00, 0x00, 0x00, 0x00, 0x00, 
  0x00, 0x00, 0x00, 0x00, 0x00, 0x00, 0x00, 0x00, 0x00, 0x00, 0x00, 0x00, 
  0x00, 0x00, 0x00, 0x00, 0x00, 0x00, 0x00, 0x00, 0x00, 0x00, 0x00, 0x00, 
  0x00, 0x00, 0x00, 0x00, 0x00, 0x00, 0x00, 0x00, 0x00, 0x00, 0x00, 0x00, 
  0x00, 0x00, 0x00, 0x00, 0x00, 0x00, 0x00, 0x00, 0x00, 0x00, 0x00, 0x00, 
  0x00, 0x00, 0x00, 0x00, 0x00, 0x00, 0x00, 0x00, 0x00, 0x00, 0x00, 0x00, 
  0x00, 0x00, 0x00, 0x00, 0x00, 0x00, 0x00, 0x00, 0x00, 0x00, 0x00, 0x00, 
  0x00, 0x00, 0x00, 0x00, 0x00, 0x00, 0x00, 0x00, 0x00, 0x00, 0x00, 0x00, 
  0x00, 0x00, 0x00, 0x00, 0x00, 0x00, 0x00, 0x00, 0x00, 0x00, 0x00, 0x00, 
  0x00, 0x00, 0x00, 0x00, 0x00, 0x00, 0x00, 0x00, 0x00, 0x00, 0x00, 0x00, 
  0xef, 0x7b, 0x04, 0x00, 0x00, 0x00, 0x31, 0x7c, 0x80, 0xb3, 0x8c, 0xff, 
  0x31, 0x7c, 0xfb, 0x31, 0x7c, 0xff, 0x31, 0x7c, 0xff, 0x31, 0x7c, 0xf9, 
  0x72, 0x84, 0xff, 0x11, 0x7c, 0xee, 0xf1, 0x7b, 0x12, 0x00, 0x00, 0x00, 
  0xef, 0x7b, 0x06, 0x00, 0x00, 0x00, 0x00, 0x00, 0x00, 0x00, 0x00, 0x00, 
  0x00, 0x00, 0x00, 0x00, 0x00, 0x00, 0x00, 0x00, 0x00, 0x00, 0x00, 0x00, 
  0x00, 0x00, 0x00, 0x00, 0x00, 0x00, 0x00, 0x00, 0x00, 0x00, 0x00, 0x00, 
  0x00, 0x00, 0x00, 0x00, 0x00, 0x00, 0x00, 0x00, 0x00, 0x00, 0x00, 0x00, 
  0x00, 0x00, 0x00, 0x00, 0x00, 0x00, 0x00, 0x00, 0x00, 0x00, 0x00, 0x00, 
  0x00, 0x00, 0x00, 0x00, 0x00, 0x00, 0x00, 0x00, 0x00, 0x00, 0x00, 0x00, 
  0x00, 0x00, 0x00, 0x00, 0x00, 0x00, 0x00, 0x00, 0x00, 0x00, 0x00, 0x00, 
  0x00, 0x00, 0x00, 0x00, 0x00, 0x00, 0x00, 0x00, 0x00, 0x00, 0x00, 0x00, 
  0x00, 0x00, 0x00, 0x00, 0x00, 0x00, 0x00, 0x00, 0x00, 0x00, 0x00, 0x00, 
  0x00, 0x00, 0x00, 0x00, 0x00, 0x00, 0x00, 0x00, 0x00, 0x00, 0x00, 0x00, 
  0x00, 0x00, 0x00, 0x00, 0x00, 0x00, 0x00, 0x00, 0x00, 0x00, 0x00, 0x00, 
  0x00, 0x00, 0x00, 0x00, 0x00, 0x00, 0x00, 0x00, 0x00, 0x00, 0x00, 0x00, 
  0x00, 0x00, 0x00, 0x00, 0x00, 0x00, 0x00, 0x00, 0x00, 0x00, 0x00, 0x00, 
  0x00, 0x00, 0x00, 0x00, 0x00, 0x00, 0x00, 0x00, 0x00, 0xf5, 0x7b, 0x06, 
  0x00, 0x00, 0x00, 0x73, 0x8c, 0x12, 0x72, 0x84, 0xed, 0xd4, 0x94, 0xff, 
  0x72, 0x84, 0xf9, 0x72, 0x84, 0xff, 0x72, 0x84, 0xff, 0x72, 0x84, 0xfb, 
  0xf4, 0x94, 0xff, 0x72, 0x84, 0x80, 0x00, 0x00, 0x00, 0xf7, 0x7b, 0x04, 
  0x00, 0x00, 0x00, 0x00, 0x00, 0x00, 0x00, 0x00, 0x00, 0x00, 0x00, 0x00, 
  0x00, 0x00, 0x00, 0x00, 0x00, 0x00, 0x00, 0x00, 0x00, 0x00, 0x00, 0x00, 
  0x00, 0x00, 0x00, 0x00, 0x00, 0x00, 0x00, 0x00, 0x00, 0x00, 0x00, 0x00, 
  0x00, 0x00, 0x00, 0x00, 0x00, 0x00, 0x00, 0x00, 0x00, 0x00, 0x00, 0x00, 
  0x00, 0x00, 0x00, 0x00, 0x00, 0x00, 0x00, 0x00, 0x00, 0x00, 0x00, 0x00, 
  0x00, 0x00, 0x00, 0x00, 0x00, 0x00, 0x00, 0x00, 0x00, 0x00, 0x00, 0x00, 
  0x00, 0x00, 0x00, 0x00, 0x00, 0x00, 0x00, 0x00, 0x00, 0x00, 0x00, 0x00, 
  0x00, 0x00, 0x00, 0x00, 0x00, 0x00, 0x00, 0x00, 0x00, 0x00, 0x00, 0x00, 
  0x00, 0x00, 0x00, 0x00, 0x00, 0x00, 0x00, 0x00, 0x00, 0x00, 0x00, 0x00, 
  0x00, 0x00, 0x00, 0x00, 0x00, 0x00, 0x00, 0x00, 0x00, 0x00, 0x00, 0x00, 
  0xef, 0x7b, 0x04, 0x00, 0x00, 0x00, 0x11, 0x7c, 0x80, 0x93, 0x8c, 0xff, 
  0x31, 0x7c, 0xfb, 0x31, 0x7c, 0xff, 0x11, 0x7c, 0xff, 0x11, 0x7c, 0xf9, 
  0x72, 0x84, 0xff, 0x11, 0x7c, 0xed, 0xf1, 0x7b, 0x12, 0x00, 0x00, 0x00, 
  0xef, 0x7b, 0x06, 0x00, 0x00, 0x00, 0x00, 0x00, 0x00, 0x00, 0x00, 0x00, 
  0x00, 0x00, 0x00, 0x00, 0x00, 0x00, 0x00, 0x00, 0x00, 0x00, 0x00, 0x00, 
  0x00, 0x00, 0x00, 0x00, 0x00, 0x00, 0x00, 0x00, 0x00, 0x00, 0x00, 0x00, 
  0x00, 0x00, 0x00, 0x00, 0x00, 0x00, 0x00, 0x00, 0x00, 0x00, 0x00, 0x00, 
  0x00, 0x00, 0x00, 0x00, 0x00, 0x00, 0x00, 0x00, 0x00, 0x00, 0x00, 0x00, 
  0x00, 0x00, 0x00, 0x00, 0x00, 0x00, 0x00, 0x00, 0x00, 0x00, 0x00, 0x00, 
  0x00, 0x00, 0x00, 0x00, 0x00, 0x00, 0x00, 0x00, 0x00, 0x00, 0x00, 0x00, 
  0x00, 0x00, 0x00, 0x00, 0x00, 0x00, 0x00, 0x00, 0x00, 0x00, 0x00, 0x00, 
  0x00, 0x00, 0x00, 0x00, 0x00, 0x00, 0x00, 0x00, 0x00, 0x00, 0x00, 0x00, 
  0x00, 0x00, 0x00, 0x00, 0x00, 0x00, 0x00, 0x00, 0x00, 0x00, 0x00, 0x00, 
  0x00, 0x00, 0x00, 0x00, 0x00, 0x00, 0x00, 0x00, 0x00, 0x00, 0x00, 0x00, 
  0x00, 0x00, 0x00, 0x00, 0x00, 0x00, 0x00, 0x00, 0x00, 0x00, 0x00, 0x00, 
  0x00, 0x00, 0x00, 0x00, 0x00, 0x00, 0x00, 0x00, 0x00, 0x00, 0x00, 0x00, 
  0x00, 0x00, 0x00, 0x00, 0x00, 0x00, 0x00, 0x00, 0x00, 0xef, 0x7b, 0x06, 
  0x00, 0x00, 0x00, 0x32, 0x84, 0x11, 0x72, 0x84, 0xe1, 0xb3, 0x8c, 0xff, 
  0x52, 0x84, 0xfb, 0x72, 0x84, 0xff, 0x72, 0x84, 0xff, 0x72, 0x84, 0xfb, 
  0xd4, 0x94, 0xff, 0x52, 0x84, 0x86, 0x00, 0x00, 0x00, 0x55, 0xad, 0x03, 
  0x00, 0x00, 0x00, 0x00, 0x00, 0x00, 0x00, 0x00, 0x00, 0x00, 0x00, 0x00, 
  0x00, 0x00, 0x00, 0x00, 0x00, 0x00, 0x00, 0x00, 0x00, 0x00, 0x00, 0x00, 
  0x00, 0x00, 0x00, 0x00, 0x00, 0x00, 0x00, 0x00, 0x00, 0x00, 0x00, 0x00, 
  0x00, 0x00, 0x00, 0x00, 0x00, 0x00, 0x00, 0x00, 0x00, 0x00, 0x00, 0x00, 
  0x00, 0x00, 0x00, 0x00, 0x00, 0x00, 0x00, 0x00, 0x00, 0x00, 0x00, 0x00, 
  0x00, 0x00, 0x00, 0x00, 0x00, 0x00, 0x00, 0x00, 0x00, 0x00, 0x00, 0x00, 
  0x00, 0x00, 0x00, 0x00, 0x00, 0x00, 0x00, 0x00, 0x00, 0x00, 0x00, 0x00, 
  0x00, 0x00, 0x00, 0x00, 0x00, 0x00, 0x00, 0x00, 0x00, 0x00, 0x00, 0x00, 
  0x00, 0x00, 0x00, 0x00, 0x00, 0x00, 0x00, 0x00, 0x00, 0x00, 0x00, 0x00, 
  0x00, 0x00, 0x00, 0x00, 0x00, 0x00, 0x00, 0x00, 0x00, 0x00, 0x00, 0x00, 
  0x55, 0xad, 0x03, 0x00, 0x00, 0x00, 0x11, 0x7c, 0x87, 0x93, 0x8c, 0xff, 
  0x11, 0x7c, 0xfb, 0x11, 0x7c, 0xff, 0x11, 0x7c, 0xff, 0x11, 0x7c, 0xfb, 
  0x52, 0x84, 0xff, 0x11, 0x7c, 0xe1, 0x30, 0x7c, 0x11, 0x00, 0x00, 0x00, 
  0xef, 0x7b, 0x06, 0x00, 0x00, 0x00, 0x00, 0x00, 0x00, 0x00, 0x00, 0x00, 
  0x00, 0x00, 0x00, 0x00, 0x00, 0x00, 0x00, 0x00, 0x00, 0x00, 0x00, 0x00, 
  0x00, 0x00, 0x00, 0x00, 0x00, 0x00, 0x00, 0x00, 0x00, 0x00, 0x00, 0x00, 
  0x00, 0x00, 0x00, 0x00, 0x00, 0x00, 0x00, 0x00, 0x00, 0x00, 0x00, 0x00, 
  0x00, 0x00, 0x00, 0x00, 0x00, 0x00, 0x00, 0x00, 0x00, 0x00, 0x00, 0x00, 
  0x00, 0x00, 0x00, 0x00, 0x00, 0x00, 0x00, 0x00, 0x00, 0x00, 0x00, 0x00, 
  0x00, 0x00, 0x00, 0x00, 0x00, 0x00, 0x00, 0x00, 0x00, 0x00, 0x00, 0x00, 
  0x00, 0x00, 0x00, 0x00, 0x00, 0x00, 0x00, 0x00, 0x00, 0x00, 0x00, 0x00, 
  0x00, 0x00, 0x00, 0x00, 0x00, 0x00, 0x00, 0x00, 0x00, 0x00, 0x00, 0x00, 
  0x00, 0x00, 0x00, 0x00, 0x00, 0x00, 0x00, 0x00, 0x00, 0x00, 0x00, 0x00, 
  0x00, 0x00, 0x00, 0x00, 0x00, 0x00, 0x00, 0x00, 0x00, 0x00, 0x00, 0x00, 
  0x00, 0x00, 0x00, 0x00, 0x00, 0x00, 0x00, 0x00, 0x00, 0x00, 0x00, 0x00, 
  0x00, 0x00, 0x00, 0x00, 0x00, 0x00, 0x00, 0x00, 0x00, 0x00, 0x00, 0x00, 
  0x00, 0x00, 0x00, 0x00, 0x00, 0x00, 0x00, 0x00, 0x00, 0xd3, 0x9c, 0x05, 
  0x00, 0x00, 0x00, 0xf1, 0x7b, 0x10, 0x52, 0x84, 0xd0, 0x93, 0x8c, 0xff, 
  0x52, 0x84, 0xfd, 0x52, 0x84, 0xfe, 0x52, 0x84, 0xff, 0x52, 0x84, 0xfc, 
  0xb3, 0x8c, 0xff, 0x52, 0x84, 0x9d, 0x73, 0x8c, 0x12, 0x92, 0x6c, 0x07, 
  0x55, 0xad, 0x03, 0x00, 0x00, 0x01, 0x00, 0x00, 0x00, 0x00, 0x00, 0x00, 
  0x00, 0x00, 0x00, 0x00, 0x00, 0x00, 0x00, 0x00, 0x00, 0x00, 0x00, 0x00, 
  0x00, 0x00, 0x00, 0x00, 0x00, 0x00, 0x00, 0x00, 0x00, 0x00, 0x00, 0x00, 
  0x00, 0x00, 0x00, 0x00, 0x00, 0x00, 0x00, 0x00, 0x00, 0x00, 0x00, 0x00, 
  0x00, 0x00, 0x00, 0x00, 0x00, 0x00, 0x00, 0x00, 0x00, 0x00, 0x00, 0x00, 
  0x00, 0x00, 0x00, 0x00, 0x00, 0x00, 0x00, 0x00, 0x00, 0x00, 0x00, 0x00, 
  0x00, 0x00, 0x00, 0x00, 0x00, 0x00, 0x00, 0x00, 0x00, 0x00, 0x00, 0x00, 
  0x00, 0x00, 0x00, 0x00, 0x00, 0x00, 0x00, 0x00, 0x00, 0x00, 0x00, 0x00, 
  0x00, 0x00, 0x00, 0x00, 0x00, 0x00, 0x00, 0x00, 0x00, 0x00, 0x00, 0x00, 
  0x00, 0x00, 0x00, 0x00, 0x00, 0x00, 0x00, 0x00, 0x01, 0x55, 0x55, 0x03, 
  0xf5, 0x7b, 0x06, 0x32, 0x7c, 0x15, 0x11, 0x7c, 0xa1, 0x72, 0x84, 0xff, 
  0x11, 0x7c, 0xfb, 0x11, 0x7c, 0xff, 0x11, 0x7c, 0xfe, 0x11, 0x7c, 0xfd, 
  0x31, 0x7c, 0xff, 0xf0, 0x7b, 0xd0, 0xef, 0x6b, 0x10, 0x00, 0x00, 0x00, 
  0xd3, 0x64, 0x05, 0x00, 0x00, 0x00, 0x00, 0x00, 0x00, 0x00, 0x00, 0x00, 
  0x00, 0x00, 0x00, 0x00, 0x00, 0x00, 0x00, 0x00, 0x00, 0x00, 0x00, 0x00, 
  0x00, 0x00, 0x00, 0x00, 0x00, 0x00, 0x00, 0x00, 0x00, 0x00, 0x00, 0x00, 
  0x00, 0x00, 0x00, 0x00, 0x00, 0x00, 0x00, 0x00, 0x00, 0x00, 0x00, 0x00, 
  0x00, 0x00, 0x00, 0x00, 0x00, 0x00, 0x00, 0x00, 0x00, 0x00, 0x00, 0x00, 
  0x00, 0x00, 0x00, 0x00, 0x00, 0x00, 0x00, 0x00, 0x00, 0x00, 0x00, 0x00, 
  0x00, 0x00, 0x00, 0x00, 0x00, 0x00, 0x00, 0x00, 0x00, 0x00, 0x00, 0x00, 
  0x00, 0x00, 0x00, 0x00, 0x00, 0x00, 0x00, 0x00, 0x00, 0x00, 0x00, 0x00, 
  0x00, 0x00, 0x00, 0x00, 0x00, 0x00, 0x00, 0x00, 0x00, 0x00, 0x00, 0x00, 
  0x00, 0x00, 0x00, 0x00, 0x00, 0x00, 0x00, 0x00, 0x00, 0x00, 0x00, 0x00, 
  0x00, 0x00, 0x00, 0x00, 0x00, 0x00, 0x00, 0x00, 0x00, 0x00, 0x00, 0x00, 
  0x00, 0x00, 0x00, 0x00, 0x00, 0x00, 0x00, 0x00, 0x00, 0x00, 0x00, 0x00, 
  0x00, 0x00, 0x00, 0x00, 0x00, 0x00, 0x00, 0x00, 0x00, 0x00, 0x00, 0x00, 
  0x00, 0x00, 0x00, 0x00, 0x00, 0x00, 0x00, 0x00, 0x00, 0xd3, 0x9c, 0x05, 
  0x00, 0x00, 0x00, 0x51, 0x74, 0x0d, 0x52, 0x84, 0xb2, 0x52, 0x84, 0xfb, 
  0x52, 0x84, 0xff, 0x52, 0x84, 0xfd, 0x52, 0x84, 0xff, 0x52, 0x84, 0xfd, 
  0x72, 0x84, 0xfe, 0x52, 0x84, 0xdc, 0x32, 0x84, 0x5d, 0x00, 0x00, 0x00, 
  0x00, 0x00, 0x00, 0xef, 0x3b, 0x04, 0xef, 0x7b, 0x06, 0xef, 0x7b, 0x06, 
  0xef, 0x7b, 0x06, 0xef, 0x7b, 0x06, 0xef, 0x7b, 0x06, 0xef, 0x7b, 0x06, 
  0xef, 0x7b, 0x06, 0xef, 0x7b, 0x06, 0xef, 0x7b, 0x06, 0xef, 0x7b, 0x06, 
  0xef, 0x7b, 0x06, 0xef, 0x7b, 0x06, 0xef, 0x7b, 0x06, 0xef, 0x7b, 0x06, 
  0xef, 0x7b, 0x06, 0xef, 0x7b, 0x06, 0xef, 0x7b, 0x06, 0xef, 0x7b, 0x06, 
  0xef, 0x7b, 0x06, 0xef, 0x7b, 0x06, 0xef, 0x7b, 0x06, 0xef, 0x7b, 0x06, 
  0xef, 0x7b, 0x06, 0xef, 0x7b, 0x06, 0xef, 0x7b, 0x06, 0xef, 0x7b, 0x06, 
  0xef, 0x7b, 0x06, 0xef, 0x7b, 0x06, 0xef, 0x7b, 0x06, 0xef, 0x7b, 0x06, 
  0xef, 0x7b, 0x06, 0xef, 0x7b, 0x06, 0xef, 0x7b, 0x06, 0xef, 0x7b, 0x06, 
  0xef, 0x7b, 0x06, 0xef, 0x7b, 0x06, 0xef, 0x39, 0x04, 0x00, 0x00, 0x00, 
  0x00, 0x00, 0x00, 0x11, 0x7c, 0x66, 0x31, 0x7c, 0xde, 0x31, 0x7c, 0xfd, 
  0x11, 0x7c, 0xfe, 0x11, 0x7c, 0xff, 0x11, 0x7c, 0xfd, 0x11, 0x7c, 0xff, 
  0x11, 0x7c, 0xfb, 0xf0, 0x73, 0xb2, 0xb1, 0x73, 0x0d, 0x00, 0x00, 0x00, 
  0xd3, 0x64, 0x05, 0x00, 0x00, 0x00, 0x00, 0x00, 0x00, 0x00, 0x00, 0x00, 
  0x00, 0x00, 0x00, 0x00, 0x00, 0x00, 0x00, 0x00, 0x00, 0x00, 0x00, 0x00, 
  0x00, 0x00, 0x00, 0x00, 0x00, 0x00, 0x00, 0x00, 0x00, 0x00, 0x00, 0x00, 
  0x00, 0x00, 0x00, 0x00, 0x00, 0x00, 0x00, 0x00, 0x00, 0x00, 0x00, 0x00, 
  0x00, 0x00, 0x00, 0x00, 0x00, 0x00, 0x00, 0x00, 0x00, 0x00, 0x00, 0x00, 
  0x00, 0x00, 0x00, 0x00, 0x00, 0x00, 0x00, 0x00, 0x00, 0x00, 0x00, 0x00, 
  0x00, 0x00, 0x00, 0x00, 0x00, 0x00, 0x00, 0x00, 0x00, 0x00, 0x00, 0x00, 
  0x00, 0x00, 0x00, 0x00, 0x00, 0x00, 0x00, 0x00, 0x00, 0x00, 0x00, 0x00, 
  0x00, 0x00, 0x00, 0x00, 0x00, 0x00, 0x00, 0x00, 0x00, 0x00, 0x00, 0x00, 
  0x00, 0x00, 0x00, 0x00, 0x00, 0x00, 0x00, 0x00, 0x00, 0x00, 0x00, 0x00, 
  0x00, 0x00, 0x00, 0x00, 0x00, 0x00, 0x00, 0x00, 0x00, 0x00, 0x00, 0x00, 
  0x00, 0x00, 0x00, 0x00, 0x00, 0x00, 0x00, 0x00, 0x00, 0x00, 0x00, 0x00, 
  0x00, 0x00, 0x00, 0x00, 0x00, 0x00, 0x00, 0x00, 0x00, 0x00, 0x00, 0x00, 
  0x00, 0x00, 0x00, 0x00, 0x00, 0x00, 0x00, 0x00, 0x00, 0xef, 0x7b, 0x04, 
  0x00, 0x00, 0x00, 0xf3, 0x7b, 0x08, 0x51, 0x84, 0x81, 0x52, 0x84, 0xef, 
  0x72, 0x84, 0xfe, 0x52, 0x84, 0xfb, 0x52, 0x84, 0xff, 0x52, 0x84, 0xfe, 
  0x52, 0x84, 0xfd, 0x72, 0x84, 0xff, 0x32, 0x84, 0xc5, 0x52, 0x84, 0x3b, 
  0x92, 0x7c, 0x0e, 0x00, 0x00, 0x00, 0x00, 0x00, 0x00, 0x00, 0x00, 0x00, 
  0x00, 0x00, 0x00, 0x00, 0x00, 0x00, 0x00, 0x00, 0x00, 0x00, 0x00, 0x00, 
  0x00, 0x00, 0x00, 0x00, 0x00, 0x00, 0x00, 0x00, 0x00, 0x00, 0x00, 0x00, 
  0x00, 0x00, 0x00, 0x00, 0x00, 0x00, 0x00, 0x00, 0x00, 0x00, 0x00, 0x00, 
  0x00, 0x00, 0x00, 0x00, 0x00, 0x00, 0x00, 0x00, 0x00, 0x00, 0x00, 0x00, 
  0x00, 0x00, 0x00, 0x00, 0x00, 0x00, 0x00, 0x00, 0x00, 0x00, 0x00, 0x00, 
  0x00, 0x00, 0x00, 0x00, 0x00, 0x00, 0x00, 0x00, 0x00, 0x00, 0x00, 0x00, 
  0x00, 0x00, 0x00, 0x00, 0x00, 0x00, 0x00, 0x00, 0x00, 0x00, 0x00, 0x00, 
  0x00, 0x00, 0x00, 0x00, 0x00, 0x00, 0x00, 0x00, 0x00, 0x00, 0x00, 0x00, 
  0x00, 0x00, 0x00, 0x00, 0x00, 0x00, 0x00, 0x00, 0x00, 0x51, 0x74, 0x0f, 
  0x10, 0x7c, 0x3d, 0x10, 0x7c, 0xcd, 0x51, 0x84, 0xff, 0xf0, 0x7b, 0xfc, 
  0x11, 0x7c, 0xff, 0x10, 0x7c, 0xff, 0xf0, 0x7b, 0xfb, 0x31, 0x7c, 0xfe, 
  0x10, 0x7c, 0xed, 0x10, 0x74, 0x7e, 0xef, 0x5b, 0x08, 0x00, 0x00, 0x00, 
  0xef, 0x7b, 0x04, 0x00, 0x00, 0x00, 0x00, 0x00, 0x00, 0x00, 0x00, 0x00, 
  0x00, 0x00, 0x00, 0x00, 0x00, 0x00, 0x00, 0x00, 0x00, 0x00, 0x00, 0x00, 
  0x00, 0x00, 0x00, 0x00, 0x00, 0x00, 0x00, 0x00, 0x00, 0x00, 0x00, 0x00, 
  0x00, 0x00, 0x00, 0x00, 0x00, 0x00, 0x00, 0x00, 0x00, 0x00, 0x00, 0x00, 
  0x00, 0x00, 0x00, 0x00, 0x00, 0x00, 0x00, 0x00, 0x00, 0x00, 0x00, 0x00, 
  0x00, 0x00, 0x00, 0x00, 0x00, 0x00, 0x00, 0x00, 0x00, 0x00, 0x00, 0x00, 
  0x00, 0x00, 0x00, 0x00, 0x00, 0x00, 0x00, 0x00, 0x00, 0x00, 0x00, 0x00, 
  0x00, 0x00, 0x00, 0x00, 0x00, 0x00, 0x00, 0x00, 0x00, 0x00, 0x00, 0x00, 
  0x00, 0x00, 0x00, 0x00, 0x00, 0x00, 0x00, 0x00, 0x00, 0x00, 0x00, 0x00, 
  0x00, 0x00, 0x00, 0x00, 0x00, 0x00, 0x00, 0x00, 0x00, 0x00, 0x00, 0x00, 
  0x00, 0x00, 0x00, 0x00, 0x00, 0x00, 0x00, 0x00, 0x00, 0x00, 0x00, 0x00, 
  0x00, 0x00, 0x00, 0x00, 0x00, 0x00, 0x00, 0x00, 0x00, 0x00, 0x00, 0x00, 
  0x00, 0x00, 0x00, 0x00, 0x00, 0x00, 0x00, 0x00, 0x00, 0x00, 0x00, 0x00, 
  0x00, 0x00, 0x00, 0x00, 0x00, 0x00, 0x00, 0x00, 0x00, 0xef, 0x7b, 0x02, 
  0x00, 0x00, 0x00, 0xef, 0x7b, 0x02, 0x31, 0x84, 0x3f, 0x52, 0x84, 0xd6, 
  0x93, 0x8c, 0xff, 0x51, 0x84, 0xfa, 0x52, 0x84, 0xff, 0x52, 0x84, 0xff, 
  0x32, 0x84, 0xfe, 0x31, 0x7c, 0xfe, 0x52, 0x84, 0xff, 0x51, 0x7c, 0xe6, 
  0x51, 0x7c, 0x72, 0xf2, 0x7b, 0x2a, 0x30, 0x7c, 0x15, 0x30, 0x7c, 0x13, 
  0x71, 0x7c, 0x12, 0xf1, 0x7b, 0x12, 0xf1, 0x7b, 0x12, 0xf1, 0x7b, 0x12, 
  0xf1, 0x7b, 0x12, 0xf1, 0x7b, 0x12, 0xf1, 0x7b, 0x12, 0xf1, 0x7b, 0x12, 
  0xf1, 0x7b, 0x12, 0xf1, 0x7b, 0x12, 0xf1, 0x7b, 0x12, 0xf1, 0x7b, 0x12, 
  0xf1, 0x7b, 0x12, 0xf1, 0x7b, 0x12, 0xf1, 0x7b, 0x12, 0xf1, 0x7b, 0x12, 
  0xf1, 0x7b, 0x12, 0xf1, 0x7b, 0x12, 0xf1, 0x7b, 0x12, 0xf1, 0x7b, 0x12, 
  0xf1, 0x7b, 0x12, 0xf1, 0x7b, 0x12, 0xf1, 0x7b, 0x12, 0xf1, 0x7b, 0x12, 
  0xf1, 0x7b, 0x12, 0xf1, 0x7b, 0x12, 0xf1, 0x7b, 0x12, 0xf1, 0x7b, 0x12, 
  0xf1, 0x7b, 0x12, 0xf1, 0x7b, 0x12, 0xf1, 0x7b, 0x12, 0xf1, 0x7b, 0x12, 
  0xd0, 0x7b, 0x13, 0xf1, 0x7b, 0x14, 0xf0, 0x73, 0x2b, 0x11, 0x7c, 0x73, 
  0x10, 0x7c, 0xe7, 0x11, 0x7c, 0xff, 0xf0, 0x7b, 0xfe, 0xf0, 0x7b, 0xfe, 
  0xf0, 0x7b, 0xff, 0xf0, 0x7b, 0xff, 0xf0, 0x73, 0xfa, 0x52, 0x84, 0xff, 
  0xf0, 0x73, 0xd6, 0xf0, 0x73, 0x3d, 0xef, 0x7b, 0x02, 0x00, 0x00, 0x00, 
  0xef, 0x7b, 0x02, 0x00, 0x00, 0x00, 0x00, 0x00, 0x00, 0x00, 0x00, 0x00, 
  0x00, 0x00, 0x00, 0x00, 0x00, 0x00, 0x00, 0x00, 0x00, 0x00, 0x00, 0x00, 
  0x00, 0x00, 0x00, 0x00, 0x00, 0x00, 0x00, 0x00, 0x00, 0x00, 0x00, 0x00, 
  0x00, 0x00, 0x00, 0x00, 0x00, 0x00, 0x00, 0x00, 0x00, 0x00, 0x00, 0x00, 
  0x00, 0x00, 0x00, 0x00, 0x00, 0x00, 0x00, 0x00, 0x00, 0x00, 0x00, 0x00, 
  0x00, 0x00, 0x00, 0x00, 0x00, 0x00, 0x00, 0x00, 0x00, 0x00, 0x00, 0x00, 
  0x00, 0x00, 0x00, 0x00, 0x00, 0x00, 0x00, 0x00, 0x00, 0x00, 0x00, 0x00, 
  0x00, 0x00, 0x00, 0x00, 0x00, 0x00, 0x00, 0x00, 0x00, 0x00, 0x00, 0x00, 
  0x00, 0x00, 0x00, 0x00, 0x00, 0x00, 0x00, 0x00, 0x00, 0x00, 0x00, 0x00, 
  0x00, 0x00, 0x00, 0x00, 0x00, 0x00, 0x00, 0x00, 0x00, 0x00, 0x00, 0x00, 
  0x00, 0x00, 0x00, 0x00, 0x00, 0x00, 0x00, 0x00, 0x00, 0x00, 0x00, 0x00, 
  0x00, 0x00, 0x00, 0x00, 0x00, 0x00, 0x00, 0x00, 0x00, 0x00, 0x00, 0x00, 
  0x00, 0x00, 0x00, 0x00, 0x00, 0x00, 0x00, 0x00, 0x00, 0x00, 0x00, 0x00, 
  0x00, 0x00, 0x00, 0x00, 0x00, 0x00, 0x00, 0x00, 0x00, 0x00, 0x00, 0x00, 
  0xef, 0x7b, 0x02, 0x00, 0x00, 0x00, 0x55, 0xad, 0x03, 0x51, 0x84, 0xa8, 
  0x72, 0x84, 0xff, 0x31, 0x84, 0xfa, 0x31, 0x84, 0xfe, 0x31, 0x84, 0xff, 
  0x31, 0x84, 0xff, 0x31, 0x84, 0xff, 0x51, 0x84, 0xff, 0x51, 0x84, 0xff, 
  0x31, 0x7c, 0xf6, 0x31, 0x7c, 0xef, 0x31, 0x7c, 0xed, 0x31, 0x7c, 0xed, 
  0x31, 0x7c, 0xed, 0x31, 0x7c, 0xed, 0x31, 0x7c, 0xed, 0x31, 0x7c, 0xed, 
  0x31, 0x7c, 0xed, 0x31, 0x7c, 0xed, 0x31, 0x7c, 0xed, 0x31, 0x7c, 0xed, 
  0x31, 0x7c, 0xed, 0x31, 0x7c, 0xed, 0x31, 0x7c, 0xed, 0x31, 0x7c, 0xed, 
  0x11, 0x7c, 0xed, 0x11, 0x7c, 0xed, 0x11, 0x7c, 0xed, 0x11, 0x7c, 0xed, 
  0x11, 0x7c, 0xed, 0x11, 0x7c, 0xed, 0x11, 0x7c, 0xed, 0x11, 0x7c, 0xed, 
  0x11, 0x7c, 0xed, 0x11, 0x7c, 0xed, 0x11, 0x7c, 0xed, 0x11, 0x7c, 0xed, 
  0x10, 0x7c, 0xed, 0x10, 0x7c, 0xed, 0x10, 0x7c, 0xed, 0x10, 0x7c, 0xed, 
  0x10, 0x7c, 0xed, 0x10, 0x7c, 0xed, 0x10, 0x7c, 0xed, 0x10, 0x7c, 0xed, 
  0x10, 0x7c, 0xed, 0x10, 0x7c, 0xed, 0xf0, 0x7b, 0xef, 0xf0, 0x7b, 0xf6, 
  0x10, 0x7c, 0xff, 0x10, 0x7c, 0xff, 0xf0, 0x7b, 0xff, 0xf0, 0x73, 0xff, 
  0xf0, 0x73, 0xff, 0xf0, 0x73, 0xfe, 0xf0, 0x73, 0xfa, 0x11, 0x7c, 0xff, 
  0xf0, 0x73, 0xaa, 0x55, 0x55, 0x03, 0x00, 0x00, 0x00, 0xef, 0x7b, 0x02, 
  0x00, 0x00, 0x00, 0x00, 0x00, 0x00, 0x00, 0x00, 0x00, 0x00, 0x00, 0x00, 
  0x00, 0x00, 0x00, 0x00, 0x00, 0x00, 0x00, 0x00, 0x00, 0x00, 0x00, 0x00, 
  0x00, 0x00, 0x00, 0x00, 0x00, 0x00, 0x00, 0x00, 0x00, 0x00, 0x00, 0x00, 
  0x00, 0x00, 0x00, 0x00, 0x00, 0x00, 0x00, 0x00, 0x00, 0x00, 0x00, 0x00, 
  0x00, 0x00, 0x00, 0x00, 0x00, 0x00, 0x00, 0x00, 0x00, 0x00, 0x00, 0x00, 
  0x00, 0x00, 0x00, 0x00, 0x00, 0x00, 0x00, 0x00, 0x00, 0x00, 0x00, 0x00, 
  0x00, 0x00, 0x00, 0x00, 0x00, 0x00, 0x00, 0x00, 0x00, 0x00, 0x00, 0x00, 
  0x00, 0x00, 0x00, 0x00, 0x00, 0x00, 0x00, 0x00, 0x00, 0x00, 0x00, 0x00, 
  0x00, 0x00, 0x00, 0x00, 0x00, 0x00, 0x00, 0x00, 0x00, 0x00, 0x00, 0x00, 
  0x00, 0x00, 0x00, 0x00, 0x00, 0x00, 0x00, 0x00, 0x00, 0x00, 0x00, 0x00, 
  0x00, 0x00, 0x00, 0x00, 0x00, 0x00, 0x00, 0x00, 0x00, 0x00, 0x00, 0x00, 
  0x00, 0x00, 0x00, 0x00, 0x00, 0x00, 0x00, 0x00, 0x00, 0x00, 0x00, 0x00, 
  0x00, 0x00, 0x00, 0x00, 0x00, 0x00, 0x00, 0x00, 0x00, 0x00, 0x00, 0x00, 
  0x00, 0x00, 0x00, 0x00, 0x00, 0x00, 0x00, 0x00, 0x00, 0x00, 0x00, 0x00, 
  0x00, 0x00, 0x02, 0x00, 0x00, 0x00, 0x00, 0x00, 0x00, 0x31, 0x84, 0x49, 
  0x51, 0x84, 0xd2, 0x92, 0x84, 0xff, 0x31, 0x84, 0xf9, 0x31, 0x7c, 0xff, 
  0x31, 0x7c, 0xff, 0x31, 0x7c, 0xff, 0x31, 0x7c, 0xfe, 0x31, 0x7c, 0xff, 
  0x52, 0x84, 0xff, 0x72, 0x84, 0xff, 0x72, 0x8c, 0xff, 0x72, 0x84, 0xff, 
  0x72, 0x84, 0xff, 0x72, 0x84, 0xff, 0x72, 0x84, 0xff, 0x72, 0x84, 0xff, 
  0x72, 0x84, 0xff, 0x72, 0x84, 0xff, 0x72, 0x84, 0xff, 0x72, 0x84, 0xff, 
  0x72, 0x84, 0xff, 0x72, 0x84, 0xff, 0x72, 0x84, 0xff, 0x72, 0x84, 0xff, 
  0x72, 0x84, 0xff, 0x72, 0x84, 0xff, 0x72, 0x84, 0xff, 0x72, 0x84, 0xff, 
  0x72, 0x84, 0xff, 0x52, 0x84, 0xff, 0x52, 0x84, 0xff, 0x52, 0x84, 0xff, 
  0x52, 0x84, 0xff, 0x52, 0x84, 0xff, 0x52, 0x84, 0xff, 0x52, 0x84, 0xff, 
  0x52, 0x84, 0xff, 0x52, 0x84, 0xff, 0x52, 0x84, 0xff, 0x52, 0x84, 0xff, 
  0x52, 0x84, 0xff, 0x52, 0x84, 0xff, 0x52, 0x84, 0xff, 0x52, 0x84, 0xff, 
  0x52, 0x84, 0xff, 0x52, 0x84, 0xff, 0x31, 0x7c, 0xff, 0x11, 0x7c, 0xff, 
  0xf0, 0x7b, 0xff, 0xf0, 0x73, 0xfe, 0xf0, 0x73, 0xff, 0xf0, 0x73, 0xff, 
  0xf0, 0x73, 0xff, 0xf0, 0x73, 0xf9, 0x31, 0x7c, 0xff, 0xf0, 0x73, 0xd1, 
  0xf0, 0x73, 0x47, 0x00, 0x00, 0x00, 0x00, 0x00, 0x00, 0x00, 0x00, 0x02, 
  0x00, 0x00, 0x00, 0x00, 0x00, 0x00, 0x00, 0x00, 0x00, 0x00, 0x00, 0x00, 
  0x00, 0x00, 0x00, 0x00, 0x00, 0x00, 0x00, 0x00, 0x00, 0x00, 0x00, 0x00, 
  0x00, 0x00, 0x00, 0x00, 0x00, 0x00, 0x00, 0x00, 0x00, 0x00, 0x00, 0x00, 
  0x00, 0x00, 0x00, 0x00, 0x00, 0x00, 0x00, 0x00, 0x00, 0x00, 0x00, 0x00, 
  0x00, 0x00, 0x00, 0x00, 0x00, 0x00, 0x00, 0x00, 0x00, 0x00, 0x00, 0x00, 
  0x00, 0x00, 0x00, 0x00, 0x00, 0x00, 0x00, 0x00, 0x00, 0x00, 0x00, 0x00, 
  0x00, 0x00, 0x00, 0x00, 0x00, 0x00, 0x00, 0x00, 0x00, 0x00, 0x00, 0x00, 
  0x00, 0x00, 0x00, 0x00, 0x00, 0x00, 0x00, 0x00, 0x00, 0x00, 0x00, 0x00, 
  0x00, 0x00, 0x00, 0x00, 0x00, 0x00, 0x00, 0x00, 0x00, 0x00, 0x00, 0x00, 
  0x00, 0x00, 0x00, 0x00, 0x00, 0x00, 0x00, 0x00, 0x00, 0x00, 0x00, 0x00, 
  0x00, 0x00, 0x00, 0x00, 0x00, 0x00, 0x00, 0x00, 0x00, 0x00, 0x00, 0x00, 
  0x00, 0x00, 0x00, 0x00, 0x00, 0x00, 0x00, 0x00, 0x00, 0x00, 0x00, 0x00, 
  0x00, 0x00, 0x00, 0x00, 0x00, 0x00, 0x00, 0x00, 0x00, 0x00, 0x00, 0x00, 
  0x00, 0x00, 0x00, 0x00, 0x00, 0x00, 0x00, 0x00, 0x00, 0x00, 0x00, 0x00, 
  0x00, 0x00, 0x00, 0x00, 0x00, 0x00, 0x55, 0x55, 0x03, 0xf3, 0x7b, 0x08, 
  0x31, 0x7c, 0x73, 0x52, 0x84, 0xed, 0x52, 0x84, 0xff, 0x31, 0x7c, 0xfb, 
  0x31, 0x7c, 0xfd, 0x31, 0x7c, 0xff, 0x31, 0x7c, 0xff, 0x31, 0x7c, 0xfe, 
  0x31, 0x7c, 0xfb, 0x31, 0x7c, 0xf9, 0x31, 0x7c, 0xf9, 0x31, 0x7c, 0xf9, 
  0x31, 0x7c, 0xf9, 0x11, 0x7c, 0xf9, 0x11, 0x7c, 0xf9, 0x11, 0x7c, 0xf9, 
  0x11, 0x7c, 0xf9, 0x11, 0x7c, 0xf9, 0x11, 0x7c, 0xf9, 0x11, 0x7c, 0xf9, 
  0x11, 0x7c, 0xf9, 0x11, 0x7c, 0xf9, 0x11, 0x7c, 0xf9, 0x11, 0x7c, 0xf9, 
  0x11, 0x7c, 0xf9, 0x11, 0x7c, 0xf9, 0x11, 0x7c, 0xf9, 0x11, 0x7c, 0xf9, 
  0x11, 0x7c, 0xf9, 0x10, 0x7c, 0xf9, 0x10, 0x7c, 0xf9, 0x10, 0x7c, 0xf9, 
  0x10, 0x7c, 0xf9, 0x10, 0x74, 0xf9, 0xf0, 0x73, 0xf9, 0xf0, 0x73, 0xf9, 
  0xf0, 0x73, 0xf9, 0xf0, 0x73, 0xf9, 0xf0, 0x7b, 0xf9, 0xf0, 0x73, 0xf9, 
  0xf0, 0x73, 0xf9, 0xf0, 0x73, 0xf9, 0xf0, 0x73, 0xf9, 0xf0, 0x73, 0xf9, 
  0xf0, 0x73, 0xf9, 0xf0, 0x73, 0xf9, 0xf0, 0x73, 0xf9, 0xf0, 0x73, 0xfb, 
  0xf0, 0x73, 0xfe, 0xf0, 0x73, 0xff, 0xf0, 0x73, 0xff, 0xd0, 0x73, 0xfd, 
  0xf0, 0x73, 0xfb, 0x11, 0x7c, 0xff, 0x11, 0x7c, 0xec, 0xf0, 0x73, 0x71, 
  0xef, 0x7b, 0x06, 0xaa, 0x52, 0x03, 0x00, 0x00, 0x00, 0x00, 0x00, 0x00, 
  0x00, 0x00, 0x00, 0x00, 0x00, 0x00, 0x00, 0x00, 0x00, 0x00, 0x00, 0x00, 
  0x00, 0x00, 0x00, 0x00, 0x00, 0x00, 0x00, 0x00, 0x00, 0x00, 0x00, 0x00, 
  0x00, 0x00, 0x00, 0x00, 0x00, 0x00, 0x00, 0x00, 0x00, 0x00, 0x00, 0x00, 
  0x00, 0x00, 0x00, 0x00, 0x00, 0x00, 0x00, 0x00, 0x00, 0x00, 0x00, 0x00, 
  0x00, 0x00, 0x00, 0x00, 0x00, 0x00, 0x00, 0x00, 0x00, 0x00, 0x00, 0x00, 
  0x00, 0x00, 0x00, 0x00, 0x00, 0x00, 0x00, 0x00, 0x00, 0x00, 0x00, 0x00, 
  0x00, 0x00, 0x00, 0x00, 0x00, 0x00, 0x00, 0x00, 0x00, 0x00, 0x00, 0x00, 
  0x00, 0x00, 0x00, 0x00, 0x00, 0x00, 0x00, 0x00, 0x00, 0x00, 0x00, 0x00, 
  0x00, 0x00, 0x00, 0x00, 0x00, 0x00, 0x00, 0x00, 0x00, 0x00, 0x00, 0x00, 
  0x00, 0x00, 0x00, 0x00, 0x00, 0x00, 0x00, 0x00, 0x00, 0x00, 0x00, 0x00, 
  0x00, 0x00, 0x00, 0x00, 0x00, 0x00, 0x00, 0x00, 0x00, 0x00, 0x00, 0x00, 
  0x00, 0x00, 0x00, 0x00, 0x00, 0x00, 0x00, 0x00, 0x00, 0x00, 0x00, 0x00, 
  0x00, 0x00, 0x00, 0x00, 0x00, 0x00, 0x00, 0x00, 0x00, 0x00, 0x00, 0x00, 
  0x00, 0x00, 0x00, 0x00, 0x00, 0x00, 0x00, 0x00, 0x00, 0x00, 0x00, 0x00, 
  0x00, 0x00, 0x00, 0x00, 0x00, 0x00, 0xef, 0x7b, 0x02, 0x00, 0x00, 0x00, 
  0xd1, 0x7b, 0x1f, 0x11, 0x7c, 0x8a, 0x31, 0x7c, 0xf0, 0x52, 0x84, 0xff, 
  0x31, 0x84, 0xff, 0x31, 0x7c, 0xfc, 0x31, 0x7c, 0xfd, 0x11, 0x7c, 0xfe, 
  0x11, 0x7c, 0xff, 0x31, 0x7c, 0xff, 0x31, 0x7c, 0xff, 0x31, 0x7c, 0xff, 
  0x11, 0x7c, 0xff, 0x11, 0x7c, 0xff, 0x11, 0x7c, 0xff, 0x11, 0x7c, 0xff, 
  0x11, 0x7c, 0xff, 0x11, 0x7c, 0xff, 0x11, 0x7c, 0xff, 0x11, 0x7c, 0xff, 
  0x11, 0x7c, 0xff, 0x11, 0x7c, 0xff, 0x11, 0x7c, 0xff, 0x11, 0x7c, 0xff, 
  0x11, 0x7c, 0xff, 0x11, 0x7c, 0xff, 0x11, 0x7c, 0xff, 0x11, 0x7c, 0xff, 
  0x10, 0x7c, 0xff, 0x10, 0x7c, 0xff, 0x10, 0x7c, 0xff, 0x10, 0x7c, 0xff, 
  0x10, 0x7c, 0xff, 0xf0, 0x7b, 0xff, 0xf0, 0x7b, 0xff, 0xf0, 0x7b, 0xff, 
  0xf0, 0x7b, 0xff, 0xf0, 0x7b, 0xff, 0xf0, 0x73, 0xff, 0xf0, 0x73, 0xff, 
  0xf0, 0x73, 0xff, 0xf0, 0x73, 0xff, 0xf0, 0x73, 0xff, 0xf0, 0x73, 0xff, 
  0xf0, 0x73, 0xff, 0xf0, 0x73, 0xff, 0xf0, 0x73, 0xff, 0xf0, 0x73, 0xff, 
  0xf0, 0x73, 0xfe, 0xf0, 0x73, 0xfd, 0xf0, 0x73, 0xfc, 0xf0, 0x7b, 0xff, 
  0x11, 0x7c, 0xff, 0xf0, 0x73, 0xef, 0xd0, 0x73, 0x88, 0x10, 0x74, 0x1d, 
  0x00, 0x00, 0x01, 0xef, 0x7b, 0x02, 0x00, 0x00, 0x00, 0x00, 0x00, 0x00, 
  0x00, 0x00, 0x00, 0x00, 0x00, 0x00, 0x00, 0x00, 0x00, 0x00, 0x00, 0x00, 
  0x00, 0x00, 0x00, 0x00, 0x00, 0x00, 0x00, 0x00, 0x00, 0x00, 0x00, 0x00, 
  0x00, 0x00, 0x00, 0x00, 0x00, 0x00, 0x00, 0x00, 0x00, 0x00, 0x00, 0x00, 
  0x00, 0x00, 0x00, 0x00, 0x00, 0x00, 0x00, 0x00, 0x00, 0x00, 0x00, 0x00, 
  0x00, 0x00, 0x00, 0x00, 0x00, 0x00, 0x00, 0x00, 0x00, 0x00, 0x00, 0x00, 
  0x00, 0x00, 0x00, 0x00, 0x00, 0x00, 0x00, 0x00, 0x00, 0x00, 0x00, 0x00, 
  0x00, 0x00, 0x00, 0x00, 0x00, 0x00, 0x00, 0x00, 0x00, 0x00, 0x00, 0x00, 
  0x00, 0x00, 0x00, 0x00, 0x00, 0x00, 0x00, 0x00, 0x00, 0x00, 0x00, 0x00, 
  0x00, 0x00, 0x00, 0x00, 0x00, 0x00, 0x00, 0x00, 0x00, 0x00, 0x00, 0x00, 
  0x00, 0x00, 0x00, 0x00, 0x00, 0x00, 0x00, 0x00, 0x00, 0x00, 0x00, 0x00, 
  0x00, 0x00, 0x00, 0x00, 0x00, 0x00, 0x00, 0x00, 0x00, 0x00, 0x00, 0x00, 
  0x00, 0x00, 0x00, 0x00, 0x00, 0x00, 0x00, 0x00, 0x00, 0x00, 0x00, 0x00, 
  0x00, 0x00, 0x00, 0x00, 0x00, 0x00, 0x00, 0x00, 0x00, 0x00, 0x00, 0x00, 
  0x00, 0x00, 0x00, 0x00, 0x00, 0x00, 0x00, 0x00, 0x00, 0x00, 0x00, 0x00, 
  0x00, 0x00, 0x00, 0x00, 0x00, 0x00, 0x00, 0x00, 0x00, 0x2c, 0x63, 0x05, 
  0x00, 0x00, 0x00, 0xd0, 0x83, 0x15, 0x11, 0x7c, 0x8a, 0x11, 0x7c, 0xee, 
  0x31, 0x7c, 0xfe, 0x31, 0x7c, 0xff, 0x31, 0x7c, 0xff, 0x31, 0x7c, 0xff, 
  0x11, 0x7c, 0xff, 0x11, 0x7c, 0xff, 0x11, 0x7c, 0xff, 0x11, 0x7c, 0xff, 
  0x11, 0x7c, 0xff, 0x11, 0x7c, 0xff, 0x11, 0x7c, 0xff, 0x11, 0x7c, 0xff, 
  0x11, 0x7c, 0xff, 0x11, 0x7c, 0xff, 0x11, 0x7c, 0xff, 0x11, 0x7c, 0xff, 
  0x11, 0x7c, 0xff, 0x11, 0x7c, 0xff, 0x11, 0x7c, 0xff, 0x10, 0x7c, 0xff, 
  0x10, 0x7c, 0xff, 0x10, 0x7c, 0xff, 0x10, 0x7c, 0xff, 0x10, 0x7c, 0xff, 
  0xf0, 0x7b, 0xff, 0xf0, 0x7b, 0xff, 0xf0, 0x7b, 0xff, 0xf0, 0x7b, 0xff, 
  0xf0, 0x7b, 0xff, 0xf0, 0x73, 0xff, 0xf0, 0x73, 0xff, 0xf0, 0x73, 0xff, 
  0xf0, 0x73, 0xff, 0xf0, 0x73, 0xff, 0xf0, 0x73, 0xff, 0xf0, 0x73, 0xff, 
  0xf0, 0x73, 0xff, 0xf0, 0x73, 0xff, 0xf0, 0x73, 0xff, 0xf0, 0x73, 0xff, 
  0xf0, 0x73, 0xff, 0xf0, 0x73, 0xff, 0xf0, 0x73, 0xff, 0xf0, 0x73, 0xff, 
  0xf0, 0x73, 0xff, 0xf0, 0x73, 0xff, 0xf0, 0x73, 0xff, 0x11, 0x7c, 0xfe, 
  0xf0, 0x73, 0xee, 0xf0, 0x73, 0x89, 0xef, 0x73, 0x14, 0x00, 0x00, 0x00, 
  0x2c, 0x63, 0x05, 0x00, 0x00, 0x00, 0x00, 0x00, 0x00, 0x00, 0x00, 0x00, 
  0x00, 0x00, 0x00, 0x00, 0x00, 0x00, 0x00, 0x00, 0x00, 0x00, 0x00, 0x00, 
  0x00, 0x00, 0x00, 0x00, 0x00, 0x00, 0x00, 0x00, 0x00, 0x00, 0x00, 0x00, 
  0x00, 0x00, 0x00, 0x00, 0x00, 0x00, 0x00, 0x00, 0x00, 0x00, 0x00, 0x00, 
  0x00, 0x00, 0x00, 0x00, 0x00, 0x00, 0x00, 0x00, 0x00, 0x00, 0x00, 0x00, 
  0x00, 0x00, 0x00, 0x00, 0x00, 0x00, 0x00, 0x00, 0x00, 0x00, 0x00, 0x00, 
  0x00, 0x00, 0x00, 0x00, 0x00, 0x00, 0x00, 0x00, 0x00, 0x00, 0x00, 0x00, 
  0x00, 0x00, 0x00, 0x00, 0x00, 0x00, 0x00, 0x00, 0x00, 0x00, 0x00, 0x00, 
  0x00, 0x00, 0x00, 0x00, 0x00, 0x00, 0x00, 0x00, 0x00, 0x00, 0x00, 0x00, 
  0x00, 0x00, 0x00, 0x00, 0x00, 0x00, 0x00, 0x00, 0x00, 0x00, 0x00, 0x00, 
  0x00, 0x00, 0x00, 0x00, 0x00, 0x00, 0x00, 0x00, 0x00, 0x00, 0x00, 0x00, 
  0x00, 0x00, 0x00, 0x00, 0x00, 0x00, 0x00, 0x00, 0x00, 0x00, 0x00, 0x00, 
  0x00, 0x00, 0x00, 0x00, 0x00, 0x00, 0x00, 0x00, 0x00, 0x00, 0x00, 0x00, 
  0x00, 0x00, 0x00, 0x00, 0x00, 0x00, 0x00, 0x00, 0x00, 0x00, 0x00, 0x00, 
  0x00, 0x00, 0x00, 0x00, 0x00, 0x00, 0x00, 0x00, 0x00, 0x00, 0x00, 0x00, 
  0x00, 0x00, 0x00, 0x00, 0x00, 0x00, 0x00, 0x00, 0x00, 0x00, 0x00, 0x00, 
  0x00, 0x00, 0x01, 0x00, 0x00, 0x00, 0x4f, 0x6b, 0x0c, 0x31, 0x7c, 0x53, 
  0x11, 0x7c, 0xc7, 0x31, 0x7c, 0xff, 0x31, 0x7c, 0xff, 0x11, 0x7c, 0xff, 
  0x11, 0x7c, 0xfe, 0x11, 0x7c, 0xfc, 0x11, 0x7c, 0xfb, 0x11, 0x7c, 0xfb, 
  0x11, 0x7c, 0xfb, 0x11, 0x7c, 0xfb, 0x11, 0x7c, 0xfb, 0x11, 0x7c, 0xfb, 
  0x11, 0x7c, 0xfb, 0x10, 0x7c, 0xfb, 0x10, 0x7c, 0xfb, 0x10, 0x7c, 0xfb, 
  0x10, 0x7c, 0xfb, 0x10, 0x74, 0xfb, 0xf0, 0x73, 0xfb, 0xf0, 0x73, 0xff, 
  0xf0, 0x73, 0xff, 0xf0, 0x73, 0xff, 0xf0, 0x73, 0xff, 0xf0, 0x73, 0xff, 
  0xf0, 0x73, 0xff, 0xf0, 0x73, 0xff, 0xf0, 0x73, 0xff, 0xf0, 0x73, 0xff, 
  0xf0, 0x73, 0xff, 0xf0, 0x73, 0xfb, 0xf0, 0x73, 0xfb, 0xf0, 0x73, 0xfb, 
  0xf0, 0x73, 0xfb, 0xf0, 0x73, 0xfb, 0xf0, 0x73, 0xfb, 0xf0, 0x73, 0xfb, 
  0xf0, 0x73, 0xfb, 0xf0, 0x73, 0xfb, 0xf0, 0x73, 0xfb, 0xf0, 0x73, 0xfb, 
  0xf0, 0x73, 0xfb, 0xf0, 0x73, 0xfb, 0xf0, 0x73, 0xfc, 0xf0, 0x73, 0xfe, 
  0xf0, 0x73, 0xff, 0x10, 0x7c, 0xff, 0xf1, 0x7b, 0xff, 0xf0, 0x73, 0xc7, 
  0xf0, 0x73, 0x52, 0x4d, 0x6b, 0x0c, 0x00, 0x00, 0x00, 0x00, 0x00, 0x01, 
  0x00, 0x00, 0x00, 0x00, 0x00, 0x00, 0x00, 0x00, 0x00, 0x00, 0x00, 0x00, 
  0x00, 0x00, 0x00, 0x00, 0x00, 0x00, 0x00, 0x00, 0x00, 0x00, 0x00, 0x00, 
  0x00, 0x00, 0x00, 0x00, 0x00, 0x00, 0x00, 0x00, 0x00, 0x00, 0x00, 0x00, 
  0x00, 0x00, 0x00, 0x00, 0x00, 0x00, 0x00, 0x00, 0x00, 0x00, 0x00, 0x00, 
  0x00, 0x00, 0x00, 0x00, 0x00, 0x00, 0x00, 0x00, 0x00, 0x00, 0x00, 0x00, 
  0x00, 0x00, 0x00, 0x00, 0x00, 0x00, 0x00, 0x00, 0x00, 0x00, 0x00, 0x00, 
  0x00, 0x00, 0x00, 0x00, 0x00, 0x00, 0x00, 0x00, 0x00, 0x00, 0x00, 0x00, 
  0x00, 0x00, 0x00, 0x00, 0x00, 0x00, 0x00, 0x00, 0x00, 0x00, 0x00, 0x00, 
  0x00, 0x00, 0x00, 0x00, 0x00, 0x00, 0x00, 0x00, 0x00, 0x00, 0x00, 0x00, 
  0x00, 0x00, 0x00, 0x00, 0x00, 0x00, 0x00, 0x00, 0x00, 0x00, 0x00, 0x00, 
  0x00, 0x00, 0x00, 0x00, 0x00, 0x00, 0x00, 0x00, 0x00, 0x00, 0x00, 0x00, 
  0x00, 0x00, 0x00, 0x00, 0x00, 0x00, 0x00, 0x00, 0x00, 0x00, 0x00, 0x00, 
  0x00, 0x00, 0x00, 0x00, 0x00, 0x00, 0x00, 0x00, 0x00, 0x00, 0x00, 0x00, 
  0x00, 0x00, 0x00, 0x00, 0x00, 0x00, 0x00, 0x00, 0x00, 0x00, 0x00, 0x00, 
  0x00, 0x00, 0x00, 0x00, 0x00, 0x00, 0x00, 0x00, 0x00, 0x00, 0x00, 0x00, 
  0x00, 0x00, 0x00, 0x00, 0x00, 0x00, 0x00, 0x00, 0x00, 0x00, 0x00, 0x00, 
  0xff, 0xff, 0x01, 0x00, 0x00, 0x00, 0x00, 0x00, 0x00, 0xd3, 0x9c, 0x05, 
  0x11, 0x7c, 0x2b, 0x31, 0x7c, 0x62, 0x11, 0x7c, 0xa1, 0x10, 0x7c, 0xd3, 
  0x11, 0x7c, 0xf7, 0x52, 0x7c, 0xff, 0x72, 0x84, 0xff, 0x72, 0x84, 0xff, 
  0x72, 0x84, 0xff, 0x72, 0x84, 0xff, 0x72, 0x84, 0xff, 0x72, 0x84, 0xff, 
  0x72, 0x84, 0xff, 0x72, 0x84, 0xff, 0x72, 0x84, 0xff, 0x72, 0x84, 0xff, 
  0x72, 0x84, 0xff, 0x72, 0x84, 0xff, 0x72, 0x84, 0xff, 0x31, 0x7c, 0xff, 
  0x11, 0x7c, 0xff, 0x31, 0x7c, 0xff, 0x31, 0x7c, 0xff, 0x11, 0x7c, 0xff, 
  0x11, 0x7c, 0xff, 0x11, 0x7c, 0xff, 0x11, 0x7c, 0xff, 0x11, 0x7c, 0xff, 
  0x11, 0x7c, 0xff, 0x52, 0x84, 0xff, 0x52, 0x84, 0xff, 0x52, 0x84, 0xff, 
  0x52, 0x84, 0xff, 0x52, 0x84, 0xff, 0x52, 0x84, 0xff, 0x52, 0x84, 0xff, 
  0x52, 0x84, 0xff, 0x52, 0x84, 0xff, 0x52, 0x84, 0xff, 0x52, 0x84, 0xff, 
  0x52, 0x84, 0xff, 0x52, 0x84, 0xff, 0x11, 0x7c, 0xff, 0xd0, 0x73, 0xf7, 
  0xf0, 0x73, 0xd3, 0xf0, 0x73, 0xa1, 0xd0, 0x73, 0x62, 0xf0, 0x73, 0x2b, 
  0xd3, 0x9c, 0x05, 0x00, 0x00, 0x00, 0x00, 0x00, 0x00, 0xff, 0xff, 0x01, 
  0x00, 0x00, 0x00, 0x00, 0x00, 0x00, 0x00, 0x00, 0x00, 0x00, 0x00, 0x00, 
  0x00, 0x00, 0x00, 0x00, 0x00, 0x00, 0x00, 0x00, 0x00, 0x00, 0x00, 0x00, 
  0x00, 0x00, 0x00, 0x00, 0x00, 0x00, 0x00, 0x00, 0x00, 0x00, 0x00, 0x00, 
  0x00, 0x00, 0x00, 0x00, 0x00, 0x00, 0x00, 0x00, 0x00, 0x00, 0x00, 0x00, 
  0x00, 0x00, 0x00, 0x00, 0x00, 0x00, 0x00, 0x00, 0x00, 0x00, 0x00, 0x00, 
  0x00, 0x00, 0x00, 0x00, 0x00, 0x00, 0x00, 0x00, 0x00, 0x00, 0x00, 0x00, 
  0x00, 0x00, 0x00, 0x00, 0x00, 0x00, 0x00, 0x00, 0x00, 0x00, 0x00, 0x00, 
  0x00, 0x00, 0x00, 0x00, 0x00, 0x00, 0x00, 0x00, 0x00, 0x00, 0x00, 0x00, 
  0x00, 0x00, 0x00, 0x00, 0x00, 0x00, 0x00, 0x00, 0x00, 0x00, 0x00, 0x00, 
  0x00, 0x00, 0x00, 0x00, 0x00, 0x00, 0x00, 0x00, 0x00, 0x00, 0x00, 0x00, 
  0x00, 0x00, 0x00, 0x00, 0x00, 0x00, 0x00, 0x00, 0x00, 0x00, 0x00, 0x00, 
  0x00, 0x00, 0x00, 0x00, 0x00, 0x00, 0x00, 0x00, 0x00, 0x00, 0x00, 0x00, 
  0x00, 0x00, 0x00, 0x00, 0x00, 0x00, 0x00, 0x00, 0x00, 0x00, 0x00, 0x00, 
  0x00, 0x00, 0x00, 0x00, 0x00, 0x00, 0x00, 0x00, 0x00, 0x00, 0x00, 0x00, 
  0x00, 0x00, 0x00, 0x00, 0x00, 0x00, 0x00, 0x00, 0x00, 0x00, 0x00, 0x00, 
  0x00, 0x00, 0x00, 0x00, 0x00, 0x00, 0x00, 0x00, 0x00, 0x00, 0x00, 0x00, 
  0x00, 0x00, 0x00, 0x00, 0x00, 0x01, 0x55, 0xad, 0x03, 0x00, 0x00, 0x00, 
  0x00, 0x00, 0x00, 0x00, 0x00, 0x00, 0x11, 0x7c, 0x27, 0xf0, 0x7b, 0x4c, 
  0x11, 0x7c, 0x65, 0x11, 0x7c, 0x74, 0x10, 0x7c, 0x7d, 0xf0, 0x73, 0x80, 
  0xf0, 0x73, 0x80, 0xf0, 0x73, 0x80, 0xf0, 0x73, 0x80, 0xf0, 0x73, 0x80, 
  0xf0, 0x73, 0x80, 0xf0, 0x73, 0x80, 0xf0, 0x73, 0x80, 0xf0, 0x73, 0x80, 
  0xf0, 0x73, 0x83, 0xf0, 0x73, 0x80, 0xd0, 0x73, 0x89, 0x2d, 0x63, 0xf6, 
  0x4d, 0x63, 0xff, 0x2d, 0x63, 0xfc, 0x2d, 0x63, 0xff, 0x2d, 0x63, 0xff, 
  0x2d, 0x63, 0xff, 0x2d, 0x63, 0xff, 0x2d, 0x63, 0xfc, 0x4d, 0x63, 0xff, 
  0x2d, 0x63, 0xf6, 0xd0, 0x73, 0x89, 0xf0, 0x73, 0x80, 0xf0, 0x73, 0x83, 
  0xf0, 0x73, 0x80, 0xf0, 0x73, 0x80, 0xf0, 0x73, 0x80, 0xf0, 0x73, 0x80, 
  0xf0, 0x73, 0x80, 0xf0, 0x73, 0x80, 0xf0, 0x73, 0x80, 0xf0, 0x73, 0x80, 
  0xf0, 0x73, 0x80, 0xf0, 0x73, 0x7d, 0xd0, 0x73, 0x74, 0xd0, 0x73, 0x65, 
  0xf0, 0x73, 0x4c, 0xf0, 0x73, 0x27, 0x00, 0x00, 0x00, 0x00, 0x00, 0x00, 
  0x00, 0x00, 0x00, 0x55, 0xad, 0x03, 0x00, 0x00, 0x01, 0x00, 0x00, 0x00, 
  0x00, 0x00, 0x00, 0x00, 0x00, 0x00, 0x00, 0x00, 0x00, 0x00, 0x00, 0x00, 
  0x00, 0x00, 0x00, 0x00, 0x00, 0x00, 0x00, 0x00, 0x00, 0x00, 0x00, 0x00, 
  0x00, 0x00, 0x00, 0x00, 0x00, 0x00, 0x00, 0x00, 0x00, 0x00, 0x00, 0x00, 
  0x00, 0x00, 0x00, 0x00, 0x00, 0x00, 0x00, 0x00, 0x00, 0x00, 0x00, 0x00, 
  0x00, 0x00, 0x00, 0x00, 0x00, 0x00, 0x00, 0x00, 0x00, 0x00, 0x00, 0x00, 
  0x00, 0x00, 0x00, 0x00, 0x00, 0x00, 0x00, 0x00, 0x00, 0x00, 0x00, 0x00, 
  0x00, 0x00, 0x00, 0x00, 0x00, 0x00, 0x00, 0x00, 0x00, 0x00, 0x00, 0x00, 
  0x00, 0x00, 0x00, 0x00, 0x00, 0x00, 0x00, 0x00, 0x00, 0x00, 0x00, 0x00, 
  0x00, 0x00, 0x00, 0x00, 0x00, 0x00, 0x00, 0x00, 0x00, 0x00, 0x00, 0x00, 
  0x00, 0x00, 0x00, 0x00, 0x00, 0x00, 0x00, 0x00, 0x00, 0x00, 0x00, 0x00, 
  0x00, 0x00, 0x00, 0x00, 0x00, 0x00, 0x00, 0x00, 0x00, 0x00, 0x00, 0x00, 
  0x00, 0x00, 0x00, 0x00, 0x00, 0x00, 0x00, 0x00, 0x00, 0x00, 0x00, 0x00, 
  0x00, 0x00, 0x00, 0x00, 0x00, 0x00, 0x00, 0x00, 0x00, 0x00, 0x00, 0x00, 
  0x00, 0x00, 0x00, 0x00, 0x00, 0x00, 0x00, 0x00, 0x00, 0x00, 0x00, 0x00, 
  0x00, 0x00, 0x00, 0x00, 0x00, 0x00, 0x00, 0x00, 0x00, 0x00, 0x00, 0x00, 
  0x00, 0x00, 0x00, 0x00, 0x00, 0x00, 0x00, 0x00, 0x00, 0x00, 0x00, 0x00, 
  0x00, 0x00, 0x00, 0x00, 0x00, 0x00, 0x00, 0x00, 0x00, 0xef, 0x7b, 0x02, 
  0xef, 0x7b, 0x06, 0xef, 0x7b, 0x02, 0x00, 0x00, 0x00, 0x00, 0x00, 0x00, 
  0x00, 0x00, 0x00, 0x00, 0x00, 0x00, 0x00, 0x00, 0x00, 0x00, 0x00, 0x00, 
  0x00, 0x00, 0x00, 0x00, 0x00, 0x00, 0x00, 0x00, 0x00, 0x00, 0x00, 0x00, 
  0x00, 0x00, 0x00, 0x00, 0x00, 0x00, 0x00, 0x00, 0x00, 0x00, 0x00, 0x00, 
  0x00, 0x00, 0x00, 0x00, 0x00, 0x00, 0x00, 0x00, 0x00, 0x6a, 0x4a, 0xeb, 
  0xab, 0x52, 0xff, 0x6a, 0x4a, 0xf8, 0x6a, 0x4a, 0xff, 0x6a, 0x4a, 0xff, 
  0x6a, 0x4a, 0xff, 0x6a, 0x4a, 0xff, 0x6a, 0x4a, 0xf8, 0xab, 0x52, 0xff, 
  0x6a, 0x4a, 0xeb, 0x00, 0x00, 0x00, 0x00, 0x00, 0x00, 0x00, 0x00, 0x00, 
  0x00, 0x00, 0x00, 0x00, 0x00, 0x00, 0x00, 0x00, 0x00, 0x00, 0x00, 0x00, 
  0x00, 0x00, 0x00, 0x00, 0x00, 0x00, 0x00, 0x00, 0x00, 0x00, 0x00, 0x00, 
  0x00, 0x00, 0x00, 0x00, 0x00, 0x00, 0x00, 0x00, 0x00, 0x00, 0x00, 0x00, 
  0x00, 0x00, 0x00, 0x00, 0x00, 0x00, 0xaa, 0x52, 0x03, 0xef, 0x7b, 0x06, 
  0xef, 0x7b, 0x02, 0x00, 0x00, 0x00, 0x00, 0x00, 0x00, 0x00, 0x00, 0x00, 
  0x00, 0x00, 0x00, 0x00, 0x00, 0x00, 0x00, 0x00, 0x00, 0x00, 0x00, 0x00, 
  0x00, 0x00, 0x00, 0x00, 0x00, 0x00, 0x00, 0x00, 0x00, 0x00, 0x00, 0x00, 
  0x00, 0x00, 0x00, 0x00, 0x00, 0x00, 0x00, 0x00, 0x00, 0x00, 0x00, 0x00, 
  0x00, 0x00, 0x00, 0x00, 0x00, 0x00, 0x00, 0x00, 0x00, 0x00, 0x00, 0x00, 
  0x00, 0x00, 0x00, 0x00, 0x00, 0x00, 0x00, 0x00, 0x00, 0x00, 0x00, 0x00, 
  0x00, 0x00, 0x00, 0x00, 0x00, 0x00, 0x00, 0x00, 0x00, 0x00, 0x00, 0x00, 
  0x00, 0x00, 0x00, 0x00, 0x00, 0x00, 0x00, 0x00, 0x00, 0x00, 0x00, 0x00, 
  0x00, 0x00, 0x00, 0x00, 0x00, 0x00, 0x00, 0x00, 0x00, 0x00, 0x00, 0x00, 
  0x00, 0x00, 0x00, 0x00, 0x00, 0x00, 0x00, 0x00, 0x00, 0x00, 0x00, 0x00, 
  0x00, 0x00, 0x00, 0x00, 0x00, 0x00, 0x00, 0x00, 0x00, 0x00, 0x00, 0x00, 
  0x00, 0x00, 0x00, 0x00, 0x00, 0x00, 0x00, 0x00, 0x00, 0x00, 0x00, 0x00, 
  0x00, 0x00, 0x00, 0x00, 0x00, 0x00, 0x00, 0x00, 0x00, 0x00, 0x00, 0x00, 
  0x00, 0x00, 0x00, 0x00, 0x00, 0x00, 0x00, 0x00, 0x00, 0x00, 0x00, 0x00, 
  0x00, 0x00, 0x00, 0x00, 0x00, 0x00, 0x00, 0x00, 0x00, 0x00, 0x00, 0x00, 
  0x00, 0x00, 0x00, 0x00, 0x00, 0x00, 0x00, 0x00, 0x00, 0x00, 0x00, 0x00, 
  0x00, 0x00, 0x00, 0x00, 0x00, 0x00, 0x00, 0x00, 0x00, 0x00, 0x00, 0x00, 
  0x00, 0x00, 0x00, 0x00, 0x00, 0x00, 0x00, 0x00, 0x00, 0x00, 0x00, 0x00, 
  0x00, 0x00, 0x00, 0x00, 0x00, 0x01, 0xef, 0x7b, 0x02, 0xb5, 0x52, 0x03, 
  0xef, 0x7b, 0x04, 0xef, 0x7b, 0x04, 0xef, 0x7b, 0x04, 0xef, 0x7b, 0x04, 
  0xef, 0x7b, 0x04, 0xef, 0x7b, 0x04, 0xef, 0x7b, 0x04, 0xef, 0x7b, 0x04, 
  0xef, 0x7b, 0x04, 0xef, 0x7b, 0x04, 0xef, 0x7b, 0x04, 0xef, 0x7b, 0x04, 
  0x2c, 0x63, 0x0a, 0xef, 0x7b, 0x04, 0xed, 0x5a, 0x16, 0xec, 0x5a, 0xed, 
  0x2d, 0x5b, 0xff, 0xec, 0x5a, 0xf9, 0xec, 0x5a, 0xff, 0xec, 0x5a, 0xff, 
  0xec, 0x5a, 0xff, 0xec, 0x5a, 0xff, 0xec, 0x5a, 0xf9, 0x2d, 0x5b, 0xff, 
  0xec, 0x5a, 0xed, 0xed, 0x5a, 0x16, 0xef, 0x7b, 0x04, 0x2c, 0x63, 0x0a, 
  0xef, 0x7b, 0x04, 0xef, 0x7b, 0x04, 0xef, 0x7b, 0x04, 0xef, 0x7b, 0x04, 
  0xef, 0x7b, 0x04, 0xef, 0x7b, 0x04, 0xef, 0x7b, 0x04, 0xef, 0x7b, 0x04, 
  0xef, 0x7b, 0x04, 0xef, 0x7b, 0x04, 0xef, 0x7b, 0x04, 0xef, 0x7b, 0x04, 
  0xb5, 0x52, 0x03, 0xef, 0x7b, 0x02, 0x00, 0x00, 0x01, 0x00, 0x00, 0x00, 
  0x00, 0x00, 0x00, 0x00, 0x00, 0x00, 0x00, 0x00, 0x00, 0x00, 0x00, 0x00, 
  0x00, 0x00, 0x00, 0x00, 0x00, 0x00, 0x00, 0x00, 0x00, 0x00, 0x00, 0x00, 
  0x00, 0x00, 0x00, 0x00, 0x00, 0x00, 0x00, 0x00, 0x00, 0x00, 0x00, 0x00, 
  0x00, 0x00, 0x00, 0x00, 0x00, 0x00, 0x00, 0x00, 0x00, 0x00, 0x00, 0x00, 
  0x00, 0x00, 0x00, 0x00, 0x00, 0x00, 0x00, 0x00, 0x00, 0x00, 0x00, 0x00, 
  0x00, 0x00, 0x00, 0x00, 0x00, 0x00, 0x00, 0x00, 0x00, 0x00, 0x00, 0x00, 
  0x00, 0x00, 0x00, 0x00, 0x00, 0x00, 0x00, 0x00, 0x00, 0x00, 0x00, 0x00, 
  0x00, 0x00, 0x00, 0x00, 0x00, 0x00, 0x00, 0x00, 0x00, 0x00, 0x00, 0x00, 
  0x00, 0x00, 0x00, 0x00, 0x00, 0x00, 0x00, 0x00, 0x00, 0x00, 0x00, 0x00, 
  0x00, 0x00, 0x00, 0x00, 0x00, 0x00, 0x00, 0x00, 0x00, 0x00, 0x00, 0x00, 
  0x00, 0x00, 0x00, 0x00, 0x00, 0x00, 0x00, 0x00, 0x00, 0x00, 0x00, 0x00, 
  0x00, 0x00, 0x00, 0x00, 0x00, 0x00, 0x00, 0x00, 0x00, 0x00, 0x00, 0x00, 
  0x00, 0x00, 0x00, 0x00, 0x00, 0x00, 0x00, 0x00, 0x00, 0x00, 0x00, 0x00, 
  0x00, 0x00, 0x00, 0x00, 0x00, 0x00, 0x00, 0x00, 0x00, 0x00, 0x00, 0x00, 
  0x00, 0x00, 0x00, 0x00, 0x00, 0x00, 0x00, 0x00, 0x00, 0x00, 0x00, 0x00, 
  0x00, 0x00, 0x00, 0x00, 0x00, 0x00, 0x00, 0x00, 0x00, 0x00, 0x00, 0x00, 
  0x00, 0x00, 0x00, 0x00, 0x00, 0x00, 0x00, 0x00, 0x00, 0x00, 0x00, 0x00, 
  0x00, 0x00, 0x00, 0x00, 0x00, 0x00, 0x00, 0x00, 0x00, 0x00, 0x00, 0x00, 
  0x00, 0x00, 0x00, 0x00, 0x00, 0x00, 0x00, 0x00, 0x00, 0x00, 0x00, 0x00, 
  0x00, 0x00, 0x00, 0x00, 0x00, 0x00, 0x00, 0x00, 0x00, 0x00, 0x00, 0x00, 
  0x00, 0x00, 0x00, 0x00, 0x00, 0x00, 0x00, 0x00, 0x00, 0x00, 0x00, 0x00, 
  0x00, 0x00, 0x00, 0x00, 0x00, 0x00, 0x00, 0x00, 0x00, 0x00, 0x00, 0x00, 
  0xaf, 0x52, 0x06, 0x00, 0x00, 0x00, 0x0e, 0x63, 0x12, 0x2d, 0x5b, 0xed, 
  0x6e, 0x63, 0xff, 0x2d, 0x5b, 0xf9, 0x2d, 0x5b, 0xff, 0x2d, 0x5b, 0xff, 
  0x2d, 0x5b, 0xff, 0x2d, 0x5b, 0xff, 0x2d, 0x5b, 0xf9, 0x6e, 0x63, 0xff, 
  0x2d, 0x5b, 0xed, 0x0e, 0x63, 0x12, 0x00, 0x00, 0x00, 0xaf, 0x52, 0x06, 
  0x00, 0x00, 0x00, 0x00, 0x00, 0x00, 0x00, 0x00, 0x00, 0x00, 0x00, 0x00, 
  0x00, 0x00, 0x00, 0x00, 0x00, 0x00, 0x00, 0x00, 0x00, 0x00, 0x00, 0x00, 
  0x00, 0x00, 0x00, 0x00, 0x00, 0x00, 0x00, 0x00, 0x00, 0x00, 0x00, 0x00, 
  0x00, 0x00, 0x00, 0x00, 0x00, 0x00, 0x00, 0x00, 0x00, 0x00, 0x00, 0x00, 
  0x00, 0x00, 0x00, 0x00, 0x00, 0x00, 0x00, 0x00, 0x00, 0x00, 0x00, 0x00, 
  0x00, 0x00, 0x00, 0x00, 0x00, 0x00, 0x00, 0x00, 0x00, 0x00, 0x00, 0x00, 
  0x00, 0x00, 0x00, 0x00, 0x00, 0x00, 0x00, 0x00, 0x00, 0x00, 0x00, 0x00, 
  0x00, 0x00, 0x00, 0x00, 0x00, 0x00, 0x00, 0x00, 0x00, 0x00, 0x00, 0x00, 
  0x00, 0x00, 0x00, 0x00, 0x00, 0x00, 0x00, 0x00, 0x00, 0x00, 0x00, 0x00, 
  0x00, 0x00, 0x00, 0x00, 0x00, 0x00, 0x00, 0x00, 0x00, 0x00, 0x00, 0x00, 
  0x00, 0x00, 0x00, 0x00, 0x00, 0x00, 0x00, 0x00, 0x00, 0x00, 0x00, 0x00, 
  0x00, 0x00, 0x00, 0x00, 0x00, 0x00, 0x00, 0x00, 0x00, 0x00, 0x00, 0x00, 
  0x00, 0x00, 0x00, 0x00, 0x00, 0x00, 0x00, 0x00, 0x00, 0x00, 0x00, 0x00, 
  0x00, 0x00, 0x00, 0x00, 0x00, 0x00, 0x00, 0x00, 0x00, 0x00, 0x00, 0x00, 
  0x00, 0x00, 0x00, 0x00, 0x00, 0x00, 0x00, 0x00, 0x00, 0x00, 0x00, 0x00, 
  0x00, 0x00, 0x00, 0x00, 0x00, 0x00, 0x00, 0x00, 0x00, 0x00, 0x00, 0x00, 
  0x00, 0x00, 0x00, 0x00, 0x00, 0x00, 0x00, 0x00, 0x00, 0x00, 0x00, 0x00, 
  0x00, 0x00, 0x00, 0x00, 0x00, 0x00, 0x00, 0x00, 0x00, 0x00, 0x00, 0x00, 
  0x00, 0x00, 0x00, 0x00, 0x00, 0x00, 0x00, 0x00, 0x00, 0x00, 0x00, 0x00, 
  0x00, 0x00, 0x00, 0x00, 0x00, 0x00, 0x00, 0x00, 0x00, 0x00, 0x00, 0x00, 
  0x00, 0x00, 0x00, 0x00, 0x00, 0x00, 0x00, 0x00, 0x00, 0x00, 0x00, 0x00, 
  0x00, 0x00, 0x00, 0x00, 0x00, 0x00, 0x00, 0x00, 0x00, 0x00, 0x00, 0x00, 
  0x00, 0x00, 0x00, 0x00, 0x00, 0x00, 0x00, 0x00, 0x00, 0x00, 0x00, 0x00, 
  0x00, 0x00, 0x00, 0x00, 0x00, 0x00, 0x00, 0x00, 0x00, 0x00, 0x00, 0x00, 
  0x00, 0x00, 0x00, 0x00, 0x00, 0x00, 0x00, 0x00, 0x00, 0x00, 0x00, 0x00, 
  0x00, 0x00, 0x00, 0x00, 0x00, 0x00, 0x00, 0x00, 0x00, 0x00, 0x00, 0x00, 
  0xef, 0x7b, 0x06, 0x00, 0x00, 0x00, 0x8f, 0x63, 0x12, 0x6e, 0x63, 0xed, 
  0xaf, 0x6b, 0xff, 0x6e, 0x63, 0xf9, 0x6e, 0x63, 0xff, 0x6e, 0x63, 0xff, 
  0x6e, 0x63, 0xff, 0x6e, 0x63, 0xff, 0x6e, 0x63, 0xf9, 0xaf, 0x6b, 0xff, 
  0x6e, 0x63, 0xed, 0x8f, 0x63, 0x12, 0x00, 0x00, 0x00, 0xef, 0x7b, 0x06, 
  0x00, 0x00, 0x00, 0x00, 0x00, 0x00, 0x00, 0x00, 0x00, 0x00, 0x00, 0x00, 
  0x00, 0x00, 0x00, 0x00, 0x00, 0x00, 0x00, 0x00, 0x00, 0x00, 0x00, 0x00, 
  0x00, 0x00, 0x00, 0x00, 0x00, 0x00, 0x00, 0x00, 0x00, 0x00, 0x00, 0x00, 
  0x00, 0x00, 0x00, 0x00, 0x00, 0x00, 0x00, 0x00, 0x00, 0x00, 0x00, 0x00, 
  0x00, 0x00, 0x00, 0x00, 0x00, 0x00, 0x00, 0x00, 0x00, 0x00, 0x00, 0x00, 
  0x00, 0x00, 0x00, 0x00, 0x00, 0x00, 0x00, 0x00, 0x00, 0x00, 0x00, 0x00, 
  0x00, 0x00, 0x00, 0x00, 0x00, 0x00, 0x00, 0x00, 0x00, 0x00, 0x00, 0x00, 
  0x00, 0x00, 0x00, 0x00, 0x00, 0x00, 0x00, 0x00, 0x00, 0x00, 0x00, 0x00, 
  0x00, 0x00, 0x00, 0x00, 0x00, 0x00, 0x00, 0x00, 0x00, 0x00, 0x00, 0x00, 
  0x00, 0x00, 0x00, 0x00, 0x00, 0x00, 0x00, 0x00, 0x00, 0x00, 0x00, 0x00, 
  0x00, 0x00, 0x00, 0x00, 0x00, 0x00, 0x00, 0x00, 0x00, 0x00, 0x00, 0x00, 
  0x00, 0x00, 0x00, 0x00, 0x00, 0x00, 0x00, 0x00, 0x00, 0x00, 0x00, 0x00, 
  0x00, 0x00, 0x00, 0x00, 0x00, 0x00, 0x00, 0x00, 0x00, 0x00, 0x00, 0x00, 
  0x00, 0x00, 0x00, 0x00, 0x00, 0x00, 0x00, 0x00, 0x00, 0x00, 0x00, 0x00, 
  0x00, 0x00, 0x00, 0x00, 0x00, 0x00, 0x00, 0x00, 0x00, 0x00, 0x00, 0x00, 
  0x00, 0x00, 0x00, 0x00, 0x00, 0x00, 0x00, 0x00, 0x00, 0x00, 0x00, 0x00, 
  0x00, 0x00, 0x00, 0x00, 0x00, 0x00, 0x00, 0x00, 0x00, 0x00, 0x00, 0x00, 
  0x00, 0x00, 0x00, 0x00, 0x00, 0x00, 0x00, 0x00, 0x00, 0x00, 0x00, 0x00, 
  0x00, 0x00, 0x00, 0x00, 0x00, 0x00, 0x00, 0x00, 0x00, 0x00, 0x00, 0x00, 
  0x00, 0x00, 0x00, 0x00, 0x00, 0x00, 0x00, 0x00, 0x00, 0x00, 0x00, 0x00, 
  0x00, 0x00, 0x00, 0x00, 0x00, 0x00, 0x00, 0x00, 0x00, 0x00, 0x00, 0x00, 
  0x00, 0x00, 0x00, 0x00, 0x00, 0x00, 0x00, 0x00, 0x00, 0x00, 0x00, 0x00, 
  0x00, 0x00, 0x00, 0x00, 0x00, 0x00, 0x00, 0x00, 0x00, 0x00, 0x00, 0x00, 
  0xef, 0x7b, 0x02, 0x2c, 0x63, 0x05, 0xef, 0x7b, 0x06, 0xef, 0x7b, 0x06, 
  0xef, 0x7b, 0x06, 0xef, 0x7b, 0x06, 0xef, 0x7b, 0x06, 0xef, 0x7b, 0x06, 
  0xef, 0x7b, 0x06, 0xef, 0x7b, 0x06, 0xef, 0x7b, 0x06, 0xef, 0x7b, 0x06, 
  0xef, 0x7b, 0x0c, 0xef, 0x7b, 0x06, 0xaf, 0x6b, 0x18, 0x8f, 0x6b, 0xed, 
  0xf0, 0x73, 0xff, 0x8f, 0x6b, 0xf9, 0xaf, 0x6b, 0xff, 0xaf, 0x6b, 0xff, 
  0xaf, 0x6b, 0xff, 0xaf, 0x6b, 0xff, 0x8f, 0x6b, 0xf9, 0xf0, 0x73, 0xff, 
  0x8f, 0x6b, 0xed, 0xaf, 0x6b, 0x18, 0xef, 0x7b, 0x06, 0xef, 0x7b, 0x0c, 
  0xef, 0x7b, 0x06, 0xef, 0x7b, 0x06, 0xef, 0x7b, 0x06, 0xef, 0x7b, 0x06, 
  0xef, 0x7b, 0x06, 0xef, 0x7b, 0x06, 0xef, 0x7b, 0x06, 0xef, 0x7b, 0x06, 
  0xef, 0x7b, 0x06, 0xef, 0x7b, 0x06, 0x2c, 0x63, 0x05, 0xff, 0xff, 0x01, 
  0x00, 0x00, 0x00, 0x00, 0x00, 0x00, 0x00, 0x00, 0x00, 0x00, 0x00, 0x00, 
  0x00, 0x00, 0x00, 0x00, 0x00, 0x00, 0x00, 0x00, 0x00, 0x00, 0x00, 0x00, 
  0x00, 0x00, 0x00, 0x00, 0x00, 0x00, 0x00, 0x00, 0x00, 0x00, 0x00, 0x00, 
  0x00, 0x00, 0x00, 0x00, 0x00, 0x00, 0x00, 0x00, 0x00, 0x00, 0x00, 0x00, 
  0x00, 0x00, 0x00, 0x00, 0x00, 0x00, 0x00, 0x00, 0x00, 0x00, 0x00, 0x00, 
  0x00, 0x00, 0x00, 0x00, 0x00, 0x00, 0x00, 0x00, 0x00, 0x00, 0x00, 0x00, 
  0x00, 0x00, 0x00, 0x00, 0x00, 0x00, 0x00, 0x00, 0x00, 0x00, 0x00, 0x00, 
  0x00, 0x00, 0x00, 0x00, 0x00, 0x00, 0x00, 0x00, 0x00, 0x00, 0x00, 0x00, 
  0x00, 0x00, 0x00, 0x00, 0x00, 0x00, 0x00, 0x00, 0x00, 0x00, 0x00, 0x00, 
  0x00, 0x00, 0x00, 0x00, 0x00, 0x00, 0x00, 0x00, 0x00, 0x00, 0x00, 0x00, 
  0x00, 0x00, 0x00, 0x00, 0x00, 0x00, 0x00, 0x00, 0x00, 0x00, 0x00, 0x00, 
  0x00, 0x00, 0x00, 0x00, 0x00, 0x00, 0x00, 0x00, 0x00, 0x00, 0x00, 0x00, 
  0x00, 0x00, 0x00, 0x00, 0x00, 0x00, 0x00, 0x00, 0x00, 0x00, 0x00, 0x00, 
  0x00, 0x00, 0x00, 0x00, 0x00, 0x00, 0x00, 0x00, 0x00, 0x00, 0x00, 0x00, 
  0x00, 0x00, 0x00, 0x00, 0x00, 0x00, 0x00, 0x00, 0x00, 0x00, 0x00, 0x00, 
  0x00, 0x00, 0x00, 0x00, 0x00, 0x00, 0x00, 0x00, 0x00, 0x00, 0x00, 0x00, 
  0x00, 0x00, 0x00, 0x00, 0x00, 0x00, 0x00, 0x00, 0x00, 0x00, 0x00, 0x00, 
  0x00, 0x00, 0x00, 0x00, 0x00, 0x00, 0x00, 0x00, 0x00, 0x00, 0x00, 0x00, 
  0x00, 0x00, 0x00, 0x00, 0x00, 0x00, 0x00, 0x00, 0x00, 0x00, 0x00, 0x00, 
  0x00, 0x00, 0x00, 0x00, 0x00, 0x00, 0x00, 0x00, 0x00, 0x00, 0x00, 0x00, 
  0x00, 0x00, 0x00, 0x00, 0x00, 0x00, 0x00, 0x00, 0x00, 0x00, 0x00, 0x00, 
  0x00, 0x00, 0x00, 0x00, 0x00, 0x00, 0x00, 0x00, 0x00, 0x00, 0x00, 0x00, 
  0x00, 0x00, 0x00, 0x00, 0x00, 0x00, 0x00, 0x00, 0x00, 0x00, 0x00, 0x00, 
  0x00, 0x00, 0x00, 0x00, 0x00, 0x00, 0xe0, 0x07, 0x01, 0xd0, 0x6b, 0xec, 
  0x31, 0x7c, 0xff, 0xd0, 0x6b, 0xf9, 0xd0, 0x73, 0xff, 0xd0, 0x73, 0xff, 
  0xd0, 0x73, 0xff, 0xd0, 0x73, 0xff, 0xd0, 0x6b, 0xf9, 0x31, 0x7c, 0xff, 
  0xd0, 0x6b, 0xec, 0xe0, 0x07, 0x01, 0x00, 0x00, 0x00, 0x00, 0x00, 0x00, 
  0x00, 0x00, 0x00, 0x00, 0x00, 0x00, 0x00, 0x00, 0x00, 0x00, 0x00, 0x00, 
  0x00, 0x00, 0x00, 0x00, 0x00, 0x00, 0x00, 0x00, 0x00, 0x00, 0x00, 0x00, 
  0x00, 0x00, 0x00, 0x00, 0x00, 0x00, 0x00, 0x00, 0x00, 0x00, 0x00, 0x00, 
  0x00, 0x00, 0x00, 0x00, 0x00, 0x00, 0x00, 0x00, 0x00, 0x00, 0x00, 0x00, 
  0x00, 0x00, 0x00, 0x00, 0x00, 0x00, 0x00, 0x00, 0x00, 0x00, 0x00, 0x00, 
  0x00, 0x00, 0x00, 0x00, 0x00, 0x00, 0x00, 0x00, 0x00, 0x00, 0x00, 0x00, 
  0x00, 0x00, 0x00, 0x00, 0x00, 0x00, 0x00, 0x00, 0x00, 0x00, 0x00, 0x00, 
  0x00, 0x00, 0x00, 0x00, 0x00, 0x00, 0x00, 0x00, 0x00, 0x00, 0x00, 0x00, 
  0x00, 0x00, 0x00, 0x00, 0x00, 0x00, 0x00, 0x00, 0x00, 0x00, 0x00, 0x00, 
  0x00, 0x00, 0x00, 0x00, 0x00, 0x00, 0x00, 0x00, 0x00, 0x00, 0x00, 0x00, 
  0x00, 0x00, 0x00, 0x00, 0x00, 0x00, 0x00, 0x00, 0x00, 0x00, 0x00, 0x00, 
  0x00, 0x00, 0x00, 0x00, 0x00, 0x00, 0x00, 0x00, 0x00, 0x00, 0x00, 0x00, 
  0x00, 0x00, 0x00, 0x00, 0x00, 0x00, 0x00, 0x00, 0x00, 0x00, 0x00, 0x00, 
  0x00, 0x00, 0x00, 0x00, 0x00, 0x00, 0x00, 0x00, 0x00, 0x00, 0x00, 0x00, 
  0x00, 0x00, 0x00, 0x00, 0x00, 0x00, 0x00, 0x00, 0x00, 0x00, 0x00, 0x00, 
  0x00, 0x00, 0x00, 0x00, 0x00, 0x00, 0x00, 0x00, 0x00, 0x00, 0x00, 0x00, 
  0x00, 0x00, 0x00, 0x00, 0x00, 0x00, 0x00, 0x00, 0x00, 0x00, 0x00, 0x00, 
  0x00, 0x00, 0x00, 0x00, 0x00, 0x00, 0x00, 0x00, 0x00, 0x00, 0x00, 0x00, 
  0x00, 0x00, 0x00, 0x00, 0x00, 0x00, 0x00, 0x00, 0x00, 0x00, 0x00, 0x00, 
  0x00, 0x00, 0x00, 0x00, 0x00, 0x00, 0x00, 0x00, 0x00, 0x00, 0x00, 0x00, 
  0x00, 0x00, 0x00, 0x00, 0x00, 0x00, 0x00, 0x00, 0x00, 0x00, 0x00, 0x00, 
  0x00, 0x00, 0x00, 0x00, 0x00, 0x00, 0x00, 0x00, 0x00, 0x00, 0x00, 0x00, 
  0x00, 0x00, 0x00, 0x00, 0x00, 0x00, 0x00, 0x00, 0x00, 0x00, 0x00, 0x00, 
  0xff, 0xff, 0x01, 0xef, 0x6b, 0x0c, 0xf1, 0x73, 0x12, 0xef, 0x73, 0x12, 
  0xf1, 0x73, 0x12, 0xf1, 0x73, 0x12, 0xf1, 0x73, 0x12, 0xf1, 0x73, 0x12, 
  0xf1, 0x73, 0x12, 0xf1, 0x73, 0x12, 0xf1, 0x73, 0x12, 0xf1, 0x73, 0x12, 
  0xef, 0x73, 0x18, 0xf1, 0x73, 0x12, 0xd1, 0x73, 0x23, 0xf0, 0x73, 0xee, 
  0x32, 0x7c, 0xff, 0xf0, 0x73, 0xf9, 0xf0, 0x73, 0xff, 0xf0, 0x73, 0xff, 
  0xf0, 0x73, 0xff, 0xf0, 0x73, 0xff, 0xf0, 0x73, 0xf9, 0x32, 0x7c, 0xff, 
  0xf0, 0x73, 0xee, 0xd1, 0x73, 0x23, 0xf1, 0x73, 0x12, 0xef, 0x73, 0x18, 
  0xf1, 0x73, 0x12, 0xf1, 0x73, 0x12, 0xf1, 0x73, 0x12, 0xf1, 0x73, 0x12, 
  0xf1, 0x73, 0x12, 0xf1, 0x73, 0x12, 0xf1, 0x73, 0x12, 0xf1, 0x73, 0x12, 
  0xef, 0x73, 0x12, 0xf1, 0x73, 0x12, 0xef, 0x6b, 0x0c, 0xe0, 0x07, 0x01, 
  0x00, 0x00, 0x00, 0x00, 0x00, 0x00, 0x00, 0x00, 0x00, 0x00, 0x00, 0x00, 
  0x00, 0x00, 0x00, 0x00, 0x00, 0x00, 0x00, 0x00, 0x00, 0x00, 0x00, 0x00, 
  0x00, 0x00, 0x00, 0x00, 0x00, 0x00, 0x00, 0x00, 0x00, 0x00, 0x00, 0x00, 
  0x00, 0x00, 0x00, 0x00, 0x00, 0x00, 0x00, 0x00, 0x00, 0x00, 0x00, 0x00, 
  0x00, 0x00, 0x00, 0x00, 0x00, 0x00, 0x00, 0x00, 0x00, 0x00, 0x00, 0x00, 
  0x00, 0x00, 0x00, 0x00, 0x00, 0x00, 0x00, 0x00, 0x00, 0x00, 0x00, 0x00, 
  0x00, 0x00, 0x00, 0x00, 0x00, 0x00, 0x00, 0x00, 0x00, 0x00, 0x00, 0x00, 
  0x00, 0x00, 0x00, 0x00, 0x00, 0x00, 0x00, 0x00, 0x00, 0x00, 0x00, 0x00, 
  0x00, 0x00, 0x00, 0x00, 0x00, 0x00, 0x00, 0x00, 0x00, 0x00, 0x00, 0x00, 
  0x00, 0x00, 0x00, 0x00, 0x00, 0x00, 0x00, 0x00, 0x00, 0x00, 0x00, 0x00, 
  0x00, 0x00, 0x00, 0x00, 0x00, 0x00, 0x00, 0x00, 0x00, 0x00, 0x00, 0x00, 
  0x00, 0x00, 0x00, 0x00, 0x00, 0x00, 0x00, 0x00, 0x00, 0x00, 0x00, 0x00, 
  0x00, 0x00, 0x00, 0x00, 0x00, 0x00, 0x00, 0x00, 0x00, 0x00, 0x00, 0x00, 
  0x00, 0x00, 0x00, 0x00, 0x00, 0x00, 0x00, 0x00, 0x00, 0x00, 0x00, 0x00, 
  0x00, 0x00, 0x00, 0x00, 0x00, 0x00, 0x00, 0x00, 0x00, 0x00, 0x00, 0x00, 
  0x00, 0x00, 0x00, 0x00, 0x00, 0x00, 0x00, 0x00, 0x00, 0x00, 0x00, 0x00, 
  0x00, 0x00, 0x00, 0x00, 0x00, 0x00, 0x00, 0x00, 0x00, 0x00, 0x00, 0x00, 
  0x00, 0x00, 0x00, 0x00, 0x00, 0x00, 0x00, 0x00, 0x00, 0x00, 0x00, 0x00, 
  0x00, 0x00, 0x00, 0x00, 0x00, 0x00, 0x00, 0x00, 0x00, 0x00, 0x00, 0x00, 
  0x00, 0x00, 0x00, 0xef, 0x7b, 0x02, 0x00, 0x00, 0x00, 0xff, 0xff, 0x01, 
  0xf0, 0x73, 0x32, 0xf0, 0x73, 0xad, 0xf0, 0x73, 0xed, 0xf0, 0x73, 0xeb, 
  0xf0, 0x73, 0xed, 0xf0, 0x73, 0xed, 0xf0, 0x73, 0xed, 0xf0, 0x73, 0xed, 
  0xf0, 0x73, 0xed, 0xf0, 0x73, 0xed, 0xf0, 0x73, 0xed, 0xf0, 0x73, 0xed, 
  0xf0, 0x73, 0xed, 0xf0, 0x73, 0xed, 0xf0, 0x73, 0xee, 0xf0, 0x73, 0xfe, 
  0xf0, 0x73, 0xff, 0xf0, 0x73, 0xff, 0xf0, 0x73, 0xff, 0xf0, 0x73, 0xff, 
  0xf0, 0x73, 0xff, 0xf0, 0x73, 0xff, 0xf0, 0x73, 0xff, 0xf0, 0x73, 0xff, 
  0xf0, 0x73, 0xfe, 0xf0, 0x73, 0xee, 0xf0, 0x73, 0xed, 0xf0, 0x73, 0xed, 
  0xf0, 0x73, 0xed, 0xf0, 0x73, 0xed, 0xf0, 0x73, 0xed, 0xf0, 0x73, 0xed, 
  0xf0, 0x73, 0xed, 0xf0, 0x73, 0xed, 0xf0, 0x73, 0xed, 0xf0, 0x73, 0xed, 
  0xf0, 0x73, 0xeb, 0xf0, 0x73, 0xed, 0xd0, 0x73, 0xac, 0xf0, 0x73, 0x30, 
  0xff, 0xff, 0x01, 0x00, 0x00, 0x00, 0xef, 0x7b, 0x02, 0x00, 0x00, 0x00, 
  0x00, 0x00, 0x00, 0x00, 0x00, 0x00, 0x00, 0x00, 0x00, 0x00, 0x00, 0x00, 
  0x00, 0x00, 0x00, 0x00, 0x00, 0x00, 0x00, 0x00, 0x00, 0x00, 0x00, 0x00, 
  0x00, 0x00, 0x00, 0x00, 0x00, 0x00, 0x00, 0x00, 0x00, 0x00, 0x00, 0x00, 
  0x00, 0x00, 0x00, 0x00, 0x00, 0x00, 0x00, 0x00, 0x00, 0x00, 0x00, 0x00, 
  0x00, 0x00, 0x00, 0x00, 0x00, 0x00, 0x00, 0x00, 0x00, 0x00, 0x00, 0x00, 
  0x00, 0x00, 0x00, 0x00, 0x00, 0x00, 0x00, 0x00, 0x00, 0x00, 0x00, 0x00, 
  0x00, 0x00, 0x00, 0x00, 0x00, 0x00, 0x00, 0x00, 0x00, 0x00, 0x00, 0x00, 
  0x00, 0x00, 0x00, 0x00, 0x00, 0x00, 0x00, 0x00, 0x00, 0x00, 0x00, 0x00, 
  0x00, 0x00, 0x00, 0x00, 0x00, 0x00, 0x00, 0x00, 0x00, 0x00, 0x00, 0x00, 
  0x00, 0x00, 0x00, 0x00, 0x00, 0x00, 0x00, 0x00, 0x00, 0x00, 0x00, 0x00, 
  0x00, 0x00, 0x00, 0x00, 0x00, 0x00, 0x00, 0x00, 0x00, 0x00, 0x00, 0x00, 
  0x00, 0x00, 0x00, 0x00, 0x00, 0x00, 0x00, 0x00, 0x00, 0x00, 0x00, 0x00, 
  0x00, 0x00, 0x00, 0x00, 0x00, 0x00, 0x00, 0x00, 0x00, 0x00, 0x00, 0x00, 
  0x00, 0x00, 0x00, 0x00, 0x00, 0x00, 0x00, 0x00, 0x00, 0x00, 0x00, 0x00, 
  0x00, 0x00, 0x00, 0x00, 0x00, 0x00, 0x00, 0x00, 0x00, 0x00, 0x00, 0x00, 
  0x00, 0x00, 0x00, 0x00, 0x00, 0x00, 0x00, 0x00, 0x00, 0x00, 0x00, 0x00, 
  0x00, 0x00, 0x00, 0x00, 0x00, 0x00, 0x00, 0x00, 0x00, 0x00, 0x00, 0x00, 
  0x00, 0x00, 0x00, 0x00, 0x00, 0x00, 0x00, 0x00, 0x00, 0x00, 0x00, 0x00, 
  0x00, 0x00, 0x00, 0xd3, 0x64, 0x05, 0x00, 0x00, 0x00, 0x4f, 0x6b, 0x0c, 
  0xd0, 0x73, 0xac, 0xf1, 0x73, 0xfc, 0x32, 0x7c, 0xff, 0x31, 0x7c, 0xff, 
  0x32, 0x7c, 0xff, 0x32, 0x7c, 0xff, 0x32, 0x7c, 0xff, 0x32, 0x7c, 0xff, 
  0x32, 0x7c, 0xff, 0x32, 0x7c, 0xff, 0x32, 0x7c, 0xff, 0x32, 0x7c, 0xff, 
  0x32, 0x7c, 0xff, 0x32, 0x7c, 0xff, 0x31, 0x7c, 0xff, 0xf0, 0x73, 0xff, 
  0xf0, 0x73, 0xff, 0xf0, 0x73, 0xff, 0xf0, 0x73, 0xff, 0xf0, 0x73, 0xff, 
  0xf0, 0x73, 0xff, 0xf0, 0x73, 0xff, 0xf0, 0x73, 0xff, 0xf0, 0x73, 0xff, 
  0xf0, 0x73, 0xff, 0x31, 0x7c, 0xff, 0x32, 0x7c, 0xff, 0x32, 0x7c, 0xff, 
  0x32, 0x7c, 0xff, 0x32, 0x7c, 0xff, 0x32, 0x7c, 0xff, 0x32, 0x7c, 0xff, 
  0x32, 0x7c, 0xff, 0x32, 0x7c, 0xff, 0x32, 0x7c, 0xff, 0x32, 0x7c, 0xff, 
  0x31, 0x7c, 0xff, 0x31, 0x7c, 0xff, 0xf1, 0x73, 0xfb, 0xf0, 0x73, 0xaa, 
  0x51, 0x74, 0x0b, 0x00, 0x00, 0x00, 0xd3, 0x64, 0x05, 0x00, 0x00, 0x00, 
  0x00, 0x00, 0x00, 0x00, 0x00, 0x00, 0x00, 0x00, 0x00, 0x00, 0x00, 0x00, 
  0x00, 0x00, 0x00, 0x00, 0x00, 0x00, 0x00, 0x00, 0x00, 0x00, 0x00, 0x00, 
  0x00, 0x00, 0x00, 0x00, 0x00, 0x00, 0x00, 0x00, 0x00, 0x00, 0x00, 0x00, 
  0x00, 0x00, 0x00, 0x00, 0x00, 0x00, 0x00, 0x00, 0x00, 0x00, 0x00, 0x00, 
  0x00, 0x00, 0x00, 0x00, 0x00, 0x00, 0x00, 0x00, 0x00, 0x00, 0x00, 0x00, 
  0x00, 0x00, 0x00, 0x00, 0x00, 0x00, 0x00, 0x00, 0x00, 0x00, 0x00, 0x00, 
  0x00, 0x00, 0x00, 0x00, 0x00, 0x00, 0x00, 0x00, 0x00, 0x00, 0x00, 0x00, 
  0x00, 0x00, 0x00, 0x00, 0x00, 0x00, 0x00, 0x00, 0x00, 0x00, 0x00, 0x00, 
  0x00, 0x00, 0x00, 0x00, 0x00, 0x00, 0x00, 0x00, 0x00, 0x00, 0x00, 0x00, 
  0x00, 0x00, 0x00, 0x00, 0x00, 0x00, 0x00, 0x00, 0x00, 0x00, 0x00, 0x00, 
  0x00, 0x00, 0x00, 0x00, 0x00, 0x00, 0x00, 0x00, 0x00, 0x00, 0x00, 0x00, 
  0x00, 0x00, 0x00, 0x00, 0x00, 0x00, 0x00, 0x00, 0x00, 0x00, 0x00, 0x00, 
  0x00, 0x00, 0x00, 0x00, 0x00, 0x00, 0x00, 0x00, 0x00, 0x00, 0x00, 0x00, 
  0x00, 0x00, 0x00, 0x00, 0x00, 0x00, 0x00, 0x00, 0x00, 0x00, 0x00, 0x00, 
  0x00, 0x00, 0x00, 0x00, 0x00, 0x00, 0x00, 0x00, 0x00, 0x00, 0x00, 0x00, 
  0x00, 0x00, 0x00, 0x00, 0x00, 0x00, 0x00, 0x00, 0x00, 0x00, 0x00, 0x00, 
  0x00, 0x00, 0x00, 0x00, 0x00, 0x00, 0x00, 0x00, 0x00, 0x00, 0x00, 0x00, 
  0x00, 0x00, 0x00, 0x00, 0x00, 0x00, 0x00, 0x00, 0x00, 0x00, 0x00, 0x00, 
  0x00, 0x00, 0x00, 0xef, 0x7b, 0x06, 0x00, 0x00, 0x00, 0xd0, 0x6b, 0x13, 
  0xf0, 0x73, 0xee, 0x31, 0x7c, 0xff, 0xf0, 0x73, 0xf5, 0xf0, 0x73, 0xf8, 
  0xf0, 0x73, 0xf9, 0xf0, 0x73, 0xf9, 0xf0, 0x73, 0xf9, 0xf0, 0x73, 0xf9, 
  0xf0, 0x73, 0xf9, 0xf0, 0x73, 0xf9, 0xf0, 0x73, 0xf9, 0xf0, 0x73, 0xf9, 
  0xf0, 0x73, 0xf9, 0xf0, 0x73, 0xf9, 0xf0, 0x73, 0xf9, 0xf0, 0x73, 0xff, 
  0xf0, 0x73, 0xff, 0xf0, 0x73, 0xff, 0xf0, 0x73, 0xff, 0xf0, 0x73, 0xff, 
  0xf0, 0x73, 0xff, 0xf0, 0x73, 0xff, 0xf0, 0x73, 0xff, 0xf0, 0x73, 0xff, 
  0xf0, 0x73, 0xff, 0xf0, 0x73, 0xf9, 0xf0, 0x73, 0xf9, 0xf0, 0x73, 0xf9, 
  0xf0, 0x73, 0xf9, 0xf0, 0x73, 0xf9, 0xf0, 0x73, 0xf9, 0xf0, 0x73, 0xf9, 
  0xf0, 0x73, 0xf9, 0xf0, 0x73, 0xf9, 0xf0, 0x73, 0xf9, 0xf0, 0x73, 0xf9, 
  0xf0, 0x73, 0xf8, 0xf0, 0x73, 0xf5, 0x32, 0x7c, 0xff, 0xf0, 0x73, 0xee, 
  0xf1, 0x73, 0x12, 0x00, 0x00, 0x00, 0xef, 0x7b, 0x06, 0x00, 0x00, 0x00, 
  0x00, 0x00, 0x00, 0x00, 0x00, 0x00, 0x00, 0x00, 0x00, 0x00, 0x00, 0x00, 
  0x00, 0x00, 0x00, 0x00, 0x00, 0x00, 0x00, 0x00, 0x00, 0x00, 0x00, 0x00, 
  0x00, 0x00, 0x00, 0x00, 0x00, 0x00, 0x00, 0x00, 0x00, 0x00, 0x00, 0x00, 
  0x00, 0x00, 0x00, 0x00, 0x00, 0x00, 0x00, 0x00, 0x00, 0x00, 0x00, 0x00, 
  0x00, 0x00, 0x00, 0x00, 0x00, 0x00, 0x00, 0x00, 0x00, 0x00, 0x00, 0x00, 
  0x00, 0x00, 0x00, 0x00, 0x00, 0x00, 0x00, 0x00, 0x00, 0x00, 0x00, 0x00, 
  0x00, 0x00, 0x00, 0x00, 0x00, 0x00, 0x00, 0x00, 0x00, 0x00, 0x00, 0x00, 
  0x00, 0x00, 0x00, 0x00, 0x00, 0x00, 0x00, 0x00, 0x00, 0x00, 0x00, 0x00, 
  0x00, 0x00, 0x00, 0x00, 0x00, 0x00, 0x00, 0x00, 0x00, 0x00, 0x00, 0x00, 
  0x00, 0x00, 0x00, 0x00, 0x00, 0x00, 0x00, 0x00, 0x00, 0x00, 0x00, 0x00, 
  0x00, 0x00, 0x00, 0x00, 0x00, 0x00, 0x00, 0x00, 0x00, 0x00, 0x00, 0x00, 
  0x00, 0x00, 0x00, 0x00, 0x00, 0x00, 0x00, 0x00, 0x00, 0x00, 0x00, 0x00, 
  0x00, 0x00, 0x00, 0x00, 0x00, 0x00, 0x00, 0x00, 0x00, 0x00, 0x00, 0x00, 
  0x00, 0x00, 0x00, 0x00, 0x00, 0x00, 0x00, 0x00, 0x00, 0x00, 0x00, 0x00, 
  0x00, 0x00, 0x00, 0x00, 0x00, 0x00, 0x00, 0x00, 0x00, 0x00, 0x00, 0x00, 
  0x00, 0x00, 0x00, 0x00, 0x00, 0x00, 0x00, 0x00, 0x00, 0x00, 0x00, 0x00, 
  0x00, 0x00, 0x00, 0x00, 0x00, 0x00, 0x00, 0x00, 0x00, 0x00, 0x00, 0x00, 
  0x00, 0x00, 0x00, 0x00, 0x00, 0x00, 0x00, 0x00, 0x00, 0x00, 0x00, 0x00, 
  0x00, 0x00, 0x00, 0xef, 0x7b, 0x06, 0x00, 0x00, 0x00, 0xf1, 0x73, 0x12, 
  0xf0, 0x73, 0xec, 0x32, 0x7c, 0xfd, 0xf0, 0x73, 0xf9, 0xf0, 0x73, 0xff, 
  0xf0, 0x73, 0xff, 0xf0, 0x73, 0xff, 0xf0, 0x73, 0xff, 0xf0, 0x73, 0xff, 
  0xf0, 0x73, 0xff, 0xf0, 0x73, 0xff, 0xf0, 0x73, 0xff, 0xf0, 0x73, 0xff, 
  0xf0, 0x73, 0xff, 0xf0, 0x73, 0xff, 0xf0, 0x73, 0xff, 0xf0, 0x73, 0xff, 
  0xf0, 0x73, 0xff, 0xf0, 0x73, 0xff, 0xf0, 0x73, 0xff, 0xf0, 0x73, 0xff, 
  0xf0, 0x73, 0xff, 0xf0, 0x73, 0xff, 0xf0, 0x73, 0xff, 0xf0, 0x73, 0xff, 
  0xf0, 0x73, 0xff, 0xf0, 0x73, 0xff, 0xf0, 0x73, 0xff, 0xf0, 0x73, 0xff, 
  0xf0, 0x73, 0xff, 0xf0, 0x73, 0xff, 0xf0, 0x73, 0xff, 0xf0, 0x73, 0xff, 
  0xf0, 0x73, 0xff, 0xf0, 0x73, 0xff, 0xf0, 0x73, 0xff, 0xf0, 0x73, 0xff, 
  0xf0, 0x73, 0xff, 0xf0, 0x73, 0xf9, 0x32, 0x7c, 0xfd, 0xf0, 0x73, 0xec, 
  0xf1, 0x73, 0x12, 0x00, 0x00, 0x00, 0xef, 0x7b, 0x06, 0x00, 0x00, 0x00, 
  0x00, 0x00, 0x00, 0x00, 0x00, 0x00, 0x00, 0x00, 0x00, 0x00, 0x00, 0x00, 
  0x00, 0x00, 0x00, 0x00, 0x00, 0x00, 0x00, 0x00, 0x00, 0x00, 0x00, 0x00, 
  0x00, 0x00, 0x00, 0x00, 0x00, 0x00, 0x00, 0x00, 0x00, 0x00, 0x00, 0x00, 
  0x00, 0x00, 0x00, 0x00, 0x00, 0x00, 0x00, 0x00, 0x00, 0x00, 0x00, 0x00, 
  0x00, 0x00, 0x00, 0x00, 0x00, 0x00, 0x00, 0x00, 0x00, 0x00, 0x00, 0x00, 
  0x00, 0x00, 0x00, 0x00, 0x00, 0x00, 0x00, 0x00, 0x00, 0x00, 0x00, 0x00, 
  0x00, 0x00, 0x00, 0x00, 0x00, 0x00, 0x00, 0x00, 0x00, 0x00, 0x00, 0x00, 
  0x00, 0x00, 0x00, 0x00, 0x00, 0x00, 0x00, 0x00, 0x00, 0x00, 0x00, 0x00, 
  0x00, 0x00, 0x00, 0x00, 0x00, 0x00, 0x00, 0x00, 0x00, 0x00, 0x00, 0x00, 
  0x00, 0x00, 0x00, 0x00, 0x00, 0x00, 0x00, 0x00, 0x00, 0x00, 0x00, 0x00, 
  0x00, 0x00, 0x00, 0x00, 0x00, 0x00, 0x00, 0x00, 0x00, 0x00, 0x00, 0x00, 
  0x00, 0x00, 0x00, 0x00, 0x00, 0x00, 0x00, 0x00, 0x00, 0x00, 0x00, 0x00, 
  0x00, 0x00, 0x00, 0x00, 0x00, 0x00, 0x00, 0x00, 0x00, 0x00, 0x00, 0x00, 
  0x00, 0x00, 0x00, 0x00, 0x00, 0x00, 0x00, 0x00, 0x00, 0x00, 0x00, 0x00, 
  0x00, 0x00, 0x00, 0x00, 0x00, 0x00, 0x00, 0x00, 0x00, 0x00, 0x00, 0x00, 
  0x00, 0x00, 0x00, 0x00, 0x00, 0x00, 0x00, 0x00, 0x00, 0x00, 0x00, 0x00, 
  0x00, 0x00, 0x00, 0x00, 0x00, 0x00, 0x00, 0x00, 0x00, 0x00, 0x00, 0x00, 
  0x00, 0x00, 0x00, 0x00, 0x00, 0x00, 0x00, 0x00, 0x00, 0x00, 0x00, 0x00, 
  0x00, 0x00, 0x00, 0xef, 0x7b, 0x06, 0x00, 0x00, 0x00, 0xf1, 0x73, 0x12, 
  0xf0, 0x73, 0xec, 0x32, 0x7c, 0xff, 0xf0, 0x73, 0xf9, 0xf0, 0x73, 0xff, 
  0xf0, 0x73, 0xff, 0xf0, 0x73, 0xff, 0xf0, 0x73, 0xff, 0xf0, 0x73, 0xff, 
  0xf0, 0x73, 0xff, 0xf0, 0x73, 0xff, 0xf0, 0x73, 0xff, 0xf0, 0x73, 0xff, 
  0xf0, 0x73, 0xff, 0xf0, 0x73, 0xff, 0xf0, 0x73, 0xff, 0xf0, 0x73, 0xff, 
  0xf0, 0x73, 0xff, 0xf0, 0x73, 0xff, 0xf0, 0x73, 0xff, 0xf0, 0x73, 0xff, 
  0xf0, 0x73, 0xff, 0xf0, 0x73, 0xff, 0xf0, 0x73, 0xff, 0xf0, 0x73, 0xff, 
  0xf0, 0x73, 0xff, 0xf0, 0x73, 0xff, 0xf0, 0x73, 0xff, 0xf0, 0x73, 0xff, 
  0xf0, 0x73, 0xff, 0xf0, 0x73, 0xff, 0xf0, 0x73, 0xff, 0xf0, 0x73, 0xff, 
  0xf0, 0x73, 0xff, 0xf0, 0x73, 0xff, 0xf0, 0x73, 0xff, 0xf0, 0x73, 0xff, 
  0xf0, 0x73, 0xff, 0xf0, 0x73, 0xf9, 0x32, 0x7c, 0xff, 0xf0, 0x73, 0xec, 
  0xf1, 0x73, 0x12, 0x00, 0x00, 0x00, 0xef, 0x7b, 0x06, 0x00, 0x00, 0x00, 
  0x00, 0x00, 0x00, 0x00, 0x00, 0x00, 0x00, 0x00, 0x00, 0x00, 0x00, 0x00, 
  0x00, 0x00, 0x00, 0x00, 0x00, 0x00, 0x00, 0x00, 0x00, 0x00, 0x00, 0x00, 
  0x00, 0x00, 0x00, 0x00, 0x00, 0x00, 0x00, 0x00, 0x00, 0x00, 0x00, 0x00, 
  0x00, 0x00, 0x00, 0x00, 0x00, 0x00, 0x00, 0x00, 0x00, 0x00, 0x00, 0x00, 
  0x00, 0x00, 0x00, 0x00, 0x00, 0x00, 0x00, 0x00, 0x00, 0x00, 0x00, 0x00, 
  0x00, 0x00, 0x00, 0x00, 0x00, 0x00, 0x00, 0x00, 0x00, 0x00, 0x00, 0x00, 
  0x00, 0x00, 0x00, 0x00, 0x00, 0x00, 0x00, 0x00, 0x00, 0x00, 0x00, 0x00, 
  0x00, 0x00, 0x00, 0x00, 0x00, 0x00, 0x00, 0x00, 0x00, 0x00, 0x00, 0x00, 
  0x00, 0x00, 0x00, 0x00, 0x00, 0x00, 0x00, 0x00, 0x00, 0x00, 0x00, 0x00, 
  0x00, 0x00, 0x00, 0x00, 0x00, 0x00, 0x00, 0x00, 0x00, 0x00, 0x00, 0x00, 
  0x00, 0x00, 0x00, 0x00, 0x00, 0x00, 0x00, 0x00, 0x00, 0x00, 0x00, 0x00, 
  0x00, 0x00, 0x00, 0x00, 0x00, 0x00, 0x00, 0x00, 0x00, 0x00, 0x00, 0x00, 
  0x00, 0x00, 0x00, 0x00, 0x00, 0x00, 0x00, 0x00, 0x00, 0x00, 0x00, 0x00, 
  0x00, 0x00, 0x00, 0x00, 0x00, 0x00, 0x00, 0x00, 0x00, 0x00, 0x00, 0x00, 
  0x00, 0x00, 0x00, 0x00, 0x00, 0x00, 0x00, 0x00, 0x00, 0x00, 0x00, 0x00, 
  0x00, 0x00, 0x00, 0x00, 0x00, 0x00, 0x00, 0x00, 0x00, 0x00, 0x00, 0x00, 
  0x00, 0x00, 0x00, 0x00, 0x00, 0x00, 0x00, 0x00, 0x00, 0x00, 0x00, 0x00, 
  0x00, 0x00, 0x00, 0x00, 0x00, 0x00, 0x00, 0x00, 0x00, 0x00, 0x00, 0x00, 
  0x00, 0x00, 0x00, 0xef, 0x7b, 0x06, 0x00, 0x00, 0x00, 0xf1, 0x73, 0x12, 
  0xf0, 0x73, 0xec, 0x32, 0x7c, 0xff, 0xf0, 0x73, 0xf9, 0xf0, 0x73, 0xff, 
  0xf0, 0x73, 0xff, 0xf0, 0x73, 0xff, 0xf0, 0x73, 0xff, 0xf0, 0x73, 0xff, 
  0xf0, 0x73, 0xff, 0xf0, 0x73, 0xff, 0xf0, 0x73, 0xff, 0xf0, 0x73, 0xff, 
  0xf0, 0x73, 0xff, 0xf0, 0x73, 0xff, 0xf0, 0x73, 0xff, 0xf0, 0x73, 0xff, 
  0xf0, 0x73, 0xff, 0xf0, 0x73, 0xff, 0xf0, 0x73, 0xff, 0xf0, 0x73, 0xff, 
  0xf0, 0x73, 0xff, 0xf0, 0x73, 0xff, 0xf0, 0x73, 0xff, 0xf0, 0x73, 0xff, 
  0xf0, 0x73, 0xff, 0xf0, 0x73, 0xff, 0xf0, 0x73, 0xff, 0xf0, 0x73, 0xff, 
  0xf0, 0x73, 0xff, 0xf0, 0x73, 0xff, 0xf0, 0x73, 0xff, 0xf0, 0x73, 0xff, 
  0xf0, 0x73, 0xff, 0xf0, 0x73, 0xff, 0xf0, 0x73, 0xff, 0xf0, 0x73, 0xff, 
  0xf0, 0x73, 0xff, 0xf0, 0x73, 0xf9, 0x32, 0x7c, 0xff, 0xf0, 0x73, 0xec, 
  0xf1, 0x73, 0x12, 0x00, 0x00, 0x00, 0xef, 0x7b, 0x06, 0x00, 0x00, 0x00, 
  0x00, 0x00, 0x00, 0x00, 0x00, 0x00, 0x00, 0x00, 0x00, 0x00, 0x00, 0x00, 
  0x00, 0x00, 0x00, 0x00, 0x00, 0x00, 0x00, 0x00, 0x00, 0x00, 0x00, 0x00, 
  0x00, 0x00, 0x00, 0x00, 0x00, 0x00, 0x00, 0x00, 0x00, 0x00, 0x00, 0x00, 
  0x00, 0x00, 0x00, 0x00, 0x00, 0x00, 0x00, 0x00, 0x00, 0x00, 0x00, 0x00, 
  0x00, 0x00, 0x00, 0x00, 0x00, 0x00, 0x00, 0x00, 0x00, 0x00, 0x00, 0x00, 
  0x00, 0x00, 0x00, 0x00, 0x00, 0x00, 0x00, 0x00, 0x00, 0x00, 0x00, 0x00, 
  0x00, 0x00, 0x00, 0x00, 0x00, 0x00, 0x00, 0x00, 0x00, 0x00, 0x00, 0x00, 
  0x00, 0x00, 0x00, 0x00, 0x00, 0x00, 0x00, 0x00, 0x00, 0x00, 0x00, 0x00, 
  0x00, 0x00, 0x00, 0x00, 0x00, 0x00, 0x00, 0x00, 0x00, 0x00, 0x00, 0x00, 
  0x00, 0x00, 0x00, 0x00, 0x00, 0x00, 0x00, 0x00, 0x00, 0x00, 0x00, 0x00, 
  0x00, 0x00, 0x00, 0x00, 0x00, 0x00, 0x00, 0x00, 0x00, 0x00, 0x00, 0x00, 
  0x00, 0x00, 0x00, 0x00, 0x00, 0x00, 0x00, 0x00, 0x00, 0x00, 0x00, 0x00, 
  0x00, 0x00, 0x00, 0x00, 0x00, 0x00, 0x00, 0x00, 0x00, 0x00, 0x00, 0x00, 
  0x00, 0x00, 0x00, 0x00, 0x00, 0x00, 0x00, 0x00, 0x00, 0x00, 0x00, 0x00, 
  0x00, 0x00, 0x00, 0x00, 0x00, 0x00, 0x00, 0x00, 0x00, 0x00, 0x00, 0x00, 
  0x00, 0x00, 0x00, 0x00, 0x00, 0x00, 0x00, 0x00, 0x00, 0x00, 0x00, 0x00, 
  0x00, 0x00, 0x00, 0x00, 0x00, 0x00, 0x00, 0x00, 0x00, 0x00, 0x00, 0x00, 
  0x00, 0x00, 0x00, 0x00, 0x00, 0x00, 0x00, 0x00, 0x00, 0x00, 0x00, 0x00, 
  0x00, 0x00, 0x00, 0xef, 0x7b, 0x06, 0x00, 0x00, 0x00, 0xf1, 0x73, 0x12, 
  0xf0, 0x73, 0xeb, 0x32, 0x7c, 0xfd, 0xf0, 0x73, 0xf9, 0xf0, 0x73, 0xff, 
  0xf0, 0x73, 0xff, 0xf0, 0x73, 0xff, 0xf0, 0x73, 0xff, 0xf0, 0x73, 0xff, 
  0xf0, 0x73, 0xff, 0xf0, 0x73, 0xff, 0xf0, 0x73, 0xff, 0xf0, 0x73, 0xff, 
  0xf0, 0x73, 0xff, 0xf0, 0x73, 0xff, 0xf0, 0x73, 0xff, 0xf0, 0x73, 0xff, 
  0xf0, 0x73, 0xff, 0xf0, 0x73, 0xff, 0xf0, 0x73, 0xff, 0xf0, 0x73, 0xff, 
  0xf0, 0x73, 0xff, 0xf0, 0x73, 0xff, 0xf0, 0x73, 0xff, 0xf0, 0x73, 0xff, 
  0xf0, 0x73, 0xff, 0xf0, 0x73, 0xff, 0xf0, 0x73, 0xff, 0xf0, 0x73, 0xff, 
  0xf0, 0x73, 0xff, 0xf0, 0x73, 0xff, 0xf0, 0x73, 0xff, 0xf0, 0x73, 0xff, 
  0xf0, 0x73, 0xff, 0xf0, 0x73, 0xff, 0xf0, 0x73, 0xff, 0xf0, 0x73, 0xff, 
  0xf0, 0x73, 0xff, 0xf0, 0x73, 0xf9, 0x32, 0x7c, 0xfd, 0xf0, 0x73, 0xec, 
  0xf1, 0x73, 0x12, 0x00, 0x00, 0x00, 0xef, 0x7b, 0x06, 0x00, 0x00, 0x00, 
  0x00, 0x00, 0x00, 0x00, 0x00, 0x00, 0x00, 0x00, 0x00, 0x00, 0x00, 0x00, 
  0x00, 0x00, 0x00, 0x00, 0x00, 0x00, 0x00, 0x00, 0x00, 0x00, 0x00, 0x00, 
  0x00, 0x00, 0x00, 0x00, 0x00, 0x00, 0x00, 0x00, 0x00, 0x00, 0x00, 0x00, 
  0x00, 0x00, 0x00, 0x00, 0x00, 0x00, 0x00, 0x00, 0x00, 0x00, 0x00, 0x00, 
  0x00, 0x00, 0x00, 0x00, 0x00, 0x00, 0x00, 0x00, 0x00, 0x00, 0x00, 0x00, 
  0x00, 0x00, 0x00, 0x00, 0x00, 0x00, 0x00, 0x00, 0x00, 0x00, 0x00, 0x00, 
  0x00, 0x00, 0x00, 0x00, 0x00, 0x00, 0x00, 0x00, 0x00, 0x00, 0x00, 0x00, 
  0x00, 0x00, 0x00, 0x00, 0x00, 0x00, 0x00, 0x00, 0x00, 0x00, 0x00, 0x00, 
  0x00, 0x00, 0x00, 0x00, 0x00, 0x00, 0x00, 0x00, 0x00, 0x00, 0x00, 0x00, 
  0x00, 0x00, 0x00, 0x00, 0x00, 0x00, 0x00, 0x00, 0x00, 0x00, 0x00, 0x00, 
  0x00, 0x00, 0x00, 0x00, 0x00, 0x00, 0x00, 0x00, 0x00, 0x00, 0x00, 0x00, 
  0x00, 0x00, 0x00, 0x00, 0x00, 0x00, 0x00, 0x00, 0x00, 0x00, 0x00, 0x00, 
  0x00, 0x00, 0x00, 0x00, 0x00, 0x00, 0x00, 0x00, 0x00, 0x00, 0x00, 0x00, 
  0x00, 0x00, 0x00, 0x00, 0x00, 0x00, 0x00, 0x00, 0x00, 0x00, 0x00, 0x00, 
  0x00, 0x00, 0x00, 0x00, 0x00, 0x00, 0x00, 0x00, 0x00, 0x00, 0x00, 0x00, 
  0x00, 0x00, 0x00, 0x00, 0x00, 0x00, 0x00, 0x00, 0x00, 0x00, 0x00, 0x00, 
  0x00, 0x00, 0x00, 0x00, 0x00, 0x00, 0x00, 0x00, 0x00, 0x00, 0x00, 0x00, 
  0x00, 0x00, 0x00, 0x00, 0x00, 0x00, 0x00, 0x00, 0x00, 0x00, 0x00, 0x00, 
  0x00, 0x00, 0x00, 0xef, 0x7b, 0x06, 0x00, 0x00, 0x00, 0xd0, 0x6b, 0x13, 
  0xf0, 0x73, 0xee, 0x31, 0x7c, 0xff, 0xf0, 0x73, 0xf5, 0xf0, 0x73, 0xf8, 
  0xf0, 0x73, 0xf9, 0xf0, 0x73, 0xf9, 0xf0, 0x73, 0xf9, 0xf0, 0x73, 0xf9, 
  0xf0, 0x73, 0xf9, 0xf0, 0x73, 0xf9, 0xf0, 0x73, 0xf9, 0xf0, 0x73, 0xf9, 
  0xf0, 0x73, 0xf9, 0xf0, 0x73, 0xf9, 0xf0, 0x73, 0xf9, 0xf0, 0x73, 0xf9, 
  0xf0, 0x73, 0xf9, 0xf0, 0x73, 0xf9, 0xf0, 0x73, 0xf9, 0xf0, 0x73, 0xf9, 
  0xf0, 0x73, 0xf9, 0xf0, 0x73, 0xf9, 0xf0, 0x73, 0xf9, 0xf0, 0x73, 0xf9, 
  0xf0, 0x73, 0xf9, 0xf0, 0x73, 0xf9, 0xf0, 0x73, 0xf9, 0xf0, 0x73, 0xf9, 
  0xf0, 0x73, 0xf9, 0xf0, 0x73, 0xf9, 0xf0, 0x73, 0xf9, 0xf0, 0x73, 0xf9, 
  0xf0, 0x73, 0xf9, 0xf0, 0x73, 0xf9, 0xf0, 0x73, 0xf9, 0xf0, 0x73, 0xf9, 
  0xf0, 0x73, 0xf8, 0xf0, 0x73, 0xf5, 0x32, 0x7c, 0xff, 0xf0, 0x73, 0xee, 
  0xf1, 0x73, 0x12, 0x00, 0x00, 0x00, 0xef, 0x7b, 0x06, 0x00, 0x00, 0x00, 
  0x00, 0x00, 0x00, 0x00, 0x00, 0x00, 0x00, 0x00, 0x00, 0x00, 0x00, 0x00, 
  0x00, 0x00, 0x00, 0x00, 0x00, 0x00, 0x00, 0x00, 0x00, 0x00, 0x00, 0x00, 
  0x00, 0x00, 0x00, 0x00, 0x00, 0x00, 0x00, 0x00, 0x00, 0x00, 0x00, 0x00, 
  0x00, 0x00, 0x00, 0x00, 0x00, 0x00, 0x00, 0x00, 0x00, 0x00, 0x00, 0x00, 
  0x00, 0x00, 0x00, 0x00, 0x00, 0x00, 0x00, 0x00, 0x00, 0x00, 0x00, 0x00, 
  0x00, 0x00, 0x00, 0x00, 0x00, 0x00, 0x00, 0x00, 0x00, 0x00, 0x00, 0x00, 
  0x00, 0x00, 0x00, 0x00, 0x00, 0x00, 0x00, 0x00, 0x00, 0x00, 0x00, 0x00, 
  0x00, 0x00, 0x00, 0x00, 0x00, 0x00, 0x00, 0x00, 0x00, 0x00, 0x00, 0x00, 
  0x00, 0x00, 0x00, 0x00, 0x00, 0x00, 0x00, 0x00, 0x00, 0x00, 0x00, 0x00, 
  0x00, 0x00, 0x00, 0x00, 0x00, 0x00, 0x00, 0x00, 0x00, 0x00, 0x00, 0x00, 
  0x00, 0x00, 0x00, 0x00, 0x00, 0x00, 0x00, 0x00, 0x00, 0x00, 0x00, 0x00, 
  0x00, 0x00, 0x00, 0x00, 0x00, 0x00, 0x00, 0x00, 0x00, 0x00, 0x00, 0x00, 
  0x00, 0x00, 0x00, 0x00, 0x00, 0x00, 0x00, 0x00, 0x00, 0x00, 0x00, 0x00, 
  0x00, 0x00, 0x00, 0x00, 0x00, 0x00, 0x00, 0x00, 0x00, 0x00, 0x00, 0x00, 
  0x00, 0x00, 0x00, 0x00, 0x00, 0x00, 0x00, 0x00, 0x00, 0x00, 0x00, 0x00, 
  0x00, 0x00, 0x00, 0x00, 0x00, 0x00, 0x00, 0x00, 0x00, 0x00, 0x00, 0x00, 
  0x00, 0x00, 0x00, 0x00, 0x00, 0x00, 0x00, 0x00, 0x00, 0x00, 0x00, 0x00, 
  0x00, 0x00, 0x00, 0x00, 0x00, 0x00, 0x00, 0x00, 0x00, 0x00, 0x00, 0x00, 
  0x00, 0x00, 0x00, 0xd3, 0x64, 0x05, 0x00, 0x00, 0x00, 0x4f, 0x6b, 0x0c, 
  0xd0, 0x73, 0xab, 0xf1, 0x73, 0xfb, 0x31, 0x7c, 0xff, 0x31, 0x7c, 0xff, 
  0x32, 0x7c, 0xff, 0x32, 0x7c, 0xff, 0x32, 0x7c, 0xff, 0x32, 0x7c, 0xff, 
  0x32, 0x7c, 0xff, 0x32, 0x7c, 0xff, 0x32, 0x7c, 0xff, 0x32, 0x7c, 0xff, 
  0x32, 0x7c, 0xff, 0x32, 0x7c, 0xff, 0x32, 0x7c, 0xff, 0x32, 0x7c, 0xff, 
  0x32, 0x7c, 0xff, 0x32, 0x7c, 0xff, 0x32, 0x7c, 0xff, 0x32, 0x7c, 0xff, 
  0x32, 0x7c, 0xff, 0x32, 0x7c, 0xff, 0x32, 0x7c, 0xff, 0x32, 0x7c, 0xff, 
  0x32, 0x7c, 0xff, 0x32, 0x7c, 0xff, 0x32, 0x7c, 0xff, 0x32, 0x7c, 0xff, 
  0x32, 0x7c, 0xff, 0x32, 0x7c, 0xff, 0x32, 0x7c, 0xff, 0x32, 0x7c, 0xff, 
  0x32, 0x7c, 0xff, 0x32, 0x7c, 0xff, 0x32, 0x7c, 0xff, 0x32, 0x7c, 0xff, 
  0x31, 0x7c, 0xff, 0x32, 0x7c, 0xff, 0xf1, 0x73, 0xfb, 0xf0, 0x73, 0xaa, 
  0x51, 0x74, 0x0b, 0x00, 0x00, 0x00, 0xd3, 0x64, 0x05, 0x00, 0x00, 0x00, 
  0x00, 0x00, 0x00, 0x00, 0x00, 0x00, 0x00, 0x00, 0x00, 0x00, 0x00, 0x00, 
  0x00, 0x00, 0x00, 0x00, 0x00, 0x00, 0x00, 0x00, 0x00, 0x00, 0x00, 0x00, 
  0x00, 0x00, 0x00, 0x00, 0x00, 0x00, 0x00, 0x00, 0x00, 0x00, 0x00, 0x00, 
  0x00, 0x00, 0x00, 0x00, 0x00, 0x00, 0x00, 0x00, 0x00, 0x00, 0x00, 0x00, 
  0x00, 0x00, 0x00, 0x00, 0x00, 0x00, 0x00, 0x00, 0x00, 0x00, 0x00, 0x00, 
  0x00, 0x00, 0x00, 0x00, 0x00, 0x00, 0x00, 0x00, 0x00, 0x00, 0x00, 0x00, 
  0x00, 0x00, 0x00, 0x00, 0x00, 0x00, 0x00, 0x00, 0x00, 0x00, 0x00, 0x00, 
  0x00, 0x00, 0x00, 0x00, 0x00, 0x00, 0x00, 0x00, 0x00, 0x00, 0x00, 0x00, 
  0x00, 0x00, 0x00, 0x00, 0x00, 0x00, 0x00, 0x00, 0x00, 0x00, 0x00, 0x00, 
  0x00, 0x00, 0x00, 0x00, 0x00, 0x00, 0x00, 0x00, 0x00, 0x00, 0x00, 0x00, 
  0x00, 0x00, 0x00, 0x00, 0x00, 0x00, 0x00, 0x00, 0x00, 0x00, 0x00, 0x00, 
  0x00, 0x00, 0x00, 0x00, 0x00, 0x00, 0x00, 0x00, 0x00, 0x00, 0x00, 0x00, 
  0x00, 0x00, 0x00, 0x00, 0x00, 0x00, 0x00, 0x00, 0x00, 0x00, 0x00, 0x00, 
  0x00, 0x00, 0x00, 0x00, 0x00, 0x00, 0x00, 0x00, 0x00, 0x00, 0x00, 0x00, 
  0x00, 0x00, 0x00, 0x00, 0x00, 0x00, 0x00, 0x00, 0x00, 0x00, 0x00, 0x00, 
  0x00, 0x00, 0x00, 0x00, 0x00, 0x00, 0x00, 0x00, 0x00, 0x00, 0x00, 0x00, 
  0x00, 0x00, 0x00, 0x00, 0x00, 0x00, 0x00, 0x00, 0x00, 0x00, 0x00, 0x00, 
  0x00, 0x00, 0x00, 0x00, 0x00, 0x00, 0x00, 0x00, 0x00, 0x00, 0x00, 0x00, 
  0x00, 0x00, 0x00, 0xef, 0x7b, 0x02, 0x00, 0x00, 0x00, 0xff, 0xff, 0x01, 
  0xf0, 0x73, 0x30, 0xd0, 0x73, 0xac, 0xf0, 0x73, 0xed, 0xf0, 0x73, 0xeb, 
  0xf0, 0x73, 0xed, 0xf0, 0x73, 0xed, 0xf0, 0x73, 0xed, 0xf0, 0x73, 0xed, 
  0xf0, 0x73, 0xed, 0xf0, 0x73, 0xed, 0xf0, 0x73, 0xed, 0xf0, 0x73, 0xed, 
  0xf0, 0x73, 0xed, 0xf0, 0x73, 0xed, 0xf0, 0x73, 0xed, 0xf0, 0x73, 0xed, 
  0xf0, 0x73, 0xed, 0xf0, 0x73, 0xed, 0xf0, 0x73, 0xed, 0xf0, 0x73, 0xed, 
  0xf0, 0x73, 0xed, 0xf0, 0x73, 0xed, 0xf0, 0x73, 0xed, 0xf0, 0x73, 0xed, 
  0xf0, 0x73, 0xed, 0xf0, 0x73, 0xed, 0xf0, 0x73, 0xed, 0xf0, 0x73, 0xed, 
  0xf0, 0x73, 0xed, 0xf0, 0x73, 0xed, 0xf0, 0x73, 0xed, 0xf0, 0x73, 0xed, 
  0xf0, 0x73, 0xed, 0xf0, 0x73, 0xed, 0xf0, 0x73, 0xed, 0xf0, 0x73, 0xec, 
  0xf0, 0x73, 0xeb, 0xf0, 0x73, 0xed, 0xf0, 0x73, 0xaa, 0xf0, 0x73, 0x2f, 
  0xff, 0xff, 0x01, 0x00, 0x00, 0x00, 0xef, 0x7b, 0x02, 0x00, 0x00, 0x00, 
  0x00, 0x00, 0x00, 0x00, 0x00, 0x00, 0x00, 0x00, 0x00, 0x00, 0x00, 0x00, 
  0x00, 0x00, 0x00, 0x00, 0x00, 0x00, 0x00, 0x00, 0x00, 0x00, 0x00, 0x00, 
  0x00, 0x00, 0x00, 0x00, 0x00, 0x00, 0x00, 0x00, 0x00, 0x00, 0x00, 0x00, 
  0x00, 0x00, 0x00, 0x00, 0x00, 0x00, 0x00, 0x00, 0x00, 0x00, 0x00, 0x00, 
  0x00, 0x00, 0x00, 0x00, 0x00, 0x00, 0x00, 0x00, 0x00, 0x00, 0x00, 0x00, 
  0x00, 0x00, 0x00, 0x00, 0x00, 0x00, 0x00, 0x00, 0x00, 0x00, 0x00, 0x00, 
  0x00, 0x00, 0x00, 0x00, 0x00, 0x00, 0x00, 0x00, 0x00, 0x00, 0x00, 0x00, 
  0x00, 0x00, 0x00, 0x00, 0x00, 0x00, 0x00, 0x00, 0x00, 0x00, 0x00, 0x00, 
  0x00, 0x00, 0x00, 0x00, 0x00, 0x00, 0x00, 0x00, 0x00, 0x00, 0x00, 0x00, 
  0x00, 0x00, 0x00, 0x00, 0x00, 0x00, 0x00, 0x00, 0x00, 0x00, 0x00, 0x00, 
  0x00, 0x00, 0x00, 0x00, 0x00, 0x00, 0x00, 0x00, 0x00, 0x00, 0x00, 0x00, 
  0x00, 0x00, 0x00, 0x00, 0x00, 0x00, 0x00, 0x00, 0x00, 0x00, 0x00, 0x00, 
  0x00, 0x00, 0x00, 0x00, 0x00, 0x00, 0x00, 0x00, 0x00, 0x00, 0x00, 0x00, 
  0x00, 0x00, 0x00, 0x00, 0x00, 0x00, 0x00, 0x00, 0x00, 0x00, 0x00, 0x00, 
  0x00, 0x00, 0x00, 0x00, 0x00, 0x00, 0x00, 0x00, 0x00, 0x00, 0x00, 0x00, 
  0x00, 0x00, 0x00, 0x00, 0x00, 0x00, 0x00, 0x00, 0x00, 0x00, 0x00, 0x00, 
  0x00, 0x00, 0x00, 0x00, 0x00, 0x00, 0x00, 0x00, 0x00, 0x00, 0x00, 0x00, 
  0x00, 0x00, 0x00, 0x00, 0x00, 0x00, 0x00, 0x00, 0x00, 0x00, 0x00, 0x00, 
  0x00, 0x00, 0x00, 0x00, 0x00, 0x00, 0x00, 0x00, 0x00, 0x00, 0x00, 0x00, 
  0xe0, 0x07, 0x01, 0xef, 0x6b, 0x0c, 0xf1, 0x73, 0x12, 0xef, 0x73, 0x12, 
  0xf1, 0x73, 0x12, 0xf1, 0x73, 0x12, 0xf1, 0x73, 0x12, 0xf1, 0x73, 0x12, 
  0xf1, 0x73, 0x12, 0xf1, 0x73, 0x12, 0xf1, 0x73, 0x12, 0xf1, 0x73, 0x12, 
  0xf1, 0x73, 0x12, 0xf1, 0x73, 0x12, 0xf1, 0x73, 0x12, 0xf1, 0x73, 0x12, 
  0xf1, 0x73, 0x12, 0xf1, 0x73, 0x12, 0xf1, 0x73, 0x12, 0xf1, 0x73, 0x12, 
  0xf1, 0x73, 0x12, 0xf1, 0x73, 0x12, 0xf1, 0x73, 0x12, 0xf1, 0x73, 0x12, 
  0xf1, 0x73, 0x12, 0xf1, 0x73, 0x12, 0xf1, 0x73, 0x12, 0xf1, 0x73, 0x12, 
  0xf1, 0x73, 0x12, 0xf1, 0x73, 0x12, 0xf1, 0x73, 0x12, 0xf1, 0x73, 0x12, 
  0xf1, 0x73, 0x12, 0xf1, 0x73, 0x12, 0xf1, 0x73, 0x12, 0xf1, 0x73, 0x12, 
  0xef, 0x73, 0x12, 0xf1, 0x73, 0x12, 0xef, 0x6b, 0x0c, 0x00, 0x00, 0x01, 
  0x00, 0x00, 0x00, 0x00, 0x00, 0x00, 0x00, 0x00, 0x00, 0x00, 0x00, 0x00, 
  0x00, 0x00, 0x00, 0x00, 0x00, 0x00, 0x00, 0x00, 0x00, 0x00, 0x00, 0x00, 
  0x00, 0x00, 0x00, 0x00, 0x00, 0x00, 0x00, 0x00, 0x00, 0x00, 0x00, 0x00, 
  0x00, 0x00, 0x00, 0x00, 0x00, 0x00, 0x00, 0x00, 0x00, 0x00, 0x00, 0x00, 
  0x00, 0x00, 0x00, 0x00, 0x00, 0x00, 0x00, 0x00, 0x00, 0x00, 0x00, 0x00, 
  0x00, 0x00, 0x00, 0x00, 0x00, 0x00, 0x00, 0x00, 0x00, 0x00, 0x00, 0x00, 
  0x00, 0x00, 0x00, 0x00, 0x00, 0x00, 0x00, 0x00, 0x00, 0x00, 0x00, 0x00, 
  0x00, 0x00, 0x00, 0x00, 0x00, 0x00, 0x00, 0x00, 0x00, 0x00, 0x00, 0x00, 
  0x00, 0x00, 0x00, 0x00, 0x00, 0x00, 0x00, 0x00, 0x00, 0x00, 0x00, 0x00, 
  0x00, 0x00, 0x00, 0x00, 0x00, 0x00, 0x00, 0x00, 0x00, 0x00, 0x00, 0x00, 
  0x00, 0x00, 0x00, 0x00, 0x00, 0x00, 0x00, 0x00, 0x00, 0x00, 0x00, 0x00, 
  0x00, 0x00, 0x00, 0x00, 0x00, 0x00, 0x00, 0x00, 0x00, 0x00, 0x00, 0x00, 
  0x00, 0x00, 0x00, 0x00, 0x00, 0x00, 0x00, 0x00, 0x00, 0x00, 0x00, 0x00, 
  0x00, 0x00, 0x00, 0x00, 0x00, 0x00, 0x00, 0x00, 0x00, 0x00, 0x00, 0x00, 
  0x00, 0x00, 0x00, 0x00, 0x00, 0x00, 0x00, 0x00, 0x00, 0x00, 0x00, 0x00, 
  0x00, 0x00, 0x00, 0x00, 0x00, 0x00, 0x00, 0x00, 0x00, 0x00, 0x00, 0x00, 
  0x00, 0x00, 0x00, 0x00, 0x00, 0x00, 0x00, 0x00, 0x00, 0x00, 0x00, 0x00, 
  0x00, 0x00, 0x00, 0x00, 0x00, 0x00, 0x00, 0x00, 0x00, 0x00, 0x00, 0x00, 
  0x00, 0x00, 0x00, 0x00, 0x00, 0x00, 0x00, 0x00, 0x00, 0x00, 0x00, 0x00, 
  0x00, 0x00, 0x00, 0x00, 0x00, 0x00, 0x00, 0x00, 0x00, 0x00, 0x00, 0x00, 
  0x00, 0x00, 0x00, 0x00, 0x00, 0x00, 0x00, 0x00, 0x00, 0x00, 0x00, 0x00, 
  0x00, 0x00, 0x00, 0x00, 0x00, 0x00, 0x00, 0x00, 0x00, 0x00, 0x00, 0x00, 
  0x00, 0x00, 0x00, 0x00, 0x00, 0x00, 0x00, 0x00, 0x00, 0x00, 0x00, 0x00, 
  0x00, 0x00, 0x00, 0x00, 0x00, 0x00, 0x00, 0x00, 0x00, 0x00, 0x00, 0x00, 
  0x00, 0x00, 0x00, 0x00, 0x00, 0x00, 0x00, 0x00, 0x00, 0x00, 0x00, 0x00, 
  0x00, 0x00, 0x00, 0x00, 0x00, 0x00, 0x00, 0x00, 0x00, 0x00, 0x00, 0x00, 
  0x00, 0x00, 0x00, 0x00, 0x00, 0x00, 0x00, 0x00, 0x00, 0x00, 0x00, 0x00, 
  0x00, 0x00, 0x00, 0x00, 0x00, 0x00, 0x00, 0x00, 0x00, 0x00, 0x00, 0x00, 
  0x00, 0x00, 0x00, 0x00, 0x00, 0x00, 0x00, 0x00, 0x00, 0x00, 0x00, 0x00, 
  0x00, 0x00, 0x00, 0x00, 0x00, 0x00, 0x00, 0x00, 0x00, 0x00, 0x00, 0x00, 
  0x00, 0x00, 0x00, 0x00, 0x00, 0x00, 0x00, 0x00, 0x00, 0x00, 0x00, 0x00, 
  0x00, 0x00, 0x00, 0x00, 0x00, 0x00, 0x00, 0x00, 0x00, 0x00, 0x00, 0x00, 
  0x00, 0x00, 0x00, 0x00, 0x00, 0x00, 0x00, 0x00, 0x00, 0x00, 0x00, 0x00, 
  0x00, 0x00, 0x00, 0x00, 0x00, 0x00, 0x00, 0x00, 0x00, 0x00, 0x00, 0x00, 
  0x00, 0x00, 0x00, 0x00, 0x00, 0x00, 0x00, 0x00, 0x00, 0x00, 0x00, 0x00, 
  0x00, 0x00, 0x00, 0x00, 0x00, 0x00, 0x00, 0x00, 0x00, 0x00, 0x00, 0x00, 
  0x00, 0x00, 0x00, 0x00, 0x00, 0x00, 0x00, 0x00, 0x00, 0x00, 0x00, 0x00, 
  0x00, 0x00, 0x00, 0x00, 0x00, 0x00, 0x00, 0x00, 0x00, 0x00, 0x00, 0x00, 
  0x00, 0x00, 0x00, 0x00, 0x00, 0x00, 0x00, 0x00, 0x00, 0x00, 0x00, 0x00, 
  0x00, 0x00, 0x00, 0x00, 0x00, 0x00, 0x00, 0x00, 0x00, 0x00, 0x00, 0x00, 
  0x00, 0x00, 0x00, 0x00, 0x00, 0x00, 0x00, 0x00, 0x00, 0x00, 0x00, 0x00, 
  0x00, 0x00, 0x00, 0x00, 0x00, 0x00, 0x00, 0x00, 0x00, 0x00, 0x00, 0x00, 
  0x00, 0x00, 0x00, 0x00, 0x00, 0x00, 0x00, 0x00, 0x00, 0x00, 0x00, 0x00, 
  0x00, 0x00, 0x00, 0x00, 0x00, 0x00, 0x00, 0x00, 0x00, 0x00, 0x00, 0x00, 
  0x00, 0x00, 0x00, 0x00, 0x00, 0x00, 0x00, 0x00, 0x00, 0x00, 0x00, 0x00, 
  0x00, 0x00, 0x00, 0x00, 0x00, 0x00, 0x00, 0x00, 0x00, 0x00, 0x00, 0x00, 
  0x00, 0x00, 0x00, 0x00, 0x00, 0x00, 0x00, 0x00, 0x00, 0x00, 0x00, 0x00, 
  0x00, 0x00, 0x00, 0x00, 0x00, 0x00, 0x00, 0x00, 0x00, 0x00, 0x00, 0x00, 
  0x00, 0x00, 0x00, 0x00, 0x00, 0x00, 0x00, 0x00, 0x00, 0x00, 0x00, 0x00, 
  0x00, 0x00, 0x00, 0x00, 0x00, 0x00, 0x00, 0x00, 0x00, 0x00, 0x00, 0x00, 
  0xff, 0xff, 0x01, 0x2c, 0x63, 0x05, 0xef, 0x7b, 0x06, 0xef, 0x7b, 0x06, 
  0xef, 0x7b, 0x06, 0xef, 0x7b, 0x06, 0xef, 0x7b, 0x06, 0xef, 0x7b, 0x06, 
  0xef, 0x7b, 0x06, 0xef, 0x7b, 0x06, 0xef, 0x7b, 0x06, 0xef, 0x7b, 0x06, 
  0xef, 0x7b, 0x06, 0xef, 0x7b, 0x06, 0xef, 0x7b, 0x06, 0xef, 0x7b, 0x06, 
  0xef, 0x7b, 0x06, 0xef, 0x7b, 0x06, 0xef, 0x7b, 0x06, 0xef, 0x7b, 0x06, 
  0xef, 0x7b, 0x06, 0xef, 0x7b, 0x06, 0xef, 0x7b, 0x06, 0xef, 0x7b, 0x06, 
  0xef, 0x7b, 0x06, 0xef, 0x7b, 0x06, 0xef, 0x7b, 0x06, 0xef, 0x7b, 0x06, 
  0xef, 0x7b, 0x06, 0xef, 0x7b, 0x06, 0xef, 0x7b, 0x06, 0xef, 0x7b, 0x06, 
  0xef, 0x7b, 0x06, 0xef, 0x7b, 0x06, 0xef, 0x7b, 0x06, 0xef, 0x7b, 0x06, 
  0xef, 0x7b, 0x06, 0xef, 0x7b, 0x06, 0x2c, 0x63, 0x05, 0xff, 0xff, 0x01, 
  0x00, 0x00, 0x00, 0x00, 0x00, 0x00, 0x00, 0x00, 0x00, 0x00, 0x00, 0x00, 
  0x00, 0x00, 0x00, 0x00, 0x00, 0x00, 0x00, 0x00, 0x00, 0x00, 0x00, 0x00, 
  0x00, 0x00, 0x00, 0x00, 0x00, 0x00, 0x00, 0x00, 0x00, 0x00, 0x00, 0x00, 
  0x00, 0x00, 0x00, 0x00, 0x00, 0x00, 0x00, 0x00, 0x00, 0x00, 0x00, 0x00, 
  0x00, 0x00, 0x00, 0x00, 0x00, 0x00, 0x00, 0x00, 0x00, 0x00, 0x00, 0x00, 
  0x00, 0x00, 0x00, 0x00, 0x00, 0x00, 0x00, 0x00, 0x00, 0x00, 0x00, 0x00, 
  0x00, 0x00, 0x00, 0x00, 0x00, 0x00, 0x00, 0x00, 0x00, 0x00, 0x00, 0x00, 
  0x00, 0x00, 0x00, 0x00, 0x00, 0x00, 0x00, 0x00, 0x00, 0x00, 0x00, 0x00, 
  0x00, 0x00, 0x00, 0x00, 0x00, 0x00, 0x00, 0x00, 0x00, 0x00, 0x00, 0x00, 
  0x00, 0x00, 0x00, 0x00, 0x00, 0x00, 0x00, 0x00, 0x00, 0x00, 0x00, 0x00, 
  0x00, 0x00, 0x00, 0x00, 0x00, 0x00, 0x00, 0x00, 0x00, 0x00, 0x00, 0x00, 
  0x00, 0x00, 0x00, 0x00, 0x00, 0x00, 0x00, 0x00, 0x00, 0x00, 0x00, 0x00, 
  0x00, 0x00, 0x00, 0x00, 0x00, 0x00, 0x00, 0x00, 0x00, 0x00, 0x00, 0x00, 
  0x00, 0x00, 0x00, 0x00, 0x00, 0x00, 0x00, 0x00, 0x00, 0x00, 0x00, 0x00, 
  0x00, 0x00, 0x00, 0x00, 0x00, 0x00, 0x00, 0x00, 0x00, 0x00, 0x00, 0x00, 
  0x00, 0x00, 0x00, 0x00, 0x00, 0x00, 0x00, 0x00, 0x00, 0x00, 0x00, 0x00, 
  0x00, 0x00, 0x00, 0x00, 0x00, 0x00, 0x00, 0x00, 0x00, 0x00, 0x00, 0x00, 
  0x00, 0x00, 0x00, 0x00, 0x00, 0x00, 0x00, 0x00, 0x00, 0x00, 0x00, 0x00, 
  0x00, 0x00, 0x00, 0x00, 0x00, 0x00, 0x00, 0x00, 0x00, 0x00, 0x00, 0x00, 
  0x00, 0x00, 0x00, 0x00, 0x00, 0x00, 0x00, 0x00, 0x00, 0x00, 0x00, 0x00, 
  0x00, 0x00, 0x00, 0x00, 0x00, 0x00, 0x00, 0x00, 0x00, 0x00, 0x00, 0x00, 
  0x00, 0x00, 0x00, 0x00, 0x00, 0x00, 0x00, 0x00, 0x00, 0x00, 0x00, 0x00, 
  0x00, 0x00, 0x00, 0x00, 0x00, 0x00, 0x00, 0x00, 0x00, 0x00, 0x00, 0x00, 
  0x00, 0x00, 0x00, 0x00, 0x00, 0x00, 0x00, 0x00, 0x00, 0x00, 0x00, 0x00, 
  0x00, 0x00, 0x00, 0x00, 0x00, 0x00, 0x00, 0x00, 0x00, 0x00, 0x00, 0x00, 
  0x00, 0x00, 0x00, 0x00, 0x00, 0x00, 0x00, 0x00, 0x00, 0x00, 0x00, 0x00, 
  0x00, 0x00, 0x00, 0x00, 0x00, 0x00, 0x00, 0x00, 0x00, 0x00, 0x00, 0x00, 
  0x00, 0x00, 0x00, 0x00, 0x00, 0x00, 0x00, 0x00, 0x00, 0x00, 0x00, 0x00, 
  0x00, 0x00, 0x00, 0x00, 0x00, 0x00, 0x00, 0x00, 0x00, 0x00, 0x00, 0x00, 
  0x00, 0x00, 0x00, 0x00, 0x00, 0x00, 0x00, 0x00, 0x00, 0x00, 0x00, 0x00, 
  0x00, 0x00, 0x00, 0x00, 0x00, 0x00, 0x00, 0x00, 0x00, 0x00, 0x00, 0x00, 
  0x00, 0x00, 0x00, 0x00, 0x00, 0x00, 0x00, 0x00, 0x00, 0x00, 0x00, 0x00, 
  0x00, 0x00, 0x00, 0x00, 0x00, 0x00, 0x00, 0x00, 0x00, 0x00, 0x00, 0x00, 
  0x00, 0x00, 0x00, 0x00, 0x00, 0x00, 0x00, 0x00, 0x00, 0x00, 0x00, 0x00, 
  0x00, 0x00, 0x00, 0x00, 0x00, 0x00, 0x00, 0x00, 0x00, 0x00, 0x00, 0x00, 
  0x00, 0x00, 0x00, 0x00, 0x00, 0x00, 0x00, 0x00, 0x00, 0x00, 0x00, 0x00, 
  0x00, 0x00, 0x00, 0x00, 0x00, 0x00, 0x00, 0x00, 0x00, 0x00, 0x00, 0x00, 
  0x00, 0x00, 0x00, 0x00, 0x00, 0x00, 0x00, 0x00, 0x00, 0x00, 0x00, 0x00, 
  0x00, 0x00, 0x00, 0x00, 0x00, 0x00, 0x00, 0x00, 0x00, 0x00, 0x00, 0x00, 
  0x00, 0x00, 0x00, 0x00, 0x00, 0x00, 0x00, 0x00, 0x00, 0x00, 0x00, 0x00, 
  0x00, 0x00, 0x00, 0x00, 0x00, 0x00, 0x00, 0x00, 0x00, 0x00, 0x00, 0x00, 
  0x00, 0x00, 0x00, 0x00, 0x00, 0x00, 0x00, 0x00, 0x00, 0x00, 0x00, 0x00, 
  0x00, 0x00, 0x00, 0x00, 0x00, 0x00, 0x00, 0x00, 0x00, 0x00, 0x00, 0x00, 
  0x00, 0x00, 0x00, 0x00, 0x00, 0x00, 0x00, 0x00, 0x00, 0x00, 0x00, 0x00, 
  0x00, 0x00, 0x00, 0x00, 0x00, 0x00, 0x00, 0x00, 0x00, 0x00, 0x00, 0x00, 
  0x00, 0x00, 0x00, 0x00, 0x00, 0x00, 0x00, 0x00, 0x00, 0x00, 0x00, 0x00, 
  0x00, 0x00, 0x00, 0x00, 0x00, 0x00, 0x00, 0x00, 0x00, 0x00, 0x00, 0x00, 
  0x00, 0x00, 0x00, 0x00, 0x00, 0x00, 0x00, 0x00, 0x00, 0x00, 0x00, 0x00, 
  0x00, 0x00, 0x00, 0x00, 0x00, 0x00, 0x00, 0x00, 0x00, 0x00, 0x00, 0x00, 
  0x00, 0x00, 0x00, 0x00, 0x00, 0x00, 0x00, 0x00, 0x00, 0x00, 0x00, 0x00, 
  0x00, 0x00, 0x00, 0x00, 0x00, 0x00, 0x00, 0x00, 0x00, 0x00, 0x00, 0x00, 
  0x00, 0x00, 0x00, 0x00, 0x00, 0x00, 0x00, 0x00, 0x00, 0x00, 0x00, 0x00, 
  0x00, 0x00, 0x00, 0x00, 0x00, 0x00, 0x00, 0x00, 0x00, 0x00, 0x00, 0x00, 
  0x00, 0x00, 0x00, 0x00, 0x00, 0x00, 0x00, 0x00, 0x00, 0x00, 0x00, 0x00, 
  0x00, 0x00, 0x00, 0x00, 0x00, 0x00, 0x00, 0x00, 0x00, 0x00, 0x00, 0x00, 
  0x00, 0x00, 0x00, 0x00, 0x00, 0x00, 0x00, 0x00, 0x00, 0x00, 0x00, 0x00, 
  0x00, 0x00, 0x00, 0x00, 0x00, 0x00, 0x00, 0x00, 0x00, 0x00, 0x00, 0x00, 
  0x00, 0x00, 0x00, 0x00, 0x00, 0x00, 0x00, 0x00, 0x00, 0x00, 0x00, 0x00, 
  0x00, 0x00, 0x00, 0x00, 0x00, 0x00, 0x00, 0x00, 0x00, 0x00, 0x00, 0x00, 
  0x00, 0x00, 0x00, 0x00, 0x00, 0x00, 0x00, 0x00, 0x00, 0x00, 0x00, 0x00, 
  0x00, 0x00, 0x00, 0x00, 0x00, 0x00, 0x00, 0x00, 0x00, 0x00, 0x00, 0x00, 
  0x00, 0x00, 0x00, 0x00, 0x00, 0x00, 0x00, 0x00, 0x00, 0x00, 0x00, 0x00, 
  0x00, 0x00, 0x00, 0x00, 0x00, 0x00, 0x00, 0x00, 0x00, 0x00, 0x00, 0x00, 
  0x00, 0x00, 0x00, 0x00, 0x00, 0x00, 0x00, 0x00, 0x00, 0x00, 0x00, 0x00, 
  0x00, 0x00, 0x00, 0x00, 0x00, 0x00, 0x00, 0x00, 0x00, 0x00, 0x00, 0x00, 
  0x00, 0x00, 0x00, 0x00, 0x00, 0x00, 0x00, 0x00, 0x00, 0x00, 0x00, 0x00, 
  0x00, 0x00, 0x00, 0x00, 0x00, 0x00, 0x00, 0x00, 0x00, 0x00, 0x00, 0x00, 
  0x00, 0x00, 0x00, 0x00, 0x00, 0x00, 0x00, 0x00, 0x00, 0x00, 0x00, 0x00, 
  0x00, 0x00, 0x00, 0x00, 0x00, 0x00, 0x00, 0x00, 0x00, 0x00, 0x00, 0x00, 
  0x00, 0x00, 0x00, 0x00, 0x00, 0x00, 0x00, 0x00, 0x00, 0x00, 0x00, 0x00, 
  0x00, 0x00, 0x00, 0x00, 0x00, 0x00, 0x00, 0x00, 0x00, 0x00, 0x00, 0x00, 
  0x00, 0x00, 0x00, 0x00, 0x00, 0x00, 0x00, 0x00, 0x00, 0x00, 0x00, 0x00, 
  0x00, 0x00, 0x00, 0x00, 0x00, 0x00, 0x00, 0x00, 0x00, 0x00, 0x00, 0x00, 
  0x00, 0x00, 0x00, 0x00, 0x00, 0x00, 0x00, 0x00, 0x00, 0x00, 0x00, 0x00, 
  0x00, 0x00, 0x00, 0x00, 0x00, 0x00, 0x00, 0x00, 0x00, 0x00, 0x00, 0x00, 
  0x00, 0x00, 0x00, 0x00, 0x00, 0x00, 0x00, 0x00, 0x00, 0x00, 0x00, 0x00, 
  0x00, 0x00, 0x00, 0x00, 0x00, 0x00, 0x00, 0x00, 0x00, 0x00, 0x00, 0x00, 
  0x00, 0x00, 0x00, 0x00, 0x00, 0x00, 0x00, 0x00, 0x00, 0x00, 0x00, 0x00, 
  0x00, 0x00, 0x00, 0x00, 0x00, 0x00, 0x00, 0x00, 0x00, 0x00, 0x00, 0x00, 
  0x00, 0x00, 0x00, 0x00, 0x00, 0x00, 0x00, 0x00, 0x00, 0x00, 0x00, 0x00, 
  0x00, 0x00, 0x00, 0x00, 0x00, 0x00, 0x00, 0x00, 0x00, 0x00, 0x00, 0x00, 
  0x00, 0x00, 0x00, 0x00, 0x00, 0x00, 0x00, 0x00, 0x00, 0x00, 0x00, 0x00, 
  0x00, 0x00, 0x00, 0x00, 0x00, 0x00, 0x00, 0x00, 0x00, 0x00, 0x00, 0x00, 
  0x00, 0x00, 0x00, 0x00, 0x00, 0x00, 0x00, 0x00, 0x00, 0x00, 0x00, 0x00, 
  0x00, 0x00, 0x00, 0x00, 0x00, 0x00, 0x00, 0x00, 0x00, 0x00, 0x00, 0x00, 
  0x00, 0x00, 0x00, 0x00, 0x00, 0x00, 0x00, 0x00, 0x00, 0x00, 0x00, 0x00, 
  0x00, 0x00, 0x00, 0x00, 0x00, 0x00, 0x00, 0x00, 0x00, 0x00, 0x00, 0x00, 
  0x00, 0x00, 0x00, 0x00, 0x00, 0x00, 0x00, 0x00, 0x00, 0x00, 0x00, 0x00, 
  0x00, 0x00, 0x00, 0x00, 0x00, 0x00, 0x00, 0x00, 0x00, 0x00, 0x00, 0x00, 
  0x00, 0x00, 0x00, 0x00, 0x00, 0x00, 0x00, 0x00, 0x00, 0x00, 0x00, 0x00, 
  0x00, 0x00, 0x00, 0x00, 0x00, 0x00, 0x00, 0x00, 0x00, 0x00, 0x00, 0x00, 
  0x00, 0x00, 0x00, 0x00, 0x00, 0x00, 0x00, 0x00, 0x00, 0x00, 0x00, 0x00, 
  0x00, 0x00, 0x00, 0x00, 0x00, 0x00, 0x00, 0x00, 0x00, 0x00, 0x00, 0x00, 
  0x00, 0x00, 0x00, 0x00, 0x00, 0x00, 0x00, 0x00, 0x00, 0x00, 0x00, 0x00, 
  0x00, 0x00, 0x00, 0x00, 0x00, 0x00, 0x00, 0x00, 0x00, 0x00, 0x00, 0x00, 
  0x00, 0x00, 0x00, 0x00, 0x00, 0x00, 0x00, 0x00, 0x00, 0x00, 0x00, 0x00, 
  0x00, 0x00, 0x00, 0x00, 0x00, 0x00, 0x00, 0x00, 0x00, 0x00, 0x00, 0x00, 
  0x00, 0x00, 0x00, 0x00, 0x00, 0x00, 0x00, 0x00, 0x00, 0x00, 0x00, 0x00, 
  0x00, 0x00, 0x00, 0x00, 0x00, 0x00, 0x00, 0x00, 0x00, 0x00, 0x00, 0x00, 
  0x00, 0x00, 0x00, 0x00, 0x00, 0x00, 0x00, 0x00, 0x00, 0x00, 0x00, 0x00, 
  0x00, 0x00, 0x00, 0x00, 0x00, 0x00, 0x00, 0x00, 0x00, 0x00, 0x00, 0x00, 
  0x00, 0x00, 0x00, 0x00, 0x00, 0x00, 0x00, 0x00, 0x00, 0x00, 0x00, 0x00, 
  0x00, 0x00, 0x00, 0x00, 0x00, 0x00, 0x00, 0x00, 0x00, 0x00, 0x00, 0x00, 
  0x00, 0x00, 0x00, 0x00, 0x00, 0x00, 0x00, 0x00, 0x00, 0x00, 0x00, 0x00, 
  0x00, 0x00, 0x00, 0x00, 0x00, 0x00, 0x00, 0x00, 0x00, 0x00, 0x00, 0x00, 
  0x00, 0x00, 0x00, 0x00, 0x00, 0x00, 0x00, 0x00, 0x00, 0x00, 0x00, 0x00, 
  0x00, 0x00, 0x00, 0x00, 0x00, 0x00, 0x00, 0x00, 0x00, 0x00, 0x00, 0x00, 
  0x00, 0x00, 0x00, 0x00, 0x00, 0x00, 0x00, 0x00, 0x00, 0x00, 0x00, 0x00, 
  0x00, 0x00, 0x00, 0x00, 0x00, 0x00, 0x00, 0x00, 0x00, 0x00, 0x00, 0x00, 
  0x00, 0x00, 0x00, 0x00, 0x00, 0x00, 0x00, 0x00, 0x00, 0x00, 0x00, 0x00, 
  0x00, 0x00, 0x00, 0x00, 0x00, 0x00, 0x00, 0x00, 0x00, 0x00, 0x00, 0x00, 
  0x00, 0x00, 0x00, 0x00, 0x00, 0x00, 0x00, 0x00, 0x00, 0x00, 0x00, 0x00, 
  0x00, 0x00, 0x00, 0x00, 0x00, 0x00, 0x00, 0x00, 0x00, 0x00, 0x00, 0x00, 
  0x00, 0x00, 0x00, 0x00, 0x00, 0x00, 0x00, 0x00, 0x00, 0x00, 0x00, 0x00, 
  0x00, 0x00, 0x00, 0x00, 0x00, 0x00, 0x00, 0x00, 0x00, 0x00, 0x00, 0x00, 
  0x00, 0x00, 0x00, 0x00, 0x00, 0x00, 0x00, 0x00, 0x00, 0x00, 0x00, 0x00, 
  0x00, 0x00, 0x00, 0x00, 0x00, 0x00, 0x00, 0x00, 0x00, 0x00, 0x00, 0x00, 
  0x00, 0x00, 0x00, 0x00, 0x00, 0x00, 0x00, 0x00, 0x00, 0x00, 0x00, 0x00, 
  0x00, 0x00, 0x00, 0x00, 0x00, 0x00, 0x00, 0x00, 0x00, 0x00, 0x00, 0x00, 
  0x00, 0x00, 0x00, 0x00, 0x00, 0x00, 0x00, 0x00, 0x00, 0x00, 0x00, 0x00, 
  0x00, 0x00, 0x00, 0x00, 0x00, 0x00, 0x00, 0x00, 0x00, 0x00, 0x00, 0x00, 
  0x00, 0x00, 0x00, 0x00, 0x00, 0x00, 0x00, 0x00, 0x00, 0x00, 0x00, 0x00, 
  0x00, 0x00, 0x00, 0x00, 0x00, 0x00, 0x00, 0x00, 0x00, 0x00, 0x00, 0x00, 
  0x00, 0x00, 0x00, 0x00, 0x00, 0x00, 0x00, 0x00, 0x00, 0x00, 0x00, 0x00, 
  0x00, 0x00, 0x00, 0x00, 0x00, 0x00, 0x00, 0x00, 0x00, 0x00, 0x00, 0x00, 
  0x00, 0x00, 0x00, 0x00, 0x00, 0x00, 0x00, 0x00, 0x00, 0x00, 0x00, 0x00, 
  0x00, 0x00, 0x00, 0x00, 0x00, 0x00, 0x00, 0x00, 0x00, 0x00, 0x00, 0x00, 
  0x00, 0x00, 0x00, 0x00, 0x00, 0x00, 0x00, 0x00, 0x00, 0x00, 0x00, 0x00, 
  0x00, 0x00, 0x00, 0x00, 0x00, 0x00, 0x00, 0x00, 0x00, 0x00, 0x00, 0x00, 
  0x00, 0x00, 0x00, 0x00, 0x00, 0x00, 0x00, 0x00, 0x00, 0x00, 0x00, 0x00, 
  0x00, 0x00, 0x00, 0x00, 0x00, 0x00, 0x00, 0x00, 0x00, 0x00, 0x00, 0x00, 
  0x00, 0x00, 0x00, 0x00, 0x00, 0x00, 0x00, 0x00, 0x00, 0x00, 0x00, 0x00, 
  0x00, 0x00, 0x00, 0x00, 0x00, 0x00, 0x00, 0x00, 0x00, 0x00, 0x00, 0x00, 
  0x00, 0x00, 0x00, 0x00, 0x00, 0x00, 0x00, 0x00, 0x00, 0x00, 0x00, 0x00, 
  0x00, 0x00, 0x00, 0x00, 0x00, 0x00, 0x00, 0x00, 0x00, 0x00, 0x00, 0x00, 
  0x00, 0x00, 0x00, 0x00, 0x00, 0x00, 0x00, 0x00, 0x00, 0x00, 0x00, 0x00, 
  0x00, 0x00, 0x00, 0x00, 0x00, 0x00, 0x00, 0x00, 0x00, 0x00, 0x00, 0x00, 
  0x00, 0x00, 0x00, 0x00, 0x00, 0x00, 0x00, 0x00, 0x00, 0x00, 0x00, 0x00, 
  0x00, 0x00, 0x00, 0x00, 0x00, 0x00, 0x00, 0x00, 0x00, 0x00, 0x00, 0x00, 
  0x00, 0x00, 0x00, 0x00, 0x00, 0x00, 0x00, 0x00, 0x00, 0x00, 0x00, 0x00, 
  0x00, 0x00, 0x00, 0x00, 0x00, 0x00, 0x00, 0x00, 0x00, 0x00, 0x00, 0x00, 
  0x00, 0x00, 0x00, 0x00, 0x00, 0x00, 0x00, 0x00, 0x00, 0x00, 0x00, 0x00, 
  0x00, 0x00, 0x00, 0x00, 0x00, 0x00, 0x00, 0x00, 0x00, 0x00, 0x00, 0x00, 
  0x00, 0x00, 0x00, 0x00, 0x00, 0x00, 0x00, 0x00, 0x00, 0x00, 0x00, 0x00, 
  0x00, 0x00, 0x00, 0x00, 0x00, 0x00, 0x00, 0x00, 0x00, 0x00, 0x00, 0x00, 
  0x00, 0x00, 0x00, 0x00, 0x00, 0x00, 0x00, 0x00, 0x00, 0x00, 0x00, 0x00, 
  0x00, 0x00, 0x00, 0x00, 0x00, 0x00, 0x00, 0x00, 0x00, 0x00, 0x00, 0x00, 
  0x00, 0x00, 0x00, 0x00, 0x00, 0x00, 0x00, 0x00, 0x00, 0x00, 0x00, 0x00, 
  0x00, 0x00, 0x00, 0x00, 0x00, 0x00, 0x00, 0x00, 0x00, 0x00, 0x00, 0x00, 
  0x00, 0x00, 0x00, 0x00, 0x00, 0x00, 0x00, 0x00, 0x00, 0x00, 0x00, 0x00, 
  0x00, 0x00, 0x00, 0x00, 0x00, 0x00, 0x00, 0x00, 0x00, 0x00, 0x00, 0x00, 
  0x00, 0x00, 0x00, 0x00, 0x00, 0x00, 0x00, 0x00, 0x00, 0x00, 0x00, 0x00, 
  0x00, 0x00, 0x00, 0x00, 0x00, 0x00, 0x00, 0x00, 0x00, 0x00, 0x00, 0x00, 
  0x00, 0x00, 0x00, 0x00, 0x00, 0x00, 0x00, 0x00, 0x00, 0x00, 0x00, 0x00, 
  0x00, 0x00, 0x00, 0x00, 0x00, 0x00, 0x00, 0x00, 0x00, 0x00, 0x00, 0x00, 
  0x00, 0x00, 0x00, 0x00, 0x00, 0x00, 0x00, 0x00, 0x00, 0x00, 0x00, 0x00, 
  0x00, 0x00, 0x00, 0x00, 0x00, 0x00, 0x00, 0x00, 0x00, 0x00, 0x00, 0x00, 
  0x00, 0x00, 0x00, 0x00, 0x00, 0x00, 0x00, 0x00, 0x00, 0x00, 0x00, 0x00, 
  0x00, 0x00, 0x00, 0x00, 0x00, 0x00, 0x00, 0x00, 0x00, 0x00, 0x00, 0x00, 
  0x00, 0x00, 0x00, 0x00, 0x00, 0x00, 0x00, 0x00, 0x00, 0x00, 0x00, 0x00, 
  0x00, 0x00, 0x00, 0x00, 0x00, 0x00, 0x00, 0x00, 0x00, 0x00, 0x00, 0x00, 
  0x00, 0x00, 0x00, 0x00, 0x00, 0x00, 0x00, 0x00, 0x00, 0x00, 0x00, 0x00, 
  0x00, 0x00, 0x00, 0x00, 0x00, 0x00, 0x00, 0x00, 0x00, 0x00, 0x00, 0x00, 
  0x00, 0x00, 0x00, 0x00, 0x00, 0x00, 0x00, 0x00, 0x00, 0x00, 0x00, 0x00, 
  0x00, 0x00, 0x00, 0x00, 0x00, 0x00, 0x00, 0x00, 0x00, 0x00, 0x00, 0x00, 
  0x00, 0x00, 0x00, 0x00, 0x00, 0x00, 0x00, 0x00, 0x00, 0x00, 0x00, 0x00, 
  0x00, 0x00, 0x00, 0x00, 0x00, 0x00, 0x00, 0x00, 0x00, 0x00, 0x00, 0x00, 
  0x00, 0x00, 0x00, 0x00, 0x00, 0x00, 0x00, 0x00, 0x00, 0x00, 0x00, 0x00, 
  0x00, 0x00, 0x00, 0x00, 0x00, 0x00, 0x00, 0x00, 0x00, 0x00, 0x00, 0x00, 
  0x00, 0x00, 0x00, 0x00, 0x00, 0x00, 0x00, 0x00, 0x00, 0x00, 0x00, 0x00, 
  0x00, 0x00, 0x00, 0x00, 0x00, 0x00, 0x00, 0x00, 0x00, 0x00, 0x00, 0x00, 
  0x00, 0x00, 0x00, 0x00, 0x00, 0x00, 0x00, 0x00, 0x00, 0x00, 0x00, 0x00, 
  0x00, 0x00, 0x00, 0x00, 0x00, 0x00, 0x00, 0x00, 0x00, 0x00, 0x00, 0x00, 
  0x00, 0x00, 0x00, 0x00, 0x00, 0x00, 0x00, 0x00, 0x00, 0x00, 0x00, 0x00, 
  0x00, 0x00, 0x00, 0x00, 0x00, 0x00, 0x00, 0x00, 0x00, 0x00, 0x00, 0x00, 
  0x00, 0x00, 0x00, 0x00, 0x00, 0x00, 0x00, 0x00, 0x00, 0x00, 0x00, 0x00, 
  0x00, 0x00, 0x00, 0x00, 0x00, 0x00, 0x00, 0x00, 0x00, 0x00, 0x00, 0x00, 
  0x00, 0x00, 0x00, 0x00, 0x00, 0x00, 0x00, 0x00, 0x00, 0x00, 0x00, 0x00, 
  0x00, 0x00, 0x00, 0x00, 0x00, 0x00, 0x00, 0x00, 0x00, 0x00, 0x00, 0x00, 
  0x00, 0x00, 0x00, 0x00, 0x00, 0x00, 0x00, 0x00, 0x00, 0x00, 0x00, 0x00, 
  0x00, 0x00, 0x00, 0x00, 0x00, 0x00, 0x00, 0x00, 0x00, 0x00, 0x00, 0x00, 
  0x00, 0x00, 0x00, 0x00, 0x00, 0x00, 0x00, 0x00, 0x00, 0x00, 0x00, 0x00, 
  0x00, 0x00, 0x00, 0x00, 0x00, 0x00, 0x00, 0x00, 0x00, 0x00, 0x00, 0x00, 
  0x00, 0x00, 0x00, 0x00, 0x00, 0x00, 0x00, 0x00, 0x00, 0x00, 0x00, 0x00, 
  0x00, 0x00, 0x00, 0x00, 0x00, 0x00, 0x00, 0x00, 0x00, 0x00, 0x00, 0x00, 
  0x00, 0x00, 0x00, 0x00, 0x00, 0x00, 0x00, 0x00, 0x00, 0x00, 0x00, 0x00, 
  0x00, 0x00, 0x00, 0x00, 0x00, 0x00, 0x00, 0x00, 0x00, 0x00, 0x00, 0x00, 
  0x00, 0x00, 0x00, 0x00, 0x00, 0x00, 0x00, 0x00, 0x00, 0x00, 0x00, 0x00, 
  0x00, 0x00, 0x00, 0x00, 0x00, 0x00, 0x00, 0x00, 0x00, 0x00, 0x00, 0x00, 
  0x00, 0x00, 0x00, 0x00, 0x00, 0x00, 0x00, 0x00, 0x00, 0x00, 0x00, 0x00, 
  0x00, 0x00, 0x00, 0x00, 0x00, 0x00, 0x00, 0x00, 0x00, 0x00, 0x00, 0x00, 
  0x00, 0x00, 0x00, 0x00, 0x00, 0x00, 0x00, 0x00, 0x00, 0x00, 0x00, 0x00, 
  0x00, 0x00, 0x00, 0x00, 0x00, 0x00, 0x00, 0x00, 0x00, 0x00, 0x00, 0x00, 
  0x00, 0x00, 0x00, 0x00, 0x00, 0x00, 0x00, 0x00, 0x00, 0x00, 0x00, 0x00, 
  0x00, 0x00, 0x00, 0x00, 0x00, 0x00, 0x00, 0x00, 0x00, 0x00, 0x00, 0x00, 
  0x00, 0x00, 0x00, 0x00, 0x00, 0x00, 0x00, 0x00, 0x00, 0x00, 0x00, 0x00, 
  0x00, 0x00, 0x00, 0x00, 0x00, 0x00, 0x00, 0x00, 0x00, 0x00, 0x00, 0x00, 
  0x00, 0x00, 0x00, 0x00, 0x00, 0x00, 0x00, 0x00, 0x00, 0x00, 0x00, 0x00, 
  0x00, 0x00, 0x00, 0x00, 0x00, 0x00, 0x00, 0x00, 0x00, 0x00, 0x00, 0x00, 
  0x00, 0x00, 0x00, 0x00, 0x00, 0x00, 0x00, 0x00, 0x00, 0x00, 0x00, 0x00, 
  0x00, 0x00, 0x00, 0x00, 0x00, 0x00, 0x00, 0x00, 0x00, 0x00, 0x00, 0x00, 
  0x00, 0x00, 0x00, 0x00, 0x00, 0x00, 0x00, 0x00, 0x00, 0x00, 0x00, 0x00, 
  0x00, 0x00, 0x00, 0x00, 0x00, 0x00, 0x00, 0x00, 0x00, 0x00, 0x00, 0x00, 
  0x00, 0x00, 0x00, 0x00, 0x00, 0x00, 0x00, 0x00, 0x00, 0x00, 0x00, 0x00, 
  0x00, 0x00, 0x00, 0x00, 0x00, 0x00, 0x00, 0x00, 0x00, 0x00, 0x00, 0x00, 
  0x00, 0x00, 0x00, 0x00, 0x00, 0x00, 0x00, 0x00, 0x00, 0x00, 0x00, 0x00, 
  0x00, 0x00, 0x00, 0x00, 0x00, 0x00, 0x00, 0x00, 0x00, 0x00, 0x00, 0x00, 
  0x00, 0x00, 0x00, 0x00, 0x00, 0x00, 0x00, 0x00, 0x00, 0x00, 0x00, 0x00, 
  0x00, 0x00, 0x00, 0x00, 0x00, 0x00, 0x00, 0x00, 0x00, 0x00, 0x00, 0x00, 
  0x00, 0x00, 0x00, 0x00, 0x00, 0x00, 0x00, 0x00, 0x00, 0x00, 0x00, 0x00, 
  0x00, 0x00, 0x00, 0x00, 0x00, 0x00, 0x00, 0x00, 0x00, 0x00, 0x00, 0x00, 
  0x00, 0x00, 0x00, 0x00, 0x00, 0x00, 0x00, 0x00, 0x00, 0x00, 0x00, 0x00, 
  0x00, 0x00, 0x00, 0x00, 0x00, 0x00, 0x00, 0x00, 0x00, 0x00, 0x00, 0x00, 
  0x00, 0x00, 0x00, 0x00, 0x00, 0x00, 0x00, 0x00, 0x00, 0x00, 0x00, 0x00, 
  0x00, 0x00, 0x00, 0x00, 0x00, 0x00, 0x00, 0x00, 0x00, 0x00, 0x00, 0x00, 
  0x00, 0x00, 0x00, 0x00, 0x00, 0x00, 0x00, 0x00, 0x00, 0x00, 0x00, 0x00, 
  0x00, 0x00, 0x00, 0x00, 0x00, 0x00, 0x00, 0x00, 0x00, 0x00, 0x00, 0x00, 
  0x00, 0x00, 0x00, 0x00, 0x00, 0x00, 0x00, 0x00, 0x00, 0x00, 0x00, 0x00, 
  0x00, 0x00, 0x00, 0x00, 0x00, 0x00, 0x00, 0x00, 0x00, 0x00, 0x00, 0x00, 
  0x00, 0x00, 0x00, 0x00, 0x00, 0x00, 0x00, 0x00, 0x00, 0x00, 0x00, 0x00, 
  
};

const lv_img_dsc_t img_recoder = {
  .header.cf = LV_IMG_CF_TRUE_COLOR_ALPHA,
  .header.always_zero = 0,
  .header.w = 120,
  .header.h = 120,
  .data_size = 43200,
  .data = img_recoder_map,
};
