#include "lvgl.h"

const uint8_t img_osu_map[] = {
  0xff, 0xff, 0x00, 0xff, 0xff, 0x00, 0xff, 0xff, 0x00, 0xff, 0xff, 0x00, 
  0xff, 0xff, 0x00, 0xff, 0xff, 0x00, 0xff, 0xff, 0x00, 0xff, 0xff, 0x00, 
  0xff, 0xff, 0x00, 0xff, 0xff, 0x00, 0xff, 0xff, 0x00, 0xff, 0xff, 0x00, 
  0xff, 0xff, 0x00, 0xff, 0xff, 0x00, 0xff, 0xff, 0x00, 0xff, 0xff, 0x00, 
  0xff, 0xff, 0x00, 0xff, 0xff, 0x00, 0xff, 0xff, 0x00, 0xff, 0xff, 0x00, 
  0xff, 0xff, 0x00, 0xff, 0xff, 0x00, 0xff, 0xff, 0x00, 0xff, 0xff, 0x00, 
  0xff, 0xff, 0x00, 0xff, 0xff, 0x00, 0xff, 0xff, 0x00, 0xff, 0xff, 0x00, 
  0xff, 0xff, 0x00, 0xff, 0xff, 0x00, 0xff, 0xff, 0x00, 0xff, 0xff, 0x00, 
  0xff, 0xff, 0x00, 0xff, 0xff, 0x00, 0xff, 0xff, 0x00, 0xff, 0xff, 0x00, 
  0xff, 0xff, 0x00, 0xff, 0xff, 0x00, 0xff, 0xff, 0x00, 0xff, 0xff, 0x00, 
  0xff, 0xff, 0x00, 0xff, 0xff, 0x00, 0xff, 0xff, 0x00, 0xff, 0xff, 0x00, 
  0xff, 0xff, 0x00, 0xff, 0xff, 0x00, 0xff, 0xff, 0x00, 0xff, 0xff, 0x00, 
  0xff, 0xff, 0x00, 0xff, 0xff, 0x00, 0xff, 0xff, 0x00, 0xff, 0xff, 0x00, 
  0xff, 0xff, 0x00, 0xff, 0xff, 0x00, 0xff, 0xff, 0x00, 0xff, 0xff, 0x00, 
  0xff, 0xff, 0x00, 0xff, 0xff, 0x00, 0xff, 0xff, 0x00, 0xff, 0xff, 0x00, 
  0xff, 0xff, 0x00, 0xff, 0xff, 0x00, 0xff, 0xff, 0x00, 0xff, 0xff, 0x00, 
  0xff, 0xff, 0x00, 0xff, 0xff, 0x00, 0xff, 0xff, 0x00, 0xff, 0xff, 0x00, 
  0xff, 0xff, 0x00, 0xff, 0xff, 0x00, 0xff, 0xff, 0x00, 0xff, 0xff, 0x00, 
  0xff, 0xff, 0x00, 0xff, 0xff, 0x00, 0xff, 0xff, 0x00, 0xff, 0xff, 0x00, 
  0xff, 0xff, 0x00, 0xff, 0xff, 0x00, 0xff, 0xff, 0x00, 0xff, 0xff, 0x00, 
  0xff, 0xff, 0x00, 0xff, 0xff, 0x00, 0xff, 0xff, 0x00, 0xff, 0xff, 0x00, 
  0xff, 0xff, 0x00, 0xff, 0xff, 0x00, 0xff, 0xff, 0x00, 0xff, 0xff, 0x00, 
  0xff, 0xff, 0x00, 0xff, 0xff, 0x00, 0xff, 0xff, 0x00, 0xff, 0xff, 0x00, 
  0xff, 0xff, 0x00, 0xff, 0xff, 0x00, 0xff, 0xff, 0x00, 0xff, 0xff, 0x00, 
  0xff, 0xff, 0x00, 0xff, 0xff, 0x00, 0xff, 0xff, 0x00, 0xff, 0xff, 0x00, 
  0xff, 0xff, 0x00, 0xff, 0xff, 0x00, 0xff, 0xff, 0x00, 0xff, 0xff, 0x00, 
  0xff, 0xff, 0x00, 0xff, 0xff, 0x00, 0xff, 0xff, 0x00, 0xff, 0xff, 0x00, 
  0xff, 0xff, 0x00, 0xff, 0xff, 0x00, 0xff, 0xff, 0x00, 0xff, 0xff, 0x00, 
  0xff, 0xff, 0x00, 0xff, 0xff, 0x00, 0xff, 0xff, 0x00, 0xff, 0xff, 0x00, 
  0xff, 0xff, 0x00, 0xff, 0xff, 0x00, 0xff, 0xff, 0x00, 0xff, 0xff, 0x00, 
  0xff, 0xff, 0x00, 0xff, 0xff, 0x00, 0xff, 0xff, 0x00, 0xff, 0xff, 0x00, 
  0xff, 0xff, 0x00, 0xff, 0xff, 0x00, 0xff, 0xff, 0x00, 0xff, 0xff, 0x00, 
  0xff, 0xff, 0x00, 0xff, 0xff, 0x00, 0xff, 0xff, 0x00, 0xff, 0xff, 0x00, 
  0xff, 0xff, 0x00, 0xff, 0xff, 0x00, 0xff, 0xff, 0x00, 0xff, 0xff, 0x00, 
  0xff, 0xff, 0x00, 0xff, 0xff, 0x00, 0xff, 0xff, 0x00, 0xff, 0xff, 0x00, 
  0xff, 0xff, 0x00, 0xff, 0xff, 0x00, 0xff, 0xff, 0x00, 0xff, 0xff, 0x00, 
  0xff, 0xff, 0x00, 0xff, 0xff, 0x00, 0xff, 0xff, 0x00, 0xff, 0xff, 0x00, 
  0xff, 0xff, 0x00, 0xff, 0xff, 0x00, 0xff, 0xff, 0x00, 0xff, 0xff, 0x00, 
  0xdf, 0xff, 0x00, 0xff, 0xff, 0x00, 0xff, 0xff, 0x00, 0xff, 0xff, 0x00, 
  0xff, 0xff, 0x00, 0xff, 0xff, 0x00, 0xff, 0xff, 0x00, 0xff, 0xff, 0x00, 
  0xff, 0xff, 0x00, 0xff, 0xff, 0x00, 0xff, 0xff, 0x00, 0xff, 0xff, 0x00, 
  0xff, 0xff, 0x00, 0xff, 0xff, 0x00, 0xff, 0xff, 0x00, 0xff, 0xff, 0x00, 
  0xff, 0xff, 0x00, 0xff, 0xff, 0x00, 0xdf, 0xff, 0x00, 0xbe, 0xf7, 0x00, 
  0xbe, 0xf7, 0x00, 0x9e, 0xf7, 0x00, 0x9e, 0xf7, 0x00, 0x9e, 0xf7, 0x00, 
  0x7d, 0xef, 0x00, 0x7d, 0xef, 0x00, 0x5d, 0xef, 0x00, 0x5d, 0xef, 0x00, 
  0x5d, 0xef, 0x00, 0x5d, 0xef, 0x00, 0x7d, 0xef, 0x00, 0x7d, 0xef, 0x00, 
  0x7d, 0xef, 0x00, 0x7d, 0xef, 0x00, 0x9e, 0xf7, 0x00, 0xbe, 0xf7, 0x00, 
  0xdf, 0xff, 0x00, 0xdf, 0xff, 0x00, 0xff, 0xff, 0x00, 0xff, 0xff, 0x00, 
  0xff, 0xff, 0x00, 0xff, 0xff, 0x00, 0xff, 0xff, 0x00, 0xff, 0xff, 0x00, 
  0xff, 0xff, 0x00, 0xff, 0xff, 0x00, 0xff, 0xff, 0x00, 0xff, 0xff, 0x00, 
  0xff, 0xff, 0x00, 0xff, 0xff, 0x00, 0xff, 0xff, 0x00, 0xff, 0xff, 0x00, 
  0xff, 0xff, 0x00, 0xff, 0xff, 0x00, 0xff, 0xff, 0x00, 0xff, 0xff, 0x00, 
  0xff, 0xff, 0x00, 0xff, 0xff, 0x00, 0xff, 0xff, 0x00, 0xff, 0xff, 0x00, 
  0xff, 0xff, 0x00, 0xff, 0xff, 0x00, 0xff, 0xff, 0x00, 0xff, 0xff, 0x00, 
  0xff, 0xff, 0x00, 0xff, 0xff, 0x00, 0xff, 0xff, 0x00, 0xff, 0xff, 0x00, 
  0xff, 0xff, 0x00, 0xff, 0xff, 0x00, 0xff, 0xff, 0x00, 0xff, 0xff, 0x00, 
  0xff, 0xff, 0x00, 0xff, 0xff, 0x00, 0xff, 0xff, 0x00, 0xff, 0xff, 0x00, 
  0xff, 0xff, 0x00, 0xff, 0xff, 0x00, 0xff, 0xff, 0x00, 0xff, 0xff, 0x00, 
  0xff, 0xff, 0x00, 0xff, 0xff, 0x00, 0xff, 0xff, 0x00, 0xff, 0xff, 0x00, 
  0xff, 0xff, 0x00, 0xff, 0xff, 0x00, 0xff, 0xff, 0x00, 0xff, 0xff, 0x00, 
  0xff, 0xff, 0x00, 0xff, 0xff, 0x00, 0xff, 0xff, 0x00, 0xff, 0xff, 0x00, 
  0xff, 0xff, 0x00, 0xff, 0xff, 0x00, 0xff, 0xff, 0x00, 0xff, 0xff, 0x00, 
  0xff, 0xff, 0x00, 0xff, 0xff, 0x00, 0xff, 0xff, 0x00, 0xff, 0xff, 0x00, 
  0xff, 0xff, 0x00, 0xff, 0xff, 0x00, 0xff, 0xff, 0x00, 0xff, 0xff, 0x00, 
  0xff, 0xff, 0x00, 0xff, 0xff, 0x00, 0xff, 0xff, 0x00, 0xff, 0xff, 0x00, 
  0xff, 0xff, 0x00, 0xff, 0xff, 0x00, 0xff, 0xff, 0x00, 0xff, 0xff, 0x00, 
  0xff, 0xff, 0x00, 0xff, 0xff, 0x00, 0xff, 0xff, 0x00, 0xff, 0xff, 0x00, 
  0xff, 0xff, 0x00, 0xff, 0xff, 0x00, 0xff, 0xff, 0x00, 0xff, 0xff, 0x00, 
  0xff, 0xff, 0x00, 0xff, 0xff, 0x00, 0xff, 0xff, 0x00, 0xff, 0xff, 0x00, 
  0xff, 0xff, 0x00, 0xff, 0xff, 0x00, 0xff, 0xff, 0x00, 0xff, 0xff, 0x00, 
  0xff, 0xff, 0x00, 0xff, 0xff, 0x00, 0xff, 0xff, 0x00, 0xff, 0xff, 0x00, 
  0xff, 0xff, 0x00, 0xdf, 0xff, 0x00, 0xbe, 0xf7, 0x00, 0xbe, 0xf7, 0x00, 
  0x7d, 0xef, 0x00, 0x5d, 0xef, 0x00, 0x5c, 0xef, 0x00, 0x5c, 0xef, 0x00, 
  0x5c, 0xef, 0x00, 0x3c, 0xe7, 0x00, 0x3c, 0xef, 0x00, 0x3d, 0xef, 0x00, 
  0x5d, 0xef, 0x00, 0x5d, 0xef, 0x00, 0x7d, 0xef, 0x00, 0x7d, 0xef, 0x00, 
  0x7d, 0xef, 0x00, 0x7d, 0xef, 0x00, 0x7d, 0xef, 0x00, 0x7d, 0xef, 0x00, 
  0x5d, 0xef, 0x00, 0x5d, 0xef, 0x00, 0x5c, 0xe7, 0x00, 0x3c, 0xe7, 0x00, 
  0x3c, 0xe7, 0x00, 0x3c, 0xe7, 0x00, 0x5d, 0xef, 0x00, 0x5d, 0xef, 0x00, 
  0x9e, 0xf7, 0x00, 0xbe, 0xf7, 0x00, 0xff, 0xff, 0x00, 0xff, 0xff, 0x00, 
  0xff, 0xff, 0x00, 0xff, 0xff, 0x00, 0xff, 0xff, 0x00, 0xff, 0xff, 0x00, 
  0xff, 0xff, 0x00, 0xff, 0xff, 0x00, 0xff, 0xff, 0x00, 0xff, 0xff, 0x00, 
  0xff, 0xff, 0x00, 0xff, 0xff, 0x00, 0xff, 0xff, 0x00, 0xff, 0xff, 0x00, 
  0xff, 0xff, 0x00, 0xff, 0xff, 0x00, 0xff, 0xff, 0x00, 0xff, 0xff, 0x00, 
  0xff, 0xff, 0x00, 0xff, 0xff, 0x00, 0xff, 0xff, 0x00, 0xff, 0xff, 0x00, 
  0xff, 0xff, 0x00, 0xff, 0xff, 0x00, 0xff, 0xff, 0x00, 0xff, 0xff, 0x00, 
  0xff, 0xff, 0x00, 0xff, 0xff, 0x00, 0xff, 0xff, 0x00, 0xff, 0xff, 0x00, 
  0xff, 0xff, 0x00, 0xff, 0xff, 0x00, 0xff, 0xff, 0x00, 0xff, 0xff, 0x00, 
  0xff, 0xff, 0x00, 0xff, 0xff, 0x00, 0xff, 0xff, 0x00, 0xff, 0xff, 0x00, 
  0xff, 0xff, 0x00, 0xff, 0xff, 0x00, 0xff, 0xff, 0x00, 0xff, 0xff, 0x00, 
  0xff, 0xff, 0x00, 0xff, 0xff, 0x00, 0xff, 0xff, 0x00, 0xff, 0xff, 0x00, 
  0xff, 0xff, 0x00, 0xff, 0xff, 0x00, 0xff, 0xff, 0x00, 0xff, 0xff, 0x00, 
  0xff, 0xff, 0x00, 0xff, 0xff, 0x00, 0xff, 0xff, 0x00, 0xff, 0xff, 0x00, 
  0xff, 0xff, 0x00, 0xff, 0xff, 0x00, 0xff, 0xff, 0x00, 0xff, 0xff, 0x00, 
  0xff, 0xff, 0x00, 0xff, 0xff, 0x00, 0xff, 0xff, 0x00, 0xff, 0xff, 0x00, 
  0xff, 0xff, 0x00, 0xff, 0xff, 0x00, 0xff, 0xff, 0x00, 0xff, 0xff, 0x00, 
  0xff, 0xff, 0x00, 0xff, 0xff, 0x00, 0xff, 0xff, 0x00, 0xff, 0xff, 0x00, 
  0xff, 0xff, 0x00, 0xff, 0xff, 0x00, 0xff, 0xff, 0x00, 0xff, 0xff, 0x00, 
  0xff, 0xff, 0x00, 0xff, 0xff, 0x00, 0xff, 0xff, 0x00, 0xff, 0xff, 0x00, 
  0xff, 0xff, 0x00, 0xff, 0xff, 0x00, 0xff, 0xff, 0x00, 0xff, 0xff, 0x00, 
  0xff, 0xff, 0x00, 0xff, 0xff, 0x00, 0xff, 0xff, 0x00, 0xff, 0xff, 0x00, 
  0xff, 0xff, 0x00, 0xff, 0xff, 0x00, 0xdf, 0xff, 0x00, 0x9e, 0xf7, 0x00, 
  0x7d, 0xef, 0x00, 0x5d, 0xef, 0x00, 0x3c, 0xe7, 0x00, 0x1c, 0xe7, 0x00, 
  0x5d, 0xef, 0x00, 0x7d, 0xef, 0x00, 0x9d, 0xf7, 0x00, 0xbe, 0xf7, 0x00, 
  0xde, 0xff, 0x00, 0xdf, 0xff, 0x00, 0xff, 0xff, 0x00, 0xff, 0xff, 0x00, 
  0xff, 0xff, 0x00, 0xff, 0xff, 0x00, 0xff, 0xff, 0x00, 0xff, 0xff, 0x00, 
  0xff, 0xff, 0x00, 0xff, 0xff, 0x00, 0xff, 0xff, 0x00, 0xff, 0xff, 0x00, 
  0xff, 0xff, 0x00, 0xff, 0xff, 0x00, 0xff, 0xff, 0x00, 0xdf, 0xff, 0x00, 
  0xbe, 0xf7, 0x00, 0x9e, 0xf7, 0x00, 0x7d, 0xef, 0x00, 0x5d, 0xef, 0x00, 
  0x3c, 0xef, 0x00, 0x3c, 0xe7, 0x00, 0x5d, 0xef, 0x00, 0x7d, 0xef, 0x00, 
  0x9e, 0xef, 0x00, 0xde, 0xf7, 0x00, 0xff, 0xff, 0x00, 0xff, 0xff, 0x00, 
  0xff, 0xff, 0x00, 0xff, 0xff, 0x00, 0xff, 0xff, 0x00, 0xff, 0xff, 0x00, 
  0xff, 0xff, 0x00, 0xff, 0xff, 0x00, 0xff, 0xff, 0x00, 0xff, 0xff, 0x00, 
  0xff, 0xff, 0x00, 0xff, 0xff, 0x00, 0xff, 0xff, 0x00, 0xff, 0xff, 0x00, 
  0xff, 0xff, 0x00, 0xff, 0xff, 0x00, 0xff, 0xff, 0x00, 0xff, 0xff, 0x00, 
  0xff, 0xff, 0x00, 0xff, 0xff, 0x00, 0xff, 0xff, 0x00, 0xff, 0xff, 0x00, 
  0xff, 0xff, 0x00, 0xff, 0xff, 0x00, 0xff, 0xff, 0x00, 0xff, 0xff, 0x00, 
  0xff, 0xff, 0x00, 0xff, 0xff, 0x00, 0xff, 0xff, 0x00, 0xff, 0xff, 0x00, 
  0xff, 0xff, 0x00, 0xff, 0xff, 0x00, 0xff, 0xff, 0x00, 0xff, 0xff, 0x00, 
  0xff, 0xff, 0x00, 0xff, 0xff, 0x00, 0xff, 0xff, 0x00, 0xff, 0xff, 0x00, 
  0xff, 0xff, 0x00, 0xff, 0xff, 0x00, 0xff, 0xff, 0x00, 0xff, 0xff, 0x00, 
  0xff, 0xff, 0x00, 0xff, 0xff, 0x00, 0xff, 0xff, 0x00, 0xff, 0xff, 0x00, 
  0xff, 0xff, 0x00, 0xff, 0xff, 0x00, 0xff, 0xff, 0x00, 0xff, 0xff, 0x00, 
  0xff, 0xff, 0x00, 0xff, 0xff, 0x00, 0xff, 0xff, 0x00, 0xff, 0xff, 0x00, 
  0xff, 0xff, 0x00, 0xff, 0xff, 0x00, 0xff, 0xff, 0x00, 0xff, 0xff, 0x00, 
  0xff, 0xff, 0x00, 0xff, 0xff, 0x00, 0xff, 0xff, 0x00, 0xff, 0xff, 0x00, 
  0xff, 0xff, 0x00, 0xff, 0xff, 0x00, 0xff, 0xff, 0x00, 0xff, 0xff, 0x00, 
  0xff, 0xff, 0x00, 0xff, 0xff, 0x00, 0xff, 0xff, 0x00, 0xff, 0xff, 0x00, 
  0xff, 0xff, 0x00, 0xff, 0xff, 0x00, 0xff, 0xff, 0x00, 0xff, 0xff, 0x00, 
  0xff, 0xff, 0x00, 0xff, 0xff, 0x00, 0xff, 0xff, 0x00, 0xff, 0xff, 0x00, 
  0xff, 0xff, 0x00, 0xff, 0xff, 0x00, 0xff, 0xff, 0x00, 0xdf, 0xff, 0x00, 
  0x7d, 0xf7, 0x00, 0x5d, 0xef, 0x00, 0x3c, 0xe7, 0x00, 0x3c, 0xe7, 0x00, 
  0x5d, 0xef, 0x00, 0x9e, 0xef, 0x00, 0xdf, 0xf7, 0x00, 0xff, 0xff, 0x00, 
  0xff, 0xff, 0x00, 0xff, 0xff, 0x00, 0xff, 0xff, 0x00, 0xff, 0xff, 0x00, 
  0xff, 0xff, 0x00, 0xff, 0xff, 0x00, 0xff, 0xff, 0x00, 0xff, 0xff, 0x00, 
  0xff, 0xff, 0x00, 0xff, 0xff, 0x00, 0xff, 0xff, 0x00, 0xff, 0xff, 0x00, 
  0xff, 0xff, 0x00, 0xff, 0xff, 0x00, 0xff, 0xff, 0x00, 0xff, 0xff, 0x00, 
  0xff, 0xff, 0x00, 0xff, 0xff, 0x00, 0xff, 0xff, 0x00, 0xff, 0xff, 0x00, 
  0xff, 0xff, 0x00, 0xff, 0xff, 0x00, 0xff, 0xff, 0x00, 0xff, 0xff, 0x00, 
  0xdf, 0xff, 0x00, 0xbe, 0xff, 0x00, 0x9e, 0xf7, 0x00, 0x7d, 0xef, 0x00, 
  0x5c, 0xef, 0x00, 0x5c, 0xe7, 0x00, 0x7c, 0xe7, 0x00, 0x7d, 0xe7, 0x00, 
  0xde, 0xff, 0x00, 0xdf, 0xff, 0x00, 0xff, 0xff, 0x00, 0xff, 0xff, 0x00, 
  0xff, 0xff, 0x00, 0xff, 0xff, 0x00, 0xff, 0xff, 0x00, 0xff, 0xff, 0x00, 
  0xff, 0xff, 0x00, 0xff, 0xff, 0x00, 0xff, 0xff, 0x00, 0xff, 0xff, 0x00, 
  0xff, 0xff, 0x00, 0xff, 0xff, 0x00, 0xff, 0xff, 0x00, 0xff, 0xff, 0x00, 
  0xff, 0xff, 0x00, 0xff, 0xff, 0x00, 0xff, 0xff, 0x00, 0xff, 0xff, 0x00, 
  0xff, 0xff, 0x00, 0xff, 0xff, 0x00, 0xff, 0xff, 0x00, 0xff, 0xff, 0x00, 
  0xff, 0xff, 0x00, 0xff, 0xff, 0x00, 0xff, 0xff, 0x00, 0xff, 0xff, 0x00, 
  0xff, 0xff, 0x00, 0xff, 0xff, 0x00, 0xff, 0xff, 0x00, 0xff, 0xff, 0x00, 
  0xff, 0xff, 0x00, 0xff, 0xff, 0x00, 0xff, 0xff, 0x00, 0xff, 0xff, 0x00, 
  0xff, 0xff, 0x00, 0xff, 0xff, 0x00, 0xff, 0xff, 0x00, 0xff, 0xff, 0x00, 
  0xff, 0xff, 0x00, 0xff, 0xff, 0x00, 0xff, 0xff, 0x00, 0xff, 0xff, 0x00, 
  0xff, 0xff, 0x00, 0xff, 0xff, 0x00, 0xff, 0xff, 0x00, 0xff, 0xff, 0x00, 
  0xff, 0xff, 0x00, 0xff, 0xff, 0x00, 0xff, 0xff, 0x00, 0xff, 0xff, 0x00, 
  0xff, 0xff, 0x00, 0xff, 0xff, 0x00, 0xff, 0xff, 0x00, 0xff, 0xff, 0x00, 
  0xff, 0xff, 0x00, 0xff, 0xff, 0x00, 0xff, 0xff, 0x00, 0xff, 0xff, 0x00, 
  0xff, 0xff, 0x00, 0xff, 0xff, 0x00, 0xff, 0xff, 0x00, 0xff, 0xff, 0x00, 
  0xff, 0xff, 0x00, 0xff, 0xff, 0x00, 0xff, 0xff, 0x00, 0xff, 0xff, 0x00, 
  0xff, 0xff, 0x00, 0xff, 0xff, 0x00, 0xff, 0xff, 0x00, 0xff, 0xff, 0x00, 
  0xff, 0xff, 0x00, 0xff, 0xff, 0x00, 0xff, 0xff, 0x00, 0xff, 0xff, 0x00, 
  0xff, 0xff, 0x00, 0xbe, 0xf7, 0x00, 0x5d, 0xef, 0x00, 0x1c, 0xef, 0x00, 
  0x3d, 0xef, 0x00, 0x7d, 0xf7, 0x00, 0x9e, 0xf7, 0x00, 0xdf, 0xff, 0x00, 
  0xff, 0xff, 0x00, 0xff, 0xff, 0x00, 0xff, 0xff, 0x00, 0xff, 0xff, 0x00, 
  0xff, 0xff, 0x00, 0xff, 0xff, 0x00, 0xff, 0xff, 0x00, 0xff, 0xff, 0x00, 
  0xff, 0xff, 0x00, 0xdf, 0xff, 0x00, 0xdf, 0xff, 0x00, 0xdf, 0xff, 0x00, 
  0xdf, 0xff, 0x00, 0xdf, 0xff, 0x00, 0xdf, 0xff, 0x00, 0xdf, 0xff, 0x00, 
  0xdf, 0xff, 0x00, 0xdf, 0xff, 0x00, 0xdf, 0xff, 0x00, 0xdf, 0xff, 0x00, 
  0xdf, 0xff, 0x00, 0xff, 0xff, 0x00, 0xff, 0xff, 0x00, 0xff, 0xff, 0x00, 
  0xff, 0xff, 0x00, 0xff, 0xff, 0x00, 0xff, 0xff, 0x00, 0xff, 0xff, 0x00, 
  0xff, 0xff, 0x00, 0xff, 0xff, 0x00, 0xff, 0xff, 0x00, 0xff, 0xff, 0x00, 
  0xdf, 0xff, 0x00, 0xbe, 0xf7, 0x00, 0x9d, 0xef, 0x00, 0x7d, 0xe7, 0x00, 
  0x3c, 0xe7, 0x00, 0x5d, 0xef, 0x00, 0xbe, 0xf7, 0x00, 0xdf, 0xff, 0x00, 
  0xff, 0xff, 0x00, 0xff, 0xff, 0x00, 0xff, 0xff, 0x00, 0xff, 0xff, 0x00, 
  0xff, 0xff, 0x00, 0xff, 0xff, 0x00, 0xff, 0xff, 0x00, 0xff, 0xff, 0x00, 
  0xff, 0xff, 0x00, 0xff, 0xff, 0x00, 0xff, 0xff, 0x00, 0xff, 0xff, 0x00, 
  0xff, 0xff, 0x00, 0xff, 0xff, 0x00, 0xff, 0xff, 0x00, 0xff, 0xff, 0x00, 
  0xff, 0xff, 0x00, 0xff, 0xff, 0x00, 0xff, 0xff, 0x00, 0xff, 0xff, 0x00, 
  0xff, 0xff, 0x00, 0xff, 0xff, 0x00, 0xff, 0xff, 0x00, 0xff, 0xff, 0x00, 
  0xff, 0xff, 0x00, 0xff, 0xff, 0x00, 0xff, 0xff, 0x00, 0xff, 0xff, 0x00, 
  0xff, 0xff, 0x00, 0xff, 0xff, 0x00, 0xff, 0xff, 0x00, 0xff, 0xff, 0x00, 
  0xff, 0xff, 0x00, 0xff, 0xff, 0x00, 0xff, 0xff, 0x00, 0xff, 0xff, 0x00, 
  0xff, 0xff, 0x00, 0xff, 0xff, 0x00, 0xff, 0xff, 0x00, 0xff, 0xff, 0x00, 
  0xff, 0xff, 0x00, 0xff, 0xff, 0x00, 0xff, 0xff, 0x00, 0xff, 0xff, 0x00, 
  0xff, 0xff, 0x00, 0xff, 0xff, 0x00, 0xff, 0xff, 0x00, 0xff, 0xff, 0x00, 
  0xff, 0xff, 0x00, 0xff, 0xff, 0x00, 0xff, 0xff, 0x00, 0xff, 0xff, 0x00, 
  0xff, 0xff, 0x00, 0xff, 0xff, 0x00, 0xff, 0xff, 0x00, 0xff, 0xff, 0x00, 
  0xff, 0xff, 0x00, 0xff, 0xff, 0x00, 0xff, 0xff, 0x00, 0xff, 0xff, 0x00, 
  0xff, 0xff, 0x00, 0xff, 0xff, 0x00, 0xff, 0xff, 0x00, 0xff, 0xff, 0x00, 
  0xff, 0xff, 0x00, 0xff, 0xff, 0x00, 0xff, 0xff, 0x00, 0xff, 0xff, 0x00, 
  0xff, 0xff, 0x00, 0xff, 0xff, 0x00, 0xde, 0xf7, 0x00, 0x9d, 0xef, 0x00, 
  0x5c, 0xe7, 0x00, 0x3c, 0xe7, 0x00, 0x5d, 0xf7, 0x00, 0x9e, 0xff, 0x00, 
  0xdf, 0xff, 0x00, 0xdf, 0xff, 0x00, 0xff, 0xff, 0x00, 0xff, 0xff, 0x00, 
  0xff, 0xff, 0x00, 0xff, 0xff, 0x00, 0xff, 0xff, 0x00, 0xff, 0xff, 0x00, 
  0xdf, 0xff, 0x00, 0xff, 0xff, 0x00, 0xff, 0xff, 0x00, 0xdf, 0xff, 0x00, 
  0xdf, 0xff, 0x00, 0xdf, 0xff, 0x00, 0xbf, 0xff, 0x00, 0xbf, 0xff, 0x00, 
  0xbf, 0xff, 0x00, 0xbf, 0xff, 0x00, 0xbf, 0xff, 0x00, 0xbf, 0xff, 0x00, 
  0xbf, 0xff, 0x00, 0xbf, 0xff, 0x00, 0xbf, 0xff, 0x00, 0xbf, 0xff, 0x00, 
  0xdf, 0xff, 0x00, 0xdf, 0xff, 0x00, 0xdf, 0xff, 0x00, 0xff, 0xff, 0x00, 
  0xff, 0xff, 0x00, 0xff, 0xff, 0x00, 0xff, 0xff, 0x00, 0xff, 0xff, 0x00, 
  0xff, 0xff, 0x00, 0xff, 0xff, 0x00, 0xff, 0xff, 0x00, 0xff, 0xff, 0x00, 
  0xff, 0xff, 0x00, 0xff, 0xff, 0x00, 0xff, 0xff, 0x00, 0xdf, 0xff, 0x00, 
  0xbe, 0xf7, 0x00, 0x7d, 0xef, 0x00, 0x3c, 0xe7, 0x00, 0x3c, 0xe7, 0x00, 
  0x7d, 0xf7, 0x00, 0xde, 0xff, 0x00, 0xff, 0xff, 0x00, 0xff, 0xff, 0x00, 
  0xff, 0xff, 0x00, 0xff, 0xff, 0x00, 0xff, 0xff, 0x00, 0xff, 0xff, 0x00, 
  0xff, 0xff, 0x00, 0xff, 0xff, 0x00, 0xff, 0xff, 0x00, 0xff, 0xff, 0x00, 
  0xff, 0xff, 0x00, 0xff, 0xff, 0x00, 0xff, 0xff, 0x00, 0xff, 0xff, 0x00, 
  0xff, 0xff, 0x00, 0xff, 0xff, 0x00, 0xff, 0xff, 0x00, 0xff, 0xff, 0x00, 
  0xff, 0xff, 0x00, 0xff, 0xff, 0x00, 0xff, 0xff, 0x00, 0xff, 0xff, 0x00, 
  0xff, 0xff, 0x00, 0xff, 0xff, 0x00, 0xff, 0xff, 0x00, 0xff, 0xff, 0x00, 
  0xff, 0xff, 0x00, 0xff, 0xff, 0x00, 0xff, 0xff, 0x00, 0xff, 0xff, 0x00, 
  0xff, 0xff, 0x00, 0xff, 0xff, 0x00, 0xff, 0xff, 0x00, 0xff, 0xff, 0x00, 
  0xff, 0xff, 0x00, 0xff, 0xff, 0x00, 0xff, 0xff, 0x00, 0xff, 0xff, 0x00, 
  0xff, 0xff, 0x00, 0xff, 0xff, 0x00, 0xff, 0xff, 0x00, 0xff, 0xff, 0x00, 
  0xff, 0xff, 0x00, 0xff, 0xff, 0x00, 0xff, 0xff, 0x00, 0xff, 0xff, 0x00, 
  0xff, 0xff, 0x00, 0xff, 0xff, 0x00, 0xff, 0xff, 0x00, 0xff, 0xff, 0x00, 
  0xff, 0xff, 0x00, 0xff, 0xff, 0x00, 0xff, 0xff, 0x00, 0xff, 0xff, 0x00, 
  0xff, 0xff, 0x00, 0xff, 0xff, 0x00, 0xff, 0xff, 0x00, 0xff, 0xff, 0x00, 
  0xff, 0xff, 0x00, 0xff, 0xff, 0x00, 0xff, 0xff, 0x00, 0xff, 0xff, 0x00, 
  0xff, 0xff, 0x00, 0xff, 0xff, 0x00, 0xff, 0xff, 0x00, 0xff, 0xff, 0x00, 
  0xde, 0xff, 0x00, 0x9d, 0xef, 0x00, 0x5c, 0xe7, 0x00, 0x5c, 0xe7, 0x00, 
  0x7d, 0xef, 0x00, 0xde, 0xff, 0x00, 0xff, 0xff, 0x00, 0xff, 0xff, 0x00, 
  0xff, 0xff, 0x00, 0xff, 0xff, 0x00, 0xff, 0xff, 0x00, 0xff, 0xff, 0x00, 
  0xdf, 0xff, 0x00, 0xdf, 0xff, 0x00, 0xbf, 0xff, 0x00, 0xbf, 0xff, 0x00, 
  0xbf, 0xff, 0x00, 0x9f, 0xff, 0x00, 0x7f, 0xff, 0x00, 0x3e, 0xff, 0x00, 
  0xbd, 0xfe, 0x00, 0x5b, 0xfe, 0x00, 0xda, 0xf5, 0x00, 0x78, 0xed, 0x00, 
  0x37, 0xe5, 0x00, 0x17, 0xe5, 0x00, 0xd6, 0xe4, 0x00, 0xd6, 0xdc, 0x00, 
  0xd6, 0xdc, 0x00, 0xf6, 0xe4, 0x00, 0x17, 0xed, 0x00, 0x58, 0xed, 0x00, 
  0xb9, 0xf5, 0x00, 0x1a, 0xf6, 0x00, 0x9c, 0xfe, 0x00, 0x1e, 0xff, 0x00, 
  0x7f, 0xff, 0x00, 0x9f, 0xff, 0x00, 0xbf, 0xff, 0x00, 0xbf, 0xff, 0x00, 
  0xdf, 0xff, 0x00, 0xdf, 0xff, 0x00, 0xdf, 0xff, 0x00, 0xff, 0xff, 0x00, 
  0xff, 0xff, 0x00, 0xff, 0xff, 0x00, 0xff, 0xff, 0x00, 0xff, 0xff, 0x00, 
  0xff, 0xff, 0x00, 0xff, 0xff, 0x00, 0xde, 0xff, 0x00, 0x7d, 0xf7, 0x00, 
  0x3c, 0xef, 0x00, 0x3c, 0xef, 0x00, 0x9d, 0xef, 0x00, 0xde, 0xf7, 0x00, 
  0xff, 0xff, 0x00, 0xff, 0xff, 0x00, 0xff, 0xff, 0x00, 0xff, 0xff, 0x00, 
  0xff, 0xff, 0x00, 0xff, 0xff, 0x00, 0xff, 0xff, 0x00, 0xff, 0xff, 0x00, 
  0xff, 0xff, 0x00, 0xff, 0xff, 0x00, 0xff, 0xff, 0x00, 0xff, 0xff, 0x00, 
  0xff, 0xff, 0x00, 0xff, 0xff, 0x00, 0xff, 0xff, 0x00, 0xff, 0xff, 0x00, 
  0xff, 0xff, 0x00, 0xff, 0xff, 0x00, 0xff, 0xff, 0x00, 0xff, 0xff, 0x00, 
  0xff, 0xff, 0x00, 0xff, 0xff, 0x00, 0xff, 0xff, 0x00, 0xff, 0xff, 0x00, 
  0xff, 0xff, 0x00, 0xff, 0xff, 0x00, 0xff, 0xff, 0x00, 0xff, 0xff, 0x00, 
  0xff, 0xff, 0x00, 0xff, 0xff, 0x00, 0xff, 0xff, 0x00, 0xff, 0xff, 0x00, 
  0xff, 0xff, 0x00, 0xff, 0xff, 0x00, 0xff, 0xff, 0x00, 0xff, 0xff, 0x00, 
  0xff, 0xff, 0x00, 0xff, 0xff, 0x00, 0xff, 0xff, 0x00, 0xff, 0xff, 0x00, 
  0xff, 0xff, 0x00, 0xff, 0xff, 0x00, 0xff, 0xff, 0x00, 0xff, 0xff, 0x00, 
  0xff, 0xff, 0x00, 0xff, 0xff, 0x00, 0xff, 0xff, 0x00, 0xff, 0xff, 0x00, 
  0xff, 0xff, 0x00, 0xff, 0xff, 0x00, 0xff, 0xff, 0x00, 0xff, 0xff, 0x00, 
  0xff, 0xff, 0x00, 0xff, 0xff, 0x00, 0xff, 0xff, 0x00, 0xff, 0xff, 0x00, 
  0xff, 0xff, 0x00, 0xff, 0xff, 0x00, 0xff, 0xff, 0x00, 0xff, 0xff, 0x00, 
  0xff, 0xff, 0x00, 0xff, 0xff, 0x00, 0xff, 0xff, 0x00, 0x7d, 0xef, 0x00, 
  0x3c, 0xe7, 0x00, 0x5c, 0xef, 0x00, 0x7d, 0xf7, 0x00, 0xdf, 0xff, 0x00, 
  0xff, 0xff, 0x00, 0xff, 0xff, 0x00, 0xff, 0xff, 0x00, 0xff, 0xff, 0x00, 
  0xff, 0xff, 0x00, 0xff, 0xff, 0x00, 0xff, 0xff, 0x00, 0xff, 0xff, 0x00, 
  0xbf, 0xff, 0x00, 0x9f, 0xff, 0x00, 0x1f, 0xff, 0x00, 0x5c, 0xfe, 0x00, 
  0x59, 0xfd, 0x00, 0x96, 0xf4, 0x00, 0xd4, 0xdb, 0x00, 0x72, 0xd3, 0x00, 
  0x32, 0xd3, 0x00, 0x11, 0xd3, 0x00, 0xf1, 0xd2, 0xff, 0xd1, 0xd2, 0xff, 
  0xd1, 0xda, 0xff, 0xf1, 0xda, 0xff, 0xf1, 0xda, 0xff, 0xf1, 0xda, 0xff, 
  0xf1, 0xda, 0xff, 0xf1, 0xda, 0xff, 0xf1, 0xda, 0xff, 0xf1, 0xda, 0xff, 
  0x12, 0xdb, 0xff, 0x11, 0xd3, 0xff, 0x12, 0xd3, 0x00, 0x52, 0xdb, 0x00, 
  0x93, 0xdb, 0x00, 0x15, 0xe4, 0x00, 0xf8, 0xfc, 0x00, 0xda, 0xfd, 0x00, 
  0xde, 0xfe, 0x00, 0x7f, 0xff, 0x00, 0xbf, 0xff, 0x00, 0xbf, 0xff, 0x00, 
  0xdf, 0xff, 0x00, 0xff, 0xff, 0x00, 0xff, 0xff, 0x00, 0xff, 0xff, 0x00, 
  0xff, 0xff, 0x00, 0xff, 0xff, 0x00, 0xff, 0xff, 0x00, 0xff, 0xff, 0x00, 
  0xdf, 0xff, 0x00, 0x9e, 0xf7, 0x00, 0x5c, 0xef, 0x00, 0x3c, 0xe7, 0x00, 
  0x9d, 0xef, 0x00, 0xde, 0xff, 0x00, 0xff, 0xff, 0x00, 0xff, 0xff, 0x00, 
  0xff, 0xff, 0x00, 0xff, 0xff, 0x00, 0xff, 0xff, 0x00, 0xff, 0xff, 0x00, 
  0xff, 0xff, 0x00, 0xff, 0xff, 0x00, 0xff, 0xff, 0x00, 0xff, 0xff, 0x00, 
  0xff, 0xff, 0x00, 0xff, 0xff, 0x00, 0xff, 0xff, 0x00, 0xff, 0xff, 0x00, 
  0xff, 0xff, 0x00, 0xff, 0xff, 0x00, 0xff, 0xff, 0x00, 0xff, 0xff, 0x00, 
  0xff, 0xff, 0x00, 0xff, 0xff, 0x00, 0xff, 0xff, 0x00, 0xff, 0xff, 0x00, 
  0xff, 0xff, 0x00, 0xff, 0xff, 0x00, 0xff, 0xff, 0x00, 0xff, 0xff, 0x00, 
  0xff, 0xff, 0x00, 0xff, 0xff, 0x00, 0xff, 0xff, 0x00, 0xff, 0xff, 0x00, 
  0xff, 0xff, 0x00, 0xff, 0xff, 0x00, 0xff, 0xff, 0x00, 0xff, 0xff, 0x00, 
  0xff, 0xff, 0x00, 0xff, 0xff, 0x00, 0xff, 0xff, 0x00, 0xff, 0xff, 0x00, 
  0xff, 0xff, 0x00, 0xff, 0xff, 0x00, 0xff, 0xff, 0x00, 0xff, 0xff, 0x00, 
  0xff, 0xff, 0x00, 0xff, 0xff, 0x00, 0xff, 0xff, 0x00, 0xff, 0xff, 0x00, 
  0xff, 0xff, 0x00, 0xff, 0xff, 0x00, 0xff, 0xff, 0x00, 0xff, 0xff, 0x00, 
  0xff, 0xff, 0x00, 0xff, 0xff, 0x00, 0xff, 0xff, 0x00, 0xff, 0xff, 0x00, 
  0xff, 0xff, 0x00, 0xff, 0xff, 0x00, 0xff, 0xff, 0x00, 0xff, 0xff, 0x00, 
  0xff, 0xff, 0x00, 0xbe, 0xf7, 0x00, 0x3c, 0xe7, 0x00, 0x5d, 0xef, 0x00, 
  0x9d, 0xf7, 0x00, 0xbe, 0xff, 0x00, 0xff, 0xff, 0x00, 0xff, 0xff, 0x00, 
  0xff, 0xff, 0x00, 0xff, 0xff, 0x00, 0xdf, 0xff, 0x00, 0xbf, 0xff, 0x00, 
  0xdf, 0xff, 0x00, 0xdf, 0xff, 0x00, 0x9f, 0xff, 0x00, 0xfe, 0xfe, 0x00, 
  0xb9, 0xf5, 0x00, 0x95, 0xdc, 0x00, 0xb3, 0xd3, 0x00, 0x31, 0xd3, 0x00, 
  0x32, 0xdb, 0xff, 0x32, 0xe3, 0xff, 0x53, 0xeb, 0xff, 0x74, 0xf3, 0xff, 
  0x54, 0xfb, 0xff, 0x33, 0xfb, 0xff, 0x34, 0xfb, 0xff, 0x34, 0xfb, 0xff, 
  0x34, 0xfb, 0xff, 0x33, 0xfb, 0xff, 0x34, 0xfb, 0xff, 0x34, 0xfb, 0xff, 
  0x33, 0xfb, 0xff, 0x34, 0xfb, 0xff, 0x34, 0xfb, 0xff, 0x54, 0xfb, 0xff, 
  0x74, 0xfb, 0xff, 0x74, 0xfb, 0xff, 0x74, 0xfb, 0xff, 0x74, 0xfb, 0xff, 
  0x54, 0xf3, 0xff, 0x33, 0xeb, 0xff, 0x12, 0xdb, 0xff, 0x11, 0xd3, 0xff, 
  0x52, 0xd3, 0x00, 0x14, 0xd4, 0x00, 0xf7, 0xe4, 0x00, 0x3b, 0xfe, 0x00, 
  0x5f, 0xff, 0x00, 0xbf, 0xff, 0x00, 0xbf, 0xff, 0x00, 0xdf, 0xff, 0x00, 
  0xdf, 0xff, 0x00, 0xff, 0xff, 0x00, 0xff, 0xff, 0x00, 0xff, 0xff, 0x00, 
  0xff, 0xff, 0x00, 0xff, 0xff, 0x00, 0xdf, 0xff, 0x00, 0x9d, 0xf7, 0x00, 
  0x3c, 0xe7, 0x00, 0x3c, 0xe7, 0x00, 0x9e, 0xf7, 0x00, 0xff, 0xff, 0x00, 
  0xff, 0xff, 0x00, 0xff, 0xff, 0x00, 0xff, 0xff, 0x00, 0xff, 0xff, 0x00, 
  0xff, 0xff, 0x00, 0xff, 0xff, 0x00, 0xff, 0xff, 0x00, 0xff, 0xff, 0x00, 
  0xff, 0xff, 0x00, 0xff, 0xff, 0x00, 0xff, 0xff, 0x00, 0xff, 0xff, 0x00, 
  0xff, 0xff, 0x00, 0xff, 0xff, 0x00, 0xff, 0xff, 0x00, 0xff, 0xff, 0x00, 
  0xff, 0xff, 0x00, 0xff, 0xff, 0x00, 0xff, 0xff, 0x00, 0xff, 0xff, 0x00, 
  0xff, 0xff, 0x00, 0xff, 0xff, 0x00, 0xff, 0xff, 0x00, 0xff, 0xff, 0x00, 
  0xff, 0xff, 0x00, 0xff, 0xff, 0x00, 0xff, 0xff, 0x00, 0xff, 0xff, 0x00, 
  0xff, 0xff, 0x00, 0xff, 0xff, 0x00, 0xff, 0xff, 0x00, 0xff, 0xff, 0x00, 
  0xff, 0xff, 0x00, 0xff, 0xff, 0x00, 0xff, 0xff, 0x00, 0xff, 0xff, 0x00, 
  0xff, 0xff, 0x00, 0xff, 0xff, 0x00, 0xff, 0xff, 0x00, 0xff, 0xff, 0x00, 
  0xff, 0xff, 0x00, 0xff, 0xff, 0x00, 0xff, 0xff, 0x00, 0xff, 0xff, 0x00, 
  0xff, 0xff, 0x00, 0xff, 0xff, 0x00, 0xff, 0xff, 0x00, 0xff, 0xff, 0x00, 
  0xff, 0xff, 0x00, 0xff, 0xff, 0x00, 0xff, 0xff, 0x00, 0xff, 0xff, 0x00, 
  0xff, 0xff, 0x00, 0xff, 0xff, 0x00, 0xff, 0xff, 0x00, 0xdf, 0xff, 0x00, 
  0x7d, 0xef, 0x00, 0x3c, 0xe7, 0x00, 0x5d, 0xef, 0x00, 0xbe, 0xff, 0x00, 
  0xdf, 0xff, 0x00, 0xff, 0xff, 0x00, 0xff, 0xff, 0x00, 0xff, 0xff, 0x00, 
  0xff, 0xff, 0x00, 0xff, 0xff, 0x00, 0xbf, 0xff, 0x00, 0x9f, 0xff, 0x00, 
  0xde, 0xfe, 0x00, 0x59, 0xfd, 0x00, 0xf4, 0xe3, 0x00, 0x52, 0xdb, 0x00, 
  0x12, 0xdb, 0xff, 0x53, 0xe3, 0xff, 0x94, 0xf3, 0xff, 0x94, 0xf3, 0xff, 
  0x94, 0xf3, 0xff, 0x95, 0xfb, 0xff, 0x95, 0xfb, 0xff, 0x95, 0xfb, 0xff, 
  0x54, 0xfb, 0xff, 0x34, 0xfb, 0xff, 0x14, 0xfb, 0xff, 0x34, 0xfb, 0xff, 
  0x34, 0xfb, 0xff, 0x14, 0xfb, 0xff, 0x14, 0xfb, 0xff, 0x34, 0xfb, 0xff, 
  0x14, 0xfb, 0xff, 0x14, 0xfb, 0xff, 0x14, 0xfb, 0xff, 0x34, 0xfb, 0xff, 
  0x75, 0xfb, 0xff, 0x75, 0xfb, 0xff, 0x75, 0xfb, 0xff, 0x54, 0xfb, 0xff, 
  0x54, 0xfb, 0xff, 0x74, 0xfb, 0xff, 0x74, 0xfb, 0xff, 0x74, 0xfb, 0xff, 
  0x54, 0xf3, 0xff, 0x53, 0xeb, 0xff, 0x12, 0xe3, 0xff, 0x11, 0xd3, 0x00, 
  0x93, 0xdb, 0x00, 0xb7, 0xec, 0x00, 0x1c, 0xfe, 0x00, 0x7f, 0xff, 0x00, 
  0xbf, 0xff, 0x00, 0xdf, 0xff, 0x00, 0xdf, 0xff, 0x00, 0xff, 0xff, 0x00, 
  0xff, 0xff, 0x00, 0xff, 0xff, 0x00, 0xff, 0xff, 0x00, 0xff, 0xff, 0x00, 
  0xbe, 0xff, 0x00, 0x5d, 0xf7, 0x00, 0x1c, 0xe7, 0x00, 0x5d, 0xef, 0x00, 
  0xdf, 0xff, 0x00, 0xff, 0xff, 0x00, 0xdf, 0xff, 0x00, 0xff, 0xff, 0x00, 
  0xff, 0xff, 0x00, 0xff, 0xff, 0x00, 0xff, 0xff, 0x00, 0xff, 0xff, 0x00, 
  0xff, 0xff, 0x00, 0xff, 0xff, 0x00, 0xff, 0xff, 0x00, 0xff, 0xff, 0x00, 
  0xff, 0xff, 0x00, 0xff, 0xff, 0x00, 0xff, 0xff, 0x00, 0xff, 0xff, 0x00, 
  0xff, 0xff, 0x00, 0xff, 0xff, 0x00, 0xff, 0xff, 0x00, 0xff, 0xff, 0x00, 
  0xff, 0xff, 0x00, 0xff, 0xff, 0x00, 0xff, 0xff, 0x00, 0xff, 0xff, 0x00, 
  0xff, 0xff, 0x00, 0xff, 0xff, 0x00, 0xff, 0xff, 0x00, 0xff, 0xff, 0x00, 
  0xff, 0xff, 0x00, 0xff, 0xff, 0x00, 0xff, 0xff, 0x00, 0xff, 0xff, 0x00, 
  0xff, 0xff, 0x00, 0xff, 0xff, 0x00, 0xff, 0xff, 0x00, 0xff, 0xff, 0x00, 
  0xff, 0xff, 0x00, 0xff, 0xff, 0x00, 0xff, 0xff, 0x00, 0xff, 0xff, 0x00, 
  0xff, 0xff, 0x00, 0xff, 0xff, 0x00, 0xff, 0xff, 0x00, 0xff, 0xff, 0x00, 
  0xff, 0xff, 0x00, 0xff, 0xff, 0x00, 0xff, 0xff, 0x00, 0xff, 0xff, 0x00, 
  0xff, 0xff, 0x00, 0xff, 0xff, 0x00, 0xff, 0xff, 0x00, 0xff, 0xff, 0x00, 
  0xdf, 0xff, 0x00, 0xff, 0xff, 0x00, 0x9e, 0xf7, 0x00, 0x5d, 0xef, 0x00, 
  0x3c, 0xef, 0x00, 0x9e, 0xf7, 0x00, 0xff, 0xff, 0x00, 0xff, 0xff, 0x00, 
  0xff, 0xff, 0x00, 0xff, 0xff, 0x00, 0xff, 0xff, 0x00, 0xdf, 0xff, 0x00, 
  0xbf, 0xff, 0x00, 0x9f, 0xff, 0x00, 0x7c, 0xfe, 0x00, 0xb6, 0xe4, 0x00, 
  0x72, 0xd3, 0x00, 0x32, 0xdb, 0xff, 0x33, 0xeb, 0xff, 0x54, 0xfb, 0xff, 
  0x74, 0xfb, 0xff, 0x75, 0xfb, 0xff, 0x75, 0xfb, 0xff, 0x75, 0xfb, 0xff, 
  0x95, 0xfb, 0xff, 0x75, 0xfb, 0xff, 0x75, 0xfb, 0xff, 0x34, 0xfb, 0xff, 
  0x14, 0xfb, 0xff, 0x14, 0xfb, 0xff, 0x14, 0xfb, 0xff, 0x14, 0xfb, 0xff, 
  0x34, 0xfb, 0xff, 0x14, 0xfb, 0xff, 0x14, 0xfb, 0xff, 0x34, 0xfb, 0xff, 
  0x34, 0xfb, 0xff, 0x13, 0xfb, 0xff, 0x13, 0xfb, 0xff, 0x34, 0xfb, 0xff, 
  0x34, 0xfb, 0xff, 0x54, 0xfb, 0xff, 0x75, 0xfb, 0xff, 0x75, 0xfb, 0xff, 
  0x54, 0xfb, 0xff, 0x54, 0xfb, 0xff, 0x54, 0xfb, 0xff, 0x54, 0xfb, 0xff, 
  0x54, 0xfb, 0xff, 0x34, 0xfb, 0xff, 0x34, 0xfb, 0xff, 0x74, 0xfb, 0xff, 
  0x53, 0xeb, 0xff, 0x12, 0xdb, 0xff, 0x52, 0xd3, 0x00, 0xf4, 0xd3, 0x00, 
  0x79, 0xed, 0x00, 0x1e, 0xff, 0x00, 0xbf, 0xff, 0x00, 0xdf, 0xff, 0x00, 
  0xff, 0xff, 0x00, 0xff, 0xff, 0x00, 0xdf, 0xff, 0x00, 0xff, 0xff, 0x00, 
  0xff, 0xff, 0x00, 0xff, 0xff, 0x00, 0xdf, 0xff, 0x00, 0x3c, 0xef, 0x00, 
  0x3c, 0xe7, 0x00, 0x9e, 0xf7, 0x00, 0xdf, 0xff, 0x00, 0xff, 0xff, 0x00, 
  0xff, 0xff, 0x00, 0xff, 0xff, 0x00, 0xff, 0xff, 0x00, 0xff, 0xff, 0x00, 
  0xff, 0xff, 0x00, 0xff, 0xff, 0x00, 0xff, 0xff, 0x00, 0xff, 0xff, 0x00, 
  0xff, 0xff, 0x00, 0xff, 0xff, 0x00, 0xff, 0xff, 0x00, 0xff, 0xff, 0x00, 
  0xff, 0xff, 0x00, 0xff, 0xff, 0x00, 0xff, 0xff, 0x00, 0xff, 0xff, 0x00, 
  0xff, 0xff, 0x00, 0xff, 0xff, 0x00, 0xff, 0xff, 0x00, 0xff, 0xff, 0x00, 
  0xff, 0xff, 0x00, 0xff, 0xff, 0x00, 0xff, 0xff, 0x00, 0xff, 0xff, 0x00, 
  0xff, 0xff, 0x00, 0xff, 0xff, 0x00, 0xff, 0xff, 0x00, 0xff, 0xff, 0x00, 
  0xff, 0xff, 0x00, 0xff, 0xff, 0x00, 0xff, 0xff, 0x00, 0xff, 0xff, 0x00, 
  0xff, 0xff, 0x00, 0xff, 0xff, 0x00, 0xff, 0xff, 0x00, 0xff, 0xff, 0x00, 
  0xff, 0xff, 0x00, 0xff, 0xff, 0x00, 0xff, 0xff, 0x00, 0xff, 0xff, 0x00, 
  0xff, 0xff, 0x00, 0xdf, 0xff, 0x00, 0xff, 0xff, 0x00, 0xff, 0xff, 0x00, 
  0xff, 0xff, 0x00, 0xff, 0xff, 0x00, 0xff, 0xff, 0x00, 0xff, 0xff, 0x00, 
  0xff, 0xff, 0x00, 0x7d, 0xef, 0x00, 0x1c, 0xe7, 0x00, 0x7e, 0xf7, 0x00, 
  0xdf, 0xff, 0x00, 0xff, 0xff, 0x00, 0xff, 0xff, 0x00, 0xff, 0xff, 0x00, 
  0xff, 0xff, 0x00, 0xbf, 0xff, 0x00, 0xbf, 0xff, 0x00, 0x7f, 0xff, 0x00, 
  0x1b, 0xfe, 0x00, 0x55, 0xe4, 0x00, 0x72, 0xd3, 0x00, 0x53, 0xe3, 0xff, 
  0x74, 0xf3, 0xff, 0x94, 0xfb, 0xff, 0x95, 0xfb, 0xff, 0x95, 0xfb, 0xff, 
  0x75, 0xfb, 0xff, 0x75, 0xfb, 0xff, 0x75, 0xfb, 0xff, 0x75, 0xfb, 0xff, 
  0x75, 0xfb, 0xff, 0x75, 0xfb, 0xff, 0x75, 0xfb, 0xff, 0x34, 0xfb, 0xff, 
  0x34, 0xfb, 0xff, 0x14, 0xfb, 0xff, 0x14, 0xfb, 0xff, 0x14, 0xfb, 0xff, 
  0x14, 0xfb, 0xff, 0x14, 0xfb, 0xff, 0x14, 0xfb, 0xff, 0x34, 0xfb, 0xff, 
  0x34, 0xfb, 0xff, 0x34, 0xfb, 0xff, 0x13, 0xfb, 0xff, 0x14, 0xfb, 0xff, 
  0x34, 0xfb, 0xff, 0x54, 0xfb, 0xff, 0x54, 0xfb, 0xff, 0x54, 0xfb, 0xff, 
  0x54, 0xfb, 0xff, 0x54, 0xfb, 0xff, 0x54, 0xfb, 0xff, 0x54, 0xfb, 0xff, 
  0x34, 0xfb, 0xff, 0x54, 0xfb, 0xff, 0x54, 0xfb, 0xff, 0x54, 0xfb, 0xff, 
  0x95, 0xfb, 0xff, 0xb5, 0xfb, 0xff, 0x94, 0xf3, 0xff, 0x53, 0xeb, 0xff, 
  0x12, 0xdb, 0xff, 0x72, 0xdb, 0x00, 0xd7, 0xec, 0x00, 0xde, 0xfe, 0x00, 
  0x9f, 0xff, 0x00, 0xdf, 0xff, 0x00, 0xff, 0xff, 0x00, 0xdf, 0xff, 0x00, 
  0xff, 0xff, 0x00, 0xdf, 0xff, 0x00, 0xff, 0xff, 0x00, 0xff, 0xff, 0x00, 
  0x7d, 0xf7, 0x00, 0x1c, 0xe7, 0x00, 0x3d, 0xef, 0x00, 0xdf, 0xff, 0x00, 
  0xff, 0xff, 0x00, 0xff, 0xff, 0x00, 0xff, 0xff, 0x00, 0xff, 0xff, 0x00, 
  0xff, 0xff, 0x00, 0xff, 0xff, 0x00, 0xff, 0xff, 0x00, 0xff, 0xff, 0x00, 
  0xff, 0xff, 0x00, 0xff, 0xff, 0x00, 0xff, 0xff, 0x00, 0xff, 0xff, 0x00, 
  0xff, 0xff, 0x00, 0xff, 0xff, 0x00, 0xff, 0xff, 0x00, 0xff, 0xff, 0x00, 
  0xff, 0xff, 0x00, 0xff, 0xff, 0x00, 0xff, 0xff, 0x00, 0xff, 0xff, 0x00, 
  0xff, 0xff, 0x00, 0xff, 0xff, 0x00, 0xff, 0xff, 0x00, 0xff, 0xff, 0x00, 
  0xff, 0xff, 0x00, 0xff, 0xff, 0x00, 0xff, 0xff, 0x00, 0xff, 0xff, 0x00, 
  0xff, 0xff, 0x00, 0xff, 0xff, 0x00, 0xff, 0xff, 0x00, 0xff, 0xff, 0x00, 
  0xff, 0xff, 0x00, 0xff, 0xff, 0x00, 0xff, 0xff, 0x00, 0xff, 0xff, 0x00, 
  0xff, 0xff, 0x00, 0xff, 0xff, 0x00, 0xff, 0xff, 0x00, 0xff, 0xff, 0x00, 
  0xff, 0xff, 0x00, 0xff, 0xff, 0x00, 0xff, 0xff, 0x00, 0xff, 0xff, 0x00, 
  0xff, 0xff, 0x00, 0xff, 0xff, 0x00, 0xff, 0xff, 0x00, 0xbe, 0xf7, 0x00, 
  0x3c, 0xe7, 0x00, 0x3c, 0xe7, 0x00, 0xbe, 0xf7, 0x00, 0xff, 0xff, 0x00, 
  0xff, 0xff, 0x00, 0xff, 0xff, 0x00, 0xdf, 0xff, 0x00, 0xdf, 0xff, 0x00, 
  0xbf, 0xff, 0x00, 0x9f, 0xff, 0x00, 0x3b, 0xfe, 0x00, 0x55, 0xdc, 0x00, 
  0x73, 0xdb, 0x00, 0x94, 0xeb, 0xff, 0x95, 0xfb, 0xff, 0x95, 0xfb, 0xff, 
  0x95, 0xfb, 0xff, 0x75, 0xfb, 0xff, 0x75, 0xfb, 0xff, 0x75, 0xfb, 0xff, 
  0x75, 0xfb, 0xff, 0x75, 0xfb, 0xff, 0x75, 0xfb, 0xff, 0x75, 0xfb, 0xff, 
  0x75, 0xfb, 0xff, 0x55, 0xfb, 0xff, 0x34, 0xfb, 0xff, 0x14, 0xfb, 0xff, 
  0x14, 0xfb, 0xff, 0x14, 0xfb, 0xff, 0x14, 0xfb, 0xff, 0x14, 0xfb, 0xff, 
  0x14, 0xfb, 0xff, 0x34, 0xfb, 0xff, 0x34, 0xfb, 0xff, 0x54, 0xfb, 0xff, 
  0x54, 0xfb, 0xff, 0x34, 0xfb, 0xff, 0x14, 0xfb, 0xff, 0x34, 0xfb, 0xff, 
  0x14, 0xfb, 0xff, 0x14, 0xfb, 0xff, 0x34, 0xfb, 0xff, 0x54, 0xfb, 0xff, 
  0x54, 0xfb, 0xff, 0x54, 0xfb, 0xff, 0x54, 0xfb, 0xff, 0x54, 0xfb, 0xff, 
  0x54, 0xfb, 0xff, 0x34, 0xfb, 0xff, 0x54, 0xfb, 0xff, 0x54, 0xfb, 0xff, 
  0x54, 0xfb, 0xff, 0x54, 0xfb, 0xff, 0x75, 0xfb, 0xff, 0x95, 0xfb, 0xff, 
  0x75, 0xfb, 0xff, 0x33, 0xf3, 0xff, 0xf1, 0xd2, 0xff, 0xb3, 0xd3, 0x00, 
  0x58, 0xf5, 0x00, 0x1e, 0xff, 0x00, 0xbf, 0xff, 0x00, 0xdf, 0xff, 0x00, 
  0xff, 0xff, 0x00, 0xff, 0xff, 0x00, 0xff, 0xff, 0x00, 0xdf, 0xff, 0x00, 
  0xff, 0xff, 0x00, 0xdf, 0xff, 0x00, 0x3d, 0xef, 0x00, 0x3c, 0xe7, 0x00, 
  0x9e, 0xf7, 0x00, 0xff, 0xff, 0x00, 0xff, 0xff, 0x00, 0xff, 0xff, 0x00, 
  0xff, 0xff, 0x00, 0xff, 0xff, 0x00, 0xff, 0xff, 0x00, 0xff, 0xff, 0x00, 
  0xff, 0xff, 0x00, 0xff, 0xff, 0x00, 0xff, 0xff, 0x00, 0xff, 0xff, 0x00, 
  0xff, 0xff, 0x00, 0xff, 0xff, 0x00, 0xff, 0xff, 0x00, 0xff, 0xff, 0x00, 
  0xff, 0xff, 0x00, 0xff, 0xff, 0x00, 0xff, 0xff, 0x00, 0xff, 0xff, 0x00, 
  0xff, 0xff, 0x00, 0xff, 0xff, 0x00, 0xff, 0xff, 0x00, 0xff, 0xff, 0x00, 
  0xff, 0xff, 0x00, 0xff, 0xff, 0x00, 0xff, 0xff, 0x00, 0xff, 0xff, 0x00, 
  0xff, 0xff, 0x00, 0xff, 0xff, 0x00, 0xff, 0xff, 0x00, 0xff, 0xff, 0x00, 
  0xff, 0xff, 0x00, 0xff, 0xff, 0x00, 0xff, 0xff, 0x00, 0xff, 0xff, 0x00, 
  0xff, 0xff, 0x00, 0xff, 0xff, 0x00, 0xff, 0xff, 0x00, 0xff, 0xff, 0x00, 
  0xff, 0xff, 0x00, 0xff, 0xff, 0x00, 0xff, 0xff, 0x00, 0xff, 0xff, 0x00, 
  0xff, 0xff, 0x00, 0xff, 0xff, 0x00, 0x9e, 0xf7, 0x00, 0x3c, 0xe7, 0x00, 
  0x7d, 0xef, 0x00, 0xdf, 0xff, 0x00, 0xff, 0xff, 0x00, 0xff, 0xff, 0x00, 
  0xff, 0xff, 0x00, 0xff, 0xff, 0x00, 0xff, 0xff, 0x00, 0xbf, 0xff, 0x00, 
  0x7d, 0xfe, 0x00, 0x76, 0xec, 0x00, 0x73, 0xdb, 0x00, 0xb4, 0xf3, 0xff, 
  0x94, 0xfb, 0xff, 0x74, 0xfb, 0xff, 0x95, 0xfb, 0xff, 0x75, 0xfb, 0xff, 
  0x75, 0xfb, 0xff, 0x75, 0xfb, 0xff, 0x75, 0xfb, 0xff, 0x75, 0xfb, 0xff, 
  0x75, 0xfb, 0xff, 0x75, 0xfb, 0xff, 0x55, 0xfb, 0xff, 0x75, 0xfb, 0xff, 
  0x75, 0xfb, 0xff, 0x74, 0xfb, 0xff, 0x34, 0xfb, 0xff, 0x34, 0xfb, 0xff, 
  0x34, 0xfb, 0xff, 0x14, 0xfb, 0xff, 0x14, 0xfb, 0xff, 0x13, 0xfb, 0xff, 
  0x34, 0xfb, 0xff, 0x34, 0xfb, 0xff, 0x54, 0xfb, 0xff, 0x74, 0xfb, 0xff, 
  0x54, 0xfb, 0xff, 0x34, 0xfb, 0xff, 0x13, 0xfb, 0xff, 0x14, 0xfb, 0xff, 
  0x34, 0xfb, 0xff, 0x34, 0xfb, 0xff, 0x54, 0xfb, 0xff, 0x54, 0xfb, 0xff, 
  0x34, 0xfb, 0xff, 0x54, 0xfb, 0xff, 0x54, 0xfb, 0xff, 0x54, 0xfb, 0xff, 
  0x34, 0xfb, 0xff, 0x54, 0xfb, 0xff, 0x55, 0xfb, 0xff, 0x34, 0xfb, 0xff, 
  0x34, 0xfb, 0xff, 0x54, 0xfb, 0xff, 0x75, 0xfb, 0xff, 0x54, 0xfb, 0xff, 
  0x54, 0xfb, 0xff, 0x34, 0xfb, 0xff, 0x54, 0xfb, 0xff, 0x74, 0xf3, 0xff, 
  0x73, 0xe3, 0xff, 0xf4, 0xe3, 0x00, 0x58, 0xf5, 0x00, 0x7f, 0xff, 0x00, 
  0xbf, 0xff, 0x00, 0xff, 0xff, 0x00, 0xff, 0xff, 0x00, 0xff, 0xff, 0x00, 
  0xff, 0xff, 0x00, 0xff, 0xff, 0x00, 0xdf, 0xff, 0x00, 0x7d, 0xef, 0x00, 
  0x3c, 0xe7, 0x00, 0x9e, 0xf7, 0x00, 0xff, 0xff, 0x00, 0xff, 0xff, 0x00, 
  0xff, 0xff, 0x00, 0xff, 0xff, 0x00, 0xff, 0xff, 0x00, 0xff, 0xff, 0x00, 
  0xff, 0xff, 0x00, 0xff, 0xff, 0x00, 0xff, 0xff, 0x00, 0xff, 0xff, 0x00, 
  0xff, 0xff, 0x00, 0xff, 0xff, 0x00, 0xff, 0xff, 0x00, 0xff, 0xff, 0x00, 
  0xff, 0xff, 0x00, 0xff, 0xff, 0x00, 0xff, 0xff, 0x00, 0xff, 0xff, 0x00, 
  0xff, 0xff, 0x00, 0xff, 0xff, 0x00, 0xff, 0xff, 0x00, 0xff, 0xff, 0x00, 
  0xff, 0xff, 0x00, 0xff, 0xff, 0x00, 0xff, 0xff, 0x00, 0xff, 0xff, 0x00, 
  0xff, 0xff, 0x00, 0xff, 0xff, 0x00, 0xff, 0xff, 0x00, 0xff, 0xff, 0x00, 
  0xff, 0xff, 0x00, 0xff, 0xff, 0x00, 0xff, 0xff, 0x00, 0xff, 0xff, 0x00, 
  0xff, 0xff, 0x00, 0xff, 0xff, 0x00, 0xff, 0xff, 0x00, 0xff, 0xff, 0x00, 
  0xff, 0xff, 0x00, 0xff, 0xff, 0x00, 0xff, 0xff, 0x00, 0xff, 0xff, 0x00, 
  0xff, 0xff, 0x00, 0x7d, 0xef, 0x00, 0x3c, 0xe7, 0x00, 0x7d, 0xef, 0x00, 
  0xdf, 0xff, 0x00, 0xff, 0xff, 0x00, 0xdf, 0xff, 0x00, 0xff, 0xff, 0x00, 
  0xbf, 0xff, 0x00, 0xbf, 0xff, 0x00, 0x5f, 0xff, 0x00, 0x17, 0xe5, 0x00, 
  0x52, 0xd3, 0x00, 0x74, 0xf3, 0xff, 0x95, 0xfb, 0xff, 0x75, 0xfb, 0xff, 
  0x75, 0xfb, 0xff, 0x75, 0xfb, 0xff, 0x54, 0xfb, 0xff, 0x75, 0xfb, 0xff, 
  0x75, 0xfb, 0xff, 0x95, 0xfb, 0xff, 0x75, 0xfb, 0xff, 0x55, 0xfb, 0xff, 
  0x75, 0xfb, 0xff, 0x75, 0xfb, 0xff, 0x75, 0xfb, 0xff, 0x55, 0xfb, 0xff, 
  0x75, 0xfb, 0xff, 0x54, 0xfb, 0xff, 0x34, 0xfb, 0xff, 0x34, 0xfb, 0xff, 
  0x14, 0xfb, 0xff, 0x14, 0xfb, 0xff, 0x14, 0xfb, 0xff, 0x34, 0xfb, 0xff, 
  0x34, 0xfb, 0xff, 0x54, 0xfb, 0xff, 0x74, 0xfb, 0xff, 0x75, 0xfb, 0xff, 
  0x75, 0xfb, 0xff, 0x54, 0xfb, 0xff, 0x34, 0xfb, 0xff, 0x34, 0xfb, 0xff, 
  0x13, 0xfb, 0xff, 0x34, 0xfb, 0xff, 0x54, 0xfb, 0xff, 0x54, 0xfb, 0xff, 
  0x54, 0xfb, 0xff, 0x54, 0xfb, 0xff, 0x54, 0xfb, 0xff, 0x54, 0xfb, 0xff, 
  0x55, 0xfb, 0xff, 0x34, 0xfb, 0xff, 0x34, 0xfb, 0xff, 0x54, 0xfb, 0xff, 
  0x54, 0xfb, 0xff, 0x34, 0xfb, 0xff, 0x54, 0xfb, 0xff, 0x75, 0xfb, 0xff, 
  0x34, 0xfb, 0xff, 0x34, 0xfb, 0xff, 0x54, 0xfb, 0xff, 0x75, 0xfb, 0xff, 
  0x94, 0xfb, 0xff, 0x94, 0xf3, 0xff, 0x72, 0xdb, 0xff, 0xf4, 0xd3, 0x00, 
  0x7c, 0xfe, 0x00, 0x9f, 0xff, 0x00, 0xdf, 0xff, 0x00, 0xff, 0xff, 0x00, 
  0xff, 0xff, 0x00, 0xff, 0xff, 0x00, 0xff, 0xff, 0x00, 0xff, 0xff, 0x00, 
  0x7d, 0xef, 0x00, 0x3c, 0xe7, 0x00, 0x5d, 0xef, 0x00, 0xff, 0xff, 0x00, 
  0xff, 0xff, 0x00, 0xff, 0xff, 0x00, 0xff, 0xff, 0x00, 0xff, 0xff, 0x00, 
  0xff, 0xff, 0x00, 0xff, 0xff, 0x00, 0xff, 0xff, 0x00, 0xff, 0xff, 0x00, 
  0xff, 0xff, 0x00, 0xff, 0xff, 0x00, 0xff, 0xff, 0x00, 0xff, 0xff, 0x00, 
  0xff, 0xff, 0x00, 0xff, 0xff, 0x00, 0xff, 0xff, 0x00, 0xff, 0xff, 0x00, 
  0xff, 0xff, 0x00, 0xff, 0xff, 0x00, 0xff, 0xff, 0x00, 0xff, 0xff, 0x00, 
  0xff, 0xff, 0x00, 0xff, 0xff, 0x00, 0xff, 0xff, 0x00, 0xff, 0xff, 0x00, 
  0xff, 0xff, 0x00, 0xff, 0xff, 0x00, 0xff, 0xff, 0x00, 0xff, 0xff, 0x00, 
  0xff, 0xff, 0x00, 0xff, 0xff, 0x00, 0xff, 0xff, 0x00, 0xff, 0xff, 0x00, 
  0xff, 0xff, 0x00, 0xff, 0xff, 0x00, 0xff, 0xff, 0x00, 0xff, 0xff, 0x00, 
  0xff, 0xff, 0x00, 0xff, 0xff, 0x00, 0xff, 0xff, 0x00, 0xff, 0xff, 0x00, 
  0x7d, 0xef, 0x00, 0x3c, 0xe7, 0x00, 0x9e, 0xf7, 0x00, 0xff, 0xff, 0x00, 
  0xff, 0xff, 0x00, 0xff, 0xff, 0x00, 0xff, 0xff, 0x00, 0xdf, 0xff, 0x00, 
  0x9f, 0xff, 0x00, 0x1b, 0xfe, 0x00, 0x93, 0xdb, 0x00, 0xf1, 0xda, 0xff, 
  0x54, 0xf3, 0xff, 0x74, 0xfb, 0xff, 0x75, 0xfb, 0xff, 0x75, 0xfb, 0xff, 
  0x75, 0xfb, 0xff, 0x75, 0xfb, 0xff, 0x75, 0xfb, 0xff, 0x75, 0xfb, 0xff, 
  0x75, 0xfb, 0xff, 0x75, 0xfb, 0xff, 0x75, 0xfb, 0xff, 0x75, 0xfb, 0xff, 
  0x75, 0xfb, 0xff, 0x75, 0xfb, 0xff, 0x75, 0xfb, 0xff, 0x75, 0xfb, 0xff, 
  0x54, 0xfb, 0xff, 0x34, 0xfb, 0xff, 0x14, 0xfb, 0xff, 0x34, 0xfb, 0xff, 
  0x34, 0xfb, 0xff, 0x13, 0xfb, 0xff, 0x14, 0xfb, 0xff, 0x34, 0xfb, 0xff, 
  0x34, 0xfb, 0xff, 0x54, 0xfb, 0xff, 0x75, 0xfb, 0xff, 0x75, 0xfb, 0xff, 
  0x75, 0xfb, 0xff, 0x55, 0xfb, 0xff, 0x34, 0xfb, 0xff, 0x34, 0xfb, 0xff, 
  0x34, 0xfb, 0xff, 0x34, 0xfb, 0xff, 0x33, 0xfb, 0xff, 0x54, 0xfb, 0xff, 
  0x75, 0xfb, 0xff, 0x75, 0xfb, 0xff, 0x55, 0xfb, 0xff, 0x75, 0xfb, 0xff, 
  0x75, 0xfb, 0xff, 0x75, 0xfb, 0xff, 0x75, 0xfb, 0xff, 0x75, 0xfb, 0xff, 
  0x55, 0xfb, 0xff, 0x75, 0xfb, 0xff, 0x75, 0xfb, 0xff, 0x34, 0xfb, 0xff, 
  0x14, 0xfb, 0xff, 0x14, 0xfb, 0xff, 0x34, 0xfb, 0xff, 0x54, 0xfb, 0xff, 
  0x54, 0xfb, 0xff, 0x95, 0xfb, 0xff, 0x95, 0xfb, 0xff, 0x53, 0xeb, 0xff, 
  0x52, 0xdb, 0x00, 0x18, 0xf5, 0x00, 0x3f, 0xff, 0x00, 0xbf, 0xff, 0x00, 
  0xdf, 0xff, 0x00, 0xff, 0xff, 0x00, 0xff, 0xff, 0x00, 0xff, 0xff, 0x00, 
  0xff, 0xff, 0x00, 0x9e, 0xf7, 0x00, 0x3c, 0xe7, 0x00, 0x5d, 0xef, 0x00, 
  0xff, 0xff, 0x00, 0xff, 0xff, 0x00, 0xff, 0xff, 0x00, 0xff, 0xff, 0x00, 
  0xdf, 0xff, 0x00, 0xff, 0xff, 0x00, 0xff, 0xff, 0x00, 0xff, 0xff, 0x00, 
  0xff, 0xff, 0x00, 0xff, 0xff, 0x00, 0xff, 0xff, 0x00, 0xff, 0xff, 0x00, 
  0xff, 0xff, 0x00, 0xff, 0xff, 0x00, 0xff, 0xff, 0x00, 0xff, 0xff, 0x00, 
  0xff, 0xff, 0x00, 0xff, 0xff, 0x00, 0xff, 0xff, 0x00, 0xff, 0xff, 0x00, 
  0xff, 0xff, 0x00, 0xff, 0xff, 0x00, 0xff, 0xff, 0x00, 0xff, 0xff, 0x00, 
  0xff, 0xff, 0x00, 0xff, 0xff, 0x00, 0xff, 0xff, 0x00, 0xff, 0xff, 0x00, 
  0xff, 0xff, 0x00, 0xff, 0xff, 0x00, 0xff, 0xff, 0x00, 0xff, 0xff, 0x00, 
  0xff, 0xff, 0x00, 0xff, 0xff, 0x00, 0xff, 0xff, 0x00, 0xff, 0xff, 0x00, 
  0xff, 0xff, 0x00, 0xff, 0xff, 0x00, 0xff, 0xff, 0x00, 0x9d, 0xef, 0x00, 
  0x3c, 0xe7, 0x00, 0xbe, 0xf7, 0x00, 0xff, 0xff, 0x00, 0xde, 0xff, 0x00, 
  0xff, 0xff, 0x00, 0xff, 0xff, 0x00, 0xdf, 0xff, 0x00, 0x7f, 0xff, 0x00, 
  0x17, 0xed, 0x00, 0x11, 0xcb, 0x00, 0x13, 0xeb, 0xff, 0x34, 0xfb, 0xff, 
  0x34, 0xfb, 0xff, 0x54, 0xfb, 0xff, 0x75, 0xfb, 0xff, 0x75, 0xfb, 0xff, 
  0x75, 0xfb, 0xff, 0x75, 0xfb, 0xff, 0x75, 0xfb, 0xff, 0x75, 0xfb, 0xff, 
  0x75, 0xfb, 0xff, 0x75, 0xfb, 0xff, 0x75, 0xfb, 0xff, 0x75, 0xfb, 0xff, 
  0x75, 0xfb, 0xff, 0x75, 0xfb, 0xff, 0x75, 0xfb, 0xff, 0x75, 0xfb, 0xff, 
  0x34, 0xfb, 0xff, 0x34, 0xfb, 0xff, 0x14, 0xfb, 0xff, 0x14, 0xfb, 0xff, 
  0x14, 0xfb, 0xff, 0x34, 0xfb, 0xff, 0x34, 0xfb, 0xff, 0x34, 0xfb, 0xff, 
  0x54, 0xfb, 0xff, 0x75, 0xfb, 0xff, 0x75, 0xfb, 0xff, 0x75, 0xfb, 0xff, 
  0x75, 0xfb, 0xff, 0x75, 0xfb, 0xff, 0x55, 0xfb, 0xff, 0x34, 0xfb, 0xff, 
  0x14, 0xfb, 0xff, 0x34, 0xfb, 0xff, 0x34, 0xfb, 0xff, 0x34, 0xfb, 0xff, 
  0x54, 0xfb, 0xff, 0x75, 0xfb, 0xff, 0x75, 0xfb, 0xff, 0x75, 0xfb, 0xff, 
  0x75, 0xfb, 0xff, 0x75, 0xfb, 0xff, 0x75, 0xfb, 0xff, 0x75, 0xfb, 0xff, 
  0x75, 0xfb, 0xff, 0x75, 0xfb, 0xff, 0x55, 0xfb, 0xff, 0x34, 0xfb, 0xff, 
  0x13, 0xfb, 0xff, 0x13, 0xfb, 0xff, 0x34, 0xfb, 0xff, 0x34, 0xfb, 0xff, 
  0x34, 0xfb, 0xff, 0x75, 0xfb, 0xff, 0x75, 0xfb, 0xff, 0x54, 0xfb, 0xff, 
  0x95, 0xfb, 0xff, 0x73, 0xe3, 0xff, 0x55, 0xe4, 0x00, 0x9d, 0xfe, 0x00, 
  0xbf, 0xff, 0x00, 0xdf, 0xff, 0x00, 0xff, 0xff, 0x00, 0xff, 0xff, 0x00, 
  0xff, 0xff, 0x00, 0xff, 0xff, 0x00, 0xbe, 0xf7, 0x00, 0x3c, 0xe7, 0x00, 
  0x5c, 0xe7, 0x00, 0xdf, 0xff, 0x00, 0xff, 0xff, 0x00, 0xff, 0xff, 0x00, 
  0xff, 0xff, 0x00, 0xff, 0xff, 0x00, 0xff, 0xff, 0x00, 0xff, 0xff, 0x00, 
  0xff, 0xff, 0x00, 0xff, 0xff, 0x00, 0xff, 0xff, 0x00, 0xff, 0xff, 0x00, 
  0xff, 0xff, 0x00, 0xff, 0xff, 0x00, 0xff, 0xff, 0x00, 0xff, 0xff, 0x00, 
  0xff, 0xff, 0x00, 0xff, 0xff, 0x00, 0xff, 0xff, 0x00, 0xff, 0xff, 0x00, 
  0xff, 0xff, 0x00, 0xff, 0xff, 0x00, 0xff, 0xff, 0x00, 0xff, 0xff, 0x00, 
  0xff, 0xff, 0x00, 0xff, 0xff, 0x00, 0xff, 0xff, 0x00, 0xff, 0xff, 0x00, 
  0xff, 0xff, 0x00, 0xff, 0xff, 0x00, 0xff, 0xff, 0x00, 0xff, 0xff, 0x00, 
  0xff, 0xff, 0x00, 0xff, 0xff, 0x00, 0xff, 0xff, 0x00, 0xff, 0xff, 0x00, 
  0xff, 0xff, 0x00, 0xff, 0xff, 0x00, 0x5d, 0xef, 0x00, 0x3c, 0xe7, 0x00, 
  0xde, 0xf7, 0x00, 0xff, 0xff, 0x00, 0xff, 0xff, 0x00, 0xff, 0xff, 0x00, 
  0xdf, 0xff, 0x00, 0xbf, 0xff, 0x00, 0xde, 0xfe, 0x00, 0x14, 0xe4, 0x00, 
  0x12, 0xdb, 0xff, 0x53, 0xf3, 0xff, 0x54, 0xf3, 0xff, 0x34, 0xfb, 0xff, 
  0x34, 0xfb, 0xff, 0x34, 0xfb, 0xff, 0x55, 0xfb, 0xff, 0x75, 0xfb, 0xff, 
  0x75, 0xfb, 0xff, 0x75, 0xfb, 0xff, 0x75, 0xfb, 0xff, 0x75, 0xfb, 0xff, 
  0x75, 0xfb, 0xff, 0x75, 0xfb, 0xff, 0x75, 0xfb, 0xff, 0x75, 0xfb, 0xff, 
  0x75, 0xfb, 0xff, 0x75, 0xfb, 0xff, 0x75, 0xfb, 0xff, 0x54, 0xfb, 0xff, 
  0x34, 0xfb, 0xff, 0x34, 0xfb, 0xff, 0x14, 0xfb, 0xff, 0x14, 0xfb, 0xff, 
  0x14, 0xfb, 0xff, 0x34, 0xfb, 0xff, 0x34, 0xfb, 0xff, 0x34, 0xfb, 0xff, 
  0x55, 0xfb, 0xff, 0x75, 0xfb, 0xff, 0x75, 0xfb, 0xff, 0x75, 0xfb, 0xff, 
  0x75, 0xfb, 0xff, 0x75, 0xfb, 0xff, 0x75, 0xfb, 0xff, 0x54, 0xfb, 0xff, 
  0x34, 0xfb, 0xff, 0x34, 0xfb, 0xff, 0x34, 0xfb, 0xff, 0x34, 0xfb, 0xff, 
  0x34, 0xfb, 0xff, 0x75, 0xfb, 0xff, 0x75, 0xfb, 0xff, 0x75, 0xfb, 0xff, 
  0x75, 0xfb, 0xff, 0x75, 0xfb, 0xff, 0x75, 0xfb, 0xff, 0x75, 0xfb, 0xff, 
  0x75, 0xfb, 0xff, 0x75, 0xfb, 0xff, 0x34, 0xfb, 0xff, 0x34, 0xfb, 0xff, 
  0x34, 0xfb, 0xff, 0x13, 0xfb, 0xff, 0x34, 0xfb, 0xff, 0x34, 0xfb, 0xff, 
  0x34, 0xfb, 0xff, 0x54, 0xfb, 0xff, 0x75, 0xfb, 0xff, 0x75, 0xfb, 0xff, 
  0x75, 0xfb, 0xff, 0x94, 0xfb, 0xff, 0x93, 0xeb, 0xff, 0xb3, 0xdb, 0x00, 
  0xda, 0xfd, 0x00, 0x9f, 0xff, 0x00, 0xdf, 0xff, 0x00, 0xff, 0xff, 0x00, 
  0xff, 0xff, 0x00, 0xff, 0xff, 0x00, 0xff, 0xff, 0x00, 0xdf, 0xf7, 0x00, 
  0x3c, 0xe7, 0x00, 0x3c, 0xef, 0x00, 0xdf, 0xff, 0x00, 0xff, 0xff, 0x00, 
  0xff, 0xff, 0x00, 0xff, 0xff, 0x00, 0xff, 0xff, 0x00, 0xff, 0xff, 0x00, 
  0xff, 0xff, 0x00, 0xff, 0xff, 0x00, 0xff, 0xff, 0x00, 0xff, 0xff, 0x00, 
  0xff, 0xff, 0x00, 0xff, 0xff, 0x00, 0xff, 0xff, 0x00, 0xff, 0xff, 0x00, 
  0xff, 0xff, 0x00, 0xff, 0xff, 0x00, 0xff, 0xff, 0x00, 0xff, 0xff, 0x00, 
  0xff, 0xff, 0x00, 0xff, 0xff, 0x00, 0xff, 0xff, 0x00, 0xff, 0xff, 0x00, 
  0xff, 0xff, 0x00, 0xff, 0xff, 0x00, 0xff, 0xff, 0x00, 0xff, 0xff, 0x00, 
  0xff, 0xff, 0x00, 0xff, 0xff, 0x00, 0xff, 0xff, 0x00, 0xff, 0xff, 0x00, 
  0xff, 0xff, 0x00, 0xff, 0xff, 0x00, 0xff, 0xff, 0x00, 0xff, 0xff, 0x00, 
  0xff, 0xff, 0x00, 0x5d, 0xef, 0x00, 0x3c, 0xe7, 0x00, 0xff, 0xff, 0x00, 
  0xff, 0xff, 0x00, 0xff, 0xff, 0x00, 0xff, 0xff, 0x00, 0xbf, 0xff, 0x00, 
  0xbf, 0xff, 0x00, 0x5c, 0xfe, 0x00, 0x92, 0xd3, 0x00, 0xf1, 0xe2, 0xff, 
  0x74, 0xfb, 0xff, 0x34, 0xfb, 0xff, 0x34, 0xfb, 0xff, 0x34, 0xfb, 0xff, 
  0x34, 0xfb, 0xff, 0x34, 0xfb, 0xff, 0x34, 0xfb, 0xff, 0x55, 0xfb, 0xff, 
  0x75, 0xfb, 0xff, 0x75, 0xfb, 0xff, 0x75, 0xfb, 0xff, 0x75, 0xfb, 0xff, 
  0x75, 0xfb, 0xff, 0x75, 0xfb, 0xff, 0x75, 0xfb, 0xff, 0x75, 0xfb, 0xff, 
  0x75, 0xfb, 0xff, 0x75, 0xfb, 0xff, 0x55, 0xfb, 0xff, 0x34, 0xfb, 0xff, 
  0x34, 0xfb, 0xff, 0x13, 0xfb, 0xff, 0x14, 0xfb, 0xff, 0x14, 0xfb, 0xff, 
  0x34, 0xfb, 0xff, 0x14, 0xfb, 0xff, 0x34, 0xfb, 0xff, 0x54, 0xfb, 0xff, 
  0x75, 0xfb, 0xff, 0x75, 0xfb, 0xff, 0x75, 0xfb, 0xff, 0x75, 0xfb, 0xff, 
  0x75, 0xfb, 0xff, 0x75, 0xfb, 0xff, 0x75, 0xfb, 0xff, 0x75, 0xfb, 0xff, 
  0x34, 0xfb, 0xff, 0x13, 0xfb, 0xff, 0x34, 0xfb, 0xff, 0x34, 0xfb, 0xff, 
  0x34, 0xfb, 0xff, 0x54, 0xfb, 0xff, 0x75, 0xfb, 0xff, 0x75, 0xfb, 0xff, 
  0x75, 0xfb, 0xff, 0x75, 0xfb, 0xff, 0x75, 0xfb, 0xff, 0x75, 0xfb, 0xff, 
  0x75, 0xfb, 0xff, 0x55, 0xfb, 0xff, 0x34, 0xfb, 0xff, 0x34, 0xfb, 0xff, 
  0x34, 0xfb, 0xff, 0x14, 0xfb, 0xff, 0x34, 0xfb, 0xff, 0x34, 0xfb, 0xff, 
  0x34, 0xfb, 0xff, 0x34, 0xfb, 0xff, 0x54, 0xfb, 0xff, 0x75, 0xfb, 0xff, 
  0x75, 0xfb, 0xff, 0x95, 0xfb, 0xff, 0x74, 0xfb, 0xff, 0xb4, 0xfb, 0xff, 
  0x73, 0xdb, 0xff, 0x38, 0xf5, 0x00, 0x7f, 0xff, 0x00, 0xdf, 0xff, 0x00, 
  0xff, 0xff, 0x00, 0xff, 0xff, 0x00, 0xdf, 0xff, 0x00, 0xff, 0xff, 0x00, 
  0xdf, 0xff, 0x00, 0x3c, 0xef, 0x00, 0x3c, 0xef, 0x00, 0xff, 0xff, 0x00, 
  0xff, 0xff, 0x00, 0xff, 0xff, 0x00, 0xff, 0xff, 0x00, 0xff, 0xff, 0x00, 
  0xff, 0xff, 0x00, 0xff, 0xff, 0x00, 0xff, 0xff, 0x00, 0xff, 0xff, 0x00, 
  0xff, 0xff, 0x00, 0xff, 0xff, 0x00, 0xff, 0xff, 0x00, 0xff, 0xff, 0x00, 
  0xff, 0xff, 0x00, 0xff, 0xff, 0x00, 0xff, 0xff, 0x00, 0xff, 0xff, 0x00, 
  0xff, 0xff, 0x00, 0xff, 0xff, 0x00, 0xff, 0xff, 0x00, 0xff, 0xff, 0x00, 
  0xff, 0xff, 0x00, 0xff, 0xff, 0x00, 0xff, 0xff, 0x00, 0xff, 0xff, 0x00, 
  0xff, 0xff, 0x00, 0xff, 0xff, 0x00, 0xff, 0xff, 0x00, 0xff, 0xff, 0x00, 
  0xdf, 0xff, 0x00, 0xff, 0xff, 0x00, 0xff, 0xff, 0x00, 0xff, 0xff, 0x00, 
  0x5c, 0xef, 0x00, 0x5c, 0xef, 0x00, 0xbf, 0xff, 0x00, 0xff, 0xff, 0x00, 
  0xff, 0xff, 0x00, 0xff, 0xff, 0x00, 0xbf, 0xff, 0x00, 0x9f, 0xff, 0x00, 
  0xba, 0xfd, 0x00, 0x52, 0xd3, 0x00, 0x53, 0xf3, 0xff, 0x33, 0xfb, 0xff, 
  0x33, 0xfb, 0xff, 0x13, 0xfb, 0xff, 0x34, 0xfb, 0xff, 0x13, 0xfb, 0xff, 
  0x34, 0xfb, 0xff, 0x14, 0xfb, 0xff, 0x34, 0xfb, 0xff, 0x54, 0xfb, 0xff, 
  0x75, 0xfb, 0xff, 0x75, 0xfb, 0xff, 0x75, 0xfb, 0xff, 0x75, 0xfb, 0xff, 
  0x75, 0xfb, 0xff, 0x75, 0xfb, 0xff, 0x75, 0xfb, 0xff, 0x75, 0xfb, 0xff, 
  0x75, 0xfb, 0xff, 0x75, 0xfb, 0xff, 0x54, 0xfb, 0xff, 0x34, 0xfb, 0xff, 
  0x34, 0xfb, 0xff, 0x13, 0xfb, 0xff, 0x34, 0xfb, 0xff, 0x34, 0xfb, 0xff, 
  0x34, 0xfb, 0xff, 0x14, 0xfb, 0xff, 0x34, 0xfb, 0xff, 0x75, 0xfb, 0xff, 
  0x75, 0xfb, 0xff, 0x75, 0xfb, 0xff, 0x75, 0xfb, 0xff, 0x75, 0xfb, 0xff, 
  0x75, 0xfb, 0xff, 0x75, 0xfb, 0xff, 0x75, 0xfb, 0xff, 0x75, 0xfb, 0xff, 
  0x54, 0xfb, 0xff, 0x33, 0xfb, 0xff, 0x14, 0xfb, 0xff, 0x34, 0xfb, 0xff, 
  0x14, 0xfb, 0xff, 0x34, 0xfb, 0xff, 0x55, 0xfb, 0xff, 0x75, 0xfb, 0xff, 
  0x75, 0xfb, 0xff, 0x75, 0xfb, 0xff, 0x75, 0xfb, 0xff, 0x75, 0xfb, 0xff, 
  0x75, 0xfb, 0xff, 0x34, 0xfb, 0xff, 0x14, 0xfb, 0xff, 0x14, 0xfb, 0xff, 
  0x13, 0xfb, 0xff, 0x13, 0xfb, 0xff, 0x34, 0xfb, 0xff, 0x34, 0xfb, 0xff, 
  0x34, 0xfb, 0xff, 0x34, 0xfb, 0xff, 0x54, 0xfb, 0xff, 0x75, 0xfb, 0xff, 
  0x75, 0xfb, 0xff, 0x74, 0xfb, 0xff, 0x95, 0xfb, 0xff, 0x74, 0xfb, 0xff, 
  0xb5, 0xfb, 0xff, 0x73, 0xdb, 0xff, 0x96, 0xec, 0x00, 0x1f, 0xff, 0x00, 
  0x9f, 0xff, 0x00, 0xff, 0xff, 0x00, 0xff, 0xff, 0x00, 0xff, 0xff, 0x00, 
  0xff, 0xff, 0x00, 0xdf, 0xff, 0x00, 0x3d, 0xef, 0x00, 0x3d, 0xef, 0x00, 
  0xdf, 0xff, 0x00, 0xff, 0xff, 0x00, 0xff, 0xff, 0x00, 0xff, 0xff, 0x00, 
  0xff, 0xff, 0x00, 0xff, 0xff, 0x00, 0xff, 0xff, 0x00, 0xff, 0xff, 0x00, 
  0xff, 0xff, 0x00, 0xff, 0xff, 0x00, 0xff, 0xff, 0x00, 0xff, 0xff, 0x00, 
  0xff, 0xff, 0x00, 0xff, 0xff, 0x00, 0xff, 0xff, 0x00, 0xff, 0xff, 0x00, 
  0xff, 0xff, 0x00, 0xff, 0xff, 0x00, 0xff, 0xff, 0x00, 0xff, 0xff, 0x00, 
  0xff, 0xff, 0x00, 0xff, 0xff, 0x00, 0xff, 0xff, 0x00, 0xff, 0xff, 0x00, 
  0xff, 0xff, 0x00, 0xff, 0xff, 0x00, 0xff, 0xff, 0x00, 0xff, 0xff, 0x00, 
  0xff, 0xff, 0x00, 0xff, 0xff, 0x00, 0xff, 0xff, 0x00, 0x7d, 0xef, 0x00, 
  0x1c, 0xef, 0x00, 0xbe, 0xff, 0x00, 0xdf, 0xff, 0x00, 0xff, 0xff, 0x00, 
  0xff, 0xff, 0x00, 0xbf, 0xff, 0x00, 0x9f, 0xff, 0x00, 0x99, 0xf5, 0x00, 
  0x11, 0xd3, 0xff, 0x33, 0xf3, 0xff, 0x34, 0xfb, 0xff, 0x34, 0xfb, 0xff, 
  0x33, 0xfb, 0xff, 0x34, 0xfb, 0xff, 0xf3, 0xfa, 0xff, 0x34, 0xfb, 0xff, 
  0x14, 0xfb, 0xff, 0x14, 0xfb, 0xff, 0x34, 0xfb, 0xff, 0x54, 0xfb, 0xff, 
  0x75, 0xfb, 0xff, 0x75, 0xfb, 0xff, 0x75, 0xfb, 0xff, 0x75, 0xfb, 0xff, 
  0x75, 0xfb, 0xff, 0x75, 0xfb, 0xff, 0x75, 0xfb, 0xff, 0x75, 0xfb, 0xff, 
  0x75, 0xfb, 0xff, 0x54, 0xfb, 0xff, 0x34, 0xfb, 0xff, 0x14, 0xfb, 0xff, 
  0x34, 0xfb, 0xff, 0x13, 0xfb, 0xff, 0x34, 0xfb, 0xff, 0x34, 0xfb, 0xff, 
  0x34, 0xfb, 0xff, 0x34, 0xfb, 0xff, 0x54, 0xfb, 0xff, 0x75, 0xfb, 0xff, 
  0x75, 0xfb, 0xff, 0x75, 0xfb, 0xff, 0x75, 0xfb, 0xff, 0x75, 0xfb, 0xff, 
  0x75, 0xfb, 0xff, 0x75, 0xfb, 0xff, 0x75, 0xfb, 0xff, 0x75, 0xfb, 0xff, 
  0x75, 0xfb, 0xff, 0x34, 0xfb, 0xff, 0x34, 0xfb, 0xff, 0x34, 0xfb, 0xff, 
  0x34, 0xfb, 0xff, 0x14, 0xfb, 0xff, 0x34, 0xfb, 0xff, 0x75, 0xfb, 0xff, 
  0x75, 0xfb, 0xff, 0x75, 0xfb, 0xff, 0x75, 0xfb, 0xff, 0x75, 0xfb, 0xff, 
  0x54, 0xfb, 0xff, 0x34, 0xfb, 0xff, 0x14, 0xfb, 0xff, 0x34, 0xfb, 0xff, 
  0x13, 0xfb, 0xff, 0x13, 0xfb, 0xff, 0x34, 0xfb, 0xff, 0x33, 0xfb, 0xff, 
  0x34, 0xfb, 0xff, 0x54, 0xfb, 0xff, 0x75, 0xfb, 0xff, 0x75, 0xfb, 0xff, 
  0x75, 0xfb, 0xff, 0x75, 0xfb, 0xff, 0x55, 0xfb, 0xff, 0x55, 0xfb, 0xff, 
  0x95, 0xfb, 0xff, 0xb5, 0xfb, 0xff, 0x73, 0xe3, 0xff, 0x76, 0xec, 0x00, 
  0x3f, 0xff, 0x00, 0xbf, 0xff, 0x00, 0xbf, 0xff, 0x00, 0xff, 0xff, 0x00, 
  0xff, 0xff, 0x00, 0xff, 0xff, 0x00, 0xbe, 0xff, 0x00, 0x3c, 0xef, 0x00, 
  0x3d, 0xf7, 0x00, 0xdf, 0xff, 0x00, 0xff, 0xff, 0x00, 0xff, 0xff, 0x00, 
  0xff, 0xff, 0x00, 0xff, 0xff, 0x00, 0xff, 0xff, 0x00, 0xff, 0xff, 0x00, 
  0xff, 0xff, 0x00, 0xff, 0xff, 0x00, 0xff, 0xff, 0x00, 0xff, 0xff, 0x00, 
  0xff, 0xff, 0x00, 0xff, 0xff, 0x00, 0xff, 0xff, 0x00, 0xff, 0xff, 0x00, 
  0xff, 0xff, 0x00, 0xff, 0xff, 0x00, 0xff, 0xff, 0x00, 0xff, 0xff, 0x00, 
  0xff, 0xff, 0x00, 0xff, 0xff, 0x00, 0xff, 0xff, 0x00, 0xff, 0xff, 0x00, 
  0xff, 0xff, 0x00, 0xff, 0xff, 0x00, 0xff, 0xff, 0x00, 0xff, 0xff, 0x00, 
  0xff, 0xff, 0x00, 0xff, 0xff, 0x00, 0x9e, 0xf7, 0x00, 0x3c, 0xe7, 0x00, 
  0xbe, 0xff, 0x00, 0xdf, 0xff, 0x00, 0xff, 0xff, 0x00, 0xff, 0xff, 0x00, 
  0xbf, 0xff, 0x00, 0x9f, 0xff, 0x00, 0x59, 0xfd, 0x00, 0x11, 0xd3, 0xff, 
  0x53, 0xf3, 0xff, 0x54, 0xfb, 0xff, 0x34, 0xfb, 0xff, 0x13, 0xfb, 0xff, 
  0x34, 0xfb, 0xff, 0x34, 0xfb, 0xff, 0x13, 0xfb, 0xff, 0x34, 0xfb, 0xff, 
  0x14, 0xfb, 0xff, 0x34, 0xfb, 0xff, 0x54, 0xfb, 0xff, 0x75, 0xfb, 0xff, 
  0x75, 0xfb, 0xff, 0x75, 0xfb, 0xff, 0x75, 0xfb, 0xff, 0x75, 0xfb, 0xff, 
  0x75, 0xfb, 0xff, 0x75, 0xfb, 0xff, 0x75, 0xfb, 0xff, 0x75, 0xfb, 0xff, 
  0x55, 0xfb, 0xff, 0x34, 0xfb, 0xff, 0x34, 0xfb, 0xff, 0x34, 0xfb, 0xff, 
  0x34, 0xfb, 0xff, 0x34, 0xfb, 0xff, 0x34, 0xfb, 0xff, 0x14, 0xfb, 0xff, 
  0x34, 0xfb, 0xff, 0x34, 0xfb, 0xff, 0x55, 0xfb, 0xff, 0x75, 0xfb, 0xff, 
  0x75, 0xfb, 0xff, 0x75, 0xfb, 0xff, 0x75, 0xfb, 0xff, 0x75, 0xfb, 0xff, 
  0x75, 0xfb, 0xff, 0x75, 0xfb, 0xff, 0x75, 0xfb, 0xff, 0x75, 0xfb, 0xff, 
  0x75, 0xfb, 0xff, 0x54, 0xfb, 0xff, 0x34, 0xfb, 0xff, 0x14, 0xfb, 0xff, 
  0x14, 0xfb, 0xff, 0x14, 0xfb, 0xff, 0x34, 0xfb, 0xff, 0x55, 0xfb, 0xff, 
  0x75, 0xfb, 0xff, 0x75, 0xfb, 0xff, 0x75, 0xfb, 0xff, 0x75, 0xfb, 0xff, 
  0x34, 0xfb, 0xff, 0x13, 0xfb, 0xff, 0x14, 0xfb, 0xff, 0x14, 0xfb, 0xff, 
  0x13, 0xfb, 0xff, 0x33, 0xfb, 0xff, 0x14, 0xfb, 0xff, 0x33, 0xfb, 0xff, 
  0x34, 0xfb, 0xff, 0x54, 0xfb, 0xff, 0x75, 0xfb, 0xff, 0x75, 0xfb, 0xff, 
  0x55, 0xfb, 0xff, 0x75, 0xfb, 0xff, 0x75, 0xfb, 0xff, 0x55, 0xfb, 0xff, 
  0x95, 0xfb, 0xff, 0x95, 0xfb, 0xff, 0x95, 0xf3, 0xff, 0x94, 0xe3, 0xff, 
  0x55, 0xe4, 0x00, 0xbe, 0xfe, 0x00, 0xbf, 0xff, 0x00, 0xff, 0xff, 0x00, 
  0xff, 0xff, 0x00, 0xff, 0xff, 0x00, 0xff, 0xff, 0x00, 0xbe, 0xf7, 0x00, 
  0x3c, 0xe7, 0x00, 0x7d, 0xef, 0x00, 0xdf, 0xff, 0x00, 0xff, 0xff, 0x00, 
  0xff, 0xff, 0x00, 0xff, 0xff, 0x00, 0xff, 0xff, 0x00, 0xff, 0xff, 0x00, 
  0xff, 0xff, 0x00, 0xff, 0xff, 0x00, 0xff, 0xff, 0x00, 0xff, 0xff, 0x00, 
  0xff, 0xff, 0x00, 0xff, 0xff, 0x00, 0xff, 0xff, 0x00, 0xff, 0xff, 0x00, 
  0xff, 0xff, 0x00, 0xff, 0xff, 0x00, 0xff, 0xff, 0x00, 0xff, 0xff, 0x00, 
  0xff, 0xff, 0x00, 0xff, 0xff, 0x00, 0xff, 0xff, 0x00, 0xff, 0xff, 0x00, 
  0xff, 0xff, 0x00, 0xff, 0xff, 0x00, 0xff, 0xff, 0x00, 0xff, 0xff, 0x00, 
  0xff, 0xff, 0x00, 0x9e, 0xf7, 0x00, 0x5d, 0xe7, 0x00, 0x9d, 0xef, 0x00, 
  0xff, 0xff, 0x00, 0xff, 0xff, 0x00, 0xff, 0xff, 0x00, 0xbf, 0xff, 0x00, 
  0x9f, 0xff, 0x00, 0x79, 0xf5, 0x00, 0x11, 0xd3, 0xff, 0x53, 0xfb, 0xff, 
  0x34, 0xfb, 0xff, 0x13, 0xfb, 0xff, 0x13, 0xfb, 0xff, 0x54, 0xfb, 0xff, 
  0x13, 0xfb, 0xff, 0x34, 0xfb, 0xff, 0x34, 0xfb, 0xff, 0x13, 0xfb, 0xff, 
  0x13, 0xfb, 0xff, 0x34, 0xfb, 0xff, 0x55, 0xfb, 0xff, 0x75, 0xfb, 0xff, 
  0x75, 0xfb, 0xff, 0x75, 0xfb, 0xff, 0x75, 0xfb, 0xff, 0x75, 0xfb, 0xff, 
  0x75, 0xfb, 0xff, 0x75, 0xfb, 0xff, 0x75, 0xfb, 0xff, 0x75, 0xfb, 0xff, 
  0x55, 0xfb, 0xff, 0x34, 0xfb, 0xff, 0x14, 0xfb, 0xff, 0x34, 0xfb, 0xff, 
  0x13, 0xfb, 0xff, 0x34, 0xfb, 0xff, 0x34, 0xfb, 0xff, 0x14, 0xfb, 0xff, 
  0x34, 0xfb, 0xff, 0x55, 0xfb, 0xff, 0x75, 0xfb, 0xff, 0x55, 0xfb, 0xff, 
  0x75, 0xfb, 0xff, 0x75, 0xfb, 0xff, 0x75, 0xfb, 0xff, 0x75, 0xfb, 0xff, 
  0x75, 0xfb, 0xff, 0x75, 0xfb, 0xff, 0x75, 0xfb, 0xff, 0x75, 0xfb, 0xff, 
  0x75, 0xfb, 0xff, 0x75, 0xfb, 0xff, 0x34, 0xfb, 0xff, 0x14, 0xfb, 0xff, 
  0x14, 0xfb, 0xff, 0x14, 0xfb, 0xff, 0x14, 0xfb, 0xff, 0x34, 0xfb, 0xff, 
  0x75, 0xfb, 0xff, 0x75, 0xfb, 0xff, 0x75, 0xfb, 0xff, 0x74, 0xfb, 0xff, 
  0x34, 0xfb, 0xff, 0x13, 0xfb, 0xff, 0x34, 0xfb, 0xff, 0x13, 0xfb, 0xff, 
  0x13, 0xfb, 0xff, 0x33, 0xfb, 0xff, 0x13, 0xfb, 0xff, 0x34, 0xfb, 0xff, 
  0x54, 0xfb, 0xff, 0x75, 0xfb, 0xff, 0x75, 0xfb, 0xff, 0x75, 0xfb, 0xff, 
  0x75, 0xfb, 0xff, 0x75, 0xfb, 0xff, 0x75, 0xfb, 0xff, 0x75, 0xfb, 0xff, 
  0x55, 0xfb, 0xff, 0x75, 0xfb, 0xff, 0x95, 0xfb, 0xff, 0x95, 0xfb, 0xff, 
  0x73, 0xeb, 0xff, 0x55, 0xe4, 0x00, 0x1e, 0xff, 0x00, 0xbf, 0xff, 0x00, 
  0xff, 0xff, 0x00, 0xff, 0xff, 0x00, 0xff, 0xff, 0x00, 0xff, 0xff, 0x00, 
  0xbe, 0xf7, 0x00, 0x3c, 0xe7, 0x00, 0x7d, 0xf7, 0x00, 0xff, 0xff, 0x00, 
  0xff, 0xff, 0x00, 0xff, 0xff, 0x00, 0xff, 0xff, 0x00, 0xff, 0xff, 0x00, 
  0xff, 0xff, 0x00, 0xff, 0xff, 0x00, 0xff, 0xff, 0x00, 0xff, 0xff, 0x00, 
  0xff, 0xff, 0x00, 0xff, 0xff, 0x00, 0xff, 0xff, 0x00, 0xff, 0xff, 0x00, 
  0xff, 0xff, 0x00, 0xff, 0xff, 0x00, 0xff, 0xff, 0x00, 0xff, 0xff, 0x00, 
  0xff, 0xff, 0x00, 0xff, 0xff, 0x00, 0xff, 0xff, 0x00, 0xff, 0xff, 0x00, 
  0xff, 0xff, 0x00, 0xff, 0xff, 0x00, 0xff, 0xff, 0x00, 0xff, 0xff, 0x00, 
  0xde, 0xf7, 0x00, 0x5d, 0xe7, 0x00, 0x7d, 0xef, 0x00, 0xff, 0xff, 0x00, 
  0xff, 0xff, 0x00, 0xff, 0xff, 0x00, 0xdf, 0xff, 0x00, 0x9f, 0xff, 0x00, 
  0x9a, 0xfd, 0x00, 0x11, 0xd3, 0xff, 0x53, 0xf3, 0xff, 0x34, 0xfb, 0xff, 
  0x34, 0xfb, 0xff, 0x34, 0xfb, 0xff, 0x34, 0xfb, 0xff, 0x14, 0xfb, 0xff, 
  0x14, 0xfb, 0xff, 0x14, 0xfb, 0xff, 0x33, 0xfb, 0xff, 0x33, 0xfb, 0xff, 
  0x14, 0xfb, 0xff, 0x34, 0xfb, 0xff, 0x54, 0xfb, 0xff, 0x55, 0xfb, 0xff, 
  0x54, 0xfb, 0xff, 0x54, 0xfb, 0xff, 0x75, 0xfb, 0xff, 0x75, 0xfb, 0xff, 
  0x75, 0xfb, 0xff, 0x75, 0xfb, 0xff, 0x75, 0xfb, 0xff, 0x55, 0xfb, 0xff, 
  0x34, 0xfb, 0xff, 0x34, 0xfb, 0xff, 0x14, 0xfb, 0xff, 0x14, 0xfb, 0xff, 
  0x13, 0xfb, 0xff, 0x13, 0xfb, 0xff, 0x14, 0xfb, 0xff, 0x34, 0xfb, 0xff, 
  0x34, 0xfb, 0xff, 0x54, 0xfb, 0xff, 0x55, 0xfb, 0xff, 0x75, 0xfb, 0xff, 
  0x55, 0xfb, 0xff, 0x55, 0xfb, 0xff, 0x55, 0xfb, 0xff, 0x75, 0xfb, 0xff, 
  0x55, 0xfb, 0xff, 0x55, 0xfb, 0xff, 0x55, 0xfb, 0xff, 0x55, 0xfb, 0xff, 
  0x55, 0xfb, 0xff, 0x75, 0xfb, 0xff, 0x54, 0xfb, 0xff, 0x14, 0xfb, 0xff, 
  0x14, 0xfb, 0xff, 0x14, 0xfb, 0xff, 0x14, 0xfb, 0xff, 0x34, 0xfb, 0xff, 
  0x75, 0xfb, 0xff, 0x75, 0xfb, 0xff, 0x75, 0xfb, 0xff, 0x75, 0xfb, 0xff, 
  0x54, 0xfb, 0xff, 0x34, 0xfb, 0xff, 0x14, 0xfb, 0xff, 0x14, 0xfb, 0xff, 
  0x34, 0xfb, 0xff, 0x34, 0xfb, 0xff, 0x14, 0xfb, 0xff, 0x34, 0xfb, 0xff, 
  0x54, 0xfb, 0xff, 0x75, 0xfb, 0xff, 0x75, 0xfb, 0xff, 0x75, 0xfb, 0xff, 
  0x75, 0xfb, 0xff, 0x75, 0xfb, 0xff, 0x55, 0xfb, 0xff, 0x75, 0xfb, 0xff, 
  0x75, 0xfb, 0xff, 0x75, 0xfb, 0xff, 0x75, 0xfb, 0xff, 0x95, 0xfb, 0xff, 
  0xb5, 0xfb, 0xff, 0x73, 0xe3, 0xff, 0x55, 0xe4, 0x00, 0x3f, 0xff, 0x00, 
  0xdf, 0xff, 0x00, 0xff, 0xff, 0x00, 0xff, 0xff, 0x00, 0xff, 0xff, 0x00, 
  0xff, 0xff, 0x00, 0x7d, 0xef, 0x00, 0x1c, 0xe7, 0x00, 0xde, 0xff, 0x00, 
  0xff, 0xff, 0x00, 0xff, 0xff, 0x00, 0xff, 0xff, 0x00, 0xff, 0xff, 0x00, 
  0xff, 0xff, 0x00, 0xff, 0xff, 0x00, 0xff, 0xff, 0x00, 0xff, 0xff, 0x00, 
  0xff, 0xff, 0x00, 0xff, 0xff, 0x00, 0xff, 0xff, 0x00, 0xff, 0xff, 0x00, 
  0xff, 0xff, 0x00, 0xff, 0xff, 0x00, 0xff, 0xff, 0x00, 0xff, 0xff, 0x00, 
  0xff, 0xff, 0x00, 0xff, 0xff, 0x00, 0xff, 0xff, 0x00, 0xff, 0xff, 0x00, 
  0xff, 0xff, 0x00, 0xff, 0xff, 0x00, 0xff, 0xff, 0x00, 0xff, 0xff, 0x00, 
  0x5d, 0xe7, 0x00, 0x5d, 0xe7, 0x00, 0xff, 0xff, 0x00, 0xff, 0xff, 0x00, 
  0xff, 0xff, 0x00, 0xff, 0xff, 0x00, 0xbf, 0xff, 0x00, 0x1b, 0xfe, 0x00, 
  0x31, 0xd3, 0xff, 0x33, 0xf3, 0xff, 0x54, 0xfb, 0xff, 0x13, 0xfb, 0xff, 
  0x34, 0xfb, 0xff, 0x34, 0xfb, 0xff, 0x14, 0xfb, 0xff, 0x14, 0xfb, 0xff, 
  0x14, 0xfb, 0xff, 0x14, 0xfb, 0xff, 0x33, 0xfb, 0xff, 0x33, 0xfb, 0xff, 
  0x14, 0xfb, 0xff, 0x14, 0xfb, 0xff, 0x34, 0xfb, 0xff, 0x34, 0xfb, 0xff, 
  0x34, 0xfb, 0xff, 0x34, 0xfb, 0xff, 0x54, 0xfb, 0xff, 0x75, 0xfb, 0xff, 
  0x75, 0xfb, 0xff, 0x75, 0xfb, 0xff, 0x75, 0xfb, 0xff, 0x54, 0xfb, 0xff, 
  0x34, 0xfb, 0xff, 0x34, 0xfb, 0xff, 0x14, 0xfb, 0xff, 0x14, 0xfb, 0xff, 
  0x34, 0xfb, 0xff, 0x14, 0xfb, 0xff, 0x14, 0xfb, 0xff, 0x14, 0xfb, 0xff, 
  0x14, 0xfb, 0xff, 0x14, 0xfb, 0xff, 0x34, 0xfb, 0xff, 0x34, 0xfb, 0xff, 
  0x34, 0xfb, 0xff, 0x34, 0xfb, 0xff, 0x34, 0xfb, 0xff, 0x34, 0xfb, 0xff, 
  0x34, 0xfb, 0xff, 0x34, 0xfb, 0xff, 0x34, 0xfb, 0xff, 0x34, 0xfb, 0xff, 
  0x34, 0xfb, 0xff, 0x34, 0xfb, 0xff, 0x14, 0xfb, 0xff, 0x14, 0xfb, 0xff, 
  0x14, 0xfb, 0xff, 0x14, 0xfb, 0xff, 0x34, 0xfb, 0xff, 0x55, 0xfb, 0xff, 
  0x75, 0xfb, 0xff, 0x75, 0xfb, 0xff, 0x75, 0xfb, 0xff, 0x75, 0xfb, 0xff, 
  0x54, 0xfb, 0xff, 0x34, 0xfb, 0xff, 0x13, 0xfb, 0xff, 0x14, 0xfb, 0xff, 
  0x34, 0xfb, 0xff, 0x34, 0xfb, 0xff, 0x34, 0xfb, 0xff, 0x54, 0xfb, 0xff, 
  0x75, 0xfb, 0xff, 0x75, 0xfb, 0xff, 0x75, 0xfb, 0xff, 0x75, 0xfb, 0xff, 
  0x75, 0xfb, 0xff, 0x75, 0xfb, 0xff, 0x75, 0xfb, 0xff, 0x75, 0xfb, 0xff, 
  0x75, 0xfb, 0xff, 0x75, 0xfb, 0xff, 0x75, 0xfb, 0xff, 0x75, 0xfb, 0xff, 
  0x75, 0xfb, 0xff, 0xb5, 0xfb, 0xff, 0x73, 0xe3, 0xff, 0x76, 0xec, 0x00, 
  0x7f, 0xff, 0x00, 0xdf, 0xff, 0x00, 0xdf, 0xff, 0x00, 0xff, 0xff, 0x00, 
  0xff, 0xff, 0x00, 0xff, 0xff, 0x00, 0x7d, 0xef, 0x00, 0x3c, 0xe7, 0x00, 
  0xdf, 0xff, 0x00, 0xff, 0xff, 0x00, 0xff, 0xff, 0x00, 0xff, 0xff, 0x00, 
  0xff, 0xff, 0x00, 0xff, 0xff, 0x00, 0xff, 0xff, 0x00, 0xff, 0xff, 0x00, 
  0xff, 0xff, 0x00, 0xff, 0xff, 0x00, 0xff, 0xff, 0x00, 0xff, 0xff, 0x00, 
  0xff, 0xff, 0x00, 0xff, 0xff, 0x00, 0xff, 0xff, 0x00, 0xff, 0xff, 0x00, 
  0xff, 0xff, 0x00, 0xff, 0xff, 0x00, 0xff, 0xff, 0x00, 0xff, 0xff, 0x00, 
  0xff, 0xff, 0x00, 0xff, 0xff, 0x00, 0xff, 0xff, 0x00, 0x9e, 0xef, 0x00, 
  0x3c, 0xe7, 0x00, 0xbe, 0xf7, 0x00, 0xff, 0xff, 0x00, 0xff, 0xff, 0x00, 
  0xff, 0xff, 0x00, 0xbf, 0xff, 0x00, 0x7d, 0xfe, 0x00, 0x52, 0xd3, 0x00, 
  0x33, 0xeb, 0xff, 0x74, 0xfb, 0xff, 0x13, 0xfb, 0xff, 0x34, 0xfb, 0xff, 
  0x34, 0xfb, 0xff, 0x14, 0xfb, 0xff, 0x14, 0xfb, 0xff, 0x14, 0xfb, 0xff, 
  0x14, 0xfb, 0xff, 0x14, 0xfb, 0xff, 0x14, 0xfb, 0xff, 0x14, 0xfb, 0xff, 
  0x14, 0xfb, 0xff, 0x14, 0xfb, 0xff, 0x34, 0xfb, 0xff, 0x33, 0xfb, 0xff, 
  0x14, 0xfb, 0xff, 0x34, 0xfb, 0xff, 0x54, 0xfb, 0xff, 0x75, 0xfb, 0xff, 
  0x75, 0xfb, 0xff, 0x75, 0xfb, 0xff, 0x54, 0xfb, 0xff, 0x34, 0xfb, 0xff, 
  0x34, 0xfb, 0xff, 0x34, 0xfb, 0xff, 0x14, 0xfb, 0xff, 0x34, 0xfb, 0xff, 
  0x14, 0xfb, 0xff, 0x14, 0xfb, 0xff, 0x14, 0xfb, 0xff, 0x14, 0xfb, 0xff, 
  0x13, 0xfb, 0xff, 0x13, 0xfb, 0xff, 0x14, 0xfb, 0xff, 0x34, 0xfb, 0xff, 
  0x34, 0xfb, 0xff, 0x34, 0xfb, 0xff, 0x34, 0xfb, 0xff, 0x34, 0xfb, 0xff, 
  0x34, 0xfb, 0xff, 0x34, 0xfb, 0xff, 0x34, 0xfb, 0xff, 0x34, 0xfb, 0xff, 
  0x34, 0xfb, 0xff, 0x13, 0xfb, 0xff, 0x14, 0xfb, 0xff, 0x34, 0xfb, 0xff, 
  0x14, 0xfb, 0xff, 0x14, 0xfb, 0xff, 0x34, 0xfb, 0xff, 0x75, 0xfb, 0xff, 
  0x75, 0xfb, 0xff, 0x75, 0xfb, 0xff, 0x75, 0xfb, 0xff, 0x75, 0xfb, 0xff, 
  0x75, 0xfb, 0xff, 0x34, 0xfb, 0xff, 0x14, 0xfb, 0xff, 0x14, 0xfb, 0xff, 
  0x14, 0xfb, 0xff, 0x34, 0xfb, 0xff, 0x34, 0xfb, 0xff, 0x75, 0xfb, 0xff, 
  0x75, 0xfb, 0xff, 0x75, 0xfb, 0xff, 0x75, 0xfb, 0xff, 0x95, 0xfb, 0xff, 
  0x75, 0xfb, 0xff, 0x75, 0xfb, 0xff, 0x75, 0xfb, 0xff, 0x75, 0xfb, 0xff, 
  0x75, 0xfb, 0xff, 0x75, 0xfb, 0xff, 0x55, 0xfb, 0xff, 0x55, 0xfb, 0xff, 
  0x75, 0xfb, 0xff, 0x75, 0xfb, 0xff, 0xb5, 0xfb, 0xff, 0x53, 0xe3, 0xff, 
  0x38, 0xf5, 0x00, 0x7f, 0xff, 0x00, 0xbf, 0xff, 0x00, 0xff, 0xff, 0x00, 
  0xff, 0xff, 0x00, 0xff, 0xff, 0x00, 0xdf, 0xff, 0x00, 0x3c, 0xe7, 0x00, 
  0x7d, 0xef, 0x00, 0xff, 0xff, 0x00, 0xdf, 0xff, 0x00, 0xff, 0xff, 0x00, 
  0xff, 0xff, 0x00, 0xff, 0xff, 0x00, 0xff, 0xff, 0x00, 0xff, 0xff, 0x00, 
  0xff, 0xff, 0x00, 0xff, 0xff, 0x00, 0xff, 0xff, 0x00, 0xff, 0xff, 0x00, 
  0xff, 0xff, 0x00, 0xff, 0xff, 0x00, 0xff, 0xff, 0x00, 0xff, 0xff, 0x00, 
  0xff, 0xff, 0x00, 0xff, 0xff, 0x00, 0xff, 0xff, 0x00, 0xff, 0xff, 0x00, 
  0xff, 0xff, 0x00, 0xff, 0xff, 0x00, 0xde, 0xf7, 0x00, 0x3c, 0xe7, 0x00, 
  0x9e, 0xf7, 0x00, 0xff, 0xff, 0x00, 0xff, 0xff, 0x00, 0xdf, 0xff, 0x00, 
  0xbf, 0xff, 0x00, 0x1f, 0xff, 0x00, 0xb3, 0xd3, 0x00, 0x53, 0xeb, 0xff, 
  0x54, 0xfb, 0xff, 0x13, 0xfb, 0xff, 0x14, 0xfb, 0xff, 0x34, 0xfb, 0xff, 
  0x34, 0xfb, 0xff, 0x34, 0xfb, 0xff, 0x14, 0xfb, 0xff, 0x14, 0xfb, 0xff, 
  0x14, 0xfb, 0xff, 0x14, 0xfb, 0xff, 0x14, 0xfb, 0xff, 0x14, 0xfb, 0xff, 
  0x14, 0xfb, 0xff, 0x14, 0xfb, 0xff, 0x34, 0xfb, 0xff, 0x34, 0xfb, 0xff, 
  0x34, 0xfb, 0xff, 0x34, 0xfb, 0xff, 0x34, 0xfb, 0xff, 0x54, 0xfb, 0xff, 
  0x75, 0xfb, 0xff, 0x75, 0xfb, 0xff, 0x54, 0xfb, 0xff, 0x34, 0xfb, 0xff, 
  0x13, 0xfb, 0xff, 0x34, 0xfb, 0xff, 0x14, 0xfb, 0xff, 0x14, 0xfb, 0xff, 
  0x14, 0xfb, 0xff, 0x14, 0xfb, 0xff, 0x14, 0xfb, 0xff, 0x14, 0xfb, 0xff, 
  0x14, 0xfb, 0xff, 0x14, 0xfb, 0xff, 0x34, 0xfb, 0xff, 0x34, 0xfb, 0xff, 
  0x34, 0xfb, 0xff, 0x34, 0xfb, 0xff, 0x34, 0xfb, 0xff, 0x34, 0xfb, 0xff, 
  0x34, 0xfb, 0xff, 0x34, 0xfb, 0xff, 0x14, 0xfb, 0xff, 0x14, 0xfb, 0xff, 
  0x34, 0xfb, 0xff, 0x13, 0xfb, 0xff, 0x14, 0xfb, 0xff, 0x34, 0xfb, 0xff, 
  0x14, 0xfb, 0xff, 0x34, 0xfb, 0xff, 0x55, 0xfb, 0xff, 0x75, 0xfb, 0xff, 
  0x75, 0xfb, 0xff, 0x75, 0xfb, 0xff, 0x75, 0xfb, 0xff, 0x75, 0xfb, 0xff, 
  0x75, 0xfb, 0xff, 0x54, 0xfb, 0xff, 0x34, 0xfb, 0xff, 0x34, 0xfb, 0xff, 
  0x14, 0xfb, 0xff, 0x34, 0xfb, 0xff, 0x54, 0xfb, 0xff, 0x75, 0xfb, 0xff, 
  0x75, 0xfb, 0xff, 0x75, 0xfb, 0xff, 0x75, 0xfb, 0xff, 0x95, 0xfb, 0xff, 
  0x75, 0xfb, 0xff, 0x75, 0xfb, 0xff, 0x75, 0xfb, 0xff, 0x75, 0xfb, 0xff, 
  0x75, 0xfb, 0xff, 0x75, 0xfb, 0xff, 0x55, 0xfb, 0xff, 0x55, 0xfb, 0xff, 
  0x75, 0xfb, 0xff, 0x54, 0xfb, 0xff, 0x75, 0xfb, 0xff, 0xb5, 0xfb, 0xff, 
  0x73, 0xdb, 0xff, 0x9a, 0xfd, 0x00, 0x9f, 0xff, 0x00, 0xbf, 0xff, 0x00, 
  0xff, 0xff, 0x00, 0xff, 0xff, 0x00, 0xff, 0xff, 0x00, 0x9e, 0xf7, 0x00, 
  0x1c, 0xe7, 0x00, 0x9e, 0xf7, 0x00, 0xff, 0xff, 0x00, 0xff, 0xff, 0x00, 
  0xff, 0xff, 0x00, 0xff, 0xff, 0x00, 0xff, 0xff, 0x00, 0xff, 0xff, 0x00, 
  0xff, 0xff, 0x00, 0xff, 0xff, 0x00, 0xff, 0xff, 0x00, 0xff, 0xff, 0x00, 
  0xff, 0xff, 0x00, 0xff, 0xff, 0x00, 0xff, 0xff, 0x00, 0xff, 0xff, 0x00, 
  0xff, 0xff, 0x00, 0xff, 0xff, 0x00, 0xff, 0xff, 0x00, 0xff, 0xff, 0x00, 
  0xff, 0xff, 0x00, 0xff, 0xff, 0x00, 0x7d, 0xef, 0x00, 0x5c, 0xe7, 0x00, 
  0xff, 0xff, 0x00, 0xff, 0xff, 0x00, 0xdf, 0xff, 0x00, 0x9f, 0xff, 0x00, 
  0x5f, 0xff, 0x00, 0x96, 0xec, 0x00, 0x52, 0xe3, 0xff, 0x54, 0xfb, 0xff, 
  0x13, 0xfb, 0xff, 0x13, 0xfb, 0xff, 0x14, 0xfb, 0xff, 0x13, 0xfb, 0xff, 
  0x34, 0xfb, 0xff, 0x34, 0xfb, 0xff, 0x34, 0xfb, 0xff, 0x34, 0xfb, 0xff, 
  0x14, 0xfb, 0xff, 0x14, 0xfb, 0xff, 0x14, 0xfb, 0xff, 0x14, 0xfb, 0xff, 
  0x13, 0xfb, 0xff, 0x33, 0xfb, 0xff, 0x14, 0xfb, 0xff, 0x34, 0xfb, 0xff, 
  0x34, 0xfb, 0xff, 0x13, 0xfb, 0xff, 0x14, 0xfb, 0xff, 0x34, 0xfb, 0xff, 
  0x55, 0xfb, 0xff, 0x54, 0xfb, 0xff, 0x34, 0xfb, 0xff, 0x34, 0xfb, 0xff, 
  0x34, 0xfb, 0xff, 0x34, 0xfb, 0xff, 0x33, 0xfb, 0xff, 0x13, 0xfb, 0xff, 
  0x14, 0xfb, 0xff, 0x14, 0xfb, 0xff, 0x14, 0xfb, 0xff, 0x14, 0xfb, 0xff, 
  0x14, 0xfb, 0xff, 0x14, 0xfb, 0xff, 0x14, 0xfb, 0xff, 0x14, 0xfb, 0xff, 
  0x34, 0xfb, 0xff, 0x34, 0xfb, 0xff, 0x34, 0xfb, 0xff, 0x34, 0xfb, 0xff, 
  0x14, 0xfb, 0xff, 0x14, 0xfb, 0xff, 0x14, 0xfb, 0xff, 0x14, 0xfb, 0xff, 
  0x14, 0xfb, 0xff, 0x13, 0xfb, 0xff, 0x14, 0xfb, 0xff, 0x14, 0xfb, 0xff, 
  0x34, 0xfb, 0xff, 0x54, 0xfb, 0xff, 0x75, 0xfb, 0xff, 0x75, 0xfb, 0xff, 
  0x75, 0xfb, 0xff, 0x75, 0xfb, 0xff, 0x75, 0xfb, 0xff, 0x75, 0xfb, 0xff, 
  0x75, 0xfb, 0xff, 0x75, 0xfb, 0xff, 0x54, 0xfb, 0xff, 0x34, 0xfb, 0xff, 
  0x34, 0xfb, 0xff, 0x34, 0xfb, 0xff, 0x75, 0xfb, 0xff, 0x75, 0xfb, 0xff, 
  0x75, 0xfb, 0xff, 0x75, 0xfb, 0xff, 0x75, 0xfb, 0xff, 0x75, 0xfb, 0xff, 
  0x75, 0xfb, 0xff, 0x75, 0xfb, 0xff, 0x75, 0xfb, 0xff, 0x75, 0xfb, 0xff, 
  0x75, 0xfb, 0xff, 0x75, 0xfb, 0xff, 0x55, 0xfb, 0xff, 0x55, 0xfb, 0xff, 
  0x75, 0xfb, 0xff, 0x55, 0xfb, 0xff, 0x55, 0xfb, 0xff, 0x75, 0xfb, 0xff, 
  0xb5, 0xfb, 0xff, 0x93, 0xdb, 0x00, 0x7c, 0xfe, 0x00, 0xbf, 0xff, 0x00, 
  0xdf, 0xff, 0x00, 0xff, 0xff, 0x00, 0xff, 0xff, 0x00, 0xff, 0xff, 0x00, 
  0x7d, 0xef, 0x00, 0x1c, 0xe7, 0x00, 0xdf, 0xff, 0x00, 0xff, 0xff, 0x00, 
  0xff, 0xff, 0x00, 0xff, 0xff, 0x00, 0xff, 0xff, 0x00, 0xff, 0xff, 0x00, 
  0xff, 0xff, 0x00, 0xff, 0xff, 0x00, 0xff, 0xff, 0x00, 0xff, 0xff, 0x00, 
  0xff, 0xff, 0x00, 0xff, 0xff, 0x00, 0xff, 0xff, 0x00, 0xff, 0xff, 0x00, 
  0xff, 0xff, 0x00, 0xff, 0xff, 0x00, 0xff, 0xff, 0x00, 0xff, 0xff, 0x00, 
  0xff, 0xff, 0x00, 0x9e, 0xf7, 0x00, 0x3c, 0xe7, 0x00, 0xbf, 0xff, 0x00, 
  0xff, 0xff, 0x00, 0xdf, 0xff, 0x00, 0xdf, 0xff, 0x00, 0x9f, 0xff, 0x00, 
  0x59, 0xfd, 0x00, 0x73, 0xe3, 0xff, 0x94, 0xf3, 0xff, 0x13, 0xf3, 0xff, 
  0x54, 0xfb, 0xff, 0x34, 0xfb, 0xff, 0xf3, 0xfa, 0xff, 0x14, 0xfb, 0xff, 
  0x14, 0xfb, 0xff, 0x34, 0xfb, 0xff, 0x34, 0xfb, 0xff, 0x34, 0xfb, 0xff, 
  0x14, 0xfb, 0xff, 0x14, 0xfb, 0xff, 0x14, 0xfb, 0xff, 0x14, 0xfb, 0xff, 
  0x33, 0xfb, 0xff, 0x13, 0xfb, 0xff, 0x13, 0xfb, 0xff, 0x14, 0xfb, 0xff, 
  0x34, 0xfb, 0xff, 0x34, 0xfb, 0xff, 0x34, 0xfb, 0xff, 0x34, 0xfb, 0xff, 
  0x34, 0xfb, 0xff, 0x34, 0xfb, 0xff, 0x34, 0xfb, 0xff, 0x13, 0xfb, 0xff, 
  0x34, 0xfb, 0xff, 0x34, 0xfb, 0xff, 0x33, 0xfb, 0xff, 0x13, 0xfb, 0xff, 
  0x14, 0xfb, 0xff, 0x14, 0xfb, 0xff, 0x14, 0xfb, 0xff, 0x14, 0xfb, 0xff, 
  0x14, 0xfb, 0xff, 0x14, 0xfb, 0xff, 0x14, 0xfb, 0xff, 0x14, 0xfb, 0xff, 
  0x34, 0xfb, 0xff, 0x34, 0xfb, 0xff, 0x34, 0xfb, 0xff, 0x34, 0xfb, 0xff, 
  0x34, 0xfb, 0xff, 0x34, 0xfb, 0xff, 0x34, 0xfb, 0xff, 0x34, 0xfb, 0xff, 
  0x14, 0xfb, 0xff, 0x14, 0xfb, 0xff, 0x14, 0xfb, 0xff, 0x34, 0xfb, 0xff, 
  0x34, 0xfb, 0xff, 0x75, 0xfb, 0xff, 0x75, 0xfb, 0xff, 0x75, 0xfb, 0xff, 
  0x75, 0xfb, 0xff, 0x75, 0xfb, 0xff, 0x75, 0xfb, 0xff, 0x75, 0xfb, 0xff, 
  0x75, 0xfb, 0xff, 0x75, 0xfb, 0xff, 0x75, 0xfb, 0xff, 0x34, 0xfb, 0xff, 
  0x34, 0xfb, 0xff, 0x55, 0xfb, 0xff, 0x75, 0xfb, 0xff, 0x75, 0xfb, 0xff, 
  0x75, 0xfb, 0xff, 0x75, 0xfb, 0xff, 0x75, 0xfb, 0xff, 0x75, 0xfb, 0xff, 
  0x75, 0xfb, 0xff, 0x75, 0xfb, 0xff, 0x75, 0xfb, 0xff, 0x75, 0xfb, 0xff, 
  0x75, 0xfb, 0xff, 0x75, 0xfb, 0xff, 0x75, 0xfb, 0xff, 0x75, 0xfb, 0xff, 
  0x55, 0xfb, 0xff, 0x96, 0xfb, 0xff, 0x55, 0xfb, 0xff, 0x75, 0xfb, 0xff, 
  0x95, 0xfb, 0xff, 0x94, 0xf3, 0xff, 0x34, 0xdc, 0x00, 0x3f, 0xff, 0x00, 
  0xbf, 0xff, 0x00, 0xdf, 0xff, 0x00, 0xff, 0xff, 0x00, 0xff, 0xff, 0x00, 
  0xff, 0xff, 0x00, 0x1c, 0xe7, 0x00, 0x5d, 0xef, 0x00, 0xff, 0xff, 0x00, 
  0xff, 0xff, 0x00, 0xff, 0xff, 0x00, 0xff, 0xff, 0x00, 0xff, 0xff, 0x00, 
  0xff, 0xff, 0x00, 0xff, 0xff, 0x00, 0xff, 0xff, 0x00, 0xff, 0xff, 0x00, 
  0xff, 0xff, 0x00, 0xff, 0xff, 0x00, 0xff, 0xff, 0x00, 0xff, 0xff, 0x00, 
  0xff, 0xff, 0x00, 0xff, 0xff, 0x00, 0xff, 0xff, 0x00, 0xff, 0xff, 0x00, 
  0xdf, 0xff, 0x00, 0x1c, 0xe7, 0x00, 0x7d, 0xef, 0x00, 0xff, 0xff, 0x00, 
  0xdf, 0xff, 0x00, 0xdf, 0xff, 0x00, 0xdf, 0xff, 0x00, 0x9c, 0xfe, 0x00, 
  0x53, 0xdb, 0x00, 0x75, 0xfb, 0xff, 0x75, 0xfb, 0xff, 0x75, 0xfb, 0xff, 
  0x13, 0xfb, 0xff, 0x13, 0xfb, 0xff, 0x13, 0xfb, 0xff, 0x14, 0xfb, 0xff, 
  0x14, 0xfb, 0xff, 0x14, 0xfb, 0xff, 0x34, 0xfb, 0xff, 0x34, 0xfb, 0xff, 
  0x34, 0xfb, 0xff, 0x34, 0xfb, 0xff, 0x34, 0xfb, 0xff, 0x34, 0xfb, 0xff, 
  0x33, 0xfb, 0xff, 0x33, 0xfb, 0xff, 0x14, 0xfb, 0xff, 0x14, 0xfb, 0xff, 
  0x14, 0xfb, 0xff, 0x14, 0xfb, 0xff, 0x34, 0xfb, 0xff, 0x34, 0xfb, 0xff, 
  0x14, 0xfb, 0xff, 0x14, 0xfb, 0xff, 0x14, 0xfb, 0xff, 0x13, 0xfb, 0xff, 
  0x34, 0xfb, 0xff, 0x34, 0xfb, 0xff, 0x33, 0xfb, 0xff, 0x33, 0xfb, 0xff, 
  0x13, 0xfb, 0xff, 0x13, 0xfb, 0xff, 0x34, 0xfb, 0xff, 0x34, 0xfb, 0xff, 
  0x14, 0xfb, 0xff, 0x34, 0xfb, 0xff, 0x34, 0xfb, 0xff, 0x34, 0xfb, 0xff, 
  0x13, 0xfb, 0xff, 0x13, 0xfb, 0xff, 0x13, 0xfb, 0xff, 0x13, 0xfb, 0xff, 
  0x13, 0xfb, 0xff, 0x13, 0xfb, 0xff, 0x13, 0xfb, 0xff, 0x13, 0xfb, 0xff, 
  0x34, 0xfb, 0xff, 0x34, 0xfb, 0xff, 0x34, 0xfb, 0xff, 0x34, 0xfb, 0xff, 
  0x54, 0xfb, 0xff, 0x75, 0xfb, 0xff, 0x75, 0xfb, 0xff, 0x75, 0xfb, 0xff, 
  0x75, 0xfb, 0xff, 0x75, 0xfb, 0xff, 0x75, 0xfb, 0xff, 0x75, 0xfb, 0xff, 
  0x75, 0xfb, 0xff, 0x75, 0xfb, 0xff, 0x75, 0xfb, 0xff, 0x55, 0xfb, 0xff, 
  0x55, 0xfb, 0xff, 0x75, 0xfb, 0xff, 0x75, 0xfb, 0xff, 0x75, 0xfb, 0xff, 
  0x75, 0xfb, 0xff, 0x75, 0xfb, 0xff, 0x75, 0xfb, 0xff, 0x55, 0xfb, 0xff, 
  0x75, 0xfb, 0xff, 0x75, 0xfb, 0xff, 0x75, 0xfb, 0xff, 0x75, 0xfb, 0xff, 
  0x75, 0xfb, 0xff, 0x75, 0xfb, 0xff, 0x75, 0xfb, 0xff, 0x75, 0xfb, 0xff, 
  0x75, 0xfb, 0xff, 0x75, 0xfb, 0xff, 0x75, 0xfb, 0xff, 0x74, 0xfb, 0xff, 
  0x95, 0xfb, 0xff, 0x94, 0xfb, 0xff, 0x73, 0xeb, 0xff, 0xd7, 0xf4, 0x00, 
  0x9f, 0xff, 0x00, 0xdf, 0xff, 0x00, 0xff, 0xff, 0x00, 0xff, 0xff, 0x00, 
  0xff, 0xff, 0x00, 0x7e, 0xf7, 0x00, 0x3c, 0xe7, 0x00, 0xdf, 0xf7, 0x00, 
  0xff, 0xff, 0x00, 0xff, 0xff, 0x00, 0xff, 0xff, 0x00, 0xff, 0xff, 0x00, 
  0xff, 0xff, 0x00, 0xff, 0xff, 0x00, 0xff, 0xff, 0x00, 0xff, 0xff, 0x00, 
  0xff, 0xff, 0x00, 0xff, 0xff, 0x00, 0xff, 0xff, 0x00, 0xff, 0xff, 0x00, 
  0xff, 0xff, 0x00, 0xff, 0xff, 0x00, 0xff, 0xff, 0x00, 0xff, 0xff, 0x00, 
  0x7d, 0xef, 0x00, 0x5d, 0xef, 0x00, 0xff, 0xff, 0x00, 0xff, 0xff, 0x00, 
  0xdf, 0xff, 0x00, 0xbf, 0xff, 0x00, 0x7f, 0xff, 0x00, 0x55, 0xdc, 0x00, 
  0x94, 0xf3, 0xff, 0x75, 0xfb, 0xff, 0x75, 0xfb, 0xff, 0x75, 0xfb, 0xff, 
  0x34, 0xfb, 0xff, 0x34, 0xfb, 0xff, 0x34, 0xfb, 0xff, 0x13, 0xfb, 0xff, 
  0x14, 0xfb, 0xff, 0x14, 0xfb, 0xff, 0x14, 0xfb, 0xff, 0x34, 0xfb, 0xff, 
  0x34, 0xfb, 0xff, 0x34, 0xfb, 0xff, 0x34, 0xfb, 0xff, 0x34, 0xfb, 0xff, 
  0x34, 0xfb, 0xff, 0x33, 0xfb, 0xff, 0x14, 0xfb, 0xff, 0x14, 0xfb, 0xff, 
  0x34, 0xfb, 0xff, 0x14, 0xfb, 0xff, 0x14, 0xfb, 0xff, 0x14, 0xfb, 0xff, 
  0x14, 0xfb, 0xff, 0x14, 0xfb, 0xff, 0x14, 0xfb, 0xff, 0x34, 0xfb, 0xff, 
  0x34, 0xfb, 0xff, 0x34, 0xfb, 0xff, 0x34, 0xfb, 0xff, 0x34, 0xfb, 0xff, 
  0x34, 0xfb, 0xff, 0x34, 0xfb, 0xff, 0x34, 0xfb, 0xff, 0x34, 0xfb, 0xff, 
  0x34, 0xfb, 0xff, 0x13, 0xfb, 0xff, 0x13, 0xfb, 0xff, 0x13, 0xfb, 0xff, 
  0x34, 0xfb, 0xff, 0x34, 0xfb, 0xff, 0x34, 0xfb, 0xff, 0x34, 0xfb, 0xff, 
  0x34, 0xfb, 0xff, 0x34, 0xfb, 0xff, 0x14, 0xfb, 0xff, 0x14, 0xfb, 0xff, 
  0x14, 0xfb, 0xff, 0x34, 0xfb, 0xff, 0x34, 0xfb, 0xff, 0x34, 0xfb, 0xff, 
  0x75, 0xfb, 0xff, 0x75, 0xfb, 0xff, 0x75, 0xfb, 0xff, 0x75, 0xfb, 0xff, 
  0x75, 0xfb, 0xff, 0x75, 0xfb, 0xff, 0x75, 0xfb, 0xff, 0x75, 0xfb, 0xff, 
  0x75, 0xfb, 0xff, 0x75, 0xfb, 0xff, 0x75, 0xfb, 0xff, 0x75, 0xfb, 0xff, 
  0x75, 0xfb, 0xff, 0x75, 0xfb, 0xff, 0x75, 0xfb, 0xff, 0x75, 0xfb, 0xff, 
  0x75, 0xfb, 0xff, 0x55, 0xfb, 0xff, 0x55, 0xfb, 0xff, 0x75, 0xfb, 0xff, 
  0x55, 0xfb, 0xff, 0x55, 0xfb, 0xff, 0x55, 0xfb, 0xff, 0x75, 0xfb, 0xff, 
  0x75, 0xfb, 0xff, 0x75, 0xfb, 0xff, 0x75, 0xfb, 0xff, 0x75, 0xfb, 0xff, 
  0x75, 0xfb, 0xff, 0x75, 0xfb, 0xff, 0x95, 0xfb, 0xff, 0x75, 0xfb, 0xff, 
  0x75, 0xfb, 0xff, 0x75, 0xfb, 0xff, 0x95, 0xfb, 0xff, 0x73, 0xdb, 0x00, 
  0x3b, 0xfe, 0x00, 0xbf, 0xff, 0x00, 0xdf, 0xff, 0x00, 0xff, 0xff, 0x00, 
  0xff, 0xff, 0x00, 0xff, 0xff, 0x00, 0x5d, 0xe7, 0x00, 0x5c, 0xe7, 0x00, 
  0xff, 0xff, 0x00, 0xff, 0xff, 0x00, 0xff, 0xff, 0x00, 0xff, 0xff, 0x00, 
  0xff, 0xff, 0x00, 0xff, 0xff, 0x00, 0xff, 0xff, 0x00, 0xff, 0xff, 0x00, 
  0xff, 0xff, 0x00, 0xff, 0xff, 0x00, 0xff, 0xff, 0x00, 0xff, 0xff, 0x00, 
  0xff, 0xff, 0x00, 0xff, 0xff, 0x00, 0xff, 0xff, 0x00, 0xbe, 0xf7, 0x00, 
  0x3c, 0xe7, 0x00, 0xbe, 0xf7, 0x00, 0xff, 0xff, 0x00, 0xff, 0xff, 0x00, 
  0xdf, 0xff, 0x00, 0x9f, 0xff, 0x00, 0x59, 0xfd, 0x00, 0x53, 0xe3, 0xff, 
  0x95, 0xfb, 0xff, 0x75, 0xfb, 0xff, 0x75, 0xfb, 0xff, 0x75, 0xfb, 0xff, 
  0x54, 0xfb, 0xff, 0x34, 0xfb, 0xff, 0x13, 0xfb, 0xff, 0x34, 0xfb, 0xff, 
  0x14, 0xfb, 0xff, 0x14, 0xfb, 0xff, 0x14, 0xfb, 0xff, 0x14, 0xfb, 0xff, 
  0x14, 0xfb, 0xff, 0x34, 0xfb, 0xff, 0x14, 0xfb, 0xff, 0x34, 0xfb, 0xff, 
  0x34, 0xfb, 0xff, 0x34, 0xfb, 0xff, 0x14, 0xfb, 0xff, 0x14, 0xfb, 0xff, 
  0x14, 0xfb, 0xff, 0x14, 0xfb, 0xff, 0x14, 0xfb, 0xff, 0x14, 0xfb, 0xff, 
  0x14, 0xfb, 0xff, 0x14, 0xfb, 0xff, 0x34, 0xfb, 0xff, 0x54, 0xfb, 0xff, 
  0x54, 0xfb, 0xff, 0x54, 0xfb, 0xff, 0x54, 0xfb, 0xff, 0x54, 0xfb, 0xff, 
  0x54, 0xfb, 0xff, 0x54, 0xfb, 0xff, 0x54, 0xfb, 0xff, 0x54, 0xfb, 0xff, 
  0x54, 0xfb, 0xff, 0x54, 0xfb, 0xff, 0x54, 0xfb, 0xff, 0x54, 0xfb, 0xff, 
  0x54, 0xfb, 0xff, 0x54, 0xfb, 0xff, 0x54, 0xfb, 0xff, 0x54, 0xfb, 0xff, 
  0x54, 0xfb, 0xff, 0x54, 0xfb, 0xff, 0x54, 0xfb, 0xff, 0x54, 0xfb, 0xff, 
  0x54, 0xfb, 0xff, 0x54, 0xfb, 0xff, 0x55, 0xfb, 0xff, 0x55, 0xfb, 0xff, 
  0x75, 0xfb, 0xff, 0x75, 0xfb, 0xff, 0x75, 0xfb, 0xff, 0x75, 0xfb, 0xff, 
  0x75, 0xfb, 0xff, 0x75, 0xfb, 0xff, 0x75, 0xfb, 0xff, 0x75, 0xfb, 0xff, 
  0x75, 0xfb, 0xff, 0x75, 0xfb, 0xff, 0x75, 0xfb, 0xff, 0x75, 0xfb, 0xff, 
  0x55, 0xfb, 0xff, 0x54, 0xfb, 0xff, 0x34, 0xfb, 0xff, 0x34, 0xfb, 0xff, 
  0x34, 0xfb, 0xff, 0x14, 0xfb, 0xff, 0x34, 0xfb, 0xff, 0x34, 0xfb, 0xff, 
  0x34, 0xfb, 0xff, 0x14, 0xfb, 0xff, 0x14, 0xfb, 0xff, 0x14, 0xfb, 0xff, 
  0x34, 0xfb, 0xff, 0x34, 0xfb, 0xff, 0x55, 0xfb, 0xff, 0x95, 0xfb, 0xff, 
  0x75, 0xfb, 0xff, 0x75, 0xfb, 0xff, 0x75, 0xfb, 0xff, 0x55, 0xfb, 0xff, 
  0x75, 0xfb, 0xff, 0x95, 0xfb, 0xff, 0x75, 0xfb, 0xff, 0x94, 0xeb, 0xff, 
  0xd3, 0xd3, 0x00, 0x5f, 0xff, 0x00, 0xbf, 0xff, 0x00, 0xff, 0xff, 0x00, 
  0xff, 0xff, 0x00, 0xff, 0xff, 0x00, 0xbe, 0xf7, 0x00, 0x1c, 0xe7, 0x00, 
  0x9e, 0xf7, 0x00, 0xff, 0xff, 0x00, 0xff, 0xff, 0x00, 0xff, 0xff, 0x00, 
  0xff, 0xff, 0x00, 0xff, 0xff, 0x00, 0xff, 0xff, 0x00, 0xff, 0xff, 0x00, 
  0xff, 0xff, 0x00, 0xff, 0xff, 0x00, 0xff, 0xff, 0x00, 0xff, 0xff, 0x00, 
  0xff, 0xff, 0x00, 0xff, 0xff, 0x00, 0xff, 0xff, 0x00, 0x5d, 0xef, 0x00, 
  0x5d, 0xef, 0x00, 0xde, 0xff, 0x00, 0xff, 0xff, 0x00, 0xff, 0xff, 0x00, 
  0xbf, 0xff, 0x00, 0xfe, 0xfe, 0x00, 0x94, 0xe3, 0x00, 0x95, 0xfb, 0xff, 
  0x75, 0xfb, 0xff, 0x75, 0xfb, 0xff, 0x75, 0xfb, 0xff, 0x75, 0xfb, 0xff, 
  0x55, 0xfb, 0xff, 0x34, 0xfb, 0xff, 0x34, 0xfb, 0xff, 0x34, 0xfb, 0xff, 
  0x14, 0xfb, 0xff, 0x14, 0xfb, 0xff, 0x14, 0xfb, 0xff, 0x14, 0xfb, 0xff, 
  0x14, 0xfb, 0xff, 0x14, 0xfb, 0xff, 0x14, 0xfb, 0xff, 0x14, 0xfb, 0xff, 
  0x34, 0xfb, 0xff, 0x34, 0xfb, 0xff, 0x14, 0xfb, 0xff, 0x14, 0xfb, 0xff, 
  0x14, 0xfb, 0xff, 0x14, 0xfb, 0xff, 0x14, 0xfb, 0xff, 0x14, 0xfb, 0xff, 
  0x34, 0xfb, 0xff, 0x34, 0xfb, 0xff, 0x34, 0xfb, 0xff, 0x54, 0xfb, 0xff, 
  0x75, 0xfb, 0xff, 0x75, 0xfb, 0xff, 0x75, 0xfb, 0xff, 0x75, 0xfb, 0xff, 
  0x75, 0xfb, 0xff, 0x75, 0xfb, 0xff, 0x75, 0xfb, 0xff, 0x75, 0xfb, 0xff, 
  0x75, 0xfb, 0xff, 0x75, 0xfb, 0xff, 0x75, 0xfb, 0xff, 0x75, 0xfb, 0xff, 
  0x75, 0xfb, 0xff, 0x75, 0xfb, 0xff, 0x75, 0xfb, 0xff, 0x75, 0xfb, 0xff, 
  0x75, 0xfb, 0xff, 0x75, 0xfb, 0xff, 0x75, 0xfb, 0xff, 0x75, 0xfb, 0xff, 
  0x75, 0xfb, 0xff, 0x75, 0xfb, 0xff, 0x75, 0xfb, 0xff, 0x75, 0xfb, 0xff, 
  0x75, 0xfb, 0xff, 0x75, 0xfb, 0xff, 0x75, 0xfb, 0xff, 0x75, 0xfb, 0xff, 
  0x75, 0xfb, 0xff, 0x75, 0xfb, 0xff, 0x75, 0xfb, 0xff, 0x75, 0xfb, 0xff, 
  0x75, 0xfb, 0xff, 0x75, 0xfb, 0xff, 0x75, 0xfb, 0xff, 0x75, 0xfb, 0xff, 
  0x75, 0xfb, 0xff, 0x54, 0xfb, 0xff, 0x34, 0xfb, 0xff, 0x14, 0xfb, 0xff, 
  0x14, 0xfb, 0xff, 0x14, 0xfb, 0xff, 0x34, 0xfb, 0xff, 0x34, 0xfb, 0xff, 
  0x34, 0xfb, 0xff, 0x14, 0xfb, 0xff, 0x14, 0xfb, 0xff, 0x14, 0xfb, 0xff, 
  0x14, 0xfb, 0xff, 0x34, 0xfb, 0xff, 0x54, 0xfb, 0xff, 0x75, 0xfb, 0xff, 
  0x75, 0xfb, 0xff, 0x75, 0xfb, 0xff, 0x75, 0xfb, 0xff, 0x75, 0xfb, 0xff, 
  0x75, 0xfb, 0xff, 0x75, 0xfb, 0xff, 0x95, 0xfb, 0xff, 0xb5, 0xfb, 0xff, 
  0x73, 0xe3, 0xff, 0xf8, 0xf4, 0x00, 0x9f, 0xff, 0x00, 0xdf, 0xff, 0x00, 
  0xff, 0xff, 0x00, 0xff, 0xff, 0x00, 0xff, 0xff, 0x00, 0x7d, 0xef, 0x00, 
  0x3c, 0xe7, 0x00, 0xdf, 0xff, 0x00, 0xff, 0xff, 0x00, 0xff, 0xff, 0x00, 
  0xff, 0xff, 0x00, 0xff, 0xff, 0x00, 0xff, 0xff, 0x00, 0xff, 0xff, 0x00, 
  0xff, 0xff, 0x00, 0xff, 0xff, 0x00, 0xff, 0xff, 0x00, 0xff, 0xff, 0x00, 
  0xff, 0xff, 0x00, 0xff, 0xff, 0x00, 0xbe, 0xf7, 0x00, 0x1c, 0xe7, 0x00, 
  0x9e, 0xf7, 0x00, 0xff, 0xff, 0x00, 0xff, 0xff, 0x00, 0xff, 0xff, 0x00, 
  0x9f, 0xff, 0x00, 0xf7, 0xec, 0x00, 0x73, 0xe3, 0xff, 0x95, 0xfb, 0xff, 
  0x75, 0xfb, 0xff, 0x75, 0xfb, 0xff, 0x75, 0xfb, 0xff, 0x75, 0xfb, 0xff, 
  0x75, 0xfb, 0xff, 0x54, 0xfb, 0xff, 0x34, 0xfb, 0xff, 0x34, 0xfb, 0xff, 
  0x34, 0xfb, 0xff, 0x34, 0xfb, 0xff, 0x14, 0xfb, 0xff, 0x14, 0xfb, 0xff, 
  0x14, 0xfb, 0xff, 0x14, 0xfb, 0xff, 0x14, 0xfb, 0xff, 0x14, 0xfb, 0xff, 
  0x14, 0xfb, 0xff, 0x14, 0xfb, 0xff, 0x14, 0xfb, 0xff, 0x14, 0xfb, 0xff, 
  0x14, 0xfb, 0xff, 0x14, 0xfb, 0xff, 0x14, 0xfb, 0xff, 0x14, 0xfb, 0xff, 
  0x34, 0xfb, 0xff, 0x13, 0xfb, 0xff, 0x34, 0xfb, 0xff, 0x54, 0xfb, 0xff, 
  0x75, 0xfb, 0xff, 0x75, 0xfb, 0xff, 0x75, 0xfb, 0xff, 0x75, 0xfb, 0xff, 
  0x75, 0xfb, 0xff, 0x75, 0xfb, 0xff, 0x75, 0xfb, 0xff, 0x75, 0xfb, 0xff, 
  0x75, 0xfb, 0xff, 0x75, 0xfb, 0xff, 0x75, 0xfb, 0xff, 0x75, 0xfb, 0xff, 
  0x75, 0xfb, 0xff, 0x75, 0xfb, 0xff, 0x75, 0xfb, 0xff, 0x75, 0xfb, 0xff, 
  0x75, 0xfb, 0xff, 0x75, 0xfb, 0xff, 0x75, 0xfb, 0xff, 0x75, 0xfb, 0xff, 
  0x75, 0xfb, 0xff, 0x75, 0xfb, 0xff, 0x75, 0xfb, 0xff, 0x75, 0xfb, 0xff, 
  0x75, 0xfb, 0xff, 0x75, 0xfb, 0xff, 0x75, 0xfb, 0xff, 0x75, 0xfb, 0xff, 
  0x75, 0xfb, 0xff, 0x75, 0xfb, 0xff, 0x75, 0xfb, 0xff, 0x75, 0xfb, 0xff, 
  0x75, 0xfb, 0xff, 0x75, 0xfb, 0xff, 0x75, 0xfb, 0xff, 0x75, 0xfb, 0xff, 
  0x75, 0xfb, 0xff, 0x75, 0xfb, 0xff, 0x34, 0xfb, 0xff, 0x14, 0xfb, 0xff, 
  0x13, 0xfb, 0xff, 0x14, 0xfb, 0xff, 0x34, 0xfb, 0xff, 0x34, 0xfb, 0xff, 
  0x33, 0xfb, 0xff, 0x34, 0xfb, 0xff, 0x34, 0xfb, 0xff, 0x34, 0xfb, 0xff, 
  0x14, 0xfb, 0xff, 0x34, 0xfb, 0xff, 0x54, 0xfb, 0xff, 0x75, 0xfb, 0xff, 
  0x75, 0xfb, 0xff, 0x75, 0xfb, 0xff, 0x75, 0xfb, 0xff, 0x75, 0xfb, 0xff, 
  0x75, 0xfb, 0xff, 0x75, 0xfb, 0xff, 0x75, 0xfb, 0xff, 0x95, 0xfb, 0xff, 
  0x74, 0xfb, 0xff, 0x93, 0xdb, 0x00, 0xbd, 0xfe, 0x00, 0xdf, 0xff, 0x00, 
  0xff, 0xff, 0x00, 0xff, 0xff, 0x00, 0xff, 0xff, 0x00, 0xde, 0xf7, 0x00, 
  0x1c, 0xe7, 0x00, 0x9e, 0xf7, 0x00, 0xff, 0xff, 0x00, 0xff, 0xff, 0x00, 
  0xff, 0xff, 0x00, 0xff, 0xff, 0x00, 0xff, 0xff, 0x00, 0xff, 0xff, 0x00, 
  0xff, 0xff, 0x00, 0xff, 0xff, 0x00, 0xff, 0xff, 0x00, 0xff, 0xff, 0x00, 
  0xff, 0xff, 0x00, 0xff, 0xff, 0x00, 0x5d, 0xef, 0x00, 0x5d, 0xef, 0x00, 
  0xff, 0xff, 0x00, 0xff, 0xff, 0x00, 0xff, 0xff, 0x00, 0xdf, 0xff, 0x00, 
  0x7d, 0xfe, 0x00, 0x93, 0xd3, 0x00, 0xd5, 0xfb, 0xff, 0x75, 0xfb, 0xff, 
  0x75, 0xfb, 0xff, 0x75, 0xfb, 0xff, 0x75, 0xfb, 0xff, 0x75, 0xfb, 0xff, 
  0x75, 0xfb, 0xff, 0x75, 0xfb, 0xff, 0x54, 0xfb, 0xff, 0x34, 0xfb, 0xff, 
  0x34, 0xfb, 0xff, 0x34, 0xfb, 0xff, 0x14, 0xfb, 0xff, 0x14, 0xfb, 0xff, 
  0x14, 0xfb, 0xff, 0x14, 0xfb, 0xff, 0x14, 0xfb, 0xff, 0x14, 0xfb, 0xff, 
  0x14, 0xfb, 0xff, 0x14, 0xfb, 0xff, 0x14, 0xfb, 0xff, 0x14, 0xfb, 0xff, 
  0x14, 0xfb, 0xff, 0x14, 0xfb, 0xff, 0x14, 0xfb, 0xff, 0x14, 0xfb, 0xff, 
  0x14, 0xfb, 0xff, 0x13, 0xfb, 0xff, 0x14, 0xfb, 0xff, 0x34, 0xfb, 0xff, 
  0x54, 0xfb, 0xff, 0x75, 0xfb, 0xff, 0x75, 0xfb, 0xff, 0x75, 0xfb, 0xff, 
  0x75, 0xfb, 0xff, 0x75, 0xfb, 0xff, 0x75, 0xfb, 0xff, 0x75, 0xfb, 0xff, 
  0x75, 0xfb, 0xff, 0x75, 0xfb, 0xff, 0x75, 0xfb, 0xff, 0x75, 0xfb, 0xff, 
  0x75, 0xfb, 0xff, 0x75, 0xfb, 0xff, 0x75, 0xfb, 0xff, 0x75, 0xfb, 0xff, 
  0x75, 0xfb, 0xff, 0x75, 0xfb, 0xff, 0x75, 0xfb, 0xff, 0x75, 0xfb, 0xff, 
  0x75, 0xfb, 0xff, 0x75, 0xfb, 0xff, 0x75, 0xfb, 0xff, 0x75, 0xfb, 0xff, 
  0x75, 0xfb, 0xff, 0x75, 0xfb, 0xff, 0x75, 0xfb, 0xff, 0x75, 0xfb, 0xff, 
  0x75, 0xfb, 0xff, 0x75, 0xfb, 0xff, 0x75, 0xfb, 0xff, 0x75, 0xfb, 0xff, 
  0x75, 0xfb, 0xff, 0x75, 0xfb, 0xff, 0x75, 0xfb, 0xff, 0x75, 0xfb, 0xff, 
  0x75, 0xfb, 0xff, 0x75, 0xfb, 0xff, 0x54, 0xfb, 0xff, 0x34, 0xfb, 0xff, 
  0x13, 0xfb, 0xff, 0x14, 0xfb, 0xff, 0x14, 0xfb, 0xff, 0x13, 0xfb, 0xff, 
  0x34, 0xfb, 0xff, 0x34, 0xfb, 0xff, 0x34, 0xfb, 0xff, 0x34, 0xfb, 0xff, 
  0x14, 0xfb, 0xff, 0x14, 0xfb, 0xff, 0x34, 0xfb, 0xff, 0x54, 0xfb, 0xff, 
  0x75, 0xfb, 0xff, 0x75, 0xfb, 0xff, 0x75, 0xfb, 0xff, 0x75, 0xfb, 0xff, 
  0x75, 0xfb, 0xff, 0x75, 0xfb, 0xff, 0x75, 0xfb, 0xff, 0x75, 0xfb, 0xff, 
  0x95, 0xfb, 0xff, 0x73, 0xe3, 0xff, 0x17, 0xed, 0x00, 0x9f, 0xff, 0x00, 
  0xdf, 0xff, 0x00, 0xff, 0xff, 0x00, 0xff, 0xff, 0x00, 0xff, 0xff, 0x00, 
  0x7d, 0xef, 0x00, 0x5d, 0xef, 0x00, 0xff, 0xff, 0x00, 0xff, 0xff, 0x00, 
  0xff, 0xff, 0x00, 0xff, 0xff, 0x00, 0xff, 0xff, 0x00, 0xff, 0xff, 0x00, 
  0xff, 0xff, 0x00, 0xff, 0xff, 0x00, 0xff, 0xff, 0x00, 0xff, 0xff, 0x00, 
  0xff, 0xff, 0x00, 0xbe, 0xf7, 0x00, 0x3c, 0xef, 0x00, 0x9e, 0xf7, 0x00, 
  0xff, 0xff, 0x00, 0xff, 0xff, 0x00, 0xdf, 0xff, 0x00, 0x9f, 0xff, 0x00, 
  0x96, 0xf4, 0x00, 0x94, 0xeb, 0xff, 0x95, 0xf3, 0xff, 0x95, 0xfb, 0xff, 
  0x75, 0xfb, 0xff, 0x75, 0xfb, 0xff, 0x75, 0xfb, 0xff, 0x75, 0xfb, 0xff, 
  0x75, 0xfb, 0xff, 0x75, 0xfb, 0xff, 0x54, 0xfb, 0xff, 0x34, 0xfb, 0xff, 
  0x34, 0xfb, 0xff, 0x34, 0xfb, 0xff, 0x14, 0xfb, 0xff, 0x14, 0xfb, 0xff, 
  0x14, 0xfb, 0xff, 0x14, 0xfb, 0xff, 0x14, 0xfb, 0xff, 0x14, 0xfb, 0xff, 
  0x14, 0xfb, 0xff, 0x14, 0xfb, 0xff, 0x14, 0xfb, 0xff, 0x14, 0xfb, 0xff, 
  0x14, 0xfb, 0xff, 0x14, 0xfb, 0xff, 0x14, 0xfb, 0xff, 0x14, 0xfb, 0xff, 
  0x14, 0xfb, 0xff, 0x34, 0xfb, 0xff, 0x34, 0xfb, 0xff, 0x34, 0xfb, 0xff, 
  0x34, 0xfb, 0xff, 0x75, 0xfb, 0xff, 0x75, 0xfb, 0xff, 0x75, 0xfb, 0xff, 
  0x75, 0xfb, 0xff, 0x75, 0xfb, 0xff, 0x75, 0xfb, 0xff, 0x75, 0xfb, 0xff, 
  0x75, 0xfb, 0xff, 0x75, 0xfb, 0xff, 0x75, 0xfb, 0xff, 0x75, 0xfb, 0xff, 
  0x75, 0xfb, 0xff, 0x75, 0xfb, 0xff, 0x75, 0xfb, 0xff, 0x75, 0xfb, 0xff, 
  0x75, 0xfb, 0xff, 0x75, 0xfb, 0xff, 0x75, 0xfb, 0xff, 0x75, 0xfb, 0xff, 
  0x75, 0xfb, 0xff, 0x75, 0xfb, 0xff, 0x75, 0xfb, 0xff, 0x75, 0xfb, 0xff, 
  0x75, 0xfb, 0xff, 0x75, 0xfb, 0xff, 0x75, 0xfb, 0xff, 0x75, 0xfb, 0xff, 
  0x75, 0xfb, 0xff, 0x75, 0xfb, 0xff, 0x55, 0xfb, 0xff, 0x75, 0xfb, 0xff, 
  0x75, 0xfb, 0xff, 0x75, 0xfb, 0xff, 0x75, 0xfb, 0xff, 0x75, 0xfb, 0xff, 
  0x74, 0xfb, 0xff, 0x75, 0xfb, 0xff, 0x55, 0xfb, 0xff, 0x34, 0xfb, 0xff, 
  0x14, 0xfb, 0xff, 0x14, 0xfb, 0xff, 0x14, 0xfb, 0xff, 0x14, 0xfb, 0xff, 
  0x34, 0xfb, 0xff, 0x34, 0xfb, 0xff, 0x34, 0xfb, 0xff, 0x34, 0xfb, 0xff, 
  0x14, 0xfb, 0xff, 0x14, 0xfb, 0xff, 0x34, 0xfb, 0xff, 0x34, 0xfb, 0xff, 
  0x75, 0xfb, 0xff, 0x95, 0xfb, 0xff, 0x75, 0xfb, 0xff, 0x75, 0xfb, 0xff, 
  0x75, 0xfb, 0xff, 0x75, 0xfb, 0xff, 0x75, 0xfb, 0xff, 0x55, 0xfb, 0xff, 
  0x75, 0xfb, 0xff, 0x94, 0xf3, 0xff, 0xd4, 0xdb, 0x00, 0x9d, 0xfe, 0x00, 
  0xdf, 0xff, 0x00, 0xff, 0xff, 0x00, 0xff, 0xff, 0x00, 0xff, 0xff, 0x00, 
  0xdf, 0xff, 0x00, 0x1c, 0xe7, 0x00, 0xbe, 0xf7, 0x00, 0xff, 0xff, 0x00, 
  0xff, 0xff, 0x00, 0xff, 0xff, 0x00, 0xff, 0xff, 0x00, 0xff, 0xff, 0x00, 
  0xff, 0xff, 0x00, 0xff, 0xff, 0x00, 0xff, 0xff, 0x00, 0xff, 0xff, 0x00, 
  0xff, 0xff, 0x00, 0x7d, 0xef, 0x00, 0x3c, 0xef, 0x00, 0xdf, 0xff, 0x00, 
  0xff, 0xff, 0x00, 0xff, 0xff, 0x00, 0xbf, 0xff, 0x00, 0x9d, 0xfe, 0x00, 
  0x73, 0xe3, 0x00, 0x95, 0xfb, 0xff, 0x75, 0xfb, 0xff, 0x75, 0xfb, 0xff, 
  0x75, 0xfb, 0xff, 0x75, 0xfb, 0xff, 0x75, 0xfb, 0xff, 0x75, 0xfb, 0xff, 
  0x75, 0xfb, 0xff, 0x75, 0xfb, 0xff, 0x55, 0xfb, 0xff, 0x54, 0xfb, 0xff, 
  0x34, 0xfb, 0xff, 0x34, 0xfb, 0xff, 0x14, 0xfb, 0xff, 0x14, 0xfb, 0xff, 
  0x14, 0xfb, 0xff, 0x14, 0xfb, 0xff, 0x14, 0xfb, 0xff, 0x14, 0xfb, 0xff, 
  0x14, 0xfb, 0xff, 0x14, 0xfb, 0xff, 0x14, 0xfb, 0xff, 0x14, 0xfb, 0xff, 
  0x14, 0xfb, 0xff, 0x14, 0xfb, 0xff, 0x14, 0xfb, 0xff, 0x14, 0xfb, 0xff, 
  0x14, 0xfb, 0xff, 0x34, 0xfb, 0xff, 0x34, 0xfb, 0xff, 0x14, 0xfb, 0xff, 
  0x34, 0xfb, 0xff, 0x55, 0xfb, 0xff, 0x75, 0xfb, 0xff, 0x75, 0xfb, 0xff, 
  0x75, 0xfb, 0xff, 0x75, 0xfb, 0xff, 0x75, 0xfb, 0xff, 0x75, 0xfb, 0xff, 
  0x75, 0xfb, 0xff, 0x75, 0xfb, 0xff, 0x75, 0xfb, 0xff, 0x75, 0xfb, 0xff, 
  0x75, 0xfb, 0xff, 0x75, 0xfb, 0xff, 0x75, 0xfb, 0xff, 0x75, 0xfb, 0xff, 
  0x75, 0xfb, 0xff, 0x75, 0xfb, 0xff, 0x75, 0xfb, 0xff, 0x75, 0xfb, 0xff, 
  0x75, 0xfb, 0xff, 0x75, 0xfb, 0xff, 0x75, 0xfb, 0xff, 0x54, 0xfb, 0xff, 
  0x34, 0xfb, 0xff, 0x34, 0xfb, 0xff, 0x34, 0xfb, 0xff, 0x34, 0xfb, 0xff, 
  0x54, 0xfb, 0xff, 0x34, 0xfb, 0xff, 0x34, 0xfb, 0xff, 0x55, 0xfb, 0xff, 
  0x75, 0xfb, 0xff, 0x75, 0xfb, 0xff, 0x75, 0xfb, 0xff, 0x75, 0xfb, 0xff, 
  0x34, 0xfb, 0xff, 0x34, 0xfb, 0xff, 0x34, 0xfb, 0xff, 0x34, 0xfb, 0xff, 
  0x14, 0xfb, 0xff, 0x14, 0xfb, 0xff, 0x14, 0xfb, 0xff, 0x14, 0xfb, 0xff, 
  0x14, 0xfb, 0xff, 0x34, 0xfb, 0xff, 0x14, 0xfb, 0xff, 0x14, 0xfb, 0xff, 
  0x34, 0xfb, 0xff, 0x34, 0xfb, 0xff, 0x34, 0xfb, 0xff, 0x34, 0xfb, 0xff, 
  0x54, 0xfb, 0xff, 0x75, 0xfb, 0xff, 0x95, 0xfb, 0xff, 0x75, 0xfb, 0xff, 
  0x75, 0xfb, 0xff, 0x75, 0xfb, 0xff, 0x75, 0xfb, 0xff, 0x75, 0xfb, 0xff, 
  0x75, 0xfb, 0xff, 0x95, 0xfb, 0xff, 0x94, 0xeb, 0xff, 0xf8, 0xf4, 0x00, 
  0x9f, 0xff, 0x00, 0xff, 0xff, 0x00, 0xff, 0xff, 0x00, 0xff, 0xff, 0x00, 
  0xff, 0xff, 0x00, 0x3c, 0xe7, 0x00, 0x7d, 0xef, 0x00, 0xff, 0xff, 0x00, 
  0xff, 0xff, 0x00, 0xff, 0xff, 0x00, 0xff, 0xff, 0x00, 0xff, 0xff, 0x00, 
  0xff, 0xff, 0x00, 0xff, 0xff, 0x00, 0xff, 0xff, 0x00, 0xff, 0xff, 0x00, 
  0xbf, 0xff, 0x00, 0x5d, 0xef, 0x00, 0x7d, 0xef, 0x00, 0xff, 0xff, 0x00, 
  0xff, 0xff, 0x00, 0xbf, 0xff, 0x00, 0x7f, 0xff, 0x00, 0xd7, 0xec, 0x00, 
  0x73, 0xeb, 0xff, 0x75, 0xfb, 0xff, 0x75, 0xfb, 0xff, 0x75, 0xfb, 0xff, 
  0x75, 0xfb, 0xff, 0x75, 0xfb, 0xff, 0x75, 0xfb, 0xff, 0x75, 0xfb, 0xff, 
  0x75, 0xfb, 0xff, 0x75, 0xfb, 0xff, 0x75, 0xfb, 0xff, 0x75, 0xfb, 0xff, 
  0x34, 0xfb, 0xff, 0x34, 0xfb, 0xff, 0x34, 0xfb, 0xff, 0x34, 0xfb, 0xff, 
  0x14, 0xfb, 0xff, 0x14, 0xfb, 0xff, 0x14, 0xfb, 0xff, 0x14, 0xfb, 0xff, 
  0x14, 0xfb, 0xff, 0x14, 0xfb, 0xff, 0x14, 0xfb, 0xff, 0x14, 0xfb, 0xff, 
  0x14, 0xfb, 0xff, 0x14, 0xfb, 0xff, 0x14, 0xfb, 0xff, 0x14, 0xfb, 0xff, 
  0x14, 0xfb, 0xff, 0x34, 0xfb, 0xff, 0x34, 0xfb, 0xff, 0x13, 0xfb, 0xff, 
  0x34, 0xfb, 0xff, 0x34, 0xfb, 0xff, 0x55, 0xfb, 0xff, 0x75, 0xfb, 0xff, 
  0x75, 0xfb, 0xff, 0x75, 0xfb, 0xff, 0x75, 0xfb, 0xff, 0x75, 0xfb, 0xff, 
  0x75, 0xfb, 0xff, 0x75, 0xfb, 0xff, 0x75, 0xfb, 0xff, 0x75, 0xfb, 0xff, 
  0x75, 0xfb, 0xff, 0x75, 0xfb, 0xff, 0x75, 0xfb, 0xff, 0x75, 0xfb, 0xff, 
  0x75, 0xfb, 0xff, 0x75, 0xfb, 0xff, 0x75, 0xfb, 0xff, 0x75, 0xfb, 0xff, 
  0x75, 0xfb, 0xff, 0x75, 0xfb, 0xff, 0x54, 0xfb, 0xff, 0x34, 0xfb, 0xff, 
  0x34, 0xfb, 0xff, 0x34, 0xfb, 0xff, 0x34, 0xfb, 0xff, 0x14, 0xfb, 0xff, 
  0x34, 0xfb, 0xff, 0x34, 0xfb, 0xff, 0x34, 0xfb, 0xff, 0x54, 0xfb, 0xff, 
  0x75, 0xfb, 0xff, 0x75, 0xfb, 0xff, 0x75, 0xfb, 0xff, 0x75, 0xfb, 0xff, 
  0x34, 0xfb, 0xff, 0x34, 0xfb, 0xff, 0x14, 0xfb, 0xff, 0x14, 0xfb, 0xff, 
  0x34, 0xfb, 0xff, 0x13, 0xfb, 0xff, 0x13, 0xfb, 0xff, 0x14, 0xfb, 0xff, 
  0x33, 0xfb, 0xff, 0x33, 0xfb, 0xff, 0x13, 0xfb, 0xff, 0x13, 0xfb, 0xff, 
  0x13, 0xfb, 0xff, 0x33, 0xfb, 0xff, 0x33, 0xfb, 0xff, 0x33, 0xf3, 0xff, 
  0x34, 0xfb, 0xff, 0x54, 0xfb, 0xff, 0x75, 0xfb, 0xff, 0x75, 0xfb, 0xff, 
  0x75, 0xfb, 0xff, 0x75, 0xfb, 0xff, 0x55, 0xfb, 0xff, 0x75, 0xfb, 0xff, 
  0x75, 0xfb, 0xff, 0x95, 0xfb, 0xff, 0x74, 0xfb, 0xff, 0xb4, 0xe3, 0x00, 
  0xdd, 0xfe, 0x00, 0xdf, 0xff, 0x00, 0xdf, 0xff, 0x00, 0xff, 0xff, 0x00, 
  0xff, 0xff, 0x00, 0x9e, 0xf7, 0x00, 0x3c, 0xe7, 0x00, 0xbe, 0xf7, 0x00, 
  0xff, 0xff, 0x00, 0xff, 0xff, 0x00, 0xff, 0xff, 0x00, 0xff, 0xff, 0x00, 
  0xff, 0xff, 0x00, 0xff, 0xff, 0x00, 0xff, 0xff, 0x00, 0xff, 0xff, 0x00, 
  0x9e, 0xf7, 0x00, 0x3c, 0xef, 0x00, 0xbe, 0xf7, 0x00, 0xff, 0xff, 0x00, 
  0xff, 0xff, 0x00, 0xbf, 0xff, 0x00, 0xbe, 0xfe, 0x00, 0xb4, 0xdb, 0x00, 
  0x95, 0xfb, 0xff, 0x55, 0xfb, 0xff, 0x75, 0xfb, 0xff, 0x75, 0xfb, 0xff, 
  0x75, 0xfb, 0xff, 0x75, 0xfb, 0xff, 0x75, 0xfb, 0xff, 0x75, 0xfb, 0xff, 
  0x75, 0xfb, 0xff, 0x75, 0xfb, 0xff, 0x75, 0xfb, 0xff, 0x75, 0xfb, 0xff, 
  0x34, 0xfb, 0xff, 0x34, 0xfb, 0xff, 0x34, 0xfb, 0xff, 0x34, 0xfb, 0xff, 
  0x14, 0xfb, 0xff, 0x14, 0xfb, 0xff, 0x14, 0xfb, 0xff, 0x14, 0xfb, 0xff, 
  0x14, 0xfb, 0xff, 0x14, 0xfb, 0xff, 0x14, 0xfb, 0xff, 0x14, 0xfb, 0xff, 
  0x14, 0xfb, 0xff, 0x14, 0xfb, 0xff, 0x14, 0xfb, 0xff, 0x14, 0xfb, 0xff, 
  0x34, 0xfb, 0xff, 0x14, 0xfb, 0xff, 0x34, 0xfb, 0xff, 0x34, 0xfb, 0xff, 
  0x34, 0xfb, 0xff, 0x34, 0xfb, 0xff, 0x54, 0xfb, 0xff, 0x75, 0xfb, 0xff, 
  0x75, 0xfb, 0xff, 0x75, 0xfb, 0xff, 0x75, 0xfb, 0xff, 0x75, 0xfb, 0xff, 
  0x75, 0xfb, 0xff, 0x75, 0xfb, 0xff, 0x75, 0xfb, 0xff, 0x75, 0xfb, 0xff, 
  0x75, 0xfb, 0xff, 0x75, 0xfb, 0xff, 0x75, 0xfb, 0xff, 0x75, 0xfb, 0xff, 
  0x75, 0xfb, 0xff, 0x75, 0xfb, 0xff, 0x75, 0xfb, 0xff, 0x75, 0xfb, 0xff, 
  0x75, 0xfb, 0xff, 0x75, 0xfb, 0xff, 0x54, 0xfb, 0xff, 0x34, 0xfb, 0xff, 
  0x14, 0xfb, 0xff, 0x34, 0xfb, 0xff, 0x34, 0xfb, 0xff, 0x14, 0xfb, 0xff, 
  0x14, 0xfb, 0xff, 0x34, 0xfb, 0xff, 0x34, 0xfb, 0xff, 0x55, 0xfb, 0xff, 
  0x75, 0xfb, 0xff, 0x75, 0xfb, 0xff, 0x75, 0xfb, 0xff, 0x75, 0xfb, 0xff, 
  0x75, 0xfb, 0xff, 0x34, 0xfb, 0xff, 0x34, 0xfb, 0xff, 0x14, 0xfb, 0xff, 
  0x34, 0xfb, 0xff, 0x34, 0xfb, 0xff, 0x14, 0xfb, 0xff, 0x14, 0xfb, 0xff, 
  0x13, 0xfb, 0xff, 0x33, 0xfb, 0xff, 0x13, 0xfb, 0xff, 0x33, 0xfb, 0xff, 
  0x94, 0xeb, 0xff, 0xd4, 0xeb, 0xff, 0xd4, 0xeb, 0xff, 0xd4, 0xeb, 0xff, 
  0xb4, 0xeb, 0xff, 0xb4, 0xeb, 0xff, 0x95, 0xf3, 0xff, 0x95, 0xfb, 0xff, 
  0x75, 0xfb, 0xff, 0x75, 0xfb, 0xff, 0x55, 0xfb, 0xff, 0x75, 0xfb, 0xff, 
  0x75, 0xfb, 0xff, 0x75, 0xfb, 0xff, 0x75, 0xfb, 0xff, 0x74, 0xeb, 0xff, 
  0x79, 0xf5, 0x00, 0x9f, 0xff, 0x00, 0xdf, 0xff, 0x00, 0xff, 0xff, 0x00, 
  0xff, 0xff, 0x00, 0xdf, 0xff, 0x00, 0x3c, 0xe7, 0x00, 0x9e, 0xf7, 0x00, 
  0xff, 0xff, 0x00, 0xff, 0xff, 0x00, 0xff, 0xff, 0x00, 0xff, 0xff, 0x00, 
  0xff, 0xff, 0x00, 0xff, 0xff, 0x00, 0xff, 0xff, 0x00, 0xff, 0xff, 0x00, 
  0x5d, 0xef, 0x00, 0x5d, 0xef, 0x00, 0xff, 0xff, 0x00, 0xff, 0xff, 0x00, 
  0xff, 0xff, 0x00, 0xbf, 0xff, 0x00, 0x39, 0xfd, 0x00, 0x74, 0xeb, 0xff, 
  0x95, 0xfb, 0xff, 0x75, 0xfb, 0xff, 0x55, 0xfb, 0xff, 0x55, 0xfb, 0xff, 
  0x75, 0xfb, 0xff, 0x75, 0xfb, 0xff, 0x75, 0xfb, 0xff, 0x75, 0xfb, 0xff, 
  0x75, 0xfb, 0xff, 0x75, 0xfb, 0xff, 0x75, 0xfb, 0xff, 0x75, 0xfb, 0xff, 
  0x55, 0xfb, 0xff, 0x34, 0xfb, 0xff, 0x34, 0xfb, 0xff, 0x14, 0xfb, 0xff, 
  0x14, 0xfb, 0xff, 0x14, 0xfb, 0xff, 0x13, 0xfb, 0xff, 0x14, 0xfb, 0xff, 
  0x14, 0xfb, 0xff, 0x14, 0xfb, 0xff, 0x14, 0xfb, 0xff, 0x14, 0xfb, 0xff, 
  0x34, 0xfb, 0xff, 0x14, 0xfb, 0xff, 0x14, 0xfb, 0xff, 0x14, 0xfb, 0xff, 
  0x14, 0xfb, 0xff, 0x14, 0xfb, 0xff, 0x34, 0xfb, 0xff, 0x34, 0xfb, 0xff, 
  0x14, 0xfb, 0xff, 0x34, 0xfb, 0xff, 0x34, 0xfb, 0xff, 0x54, 0xfb, 0xff, 
  0x75, 0xfb, 0xff, 0x75, 0xfb, 0xff, 0x75, 0xfb, 0xff, 0x75, 0xfb, 0xff, 
  0x75, 0xfb, 0xff, 0x75, 0xfb, 0xff, 0x75, 0xfb, 0xff, 0x75, 0xfb, 0xff, 
  0x75, 0xfb, 0xff, 0x75, 0xfb, 0xff, 0x75, 0xfb, 0xff, 0x75, 0xfb, 0xff, 
  0x75, 0xfb, 0xff, 0x75, 0xfb, 0xff, 0x75, 0xfb, 0xff, 0x75, 0xfb, 0xff, 
  0x75, 0xfb, 0xff, 0x54, 0xfb, 0xff, 0x34, 0xfb, 0xff, 0x34, 0xfb, 0xff, 
  0x34, 0xfb, 0xff, 0x13, 0xfb, 0xff, 0x13, 0xfb, 0xff, 0x14, 0xfb, 0xff, 
  0x14, 0xfb, 0xff, 0x34, 0xfb, 0xff, 0x55, 0xfb, 0xff, 0x75, 0xfb, 0xff, 
  0x75, 0xfb, 0xff, 0x75, 0xfb, 0xff, 0x75, 0xfb, 0xff, 0x75, 0xfb, 0xff, 
  0x75, 0xfb, 0xff, 0x54, 0xfb, 0xff, 0x34, 0xfb, 0xff, 0x14, 0xfb, 0xff, 
  0x34, 0xfb, 0xff, 0x34, 0xfb, 0xff, 0x14, 0xfb, 0xff, 0x13, 0xfb, 0xff, 
  0x33, 0xfb, 0xff, 0x54, 0xfb, 0xff, 0x13, 0xf3, 0xff, 0x16, 0xfc, 0xff, 
  0xff, 0xfe, 0xff, 0x3f, 0xff, 0xff, 0x5f, 0xff, 0xff, 0x7f, 0xff, 0xff, 
  0x3f, 0xff, 0xff, 0xff, 0xfe, 0xff, 0x7a, 0xfd, 0xff, 0x53, 0xeb, 0xff, 
  0x95, 0xfb, 0xff, 0x55, 0xfb, 0xff, 0x55, 0xfb, 0xff, 0x75, 0xfb, 0xff, 
  0x95, 0xfb, 0xff, 0x95, 0xfb, 0xff, 0x75, 0xfb, 0xff, 0xb5, 0xf3, 0xff, 
  0x35, 0xe4, 0x00, 0x3f, 0xff, 0x00, 0xbf, 0xff, 0x00, 0xff, 0xff, 0x00, 
  0xff, 0xff, 0x00, 0xff, 0xff, 0x00, 0x7d, 0xef, 0x00, 0x3c, 0xe7, 0x00, 
  0xdf, 0xff, 0x00, 0xff, 0xff, 0x00, 0xff, 0xff, 0x00, 0xff, 0xff, 0x00, 
  0xff, 0xff, 0x00, 0xff, 0xff, 0x00, 0xff, 0xff, 0x00, 0xde, 0xff, 0x00, 
  0x3c, 0xef, 0x00, 0x9d, 0xf7, 0x00, 0xff, 0xff, 0x00, 0xff, 0xff, 0x00, 
  0xdf, 0xff, 0x00, 0x5f, 0xff, 0x00, 0x35, 0xec, 0x00, 0x74, 0xfb, 0xff, 
  0x75, 0xfb, 0xff, 0x95, 0xfb, 0xff, 0x75, 0xfb, 0xff, 0x55, 0xfb, 0xff, 
  0x75, 0xfb, 0xff, 0x75, 0xfb, 0xff, 0x75, 0xfb, 0xff, 0x75, 0xfb, 0xff, 
  0x75, 0xfb, 0xff, 0x75, 0xfb, 0xff, 0x75, 0xfb, 0xff, 0x75, 0xfb, 0xff, 
  0x75, 0xfb, 0xff, 0x54, 0xfb, 0xff, 0x34, 0xfb, 0xff, 0x34, 0xfb, 0xff, 
  0x34, 0xfb, 0xff, 0x14, 0xfb, 0xff, 0x14, 0xfb, 0xff, 0x14, 0xfb, 0xff, 
  0x34, 0xfb, 0xff, 0x14, 0xfb, 0xff, 0x14, 0xfb, 0xff, 0x13, 0xfb, 0xff, 
  0x13, 0xfb, 0xff, 0x14, 0xfb, 0xff, 0x14, 0xfb, 0xff, 0x14, 0xfb, 0xff, 
  0x14, 0xfb, 0xff, 0x14, 0xfb, 0xff, 0x34, 0xfb, 0xff, 0x34, 0xfb, 0xff, 
  0x34, 0xfb, 0xff, 0x14, 0xfb, 0xff, 0x34, 0xfb, 0xff, 0x54, 0xfb, 0xff, 
  0x75, 0xfb, 0xff, 0x75, 0xfb, 0xff, 0x75, 0xfb, 0xff, 0x75, 0xfb, 0xff, 
  0x75, 0xfb, 0xff, 0x75, 0xfb, 0xff, 0x75, 0xfb, 0xff, 0x75, 0xfb, 0xff, 
  0x75, 0xfb, 0xff, 0x75, 0xfb, 0xff, 0x75, 0xfb, 0xff, 0x75, 0xfb, 0xff, 
  0x75, 0xfb, 0xff, 0x75, 0xfb, 0xff, 0x75, 0xfb, 0xff, 0x75, 0xfb, 0xff, 
  0x55, 0xfb, 0xff, 0x34, 0xfb, 0xff, 0x34, 0xfb, 0xff, 0x34, 0xfb, 0xff, 
  0x34, 0xfb, 0xff, 0x14, 0xfb, 0xff, 0x14, 0xfb, 0xff, 0x34, 0xfb, 0xff, 
  0x34, 0xfb, 0xff, 0x34, 0xfb, 0xff, 0x54, 0xfb, 0xff, 0x55, 0xfb, 0xff, 
  0x55, 0xfb, 0xff, 0x55, 0xfb, 0xff, 0x55, 0xfb, 0xff, 0x75, 0xfb, 0xff, 
  0x75, 0xfb, 0xff, 0x75, 0xfb, 0xff, 0x54, 0xfb, 0xff, 0x34, 0xfb, 0xff, 
  0x34, 0xfb, 0xff, 0x34, 0xfb, 0xff, 0x34, 0xfb, 0xff, 0x14, 0xfb, 0xff, 
  0x33, 0xfb, 0xff, 0x54, 0xfb, 0xff, 0x33, 0xf3, 0xff, 0x76, 0xf4, 0xff, 
  0x7f, 0xff, 0xff, 0xdf, 0xff, 0xff, 0xff, 0xff, 0xff, 0xff, 0xff, 0xff, 
  0xff, 0xff, 0xff, 0x9f, 0xff, 0xff, 0xdb, 0xfd, 0xff, 0x74, 0xeb, 0xff, 
  0xb5, 0xfb, 0xff, 0x75, 0xfb, 0xff, 0x55, 0xfb, 0xff, 0x75, 0xfb, 0xff, 
  0x75, 0xfb, 0xff, 0x95, 0xfb, 0xff, 0x95, 0xfb, 0xff, 0xb5, 0xf3, 0xff, 
  0x94, 0xe3, 0xff, 0xdb, 0xfd, 0x00, 0xbf, 0xff, 0x00, 0xdf, 0xff, 0x00, 
  0xff, 0xff, 0x00, 0xff, 0xff, 0x00, 0xbe, 0xf7, 0x00, 0x3c, 0xe7, 0x00, 
  0xbe, 0xf7, 0x00, 0xff, 0xff, 0x00, 0xff, 0xff, 0x00, 0xff, 0xff, 0x00, 
  0xff, 0xff, 0x00, 0xff, 0xff, 0x00, 0xff, 0xff, 0x00, 0x9e, 0xf7, 0x00, 
  0x3c, 0xe7, 0x00, 0xde, 0xff, 0x00, 0xff, 0xff, 0x00, 0xff, 0xff, 0x00, 
  0xbf, 0xff, 0x00, 0x7c, 0xfe, 0x00, 0x53, 0xdb, 0x00, 0x95, 0xfb, 0xff, 
  0x75, 0xfb, 0xff, 0x75, 0xfb, 0xff, 0x75, 0xfb, 0xff, 0x75, 0xfb, 0xff, 
  0x75, 0xfb, 0xff, 0x75, 0xfb, 0xff, 0x75, 0xfb, 0xff, 0x75, 0xfb, 0xff, 
  0x75, 0xfb, 0xff, 0x75, 0xfb, 0xff, 0x75, 0xfb, 0xff, 0x75, 0xfb, 0xff, 
  0x75, 0xfb, 0xff, 0x55, 0xfb, 0xff, 0x54, 0xfb, 0xff, 0x34, 0xfb, 0xff, 
  0x13, 0xfb, 0xff, 0x14, 0xfb, 0xff, 0x14, 0xfb, 0xff, 0x14, 0xfb, 0xff, 
  0x34, 0xfb, 0xff, 0x34, 0xfb, 0xff, 0x14, 0xfb, 0xff, 0x14, 0xfb, 0xff, 
  0x14, 0xfb, 0xff, 0x14, 0xfb, 0xff, 0x14, 0xfb, 0xff, 0x14, 0xfb, 0xff, 
  0x14, 0xfb, 0xff, 0x14, 0xfb, 0xff, 0x14, 0xfb, 0xff, 0x34, 0xfb, 0xff, 
  0x34, 0xfb, 0xff, 0x13, 0xfb, 0xff, 0x13, 0xfb, 0xff, 0x34, 0xfb, 0xff, 
  0x54, 0xfb, 0xff, 0x75, 0xfb, 0xff, 0x75, 0xfb, 0xff, 0x75, 0xfb, 0xff, 
  0x75, 0xfb, 0xff, 0x75, 0xfb, 0xff, 0x75, 0xfb, 0xff, 0x75, 0xfb, 0xff, 
  0x75, 0xfb, 0xff, 0x75, 0xfb, 0xff, 0x75, 0xfb, 0xff, 0x75, 0xfb, 0xff, 
  0x75, 0xfb, 0xff, 0x75, 0xfb, 0xff, 0x75, 0xfb, 0xff, 0x75, 0xfb, 0xff, 
  0x34, 0xfb, 0xff, 0x34, 0xfb, 0xff, 0x13, 0xfb, 0xff, 0x14, 0xfb, 0xff, 
  0x14, 0xfb, 0xff, 0x13, 0xfb, 0xff, 0x13, 0xfb, 0xff, 0x14, 0xfb, 0xff, 
  0x13, 0xfb, 0xff, 0x14, 0xfb, 0xff, 0x34, 0xfb, 0xff, 0x34, 0xfb, 0xff, 
  0x34, 0xfb, 0xff, 0x34, 0xfb, 0xff, 0x34, 0xfb, 0xff, 0x34, 0xfb, 0xff, 
  0x54, 0xfb, 0xff, 0x75, 0xfb, 0xff, 0x75, 0xfb, 0xff, 0x34, 0xfb, 0xff, 
  0x34, 0xfb, 0xff, 0x34, 0xfb, 0xff, 0x34, 0xfb, 0xff, 0x13, 0xfb, 0xff, 
  0x13, 0xfb, 0xff, 0x34, 0xfb, 0xff, 0x13, 0xf3, 0xff, 0x56, 0xf4, 0xff, 
  0x9f, 0xff, 0xff, 0xff, 0xff, 0xff, 0xff, 0xff, 0xff, 0xff, 0xff, 0xff, 
  0xdf, 0xff, 0xff, 0x9f, 0xff, 0xff, 0xba, 0xfd, 0xff, 0x53, 0xe3, 0xff, 
  0x95, 0xfb, 0xff, 0x75, 0xfb, 0xff, 0x75, 0xfb, 0xff, 0x75, 0xfb, 0xff, 
  0x55, 0xfb, 0xff, 0x75, 0xfb, 0xff, 0x75, 0xfb, 0xff, 0x95, 0xfb, 0xff, 
  0x53, 0xf3, 0xff, 0x76, 0xf4, 0x00, 0x9f, 0xff, 0x00, 0xff, 0xff, 0x00, 
  0xff, 0xff, 0x00, 0xff, 0xff, 0x00, 0xdf, 0xff, 0x00, 0x3c, 0xe7, 0x00, 
  0x7d, 0xef, 0x00, 0xff, 0xff, 0x00, 0xff, 0xff, 0x00, 0xff, 0xff, 0x00, 
  0xff, 0xff, 0x00, 0xff, 0xff, 0x00, 0xff, 0xff, 0x00, 0x5d, 0xef, 0x00, 
  0x5c, 0xef, 0x00, 0xff, 0xff, 0x00, 0xff, 0xff, 0x00, 0xdf, 0xff, 0x00, 
  0x9f, 0xff, 0x00, 0x38, 0xed, 0x00, 0x74, 0xeb, 0xff, 0x75, 0xfb, 0xff, 
  0x75, 0xfb, 0xff, 0x75, 0xfb, 0xff, 0x55, 0xfb, 0xff, 0x75, 0xfb, 0xff, 
  0x75, 0xfb, 0xff, 0x75, 0xfb, 0xff, 0x75, 0xfb, 0xff, 0x75, 0xfb, 0xff, 
  0x75, 0xfb, 0xff, 0x75, 0xfb, 0xff, 0x75, 0xfb, 0xff, 0x75, 0xfb, 0xff, 
  0x75, 0xfb, 0xff, 0x75, 0xfb, 0xff, 0x55, 0xfb, 0xff, 0x34, 0xfb, 0xff, 
  0x34, 0xfb, 0xff, 0x34, 0xfb, 0xff, 0x34, 0xfb, 0xff, 0x34, 0xfb, 0xff, 
  0x14, 0xfb, 0xff, 0x14, 0xfb, 0xff, 0x14, 0xfb, 0xff, 0x14, 0xfb, 0xff, 
  0x34, 0xfb, 0xff, 0x34, 0xfb, 0xff, 0x14, 0xfb, 0xff, 0x13, 0xfb, 0xff, 
  0x14, 0xfb, 0xff, 0x14, 0xfb, 0xff, 0x14, 0xfb, 0xff, 0x34, 0xfb, 0xff, 
  0x34, 0xfb, 0xff, 0x34, 0xfb, 0xff, 0x13, 0xfb, 0xff, 0x33, 0xfb, 0xff, 
  0x34, 0xfb, 0xff, 0x75, 0xfb, 0xff, 0x75, 0xfb, 0xff, 0x75, 0xfb, 0xff, 
  0x75, 0xfb, 0xff, 0x75, 0xfb, 0xff, 0x75, 0xfb, 0xff, 0x75, 0xfb, 0xff, 
  0x75, 0xfb, 0xff, 0x75, 0xfb, 0xff, 0x75, 0xfb, 0xff, 0x75, 0xfb, 0xff, 
  0x75, 0xfb, 0xff, 0x75, 0xfb, 0xff, 0x75, 0xfb, 0xff, 0x54, 0xfb, 0xff, 
  0x34, 0xfb, 0xff, 0x14, 0xfb, 0xff, 0x14, 0xfb, 0xff, 0x34, 0xfb, 0xff, 
  0x34, 0xfb, 0xff, 0x14, 0xfb, 0xff, 0x14, 0xfb, 0xff, 0x14, 0xfb, 0xff, 
  0x14, 0xfb, 0xff, 0x14, 0xfb, 0xff, 0x14, 0xfb, 0xff, 0x14, 0xfb, 0xff, 
  0x34, 0xfb, 0xff, 0x34, 0xfb, 0xff, 0x34, 0xfb, 0xff, 0x34, 0xfb, 0xff, 
  0x54, 0xfb, 0xff, 0x75, 0xfb, 0xff, 0x75, 0xfb, 0xff, 0x55, 0xfb, 0xff, 
  0x54, 0xfb, 0xff, 0x34, 0xfb, 0xff, 0x34, 0xfb, 0xff, 0x34, 0xfb, 0xff, 
  0x34, 0xfb, 0xff, 0x34, 0xfb, 0xff, 0x13, 0xf3, 0xff, 0x36, 0xf4, 0xff, 
  0x9f, 0xff, 0xff, 0xff, 0xff, 0xff, 0xff, 0xff, 0xff, 0xff, 0xff, 0xff, 
  0xdf, 0xff, 0xff, 0xbf, 0xff, 0xff, 0x9a, 0xfd, 0xff, 0x32, 0xe3, 0xff, 
  0x94, 0xf3, 0xff, 0x95, 0xfb, 0xff, 0x75, 0xfb, 0xff, 0x75, 0xfb, 0xff, 
  0x55, 0xfb, 0xff, 0x75, 0xfb, 0xff, 0x75, 0xfb, 0xff, 0x95, 0xfb, 0xff, 
  0x54, 0xfb, 0xff, 0x94, 0xe3, 0x00, 0x1e, 0xff, 0x00, 0xdf, 0xff, 0x00, 
  0xff, 0xff, 0x00, 0xff, 0xff, 0x00, 0xff, 0xff, 0x00, 0x7d, 0xef, 0x00, 
  0x3c, 0xe7, 0x00, 0xdf, 0xff, 0x00, 0xff, 0xff, 0x00, 0xff, 0xff, 0x00, 
  0xff, 0xff, 0x00, 0xff, 0xff, 0x00, 0xff, 0xff, 0x00, 0x3c, 0xe7, 0x00, 
  0x7d, 0xef, 0x00, 0xff, 0xff, 0x00, 0xff, 0xff, 0x00, 0xbf, 0xff, 0x00, 
  0x3f, 0xff, 0x00, 0x35, 0xdc, 0x00, 0x95, 0xf3, 0xff, 0x75, 0xfb, 0xff, 
  0x95, 0xfb, 0xff, 0x75, 0xfb, 0xff, 0x75, 0xfb, 0xff, 0x75, 0xfb, 0xff, 
  0x75, 0xfb, 0xff, 0x75, 0xfb, 0xff, 0x75, 0xfb, 0xff, 0x75, 0xfb, 0xff, 
  0x75, 0xfb, 0xff, 0x75, 0xfb, 0xff, 0x75, 0xfb, 0xff, 0x75, 0xfb, 0xff, 
  0x75, 0xfb, 0xff, 0x75, 0xfb, 0xff, 0x75, 0xfb, 0xff, 0x54, 0xfb, 0xff, 
  0x34, 0xfb, 0xff, 0x13, 0xfb, 0xff, 0x13, 0xfb, 0xff, 0x13, 0xfb, 0xff, 
  0x14, 0xfb, 0xff, 0x14, 0xfb, 0xff, 0x13, 0xfb, 0xff, 0x14, 0xfb, 0xff, 
  0x14, 0xfb, 0xff, 0x14, 0xfb, 0xff, 0x14, 0xfb, 0xff, 0x13, 0xfb, 0xff, 
  0x34, 0xfb, 0xff, 0x14, 0xfb, 0xff, 0x14, 0xfb, 0xff, 0x14, 0xfb, 0xff, 
  0x34, 0xfb, 0xff, 0x14, 0xfb, 0xff, 0x14, 0xfb, 0xff, 0x34, 0xfb, 0xff, 
  0x34, 0xfb, 0xff, 0x54, 0xfb, 0xff, 0x75, 0xfb, 0xff, 0x75, 0xfb, 0xff, 
  0x75, 0xfb, 0xff, 0x75, 0xfb, 0xff, 0x75, 0xfb, 0xff, 0x55, 0xfb, 0xff, 
  0x75, 0xfb, 0xff, 0x75, 0xfb, 0xff, 0x75, 0xfb, 0xff, 0x75, 0xfb, 0xff, 
  0x75, 0xfb, 0xff, 0x75, 0xfb, 0xff, 0x75, 0xfb, 0xff, 0x34, 0xfb, 0xff, 
  0x13, 0xfb, 0xff, 0x13, 0xfb, 0xff, 0x14, 0xfb, 0xff, 0x14, 0xfb, 0xff, 
  0x14, 0xfb, 0xff, 0x13, 0xfb, 0xff, 0x13, 0xfb, 0xff, 0x13, 0xfb, 0xff, 
  0x34, 0xfb, 0xff, 0x14, 0xfb, 0xff, 0x14, 0xfb, 0xff, 0x34, 0xfb, 0xff, 
  0x34, 0xfb, 0xff, 0x34, 0xfb, 0xff, 0x34, 0xfb, 0xff, 0x34, 0xfb, 0xff, 
  0x75, 0xfb, 0xff, 0x75, 0xfb, 0xff, 0x75, 0xfb, 0xff, 0x75, 0xfb, 0xff, 
  0x55, 0xfb, 0xff, 0x34, 0xfb, 0xff, 0x14, 0xfb, 0xff, 0x14, 0xfb, 0xff, 
  0x14, 0xfb, 0xff, 0x34, 0xfb, 0xff, 0x13, 0xfb, 0xff, 0x35, 0xf4, 0xff, 
  0x9f, 0xff, 0xff, 0xff, 0xff, 0xff, 0xff, 0xff, 0xff, 0xff, 0xff, 0xff, 
  0xff, 0xff, 0xff, 0xbf, 0xff, 0xff, 0x9a, 0xfd, 0xff, 0x32, 0xe3, 0xff, 
  0x74, 0xfb, 0xff, 0x75, 0xfb, 0xff, 0x75, 0xfb, 0xff, 0x75, 0xfb, 0xff, 
  0x75, 0xfb, 0xff, 0x75, 0xfb, 0xff, 0x75, 0xfb, 0xff, 0x75, 0xfb, 0xff, 
  0x75, 0xfb, 0xff, 0x53, 0xe3, 0xff, 0xda, 0xf5, 0x00, 0xbf, 0xff, 0x00, 
  0xdf, 0xff, 0x00, 0xff, 0xff, 0x00, 0xff, 0xff, 0x00, 0x9e, 0xf7, 0x00, 
  0x1c, 0xe7, 0x00, 0xdf, 0xff, 0x00, 0xff, 0xff, 0x00, 0xff, 0xff, 0x00, 
  0xff, 0xff, 0x00, 0xff, 0xff, 0x00, 0xbe, 0xf7, 0x00, 0x3c, 0xe7, 0x00, 
  0xbe, 0xf7, 0x00, 0xff, 0xff, 0x00, 0xff, 0xff, 0x00, 0xbf, 0xff, 0x00, 
  0x7d, 0xfe, 0x00, 0xb4, 0xe3, 0x00, 0x95, 0xfb, 0xff, 0x75, 0xfb, 0xff, 
  0x75, 0xfb, 0xff, 0x75, 0xfb, 0xff, 0x95, 0xfb, 0xff, 0x75, 0xfb, 0xff, 
  0x75, 0xfb, 0xff, 0x75, 0xfb, 0xff, 0x75, 0xfb, 0xff, 0x75, 0xfb, 0xff, 
  0x75, 0xfb, 0xff, 0x75, 0xfb, 0xff, 0x75, 0xfb, 0xff, 0x75, 0xfb, 0xff, 
  0x75, 0xfb, 0xff, 0x75, 0xfb, 0xff, 0x75, 0xfb, 0xff, 0x55, 0xfb, 0xff, 
  0x34, 0xfb, 0xff, 0x34, 0xfb, 0xff, 0x14, 0xfb, 0xff, 0x14, 0xfb, 0xff, 
  0x34, 0xfb, 0xff, 0x34, 0xfb, 0xff, 0x14, 0xfb, 0xff, 0x14, 0xfb, 0xff, 
  0x13, 0xfb, 0xff, 0x14, 0xfb, 0xff, 0x14, 0xfb, 0xff, 0x34, 0xfb, 0xff, 
  0x34, 0xfb, 0xff, 0x14, 0xfb, 0xff, 0x14, 0xfb, 0xff, 0x14, 0xfb, 0xff, 
  0x14, 0xfb, 0xff, 0x14, 0xfb, 0xff, 0x14, 0xfb, 0xff, 0x34, 0xfb, 0xff, 
  0x14, 0xfb, 0xff, 0x34, 0xfb, 0xff, 0x54, 0xfb, 0xff, 0x75, 0xfb, 0xff, 
  0x75, 0xfb, 0xff, 0x75, 0xfb, 0xff, 0x75, 0xfb, 0xff, 0x75, 0xfb, 0xff, 
  0x75, 0xfb, 0xff, 0x75, 0xfb, 0xff, 0x75, 0xfb, 0xff, 0x75, 0xfb, 0xff, 
  0x75, 0xfb, 0xff, 0x75, 0xfb, 0xff, 0x54, 0xfb, 0xff, 0x34, 0xfb, 0xff, 
  0x13, 0xfb, 0xff, 0x13, 0xfb, 0xff, 0x14, 0xfb, 0xff, 0x14, 0xfb, 0xff, 
  0x14, 0xfb, 0xff, 0x14, 0xfb, 0xff, 0x14, 0xfb, 0xff, 0x14, 0xfb, 0xff, 
  0x13, 0xfb, 0xff, 0x13, 0xfb, 0xff, 0x13, 0xfb, 0xff, 0x14, 0xfb, 0xff, 
  0x34, 0xfb, 0xff, 0x14, 0xfb, 0xff, 0x34, 0xfb, 0xff, 0x54, 0xfb, 0xff, 
  0x75, 0xfb, 0xff, 0x75, 0xfb, 0xff, 0x75, 0xfb, 0xff, 0x75, 0xfb, 0xff, 
  0x75, 0xfb, 0xff, 0x54, 0xfb, 0xff, 0x14, 0xfb, 0xff, 0x14, 0xfb, 0xff, 
  0x13, 0xfb, 0xff, 0x13, 0xfb, 0xff, 0x13, 0xfb, 0xff, 0x15, 0xf4, 0xff, 
  0x9f, 0xff, 0xff, 0xff, 0xff, 0xff, 0xff, 0xff, 0xff, 0xff, 0xff, 0xff, 
  0xdf, 0xff, 0xff, 0xbf, 0xff, 0xff, 0x59, 0xfd, 0xff, 0x12, 0xe3, 0xff, 
  0x54, 0xfb, 0xff, 0x54, 0xfb, 0xff, 0x75, 0xfb, 0xff, 0x75, 0xfb, 0xff, 
  0x75, 0xfb, 0xff, 0x75, 0xfb, 0xff, 0x75, 0xfb, 0xff, 0x75, 0xfb, 0xff, 
  0x75, 0xfb, 0xff, 0x73, 0xeb, 0xff, 0xb6, 0xe4, 0x00, 0x9f, 0xff, 0x00, 
  0xdf, 0xff, 0x00, 0xff, 0xff, 0x00, 0xff, 0xff, 0x00, 0xdf, 0xff, 0x00, 
  0x3c, 0xe7, 0x00, 0x9e, 0xf7, 0x00, 0xff, 0xff, 0x00, 0xff, 0xff, 0x00, 
  0xff, 0xff, 0x00, 0xff, 0xff, 0x00, 0x7d, 0xef, 0x00, 0x3c, 0xe7, 0x00, 
  0xff, 0xff, 0x00, 0xff, 0xff, 0x00, 0xff, 0xff, 0x00, 0xbf, 0xff, 0x00, 
  0x7a, 0xfd, 0x00, 0x94, 0xeb, 0xff, 0x95, 0xfb, 0xff, 0x75, 0xfb, 0xff, 
  0x75, 0xfb, 0xff, 0x75, 0xfb, 0xff, 0x95, 0xfb, 0xff, 0x75, 0xfb, 0xff, 
  0x75, 0xfb, 0xff, 0x75, 0xfb, 0xff, 0x75, 0xfb, 0xff, 0x75, 0xfb, 0xff, 
  0x75, 0xfb, 0xff, 0x75, 0xfb, 0xff, 0x75, 0xfb, 0xff, 0x75, 0xfb, 0xff, 
  0x75, 0xfb, 0xff, 0x75, 0xfb, 0xff, 0x75, 0xfb, 0xff, 0x75, 0xfb, 0xff, 
  0x54, 0xfb, 0xff, 0x34, 0xfb, 0xff, 0x34, 0xfb, 0xff, 0x34, 0xfb, 0xff, 
  0x14, 0xfb, 0xff, 0x14, 0xfb, 0xff, 0x34, 0xfb, 0xff, 0x34, 0xfb, 0xff, 
  0x14, 0xfb, 0xff, 0x14, 0xfb, 0xff, 0x34, 0xfb, 0xff, 0x34, 0xfb, 0xff, 
  0x14, 0xfb, 0xff, 0x14, 0xfb, 0xff, 0x14, 0xfb, 0xff, 0x14, 0xfb, 0xff, 
  0x14, 0xfb, 0xff, 0x14, 0xfb, 0xff, 0x14, 0xfb, 0xff, 0x34, 0xfb, 0xff, 
  0x34, 0xfb, 0xff, 0x34, 0xfb, 0xff, 0x54, 0xfb, 0xff, 0x75, 0xfb, 0xff, 
  0x75, 0xfb, 0xff, 0x75, 0xfb, 0xff, 0x75, 0xfb, 0xff, 0x95, 0xfb, 0xff, 
  0x75, 0xfb, 0xff, 0x75, 0xfb, 0xff, 0x75, 0xfb, 0xff, 0x75, 0xfb, 0xff, 
  0x75, 0xfb, 0xff, 0x54, 0xfb, 0xff, 0x34, 0xfb, 0xff, 0x13, 0xfb, 0xff, 
  0x34, 0xfb, 0xff, 0x34, 0xfb, 0xff, 0x34, 0xfb, 0xff, 0x34, 0xfb, 0xff, 
  0x34, 0xfb, 0xff, 0x34, 0xfb, 0xff, 0x34, 0xfb, 0xff, 0x34, 0xfb, 0xff, 
  0x34, 0xfb, 0xff, 0x34, 0xfb, 0xff, 0x14, 0xfb, 0xff, 0x34, 0xfb, 0xff, 
  0x34, 0xfb, 0xff, 0x34, 0xfb, 0xff, 0x34, 0xfb, 0xff, 0x55, 0xfb, 0xff, 
  0x75, 0xfb, 0xff, 0x75, 0xfb, 0xff, 0x75, 0xfb, 0xff, 0x75, 0xfb, 0xff, 
  0x75, 0xfb, 0xff, 0x55, 0xfb, 0xff, 0x34, 0xfb, 0xff, 0x14, 0xfb, 0xff, 
  0x34, 0xfb, 0xff, 0x34, 0xfb, 0xff, 0x33, 0xf3, 0xff, 0x15, 0xec, 0xff, 
  0x9f, 0xff, 0xff, 0xff, 0xff, 0xff, 0xff, 0xff, 0xff, 0xff, 0xff, 0xff, 
  0xff, 0xff, 0xff, 0xbf, 0xff, 0xff, 0x59, 0xfd, 0xff, 0x32, 0xeb, 0xff, 
  0x54, 0xfb, 0xff, 0x54, 0xfb, 0xff, 0x55, 0xfb, 0xff, 0x75, 0xfb, 0xff, 
  0x75, 0xfb, 0xff, 0x75, 0xfb, 0xff, 0x95, 0xfb, 0xff, 0x95, 0xfb, 0xff, 
  0x75, 0xfb, 0xff, 0x94, 0xf3, 0xff, 0x14, 0xdc, 0x00, 0x1f, 0xff, 0x00, 
  0xbf, 0xff, 0x00, 0xff, 0xff, 0x00, 0xff, 0xff, 0x00, 0xff, 0xff, 0x00, 
  0x5d, 0xef, 0x00, 0x7d, 0xef, 0x00, 0xff, 0xff, 0x00, 0xff, 0xff, 0x00, 
  0xff, 0xff, 0x00, 0xff, 0xff, 0x00, 0x5d, 0xef, 0x00, 0x5d, 0xef, 0x00, 
  0xff, 0xff, 0x00, 0xff, 0xff, 0x00, 0xff, 0xff, 0x00, 0xbf, 0xff, 0x00, 
  0xb7, 0xf4, 0x00, 0x74, 0xf3, 0xff, 0x95, 0xfb, 0xff, 0x75, 0xfb, 0xff, 
  0x75, 0xfb, 0xff, 0x75, 0xfb, 0xff, 0x75, 0xfb, 0xff, 0x75, 0xfb, 0xff, 
  0x74, 0xfb, 0xff, 0x55, 0xfb, 0xff, 0x55, 0xfb, 0xff, 0x55, 0xfb, 0xff, 
  0x55, 0xfb, 0xff, 0x55, 0xfb, 0xff, 0x55, 0xfb, 0xff, 0x74, 0xfb, 0xff, 
  0x74, 0xfb, 0xff, 0x74, 0xfb, 0xff, 0x74, 0xf3, 0xff, 0x74, 0xf3, 0xff, 
  0x53, 0xeb, 0xff, 0x32, 0xe3, 0xff, 0x32, 0xe3, 0xff, 0x33, 0xe3, 0xff, 
  0x33, 0xeb, 0xff, 0x53, 0xeb, 0xff, 0x54, 0xf3, 0xff, 0x53, 0xfb, 0xff, 
  0x34, 0xfb, 0xff, 0x14, 0xfb, 0xff, 0x14, 0xfb, 0xff, 0x14, 0xfb, 0xff, 
  0x14, 0xfb, 0xff, 0x34, 0xfb, 0xff, 0x34, 0xfb, 0xff, 0x34, 0xfb, 0xff, 
  0x14, 0xfb, 0xff, 0x13, 0xfb, 0xff, 0x13, 0xfb, 0xff, 0x34, 0xfb, 0xff, 
  0x54, 0xfb, 0xff, 0x33, 0xf3, 0xff, 0x54, 0xf3, 0xff, 0x74, 0xeb, 0xff, 
  0x94, 0xeb, 0xff, 0x74, 0xeb, 0xff, 0x94, 0xe3, 0xff, 0x94, 0xe3, 0xff, 
  0x94, 0xeb, 0xff, 0x94, 0xeb, 0xff, 0x94, 0xf3, 0xff, 0x95, 0xfb, 0xff, 
  0x75, 0xfb, 0xff, 0x54, 0xfb, 0xff, 0x34, 0xfb, 0xff, 0x34, 0xfb, 0xff, 
  0x13, 0xfb, 0xff, 0x13, 0xfb, 0xff, 0x33, 0xf3, 0xff, 0x33, 0xeb, 0xff, 
  0x33, 0xeb, 0xff, 0x53, 0xeb, 0xff, 0x53, 0xeb, 0xff, 0x33, 0xeb, 0xff, 
  0x34, 0xfb, 0xff, 0x34, 0xfb, 0xff, 0x13, 0xfb, 0xff, 0x14, 0xfb, 0xff, 
  0x34, 0xfb, 0xff, 0x34, 0xfb, 0xff, 0x34, 0xfb, 0xff, 0x75, 0xfb, 0xff, 
  0x74, 0xf3, 0xff, 0x94, 0xeb, 0xff, 0x94, 0xeb, 0xff, 0x94, 0xeb, 0xff, 
  0x94, 0xeb, 0xff, 0x94, 0xf3, 0xff, 0x34, 0xfb, 0xff, 0x14, 0xfb, 0xff, 
  0x34, 0xfb, 0xff, 0x34, 0xfb, 0xff, 0x33, 0xf3, 0xff, 0x15, 0xec, 0xff, 
  0x9f, 0xff, 0xff, 0xff, 0xff, 0xff, 0xff, 0xff, 0xff, 0xff, 0xff, 0xff, 
  0xff, 0xff, 0xff, 0x9f, 0xff, 0xff, 0x39, 0xfd, 0xff, 0x32, 0xeb, 0xff, 
  0x54, 0xf3, 0xff, 0x34, 0xfb, 0xff, 0x55, 0xfb, 0xff, 0x75, 0xfb, 0xff, 
  0x75, 0xfb, 0xff, 0x75, 0xfb, 0xff, 0x75, 0xfb, 0xff, 0x95, 0xfb, 0xff, 
  0x74, 0xfb, 0xff, 0xb5, 0xfb, 0xff, 0x93, 0xdb, 0x00, 0x7d, 0xfe, 0x00, 
  0xbf, 0xff, 0x00, 0xff, 0xff, 0x00, 0xff, 0xff, 0x00, 0xff, 0xff, 0x00, 
  0x9e, 0xf7, 0x00, 0x3c, 0xe7, 0x00, 0xff, 0xff, 0x00, 0xff, 0xff, 0x00, 
  0xff, 0xff, 0x00, 0xff, 0xff, 0x00, 0x3c, 0xe7, 0x00, 0x9d, 0xf7, 0x00, 
  0xff, 0xff, 0x00, 0xff, 0xff, 0x00, 0xff, 0xff, 0x00, 0x5f, 0xff, 0x00, 
  0xf5, 0xeb, 0x00, 0x75, 0xfb, 0xff, 0x75, 0xfb, 0xff, 0x54, 0xfb, 0xff, 
  0x54, 0xfb, 0xff, 0x75, 0xfb, 0xff, 0x75, 0xfb, 0xff, 0x75, 0xfb, 0xff, 
  0x54, 0xfb, 0xff, 0x34, 0xfb, 0xff, 0x34, 0xfb, 0xff, 0x14, 0xfb, 0xff, 
  0x14, 0xfb, 0xff, 0x34, 0xfb, 0xff, 0x34, 0xfb, 0xff, 0x34, 0xfb, 0xff, 
  0x33, 0xf3, 0xff, 0x32, 0xeb, 0xff, 0xd4, 0xeb, 0xff, 0x75, 0xe4, 0xff, 
  0x38, 0xf5, 0xff, 0x79, 0xf5, 0xff, 0x79, 0xf5, 0xff, 0x78, 0xf5, 0xff, 
  0xf7, 0xec, 0xff, 0x55, 0xec, 0xff, 0x93, 0xe3, 0xff, 0x12, 0xe3, 0xff, 
  0x33, 0xfb, 0xff, 0x34, 0xfb, 0xff, 0x34, 0xfb, 0xff, 0x14, 0xfb, 0xff, 
  0x14, 0xfb, 0xff, 0x34, 0xfb, 0xff, 0x34, 0xfb, 0xff, 0x34, 0xfb, 0xff, 
  0x13, 0xfb, 0xff, 0x13, 0xfb, 0xff, 0x34, 0xfb, 0xff, 0x54, 0xfb, 0xff, 
  0x53, 0xf3, 0xff, 0x33, 0xe3, 0xff, 0xd4, 0xe3, 0xff, 0xb7, 0xec, 0xff, 
  0x79, 0xf5, 0xff, 0xba, 0xf5, 0xff, 0xda, 0xfd, 0xff, 0xba, 0xf5, 0xff, 
  0x59, 0xf5, 0xff, 0xd7, 0xec, 0xff, 0x55, 0xe4, 0xff, 0xd4, 0xe3, 0xff, 
  0x53, 0xeb, 0xff, 0x54, 0xfb, 0xff, 0x34, 0xfb, 0xff, 0x14, 0xfb, 0xff, 
  0x14, 0xfb, 0xff, 0x33, 0xfb, 0xff, 0xf5, 0xeb, 0xff, 0x76, 0xec, 0xff, 
  0x75, 0xec, 0xff, 0x75, 0xe4, 0xff, 0x75, 0xe4, 0xff, 0x35, 0xec, 0xff, 
  0x94, 0xf3, 0xff, 0x33, 0xfb, 0xff, 0x34, 0xfb, 0xff, 0x34, 0xfb, 0xff, 
  0x34, 0xfb, 0xff, 0x54, 0xfb, 0xff, 0x75, 0xfb, 0xff, 0x95, 0xf3, 0xff, 
  0x76, 0xec, 0xff, 0xb6, 0xe4, 0xff, 0xd7, 0xe4, 0xff, 0xd7, 0xec, 0xff, 
  0xb6, 0xe4, 0xff, 0x56, 0xec, 0xff, 0x95, 0xf3, 0xff, 0x34, 0xfb, 0xff, 
  0x34, 0xfb, 0xff, 0x34, 0xfb, 0xff, 0x33, 0xfb, 0xff, 0xf5, 0xeb, 0xff, 
  0x9f, 0xff, 0xff, 0xff, 0xff, 0xff, 0xff, 0xff, 0xff, 0xff, 0xff, 0xff, 
  0xdf, 0xff, 0xff, 0xbf, 0xff, 0xff, 0x39, 0xfd, 0xff, 0x32, 0xe3, 0xff, 
  0x54, 0xfb, 0xff, 0x34, 0xfb, 0xff, 0x34, 0xfb, 0xff, 0x55, 0xfb, 0xff, 
  0x75, 0xfb, 0xff, 0x75, 0xfb, 0xff, 0x75, 0xfb, 0xff, 0x95, 0xfb, 0xff, 
  0x75, 0xfb, 0xff, 0x95, 0xfb, 0xff, 0x74, 0xeb, 0xff, 0x7a, 0xfd, 0x00, 
  0xbf, 0xff, 0x00, 0xdf, 0xff, 0x00, 0xff, 0xff, 0x00, 0xff, 0xff, 0x00, 
  0x9e, 0xf7, 0x00, 0x3c, 0xe7, 0x00, 0xde, 0xf7, 0x00, 0xff, 0xff, 0x00, 
  0xff, 0xff, 0x00, 0xde, 0xff, 0x00, 0x3c, 0xe7, 0x00, 0x9e, 0xf7, 0x00, 
  0xff, 0xff, 0x00, 0xff, 0xff, 0x00, 0xdf, 0xff, 0x00, 0xdd, 0xfe, 0x00, 
  0xb4, 0xeb, 0x00, 0x75, 0xfb, 0xff, 0x75, 0xfb, 0xff, 0x75, 0xfb, 0xff, 
  0x75, 0xfb, 0xff, 0x75, 0xfb, 0xff, 0x75, 0xfb, 0xff, 0x75, 0xfb, 0xff, 
  0x74, 0xfb, 0xff, 0x54, 0xfb, 0xff, 0xf3, 0xfa, 0xff, 0x14, 0xfb, 0xff, 
  0x34, 0xfb, 0xff, 0x54, 0xfb, 0xff, 0x34, 0xfb, 0xff, 0x33, 0xeb, 0xff, 
  0xf5, 0xf3, 0xff, 0x7a, 0xfd, 0xff, 0xfe, 0xfe, 0xff, 0x7f, 0xff, 0xff, 
  0x9f, 0xff, 0xff, 0x9f, 0xff, 0xff, 0xbf, 0xff, 0xff, 0x9f, 0xff, 0xff, 
  0x9f, 0xff, 0xff, 0x7f, 0xff, 0xff, 0x9d, 0xfe, 0xff, 0x39, 0xfd, 0xff, 
  0xb4, 0xeb, 0xff, 0x32, 0xeb, 0xff, 0x33, 0xfb, 0xff, 0x14, 0xfb, 0xff, 
  0x34, 0xfb, 0xff, 0x34, 0xfb, 0xff, 0x34, 0xfb, 0xff, 0x34, 0xfb, 0xff, 
  0x14, 0xfb, 0xff, 0x34, 0xfb, 0xff, 0x33, 0xf3, 0xff, 0x32, 0xe3, 0xff, 
  0x15, 0xec, 0xff, 0xbb, 0xfd, 0xff, 0x1f, 0xff, 0xff, 0x5f, 0xff, 0xff, 
  0x9f, 0xff, 0xff, 0xbf, 0xff, 0xff, 0xbf, 0xff, 0xff, 0xbf, 0xff, 0xff, 
  0x9f, 0xff, 0xff, 0x7f, 0xff, 0xff, 0x3f, 0xff, 0xff, 0x9e, 0xfe, 0xff, 
  0x19, 0xfd, 0xff, 0x74, 0xf3, 0xff, 0x34, 0xfb, 0xff, 0x14, 0xfb, 0xff, 
  0x14, 0xfb, 0xff, 0x53, 0xf3, 0xff, 0x3d, 0xfe, 0xff, 0x5f, 0xff, 0xff, 
  0x5f, 0xff, 0xff, 0x7f, 0xff, 0xff, 0x7f, 0xff, 0xff, 0x3f, 0xff, 0xff, 
  0x77, 0xfc, 0xff, 0x13, 0xf3, 0xff, 0x34, 0xfb, 0xff, 0x14, 0xfb, 0xff, 
  0x34, 0xfb, 0xff, 0x55, 0xfb, 0xff, 0x54, 0xfb, 0xff, 0x57, 0xfc, 0xff, 
  0x3f, 0xff, 0xff, 0x9f, 0xff, 0xff, 0x9f, 0xff, 0xff, 0x7f, 0xff, 0xff, 
  0x7f, 0xff, 0xff, 0xbe, 0xfe, 0xff, 0xf5, 0xf3, 0xff, 0x55, 0xfb, 0xff, 
  0x34, 0xfb, 0xff, 0x34, 0xfb, 0xff, 0x13, 0xfb, 0xff, 0xd4, 0xeb, 0xff, 
  0x7f, 0xff, 0xff, 0xff, 0xff, 0xff, 0xff, 0xff, 0xff, 0xff, 0xff, 0xff, 
  0xdf, 0xff, 0xff, 0xbf, 0xff, 0xff, 0x18, 0xfd, 0xff, 0x32, 0xe3, 0xff, 
  0x54, 0xfb, 0xff, 0x34, 0xfb, 0xff, 0x34, 0xfb, 0xff, 0x34, 0xfb, 0xff, 
  0x75, 0xfb, 0xff, 0x75, 0xfb, 0xff, 0x75, 0xfb, 0xff, 0x75, 0xfb, 0xff, 
  0x75, 0xfb, 0xff, 0x95, 0xfb, 0xff, 0x54, 0xeb, 0xff, 0xb7, 0xfc, 0x00, 
  0x9f, 0xff, 0x00, 0xff, 0xff, 0x00, 0xff, 0xff, 0x00, 0xff, 0xff, 0x00, 
  0xbe, 0xf7, 0x00, 0x3c, 0xe7, 0x00, 0xbe, 0xf7, 0x00, 0xff, 0xff, 0x00, 
  0xff, 0xff, 0x00, 0xbe, 0xf7, 0x00, 0x3c, 0xe7, 0x00, 0xbe, 0xff, 0x00, 
  0xff, 0xff, 0x00, 0xdf, 0xff, 0x00, 0xdf, 0xff, 0x00, 0x1b, 0xfe, 0x00, 
  0x94, 0xe3, 0x00, 0x75, 0xfb, 0xff, 0x75, 0xfb, 0xff, 0x75, 0xfb, 0xff, 
  0x75, 0xfb, 0xff, 0x55, 0xfb, 0xff, 0x75, 0xfb, 0xff, 0x75, 0xfb, 0xff, 
  0x95, 0xfb, 0xff, 0x54, 0xfb, 0xff, 0x34, 0xfb, 0xff, 0x34, 0xfb, 0xff, 
  0xf3, 0xfa, 0xff, 0x54, 0xfb, 0xff, 0x32, 0xdb, 0xff, 0x18, 0xfd, 0xff, 
  0x1e, 0xff, 0xff, 0xbf, 0xff, 0xff, 0xbf, 0xff, 0xff, 0xbf, 0xff, 0xff, 
  0xff, 0xff, 0xff, 0xff, 0xff, 0xff, 0xbf, 0xff, 0xff, 0xdf, 0xff, 0xff, 
  0xbf, 0xff, 0xff, 0xdf, 0xff, 0xff, 0xbf, 0xff, 0xff, 0x9f, 0xff, 0xff, 
  0xfe, 0xfe, 0xff, 0x96, 0xe4, 0xff, 0x53, 0xeb, 0xff, 0x34, 0xfb, 0xff, 
  0x34, 0xfb, 0xff, 0x34, 0xfb, 0xff, 0x34, 0xfb, 0xff, 0x14, 0xfb, 0xff, 
  0x13, 0xfb, 0xff, 0x34, 0xfb, 0xff, 0x53, 0xe3, 0xff, 0x18, 0xfd, 0xff, 
  0x5f, 0xff, 0xff, 0x9f, 0xff, 0xff, 0xbf, 0xff, 0xff, 0xbf, 0xff, 0xff, 
  0xdf, 0xff, 0xff, 0xff, 0xff, 0xff, 0xdf, 0xff, 0xff, 0xbf, 0xff, 0xff, 
  0xdf, 0xff, 0xff, 0xdf, 0xff, 0xff, 0xbf, 0xff, 0xff, 0x7f, 0xff, 0xff, 
  0x3f, 0xff, 0xff, 0xd4, 0xeb, 0xff, 0x33, 0xf3, 0xff, 0x14, 0xfb, 0xff, 
  0x34, 0xfb, 0xff, 0x52, 0xe3, 0xff, 0xbe, 0xfe, 0xff, 0xbf, 0xff, 0xff, 
  0xbf, 0xff, 0xff, 0xdf, 0xff, 0xff, 0xbf, 0xff, 0xff, 0x7f, 0xff, 0xff, 
  0xd8, 0xfc, 0xff, 0x13, 0xf3, 0xff, 0x34, 0xfb, 0xff, 0x14, 0xfb, 0xff, 
  0x34, 0xfb, 0xff, 0x95, 0xfb, 0xff, 0x54, 0xf3, 0xff, 0x77, 0xf4, 0xff, 
  0x7f, 0xff, 0xff, 0xdf, 0xff, 0xff, 0xdf, 0xff, 0xff, 0xbf, 0xff, 0xff, 
  0xbf, 0xff, 0xff, 0x3f, 0xff, 0xff, 0xb5, 0xeb, 0xff, 0x75, 0xfb, 0xff, 
  0x54, 0xfb, 0xff, 0x34, 0xfb, 0xff, 0x13, 0xfb, 0xff, 0xd4, 0xeb, 0xff, 
  0x7f, 0xff, 0xff, 0xff, 0xff, 0xff, 0xff, 0xff, 0xff, 0xff, 0xff, 0xff, 
  0xff, 0xff, 0xff, 0x9f, 0xff, 0xff, 0xf8, 0xfc, 0xff, 0x32, 0xeb, 0xff, 
  0x54, 0xfb, 0xff, 0x34, 0xfb, 0xff, 0x34, 0xfb, 0xff, 0x34, 0xfb, 0xff, 
  0x55, 0xfb, 0xff, 0x75, 0xfb, 0xff, 0x75, 0xfb, 0xff, 0x54, 0xfb, 0xff, 
  0x75, 0xfb, 0xff, 0x95, 0xfb, 0xff, 0x54, 0xfb, 0xff, 0xf5, 0xeb, 0x00, 
  0x7f, 0xff, 0x00, 0xff, 0xff, 0x00, 0xff, 0xff, 0x00, 0xff, 0xff, 0x00, 
  0xdf, 0xff, 0x00, 0x3c, 0xe7, 0x00, 0x9e, 0xf7, 0x00, 0xff, 0xff, 0x00, 
  0xff, 0xff, 0x00, 0x9d, 0xf7, 0x00, 0x3c, 0xe7, 0x00, 0xdf, 0xff, 0x00, 
  0xff, 0xff, 0x00, 0xdf, 0xff, 0x00, 0xbf, 0xff, 0x00, 0x79, 0xed, 0x00, 
  0x94, 0xe3, 0xff, 0x75, 0xfb, 0xff, 0x75, 0xfb, 0xff, 0x75, 0xfb, 0xff, 
  0x75, 0xfb, 0xff, 0x55, 0xfb, 0xff, 0x54, 0xfb, 0xff, 0x54, 0xfb, 0xff, 
  0x33, 0xfb, 0xff, 0x34, 0xfb, 0xff, 0x13, 0xfb, 0xff, 0x34, 0xfb, 0xff, 
  0x34, 0xfb, 0xff, 0x73, 0xe3, 0xff, 0x79, 0xfd, 0xff, 0x7f, 0xff, 0xff, 
  0xdf, 0xff, 0xff, 0xff, 0xff, 0xff, 0xff, 0xff, 0xff, 0xff, 0xff, 0xff, 
  0xff, 0xff, 0xff, 0xdf, 0xff, 0xff, 0xdf, 0xff, 0xff, 0xdf, 0xff, 0xff, 
  0xff, 0xff, 0xff, 0xff, 0xff, 0xff, 0xdf, 0xff, 0xff, 0xff, 0xff, 0xff, 
  0x9f, 0xff, 0xff, 0x5f, 0xff, 0xff, 0x97, 0xf4, 0xff, 0x33, 0xeb, 0xff, 
  0x54, 0xfb, 0xff, 0x34, 0xfb, 0xff, 0x34, 0xfb, 0xff, 0x13, 0xfb, 0xff, 
  0x13, 0xfb, 0xff, 0x53, 0xf3, 0xff, 0xb7, 0xf4, 0xff, 0x5f, 0xff, 0xff, 
  0xdf, 0xff, 0xff, 0xff, 0xff, 0xff, 0xff, 0xff, 0xff, 0xff, 0xff, 0xff, 
  0xff, 0xff, 0xff, 0xdf, 0xff, 0xff, 0xdf, 0xff, 0xff, 0xdf, 0xff, 0xff, 
  0xdf, 0xff, 0xff, 0xdf, 0xff, 0xff, 0xbf, 0xff, 0xff, 0xbf, 0xff, 0xff, 
  0x7d, 0xfe, 0xff, 0x73, 0xdb, 0xff, 0x54, 0xf3, 0xff, 0x54, 0xfb, 0xff, 
  0x34, 0xfb, 0xff, 0x73, 0xe3, 0xff, 0xbd, 0xfe, 0xff, 0xbf, 0xff, 0xff, 
  0xff, 0xff, 0xff, 0xff, 0xff, 0xff, 0xff, 0xff, 0xff, 0x9f, 0xff, 0xff, 
  0xb7, 0xfc, 0xff, 0x13, 0xf3, 0xff, 0x34, 0xfb, 0xff, 0x34, 0xfb, 0xff, 
  0x55, 0xfb, 0xff, 0x95, 0xfb, 0xff, 0x74, 0xf3, 0xff, 0x56, 0xec, 0xff, 
  0xbf, 0xff, 0xff, 0xff, 0xff, 0xff, 0xff, 0xff, 0xff, 0xff, 0xff, 0xff, 
  0xdf, 0xff, 0xff, 0x1e, 0xff, 0xff, 0xd5, 0xeb, 0xff, 0x75, 0xfb, 0xff, 
  0x54, 0xfb, 0xff, 0x54, 0xfb, 0xff, 0x13, 0xfb, 0xff, 0xb4, 0xeb, 0xff, 
  0x5f, 0xff, 0xff, 0xff, 0xff, 0xff, 0xff, 0xff, 0xff, 0xff, 0xff, 0xff, 
  0xff, 0xff, 0xff, 0xbf, 0xff, 0xff, 0xf8, 0xfc, 0xff, 0x32, 0xeb, 0xff, 
  0x54, 0xfb, 0xff, 0x14, 0xfb, 0xff, 0x14, 0xfb, 0xff, 0x14, 0xfb, 0xff, 
  0x34, 0xfb, 0xff, 0x75, 0xfb, 0xff, 0x75, 0xfb, 0xff, 0x75, 0xfb, 0xff, 
  0x95, 0xfb, 0xff, 0x75, 0xfb, 0xff, 0x75, 0xfb, 0xff, 0xb4, 0xeb, 0x00, 
  0x3e, 0xff, 0x00, 0xdf, 0xff, 0x00, 0xff, 0xff, 0x00, 0xff, 0xff, 0x00, 
  0xff, 0xff, 0x00, 0x5d, 0xef, 0x00, 0x9d, 0xef, 0x00, 0xff, 0xff, 0x00, 
  0xff, 0xff, 0x00, 0x7d, 0xef, 0x00, 0x3d, 0xef, 0x00, 0xff, 0xff, 0x00, 
  0xff, 0xff, 0x00, 0xdf, 0xff, 0x00, 0x9f, 0xff, 0x00, 0xf7, 0xec, 0x00, 
  0x94, 0xeb, 0xff, 0x75, 0xfb, 0xff, 0x75, 0xfb, 0xff, 0x55, 0xfb, 0xff, 
  0x75, 0xfb, 0xff, 0x75, 0xfb, 0xff, 0x34, 0xfb, 0xff, 0x34, 0xfb, 0xff, 
  0x34, 0xfb, 0xff, 0x34, 0xfb, 0xff, 0x13, 0xfb, 0xff, 0x54, 0xfb, 0xff, 
  0x53, 0xeb, 0xff, 0xd7, 0xf4, 0xff, 0x7f, 0xff, 0xff, 0xdf, 0xff, 0xff, 
  0xdf, 0xff, 0xff, 0xdf, 0xff, 0xff, 0xff, 0xff, 0xff, 0xff, 0xff, 0xff, 
  0xdf, 0xff, 0xff, 0xbf, 0xff, 0xff, 0xbf, 0xff, 0xff, 0xbf, 0xff, 0xff, 
  0xdf, 0xff, 0xff, 0xdf, 0xff, 0xff, 0xff, 0xff, 0xff, 0xff, 0xff, 0xff, 
  0xdf, 0xff, 0xff, 0xbf, 0xff, 0xff, 0x3f, 0xff, 0xff, 0x35, 0xe4, 0xff, 
  0x33, 0xf3, 0xff, 0x33, 0xfb, 0xff, 0x13, 0xfb, 0xff, 0x13, 0xfb, 0xff, 
  0x34, 0xfb, 0xff, 0xb4, 0xeb, 0xff, 0xde, 0xfe, 0xff, 0xdf, 0xff, 0xff, 
  0xdf, 0xff, 0xff, 0xff, 0xff, 0xff, 0xff, 0xff, 0xff, 0xdf, 0xff, 0xff, 
  0xdf, 0xff, 0xff, 0x9f, 0xff, 0xff, 0x9f, 0xff, 0xff, 0x7f, 0xff, 0xff, 
  0x9f, 0xff, 0xff, 0xbf, 0xff, 0xff, 0xdf, 0xff, 0xff, 0x9f, 0xff, 0xff, 
  0x59, 0xfd, 0xff, 0x32, 0xe3, 0xff, 0x74, 0xfb, 0xff, 0x13, 0xfb, 0xff, 
  0x13, 0xfb, 0xff, 0x94, 0xeb, 0xff, 0xbd, 0xfe, 0xff, 0xdf, 0xff, 0xff, 
  0xff, 0xff, 0xff, 0xff, 0xff, 0xff, 0xff, 0xff, 0xff, 0x9f, 0xff, 0xff, 
  0xb7, 0xfc, 0xff, 0x13, 0xf3, 0xff, 0x34, 0xfb, 0xff, 0x55, 0xfb, 0xff, 
  0x75, 0xfb, 0xff, 0x75, 0xfb, 0xff, 0x74, 0xfb, 0xff, 0x56, 0xf4, 0xff, 
  0x9f, 0xff, 0xff, 0xff, 0xff, 0xff, 0xff, 0xff, 0xff, 0xff, 0xff, 0xff, 
  0xdf, 0xff, 0xff, 0x3f, 0xff, 0xff, 0xf6, 0xf3, 0xff, 0x55, 0xfb, 0xff, 
  0x75, 0xfb, 0xff, 0x54, 0xfb, 0xff, 0x33, 0xfb, 0xff, 0xb4, 0xeb, 0xff, 
  0x5e, 0xff, 0xff, 0xff, 0xff, 0xff, 0xff, 0xff, 0xff, 0xff, 0xff, 0xff, 
  0xff, 0xff, 0xff, 0xbf, 0xff, 0xff, 0xd7, 0xfc, 0xff, 0x33, 0xeb, 0xff, 
  0x34, 0xfb, 0xff, 0x14, 0xfb, 0xff, 0x14, 0xfb, 0xff, 0x34, 0xfb, 0xff, 
  0x34, 0xfb, 0xff, 0x54, 0xfb, 0xff, 0x75, 0xfb, 0xff, 0x54, 0xfb, 0xff, 
  0x75, 0xfb, 0xff, 0x74, 0xfb, 0xff, 0x75, 0xfb, 0xff, 0x73, 0xe3, 0x00, 
  0xbd, 0xfe, 0x00, 0xdf, 0xff, 0x00, 0xff, 0xff, 0x00, 0xff, 0xff, 0x00, 
  0xff, 0xff, 0x00, 0x5d, 0xef, 0x00, 0x7d, 0xef, 0x00, 0xff, 0xff, 0x00, 
  0xff, 0xff, 0x00, 0x5d, 0xef, 0x00, 0x5d, 0xef, 0x00, 0xff, 0xff, 0x00, 
  0xff, 0xff, 0x00, 0xdf, 0xff, 0x00, 0x7f, 0xff, 0x00, 0x96, 0xe4, 0x00, 
  0xb4, 0xeb, 0xff, 0x75, 0xfb, 0xff, 0x75, 0xfb, 0xff, 0x75, 0xfb, 0xff, 
  0x75, 0xfb, 0xff, 0x75, 0xfb, 0xff, 0x34, 0xfb, 0xff, 0x34, 0xfb, 0xff, 
  0x14, 0xfb, 0xff, 0xf3, 0xfa, 0xff, 0x34, 0xfb, 0xff, 0x53, 0xf3, 0xff, 
  0xb3, 0xe3, 0xff, 0xfe, 0xfe, 0xff, 0xdf, 0xff, 0xff, 0xff, 0xff, 0xff, 
  0xff, 0xff, 0xff, 0xff, 0xff, 0xff, 0xdf, 0xff, 0xff, 0xbf, 0xff, 0xff, 
  0x3b, 0xfe, 0xff, 0xd6, 0xdc, 0xff, 0xd6, 0xdc, 0xff, 0x37, 0xe5, 0xff, 
  0xdd, 0xfe, 0xff, 0xbf, 0xff, 0xff, 0xff, 0xff, 0xff, 0xff, 0xff, 0xff, 
  0xff, 0xff, 0xff, 0xbf, 0xff, 0xff, 0xbf, 0xff, 0xff, 0x5c, 0xfe, 0xff, 
  0x53, 0xe3, 0xff, 0x33, 0xfb, 0xff, 0x14, 0xfb, 0xff, 0x34, 0xfb, 0xff, 
  0x13, 0xf3, 0xff, 0xb7, 0xfc, 0xff, 0x9f, 0xff, 0xff, 0xff, 0xff, 0xff, 
  0xff, 0xff, 0xff, 0xdf, 0xff, 0xff, 0xff, 0xff, 0xff, 0xbf, 0xff, 0xff, 
  0xd9, 0xed, 0xff, 0x54, 0xd4, 0xff, 0x14, 0xd4, 0xff, 0x75, 0xdc, 0xff, 
  0xb6, 0xe4, 0xff, 0x38, 0xed, 0xff, 0x3b, 0xf6, 0xff, 0xff, 0xfe, 0xff, 
  0xf5, 0xf3, 0xff, 0x33, 0xf3, 0xff, 0x34, 0xfb, 0xff, 0x34, 0xfb, 0xff, 
  0x14, 0xfb, 0xff, 0x73, 0xeb, 0xff, 0xbd, 0xfe, 0xff, 0xdf, 0xff, 0xff, 
  0xdf, 0xff, 0xff, 0xff, 0xff, 0xff, 0xff, 0xff, 0xff, 0xbf, 0xff, 0xff, 
  0xd7, 0xfc, 0xff, 0x13, 0xeb, 0xff, 0x54, 0xfb, 0xff, 0x55, 0xfb, 0xff, 
  0x75, 0xfb, 0xff, 0x75, 0xfb, 0xff, 0x54, 0xfb, 0xff, 0x77, 0xf4, 0xff, 
  0x9f, 0xff, 0xff, 0xff, 0xff, 0xff, 0xff, 0xff, 0xff, 0xdf, 0xff, 0xff, 
  0xff, 0xff, 0xff, 0x3f, 0xff, 0xff, 0xb5, 0xeb, 0xff, 0x75, 0xfb, 0xff, 
  0x95, 0xfb, 0xff, 0x74, 0xfb, 0xff, 0x34, 0xfb, 0xff, 0x94, 0xe3, 0xff, 
  0x3e, 0xff, 0xff, 0xff, 0xff, 0xff, 0xff, 0xff, 0xff, 0xff, 0xff, 0xff, 
  0xff, 0xff, 0xff, 0xbf, 0xff, 0xff, 0xd7, 0xfc, 0xff, 0x33, 0xeb, 0xff, 
  0x34, 0xfb, 0xff, 0x13, 0xfb, 0xff, 0x14, 0xfb, 0xff, 0x34, 0xfb, 0xff, 
  0x34, 0xfb, 0xff, 0x34, 0xfb, 0xff, 0x34, 0xfb, 0xff, 0x13, 0xfb, 0xff, 
  0x54, 0xfb, 0xff, 0x33, 0xfb, 0xff, 0x34, 0xfb, 0xff, 0x32, 0xdb, 0xff, 
  0x1b, 0xfe, 0x00, 0xdf, 0xff, 0x00, 0xdf, 0xff, 0x00, 0xff, 0xff, 0x00, 
  0xff, 0xff, 0x00, 0x7d, 0xef, 0x00, 0x5d, 0xe7, 0x00, 0xff, 0xff, 0x00, 
  0xff, 0xff, 0x00, 0x5d, 0xef, 0x00, 0x7d, 0xef, 0x00, 0xff, 0xff, 0x00, 
  0xff, 0xff, 0x00, 0xdf, 0xff, 0x00, 0x3f, 0xff, 0x00, 0x35, 0xe4, 0x00, 
  0x95, 0xf3, 0xff, 0x75, 0xfb, 0xff, 0x75, 0xfb, 0xff, 0x75, 0xfb, 0xff, 
  0x75, 0xfb, 0xff, 0x75, 0xfb, 0xff, 0x54, 0xfb, 0xff, 0x34, 0xfb, 0xff, 
  0x14, 0xfb, 0xff, 0x14, 0xfb, 0xff, 0x34, 0xfb, 0xff, 0x53, 0xe3, 0xff, 
  0x79, 0xf5, 0xff, 0x9f, 0xff, 0xff, 0xdf, 0xff, 0xff, 0xff, 0xff, 0xff, 
  0xff, 0xff, 0xff, 0xdf, 0xff, 0xff, 0x9f, 0xff, 0xff, 0xf6, 0xe4, 0xff, 
  0xd0, 0xca, 0xff, 0xf1, 0xda, 0xff, 0xd1, 0xda, 0xff, 0xf1, 0xd2, 0xff, 
  0x11, 0xcb, 0xff, 0x1b, 0xfe, 0xff, 0xbf, 0xff, 0xff, 0xff, 0xff, 0xff, 
  0xff, 0xff, 0xff, 0xff, 0xff, 0xff, 0xff, 0xff, 0xff, 0x7f, 0xff, 0xff, 
  0x56, 0xf4, 0xff, 0x33, 0xf3, 0xff, 0x33, 0xfb, 0xff, 0x54, 0xfb, 0xff, 
  0x12, 0xe3, 0xff, 0x7a, 0xfd, 0xff, 0x9f, 0xff, 0xff, 0xff, 0xff, 0xff, 
  0xff, 0xff, 0xff, 0xff, 0xff, 0xff, 0xdf, 0xff, 0xff, 0x7c, 0xfe, 0xff, 
  0x11, 0xc3, 0xff, 0xf1, 0xda, 0xff, 0x53, 0xeb, 0xff, 0x74, 0xf3, 0xff, 
  0x73, 0xf3, 0xff, 0x12, 0xe3, 0xff, 0xf1, 0xd2, 0xff, 0x53, 0xe3, 0xff, 
  0x13, 0xf3, 0xff, 0x14, 0xfb, 0xff, 0xf3, 0xfa, 0xff, 0x14, 0xfb, 0xff, 
  0x34, 0xfb, 0xff, 0x53, 0xeb, 0xff, 0xde, 0xfe, 0xff, 0xdf, 0xff, 0xff, 
  0xff, 0xff, 0xff, 0xff, 0xff, 0xff, 0xff, 0xff, 0xff, 0x9f, 0xff, 0xff, 
  0xd7, 0xfc, 0xff, 0x33, 0xeb, 0xff, 0x95, 0xfb, 0xff, 0x75, 0xfb, 0xff, 
  0x74, 0xfb, 0xff, 0x95, 0xfb, 0xff, 0x54, 0xfb, 0xff, 0x56, 0xf4, 0xff, 
  0x9f, 0xff, 0xff, 0xff, 0xff, 0xff, 0xff, 0xff, 0xff, 0xff, 0xff, 0xff, 
  0xff, 0xff, 0xff, 0x3f, 0xff, 0xff, 0xb5, 0xeb, 0xff, 0x75, 0xfb, 0xff, 
  0x75, 0xfb, 0xff, 0x75, 0xfb, 0xff, 0x54, 0xfb, 0xff, 0xb4, 0xe3, 0xff, 
  0x1e, 0xff, 0xff, 0xff, 0xff, 0xff, 0xff, 0xff, 0xff, 0xff, 0xff, 0xff, 
  0xff, 0xff, 0xff, 0xbf, 0xff, 0xff, 0xb7, 0xf4, 0xff, 0x32, 0xeb, 0xff, 
  0x54, 0xfb, 0xff, 0x14, 0xfb, 0xff, 0x14, 0xfb, 0xff, 0x34, 0xfb, 0xff, 
  0x14, 0xfb, 0xff, 0x13, 0xfb, 0xff, 0x13, 0xfb, 0xff, 0xf3, 0xfa, 0xff, 
  0xf3, 0xfa, 0xff, 0xf3, 0xfa, 0xff, 0xf3, 0xfa, 0xff, 0xf1, 0xda, 0xff, 
  0x99, 0xf5, 0x00, 0xbf, 0xff, 0x00, 0xdf, 0xff, 0x00, 0xff, 0xff, 0x00, 
  0xff, 0xff, 0x00, 0x9e, 0xf7, 0x00, 0x3c, 0xe7, 0x00, 0xff, 0xff, 0x00, 
  0xff, 0xff, 0x00, 0x3c, 0xe7, 0x00, 0x7d, 0xef, 0x00, 0xff, 0xff, 0x00, 
  0xff, 0xff, 0x00, 0xbf, 0xff, 0x00, 0xff, 0xfe, 0x00, 0xf4, 0xe3, 0x00, 
  0x95, 0xf3, 0xff, 0x75, 0xfb, 0xff, 0x55, 0xfb, 0xff, 0x75, 0xfb, 0xff, 
  0x75, 0xfb, 0xff, 0x75, 0xfb, 0xff, 0x75, 0xfb, 0xff, 0x34, 0xfb, 0xff, 
  0x14, 0xfb, 0xff, 0x14, 0xfb, 0xff, 0x33, 0xfb, 0xff, 0x73, 0xe3, 0xff, 
  0xbd, 0xfe, 0xff, 0xbf, 0xff, 0xff, 0xff, 0xff, 0xff, 0xff, 0xff, 0xff, 
  0xdf, 0xff, 0xff, 0xbf, 0xff, 0xff, 0xfa, 0xfd, 0xff, 0x11, 0xcb, 0xff, 
  0x74, 0xfb, 0xff, 0x34, 0xfb, 0xff, 0x34, 0xfb, 0xff, 0x54, 0xfb, 0xff, 
  0x33, 0xf3, 0xff, 0x72, 0xdb, 0xff, 0x3e, 0xff, 0xff, 0xff, 0xff, 0xff, 
  0xdf, 0xff, 0xff, 0xff, 0xff, 0xff, 0xff, 0xff, 0xff, 0xbf, 0xff, 0xff, 
  0x9a, 0xfd, 0xff, 0x32, 0xe3, 0xff, 0x54, 0xfb, 0xff, 0x53, 0xfb, 0xff, 
  0x53, 0xe3, 0xff, 0xba, 0xfd, 0xff, 0xbf, 0xff, 0xff, 0xdf, 0xff, 0xff, 
  0xff, 0xff, 0xff, 0xff, 0xff, 0xff, 0xdf, 0xff, 0xff, 0x9c, 0xfe, 0xff, 
  0x52, 0xd3, 0xff, 0x94, 0xfb, 0xff, 0x33, 0xf3, 0xff, 0x54, 0xfb, 0xff, 
  0x54, 0xfb, 0xff, 0x34, 0xfb, 0xff, 0x54, 0xfb, 0xff, 0x13, 0xfb, 0xff, 
  0x14, 0xfb, 0xff, 0x14, 0xfb, 0xff, 0x14, 0xfb, 0xff, 0x14, 0xfb, 0xff, 
  0x14, 0xfb, 0xff, 0x73, 0xeb, 0xff, 0xde, 0xfe, 0xff, 0xdf, 0xff, 0xff, 
  0xff, 0xff, 0xff, 0xff, 0xff, 0xff, 0xff, 0xff, 0xff, 0xbf, 0xff, 0xff, 
  0xd8, 0xfc, 0xff, 0x53, 0xeb, 0xff, 0x95, 0xfb, 0xff, 0x95, 0xfb, 0xff, 
  0x75, 0xfb, 0xff, 0x75, 0xfb, 0xff, 0x74, 0xfb, 0xff, 0x56, 0xf4, 0xff, 
  0xbf, 0xff, 0xff, 0xff, 0xff, 0xff, 0xff, 0xff, 0xff, 0xff, 0xff, 0xff, 
  0xff, 0xff, 0xff, 0x3f, 0xff, 0xff, 0xd5, 0xeb, 0xff, 0x75, 0xfb, 0xff, 
  0x75, 0xfb, 0xff, 0x75, 0xfb, 0xff, 0x75, 0xfb, 0xff, 0xb4, 0xe3, 0xff, 
  0x1e, 0xff, 0xff, 0xdf, 0xff, 0xff, 0xff, 0xff, 0xff, 0xff, 0xff, 0xff, 
  0xff, 0xff, 0xff, 0xbf, 0xff, 0xff, 0x97, 0xf4, 0xff, 0x32, 0xeb, 0xff, 
  0x54, 0xfb, 0xff, 0x34, 0xfb, 0xff, 0x14, 0xfb, 0xff, 0x14, 0xfb, 0xff, 
  0x14, 0xfb, 0xff, 0x14, 0xfb, 0xff, 0x34, 0xfb, 0xff, 0xf3, 0xfa, 0xff, 
  0xf3, 0xfa, 0xff, 0xf3, 0xfa, 0xff, 0xf3, 0xfa, 0xff, 0xf2, 0xe2, 0xff, 
  0x37, 0xed, 0x00, 0xbf, 0xff, 0x00, 0xdf, 0xff, 0x00, 0xff, 0xff, 0x00, 
  0xff, 0xff, 0x00, 0x9e, 0xf7, 0x00, 0x3c, 0xe7, 0x00, 0xff, 0xff, 0x00, 
  0xff, 0xff, 0x00, 0x3c, 0xe7, 0x00, 0x7d, 0xef, 0x00, 0xff, 0xff, 0x00, 
  0xff, 0xff, 0x00, 0xbf, 0xff, 0x00, 0xde, 0xfe, 0x00, 0xd4, 0xe3, 0x00, 
  0xb5, 0xf3, 0xff, 0x75, 0xfb, 0xff, 0x75, 0xfb, 0xff, 0x75, 0xfb, 0xff, 
  0x75, 0xfb, 0xff, 0x75, 0xfb, 0xff, 0x75, 0xfb, 0xff, 0x55, 0xfb, 0xff, 
  0x34, 0xfb, 0xff, 0x34, 0xfb, 0xff, 0x13, 0xf3, 0xff, 0x35, 0xf4, 0xff, 
  0x7f, 0xff, 0xff, 0xff, 0xff, 0xff, 0xff, 0xff, 0xff, 0xff, 0xff, 0xff, 
  0xff, 0xff, 0xff, 0x9f, 0xff, 0xff, 0x55, 0xec, 0xff, 0x32, 0xeb, 0xff, 
  0x54, 0xfb, 0xff, 0x34, 0xfb, 0xff, 0x34, 0xfb, 0xff, 0x33, 0xfb, 0xff, 
  0x54, 0xfb, 0xff, 0x12, 0xdb, 0xff, 0xda, 0xfd, 0xff, 0x9f, 0xff, 0xff, 
  0xff, 0xff, 0xff, 0xff, 0xff, 0xff, 0xff, 0xff, 0xff, 0xdf, 0xff, 0xff, 
  0xbe, 0xfe, 0xff, 0x93, 0xe3, 0xff, 0x33, 0xf3, 0xff, 0x53, 0xfb, 0xff, 
  0x32, 0xe3, 0xff, 0x7a, 0xfd, 0xff, 0x9f, 0xff, 0xff, 0xff, 0xff, 0xff, 
  0xff, 0xff, 0xff, 0xff, 0xff, 0xff, 0xff, 0xff, 0xff, 0xbf, 0xff, 0xff, 
  0xba, 0xf5, 0xff, 0x15, 0xe4, 0xff, 0x53, 0xe3, 0xff, 0x13, 0xeb, 0xff, 
  0x13, 0xf3, 0xff, 0x34, 0xfb, 0xff, 0x34, 0xfb, 0xff, 0x34, 0xfb, 0xff, 
  0x34, 0xfb, 0xff, 0x13, 0xfb, 0xff, 0x14, 0xfb, 0xff, 0x14, 0xfb, 0xff, 
  0x34, 0xfb, 0xff, 0x73, 0xe3, 0xff, 0xdd, 0xfe, 0xff, 0xff, 0xff, 0xff, 
  0xff, 0xff, 0xff, 0xff, 0xff, 0xff, 0xff, 0xff, 0xff, 0xbf, 0xff, 0xff, 
  0xf8, 0xfc, 0xff, 0x33, 0xf3, 0xff, 0x95, 0xfb, 0xff, 0x75, 0xfb, 0xff, 
  0x74, 0xfb, 0xff, 0x75, 0xfb, 0xff, 0x54, 0xfb, 0xff, 0x56, 0xf4, 0xff, 
  0x9f, 0xff, 0xff, 0xff, 0xff, 0xff, 0xff, 0xff, 0xff, 0xff, 0xff, 0xff, 
  0xff, 0xff, 0xff, 0x5f, 0xff, 0xff, 0xd5, 0xeb, 0xff, 0x55, 0xfb, 0xff, 
  0x55, 0xfb, 0xff, 0x74, 0xfb, 0xff, 0x75, 0xfb, 0xff, 0x93, 0xe3, 0xff, 
  0x1e, 0xff, 0xff, 0xdf, 0xff, 0xff, 0xff, 0xff, 0xff, 0xff, 0xff, 0xff, 
  0xff, 0xff, 0xff, 0x9f, 0xff, 0xff, 0x76, 0xfc, 0xff, 0x12, 0xeb, 0xff, 
  0x34, 0xfb, 0xff, 0x34, 0xfb, 0xff, 0x34, 0xfb, 0xff, 0xf3, 0xfa, 0xff, 
  0x14, 0xfb, 0xff, 0x14, 0xfb, 0xff, 0x33, 0xfb, 0xff, 0x13, 0xfb, 0xff, 
  0x13, 0xfb, 0xff, 0xf3, 0xfa, 0xff, 0xd3, 0xfa, 0xff, 0xf2, 0xea, 0xff, 
  0xf6, 0xe4, 0x00, 0xbf, 0xff, 0x00, 0xdf, 0xff, 0x00, 0xff, 0xff, 0x00, 
  0xff, 0xff, 0x00, 0x9e, 0xf7, 0x00, 0x3c, 0xe7, 0x00, 0xdf, 0xff, 0x00, 
  0xff, 0xff, 0x00, 0x3c, 0xe7, 0x00, 0x9e, 0xf7, 0x00, 0xff, 0xff, 0x00, 
  0xff, 0xff, 0x00, 0xbf, 0xff, 0x00, 0x9d, 0xfe, 0x00, 0x93, 0xe3, 0x00, 
  0x74, 0xf3, 0xff, 0x54, 0xfb, 0xff, 0x34, 0xfb, 0xff, 0x34, 0xfb, 0xff, 
  0x34, 0xfb, 0xff, 0x34, 0xfb, 0xff, 0x34, 0xfb, 0xff, 0x34, 0xfb, 0xff, 
  0x34, 0xfb, 0xff, 0x54, 0xfb, 0xff, 0x12, 0xeb, 0xff, 0xd7, 0xfc, 0xff, 
  0x9f, 0xff, 0xff, 0xff, 0xff, 0xff, 0xff, 0xff, 0xff, 0xff, 0xff, 0xff, 
  0xff, 0xff, 0xff, 0x5f, 0xff, 0xff, 0xb4, 0xeb, 0xff, 0x33, 0xfb, 0xff, 
  0x34, 0xfb, 0xff, 0x34, 0xfb, 0xff, 0x13, 0xfb, 0xff, 0x34, 0xfb, 0xff, 
  0x34, 0xfb, 0xff, 0x32, 0xeb, 0xff, 0x18, 0xed, 0xff, 0x9f, 0xff, 0xff, 
  0xdf, 0xff, 0xff, 0xff, 0xff, 0xff, 0xff, 0xff, 0xff, 0xdf, 0xff, 0xff, 
  0x5f, 0xff, 0xff, 0x35, 0xe4, 0xff, 0x32, 0xeb, 0xff, 0x33, 0xfb, 0xff, 
  0x12, 0xeb, 0xff, 0xb7, 0xfc, 0xff, 0x7f, 0xff, 0xff, 0xdf, 0xff, 0xff, 
  0xff, 0xff, 0xff, 0xff, 0xff, 0xff, 0xff, 0xff, 0xff, 0xff, 0xff, 0xff, 
  0x9f, 0xff, 0xff, 0x5f, 0xff, 0xff, 0x1c, 0xfe, 0xff, 0xf8, 0xfc, 0xff, 
  0x35, 0xf4, 0xff, 0x73, 0xe3, 0xff, 0x32, 0xeb, 0xff, 0x53, 0xf3, 0xff, 
  0x33, 0xfb, 0xff, 0x34, 0xfb, 0xff, 0x34, 0xfb, 0xff, 0x13, 0xfb, 0xff, 
  0x14, 0xfb, 0xff, 0x73, 0xe3, 0xff, 0xdd, 0xfe, 0xff, 0xff, 0xff, 0xff, 
  0xff, 0xff, 0xff, 0xff, 0xff, 0xff, 0xff, 0xff, 0xff, 0x9f, 0xff, 0xff, 
  0xd8, 0xfc, 0xff, 0x12, 0xeb, 0xff, 0x54, 0xfb, 0xff, 0x34, 0xfb, 0xff, 
  0x34, 0xfb, 0xff, 0x54, 0xfb, 0xff, 0x33, 0xf3, 0xff, 0x35, 0xf4, 0xff, 
  0x9f, 0xff, 0xff, 0xff, 0xff, 0xff, 0xff, 0xff, 0xff, 0xff, 0xff, 0xff, 
  0xff, 0xff, 0xff, 0x5e, 0xff, 0xff, 0xd4, 0xe3, 0xff, 0x34, 0xfb, 0xff, 
  0x54, 0xfb, 0xff, 0x34, 0xfb, 0xff, 0x34, 0xfb, 0xff, 0x73, 0xe3, 0xff, 
  0xfd, 0xfe, 0xff, 0xff, 0xff, 0xff, 0xdf, 0xff, 0xff, 0xdf, 0xff, 0xff, 
  0xdf, 0xff, 0xff, 0x9f, 0xff, 0xff, 0x56, 0xfc, 0xff, 0x13, 0xf3, 0xff, 
  0x54, 0xfb, 0xff, 0x13, 0xfb, 0xff, 0x34, 0xfb, 0xff, 0x34, 0xfb, 0xff, 
  0x14, 0xfb, 0xff, 0x14, 0xfb, 0xff, 0x33, 0xfb, 0xff, 0x33, 0xfb, 0xff, 
  0x13, 0xfb, 0xff, 0xf3, 0xfa, 0xff, 0xd3, 0xfa, 0xff, 0xf2, 0xea, 0xff, 
  0xb6, 0xe4, 0x00, 0x9f, 0xff, 0x00, 0xdf, 0xff, 0x00, 0xff, 0xff, 0x00, 
  0xff, 0xff, 0x00, 0xbe, 0xf7, 0x00, 0x3c, 0xe7, 0x00, 0xbe, 0xf7, 0x00, 
  0xff, 0xff, 0x00, 0x3c, 0xe7, 0x00, 0x9e, 0xf7, 0x00, 0xff, 0xff, 0x00, 
  0xff, 0xff, 0x00, 0xbf, 0xff, 0x00, 0x5d, 0xfe, 0x00, 0x52, 0xdb, 0x00, 
  0x74, 0xf3, 0xff, 0x34, 0xfb, 0xff, 0x34, 0xfb, 0xff, 0x34, 0xfb, 0xff, 
  0x34, 0xfb, 0xff, 0x34, 0xfb, 0xff, 0x13, 0xfb, 0xff, 0x33, 0xfb, 0xff, 
  0x34, 0xfb, 0xff, 0x54, 0xfb, 0xff, 0x12, 0xe3, 0xff, 0x79, 0xfd, 0xff, 
  0xbf, 0xff, 0xff, 0xff, 0xff, 0xff, 0xff, 0xff, 0xff, 0xff, 0xff, 0xff, 
  0xdf, 0xff, 0xff, 0xfe, 0xfe, 0xff, 0x73, 0xdb, 0xff, 0x34, 0xfb, 0xff, 
  0x14, 0xfb, 0xff, 0x34, 0xfb, 0xff, 0x13, 0xfb, 0xff, 0x34, 0xfb, 0xff, 
  0x34, 0xfb, 0xff, 0x32, 0xeb, 0xff, 0xb6, 0xe4, 0xff, 0x9f, 0xff, 0xff, 
  0xdf, 0xff, 0xff, 0xff, 0xff, 0xff, 0xff, 0xff, 0xff, 0xbf, 0xff, 0xff, 
  0x7f, 0xff, 0xff, 0x55, 0xe4, 0xff, 0x32, 0xeb, 0xff, 0x13, 0xfb, 0xff, 
  0xf3, 0xfa, 0xff, 0x73, 0xeb, 0xff, 0x3f, 0xff, 0xff, 0xbf, 0xff, 0xff, 
  0xdf, 0xff, 0xff, 0xff, 0xff, 0xff, 0xff, 0xff, 0xff, 0xff, 0xff, 0xff, 
  0xbf, 0xff, 0xff, 0xbf, 0xff, 0xff, 0x9f, 0xff, 0xff, 0x9f, 0xff, 0xff, 
  0x9f, 0xff, 0xff, 0x7c, 0xfe, 0xff, 0x17, 0xf5, 0xff, 0x93, 0xe3, 0xff, 
  0x53, 0xfb, 0xff, 0xf3, 0xfa, 0xff, 0x13, 0xfb, 0xff, 0x34, 0xfb, 0xff, 
  0x14, 0xfb, 0xff, 0x73, 0xe3, 0xff, 0xdd, 0xfe, 0xff, 0xdf, 0xff, 0xff, 
  0xff, 0xff, 0xff, 0xff, 0xff, 0xff, 0xff, 0xff, 0xff, 0x9f, 0xff, 0xff, 
  0xd8, 0xfc, 0xff, 0x12, 0xeb, 0xff, 0x34, 0xfb, 0xff, 0x34, 0xfb, 0xff, 
  0x34, 0xfb, 0xff, 0x34, 0xfb, 0xff, 0x13, 0xf3, 0xff, 0x36, 0xf4, 0xff, 
  0x9f, 0xff, 0xff, 0xff, 0xff, 0xff, 0xff, 0xff, 0xff, 0xff, 0xff, 0xff, 
  0xff, 0xff, 0xff, 0x5e, 0xff, 0xff, 0xb4, 0xe3, 0xff, 0x14, 0xfb, 0xff, 
  0x34, 0xfb, 0xff, 0x14, 0xfb, 0xff, 0x14, 0xfb, 0xff, 0x73, 0xe3, 0xff, 
  0xbd, 0xfe, 0xff, 0xdf, 0xff, 0xff, 0xff, 0xff, 0xff, 0xff, 0xff, 0xff, 
  0xff, 0xff, 0xff, 0x9f, 0xff, 0xff, 0x36, 0xf4, 0xff, 0x33, 0xfb, 0xff, 
  0x34, 0xfb, 0xff, 0x13, 0xfb, 0xff, 0x34, 0xfb, 0xff, 0x13, 0xfb, 0xff, 
  0x14, 0xfb, 0xff, 0x14, 0xfb, 0xff, 0x33, 0xfb, 0xff, 0x33, 0xfb, 0xff, 
  0x33, 0xfb, 0xff, 0x13, 0xfb, 0xff, 0xf3, 0xfa, 0xff, 0xf2, 0xe2, 0xff, 
  0xb6, 0xe4, 0x00, 0x9f, 0xff, 0x00, 0xdf, 0xff, 0x00, 0xff, 0xff, 0x00, 
  0xff, 0xff, 0x00, 0xbe, 0xf7, 0x00, 0x1c, 0xe7, 0x00, 0xbe, 0xff, 0x00, 
  0xff, 0xff, 0x00, 0x3c, 0xe7, 0x00, 0x9e, 0xf7, 0x00, 0xff, 0xff, 0x00, 
  0xff, 0xff, 0x00, 0xbf, 0xff, 0x00, 0x5c, 0xfe, 0x00, 0x72, 0xdb, 0x00, 
  0x74, 0xf3, 0xff, 0x34, 0xfb, 0xff, 0x34, 0xfb, 0xff, 0x34, 0xfb, 0xff, 
  0x34, 0xfb, 0xff, 0x14, 0xfb, 0xff, 0x34, 0xfb, 0xff, 0x34, 0xfb, 0xff, 
  0x34, 0xfb, 0xff, 0x54, 0xf3, 0xff, 0x32, 0xe3, 0xff, 0xba, 0xfd, 0xff, 
  0xbf, 0xff, 0xff, 0xff, 0xf7, 0xff, 0xff, 0xff, 0xff, 0xff, 0xff, 0xff, 
  0xdf, 0xff, 0xff, 0xbd, 0xfe, 0xff, 0x73, 0xe3, 0xff, 0x34, 0xfb, 0xff, 
  0x14, 0xfb, 0xff, 0x13, 0xfb, 0xff, 0x34, 0xfb, 0xff, 0x34, 0xfb, 0xff, 
  0x34, 0xfb, 0xff, 0x32, 0xeb, 0xff, 0xb6, 0xec, 0xff, 0x9f, 0xff, 0xff, 
  0xdf, 0xff, 0xff, 0xff, 0xff, 0xff, 0xdf, 0xff, 0xff, 0xbf, 0xff, 0xff, 
  0x7f, 0xff, 0xff, 0x75, 0xe4, 0xff, 0x12, 0xe3, 0xff, 0x13, 0xfb, 0xff, 
  0x13, 0xfb, 0xff, 0xf1, 0xe2, 0xff, 0x96, 0xe4, 0xff, 0x7f, 0xff, 0xff, 
  0xbf, 0xff, 0xff, 0xdf, 0xff, 0xff, 0xdf, 0xff, 0xff, 0xff, 0xff, 0xff, 
  0xff, 0xff, 0xff, 0xff, 0xff, 0xff, 0xdf, 0xff, 0xff, 0xff, 0xff, 0xff, 
  0xff, 0xff, 0xff, 0xbf, 0xff, 0xff, 0x9f, 0xff, 0xff, 0x3c, 0xfe, 0xff, 
  0x93, 0xeb, 0xff, 0x74, 0xfb, 0xff, 0x33, 0xfb, 0xff, 0x33, 0xfb, 0xff, 
  0x14, 0xfb, 0xff, 0x73, 0xe3, 0xff, 0xbd, 0xfe, 0xff, 0xdf, 0xff, 0xff, 
  0xdf, 0xff, 0xff, 0xff, 0xff, 0xff, 0xff, 0xff, 0xff, 0x9f, 0xff, 0xff, 
  0xd8, 0xfc, 0xff, 0x12, 0xeb, 0xff, 0x34, 0xfb, 0xff, 0x34, 0xfb, 0xff, 
  0x14, 0xfb, 0xff, 0x34, 0xfb, 0xff, 0x13, 0xf3, 0xff, 0x36, 0xf4, 0xff, 
  0x9f, 0xff, 0xff, 0xff, 0xff, 0xff, 0xff, 0xff, 0xff, 0xff, 0xff, 0xff, 
  0xff, 0xff, 0xff, 0x5f, 0xff, 0xff, 0xb4, 0xeb, 0xff, 0x14, 0xfb, 0xff, 
  0x14, 0xfb, 0xff, 0x14, 0xfb, 0xff, 0x34, 0xfb, 0xff, 0x53, 0xe3, 0xff, 
  0xbd, 0xfe, 0xff, 0xbf, 0xff, 0xff, 0xbf, 0xff, 0xff, 0xdf, 0xff, 0xff, 
  0xdf, 0xff, 0xff, 0x9f, 0xff, 0xff, 0x36, 0xf4, 0xff, 0x13, 0xf3, 0xff, 
  0x34, 0xfb, 0xff, 0x33, 0xfb, 0xff, 0x54, 0xfb, 0xff, 0x33, 0xfb, 0xff, 
  0x14, 0xfb, 0xff, 0x14, 0xfb, 0xff, 0x33, 0xfb, 0xff, 0x33, 0xfb, 0xff, 
  0x33, 0xfb, 0xff, 0x13, 0xfb, 0xff, 0x13, 0xfb, 0xff, 0xf2, 0xe2, 0xff, 
  0xb6, 0xe4, 0x00, 0x9f, 0xff, 0x00, 0xdf, 0xff, 0x00, 0xff, 0xff, 0x00, 
  0xff, 0xff, 0x00, 0xbe, 0xf7, 0x00, 0x1c, 0xe7, 0x00, 0xbf, 0xff, 0x00, 
  0xff, 0xff, 0x00, 0x3c, 0xe7, 0x00, 0x9e, 0xf7, 0x00, 0xff, 0xff, 0x00, 
  0xff, 0xff, 0x00, 0xbf, 0xff, 0x00, 0x5c, 0xfe, 0x00, 0x73, 0xdb, 0x00, 
  0x74, 0xf3, 0xff, 0x34, 0xfb, 0xff, 0x34, 0xfb, 0xff, 0x14, 0xfb, 0xff, 
  0x34, 0xfb, 0xff, 0x14, 0xfb, 0xff, 0x34, 0xfb, 0xff, 0x34, 0xfb, 0xff, 
  0x34, 0xfb, 0xff, 0x54, 0xfb, 0xff, 0x32, 0xe3, 0xff, 0xba, 0xfd, 0xff, 
  0xbf, 0xff, 0xff, 0xdf, 0xff, 0xff, 0xff, 0xff, 0xff, 0xdf, 0xff, 0xff, 
  0xdf, 0xff, 0xff, 0x9d, 0xfe, 0xff, 0x73, 0xe3, 0xff, 0x34, 0xfb, 0xff, 
  0x14, 0xfb, 0xff, 0x13, 0xfb, 0xff, 0x33, 0xfb, 0xff, 0x33, 0xfb, 0xff, 
  0x34, 0xfb, 0xff, 0x32, 0xeb, 0xff, 0xb6, 0xe4, 0xff, 0x9f, 0xff, 0xff, 
  0xff, 0xff, 0xff, 0xff, 0xff, 0xff, 0xff, 0xff, 0xff, 0xdf, 0xff, 0xff, 
  0x9f, 0xff, 0xff, 0x75, 0xe4, 0xff, 0x12, 0xeb, 0xff, 0xf3, 0xfa, 0xff, 
  0xf2, 0xfa, 0xff, 0x33, 0xf3, 0xff, 0x12, 0xe3, 0xff, 0xd4, 0xdb, 0xff, 
  0xbd, 0xfe, 0xff, 0x9f, 0xff, 0xff, 0xbf, 0xff, 0xff, 0xdf, 0xff, 0xff, 
  0xff, 0xff, 0xff, 0xff, 0xff, 0xff, 0xff, 0xff, 0xff, 0xff, 0xff, 0xff, 
  0xff, 0xff, 0xff, 0xff, 0xff, 0xff, 0xdf, 0xff, 0xff, 0x7f, 0xff, 0xff, 
  0x5c, 0xfe, 0xff, 0x93, 0xdb, 0xff, 0x53, 0xf3, 0xff, 0x13, 0xfb, 0xff, 
  0x34, 0xfb, 0xff, 0x73, 0xe3, 0xff, 0xbd, 0xfe, 0xff, 0xdf, 0xff, 0xff, 
  0xdf, 0xff, 0xff, 0xff, 0xff, 0xff, 0xff, 0xff, 0xff, 0x9f, 0xff, 0xff, 
  0xf8, 0xfc, 0xff, 0x12, 0xeb, 0xff, 0x54, 0xfb, 0xff, 0x34, 0xfb, 0xff, 
  0x34, 0xfb, 0xff, 0x54, 0xfb, 0xff, 0x13, 0xf3, 0xff, 0x36, 0xf4, 0xff, 
  0x9f, 0xff, 0xff, 0xff, 0xff, 0xff, 0xff, 0xff, 0xff, 0xff, 0xff, 0xff, 
  0xff, 0xff, 0xff, 0x5e, 0xff, 0xff, 0x94, 0xeb, 0xff, 0xf4, 0xfa, 0xff, 
  0x14, 0xfb, 0xff, 0x34, 0xfb, 0xff, 0x14, 0xfb, 0xff, 0x32, 0xe3, 0xff, 
  0x9d, 0xfe, 0xff, 0xbf, 0xff, 0xff, 0xbf, 0xff, 0xff, 0xdf, 0xff, 0xff, 
  0xdf, 0xff, 0xff, 0x7f, 0xff, 0xff, 0x36, 0xf4, 0xff, 0xf2, 0xf2, 0xff, 
  0x54, 0xfb, 0xff, 0x34, 0xfb, 0xff, 0x33, 0xf3, 0xff, 0x54, 0xfb, 0xff, 
  0x34, 0xfb, 0xff, 0x14, 0xfb, 0xff, 0x13, 0xfb, 0xff, 0x13, 0xfb, 0xff, 
  0x33, 0xfb, 0xff, 0x13, 0xfb, 0xff, 0x13, 0xfb, 0xff, 0xf2, 0xe2, 0xff, 
  0xb6, 0xe4, 0x00, 0x9f, 0xff, 0x00, 0xdf, 0xff, 0x00, 0xff, 0xff, 0x00, 
  0xff, 0xff, 0x00, 0xbe, 0xf7, 0x00, 0x1c, 0xe7, 0x00, 0xbf, 0xff, 0x00, 
  0xff, 0xff, 0x00, 0x3c, 0xe7, 0x00, 0x9e, 0xf7, 0x00, 0xff, 0xff, 0x00, 
  0xff, 0xff, 0x00, 0xbf, 0xff, 0x00, 0x5d, 0xfe, 0x00, 0x73, 0xdb, 0x00, 
  0x54, 0xf3, 0xff, 0x34, 0xfb, 0xff, 0x14, 0xfb, 0xff, 0x14, 0xfb, 0xff, 
  0x14, 0xfb, 0xff, 0x14, 0xfb, 0xff, 0x33, 0xfb, 0xff, 0x33, 0xfb, 0xff, 
  0x34, 0xfb, 0xff, 0x54, 0xfb, 0xff, 0x32, 0xe3, 0xff, 0x7a, 0xfd, 0xff, 
  0xbf, 0xff, 0xff, 0xff, 0xff, 0xff, 0xff, 0xff, 0xff, 0xff, 0xff, 0xff, 
  0xdf, 0xff, 0xff, 0xbd, 0xfe, 0xff, 0x53, 0xe3, 0xff, 0x34, 0xfb, 0xff, 
  0x14, 0xfb, 0xff, 0x34, 0xfb, 0xff, 0x33, 0xfb, 0xff, 0x33, 0xfb, 0xff, 
  0x14, 0xfb, 0xff, 0x33, 0xeb, 0xff, 0x96, 0xe4, 0xff, 0x9f, 0xff, 0xff, 
  0xdf, 0xff, 0xff, 0xff, 0xff, 0xff, 0xff, 0xff, 0xff, 0xdf, 0xff, 0xff, 
  0x7f, 0xff, 0xff, 0x96, 0xe4, 0xff, 0xf2, 0xea, 0xff, 0xd3, 0xfa, 0xff, 
  0x13, 0xfb, 0xff, 0xf2, 0xf2, 0xff, 0x54, 0xfb, 0xff, 0x12, 0xe3, 0xff, 
  0x10, 0xc3, 0xff, 0x95, 0xdc, 0xff, 0x1b, 0xfe, 0xff, 0x3e, 0xff, 0xff, 
  0x9f, 0xff, 0xff, 0xdf, 0xff, 0xff, 0xdf, 0xff, 0xff, 0xdf, 0xff, 0xff, 
  0xff, 0xff, 0xff, 0xff, 0xff, 0xff, 0xff, 0xff, 0xff, 0xbf, 0xff, 0xff, 
  0x7f, 0xff, 0xff, 0x18, 0xf5, 0xff, 0x53, 0xeb, 0xff, 0x34, 0xfb, 0xff, 
  0x34, 0xfb, 0xff, 0x73, 0xe3, 0xff, 0xbd, 0xfe, 0xff, 0xdf, 0xff, 0xff, 
  0xdf, 0xff, 0xff, 0xff, 0xff, 0xff, 0xff, 0xff, 0xff, 0xbf, 0xff, 0xff, 
  0x38, 0xfd, 0xff, 0x32, 0xeb, 0xff, 0x54, 0xfb, 0xff, 0x34, 0xfb, 0xff, 
  0x34, 0xfb, 0xff, 0x54, 0xfb, 0xff, 0x33, 0xf3, 0xff, 0x56, 0xf4, 0xff, 
  0x9f, 0xff, 0xff, 0xff, 0xff, 0xff, 0xff, 0xff, 0xff, 0xff, 0xff, 0xff, 
  0xff, 0xff, 0xff, 0x3e, 0xff, 0xff, 0x74, 0xeb, 0xff, 0xd3, 0xfa, 0xff, 
  0x14, 0xfb, 0xff, 0x14, 0xfb, 0xff, 0x34, 0xfb, 0xff, 0x53, 0xeb, 0xff, 
  0xf8, 0xfc, 0xff, 0xfb, 0xfd, 0xff, 0x3b, 0xfe, 0xff, 0x3c, 0xfe, 0xff, 
  0x1b, 0xfe, 0xff, 0x9a, 0xfd, 0xff, 0xb4, 0xf3, 0xff, 0x33, 0xf3, 0xff, 
  0x34, 0xfb, 0xff, 0x34, 0xfb, 0xff, 0x34, 0xfb, 0xff, 0x13, 0xfb, 0xff, 
  0x34, 0xfb, 0xff, 0x14, 0xfb, 0xff, 0x13, 0xfb, 0xff, 0x13, 0xfb, 0xff, 
  0x33, 0xfb, 0xff, 0x33, 0xfb, 0xff, 0x14, 0xfb, 0xff, 0x12, 0xe3, 0xff, 
  0xb6, 0xe4, 0x00, 0x9f, 0xff, 0x00, 0xdf, 0xff, 0x00, 0xff, 0xff, 0x00, 
  0xff, 0xff, 0x00, 0xbe, 0xf7, 0x00, 0x1c, 0xe7, 0x00, 0xbe, 0xff, 0x00, 
  0xff, 0xff, 0x00, 0x3c, 0xe7, 0x00, 0x7e, 0xf7, 0x00, 0xff, 0xff, 0x00, 
  0xff, 0xff, 0x00, 0xbf, 0xff, 0x00, 0x9d, 0xfe, 0x00, 0x73, 0xdb, 0x00, 
  0x54, 0xf3, 0xff, 0x34, 0xfb, 0xff, 0x14, 0xfb, 0xff, 0x14, 0xfb, 0xff, 
  0x14, 0xfb, 0xff, 0x14, 0xfb, 0xff, 0x33, 0xfb, 0xff, 0x33, 0xfb, 0xff, 
  0x34, 0xfb, 0xff, 0x54, 0xfb, 0xff, 0x12, 0xeb, 0xff, 0xf8, 0xfc, 0xff, 
  0x9f, 0xff, 0xff, 0xff, 0xff, 0xff, 0xff, 0xff, 0xff, 0xff, 0xff, 0xff, 
  0xff, 0xff, 0xff, 0x1e, 0xff, 0xff, 0x94, 0xe3, 0xff, 0x14, 0xfb, 0xff, 
  0x14, 0xfb, 0xff, 0x34, 0xfb, 0xff, 0x13, 0xfb, 0xff, 0x33, 0xfb, 0xff, 
  0x34, 0xfb, 0xff, 0x33, 0xeb, 0xff, 0xd7, 0xec, 0xff, 0x9f, 0xff, 0xff, 
  0xdf, 0xff, 0xff, 0xff, 0xff, 0xff, 0xff, 0xff, 0xff, 0xdf, 0xff, 0xff, 
  0x7f, 0xff, 0xff, 0x35, 0xe4, 0xff, 0xf2, 0xea, 0xff, 0xf3, 0xfa, 0xff, 
  0xf3, 0xfa, 0xff, 0xf3, 0xfa, 0xff, 0xd3, 0xf2, 0xff, 0x34, 0xfb, 0xff, 
  0x53, 0xf3, 0xff, 0xf2, 0xe2, 0xff, 0xd1, 0xd2, 0xff, 0x32, 0xd3, 0xff, 
  0x15, 0xdc, 0xff, 0xda, 0xfd, 0xff, 0x1e, 0xff, 0xff, 0xdf, 0xff, 0xff, 
  0xdf, 0xff, 0xff, 0xff, 0xff, 0xff, 0xdf, 0xff, 0xff, 0xdf, 0xff, 0xff, 
  0xbf, 0xff, 0xff, 0x3c, 0xfe, 0xff, 0x33, 0xe3, 0xff, 0x14, 0xfb, 0xff, 
  0x34, 0xfb, 0xff, 0x53, 0xe3, 0xff, 0x9d, 0xfe, 0xff, 0xdf, 0xff, 0xff, 
  0xff, 0xff, 0xff, 0xff, 0xff, 0xff, 0xff, 0xff, 0xff, 0xbf, 0xff, 0xff, 
  0x59, 0xfd, 0xff, 0x32, 0xe3, 0xff, 0x34, 0xfb, 0xff, 0x14, 0xfb, 0xff, 
  0x14, 0xfb, 0xff, 0x34, 0xfb, 0xff, 0x13, 0xf3, 0xff, 0x56, 0xf4, 0xff, 
  0x9f, 0xff, 0xff, 0xff, 0xff, 0xff, 0xff, 0xff, 0xff, 0xff, 0xff, 0xff, 
  0xff, 0xff, 0xff, 0x5e, 0xff, 0xff, 0x93, 0xe3, 0xff, 0xf3, 0xfa, 0xff, 
  0x13, 0xfb, 0xff, 0x13, 0xfb, 0xff, 0x34, 0xfb, 0xff, 0x13, 0xf3, 0xff, 
  0xf1, 0xe2, 0xff, 0xf1, 0xd2, 0xff, 0x11, 0xdb, 0xff, 0xd0, 0xd2, 0xff, 
  0xf1, 0xda, 0xff, 0xf1, 0xe2, 0xff, 0x13, 0xf3, 0xff, 0x54, 0xfb, 0xff, 
  0x14, 0xfb, 0xff, 0x13, 0xfb, 0xff, 0x34, 0xfb, 0xff, 0x34, 0xfb, 0xff, 
  0x14, 0xfb, 0xff, 0x14, 0xfb, 0xff, 0x13, 0xfb, 0xff, 0x13, 0xfb, 0xff, 
  0x34, 0xfb, 0xff, 0x34, 0xfb, 0xff, 0x34, 0xfb, 0xff, 0x12, 0xe3, 0xff, 
  0xf7, 0xec, 0x00, 0x9f, 0xff, 0x00, 0xdf, 0xff, 0x00, 0xff, 0xff, 0x00, 
  0xff, 0xff, 0x00, 0xbe, 0xf7, 0x00, 0x1c, 0xe7, 0x00, 0xbe, 0xff, 0x00, 
  0xff, 0xff, 0x00, 0x3c, 0xe7, 0x00, 0x7d, 0xef, 0x00, 0xff, 0xff, 0x00, 
  0xff, 0xff, 0x00, 0xdf, 0xff, 0x00, 0xbe, 0xfe, 0x00, 0x93, 0xdb, 0x00, 
  0x54, 0xf3, 0xff, 0x34, 0xfb, 0xff, 0x13, 0xfb, 0xff, 0x14, 0xfb, 0xff, 
  0x14, 0xfb, 0xff, 0x14, 0xfb, 0xff, 0x33, 0xfb, 0xff, 0x33, 0xfb, 0xff, 
  0x34, 0xfb, 0xff, 0x34, 0xfb, 0xff, 0x13, 0xf3, 0xff, 0x56, 0xfc, 0xff, 
  0x9f, 0xff, 0xff, 0xff, 0xff, 0xff, 0xff, 0xff, 0xff, 0xff, 0xff, 0xff, 
  0xff, 0xff, 0xff, 0x7f, 0xff, 0xff, 0x15, 0xec, 0xff, 0x13, 0xf3, 0xff, 
  0x34, 0xfb, 0xff, 0x13, 0xfb, 0xff, 0x33, 0xfb, 0xff, 0x33, 0xfb, 0xff, 
  0x34, 0xfb, 0xff, 0x32, 0xe3, 0xff, 0x79, 0xfd, 0xff, 0x9f, 0xff, 0xff, 
  0xdf, 0xff, 0xff, 0xff, 0xff, 0xff, 0xff, 0xff, 0xff, 0xdf, 0xff, 0xff, 
  0x3f, 0xff, 0xff, 0xb3, 0xdb, 0xff, 0x13, 0xf3, 0xff, 0xf3, 0xfa, 0xff, 
  0xf3, 0xfa, 0xff, 0xf3, 0xfa, 0xff, 0xf3, 0xfa, 0xff, 0x13, 0xfb, 0xff, 
  0x14, 0xfb, 0xff, 0x34, 0xfb, 0xff, 0x14, 0xfb, 0xff, 0x33, 0xfb, 0xff, 
  0x12, 0xe3, 0xff, 0xf1, 0xca, 0xff, 0xd2, 0xc3, 0xff, 0x9c, 0xfe, 0xff, 
  0xbf, 0xff, 0xff, 0xff, 0xff, 0xff, 0xff, 0xff, 0xff, 0xff, 0xff, 0xff, 
  0xbf, 0xff, 0xff, 0xde, 0xfe, 0xff, 0x53, 0xe3, 0xff, 0x34, 0xfb, 0xff, 
  0x34, 0xfb, 0xff, 0x32, 0xe3, 0xff, 0x7c, 0xfe, 0xff, 0xbf, 0xff, 0xff, 
  0xff, 0xff, 0xff, 0xff, 0xff, 0xff, 0xff, 0xff, 0xff, 0xbf, 0xff, 0xff, 
  0xba, 0xfd, 0xff, 0x53, 0xe3, 0xff, 0x54, 0xfb, 0xff, 0x34, 0xfb, 0xff, 
  0x34, 0xfb, 0xff, 0x34, 0xfb, 0xff, 0x13, 0xf3, 0xff, 0x97, 0xfc, 0xff, 
  0x9f, 0xff, 0xff, 0xff, 0xff, 0xff, 0xff, 0xff, 0xff, 0xff, 0xff, 0xff, 
  0xff, 0xff, 0xff, 0x5e, 0xff, 0xff, 0x93, 0xe3, 0xff, 0xf3, 0xfa, 0xff, 
  0xf3, 0xfa, 0xff, 0x33, 0xfb, 0xff, 0x14, 0xfb, 0xff, 0x33, 0xfb, 0xff, 
  0x74, 0xfb, 0xff, 0x33, 0xeb, 0xff, 0x53, 0xeb, 0xff, 0x74, 0xf3, 0xff, 
  0x53, 0xeb, 0xff, 0x53, 0xf3, 0xff, 0x54, 0xfb, 0xff, 0x13, 0xfb, 0xff, 
  0x34, 0xfb, 0xff, 0x14, 0xfb, 0xff, 0x13, 0xfb, 0xff, 0x14, 0xfb, 0xff, 
  0x14, 0xfb, 0xff, 0x13, 0xfb, 0xff, 0x13, 0xfb, 0xff, 0x13, 0xfb, 0xff, 
  0x34, 0xfb, 0xff, 0x34, 0xfb, 0xff, 0x14, 0xfb, 0xff, 0x12, 0xe3, 0xff, 
  0x17, 0xed, 0x00, 0xbf, 0xff, 0x00, 0xdf, 0xff, 0x00, 0xff, 0xff, 0x00, 
  0xff, 0xff, 0x00, 0xbe, 0xf7, 0x00, 0x3c, 0xe7, 0x00, 0xdf, 0xff, 0x00, 
  0xdf, 0xff, 0x00, 0x5d, 0xef, 0x00, 0x7d, 0xef, 0x00, 0xff, 0xff, 0x00, 
  0xff, 0xff, 0x00, 0xbf, 0xff, 0x00, 0xff, 0xfe, 0x00, 0xd3, 0xdb, 0x00, 
  0x54, 0xf3, 0xff, 0x13, 0xfb, 0xff, 0x34, 0xfb, 0xff, 0x34, 0xfb, 0xff, 
  0x13, 0xfb, 0xff, 0x34, 0xfb, 0xff, 0x13, 0xfb, 0xff, 0x33, 0xfb, 0xff, 
  0x33, 0xfb, 0xff, 0x33, 0xfb, 0xff, 0x33, 0xfb, 0xff, 0x93, 0xe3, 0xff, 
  0x5f, 0xff, 0xff, 0xff, 0xff, 0xff, 0xdf, 0xff, 0xff, 0xff, 0xff, 0xff, 
  0xff, 0xff, 0xff, 0xbf, 0xff, 0xff, 0xf8, 0xf4, 0xff, 0x12, 0xe3, 0xff, 
  0x54, 0xfb, 0xff, 0x34, 0xfb, 0xff, 0x14, 0xfb, 0xff, 0x13, 0xfb, 0xff, 
  0x54, 0xfb, 0xff, 0x52, 0xdb, 0xff, 0x7c, 0xfe, 0xff, 0xdf, 0xff, 0xff, 
  0xdf, 0xff, 0xff, 0xff, 0xff, 0xff, 0xff, 0xff, 0xff, 0x9f, 0xff, 0xff, 
  0x7d, 0xfe, 0xff, 0x32, 0xd3, 0xff, 0x33, 0xf3, 0xff, 0xf3, 0xfa, 0xff, 
  0xf3, 0xfa, 0xff, 0xf3, 0xfa, 0xff, 0x13, 0xfb, 0xff, 0xf3, 0xfa, 0xff, 
  0x13, 0xfb, 0xff, 0x14, 0xfb, 0xff, 0x34, 0xfb, 0xff, 0x34, 0xfb, 0xff, 
  0x34, 0xf3, 0xff, 0x94, 0xf3, 0xff, 0x32, 0xdb, 0xff, 0xb6, 0xe4, 0xff, 
  0xdf, 0xff, 0xff, 0xff, 0xff, 0xff, 0xff, 0xff, 0xff, 0xdf, 0xff, 0xff, 
  0xdf, 0xff, 0xff, 0xbd, 0xfe, 0xff, 0x73, 0xe3, 0xff, 0x33, 0xfb, 0xff, 
  0x34, 0xfb, 0xff, 0x12, 0xe3, 0xff, 0x3b, 0xfe, 0xff, 0xdf, 0xff, 0xff, 
  0xff, 0xff, 0xff, 0xff, 0xff, 0xff, 0xff, 0xff, 0xff, 0xbf, 0xff, 0xff, 
  0xbd, 0xfe, 0xff, 0xb3, 0xdb, 0xff, 0x53, 0xf3, 0xff, 0x34, 0xfb, 0xff, 
  0x34, 0xfb, 0xff, 0x34, 0xfb, 0xff, 0x13, 0xf3, 0xff, 0xb8, 0xfc, 0xff, 
  0x9f, 0xff, 0xff, 0xff, 0xff, 0xff, 0xff, 0xff, 0xff, 0xff, 0xff, 0xff, 
  0xff, 0xff, 0xff, 0x3f, 0xff, 0xff, 0x93, 0xeb, 0xff, 0xf3, 0xfa, 0xff, 
  0xf3, 0xfa, 0xff, 0x13, 0xfb, 0xff, 0x33, 0xfb, 0xff, 0x53, 0xf3, 0xff, 
  0x94, 0xeb, 0xff, 0xf4, 0xe3, 0xff, 0x14, 0xe4, 0xff, 0xf4, 0xdb, 0xff, 
  0x14, 0xdc, 0xff, 0xd4, 0xe3, 0xff, 0x33, 0xf3, 0xff, 0x34, 0xfb, 0xff, 
  0x14, 0xfb, 0xff, 0x14, 0xfb, 0xff, 0x34, 0xfb, 0xff, 0x34, 0xfb, 0xff, 
  0x13, 0xfb, 0xff, 0x13, 0xfb, 0xff, 0x13, 0xfb, 0xff, 0x33, 0xfb, 0xff, 
  0x34, 0xfb, 0xff, 0x34, 0xfb, 0xff, 0x14, 0xfb, 0xff, 0x13, 0xeb, 0xff, 
  0x99, 0xf5, 0x00, 0xbf, 0xff, 0x00, 0xdf, 0xff, 0x00, 0xff, 0xff, 0x00, 
  0xff, 0xff, 0x00, 0x9e, 0xf7, 0x00, 0x3c, 0xe7, 0x00, 0xdf, 0xff, 0x00, 
  0xff, 0xff, 0x00, 0x7d, 0xef, 0x00, 0x7d, 0xef, 0x00, 0xff, 0xff, 0x00, 
  0xff, 0xff, 0x00, 0xdf, 0xff, 0x00, 0x3f, 0xff, 0x00, 0x14, 0xe4, 0x00, 
  0x53, 0xf3, 0xff, 0x13, 0xfb, 0xff, 0x34, 0xfb, 0xff, 0x34, 0xfb, 0xff, 
  0x34, 0xfb, 0xff, 0x34, 0xfb, 0xff, 0x13, 0xfb, 0xff, 0x13, 0xfb, 0xff, 
  0x13, 0xfb, 0xff, 0x33, 0xfb, 0xff, 0x33, 0xfb, 0xff, 0x32, 0xdb, 0xff, 
  0x5c, 0xfe, 0xff, 0x9f, 0xff, 0xff, 0xdf, 0xff, 0xff, 0xff, 0xff, 0xff, 
  0xff, 0xff, 0xff, 0xbf, 0xff, 0xff, 0xbd, 0xfe, 0xff, 0xb3, 0xdb, 0xff, 
  0x53, 0xeb, 0xff, 0x33, 0xf3, 0xff, 0x54, 0xfb, 0xff, 0x53, 0xf3, 0xff, 
  0x32, 0xe3, 0xff, 0x96, 0xec, 0xff, 0x9f, 0xff, 0xff, 0xff, 0xff, 0xff, 
  0xdf, 0xff, 0xff, 0xff, 0xff, 0xff, 0xdf, 0xff, 0xff, 0x9f, 0xff, 0xff, 
  0xf8, 0xfc, 0xff, 0xf1, 0xda, 0xff, 0x13, 0xfb, 0xff, 0x13, 0xfb, 0xff, 
  0xf3, 0xfa, 0xff, 0xf2, 0xfa, 0xff, 0x12, 0xeb, 0xff, 0x12, 0xe3, 0xff, 
  0x13, 0xf3, 0xff, 0x54, 0xfb, 0xff, 0x34, 0xf3, 0xff, 0x34, 0xf3, 0xff, 
  0x74, 0xf3, 0xff, 0x54, 0xeb, 0xff, 0x32, 0xdb, 0xff, 0x59, 0xfd, 0xff, 
  0xbf, 0xff, 0xff, 0xff, 0xff, 0xff, 0xff, 0xff, 0xff, 0xdf, 0xff, 0xff, 
  0xdf, 0xff, 0xff, 0x9c, 0xfe, 0xff, 0x53, 0xe3, 0xff, 0x33, 0xfb, 0xff, 
  0x13, 0xfb, 0xff, 0x33, 0xeb, 0xff, 0xba, 0xfd, 0xff, 0xbf, 0xff, 0xff, 
  0xdf, 0xff, 0xff, 0xff, 0xff, 0xff, 0xdf, 0xff, 0xff, 0xdf, 0xff, 0xff, 
  0x9f, 0xff, 0xff, 0x38, 0xed, 0xff, 0x52, 0xdb, 0xff, 0x53, 0xeb, 0xff, 
  0x33, 0xeb, 0xff, 0x74, 0xf3, 0xff, 0x12, 0xdb, 0xff, 0xf7, 0xf4, 0xff, 
  0xbf, 0xff, 0xff, 0xff, 0xff, 0xff, 0xff, 0xff, 0xff, 0xff, 0xff, 0xff, 
  0xdf, 0xff, 0xff, 0x5f, 0xff, 0xff, 0x73, 0xeb, 0xff, 0xd2, 0xfa, 0xff, 
  0x13, 0xfb, 0xff, 0xf3, 0xfa, 0xff, 0x13, 0xf3, 0xff, 0xd5, 0xfb, 0xff, 
  0x7e, 0xfe, 0xff, 0xff, 0xfe, 0xff, 0x3f, 0xff, 0xff, 0x3f, 0xff, 0xff, 
  0x3f, 0xff, 0xff, 0xde, 0xfe, 0xff, 0xf9, 0xfc, 0xff, 0x13, 0xf3, 0xff, 
  0x34, 0xfb, 0xff, 0x14, 0xfb, 0xff, 0x34, 0xfb, 0xff, 0x34, 0xfb, 0xff, 
  0x14, 0xfb, 0xff, 0x33, 0xfb, 0xff, 0x33, 0xfb, 0xff, 0x33, 0xfb, 0xff, 
  0x34, 0xfb, 0xff, 0x34, 0xfb, 0xff, 0x14, 0xfb, 0xff, 0x33, 0xeb, 0xff, 
  0xda, 0xf5, 0x00, 0xbf, 0xff, 0x00, 0xdf, 0xff, 0x00, 0xff, 0xff, 0x00, 
  0xff, 0xff, 0x00, 0x9e, 0xf7, 0x00, 0x3c, 0xe7, 0x00, 0xff, 0xff, 0x00, 
  0xff, 0xff, 0x00, 0x7d, 0xef, 0x00, 0x5d, 0xef, 0x00, 0xff, 0xff, 0x00, 
  0xff, 0xff, 0x00, 0xdf, 0xff, 0x00, 0x7f, 0xff, 0x00, 0x75, 0xe4, 0x00, 
  0x33, 0xf3, 0xff, 0x14, 0xfb, 0xff, 0x34, 0xfb, 0xff, 0x34, 0xfb, 0xff, 
  0x34, 0xfb, 0xff, 0x13, 0xfb, 0xff, 0x13, 0xfb, 0xff, 0x14, 0xfb, 0xff, 
  0x13, 0xfb, 0xff, 0x34, 0xfb, 0xff, 0x54, 0xfb, 0xff, 0x32, 0xe3, 0xff, 
  0x55, 0xe4, 0xff, 0x7f, 0xff, 0xff, 0xbf, 0xff, 0xff, 0xdf, 0xff, 0xff, 
  0xff, 0xff, 0xff, 0xdf, 0xff, 0xff, 0x9f, 0xff, 0xff, 0x1b, 0xfe, 0xff, 
  0xd4, 0xdb, 0xff, 0x93, 0xe3, 0xff, 0x52, 0xdb, 0xff, 0x93, 0xdb, 0xff, 
  0x96, 0xe4, 0xff, 0x1e, 0xff, 0xff, 0xdf, 0xff, 0xff, 0xdf, 0xf7, 0xff, 
  0xff, 0xff, 0xff, 0xff, 0xff, 0xff, 0xbf, 0xff, 0xff, 0x3f, 0xff, 0xff, 
  0x73, 0xdb, 0xff, 0x13, 0xf3, 0xff, 0x13, 0xfb, 0xff, 0xf3, 0xfa, 0xff, 
  0xf3, 0xfa, 0xff, 0x74, 0xf3, 0xff, 0xdb, 0xfd, 0xff, 0x38, 0xf5, 0xff, 
  0x14, 0xdc, 0xff, 0xb3, 0xdb, 0xff, 0x93, 0xdb, 0xff, 0x93, 0xe3, 0xff, 
  0xb3, 0xdb, 0xff, 0xf4, 0xdb, 0xff, 0x17, 0xe5, 0xff, 0x5f, 0xff, 0xff, 
  0xdf, 0xff, 0xff, 0xff, 0xff, 0xff, 0xdf, 0xff, 0xff, 0xdf, 0xff, 0xff, 
  0xbf, 0xff, 0xff, 0xba, 0xfd, 0xff, 0x33, 0xe3, 0xff, 0x34, 0xfb, 0xff, 
  0x13, 0xfb, 0xff, 0x53, 0xeb, 0xff, 0x35, 0xe4, 0xff, 0x7f, 0xff, 0xff, 
  0xbf, 0xff, 0xff, 0xdf, 0xff, 0xff, 0xff, 0xff, 0xff, 0xdf, 0xff, 0xff, 
  0xbf, 0xff, 0xff, 0xbf, 0xff, 0xff, 0xfa, 0xfd, 0xff, 0xb6, 0xe4, 0xff, 
  0x34, 0xdc, 0xff, 0x35, 0xe4, 0xff, 0x34, 0xd4, 0xff, 0xfa, 0xfd, 0xff, 
  0xbf, 0xff, 0xff, 0xff, 0xff, 0xff, 0xff, 0xff, 0xff, 0xff, 0xff, 0xff, 
  0xff, 0xff, 0xff, 0x7f, 0xff, 0xff, 0x73, 0xe3, 0xff, 0xf3, 0xfa, 0xff, 
  0xf3, 0xfa, 0xff, 0x13, 0xfb, 0xff, 0x13, 0xf3, 0xff, 0x15, 0xf4, 0xff, 
  0x5f, 0xff, 0xff, 0xbf, 0xff, 0xff, 0xdf, 0xff, 0xff, 0xdf, 0xff, 0xff, 
  0xbf, 0xff, 0xff, 0x9f, 0xff, 0xff, 0xbb, 0xfd, 0xff, 0x12, 0xe3, 0xff, 
  0x54, 0xfb, 0xff, 0x34, 0xfb, 0xff, 0x14, 0xfb, 0xff, 0x13, 0xfb, 0xff, 
  0x13, 0xfb, 0xff, 0x34, 0xfb, 0xff, 0x33, 0xfb, 0xff, 0x33, 0xfb, 0xff, 
  0x13, 0xfb, 0xff, 0x14, 0xfb, 0xff, 0x34, 0xfb, 0xff, 0x53, 0xe3, 0x00, 
  0x5b, 0xfe, 0x00, 0xdf, 0xff, 0x00, 0xdf, 0xff, 0x00, 0xff, 0xff, 0x00, 
  0xff, 0xff, 0x00, 0x7d, 0xef, 0x00, 0x5d, 0xe7, 0x00, 0xff, 0xff, 0x00, 
  0xff, 0xff, 0x00, 0x7d, 0xef, 0x00, 0x3c, 0xe7, 0x00, 0xff, 0xff, 0x00, 
  0xff, 0xff, 0x00, 0xdf, 0xff, 0x00, 0x9f, 0xff, 0x00, 0xd7, 0xec, 0x00, 
  0x33, 0xeb, 0xff, 0x34, 0xfb, 0xff, 0x34, 0xfb, 0xff, 0x34, 0xfb, 0xff, 
  0x34, 0xfb, 0xff, 0x13, 0xfb, 0xff, 0x34, 0xfb, 0xff, 0x34, 0xfb, 0xff, 
  0x14, 0xfb, 0xff, 0x34, 0xfb, 0xff, 0x13, 0xfb, 0xff, 0x74, 0xf3, 0xff, 
  0x32, 0xdb, 0xff, 0x1c, 0xfe, 0xff, 0x9f, 0xff, 0xff, 0xbf, 0xff, 0xff, 
  0xff, 0xff, 0xff, 0xdf, 0xff, 0xff, 0xdf, 0xff, 0xff, 0x9f, 0xff, 0xff, 
  0x1f, 0xff, 0xff, 0x3b, 0xfe, 0xff, 0x1c, 0xfe, 0xff, 0x9d, 0xfe, 0xff, 
  0x7f, 0xff, 0xff, 0xbf, 0xff, 0xff, 0xff, 0xff, 0xff, 0xff, 0xff, 0xff, 
  0xff, 0xff, 0xff, 0xbf, 0xff, 0xff, 0x9f, 0xff, 0xff, 0x38, 0xed, 0xff, 
  0xf1, 0xda, 0xff, 0x33, 0xfb, 0xff, 0xf3, 0xfa, 0xff, 0x13, 0xfb, 0xff, 
  0x13, 0xf3, 0xff, 0x77, 0xfc, 0xff, 0x5f, 0xff, 0xff, 0x9f, 0xff, 0xff, 
  0x7f, 0xff, 0xff, 0xde, 0xfe, 0xff, 0x9d, 0xfe, 0xff, 0x7d, 0xfe, 0xff, 
  0x7d, 0xfe, 0xff, 0x1f, 0xff, 0xff, 0x9f, 0xff, 0xff, 0xdf, 0xff, 0xff, 
  0xff, 0xff, 0xff, 0xff, 0xff, 0xff, 0xff, 0xff, 0xff, 0xbf, 0xff, 0xff, 
  0x7f, 0xff, 0xff, 0x35, 0xe4, 0xff, 0x33, 0xeb, 0xff, 0x34, 0xfb, 0xff, 
  0x34, 0xfb, 0xff, 0x74, 0xfb, 0xff, 0x32, 0xdb, 0xff, 0xfb, 0xfd, 0xff, 
  0x9f, 0xff, 0xff, 0xdf, 0xff, 0xff, 0xff, 0xff, 0xff, 0xff, 0xff, 0xff, 
  0xff, 0xff, 0xff, 0xff, 0xff, 0xff, 0xbf, 0xff, 0xff, 0x9f, 0xff, 0xff, 
  0x3e, 0xff, 0xff, 0x3f, 0xff, 0xff, 0x9f, 0xff, 0xff, 0x9f, 0xff, 0xff, 
  0xff, 0xff, 0xff, 0xff, 0xff, 0xff, 0xff, 0xff, 0xff, 0xff, 0xff, 0xff, 
  0xff, 0xff, 0xff, 0x3e, 0xff, 0xff, 0x93, 0xeb, 0xff, 0xf3, 0xfa, 0xff, 
  0xf3, 0xfa, 0xff, 0x13, 0xfb, 0xff, 0x12, 0xf3, 0xff, 0x56, 0xf4, 0xff, 
  0x9f, 0xff, 0xff, 0xdf, 0xff, 0xff, 0xff, 0xff, 0xff, 0xff, 0xff, 0xff, 
  0xff, 0xff, 0xff, 0xbf, 0xff, 0xff, 0xdb, 0xfd, 0xff, 0x53, 0xe3, 0xff, 
  0x54, 0xfb, 0xff, 0x34, 0xfb, 0xff, 0x34, 0xfb, 0xff, 0x34, 0xfb, 0xff, 
  0x13, 0xfb, 0xff, 0x33, 0xfb, 0xff, 0x33, 0xfb, 0xff, 0x33, 0xfb, 0xff, 
  0x13, 0xfb, 0xff, 0x14, 0xfb, 0xff, 0x34, 0xfb, 0xff, 0x73, 0xe3, 0x00, 
  0xdd, 0xfe, 0x00, 0xdf, 0xff, 0x00, 0xdf, 0xff, 0x00, 0xff, 0xff, 0x00, 
  0xff, 0xff, 0x00, 0x5d, 0xef, 0x00, 0x7d, 0xef, 0x00, 0xff, 0xff, 0x00, 
  0xff, 0xff, 0x00, 0x9e, 0xf7, 0x00, 0x3c, 0xe7, 0x00, 0xff, 0xff, 0x00, 
  0xff, 0xff, 0x00, 0xdf, 0xff, 0x00, 0xbf, 0xff, 0x00, 0x79, 0xf5, 0x00, 
  0x12, 0xeb, 0xff, 0x34, 0xfb, 0xff, 0x14, 0xfb, 0xff, 0x14, 0xfb, 0xff, 
  0x14, 0xfb, 0xff, 0x14, 0xfb, 0xff, 0x34, 0xfb, 0xff, 0x34, 0xfb, 0xff, 
  0x14, 0xfb, 0xff, 0x14, 0xfb, 0xff, 0x34, 0xfb, 0xff, 0x54, 0xfb, 0xff, 
  0x13, 0xf3, 0xff, 0x73, 0xdb, 0xff, 0x1e, 0xff, 0xff, 0xdf, 0xff, 0xff, 
  0xff, 0xff, 0xff, 0xff, 0xff, 0xff, 0xff, 0xff, 0xff, 0xdf, 0xff, 0xff, 
  0xdf, 0xff, 0xff, 0xdf, 0xff, 0xff, 0xdf, 0xff, 0xff, 0xdf, 0xff, 0xff, 
  0xdf, 0xff, 0xff, 0xbf, 0xff, 0xff, 0xff, 0xff, 0xff, 0xff, 0xff, 0xff, 
  0xdf, 0xff, 0xff, 0xbf, 0xff, 0xff, 0x3c, 0xfe, 0xff, 0xf1, 0xca, 0xff, 
  0x33, 0xf3, 0xff, 0xf2, 0xfa, 0xff, 0xd2, 0xfa, 0xff, 0x33, 0xfb, 0xff, 
  0x12, 0xe3, 0xff, 0xdb, 0xfd, 0xff, 0x9f, 0xff, 0xff, 0xbf, 0xff, 0xff, 
  0xdf, 0xff, 0xff, 0xbf, 0xff, 0xff, 0xbf, 0xff, 0xff, 0xbf, 0xff, 0xff, 
  0xdf, 0xff, 0xff, 0xdf, 0xff, 0xff, 0xdf, 0xff, 0xff, 0xdf, 0xff, 0xff, 
  0xff, 0xff, 0xff, 0xdf, 0xff, 0xff, 0xff, 0xff, 0xff, 0x9f, 0xff, 0xff, 
  0x59, 0xfd, 0xff, 0x12, 0xdb, 0xff, 0x54, 0xfb, 0xff, 0x34, 0xfb, 0xff, 
  0x34, 0xfb, 0xff, 0x34, 0xfb, 0xff, 0x33, 0xf3, 0xff, 0xd4, 0xeb, 0xff, 
  0x3f, 0xff, 0xff, 0xbf, 0xff, 0xff, 0xff, 0xff, 0xff, 0xff, 0xff, 0xff, 
  0xff, 0xff, 0xff, 0xff, 0xff, 0xff, 0xdf, 0xff, 0xff, 0xff, 0xff, 0xff, 
  0xdf, 0xff, 0xff, 0xdf, 0xff, 0xff, 0xdf, 0xff, 0xff, 0xff, 0xff, 0xff, 
  0xff, 0xff, 0xff, 0xff, 0xff, 0xff, 0xff, 0xff, 0xff, 0xff, 0xff, 0xff, 
  0xdf, 0xff, 0xff, 0x5f, 0xff, 0xff, 0xb4, 0xeb, 0xff, 0xf2, 0xfa, 0xff, 
  0x13, 0xfb, 0xff, 0x13, 0xfb, 0xff, 0xf2, 0xf2, 0xff, 0x56, 0xf4, 0xff, 
  0x9f, 0xff, 0xff, 0xff, 0xff, 0xff, 0xff, 0xff, 0xff, 0xff, 0xff, 0xff, 
  0xff, 0xff, 0xff, 0x9f, 0xff, 0xff, 0xdb, 0xfd, 0xff, 0x53, 0xe3, 0xff, 
  0x54, 0xf3, 0xff, 0x34, 0xfb, 0xff, 0x34, 0xfb, 0xff, 0x34, 0xfb, 0xff, 
  0x14, 0xfb, 0xff, 0x34, 0xfb, 0xff, 0x13, 0xfb, 0xff, 0x34, 0xfb, 0xff, 
  0x14, 0xfb, 0xff, 0x34, 0xfb, 0xff, 0x14, 0xfb, 0xff, 0xd5, 0xeb, 0x00, 
  0x5f, 0xff, 0x00, 0xdf, 0xff, 0x00, 0xdf, 0xff, 0x00, 0xff, 0xff, 0x00, 
  0xff, 0xff, 0x00, 0x3c, 0xe7, 0x00, 0x7d, 0xef, 0x00, 0xff, 0xff, 0x00, 
  0xff, 0xff, 0x00, 0xbe, 0xf7, 0x00, 0x3c, 0xe7, 0x00, 0xbe, 0xf7, 0x00, 
  0xff, 0xff, 0x00, 0xff, 0xff, 0x00, 0xbf, 0xff, 0x00, 0x1b, 0xfe, 0x00, 
  0x32, 0xe3, 0xff, 0x13, 0xfb, 0xff, 0x34, 0xfb, 0xff, 0x14, 0xfb, 0xff, 
  0x34, 0xfb, 0xff, 0x34, 0xfb, 0xff, 0x34, 0xfb, 0xff, 0x33, 0xfb, 0xff, 
  0x34, 0xfb, 0xff, 0x34, 0xfb, 0xff, 0x14, 0xfb, 0xff, 0x34, 0xfb, 0xff, 
  0x34, 0xfb, 0xff, 0x32, 0xeb, 0xff, 0xd3, 0xcb, 0xff, 0xfd, 0xfe, 0xff, 
  0xbf, 0xff, 0xff, 0xdf, 0xff, 0xff, 0xdf, 0xff, 0xff, 0xdf, 0xff, 0xff, 
  0xff, 0xff, 0xff, 0xff, 0xff, 0xff, 0xff, 0xff, 0xff, 0xff, 0xff, 0xff, 
  0xdf, 0xff, 0xff, 0xff, 0xff, 0xff, 0xdf, 0xff, 0xff, 0xdf, 0xff, 0xff, 
  0xbf, 0xff, 0xff, 0x3b, 0xfe, 0xff, 0x11, 0xcb, 0xff, 0x12, 0xeb, 0xff, 
  0x13, 0xfb, 0xff, 0x13, 0xfb, 0xff, 0xf3, 0xfa, 0xff, 0x13, 0xf3, 0xff, 
  0x73, 0xe3, 0xff, 0x9e, 0xfe, 0xff, 0x9f, 0xff, 0xff, 0xdf, 0xff, 0xff, 
  0xff, 0xff, 0xff, 0xff, 0xff, 0xff, 0xff, 0xff, 0xff, 0xff, 0xff, 0xff, 
  0xff, 0xff, 0xff, 0xff, 0xff, 0xff, 0xdf, 0xff, 0xff, 0xbf, 0xff, 0xff, 
  0xbf, 0xff, 0xff, 0xbf, 0xff, 0xff, 0x9f, 0xff, 0xff, 0xba, 0xfd, 0xff, 
  0x11, 0xd3, 0xff, 0x54, 0xfb, 0xff, 0x14, 0xfb, 0xff, 0xf3, 0xfa, 0xff, 
  0x14, 0xfb, 0xff, 0x34, 0xfb, 0xff, 0x34, 0xfb, 0xff, 0xf2, 0xe2, 0xff, 
  0x76, 0xe4, 0xff, 0x5f, 0xff, 0xff, 0xbf, 0xff, 0xff, 0xdf, 0xff, 0xff, 
  0xdf, 0xff, 0xff, 0xff, 0xff, 0xff, 0xff, 0xff, 0xff, 0xff, 0xff, 0xff, 
  0xff, 0xff, 0xff, 0xff, 0xff, 0xff, 0xff, 0xff, 0xff, 0xff, 0xff, 0xff, 
  0xff, 0xff, 0xff, 0xff, 0xff, 0xff, 0xdf, 0xff, 0xff, 0xbf, 0xff, 0xff, 
  0xdf, 0xff, 0xff, 0x3f, 0xff, 0xff, 0x73, 0xe3, 0xff, 0x13, 0xfb, 0xff, 
  0x13, 0xfb, 0xff, 0x13, 0xfb, 0xff, 0xf2, 0xf2, 0xff, 0x35, 0xf4, 0xff, 
  0x9f, 0xff, 0xff, 0xdf, 0xff, 0xff, 0xdf, 0xff, 0xff, 0xdf, 0xff, 0xff, 
  0xbf, 0xff, 0xff, 0x9f, 0xff, 0xff, 0xdb, 0xfd, 0xff, 0x32, 0xe3, 0xff, 
  0x74, 0xf3, 0xff, 0x34, 0xfb, 0xff, 0x54, 0xfb, 0xff, 0x14, 0xfb, 0xff, 
  0x14, 0xfb, 0xff, 0x13, 0xfb, 0xff, 0x14, 0xfb, 0xff, 0x14, 0xfb, 0xff, 
  0x14, 0xfb, 0xff, 0x34, 0xfb, 0xff, 0x13, 0xf3, 0xff, 0x77, 0xf4, 0x00, 
  0x9f, 0xff, 0x00, 0xff, 0xff, 0x00, 0xff, 0xff, 0x00, 0xff, 0xff, 0x00, 
  0xdf, 0xff, 0x00, 0x3c, 0xe7, 0x00, 0x9e, 0xf7, 0x00, 0xff, 0xff, 0x00, 
  0xff, 0xff, 0x00, 0xdf, 0xff, 0x00, 0x3c, 0xe7, 0x00, 0x9e, 0xf7, 0x00, 
  0xff, 0xff, 0x00, 0xff, 0xff, 0x00, 0xdf, 0xff, 0x00, 0xdd, 0xfe, 0x00, 
  0x73, 0xeb, 0x00, 0x13, 0xfb, 0xff, 0x14, 0xfb, 0xff, 0x14, 0xfb, 0xff, 
  0x14, 0xfb, 0xff, 0x34, 0xfb, 0xff, 0x33, 0xfb, 0xff, 0x54, 0xfb, 0xff, 
  0x34, 0xfb, 0xff, 0x34, 0xfb, 0xff, 0x34, 0xfb, 0xff, 0x14, 0xfb, 0xff, 
  0x14, 0xfb, 0xff, 0x54, 0xfb, 0xff, 0x32, 0xdb, 0xff, 0x72, 0xd3, 0xff, 
  0xda, 0xfd, 0xff, 0x7f, 0xff, 0xff, 0xbf, 0xff, 0xff, 0xbf, 0xff, 0xff, 
  0xff, 0xff, 0xff, 0xff, 0xff, 0xff, 0xff, 0xff, 0xff, 0xff, 0xff, 0xff, 
  0xdf, 0xff, 0xff, 0xdf, 0xff, 0xff, 0x7f, 0xff, 0xff, 0x3f, 0xff, 0xff, 
  0xf7, 0xf4, 0xff, 0xd0, 0xca, 0xff, 0x12, 0xf3, 0xff, 0x13, 0xfb, 0xff, 
  0xf3, 0xfa, 0xff, 0xf3, 0xfa, 0xff, 0xf3, 0xfa, 0xff, 0x13, 0xf3, 0xff, 
  0x93, 0xeb, 0xff, 0xff, 0xfe, 0xff, 0x7f, 0xff, 0xff, 0xdf, 0xff, 0xff, 
  0xdf, 0xff, 0xff, 0xdf, 0xff, 0xff, 0xdf, 0xff, 0xff, 0xff, 0xff, 0xff, 
  0xff, 0xff, 0xff, 0xff, 0xff, 0xff, 0xdf, 0xff, 0xff, 0xbf, 0xff, 0xff, 
  0x9f, 0xff, 0xff, 0xbd, 0xfe, 0xff, 0x55, 0xec, 0xff, 0xf1, 0xd2, 0xff, 
  0x53, 0xf3, 0xff, 0x33, 0xfb, 0xff, 0x54, 0xfb, 0xff, 0x14, 0xfb, 0xff, 
  0x14, 0xfb, 0xff, 0x34, 0xfb, 0xff, 0x33, 0xfb, 0xff, 0x74, 0xfb, 0xff, 
  0xf1, 0xda, 0xff, 0xd3, 0xdb, 0xff, 0x7d, 0xfe, 0xff, 0x9f, 0xff, 0xff, 
  0xbf, 0xff, 0xff, 0xdf, 0xff, 0xff, 0xff, 0xff, 0xff, 0xff, 0xff, 0xff, 
  0xff, 0xff, 0xff, 0xff, 0xff, 0xff, 0xff, 0xff, 0xff, 0xff, 0xff, 0xff, 
  0xff, 0xff, 0xff, 0xdf, 0xff, 0xff, 0xbf, 0xff, 0xff, 0x9f, 0xff, 0xff, 
  0x5f, 0xff, 0xff, 0x3c, 0xfe, 0xff, 0x73, 0xeb, 0xff, 0x13, 0xfb, 0xff, 
  0xf3, 0xfa, 0xff, 0xf2, 0xfa, 0xff, 0x12, 0xf3, 0xff, 0xf5, 0xf3, 0xff, 
  0x5f, 0xff, 0xff, 0xdf, 0xff, 0xff, 0xdf, 0xff, 0xff, 0xdf, 0xff, 0xff, 
  0xdf, 0xff, 0xff, 0x7f, 0xff, 0xff, 0x9b, 0xfd, 0xff, 0x12, 0xeb, 0xff, 
  0x54, 0xfb, 0xff, 0x34, 0xfb, 0xff, 0x55, 0xfb, 0xff, 0x54, 0xfb, 0xff, 
  0x14, 0xfb, 0xff, 0x14, 0xfb, 0xff, 0x34, 0xfb, 0xff, 0x14, 0xfb, 0xff, 
  0x14, 0xfb, 0xff, 0x34, 0xfb, 0xff, 0x53, 0xeb, 0xff, 0x39, 0xfd, 0x00, 
  0x9f, 0xff, 0x00, 0xff, 0xff, 0x00, 0xff, 0xff, 0x00, 0xff, 0xff, 0x00, 
  0xbe, 0xf7, 0x00, 0x3c, 0xe7, 0x00, 0xbe, 0xf7, 0x00, 0xff, 0xff, 0x00, 
  0xff, 0xff, 0x00, 0xff, 0xff, 0x00, 0x3c, 0xe7, 0x00, 0x7d, 0xef, 0x00, 
  0xff, 0xff, 0x00, 0xff, 0xff, 0x00, 0xff, 0xff, 0x00, 0x5f, 0xff, 0x00, 
  0xf4, 0xeb, 0x00, 0x33, 0xfb, 0xff, 0x14, 0xfb, 0xff, 0x14, 0xfb, 0xff, 
  0x14, 0xfb, 0xff, 0x14, 0xfb, 0xff, 0x34, 0xfb, 0xff, 0x75, 0xfb, 0xff, 
  0x75, 0xfb, 0xff, 0x34, 0xfb, 0xff, 0x34, 0xfb, 0xff, 0x34, 0xfb, 0xff, 
  0x13, 0xfb, 0xff, 0x13, 0xfb, 0xff, 0x54, 0xfb, 0xff, 0x33, 0xeb, 0xff, 
  0xf1, 0xca, 0xff, 0xd3, 0xd3, 0xff, 0x78, 0xed, 0xff, 0x9c, 0xfe, 0xff, 
  0x1e, 0xff, 0xff, 0x1e, 0xff, 0xff, 0x7f, 0xff, 0xff, 0x1e, 0xff, 0xff, 
  0xdd, 0xfe, 0xff, 0x3b, 0xfe, 0xff, 0xf7, 0xec, 0xff, 0x52, 0xcb, 0xff, 
  0xb0, 0xd2, 0xff, 0x33, 0xf3, 0xff, 0xf3, 0xfa, 0xff, 0xf3, 0xfa, 0xff, 
  0xf3, 0xfa, 0xff, 0xf3, 0xfa, 0xff, 0xf3, 0xfa, 0xff, 0x13, 0xf3, 0xff, 
  0x33, 0xeb, 0xff, 0x52, 0xd3, 0xff, 0xd6, 0xe4, 0xff, 0xda, 0xf5, 0xff, 
  0xbd, 0xfe, 0xff, 0x1e, 0xff, 0xff, 0x5f, 0xff, 0xff, 0x7f, 0xff, 0xff, 
  0x7f, 0xff, 0xff, 0x5f, 0xff, 0xff, 0xbc, 0xfe, 0xff, 0xfa, 0xfd, 0xff, 
  0x75, 0xdc, 0xff, 0x52, 0xd3, 0xff, 0xf2, 0xe2, 0xff, 0x33, 0xfb, 0xff, 
  0x34, 0xfb, 0xff, 0x34, 0xfb, 0xff, 0x14, 0xfb, 0xff, 0x14, 0xfb, 0xff, 
  0x14, 0xfb, 0xff, 0x14, 0xfb, 0xff, 0x34, 0xfb, 0xff, 0x34, 0xfb, 0xff, 
  0x54, 0xfb, 0xff, 0x12, 0xe3, 0xff, 0x11, 0xcb, 0xff, 0x34, 0xdc, 0xff, 
  0xb9, 0xf5, 0xff, 0x9c, 0xfe, 0xff, 0xfd, 0xfe, 0xff, 0x3e, 0xff, 0xff, 
  0x7f, 0xff, 0xff, 0x5f, 0xff, 0xff, 0x3e, 0xff, 0xff, 0x3e, 0xff, 0xff, 
  0xfe, 0xfe, 0xff, 0x5b, 0xfe, 0xff, 0xb9, 0xf5, 0xff, 0x95, 0xe4, 0xff, 
  0xb3, 0xd3, 0xff, 0xf1, 0xca, 0xff, 0x33, 0xeb, 0xff, 0xf3, 0xfa, 0xff, 
  0xf3, 0xfa, 0xff, 0xf3, 0xfa, 0xff, 0xf2, 0xfa, 0xff, 0x53, 0xeb, 0xff, 
  0xba, 0xfd, 0xff, 0x3b, 0xfe, 0xff, 0x3b, 0xfe, 0xff, 0x5c, 0xfe, 0xff, 
  0x3b, 0xfe, 0xff, 0xdb, 0xfd, 0xff, 0x36, 0xfc, 0xff, 0x12, 0xf3, 0xff, 
  0x54, 0xfb, 0xff, 0x75, 0xfb, 0xff, 0x75, 0xfb, 0xff, 0x55, 0xfb, 0xff, 
  0x34, 0xfb, 0xff, 0x14, 0xfb, 0xff, 0x34, 0xfb, 0xff, 0x14, 0xfb, 0xff, 
  0x14, 0xfb, 0xff, 0x54, 0xfb, 0xff, 0x94, 0xeb, 0xff, 0xdb, 0xfd, 0x00, 
  0xbf, 0xff, 0x00, 0xff, 0xff, 0x00, 0xff, 0xff, 0x00, 0xff, 0xff, 0x00, 
  0x9e, 0xf7, 0x00, 0x3c, 0xe7, 0x00, 0xdf, 0xff, 0x00, 0xff, 0xff, 0x00, 
  0xff, 0xff, 0x00, 0xff, 0xff, 0x00, 0x5d, 0xef, 0x00, 0x5d, 0xef, 0x00, 
  0xff, 0xff, 0x00, 0xff, 0xff, 0x00, 0xff, 0xff, 0x00, 0x9f, 0xff, 0x00, 
  0xb7, 0xf4, 0x00, 0x33, 0xeb, 0xff, 0x34, 0xfb, 0xff, 0x14, 0xfb, 0xff, 
  0x34, 0xfb, 0xff, 0x14, 0xfb, 0xff, 0x34, 0xfb, 0xff, 0x75, 0xfb, 0xff, 
  0x75, 0xfb, 0xff, 0x34, 0xfb, 0xff, 0x34, 0xfb, 0xff, 0x34, 0xfb, 0xff, 
  0x14, 0xfb, 0xff, 0x13, 0xfb, 0xff, 0x33, 0xfb, 0xff, 0x54, 0xfb, 0xff, 
  0x54, 0xfb, 0xff, 0x12, 0xeb, 0xff, 0xf1, 0xd2, 0xff, 0xf1, 0xd2, 0xff, 
  0x11, 0xd3, 0xff, 0x32, 0xd3, 0xff, 0x32, 0xd3, 0xff, 0x12, 0xd3, 0xff, 
  0xf1, 0xd2, 0xff, 0xd0, 0xd2, 0xff, 0xb1, 0xda, 0xff, 0xf2, 0xea, 0xff, 
  0x13, 0xfb, 0xff, 0xf3, 0xfa, 0xff, 0xf3, 0xfa, 0xff, 0xf3, 0xfa, 0xff, 
  0xf3, 0xfa, 0xff, 0xf3, 0xfa, 0xff, 0xf3, 0xfa, 0xff, 0x13, 0xfb, 0xff, 
  0x13, 0xf3, 0xff, 0xf2, 0xea, 0xff, 0xb1, 0xda, 0xff, 0x90, 0xd2, 0xff, 
  0xd0, 0xd2, 0xff, 0xf1, 0xd2, 0xff, 0x31, 0xd3, 0xff, 0x31, 0xd3, 0xff, 
  0x52, 0xd3, 0xff, 0x52, 0xd3, 0xff, 0x11, 0xd3, 0xff, 0xd1, 0xd2, 0xff, 
  0x12, 0xe3, 0xff, 0x33, 0xf3, 0xff, 0x34, 0xfb, 0xff, 0x34, 0xfb, 0xff, 
  0x13, 0xfb, 0xff, 0x14, 0xfb, 0xff, 0x14, 0xfb, 0xff, 0x14, 0xfb, 0xff, 
  0x34, 0xfb, 0xff, 0x34, 0xfb, 0xff, 0x14, 0xfb, 0xff, 0x13, 0xfb, 0xff, 
  0x34, 0xfb, 0xff, 0x54, 0xfb, 0xff, 0x53, 0xf3, 0xff, 0x12, 0xe3, 0xff, 
  0xd1, 0xd2, 0xff, 0xf1, 0xd2, 0xff, 0x31, 0xd3, 0xff, 0x32, 0xd3, 0xff, 
  0x32, 0xdb, 0xff, 0x32, 0xdb, 0xff, 0x32, 0xdb, 0xff, 0x32, 0xd3, 0xff, 
  0xf1, 0xd2, 0xff, 0xd0, 0xd2, 0xff, 0x90, 0xd2, 0xff, 0xb1, 0xda, 0xff, 
  0xf2, 0xea, 0xff, 0x33, 0xf3, 0xff, 0x13, 0xfb, 0xff, 0xf3, 0xfa, 0xff, 
  0xf3, 0xfa, 0xff, 0xf3, 0xfa, 0xff, 0xf3, 0xfa, 0xff, 0xd2, 0xf2, 0xff, 
  0xd1, 0xda, 0xff, 0xd0, 0xd2, 0xff, 0xd0, 0xd2, 0xff, 0xd1, 0xd2, 0xff, 
  0xd1, 0xd2, 0xff, 0xd1, 0xda, 0xff, 0xd2, 0xf2, 0xff, 0x14, 0xfb, 0xff, 
  0x74, 0xfb, 0xff, 0x74, 0xfb, 0xff, 0x75, 0xfb, 0xff, 0x75, 0xfb, 0xff, 
  0x35, 0xfb, 0xff, 0x14, 0xfb, 0xff, 0x14, 0xfb, 0xff, 0x14, 0xfb, 0xff, 
  0x34, 0xfb, 0xff, 0x74, 0xf3, 0xff, 0xd4, 0xe3, 0x00, 0xbe, 0xfe, 0x00, 
  0xdf, 0xff, 0x00, 0xff, 0xff, 0x00, 0xff, 0xff, 0x00, 0xff, 0xff, 0x00, 
  0x7d, 0xef, 0x00, 0x3c, 0xe7, 0x00, 0xff, 0xff, 0x00, 0xff, 0xff, 0x00, 
  0xff, 0xff, 0x00, 0xff, 0xff, 0x00, 0x7e, 0xf7, 0x00, 0x3c, 0xe7, 0x00, 
  0xdf, 0xff, 0x00, 0xff, 0xff, 0x00, 0xff, 0xff, 0x00, 0xbf, 0xff, 0x00, 
  0x9a, 0xfd, 0x00, 0x53, 0xe3, 0xff, 0x54, 0xfb, 0xff, 0x34, 0xfb, 0xff, 
  0x14, 0xfb, 0xff, 0x14, 0xfb, 0xff, 0x55, 0xfb, 0xff, 0x75, 0xfb, 0xff, 
  0x75, 0xfb, 0xff, 0x55, 0xfb, 0xff, 0x54, 0xfb, 0xff, 0x34, 0xfb, 0xff, 
  0x13, 0xfb, 0xff, 0x14, 0xfb, 0xff, 0x33, 0xfb, 0xff, 0x33, 0xfb, 0xff, 
  0x33, 0xfb, 0xff, 0x33, 0xfb, 0xff, 0x33, 0xfb, 0xff, 0x34, 0xfb, 0xff, 
  0x33, 0xfb, 0xff, 0x13, 0xf3, 0xff, 0x13, 0xfb, 0xff, 0x33, 0xfb, 0xff, 
  0x33, 0xfb, 0xff, 0x13, 0xfb, 0xff, 0xf3, 0xfa, 0xff, 0xf3, 0xfa, 0xff, 
  0xf3, 0xfa, 0xff, 0xf3, 0xfa, 0xff, 0xf3, 0xfa, 0xff, 0xd2, 0xfa, 0xff, 
  0xd3, 0xfa, 0xff, 0xf3, 0xfa, 0xff, 0xf3, 0xfa, 0xff, 0xf3, 0xfa, 0xff, 
  0x13, 0xfb, 0xff, 0x13, 0xfb, 0xff, 0x13, 0xfb, 0xff, 0x13, 0xfb, 0xff, 
  0xf3, 0xfa, 0xff, 0xf3, 0xfa, 0xff, 0xf2, 0xf2, 0xff, 0xf2, 0xf2, 0xff, 
  0xf2, 0xea, 0xff, 0x13, 0xf3, 0xff, 0x33, 0xfb, 0xff, 0x54, 0xfb, 0xff, 
  0x13, 0xfb, 0xff, 0x34, 0xfb, 0xff, 0x34, 0xfb, 0xff, 0x34, 0xfb, 0xff, 
  0x13, 0xfb, 0xff, 0x13, 0xfb, 0xff, 0x14, 0xfb, 0xff, 0x14, 0xfb, 0xff, 
  0x13, 0xfb, 0xff, 0x34, 0xfb, 0xff, 0x14, 0xfb, 0xff, 0x13, 0xfb, 0xff, 
  0x13, 0xfb, 0xff, 0x34, 0xfb, 0xff, 0x33, 0xfb, 0xff, 0x13, 0xfb, 0xff, 
  0x34, 0xfb, 0xff, 0x33, 0xfb, 0xff, 0x33, 0xfb, 0xff, 0x33, 0xfb, 0xff, 
  0x13, 0xfb, 0xff, 0xf3, 0xfa, 0xff, 0x13, 0xfb, 0xff, 0x13, 0xfb, 0xff, 
  0x13, 0xfb, 0xff, 0x13, 0xfb, 0xff, 0xf3, 0xfa, 0xff, 0xf3, 0xfa, 0xff, 
  0xf3, 0xfa, 0xff, 0xf3, 0xfa, 0xff, 0xf3, 0xfa, 0xff, 0xf3, 0xfa, 0xff, 
  0xd3, 0xfa, 0xff, 0xf3, 0xfa, 0xff, 0xf3, 0xfa, 0xff, 0xf3, 0xfa, 0xff, 
  0xf3, 0xfa, 0xff, 0x13, 0xfb, 0xff, 0x13, 0xfb, 0xff, 0x33, 0xfb, 0xff, 
  0x54, 0xfb, 0xff, 0x34, 0xfb, 0xff, 0x14, 0xfb, 0xff, 0x34, 0xfb, 0xff, 
  0x74, 0xfb, 0xff, 0x74, 0xfb, 0xff, 0x75, 0xfb, 0xff, 0x75, 0xfb, 0xff, 
  0x55, 0xfb, 0xff, 0x34, 0xfb, 0xff, 0x14, 0xfb, 0xff, 0x34, 0xfb, 0xff, 
  0x34, 0xfb, 0xff, 0x94, 0xf3, 0xff, 0x76, 0xe4, 0x00, 0x5f, 0xff, 0x00, 
  0xdf, 0xff, 0x00, 0xff, 0xff, 0x00, 0xff, 0xff, 0x00, 0xff, 0xff, 0x00, 
  0x5c, 0xe7, 0x00, 0x7d, 0xef, 0x00, 0xff, 0xff, 0x00, 0xff, 0xff, 0x00, 
  0xff, 0xff, 0x00, 0xff, 0xff, 0x00, 0xbf, 0xff, 0x00, 0x1c, 0xe7, 0x00, 
  0xbe, 0xf7, 0x00, 0xff, 0xff, 0x00, 0xff, 0xff, 0x00, 0xbf, 0xff, 0x00, 
  0xbe, 0xfe, 0x00, 0xb3, 0xdb, 0x00, 0x54, 0xf3, 0xff, 0x34, 0xfb, 0xff, 
  0x14, 0xfb, 0xff, 0x54, 0xfb, 0xff, 0x75, 0xfb, 0xff, 0x54, 0xfb, 0xff, 
  0x75, 0xfb, 0xff, 0x75, 0xfb, 0xff, 0x55, 0xfb, 0xff, 0x14, 0xfb, 0xff, 
  0xf3, 0xfa, 0xff, 0x14, 0xfb, 0xff, 0x34, 0xfb, 0xff, 0x33, 0xfb, 0xff, 
  0x13, 0xfb, 0xff, 0x34, 0xfb, 0xff, 0x54, 0xfb, 0xff, 0x34, 0xfb, 0xff, 
  0x34, 0xfb, 0xff, 0x34, 0xfb, 0xff, 0x34, 0xfb, 0xff, 0x34, 0xfb, 0xff, 
  0xf3, 0xfa, 0xff, 0xf3, 0xfa, 0xff, 0xf3, 0xfa, 0xff, 0xf3, 0xfa, 0xff, 
  0xf3, 0xfa, 0xff, 0xf3, 0xfa, 0xff, 0xf3, 0xfa, 0xff, 0xf3, 0xfa, 0xff, 
  0xd3, 0xfa, 0xff, 0xd3, 0xfa, 0xff, 0xf3, 0xfa, 0xff, 0xf3, 0xfa, 0xff, 
  0xf3, 0xfa, 0xff, 0xf3, 0xfa, 0xff, 0x13, 0xfb, 0xff, 0xf3, 0xfa, 0xff, 
  0xf3, 0xfa, 0xff, 0xf3, 0xfa, 0xff, 0xf3, 0xfa, 0xff, 0xf3, 0xfa, 0xff, 
  0x13, 0xfb, 0xff, 0x13, 0xfb, 0xff, 0x34, 0xfb, 0xff, 0x34, 0xfb, 0xff, 
  0x34, 0xfb, 0xff, 0x34, 0xfb, 0xff, 0x34, 0xfb, 0xff, 0x34, 0xfb, 0xff, 
  0x34, 0xfb, 0xff, 0x34, 0xfb, 0xff, 0x33, 0xfb, 0xff, 0x33, 0xfb, 0xff, 
  0x13, 0xfb, 0xff, 0x14, 0xfb, 0xff, 0x34, 0xfb, 0xff, 0x14, 0xfb, 0xff, 
  0x13, 0xfb, 0xff, 0x13, 0xfb, 0xff, 0x34, 0xfb, 0xff, 0x34, 0xfb, 0xff, 
  0x14, 0xfb, 0xff, 0x14, 0xfb, 0xff, 0x14, 0xfb, 0xff, 0x14, 0xfb, 0xff, 
  0x34, 0xfb, 0xff, 0x34, 0xfb, 0xff, 0x34, 0xfb, 0xff, 0x13, 0xfb, 0xff, 
  0x13, 0xfb, 0xff, 0x13, 0xfb, 0xff, 0x13, 0xfb, 0xff, 0xf3, 0xfa, 0xff, 
  0xf3, 0xfa, 0xff, 0xf3, 0xfa, 0xff, 0xf3, 0xfa, 0xff, 0xf3, 0xfa, 0xff, 
  0xd3, 0xfa, 0xff, 0xf3, 0xfa, 0xff, 0xf3, 0xfa, 0xff, 0xf3, 0xfa, 0xff, 
  0xf3, 0xfa, 0xff, 0xf3, 0xfa, 0xff, 0x13, 0xfb, 0xff, 0x33, 0xfb, 0xff, 
  0x54, 0xfb, 0xff, 0x34, 0xfb, 0xff, 0x34, 0xfb, 0xff, 0x54, 0xfb, 0xff, 
  0x75, 0xfb, 0xff, 0x75, 0xfb, 0xff, 0x75, 0xfb, 0xff, 0x75, 0xfb, 0xff, 
  0x75, 0xfb, 0xff, 0x55, 0xfb, 0xff, 0x14, 0xfb, 0xff, 0x34, 0xfb, 0xff, 
  0x54, 0xfb, 0xff, 0x94, 0xeb, 0xff, 0x78, 0xed, 0x00, 0xbf, 0xff, 0x00, 
  0xff, 0xff, 0x00, 0xff, 0xff, 0x00, 0xff, 0xff, 0x00, 0xde, 0xf7, 0x00, 
  0x1c, 0xe7, 0x00, 0xbe, 0xf7, 0x00, 0xff, 0xff, 0x00, 0xff, 0xff, 0x00, 
  0xff, 0xff, 0x00, 0xff, 0xff, 0x00, 0xff, 0xff, 0x00, 0x3c, 0xe7, 0x00, 
  0x7d, 0xef, 0x00, 0xff, 0xff, 0x00, 0xff, 0xff, 0x00, 0xdf, 0xff, 0x00, 
  0x7f, 0xff, 0x00, 0x55, 0xdc, 0x00, 0x53, 0xeb, 0xff, 0x34, 0xfb, 0xff, 
  0x34, 0xfb, 0xff, 0x75, 0xfb, 0xff, 0x55, 0xfb, 0xff, 0x75, 0xfb, 0xff, 
  0x75, 0xfb, 0xff, 0x75, 0xfb, 0xff, 0x75, 0xfb, 0xff, 0x34, 0xfb, 0xff, 
  0x13, 0xfb, 0xff, 0x14, 0xfb, 0xff, 0x34, 0xfb, 0xff, 0x34, 0xfb, 0xff, 
  0x34, 0xfb, 0xff, 0x34, 0xfb, 0xff, 0x14, 0xfb, 0xff, 0x13, 0xfb, 0xff, 
  0x14, 0xfb, 0xff, 0x34, 0xfb, 0xff, 0x14, 0xfb, 0xff, 0x14, 0xfb, 0xff, 
  0xf3, 0xfa, 0xff, 0xf3, 0xfa, 0xff, 0xf3, 0xfa, 0xff, 0xf3, 0xfa, 0xff, 
  0xf2, 0xfa, 0xff, 0xf3, 0xfa, 0xff, 0xf3, 0xfa, 0xff, 0xf3, 0xfa, 0xff, 
  0xd3, 0xfa, 0xff, 0xd3, 0xfa, 0xff, 0xf3, 0xfa, 0xff, 0x13, 0xfb, 0xff, 
  0xf3, 0xfa, 0xff, 0xf3, 0xfa, 0xff, 0xf3, 0xfa, 0xff, 0xf3, 0xfa, 0xff, 
  0xf3, 0xfa, 0xff, 0xf3, 0xfa, 0xff, 0xf3, 0xfa, 0xff, 0xf3, 0xfa, 0xff, 
  0x13, 0xfb, 0xff, 0xf3, 0xfa, 0xff, 0xf3, 0xfa, 0xff, 0x13, 0xfb, 0xff, 
  0x14, 0xfb, 0xff, 0x14, 0xfb, 0xff, 0x14, 0xfb, 0xff, 0x34, 0xfb, 0xff, 
  0x34, 0xfb, 0xff, 0x34, 0xfb, 0xff, 0x33, 0xfb, 0xff, 0x33, 0xfb, 0xff, 
  0x34, 0xfb, 0xff, 0x14, 0xfb, 0xff, 0x14, 0xfb, 0xff, 0x14, 0xfb, 0xff, 
  0x34, 0xfb, 0xff, 0x34, 0xfb, 0xff, 0x13, 0xfb, 0xff, 0x13, 0xfb, 0xff, 
  0x13, 0xfb, 0xff, 0x13, 0xfb, 0xff, 0x14, 0xfb, 0xff, 0x14, 0xfb, 0xff, 
  0x34, 0xfb, 0xff, 0x34, 0xfb, 0xff, 0x14, 0xfb, 0xff, 0xf3, 0xfa, 0xff, 
  0xf3, 0xfa, 0xff, 0xf3, 0xfa, 0xff, 0xd3, 0xfa, 0xff, 0xd3, 0xfa, 0xff, 
  0xf3, 0xfa, 0xff, 0xf3, 0xfa, 0xff, 0xf3, 0xfa, 0xff, 0xd3, 0xfa, 0xff, 
  0xf3, 0xfa, 0xff, 0xf3, 0xfa, 0xff, 0xf3, 0xfa, 0xff, 0xf3, 0xfa, 0xff, 
  0xf3, 0xfa, 0xff, 0xf3, 0xfa, 0xff, 0xf3, 0xfa, 0xff, 0xf3, 0xfa, 0xff, 
  0x13, 0xfb, 0xff, 0x34, 0xfb, 0xff, 0x54, 0xfb, 0xff, 0x74, 0xfb, 0xff, 
  0x75, 0xfb, 0xff, 0x75, 0xfb, 0xff, 0x75, 0xfb, 0xff, 0x75, 0xfb, 0xff, 
  0x95, 0xfb, 0xff, 0x75, 0xfb, 0xff, 0x34, 0xfb, 0xff, 0x34, 0xfb, 0xff, 
  0x75, 0xfb, 0xff, 0xb4, 0xe3, 0x00, 0x7c, 0xfe, 0x00, 0xdf, 0xff, 0x00, 
  0xff, 0xff, 0x00, 0xff, 0xff, 0x00, 0xff, 0xff, 0x00, 0x9e, 0xef, 0x00, 
  0x1c, 0xe7, 0x00, 0xdf, 0xff, 0x00, 0xff, 0xff, 0x00, 0xff, 0xff, 0x00, 
  0xff, 0xff, 0x00, 0xff, 0xff, 0x00, 0xff, 0xff, 0x00, 0x7d, 0xef, 0x00, 
  0x3c, 0xe7, 0x00, 0xff, 0xff, 0x00, 0xff, 0xff, 0x00, 0xdf, 0xff, 0x00, 
  0xbf, 0xff, 0x00, 0xb9, 0xf5, 0x00, 0x32, 0xdb, 0xff, 0x54, 0xfb, 0xff, 
  0x54, 0xfb, 0xff, 0x75, 0xfb, 0xff, 0x75, 0xfb, 0xff, 0x95, 0xfb, 0xff, 
  0x75, 0xfb, 0xff, 0x75, 0xfb, 0xff, 0x75, 0xfb, 0xff, 0x54, 0xfb, 0xff, 
  0x14, 0xfb, 0xff, 0x14, 0xfb, 0xff, 0x34, 0xfb, 0xff, 0x34, 0xfb, 0xff, 
  0x33, 0xfb, 0xff, 0x34, 0xfb, 0xff, 0x34, 0xfb, 0xff, 0x34, 0xfb, 0xff, 
  0x34, 0xfb, 0xff, 0x34, 0xfb, 0xff, 0x14, 0xfb, 0xff, 0xf3, 0xfa, 0xff, 
  0xf3, 0xfa, 0xff, 0xf3, 0xfa, 0xff, 0x13, 0xfb, 0xff, 0x13, 0xfb, 0xff, 
  0xf3, 0xfa, 0xff, 0xf3, 0xfa, 0xff, 0xf3, 0xfa, 0xff, 0xf3, 0xfa, 0xff, 
  0xf3, 0xfa, 0xff, 0xf3, 0xfa, 0xff, 0xf3, 0xfa, 0xff, 0xf3, 0xfa, 0xff, 
  0xf3, 0xfa, 0xff, 0xf3, 0xfa, 0xff, 0x13, 0xfb, 0xff, 0xf3, 0xfa, 0xff, 
  0xf3, 0xfa, 0xff, 0xf3, 0xfa, 0xff, 0xf3, 0xfa, 0xff, 0x13, 0xfb, 0xff, 
  0x13, 0xfb, 0xff, 0x13, 0xfb, 0xff, 0x13, 0xfb, 0xff, 0x14, 0xfb, 0xff, 
  0x14, 0xfb, 0xff, 0x14, 0xfb, 0xff, 0x14, 0xfb, 0xff, 0x14, 0xfb, 0xff, 
  0x14, 0xfb, 0xff, 0x14, 0xfb, 0xff, 0x13, 0xfb, 0xff, 0x13, 0xfb, 0xff, 
  0x14, 0xfb, 0xff, 0x13, 0xfb, 0xff, 0x13, 0xfb, 0xff, 0x34, 0xfb, 0xff, 
  0x34, 0xfb, 0xff, 0x34, 0xfb, 0xff, 0x14, 0xfb, 0xff, 0x14, 0xfb, 0xff, 
  0x34, 0xfb, 0xff, 0x34, 0xfb, 0xff, 0x14, 0xfb, 0xff, 0x14, 0xfb, 0xff, 
  0x34, 0xfb, 0xff, 0x33, 0xfb, 0xff, 0x13, 0xfb, 0xff, 0xf3, 0xfa, 0xff, 
  0xf3, 0xfa, 0xff, 0xf3, 0xfa, 0xff, 0xf3, 0xfa, 0xff, 0xf3, 0xfa, 0xff, 
  0xf3, 0xfa, 0xff, 0xf3, 0xfa, 0xff, 0xf3, 0xfa, 0xff, 0xf3, 0xfa, 0xff, 
  0xf3, 0xfa, 0xff, 0xf3, 0xfa, 0xff, 0xf3, 0xfa, 0xff, 0xf3, 0xfa, 0xff, 
  0xf3, 0xfa, 0xff, 0xf3, 0xfa, 0xff, 0xf3, 0xfa, 0xff, 0xf3, 0xfa, 0xff, 
  0xf4, 0xfa, 0xff, 0x34, 0xfb, 0xff, 0x75, 0xfb, 0xff, 0x75, 0xfb, 0xff, 
  0x75, 0xfb, 0xff, 0x75, 0xfb, 0xff, 0x75, 0xfb, 0xff, 0x75, 0xfb, 0xff, 
  0x75, 0xfb, 0xff, 0x75, 0xfb, 0xff, 0x55, 0xfb, 0xff, 0x75, 0xfb, 0xff, 
  0x94, 0xf3, 0xff, 0x35, 0xe4, 0x00, 0x5f, 0xff, 0x00, 0xff, 0xff, 0x00, 
  0xff, 0xff, 0x00, 0xff, 0xff, 0x00, 0xff, 0xff, 0x00, 0x5d, 0xef, 0x00, 
  0x5d, 0xef, 0x00, 0xff, 0xff, 0x00, 0xff, 0xff, 0x00, 0xff, 0xff, 0x00, 
  0xff, 0xff, 0x00, 0xff, 0xff, 0x00, 0xff, 0xff, 0x00, 0xbe, 0xf7, 0x00, 
  0x3c, 0xe7, 0x00, 0xbe, 0xf7, 0x00, 0xff, 0xff, 0x00, 0xff, 0xff, 0x00, 
  0xbf, 0xff, 0x00, 0xfe, 0xfe, 0x00, 0x73, 0xdb, 0x00, 0x74, 0xfb, 0xff, 
  0x75, 0xfb, 0xff, 0x75, 0xfb, 0xff, 0x75, 0xfb, 0xff, 0x75, 0xfb, 0xff, 
  0x75, 0xfb, 0xff, 0x75, 0xfb, 0xff, 0x75, 0xfb, 0xff, 0x75, 0xfb, 0xff, 
  0x54, 0xfb, 0xff, 0x14, 0xfb, 0xff, 0x33, 0xfb, 0xff, 0x34, 0xfb, 0xff, 
  0x13, 0xfb, 0xff, 0x34, 0xfb, 0xff, 0x34, 0xfb, 0xff, 0x14, 0xfb, 0xff, 
  0x14, 0xfb, 0xff, 0x13, 0xfb, 0xff, 0xf3, 0xfa, 0xff, 0xf3, 0xfa, 0xff, 
  0xf3, 0xfa, 0xff, 0xf3, 0xfa, 0xff, 0xf3, 0xfa, 0xff, 0x13, 0xfb, 0xff, 
  0x13, 0xfb, 0xff, 0xf3, 0xfa, 0xff, 0xf3, 0xfa, 0xff, 0x13, 0xfb, 0xff, 
  0x13, 0xfb, 0xff, 0xf3, 0xfa, 0xff, 0xf3, 0xfa, 0xff, 0xf3, 0xfa, 0xff, 
  0xf3, 0xfa, 0xff, 0xf3, 0xfa, 0xff, 0xf3, 0xfa, 0xff, 0xf3, 0xfa, 0xff, 
  0xd3, 0xfa, 0xff, 0xf3, 0xfa, 0xff, 0xf3, 0xfa, 0xff, 0x13, 0xfb, 0xff, 
  0x13, 0xfb, 0xff, 0x13, 0xfb, 0xff, 0xf3, 0xfa, 0xff, 0xf3, 0xfa, 0xff, 
  0x14, 0xfb, 0xff, 0x14, 0xfb, 0xff, 0x14, 0xfb, 0xff, 0x14, 0xfb, 0xff, 
  0x13, 0xfb, 0xff, 0x13, 0xfb, 0xff, 0x13, 0xfb, 0xff, 0x13, 0xfb, 0xff, 
  0x14, 0xfb, 0xff, 0x14, 0xfb, 0xff, 0x14, 0xfb, 0xff, 0x14, 0xfb, 0xff, 
  0x13, 0xfb, 0xff, 0x13, 0xfb, 0xff, 0x13, 0xfb, 0xff, 0x14, 0xfb, 0xff, 
  0x13, 0xfb, 0xff, 0x13, 0xfb, 0xff, 0xf3, 0xfa, 0xff, 0x13, 0xfb, 0xff, 
  0x13, 0xfb, 0xff, 0x13, 0xfb, 0xff, 0xf3, 0xfa, 0xff, 0xf3, 0xfa, 0xff, 
  0xd2, 0xfa, 0xff, 0xd3, 0xfa, 0xff, 0xf3, 0xfa, 0xff, 0xf3, 0xfa, 0xff, 
  0xf3, 0xfa, 0xff, 0xf3, 0xfa, 0xff, 0xf3, 0xfa, 0xff, 0xf3, 0xfa, 0xff, 
  0xf3, 0xfa, 0xff, 0xf3, 0xfa, 0xff, 0x13, 0xfb, 0xff, 0xf3, 0xfa, 0xff, 
  0xf3, 0xfa, 0xff, 0xf3, 0xfa, 0xff, 0xf3, 0xfa, 0xff, 0xd3, 0xfa, 0xff, 
  0xd3, 0xfa, 0xff, 0x14, 0xfb, 0xff, 0x55, 0xfb, 0xff, 0x75, 0xfb, 0xff, 
  0x75, 0xfb, 0xff, 0x75, 0xfb, 0xff, 0x75, 0xfb, 0xff, 0x75, 0xfb, 0xff, 
  0x55, 0xfb, 0xff, 0x95, 0xfb, 0xff, 0x75, 0xfb, 0xff, 0x95, 0xfb, 0xff, 
  0x73, 0xeb, 0xff, 0x18, 0xfd, 0x00, 0xbf, 0xff, 0x00, 0xff, 0xff, 0x00, 
  0xff, 0xff, 0x00, 0xff, 0xff, 0x00, 0xdf, 0xff, 0x00, 0x3c, 0xe7, 0x00, 
  0x9e, 0xf7, 0x00, 0xff, 0xff, 0x00, 0xff, 0xff, 0x00, 0xff, 0xff, 0x00, 
  0xff, 0xff, 0x00, 0xff, 0xff, 0x00, 0xff, 0xff, 0x00, 0xff, 0xff, 0x00, 
  0x3c, 0xef, 0x00, 0x7d, 0xef, 0x00, 0xff, 0xff, 0x00, 0xff, 0xff, 0x00, 
  0xff, 0xff, 0x00, 0x9f, 0xff, 0x00, 0x56, 0xf4, 0x00, 0x54, 0xf3, 0xff, 
  0x75, 0xfb, 0xff, 0x75, 0xfb, 0xff, 0x75, 0xfb, 0xff, 0x75, 0xfb, 0xff, 
  0x95, 0xfb, 0xff, 0x75, 0xfb, 0xff, 0x75, 0xfb, 0xff, 0x75, 0xfb, 0xff, 
  0x55, 0xfb, 0xff, 0x34, 0xfb, 0xff, 0x13, 0xfb, 0xff, 0x34, 0xfb, 0xff, 
  0x34, 0xfb, 0xff, 0x33, 0xfb, 0xff, 0x13, 0xfb, 0xff, 0x13, 0xfb, 0xff, 
  0x13, 0xfb, 0xff, 0x13, 0xfb, 0xff, 0xf3, 0xfa, 0xff, 0xf3, 0xfa, 0xff, 
  0xf3, 0xfa, 0xff, 0xf3, 0xfa, 0xff, 0xf3, 0xfa, 0xff, 0xf3, 0xfa, 0xff, 
  0xf3, 0xfa, 0xff, 0xf3, 0xfa, 0xff, 0xf3, 0xfa, 0xff, 0xf3, 0xfa, 0xff, 
  0xf3, 0xfa, 0xff, 0xf3, 0xfa, 0xff, 0xf3, 0xfa, 0xff, 0xf3, 0xfa, 0xff, 
  0x13, 0xfb, 0xff, 0xf3, 0xfa, 0xff, 0xf3, 0xfa, 0xff, 0xf3, 0xfa, 0xff, 
  0x13, 0xfb, 0xff, 0xf3, 0xfa, 0xff, 0xf3, 0xfa, 0xff, 0xf3, 0xfa, 0xff, 
  0xf3, 0xfa, 0xff, 0xf3, 0xfa, 0xff, 0xf3, 0xfa, 0xff, 0xf3, 0xfa, 0xff, 
  0xf4, 0xfa, 0xff, 0x14, 0xfb, 0xff, 0x14, 0xfb, 0xff, 0x14, 0xfb, 0xff, 
  0x13, 0xfb, 0xff, 0x33, 0xfb, 0xff, 0x33, 0xfb, 0xff, 0x33, 0xfb, 0xff, 
  0x14, 0xfb, 0xff, 0x14, 0xfb, 0xff, 0x34, 0xfb, 0xff, 0x14, 0xfb, 0xff, 
  0x13, 0xfb, 0xff, 0x13, 0xfb, 0xff, 0xf3, 0xfa, 0xff, 0xf3, 0xfa, 0xff, 
  0xf3, 0xfa, 0xff, 0xf3, 0xfa, 0xff, 0xf3, 0xfa, 0xff, 0xf3, 0xfa, 0xff, 
  0x13, 0xfb, 0xff, 0x13, 0xfb, 0xff, 0xf3, 0xfa, 0xff, 0xf3, 0xfa, 0xff, 
  0xf3, 0xfa, 0xff, 0xf3, 0xfa, 0xff, 0xf3, 0xfa, 0xff, 0xf3, 0xfa, 0xff, 
  0xf3, 0xfa, 0xff, 0xf3, 0xfa, 0xff, 0xf3, 0xfa, 0xff, 0xf3, 0xfa, 0xff, 
  0xf3, 0xfa, 0xff, 0xf3, 0xfa, 0xff, 0xf3, 0xfa, 0xff, 0xf3, 0xfa, 0xff, 
  0xf3, 0xfa, 0xff, 0xf3, 0xfa, 0xff, 0xf3, 0xfa, 0xff, 0xf3, 0xfa, 0xff, 
  0x14, 0xfb, 0xff, 0x55, 0xfb, 0xff, 0x75, 0xfb, 0xff, 0x95, 0xfb, 0xff, 
  0x75, 0xfb, 0xff, 0x75, 0xfb, 0xff, 0x75, 0xfb, 0xff, 0x55, 0xfb, 0xff, 
  0x55, 0xfb, 0xff, 0x75, 0xfb, 0xff, 0x75, 0xfb, 0xff, 0x95, 0xf3, 0xff, 
  0xd4, 0xe3, 0x00, 0x3c, 0xfe, 0x00, 0xbf, 0xff, 0x00, 0xff, 0xff, 0x00, 
  0xff, 0xff, 0x00, 0xff, 0xff, 0x00, 0x7e, 0xf7, 0x00, 0x3c, 0xe7, 0x00, 
  0xdf, 0xff, 0x00, 0xff, 0xff, 0x00, 0xff, 0xff, 0x00, 0xff, 0xff, 0x00, 
  0xff, 0xff, 0x00, 0xff, 0xff, 0x00, 0xff, 0xff, 0x00, 0xff, 0xff, 0x00, 
  0x5d, 0xef, 0x00, 0x5c, 0xef, 0x00, 0xff, 0xff, 0x00, 0xff, 0xff, 0x00, 
  0xff, 0xff, 0x00, 0xbf, 0xff, 0x00, 0xdb, 0xfd, 0x00, 0x94, 0xeb, 0xff, 
  0x95, 0xfb, 0xff, 0x55, 0xfb, 0xff, 0x75, 0xfb, 0xff, 0x95, 0xfb, 0xff, 
  0x75, 0xfb, 0xff, 0x75, 0xfb, 0xff, 0x75, 0xfb, 0xff, 0x75, 0xfb, 0xff, 
  0x75, 0xfb, 0xff, 0x54, 0xfb, 0xff, 0x34, 0xfb, 0xff, 0x34, 0xfb, 0xff, 
  0x13, 0xfb, 0xff, 0x13, 0xfb, 0xff, 0x33, 0xfb, 0xff, 0x33, 0xfb, 0xff, 
  0x13, 0xfb, 0xff, 0x13, 0xfb, 0xff, 0xf3, 0xfa, 0xff, 0xf3, 0xfa, 0xff, 
  0xd3, 0xfa, 0xff, 0xf3, 0xfa, 0xff, 0xf3, 0xfa, 0xff, 0xf3, 0xfa, 0xff, 
  0xf3, 0xfa, 0xff, 0xf3, 0xfa, 0xff, 0xf3, 0xfa, 0xff, 0xf3, 0xfa, 0xff, 
  0xf3, 0xfa, 0xff, 0xf3, 0xfa, 0xff, 0xf3, 0xfa, 0xff, 0xf3, 0xfa, 0xff, 
  0xf3, 0xfa, 0xff, 0xf3, 0xfa, 0xff, 0xf3, 0xfa, 0xff, 0xf3, 0xfa, 0xff, 
  0xf3, 0xfa, 0xff, 0xf3, 0xfa, 0xff, 0xf3, 0xfa, 0xff, 0xf3, 0xfa, 0xff, 
  0xf3, 0xfa, 0xff, 0xf3, 0xfa, 0xff, 0xf3, 0xfa, 0xff, 0xf3, 0xfa, 0xff, 
  0xf3, 0xfa, 0xff, 0x14, 0xfb, 0xff, 0x34, 0xfb, 0xff, 0x34, 0xfb, 0xff, 
  0x34, 0xfb, 0xff, 0x34, 0xfb, 0xff, 0x33, 0xfb, 0xff, 0x33, 0xfb, 0xff, 
  0x14, 0xfb, 0xff, 0x14, 0xfb, 0xff, 0x14, 0xfb, 0xff, 0x14, 0xfb, 0xff, 
  0x14, 0xfb, 0xff, 0x14, 0xfb, 0xff, 0x13, 0xfb, 0xff, 0xf3, 0xfa, 0xff, 
  0xf3, 0xfa, 0xff, 0xf3, 0xfa, 0xff, 0xf3, 0xfa, 0xff, 0xf3, 0xfa, 0xff, 
  0xf3, 0xfa, 0xff, 0xf3, 0xfa, 0xff, 0xf3, 0xfa, 0xff, 0x13, 0xfb, 0xff, 
  0xf3, 0xfa, 0xff, 0xf3, 0xfa, 0xff, 0xf3, 0xfa, 0xff, 0xf3, 0xfa, 0xff, 
  0xf3, 0xfa, 0xff, 0xf3, 0xfa, 0xff, 0xf3, 0xfa, 0xff, 0xf3, 0xfa, 0xff, 
  0xf3, 0xfa, 0xff, 0xf3, 0xfa, 0xff, 0xf3, 0xfa, 0xff, 0xf3, 0xfa, 0xff, 
  0xf3, 0xfa, 0xff, 0xf3, 0xfa, 0xff, 0xf3, 0xfa, 0xff, 0xf3, 0xfa, 0xff, 
  0x34, 0xfb, 0xff, 0x75, 0xfb, 0xff, 0x75, 0xfb, 0xff, 0x75, 0xfb, 0xff, 
  0x75, 0xfb, 0xff, 0x75, 0xfb, 0xff, 0x75, 0xfb, 0xff, 0x55, 0xfb, 0xff, 
  0x75, 0xfb, 0xff, 0x55, 0xfb, 0xff, 0x75, 0xfb, 0xff, 0x94, 0xeb, 0xff, 
  0x76, 0xe4, 0x00, 0x5f, 0xff, 0x00, 0xdf, 0xff, 0x00, 0xff, 0xff, 0x00, 
  0xff, 0xff, 0x00, 0xff, 0xff, 0x00, 0x5d, 0xef, 0x00, 0x3d, 0xef, 0x00, 
  0xff, 0xff, 0x00, 0xff, 0xff, 0x00, 0xff, 0xff, 0x00, 0xff, 0xff, 0x00, 
  0xff, 0xff, 0x00, 0xff, 0xff, 0x00, 0xff, 0xff, 0x00, 0xff, 0xff, 0x00, 
  0xbe, 0xf7, 0x00, 0x1c, 0xe7, 0x00, 0xbe, 0xf7, 0x00, 0xff, 0xff, 0x00, 
  0xff, 0xff, 0x00, 0xdf, 0xff, 0x00, 0x3f, 0xff, 0x00, 0x15, 0xe4, 0x00, 
  0x94, 0xf3, 0xff, 0x75, 0xfb, 0xff, 0x75, 0xfb, 0xff, 0x75, 0xfb, 0xff, 
  0x75, 0xfb, 0xff, 0x75, 0xfb, 0xff, 0x75, 0xfb, 0xff, 0x75, 0xfb, 0xff, 
  0x75, 0xfb, 0xff, 0x75, 0xfb, 0xff, 0x54, 0xfb, 0xff, 0x13, 0xfb, 0xff, 
  0x34, 0xfb, 0xff, 0x34, 0xfb, 0xff, 0x13, 0xfb, 0xff, 0x13, 0xfb, 0xff, 
  0x13, 0xfb, 0xff, 0xf3, 0xfa, 0xff, 0xf3, 0xfa, 0xff, 0x13, 0xfb, 0xff, 
  0xf3, 0xfa, 0xff, 0xf3, 0xfa, 0xff, 0xf3, 0xfa, 0xff, 0xf3, 0xfa, 0xff, 
  0xf3, 0xfa, 0xff, 0xf3, 0xfa, 0xff, 0xf3, 0xfa, 0xff, 0xf3, 0xfa, 0xff, 
  0xf3, 0xfa, 0xff, 0xf3, 0xfa, 0xff, 0xf3, 0xfa, 0xff, 0xf3, 0xfa, 0xff, 
  0xf3, 0xfa, 0xff, 0xf3, 0xfa, 0xff, 0xf3, 0xfa, 0xff, 0xf3, 0xfa, 0xff, 
  0xf3, 0xfa, 0xff, 0xf3, 0xfa, 0xff, 0xf3, 0xfa, 0xff, 0xf3, 0xfa, 0xff, 
  0xf3, 0xfa, 0xff, 0xf3, 0xfa, 0xff, 0xf3, 0xfa, 0xff, 0xf3, 0xfa, 0xff, 
  0xf3, 0xfa, 0xff, 0x13, 0xfb, 0xff, 0x14, 0xfb, 0xff, 0x34, 0xfb, 0xff, 
  0x34, 0xfb, 0xff, 0x34, 0xfb, 0xff, 0x34, 0xfb, 0xff, 0x34, 0xfb, 0xff, 
  0x14, 0xfb, 0xff, 0x14, 0xfb, 0xff, 0x13, 0xfb, 0xff, 0x14, 0xfb, 0xff, 
  0x34, 0xfb, 0xff, 0x14, 0xfb, 0xff, 0x13, 0xfb, 0xff, 0xf3, 0xfa, 0xff, 
  0xf3, 0xfa, 0xff, 0xf3, 0xfa, 0xff, 0xf3, 0xfa, 0xff, 0xf3, 0xfa, 0xff, 
  0xf3, 0xfa, 0xff, 0xf3, 0xfa, 0xff, 0xf3, 0xfa, 0xff, 0xf3, 0xfa, 0xff, 
  0xf3, 0xfa, 0xff, 0x13, 0xfb, 0xff, 0xf3, 0xfa, 0xff, 0xf3, 0xfa, 0xff, 
  0xf3, 0xfa, 0xff, 0xf3, 0xfa, 0xff, 0xf3, 0xfa, 0xff, 0xf3, 0xfa, 0xff, 
  0xf3, 0xfa, 0xff, 0xf3, 0xfa, 0xff, 0xf3, 0xfa, 0xff, 0xf3, 0xfa, 0xff, 
  0xf3, 0xfa, 0xff, 0xf3, 0xfa, 0xff, 0xf3, 0xfa, 0xff, 0x14, 0xfb, 0xff, 
  0x75, 0xfb, 0xff, 0x75, 0xfb, 0xff, 0x75, 0xfb, 0xff, 0x75, 0xfb, 0xff, 
  0x75, 0xfb, 0xff, 0x75, 0xfb, 0xff, 0x75, 0xfb, 0xff, 0x75, 0xfb, 0xff, 
  0x55, 0xfb, 0xff, 0x95, 0xfb, 0xff, 0x74, 0xfb, 0xff, 0x93, 0xe3, 0xff, 
  0xfa, 0xfd, 0x00, 0xbf, 0xff, 0x00, 0xdf, 0xff, 0x00, 0xff, 0xff, 0x00, 
  0xff, 0xff, 0x00, 0xbe, 0xf7, 0x00, 0x1c, 0xe7, 0x00, 0x9e, 0xf7, 0x00, 
  0xff, 0xff, 0x00, 0xff, 0xff, 0x00, 0xff, 0xff, 0x00, 0xff, 0xff, 0x00, 
  0xff, 0xff, 0x00, 0xff, 0xff, 0x00, 0xff, 0xff, 0x00, 0xff, 0xff, 0x00, 
  0xdf, 0xff, 0x00, 0x5c, 0xef, 0x00, 0x7d, 0xef, 0x00, 0xff, 0xff, 0x00, 
  0xff, 0xff, 0x00, 0xff, 0xff, 0x00, 0x9f, 0xff, 0x00, 0x9a, 0xfd, 0x00, 
  0x74, 0xeb, 0xff, 0x75, 0xfb, 0xff, 0x95, 0xfb, 0xff, 0x75, 0xfb, 0xff, 
  0x75, 0xfb, 0xff, 0x75, 0xfb, 0xff, 0x75, 0xfb, 0xff, 0x75, 0xfb, 0xff, 
  0x75, 0xfb, 0xff, 0x75, 0xfb, 0xff, 0x54, 0xfb, 0xff, 0x34, 0xfb, 0xff, 
  0x34, 0xfb, 0xff, 0x34, 0xfb, 0xff, 0x13, 0xfb, 0xff, 0x13, 0xfb, 0xff, 
  0xf3, 0xfa, 0xff, 0xf3, 0xfa, 0xff, 0xf3, 0xfa, 0xff, 0x13, 0xfb, 0xff, 
  0xf3, 0xfa, 0xff, 0xf3, 0xfa, 0xff, 0xf3, 0xfa, 0xff, 0xf3, 0xfa, 0xff, 
  0xf3, 0xfa, 0xff, 0xf3, 0xfa, 0xff, 0xf3, 0xfa, 0xff, 0xf3, 0xfa, 0xff, 
  0xf3, 0xfa, 0xff, 0xf3, 0xfa, 0xff, 0xf3, 0xfa, 0xff, 0xf3, 0xfa, 0xff, 
  0xf3, 0xfa, 0xff, 0xf3, 0xfa, 0xff, 0xf3, 0xfa, 0xff, 0xf3, 0xfa, 0xff, 
  0xf3, 0xfa, 0xff, 0xf3, 0xfa, 0xff, 0xf3, 0xfa, 0xff, 0xf3, 0xfa, 0xff, 
  0xf3, 0xfa, 0xff, 0xf3, 0xfa, 0xff, 0xf3, 0xfa, 0xff, 0xf3, 0xfa, 0xff, 
  0xf3, 0xfa, 0xff, 0xf3, 0xfa, 0xff, 0x13, 0xfb, 0xff, 0x33, 0xfb, 0xff, 
  0x14, 0xfb, 0xff, 0x34, 0xfb, 0xff, 0x34, 0xfb, 0xff, 0x34, 0xfb, 0xff, 
  0x14, 0xfb, 0xff, 0x14, 0xfb, 0xff, 0x14, 0xfb, 0xff, 0x14, 0xfb, 0xff, 
  0x14, 0xfb, 0xff, 0x14, 0xfb, 0xff, 0x13, 0xfb, 0xff, 0xf3, 0xfa, 0xff, 
  0xf3, 0xfa, 0xff, 0xf3, 0xfa, 0xff, 0xf3, 0xfa, 0xff, 0xf3, 0xfa, 0xff, 
  0xf3, 0xfa, 0xff, 0xf3, 0xfa, 0xff, 0xf3, 0xfa, 0xff, 0xf3, 0xfa, 0xff, 
  0xf3, 0xfa, 0xff, 0xf3, 0xfa, 0xff, 0xf3, 0xfa, 0xff, 0xf3, 0xfa, 0xff, 
  0xf3, 0xfa, 0xff, 0xf3, 0xfa, 0xff, 0xf3, 0xfa, 0xff, 0xf3, 0xfa, 0xff, 
  0xf3, 0xfa, 0xff, 0xf3, 0xfa, 0xff, 0xf3, 0xfa, 0xff, 0xf3, 0xfa, 0xff, 
  0xf3, 0xfa, 0xff, 0xf3, 0xfa, 0xff, 0xf3, 0xfa, 0xff, 0x13, 0xfb, 0xff, 
  0x34, 0xfb, 0xff, 0x34, 0xfb, 0xff, 0x34, 0xfb, 0xff, 0x34, 0xfb, 0xff, 
  0x34, 0xfb, 0xff, 0x34, 0xfb, 0xff, 0x34, 0xfb, 0xff, 0x54, 0xfb, 0xff, 
  0x95, 0xfb, 0xff, 0x54, 0xfb, 0xff, 0x94, 0xfb, 0xff, 0x15, 0xec, 0x00, 
  0x3e, 0xff, 0x00, 0xff, 0xff, 0x00, 0xff, 0xff, 0x00, 0xff, 0xff, 0x00, 
  0xff, 0xff, 0x00, 0x7d, 0xef, 0x00, 0x3c, 0xe7, 0x00, 0xbe, 0xf7, 0x00, 
  0xff, 0xff, 0x00, 0xff, 0xff, 0x00, 0xff, 0xff, 0x00, 0xff, 0xff, 0x00, 
  0xff, 0xff, 0x00, 0xff, 0xff, 0x00, 0xff, 0xff, 0x00, 0xff, 0xff, 0x00, 
  0xff, 0xff, 0x00, 0x9d, 0xf7, 0x00, 0x3c, 0xe7, 0x00, 0xdf, 0xf7, 0x00, 
  0xff, 0xff, 0x00, 0xff, 0xff, 0x00, 0xdf, 0xff, 0x00, 0xfe, 0xfe, 0x00, 
  0xb4, 0xeb, 0x00, 0x54, 0xfb, 0xff, 0x54, 0xfb, 0xff, 0x54, 0xfb, 0xff, 
  0x55, 0xfb, 0xff, 0x55, 0xfb, 0xff, 0x54, 0xfb, 0xff, 0x54, 0xfb, 0xff, 
  0x54, 0xfb, 0xff, 0x54, 0xfb, 0xff, 0x34, 0xfb, 0xff, 0x34, 0xfb, 0xff, 
  0x14, 0xfb, 0xff, 0x14, 0xfb, 0xff, 0x13, 0xfb, 0xff, 0x13, 0xfb, 0xff, 
  0xf3, 0xfa, 0xff, 0xf3, 0xfa, 0xff, 0xf3, 0xfa, 0xff, 0xf3, 0xfa, 0xff, 
  0xf3, 0xfa, 0xff, 0xf3, 0xfa, 0xff, 0xf3, 0xfa, 0xff, 0xf3, 0xfa, 0xff, 
  0xf3, 0xfa, 0xff, 0xf3, 0xfa, 0xff, 0xf3, 0xfa, 0xff, 0xf3, 0xfa, 0xff, 
  0xf3, 0xfa, 0xff, 0xf3, 0xfa, 0xff, 0xf3, 0xfa, 0xff, 0xf3, 0xfa, 0xff, 
  0xf3, 0xfa, 0xff, 0xf3, 0xfa, 0xff, 0xf3, 0xfa, 0xff, 0xf3, 0xfa, 0xff, 
  0xf3, 0xfa, 0xff, 0xf3, 0xfa, 0xff, 0xf3, 0xfa, 0xff, 0xf3, 0xfa, 0xff, 
  0xf3, 0xfa, 0xff, 0xf3, 0xfa, 0xff, 0xf3, 0xfa, 0xff, 0xf3, 0xfa, 0xff, 
  0xf3, 0xfa, 0xff, 0xf3, 0xfa, 0xff, 0x13, 0xfb, 0xff, 0x13, 0xfb, 0xff, 
  0x14, 0xfb, 0xff, 0x14, 0xfb, 0xff, 0x14, 0xfb, 0xff, 0x14, 0xfb, 0xff, 
  0x14, 0xfb, 0xff, 0x14, 0xfb, 0xff, 0x14, 0xfb, 0xff, 0x14, 0xfb, 0xff, 
  0x14, 0xfb, 0xff, 0x14, 0xfb, 0xff, 0x13, 0xfb, 0xff, 0x13, 0xfb, 0xff, 
  0xf3, 0xfa, 0xff, 0xf3, 0xfa, 0xff, 0xf3, 0xfa, 0xff, 0xf3, 0xfa, 0xff, 
  0xf3, 0xfa, 0xff, 0xf3, 0xfa, 0xff, 0xf3, 0xfa, 0xff, 0xf3, 0xfa, 0xff, 
  0xf3, 0xfa, 0xff, 0xf3, 0xfa, 0xff, 0xf3, 0xfa, 0xff, 0xf3, 0xfa, 0xff, 
  0xf3, 0xfa, 0xff, 0xf3, 0xfa, 0xff, 0xf3, 0xfa, 0xff, 0xf3, 0xfa, 0xff, 
  0xf3, 0xfa, 0xff, 0xf3, 0xfa, 0xff, 0xf3, 0xfa, 0xff, 0xf3, 0xfa, 0xff, 
  0xf3, 0xfa, 0xff, 0xf3, 0xfa, 0xff, 0xf3, 0xfa, 0xff, 0xf3, 0xfa, 0xff, 
  0xf3, 0xfa, 0xff, 0xf3, 0xfa, 0xff, 0xf3, 0xfa, 0xff, 0xf3, 0xfa, 0xff, 
  0xf3, 0xfa, 0xff, 0xf3, 0xfa, 0xff, 0x13, 0xf3, 0xff, 0x34, 0xfb, 0xff, 
  0x75, 0xfb, 0xff, 0x95, 0xfb, 0xff, 0x73, 0xeb, 0xff, 0x7a, 0xfd, 0x00, 
  0xbf, 0xff, 0x00, 0xff, 0xff, 0x00, 0xff, 0xff, 0x00, 0xff, 0xff, 0x00, 
  0xdf, 0xff, 0x00, 0x3c, 0xe7, 0x00, 0x7d, 0xef, 0x00, 0xff, 0xff, 0x00, 
  0xff, 0xff, 0x00, 0xff, 0xff, 0x00, 0xff, 0xff, 0x00, 0xff, 0xff, 0x00, 
  0xff, 0xff, 0x00, 0xff, 0xff, 0x00, 0xff, 0xff, 0x00, 0xff, 0xff, 0x00, 
  0xff, 0xff, 0x00, 0xde, 0xff, 0x00, 0x3c, 0xe7, 0x00, 0x7d, 0xef, 0x00, 
  0xff, 0xff, 0x00, 0xff, 0xff, 0x00, 0xff, 0xff, 0x00, 0x9f, 0xff, 0x00, 
  0x19, 0xfd, 0x00, 0x12, 0xe3, 0xff, 0x54, 0xfb, 0xff, 0x34, 0xfb, 0xff, 
  0x14, 0xfb, 0xff, 0x14, 0xfb, 0xff, 0x34, 0xfb, 0xff, 0x34, 0xfb, 0xff, 
  0x34, 0xfb, 0xff, 0x34, 0xfb, 0xff, 0x34, 0xfb, 0xff, 0x13, 0xfb, 0xff, 
  0x14, 0xfb, 0xff, 0x14, 0xfb, 0xff, 0x13, 0xfb, 0xff, 0xf3, 0xfa, 0xff, 
  0xd3, 0xfa, 0xff, 0xf3, 0xfa, 0xff, 0xf3, 0xfa, 0xff, 0xf3, 0xfa, 0xff, 
  0xf3, 0xfa, 0xff, 0xf3, 0xfa, 0xff, 0xf3, 0xfa, 0xff, 0xf3, 0xfa, 0xff, 
  0xf3, 0xfa, 0xff, 0xf3, 0xfa, 0xff, 0xf3, 0xfa, 0xff, 0xf3, 0xfa, 0xff, 
  0xf3, 0xfa, 0xff, 0xf3, 0xfa, 0xff, 0xf3, 0xfa, 0xff, 0xf3, 0xfa, 0xff, 
  0xf3, 0xfa, 0xff, 0xf3, 0xfa, 0xff, 0xf3, 0xfa, 0xff, 0xf3, 0xfa, 0xff, 
  0xf3, 0xfa, 0xff, 0xf3, 0xfa, 0xff, 0xf3, 0xfa, 0xff, 0xf3, 0xfa, 0xff, 
  0xf3, 0xfa, 0xff, 0xf3, 0xfa, 0xff, 0xf3, 0xfa, 0xff, 0xf3, 0xfa, 0xff, 
  0xf3, 0xfa, 0xff, 0xf3, 0xfa, 0xff, 0xf3, 0xfa, 0xff, 0x13, 0xfb, 0xff, 
  0x13, 0xfb, 0xff, 0x14, 0xfb, 0xff, 0x14, 0xfb, 0xff, 0x14, 0xfb, 0xff, 
  0x14, 0xfb, 0xff, 0x14, 0xfb, 0xff, 0x14, 0xfb, 0xff, 0x14, 0xfb, 0xff, 
  0x14, 0xfb, 0xff, 0x14, 0xfb, 0xff, 0x14, 0xfb, 0xff, 0x14, 0xfb, 0xff, 
  0xf3, 0xfa, 0xff, 0xf3, 0xfa, 0xff, 0xf3, 0xfa, 0xff, 0xf3, 0xfa, 0xff, 
  0xf3, 0xfa, 0xff, 0xf3, 0xfa, 0xff, 0xf3, 0xfa, 0xff, 0xf3, 0xfa, 0xff, 
  0xf3, 0xfa, 0xff, 0xf3, 0xfa, 0xff, 0xf3, 0xfa, 0xff, 0xf3, 0xfa, 0xff, 
  0xf3, 0xfa, 0xff, 0xf3, 0xfa, 0xff, 0xf3, 0xfa, 0xff, 0xf3, 0xfa, 0xff, 
  0xf3, 0xfa, 0xff, 0xf3, 0xfa, 0xff, 0xf3, 0xfa, 0xff, 0xf3, 0xfa, 0xff, 
  0xf3, 0xfa, 0xff, 0xf3, 0xfa, 0xff, 0xf3, 0xfa, 0xff, 0xf3, 0xfa, 0xff, 
  0xf3, 0xfa, 0xff, 0xf3, 0xfa, 0xff, 0xf3, 0xfa, 0xff, 0xf3, 0xfa, 0xff, 
  0xf3, 0xfa, 0xff, 0xf3, 0xfa, 0xff, 0x34, 0xfb, 0xff, 0x74, 0xfb, 0xff, 
  0x74, 0xfb, 0xff, 0xd5, 0xfb, 0xff, 0x14, 0xe4, 0x00, 0xff, 0xfe, 0x00, 
  0xbf, 0xff, 0x00, 0xff, 0xff, 0x00, 0xff, 0xff, 0x00, 0xff, 0xff, 0x00, 
  0x9e, 0xf7, 0x00, 0x3c, 0xe7, 0x00, 0xbe, 0xf7, 0x00, 0xff, 0xff, 0x00, 
  0xff, 0xff, 0x00, 0xff, 0xff, 0x00, 0xff, 0xff, 0x00, 0xff, 0xff, 0x00, 
  0xff, 0xff, 0x00, 0xff, 0xff, 0x00, 0xff, 0xff, 0x00, 0xff, 0xff, 0x00, 
  0xff, 0xff, 0x00, 0xff, 0xff, 0x00, 0x7d, 0xf7, 0x00, 0x1c, 0xe7, 0x00, 
  0xdf, 0xff, 0x00, 0xff, 0xff, 0x00, 0xff, 0xff, 0x00, 0xbf, 0xff, 0x00, 
  0xfe, 0xfe, 0x00, 0xd4, 0xdb, 0x00, 0x74, 0xf3, 0xff, 0x34, 0xfb, 0xff, 
  0x14, 0xfb, 0xff, 0x14, 0xfb, 0xff, 0x34, 0xfb, 0xff, 0x34, 0xfb, 0xff, 
  0x14, 0xfb, 0xff, 0x14, 0xfb, 0xff, 0x34, 0xfb, 0xff, 0x34, 0xfb, 0xff, 
  0x14, 0xfb, 0xff, 0x14, 0xfb, 0xff, 0x13, 0xfb, 0xff, 0xf3, 0xfa, 0xff, 
  0xf3, 0xfa, 0xff, 0xf3, 0xfa, 0xff, 0xf3, 0xfa, 0xff, 0xd3, 0xfa, 0xff, 
  0xf3, 0xfa, 0xff, 0xf3, 0xfa, 0xff, 0xf3, 0xfa, 0xff, 0xf3, 0xfa, 0xff, 
  0xf3, 0xfa, 0xff, 0xf3, 0xfa, 0xff, 0xf3, 0xfa, 0xff, 0xf3, 0xfa, 0xff, 
  0xf3, 0xfa, 0xff, 0xf3, 0xfa, 0xff, 0xf3, 0xfa, 0xff, 0xf3, 0xfa, 0xff, 
  0xf3, 0xfa, 0xff, 0xf3, 0xfa, 0xff, 0xf3, 0xfa, 0xff, 0xf3, 0xfa, 0xff, 
  0xf3, 0xfa, 0xff, 0xf3, 0xfa, 0xff, 0xf3, 0xfa, 0xff, 0xf3, 0xfa, 0xff, 
  0xf3, 0xfa, 0xff, 0xf3, 0xfa, 0xff, 0xf3, 0xfa, 0xff, 0xf3, 0xfa, 0xff, 
  0xf3, 0xfa, 0xff, 0xf3, 0xfa, 0xff, 0xf3, 0xfa, 0xff, 0x13, 0xfb, 0xff, 
  0x13, 0xfb, 0xff, 0x14, 0xfb, 0xff, 0x34, 0xfb, 0xff, 0x14, 0xfb, 0xff, 
  0x14, 0xfb, 0xff, 0x14, 0xfb, 0xff, 0x14, 0xfb, 0xff, 0x14, 0xfb, 0xff, 
  0x14, 0xfb, 0xff, 0x14, 0xfb, 0xff, 0x34, 0xfb, 0xff, 0x34, 0xfb, 0xff, 
  0x13, 0xfb, 0xff, 0xf3, 0xfa, 0xff, 0xf3, 0xfa, 0xff, 0xf3, 0xfa, 0xff, 
  0xf3, 0xfa, 0xff, 0xf3, 0xfa, 0xff, 0xf3, 0xfa, 0xff, 0xf3, 0xfa, 0xff, 
  0xf3, 0xfa, 0xff, 0xf3, 0xfa, 0xff, 0xf3, 0xfa, 0xff, 0xf3, 0xfa, 0xff, 
  0xf3, 0xfa, 0xff, 0xf3, 0xfa, 0xff, 0xf3, 0xfa, 0xff, 0xf3, 0xfa, 0xff, 
  0xf3, 0xfa, 0xff, 0xf3, 0xfa, 0xff, 0xf3, 0xfa, 0xff, 0xf3, 0xfa, 0xff, 
  0xf3, 0xfa, 0xff, 0xf3, 0xfa, 0xff, 0xf3, 0xfa, 0xff, 0xf3, 0xfa, 0xff, 
  0xf3, 0xfa, 0xff, 0xf3, 0xfa, 0xff, 0xf3, 0xfa, 0xff, 0xf3, 0xfa, 0xff, 
  0xf3, 0xfa, 0xff, 0xf3, 0xfa, 0xff, 0x34, 0xfb, 0xff, 0x74, 0xfb, 0xff, 
  0x75, 0xfb, 0xff, 0x53, 0xe3, 0xff, 0xba, 0xfd, 0x00, 0xbf, 0xff, 0x00, 
  0xdf, 0xff, 0x00, 0xff, 0xff, 0x00, 0xff, 0xff, 0x00, 0xff, 0xff, 0x00, 
  0x3c, 0xe7, 0x00, 0x7d, 0xef, 0x00, 0xff, 0xff, 0x00, 0xff, 0xff, 0x00, 
  0xff, 0xff, 0x00, 0xff, 0xff, 0x00, 0xff, 0xff, 0x00, 0xff, 0xff, 0x00, 
  0xff, 0xff, 0x00, 0xff, 0xff, 0x00, 0xff, 0xff, 0x00, 0xff, 0xff, 0x00, 
  0xff, 0xff, 0x00, 0xff, 0xff, 0x00, 0xde, 0xff, 0x00, 0x1c, 0xef, 0x00, 
  0x7d, 0xf7, 0x00, 0xff, 0xff, 0x00, 0xff, 0xff, 0x00, 0xdf, 0xff, 0x00, 
  0x9f, 0xff, 0x00, 0xba, 0xfd, 0x00, 0x32, 0xdb, 0xff, 0x54, 0xfb, 0xff, 
  0x34, 0xfb, 0xff, 0x14, 0xfb, 0xff, 0x14, 0xfb, 0xff, 0x14, 0xfb, 0xff, 
  0x14, 0xfb, 0xff, 0x14, 0xfb, 0xff, 0x34, 0xfb, 0xff, 0x34, 0xfb, 0xff, 
  0x14, 0xfb, 0xff, 0x13, 0xfb, 0xff, 0xf3, 0xfa, 0xff, 0xf3, 0xfa, 0xff, 
  0xf3, 0xfa, 0xff, 0xf3, 0xfa, 0xff, 0xf3, 0xfa, 0xff, 0xf3, 0xfa, 0xff, 
  0xf3, 0xfa, 0xff, 0xf3, 0xfa, 0xff, 0xf3, 0xfa, 0xff, 0xf3, 0xfa, 0xff, 
  0xf3, 0xfa, 0xff, 0xf3, 0xfa, 0xff, 0xf3, 0xfa, 0xff, 0xf3, 0xfa, 0xff, 
  0xf3, 0xfa, 0xff, 0xf3, 0xfa, 0xff, 0xf3, 0xfa, 0xff, 0xf3, 0xfa, 0xff, 
  0xf3, 0xfa, 0xff, 0xf3, 0xfa, 0xff, 0xf3, 0xfa, 0xff, 0xf3, 0xfa, 0xff, 
  0xf3, 0xfa, 0xff, 0xf3, 0xfa, 0xff, 0xf3, 0xfa, 0xff, 0xf3, 0xfa, 0xff, 
  0xf3, 0xfa, 0xff, 0xf3, 0xfa, 0xff, 0xf3, 0xfa, 0xff, 0xf3, 0xfa, 0xff, 
  0xf3, 0xfa, 0xff, 0xf3, 0xfa, 0xff, 0xf3, 0xfa, 0xff, 0xf3, 0xfa, 0xff, 
  0x13, 0xfb, 0xff, 0x14, 0xfb, 0xff, 0x14, 0xfb, 0xff, 0x14, 0xfb, 0xff, 
  0x14, 0xfb, 0xff, 0x14, 0xfb, 0xff, 0x14, 0xfb, 0xff, 0x14, 0xfb, 0xff, 
  0x14, 0xfb, 0xff, 0x14, 0xfb, 0xff, 0x14, 0xfb, 0xff, 0x14, 0xfb, 0xff, 
  0x13, 0xfb, 0xff, 0x13, 0xfb, 0xff, 0xf3, 0xfa, 0xff, 0xf3, 0xfa, 0xff, 
  0xf3, 0xfa, 0xff, 0xf3, 0xfa, 0xff, 0xf3, 0xfa, 0xff, 0xf3, 0xfa, 0xff, 
  0xf3, 0xfa, 0xff, 0xf3, 0xfa, 0xff, 0xf3, 0xfa, 0xff, 0xf3, 0xfa, 0xff, 
  0xf3, 0xfa, 0xff, 0xf3, 0xfa, 0xff, 0xf3, 0xfa, 0xff, 0xf3, 0xfa, 0xff, 
  0xf3, 0xfa, 0xff, 0xf3, 0xfa, 0xff, 0xf3, 0xfa, 0xff, 0xf3, 0xfa, 0xff, 
  0xf3, 0xfa, 0xff, 0xf3, 0xfa, 0xff, 0xf3, 0xfa, 0xff, 0xf3, 0xfa, 0xff, 
  0xf3, 0xfa, 0xff, 0xf3, 0xfa, 0xff, 0xf3, 0xfa, 0xff, 0xf3, 0xfa, 0xff, 
  0xf3, 0xfa, 0xff, 0xf3, 0xfa, 0xff, 0xf3, 0xfa, 0xff, 0x33, 0xfb, 0xff, 
  0x12, 0xeb, 0xff, 0xb3, 0xe3, 0x00, 0x3f, 0xff, 0x00, 0xdf, 0xff, 0x00, 
  0xff, 0xff, 0x00, 0xff, 0xff, 0x00, 0xff, 0xff, 0x00, 0x9e, 0xf7, 0x00, 
  0x1c, 0xe7, 0x00, 0xbe, 0xf7, 0x00, 0xff, 0xff, 0x00, 0xff, 0xff, 0x00, 
  0xff, 0xff, 0x00, 0xff, 0xff, 0x00, 0xff, 0xff, 0x00, 0xff, 0xff, 0x00, 
  0xff, 0xff, 0x00, 0xff, 0xff, 0x00, 0xff, 0xff, 0x00, 0xff, 0xff, 0x00, 
  0xff, 0xff, 0x00, 0xff, 0xff, 0x00, 0xff, 0xff, 0x00, 0x7d, 0xf7, 0x00, 
  0x3c, 0xe7, 0x00, 0xdf, 0xff, 0x00, 0xff, 0xff, 0x00, 0xdf, 0xff, 0x00, 
  0xdf, 0xff, 0x00, 0x5f, 0xff, 0x00, 0x15, 0xe4, 0x00, 0x53, 0xf3, 0xff, 
  0x34, 0xfb, 0xff, 0x14, 0xfb, 0xff, 0x13, 0xfb, 0xff, 0x14, 0xfb, 0xff, 
  0x14, 0xfb, 0xff, 0x13, 0xfb, 0xff, 0x33, 0xfb, 0xff, 0x34, 0xfb, 0xff, 
  0x13, 0xfb, 0xff, 0xf3, 0xfa, 0xff, 0xf3, 0xfa, 0xff, 0xf3, 0xfa, 0xff, 
  0xf3, 0xfa, 0xff, 0xf3, 0xfa, 0xff, 0xf3, 0xfa, 0xff, 0xf3, 0xfa, 0xff, 
  0xf3, 0xfa, 0xff, 0xf3, 0xfa, 0xff, 0xf3, 0xfa, 0xff, 0xf3, 0xfa, 0xff, 
  0xf3, 0xfa, 0xff, 0xf3, 0xfa, 0xff, 0xf3, 0xfa, 0xff, 0xf3, 0xfa, 0xff, 
  0xf3, 0xfa, 0xff, 0xf3, 0xfa, 0xff, 0xf3, 0xfa, 0xff, 0xf3, 0xfa, 0xff, 
  0xf3, 0xfa, 0xff, 0xf3, 0xfa, 0xff, 0xf3, 0xfa, 0xff, 0xf3, 0xfa, 0xff, 
  0xf3, 0xfa, 0xff, 0xf3, 0xfa, 0xff, 0xf3, 0xfa, 0xff, 0xf3, 0xfa, 0xff, 
  0xf3, 0xfa, 0xff, 0xf3, 0xfa, 0xff, 0xf3, 0xfa, 0xff, 0xf3, 0xfa, 0xff, 
  0xf3, 0xfa, 0xff, 0xf3, 0xfa, 0xff, 0xf3, 0xfa, 0xff, 0xf3, 0xfa, 0xff, 
  0xf3, 0xfa, 0xff, 0x13, 0xfb, 0xff, 0x13, 0xfb, 0xff, 0x13, 0xfb, 0xff, 
  0x14, 0xfb, 0xff, 0x14, 0xfb, 0xff, 0x14, 0xfb, 0xff, 0x14, 0xfb, 0xff, 
  0x14, 0xfb, 0xff, 0x14, 0xfb, 0xff, 0x14, 0xfb, 0xff, 0x13, 0xfb, 0xff, 
  0x13, 0xfb, 0xff, 0xf3, 0xfa, 0xff, 0xf3, 0xfa, 0xff, 0xf3, 0xfa, 0xff, 
  0xf3, 0xfa, 0xff, 0xf3, 0xfa, 0xff, 0xf3, 0xfa, 0xff, 0xf3, 0xfa, 0xff, 
  0xf3, 0xfa, 0xff, 0xf3, 0xfa, 0xff, 0xf3, 0xfa, 0xff, 0xf3, 0xfa, 0xff, 
  0x13, 0xfb, 0xff, 0xf3, 0xfa, 0xff, 0xf3, 0xfa, 0xff, 0xf3, 0xfa, 0xff, 
  0xf3, 0xfa, 0xff, 0xf3, 0xfa, 0xff, 0xf3, 0xfa, 0xff, 0xf3, 0xfa, 0xff, 
  0xf3, 0xfa, 0xff, 0xf3, 0xfa, 0xff, 0xf3, 0xfa, 0xff, 0xf3, 0xfa, 0xff, 
  0xf3, 0xfa, 0xff, 0x13, 0xfb, 0xff, 0x13, 0xfb, 0xff, 0xf3, 0xfa, 0xff, 
  0xf3, 0xfa, 0xff, 0xf3, 0xfa, 0xff, 0xf3, 0xfa, 0xff, 0x13, 0xf3, 0xff, 
  0x32, 0xdb, 0xff, 0x9a, 0xfd, 0x00, 0xbf, 0xff, 0x00, 0xff, 0xff, 0x00, 
  0xff, 0xff, 0x00, 0xff, 0xff, 0x00, 0xff, 0xff, 0x00, 0x3c, 0xe7, 0x00, 
  0x5d, 0xef, 0x00, 0xff, 0xff, 0x00, 0xff, 0xff, 0x00, 0xff, 0xff, 0x00, 
  0xff, 0xff, 0x00, 0xff, 0xff, 0x00, 0xff, 0xff, 0x00, 0xff, 0xff, 0x00, 
  0xff, 0xff, 0x00, 0xff, 0xff, 0x00, 0xff, 0xff, 0x00, 0xff, 0xff, 0x00, 
  0xff, 0xff, 0x00, 0xff, 0xff, 0x00, 0xff, 0xff, 0x00, 0xde, 0xff, 0x00, 
  0x3c, 0xe7, 0x00, 0x9d, 0xef, 0x00, 0xff, 0xff, 0x00, 0xff, 0xff, 0x00, 
  0xff, 0xff, 0x00, 0xbf, 0xff, 0x00, 0x3c, 0xfe, 0x00, 0x52, 0xdb, 0x00, 
  0x54, 0xfb, 0xff, 0x14, 0xfb, 0xff, 0x34, 0xfb, 0xff, 0x34, 0xfb, 0xff, 
  0x14, 0xfb, 0xff, 0x14, 0xfb, 0xff, 0x34, 0xfb, 0xff, 0x34, 0xfb, 0xff, 
  0x13, 0xfb, 0xff, 0xf3, 0xfa, 0xff, 0xf3, 0xfa, 0xff, 0xf3, 0xfa, 0xff, 
  0x13, 0xfb, 0xff, 0x13, 0xfb, 0xff, 0xf3, 0xfa, 0xff, 0xf3, 0xfa, 0xff, 
  0xf3, 0xfa, 0xff, 0xf3, 0xfa, 0xff, 0xf3, 0xfa, 0xff, 0xf3, 0xfa, 0xff, 
  0xf3, 0xfa, 0xff, 0xf3, 0xfa, 0xff, 0xf3, 0xfa, 0xff, 0xf3, 0xfa, 0xff, 
  0xf3, 0xfa, 0xff, 0xf3, 0xfa, 0xff, 0xf3, 0xfa, 0xff, 0xf3, 0xfa, 0xff, 
  0xf3, 0xfa, 0xff, 0xf3, 0xfa, 0xff, 0xf3, 0xfa, 0xff, 0xf3, 0xfa, 0xff, 
  0xf3, 0xfa, 0xff, 0xf3, 0xfa, 0xff, 0xf3, 0xfa, 0xff, 0xf3, 0xfa, 0xff, 
  0xf3, 0xfa, 0xff, 0xf3, 0xfa, 0xff, 0xf3, 0xfa, 0xff, 0xf3, 0xfa, 0xff, 
  0xf3, 0xfa, 0xff, 0xf3, 0xfa, 0xff, 0xf3, 0xfa, 0xff, 0xf3, 0xfa, 0xff, 
  0xf3, 0xfa, 0xff, 0x13, 0xfb, 0xff, 0x13, 0xfb, 0xff, 0x13, 0xfb, 0xff, 
  0x14, 0xfb, 0xff, 0x14, 0xfb, 0xff, 0x14, 0xfb, 0xff, 0x14, 0xfb, 0xff, 
  0x14, 0xfb, 0xff, 0x14, 0xfb, 0xff, 0x14, 0xfb, 0xff, 0x13, 0xfb, 0xff, 
  0xf3, 0xfa, 0xff, 0xf3, 0xfa, 0xff, 0xf3, 0xfa, 0xff, 0xf3, 0xfa, 0xff, 
  0xf3, 0xfa, 0xff, 0xf3, 0xfa, 0xff, 0xf3, 0xfa, 0xff, 0xf3, 0xfa, 0xff, 
  0xf3, 0xfa, 0xff, 0xf3, 0xfa, 0xff, 0xf3, 0xfa, 0xff, 0x13, 0xfb, 0xff, 
  0x34, 0xfb, 0xff, 0x13, 0xfb, 0xff, 0x13, 0xfb, 0xff, 0xf3, 0xfa, 0xff, 
  0xf3, 0xfa, 0xff, 0xf3, 0xfa, 0xff, 0xf3, 0xfa, 0xff, 0xf3, 0xfa, 0xff, 
  0xf3, 0xfa, 0xff, 0xf3, 0xfa, 0xff, 0xf3, 0xfa, 0xff, 0xf3, 0xfa, 0xff, 
  0xf3, 0xfa, 0xff, 0x13, 0xfb, 0xff, 0xf3, 0xfa, 0xff, 0xf3, 0xfa, 0xff, 
  0xd3, 0xfa, 0xff, 0xf3, 0xfa, 0xff, 0xf3, 0xfa, 0xff, 0x12, 0xeb, 0xff, 
  0x35, 0xe4, 0x00, 0x7f, 0xff, 0x00, 0xbf, 0xff, 0x00, 0xff, 0xff, 0x00, 
  0xff, 0xff, 0x00, 0xff, 0xff, 0x00, 0x7e, 0xf7, 0x00, 0x1c, 0xe7, 0x00, 
  0xbe, 0xf7, 0x00, 0xff, 0xff, 0x00, 0xff, 0xff, 0x00, 0xff, 0xff, 0x00, 
  0xff, 0xff, 0x00, 0xff, 0xff, 0x00, 0xff, 0xff, 0x00, 0xff, 0xff, 0x00, 
  0xff, 0xff, 0x00, 0xff, 0xff, 0x00, 0xff, 0xff, 0x00, 0xff, 0xff, 0x00, 
  0xff, 0xff, 0x00, 0xff, 0xff, 0x00, 0xff, 0xff, 0x00, 0xff, 0xff, 0x00, 
  0x9d, 0xef, 0x00, 0x3c, 0xe7, 0x00, 0xbe, 0xf7, 0x00, 0xff, 0xff, 0x00, 
  0xff, 0xff, 0x00, 0xbf, 0xff, 0x00, 0x9f, 0xff, 0x00, 0xf7, 0xf4, 0x00, 
  0x32, 0xe3, 0xff, 0x34, 0xfb, 0xff, 0x33, 0xfb, 0xff, 0x13, 0xfb, 0xff, 
  0x34, 0xfb, 0xff, 0x34, 0xfb, 0xff, 0x34, 0xfb, 0xff, 0x14, 0xfb, 0xff, 
  0xf3, 0xfa, 0xff, 0xf3, 0xfa, 0xff, 0xf3, 0xfa, 0xff, 0xf3, 0xfa, 0xff, 
  0xf3, 0xfa, 0xff, 0x13, 0xfb, 0xff, 0x13, 0xfb, 0xff, 0xf3, 0xfa, 0xff, 
  0xf3, 0xfa, 0xff, 0xf3, 0xfa, 0xff, 0xf3, 0xfa, 0xff, 0xf3, 0xfa, 0xff, 
  0xf3, 0xfa, 0xff, 0xf3, 0xfa, 0xff, 0xf3, 0xfa, 0xff, 0xf3, 0xfa, 0xff, 
  0xf3, 0xfa, 0xff, 0xf3, 0xfa, 0xff, 0xf3, 0xfa, 0xff, 0xf3, 0xfa, 0xff, 
  0xf3, 0xfa, 0xff, 0xf3, 0xfa, 0xff, 0xf3, 0xfa, 0xff, 0xf3, 0xfa, 0xff, 
  0xf3, 0xfa, 0xff, 0xf3, 0xfa, 0xff, 0xf3, 0xfa, 0xff, 0xf3, 0xfa, 0xff, 
  0xf3, 0xfa, 0xff, 0x13, 0xfb, 0xff, 0xf3, 0xfa, 0xff, 0xf3, 0xfa, 0xff, 
  0xf3, 0xfa, 0xff, 0xf3, 0xfa, 0xff, 0xf3, 0xfa, 0xff, 0xf3, 0xfa, 0xff, 
  0xf3, 0xfa, 0xff, 0xf3, 0xfa, 0xff, 0x13, 0xfb, 0xff, 0x33, 0xfb, 0xff, 
  0x34, 0xfb, 0xff, 0x14, 0xfb, 0xff, 0x13, 0xfb, 0xff, 0x14, 0xfb, 0xff, 
  0x34, 0xfb, 0xff, 0x34, 0xfb, 0xff, 0x13, 0xfb, 0xff, 0xf3, 0xfa, 0xff, 
  0xf3, 0xfa, 0xff, 0xf3, 0xfa, 0xff, 0xf3, 0xfa, 0xff, 0xf3, 0xfa, 0xff, 
  0xf3, 0xfa, 0xff, 0xf3, 0xfa, 0xff, 0xf3, 0xfa, 0xff, 0xf3, 0xfa, 0xff, 
  0xf3, 0xfa, 0xff, 0xf3, 0xfa, 0xff, 0xf3, 0xfa, 0xff, 0x34, 0xfb, 0xff, 
  0x75, 0xfb, 0xff, 0x34, 0xfb, 0xff, 0xf3, 0xfa, 0xff, 0xf3, 0xfa, 0xff, 
  0xf3, 0xfa, 0xff, 0xf3, 0xfa, 0xff, 0xf3, 0xfa, 0xff, 0xf3, 0xfa, 0xff, 
  0xf3, 0xfa, 0xff, 0xf3, 0xfa, 0xff, 0xf3, 0xfa, 0xff, 0xf3, 0xfa, 0xff, 
  0xf3, 0xfa, 0xff, 0xf3, 0xfa, 0xff, 0xd3, 0xfa, 0xff, 0x13, 0xfb, 0xff, 
  0xf3, 0xfa, 0xff, 0xf3, 0xfa, 0xff, 0x13, 0xfb, 0xff, 0x32, 0xe3, 0x00, 
  0xde, 0xfe, 0x00, 0xbf, 0xff, 0x00, 0xff, 0xff, 0x00, 0xff, 0xff, 0x00, 
  0xff, 0xff, 0x00, 0xbe, 0xf7, 0x00, 0x3c, 0xef, 0x00, 0x5d, 0xef, 0x00, 
  0xff, 0xff, 0x00, 0xff, 0xff, 0x00, 0xff, 0xff, 0x00, 0xff, 0xff, 0x00, 
  0xff, 0xff, 0x00, 0xff, 0xff, 0x00, 0xff, 0xff, 0x00, 0xff, 0xff, 0x00, 
  0xff, 0xff, 0x00, 0xff, 0xff, 0x00, 0xff, 0xff, 0x00, 0xff, 0xff, 0x00, 
  0xff, 0xff, 0x00, 0xff, 0xff, 0x00, 0xff, 0xff, 0x00, 0xff, 0xff, 0x00, 
  0xff, 0xff, 0x00, 0x3c, 0xe7, 0x00, 0x5d, 0xef, 0x00, 0xdf, 0xff, 0x00, 
  0xff, 0xff, 0x00, 0xff, 0xff, 0x00, 0xdf, 0xff, 0x00, 0x1e, 0xff, 0x00, 
  0xf4, 0xe3, 0x00, 0x53, 0xf3, 0xff, 0x33, 0xfb, 0xff, 0x54, 0xfb, 0xff, 
  0x34, 0xfb, 0xff, 0x13, 0xfb, 0xff, 0x14, 0xfb, 0xff, 0xf3, 0xfa, 0xff, 
  0xf3, 0xfa, 0xff, 0xf3, 0xfa, 0xff, 0xf3, 0xfa, 0xff, 0xf3, 0xfa, 0xff, 
  0xf3, 0xfa, 0xff, 0xf3, 0xfa, 0xff, 0x13, 0xfb, 0xff, 0xf3, 0xfa, 0xff, 
  0xf3, 0xfa, 0xff, 0xf3, 0xfa, 0xff, 0xf3, 0xfa, 0xff, 0xf3, 0xfa, 0xff, 
  0xf3, 0xfa, 0xff, 0xf3, 0xfa, 0xff, 0xf3, 0xfa, 0xff, 0xf3, 0xfa, 0xff, 
  0xf3, 0xfa, 0xff, 0xf3, 0xfa, 0xff, 0xf3, 0xfa, 0xff, 0xf3, 0xfa, 0xff, 
  0xf3, 0xfa, 0xff, 0xf3, 0xfa, 0xff, 0xf3, 0xfa, 0xff, 0xf3, 0xfa, 0xff, 
  0xf3, 0xfa, 0xff, 0xd3, 0xfa, 0xff, 0x13, 0xfb, 0xff, 0xf3, 0xfa, 0xff, 
  0x13, 0xfb, 0xff, 0x54, 0xfb, 0xff, 0x13, 0xfb, 0xff, 0xf3, 0xfa, 0xff, 
  0xf3, 0xfa, 0xff, 0xf3, 0xfa, 0xff, 0xf3, 0xfa, 0xff, 0xf3, 0xfa, 0xff, 
  0xf3, 0xfa, 0xff, 0xf3, 0xfa, 0xff, 0xf3, 0xfa, 0xff, 0x13, 0xfb, 0xff, 
  0x14, 0xfb, 0xff, 0x14, 0xfb, 0xff, 0x14, 0xfb, 0xff, 0x14, 0xfb, 0xff, 
  0x34, 0xfb, 0xff, 0x14, 0xfb, 0xff, 0x13, 0xfb, 0xff, 0xf3, 0xfa, 0xff, 
  0xf3, 0xfa, 0xff, 0xf3, 0xfa, 0xff, 0xf3, 0xfa, 0xff, 0xf3, 0xfa, 0xff, 
  0xf3, 0xfa, 0xff, 0xf3, 0xfa, 0xff, 0xf3, 0xfa, 0xff, 0xf3, 0xfa, 0xff, 
  0xf3, 0xfa, 0xff, 0xf3, 0xfa, 0xff, 0x14, 0xfb, 0xff, 0x54, 0xfb, 0xff, 
  0x75, 0xfb, 0xff, 0x54, 0xfb, 0xff, 0x34, 0xfb, 0xff, 0xf3, 0xfa, 0xff, 
  0xf3, 0xfa, 0xff, 0xf3, 0xfa, 0xff, 0xf3, 0xfa, 0xff, 0xf3, 0xfa, 0xff, 
  0xf3, 0xfa, 0xff, 0xf3, 0xfa, 0xff, 0xf3, 0xfa, 0xff, 0xf3, 0xfa, 0xff, 
  0x13, 0xfb, 0xff, 0xf3, 0xfa, 0xff, 0xd3, 0xfa, 0xff, 0xd3, 0xfa, 0xff, 
  0xf3, 0xfa, 0xff, 0x33, 0xfb, 0xff, 0xf1, 0xe2, 0xff, 0x79, 0xfd, 0x00, 
  0x9f, 0xff, 0x00, 0xdf, 0xff, 0x00, 0xff, 0xff, 0x00, 0xff, 0xff, 0x00, 
  0xff, 0xff, 0x00, 0x7d, 0xef, 0x00, 0x1c, 0xe7, 0x00, 0xbe, 0xff, 0x00, 
  0xff, 0xff, 0x00, 0xff, 0xff, 0x00, 0xff, 0xff, 0x00, 0xff, 0xff, 0x00, 
  0xff, 0xff, 0x00, 0xff, 0xff, 0x00, 0xff, 0xff, 0x00, 0xff, 0xff, 0x00, 
  0xff, 0xff, 0x00, 0xff, 0xff, 0x00, 0xff, 0xff, 0x00, 0xff, 0xff, 0x00, 
  0xff, 0xff, 0x00, 0xff, 0xff, 0x00, 0xff, 0xff, 0x00, 0xff, 0xff, 0x00, 
  0xff, 0xff, 0x00, 0x9e, 0xf7, 0x00, 0x1c, 0xe7, 0x00, 0x9e, 0xf7, 0x00, 
  0xff, 0xff, 0x00, 0xff, 0xff, 0x00, 0xdf, 0xff, 0x00, 0xbf, 0xff, 0x00, 
  0x3c, 0xfe, 0x00, 0x93, 0xdb, 0x00, 0x53, 0xf3, 0xff, 0x33, 0xfb, 0xff, 
  0x33, 0xfb, 0xff, 0x34, 0xfb, 0xff, 0xf3, 0xfa, 0xff, 0xf3, 0xfa, 0xff, 
  0xf3, 0xfa, 0xff, 0xf3, 0xfa, 0xff, 0xf3, 0xfa, 0xff, 0xf3, 0xfa, 0xff, 
  0xf3, 0xfa, 0xff, 0xf3, 0xfa, 0xff, 0xf3, 0xfa, 0xff, 0xf3, 0xfa, 0xff, 
  0xf3, 0xfa, 0xff, 0xf3, 0xfa, 0xff, 0xf3, 0xfa, 0xff, 0xf3, 0xfa, 0xff, 
  0xf3, 0xfa, 0xff, 0xf3, 0xfa, 0xff, 0xf3, 0xfa, 0xff, 0xf3, 0xfa, 0xff, 
  0xf3, 0xfa, 0xff, 0xf3, 0xfa, 0xff, 0xf3, 0xfa, 0xff, 0xf3, 0xfa, 0xff, 
  0xf3, 0xfa, 0xff, 0xf3, 0xfa, 0xff, 0xf3, 0xfa, 0xff, 0xf3, 0xfa, 0xff, 
  0xf3, 0xfa, 0xff, 0xd3, 0xfa, 0xff, 0xf3, 0xfa, 0xff, 0x13, 0xfb, 0xff, 
  0x34, 0xfb, 0xff, 0x75, 0xfb, 0xff, 0x34, 0xfb, 0xff, 0xf3, 0xfa, 0xff, 
  0xf3, 0xfa, 0xff, 0xf3, 0xfa, 0xff, 0xf3, 0xfa, 0xff, 0x13, 0xfb, 0xff, 
  0x13, 0xfb, 0xff, 0xf3, 0xfa, 0xff, 0xf3, 0xfa, 0xff, 0x13, 0xfb, 0xff, 
  0x14, 0xfb, 0xff, 0x14, 0xfb, 0xff, 0x14, 0xfb, 0xff, 0x14, 0xfb, 0xff, 
  0x14, 0xfb, 0xff, 0x13, 0xfb, 0xff, 0x13, 0xfb, 0xff, 0xf3, 0xfa, 0xff, 
  0xf3, 0xfa, 0xff, 0xf3, 0xfa, 0xff, 0xf3, 0xfa, 0xff, 0xf3, 0xfa, 0xff, 
  0xf3, 0xfa, 0xff, 0xf3, 0xfa, 0xff, 0xf3, 0xfa, 0xff, 0xf3, 0xfa, 0xff, 
  0xf3, 0xfa, 0xff, 0x13, 0xfb, 0xff, 0x54, 0xfb, 0xff, 0x75, 0xfb, 0xff, 
  0x75, 0xfb, 0xff, 0x75, 0xfb, 0xff, 0x55, 0xfb, 0xff, 0xf3, 0xfa, 0xff, 
  0xf3, 0xfa, 0xff, 0xf3, 0xfa, 0xff, 0xf3, 0xfa, 0xff, 0xf3, 0xfa, 0xff, 
  0xf3, 0xfa, 0xff, 0xf3, 0xfa, 0xff, 0xf3, 0xfa, 0xff, 0xf3, 0xfa, 0xff, 
  0xf3, 0xfa, 0xff, 0xd3, 0xfa, 0xff, 0xf3, 0xfa, 0xff, 0xf3, 0xfa, 0xff, 
  0x13, 0xfb, 0xff, 0xf1, 0xe2, 0xff, 0x96, 0xec, 0x00, 0x7f, 0xff, 0x00, 
  0xdf, 0xff, 0x00, 0xff, 0xff, 0x00, 0xff, 0xff, 0x00, 0xff, 0xff, 0x00, 
  0xbe, 0xf7, 0x00, 0x1c, 0xe7, 0x00, 0x7e, 0xf7, 0x00, 0xff, 0xff, 0x00, 
  0xff, 0xff, 0x00, 0xff, 0xff, 0x00, 0xff, 0xff, 0x00, 0xff, 0xff, 0x00, 
  0xff, 0xff, 0x00, 0xff, 0xff, 0x00, 0xff, 0xff, 0x00, 0xff, 0xff, 0x00, 
  0xff, 0xff, 0x00, 0xff, 0xff, 0x00, 0xff, 0xff, 0x00, 0xff, 0xff, 0x00, 
  0xff, 0xff, 0x00, 0xff, 0xff, 0x00, 0xff, 0xff, 0x00, 0xff, 0xff, 0x00, 
  0xff, 0xff, 0x00, 0xff, 0xff, 0x00, 0x5d, 0xef, 0x00, 0x3c, 0xe7, 0x00, 
  0xbe, 0xf7, 0x00, 0xff, 0xff, 0x00, 0xff, 0xff, 0x00, 0xdf, 0xff, 0x00, 
  0x9f, 0xff, 0x00, 0x59, 0xfd, 0x00, 0x53, 0xe3, 0xff, 0x33, 0xfb, 0xff, 
  0x33, 0xfb, 0xff, 0x13, 0xfb, 0xff, 0xf3, 0xfa, 0xff, 0xf3, 0xfa, 0xff, 
  0xf3, 0xfa, 0xff, 0xf3, 0xfa, 0xff, 0xf3, 0xfa, 0xff, 0xf3, 0xfa, 0xff, 
  0xf3, 0xfa, 0xff, 0xf3, 0xfa, 0xff, 0xf3, 0xfa, 0xff, 0xf3, 0xfa, 0xff, 
  0xf3, 0xfa, 0xff, 0xf3, 0xfa, 0xff, 0xf3, 0xfa, 0xff, 0xf3, 0xfa, 0xff, 
  0xf3, 0xfa, 0xff, 0xf3, 0xfa, 0xff, 0xf3, 0xfa, 0xff, 0xf3, 0xfa, 0xff, 
  0xf3, 0xfa, 0xff, 0xf3, 0xfa, 0xff, 0xf3, 0xfa, 0xff, 0xf3, 0xfa, 0xff, 
  0xf3, 0xfa, 0xff, 0xf3, 0xfa, 0xff, 0xf3, 0xfa, 0xff, 0xf3, 0xfa, 0xff, 
  0xf3, 0xfa, 0xff, 0x13, 0xfb, 0xff, 0xd3, 0xf2, 0xff, 0x34, 0xfb, 0xff, 
  0x75, 0xfb, 0xff, 0x54, 0xfb, 0xff, 0x74, 0xfb, 0xff, 0x13, 0xfb, 0xff, 
  0xf3, 0xfa, 0xff, 0xf3, 0xfa, 0xff, 0x13, 0xfb, 0xff, 0x14, 0xfb, 0xff, 
  0x13, 0xfb, 0xff, 0x13, 0xfb, 0xff, 0xf3, 0xfa, 0xff, 0x13, 0xfb, 0xff, 
  0x13, 0xfb, 0xff, 0x14, 0xfb, 0xff, 0x14, 0xfb, 0xff, 0x14, 0xfb, 0xff, 
  0x13, 0xfb, 0xff, 0x13, 0xfb, 0xff, 0xf3, 0xfa, 0xff, 0xf3, 0xfa, 0xff, 
  0xf3, 0xfa, 0xff, 0xf3, 0xfa, 0xff, 0xf3, 0xfa, 0xff, 0xf3, 0xfa, 0xff, 
  0xf3, 0xfa, 0xff, 0xf3, 0xfa, 0xff, 0xf3, 0xfa, 0xff, 0xf3, 0xfa, 0xff, 
  0xf3, 0xfa, 0xff, 0x34, 0xfb, 0xff, 0x75, 0xfb, 0xff, 0x75, 0xfb, 0xff, 
  0x75, 0xfb, 0xff, 0x75, 0xfb, 0xff, 0x75, 0xfb, 0xff, 0x34, 0xfb, 0xff, 
  0xf3, 0xfa, 0xff, 0xf3, 0xfa, 0xff, 0xf3, 0xfa, 0xff, 0xf3, 0xfa, 0xff, 
  0xf3, 0xfa, 0xff, 0xf3, 0xfa, 0xff, 0xf3, 0xfa, 0xff, 0xf3, 0xfa, 0xff, 
  0xf3, 0xfa, 0xff, 0xf3, 0xfa, 0xff, 0xd3, 0xfa, 0xff, 0x13, 0xfb, 0xff, 
  0x12, 0xeb, 0xff, 0xd4, 0xe3, 0x00, 0x1e, 0xff, 0x00, 0xbf, 0xff, 0x00, 
  0xdf, 0xff, 0x00, 0xff, 0xff, 0x00, 0xff, 0xff, 0x00, 0xff, 0xff, 0x00, 
  0x3c, 0xe7, 0x00, 0x5c, 0xe7, 0x00, 0xff, 0xff, 0x00, 0xff, 0xff, 0x00, 
  0xff, 0xff, 0x00, 0xff, 0xff, 0x00, 0xff, 0xff, 0x00, 0xff, 0xff, 0x00, 
  0xff, 0xff, 0x00, 0xff, 0xff, 0x00, 0xff, 0xff, 0x00, 0xff, 0xff, 0x00, 
  0xff, 0xff, 0x00, 0xff, 0xff, 0x00, 0xff, 0xff, 0x00, 0xff, 0xff, 0x00, 
  0xff, 0xff, 0x00, 0xff, 0xff, 0x00, 0xff, 0xff, 0x00, 0xff, 0xff, 0x00, 
  0xff, 0xff, 0x00, 0xff, 0xff, 0x00, 0xdf, 0xff, 0x00, 0x3c, 0xe7, 0x00, 
  0x7d, 0xe7, 0x00, 0xff, 0xff, 0x00, 0xff, 0xff, 0x00, 0xff, 0xff, 0x00, 
  0xdf, 0xff, 0x00, 0x7f, 0xff, 0x00, 0x96, 0xf4, 0x00, 0x53, 0xeb, 0xff, 
  0x13, 0xfb, 0xff, 0x34, 0xfb, 0xff, 0xf3, 0xfa, 0xff, 0xf3, 0xfa, 0xff, 
  0xf3, 0xfa, 0xff, 0xf3, 0xfa, 0xff, 0xf3, 0xfa, 0xff, 0xf3, 0xfa, 0xff, 
  0xf3, 0xfa, 0xff, 0xf3, 0xfa, 0xff, 0xf3, 0xfa, 0xff, 0xf3, 0xfa, 0xff, 
  0xf3, 0xfa, 0xff, 0xf3, 0xfa, 0xff, 0xf3, 0xfa, 0xff, 0xf3, 0xfa, 0xff, 
  0xf3, 0xfa, 0xff, 0xf3, 0xfa, 0xff, 0xf3, 0xfa, 0xff, 0xf3, 0xfa, 0xff, 
  0xf3, 0xfa, 0xff, 0xf3, 0xfa, 0xff, 0xf3, 0xfa, 0xff, 0xf3, 0xfa, 0xff, 
  0xf3, 0xfa, 0xff, 0xf3, 0xfa, 0xff, 0xf3, 0xfa, 0xff, 0xf3, 0xfa, 0xff, 
  0xf3, 0xfa, 0xff, 0x13, 0xfb, 0xff, 0xf3, 0xfa, 0xff, 0x55, 0xfb, 0xff, 
  0x75, 0xfb, 0xff, 0x54, 0xfb, 0xff, 0x75, 0xfb, 0xff, 0x54, 0xfb, 0xff, 
  0x13, 0xfb, 0xff, 0x13, 0xfb, 0xff, 0x13, 0xfb, 0xff, 0x14, 0xfb, 0xff, 
  0x14, 0xfb, 0xff, 0x13, 0xfb, 0xff, 0xf3, 0xfa, 0xff, 0xf3, 0xfa, 0xff, 
  0x13, 0xfb, 0xff, 0x13, 0xfb, 0xff, 0x13, 0xfb, 0xff, 0x13, 0xfb, 0xff, 
  0x13, 0xfb, 0xff, 0x13, 0xfb, 0xff, 0x13, 0xfb, 0xff, 0x13, 0xfb, 0xff, 
  0x13, 0xfb, 0xff, 0x13, 0xfb, 0xff, 0x13, 0xfb, 0xff, 0x13, 0xfb, 0xff, 
  0x13, 0xfb, 0xff, 0x13, 0xfb, 0xff, 0xf3, 0xfa, 0xff, 0xf3, 0xfa, 0xff, 
  0x13, 0xfb, 0xff, 0x54, 0xfb, 0xff, 0x75, 0xfb, 0xff, 0x75, 0xfb, 0xff, 
  0x75, 0xfb, 0xff, 0x75, 0xfb, 0xff, 0x75, 0xfb, 0xff, 0x55, 0xfb, 0xff, 
  0x13, 0xfb, 0xff, 0xf3, 0xfa, 0xff, 0xf3, 0xfa, 0xff, 0xf3, 0xfa, 0xff, 
  0xf3, 0xfa, 0xff, 0xf3, 0xfa, 0xff, 0xf3, 0xfa, 0xff, 0xf3, 0xfa, 0xff, 
  0xf3, 0xfa, 0xff, 0xf3, 0xfa, 0xff, 0x13, 0xfb, 0xff, 0x33, 0xf3, 0xff, 
  0x52, 0xd3, 0x00, 0x7d, 0xfe, 0x00, 0xbf, 0xff, 0x00, 0xff, 0xff, 0x00, 
  0xff, 0xff, 0x00, 0xff, 0xff, 0x00, 0xff, 0xff, 0x00, 0x9d, 0xef, 0x00, 
  0x1c, 0xdf, 0x00, 0xdf, 0xff, 0x00, 0xff, 0xff, 0x00, 0xff, 0xff, 0x00, 
  0xff, 0xff, 0x00, 0xff, 0xff, 0x00, 0xff, 0xff, 0x00, 0xff, 0xff, 0x00, 
  0xff, 0xff, 0x00, 0xff, 0xff, 0x00, 0xff, 0xff, 0x00, 0xff, 0xff, 0x00, 
  0xff, 0xff, 0x00, 0xff, 0xff, 0x00, 0xff, 0xff, 0x00, 0xff, 0xff, 0x00, 
  0xff, 0xff, 0x00, 0xff, 0xff, 0x00, 0xff, 0xff, 0x00, 0xff, 0xff, 0x00, 
  0xff, 0xff, 0x00, 0xff, 0xff, 0x00, 0xff, 0xff, 0x00, 0xbe, 0xf7, 0x00, 
  0x3c, 0xe7, 0x00, 0x9d, 0xef, 0x00, 0xdf, 0xff, 0x00, 0xff, 0xff, 0x00, 
  0xff, 0xff, 0x00, 0xbf, 0xff, 0x00, 0xfe, 0xfe, 0x00, 0x35, 0xec, 0x00, 
  0x32, 0xeb, 0xff, 0x13, 0xfb, 0xff, 0x13, 0xfb, 0xff, 0xf3, 0xfa, 0xff, 
  0xf3, 0xfa, 0xff, 0xf3, 0xfa, 0xff, 0xf3, 0xfa, 0xff, 0xf3, 0xfa, 0xff, 
  0xf3, 0xfa, 0xff, 0xf3, 0xfa, 0xff, 0xf3, 0xfa, 0xff, 0xf3, 0xfa, 0xff, 
  0xf3, 0xfa, 0xff, 0xf3, 0xfa, 0xff, 0xf3, 0xfa, 0xff, 0xf3, 0xfa, 0xff, 
  0xf3, 0xfa, 0xff, 0xf3, 0xfa, 0xff, 0xf3, 0xfa, 0xff, 0xf3, 0xfa, 0xff, 
  0xf3, 0xfa, 0xff, 0xf3, 0xfa, 0xff, 0xf3, 0xfa, 0xff, 0xf3, 0xfa, 0xff, 
  0xf3, 0xfa, 0xff, 0xf3, 0xfa, 0xff, 0xf3, 0xfa, 0xff, 0xf3, 0xfa, 0xff, 
  0xf3, 0xfa, 0xff, 0xf3, 0xfa, 0xff, 0x34, 0xfb, 0xff, 0x75, 0xfb, 0xff, 
  0x75, 0xfb, 0xff, 0x75, 0xfb, 0xff, 0x75, 0xfb, 0xff, 0x95, 0xfb, 0xff, 
  0x34, 0xfb, 0xff, 0x34, 0xfb, 0xff, 0x34, 0xfb, 0xff, 0x14, 0xfb, 0xff, 
  0x34, 0xfb, 0xff, 0x14, 0xfb, 0xff, 0x13, 0xfb, 0xff, 0xf3, 0xfa, 0xff, 
  0xf3, 0xfa, 0xff, 0x13, 0xfb, 0xff, 0x13, 0xfb, 0xff, 0x33, 0xfb, 0xff, 
  0x13, 0xfb, 0xff, 0x13, 0xfb, 0xff, 0x13, 0xfb, 0xff, 0x13, 0xfb, 0xff, 
  0x14, 0xfb, 0xff, 0x14, 0xfb, 0xff, 0x14, 0xfb, 0xff, 0x14, 0xfb, 0xff, 
  0x14, 0xfb, 0xff, 0x13, 0xfb, 0xff, 0x13, 0xfb, 0xff, 0xf3, 0xfa, 0xff, 
  0x34, 0xfb, 0xff, 0x75, 0xfb, 0xff, 0x75, 0xfb, 0xff, 0x75, 0xfb, 0xff, 
  0x75, 0xfb, 0xff, 0x75, 0xfb, 0xff, 0x55, 0xfb, 0xff, 0x75, 0xfb, 0xff, 
  0x34, 0xfb, 0xff, 0x13, 0xfb, 0xff, 0xf3, 0xfa, 0xff, 0xf3, 0xfa, 0xff, 
  0xf3, 0xfa, 0xff, 0xf3, 0xfa, 0xff, 0xf3, 0xfa, 0xff, 0xf3, 0xfa, 0xff, 
  0xf3, 0xfa, 0xff, 0xf3, 0xfa, 0xff, 0x33, 0xf3, 0xff, 0x32, 0xdb, 0xff, 
  0xda, 0xfd, 0x00, 0x9f, 0xff, 0x00, 0xbf, 0xff, 0x00, 0xff, 0xff, 0x00, 
  0xff, 0xff, 0x00, 0xff, 0xff, 0x00, 0xbe, 0xf7, 0x00, 0x1c, 0xdf, 0x00, 
  0x9e, 0xef, 0x00, 0xff, 0xff, 0x00, 0xff, 0xff, 0x00, 0xff, 0xff, 0x00, 
  0xff, 0xff, 0x00, 0xff, 0xff, 0x00, 0xff, 0xff, 0x00, 0xff, 0xff, 0x00, 
  0xff, 0xff, 0x00, 0xff, 0xff, 0x00, 0xff, 0xff, 0x00, 0xff, 0xff, 0x00, 
  0xff, 0xff, 0x00, 0xff, 0xff, 0x00, 0xff, 0xff, 0x00, 0xff, 0xff, 0x00, 
  0xff, 0xff, 0x00, 0xff, 0xff, 0x00, 0xff, 0xff, 0x00, 0xff, 0xff, 0x00, 
  0xff, 0xff, 0x00, 0xff, 0xff, 0x00, 0xff, 0xff, 0x00, 0xff, 0xff, 0x00, 
  0x7d, 0xef, 0x00, 0x3c, 0xef, 0x00, 0xbe, 0xff, 0x00, 0xff, 0xff, 0x00, 
  0xff, 0xff, 0x00, 0xff, 0xff, 0x00, 0xbf, 0xff, 0x00, 0xde, 0xfe, 0x00, 
  0xb4, 0xe3, 0x00, 0x12, 0xeb, 0xff, 0xd3, 0xfa, 0xff, 0x13, 0xfb, 0xff, 
  0xf3, 0xfa, 0xff, 0x13, 0xfb, 0xff, 0x14, 0xfb, 0xff, 0x13, 0xfb, 0xff, 
  0xf3, 0xfa, 0xff, 0xf3, 0xfa, 0xff, 0xf3, 0xfa, 0xff, 0xf3, 0xfa, 0xff, 
  0xf3, 0xfa, 0xff, 0xf3, 0xfa, 0xff, 0xf3, 0xfa, 0xff, 0xf3, 0xfa, 0xff, 
  0xf3, 0xfa, 0xff, 0xf3, 0xfa, 0xff, 0xf3, 0xfa, 0xff, 0xf3, 0xfa, 0xff, 
  0xf3, 0xfa, 0xff, 0xf3, 0xfa, 0xff, 0xf3, 0xfa, 0xff, 0xf3, 0xfa, 0xff, 
  0xf3, 0xfa, 0xff, 0xf3, 0xfa, 0xff, 0xf3, 0xfa, 0xff, 0xf3, 0xfa, 0xff, 
  0xf3, 0xfa, 0xff, 0x13, 0xfb, 0xff, 0x75, 0xfb, 0xff, 0x55, 0xfb, 0xff, 
  0x75, 0xfb, 0xff, 0x95, 0xfb, 0xff, 0x55, 0xfb, 0xff, 0x75, 0xfb, 0xff, 
  0x34, 0xfb, 0xff, 0x34, 0xfb, 0xff, 0x14, 0xfb, 0xff, 0x14, 0xfb, 0xff, 
  0x34, 0xfb, 0xff, 0x34, 0xfb, 0xff, 0x13, 0xfb, 0xff, 0x13, 0xfb, 0xff, 
  0xf3, 0xfa, 0xff, 0x13, 0xfb, 0xff, 0x13, 0xfb, 0xff, 0x13, 0xfb, 0xff, 
  0x13, 0xfb, 0xff, 0x13, 0xfb, 0xff, 0x13, 0xfb, 0xff, 0x33, 0xfb, 0xff, 
  0x14, 0xfb, 0xff, 0x14, 0xfb, 0xff, 0x34, 0xfb, 0xff, 0x34, 0xfb, 0xff, 
  0x34, 0xfb, 0xff, 0x14, 0xfb, 0xff, 0x13, 0xfb, 0xff, 0x13, 0xfb, 0xff, 
  0x75, 0xfb, 0xff, 0x75, 0xfb, 0xff, 0x75, 0xfb, 0xff, 0x75, 0xfb, 0xff, 
  0x75, 0xfb, 0xff, 0x75, 0xfb, 0xff, 0x75, 0xfb, 0xff, 0x75, 0xfb, 0xff, 
  0x54, 0xfb, 0xff, 0x14, 0xfb, 0xff, 0xf3, 0xfa, 0xff, 0xf3, 0xfa, 0xff, 
  0xf3, 0xfa, 0xff, 0xf3, 0xfa, 0xff, 0xf3, 0xfa, 0xff, 0xf3, 0xfa, 0xff, 
  0xf3, 0xfa, 0xff, 0x34, 0xfb, 0xff, 0xf1, 0xda, 0xff, 0x39, 0xfd, 0x00, 
  0x9f, 0xff, 0x00, 0xdf, 0xff, 0x00, 0xff, 0xff, 0x00, 0xff, 0xff, 0x00, 
  0xff, 0xff, 0x00, 0xbe, 0xf7, 0x00, 0x3c, 0xe7, 0x00, 0x5d, 0xef, 0x00, 
  0xff, 0xff, 0x00, 0xff, 0xff, 0x00, 0xff, 0xff, 0x00, 0xff, 0xff, 0x00, 
  0xff, 0xff, 0x00, 0xff, 0xff, 0x00, 0xff, 0xff, 0x00, 0xff, 0xff, 0x00, 
  0xff, 0xff, 0x00, 0xff, 0xff, 0x00, 0xff, 0xff, 0x00, 0xff, 0xff, 0x00, 
  0xff, 0xff, 0x00, 0xff, 0xff, 0x00, 0xff, 0xff, 0x00, 0xff, 0xff, 0x00, 
  0xff, 0xff, 0x00, 0xff, 0xff, 0x00, 0xff, 0xff, 0x00, 0xff, 0xff, 0x00, 
  0xff, 0xff, 0x00, 0xff, 0xff, 0x00, 0xff, 0xff, 0x00, 0xff, 0xff, 0x00, 
  0xdf, 0xff, 0x00, 0x3d, 0xef, 0x00, 0x3c, 0xef, 0x00, 0xbe, 0xff, 0x00, 
  0xff, 0xff, 0x00, 0xff, 0xff, 0x00, 0xff, 0xff, 0x00, 0xbf, 0xff, 0x00, 
  0x5d, 0xfe, 0x00, 0x73, 0xdb, 0x00, 0x13, 0xf3, 0xff, 0xf3, 0xfa, 0xff, 
  0xf3, 0xfa, 0xff, 0x34, 0xfb, 0xff, 0x54, 0xfb, 0xff, 0x14, 0xfb, 0xff, 
  0xf3, 0xfa, 0xff, 0xf3, 0xfa, 0xff, 0xf3, 0xfa, 0xff, 0xf3, 0xfa, 0xff, 
  0xf3, 0xfa, 0xff, 0xf3, 0xfa, 0xff, 0xf3, 0xfa, 0xff, 0xf3, 0xfa, 0xff, 
  0xf3, 0xfa, 0xff, 0xf3, 0xfa, 0xff, 0xf3, 0xfa, 0xff, 0xf3, 0xfa, 0xff, 
  0xf3, 0xfa, 0xff, 0xf3, 0xfa, 0xff, 0xf3, 0xfa, 0xff, 0xf3, 0xfa, 0xff, 
  0xf3, 0xfa, 0xff, 0xf3, 0xfa, 0xff, 0xf3, 0xfa, 0xff, 0xf3, 0xfa, 0xff, 
  0x13, 0xfb, 0xff, 0x54, 0xfb, 0xff, 0x75, 0xfb, 0xff, 0x75, 0xfb, 0xff, 
  0x75, 0xfb, 0xff, 0x75, 0xfb, 0xff, 0x75, 0xfb, 0xff, 0x75, 0xfb, 0xff, 
  0x34, 0xfb, 0xff, 0x34, 0xfb, 0xff, 0x14, 0xfb, 0xff, 0x13, 0xfb, 0xff, 
  0x14, 0xfb, 0xff, 0x34, 0xfb, 0xff, 0x13, 0xfb, 0xff, 0x13, 0xfb, 0xff, 
  0xf3, 0xfa, 0xff, 0x13, 0xfb, 0xff, 0x13, 0xfb, 0xff, 0x13, 0xfb, 0xff, 
  0x13, 0xfb, 0xff, 0x13, 0xfb, 0xff, 0x13, 0xfb, 0xff, 0x33, 0xfb, 0xff, 
  0x13, 0xfb, 0xff, 0x14, 0xfb, 0xff, 0x14, 0xfb, 0xff, 0x14, 0xfb, 0xff, 
  0x13, 0xfb, 0xff, 0x13, 0xfb, 0xff, 0x34, 0xfb, 0xff, 0x34, 0xfb, 0xff, 
  0x75, 0xfb, 0xff, 0x75, 0xfb, 0xff, 0x75, 0xfb, 0xff, 0x75, 0xfb, 0xff, 
  0x75, 0xfb, 0xff, 0x75, 0xfb, 0xff, 0x95, 0xfb, 0xff, 0x55, 0xfb, 0xff, 
  0x75, 0xfb, 0xff, 0x34, 0xfb, 0xff, 0xf3, 0xfa, 0xff, 0xf3, 0xfa, 0xff, 
  0xf3, 0xfa, 0xff, 0xf3, 0xfa, 0xff, 0xf3, 0xfa, 0xff, 0xf3, 0xfa, 0xff, 
  0x13, 0xfb, 0xff, 0xf2, 0xe2, 0xff, 0xd7, 0xf4, 0x00, 0x7f, 0xff, 0x00, 
  0xdf, 0xff, 0x00, 0xff, 0xff, 0x00, 0xff, 0xff, 0x00, 0xff, 0xff, 0x00, 
  0xdf, 0xff, 0x00, 0x5d, 0xef, 0x00, 0x3c, 0xe7, 0x00, 0xdf, 0xff, 0x00, 
  0xff, 0xff, 0x00, 0xff, 0xff, 0x00, 0xff, 0xff, 0x00, 0xff, 0xff, 0x00, 
  0xff, 0xff, 0x00, 0xff, 0xff, 0x00, 0xff, 0xff, 0x00, 0xff, 0xff, 0x00, 
  0xff, 0xff, 0x00, 0xff, 0xff, 0x00, 0xff, 0xff, 0x00, 0xff, 0xff, 0x00, 
  0xff, 0xff, 0x00, 0xff, 0xff, 0x00, 0xff, 0xff, 0x00, 0xff, 0xff, 0x00, 
  0xff, 0xff, 0x00, 0xff, 0xff, 0x00, 0xff, 0xff, 0x00, 0xff, 0xff, 0x00, 
  0xff, 0xff, 0x00, 0xff, 0xff, 0x00, 0xff, 0xff, 0x00, 0xff, 0xff, 0x00, 
  0xff, 0xff, 0x00, 0xbe, 0xf7, 0x00, 0x5d, 0xef, 0x00, 0x3c, 0xe7, 0x00, 
  0xff, 0xff, 0x00, 0xff, 0xff, 0x00, 0xff, 0xff, 0x00, 0xdf, 0xff, 0x00, 
  0x9f, 0xff, 0x00, 0x5c, 0xfe, 0x00, 0x73, 0xe3, 0x00, 0x13, 0xf3, 0xff, 
  0x13, 0xfb, 0xff, 0x54, 0xfb, 0xff, 0x75, 0xfb, 0xff, 0x75, 0xfb, 0xff, 
  0xf3, 0xfa, 0xff, 0xf3, 0xfa, 0xff, 0xf3, 0xfa, 0xff, 0xd3, 0xfa, 0xff, 
  0xf3, 0xfa, 0xff, 0xf3, 0xfa, 0xff, 0xf3, 0xfa, 0xff, 0xf3, 0xfa, 0xff, 
  0xf3, 0xfa, 0xff, 0xf3, 0xfa, 0xff, 0xf3, 0xfa, 0xff, 0xf3, 0xfa, 0xff, 
  0xf3, 0xfa, 0xff, 0xf3, 0xfa, 0xff, 0xf3, 0xfa, 0xff, 0x13, 0xfb, 0xff, 
  0x13, 0xfb, 0xff, 0x13, 0xfb, 0xff, 0xf3, 0xfa, 0xff, 0xf3, 0xfa, 0xff, 
  0x34, 0xfb, 0xff, 0x75, 0xfb, 0xff, 0x75, 0xfb, 0xff, 0x75, 0xfb, 0xff, 
  0x75, 0xfb, 0xff, 0x95, 0xfb, 0xff, 0x75, 0xfb, 0xff, 0x54, 0xfb, 0xff, 
  0x34, 0xfb, 0xff, 0x34, 0xfb, 0xff, 0x14, 0xfb, 0xff, 0x14, 0xfb, 0xff, 
  0x14, 0xfb, 0xff, 0x13, 0xfb, 0xff, 0x33, 0xfb, 0xff, 0x33, 0xfb, 0xff, 
  0x13, 0xfb, 0xff, 0xf3, 0xfa, 0xff, 0xf3, 0xfa, 0xff, 0x13, 0xfb, 0xff, 
  0x13, 0xfb, 0xff, 0x13, 0xfb, 0xff, 0x33, 0xfb, 0xff, 0x33, 0xfb, 0xff, 
  0x34, 0xfb, 0xff, 0x13, 0xfb, 0xff, 0x14, 0xfb, 0xff, 0x34, 0xfb, 0xff, 
  0x14, 0xfb, 0xff, 0x14, 0xfb, 0xff, 0x34, 0xfb, 0xff, 0x75, 0xfb, 0xff, 
  0x75, 0xfb, 0xff, 0x75, 0xfb, 0xff, 0x75, 0xfb, 0xff, 0x75, 0xfb, 0xff, 
  0x75, 0xfb, 0xff, 0x75, 0xfb, 0xff, 0x75, 0xfb, 0xff, 0x95, 0xfb, 0xff, 
  0x75, 0xfb, 0xff, 0x75, 0xfb, 0xff, 0x14, 0xfb, 0xff, 0xf3, 0xfa, 0xff, 
  0xf3, 0xfa, 0xff, 0xf3, 0xfa, 0xff, 0x13, 0xfb, 0xff, 0x33, 0xf3, 0xff, 
  0x11, 0xdb, 0xff, 0xb7, 0xf4, 0x00, 0x7f, 0xff, 0x00, 0xbf, 0xff, 0x00, 
  0xff, 0xff, 0x00, 0xff, 0xff, 0x00, 0xff, 0xff, 0x00, 0xdf, 0xff, 0x00, 
  0x5d, 0xef, 0x00, 0x3c, 0xe7, 0x00, 0xbe, 0xf7, 0x00, 0xff, 0xff, 0x00, 
  0xff, 0xff, 0x00, 0xff, 0xff, 0x00, 0xff, 0xff, 0x00, 0xff, 0xff, 0x00, 
  0xff, 0xff, 0x00, 0xff, 0xff, 0x00, 0xff, 0xff, 0x00, 0xff, 0xff, 0x00, 
  0xff, 0xff, 0x00, 0xff, 0xff, 0x00, 0xff, 0xff, 0x00, 0xff, 0xff, 0x00, 
  0xff, 0xff, 0x00, 0xff, 0xff, 0x00, 0xff, 0xff, 0x00, 0xff, 0xff, 0x00, 
  0xff, 0xff, 0x00, 0xff, 0xff, 0x00, 0xff, 0xff, 0x00, 0xff, 0xff, 0x00, 
  0xff, 0xff, 0x00, 0xff, 0xff, 0x00, 0xff, 0xff, 0x00, 0xff, 0xff, 0x00, 
  0xff, 0xff, 0x00, 0xff, 0xff, 0x00, 0xbe, 0xf7, 0x00, 0x3c, 0xe7, 0x00, 
  0x7d, 0xef, 0x00, 0xff, 0xff, 0x00, 0xff, 0xff, 0x00, 0xff, 0xff, 0x00, 
  0xdf, 0xff, 0x00, 0x9f, 0xff, 0x00, 0x3c, 0xfe, 0x00, 0x73, 0xdb, 0x00, 
  0x53, 0xeb, 0xff, 0x95, 0xfb, 0xff, 0x75, 0xfb, 0xff, 0x75, 0xfb, 0xff, 
  0x34, 0xfb, 0xff, 0x14, 0xfb, 0xff, 0xf3, 0xfa, 0xff, 0xf3, 0xfa, 0xff, 
  0xf3, 0xfa, 0xff, 0xf3, 0xfa, 0xff, 0xf3, 0xfa, 0xff, 0xf3, 0xfa, 0xff, 
  0xf3, 0xfa, 0xff, 0xf3, 0xfa, 0xff, 0xf3, 0xfa, 0xff, 0xf3, 0xfa, 0xff, 
  0xf3, 0xfa, 0xff, 0xf3, 0xfa, 0xff, 0xf3, 0xfa, 0xff, 0x13, 0xfb, 0xff, 
  0x13, 0xfb, 0xff, 0xf3, 0xfa, 0xff, 0xf3, 0xfa, 0xff, 0xf3, 0xfa, 0xff, 
  0x55, 0xfb, 0xff, 0x75, 0xfb, 0xff, 0x75, 0xfb, 0xff, 0x75, 0xfb, 0xff, 
  0x75, 0xfb, 0xff, 0x75, 0xfb, 0xff, 0x54, 0xfb, 0xff, 0x34, 0xfb, 0xff, 
  0x34, 0xfb, 0xff, 0x13, 0xfb, 0xff, 0x13, 0xfb, 0xff, 0x14, 0xfb, 0xff, 
  0x33, 0xfb, 0xff, 0x13, 0xfb, 0xff, 0x33, 0xfb, 0xff, 0x33, 0xfb, 0xff, 
  0x13, 0xfb, 0xff, 0xf3, 0xfa, 0xff, 0xf3, 0xfa, 0xff, 0x13, 0xfb, 0xff, 
  0x13, 0xfb, 0xff, 0x33, 0xfb, 0xff, 0x33, 0xfb, 0xff, 0x33, 0xfb, 0xff, 
  0x34, 0xfb, 0xff, 0x34, 0xfb, 0xff, 0x14, 0xfb, 0xff, 0x14, 0xfb, 0xff, 
  0x14, 0xfb, 0xff, 0x34, 0xfb, 0xff, 0x54, 0xfb, 0xff, 0x75, 0xfb, 0xff, 
  0x75, 0xfb, 0xff, 0x75, 0xfb, 0xff, 0x75, 0xfb, 0xff, 0x75, 0xfb, 0xff, 
  0x75, 0xfb, 0xff, 0x75, 0xfb, 0xff, 0x75, 0xfb, 0xff, 0x75, 0xfb, 0xff, 
  0x75, 0xfb, 0xff, 0x75, 0xfb, 0xff, 0x34, 0xfb, 0xff, 0xd3, 0xfa, 0xff, 
  0xf3, 0xfa, 0xff, 0x13, 0xfb, 0xff, 0x33, 0xf3, 0xff, 0x12, 0xdb, 0xff, 
  0xd7, 0xf4, 0x00, 0x5f, 0xff, 0x00, 0xbf, 0xff, 0x00, 0xff, 0xff, 0x00, 
  0xff, 0xf7, 0x00, 0xff, 0xff, 0x00, 0xff, 0xff, 0x00, 0x7d, 0xf7, 0x00, 
  0x3c, 0xe7, 0x00, 0x9e, 0xf7, 0x00, 0xff, 0xff, 0x00, 0xff, 0xff, 0x00, 
  0xff, 0xff, 0x00, 0xff, 0xff, 0x00, 0xff, 0xff, 0x00, 0xff, 0xff, 0x00, 
  0xff, 0xff, 0x00, 0xff, 0xff, 0x00, 0xff, 0xff, 0x00, 0xff, 0xff, 0x00, 
  0xff, 0xff, 0x00, 0xff, 0xff, 0x00, 0xff, 0xff, 0x00, 0xff, 0xff, 0x00, 
  0xff, 0xff, 0x00, 0xff, 0xff, 0x00, 0xff, 0xff, 0x00, 0xff, 0xff, 0x00, 
  0xff, 0xff, 0x00, 0xff, 0xff, 0x00, 0xff, 0xff, 0x00, 0xff, 0xff, 0x00, 
  0xff, 0xff, 0x00, 0xff, 0xff, 0x00, 0xff, 0xff, 0x00, 0xff, 0xff, 0x00, 
  0xff, 0xff, 0x00, 0xff, 0xff, 0x00, 0xff, 0xff, 0x00, 0x9e, 0xf7, 0x00, 
  0x1c, 0xe7, 0x00, 0x7d, 0xef, 0x00, 0xff, 0xff, 0x00, 0xff, 0xff, 0x00, 
  0xff, 0xff, 0x00, 0xbf, 0xff, 0x00, 0xbf, 0xff, 0x00, 0x9d, 0xfe, 0x00, 
  0x15, 0xec, 0x00, 0x94, 0xeb, 0xff, 0x95, 0xfb, 0xff, 0x74, 0xfb, 0xff, 
  0x54, 0xfb, 0xff, 0x13, 0xfb, 0xff, 0xd2, 0xfa, 0xff, 0xf3, 0xfa, 0xff, 
  0xf3, 0xfa, 0xff, 0xf3, 0xfa, 0xff, 0xf3, 0xfa, 0xff, 0xf3, 0xfa, 0xff, 
  0xf3, 0xfa, 0xff, 0xf3, 0xfa, 0xff, 0xf3, 0xfa, 0xff, 0xf3, 0xfa, 0xff, 
  0xf3, 0xfa, 0xff, 0xf3, 0xfa, 0xff, 0xf3, 0xfa, 0xff, 0xf3, 0xfa, 0xff, 
  0xf3, 0xfa, 0xff, 0xf3, 0xfa, 0xff, 0xf3, 0xfa, 0xff, 0x14, 0xfb, 0xff, 
  0x75, 0xfb, 0xff, 0x75, 0xfb, 0xff, 0x75, 0xfb, 0xff, 0x75, 0xfb, 0xff, 
  0x75, 0xfb, 0xff, 0x75, 0xfb, 0xff, 0x54, 0xfb, 0xff, 0x34, 0xfb, 0xff, 
  0x34, 0xfb, 0xff, 0x14, 0xfb, 0xff, 0x14, 0xfb, 0xff, 0x14, 0xfb, 0xff, 
  0x34, 0xfb, 0xff, 0x14, 0xfb, 0xff, 0x14, 0xfb, 0xff, 0x13, 0xfb, 0xff, 
  0x13, 0xfb, 0xff, 0xf3, 0xfa, 0xff, 0xf3, 0xfa, 0xff, 0xf3, 0xfa, 0xff, 
  0x13, 0xfb, 0xff, 0x33, 0xfb, 0xff, 0x33, 0xfb, 0xff, 0x33, 0xfb, 0xff, 
  0x14, 0xfb, 0xff, 0x34, 0xfb, 0xff, 0x34, 0xfb, 0xff, 0x14, 0xfb, 0xff, 
  0x34, 0xfb, 0xff, 0x54, 0xfb, 0xff, 0x75, 0xfb, 0xff, 0x75, 0xfb, 0xff, 
  0x75, 0xfb, 0xff, 0x75, 0xfb, 0xff, 0x75, 0xfb, 0xff, 0x95, 0xfb, 0xff, 
  0x75, 0xfb, 0xff, 0x75, 0xfb, 0xff, 0x75, 0xfb, 0xff, 0x75, 0xfb, 0xff, 
  0x75, 0xfb, 0xff, 0x75, 0xfb, 0xff, 0x95, 0xfb, 0xff, 0x34, 0xfb, 0xff, 
  0x13, 0xfb, 0xff, 0x33, 0xfb, 0xff, 0x11, 0xdb, 0xff, 0x18, 0xf5, 0x00, 
  0x7f, 0xff, 0x00, 0xdf, 0xff, 0x00, 0xbf, 0xff, 0x00, 0xff, 0xff, 0x00, 
  0xff, 0xff, 0x00, 0xff, 0xff, 0x00, 0x7d, 0xf7, 0x00, 0xfc, 0xee, 0x00, 
  0x7d, 0xf7, 0x00, 0xff, 0xff, 0x00, 0xff, 0xff, 0x00, 0xff, 0xff, 0x00, 
  0xff, 0xff, 0x00, 0xff, 0xff, 0x00, 0xff, 0xff, 0x00, 0xff, 0xff, 0x00, 
  0xff, 0xff, 0x00, 0xff, 0xff, 0x00, 0xff, 0xff, 0x00, 0xff, 0xff, 0x00, 
  0xff, 0xff, 0x00, 0xff, 0xff, 0x00, 0xff, 0xff, 0x00, 0xff, 0xff, 0x00, 
  0xff, 0xff, 0x00, 0xff, 0xff, 0x00, 0xff, 0xff, 0x00, 0xff, 0xff, 0x00, 
  0xff, 0xff, 0x00, 0xff, 0xff, 0x00, 0xff, 0xff, 0x00, 0xff, 0xff, 0x00, 
  0xff, 0xff, 0x00, 0xff, 0xff, 0x00, 0xff, 0xff, 0x00, 0xff, 0xff, 0x00, 
  0xff, 0xff, 0x00, 0xff, 0xff, 0x00, 0xff, 0xff, 0x00, 0xff, 0xff, 0x00, 
  0xbe, 0xf7, 0x00, 0x1b, 0xe7, 0x00, 0x7d, 0xef, 0x00, 0xff, 0xff, 0x00, 
  0xff, 0xff, 0x00, 0xff, 0xff, 0x00, 0xff, 0xff, 0x00, 0xbf, 0xff, 0x00, 
  0xbe, 0xfe, 0x00, 0x76, 0xec, 0x00, 0x94, 0xe3, 0xff, 0xb5, 0xfb, 0xff, 
  0x95, 0xfb, 0xff, 0x34, 0xfb, 0xff, 0xf3, 0xfa, 0xff, 0xf3, 0xfa, 0xff, 
  0xf3, 0xfa, 0xff, 0xf3, 0xfa, 0xff, 0xf3, 0xfa, 0xff, 0xf3, 0xfa, 0xff, 
  0xf3, 0xfa, 0xff, 0xf3, 0xfa, 0xff, 0xf3, 0xfa, 0xff, 0xf3, 0xfa, 0xff, 
  0xf3, 0xfa, 0xff, 0xf3, 0xfa, 0xff, 0xf3, 0xfa, 0xff, 0xf3, 0xfa, 0xff, 
  0xf3, 0xfa, 0xff, 0xf3, 0xfa, 0xff, 0x14, 0xfb, 0xff, 0x34, 0xfb, 0xff, 
  0x75, 0xfb, 0xff, 0x55, 0xfb, 0xff, 0x55, 0xfb, 0xff, 0x55, 0xfb, 0xff, 
  0x75, 0xfb, 0xff, 0x54, 0xfb, 0xff, 0x34, 0xfb, 0xff, 0x34, 0xfb, 0xff, 
  0x34, 0xfb, 0xff, 0x34, 0xfb, 0xff, 0x13, 0xfb, 0xff, 0x14, 0xfb, 0xff, 
  0x14, 0xfb, 0xff, 0x14, 0xfb, 0xff, 0x14, 0xfb, 0xff, 0x14, 0xfb, 0xff, 
  0x33, 0xfb, 0xff, 0x13, 0xfb, 0xff, 0xf3, 0xfa, 0xff, 0xf3, 0xfa, 0xff, 
  0xf3, 0xfa, 0xff, 0x13, 0xfb, 0xff, 0x13, 0xfb, 0xff, 0x13, 0xfb, 0xff, 
  0x14, 0xfb, 0xff, 0x34, 0xfb, 0xff, 0x34, 0xfb, 0xff, 0x34, 0xfb, 0xff, 
  0x34, 0xfb, 0xff, 0x75, 0xfb, 0xff, 0x75, 0xfb, 0xff, 0x75, 0xfb, 0xff, 
  0x75, 0xfb, 0xff, 0x75, 0xfb, 0xff, 0x75, 0xfb, 0xff, 0x75, 0xfb, 0xff, 
  0x75, 0xfb, 0xff, 0x75, 0xfb, 0xff, 0x75, 0xfb, 0xff, 0x75, 0xfb, 0xff, 
  0x95, 0xfb, 0xff, 0x74, 0xfb, 0xff, 0x54, 0xfb, 0xff, 0x74, 0xfb, 0xff, 
  0x33, 0xeb, 0xff, 0x11, 0xdb, 0xff, 0x79, 0xfd, 0x00, 0x7f, 0xff, 0x00, 
  0xbf, 0xff, 0x00, 0xff, 0xff, 0x00, 0xff, 0xff, 0x00, 0xdf, 0xff, 0x00, 
  0xff, 0xff, 0x00, 0x7e, 0xf7, 0x00, 0xfc, 0xee, 0x00, 0x7e, 0xf7, 0x00, 
  0xff, 0xff, 0x00, 0xff, 0xff, 0x00, 0xff, 0xff, 0x00, 0xff, 0xff, 0x00, 
  0xff, 0xff, 0x00, 0xff, 0xff, 0x00, 0xff, 0xff, 0x00, 0xff, 0xff, 0x00, 
  0xff, 0xff, 0x00, 0xff, 0xff, 0x00, 0xff, 0xff, 0x00, 0xff, 0xff, 0x00, 
  0xff, 0xff, 0x00, 0xff, 0xff, 0x00, 0xff, 0xff, 0x00, 0xff, 0xff, 0x00, 
  0xff, 0xff, 0x00, 0xff, 0xff, 0x00, 0xff, 0xff, 0x00, 0xff, 0xff, 0x00, 
  0xff, 0xff, 0x00, 0xff, 0xff, 0x00, 0xff, 0xff, 0x00, 0xff, 0xff, 0x00, 
  0xff, 0xff, 0x00, 0xff, 0xff, 0x00, 0xff, 0xff, 0x00, 0xff, 0xff, 0x00, 
  0xff, 0xff, 0x00, 0xff, 0xff, 0x00, 0xff, 0xff, 0x00, 0xff, 0xff, 0x00, 
  0xff, 0xff, 0x00, 0x9e, 0xf7, 0x00, 0x3c, 0xe7, 0x00, 0x9e, 0xef, 0x00, 
  0xdf, 0xff, 0x00, 0xff, 0xff, 0x00, 0xff, 0xff, 0x00, 0xdf, 0xff, 0x00, 
  0xbf, 0xff, 0x00, 0x5f, 0xff, 0x00, 0xd7, 0xec, 0x00, 0x93, 0xe3, 0xff, 
  0x94, 0xf3, 0xff, 0x95, 0xfb, 0xff, 0x14, 0xfb, 0xff, 0xd3, 0xfa, 0xff, 
  0xf3, 0xfa, 0xff, 0xf3, 0xfa, 0xff, 0xf3, 0xfa, 0xff, 0xf3, 0xfa, 0xff, 
  0xf3, 0xfa, 0xff, 0xf3, 0xfa, 0xff, 0xf3, 0xfa, 0xff, 0xf3, 0xfa, 0xff, 
  0xf3, 0xfa, 0xff, 0xf3, 0xfa, 0xff, 0xf3, 0xfa, 0xff, 0xf3, 0xfa, 0xff, 
  0xf3, 0xfa, 0xff, 0xf3, 0xfa, 0xff, 0x54, 0xfb, 0xff, 0x95, 0xfb, 0xff, 
  0x75, 0xfb, 0xff, 0x75, 0xfb, 0xff, 0x75, 0xfb, 0xff, 0x75, 0xfb, 0xff, 
  0x55, 0xfb, 0xff, 0x54, 0xfb, 0xff, 0x34, 0xfb, 0xff, 0x34, 0xfb, 0xff, 
  0x34, 0xfb, 0xff, 0x34, 0xfb, 0xff, 0x34, 0xfb, 0xff, 0x34, 0xfb, 0xff, 
  0x34, 0xfb, 0xff, 0x34, 0xfb, 0xff, 0x14, 0xfb, 0xff, 0x34, 0xfb, 0xff, 
  0x33, 0xfb, 0xff, 0x33, 0xfb, 0xff, 0x13, 0xfb, 0xff, 0xf3, 0xfa, 0xff, 
  0xf3, 0xfa, 0xff, 0x13, 0xfb, 0xff, 0x13, 0xfb, 0xff, 0x33, 0xfb, 0xff, 
  0x14, 0xfb, 0xff, 0x13, 0xfb, 0xff, 0x14, 0xfb, 0xff, 0x34, 0xfb, 0xff, 
  0x54, 0xfb, 0xff, 0x75, 0xfb, 0xff, 0x75, 0xfb, 0xff, 0x75, 0xfb, 0xff, 
  0x75, 0xfb, 0xff, 0x75, 0xfb, 0xff, 0x75, 0xfb, 0xff, 0x75, 0xfb, 0xff, 
  0x75, 0xfb, 0xff, 0x75, 0xfb, 0xff, 0x75, 0xfb, 0xff, 0x75, 0xfb, 0xff, 
  0x75, 0xfb, 0xff, 0x95, 0xfb, 0xff, 0x95, 0xfb, 0xff, 0x94, 0xf3, 0xff, 
  0xd4, 0xdb, 0x00, 0xfb, 0xfd, 0x00, 0x7f, 0xff, 0x00, 0xbf, 0xff, 0x00, 
  0xff, 0xff, 0x00, 0xff, 0xf7, 0x00, 0xff, 0xff, 0x00, 0xff, 0xff, 0x00, 
  0x9e, 0xf7, 0x00, 0x3c, 0xef, 0x00, 0x7d, 0xef, 0x00, 0xdf, 0xff, 0x00, 
  0xff, 0xff, 0x00, 0xff, 0xff, 0x00, 0xff, 0xff, 0x00, 0xff, 0xff, 0x00, 
  0xff, 0xff, 0x00, 0xff, 0xff, 0x00, 0xff, 0xff, 0x00, 0xff, 0xff, 0x00, 
  0xff, 0xff, 0x00, 0xff, 0xff, 0x00, 0xff, 0xff, 0x00, 0xff, 0xff, 0x00, 
  0xff, 0xff, 0x00, 0xff, 0xff, 0x00, 0xff, 0xff, 0x00, 0xff, 0xff, 0x00, 
  0xff, 0xff, 0x00, 0xff, 0xff, 0x00, 0xff, 0xff, 0x00, 0xff, 0xff, 0x00, 
  0xff, 0xff, 0x00, 0xff, 0xff, 0x00, 0xff, 0xff, 0x00, 0xff, 0xff, 0x00, 
  0xff, 0xff, 0x00, 0xff, 0xff, 0x00, 0xff, 0xff, 0x00, 0xff, 0xff, 0x00, 
  0xff, 0xff, 0x00, 0xff, 0xff, 0x00, 0xff, 0xff, 0x00, 0xff, 0xff, 0x00, 
  0xff, 0xff, 0x00, 0xff, 0xff, 0x00, 0x7d, 0xef, 0x00, 0x1c, 0xdf, 0x00, 
  0x9e, 0xf7, 0x00, 0xdf, 0xff, 0x00, 0xff, 0xff, 0x00, 0xff, 0xff, 0x00, 
  0xff, 0xff, 0x00, 0xdf, 0xff, 0x00, 0x7f, 0xff, 0x00, 0x9a, 0xfd, 0x00, 
  0xd4, 0xe3, 0x00, 0x94, 0xeb, 0xff, 0x95, 0xfb, 0xff, 0xf3, 0xfa, 0xff, 
  0xf3, 0xfa, 0xff, 0xf3, 0xfa, 0xff, 0xf3, 0xfa, 0xff, 0xf3, 0xfa, 0xff, 
  0xf3, 0xfa, 0xff, 0xf3, 0xfa, 0xff, 0xf3, 0xfa, 0xff, 0xf3, 0xfa, 0xff, 
  0xf3, 0xfa, 0xff, 0xf3, 0xfa, 0xff, 0xf3, 0xfa, 0xff, 0xf3, 0xfa, 0xff, 
  0xf3, 0xfa, 0xff, 0x33, 0xfb, 0xff, 0x54, 0xfb, 0xff, 0x95, 0xfb, 0xff, 
  0x75, 0xfb, 0xff, 0x75, 0xfb, 0xff, 0x75, 0xfb, 0xff, 0x75, 0xfb, 0xff, 
  0x75, 0xfb, 0xff, 0x55, 0xfb, 0xff, 0x54, 0xfb, 0xff, 0x54, 0xfb, 0xff, 
  0x54, 0xfb, 0xff, 0x54, 0xfb, 0xff, 0x54, 0xfb, 0xff, 0x54, 0xfb, 0xff, 
  0x34, 0xfb, 0xff, 0x34, 0xfb, 0xff, 0x13, 0xfb, 0xff, 0x13, 0xfb, 0xff, 
  0x13, 0xfb, 0xff, 0x13, 0xfb, 0xff, 0x13, 0xfb, 0xff, 0xf3, 0xfa, 0xff, 
  0xf3, 0xfa, 0xff, 0xf3, 0xfa, 0xff, 0x13, 0xfb, 0xff, 0x33, 0xfb, 0xff, 
  0x34, 0xfb, 0xff, 0x13, 0xfb, 0xff, 0x14, 0xfb, 0xff, 0x34, 0xfb, 0xff, 
  0x55, 0xfb, 0xff, 0x75, 0xfb, 0xff, 0x75, 0xfb, 0xff, 0x75, 0xfb, 0xff, 
  0x75, 0xfb, 0xff, 0x75, 0xfb, 0xff, 0x75, 0xfb, 0xff, 0x75, 0xfb, 0xff, 
  0x75, 0xfb, 0xff, 0x75, 0xfb, 0xff, 0x75, 0xfb, 0xff, 0x95, 0xfb, 0xff, 
  0xb5, 0xfb, 0xff, 0x94, 0xf3, 0xff, 0x93, 0xe3, 0xff, 0x96, 0xec, 0x00, 
  0xbd, 0xfe, 0x00, 0x9f, 0xff, 0x00, 0xbf, 0xff, 0x00, 0xff, 0xff, 0x00, 
  0xff, 0xff, 0x00, 0xff, 0xff, 0x00, 0xff, 0xff, 0x00, 0x7d, 0xf7, 0x00, 
  0x1c, 0xe7, 0x00, 0x7e, 0xf7, 0x00, 0xdf, 0xff, 0x00, 0xff, 0xff, 0x00, 
  0xff, 0xff, 0x00, 0xff, 0xff, 0x00, 0xff, 0xff, 0x00, 0xff, 0xff, 0x00, 
  0xff, 0xff, 0x00, 0xff, 0xff, 0x00, 0xff, 0xff, 0x00, 0xff, 0xff, 0x00, 
  0xff, 0xff, 0x00, 0xff, 0xff, 0x00, 0xff, 0xff, 0x00, 0xff, 0xff, 0x00, 
  0xff, 0xff, 0x00, 0xff, 0xff, 0x00, 0xff, 0xff, 0x00, 0xff, 0xff, 0x00, 
  0xff, 0xff, 0x00, 0xff, 0xff, 0x00, 0xff, 0xff, 0x00, 0xff, 0xff, 0x00, 
  0xff, 0xff, 0x00, 0xff, 0xff, 0x00, 0xff, 0xff, 0x00, 0xff, 0xff, 0x00, 
  0xff, 0xff, 0x00, 0xff, 0xff, 0x00, 0xff, 0xff, 0x00, 0xff, 0xff, 0x00, 
  0xff, 0xff, 0x00, 0xff, 0xff, 0x00, 0xff, 0xff, 0x00, 0xff, 0xff, 0x00, 
  0xff, 0xff, 0x00, 0xff, 0xff, 0x00, 0xff, 0xff, 0x00, 0x9e, 0xef, 0x00, 
  0x3c, 0xe7, 0x00, 0x5d, 0xef, 0x00, 0xdf, 0xff, 0x00, 0xff, 0xff, 0x00, 
  0xff, 0xff, 0x00, 0xff, 0xff, 0x00, 0xbf, 0xff, 0x00, 0x7f, 0xff, 0x00, 
  0x9d, 0xfe, 0x00, 0x55, 0xdc, 0x00, 0x74, 0xeb, 0xff, 0x54, 0xfb, 0xff, 
  0xf3, 0xfa, 0xff, 0xf3, 0xfa, 0xff, 0xf3, 0xfa, 0xff, 0xf3, 0xfa, 0xff, 
  0xf3, 0xfa, 0xff, 0xf3, 0xfa, 0xff, 0xf3, 0xfa, 0xff, 0xf3, 0xfa, 0xff, 
  0xf3, 0xfa, 0xff, 0xf3, 0xfa, 0xff, 0xf3, 0xfa, 0xff, 0xf3, 0xfa, 0xff, 
  0x14, 0xfb, 0xff, 0x54, 0xfb, 0xff, 0x75, 0xfb, 0xff, 0x75, 0xfb, 0xff, 
  0x75, 0xfb, 0xff, 0x75, 0xfb, 0xff, 0x75, 0xfb, 0xff, 0x75, 0xfb, 0xff, 
  0x75, 0xfb, 0xff, 0x75, 0xfb, 0xff, 0x75, 0xfb, 0xff, 0x75, 0xfb, 0xff, 
  0x75, 0xfb, 0xff, 0x75, 0xfb, 0xff, 0x75, 0xfb, 0xff, 0x75, 0xfb, 0xff, 
  0x55, 0xfb, 0xff, 0x34, 0xfb, 0xff, 0x13, 0xfb, 0xff, 0xf3, 0xfa, 0xff, 
  0x13, 0xfb, 0xff, 0xf3, 0xfa, 0xff, 0xf3, 0xfa, 0xff, 0xf3, 0xfa, 0xff, 
  0xf3, 0xfa, 0xff, 0xf3, 0xfa, 0xff, 0x13, 0xfb, 0xff, 0x33, 0xfb, 0xff, 
  0x34, 0xfb, 0xff, 0x34, 0xfb, 0xff, 0x34, 0xfb, 0xff, 0x34, 0xfb, 0xff, 
  0x34, 0xfb, 0xff, 0x55, 0xfb, 0xff, 0x55, 0xfb, 0xff, 0x55, 0xfb, 0xff, 
  0x54, 0xfb, 0xff, 0x55, 0xfb, 0xff, 0x75, 0xfb, 0xff, 0x74, 0xfb, 0xff, 
  0x74, 0xfb, 0xff, 0x55, 0xfb, 0xff, 0x55, 0xfb, 0xff, 0x54, 0xfb, 0xff, 
  0x53, 0xf3, 0xff, 0xb4, 0xe3, 0xff, 0x59, 0xf5, 0x00, 0x5f, 0xff, 0x00, 
  0xbf, 0xff, 0x00, 0xdf, 0xff, 0x00, 0xff, 0xff, 0x00, 0xff, 0xff, 0x00, 
  0xff, 0xff, 0x00, 0xdf, 0xff, 0x00, 0x7d, 0xf7, 0x00, 0x1c, 0xef, 0x00, 
  0x7d, 0xf7, 0x00, 0xdf, 0xff, 0x00, 0xff, 0xff, 0x00, 0xff, 0xff, 0x00, 
  0xff, 0xff, 0x00, 0xff, 0xff, 0x00, 0xff, 0xff, 0x00, 0xff, 0xff, 0x00, 
  0xff, 0xff, 0x00, 0xff, 0xff, 0x00, 0xff, 0xff, 0x00, 0xff, 0xff, 0x00, 
  0xff, 0xff, 0x00, 0xff, 0xff, 0x00, 0xff, 0xff, 0x00, 0xff, 0xff, 0x00, 
  0xff, 0xff, 0x00, 0xff, 0xff, 0x00, 0xff, 0xff, 0x00, 0xff, 0xff, 0x00, 
  0xff, 0xff, 0x00, 0xff, 0xff, 0x00, 0xff, 0xff, 0x00, 0xff, 0xff, 0x00, 
  0xff, 0xff, 0x00, 0xff, 0xff, 0x00, 0xff, 0xff, 0x00, 0xff, 0xff, 0x00, 
  0xff, 0xff, 0x00, 0xff, 0xff, 0x00, 0xff, 0xff, 0x00, 0xff, 0xff, 0x00, 
  0xff, 0xff, 0x00, 0xff, 0xff, 0x00, 0xff, 0xff, 0x00, 0xff, 0xff, 0x00, 
  0xff, 0xff, 0x00, 0xff, 0xff, 0x00, 0xff, 0xff, 0x00, 0xff, 0xff, 0x00, 
  0x9e, 0xf7, 0x00, 0x3c, 0xe7, 0x00, 0x3c, 0xef, 0x00, 0xdf, 0xff, 0x00, 
  0xff, 0xff, 0x00, 0xff, 0xff, 0x00, 0xff, 0xff, 0x00, 0xdf, 0xff, 0x00, 
  0x9f, 0xff, 0x00, 0x3f, 0xff, 0x00, 0x19, 0xfd, 0x00, 0x93, 0xe3, 0x00, 
  0x33, 0xeb, 0xff, 0x13, 0xf3, 0xff, 0xf3, 0xfa, 0xff, 0xf3, 0xfa, 0xff, 
  0xf3, 0xfa, 0xff, 0xf3, 0xfa, 0xff, 0xf3, 0xfa, 0xff, 0xf3, 0xfa, 0xff, 
  0xf3, 0xfa, 0xff, 0xf3, 0xfa, 0xff, 0xf3, 0xfa, 0xff, 0xf3, 0xfa, 0xff, 
  0x34, 0xfb, 0xff, 0x75, 0xfb, 0xff, 0x75, 0xfb, 0xff, 0x75, 0xfb, 0xff, 
  0x75, 0xfb, 0xff, 0x95, 0xfb, 0xff, 0x95, 0xfb, 0xff, 0x75, 0xfb, 0xff, 
  0x75, 0xfb, 0xff, 0x75, 0xfb, 0xff, 0x75, 0xfb, 0xff, 0x75, 0xfb, 0xff, 
  0x75, 0xfb, 0xff, 0x75, 0xfb, 0xff, 0x75, 0xfb, 0xff, 0x75, 0xfb, 0xff, 
  0x75, 0xfb, 0xff, 0x54, 0xfb, 0xff, 0x14, 0xfb, 0xff, 0xf3, 0xfa, 0xff, 
  0x13, 0xfb, 0xff, 0xf3, 0xfa, 0xff, 0xd3, 0xfa, 0xff, 0xf3, 0xfa, 0xff, 
  0xf3, 0xfa, 0xff, 0xd3, 0xfa, 0xff, 0xf3, 0xfa, 0xff, 0x33, 0xfb, 0xff, 
  0x34, 0xfb, 0xff, 0x34, 0xfb, 0xff, 0x34, 0xfb, 0xff, 0x14, 0xfb, 0xff, 
  0x14, 0xfb, 0xff, 0x34, 0xfb, 0xff, 0x34, 0xfb, 0xff, 0x34, 0xfb, 0xff, 
  0x14, 0xfb, 0xff, 0x34, 0xfb, 0xff, 0x34, 0xfb, 0xff, 0x33, 0xfb, 0xff, 
  0x13, 0xf3, 0xff, 0x13, 0xf3, 0xff, 0x13, 0xf3, 0xff, 0x12, 0xe3, 0xff, 
  0xd4, 0xe3, 0x00, 0xfb, 0xfd, 0x00, 0x9f, 0xff, 0x00, 0xdf, 0xff, 0x00, 
  0xff, 0xff, 0x00, 0xff, 0xff, 0x00, 0xff, 0xff, 0x00, 0xff, 0xff, 0x00, 
  0xdf, 0xff, 0x00, 0x5d, 0xef, 0x00, 0x1c, 0xef, 0x00, 0x7d, 0xf7, 0x00, 
  0xff, 0xff, 0x00, 0xff, 0xff, 0x00, 0xff, 0xff, 0x00, 0xff, 0xff, 0x00, 
  0xff, 0xff, 0x00, 0xff, 0xff, 0x00, 0xff, 0xff, 0x00, 0xff, 0xff, 0x00, 
  0xff, 0xff, 0x00, 0xff, 0xff, 0x00, 0xff, 0xff, 0x00, 0xff, 0xff, 0x00, 
  0xff, 0xff, 0x00, 0xff, 0xff, 0x00, 0xff, 0xff, 0x00, 0xff, 0xff, 0x00, 
  0xff, 0xff, 0x00, 0xff, 0xff, 0x00, 0xff, 0xff, 0x00, 0xff, 0xff, 0x00, 
  0xff, 0xff, 0x00, 0xff, 0xff, 0x00, 0xff, 0xff, 0x00, 0xff, 0xff, 0x00, 
  0xff, 0xff, 0x00, 0xff, 0xff, 0x00, 0xff, 0xff, 0x00, 0xff, 0xff, 0x00, 
  0xff, 0xff, 0x00, 0xff, 0xff, 0x00, 0xff, 0xff, 0x00, 0xff, 0xff, 0x00, 
  0xff, 0xff, 0x00, 0xff, 0xff, 0x00, 0xff, 0xff, 0x00, 0xff, 0xff, 0x00, 
  0xff, 0xff, 0x00, 0xff, 0xff, 0x00, 0xff, 0xff, 0x00, 0xff, 0xff, 0x00, 
  0xff, 0xff, 0x00, 0xbe, 0xf7, 0x00, 0x7d, 0xe7, 0x00, 0x3c, 0xdf, 0x00, 
  0xbe, 0xf7, 0x00, 0xff, 0xff, 0x00, 0xff, 0xff, 0x00, 0xff, 0xff, 0x00, 
  0xbf, 0xff, 0x00, 0xbf, 0xff, 0x00, 0x7f, 0xff, 0x00, 0x5c, 0xfe, 0x00, 
  0x35, 0xec, 0x00, 0x32, 0xdb, 0xff, 0x13, 0xf3, 0xff, 0x13, 0xfb, 0xff, 
  0xd3, 0xfa, 0xff, 0xf3, 0xfa, 0xff, 0xf3, 0xfa, 0xff, 0xf3, 0xfa, 0xff, 
  0xf3, 0xfa, 0xff, 0xf3, 0xfa, 0xff, 0xd3, 0xfa, 0xff, 0xf3, 0xfa, 0xff, 
  0x55, 0xfb, 0xff, 0x75, 0xfb, 0xff, 0x55, 0xfb, 0xff, 0x75, 0xfb, 0xff, 
  0x75, 0xfb, 0xff, 0x75, 0xfb, 0xff, 0x75, 0xfb, 0xff, 0x75, 0xfb, 0xff, 
  0x75, 0xfb, 0xff, 0x75, 0xfb, 0xff, 0x75, 0xfb, 0xff, 0x75, 0xfb, 0xff, 
  0x75, 0xfb, 0xff, 0x75, 0xfb, 0xff, 0x75, 0xfb, 0xff, 0x55, 0xfb, 0xff, 
  0x75, 0xfb, 0xff, 0x75, 0xfb, 0xff, 0x34, 0xfb, 0xff, 0xf3, 0xfa, 0xff, 
  0xf3, 0xfa, 0xff, 0xf3, 0xfa, 0xff, 0xf3, 0xfa, 0xff, 0xf3, 0xfa, 0xff, 
  0xf3, 0xfa, 0xff, 0xf3, 0xfa, 0xff, 0x13, 0xfb, 0xff, 0x13, 0xfb, 0xff, 
  0x14, 0xfb, 0xff, 0x14, 0xfb, 0xff, 0x34, 0xfb, 0xff, 0x34, 0xfb, 0xff, 
  0x34, 0xfb, 0xff, 0x34, 0xfb, 0xff, 0x34, 0xfb, 0xff, 0x34, 0xfb, 0xff, 
  0x14, 0xfb, 0xff, 0x13, 0xfb, 0xff, 0x34, 0xfb, 0xff, 0x33, 0xfb, 0xff, 
  0x34, 0xfb, 0xff, 0x12, 0xeb, 0xff, 0x52, 0xdb, 0x00, 0x18, 0xf5, 0x00, 
  0x3f, 0xff, 0x00, 0xbf, 0xff, 0x00, 0xdf, 0xff, 0x00, 0xff, 0xff, 0x00, 
  0xff, 0xff, 0x00, 0xff, 0xff, 0x00, 0xff, 0xff, 0x00, 0xde, 0xf7, 0x00, 
  0x3c, 0xe7, 0x00, 0x3c, 0xef, 0x00, 0x7e, 0xf7, 0x00, 0xff, 0xff, 0x00, 
  0xff, 0xff, 0x00, 0xff, 0xff, 0x00, 0xff, 0xff, 0x00, 0xff, 0xff, 0x00, 
  0xff, 0xff, 0x00, 0xff, 0xff, 0x00, 0xff, 0xff, 0x00, 0xff, 0xff, 0x00, 
  0xff, 0xff, 0x00, 0xff, 0xff, 0x00, 0xff, 0xff, 0x00, 0xff, 0xff, 0x00, 
  0xff, 0xff, 0x00, 0xff, 0xff, 0x00, 0xff, 0xff, 0x00, 0xff, 0xff, 0x00, 
  0xff, 0xff, 0x00, 0xff, 0xff, 0x00, 0xff, 0xff, 0x00, 0xff, 0xff, 0x00, 
  0xff, 0xff, 0x00, 0xff, 0xff, 0x00, 0xff, 0xff, 0x00, 0xff, 0xff, 0x00, 
  0xff, 0xff, 0x00, 0xff, 0xff, 0x00, 0xff, 0xff, 0x00, 0xff, 0xff, 0x00, 
  0xff, 0xff, 0x00, 0xff, 0xff, 0x00, 0xff, 0xff, 0x00, 0xff, 0xff, 0x00, 
  0xff, 0xff, 0x00, 0xff, 0xff, 0x00, 0xff, 0xff, 0x00, 0xff, 0xff, 0x00, 
  0xff, 0xff, 0x00, 0xff, 0xff, 0x00, 0xff, 0xff, 0x00, 0xff, 0xff, 0x00, 
  0xff, 0xff, 0x00, 0xff, 0xff, 0x00, 0xde, 0xf7, 0x00, 0x7d, 0xef, 0x00, 
  0x1c, 0xe7, 0x00, 0x7d, 0xef, 0x00, 0xff, 0xff, 0x00, 0xff, 0xff, 0x00, 
  0xff, 0xff, 0x00, 0xdf, 0xff, 0x00, 0xdf, 0xff, 0x00, 0x9f, 0xff, 0x00, 
  0x5f, 0xff, 0x00, 0x39, 0xfd, 0x00, 0x93, 0xe3, 0x00, 0xf2, 0xe2, 0xff, 
  0x13, 0xf3, 0xff, 0x13, 0xfb, 0xff, 0xf3, 0xfa, 0xff, 0x13, 0xfb, 0xff, 
  0xf3, 0xfa, 0xff, 0xf3, 0xfa, 0xff, 0xf3, 0xfa, 0xff, 0x34, 0xfb, 0xff, 
  0x75, 0xfb, 0xff, 0x75, 0xfb, 0xff, 0x55, 0xfb, 0xff, 0x75, 0xfb, 0xff, 
  0x75, 0xfb, 0xff, 0x75, 0xfb, 0xff, 0x75, 0xfb, 0xff, 0x75, 0xfb, 0xff, 
  0x75, 0xfb, 0xff, 0x75, 0xfb, 0xff, 0x75, 0xfb, 0xff, 0x75, 0xfb, 0xff, 
  0x75, 0xfb, 0xff, 0x75, 0xfb, 0xff, 0x75, 0xfb, 0xff, 0x75, 0xfb, 0xff, 
  0x75, 0xfb, 0xff, 0x75, 0xfb, 0xff, 0x55, 0xfb, 0xff, 0x34, 0xfb, 0xff, 
  0xf3, 0xfa, 0xff, 0xf3, 0xfa, 0xff, 0xf3, 0xfa, 0xff, 0xf3, 0xfa, 0xff, 
  0xf3, 0xfa, 0xff, 0xf3, 0xfa, 0xff, 0xf3, 0xfa, 0xff, 0xf3, 0xfa, 0xff, 
  0x34, 0xfb, 0xff, 0x34, 0xfb, 0xff, 0x34, 0xfb, 0xff, 0x34, 0xfb, 0xff, 
  0x13, 0xfb, 0xff, 0x34, 0xfb, 0xff, 0x34, 0xfb, 0xff, 0x33, 0xfb, 0xff, 
  0x34, 0xfb, 0xff, 0x34, 0xfb, 0xff, 0x54, 0xfb, 0xff, 0x53, 0xeb, 0xff, 
  0x32, 0xe3, 0x00, 0x56, 0xf4, 0x00, 0x5d, 0xfe, 0x00, 0x7f, 0xff, 0x00, 
  0xdf, 0xff, 0x00, 0xff, 0xff, 0x00, 0xff, 0xff, 0x00, 0xff, 0xff, 0x00, 
  0xff, 0xff, 0x00, 0xff, 0xff, 0x00, 0x9e, 0xf7, 0x00, 0x3c, 0xe7, 0x00, 
  0x5d, 0xe7, 0x00, 0xbe, 0xf7, 0x00, 0xff, 0xff, 0x00, 0xff, 0xff, 0x00, 
  0xff, 0xff, 0x00, 0xff, 0xff, 0x00, 0xff, 0xff, 0x00, 0xff, 0xff, 0x00, 
  0xff, 0xff, 0x00, 0xff, 0xff, 0x00, 0xff, 0xff, 0x00, 0xff, 0xff, 0x00, 
  0xff, 0xff, 0x00, 0xff, 0xff, 0x00, 0xff, 0xff, 0x00, 0xff, 0xff, 0x00, 
  0xff, 0xff, 0x00, 0xff, 0xff, 0x00, 0xff, 0xff, 0x00, 0xff, 0xff, 0x00, 
  0xff, 0xff, 0x00, 0xff, 0xff, 0x00, 0xff, 0xff, 0x00, 0xff, 0xff, 0x00, 
  0xff, 0xff, 0x00, 0xff, 0xff, 0x00, 0xff, 0xff, 0x00, 0xff, 0xff, 0x00, 
  0xff, 0xff, 0x00, 0xff, 0xff, 0x00, 0xff, 0xff, 0x00, 0xff, 0xff, 0x00, 
  0xff, 0xff, 0x00, 0xff, 0xff, 0x00, 0xff, 0xff, 0x00, 0xff, 0xff, 0x00, 
  0xff, 0xff, 0x00, 0xff, 0xff, 0x00, 0xff, 0xff, 0x00, 0xff, 0xff, 0x00, 
  0xff, 0xff, 0x00, 0xff, 0xff, 0x00, 0xff, 0xff, 0x00, 0xff, 0xff, 0x00, 
  0xff, 0xff, 0x00, 0xff, 0xff, 0x00, 0xff, 0xff, 0x00, 0xdf, 0xff, 0x00, 
  0x7d, 0xf7, 0x00, 0x1c, 0xe7, 0x00, 0x5d, 0xef, 0x00, 0xdf, 0xff, 0x00, 
  0xff, 0xff, 0x00, 0xff, 0xff, 0x00, 0xff, 0xff, 0x00, 0xff, 0xff, 0x00, 
  0xbf, 0xff, 0x00, 0x9f, 0xff, 0x00, 0xfe, 0xfe, 0x00, 0x58, 0xf5, 0x00, 
  0xb3, 0xdb, 0x00, 0x12, 0xe3, 0xff, 0xf3, 0xfa, 0xff, 0xf3, 0xfa, 0xff, 
  0xf3, 0xfa, 0xff, 0xf3, 0xfa, 0xff, 0x34, 0xfb, 0xff, 0x75, 0xfb, 0xff, 
  0x75, 0xfb, 0xff, 0x75, 0xfb, 0xff, 0x75, 0xfb, 0xff, 0x75, 0xfb, 0xff, 
  0x75, 0xfb, 0xff, 0x75, 0xfb, 0xff, 0x55, 0xfb, 0xff, 0x55, 0xfb, 0xff, 
  0x55, 0xfb, 0xff, 0x55, 0xfb, 0xff, 0x55, 0xfb, 0xff, 0x55, 0xfb, 0xff, 
  0x75, 0xfb, 0xff, 0x75, 0xfb, 0xff, 0x75, 0xfb, 0xff, 0x75, 0xfb, 0xff, 
  0x75, 0xfb, 0xff, 0x75, 0xfb, 0xff, 0x75, 0xfb, 0xff, 0x55, 0xfb, 0xff, 
  0x13, 0xfb, 0xff, 0xd3, 0xfa, 0xff, 0xf3, 0xfa, 0xff, 0xf3, 0xfa, 0xff, 
  0xf3, 0xfa, 0xff, 0xf3, 0xfa, 0xff, 0xf3, 0xfa, 0xff, 0xf3, 0xfa, 0xff, 
  0x13, 0xfb, 0xff, 0x13, 0xfb, 0xff, 0x13, 0xfb, 0xff, 0x33, 0xfb, 0xff, 
  0x13, 0xfb, 0xff, 0x13, 0xfb, 0xff, 0x33, 0xfb, 0xff, 0x54, 0xfb, 0xff, 
  0x34, 0xfb, 0xff, 0x33, 0xf3, 0xff, 0x52, 0xdb, 0x00, 0x96, 0xec, 0x00, 
  0x7c, 0xfe, 0x00, 0x9f, 0xff, 0x00, 0xbf, 0xff, 0x00, 0xdf, 0xff, 0x00, 
  0xff, 0xff, 0x00, 0xff, 0xff, 0x00, 0xff, 0xff, 0x00, 0xff, 0xff, 0x00, 
  0xdf, 0xf7, 0x00, 0x5d, 0xe7, 0x00, 0x3c, 0xe7, 0x00, 0x7d, 0xef, 0x00, 
  0xde, 0xf7, 0x00, 0xff, 0xff, 0x00, 0xff, 0xff, 0x00, 0xff, 0xff, 0x00, 
  0xff, 0xff, 0x00, 0xff, 0xff, 0x00, 0xff, 0xff, 0x00, 0xff, 0xff, 0x00, 
  0xff, 0xff, 0x00, 0xff, 0xff, 0x00, 0xff, 0xff, 0x00, 0xff, 0xff, 0x00, 
  0xff, 0xff, 0x00, 0xff, 0xff, 0x00, 0xff, 0xff, 0x00, 0xff, 0xff, 0x00, 
  0xff, 0xff, 0x00, 0xff, 0xff, 0x00, 0xff, 0xff, 0x00, 0xff, 0xff, 0x00, 
  0xff, 0xff, 0x00, 0xff, 0xff, 0x00, 0xff, 0xff, 0x00, 0xff, 0xff, 0x00, 
  0xff, 0xff, 0x00, 0xff, 0xff, 0x00, 0xff, 0xff, 0x00, 0xff, 0xff, 0x00, 
  0xff, 0xff, 0x00, 0xff, 0xff, 0x00, 0xff, 0xff, 0x00, 0xff, 0xff, 0x00, 
  0xff, 0xff, 0x00, 0xff, 0xff, 0x00, 0xff, 0xff, 0x00, 0xff, 0xff, 0x00, 
  0xff, 0xff, 0x00, 0xff, 0xff, 0x00, 0xff, 0xff, 0x00, 0xff, 0xff, 0x00, 
  0xff, 0xff, 0x00, 0xff, 0xff, 0x00, 0xff, 0xff, 0x00, 0xff, 0xff, 0x00, 
  0xff, 0xff, 0x00, 0xff, 0xff, 0x00, 0xff, 0xff, 0x00, 0xff, 0xff, 0x00, 
  0xff, 0xff, 0x00, 0x9e, 0xf7, 0x00, 0x3d, 0xef, 0x00, 0x1c, 0xe7, 0x00, 
  0x9e, 0xef, 0x00, 0xff, 0xff, 0x00, 0xff, 0xff, 0x00, 0xff, 0xff, 0x00, 
  0xdf, 0xff, 0x00, 0xff, 0xff, 0x00, 0xbf, 0xff, 0x00, 0x9f, 0xff, 0x00, 
  0xfe, 0xfe, 0x00, 0x39, 0xfd, 0x00, 0x93, 0xeb, 0x00, 0x12, 0xe3, 0xff, 
  0x32, 0xeb, 0xff, 0x33, 0xeb, 0xff, 0x74, 0xfb, 0xff, 0x95, 0xfb, 0xff, 
  0x75, 0xfb, 0xff, 0x54, 0xfb, 0xff, 0x75, 0xfb, 0xff, 0x75, 0xfb, 0xff, 
  0x75, 0xfb, 0xff, 0x75, 0xfb, 0xff, 0x75, 0xfb, 0xff, 0x55, 0xfb, 0xff, 
  0x55, 0xfb, 0xff, 0x55, 0xfb, 0xff, 0x75, 0xfb, 0xff, 0x75, 0xfb, 0xff, 
  0x75, 0xfb, 0xff, 0x75, 0xfb, 0xff, 0x75, 0xfb, 0xff, 0x75, 0xfb, 0xff, 
  0x75, 0xfb, 0xff, 0x75, 0xfb, 0xff, 0x75, 0xfb, 0xff, 0x75, 0xfb, 0xff, 
  0x34, 0xfb, 0xff, 0xf3, 0xfa, 0xff, 0xf3, 0xfa, 0xff, 0xf3, 0xfa, 0xff, 
  0xf3, 0xfa, 0xff, 0xf3, 0xfa, 0xff, 0xf3, 0xfa, 0xff, 0xf3, 0xfa, 0xff, 
  0xf3, 0xfa, 0xff, 0x13, 0xfb, 0xff, 0x13, 0xfb, 0xff, 0x33, 0xfb, 0xff, 
  0x54, 0xfb, 0xff, 0x54, 0xfb, 0xff, 0x53, 0xf3, 0xff, 0x32, 0xe3, 0xff, 
  0x52, 0xe3, 0x00, 0x76, 0xf4, 0x00, 0x5c, 0xfe, 0x00, 0x7f, 0xff, 0x00, 
  0xbf, 0xff, 0x00, 0xdf, 0xff, 0x00, 0xff, 0xff, 0x00, 0xdf, 0xff, 0x00, 
  0xff, 0xff, 0x00, 0xff, 0xff, 0x00, 0xff, 0xff, 0x00, 0x9e, 0xf7, 0x00, 
  0x3c, 0xe7, 0x00, 0x3c, 0xe7, 0x00, 0x9e, 0xf7, 0x00, 0xdf, 0xff, 0x00, 
  0xff, 0xff, 0x00, 0xff, 0xff, 0x00, 0xff, 0xff, 0x00, 0xff, 0xff, 0x00, 
  0xff, 0xff, 0x00, 0xff, 0xff, 0x00, 0xff, 0xff, 0x00, 0xff, 0xff, 0x00, 
  0xff, 0xff, 0x00, 0xff, 0xff, 0x00, 0xff, 0xff, 0x00, 0xff, 0xff, 0x00, 
  0xff, 0xff, 0x00, 0xff, 0xff, 0x00, 0xff, 0xff, 0x00, 0xff, 0xff, 0x00, 
  0xff, 0xff, 0x00, 0xff, 0xff, 0x00, 0xff, 0xff, 0x00, 0xff, 0xff, 0x00, 
  0xff, 0xff, 0x00, 0xff, 0xff, 0x00, 0xff, 0xff, 0x00, 0xff, 0xff, 0x00, 
  0xff, 0xff, 0x00, 0xff, 0xff, 0x00, 0xff, 0xff, 0x00, 0xff, 0xff, 0x00, 
  0xff, 0xff, 0x00, 0xff, 0xff, 0x00, 0xff, 0xff, 0x00, 0xff, 0xff, 0x00, 
  0xff, 0xff, 0x00, 0xff, 0xff, 0x00, 0xff, 0xff, 0x00, 0xff, 0xff, 0x00, 
  0xff, 0xff, 0x00, 0xff, 0xff, 0x00, 0xff, 0xff, 0x00, 0xff, 0xff, 0x00, 
  0xff, 0xff, 0x00, 0xff, 0xff, 0x00, 0xff, 0xff, 0x00, 0xff, 0xff, 0x00, 
  0xff, 0xff, 0x00, 0xff, 0xff, 0x00, 0xff, 0xff, 0x00, 0xff, 0xff, 0x00, 
  0xff, 0xff, 0x00, 0xff, 0xff, 0x00, 0xdf, 0xff, 0x00, 0x5d, 0xef, 0x00, 
  0x1c, 0xe7, 0x00, 0x5d, 0xef, 0x00, 0xbe, 0xf7, 0x00, 0xff, 0xff, 0x00, 
  0xff, 0xff, 0x00, 0xff, 0xff, 0x00, 0xff, 0xff, 0x00, 0xdf, 0xff, 0x00, 
  0xbf, 0xff, 0x00, 0x9f, 0xff, 0x00, 0x1e, 0xff, 0x00, 0xfb, 0xfd, 0x00, 
  0x55, 0xe4, 0x00, 0xb4, 0xe3, 0x00, 0x73, 0xeb, 0xff, 0x74, 0xf3, 0xff, 
  0x74, 0xfb, 0xff, 0x95, 0xfb, 0xff, 0x95, 0xfb, 0xff, 0x75, 0xfb, 0xff, 
  0x75, 0xfb, 0xff, 0x75, 0xfb, 0xff, 0x75, 0xfb, 0xff, 0x75, 0xfb, 0xff, 
  0x75, 0xfb, 0xff, 0x55, 0xfb, 0xff, 0x55, 0xfb, 0xff, 0x55, 0xfb, 0xff, 
  0x75, 0xfb, 0xff, 0x75, 0xfb, 0xff, 0x75, 0xfb, 0xff, 0x75, 0xfb, 0xff, 
  0x75, 0xfb, 0xff, 0x75, 0xfb, 0xff, 0x75, 0xfb, 0xff, 0x75, 0xfb, 0xff, 
  0x54, 0xfb, 0xff, 0x13, 0xfb, 0xff, 0xf3, 0xfa, 0xff, 0xf3, 0xfa, 0xff, 
  0xf3, 0xfa, 0xff, 0xf3, 0xfa, 0xff, 0xf3, 0xfa, 0xff, 0xf3, 0xfa, 0xff, 
  0x13, 0xfb, 0xff, 0x13, 0xfb, 0xff, 0x33, 0xfb, 0xff, 0x54, 0xfb, 0xff, 
  0x32, 0xeb, 0xff, 0x32, 0xdb, 0x00, 0x14, 0xe4, 0x00, 0x38, 0xf5, 0x00, 
  0xdd, 0xfe, 0x00, 0x9f, 0xff, 0x00, 0xbf, 0xff, 0x00, 0xdf, 0xff, 0x00, 
  0xff, 0xff, 0x00, 0xdf, 0xff, 0x00, 0xff, 0xff, 0x00, 0xff, 0xff, 0x00, 
  0xff, 0xff, 0x00, 0xbf, 0xff, 0x00, 0x7d, 0xef, 0x00, 0x3c, 0xe7, 0x00, 
  0x5d, 0xef, 0x00, 0xbe, 0xff, 0x00, 0xff, 0xff, 0x00, 0xff, 0xff, 0x00, 
  0xff, 0xff, 0x00, 0xff, 0xff, 0x00, 0xff, 0xff, 0x00, 0xff, 0xff, 0x00, 
  0xff, 0xff, 0x00, 0xff, 0xff, 0x00, 0xff, 0xff, 0x00, 0xff, 0xff, 0x00, 
  0xff, 0xff, 0x00, 0xff, 0xff, 0x00, 0xff, 0xff, 0x00, 0xff, 0xff, 0x00, 
  0xff, 0xff, 0x00, 0xff, 0xff, 0x00, 0xff, 0xff, 0x00, 0xff, 0xff, 0x00, 
  0xff, 0xff, 0x00, 0xff, 0xff, 0x00, 0xff, 0xff, 0x00, 0xff, 0xff, 0x00, 
  0xff, 0xff, 0x00, 0xff, 0xff, 0x00, 0xff, 0xff, 0x00, 0xff, 0xff, 0x00, 
  0xff, 0xff, 0x00, 0xff, 0xff, 0x00, 0xff, 0xff, 0x00, 0xff, 0xff, 0x00, 
  0xff, 0xff, 0x00, 0xff, 0xff, 0x00, 0xff, 0xff, 0x00, 0xff, 0xff, 0x00, 
  0xff, 0xff, 0x00, 0xff, 0xff, 0x00, 0xff, 0xff, 0x00, 0xff, 0xff, 0x00, 
  0xff, 0xff, 0x00, 0xff, 0xff, 0x00, 0xff, 0xff, 0x00, 0xff, 0xff, 0x00, 
  0xff, 0xff, 0x00, 0xff, 0xff, 0x00, 0xff, 0xff, 0x00, 0xff, 0xff, 0x00, 
  0xff, 0xff, 0x00, 0xff, 0xff, 0x00, 0xff, 0xff, 0x00, 0xff, 0xff, 0x00, 
  0xff, 0xff, 0x00, 0xff, 0xff, 0x00, 0xff, 0xff, 0x00, 0xff, 0xff, 0x00, 
  0x9e, 0xf7, 0x00, 0x1c, 0xef, 0x00, 0x1c, 0xe7, 0x00, 0x7d, 0xef, 0x00, 
  0xff, 0xff, 0x00, 0xff, 0xff, 0x00, 0xff, 0xff, 0x00, 0xff, 0xff, 0x00, 
  0xff, 0xff, 0x00, 0xff, 0xff, 0x00, 0xdf, 0xff, 0x00, 0x9f, 0xff, 0x00, 
  0x7f, 0xff, 0x00, 0x9d, 0xfe, 0x00, 0x9a, 0xfd, 0x00, 0x97, 0xf4, 0x00, 
  0xd4, 0xe3, 0x00, 0x73, 0xe3, 0xff, 0x94, 0xeb, 0xff, 0x94, 0xeb, 0xff, 
  0xb5, 0xf3, 0xff, 0xb5, 0xf3, 0xff, 0xb5, 0xfb, 0xff, 0x95, 0xfb, 0xff, 
  0x95, 0xfb, 0xff, 0x75, 0xfb, 0xff, 0x75, 0xfb, 0xff, 0x75, 0xfb, 0xff, 
  0x75, 0xfb, 0xff, 0x75, 0xfb, 0xff, 0x75, 0xfb, 0xff, 0x75, 0xfb, 0xff, 
  0x75, 0xfb, 0xff, 0x75, 0xfb, 0xff, 0x75, 0xfb, 0xff, 0x75, 0xfb, 0xff, 
  0x75, 0xfb, 0xff, 0x54, 0xfb, 0xff, 0x13, 0xfb, 0xff, 0x13, 0xfb, 0xff, 
  0x13, 0xfb, 0xff, 0x13, 0xfb, 0xff, 0x13, 0xf3, 0xff, 0x33, 0xf3, 0xff, 
  0x12, 0xeb, 0xff, 0x12, 0xe3, 0xff, 0x32, 0xe3, 0x00, 0xb4, 0xe3, 0x00, 
  0xd7, 0xf4, 0x00, 0x1b, 0xfe, 0x00, 0x1f, 0xff, 0x00, 0x9f, 0xff, 0x00, 
  0xdf, 0xff, 0x00, 0xdf, 0xff, 0x00, 0xff, 0xff, 0x00, 0xff, 0xff, 0x00, 
  0xff, 0xff, 0x00, 0xff, 0xff, 0x00, 0xff, 0xff, 0x00, 0xdf, 0xff, 0x00, 
  0x7d, 0xef, 0x00, 0x3c, 0xe7, 0x00, 0x3c, 0xe7, 0x00, 0x9e, 0xef, 0x00, 
  0xdf, 0xff, 0x00, 0xff, 0xff, 0x00, 0xff, 0xff, 0x00, 0xff, 0xff, 0x00, 
  0xff, 0xff, 0x00, 0xff, 0xff, 0x00, 0xff, 0xff, 0x00, 0xff, 0xff, 0x00, 
  0xff, 0xff, 0x00, 0xff, 0xff, 0x00, 0xff, 0xff, 0x00, 0xff, 0xff, 0x00, 
  0xff, 0xff, 0x00, 0xff, 0xff, 0x00, 0xff, 0xff, 0x00, 0xff, 0xff, 0x00, 
  0xff, 0xff, 0x00, 0xff, 0xff, 0x00, 0xff, 0xff, 0x00, 0xff, 0xff, 0x00, 
  0xff, 0xff, 0x00, 0xff, 0xff, 0x00, 0xff, 0xff, 0x00, 0xff, 0xff, 0x00, 
  0xff, 0xff, 0x00, 0xff, 0xff, 0x00, 0xff, 0xff, 0x00, 0xff, 0xff, 0x00, 
  0xff, 0xff, 0x00, 0xff, 0xff, 0x00, 0xff, 0xff, 0x00, 0xff, 0xff, 0x00, 
  0xff, 0xff, 0x00, 0xff, 0xff, 0x00, 0xff, 0xff, 0x00, 0xff, 0xff, 0x00, 
  0xff, 0xff, 0x00, 0xff, 0xff, 0x00, 0xff, 0xff, 0x00, 0xff, 0xff, 0x00, 
  0xff, 0xff, 0x00, 0xff, 0xff, 0x00, 0xff, 0xff, 0x00, 0xff, 0xff, 0x00, 
  0xff, 0xff, 0x00, 0xff, 0xff, 0x00, 0xff, 0xff, 0x00, 0xff, 0xff, 0x00, 
  0xff, 0xff, 0x00, 0xff, 0xff, 0x00, 0xff, 0xff, 0x00, 0xff, 0xff, 0x00, 
  0xff, 0xff, 0x00, 0xff, 0xff, 0x00, 0xff, 0xff, 0x00, 0xff, 0xff, 0x00, 
  0xff, 0xff, 0x00, 0xdf, 0xff, 0x00, 0x9d, 0xf7, 0x00, 0x3c, 0xe7, 0x00, 
  0x3c, 0xe7, 0x00, 0x7d, 0xef, 0x00, 0xdf, 0xff, 0x00, 0xff, 0xff, 0x00, 
  0xff, 0xff, 0x00, 0xff, 0xff, 0x00, 0xff, 0xff, 0x00, 0xdf, 0xff, 0x00, 
  0xdf, 0xff, 0x00, 0xbf, 0xff, 0x00, 0xbf, 0xff, 0x00, 0x7f, 0xff, 0x00, 
  0xdd, 0xfe, 0x00, 0xfb, 0xfd, 0x00, 0x18, 0xf5, 0x00, 0x56, 0xec, 0x00, 
  0xd4, 0xe3, 0x00, 0x94, 0xe3, 0xff, 0x74, 0xe3, 0xff, 0x74, 0xeb, 0xff, 
  0x74, 0xf3, 0xff, 0x75, 0xfb, 0xff, 0x75, 0xfb, 0xff, 0x75, 0xfb, 0xff, 
  0x95, 0xfb, 0xff, 0x95, 0xfb, 0xff, 0x75, 0xfb, 0xff, 0x75, 0xfb, 0xff, 
  0x75, 0xfb, 0xff, 0x75, 0xfb, 0xff, 0x75, 0xfb, 0xff, 0x75, 0xfb, 0xff, 
  0x75, 0xfb, 0xff, 0x75, 0xfb, 0xff, 0x13, 0xfb, 0xff, 0xd2, 0xea, 0xff, 
  0xf2, 0xea, 0xff, 0xf2, 0xea, 0xff, 0x32, 0xe3, 0x00, 0x93, 0xdb, 0x00, 
  0x55, 0xe4, 0x00, 0x38, 0xf5, 0x00, 0x5c, 0xfe, 0x00, 0x1e, 0xff, 0x00, 
  0x9f, 0xff, 0x00, 0xbf, 0xff, 0x00, 0xdf, 0xff, 0x00, 0xdf, 0xff, 0x00, 
  0xff, 0xff, 0x00, 0xdf, 0xff, 0x00, 0xff, 0xff, 0x00, 0xff, 0xff, 0x00, 
  0xff, 0xff, 0x00, 0xff, 0xff, 0x00, 0x9d, 0xf7, 0x00, 0x3c, 0xe7, 0x00, 
  0x3c, 0xdf, 0x00, 0x7d, 0xef, 0x00, 0xdf, 0xf7, 0x00, 0xff, 0xff, 0x00, 
  0xff, 0xff, 0x00, 0xff, 0xff, 0x00, 0xff, 0xff, 0x00, 0xff, 0xff, 0x00, 
  0xff, 0xff, 0x00, 0xff, 0xff, 0x00, 0xff, 0xff, 0x00, 0xff, 0xff, 0x00, 
  0xff, 0xff, 0x00, 0xff, 0xff, 0x00, 0xff, 0xff, 0x00, 0xff, 0xff, 0x00, 
  0xff, 0xff, 0x00, 0xff, 0xff, 0x00, 0xff, 0xff, 0x00, 0xff, 0xff, 0x00, 
  0xff, 0xff, 0x00, 0xff, 0xff, 0x00, 0xff, 0xff, 0x00, 0xff, 0xff, 0x00, 
  0xff, 0xff, 0x00, 0xff, 0xff, 0x00, 0xff, 0xff, 0x00, 0xff, 0xff, 0x00, 
  0xff, 0xff, 0x00, 0xff, 0xff, 0x00, 0xff, 0xff, 0x00, 0xff, 0xff, 0x00, 
  0xff, 0xff, 0x00, 0xff, 0xff, 0x00, 0xff, 0xff, 0x00, 0xff, 0xff, 0x00, 
  0xff, 0xff, 0x00, 0xff, 0xff, 0x00, 0xff, 0xff, 0x00, 0xff, 0xff, 0x00, 
  0xff, 0xff, 0x00, 0xff, 0xff, 0x00, 0xff, 0xff, 0x00, 0xff, 0xff, 0x00, 
  0xff, 0xff, 0x00, 0xff, 0xff, 0x00, 0xff, 0xff, 0x00, 0xff, 0xff, 0x00, 
  0xff, 0xff, 0x00, 0xff, 0xff, 0x00, 0xff, 0xff, 0x00, 0xff, 0xff, 0x00, 
  0xff, 0xff, 0x00, 0xff, 0xff, 0x00, 0xff, 0xff, 0x00, 0xff, 0xff, 0x00, 
  0xff, 0xff, 0x00, 0xff, 0xff, 0x00, 0xff, 0xff, 0x00, 0xff, 0xff, 0x00, 
  0xff, 0xff, 0x00, 0xff, 0xff, 0x00, 0xff, 0xff, 0x00, 0xde, 0xff, 0x00, 
  0x5d, 0xef, 0x00, 0x3c, 0xe7, 0x00, 0x3c, 0xe7, 0x00, 0x7d, 0xef, 0x00, 
  0xdf, 0xff, 0x00, 0xff, 0xff, 0x00, 0xff, 0xff, 0x00, 0xff, 0xff, 0x00, 
  0xff, 0xff, 0x00, 0xff, 0xff, 0x00, 0xff, 0xff, 0x00, 0xff, 0xff, 0x00, 
  0xdf, 0xff, 0x00, 0xbf, 0xff, 0x00, 0x7f, 0xff, 0x00, 0x3f, 0xff, 0x00, 
  0x7d, 0xfe, 0x00, 0xfc, 0xfd, 0x00, 0x59, 0xfd, 0x00, 0xd8, 0xfc, 0x00, 
  0x76, 0xf4, 0x00, 0x15, 0xec, 0x00, 0xd5, 0xe3, 0x00, 0xb4, 0xe3, 0x00, 
  0xb4, 0xe3, 0x00, 0xb4, 0xe3, 0x00, 0xb4, 0xe3, 0x00, 0xb4, 0xe3, 0x00, 
  0x94, 0xe3, 0x00, 0xb4, 0xeb, 0x00, 0xb4, 0xeb, 0x00, 0xb4, 0xeb, 0x00, 
  0xb4, 0xe3, 0x00, 0x15, 0xec, 0x00, 0x15, 0xec, 0x00, 0x35, 0xf4, 0x00, 
  0xb7, 0xfc, 0x00, 0x59, 0xfd, 0x00, 0x1c, 0xfe, 0x00, 0xde, 0xfe, 0x00, 
  0x7f, 0xff, 0x00, 0x9f, 0xff, 0x00, 0xdf, 0xff, 0x00, 0xdf, 0xff, 0x00, 
  0xff, 0xff, 0x00, 0xff, 0xff, 0x00, 0xff, 0xff, 0x00, 0xff, 0xff, 0x00, 
  0xff, 0xff, 0x00, 0xff, 0xff, 0x00, 0xff, 0xff, 0x00, 0xbe, 0xf7, 0x00, 
  0xbe, 0xf7, 0x00, 0x3c, 0xef, 0x00, 0x1b, 0xe7, 0x00, 0x7d, 0xef, 0x00, 
  0xde, 0xf7, 0x00, 0xff, 0xf7, 0x00, 0xff, 0xff, 0x00, 0xff, 0xff, 0x00, 
  0xff, 0xff, 0x00, 0xff, 0xff, 0x00, 0xff, 0xff, 0x00, 0xff, 0xff, 0x00, 
  0xff, 0xff, 0x00, 0xff, 0xff, 0x00, 0xff, 0xff, 0x00, 0xff, 0xff, 0x00, 
  0xff, 0xff, 0x00, 0xff, 0xff, 0x00, 0xff, 0xff, 0x00, 0xff, 0xff, 0x00, 
  0xff, 0xff, 0x00, 0xff, 0xff, 0x00, 0xff, 0xff, 0x00, 0xff, 0xff, 0x00, 
  0xff, 0xff, 0x00, 0xff, 0xff, 0x00, 0xff, 0xff, 0x00, 0xff, 0xff, 0x00, 
  0xff, 0xff, 0x00, 0xff, 0xff, 0x00, 0xff, 0xff, 0x00, 0xff, 0xff, 0x00, 
  0xff, 0xff, 0x00, 0xff, 0xff, 0x00, 0xff, 0xff, 0x00, 0xff, 0xff, 0x00, 
  0xff, 0xff, 0x00, 0xff, 0xff, 0x00, 0xff, 0xff, 0x00, 0xff, 0xff, 0x00, 
  0xff, 0xff, 0x00, 0xff, 0xff, 0x00, 0xff, 0xff, 0x00, 0xff, 0xff, 0x00, 
  0xff, 0xff, 0x00, 0xff, 0xff, 0x00, 0xff, 0xff, 0x00, 0xff, 0xff, 0x00, 
  0xff, 0xff, 0x00, 0xff, 0xff, 0x00, 0xff, 0xff, 0x00, 0xff, 0xff, 0x00, 
  0xff, 0xff, 0x00, 0xff, 0xff, 0x00, 0xff, 0xff, 0x00, 0xff, 0xff, 0x00, 
  0xff, 0xff, 0x00, 0xff, 0xff, 0x00, 0xff, 0xff, 0x00, 0xff, 0xff, 0x00, 
  0xff, 0xff, 0x00, 0xff, 0xff, 0x00, 0xff, 0xff, 0x00, 0xff, 0xff, 0x00, 
  0xff, 0xff, 0x00, 0xff, 0xff, 0x00, 0xff, 0xff, 0x00, 0xff, 0xff, 0x00, 
  0xff, 0xff, 0x00, 0xbe, 0xf7, 0x00, 0x7d, 0xef, 0x00, 0x3c, 0xe7, 0x00, 
  0x3c, 0xe7, 0x00, 0x7d, 0xef, 0x00, 0xbe, 0xf7, 0x00, 0xff, 0xff, 0x00, 
  0xff, 0xff, 0x00, 0xff, 0xff, 0x00, 0xff, 0xff, 0x00, 0xff, 0xff, 0x00, 
  0xff, 0xff, 0x00, 0xdf, 0xff, 0x00, 0xdf, 0xff, 0x00, 0xbf, 0xff, 0x00, 
  0xbf, 0xff, 0x00, 0xbf, 0xff, 0x00, 0xbf, 0xff, 0x00, 0x9f, 0xff, 0x00, 
  0x9f, 0xff, 0x00, 0x5f, 0xff, 0x00, 0x1e, 0xff, 0x00, 0xdd, 0xfe, 0x00, 
  0xbd, 0xfe, 0x00, 0x9c, 0xfe, 0x00, 0x9c, 0xfe, 0x00, 0x9c, 0xfe, 0x00, 
  0x9c, 0xfe, 0x00, 0x9c, 0xfe, 0x00, 0xbd, 0xfe, 0x00, 0xdd, 0xfe, 0x00, 
  0xfe, 0xfe, 0x00, 0x3e, 0xff, 0x00, 0x7f, 0xff, 0x00, 0x9f, 0xff, 0x00, 
  0x9f, 0xff, 0x00, 0x9f, 0xff, 0x00, 0xbf, 0xff, 0x00, 0xbf, 0xff, 0x00, 
  0xdf, 0xff, 0x00, 0xdf, 0xff, 0x00, 0xdf, 0xff, 0x00, 0xff, 0xff, 0x00, 
  0xff, 0xff, 0x00, 0xff, 0xff, 0x00, 0xff, 0xff, 0x00, 0xff, 0xff, 0x00, 
  0xff, 0xff, 0x00, 0xbe, 0xf7, 0x00, 0x7d, 0xef, 0x00, 0x3c, 0xe7, 0x00, 
  0x1c, 0xe7, 0x00, 0x5d, 0xef, 0x00, 0xbe, 0xf7, 0x00, 0xff, 0xff, 0x00, 
  0xff, 0xff, 0x00, 0xff, 0xff, 0x00, 0xff, 0xff, 0x00, 0xff, 0xff, 0x00, 
  0xff, 0xff, 0x00, 0xff, 0xff, 0x00, 0xff, 0xff, 0x00, 0xff, 0xff, 0x00, 
  0xff, 0xff, 0x00, 0xff, 0xff, 0x00, 0xff, 0xff, 0x00, 0xff, 0xff, 0x00, 
  0xff, 0xff, 0x00, 0xff, 0xff, 0x00, 0xff, 0xff, 0x00, 0xff, 0xff, 0x00, 
  0xff, 0xff, 0x00, 0xff, 0xff, 0x00, 0xff, 0xff, 0x00, 0xff, 0xff, 0x00, 
  0xff, 0xff, 0x00, 0xff, 0xff, 0x00, 0xff, 0xff, 0x00, 0xff, 0xff, 0x00, 
  0xff, 0xff, 0x00, 0xff, 0xff, 0x00, 0xff, 0xff, 0x00, 0xff, 0xff, 0x00, 
  0xff, 0xff, 0x00, 0xff, 0xff, 0x00, 0xff, 0xff, 0x00, 0xff, 0xff, 0x00, 
  0xff, 0xff, 0x00, 0xff, 0xff, 0x00, 0xff, 0xff, 0x00, 0xff, 0xff, 0x00, 
  0xff, 0xff, 0x00, 0xff, 0xff, 0x00, 0xff, 0xff, 0x00, 0xff, 0xff, 0x00, 
  0xff, 0xff, 0x00, 0xff, 0xff, 0x00, 0xff, 0xff, 0x00, 0xff, 0xff, 0x00, 
  0xff, 0xff, 0x00, 0xff, 0xff, 0x00, 0xff, 0xff, 0x00, 0xff, 0xff, 0x00, 
  0xff, 0xff, 0x00, 0xff, 0xff, 0x00, 0xff, 0xff, 0x00, 0xff, 0xff, 0x00, 
  0xff, 0xff, 0x00, 0xff, 0xff, 0x00, 0xff, 0xff, 0x00, 0xff, 0xff, 0x00, 
  0xff, 0xff, 0x00, 0xff, 0xff, 0x00, 0xff, 0xff, 0x00, 0xff, 0xff, 0x00, 
  0xff, 0xff, 0x00, 0xff, 0xff, 0x00, 0xff, 0xff, 0x00, 0xff, 0xff, 0x00, 
  0xff, 0xff, 0x00, 0xff, 0xff, 0x00, 0xff, 0xff, 0x00, 0xbe, 0xf7, 0x00, 
  0x7d, 0xef, 0x00, 0x3c, 0xe7, 0x00, 0x3c, 0xe7, 0x00, 0x5d, 0xef, 0x00, 
  0x9e, 0xf7, 0x00, 0xbe, 0xf7, 0x00, 0xdf, 0xff, 0x00, 0xff, 0xff, 0x00, 
  0xff, 0xff, 0x00, 0xff, 0xff, 0x00, 0xff, 0xff, 0x00, 0xff, 0xff, 0x00, 
  0xff, 0xff, 0x00, 0xff, 0xff, 0x00, 0xff, 0xff, 0x00, 0xff, 0xff, 0x00, 
  0xff, 0xff, 0x00, 0xff, 0xff, 0x00, 0xdf, 0xff, 0x00, 0xdf, 0xff, 0x00, 
  0xdf, 0xff, 0x00, 0xdf, 0xff, 0x00, 0xdf, 0xff, 0x00, 0xdf, 0xff, 0x00, 
  0xdf, 0xff, 0x00, 0xdf, 0xff, 0x00, 0xdf, 0xff, 0x00, 0xdf, 0xff, 0x00, 
  0xff, 0xff, 0x00, 0xff, 0xff, 0x00, 0xff, 0xff, 0x00, 0xff, 0xff, 0x00, 
  0xff, 0xff, 0x00, 0xff, 0xff, 0x00, 0xff, 0xff, 0x00, 0xff, 0xff, 0x00, 
  0xff, 0xff, 0x00, 0xff, 0xff, 0x00, 0xff, 0xff, 0x00, 0xff, 0xff, 0x00, 
  0xff, 0xff, 0x00, 0xff, 0xff, 0x00, 0xdf, 0xff, 0x00, 0xbe, 0xf7, 0x00, 
  0x3c, 0xe7, 0x00, 0x3c, 0xe7, 0x00, 0x3c, 0xe7, 0x00, 0x7d, 0xef, 0x00, 
  0xbe, 0xf7, 0x00, 0xff, 0xff, 0x00, 0xff, 0xff, 0x00, 0xff, 0xff, 0x00, 
  0xff, 0xff, 0x00, 0xff, 0xff, 0x00, 0xff, 0xff, 0x00, 0xff, 0xff, 0x00, 
  0xff, 0xff, 0x00, 0xff, 0xff, 0x00, 0xff, 0xff, 0x00, 0xff, 0xff, 0x00, 
  0xff, 0xff, 0x00, 0xff, 0xff, 0x00, 0xff, 0xff, 0x00, 0xff, 0xff, 0x00, 
  0xff, 0xff, 0x00, 0xff, 0xff, 0x00, 0xff, 0xff, 0x00, 0xff, 0xff, 0x00, 
  0xff, 0xff, 0x00, 0xff, 0xff, 0x00, 0xff, 0xff, 0x00, 0xff, 0xff, 0x00, 
  0xff, 0xff, 0x00, 0xff, 0xff, 0x00, 0xff, 0xff, 0x00, 0xff, 0xff, 0x00, 
  0xff, 0xff, 0x00, 0xff, 0xff, 0x00, 0xff, 0xff, 0x00, 0xff, 0xff, 0x00, 
  0xff, 0xff, 0x00, 0xff, 0xff, 0x00, 0xff, 0xff, 0x00, 0xff, 0xff, 0x00, 
  0xff, 0xff, 0x00, 0xff, 0xff, 0x00, 0xff, 0xff, 0x00, 0xff, 0xff, 0x00, 
  0xff, 0xff, 0x00, 0xff, 0xff, 0x00, 0xff, 0xff, 0x00, 0xff, 0xff, 0x00, 
  0xff, 0xff, 0x00, 0xff, 0xff, 0x00, 0xff, 0xff, 0x00, 0xff, 0xff, 0x00, 
  0xff, 0xff, 0x00, 0xff, 0xff, 0x00, 0xff, 0xff, 0x00, 0xff, 0xff, 0x00, 
  0xff, 0xff, 0x00, 0xff, 0xff, 0x00, 0xff, 0xff, 0x00, 0xff, 0xff, 0x00, 
  0xff, 0xff, 0x00, 0xff, 0xff, 0x00, 0xff, 0xff, 0x00, 0xff, 0xff, 0x00, 
  0xff, 0xff, 0x00, 0xff, 0xff, 0x00, 0xff, 0xff, 0x00, 0xff, 0xff, 0x00, 
  0xff, 0xff, 0x00, 0xff, 0xff, 0x00, 0xff, 0xff, 0x00, 0xff, 0xff, 0x00, 
  0xff, 0xff, 0x00, 0xff, 0xff, 0x00, 0xff, 0xff, 0x00, 0xff, 0xff, 0x00, 
  0xff, 0xff, 0x00, 0xdf, 0xff, 0x00, 0x9e, 0xf7, 0x00, 0x5d, 0xef, 0x00, 
  0x1c, 0xe7, 0x00, 0x3c, 0xe7, 0x00, 0x5d, 0xef, 0x00, 0x9e, 0xf7, 0x00, 
  0xbe, 0xf7, 0x00, 0xdf, 0xff, 0x00, 0xff, 0xff, 0x00, 0xff, 0xff, 0x00, 
  0xff, 0xff, 0x00, 0xff, 0xff, 0x00, 0xff, 0xff, 0x00, 0xff, 0xff, 0x00, 
  0xff, 0xff, 0x00, 0xff, 0xff, 0x00, 0xff, 0xff, 0x00, 0xff, 0xff, 0x00, 
  0xff, 0xff, 0x00, 0xff, 0xff, 0x00, 0xff, 0xff, 0x00, 0xff, 0xff, 0x00, 
  0xff, 0xff, 0x00, 0xff, 0xff, 0x00, 0xdf, 0xff, 0x00, 0xff, 0xff, 0x00, 
  0xff, 0xff, 0x00, 0xff, 0xff, 0x00, 0xff, 0xff, 0x00, 0xff, 0xff, 0x00, 
  0xff, 0xff, 0x00, 0xff, 0xff, 0x00, 0xff, 0xff, 0x00, 0xff, 0xff, 0x00, 
  0xff, 0xff, 0x00, 0xff, 0xff, 0x00, 0xdf, 0xff, 0x00, 0xbe, 0xf7, 0x00, 
  0x9e, 0xf7, 0x00, 0x5d, 0xef, 0x00, 0x3c, 0xe7, 0x00, 0x1c, 0xe7, 0x00, 
  0x5d, 0xef, 0x00, 0x9e, 0xf7, 0x00, 0xdf, 0xff, 0x00, 0xff, 0xff, 0x00, 
  0xff, 0xff, 0x00, 0xff, 0xff, 0x00, 0xff, 0xff, 0x00, 0xff, 0xff, 0x00, 
  0xff, 0xff, 0x00, 0xff, 0xff, 0x00, 0xff, 0xff, 0x00, 0xff, 0xff, 0x00, 
  0xff, 0xff, 0x00, 0xff, 0xff, 0x00, 0xff, 0xff, 0x00, 0xff, 0xff, 0x00, 
  0xff, 0xff, 0x00, 0xff, 0xff, 0x00, 0xff, 0xff, 0x00, 0xff, 0xff, 0x00, 
  0xff, 0xff, 0x00, 0xff, 0xff, 0x00, 0xff, 0xff, 0x00, 0xff, 0xff, 0x00, 
  0xff, 0xff, 0x00, 0xff, 0xff, 0x00, 0xff, 0xff, 0x00, 0xff, 0xff, 0x00, 
  0xff, 0xff, 0x00, 0xff, 0xff, 0x00, 0xff, 0xff, 0x00, 0xff, 0xff, 0x00, 
  0xff, 0xff, 0x00, 0xff, 0xff, 0x00, 0xff, 0xff, 0x00, 0xff, 0xff, 0x00, 
  0xff, 0xff, 0x00, 0xff, 0xff, 0x00, 0xff, 0xff, 0x00, 0xff, 0xff, 0x00, 
  0xff, 0xff, 0x00, 0xff, 0xff, 0x00, 0xff, 0xff, 0x00, 0xff, 0xff, 0x00, 
  0xff, 0xff, 0x00, 0xff, 0xff, 0x00, 0xff, 0xff, 0x00, 0xff, 0xff, 0x00, 
  0xff, 0xff, 0x00, 0xff, 0xff, 0x00, 0xff, 0xff, 0x00, 0xff, 0xff, 0x00, 
  0xff, 0xff, 0x00, 0xff, 0xff, 0x00, 0xff, 0xff, 0x00, 0xff, 0xff, 0x00, 
  0xff, 0xff, 0x00, 0xff, 0xff, 0x00, 0xff, 0xff, 0x00, 0xff, 0xff, 0x00, 
  0xff, 0xff, 0x00, 0xff, 0xff, 0x00, 0xff, 0xff, 0x00, 0xff, 0xff, 0x00, 
  0xff, 0xff, 0x00, 0xff, 0xff, 0x00, 0xff, 0xff, 0x00, 0xff, 0xff, 0x00, 
  0xff, 0xff, 0x00, 0xff, 0xff, 0x00, 0xff, 0xff, 0x00, 0xff, 0xff, 0x00, 
  0xff, 0xff, 0x00, 0xff, 0xff, 0x00, 0xff, 0xff, 0x00, 0xff, 0xff, 0x00, 
  0xff, 0xff, 0x00, 0xff, 0xff, 0x00, 0xff, 0xff, 0x00, 0xff, 0xff, 0x00, 
  0xbe, 0xf7, 0x00, 0x9e, 0xf7, 0x00, 0x5d, 0xef, 0x00, 0x3c, 0xe7, 0x00, 
  0x1c, 0xe7, 0x00, 0x3c, 0xe7, 0x00, 0x7d, 0xef, 0x00, 0x9e, 0xf7, 0x00, 
  0xde, 0xf7, 0x00, 0xdf, 0xf7, 0x00, 0xff, 0xff, 0x00, 0xff, 0xff, 0x00, 
  0xff, 0xff, 0x00, 0xff, 0xff, 0x00, 0xff, 0xff, 0x00, 0xff, 0xff, 0x00, 
  0xff, 0xff, 0x00, 0xff, 0xff, 0x00, 0xff, 0xff, 0x00, 0xff, 0xff, 0x00, 
  0xff, 0xff, 0x00, 0xff, 0xff, 0x00, 0xff, 0xff, 0x00, 0xff, 0xff, 0x00, 
  0xff, 0xff, 0x00, 0xff, 0xff, 0x00, 0xff, 0xff, 0x00, 0xff, 0xff, 0x00, 
  0xff, 0xff, 0x00, 0xdf, 0xff, 0x00, 0xdf, 0xff, 0x00, 0xbf, 0xff, 0x00, 
  0x9e, 0xf7, 0x00, 0x7d, 0xef, 0x00, 0x3c, 0xe7, 0x00, 0x1c, 0xe7, 0x00, 
  0x1c, 0xe7, 0x00, 0x5d, 0xef, 0x00, 0x9e, 0xf7, 0x00, 0xbe, 0xf7, 0x00, 
  0xff, 0xff, 0x00, 0xff, 0xff, 0x00, 0xff, 0xff, 0x00, 0xff, 0xff, 0x00, 
  0xff, 0xff, 0x00, 0xff, 0xff, 0x00, 0xff, 0xff, 0x00, 0xff, 0xff, 0x00, 
  0xff, 0xff, 0x00, 0xff, 0xff, 0x00, 0xff, 0xff, 0x00, 0xff, 0xff, 0x00, 
  0xff, 0xff, 0x00, 0xff, 0xff, 0x00, 0xff, 0xff, 0x00, 0xff, 0xff, 0x00, 
  0xff, 0xff, 0x00, 0xff, 0xff, 0x00, 0xff, 0xff, 0x00, 0xff, 0xff, 0x00, 
  0xff, 0xff, 0x00, 0xff, 0xff, 0x00, 0xff, 0xff, 0x00, 0xff, 0xff, 0x00, 
  0xff, 0xff, 0x00, 0xff, 0xff, 0x00, 0xff, 0xff, 0x00, 0xff, 0xff, 0x00, 
  0xff, 0xff, 0x00, 0xff, 0xff, 0x00, 0xff, 0xff, 0x00, 0xff, 0xff, 0x00, 
  0xff, 0xff, 0x00, 0xff, 0xff, 0x00, 0xff, 0xff, 0x00, 0xff, 0xff, 0x00, 
  0xff, 0xff, 0x00, 0xff, 0xff, 0x00, 0xff, 0xff, 0x00, 0xff, 0xff, 0x00, 
  0xff, 0xff, 0x00, 0xff, 0xff, 0x00, 0xff, 0xff, 0x00, 0xff, 0xff, 0x00, 
  0xff, 0xff, 0x00, 0xff, 0xff, 0x00, 0xff, 0xff, 0x00, 0xff, 0xff, 0x00, 
  0xff, 0xff, 0x00, 0xff, 0xff, 0x00, 0xff, 0xff, 0x00, 0xff, 0xff, 0x00, 
  0xff, 0xff, 0x00, 0xff, 0xff, 0x00, 0xff, 0xff, 0x00, 0xff, 0xff, 0x00, 
  0xff, 0xff, 0x00, 0xff, 0xff, 0x00, 0xff, 0xff, 0x00, 0xff, 0xff, 0x00, 
  0xff, 0xff, 0x00, 0xff, 0xff, 0x00, 0xff, 0xff, 0x00, 0xff, 0xff, 0x00, 
  0xff, 0xff, 0x00, 0xff, 0xff, 0x00, 0xff, 0xff, 0x00, 0xff, 0xff, 0x00, 
  0xff, 0xff, 0x00, 0xff, 0xff, 0x00, 0xff, 0xff, 0x00, 0xff, 0xff, 0x00, 
  0xff, 0xff, 0x00, 0xff, 0xff, 0x00, 0xff, 0xff, 0x00, 0xff, 0xff, 0x00, 
  0xff, 0xff, 0x00, 0xff, 0xff, 0x00, 0xff, 0xff, 0x00, 0xff, 0xff, 0x00, 
  0xff, 0xff, 0x00, 0xff, 0xff, 0x00, 0xff, 0xff, 0x00, 0xdf, 0xff, 0x00, 
  0xbe, 0xf7, 0x00, 0x7d, 0xef, 0x00, 0x3c, 0xe7, 0x00, 0x1c, 0xe7, 0x00, 
  0x3c, 0xe7, 0x00, 0x3c, 0xe7, 0x00, 0x5c, 0xe7, 0x00, 0x5d, 0xef, 0x00, 
  0x7d, 0xef, 0x00, 0x9e, 0xf7, 0x00, 0xbe, 0xf7, 0x00, 0xbe, 0xf7, 0x00, 
  0xbe, 0xf7, 0x00, 0xdf, 0xff, 0x00, 0xdf, 0xff, 0x00, 0xdf, 0xff, 0x00, 
  0xdf, 0xff, 0x00, 0xdf, 0xff, 0x00, 0xdf, 0xf7, 0x00, 0xde, 0xf7, 0x00, 
  0xbe, 0xf7, 0x00, 0xbe, 0xf7, 0x00, 0x9e, 0xf7, 0x00, 0x7d, 0xef, 0x00, 
  0x5d, 0xef, 0x00, 0x3c, 0xe7, 0x00, 0x3c, 0xe7, 0x00, 0x3c, 0xe7, 0x00, 
  0x1c, 0xe7, 0x00, 0x3c, 0xe7, 0x00, 0x7d, 0xef, 0x00, 0x9e, 0xf7, 0x00, 
  0xdf, 0xff, 0x00, 0xff, 0xff, 0x00, 0xff, 0xff, 0x00, 0xff, 0xff, 0x00, 
  0xff, 0xff, 0x00, 0xff, 0xff, 0x00, 0xff, 0xff, 0x00, 0xff, 0xff, 0x00, 
  0xff, 0xff, 0x00, 0xff, 0xff, 0x00, 0xff, 0xff, 0x00, 0xff, 0xff, 0x00, 
  0xff, 0xff, 0x00, 0xff, 0xff, 0x00, 0xff, 0xff, 0x00, 0xff, 0xff, 0x00, 
  0xff, 0xff, 0x00, 0xff, 0xff, 0x00, 0xff, 0xff, 0x00, 0xff, 0xff, 0x00, 
  0xff, 0xff, 0x00, 0xff, 0xff, 0x00, 0xff, 0xff, 0x00, 0xff, 0xff, 0x00, 
  0xff, 0xff, 0x00, 0xff, 0xff, 0x00, 0xff, 0xff, 0x00, 0xff, 0xff, 0x00, 
  0xff, 0xff, 0x00, 0xff, 0xff, 0x00, 0xff, 0xff, 0x00, 0xff, 0xff, 0x00, 
  0xff, 0xff, 0x00, 0xff, 0xff, 0x00, 0xff, 0xff, 0x00, 0xff, 0xff, 0x00, 
  0xff, 0xff, 0x00, 0xff, 0xff, 0x00, 0xff, 0xff, 0x00, 0xff, 0xff, 0x00, 
  0xff, 0xff, 0x00, 0xff, 0xff, 0x00, 0xff, 0xff, 0x00, 0xff, 0xff, 0x00, 
  0xff, 0xff, 0x00, 0xff, 0xff, 0x00, 0xff, 0xff, 0x00, 0xff, 0xff, 0x00, 
  0xff, 0xff, 0x00, 0xff, 0xff, 0x00, 0xff, 0xff, 0x00, 0xff, 0xff, 0x00, 
  0xff, 0xff, 0x00, 0xff, 0xff, 0x00, 0xff, 0xff, 0x00, 0xff, 0xff, 0x00, 
  0xff, 0xff, 0x00, 0xff, 0xff, 0x00, 0xff, 0xff, 0x00, 0xff, 0xff, 0x00, 
  0xff, 0xff, 0x00, 0xff, 0xff, 0x00, 0xff, 0xff, 0x00, 0xff, 0xff, 0x00, 
  0xff, 0xff, 0x00, 0xff, 0xff, 0x00, 0xff, 0xff, 0x00, 0xff, 0xff, 0x00, 
  0xff, 0xff, 0x00, 0xff, 0xff, 0x00, 0xff, 0xff, 0x00, 0xff, 0xff, 0x00, 
  0xff, 0xff, 0x00, 0xff, 0xff, 0x00, 0xff, 0xff, 0x00, 0xff, 0xff, 0x00, 
  0xff, 0xff, 0x00, 0xff, 0xff, 0x00, 0xff, 0xff, 0x00, 0xff, 0xff, 0x00, 
  0xff, 0xff, 0x00, 0xff, 0xff, 0x00, 0xff, 0xff, 0x00, 0xff, 0xff, 0x00, 
  0xff, 0xff, 0x00, 0xff, 0xff, 0x00, 0xff, 0xff, 0x00, 0xff, 0xff, 0x00, 
  0xff, 0xff, 0x00, 0xff, 0xff, 0x00, 0xff, 0xff, 0x00, 0xdf, 0xff, 0x00, 
  0xbe, 0xf7, 0x00, 0x9e, 0xf7, 0x00, 0x7d, 0xef, 0x00, 0x5d, 0xef, 0x00, 
  0x3c, 0xe7, 0x00, 0x3c, 0xe7, 0x00, 0x1c, 0xe7, 0x00, 0x1c, 0xe7, 0x00, 
  0x3c, 0xe7, 0x00, 0x3c, 0xe7, 0x00, 0x3c, 0xe7, 0x00, 0x3c, 0xe7, 0x00, 
  0x3c, 0xe7, 0x00, 0x3c, 0xe7, 0x00, 0x3c, 0xe7, 0x00, 0x3c, 0xe7, 0x00, 
  0x1c, 0xe7, 0x00, 0x1c, 0xe7, 0x00, 0x1c, 0xe7, 0x00, 0x3c, 0xe7, 0x00, 
  0x5d, 0xef, 0x00, 0x7d, 0xef, 0x00, 0x9e, 0xf7, 0x00, 0x9e, 0xf7, 0x00, 
  0xdf, 0xff, 0x00, 0xdf, 0xff, 0x00, 0xff, 0xff, 0x00, 0xff, 0xff, 0x00, 
  0xff, 0xff, 0x00, 0xff, 0xff, 0x00, 0xff, 0xff, 0x00, 0xff, 0xff, 0x00, 
  0xff, 0xff, 0x00, 0xff, 0xff, 0x00, 0xff, 0xff, 0x00, 0xff, 0xff, 0x00, 
  0xff, 0xff, 0x00, 0xff, 0xff, 0x00, 0xff, 0xff, 0x00, 0xff, 0xff, 0x00, 
  0xff, 0xff, 0x00, 0xff, 0xff, 0x00, 0xff, 0xff, 0x00, 0xff, 0xff, 0x00, 
  0xff, 0xff, 0x00, 0xff, 0xff, 0x00, 0xff, 0xff, 0x00, 0xff, 0xff, 0x00, 
  0xff, 0xff, 0x00, 0xff, 0xff, 0x00, 0xff, 0xff, 0x00, 0xff, 0xff, 0x00, 
  0xff, 0xff, 0x00, 0xff, 0xff, 0x00, 0xff, 0xff, 0x00, 0xff, 0xff, 0x00, 
  0xff, 0xff, 0x00, 0xff, 0xff, 0x00, 0xff, 0xff, 0x00, 0xff, 0xff, 0x00, 
  0xff, 0xff, 0x00, 0xff, 0xff, 0x00, 0xff, 0xff, 0x00, 0xff, 0xff, 0x00, 
  0xff, 0xff, 0x00, 0xff, 0xff, 0x00, 0xff, 0xff, 0x00, 0xff, 0xff, 0x00, 
  0xff, 0xff, 0x00, 0xff, 0xff, 0x00, 0xff, 0xff, 0x00, 0xff, 0xff, 0x00, 
  0xff, 0xff, 0x00, 0xff, 0xff, 0x00, 0xff, 0xff, 0x00, 0xff, 0xff, 0x00, 
  0xff, 0xff, 0x00, 0xff, 0xff, 0x00, 0xff, 0xff, 0x00, 0xff, 0xff, 0x00, 
  0xff, 0xff, 0x00, 0xff, 0xff, 0x00, 0xff, 0xff, 0x00, 0xff, 0xff, 0x00, 
  0xff, 0xff, 0x00, 0xff, 0xff, 0x00, 0xff, 0xff, 0x00, 0xff, 0xff, 0x00, 
  0xff, 0xff, 0x00, 0xff, 0xff, 0x00, 0xff, 0xff, 0x00, 0xff, 0xff, 0x00, 
  0xff, 0xff, 0x00, 0xff, 0xff, 0x00, 0xff, 0xff, 0x00, 0xff, 0xff, 0x00, 
  0xff, 0xff, 0x00, 0xff, 0xff, 0x00, 0xff, 0xff, 0x00, 0xff, 0xff, 0x00, 
  0xff, 0xff, 0x00, 0xff, 0xff, 0x00, 0xff, 0xff, 0x00, 0xff, 0xff, 0x00, 
  0xff, 0xff, 0x00, 0xff, 0xff, 0x00, 0xff, 0xff, 0x00, 0xff, 0xff, 0x00, 
  0xff, 0xff, 0x00, 0xff, 0xff, 0x00, 0xff, 0xff, 0x00, 0xff, 0xff, 0x00, 
  0xff, 0xff, 0x00, 0xff, 0xff, 0x00, 0xff, 0xff, 0x00, 0xff, 0xff, 0x00, 
  0xff, 0xff, 0x00, 0xff, 0xff, 0x00, 0xff, 0xff, 0x00, 0xff, 0xff, 0x00, 
  0xff, 0xff, 0x00, 0xff, 0xff, 0x00, 0xff, 0xff, 0x00, 0xdf, 0xff, 0x00, 
  0xdf, 0xff, 0x00, 0xdf, 0xff, 0x00, 0xdf, 0xff, 0x00, 0xbf, 0xff, 0x00, 
  0xbe, 0xf7, 0x00, 0xbe, 0xf7, 0x00, 0x9e, 0xf7, 0x00, 0x9e, 0xf7, 0x00, 
  0x9e, 0xf7, 0x00, 0x9e, 0xf7, 0x00, 0xbe, 0xf7, 0x00, 0xbe, 0xf7, 0x00, 
  0xbe, 0xf7, 0x00, 0xdf, 0xff, 0x00, 0xdf, 0xff, 0x00, 0xdf, 0xff, 0x00, 
  0xff, 0xff, 0x00, 0xff, 0xff, 0x00, 0xff, 0xff, 0x00, 0xff, 0xff, 0x00, 
  0xff, 0xff, 0x00, 0xff, 0xff, 0x00, 0xff, 0xff, 0x00, 0xff, 0xff, 0x00, 
  0xff, 0xff, 0x00, 0xff, 0xff, 0x00, 0xff, 0xff, 0x00, 0xff, 0xff, 0x00, 
  0xff, 0xff, 0x00, 0xff, 0xff, 0x00, 0xff, 0xff, 0x00, 0xff, 0xff, 0x00, 
  0xff, 0xff, 0x00, 0xff, 0xff, 0x00, 0xff, 0xff, 0x00, 0xff, 0xff, 0x00, 
  0xff, 0xff, 0x00, 0xff, 0xff, 0x00, 0xff, 0xff, 0x00, 0xff, 0xff, 0x00, 
  0xff, 0xff, 0x00, 0xff, 0xff, 0x00, 0xff, 0xff, 0x00, 0xff, 0xff, 0x00, 
  0xff, 0xff, 0x00, 0xff, 0xff, 0x00, 0xff, 0xff, 0x00, 0xff, 0xff, 0x00, 
  0xff, 0xff, 0x00, 0xff, 0xff, 0x00, 0xff, 0xff, 0x00, 0xff, 0xff, 0x00, 
  0xff, 0xff, 0x00, 0xff, 0xff, 0x00, 0xff, 0xff, 0x00, 0xff, 0xff, 0x00, 
  0xff, 0xff, 0x00, 0xff, 0xff, 0x00, 0xff, 0xff, 0x00, 0xff, 0xff, 0x00, 
  0xff, 0xff, 0x00, 0xff, 0xff, 0x00, 0xff, 0xff, 0x00, 0xff, 0xff, 0x00, 
  0xff, 0xff, 0x00, 0xff, 0xff, 0x00, 0xff, 0xff, 0x00, 0xff, 0xff, 0x00, 
  0xff, 0xff, 0x00, 0xff, 0xff, 0x00, 0xff, 0xff, 0x00, 0xff, 0xff, 0x00, 
  0xff, 0xff, 0x00, 0xff, 0xff, 0x00, 0xff, 0xff, 0x00, 0xff, 0xff, 0x00, 
  0xff, 0xff, 0x00, 0xff, 0xff, 0x00, 0xff, 0xff, 0x00, 0xff, 0xff, 0x00, 
  0xff, 0xff, 0x00, 0xff, 0xff, 0x00, 0xff, 0xff, 0x00, 0xff, 0xff, 0x00, 
  0xff, 0xff, 0x00, 0xff, 0xff, 0x00, 0xff, 0xff, 0x00, 0xff, 0xff, 0x00, 
  0xff, 0xff, 0x00, 0xff, 0xff, 0x00, 0xff, 0xff, 0x00, 0xff, 0xff, 0x00, 
  0xff, 0xff, 0x00, 0xff, 0xff, 0x00, 0xff, 0xff, 0x00, 0xff, 0xff, 0x00, 
  0xff, 0xff, 0x00, 0xff, 0xff, 0x00, 0xff, 0xff, 0x00, 0xff, 0xff, 0x00, 
  0xff, 0xff, 0x00, 0xff, 0xff, 0x00, 0xff, 0xff, 0x00, 0xff, 0xff, 0x00, 
  0xff, 0xff, 0x00, 0xff, 0xff, 0x00, 0xff, 0xff, 0x00, 0xff, 0xff, 0x00, 
  0xff, 0xff, 0x00, 0xff, 0xff, 0x00, 0xff, 0xff, 0x00, 0xff, 0xff, 0x00, 
  0xff, 0xff, 0x00, 0xff, 0xff, 0x00, 0xff, 0xff, 0x00, 0xff, 0xff, 0x00, 
  0xff, 0xff, 0x00, 0xff, 0xff, 0x00, 0xff, 0xff, 0x00, 0xff, 0xff, 0x00, 
  0xff, 0xff, 0x00, 0xff, 0xff, 0x00, 0xff, 0xff, 0x00, 0xff, 0xff, 0x00, 
  0xff, 0xff, 0x00, 0xff, 0xff, 0x00, 0xff, 0xff, 0x00, 0xff, 0xff, 0x00, 
  0xff, 0xff, 0x00, 0xff, 0xff, 0x00, 0xff, 0xff, 0x00, 0xff, 0xff, 0x00, 
  0xff, 0xff, 0x00, 0xff, 0xff, 0x00, 0xff, 0xff, 0x00, 0xff, 0xff, 0x00, 
  0xff, 0xff, 0x00, 0xff, 0xff, 0x00, 0xff, 0xff, 0x00, 0xff, 0xff, 0x00, 
  0xff, 0xff, 0x00, 0xff, 0xff, 0x00, 0xff, 0xff, 0x00, 0xff, 0xff, 0x00, 
  0xff, 0xff, 0x00, 0xff, 0xff, 0x00, 0xff, 0xff, 0x00, 0xff, 0xff, 0x00, 
  0xff, 0xff, 0x00, 0xff, 0xff, 0x00, 0xff, 0xff, 0x00, 0xff, 0xff, 0x00, 
  0xff, 0xff, 0x00, 0xff, 0xff, 0x00, 0xff, 0xff, 0x00, 0xff, 0xff, 0x00, 
  0xff, 0xff, 0x00, 0xff, 0xff, 0x00, 0xff, 0xff, 0x00, 0xff, 0xff, 0x00, 
  0xff, 0xff, 0x00, 0xff, 0xff, 0x00, 0xff, 0xff, 0x00, 0xff, 0xff, 0x00, 
  0xff, 0xff, 0x00, 0xff, 0xff, 0x00, 0xff, 0xff, 0x00, 0xff, 0xff, 0x00, 
  0xff, 0xff, 0x00, 0xff, 0xff, 0x00, 0xff, 0xff, 0x00, 0xff, 0xff, 0x00, 
  0xff, 0xff, 0x00, 0xff, 0xff, 0x00, 0xff, 0xff, 0x00, 0xff, 0xff, 0x00, 
  0xff, 0xff, 0x00, 0xff, 0xff, 0x00, 0xff, 0xff, 0x00, 0xff, 0xff, 0x00, 
  0xff, 0xff, 0x00, 0xff, 0xff, 0x00, 0xff, 0xff, 0x00, 0xff, 0xff, 0x00, 
  0xff, 0xff, 0x00, 0xff, 0xff, 0x00, 0xff, 0xff, 0x00, 0xff, 0xff, 0x00, 
  
};

const lv_img_dsc_t img_osu = {
  .header.cf = LV_IMG_CF_TRUE_COLOR_ALPHA,
  .header.always_zero = 0,
  .header.w = 120,
  .header.h = 120,
  .data_size = 43200,
  .data = img_osu_map,
};
