#include "lvgl.h"

const uint8_t img_settings_map[] = {
  0xff, 0xff, 0x00, 0xff, 0xff, 0x00, 0xff, 0xff, 0x00, 0xff, 0xff, 0x00, 
  0xff, 0xff, 0x00, 0xff, 0xff, 0x00, 0xff, 0xff, 0x00, 0xff, 0xff, 0x00, 
  0xff, 0xff, 0x00, 0xff, 0xff, 0x00, 0xff, 0xff, 0x00, 0xff, 0xff, 0x00, 
  0xff, 0xff, 0x00, 0xff, 0xff, 0x00, 0xff, 0xff, 0x00, 0xff, 0xff, 0x00, 
  0xff, 0xff, 0x00, 0xff, 0xff, 0x00, 0xff, 0xff, 0x00, 0xff, 0xff, 0x00, 
  0xff, 0xff, 0x00, 0xff, 0xff, 0x00, 0xff, 0xff, 0x00, 0xff, 0xff, 0x00, 
  0xff, 0xff, 0x00, 0xff, 0xff, 0x00, 0xff, 0xff, 0x00, 0xff, 0xff, 0x00, 
  0xff, 0xff, 0x00, 0xff, 0xff, 0x00, 0xff, 0xff, 0x00, 0xff, 0xff, 0x00, 
  0xff, 0xff, 0x00, 0xff, 0xff, 0x00, 0xff, 0xff, 0x00, 0xff, 0xff, 0x00, 
  0xff, 0xff, 0x00, 0xff, 0xff, 0x00, 0xff, 0xff, 0x00, 0xff, 0xff, 0x00, 
  0xff, 0xff, 0x00, 0xff, 0xff, 0x00, 0xff, 0xff, 0x00, 0xff, 0xff, 0x00, 
  0xff, 0xff, 0x00, 0xff, 0xff, 0x00, 0xff, 0xff, 0x00, 0xff, 0xff, 0x00, 
  0xff, 0xff, 0x00, 0xff, 0xff, 0x00, 0xff, 0xff, 0x00, 0xff, 0xff, 0x00, 
  0xff, 0xff, 0x00, 0xff, 0xff, 0x00, 0xff, 0xff, 0x00, 0xff, 0xff, 0x00, 
  0xff, 0xff, 0x00, 0xff, 0xff, 0x00, 0xff, 0xff, 0x00, 0xff, 0xff, 0x00, 
  0xff, 0xff, 0x00, 0xff, 0xff, 0x00, 0xff, 0xff, 0x00, 0xff, 0xff, 0x00, 
  0xff, 0xff, 0x00, 0xff, 0xff, 0x00, 0xff, 0xff, 0x00, 0xff, 0xff, 0x00, 
  0xff, 0xff, 0x00, 0xff, 0xff, 0x00, 0xff, 0xff, 0x00, 0xff, 0xff, 0x00, 
  0xff, 0xff, 0x00, 0xff, 0xff, 0x00, 0xff, 0xff, 0x00, 0xff, 0xff, 0x00, 
  0xff, 0xff, 0x00, 0xff, 0xff, 0x00, 0xff, 0xff, 0x00, 0xff, 0xff, 0x00, 
  0xff, 0xff, 0x00, 0xff, 0xff, 0x00, 0xff, 0xff, 0x00, 0xff, 0xff, 0x00, 
  0xff, 0xff, 0x00, 0xff, 0xff, 0x00, 0xff, 0xff, 0x00, 0xff, 0xff, 0x00, 
  0xff, 0xff, 0x00, 0xff, 0xff, 0x00, 0xff, 0xff, 0x00, 0xff, 0xff, 0x00, 
  0xff, 0xff, 0x00, 0xff, 0xff, 0x00, 0xff, 0xff, 0x00, 0xff, 0xff, 0x00, 
  0xff, 0xff, 0x00, 0xff, 0xff, 0x00, 0xff, 0xff, 0x00, 0xff, 0xff, 0x00, 
  0xff, 0xff, 0x00, 0xff, 0xff, 0x00, 0xff, 0xff, 0x00, 0xff, 0xff, 0x00, 
  0xff, 0xff, 0x00, 0xff, 0xff, 0x00, 0xff, 0xff, 0x00, 0xff, 0xff, 0x00, 
  0xff, 0xff, 0x00, 0xff, 0xff, 0x00, 0xff, 0xff, 0x00, 0xff, 0xff, 0x00, 
  0xff, 0xff, 0x00, 0xff, 0xff, 0x00, 0xff, 0xff, 0x00, 0xff, 0xff, 0x00, 
  0xff, 0xff, 0x00, 0xff, 0xff, 0x00, 0xff, 0xff, 0x00, 0xff, 0xff, 0x00, 
  0xff, 0xff, 0x00, 0xff, 0xff, 0x00, 0xff, 0xff, 0x00, 0xff, 0xff, 0x00, 
  0xff, 0xff, 0x00, 0xff, 0xff, 0x00, 0xff, 0xff, 0x00, 0xff, 0xff, 0x00, 
  0xff, 0xff, 0x00, 0xff, 0xff, 0x00, 0xff, 0xff, 0x00, 0xff, 0xff, 0x00, 
  0xff, 0xff, 0x00, 0xff, 0xff, 0x00, 0xff, 0xff, 0x00, 0xff, 0xff, 0x00, 
  0xff, 0xff, 0x00, 0xff, 0xff, 0x00, 0xff, 0xff, 0x00, 0xff, 0xff, 0x00, 
  0xff, 0xff, 0x00, 0xff, 0xff, 0x00, 0xff, 0xff, 0x00, 0xff, 0xff, 0x00, 
  0xff, 0xff, 0x00, 0xff, 0xff, 0x00, 0xff, 0xff, 0x00, 0xff, 0xff, 0x00, 
  0xff, 0xff, 0x00, 0xff, 0xff, 0x00, 0xff, 0xff, 0x00, 0xff, 0xff, 0x00, 
  0xff, 0xff, 0x00, 0xff, 0xff, 0x00, 0xff, 0xff, 0x00, 0xff, 0xff, 0x00, 
  0xff, 0xff, 0x00, 0xff, 0xff, 0x00, 0xff, 0xff, 0x00, 0xff, 0xff, 0x00, 
  0xff, 0xff, 0x00, 0xff, 0xff, 0x00, 0xff, 0xff, 0x00, 0xff, 0xff, 0x00, 
  0xff, 0xff, 0x00, 0xff, 0xff, 0x00, 0xff, 0xff, 0x00, 0xff, 0xff, 0x00, 
  0xff, 0xff, 0x00, 0xff, 0xff, 0x00, 0xff, 0xff, 0x00, 0xff, 0xff, 0x00, 
  0xff, 0xff, 0x00, 0xff, 0xff, 0x00, 0xff, 0xff, 0x00, 0xff, 0xff, 0x00, 
  0xff, 0xff, 0x00, 0xff, 0xff, 0x00, 0xff, 0xff, 0x00, 0xff, 0xff, 0x00, 
  0xff, 0xff, 0x00, 0xff, 0xff, 0x00, 0xff, 0xff, 0x00, 0xff, 0xff, 0x00, 
  0xff, 0xff, 0x00, 0xff, 0xff, 0x00, 0xff, 0xff, 0x00, 0xff, 0xff, 0x00, 
  0xff, 0xff, 0x00, 0xff, 0xff, 0x00, 0xff, 0xff, 0x00, 0xff, 0xff, 0x00, 
  0xff, 0xff, 0x00, 0xff, 0xff, 0x00, 0xff, 0xff, 0x00, 0xff, 0xff, 0x00, 
  0xff, 0xff, 0x00, 0xff, 0xff, 0x00, 0xff, 0xff, 0x00, 0xff, 0xff, 0x00, 
  0xff, 0xff, 0x00, 0xff, 0xff, 0x00, 0xff, 0xff, 0x00, 0xff, 0xff, 0x00, 
  0xff, 0xff, 0x00, 0xff, 0xff, 0x00, 0xff, 0xff, 0x00, 0xff, 0xff, 0x00, 
  0xff, 0xff, 0x00, 0xff, 0xff, 0x00, 0xff, 0xff, 0x00, 0xff, 0xff, 0x00, 
  0xff, 0xff, 0x00, 0xff, 0xff, 0x00, 0xff, 0xff, 0x00, 0xff, 0xff, 0x00, 
  0xff, 0xff, 0x00, 0xff, 0xff, 0x00, 0xff, 0xff, 0x00, 0xff, 0xff, 0x00, 
  0xff, 0xff, 0x00, 0xff, 0xff, 0x00, 0xff, 0xff, 0x00, 0xff, 0xff, 0x00, 
  0xff, 0xff, 0x00, 0xff, 0xff, 0x00, 0xff, 0xff, 0x00, 0xff, 0xff, 0x00, 
  0xff, 0xff, 0x00, 0xff, 0xff, 0x00, 0xff, 0xff, 0x00, 0xff, 0xff, 0x00, 
  0xff, 0xff, 0x00, 0xff, 0xff, 0x00, 0xff, 0xff, 0x00, 0xff, 0xff, 0x00, 
  0xff, 0xff, 0x00, 0xff, 0xff, 0x00, 0xff, 0xff, 0x00, 0xff, 0xff, 0x00, 
  0xff, 0xff, 0x00, 0xff, 0xff, 0x00, 0xff, 0xff, 0x00, 0xff, 0xff, 0x00, 
  0xff, 0xff, 0x00, 0xff, 0xff, 0x00, 0xff, 0xff, 0x00, 0xff, 0xff, 0x00, 
  0xff, 0xff, 0x00, 0xff, 0xff, 0x00, 0xff, 0xff, 0x00, 0xff, 0xff, 0x00, 
  0xff, 0xff, 0x00, 0xff, 0xff, 0x00, 0xff, 0xff, 0x00, 0xff, 0xff, 0x00, 
  0xff, 0xff, 0x00, 0xff, 0xff, 0x00, 0xff, 0xff, 0x00, 0xff, 0xff, 0x00, 
  0xff, 0xff, 0x00, 0xff, 0xff, 0x00, 0xff, 0xff, 0x00, 0xff, 0xff, 0x00, 
  0xff, 0xff, 0x00, 0xff, 0xff, 0x00, 0xff, 0xff, 0x00, 0xff, 0xff, 0x00, 
  0xff, 0xff, 0x00, 0xff, 0xff, 0x00, 0xff, 0xff, 0x00, 0xff, 0xff, 0x00, 
  0xff, 0xff, 0x00, 0xff, 0xff, 0x00, 0xff, 0xff, 0x00, 0xff, 0xff, 0x00, 
  0xff, 0xff, 0x00, 0xff, 0xff, 0x00, 0xff, 0xff, 0x00, 0xff, 0xff, 0x00, 
  0xff, 0xff, 0x00, 0xff, 0xff, 0x00, 0xff, 0xff, 0x00, 0xff, 0xff, 0x00, 
  0xff, 0xff, 0x00, 0xff, 0xff, 0x00, 0xff, 0xff, 0x00, 0xff, 0xff, 0x00, 
  0xff, 0xff, 0x00, 0xff, 0xff, 0x00, 0xff, 0xff, 0x00, 0xff, 0xff, 0x00, 
  0xff, 0xff, 0x00, 0xff, 0xff, 0x00, 0xff, 0xff, 0x00, 0xff, 0xff, 0x00, 
  0xff, 0xff, 0x00, 0xff, 0xff, 0x00, 0xff, 0xff, 0x00, 0xff, 0xff, 0x00, 
  0xff, 0xff, 0x00, 0xff, 0xff, 0x00, 0xff, 0xff, 0x00, 0xff, 0xff, 0x00, 
  0xff, 0xff, 0x00, 0xff, 0xff, 0x00, 0xff, 0xff, 0x00, 0xff, 0xff, 0x00, 
  0xff, 0xff, 0x00, 0xff, 0xff, 0x00, 0xff, 0xff, 0x00, 0xff, 0xff, 0x00, 
  0xff, 0xff, 0x00, 0xff, 0xff, 0x00, 0xff, 0xff, 0x00, 0xff, 0xff, 0x00, 
  0xff, 0xff, 0x00, 0xff, 0xff, 0x00, 0xff, 0xff, 0x00, 0xff, 0xff, 0x00, 
  0xff, 0xff, 0x00, 0xff, 0xff, 0x00, 0xff, 0xff, 0x00, 0xff, 0xff, 0x00, 
  0xff, 0xff, 0x00, 0xff, 0xff, 0x00, 0xff, 0xff, 0x00, 0xff, 0xff, 0x00, 
  0xff, 0xff, 0x00, 0xff, 0xff, 0x00, 0xff, 0xff, 0x00, 0xff, 0xff, 0x00, 
  0xff, 0xff, 0x00, 0xff, 0xff, 0x00, 0xff, 0xff, 0x00, 0xff, 0xff, 0x00, 
  0xff, 0xff, 0x00, 0xff, 0xff, 0x00, 0xff, 0xff, 0x00, 0xff, 0xff, 0x00, 
  0xff, 0xff, 0x00, 0xff, 0xff, 0x00, 0xff, 0xff, 0x00, 0xff, 0xff, 0x00, 
  0xff, 0xff, 0x00, 0xff, 0xff, 0x00, 0xff, 0xff, 0x00, 0xff, 0xff, 0x00, 
  0xff, 0xff, 0x00, 0xff, 0xff, 0x00, 0xff, 0xff, 0x00, 0xff, 0xff, 0x00, 
  0xff, 0xff, 0x00, 0xff, 0xff, 0x00, 0xff, 0xff, 0x00, 0xff, 0xff, 0x00, 
  0xff, 0xff, 0x00, 0xff, 0xff, 0x00, 0xff, 0xff, 0x00, 0xff, 0xff, 0x00, 
  0xff, 0xff, 0x00, 0xff, 0xff, 0x00, 0xff, 0xff, 0x00, 0xff, 0xff, 0x00, 
  0xff, 0xff, 0x00, 0xff, 0xff, 0x00, 0xff, 0xff, 0x00, 0xff, 0xff, 0x00, 
  0xff, 0xff, 0x00, 0xff, 0xff, 0x00, 0xff, 0xff, 0x00, 0xff, 0xff, 0x00, 
  0xff, 0xff, 0x00, 0xff, 0xff, 0x00, 0xff, 0xff, 0x00, 0xff, 0xff, 0x00, 
  0xff, 0xff, 0x00, 0xff, 0xff, 0x00, 0xff, 0xff, 0x00, 0xff, 0xff, 0x00, 
  0xff, 0xff, 0x00, 0xff, 0xff, 0x00, 0xff, 0xff, 0x00, 0xff, 0xff, 0x00, 
  0xff, 0xff, 0x00, 0xff, 0xff, 0x00, 0xff, 0xff, 0x00, 0xff, 0xff, 0x00, 
  0xff, 0xff, 0x00, 0xff, 0xff, 0x00, 0xff, 0xff, 0x00, 0xff, 0xff, 0x00, 
  0xff, 0xff, 0x00, 0xff, 0xff, 0x00, 0xff, 0xff, 0x00, 0xff, 0xff, 0x00, 
  0xff, 0xff, 0x00, 0xff, 0xff, 0x00, 0xff, 0xff, 0x00, 0xff, 0xff, 0x00, 
  0xff, 0xff, 0x00, 0xff, 0xff, 0x00, 0xff, 0xff, 0x00, 0xff, 0xff, 0x00, 
  0xff, 0xff, 0x00, 0xff, 0xff, 0x00, 0xff, 0xff, 0x00, 0xff, 0xff, 0x00, 
  0xff, 0xff, 0x00, 0xff, 0xff, 0x00, 0xff, 0xff, 0x00, 0xff, 0xff, 0x00, 
  0xff, 0xff, 0x00, 0xff, 0xff, 0x00, 0xff, 0xff, 0x00, 0xff, 0xff, 0x00, 
  0xff, 0xff, 0x00, 0xff, 0xff, 0x00, 0xff, 0xff, 0x00, 0xff, 0xff, 0x00, 
  0xff, 0xff, 0x00, 0xff, 0xff, 0x00, 0xff, 0xff, 0x00, 0xff, 0xff, 0x00, 
  0xff, 0xff, 0x00, 0xff, 0xff, 0x00, 0xff, 0xff, 0x00, 0xff, 0xff, 0x00, 
  0xff, 0xff, 0x00, 0xff, 0xff, 0x00, 0xff, 0xff, 0x00, 0xff, 0xff, 0x00, 
  0xff, 0xff, 0x00, 0xff, 0xff, 0x00, 0xff, 0xff, 0x00, 0xff, 0xff, 0x00, 
  0xff, 0xff, 0x00, 0xff, 0xff, 0x00, 0xff, 0xff, 0x00, 0xff, 0xff, 0x00, 
  0xff, 0xff, 0x00, 0xff, 0xff, 0x00, 0xff, 0xff, 0x00, 0xff, 0xff, 0x00, 
  0xff, 0xff, 0x00, 0xff, 0xff, 0x00, 0xff, 0xff, 0x00, 0xff, 0xff, 0x00, 
  0xff, 0xff, 0x00, 0xff, 0xff, 0x00, 0xff, 0xff, 0x00, 0xff, 0xff, 0x00, 
  0xff, 0xff, 0x00, 0xff, 0xff, 0x00, 0xff, 0xff, 0x00, 0xff, 0xff, 0x00, 
  0xff, 0xff, 0x00, 0xff, 0xff, 0x00, 0xff, 0xff, 0x00, 0xff, 0xff, 0x00, 
  0xff, 0xff, 0x00, 0xff, 0xff, 0x00, 0xff, 0xff, 0x00, 0xff, 0xff, 0x00, 
  0xff, 0xff, 0x00, 0xff, 0xff, 0x00, 0xff, 0xff, 0x00, 0xff, 0xff, 0x00, 
  0xff, 0xff, 0x00, 0xff, 0xff, 0x00, 0xff, 0xff, 0x00, 0xff, 0xff, 0x00, 
  0xff, 0xff, 0x00, 0xff, 0xff, 0x00, 0xff, 0xff, 0x00, 0xff, 0xff, 0x00, 
  0xff, 0xff, 0x00, 0xff, 0xff, 0x00, 0xff, 0xff, 0x00, 0xff, 0xff, 0x00, 
  0xff, 0xff, 0x00, 0xff, 0xff, 0x00, 0xff, 0xff, 0x00, 0xff, 0xff, 0x00, 
  0xff, 0xff, 0x00, 0xff, 0xff, 0x00, 0xff, 0xff, 0x00, 0xff, 0xff, 0x00, 
  0xff, 0xff, 0x00, 0xff, 0xff, 0x00, 0xff, 0xff, 0x00, 0xff, 0xff, 0x00, 
  0xff, 0xff, 0x00, 0xff, 0xff, 0x00, 0xff, 0xff, 0x00, 0xff, 0xff, 0x00, 
  0xff, 0xff, 0x00, 0xff, 0xff, 0x00, 0xff, 0xff, 0x00, 0xff, 0xff, 0x00, 
  0xff, 0xff, 0x00, 0xff, 0xff, 0x00, 0xff, 0xff, 0x00, 0xff, 0xff, 0x00, 
  0xff, 0xff, 0x00, 0xff, 0xff, 0x00, 0xff, 0xff, 0x00, 0xff, 0xff, 0x00, 
  0xff, 0xff, 0x00, 0xff, 0xff, 0x00, 0xff, 0xff, 0x00, 0xff, 0xff, 0x00, 
  0xff, 0xff, 0x00, 0xff, 0xff, 0x00, 0xff, 0xff, 0x00, 0xff, 0xff, 0x00, 
  0xff, 0xff, 0x00, 0xff, 0xff, 0x00, 0xff, 0xff, 0x00, 0xff, 0xff, 0x00, 
  0xff, 0xff, 0x00, 0xff, 0xff, 0x00, 0xff, 0xff, 0x00, 0xff, 0xff, 0x00, 
  0xff, 0xff, 0x00, 0xff, 0xff, 0x00, 0xff, 0xff, 0x00, 0xff, 0xff, 0x00, 
  0xff, 0xff, 0x00, 0xff, 0xff, 0x00, 0xff, 0xff, 0x00, 0xff, 0xff, 0x00, 
  0xff, 0xff, 0x00, 0xff, 0xff, 0x00, 0xff, 0xff, 0x00, 0xff, 0xff, 0x00, 
  0xff, 0xff, 0x00, 0xff, 0xff, 0x00, 0xff, 0xff, 0x00, 0xff, 0xff, 0x00, 
  0xff, 0xff, 0x00, 0xff, 0xff, 0x00, 0xff, 0xff, 0x00, 0xff, 0xff, 0x00, 
  0xff, 0xff, 0x00, 0xff, 0xff, 0x00, 0xff, 0xff, 0x00, 0xff, 0xff, 0x00, 
  0xff, 0xff, 0x00, 0xff, 0xff, 0x00, 0xff, 0xff, 0x00, 0xff, 0xff, 0x00, 
  0xff, 0xff, 0x00, 0xff, 0xff, 0x00, 0xff, 0xff, 0x00, 0xff, 0xff, 0x00, 
  0xff, 0xff, 0x00, 0xff, 0xff, 0x00, 0xff, 0xff, 0x00, 0xff, 0xff, 0x00, 
  0xff, 0xff, 0x00, 0xff, 0xff, 0x00, 0xff, 0xff, 0x00, 0xff, 0xff, 0x00, 
  0xff, 0xff, 0x00, 0xff, 0xff, 0x00, 0xff, 0xff, 0x00, 0xff, 0xff, 0x00, 
  0xff, 0xff, 0x00, 0xff, 0xff, 0x00, 0xff, 0xff, 0x00, 0xff, 0xff, 0x00, 
  0xff, 0xff, 0x00, 0xff, 0xff, 0x00, 0xff, 0xff, 0x00, 0xff, 0xff, 0x00, 
  0xff, 0xff, 0x00, 0xff, 0xff, 0x00, 0xff, 0xff, 0x00, 0xff, 0xff, 0x00, 
  0xff, 0xff, 0x00, 0xff, 0xff, 0x00, 0xff, 0xff, 0x00, 0xff, 0xff, 0x00, 
  0xff, 0xff, 0x00, 0xff, 0xff, 0x00, 0xff, 0xff, 0x00, 0xff, 0xff, 0x00, 
  0xff, 0xff, 0x00, 0xff, 0xff, 0x00, 0xff, 0xff, 0x00, 0xff, 0xff, 0x00, 
  0xff, 0xff, 0x00, 0xff, 0xff, 0x00, 0xff, 0xff, 0x00, 0xff, 0xff, 0x00, 
  0xff, 0xff, 0x00, 0xff, 0xff, 0x00, 0xff, 0xff, 0x00, 0xff, 0xff, 0x00, 
  0xff, 0xff, 0x00, 0xff, 0xff, 0x00, 0xff, 0xff, 0x00, 0xff, 0xff, 0x00, 
  0xff, 0xff, 0x00, 0xff, 0xff, 0x00, 0xff, 0xff, 0x00, 0xff, 0xff, 0x00, 
  0xff, 0xff, 0x00, 0xff, 0xff, 0x00, 0xff, 0xff, 0x00, 0xff, 0xff, 0x00, 
  0xff, 0xff, 0x00, 0xff, 0xff, 0x00, 0xff, 0xff, 0x00, 0xff, 0xff, 0x00, 
  0xff, 0xff, 0x00, 0xff, 0xff, 0x00, 0xff, 0xff, 0x00, 0xff, 0xff, 0x00, 
  0xff, 0xff, 0x00, 0xff, 0xff, 0x00, 0xff, 0xff, 0x00, 0xff, 0xff, 0x00, 
  0xff, 0xff, 0x00, 0xff, 0xff, 0x00, 0xff, 0xff, 0x00, 0xff, 0xff, 0x00, 
  0xff, 0xff, 0x00, 0xff, 0xff, 0x00, 0xff, 0xff, 0x00, 0xff, 0xff, 0x00, 
  0xff, 0xff, 0x00, 0xff, 0xff, 0x00, 0xff, 0xff, 0x00, 0xff, 0xff, 0x00, 
  0xff, 0xff, 0x00, 0xff, 0xff, 0x00, 0xff, 0xff, 0x00, 0xff, 0xff, 0x00, 
  0xff, 0xff, 0x00, 0xff, 0xff, 0x00, 0xff, 0xff, 0x00, 0xff, 0xff, 0x00, 
  0xff, 0xff, 0x00, 0xff, 0xff, 0x00, 0xff, 0xff, 0x00, 0xff, 0xff, 0x00, 
  0xff, 0xff, 0x00, 0xff, 0xff, 0x00, 0xff, 0xff, 0x00, 0xff, 0xff, 0x00, 
  0xff, 0xff, 0x00, 0xff, 0xff, 0x00, 0xff, 0xff, 0x00, 0xff, 0xff, 0x00, 
  0xff, 0xff, 0x00, 0xff, 0xff, 0x00, 0xff, 0xff, 0x00, 0xff, 0xff, 0x00, 
  0xff, 0xff, 0x00, 0xff, 0xff, 0x00, 0xff, 0xff, 0x00, 0xff, 0xff, 0x00, 
  0xff, 0xff, 0x00, 0xff, 0xff, 0x00, 0xff, 0xff, 0x00, 0xff, 0xff, 0x00, 
  0xff, 0xff, 0x00, 0xff, 0xff, 0x00, 0xff, 0xff, 0x00, 0xff, 0xff, 0x00, 
  0xff, 0xff, 0x00, 0xff, 0xff, 0x00, 0xff, 0xff, 0x00, 0xff, 0xff, 0x00, 
  0xff, 0xff, 0x00, 0xff, 0xff, 0x00, 0xff, 0xff, 0x00, 0xff, 0xff, 0x00, 
  0xff, 0xff, 0x00, 0xff, 0xff, 0x00, 0xff, 0xff, 0x00, 0xff, 0xff, 0x00, 
  0xff, 0xff, 0x00, 0xff, 0xff, 0x00, 0xff, 0xff, 0x00, 0xff, 0xff, 0x00, 
  0xff, 0xff, 0x00, 0xff, 0xff, 0x00, 0xff, 0xff, 0x00, 0xff, 0xff, 0x00, 
  0xff, 0xff, 0x00, 0xff, 0xff, 0x00, 0xff, 0xff, 0x00, 0xff, 0xff, 0x00, 
  0xff, 0xff, 0x00, 0xff, 0xff, 0x00, 0xff, 0xff, 0x00, 0xff, 0xff, 0x00, 
  0xff, 0xff, 0x00, 0xff, 0xff, 0x00, 0xff, 0xff, 0x00, 0xff, 0xff, 0x00, 
  0xff, 0xff, 0x00, 0xff, 0xff, 0x00, 0xff, 0xff, 0x00, 0xff, 0xff, 0x00, 
  0xff, 0xff, 0x00, 0xff, 0xff, 0x00, 0xff, 0xff, 0x00, 0xff, 0xff, 0x00, 
  0xff, 0xff, 0x00, 0xff, 0xff, 0x00, 0xff, 0xff, 0x00, 0xff, 0xff, 0x00, 
  0xff, 0xff, 0x00, 0xff, 0xff, 0x00, 0xff, 0xff, 0x00, 0xff, 0xff, 0x00, 
  0xff, 0xff, 0x00, 0xff, 0xff, 0x00, 0xff, 0xff, 0x00, 0xff, 0xff, 0x00, 
  0xff, 0xff, 0x00, 0xff, 0xff, 0x00, 0xff, 0xff, 0x00, 0xff, 0xff, 0x00, 
  0xff, 0xff, 0x00, 0xff, 0xff, 0x00, 0xff, 0xff, 0x00, 0xff, 0xff, 0x00, 
  0xff, 0xff, 0x00, 0xff, 0xff, 0x00, 0xff, 0xff, 0x00, 0xff, 0xff, 0x00, 
  0xff, 0xff, 0x00, 0xff, 0xff, 0x00, 0xff, 0xff, 0x00, 0xff, 0xff, 0x00, 
  0xff, 0xff, 0x00, 0xff, 0xff, 0x00, 0xff, 0xff, 0x00, 0xff, 0xff, 0x00, 
  0xff, 0xff, 0x00, 0xff, 0xff, 0x00, 0xff, 0xff, 0x00, 0xff, 0xff, 0x00, 
  0xff, 0xff, 0x00, 0xff, 0xff, 0x00, 0xff, 0xff, 0x00, 0xff, 0xff, 0x00, 
  0xff, 0xff, 0x00, 0xff, 0xff, 0x00, 0xff, 0xff, 0x00, 0xff, 0xff, 0x00, 
  0xff, 0xff, 0x00, 0xff, 0xff, 0x00, 0xff, 0xff, 0x00, 0xff, 0xff, 0x00, 
  0xff, 0xff, 0x00, 0xff, 0xff, 0x00, 0xff, 0xff, 0x00, 0xff, 0xff, 0x00, 
  0xff, 0xff, 0x00, 0xff, 0xff, 0x00, 0xff, 0xff, 0x00, 0xff, 0xff, 0x00, 
  0xff, 0xff, 0x00, 0xff, 0xff, 0x00, 0xff, 0xff, 0x00, 0xff, 0xff, 0x00, 
  0xff, 0xff, 0x00, 0xff, 0xff, 0x00, 0xff, 0xff, 0x00, 0xff, 0xff, 0x00, 
  0xff, 0xff, 0x00, 0xff, 0xff, 0x00, 0xff, 0xff, 0x00, 0xff, 0xff, 0x00, 
  0xff, 0xff, 0x00, 0xff, 0xff, 0x00, 0xff, 0xff, 0x00, 0xff, 0xff, 0x00, 
  0xff, 0xff, 0x00, 0xff, 0xff, 0x00, 0xff, 0xff, 0x00, 0xff, 0xff, 0x00, 
  0xff, 0xff, 0x00, 0xff, 0xff, 0x00, 0xff, 0xff, 0x00, 0xff, 0xff, 0x00, 
  0xff, 0xff, 0x00, 0xff, 0xff, 0x00, 0xff, 0xff, 0x00, 0xff, 0xff, 0x00, 
  0xff, 0xff, 0x00, 0xff, 0xff, 0x00, 0xff, 0xff, 0x00, 0xff, 0xff, 0x00, 
  0xff, 0xff, 0x00, 0xff, 0xff, 0x00, 0xff, 0xff, 0x00, 0xff, 0xff, 0x00, 
  0xff, 0xff, 0x00, 0xff, 0xff, 0x00, 0xff, 0xff, 0x00, 0xff, 0xff, 0x00, 
  0xff, 0xff, 0x00, 0xff, 0xff, 0x00, 0xff, 0xff, 0x00, 0xff, 0xff, 0x00, 
  0xff, 0xff, 0x00, 0xff, 0xff, 0x00, 0xff, 0xff, 0x00, 0xff, 0xff, 0x00, 
  0xff, 0xff, 0x00, 0xff, 0xff, 0x00, 0xff, 0xff, 0x00, 0xff, 0xff, 0x00, 
  0xff, 0xff, 0x00, 0xff, 0xff, 0x00, 0xff, 0xff, 0x00, 0xff, 0xff, 0x00, 
  0xff, 0xff, 0x00, 0xff, 0xff, 0x00, 0xff, 0xff, 0x00, 0xff, 0xff, 0x00, 
  0xff, 0xff, 0x00, 0xff, 0xff, 0x00, 0xff, 0xff, 0x00, 0xff, 0xff, 0x00, 
  0xff, 0xff, 0x00, 0xff, 0xff, 0x00, 0xff, 0xff, 0x00, 0xff, 0xff, 0x00, 
  0xff, 0xff, 0x00, 0xff, 0xff, 0x00, 0xff, 0xff, 0x00, 0xff, 0xff, 0x00, 
  0xff, 0xff, 0x00, 0xff, 0xff, 0x00, 0xff, 0xff, 0x00, 0xff, 0xff, 0x00, 
  0xff, 0xff, 0x00, 0xff, 0xff, 0x00, 0xff, 0xff, 0x00, 0xff, 0xff, 0x00, 
  0xff, 0xff, 0x00, 0xff, 0xff, 0x00, 0xff, 0xff, 0x00, 0xff, 0xff, 0x00, 
  0xff, 0xff, 0x00, 0xff, 0xff, 0x00, 0xff, 0xff, 0x00, 0xff, 0xff, 0x00, 
  0xff, 0xff, 0x00, 0xff, 0xff, 0x00, 0xff, 0xff, 0x00, 0xff, 0xff, 0x00, 
  0xff, 0xff, 0x00, 0xff, 0xff, 0x00, 0xff, 0xff, 0x00, 0xff, 0xff, 0x00, 
  0xff, 0xff, 0x00, 0xff, 0xff, 0x00, 0xff, 0xff, 0x00, 0xff, 0xff, 0x00, 
  0xff, 0xff, 0x00, 0xff, 0xff, 0x00, 0xff, 0xff, 0x00, 0xff, 0xff, 0x00, 
  0xff, 0xff, 0x00, 0xff, 0xff, 0x00, 0xff, 0xff, 0x00, 0xff, 0xff, 0x00, 
  0xff, 0xff, 0x00, 0xff, 0xff, 0x00, 0xff, 0xff, 0x00, 0xff, 0xff, 0x00, 
  0xff, 0xff, 0x00, 0xff, 0xff, 0x00, 0xff, 0xff, 0x00, 0xff, 0xff, 0x00, 
  0xff, 0xff, 0x00, 0xff, 0xff, 0x00, 0xff, 0xff, 0x00, 0xff, 0xff, 0x00, 
  0xff, 0xff, 0x00, 0xff, 0xff, 0x00, 0xff, 0xff, 0x00, 0xff, 0xff, 0x00, 
  0xff, 0xff, 0x00, 0xff, 0xff, 0x00, 0xff, 0xff, 0x00, 0xff, 0xff, 0x00, 
  0xff, 0xff, 0x00, 0xff, 0xff, 0x00, 0xff, 0xff, 0x00, 0xff, 0xff, 0x00, 
  0xff, 0xff, 0x00, 0xff, 0xff, 0x00, 0xff, 0xff, 0x00, 0xff, 0xff, 0x00, 
  0xff, 0xff, 0x00, 0xff, 0xff, 0x00, 0xff, 0xff, 0x00, 0xff, 0xff, 0x00, 
  0xff, 0xff, 0x00, 0xff, 0xff, 0x00, 0xff, 0xff, 0x00, 0xff, 0xff, 0x00, 
  0xff, 0xff, 0x00, 0xff, 0xff, 0x00, 0xff, 0xff, 0x00, 0xff, 0xff, 0x00, 
  0xff, 0xff, 0x00, 0xff, 0xff, 0x00, 0xff, 0xff, 0x00, 0xff, 0xff, 0x00, 
  0xff, 0xff, 0x00, 0xff, 0xff, 0x00, 0xff, 0xff, 0x00, 0xff, 0xff, 0x00, 
  0xff, 0xff, 0x00, 0xff, 0xff, 0x00, 0xff, 0xff, 0x00, 0xff, 0xff, 0x00, 
  0xff, 0xff, 0x00, 0xff, 0xff, 0x00, 0xff, 0xff, 0x00, 0xff, 0xff, 0x00, 
  0xff, 0xff, 0x00, 0xff, 0xff, 0x00, 0xff, 0xff, 0x00, 0xff, 0xff, 0x00, 
  0xff, 0xff, 0x00, 0xff, 0xff, 0x00, 0xff, 0xff, 0x00, 0xff, 0xff, 0x00, 
  0xff, 0xff, 0x00, 0xff, 0xff, 0x00, 0xff, 0xff, 0x00, 0xff, 0xff, 0x00, 
  0xff, 0xff, 0x00, 0xff, 0xff, 0x00, 0xff, 0xff, 0x00, 0xff, 0xff, 0x00, 
  0xff, 0xff, 0x00, 0xff, 0xff, 0x00, 0xff, 0xff, 0x00, 0xff, 0xff, 0x00, 
  0xff, 0xff, 0x00, 0xff, 0xff, 0x00, 0xff, 0xff, 0x00, 0xff, 0xff, 0x00, 
  0xff, 0xff, 0x00, 0xff, 0xff, 0x00, 0xff, 0xff, 0x00, 0xff, 0xff, 0x00, 
  0xff, 0xff, 0x00, 0xff, 0xff, 0x00, 0xff, 0xff, 0x00, 0xff, 0xff, 0x00, 
  0xff, 0xff, 0x00, 0xff, 0xff, 0x00, 0xff, 0xff, 0x00, 0xff, 0xff, 0x00, 
  0xff, 0xff, 0x00, 0xff, 0xff, 0x00, 0xff, 0xff, 0x00, 0xff, 0xff, 0x00, 
  0xff, 0xff, 0x00, 0xff, 0xff, 0x00, 0xff, 0xff, 0x00, 0xff, 0xff, 0x00, 
  0xff, 0xff, 0x00, 0xff, 0xff, 0x00, 0xff, 0xff, 0x00, 0xff, 0xff, 0x00, 
  0xff, 0xff, 0x00, 0xff, 0xff, 0x00, 0xff, 0xff, 0x00, 0xff, 0xff, 0x00, 
  0xff, 0xff, 0x00, 0xff, 0xff, 0x00, 0xff, 0xff, 0x00, 0xff, 0xff, 0x00, 
  0xff, 0xff, 0x00, 0xff, 0xff, 0x00, 0xff, 0xff, 0x00, 0xff, 0xff, 0x00, 
  0xff, 0xff, 0x00, 0xff, 0xff, 0x00, 0xff, 0xff, 0x00, 0xff, 0xff, 0x00, 
  0xff, 0xff, 0x00, 0xff, 0xff, 0x00, 0xff, 0xff, 0x00, 0xff, 0xff, 0x00, 
  0xff, 0xff, 0x00, 0xff, 0xff, 0x00, 0xff, 0xff, 0x00, 0xff, 0xff, 0x00, 
  0xff, 0xff, 0x00, 0xff, 0xff, 0x00, 0xff, 0xff, 0x00, 0xff, 0xff, 0x00, 
  0xff, 0xff, 0x00, 0xff, 0xff, 0x00, 0xff, 0xff, 0x00, 0xff, 0xff, 0x00, 
  0xff, 0xff, 0x00, 0xff, 0xff, 0x00, 0xff, 0xff, 0x00, 0xff, 0xff, 0x00, 
  0xff, 0xff, 0x00, 0xff, 0xff, 0x00, 0xff, 0xff, 0x00, 0xff, 0xff, 0x00, 
  0xff, 0xff, 0x00, 0xff, 0xff, 0x00, 0xff, 0xff, 0x00, 0xff, 0xff, 0x00, 
  0xff, 0xff, 0x00, 0xff, 0xff, 0x00, 0xff, 0xff, 0x00, 0xff, 0xff, 0x00, 
  0xff, 0xff, 0x00, 0xff, 0xff, 0x00, 0xff, 0xff, 0x00, 0xff, 0xff, 0x00, 
  0xff, 0xff, 0x00, 0xff, 0xff, 0x00, 0xff, 0xff, 0x00, 0xff, 0xff, 0x00, 
  0xff, 0xff, 0x00, 0xff, 0xff, 0x00, 0xff, 0xff, 0x00, 0xff, 0xff, 0x00, 
  0xff, 0xff, 0x00, 0xff, 0xff, 0x00, 0xff, 0xff, 0x00, 0xff, 0xff, 0x00, 
  0xff, 0xff, 0x00, 0xff, 0xff, 0x00, 0xff, 0xff, 0x00, 0xff, 0xff, 0x00, 
  0xff, 0xff, 0x00, 0xff, 0xff, 0x00, 0xff, 0xff, 0x00, 0xff, 0xff, 0x00, 
  0xff, 0xff, 0x00, 0xff, 0xff, 0x00, 0xff, 0xff, 0x00, 0xff, 0xff, 0x00, 
  0xff, 0xff, 0x00, 0xff, 0xff, 0x00, 0xff, 0xff, 0x00, 0xff, 0xff, 0x00, 
  0xff, 0xff, 0x00, 0xff, 0xff, 0x00, 0xff, 0xff, 0x00, 0xff, 0xff, 0x00, 
  0xff, 0xff, 0x00, 0xff, 0xff, 0x00, 0xff, 0xff, 0x00, 0xff, 0xff, 0x00, 
  0xff, 0xff, 0x00, 0xff, 0xff, 0x00, 0xff, 0xff, 0x00, 0xff, 0xff, 0x00, 
  0xff, 0xff, 0x00, 0xff, 0xff, 0x00, 0xff, 0xff, 0x00, 0xff, 0xff, 0x00, 
  0xff, 0xff, 0x00, 0xff, 0xff, 0x00, 0xff, 0xff, 0x00, 0xff, 0xff, 0x00, 
  0xff, 0xff, 0x00, 0xff, 0xff, 0x00, 0xff, 0xff, 0x00, 0xff, 0xff, 0x00, 
  0xff, 0xff, 0x00, 0xff, 0xff, 0x00, 0xff, 0xff, 0x00, 0xff, 0xff, 0x00, 
  0xff, 0xff, 0x00, 0xff, 0xff, 0x00, 0xff, 0xff, 0x00, 0xff, 0xff, 0x00, 
  0xff, 0xff, 0x00, 0xff, 0xff, 0x00, 0xff, 0xff, 0x00, 0xff, 0xff, 0x00, 
  0xff, 0xff, 0x00, 0xff, 0xff, 0x00, 0xff, 0xff, 0x00, 0xff, 0xff, 0x00, 
  0xff, 0xff, 0x00, 0xff, 0xff, 0x00, 0xff, 0xff, 0x00, 0xff, 0xff, 0x00, 
  0xff, 0xff, 0x00, 0xff, 0xff, 0x00, 0xff, 0xff, 0x00, 0xff, 0xff, 0x00, 
  0xff, 0xff, 0x00, 0xff, 0xff, 0x00, 0xff, 0xff, 0x00, 0xff, 0xff, 0x00, 
  0xff, 0xff, 0x00, 0xff, 0xff, 0x00, 0xff, 0xff, 0x00, 0xff, 0xff, 0x00, 
  0xff, 0xff, 0x00, 0xff, 0xff, 0x00, 0xff, 0xff, 0x00, 0xff, 0xff, 0x00, 
  0xff, 0xff, 0x00, 0xff, 0xff, 0x00, 0xdf, 0xff, 0x00, 0xff, 0xff, 0x00, 
  0xff, 0xff, 0x00, 0xff, 0xff, 0x00, 0xff, 0xff, 0x00, 0xff, 0xff, 0x00, 
  0xff, 0xff, 0x00, 0xff, 0xff, 0x00, 0xff, 0xff, 0x00, 0xff, 0xff, 0x00, 
  0xff, 0xff, 0x00, 0xff, 0xff, 0x00, 0xff, 0xff, 0x00, 0xff, 0xff, 0x00, 
  0xff, 0xff, 0x00, 0xff, 0xff, 0x00, 0xff, 0xff, 0x00, 0xff, 0xff, 0x00, 
  0xff, 0xff, 0x00, 0xff, 0xff, 0x00, 0xff, 0xff, 0x00, 0xff, 0xff, 0x00, 
  0xff, 0xff, 0x00, 0xff, 0xff, 0x00, 0xff, 0xff, 0x00, 0xff, 0xff, 0x00, 
  0xff, 0xff, 0x00, 0xff, 0xff, 0x00, 0xff, 0xff, 0x00, 0xff, 0xff, 0x00, 
  0xff, 0xff, 0x00, 0xff, 0xff, 0x00, 0xff, 0xff, 0x00, 0xff, 0xff, 0x00, 
  0xff, 0xff, 0x00, 0xff, 0xff, 0x00, 0xff, 0xff, 0x00, 0xff, 0xff, 0x00, 
  0xff, 0xff, 0x00, 0xff, 0xff, 0x00, 0xff, 0xff, 0x00, 0xff, 0xff, 0x00, 
  0xdf, 0xff, 0x00, 0xff, 0xff, 0x00, 0xff, 0xff, 0x00, 0xff, 0xff, 0x00, 
  0xff, 0xff, 0x00, 0xff, 0xff, 0x00, 0xff, 0xff, 0x00, 0xff, 0xff, 0x00, 
  0xff, 0xff, 0x00, 0xff, 0xff, 0x00, 0xff, 0xff, 0x00, 0xff, 0xff, 0x00, 
  0xff, 0xff, 0x00, 0xff, 0xff, 0x00, 0xff, 0xff, 0x00, 0xff, 0xff, 0x00, 
  0xff, 0xff, 0x00, 0xff, 0xff, 0x00, 0xff, 0xff, 0x00, 0xff, 0xff, 0x00, 
  0xff, 0xff, 0x00, 0xff, 0xff, 0x00, 0xff, 0xff, 0x00, 0xff, 0xff, 0x00, 
  0xff, 0xff, 0x00, 0xff, 0xff, 0x00, 0xff, 0xff, 0x00, 0xff, 0xff, 0x00, 
  0xff, 0xff, 0x00, 0xff, 0xff, 0x00, 0xff, 0xff, 0x00, 0xff, 0xff, 0x00, 
  0xff, 0xff, 0x00, 0xff, 0xff, 0x00, 0xff, 0xff, 0x00, 0xff, 0xff, 0x00, 
  0xff, 0xff, 0x00, 0xff, 0xff, 0x00, 0xff, 0xff, 0x00, 0xff, 0xff, 0x00, 
  0xff, 0xff, 0x00, 0xff, 0xff, 0x00, 0xff, 0xff, 0x00, 0xff, 0xff, 0x00, 
  0xff, 0xff, 0x00, 0xff, 0xff, 0x00, 0xff, 0xff, 0x00, 0xff, 0xff, 0x00, 
  0xff, 0xff, 0x00, 0xff, 0xff, 0x00, 0xff, 0xff, 0x00, 0xff, 0xff, 0x00, 
  0xff, 0xff, 0x00, 0xff, 0xff, 0x00, 0xff, 0xff, 0x00, 0xff, 0xff, 0x00, 
  0xff, 0xff, 0x00, 0xff, 0xff, 0x00, 0xff, 0xff, 0x00, 0xff, 0xff, 0x00, 
  0xff, 0xff, 0x00, 0xff, 0xff, 0x00, 0xff, 0xff, 0x00, 0xff, 0xff, 0x00, 
  0xff, 0xff, 0x00, 0xff, 0xff, 0x00, 0xff, 0xff, 0x00, 0xff, 0xff, 0x00, 
  0xff, 0xff, 0x00, 0xff, 0xff, 0x00, 0xff, 0xff, 0x00, 0xff, 0xff, 0x00, 
  0xff, 0xff, 0x00, 0xff, 0xff, 0x00, 0xff, 0xff, 0x00, 0xff, 0xff, 0x00, 
  0xff, 0xff, 0x00, 0xff, 0xff, 0x00, 0xff, 0xff, 0x00, 0xff, 0xff, 0x00, 
  0xff, 0xff, 0x00, 0xff, 0xff, 0x00, 0xdf, 0xff, 0x00, 0xff, 0xff, 0x00, 
  0xff, 0xff, 0x00, 0xff, 0xff, 0x00, 0xff, 0xff, 0x00, 0xff, 0xff, 0x00, 
  0xff, 0xff, 0x00, 0xff, 0xff, 0x00, 0xff, 0xff, 0x00, 0xff, 0xff, 0x00, 
  0xff, 0xff, 0x00, 0xff, 0xff, 0x00, 0xff, 0xff, 0x00, 0xff, 0xff, 0x00, 
  0xff, 0xff, 0x00, 0xff, 0xff, 0x00, 0xff, 0xff, 0x00, 0xff, 0xff, 0x00, 
  0xff, 0xff, 0x00, 0xff, 0xff, 0x00, 0xff, 0xff, 0x00, 0xff, 0xff, 0x00, 
  0xff, 0xff, 0x00, 0xff, 0xff, 0x00, 0xff, 0xff, 0x00, 0xff, 0xff, 0x00, 
  0xff, 0xff, 0x00, 0xdf, 0xff, 0x00, 0xff, 0xff, 0x00, 0xff, 0xff, 0x00, 
  0xdf, 0xff, 0x00, 0xff, 0xff, 0x00, 0xff, 0xff, 0x00, 0xff, 0xff, 0x00, 
  0xff, 0xff, 0x00, 0xff, 0xff, 0x00, 0xff, 0xff, 0x00, 0xff, 0xff, 0x00, 
  0xff, 0xff, 0x00, 0xff, 0xff, 0x00, 0xff, 0xff, 0x00, 0xff, 0xff, 0x00, 
  0xff, 0xff, 0x00, 0xff, 0xff, 0x00, 0xff, 0xff, 0x00, 0xff, 0xff, 0x00, 
  0xff, 0xff, 0x00, 0xff, 0xff, 0x00, 0xff, 0xff, 0x00, 0xff, 0xff, 0x00, 
  0xff, 0xff, 0x00, 0xff, 0xff, 0x00, 0xff, 0xff, 0x00, 0xff, 0xff, 0x00, 
  0xff, 0xff, 0x00, 0xff, 0xff, 0x00, 0xff, 0xff, 0x00, 0xff, 0xff, 0x00, 
  0xff, 0xff, 0x00, 0xff, 0xff, 0x00, 0xff, 0xff, 0x00, 0xff, 0xff, 0x00, 
  0xff, 0xff, 0x00, 0xff, 0xff, 0x00, 0xff, 0xff, 0x00, 0xff, 0xff, 0x00, 
  0xff, 0xff, 0x00, 0xff, 0xff, 0x00, 0xff, 0xff, 0x00, 0xff, 0xff, 0x00, 
  0xff, 0xff, 0x00, 0xff, 0xff, 0x00, 0xff, 0xff, 0x00, 0xff, 0xff, 0x00, 
  0xff, 0xff, 0x00, 0xff, 0xff, 0x00, 0xff, 0xff, 0x00, 0xff, 0xff, 0x00, 
  0xff, 0xff, 0x00, 0xff, 0xff, 0x00, 0xff, 0xff, 0x00, 0xff, 0xff, 0x00, 
  0xff, 0xff, 0x00, 0xff, 0xff, 0x00, 0xff, 0xff, 0x00, 0xff, 0xff, 0x00, 
  0xff, 0xff, 0x00, 0xff, 0xff, 0x00, 0xff, 0xff, 0x00, 0xff, 0xff, 0x00, 
  0xff, 0xff, 0x00, 0xff, 0xff, 0x00, 0xff, 0xff, 0x00, 0xff, 0xff, 0x00, 
  0xff, 0xff, 0x00, 0xff, 0xff, 0x00, 0xff, 0xff, 0x00, 0xff, 0xff, 0x00, 
  0xff, 0xff, 0x00, 0xff, 0xff, 0x00, 0xff, 0xff, 0x00, 0xff, 0xff, 0x00, 
  0xff, 0xff, 0x00, 0xff, 0xff, 0x00, 0xff, 0xff, 0x00, 0xff, 0xff, 0x00, 
  0xff, 0xff, 0x00, 0xff, 0xff, 0x00, 0xff, 0xff, 0x00, 0xff, 0xff, 0x00, 
  0xdf, 0xff, 0x00, 0xff, 0xff, 0x00, 0xff, 0xff, 0x00, 0xff, 0xff, 0x00, 
  0xdf, 0xff, 0x00, 0xdf, 0xff, 0x00, 0xff, 0xff, 0x00, 0xff, 0xff, 0x00, 
  0xff, 0xff, 0x00, 0xff, 0xff, 0x00, 0xff, 0xff, 0x00, 0xff, 0xff, 0x00, 
  0xff, 0xff, 0x00, 0xff, 0xff, 0x00, 0xff, 0xff, 0x00, 0xff, 0xff, 0x00, 
  0xff, 0xff, 0x00, 0xff, 0xff, 0x00, 0xff, 0xff, 0x00, 0xff, 0xff, 0x00, 
  0xff, 0xff, 0x00, 0xff, 0xff, 0x00, 0xff, 0xff, 0x00, 0xff, 0xff, 0x00, 
  0xff, 0xff, 0x00, 0xff, 0xff, 0x00, 0xff, 0xff, 0x00, 0xff, 0xff, 0x00, 
  0xff, 0xff, 0x00, 0xff, 0xff, 0x00, 0xff, 0xff, 0x00, 0xff, 0xff, 0x00, 
  0xff, 0xff, 0x00, 0xff, 0xff, 0x00, 0xff, 0xff, 0x00, 0xff, 0xff, 0x00, 
  0xff, 0xff, 0x00, 0xff, 0xff, 0x00, 0xff, 0xff, 0x00, 0xff, 0xff, 0x00, 
  0xff, 0xff, 0x00, 0xff, 0xff, 0x00, 0xff, 0xff, 0x00, 0xdf, 0xff, 0x00, 
  0xff, 0xff, 0x00, 0xff, 0xff, 0x00, 0xff, 0xff, 0x00, 0xff, 0xff, 0x00, 
  0xff, 0xff, 0x00, 0xff, 0xff, 0x00, 0xff, 0xff, 0x00, 0xff, 0xff, 0x00, 
  0xff, 0xff, 0x00, 0xff, 0xff, 0x00, 0xff, 0xff, 0x00, 0xff, 0xff, 0x00, 
  0xff, 0xff, 0x00, 0xff, 0xff, 0x00, 0xff, 0xff, 0x00, 0xff, 0xff, 0x00, 
  0xff, 0xff, 0x00, 0xff, 0xff, 0x00, 0xff, 0xff, 0x00, 0xff, 0xff, 0x00, 
  0xff, 0xff, 0x00, 0xff, 0xff, 0x00, 0xff, 0xff, 0x00, 0xff, 0xff, 0x00, 
  0xff, 0xff, 0x00, 0xff, 0xff, 0x00, 0xff, 0xff, 0x00, 0xff, 0xff, 0x00, 
  0xff, 0xff, 0x00, 0xff, 0xff, 0x00, 0xff, 0xff, 0x00, 0xff, 0xff, 0x00, 
  0xff, 0xff, 0x00, 0xff, 0xff, 0x00, 0xff, 0xff, 0x00, 0xff, 0xff, 0x00, 
  0xff, 0xff, 0x00, 0xff, 0xff, 0x00, 0xff, 0xff, 0x00, 0xff, 0xff, 0x00, 
  0xff, 0xff, 0x00, 0xff, 0xff, 0x00, 0xff, 0xff, 0x00, 0xff, 0xff, 0x00, 
  0xff, 0xff, 0x00, 0xff, 0xff, 0x00, 0xff, 0xff, 0x00, 0xff, 0xff, 0x00, 
  0xff, 0xff, 0x00, 0xff, 0xff, 0x00, 0xff, 0xff, 0x00, 0xff, 0xff, 0x00, 
  0xff, 0xff, 0x00, 0xff, 0xff, 0x00, 0xff, 0xff, 0x00, 0xff, 0xff, 0x00, 
  0xff, 0xff, 0x00, 0xff, 0xff, 0x00, 0xff, 0xff, 0x00, 0xff, 0xff, 0x00, 
  0xff, 0xff, 0x00, 0xff, 0xff, 0x00, 0xff, 0xff, 0x00, 0xff, 0xff, 0x00, 
  0xff, 0xff, 0x00, 0xff, 0xff, 0x00, 0xff, 0xff, 0x00, 0xff, 0xff, 0x00, 
  0xff, 0xff, 0x00, 0xff, 0xff, 0x00, 0xff, 0xff, 0x00, 0xff, 0xff, 0x00, 
  0xff, 0xff, 0x00, 0xff, 0xff, 0x00, 0xff, 0xff, 0x00, 0xff, 0xff, 0x00, 
  0xff, 0xff, 0x00, 0xdf, 0xff, 0x00, 0xff, 0xff, 0x00, 0xff, 0xff, 0x00, 
  0xff, 0xff, 0x00, 0xff, 0xff, 0x00, 0x9e, 0xf7, 0x00, 0xfc, 0xde, 0x00, 
  0x39, 0xc6, 0x00, 0x59, 0xc6, 0x00, 0xbf, 0xf7, 0x00, 0xff, 0xff, 0x00, 
  0xff, 0xff, 0x00, 0xdf, 0xff, 0x00, 0xff, 0xff, 0x00, 0xff, 0xff, 0x00, 
  0xff, 0xff, 0x00, 0xff, 0xff, 0x00, 0xff, 0xff, 0x00, 0xff, 0xff, 0x00, 
  0xff, 0xff, 0x00, 0xff, 0xff, 0x00, 0xff, 0xff, 0x00, 0xff, 0xff, 0x00, 
  0xff, 0xff, 0x00, 0xff, 0xff, 0x00, 0xff, 0xff, 0x00, 0xff, 0xff, 0x00, 
  0xff, 0xff, 0x00, 0xff, 0xff, 0x00, 0xff, 0xff, 0x00, 0xff, 0xff, 0x00, 
  0xff, 0xff, 0x00, 0xff, 0xff, 0x00, 0xff, 0xff, 0x00, 0xdf, 0xff, 0x00, 
  0xff, 0xff, 0x00, 0xbf, 0xf7, 0x00, 0x39, 0xc6, 0x00, 0x39, 0xc6, 0x00, 
  0xdb, 0xd6, 0x00, 0x7e, 0xef, 0x00, 0xff, 0xff, 0x00, 0xff, 0xff, 0x00, 
  0xff, 0xff, 0x00, 0xff, 0xff, 0x00, 0xdf, 0xff, 0x00, 0xff, 0xff, 0x00, 
  0xff, 0xff, 0x00, 0xff, 0xff, 0x00, 0xff, 0xff, 0x00, 0xff, 0xff, 0x00, 
  0xff, 0xff, 0x00, 0xff, 0xff, 0x00, 0xff, 0xff, 0x00, 0xff, 0xff, 0x00, 
  0xff, 0xff, 0x00, 0xff, 0xff, 0x00, 0xff, 0xff, 0x00, 0xff, 0xff, 0x00, 
  0xff, 0xff, 0x00, 0xff, 0xff, 0x00, 0xff, 0xff, 0x00, 0xff, 0xff, 0x00, 
  0xff, 0xff, 0x00, 0xff, 0xff, 0x00, 0xff, 0xff, 0x00, 0xff, 0xff, 0x00, 
  0xff, 0xff, 0x00, 0xff, 0xff, 0x00, 0xff, 0xff, 0x00, 0xff, 0xff, 0x00, 
  0xff, 0xff, 0x00, 0xff, 0xff, 0x00, 0xff, 0xff, 0x00, 0xff, 0xff, 0x00, 
  0xff, 0xff, 0x00, 0xff, 0xff, 0x00, 0xff, 0xff, 0x00, 0xff, 0xff, 0x00, 
  0xff, 0xff, 0x00, 0xff, 0xff, 0x00, 0xff, 0xff, 0x00, 0xff, 0xff, 0x00, 
  0xff, 0xff, 0x00, 0xff, 0xff, 0x00, 0xff, 0xff, 0x00, 0xff, 0xff, 0x00, 
  0xff, 0xff, 0x00, 0xff, 0xff, 0x00, 0xff, 0xff, 0x00, 0xff, 0xff, 0x00, 
  0xff, 0xff, 0x00, 0xff, 0xff, 0x00, 0xff, 0xff, 0x00, 0xff, 0xff, 0x00, 
  0xff, 0xff, 0x00, 0xff, 0xff, 0x00, 0xff, 0xff, 0x00, 0xff, 0xff, 0x00, 
  0xff, 0xff, 0x00, 0xff, 0xff, 0x00, 0xff, 0xff, 0x00, 0xff, 0xff, 0x00, 
  0xff, 0xff, 0x00, 0xff, 0xff, 0x00, 0xff, 0xff, 0x00, 0xff, 0xff, 0x00, 
  0xff, 0xff, 0x00, 0xff, 0xff, 0x00, 0xff, 0xff, 0x00, 0xff, 0xff, 0x00, 
  0xff, 0xff, 0x00, 0xff, 0xff, 0x00, 0xff, 0xff, 0x00, 0xff, 0xff, 0x00, 
  0xff, 0xff, 0x00, 0xff, 0xff, 0x00, 0xff, 0xff, 0x00, 0xff, 0xff, 0x00, 
  0xff, 0xff, 0x00, 0xff, 0xff, 0x00, 0xff, 0xff, 0x00, 0xbf, 0xf7, 0x00, 
  0x3d, 0xe7, 0x00, 0xbb, 0xd6, 0x00, 0xf8, 0xbd, 0x00, 0xf4, 0x9c, 0x00, 
  0x10, 0x7c, 0xff, 0x51, 0x84, 0xff, 0x5a, 0xc6, 0x00, 0xff, 0xff, 0x00, 
  0xff, 0xff, 0x00, 0xdf, 0xff, 0x00, 0xff, 0xff, 0x00, 0xff, 0xff, 0x00, 
  0xff, 0xff, 0x00, 0xff, 0xff, 0x00, 0xff, 0xff, 0x00, 0xff, 0xff, 0x00, 
  0xff, 0xff, 0x00, 0xff, 0xff, 0x00, 0xff, 0xff, 0x00, 0xff, 0xff, 0x00, 
  0xff, 0xff, 0x00, 0xff, 0xff, 0x00, 0xff, 0xff, 0x00, 0xff, 0xff, 0x00, 
  0xff, 0xff, 0x00, 0xff, 0xff, 0x00, 0xff, 0xff, 0x00, 0xff, 0xff, 0x00, 
  0xff, 0xff, 0x00, 0xff, 0xff, 0x00, 0xdf, 0xff, 0x00, 0xff, 0xff, 0x00, 
  0xdf, 0xf7, 0x00, 0x5a, 0xce, 0x00, 0x52, 0x8c, 0xff, 0xf0, 0x7b, 0xff, 
  0xb3, 0x8c, 0x00, 0xb7, 0xad, 0x00, 0x7a, 0xce, 0x00, 0x3d, 0xe7, 0x00, 
  0x9e, 0xf7, 0x00, 0xff, 0xff, 0x00, 0xff, 0xff, 0x00, 0xff, 0xff, 0x00, 
  0xff, 0xff, 0x00, 0xff, 0xff, 0x00, 0xff, 0xff, 0x00, 0xff, 0xff, 0x00, 
  0xff, 0xff, 0x00, 0xff, 0xff, 0x00, 0xff, 0xff, 0x00, 0xff, 0xff, 0x00, 
  0xff, 0xff, 0x00, 0xff, 0xff, 0x00, 0xff, 0xff, 0x00, 0xff, 0xff, 0x00, 
  0xff, 0xff, 0x00, 0xff, 0xff, 0x00, 0xff, 0xff, 0x00, 0xff, 0xff, 0x00, 
  0xff, 0xff, 0x00, 0xff, 0xff, 0x00, 0xff, 0xff, 0x00, 0xff, 0xff, 0x00, 
  0xff, 0xff, 0x00, 0xff, 0xff, 0x00, 0xff, 0xff, 0x00, 0xff, 0xff, 0x00, 
  0xff, 0xff, 0x00, 0xff, 0xff, 0x00, 0xff, 0xff, 0x00, 0xff, 0xff, 0x00, 
  0xff, 0xff, 0x00, 0xff, 0xff, 0x00, 0xff, 0xff, 0x00, 0xff, 0xff, 0x00, 
  0xff, 0xff, 0x00, 0xff, 0xff, 0x00, 0xff, 0xff, 0x00, 0xff, 0xff, 0x00, 
  0xff, 0xff, 0x00, 0xff, 0xff, 0x00, 0xff, 0xff, 0x00, 0xff, 0xff, 0x00, 
  0xff, 0xff, 0x00, 0xff, 0xff, 0x00, 0xff, 0xff, 0x00, 0xff, 0xff, 0x00, 
  0xff, 0xff, 0x00, 0xff, 0xff, 0x00, 0xff, 0xff, 0x00, 0xff, 0xff, 0x00, 
  0xff, 0xff, 0x00, 0xff, 0xff, 0x00, 0xff, 0xff, 0x00, 0xff, 0xff, 0x00, 
  0xff, 0xff, 0x00, 0xff, 0xff, 0x00, 0xff, 0xff, 0x00, 0xff, 0xff, 0x00, 
  0xff, 0xff, 0x00, 0xff, 0xff, 0x00, 0xff, 0xff, 0x00, 0xff, 0xff, 0x00, 
  0xff, 0xff, 0x00, 0xff, 0xff, 0x00, 0xff, 0xff, 0x00, 0xff, 0xff, 0x00, 
  0xff, 0xff, 0x00, 0xff, 0xff, 0x00, 0xff, 0xff, 0x00, 0xff, 0xff, 0x00, 
  0xff, 0xff, 0x00, 0xff, 0xff, 0x00, 0xff, 0xff, 0x00, 0xff, 0xff, 0x00, 
  0xff, 0xff, 0x00, 0xff, 0xff, 0x00, 0x7e, 0xef, 0x00, 0x39, 0xc6, 0x00, 
  0xd4, 0x9c, 0x00, 0x51, 0x84, 0xff, 0x51, 0x84, 0xff, 0x92, 0x8c, 0xff, 
  0x93, 0x8c, 0xff, 0x52, 0x84, 0xff, 0xb3, 0x94, 0xff, 0x7a, 0xce, 0x00, 
  0xdf, 0xff, 0x00, 0xff, 0xff, 0x00, 0xff, 0xff, 0x00, 0xff, 0xff, 0x00, 
  0xff, 0xff, 0x00, 0xff, 0xff, 0x00, 0xff, 0xff, 0x00, 0xff, 0xff, 0x00, 
  0xff, 0xff, 0x00, 0xff, 0xff, 0x00, 0xff, 0xff, 0x00, 0xff, 0xff, 0x00, 
  0xff, 0xff, 0x00, 0xff, 0xff, 0x00, 0xff, 0xff, 0x00, 0xff, 0xff, 0x00, 
  0xff, 0xff, 0x00, 0xff, 0xff, 0x00, 0xff, 0xff, 0x00, 0xff, 0xff, 0x00, 
  0xff, 0xff, 0x00, 0xff, 0xff, 0x00, 0xff, 0xff, 0x00, 0xdf, 0xf7, 0x00, 
  0x7a, 0xce, 0x00, 0xb3, 0x94, 0xff, 0x51, 0x84, 0xff, 0x72, 0x84, 0xff, 
  0x72, 0x84, 0xff, 0x51, 0x7c, 0xff, 0x11, 0x7c, 0xff, 0xd4, 0x94, 0x00, 
  0x38, 0xc6, 0x00, 0x5d, 0xef, 0x00, 0xff, 0xff, 0x00, 0xff, 0xff, 0x00, 
  0xff, 0xff, 0x00, 0xff, 0xff, 0x00, 0xff, 0xff, 0x00, 0xff, 0xff, 0x00, 
  0xff, 0xff, 0x00, 0xff, 0xff, 0x00, 0xff, 0xff, 0x00, 0xff, 0xff, 0x00, 
  0xff, 0xff, 0x00, 0xff, 0xff, 0x00, 0xff, 0xff, 0x00, 0xff, 0xff, 0x00, 
  0xff, 0xff, 0x00, 0xff, 0xff, 0x00, 0xff, 0xff, 0x00, 0xff, 0xff, 0x00, 
  0xff, 0xff, 0x00, 0xff, 0xff, 0x00, 0xff, 0xff, 0x00, 0xff, 0xff, 0x00, 
  0xff, 0xff, 0x00, 0xff, 0xff, 0x00, 0xff, 0xff, 0x00, 0xff, 0xff, 0x00, 
  0xff, 0xff, 0x00, 0xff, 0xff, 0x00, 0xff, 0xff, 0x00, 0xff, 0xff, 0x00, 
  0xff, 0xff, 0x00, 0xff, 0xff, 0x00, 0xff, 0xff, 0x00, 0xff, 0xff, 0x00, 
  0xff, 0xff, 0x00, 0xff, 0xff, 0x00, 0xff, 0xff, 0x00, 0xff, 0xff, 0x00, 
  0xff, 0xff, 0x00, 0xff, 0xff, 0x00, 0xff, 0xff, 0x00, 0xff, 0xff, 0x00, 
  0xff, 0xff, 0x00, 0xff, 0xff, 0x00, 0xff, 0xff, 0x00, 0xff, 0xff, 0x00, 
  0xff, 0xff, 0x00, 0xff, 0xff, 0x00, 0xff, 0xff, 0x00, 0xff, 0xff, 0x00, 
  0xff, 0xff, 0x00, 0xff, 0xff, 0x00, 0xff, 0xff, 0x00, 0xff, 0xff, 0x00, 
  0xff, 0xff, 0x00, 0xff, 0xff, 0x00, 0xff, 0xff, 0x00, 0xff, 0xff, 0x00, 
  0xff, 0xff, 0x00, 0xff, 0xff, 0x00, 0xff, 0xff, 0x00, 0xff, 0xff, 0x00, 
  0xff, 0xff, 0x00, 0xff, 0xff, 0x00, 0xff, 0xff, 0x00, 0xff, 0xff, 0x00, 
  0xff, 0xff, 0x00, 0xff, 0xff, 0x00, 0xff, 0xff, 0x00, 0xff, 0xff, 0x00, 
  0xff, 0xff, 0x00, 0xff, 0xff, 0x00, 0xff, 0xff, 0x00, 0xff, 0xff, 0x00, 
  0x5d, 0xe7, 0x00, 0xd7, 0xb5, 0x00, 0xd3, 0x94, 0x00, 0x72, 0x8c, 0xff, 
  0x51, 0x84, 0xff, 0x72, 0x84, 0xff, 0x52, 0x84, 0xff, 0x52, 0x84, 0xff, 
  0x52, 0x84, 0xff, 0x93, 0x8c, 0xff, 0x52, 0x84, 0xff, 0xd4, 0x94, 0xff, 
  0x7a, 0xce, 0x00, 0xff, 0xff, 0x00, 0xff, 0xff, 0x00, 0xff, 0xff, 0x00, 
  0xff, 0xff, 0x00, 0xff, 0xff, 0x00, 0xff, 0xff, 0x00, 0xff, 0xff, 0x00, 
  0xff, 0xff, 0x00, 0xff, 0xff, 0x00, 0xff, 0xff, 0x00, 0xff, 0xff, 0x00, 
  0xff, 0xff, 0x00, 0xff, 0xff, 0x00, 0xff, 0xff, 0x00, 0xff, 0xff, 0x00, 
  0xff, 0xff, 0x00, 0xff, 0xff, 0x00, 0xff, 0xff, 0x00, 0xff, 0xff, 0x00, 
  0xdf, 0xff, 0x00, 0xff, 0xff, 0x00, 0xff, 0xff, 0x00, 0x59, 0xc6, 0x00, 
  0xb3, 0x94, 0xff, 0x51, 0x84, 0xff, 0x52, 0x84, 0xff, 0x31, 0x84, 0xff, 
  0x52, 0x84, 0xff, 0x31, 0x7c, 0xff, 0x52, 0x84, 0xff, 0x31, 0x84, 0xff, 
  0x52, 0x8c, 0xff, 0xb3, 0x94, 0x00, 0xb7, 0xb5, 0x00, 0x5d, 0xe7, 0x00, 
  0xff, 0xff, 0x00, 0xff, 0xff, 0x00, 0xff, 0xff, 0x00, 0xff, 0xff, 0x00, 
  0xff, 0xff, 0x00, 0xff, 0xff, 0x00, 0xff, 0xff, 0x00, 0xff, 0xff, 0x00, 
  0xff, 0xff, 0x00, 0xff, 0xff, 0x00, 0xff, 0xff, 0x00, 0xff, 0xff, 0x00, 
  0xff, 0xff, 0x00, 0xff, 0xff, 0x00, 0xff, 0xff, 0x00, 0xff, 0xff, 0x00, 
  0xff, 0xff, 0x00, 0xff, 0xff, 0x00, 0xff, 0xff, 0x00, 0xff, 0xff, 0x00, 
  0xff, 0xff, 0x00, 0xff, 0xff, 0x00, 0xff, 0xff, 0x00, 0xff, 0xff, 0x00, 
  0xff, 0xff, 0x00, 0xff, 0xff, 0x00, 0xff, 0xff, 0x00, 0xff, 0xff, 0x00, 
  0xff, 0xff, 0x00, 0xff, 0xff, 0x00, 0xff, 0xff, 0x00, 0xff, 0xff, 0x00, 
  0xff, 0xff, 0x00, 0xff, 0xff, 0x00, 0xff, 0xff, 0x00, 0xff, 0xff, 0x00, 
  0xff, 0xff, 0x00, 0xff, 0xff, 0x00, 0xff, 0xff, 0x00, 0xff, 0xff, 0x00, 
  0xff, 0xff, 0x00, 0xff, 0xff, 0x00, 0xff, 0xff, 0x00, 0xff, 0xff, 0x00, 
  0xff, 0xff, 0x00, 0xff, 0xff, 0x00, 0xff, 0xff, 0x00, 0xff, 0xff, 0x00, 
  0xff, 0xff, 0x00, 0xff, 0xff, 0x00, 0xff, 0xff, 0x00, 0xff, 0xff, 0x00, 
  0xff, 0xff, 0x00, 0xff, 0xff, 0x00, 0xff, 0xff, 0x00, 0xff, 0xff, 0x00, 
  0xff, 0xff, 0x00, 0xff, 0xff, 0x00, 0xff, 0xff, 0x00, 0xff, 0xff, 0x00, 
  0xff, 0xff, 0x00, 0xff, 0xff, 0x00, 0xff, 0xff, 0x00, 0xff, 0xff, 0x00, 
  0xff, 0xff, 0x00, 0xff, 0xff, 0x00, 0xff, 0xff, 0x00, 0xff, 0xff, 0x00, 
  0xff, 0xff, 0x00, 0xff, 0xff, 0x00, 0x7e, 0xef, 0x00, 0xf8, 0xb5, 0x00, 
  0xf4, 0x9c, 0x00, 0xb3, 0x8c, 0xff, 0x31, 0x84, 0xff, 0x52, 0x84, 0xff, 
  0x72, 0x84, 0xff, 0x72, 0x84, 0xff, 0x72, 0x84, 0xff, 0x72, 0x84, 0xff, 
  0x72, 0x84, 0xff, 0x72, 0x84, 0xff, 0x72, 0x84, 0xff, 0x72, 0x84, 0xff, 
  0xb3, 0x94, 0xff, 0xf8, 0xbd, 0x00, 0x9e, 0xef, 0x00, 0xff, 0xff, 0x00, 
  0xff, 0xff, 0x00, 0xff, 0xff, 0x00, 0xdf, 0xff, 0x00, 0xff, 0xff, 0x00, 
  0xff, 0xff, 0x00, 0xff, 0xff, 0x00, 0xff, 0xff, 0x00, 0xff, 0xff, 0x00, 
  0xff, 0xff, 0x00, 0xff, 0xff, 0x00, 0xff, 0xff, 0x00, 0xff, 0xff, 0x00, 
  0xff, 0xff, 0x00, 0xdf, 0xff, 0x00, 0xff, 0xff, 0x00, 0xff, 0xff, 0x00, 
  0xff, 0xff, 0x00, 0x9e, 0xef, 0x00, 0xf8, 0xbd, 0x00, 0xb3, 0x8c, 0xff, 
  0x52, 0x84, 0xff, 0x52, 0x84, 0xff, 0x52, 0x84, 0xff, 0x52, 0x84, 0xff, 
  0x52, 0x84, 0xff, 0x52, 0x84, 0xff, 0x52, 0x84, 0xff, 0x52, 0x84, 0xff, 
  0x31, 0x7c, 0xff, 0x11, 0x7c, 0xff, 0x72, 0x8c, 0xff, 0xf4, 0x94, 0x00, 
  0xd7, 0xb5, 0x00, 0x5d, 0xe7, 0x00, 0xff, 0xff, 0x00, 0xff, 0xff, 0x00, 
  0xff, 0xff, 0x00, 0xff, 0xff, 0x00, 0xff, 0xff, 0x00, 0xff, 0xff, 0x00, 
  0xff, 0xff, 0x00, 0xff, 0xff, 0x00, 0xff, 0xff, 0x00, 0xff, 0xff, 0x00, 
  0xff, 0xff, 0x00, 0xff, 0xff, 0x00, 0xff, 0xff, 0x00, 0xff, 0xff, 0x00, 
  0xff, 0xff, 0x00, 0xff, 0xff, 0x00, 0xff, 0xff, 0x00, 0xff, 0xff, 0x00, 
  0xff, 0xff, 0x00, 0xff, 0xff, 0x00, 0xff, 0xff, 0x00, 0xff, 0xff, 0x00, 
  0xff, 0xff, 0x00, 0xff, 0xff, 0x00, 0xff, 0xff, 0x00, 0xff, 0xff, 0x00, 
  0xff, 0xff, 0x00, 0xff, 0xff, 0x00, 0xff, 0xff, 0x00, 0xff, 0xff, 0x00, 
  0xff, 0xff, 0x00, 0xff, 0xff, 0x00, 0xff, 0xff, 0x00, 0xff, 0xff, 0x00, 
  0xff, 0xff, 0x00, 0xff, 0xff, 0x00, 0xff, 0xff, 0x00, 0xff, 0xff, 0x00, 
  0xff, 0xff, 0x00, 0xff, 0xff, 0x00, 0xff, 0xff, 0x00, 0xff, 0xff, 0x00, 
  0xff, 0xff, 0x00, 0xff, 0xff, 0x00, 0xff, 0xff, 0x00, 0xff, 0xff, 0x00, 
  0xff, 0xff, 0x00, 0xff, 0xff, 0x00, 0xff, 0xff, 0x00, 0xff, 0xff, 0x00, 
  0xff, 0xff, 0x00, 0xff, 0xff, 0x00, 0xff, 0xff, 0x00, 0xff, 0xff, 0x00, 
  0xff, 0xff, 0x00, 0xff, 0xff, 0x00, 0xff, 0xff, 0x00, 0xff, 0xff, 0x00, 
  0xff, 0xff, 0x00, 0xdf, 0xff, 0x00, 0xff, 0xff, 0x00, 0xff, 0xff, 0x00, 
  0xff, 0xff, 0x00, 0xff, 0xff, 0x00, 0xff, 0xff, 0x00, 0xff, 0xff, 0x00, 
  0xbf, 0xf7, 0x00, 0x9a, 0xce, 0x00, 0x76, 0xad, 0x00, 0x72, 0x8c, 0xff, 
  0x11, 0x7c, 0xff, 0x72, 0x84, 0xff, 0x92, 0x8c, 0xff, 0x72, 0x84, 0xff, 
  0x72, 0x84, 0xff, 0x72, 0x84, 0xff, 0x72, 0x84, 0xff, 0x72, 0x84, 0xff, 
  0x72, 0x84, 0xff, 0x72, 0x84, 0xff, 0x72, 0x84, 0xff, 0x72, 0x84, 0xff, 
  0x31, 0x84, 0xff, 0x92, 0x8c, 0xff, 0x96, 0xad, 0x00, 0xbb, 0xd6, 0x00, 
  0x9f, 0xf7, 0x00, 0xff, 0xff, 0x00, 0xff, 0xff, 0x00, 0xff, 0xff, 0x00, 
  0xff, 0xff, 0x00, 0xff, 0xff, 0x00, 0xff, 0xff, 0x00, 0xff, 0xff, 0x00, 
  0xdf, 0xff, 0x00, 0xff, 0xff, 0x00, 0xff, 0xff, 0x00, 0xff, 0xff, 0x00, 
  0xff, 0xff, 0x00, 0xff, 0xff, 0x00, 0xff, 0xff, 0x00, 0x9e, 0xef, 0x00, 
  0xbb, 0xd6, 0x00, 0x76, 0xad, 0x00, 0x72, 0x84, 0xff, 0x31, 0x7c, 0xff, 
  0x52, 0x84, 0xff, 0x52, 0x84, 0xff, 0x52, 0x84, 0xff, 0x52, 0x84, 0xff, 
  0x52, 0x84, 0xff, 0x52, 0x84, 0xff, 0x52, 0x84, 0xff, 0x52, 0x84, 0xff, 
  0x52, 0x84, 0xff, 0x72, 0x84, 0xff, 0x52, 0x84, 0xff, 0xf0, 0x73, 0xff, 
  0x31, 0x84, 0xff, 0x55, 0xa5, 0x00, 0x9a, 0xce, 0x00, 0xbf, 0xf7, 0x00, 
  0xff, 0xff, 0x00, 0xff, 0xff, 0x00, 0xff, 0xff, 0x00, 0xff, 0xff, 0x00, 
  0xff, 0xff, 0x00, 0xff, 0xff, 0x00, 0xff, 0xff, 0x00, 0xff, 0xff, 0x00, 
  0xff, 0xff, 0x00, 0xff, 0xff, 0x00, 0xff, 0xff, 0x00, 0xff, 0xff, 0x00, 
  0xff, 0xff, 0x00, 0xff, 0xff, 0x00, 0xff, 0xff, 0x00, 0xff, 0xff, 0x00, 
  0xff, 0xff, 0x00, 0xff, 0xff, 0x00, 0xff, 0xff, 0x00, 0xff, 0xff, 0x00, 
  0xff, 0xff, 0x00, 0xff, 0xff, 0x00, 0xff, 0xff, 0x00, 0xff, 0xff, 0x00, 
  0xff, 0xff, 0x00, 0xff, 0xff, 0x00, 0xff, 0xff, 0x00, 0xff, 0xff, 0x00, 
  0xff, 0xff, 0x00, 0xff, 0xff, 0x00, 0xff, 0xff, 0x00, 0xff, 0xff, 0x00, 
  0xff, 0xff, 0x00, 0xff, 0xff, 0x00, 0xff, 0xff, 0x00, 0xff, 0xff, 0x00, 
  0xff, 0xff, 0x00, 0xff, 0xff, 0x00, 0xff, 0xff, 0x00, 0xff, 0xff, 0x00, 
  0xff, 0xff, 0x00, 0xff, 0xff, 0x00, 0xff, 0xff, 0x00, 0xff, 0xff, 0x00, 
  0xff, 0xff, 0x00, 0xff, 0xff, 0x00, 0xff, 0xff, 0x00, 0xff, 0xff, 0x00, 
  0xff, 0xff, 0x00, 0xff, 0xff, 0x00, 0xff, 0xff, 0x00, 0xff, 0xff, 0x00, 
  0xff, 0xff, 0x00, 0xff, 0xff, 0x00, 0xff, 0xff, 0x00, 0xff, 0xff, 0x00, 
  0xff, 0xff, 0x00, 0xff, 0xff, 0x00, 0xff, 0xff, 0x00, 0xff, 0xff, 0x00, 
  0xff, 0xff, 0x00, 0xff, 0xff, 0x00, 0xff, 0xff, 0x00, 0x3d, 0xe7, 0x00, 
  0x39, 0xc6, 0x00, 0xb3, 0x94, 0xff, 0x31, 0x7c, 0xff, 0x72, 0x84, 0xff, 
  0x72, 0x8c, 0xff, 0x72, 0x84, 0xff, 0x72, 0x84, 0xff, 0x92, 0x84, 0xff, 
  0x72, 0x84, 0xff, 0x72, 0x84, 0xff, 0x72, 0x84, 0xff, 0x72, 0x84, 0xff, 
  0x72, 0x84, 0xff, 0x72, 0x84, 0xff, 0x72, 0x84, 0xff, 0x72, 0x84, 0xff, 
  0x72, 0x84, 0xff, 0x51, 0x84, 0xff, 0x51, 0x84, 0xff, 0xd3, 0x94, 0x00, 
  0xd7, 0xb5, 0x00, 0xfc, 0xde, 0x00, 0x7e, 0xef, 0x00, 0x9e, 0xef, 0x00, 
  0xdf, 0xff, 0x00, 0xff, 0xff, 0x00, 0xff, 0xff, 0x00, 0xff, 0xff, 0x00, 
  0xff, 0xff, 0x00, 0xff, 0xff, 0x00, 0xff, 0xff, 0x00, 0xdf, 0xff, 0x00, 
  0x9e, 0xef, 0x00, 0x7e, 0xef, 0x00, 0xfc, 0xde, 0x00, 0xd7, 0xb5, 0x00, 
  0xb3, 0x94, 0xff, 0x31, 0x7c, 0xff, 0x31, 0x7c, 0xff, 0x72, 0x84, 0xff, 
  0x52, 0x84, 0xff, 0x52, 0x84, 0xff, 0x52, 0x84, 0xff, 0x52, 0x84, 0xff, 
  0x52, 0x84, 0xff, 0x52, 0x84, 0xff, 0x52, 0x84, 0xff, 0x52, 0x84, 0xff, 
  0x52, 0x84, 0xff, 0x32, 0x7c, 0xff, 0x52, 0x84, 0xff, 0x72, 0x84, 0xff, 
  0x52, 0x84, 0xff, 0xf0, 0x73, 0xff, 0x72, 0x8c, 0xff, 0x18, 0xbe, 0x00, 
  0x3d, 0xe7, 0x00, 0xff, 0xff, 0x00, 0xff, 0xff, 0x00, 0xff, 0xff, 0x00, 
  0xff, 0xff, 0x00, 0xff, 0xff, 0x00, 0xff, 0xff, 0x00, 0xff, 0xff, 0x00, 
  0xff, 0xff, 0x00, 0xff, 0xff, 0x00, 0xff, 0xff, 0x00, 0xff, 0xff, 0x00, 
  0xff, 0xff, 0x00, 0xff, 0xff, 0x00, 0xff, 0xff, 0x00, 0xff, 0xff, 0x00, 
  0xff, 0xff, 0x00, 0xff, 0xff, 0x00, 0xff, 0xff, 0x00, 0xff, 0xff, 0x00, 
  0xff, 0xff, 0x00, 0xff, 0xff, 0x00, 0xff, 0xff, 0x00, 0xff, 0xff, 0x00, 
  0xff, 0xff, 0x00, 0xff, 0xff, 0x00, 0xff, 0xff, 0x00, 0xff, 0xff, 0x00, 
  0xff, 0xff, 0x00, 0xff, 0xff, 0x00, 0xff, 0xff, 0x00, 0xff, 0xff, 0x00, 
  0xff, 0xff, 0x00, 0xff, 0xff, 0x00, 0xff, 0xff, 0x00, 0xff, 0xff, 0x00, 
  0xff, 0xff, 0x00, 0xff, 0xff, 0x00, 0xff, 0xff, 0x00, 0xff, 0xff, 0x00, 
  0xff, 0xff, 0x00, 0xff, 0xff, 0x00, 0xff, 0xff, 0x00, 0xff, 0xff, 0x00, 
  0xff, 0xff, 0x00, 0xff, 0xff, 0x00, 0xff, 0xff, 0x00, 0xff, 0xff, 0x00, 
  0xff, 0xff, 0x00, 0xff, 0xff, 0x00, 0xff, 0xff, 0x00, 0xff, 0xff, 0x00, 
  0xff, 0xff, 0x00, 0xff, 0xff, 0x00, 0xff, 0xff, 0x00, 0xff, 0xff, 0x00, 
  0xff, 0xff, 0x00, 0xff, 0xff, 0x00, 0xff, 0xff, 0x00, 0xff, 0xff, 0x00, 
  0xff, 0xff, 0x00, 0xff, 0xff, 0x00, 0xdc, 0xde, 0x00, 0x14, 0x9d, 0x00, 
  0x31, 0x84, 0xff, 0x72, 0x8c, 0xff, 0xb3, 0x8c, 0xff, 0x72, 0x8c, 0xff, 
  0x72, 0x84, 0xff, 0x72, 0x84, 0xff, 0x72, 0x84, 0xff, 0x72, 0x84, 0xff, 
  0x72, 0x84, 0xff, 0x72, 0x84, 0xff, 0x72, 0x84, 0xff, 0x72, 0x84, 0xff, 
  0x72, 0x84, 0xff, 0x72, 0x84, 0xff, 0x72, 0x84, 0xff, 0x72, 0x84, 0xff, 
  0x93, 0x8c, 0xff, 0x72, 0x84, 0xff, 0x72, 0x84, 0xff, 0x72, 0x84, 0xff, 
  0x51, 0x84, 0xff, 0x51, 0x84, 0x00, 0x14, 0x9d, 0x00, 0x18, 0xbe, 0x00, 
  0xbb, 0xd6, 0x00, 0x1c, 0xdf, 0x00, 0x7e, 0xef, 0x00, 0xbf, 0xf7, 0x00, 
  0xbf, 0xf7, 0x00, 0x7e, 0xef, 0x00, 0x1c, 0xdf, 0x00, 0xbb, 0xd6, 0x00, 
  0x18, 0xbe, 0x00, 0xf4, 0x9c, 0x00, 0x31, 0x84, 0x00, 0x31, 0x84, 0xff, 
  0x52, 0x84, 0xff, 0x52, 0x84, 0xff, 0x52, 0x84, 0xff, 0x92, 0x84, 0xff, 
  0x52, 0x84, 0xff, 0x52, 0x84, 0xff, 0x52, 0x84, 0xff, 0x52, 0x84, 0xff, 
  0x52, 0x84, 0xff, 0x52, 0x84, 0xff, 0x52, 0x84, 0xff, 0x52, 0x84, 0xff, 
  0x52, 0x84, 0xff, 0x52, 0x84, 0xff, 0x52, 0x84, 0xff, 0x31, 0x7c, 0xff, 
  0x52, 0x84, 0xff, 0x72, 0x84, 0xff, 0x31, 0x7c, 0xff, 0x10, 0x7c, 0xff, 
  0xf4, 0x9c, 0x00, 0xfc, 0xde, 0x00, 0xdf, 0xf7, 0x00, 0xff, 0xff, 0x00, 
  0xff, 0xff, 0x00, 0xff, 0xff, 0x00, 0xdf, 0xff, 0x00, 0xff, 0xff, 0x00, 
  0xff, 0xff, 0x00, 0xff, 0xff, 0x00, 0xff, 0xff, 0x00, 0xff, 0xff, 0x00, 
  0xff, 0xff, 0x00, 0xff, 0xff, 0x00, 0xff, 0xff, 0x00, 0xff, 0xff, 0x00, 
  0xff, 0xff, 0x00, 0xff, 0xff, 0x00, 0xff, 0xff, 0x00, 0xff, 0xff, 0x00, 
  0xff, 0xff, 0x00, 0xff, 0xff, 0x00, 0xff, 0xff, 0x00, 0xff, 0xff, 0x00, 
  0xff, 0xff, 0x00, 0xff, 0xff, 0x00, 0xff, 0xff, 0x00, 0xff, 0xff, 0x00, 
  0xff, 0xff, 0x00, 0xff, 0xff, 0x00, 0xff, 0xff, 0x00, 0xff, 0xff, 0x00, 
  0xff, 0xff, 0x00, 0xff, 0xff, 0x00, 0xff, 0xff, 0x00, 0xff, 0xff, 0x00, 
  0xff, 0xff, 0x00, 0xff, 0xff, 0x00, 0xff, 0xff, 0x00, 0xff, 0xff, 0x00, 
  0xff, 0xff, 0x00, 0xff, 0xff, 0x00, 0xff, 0xff, 0x00, 0xff, 0xff, 0x00, 
  0xff, 0xff, 0x00, 0xff, 0xff, 0x00, 0xff, 0xff, 0x00, 0xff, 0xff, 0x00, 
  0xff, 0xff, 0x00, 0xff, 0xff, 0x00, 0xff, 0xff, 0x00, 0xff, 0xff, 0x00, 
  0xff, 0xff, 0x00, 0xff, 0xff, 0x00, 0xff, 0xff, 0x00, 0xff, 0xff, 0x00, 
  0xff, 0xff, 0x00, 0xff, 0xff, 0x00, 0xdf, 0xff, 0x00, 0xff, 0xff, 0x00, 
  0xff, 0xff, 0x00, 0x59, 0xc6, 0x00, 0xb3, 0x94, 0x00, 0x52, 0x84, 0xff, 
  0x72, 0x84, 0xff, 0x92, 0x8c, 0xff, 0x72, 0x84, 0xff, 0x51, 0x84, 0xff, 
  0x72, 0x84, 0xff, 0x92, 0x84, 0xff, 0x52, 0x84, 0xff, 0x72, 0x84, 0xff, 
  0x72, 0x84, 0xff, 0x72, 0x84, 0xff, 0x72, 0x84, 0xff, 0x72, 0x84, 0xff, 
  0x72, 0x84, 0xff, 0x72, 0x84, 0xff, 0x72, 0x84, 0xff, 0x72, 0x84, 0xff, 
  0x52, 0x84, 0xff, 0x72, 0x84, 0xff, 0x72, 0x84, 0xff, 0x72, 0x84, 0xff, 
  0x52, 0x84, 0xff, 0x52, 0x84, 0xff, 0x72, 0x84, 0xff, 0x72, 0x8c, 0xff, 
  0x92, 0x8c, 0xff, 0x92, 0x8c, 0x00, 0xb3, 0x8c, 0x00, 0x92, 0x8c, 0x00, 
  0x92, 0x8c, 0x00, 0x93, 0x8c, 0x00, 0x93, 0x8c, 0x00, 0x92, 0x8c, 0xff, 
  0x72, 0x8c, 0xff, 0x52, 0x84, 0xff, 0x51, 0x84, 0xff, 0x51, 0x84, 0xff, 
  0x52, 0x84, 0xff, 0x72, 0x84, 0xff, 0x52, 0x84, 0xff, 0x52, 0x7c, 0xff, 
  0x52, 0x84, 0xff, 0x52, 0x84, 0xff, 0x52, 0x84, 0xff, 0x52, 0x84, 0xff, 
  0x52, 0x84, 0xff, 0x52, 0x84, 0xff, 0x52, 0x84, 0xff, 0x52, 0x84, 0xff, 
  0x52, 0x84, 0xff, 0x32, 0x7c, 0xff, 0x52, 0x84, 0xff, 0x52, 0x7c, 0xff, 
  0x31, 0x7c, 0xff, 0x31, 0x7c, 0xff, 0x51, 0x7c, 0xff, 0x31, 0x7c, 0xff, 
  0x11, 0x7c, 0xff, 0x72, 0x8c, 0x00, 0xf8, 0xbd, 0x00, 0xdf, 0xf7, 0x00, 
  0xff, 0xff, 0x00, 0xff, 0xff, 0x00, 0xff, 0xff, 0x00, 0xff, 0xff, 0x00, 
  0xff, 0xff, 0x00, 0xff, 0xff, 0x00, 0xff, 0xff, 0x00, 0xff, 0xff, 0x00, 
  0xff, 0xff, 0x00, 0xff, 0xff, 0x00, 0xff, 0xff, 0x00, 0xff, 0xff, 0x00, 
  0xff, 0xff, 0x00, 0xff, 0xff, 0x00, 0xff, 0xff, 0x00, 0xff, 0xff, 0x00, 
  0xff, 0xff, 0x00, 0xff, 0xff, 0x00, 0xff, 0xff, 0x00, 0xff, 0xff, 0x00, 
  0xff, 0xff, 0x00, 0xff, 0xff, 0x00, 0xff, 0xff, 0x00, 0xff, 0xff, 0x00, 
  0xff, 0xff, 0x00, 0xff, 0xff, 0x00, 0xff, 0xff, 0x00, 0xff, 0xff, 0x00, 
  0xff, 0xff, 0x00, 0xff, 0xff, 0x00, 0xff, 0xff, 0x00, 0xff, 0xff, 0x00, 
  0xff, 0xff, 0x00, 0xff, 0xff, 0x00, 0xff, 0xff, 0x00, 0xff, 0xff, 0x00, 
  0xff, 0xff, 0x00, 0xff, 0xff, 0x00, 0xff, 0xff, 0x00, 0xff, 0xff, 0x00, 
  0xff, 0xff, 0x00, 0xff, 0xff, 0x00, 0xff, 0xff, 0x00, 0xff, 0xff, 0x00, 
  0xff, 0xff, 0x00, 0xff, 0xff, 0x00, 0xff, 0xff, 0x00, 0xff, 0xff, 0x00, 
  0xff, 0xff, 0x00, 0xff, 0xff, 0x00, 0xff, 0xff, 0x00, 0xff, 0xff, 0x00, 
  0xff, 0xff, 0x00, 0xff, 0xff, 0x00, 0xff, 0xff, 0x00, 0x5d, 0xe7, 0x00, 
  0xd7, 0xb5, 0x00, 0xb3, 0x94, 0xff, 0x51, 0x84, 0xff, 0x72, 0x84, 0xff, 
  0x72, 0x8c, 0xff, 0x72, 0x8c, 0xff, 0x72, 0x8c, 0xff, 0x72, 0x84, 0xff, 
  0x72, 0x84, 0xff, 0x72, 0x84, 0xff, 0x72, 0x84, 0xff, 0x72, 0x84, 0xff, 
  0x72, 0x84, 0xff, 0x72, 0x84, 0xff, 0x72, 0x84, 0xff, 0x72, 0x84, 0xff, 
  0x72, 0x84, 0xff, 0x72, 0x84, 0xff, 0x72, 0x84, 0xff, 0x72, 0x84, 0xff, 
  0x73, 0x84, 0xff, 0x73, 0x84, 0xff, 0x72, 0x84, 0xff, 0x72, 0x84, 0xff, 
  0x72, 0x84, 0xff, 0x72, 0x84, 0xff, 0x52, 0x84, 0xff, 0x31, 0x7c, 0xff, 
  0x31, 0x7c, 0xff, 0x31, 0x7c, 0xff, 0x11, 0x7c, 0xff, 0x11, 0x7c, 0xff, 
  0x11, 0x7c, 0xff, 0x11, 0x7c, 0xff, 0x31, 0x7c, 0xff, 0x31, 0x7c, 0xff, 
  0x31, 0x7c, 0xff, 0x51, 0x84, 0xff, 0x52, 0x84, 0xff, 0x72, 0x84, 0xff, 
  0x52, 0x84, 0xff, 0x52, 0x84, 0xff, 0x52, 0x84, 0xff, 0x72, 0x84, 0xff, 
  0x52, 0x84, 0xff, 0x52, 0x84, 0xff, 0x52, 0x84, 0xff, 0x52, 0x84, 0xff, 
  0x52, 0x84, 0xff, 0x52, 0x84, 0xff, 0x52, 0x84, 0xff, 0x52, 0x84, 0xff, 
  0x32, 0x7c, 0xff, 0x32, 0x7c, 0xff, 0x52, 0x7c, 0xff, 0x52, 0x84, 0xff, 
  0x72, 0x84, 0xff, 0x52, 0x84, 0xff, 0x52, 0x7c, 0xff, 0x31, 0x7c, 0xff, 
  0x31, 0x7c, 0xff, 0xf0, 0x7b, 0xff, 0x72, 0x84, 0xff, 0x96, 0xad, 0x00, 
  0x1c, 0xdf, 0x00, 0xff, 0xff, 0x00, 0xff, 0xff, 0x00, 0xff, 0xff, 0x00, 
  0xff, 0xff, 0x00, 0xff, 0xff, 0x00, 0xff, 0xff, 0x00, 0xff, 0xff, 0x00, 
  0xff, 0xff, 0x00, 0xff, 0xff, 0x00, 0xff, 0xff, 0x00, 0xff, 0xff, 0x00, 
  0xff, 0xff, 0x00, 0xff, 0xff, 0x00, 0xff, 0xff, 0x00, 0xff, 0xff, 0x00, 
  0xff, 0xff, 0x00, 0xff, 0xff, 0x00, 0xff, 0xff, 0x00, 0xff, 0xff, 0x00, 
  0xff, 0xff, 0x00, 0xff, 0xff, 0x00, 0xff, 0xff, 0x00, 0xff, 0xff, 0x00, 
  0xff, 0xff, 0x00, 0xff, 0xff, 0x00, 0xff, 0xff, 0x00, 0xff, 0xff, 0x00, 
  0xff, 0xff, 0x00, 0xff, 0xff, 0x00, 0xff, 0xff, 0x00, 0xff, 0xff, 0x00, 
  0xff, 0xff, 0x00, 0xff, 0xff, 0x00, 0xff, 0xff, 0x00, 0xff, 0xff, 0x00, 
  0xff, 0xff, 0x00, 0xff, 0xff, 0x00, 0xff, 0xff, 0x00, 0xff, 0xff, 0x00, 
  0xff, 0xff, 0x00, 0xff, 0xff, 0x00, 0xff, 0xff, 0x00, 0xff, 0xff, 0x00, 
  0xff, 0xff, 0x00, 0xff, 0xff, 0x00, 0xff, 0xff, 0x00, 0xff, 0xff, 0x00, 
  0xff, 0xff, 0x00, 0xff, 0xff, 0x00, 0xff, 0xff, 0x00, 0xff, 0xff, 0x00, 
  0xff, 0xff, 0x00, 0xdf, 0xff, 0x00, 0x9e, 0xf7, 0x00, 0xf7, 0xbd, 0x00, 
  0x51, 0x84, 0xff, 0x51, 0x84, 0xff, 0x72, 0x8c, 0xff, 0x72, 0x8c, 0xff, 
  0x72, 0x84, 0xff, 0x52, 0x84, 0xff, 0x72, 0x84, 0xff, 0x72, 0x84, 0xff, 
  0x72, 0x84, 0xff, 0x72, 0x84, 0xff, 0x72, 0x84, 0xff, 0x72, 0x84, 0xff, 
  0x72, 0x84, 0xff, 0x72, 0x84, 0xff, 0x72, 0x84, 0xff, 0x72, 0x84, 0xff, 
  0x72, 0x84, 0xff, 0x72, 0x84, 0xff, 0x72, 0x84, 0xff, 0x72, 0x84, 0xff, 
  0x72, 0x84, 0xff, 0x72, 0x84, 0xff, 0x72, 0x84, 0xff, 0x72, 0x84, 0xff, 
  0x72, 0x84, 0xff, 0x72, 0x84, 0xff, 0x92, 0x84, 0xff, 0x92, 0x84, 0xff, 
  0x72, 0x84, 0xff, 0x72, 0x84, 0xff, 0x92, 0x84, 0xff, 0x93, 0x8c, 0xff, 
  0x93, 0x8c, 0xff, 0x93, 0x84, 0xff, 0x72, 0x84, 0xff, 0x72, 0x84, 0xff, 
  0x72, 0x84, 0xff, 0x72, 0x84, 0xff, 0x52, 0x84, 0xff, 0x52, 0x84, 0xff, 
  0x72, 0x84, 0xff, 0x52, 0x84, 0xff, 0x52, 0x84, 0xff, 0x52, 0x84, 0xff, 
  0x52, 0x84, 0xff, 0x52, 0x84, 0xff, 0x52, 0x84, 0xff, 0x52, 0x84, 0xff, 
  0x52, 0x84, 0xff, 0x52, 0x84, 0xff, 0x52, 0x84, 0xff, 0x52, 0x84, 0xff, 
  0x31, 0x84, 0xff, 0x52, 0x84, 0xff, 0x32, 0x7c, 0xff, 0x32, 0x7c, 0xff, 
  0x32, 0x7c, 0xff, 0x31, 0x7c, 0xff, 0x31, 0x7c, 0xff, 0x52, 0x84, 0xff, 
  0x52, 0x84, 0xff, 0x31, 0x7c, 0xff, 0x31, 0x7c, 0xff, 0x10, 0x7c, 0xff, 
  0xb6, 0xb5, 0x00, 0x9e, 0xef, 0x00, 0xff, 0xff, 0x00, 0xff, 0xff, 0x00, 
  0xff, 0xff, 0x00, 0xff, 0xff, 0x00, 0xff, 0xff, 0x00, 0xff, 0xff, 0x00, 
  0xff, 0xff, 0x00, 0xff, 0xff, 0x00, 0xff, 0xff, 0x00, 0xff, 0xff, 0x00, 
  0xff, 0xff, 0x00, 0xff, 0xff, 0x00, 0xff, 0xff, 0x00, 0xff, 0xff, 0x00, 
  0xff, 0xff, 0x00, 0xff, 0xff, 0x00, 0xff, 0xff, 0x00, 0xff, 0xff, 0x00, 
  0xff, 0xff, 0x00, 0xff, 0xff, 0x00, 0xff, 0xff, 0x00, 0xff, 0xff, 0x00, 
  0xff, 0xff, 0x00, 0xff, 0xff, 0x00, 0xff, 0xff, 0x00, 0xff, 0xff, 0x00, 
  0xff, 0xff, 0x00, 0xff, 0xff, 0x00, 0xff, 0xff, 0x00, 0xff, 0xff, 0x00, 
  0xff, 0xff, 0x00, 0xff, 0xff, 0x00, 0xff, 0xff, 0x00, 0xff, 0xff, 0x00, 
  0xff, 0xff, 0x00, 0xff, 0xff, 0x00, 0xff, 0xff, 0x00, 0xff, 0xff, 0x00, 
  0xff, 0xff, 0x00, 0xff, 0xff, 0x00, 0xff, 0xff, 0x00, 0xff, 0xff, 0x00, 
  0xff, 0xff, 0x00, 0xff, 0xff, 0x00, 0xff, 0xff, 0x00, 0xff, 0xff, 0x00, 
  0xff, 0xff, 0x00, 0xff, 0xff, 0x00, 0xff, 0xff, 0x00, 0xff, 0xff, 0x00, 
  0xff, 0xff, 0x00, 0xff, 0xff, 0x00, 0x9e, 0xf7, 0x00, 0x76, 0xad, 0x00, 
  0x31, 0x84, 0xff, 0x92, 0x8c, 0xff, 0x93, 0x8c, 0xff, 0x72, 0x84, 0xff, 
  0x72, 0x84, 0xff, 0x72, 0x84, 0xff, 0x72, 0x84, 0xff, 0x72, 0x84, 0xff, 
  0x72, 0x84, 0xff, 0x72, 0x84, 0xff, 0x72, 0x84, 0xff, 0x72, 0x84, 0xff, 
  0x72, 0x84, 0xff, 0x72, 0x84, 0xff, 0x72, 0x84, 0xff, 0x72, 0x84, 0xff, 
  0x72, 0x84, 0xff, 0x72, 0x84, 0xff, 0x72, 0x84, 0xff, 0x72, 0x84, 0xff, 
  0x72, 0x84, 0xff, 0x73, 0x84, 0xff, 0x72, 0x84, 0xff, 0x72, 0x84, 0xff, 
  0x72, 0x84, 0xff, 0x72, 0x84, 0xff, 0x72, 0x84, 0xff, 0x52, 0x84, 0xff, 
  0x72, 0x84, 0xff, 0x72, 0x84, 0xff, 0x72, 0x84, 0xff, 0x52, 0x84, 0xff, 
  0x52, 0x84, 0xff, 0x72, 0x84, 0xff, 0x72, 0x84, 0xff, 0x72, 0x84, 0xff, 
  0x52, 0x84, 0xff, 0x72, 0x84, 0xff, 0x52, 0x84, 0xff, 0x52, 0x84, 0xff, 
  0x52, 0x84, 0xff, 0x52, 0x84, 0xff, 0x52, 0x84, 0xff, 0x52, 0x84, 0xff, 
  0x52, 0x84, 0xff, 0x52, 0x84, 0xff, 0x52, 0x84, 0xff, 0x52, 0x84, 0xff, 
  0x52, 0x84, 0xff, 0x52, 0x84, 0xff, 0x52, 0x84, 0xff, 0x52, 0x84, 0xff, 
  0x52, 0x84, 0xff, 0x31, 0x7c, 0xff, 0x32, 0x7c, 0xff, 0x52, 0x84, 0xff, 
  0x32, 0x7c, 0xff, 0x32, 0x7c, 0xff, 0x52, 0x7c, 0xff, 0x32, 0x7c, 0xff, 
  0x32, 0x7c, 0xff, 0x31, 0x7c, 0xff, 0x52, 0x84, 0xff, 0xd0, 0x73, 0xff, 
  0x76, 0xad, 0x00, 0x7d, 0xef, 0x00, 0xff, 0xff, 0x00, 0xff, 0xff, 0x00, 
  0xff, 0xff, 0x00, 0xff, 0xff, 0x00, 0xff, 0xff, 0x00, 0xff, 0xff, 0x00, 
  0xff, 0xff, 0x00, 0xff, 0xff, 0x00, 0xff, 0xff, 0x00, 0xff, 0xff, 0x00, 
  0xff, 0xff, 0x00, 0xff, 0xff, 0x00, 0xff, 0xff, 0x00, 0xff, 0xff, 0x00, 
  0xff, 0xff, 0x00, 0xff, 0xff, 0x00, 0xff, 0xff, 0x00, 0xff, 0xff, 0x00, 
  0xff, 0xff, 0x00, 0xff, 0xff, 0x00, 0xff, 0xff, 0x00, 0xff, 0xff, 0x00, 
  0xff, 0xff, 0x00, 0xff, 0xff, 0x00, 0xff, 0xff, 0x00, 0xff, 0xff, 0x00, 
  0xff, 0xff, 0x00, 0xff, 0xff, 0x00, 0xff, 0xff, 0x00, 0xff, 0xff, 0x00, 
  0xff, 0xff, 0x00, 0xff, 0xff, 0x00, 0xff, 0xff, 0x00, 0xff, 0xff, 0x00, 
  0xff, 0xff, 0x00, 0xff, 0xff, 0x00, 0xff, 0xff, 0x00, 0xff, 0xff, 0x00, 
  0xff, 0xff, 0x00, 0xff, 0xff, 0x00, 0xff, 0xff, 0x00, 0xff, 0xff, 0x00, 
  0xff, 0xff, 0x00, 0xff, 0xff, 0x00, 0xff, 0xff, 0x00, 0xff, 0xff, 0x00, 
  0xff, 0xff, 0x00, 0xff, 0xff, 0x00, 0xff, 0xff, 0x00, 0xff, 0xff, 0x00, 
  0xff, 0xff, 0x00, 0xff, 0xff, 0x00, 0xff, 0xff, 0x00, 0x7a, 0xce, 0x00, 
  0x52, 0x8c, 0xff, 0x92, 0x8c, 0xff, 0x52, 0x84, 0xff, 0x72, 0x84, 0xff, 
  0x72, 0x84, 0xff, 0x72, 0x84, 0xff, 0x72, 0x84, 0xff, 0x72, 0x84, 0xff, 
  0x72, 0x84, 0xff, 0x72, 0x84, 0xff, 0x72, 0x84, 0xff, 0x72, 0x84, 0xff, 
  0x72, 0x84, 0xff, 0x72, 0x84, 0xff, 0x72, 0x84, 0xff, 0x72, 0x84, 0xff, 
  0x72, 0x84, 0xff, 0x72, 0x84, 0xff, 0x72, 0x84, 0xff, 0x72, 0x84, 0xff, 
  0x72, 0x84, 0xff, 0x72, 0x84, 0xff, 0x72, 0x84, 0xff, 0x72, 0x84, 0xff, 
  0x72, 0x84, 0xff, 0x72, 0x84, 0xff, 0x72, 0x84, 0xff, 0x72, 0x84, 0xff, 
  0x72, 0x84, 0xff, 0x72, 0x84, 0xff, 0x72, 0x84, 0xff, 0x72, 0x84, 0xff, 
  0x72, 0x84, 0xff, 0x72, 0x84, 0xff, 0x72, 0x84, 0xff, 0x72, 0x84, 0xff, 
  0x52, 0x84, 0xff, 0x52, 0x84, 0xff, 0x52, 0x84, 0xff, 0x52, 0x84, 0xff, 
  0x52, 0x84, 0xff, 0x52, 0x84, 0xff, 0x52, 0x84, 0xff, 0x52, 0x7c, 0xff, 
  0x52, 0x84, 0xff, 0x52, 0x84, 0xff, 0x52, 0x84, 0xff, 0x52, 0x84, 0xff, 
  0x52, 0x84, 0xff, 0x52, 0x84, 0xff, 0x32, 0x84, 0xff, 0x31, 0x84, 0xff, 
  0x31, 0x84, 0xff, 0x31, 0x84, 0xff, 0x51, 0x7c, 0xff, 0x32, 0x7c, 0xff, 
  0x32, 0x7c, 0xff, 0x32, 0x7c, 0xff, 0x32, 0x7c, 0xff, 0x52, 0x7c, 0xff, 
  0x31, 0x7c, 0xff, 0x31, 0x7c, 0xff, 0x31, 0x7c, 0xff, 0x31, 0x7c, 0xff, 
  0x7a, 0xce, 0x00, 0xff, 0xff, 0x00, 0xff, 0xff, 0x00, 0xff, 0xff, 0x00, 
  0xff, 0xff, 0x00, 0xff, 0xff, 0x00, 0xff, 0xff, 0x00, 0xff, 0xff, 0x00, 
  0xff, 0xff, 0x00, 0xff, 0xff, 0x00, 0xff, 0xff, 0x00, 0xff, 0xff, 0x00, 
  0xff, 0xff, 0x00, 0xff, 0xff, 0x00, 0xff, 0xff, 0x00, 0xff, 0xff, 0x00, 
  0xff, 0xff, 0x00, 0xff, 0xff, 0x00, 0xff, 0xff, 0x00, 0xff, 0xff, 0x00, 
  0xff, 0xff, 0x00, 0xff, 0xff, 0x00, 0xff, 0xff, 0x00, 0xff, 0xff, 0x00, 
  0xff, 0xff, 0x00, 0xff, 0xff, 0x00, 0xff, 0xff, 0x00, 0xff, 0xff, 0x00, 
  0xff, 0xff, 0x00, 0xff, 0xff, 0x00, 0xff, 0xff, 0x00, 0xff, 0xff, 0x00, 
  0xff, 0xff, 0x00, 0xff, 0xff, 0x00, 0xff, 0xff, 0x00, 0xff, 0xff, 0x00, 
  0xff, 0xff, 0x00, 0xff, 0xff, 0x00, 0xff, 0xff, 0x00, 0xff, 0xff, 0x00, 
  0xff, 0xff, 0x00, 0xff, 0xff, 0x00, 0xff, 0xff, 0x00, 0xff, 0xff, 0x00, 
  0xff, 0xff, 0x00, 0xff, 0xff, 0x00, 0xff, 0xff, 0x00, 0xff, 0xff, 0x00, 
  0xff, 0xff, 0x00, 0xff, 0xff, 0x00, 0xff, 0xff, 0x00, 0xff, 0xff, 0x00, 
  0xff, 0xff, 0x00, 0xdf, 0xff, 0x00, 0xff, 0xff, 0x00, 0x1c, 0xdf, 0x00, 
  0x14, 0x9d, 0x00, 0x72, 0x84, 0xff, 0x52, 0x84, 0xff, 0x93, 0x84, 0xff, 
  0x72, 0x84, 0xff, 0x72, 0x84, 0xff, 0x72, 0x84, 0xff, 0x72, 0x84, 0xff, 
  0x72, 0x84, 0xff, 0x72, 0x84, 0xff, 0x72, 0x84, 0xff, 0x72, 0x84, 0xff, 
  0x72, 0x84, 0xff, 0x72, 0x84, 0xff, 0x72, 0x84, 0xff, 0x72, 0x84, 0xff, 
  0x72, 0x84, 0xff, 0x72, 0x84, 0xff, 0x72, 0x84, 0xff, 0x72, 0x84, 0xff, 
  0x72, 0x84, 0xff, 0x72, 0x84, 0xff, 0x72, 0x84, 0xff, 0x72, 0x84, 0xff, 
  0x72, 0x84, 0xff, 0x72, 0x84, 0xff, 0x72, 0x84, 0xff, 0x72, 0x84, 0xff, 
  0x72, 0x84, 0xff, 0x72, 0x84, 0xff, 0x72, 0x84, 0xff, 0x72, 0x84, 0xff, 
  0x72, 0x84, 0xff, 0x72, 0x84, 0xff, 0x72, 0x84, 0xff, 0x72, 0x84, 0xff, 
  0x52, 0x84, 0xff, 0x52, 0x84, 0xff, 0x52, 0x84, 0xff, 0x52, 0x84, 0xff, 
  0x52, 0x84, 0xff, 0x52, 0x84, 0xff, 0x52, 0x7c, 0xff, 0x52, 0x7c, 0xff, 
  0x52, 0x84, 0xff, 0x52, 0x84, 0xff, 0x52, 0x84, 0xff, 0x52, 0x84, 0xff, 
  0x52, 0x84, 0xff, 0x52, 0x7c, 0xff, 0x32, 0x84, 0xff, 0x32, 0x84, 0xff, 
  0x31, 0x84, 0xff, 0x31, 0x84, 0xff, 0x31, 0x7c, 0xff, 0x32, 0x7c, 0xff, 
  0x32, 0x7c, 0xff, 0x32, 0x7c, 0xff, 0x32, 0x7c, 0xff, 0x32, 0x7c, 0xff, 
  0x52, 0x7c, 0xff, 0x31, 0x7c, 0xff, 0x31, 0x7c, 0xff, 0xf4, 0x94, 0x00, 
  0xfc, 0xde, 0x00, 0xff, 0xff, 0x00, 0xff, 0xff, 0x00, 0xff, 0xff, 0x00, 
  0xff, 0xff, 0x00, 0xff, 0xff, 0x00, 0xff, 0xff, 0x00, 0xff, 0xff, 0x00, 
  0xff, 0xff, 0x00, 0xff, 0xff, 0x00, 0xff, 0xff, 0x00, 0xff, 0xff, 0x00, 
  0xff, 0xff, 0x00, 0xff, 0xff, 0x00, 0xff, 0xff, 0x00, 0xff, 0xff, 0x00, 
  0xff, 0xff, 0x00, 0xff, 0xff, 0x00, 0xff, 0xff, 0x00, 0xff, 0xff, 0x00, 
  0xff, 0xff, 0x00, 0xff, 0xff, 0x00, 0xff, 0xff, 0x00, 0xff, 0xff, 0x00, 
  0xff, 0xff, 0x00, 0xff, 0xff, 0x00, 0xff, 0xff, 0x00, 0xff, 0xff, 0x00, 
  0xff, 0xff, 0x00, 0xff, 0xff, 0x00, 0xff, 0xff, 0x00, 0xff, 0xff, 0x00, 
  0xff, 0xff, 0x00, 0xff, 0xff, 0x00, 0xff, 0xff, 0x00, 0xff, 0xff, 0x00, 
  0xff, 0xff, 0x00, 0xff, 0xff, 0x00, 0xff, 0xff, 0x00, 0xff, 0xff, 0x00, 
  0xff, 0xff, 0x00, 0xff, 0xff, 0x00, 0xff, 0xff, 0x00, 0xff, 0xff, 0x00, 
  0xff, 0xff, 0x00, 0xff, 0xff, 0x00, 0xff, 0xff, 0x00, 0xff, 0xff, 0x00, 
  0xff, 0xff, 0x00, 0xff, 0xff, 0x00, 0xff, 0xff, 0x00, 0xff, 0xff, 0x00, 
  0xff, 0xff, 0x00, 0xff, 0xff, 0x00, 0xff, 0xff, 0x00, 0xbe, 0xf7, 0x00, 
  0xd7, 0xb5, 0x00, 0x52, 0x84, 0xff, 0x52, 0x84, 0xff, 0x93, 0x84, 0xff, 
  0x72, 0x84, 0xff, 0x72, 0x84, 0xff, 0x72, 0x84, 0xff, 0x72, 0x84, 0xff, 
  0x72, 0x84, 0xff, 0x72, 0x84, 0xff, 0x72, 0x84, 0xff, 0x72, 0x84, 0xff, 
  0x72, 0x84, 0xff, 0x72, 0x84, 0xff, 0x72, 0x84, 0xff, 0x72, 0x84, 0xff, 
  0x72, 0x84, 0xff, 0x72, 0x84, 0xff, 0x72, 0x84, 0xff, 0x72, 0x84, 0xff, 
  0x72, 0x84, 0xff, 0x72, 0x84, 0xff, 0x72, 0x84, 0xff, 0x72, 0x84, 0xff, 
  0x72, 0x84, 0xff, 0x72, 0x84, 0xff, 0x72, 0x84, 0xff, 0x72, 0x84, 0xff, 
  0x72, 0x84, 0xff, 0x72, 0x84, 0xff, 0x72, 0x84, 0xff, 0x72, 0x84, 0xff, 
  0x52, 0x84, 0xff, 0x52, 0x84, 0xff, 0x52, 0x84, 0xff, 0x52, 0x84, 0xff, 
  0x52, 0x84, 0xff, 0x52, 0x84, 0xff, 0x52, 0x84, 0xff, 0x52, 0x84, 0xff, 
  0x52, 0x84, 0xff, 0x52, 0x84, 0xff, 0x52, 0x84, 0xff, 0x52, 0x7c, 0xff, 
  0x52, 0x84, 0xff, 0x52, 0x84, 0xff, 0x52, 0x84, 0xff, 0x52, 0x84, 0xff, 
  0x52, 0x7c, 0xff, 0x52, 0x7c, 0xff, 0x52, 0x7c, 0xff, 0x52, 0x7c, 0xff, 
  0x31, 0x7c, 0xff, 0x31, 0x7c, 0xff, 0x32, 0x7c, 0xff, 0x32, 0x7c, 0xff, 
  0x32, 0x7c, 0xff, 0x32, 0x7c, 0xff, 0x32, 0x7c, 0xff, 0x32, 0x7c, 0xff, 
  0x52, 0x7c, 0xff, 0x11, 0x7c, 0xff, 0x11, 0x7c, 0xff, 0xd7, 0xb5, 0x00, 
  0x9e, 0xef, 0x00, 0xff, 0xff, 0x00, 0xff, 0xff, 0x00, 0xff, 0xff, 0x00, 
  0xff, 0xff, 0x00, 0xff, 0xff, 0x00, 0xff, 0xff, 0x00, 0xff, 0xff, 0x00, 
  0xff, 0xff, 0x00, 0xff, 0xff, 0x00, 0xff, 0xff, 0x00, 0xff, 0xff, 0x00, 
  0xff, 0xff, 0x00, 0xff, 0xff, 0x00, 0xff, 0xff, 0x00, 0xff, 0xff, 0x00, 
  0xff, 0xff, 0x00, 0xff, 0xff, 0x00, 0xff, 0xff, 0x00, 0xff, 0xff, 0x00, 
  0xff, 0xff, 0x00, 0xff, 0xff, 0x00, 0xff, 0xff, 0x00, 0xff, 0xff, 0x00, 
  0xff, 0xff, 0x00, 0xff, 0xff, 0x00, 0xff, 0xff, 0x00, 0xff, 0xff, 0x00, 
  0xff, 0xff, 0x00, 0xff, 0xff, 0x00, 0xff, 0xff, 0x00, 0xff, 0xff, 0x00, 
  0xff, 0xff, 0x00, 0xff, 0xff, 0x00, 0xff, 0xff, 0x00, 0xff, 0xff, 0x00, 
  0xff, 0xff, 0x00, 0xff, 0xff, 0x00, 0xff, 0xff, 0x00, 0xff, 0xff, 0x00, 
  0xff, 0xff, 0x00, 0xff, 0xff, 0x00, 0xff, 0xff, 0x00, 0xff, 0xff, 0x00, 
  0xff, 0xff, 0x00, 0xff, 0xff, 0x00, 0xff, 0xff, 0x00, 0xff, 0xff, 0x00, 
  0xff, 0xff, 0x00, 0xff, 0xff, 0x00, 0xff, 0xff, 0x00, 0xff, 0xff, 0x00, 
  0xff, 0xff, 0x00, 0xff, 0xff, 0x00, 0xff, 0xff, 0x00, 0xdf, 0xff, 0x00, 
  0x5a, 0xce, 0x00, 0x51, 0x84, 0xff, 0x72, 0x84, 0xff, 0x72, 0x84, 0xff, 
  0x72, 0x84, 0xff, 0x72, 0x84, 0xff, 0x72, 0x84, 0xff, 0x72, 0x84, 0xff, 
  0x72, 0x84, 0xff, 0x72, 0x84, 0xff, 0x72, 0x84, 0xff, 0x72, 0x84, 0xff, 
  0x72, 0x84, 0xff, 0x72, 0x84, 0xff, 0x72, 0x84, 0xff, 0x72, 0x84, 0xff, 
  0x72, 0x84, 0xff, 0x72, 0x84, 0xff, 0x72, 0x84, 0xff, 0x72, 0x84, 0xff, 
  0x72, 0x84, 0xff, 0x72, 0x84, 0xff, 0x72, 0x84, 0xff, 0x72, 0x84, 0xff, 
  0x72, 0x84, 0xff, 0x72, 0x84, 0xff, 0x72, 0x84, 0xff, 0x72, 0x84, 0xff, 
  0x72, 0x84, 0xff, 0x72, 0x84, 0xff, 0x72, 0x84, 0xff, 0x52, 0x84, 0xff, 
  0x52, 0x84, 0xff, 0x52, 0x84, 0xff, 0x52, 0x84, 0xff, 0x52, 0x84, 0xff, 
  0x52, 0x84, 0xff, 0x52, 0x84, 0xff, 0x52, 0x84, 0xff, 0x52, 0x84, 0xff, 
  0x52, 0x84, 0xff, 0x52, 0x84, 0xff, 0x52, 0x84, 0xff, 0x52, 0x7c, 0xff, 
  0x52, 0x84, 0xff, 0x52, 0x84, 0xff, 0x52, 0x84, 0xff, 0x52, 0x84, 0xff, 
  0x52, 0x7c, 0xff, 0x52, 0x7c, 0xff, 0x52, 0x7c, 0xff, 0x52, 0x7c, 0xff, 
  0x31, 0x7c, 0xff, 0x31, 0x7c, 0xff, 0x32, 0x7c, 0xff, 0x32, 0x7c, 0xff, 
  0x32, 0x7c, 0xff, 0x32, 0x7c, 0xff, 0x32, 0x7c, 0xff, 0x32, 0x7c, 0xff, 
  0x32, 0x7c, 0xff, 0x31, 0x7c, 0xff, 0xf0, 0x7b, 0xff, 0x59, 0xc6, 0x00, 
  0xdf, 0xf7, 0x00, 0xff, 0xff, 0x00, 0xff, 0xff, 0x00, 0xff, 0xff, 0x00, 
  0xff, 0xff, 0x00, 0xff, 0xff, 0x00, 0xff, 0xff, 0x00, 0xff, 0xff, 0x00, 
  0xff, 0xff, 0x00, 0xff, 0xff, 0x00, 0xff, 0xff, 0x00, 0xff, 0xff, 0x00, 
  0xff, 0xff, 0x00, 0xff, 0xff, 0x00, 0xff, 0xff, 0x00, 0xff, 0xff, 0x00, 
  0xff, 0xff, 0x00, 0xff, 0xff, 0x00, 0xff, 0xff, 0x00, 0xff, 0xff, 0x00, 
  0xff, 0xff, 0x00, 0xff, 0xff, 0x00, 0xff, 0xff, 0x00, 0xff, 0xff, 0x00, 
  0xff, 0xff, 0x00, 0xff, 0xff, 0x00, 0xff, 0xff, 0x00, 0xff, 0xff, 0x00, 
  0xff, 0xff, 0x00, 0xff, 0xff, 0x00, 0xff, 0xff, 0x00, 0xff, 0xff, 0x00, 
  0xff, 0xff, 0x00, 0xff, 0xff, 0x00, 0xff, 0xff, 0x00, 0xff, 0xff, 0x00, 
  0xff, 0xff, 0x00, 0xff, 0xff, 0x00, 0xff, 0xff, 0x00, 0xff, 0xff, 0x00, 
  0xff, 0xff, 0x00, 0xff, 0xff, 0x00, 0xff, 0xff, 0x00, 0xff, 0xff, 0x00, 
  0xff, 0xff, 0x00, 0xff, 0xff, 0x00, 0xff, 0xff, 0x00, 0xff, 0xff, 0x00, 
  0xff, 0xff, 0x00, 0xff, 0xff, 0x00, 0xff, 0xff, 0x00, 0xff, 0xff, 0x00, 
  0xff, 0xff, 0x00, 0xff, 0xff, 0x00, 0xff, 0xff, 0x00, 0xff, 0xff, 0x00, 
  0xbb, 0xd6, 0x00, 0x31, 0x84, 0xff, 0x72, 0x84, 0xff, 0x72, 0x84, 0xff, 
  0x72, 0x84, 0xff, 0x72, 0x84, 0xff, 0x72, 0x84, 0xff, 0x72, 0x84, 0xff, 
  0x72, 0x84, 0xff, 0x72, 0x84, 0xff, 0x72, 0x84, 0xff, 0x72, 0x84, 0xff, 
  0x72, 0x84, 0xff, 0x72, 0x84, 0xff, 0x72, 0x84, 0xff, 0x72, 0x84, 0xff, 
  0x72, 0x84, 0xff, 0x72, 0x84, 0xff, 0x72, 0x84, 0xff, 0x72, 0x84, 0xff, 
  0x72, 0x84, 0xff, 0x72, 0x84, 0xff, 0x72, 0x84, 0xff, 0x72, 0x84, 0xff, 
  0x72, 0x84, 0xff, 0x72, 0x84, 0xff, 0x72, 0x84, 0xff, 0x72, 0x84, 0xff, 
  0x72, 0x84, 0xff, 0x72, 0x84, 0xff, 0x72, 0x84, 0xff, 0x72, 0x84, 0xff, 
  0x72, 0x84, 0xff, 0x52, 0x84, 0xff, 0x52, 0x84, 0xff, 0x52, 0x84, 0xff, 
  0x52, 0x84, 0xff, 0x52, 0x84, 0xff, 0x52, 0x84, 0xff, 0x52, 0x84, 0xff, 
  0x52, 0x84, 0xff, 0x52, 0x84, 0xff, 0x52, 0x84, 0xff, 0x52, 0x84, 0xff, 
  0x52, 0x84, 0xff, 0x52, 0x84, 0xff, 0x52, 0x84, 0xff, 0x52, 0x84, 0xff, 
  0x52, 0x7c, 0xff, 0x52, 0x7c, 0xff, 0x52, 0x7c, 0xff, 0x52, 0x7c, 0xff, 
  0x31, 0x7c, 0xff, 0x31, 0x7c, 0xff, 0x32, 0x7c, 0xff, 0x32, 0x7c, 0xff, 
  0x31, 0x7c, 0xff, 0x31, 0x7c, 0xff, 0x31, 0x7c, 0xff, 0x31, 0x7c, 0xff, 
  0x31, 0x7c, 0xff, 0x31, 0x7c, 0xff, 0xf0, 0x73, 0xff, 0xbb, 0xd6, 0x00, 
  0xff, 0xff, 0x00, 0xff, 0xff, 0x00, 0xff, 0xff, 0x00, 0xff, 0xff, 0x00, 
  0xff, 0xff, 0x00, 0xff, 0xff, 0x00, 0xff, 0xff, 0x00, 0xff, 0xff, 0x00, 
  0xff, 0xff, 0x00, 0xff, 0xff, 0x00, 0xff, 0xff, 0x00, 0xff, 0xff, 0x00, 
  0xff, 0xff, 0x00, 0xff, 0xff, 0x00, 0xff, 0xff, 0x00, 0xff, 0xff, 0x00, 
  0xff, 0xff, 0x00, 0xff, 0xff, 0x00, 0xff, 0xff, 0x00, 0xff, 0xff, 0x00, 
  0xff, 0xff, 0x00, 0xff, 0xff, 0x00, 0xff, 0xff, 0x00, 0xff, 0xff, 0x00, 
  0xff, 0xff, 0x00, 0xff, 0xff, 0x00, 0xff, 0xff, 0x00, 0xff, 0xff, 0x00, 
  0xff, 0xff, 0x00, 0xff, 0xff, 0x00, 0xff, 0xff, 0x00, 0xff, 0xff, 0x00, 
  0xff, 0xff, 0x00, 0xff, 0xff, 0x00, 0xff, 0xff, 0x00, 0xff, 0xff, 0x00, 
  0xff, 0xff, 0x00, 0xff, 0xff, 0x00, 0xff, 0xff, 0x00, 0xff, 0xff, 0x00, 
  0xff, 0xff, 0x00, 0xff, 0xff, 0x00, 0xff, 0xff, 0x00, 0xff, 0xff, 0x00, 
  0xff, 0xff, 0x00, 0xff, 0xff, 0x00, 0xff, 0xff, 0x00, 0xff, 0xff, 0x00, 
  0xff, 0xff, 0x00, 0xff, 0xff, 0x00, 0xff, 0xff, 0x00, 0xff, 0xff, 0x00, 
  0xff, 0xff, 0x00, 0xff, 0xff, 0x00, 0xdf, 0xff, 0x00, 0xff, 0xff, 0x00, 
  0xfc, 0xde, 0x00, 0x31, 0x84, 0x00, 0x52, 0x84, 0xff, 0x73, 0x84, 0xff, 
  0x72, 0x84, 0xff, 0x72, 0x84, 0xff, 0x72, 0x84, 0xff, 0x72, 0x84, 0xff, 
  0x72, 0x84, 0xff, 0x72, 0x84, 0xff, 0x72, 0x84, 0xff, 0x72, 0x84, 0xff, 
  0x72, 0x84, 0xff, 0x72, 0x84, 0xff, 0x72, 0x84, 0xff, 0x72, 0x84, 0xff, 
  0x72, 0x84, 0xff, 0x72, 0x84, 0xff, 0x72, 0x84, 0xff, 0x72, 0x84, 0xff, 
  0x72, 0x84, 0xff, 0x72, 0x84, 0xff, 0x72, 0x84, 0xff, 0x72, 0x84, 0xff, 
  0x72, 0x84, 0xff, 0x72, 0x84, 0xff, 0x72, 0x84, 0xff, 0x72, 0x84, 0xff, 
  0x72, 0x84, 0xff, 0x72, 0x84, 0xff, 0x72, 0x84, 0xff, 0x52, 0x84, 0xff, 
  0x52, 0x84, 0xff, 0x52, 0x84, 0xff, 0x52, 0x84, 0xff, 0x52, 0x84, 0xff, 
  0x52, 0x84, 0xff, 0x52, 0x84, 0xff, 0x52, 0x84, 0xff, 0x52, 0x84, 0xff, 
  0x52, 0x84, 0xff, 0x52, 0x84, 0xff, 0x52, 0x84, 0xff, 0x52, 0x84, 0xff, 
  0x52, 0x84, 0xff, 0x52, 0x84, 0xff, 0x52, 0x7c, 0xff, 0x52, 0x7c, 0xff, 
  0x52, 0x7c, 0xff, 0x52, 0x7c, 0xff, 0x52, 0x7c, 0xff, 0x32, 0x7c, 0xff, 
  0x32, 0x7c, 0xff, 0x31, 0x7c, 0xff, 0x32, 0x7c, 0xff, 0x31, 0x7c, 0xff, 
  0x31, 0x7c, 0xff, 0x31, 0x7c, 0xff, 0x31, 0x7c, 0xff, 0x31, 0x7c, 0xff, 
  0x31, 0x7c, 0xff, 0x11, 0x7c, 0xff, 0xf0, 0x7b, 0x00, 0xfc, 0xde, 0x00, 
  0xff, 0xff, 0x00, 0xdf, 0xff, 0x00, 0xff, 0xff, 0x00, 0xff, 0xff, 0x00, 
  0xff, 0xff, 0x00, 0xff, 0xff, 0x00, 0xff, 0xff, 0x00, 0xff, 0xff, 0x00, 
  0xff, 0xff, 0x00, 0xff, 0xff, 0x00, 0xff, 0xff, 0x00, 0xff, 0xff, 0x00, 
  0xff, 0xff, 0x00, 0xff, 0xff, 0x00, 0xff, 0xff, 0x00, 0xff, 0xff, 0x00, 
  0xff, 0xff, 0x00, 0xff, 0xff, 0x00, 0xff, 0xff, 0x00, 0xff, 0xff, 0x00, 
  0xff, 0xff, 0x00, 0xff, 0xff, 0x00, 0xff, 0xff, 0x00, 0xff, 0xff, 0x00, 
  0xff, 0xff, 0x00, 0xff, 0xff, 0x00, 0xff, 0xff, 0x00, 0xff, 0xff, 0x00, 
  0xff, 0xff, 0x00, 0xff, 0xff, 0x00, 0xff, 0xff, 0x00, 0xff, 0xff, 0x00, 
  0xff, 0xff, 0x00, 0xff, 0xff, 0x00, 0xff, 0xff, 0x00, 0xff, 0xff, 0x00, 
  0xff, 0xff, 0x00, 0xff, 0xff, 0x00, 0xff, 0xff, 0x00, 0xff, 0xff, 0x00, 
  0xff, 0xff, 0x00, 0xff, 0xff, 0x00, 0xff, 0xff, 0x00, 0xff, 0xff, 0x00, 
  0xff, 0xff, 0x00, 0xff, 0xff, 0x00, 0xff, 0xff, 0x00, 0xff, 0xff, 0x00, 
  0xff, 0xff, 0x00, 0xff, 0xff, 0x00, 0xff, 0xff, 0x00, 0xff, 0xff, 0x00, 
  0xff, 0xff, 0x00, 0xff, 0xff, 0x00, 0xdf, 0xff, 0x00, 0xff, 0xff, 0x00, 
  0x1c, 0xdf, 0x00, 0x51, 0x84, 0x00, 0x52, 0x84, 0xff, 0x93, 0x84, 0xff, 
  0x72, 0x84, 0xff, 0x72, 0x84, 0xff, 0x72, 0x84, 0xff, 0x72, 0x84, 0xff, 
  0x72, 0x84, 0xff, 0x72, 0x84, 0xff, 0x72, 0x84, 0xff, 0x72, 0x84, 0xff, 
  0x72, 0x84, 0xff, 0x72, 0x84, 0xff, 0x72, 0x84, 0xff, 0x72, 0x84, 0xff, 
  0x72, 0x84, 0xff, 0x72, 0x84, 0xff, 0x72, 0x84, 0xff, 0x72, 0x84, 0xff, 
  0x72, 0x84, 0xff, 0x72, 0x84, 0xff, 0x72, 0x84, 0xff, 0x72, 0x84, 0xff, 
  0x72, 0x84, 0xff, 0x72, 0x84, 0xff, 0x72, 0x84, 0xff, 0x72, 0x84, 0xff, 
  0x72, 0x84, 0xff, 0x72, 0x84, 0xff, 0x72, 0x84, 0xff, 0x52, 0x84, 0xff, 
  0x52, 0x84, 0xff, 0x52, 0x84, 0xff, 0x52, 0x84, 0xff, 0x52, 0x84, 0xff, 
  0x52, 0x84, 0xff, 0x52, 0x84, 0xff, 0x52, 0x84, 0xff, 0x52, 0x84, 0xff, 
  0x52, 0x84, 0xff, 0x52, 0x84, 0xff, 0x52, 0x84, 0xff, 0x51, 0x7c, 0xff, 
  0x52, 0x7c, 0xff, 0x52, 0x7c, 0xff, 0x52, 0x7c, 0xff, 0x52, 0x7c, 0xff, 
  0x32, 0x7c, 0xff, 0x32, 0x7c, 0xff, 0x32, 0x7c, 0xff, 0x32, 0x7c, 0xff, 
  0x32, 0x7c, 0xff, 0x32, 0x7c, 0xff, 0x31, 0x7c, 0xff, 0x31, 0x7c, 0xff, 
  0x31, 0x7c, 0xff, 0x31, 0x7c, 0xff, 0x31, 0x7c, 0xff, 0x31, 0x7c, 0xff, 
  0x31, 0x7c, 0xff, 0x10, 0x7c, 0xff, 0xf0, 0x7b, 0x00, 0xfc, 0xde, 0x00, 
  0xff, 0xff, 0x00, 0xdf, 0xff, 0x00, 0xff, 0xff, 0x00, 0xff, 0xff, 0x00, 
  0xff, 0xff, 0x00, 0xff, 0xff, 0x00, 0xff, 0xff, 0x00, 0xff, 0xff, 0x00, 
  0xff, 0xff, 0x00, 0xff, 0xff, 0x00, 0xff, 0xff, 0x00, 0xff, 0xff, 0x00, 
  0xff, 0xff, 0x00, 0xff, 0xff, 0x00, 0xff, 0xff, 0x00, 0xff, 0xff, 0x00, 
  0xff, 0xff, 0x00, 0xff, 0xff, 0x00, 0xff, 0xff, 0x00, 0xff, 0xff, 0x00, 
  0xff, 0xff, 0x00, 0xff, 0xff, 0x00, 0xff, 0xff, 0x00, 0xff, 0xff, 0x00, 
  0xff, 0xff, 0x00, 0xff, 0xff, 0x00, 0xff, 0xff, 0x00, 0xff, 0xff, 0x00, 
  0xff, 0xff, 0x00, 0xff, 0xff, 0x00, 0xff, 0xff, 0x00, 0xff, 0xff, 0x00, 
  0xff, 0xff, 0x00, 0xff, 0xff, 0x00, 0xff, 0xff, 0x00, 0xff, 0xff, 0x00, 
  0xff, 0xff, 0x00, 0xff, 0xff, 0x00, 0xff, 0xff, 0x00, 0xff, 0xff, 0x00, 
  0xff, 0xff, 0x00, 0xff, 0xff, 0x00, 0xff, 0xff, 0x00, 0xff, 0xff, 0x00, 
  0xff, 0xff, 0x00, 0xff, 0xff, 0x00, 0xff, 0xff, 0x00, 0xff, 0xff, 0x00, 
  0xff, 0xff, 0x00, 0xff, 0xff, 0x00, 0xff, 0xff, 0x00, 0xff, 0xff, 0x00, 
  0xff, 0xff, 0x00, 0xff, 0xff, 0x00, 0xff, 0xff, 0x00, 0xff, 0xff, 0x00, 
  0xfc, 0xde, 0x00, 0x51, 0x84, 0x00, 0x52, 0x84, 0xff, 0x73, 0x84, 0xff, 
  0x72, 0x84, 0xff, 0x72, 0x84, 0xff, 0x72, 0x84, 0xff, 0x72, 0x84, 0xff, 
  0x72, 0x84, 0xff, 0x72, 0x84, 0xff, 0x72, 0x84, 0xff, 0x72, 0x84, 0xff, 
  0x72, 0x84, 0xff, 0x72, 0x84, 0xff, 0x72, 0x84, 0xff, 0x72, 0x84, 0xff, 
  0x72, 0x84, 0xff, 0x72, 0x84, 0xff, 0x72, 0x84, 0xff, 0x72, 0x84, 0xff, 
  0x72, 0x84, 0xff, 0x72, 0x84, 0xff, 0x72, 0x84, 0xff, 0x72, 0x84, 0xff, 
  0x72, 0x84, 0xff, 0x72, 0x84, 0xff, 0x72, 0x84, 0xff, 0x72, 0x84, 0xff, 
  0x72, 0x84, 0xff, 0x72, 0x84, 0xff, 0x72, 0x84, 0xff, 0x72, 0x84, 0xff, 
  0x72, 0x84, 0xff, 0x72, 0x84, 0xff, 0x72, 0x84, 0xff, 0x72, 0x84, 0xff, 
  0x72, 0x84, 0xff, 0x52, 0x84, 0xff, 0x52, 0x84, 0xff, 0x52, 0x84, 0xff, 
  0x52, 0x84, 0xff, 0x52, 0x84, 0xff, 0x52, 0x7c, 0xff, 0x52, 0x7c, 0xff, 
  0x52, 0x7c, 0xff, 0x52, 0x7c, 0xff, 0x52, 0x7c, 0xff, 0x32, 0x7c, 0xff, 
  0x32, 0x7c, 0xff, 0x32, 0x7c, 0xff, 0x32, 0x7c, 0xff, 0x32, 0x7c, 0xff, 
  0x31, 0x7c, 0xff, 0x31, 0x7c, 0xff, 0x31, 0x7c, 0xff, 0x31, 0x7c, 0xff, 
  0x31, 0x7c, 0xff, 0x31, 0x7c, 0xff, 0x31, 0x7c, 0xff, 0x31, 0x7c, 0xff, 
  0x31, 0x7c, 0xff, 0x10, 0x7c, 0xff, 0xf0, 0x7b, 0x00, 0xdc, 0xde, 0x00, 
  0xff, 0xff, 0x00, 0xff, 0xff, 0x00, 0xff, 0xff, 0x00, 0xff, 0xff, 0x00, 
  0xff, 0xff, 0x00, 0xff, 0xff, 0x00, 0xff, 0xff, 0x00, 0xff, 0xff, 0x00, 
  0xff, 0xff, 0x00, 0xff, 0xff, 0x00, 0xff, 0xff, 0x00, 0xff, 0xff, 0x00, 
  0xff, 0xff, 0x00, 0xff, 0xff, 0x00, 0xff, 0xff, 0x00, 0xff, 0xff, 0x00, 
  0xff, 0xff, 0x00, 0xff, 0xff, 0x00, 0xff, 0xff, 0x00, 0xff, 0xff, 0x00, 
  0xff, 0xff, 0x00, 0xff, 0xff, 0x00, 0xff, 0xff, 0x00, 0xff, 0xff, 0x00, 
  0xff, 0xff, 0x00, 0xff, 0xff, 0x00, 0xff, 0xff, 0x00, 0xff, 0xff, 0x00, 
  0xff, 0xff, 0x00, 0xff, 0xff, 0x00, 0xff, 0xff, 0x00, 0xff, 0xff, 0x00, 
  0xff, 0xff, 0x00, 0xff, 0xff, 0x00, 0xff, 0xff, 0x00, 0xff, 0xff, 0x00, 
  0xff, 0xff, 0x00, 0xff, 0xff, 0x00, 0xff, 0xff, 0x00, 0xff, 0xff, 0x00, 
  0xff, 0xff, 0x00, 0xff, 0xff, 0x00, 0xff, 0xff, 0x00, 0xff, 0xff, 0x00, 
  0xff, 0xff, 0x00, 0xff, 0xff, 0x00, 0xff, 0xff, 0x00, 0xff, 0xff, 0x00, 
  0xff, 0xff, 0x00, 0xff, 0xff, 0x00, 0xff, 0xff, 0x00, 0xff, 0xff, 0x00, 
  0xff, 0xff, 0x00, 0xff, 0xff, 0x00, 0xff, 0xff, 0x00, 0xff, 0xff, 0x00, 
  0xdb, 0xd6, 0x00, 0x31, 0x7c, 0x00, 0x72, 0x84, 0xff, 0x72, 0x84, 0xff, 
  0x72, 0x84, 0xff, 0x72, 0x84, 0xff, 0x72, 0x84, 0xff, 0x72, 0x84, 0xff, 
  0x72, 0x84, 0xff, 0x72, 0x84, 0xff, 0x72, 0x84, 0xff, 0x72, 0x84, 0xff, 
  0x72, 0x84, 0xff, 0x72, 0x84, 0xff, 0x72, 0x84, 0xff, 0x72, 0x84, 0xff, 
  0x72, 0x84, 0xff, 0x72, 0x84, 0xff, 0x72, 0x84, 0xff, 0x72, 0x84, 0xff, 
  0x72, 0x84, 0xff, 0x72, 0x84, 0xff, 0x72, 0x84, 0xff, 0x72, 0x84, 0xff, 
  0x52, 0x84, 0xff, 0x52, 0x84, 0xff, 0x32, 0x84, 0xff, 0x31, 0x84, 0xff, 
  0x11, 0x7c, 0xff, 0x11, 0x7c, 0xff, 0x11, 0x7c, 0xff, 0x10, 0x7c, 0xff, 
  0x10, 0x7c, 0xff, 0x11, 0x7c, 0xff, 0x11, 0x7c, 0xff, 0x11, 0x7c, 0xff, 
  0x11, 0x7c, 0xff, 0x31, 0x7c, 0xff, 0x31, 0x7c, 0xff, 0x52, 0x84, 0xff, 
  0x52, 0x84, 0xff, 0x52, 0x84, 0xff, 0x52, 0x7c, 0xff, 0x52, 0x7c, 0xff, 
  0x32, 0x7c, 0xff, 0x52, 0x7c, 0xff, 0x52, 0x7c, 0xff, 0x31, 0x7c, 0xff, 
  0x32, 0x7c, 0xff, 0x32, 0x7c, 0xff, 0x52, 0x7c, 0xff, 0x31, 0x7c, 0xff, 
  0x31, 0x7c, 0xff, 0x31, 0x7c, 0xff, 0x31, 0x7c, 0xff, 0x31, 0x7c, 0xff, 
  0x31, 0x7c, 0xff, 0x31, 0x7c, 0xff, 0x31, 0x7c, 0xff, 0x31, 0x7c, 0xff, 
  0x32, 0x7c, 0xff, 0x11, 0x7c, 0xff, 0xf0, 0x73, 0xff, 0xbb, 0xd6, 0x00, 
  0xff, 0xff, 0x00, 0xdf, 0xff, 0x00, 0xff, 0xff, 0x00, 0xff, 0xff, 0x00, 
  0xff, 0xff, 0x00, 0xff, 0xff, 0x00, 0xff, 0xff, 0x00, 0xff, 0xff, 0x00, 
  0xff, 0xff, 0x00, 0xff, 0xff, 0x00, 0xff, 0xff, 0x00, 0xff, 0xff, 0x00, 
  0xff, 0xff, 0x00, 0xff, 0xff, 0x00, 0xff, 0xff, 0x00, 0xff, 0xff, 0x00, 
  0xff, 0xff, 0x00, 0xff, 0xff, 0x00, 0xff, 0xff, 0x00, 0xff, 0xff, 0x00, 
  0xff, 0xff, 0x00, 0xff, 0xff, 0x00, 0xff, 0xff, 0x00, 0xff, 0xff, 0x00, 
  0xff, 0xff, 0x00, 0xff, 0xff, 0x00, 0xff, 0xff, 0x00, 0xff, 0xff, 0x00, 
  0xff, 0xff, 0x00, 0xff, 0xff, 0x00, 0xff, 0xff, 0x00, 0xff, 0xff, 0x00, 
  0xff, 0xff, 0x00, 0xff, 0xff, 0x00, 0xff, 0xff, 0x00, 0xff, 0xff, 0x00, 
  0xff, 0xff, 0x00, 0xff, 0xff, 0x00, 0xff, 0xff, 0x00, 0xff, 0xff, 0x00, 
  0xff, 0xff, 0x00, 0xff, 0xff, 0x00, 0xff, 0xff, 0x00, 0xff, 0xff, 0x00, 
  0xff, 0xff, 0x00, 0xff, 0xff, 0x00, 0xff, 0xff, 0x00, 0xff, 0xff, 0x00, 
  0xff, 0xff, 0x00, 0xff, 0xff, 0x00, 0xff, 0xff, 0x00, 0xff, 0xff, 0x00, 
  0xff, 0xff, 0x00, 0xff, 0xff, 0x00, 0xff, 0xff, 0x00, 0xff, 0xff, 0x00, 
  0x7a, 0xce, 0x00, 0x51, 0x84, 0xff, 0x52, 0x84, 0xff, 0x72, 0x84, 0xff, 
  0x72, 0x84, 0xff, 0x72, 0x84, 0xff, 0x72, 0x84, 0xff, 0x72, 0x84, 0xff, 
  0x72, 0x84, 0xff, 0x72, 0x84, 0xff, 0x72, 0x84, 0xff, 0x72, 0x84, 0xff, 
  0x72, 0x84, 0xff, 0x72, 0x84, 0xff, 0x72, 0x84, 0xff, 0x72, 0x84, 0xff, 
  0x93, 0x84, 0xff, 0x72, 0x84, 0xff, 0x52, 0x7c, 0xff, 0x72, 0x84, 0xff, 
  0x73, 0x84, 0xff, 0x72, 0x84, 0xff, 0x51, 0x84, 0xff, 0x51, 0x84, 0xff, 
  0x51, 0x84, 0xff, 0x72, 0x84, 0xff, 0x92, 0x8c, 0xff, 0x93, 0x94, 0xff, 
  0xb4, 0x94, 0xff, 0xd4, 0x94, 0xff, 0xf3, 0x94, 0xff, 0xf4, 0x9c, 0xff, 
  0xf4, 0x9c, 0xff, 0xf4, 0x94, 0xff, 0xd4, 0x94, 0xff, 0xd4, 0x94, 0xff, 
  0xb3, 0x8c, 0xff, 0x92, 0x8c, 0xff, 0x52, 0x84, 0xff, 0x31, 0x7c, 0xff, 
  0x11, 0x7c, 0xff, 0x31, 0x7c, 0xff, 0x32, 0x7c, 0xff, 0x52, 0x7c, 0xff, 
  0x72, 0x84, 0xff, 0x52, 0x7c, 0xff, 0x11, 0x74, 0xff, 0x52, 0x7c, 0xff, 
  0x52, 0x84, 0xff, 0x31, 0x7c, 0xff, 0x31, 0x7c, 0xff, 0x31, 0x7c, 0xff, 
  0x31, 0x7c, 0xff, 0x31, 0x7c, 0xff, 0x31, 0x7c, 0xff, 0x31, 0x7c, 0xff, 
  0x31, 0x7c, 0xff, 0x31, 0x7c, 0xff, 0x31, 0x7c, 0xff, 0x31, 0x7c, 0xff, 
  0x31, 0x7c, 0xff, 0x11, 0x74, 0xff, 0xf0, 0x73, 0xff, 0x7a, 0xc6, 0x00, 
  0xff, 0xff, 0x00, 0xff, 0xff, 0x00, 0xff, 0xff, 0x00, 0xff, 0xff, 0x00, 
  0xff, 0xff, 0x00, 0xff, 0xff, 0x00, 0xff, 0xff, 0x00, 0xff, 0xff, 0x00, 
  0xff, 0xff, 0x00, 0xff, 0xff, 0x00, 0xff, 0xff, 0x00, 0xff, 0xff, 0x00, 
  0xff, 0xff, 0x00, 0xff, 0xff, 0x00, 0xff, 0xff, 0x00, 0xff, 0xff, 0x00, 
  0xff, 0xff, 0x00, 0xff, 0xff, 0x00, 0xff, 0xff, 0x00, 0xff, 0xff, 0x00, 
  0xff, 0xff, 0x00, 0xff, 0xff, 0x00, 0xff, 0xff, 0x00, 0xff, 0xff, 0x00, 
  0xff, 0xff, 0x00, 0xff, 0xff, 0x00, 0xff, 0xff, 0x00, 0xff, 0xff, 0x00, 
  0xff, 0xff, 0x00, 0xff, 0xff, 0x00, 0xff, 0xff, 0x00, 0xff, 0xff, 0x00, 
  0xff, 0xff, 0x00, 0xff, 0xff, 0x00, 0xff, 0xff, 0x00, 0xff, 0xff, 0x00, 
  0xff, 0xff, 0x00, 0xff, 0xff, 0x00, 0xff, 0xff, 0x00, 0xff, 0xff, 0x00, 
  0xff, 0xff, 0x00, 0xff, 0xff, 0x00, 0xff, 0xff, 0x00, 0xff, 0xff, 0x00, 
  0xff, 0xff, 0x00, 0xff, 0xff, 0x00, 0xff, 0xff, 0x00, 0xff, 0xff, 0x00, 
  0xff, 0xff, 0x00, 0xff, 0xff, 0x00, 0xff, 0xff, 0x00, 0xff, 0xff, 0x00, 
  0xff, 0xff, 0x00, 0xff, 0xff, 0x00, 0xff, 0xff, 0x00, 0xbe, 0xf7, 0x00, 
  0x18, 0xbe, 0x00, 0x52, 0x84, 0xff, 0x72, 0x84, 0xff, 0x72, 0x84, 0xff, 
  0x72, 0x84, 0xff, 0x72, 0x84, 0xff, 0x72, 0x84, 0xff, 0x72, 0x84, 0xff, 
  0x72, 0x84, 0xff, 0x72, 0x84, 0xff, 0x72, 0x84, 0xff, 0x72, 0x84, 0xff, 
  0x72, 0x84, 0xff, 0x72, 0x84, 0xff, 0x72, 0x84, 0xff, 0x52, 0x84, 0xff, 
  0x72, 0x84, 0xff, 0x72, 0x84, 0xff, 0x72, 0x84, 0xff, 0x72, 0x84, 0xff, 
  0x52, 0x84, 0xff, 0x52, 0x84, 0xff, 0x72, 0x84, 0xff, 0x92, 0x8c, 0xff, 
  0xd3, 0x94, 0xff, 0x35, 0xa5, 0xff, 0xb7, 0xb5, 0xff, 0x19, 0xbe, 0xff, 
  0x5a, 0xc6, 0xff, 0x7a, 0xce, 0xff, 0xba, 0xd6, 0xff, 0xdb, 0xd6, 0xff, 
  0xdb, 0xde, 0xff, 0xda, 0xd6, 0xff, 0x9a, 0xd6, 0xff, 0x7a, 0xce, 0xff, 
  0x38, 0xc6, 0xff, 0xd7, 0xb5, 0xff, 0x55, 0xa5, 0xff, 0xd3, 0x94, 0xff, 
  0x72, 0x8c, 0xff, 0x52, 0x84, 0xff, 0x31, 0x84, 0xff, 0x31, 0x84, 0xff, 
  0x11, 0x7c, 0xff, 0x72, 0x84, 0xff, 0x31, 0x7c, 0xff, 0x31, 0x7c, 0xff, 
  0x31, 0x7c, 0xff, 0x32, 0x7c, 0xff, 0x32, 0x7c, 0xff, 0x32, 0x7c, 0xff, 
  0x31, 0x7c, 0xff, 0x31, 0x7c, 0xff, 0x31, 0x7c, 0xff, 0x31, 0x7c, 0xff, 
  0x31, 0x7c, 0xff, 0x31, 0x7c, 0xff, 0x31, 0x7c, 0xff, 0x31, 0x7c, 0xff, 
  0x31, 0x7c, 0xff, 0x11, 0x7c, 0xff, 0x10, 0x74, 0xff, 0xd8, 0xb5, 0x00, 
  0xbf, 0xf7, 0x00, 0xff, 0xff, 0x00, 0xff, 0xff, 0x00, 0xff, 0xff, 0x00, 
  0xff, 0xff, 0x00, 0xff, 0xff, 0x00, 0xff, 0xff, 0x00, 0xff, 0xff, 0x00, 
  0xff, 0xff, 0x00, 0xff, 0xff, 0x00, 0xff, 0xff, 0x00, 0xff, 0xff, 0x00, 
  0xff, 0xff, 0x00, 0xff, 0xff, 0x00, 0xff, 0xff, 0x00, 0xff, 0xff, 0x00, 
  0xff, 0xff, 0x00, 0xff, 0xff, 0x00, 0xff, 0xff, 0x00, 0xff, 0xff, 0x00, 
  0xff, 0xff, 0x00, 0xff, 0xff, 0x00, 0xff, 0xff, 0x00, 0xff, 0xff, 0x00, 
  0xff, 0xff, 0x00, 0xff, 0xff, 0x00, 0xff, 0xff, 0x00, 0xff, 0xff, 0x00, 
  0xff, 0xff, 0x00, 0xff, 0xff, 0x00, 0xff, 0xff, 0x00, 0xff, 0xff, 0x00, 
  0xff, 0xff, 0x00, 0xff, 0xff, 0x00, 0xff, 0xff, 0x00, 0xff, 0xff, 0x00, 
  0xff, 0xff, 0x00, 0xff, 0xff, 0x00, 0xff, 0xff, 0x00, 0xff, 0xff, 0x00, 
  0xff, 0xff, 0x00, 0xff, 0xff, 0x00, 0xff, 0xff, 0x00, 0xff, 0xff, 0x00, 
  0xff, 0xff, 0x00, 0xff, 0xff, 0x00, 0xff, 0xff, 0x00, 0xff, 0xff, 0x00, 
  0xff, 0xff, 0x00, 0xff, 0xff, 0x00, 0xff, 0xff, 0x00, 0xff, 0xff, 0x00, 
  0xff, 0xff, 0x00, 0xff, 0xff, 0x00, 0xff, 0xff, 0x00, 0x3d, 0xe7, 0x00, 
  0x56, 0xa5, 0x00, 0x51, 0x84, 0xff, 0x72, 0x84, 0xff, 0x72, 0x84, 0xff, 
  0x72, 0x84, 0xff, 0x72, 0x84, 0xff, 0x72, 0x84, 0xff, 0x72, 0x84, 0xff, 
  0x72, 0x84, 0xff, 0x72, 0x84, 0xff, 0x72, 0x84, 0xff, 0x72, 0x84, 0xff, 
  0x72, 0x84, 0xff, 0x72, 0x84, 0xff, 0x72, 0x84, 0xff, 0x72, 0x84, 0xff, 
  0x72, 0x84, 0xff, 0x52, 0x84, 0xff, 0x72, 0x84, 0xff, 0x52, 0x84, 0xff, 
  0x31, 0x84, 0xff, 0xd3, 0x94, 0xff, 0x76, 0xad, 0xff, 0x38, 0xbe, 0xff, 
  0x79, 0xce, 0xff, 0x9a, 0xce, 0xff, 0x9a, 0xce, 0xff, 0x9a, 0xce, 0xff, 
  0xbb, 0xd6, 0xff, 0xbb, 0xd6, 0xff, 0xda, 0xd6, 0xff, 0xda, 0xd6, 0xff, 
  0xda, 0xde, 0xff, 0xda, 0xde, 0xff, 0xda, 0xde, 0xff, 0xba, 0xd6, 0xff, 
  0xdb, 0xd6, 0xff, 0xdb, 0xd6, 0xff, 0xdb, 0xd6, 0xff, 0x9b, 0xd6, 0xff, 
  0x59, 0xc6, 0xff, 0x96, 0xad, 0xff, 0xb3, 0x94, 0xff, 0x10, 0x7c, 0xff, 
  0x10, 0x7c, 0xff, 0x31, 0x84, 0xff, 0x51, 0x84, 0xff, 0x51, 0x84, 0xff, 
  0x31, 0x7c, 0xff, 0x32, 0x7c, 0xff, 0x31, 0x7c, 0xff, 0x31, 0x7c, 0xff, 
  0x31, 0x7c, 0xff, 0x31, 0x7c, 0xff, 0x31, 0x7c, 0xff, 0x31, 0x7c, 0xff, 
  0x31, 0x7c, 0xff, 0x31, 0x7c, 0xff, 0x31, 0x7c, 0xff, 0x31, 0x7c, 0xff, 
  0x31, 0x7c, 0xff, 0x31, 0x7c, 0xff, 0x11, 0x7c, 0xff, 0x15, 0x9d, 0x00, 
  0x3d, 0xe7, 0x00, 0xff, 0xff, 0x00, 0xff, 0xff, 0x00, 0xff, 0xff, 0x00, 
  0xff, 0xff, 0x00, 0xff, 0xff, 0x00, 0xff, 0xff, 0x00, 0xff, 0xff, 0x00, 
  0xff, 0xff, 0x00, 0xff, 0xff, 0x00, 0xff, 0xff, 0x00, 0xff, 0xff, 0x00, 
  0xff, 0xff, 0x00, 0xff, 0xff, 0x00, 0xff, 0xff, 0x00, 0xff, 0xff, 0x00, 
  0xff, 0xff, 0x00, 0xff, 0xff, 0x00, 0xff, 0xff, 0x00, 0xff, 0xff, 0x00, 
  0xff, 0xff, 0x00, 0xff, 0xff, 0x00, 0xff, 0xff, 0x00, 0xff, 0xff, 0x00, 
  0xff, 0xff, 0x00, 0xff, 0xff, 0x00, 0xff, 0xff, 0x00, 0xff, 0xff, 0x00, 
  0xff, 0xff, 0x00, 0xff, 0xff, 0x00, 0xff, 0xff, 0x00, 0xff, 0xff, 0x00, 
  0xff, 0xff, 0x00, 0xff, 0xff, 0x00, 0xff, 0xff, 0x00, 0xff, 0xff, 0x00, 
  0xff, 0xff, 0x00, 0xff, 0xff, 0x00, 0xff, 0xff, 0x00, 0xff, 0xff, 0x00, 
  0xff, 0xff, 0x00, 0xff, 0xff, 0x00, 0xff, 0xff, 0x00, 0xff, 0xff, 0x00, 
  0xff, 0xff, 0x00, 0xff, 0xff, 0x00, 0xff, 0xff, 0x00, 0xff, 0xff, 0x00, 
  0xff, 0xff, 0x00, 0xff, 0xff, 0x00, 0xff, 0xff, 0x00, 0xff, 0xff, 0x00, 
  0xff, 0xff, 0x00, 0xff, 0xff, 0x00, 0xff, 0xff, 0x00, 0xba, 0xce, 0x00, 
  0x92, 0x8c, 0xff, 0x52, 0x84, 0xff, 0x72, 0x84, 0xff, 0x72, 0x84, 0xff, 
  0x72, 0x84, 0xff, 0x72, 0x84, 0xff, 0x72, 0x84, 0xff, 0x72, 0x84, 0xff, 
  0x72, 0x84, 0xff, 0x72, 0x84, 0xff, 0x72, 0x84, 0xff, 0x72, 0x84, 0xff, 
  0x72, 0x84, 0xff, 0x72, 0x84, 0xff, 0x72, 0x84, 0xff, 0x72, 0x84, 0xff, 
  0x72, 0x84, 0xff, 0x51, 0x84, 0xff, 0x72, 0x84, 0xff, 0xf4, 0x94, 0xff, 
  0xb7, 0xb5, 0xff, 0x18, 0xbe, 0xff, 0x79, 0xce, 0xff, 0xba, 0xd6, 0xff, 
  0xdb, 0xd6, 0xff, 0xdb, 0xd6, 0xff, 0xbb, 0xd6, 0xff, 0xbb, 0xd6, 0xff, 
  0xdb, 0xd6, 0xff, 0xda, 0xd6, 0xff, 0xba, 0xd6, 0xff, 0xba, 0xd6, 0xff, 
  0xba, 0xd6, 0xff, 0xda, 0xd6, 0xff, 0xdb, 0xde, 0xff, 0xfb, 0xde, 0xff, 
  0xfb, 0xde, 0xff, 0xfb, 0xde, 0xff, 0xfb, 0xde, 0xff, 0x1c, 0xe7, 0xff, 
  0xfc, 0xe6, 0xff, 0xbb, 0xde, 0xff, 0x59, 0xce, 0xff, 0xf7, 0xbd, 0xff, 
  0x14, 0x9d, 0xff, 0x10, 0x7c, 0xff, 0x11, 0x7c, 0xff, 0x52, 0x84, 0xff, 
  0x31, 0x7c, 0xff, 0x32, 0x7c, 0xff, 0x31, 0x7c, 0xff, 0x31, 0x7c, 0xff, 
  0x31, 0x7c, 0xff, 0x31, 0x7c, 0xff, 0x31, 0x7c, 0xff, 0x31, 0x7c, 0xff, 
  0x31, 0x7c, 0xff, 0x31, 0x7c, 0xff, 0x31, 0x7c, 0xff, 0x31, 0x7c, 0xff, 
  0x31, 0x7c, 0xff, 0x31, 0x7c, 0xff, 0x11, 0x7c, 0xff, 0x51, 0x84, 0xff, 
  0x9a, 0xce, 0x00, 0xff, 0xff, 0x00, 0xdf, 0xff, 0x00, 0xff, 0xff, 0x00, 
  0xff, 0xff, 0x00, 0xff, 0xff, 0x00, 0xff, 0xff, 0x00, 0xff, 0xff, 0x00, 
  0xff, 0xff, 0x00, 0xff, 0xff, 0x00, 0xff, 0xff, 0x00, 0xff, 0xff, 0x00, 
  0xff, 0xff, 0x00, 0xff, 0xff, 0x00, 0xff, 0xff, 0x00, 0xff, 0xff, 0x00, 
  0xff, 0xff, 0x00, 0xff, 0xff, 0x00, 0xff, 0xff, 0x00, 0xff, 0xff, 0x00, 
  0xff, 0xff, 0x00, 0xff, 0xff, 0x00, 0xff, 0xff, 0x00, 0xff, 0xff, 0x00, 
  0xff, 0xff, 0x00, 0xff, 0xff, 0x00, 0xff, 0xff, 0x00, 0xff, 0xff, 0x00, 
  0xff, 0xff, 0x00, 0xff, 0xff, 0x00, 0xff, 0xff, 0x00, 0xff, 0xff, 0x00, 
  0xff, 0xff, 0x00, 0xff, 0xff, 0x00, 0xff, 0xff, 0x00, 0xff, 0xff, 0x00, 
  0xff, 0xff, 0x00, 0xff, 0xff, 0x00, 0xff, 0xff, 0x00, 0xff, 0xff, 0x00, 
  0xff, 0xff, 0x00, 0xff, 0xff, 0x00, 0xff, 0xff, 0x00, 0xff, 0xff, 0x00, 
  0xff, 0xff, 0x00, 0xff, 0xff, 0x00, 0xff, 0xff, 0x00, 0xff, 0xff, 0x00, 
  0xff, 0xff, 0x00, 0xff, 0xff, 0x00, 0xff, 0xff, 0x00, 0xff, 0xff, 0x00, 
  0xff, 0xff, 0x00, 0xff, 0xff, 0x00, 0xff, 0xff, 0x00, 0xd7, 0xb5, 0x00, 
  0x31, 0x7c, 0xff, 0x92, 0x8c, 0xff, 0x52, 0x84, 0xff, 0x92, 0x84, 0xff, 
  0x72, 0x84, 0xff, 0x72, 0x84, 0xff, 0x72, 0x84, 0xff, 0x72, 0x84, 0xff, 
  0x72, 0x84, 0xff, 0x72, 0x84, 0xff, 0x72, 0x84, 0xff, 0x72, 0x84, 0xff, 
  0x72, 0x84, 0xff, 0x72, 0x84, 0xff, 0x52, 0x84, 0xff, 0x31, 0x84, 0xff, 
  0x51, 0x84, 0xff, 0xd3, 0x94, 0xff, 0x76, 0xad, 0xff, 0x18, 0xc6, 0xff, 
  0x9a, 0xd6, 0xff, 0x9a, 0xd6, 0xff, 0xba, 0xd6, 0xff, 0x9a, 0xd6, 0xff, 
  0x9a, 0xce, 0xff, 0x9a, 0xce, 0xff, 0xba, 0xd6, 0xff, 0xba, 0xd6, 0xff, 
  0x9a, 0xd6, 0xff, 0xba, 0xd6, 0xff, 0xba, 0xd6, 0xff, 0xba, 0xde, 0xff, 
  0xda, 0xde, 0xff, 0xda, 0xd6, 0xff, 0xdb, 0xd6, 0xff, 0xdb, 0xd6, 0xff, 
  0xdb, 0xd6, 0xff, 0xdb, 0xd6, 0xff, 0xdb, 0xde, 0xff, 0xdb, 0xde, 0xff, 
  0xfb, 0xde, 0xff, 0x1b, 0xe7, 0xff, 0x1c, 0xe7, 0xff, 0x1c, 0xe7, 0xff, 
  0x79, 0xce, 0xff, 0x96, 0xad, 0xff, 0xd3, 0x94, 0xff, 0x10, 0x7c, 0xff, 
  0x11, 0x7c, 0xff, 0x31, 0x7c, 0xff, 0x31, 0x7c, 0xff, 0x52, 0x7c, 0xff, 
  0x31, 0x7c, 0xff, 0x31, 0x7c, 0xff, 0x31, 0x7c, 0xff, 0x31, 0x7c, 0xff, 
  0x31, 0x7c, 0xff, 0x31, 0x7c, 0xff, 0x31, 0x7c, 0xff, 0x31, 0x7c, 0xff, 
  0x31, 0x7c, 0xff, 0x11, 0x74, 0xff, 0x31, 0x7c, 0xff, 0xcf, 0x73, 0xff, 
  0xb7, 0xb5, 0x00, 0xdf, 0xf7, 0x00, 0xff, 0xff, 0x00, 0xff, 0xff, 0x00, 
  0xff, 0xff, 0x00, 0xff, 0xff, 0x00, 0xff, 0xff, 0x00, 0xff, 0xff, 0x00, 
  0xff, 0xff, 0x00, 0xff, 0xff, 0x00, 0xff, 0xff, 0x00, 0xff, 0xff, 0x00, 
  0xff, 0xff, 0x00, 0xff, 0xff, 0x00, 0xff, 0xff, 0x00, 0xff, 0xff, 0x00, 
  0xff, 0xff, 0x00, 0xff, 0xff, 0x00, 0xff, 0xff, 0x00, 0xff, 0xff, 0x00, 
  0xff, 0xff, 0x00, 0xff, 0xff, 0x00, 0xff, 0xff, 0x00, 0xff, 0xff, 0x00, 
  0xff, 0xff, 0x00, 0xff, 0xff, 0x00, 0xff, 0xff, 0x00, 0xff, 0xff, 0x00, 
  0xff, 0xff, 0x00, 0xff, 0xff, 0x00, 0xff, 0xff, 0x00, 0xff, 0xff, 0x00, 
  0xff, 0xff, 0x00, 0xff, 0xff, 0x00, 0xff, 0xff, 0x00, 0xff, 0xff, 0x00, 
  0xff, 0xff, 0x00, 0xff, 0xff, 0x00, 0xff, 0xff, 0x00, 0xff, 0xff, 0x00, 
  0xff, 0xff, 0x00, 0xff, 0xff, 0x00, 0xff, 0xff, 0x00, 0xff, 0xff, 0x00, 
  0xff, 0xff, 0x00, 0xff, 0xff, 0x00, 0xff, 0xff, 0x00, 0xff, 0xff, 0x00, 
  0xff, 0xff, 0x00, 0xff, 0xff, 0x00, 0xff, 0xff, 0x00, 0xff, 0xff, 0x00, 
  0xff, 0xff, 0x00, 0xff, 0xff, 0x00, 0xdb, 0xd6, 0x00, 0x14, 0x9d, 0x00, 
  0x31, 0x84, 0xff, 0x93, 0x8c, 0xff, 0x72, 0x84, 0xff, 0x92, 0x84, 0xff, 
  0x72, 0x84, 0xff, 0x72, 0x84, 0xff, 0x72, 0x84, 0xff, 0x72, 0x84, 0xff, 
  0x72, 0x84, 0xff, 0x72, 0x84, 0xff, 0x72, 0x84, 0xff, 0x72, 0x84, 0xff, 
  0x72, 0x84, 0xff, 0x72, 0x84, 0xff, 0x52, 0x84, 0xff, 0x72, 0x8c, 0xff, 
  0xf4, 0x9c, 0xff, 0xd7, 0xbd, 0xff, 0x9a, 0xce, 0xff, 0xba, 0xd6, 0xff, 
  0x59, 0xce, 0xff, 0x79, 0xd6, 0xff, 0x9a, 0xd6, 0xff, 0x9a, 0xd6, 0xff, 
  0x9a, 0xd6, 0xff, 0x9b, 0xd6, 0xff, 0x9b, 0xd6, 0xff, 0x9b, 0xd6, 0xff, 
  0xbb, 0xd6, 0xff, 0xbb, 0xd6, 0xff, 0xbb, 0xde, 0xff, 0xbb, 0xd6, 0xff, 
  0xba, 0xde, 0xff, 0xdb, 0xde, 0xff, 0xdb, 0xde, 0xff, 0xdc, 0xde, 0xff, 
  0xdb, 0xd6, 0xff, 0xfc, 0xd6, 0xff, 0xfc, 0xde, 0xff, 0xfb, 0xde, 0xff, 
  0xdb, 0xde, 0xff, 0xdb, 0xde, 0xff, 0xdb, 0xde, 0xff, 0xfb, 0xde, 0xff, 
  0x3c, 0xe7, 0xff, 0x3c, 0xe7, 0xff, 0x39, 0xc6, 0xff, 0xf4, 0x9c, 0xff, 
  0x51, 0x84, 0xff, 0x11, 0x7c, 0xff, 0x11, 0x7c, 0xff, 0x31, 0x7c, 0xff, 
  0x31, 0x7c, 0xff, 0x31, 0x7c, 0xff, 0x31, 0x7c, 0xff, 0x31, 0x7c, 0xff, 
  0x31, 0x7c, 0xff, 0x31, 0x7c, 0xff, 0x31, 0x7c, 0xff, 0x31, 0x7c, 0xff, 
  0x31, 0x7c, 0xff, 0x11, 0x74, 0xff, 0x31, 0x7c, 0xff, 0xf0, 0x73, 0xff, 
  0xd3, 0x94, 0x00, 0xdb, 0xd6, 0x00, 0xff, 0xff, 0x00, 0xff, 0xff, 0x00, 
  0xff, 0xff, 0x00, 0xff, 0xff, 0x00, 0xff, 0xff, 0x00, 0xff, 0xff, 0x00, 
  0xff, 0xff, 0x00, 0xff, 0xff, 0x00, 0xff, 0xff, 0x00, 0xff, 0xff, 0x00, 
  0xff, 0xff, 0x00, 0xff, 0xff, 0x00, 0xff, 0xff, 0x00, 0xff, 0xff, 0x00, 
  0xff, 0xff, 0x00, 0xff, 0xff, 0x00, 0xff, 0xff, 0x00, 0xff, 0xff, 0x00, 
  0xff, 0xff, 0x00, 0xff, 0xff, 0x00, 0xff, 0xff, 0x00, 0xff, 0xff, 0x00, 
  0xff, 0xff, 0x00, 0xff, 0xff, 0x00, 0xff, 0xff, 0x00, 0xff, 0xff, 0x00, 
  0xff, 0xff, 0x00, 0xff, 0xff, 0x00, 0xff, 0xff, 0x00, 0xff, 0xff, 0x00, 
  0xff, 0xff, 0x00, 0xff, 0xff, 0x00, 0xff, 0xff, 0x00, 0xff, 0xff, 0x00, 
  0xff, 0xff, 0x00, 0xff, 0xff, 0x00, 0xff, 0xff, 0x00, 0xff, 0xff, 0x00, 
  0xff, 0xff, 0x00, 0xff, 0xff, 0x00, 0xff, 0xff, 0x00, 0xff, 0xff, 0x00, 
  0xff, 0xff, 0x00, 0xff, 0xff, 0x00, 0xff, 0xff, 0x00, 0xff, 0xff, 0x00, 
  0xff, 0xff, 0x00, 0xff, 0xff, 0x00, 0xff, 0xff, 0x00, 0xff, 0xff, 0x00, 
  0xff, 0xff, 0x00, 0xff, 0xff, 0x00, 0x96, 0xad, 0x00, 0x72, 0x84, 0xff, 
  0x72, 0x84, 0xff, 0x72, 0x84, 0xff, 0x72, 0x84, 0xff, 0x72, 0x84, 0xff, 
  0x72, 0x84, 0xff, 0x72, 0x84, 0xff, 0x72, 0x84, 0xff, 0x72, 0x84, 0xff, 
  0x72, 0x84, 0xff, 0x72, 0x84, 0xff, 0x72, 0x84, 0xff, 0x72, 0x84, 0xff, 
  0x72, 0x84, 0xff, 0x51, 0x84, 0xff, 0x72, 0x8c, 0xff, 0x35, 0xa5, 0xff, 
  0x39, 0xc6, 0xff, 0x9a, 0xd6, 0xff, 0x79, 0xce, 0xff, 0x79, 0xd6, 0xff, 
  0x9a, 0xd6, 0xff, 0x9a, 0xd6, 0xff, 0x9a, 0xd6, 0xff, 0x9a, 0xd6, 0xff, 
  0x9a, 0xd6, 0xff, 0x9a, 0xd6, 0xff, 0xbb, 0xd6, 0xff, 0xbb, 0xd6, 0xff, 
  0xba, 0xd6, 0xff, 0xbb, 0xd6, 0xff, 0xbb, 0xd6, 0xff, 0xbb, 0xde, 0xff, 
  0xdb, 0xde, 0xff, 0xdb, 0xde, 0xff, 0xdb, 0xde, 0xff, 0xdb, 0xde, 0xff, 
  0xfb, 0xde, 0xff, 0xfc, 0xde, 0xff, 0xfc, 0xde, 0xff, 0xfb, 0xde, 0xff, 
  0xfb, 0xde, 0xff, 0xfb, 0xe6, 0xff, 0x1b, 0xe7, 0xff, 0x1b, 0xe7, 0xff, 
  0xfb, 0xde, 0xff, 0x1c, 0xe7, 0xff, 0x1c, 0xe7, 0xff, 0xdb, 0xd6, 0xff, 
  0x55, 0xa5, 0xff, 0x31, 0x7c, 0xff, 0x31, 0x84, 0xff, 0x11, 0x7c, 0xff, 
  0x31, 0x7c, 0xff, 0x31, 0x7c, 0xff, 0x31, 0x7c, 0xff, 0x31, 0x7c, 0xff, 
  0x31, 0x7c, 0xff, 0x31, 0x7c, 0xff, 0x31, 0x7c, 0xff, 0x31, 0x7c, 0xff, 
  0x11, 0x7c, 0xff, 0x11, 0x7c, 0xff, 0x11, 0x7c, 0xff, 0x31, 0x7c, 0xff, 
  0x10, 0x7c, 0xff, 0x76, 0xa5, 0x00, 0xff, 0xff, 0x00, 0xff, 0xff, 0x00, 
  0xff, 0xff, 0x00, 0xff, 0xff, 0x00, 0xff, 0xff, 0x00, 0xff, 0xff, 0x00, 
  0xff, 0xff, 0x00, 0xff, 0xff, 0x00, 0xff, 0xff, 0x00, 0xff, 0xff, 0x00, 
  0xff, 0xff, 0x00, 0xff, 0xff, 0x00, 0xff, 0xff, 0x00, 0xff, 0xff, 0x00, 
  0xff, 0xff, 0x00, 0xff, 0xff, 0x00, 0xff, 0xff, 0x00, 0xff, 0xff, 0x00, 
  0xff, 0xff, 0x00, 0xff, 0xff, 0x00, 0xff, 0xff, 0x00, 0xff, 0xff, 0x00, 
  0xff, 0xff, 0x00, 0xff, 0xff, 0x00, 0xff, 0xff, 0x00, 0xff, 0xff, 0x00, 
  0xff, 0xff, 0x00, 0xff, 0xff, 0x00, 0xff, 0xff, 0x00, 0xff, 0xff, 0x00, 
  0xff, 0xff, 0x00, 0xff, 0xff, 0x00, 0xff, 0xff, 0x00, 0xff, 0xff, 0x00, 
  0xff, 0xff, 0x00, 0xff, 0xff, 0x00, 0xff, 0xff, 0x00, 0xff, 0xff, 0x00, 
  0xff, 0xff, 0x00, 0xff, 0xff, 0x00, 0xff, 0xff, 0x00, 0xff, 0xff, 0x00, 
  0xff, 0xff, 0x00, 0xff, 0xff, 0x00, 0xff, 0xff, 0x00, 0xff, 0xff, 0x00, 
  0xff, 0xff, 0x00, 0xff, 0xff, 0x00, 0xff, 0xff, 0x00, 0xff, 0xff, 0x00, 
  0xff, 0xff, 0x00, 0x9a, 0xce, 0x00, 0xb3, 0x94, 0xff, 0x31, 0x84, 0xff, 
  0x93, 0x8c, 0xff, 0x72, 0x84, 0xff, 0x72, 0x84, 0xff, 0x72, 0x84, 0xff, 
  0x72, 0x84, 0xff, 0x72, 0x84, 0xff, 0x72, 0x84, 0xff, 0x72, 0x84, 0xff, 
  0x72, 0x84, 0xff, 0x72, 0x84, 0xff, 0x72, 0x84, 0xff, 0x72, 0x84, 0xff, 
  0x72, 0x84, 0xff, 0x72, 0x84, 0xff, 0x76, 0xad, 0xff, 0x7a, 0xce, 0xff, 
  0x9a, 0xce, 0xff, 0x9a, 0xd6, 0xff, 0x79, 0xce, 0xff, 0x99, 0xd6, 0xff, 
  0x9a, 0xd6, 0xff, 0xba, 0xd6, 0xff, 0x99, 0xce, 0xff, 0xda, 0xde, 0xff, 
  0xba, 0xd6, 0xff, 0xb9, 0xd6, 0xff, 0xda, 0xde, 0xff, 0x99, 0xd6, 0xff, 
  0xba, 0xd6, 0xff, 0xba, 0xd6, 0xff, 0xba, 0xd6, 0xff, 0xba, 0xd6, 0xff, 
  0xba, 0xd6, 0xff, 0xda, 0xde, 0xff, 0xda, 0xde, 0xff, 0xda, 0xde, 0xff, 
  0xdb, 0xde, 0xff, 0xfb, 0xde, 0xff, 0xdb, 0xde, 0xff, 0xfb, 0xde, 0xff, 
  0x1c, 0xe7, 0xff, 0xdb, 0xde, 0xff, 0xfc, 0xe6, 0xff, 0x1c, 0xe7, 0xff, 
  0x1c, 0xe7, 0xff, 0x1c, 0xe7, 0xff, 0x1c, 0xdf, 0xff, 0x3c, 0xe7, 0xff, 
  0x1c, 0xdf, 0xff, 0xd7, 0xb5, 0xff, 0x52, 0x84, 0xff, 0x31, 0x7c, 0xff, 
  0x31, 0x7c, 0xff, 0x31, 0x7c, 0xff, 0x11, 0x7c, 0xff, 0x31, 0x7c, 0xff, 
  0x32, 0x7c, 0xff, 0x31, 0x74, 0xff, 0x31, 0x7c, 0xff, 0x31, 0x74, 0xff, 
  0x11, 0x7c, 0xff, 0x11, 0x7c, 0xff, 0x31, 0x7c, 0xff, 0x31, 0x7c, 0xff, 
  0xd0, 0x73, 0xff, 0x72, 0x8c, 0xff, 0x7a, 0xce, 0x00, 0xff, 0xff, 0x00, 
  0xff, 0xff, 0x00, 0xff, 0xff, 0x00, 0xff, 0xff, 0x00, 0xff, 0xff, 0x00, 
  0xff, 0xff, 0x00, 0xff, 0xff, 0x00, 0xff, 0xff, 0x00, 0xff, 0xff, 0x00, 
  0xff, 0xff, 0x00, 0xff, 0xff, 0x00, 0xff, 0xff, 0x00, 0xff, 0xff, 0x00, 
  0xff, 0xff, 0x00, 0xff, 0xff, 0x00, 0xff, 0xff, 0x00, 0xff, 0xff, 0x00, 
  0xff, 0xff, 0x00, 0xff, 0xff, 0x00, 0xff, 0xff, 0x00, 0xff, 0xff, 0x00, 
  0xff, 0xff, 0x00, 0xff, 0xff, 0x00, 0xff, 0xff, 0x00, 0xff, 0xff, 0x00, 
  0xff, 0xff, 0x00, 0xff, 0xff, 0x00, 0xff, 0xff, 0x00, 0xff, 0xff, 0x00, 
  0xff, 0xff, 0x00, 0xff, 0xff, 0x00, 0xff, 0xff, 0x00, 0xff, 0xff, 0x00, 
  0xff, 0xff, 0x00, 0xff, 0xff, 0x00, 0xff, 0xff, 0x00, 0xff, 0xff, 0x00, 
  0xff, 0xff, 0x00, 0xff, 0xff, 0x00, 0xff, 0xff, 0x00, 0xff, 0xff, 0x00, 
  0xff, 0xff, 0x00, 0xff, 0xff, 0x00, 0xff, 0xff, 0x00, 0xff, 0xff, 0x00, 
  0xff, 0xff, 0x00, 0xff, 0xff, 0x00, 0xff, 0xff, 0x00, 0xff, 0xff, 0x00, 
  0x3d, 0xe7, 0x00, 0x14, 0x9d, 0x00, 0x51, 0x84, 0xff, 0x72, 0x84, 0xff, 
  0x72, 0x84, 0xff, 0x72, 0x84, 0xff, 0x72, 0x84, 0xff, 0x92, 0x84, 0xff, 
  0x72, 0x84, 0xff, 0x72, 0x84, 0xff, 0x52, 0x84, 0xff, 0x72, 0x84, 0xff, 
  0x92, 0x84, 0xff, 0x72, 0x84, 0xff, 0x52, 0x84, 0xff, 0x72, 0x84, 0xff, 
  0x72, 0x84, 0xff, 0x96, 0xad, 0xff, 0x7a, 0xce, 0xff, 0xba, 0xd6, 0xff, 
  0x79, 0xce, 0xff, 0x9a, 0xd6, 0xff, 0x9a, 0xd6, 0xff, 0xba, 0xd6, 0xff, 
  0xba, 0xd6, 0xff, 0xba, 0xd6, 0xff, 0xda, 0xd6, 0xff, 0x99, 0xd6, 0xff, 
  0xb9, 0xd6, 0xff, 0xba, 0xd6, 0xff, 0xba, 0xd6, 0xff, 0x1c, 0xdf, 0xff, 
  0x3d, 0xdf, 0xff, 0x3d, 0xdf, 0xff, 0x5e, 0xdf, 0xff, 0x7e, 0xdf, 0xff, 
  0x7f, 0xdf, 0xff, 0x7e, 0xdf, 0xff, 0x5e, 0xdf, 0xff, 0x5d, 0xdf, 0xff, 
  0x3d, 0xe7, 0xff, 0xfb, 0xde, 0xff, 0xfc, 0xde, 0xff, 0xfb, 0xde, 0xff, 
  0xdb, 0xde, 0xff, 0x1c, 0xe7, 0xff, 0x1c, 0xe7, 0xff, 0x1c, 0xe7, 0xff, 
  0x1c, 0xe7, 0xff, 0x1c, 0xe7, 0xff, 0x3c, 0xe7, 0xff, 0x1c, 0xdf, 0xff, 
  0x5d, 0xe7, 0xff, 0x3d, 0xdf, 0xff, 0xf8, 0xb5, 0xff, 0x52, 0x84, 0xff, 
  0x11, 0x7c, 0xff, 0x11, 0x7c, 0xff, 0x32, 0x7c, 0xff, 0x31, 0x7c, 0xff, 
  0x11, 0x74, 0xff, 0x31, 0x7c, 0xff, 0x31, 0x7c, 0xff, 0x31, 0x74, 0xff, 
  0x31, 0x7c, 0xff, 0x11, 0x74, 0xff, 0x31, 0x7c, 0xff, 0x11, 0x7c, 0xff, 
  0x11, 0x7c, 0xff, 0xf0, 0x73, 0xff, 0xb3, 0x94, 0x00, 0x3d, 0xe7, 0x00, 
  0xff, 0xff, 0x00, 0xff, 0xff, 0x00, 0xff, 0xff, 0x00, 0xff, 0xff, 0x00, 
  0xff, 0xff, 0x00, 0xff, 0xff, 0x00, 0xff, 0xff, 0x00, 0xff, 0xff, 0x00, 
  0xff, 0xff, 0x00, 0xff, 0xff, 0x00, 0xff, 0xff, 0x00, 0xff, 0xff, 0x00, 
  0xff, 0xff, 0x00, 0xff, 0xff, 0x00, 0xff, 0xff, 0x00, 0xff, 0xff, 0x00, 
  0xff, 0xff, 0x00, 0xff, 0xff, 0x00, 0xff, 0xff, 0x00, 0xff, 0xff, 0x00, 
  0xff, 0xff, 0x00, 0xff, 0xff, 0x00, 0xff, 0xff, 0x00, 0xff, 0xff, 0x00, 
  0xff, 0xff, 0x00, 0xff, 0xff, 0x00, 0xff, 0xff, 0x00, 0xff, 0xff, 0x00, 
  0xff, 0xff, 0x00, 0xff, 0xff, 0x00, 0xff, 0xff, 0x00, 0xff, 0xff, 0x00, 
  0xff, 0xff, 0x00, 0xff, 0xff, 0x00, 0xff, 0xff, 0x00, 0xff, 0xff, 0x00, 
  0xff, 0xff, 0x00, 0xff, 0xff, 0x00, 0xff, 0xff, 0x00, 0xff, 0xff, 0x00, 
  0xff, 0xff, 0x00, 0xff, 0xff, 0x00, 0xff, 0xff, 0x00, 0xdf, 0xff, 0x00, 
  0xff, 0xff, 0x00, 0xff, 0xff, 0x00, 0xdf, 0xff, 0x00, 0x7e, 0xef, 0x00, 
  0x76, 0xad, 0x00, 0x31, 0x7c, 0xff, 0x52, 0x84, 0xff, 0x93, 0x8c, 0xff, 
  0x72, 0x84, 0xff, 0x92, 0x84, 0xff, 0x52, 0x84, 0xff, 0x72, 0x84, 0xff, 
  0x72, 0x84, 0xff, 0x72, 0x84, 0xff, 0x72, 0x84, 0xff, 0x72, 0x84, 0xff, 
  0x72, 0x84, 0xff, 0x52, 0x84, 0xff, 0x52, 0x84, 0xff, 0x72, 0x8c, 0xff, 
  0x96, 0xad, 0xff, 0x7a, 0xce, 0xff, 0xba, 0xd6, 0xff, 0x7a, 0xce, 0xff, 
  0x79, 0xce, 0xff, 0x9a, 0xd6, 0xff, 0x9a, 0xd6, 0xff, 0x9a, 0xd6, 0xff, 
  0x9a, 0xd6, 0xff, 0x9a, 0xd6, 0xff, 0x7a, 0xd6, 0xff, 0xba, 0xd6, 0xff, 
  0x1c, 0xe7, 0xff, 0xfc, 0xde, 0xff, 0xbc, 0xce, 0xff, 0x1a, 0xae, 0xff, 
  0xb9, 0x95, 0xff, 0x79, 0x85, 0xff, 0x39, 0x7d, 0xff, 0xf9, 0x74, 0xff, 
  0x19, 0x75, 0xff, 0x39, 0x7d, 0xff, 0x9a, 0x8d, 0xff, 0xba, 0x95, 0xff, 
  0x3b, 0xb6, 0xff, 0xfd, 0xd6, 0xff, 0x5e, 0xdf, 0xff, 0x7e, 0xe7, 0xff, 
  0x1c, 0xdf, 0xff, 0xdb, 0xde, 0xff, 0xfc, 0xe6, 0xff, 0x1c, 0xe7, 0xff, 
  0x1c, 0xe7, 0xff, 0x1c, 0xdf, 0xff, 0x3d, 0xe7, 0xff, 0x1c, 0xdf, 0xff, 
  0x3d, 0xdf, 0xff, 0x5d, 0xe7, 0xff, 0x1c, 0xdf, 0xff, 0xd7, 0xb5, 0xff, 
  0x51, 0x84, 0xff, 0xf0, 0x7b, 0xff, 0x31, 0x7c, 0xff, 0x11, 0x7c, 0xff, 
  0x11, 0x74, 0xff, 0x32, 0x7c, 0xff, 0x11, 0x74, 0xff, 0x31, 0x74, 0xff, 
  0x31, 0x7c, 0xff, 0x11, 0x74, 0xff, 0x31, 0x7c, 0xff, 0x11, 0x7c, 0xff, 
  0x31, 0x7c, 0xff, 0xf0, 0x73, 0xff, 0xf0, 0x73, 0xff, 0x35, 0x9d, 0x00, 
  0x5d, 0xe7, 0x00, 0xff, 0xff, 0x00, 0xff, 0xff, 0x00, 0xff, 0xff, 0x00, 
  0xdf, 0xff, 0x00, 0xff, 0xff, 0x00, 0xff, 0xff, 0x00, 0xff, 0xff, 0x00, 
  0xff, 0xff, 0x00, 0xff, 0xff, 0x00, 0xff, 0xff, 0x00, 0xff, 0xff, 0x00, 
  0xff, 0xff, 0x00, 0xff, 0xff, 0x00, 0xff, 0xff, 0x00, 0xff, 0xff, 0x00, 
  0xff, 0xff, 0x00, 0xff, 0xff, 0x00, 0xff, 0xff, 0x00, 0xff, 0xff, 0x00, 
  0xff, 0xff, 0x00, 0xff, 0xff, 0x00, 0xff, 0xff, 0x00, 0xff, 0xff, 0x00, 
  0xff, 0xff, 0x00, 0xff, 0xff, 0x00, 0xff, 0xff, 0x00, 0xff, 0xff, 0x00, 
  0xff, 0xff, 0x00, 0xff, 0xff, 0x00, 0xff, 0xff, 0x00, 0xff, 0xff, 0x00, 
  0xff, 0xff, 0x00, 0xff, 0xff, 0x00, 0xff, 0xff, 0x00, 0xff, 0xff, 0x00, 
  0xff, 0xff, 0x00, 0xff, 0xff, 0x00, 0xff, 0xff, 0x00, 0xff, 0xff, 0x00, 
  0xff, 0xff, 0x00, 0xdf, 0xff, 0x00, 0xff, 0xff, 0x00, 0xff, 0xff, 0x00, 
  0xff, 0xff, 0x00, 0xff, 0xff, 0x00, 0x3d, 0xe7, 0x00, 0x96, 0xad, 0x00, 
  0x51, 0x84, 0xff, 0x72, 0x84, 0xff, 0x72, 0x8c, 0xff, 0x72, 0x84, 0xff, 
  0x72, 0x84, 0xff, 0x72, 0x84, 0xff, 0x72, 0x84, 0xff, 0x72, 0x84, 0xff, 
  0x72, 0x84, 0xff, 0x72, 0x84, 0xff, 0x72, 0x84, 0xff, 0x72, 0x84, 0xff, 
  0x72, 0x84, 0xff, 0x31, 0x84, 0xff, 0x92, 0x8c, 0xff, 0x35, 0xa5, 0xff, 
  0x79, 0xce, 0xff, 0x9a, 0xd6, 0xff, 0x7a, 0xce, 0xff, 0x9a, 0xce, 0xff, 
  0x9a, 0xd6, 0xff, 0x9a, 0xd6, 0xff, 0xba, 0xd6, 0xff, 0x9a, 0xd6, 0xff, 
  0xba, 0xd6, 0xff, 0xbb, 0xd6, 0xff, 0xfc, 0xde, 0xff, 0xbc, 0xce, 0xff, 
  0x5b, 0xb6, 0xff, 0xda, 0x9d, 0xff, 0x18, 0x85, 0xff, 0x35, 0x5c, 0xff, 
  0x52, 0x33, 0xff, 0x33, 0x2b, 0xff, 0xd2, 0x1a, 0xff, 0x91, 0x12, 0xff, 
  0x91, 0x12, 0xff, 0xd2, 0x1a, 0xff, 0x33, 0x2b, 0xff, 0x53, 0x33, 0xff, 
  0x35, 0x5c, 0xff, 0x38, 0x85, 0xff, 0xfa, 0xa5, 0xff, 0x9c, 0xbe, 0xff, 
  0x1d, 0xd7, 0xff, 0x5e, 0xe7, 0xff, 0x1c, 0xe7, 0xff, 0x1c, 0xe7, 0xff, 
  0x1c, 0xe7, 0xff, 0x1c, 0xe7, 0xff, 0x1c, 0xe7, 0xff, 0x1c, 0xdf, 0xff, 
  0x3c, 0xe7, 0xff, 0x1c, 0xe7, 0xff, 0x7d, 0xef, 0xff, 0x3d, 0xe7, 0xff, 
  0x76, 0xad, 0xff, 0x31, 0x7c, 0xff, 0xf0, 0x73, 0xff, 0x31, 0x7c, 0xff, 
  0x31, 0x7c, 0xff, 0x31, 0x7c, 0xff, 0x11, 0x74, 0xff, 0x31, 0x7c, 0xff, 
  0x11, 0x7c, 0xff, 0x11, 0x7c, 0xff, 0x31, 0x7c, 0xff, 0x11, 0x7c, 0xff, 
  0x11, 0x7c, 0xff, 0x31, 0x7c, 0xff, 0x11, 0x7c, 0xff, 0xd0, 0x73, 0xff, 
  0x55, 0xa5, 0x00, 0x3c, 0xdf, 0x00, 0xff, 0xff, 0x00, 0xff, 0xff, 0x00, 
  0xff, 0xff, 0x00, 0xff, 0xff, 0x00, 0xdf, 0xff, 0x00, 0xff, 0xff, 0x00, 
  0xff, 0xff, 0x00, 0xff, 0xff, 0x00, 0xff, 0xff, 0x00, 0xff, 0xff, 0x00, 
  0xff, 0xff, 0x00, 0xff, 0xff, 0x00, 0xff, 0xff, 0x00, 0xff, 0xff, 0x00, 
  0xff, 0xff, 0x00, 0xff, 0xff, 0x00, 0xff, 0xff, 0x00, 0xff, 0xff, 0x00, 
  0xff, 0xff, 0x00, 0xff, 0xff, 0x00, 0xff, 0xff, 0x00, 0xff, 0xff, 0x00, 
  0xff, 0xff, 0x00, 0xff, 0xff, 0x00, 0xff, 0xff, 0x00, 0xff, 0xff, 0x00, 
  0xff, 0xff, 0x00, 0xff, 0xff, 0x00, 0xff, 0xff, 0x00, 0xff, 0xff, 0x00, 
  0xff, 0xff, 0x00, 0xff, 0xff, 0x00, 0xff, 0xff, 0x00, 0xff, 0xff, 0x00, 
  0xff, 0xff, 0x00, 0xff, 0xff, 0x00, 0xff, 0xff, 0x00, 0xff, 0xff, 0x00, 
  0xff, 0xff, 0x00, 0xff, 0xff, 0x00, 0xff, 0xff, 0x00, 0xff, 0xff, 0x00, 
  0xff, 0xff, 0x00, 0xdb, 0xd6, 0x00, 0x55, 0xa5, 0x00, 0x51, 0x84, 0xff, 
  0x52, 0x84, 0xff, 0x93, 0x8c, 0xff, 0x72, 0x84, 0xff, 0x72, 0x84, 0xff, 
  0x72, 0x84, 0xff, 0x52, 0x84, 0xff, 0x92, 0x84, 0xff, 0x72, 0x84, 0xff, 
  0x72, 0x84, 0xff, 0x73, 0x84, 0xff, 0x52, 0x84, 0xff, 0x72, 0x84, 0xff, 
  0x92, 0x8c, 0xff, 0x51, 0x84, 0xff, 0xf3, 0x9c, 0xff, 0x59, 0xce, 0xff, 
  0x7a, 0xce, 0xff, 0x79, 0xce, 0xff, 0x9a, 0xd6, 0xff, 0x9a, 0xd6, 0xff, 
  0xba, 0xd6, 0xff, 0x9a, 0xd6, 0xff, 0x9a, 0xd6, 0xff, 0x9a, 0xd6, 0xff, 
  0xbb, 0xd6, 0xff, 0xdc, 0xce, 0xff, 0xbd, 0xbe, 0xff, 0xfc, 0x9d, 0xff, 
  0x16, 0x54, 0xff, 0xf2, 0x1a, 0xff, 0xb2, 0x12, 0xff, 0xd2, 0x12, 0xff, 
  0x13, 0x13, 0xff, 0x13, 0x13, 0xff, 0xf3, 0x1a, 0xff, 0xf4, 0x1a, 0xff, 
  0xf3, 0x12, 0xff, 0xf3, 0x12, 0xff, 0xf3, 0x12, 0xff, 0xf3, 0x12, 0xff, 
  0xb2, 0x12, 0xff, 0xb1, 0x12, 0xff, 0xf1, 0x22, 0xff, 0x35, 0x5c, 0xff, 
  0x1b, 0xa6, 0xff, 0xfe, 0xce, 0xff, 0x3e, 0xdf, 0xff, 0x3d, 0xe7, 0xff, 
  0x1c, 0xe7, 0xff, 0x3c, 0xef, 0xff, 0x3c, 0xef, 0xff, 0x3b, 0xe7, 0xff, 
  0x3c, 0xef, 0xff, 0x3c, 0xe7, 0xff, 0x3c, 0xef, 0xff, 0x3c, 0xe7, 0xff, 
  0xfc, 0xde, 0xff, 0xf4, 0x94, 0xff, 0xf0, 0x73, 0xff, 0x51, 0x7c, 0xff, 
  0x31, 0x7c, 0xff, 0x11, 0x74, 0xff, 0x31, 0x7c, 0xff, 0x11, 0x7c, 0xff, 
  0x11, 0x7c, 0xff, 0x31, 0x7c, 0xff, 0x10, 0x74, 0xff, 0x31, 0x7c, 0xff, 
  0x31, 0x7c, 0xff, 0xf1, 0x73, 0xff, 0x11, 0x7c, 0xff, 0x11, 0x74, 0xff, 
  0xd0, 0x73, 0xff, 0xf4, 0x9c, 0x00, 0xdb, 0xd6, 0x00, 0xdf, 0xf7, 0x00, 
  0xff, 0xff, 0x00, 0xff, 0xff, 0x00, 0xff, 0xff, 0x00, 0xff, 0xff, 0x00, 
  0xff, 0xff, 0x00, 0xff, 0xff, 0x00, 0xff, 0xff, 0x00, 0xff, 0xff, 0x00, 
  0xff, 0xff, 0x00, 0xff, 0xff, 0x00, 0xff, 0xff, 0x00, 0xff, 0xff, 0x00, 
  0xff, 0xff, 0x00, 0xff, 0xff, 0x00, 0xff, 0xff, 0x00, 0xff, 0xff, 0x00, 
  0xff, 0xff, 0x00, 0xff, 0xff, 0x00, 0xff, 0xff, 0x00, 0xff, 0xff, 0x00, 
  0xff, 0xff, 0x00, 0xff, 0xff, 0x00, 0xff, 0xff, 0x00, 0xff, 0xff, 0x00, 
  0xff, 0xff, 0x00, 0xff, 0xff, 0x00, 0xff, 0xff, 0x00, 0xff, 0xff, 0x00, 
  0xff, 0xff, 0x00, 0xff, 0xff, 0x00, 0xff, 0xff, 0x00, 0xff, 0xff, 0x00, 
  0xff, 0xff, 0x00, 0xff, 0xff, 0x00, 0xff, 0xff, 0x00, 0xff, 0xff, 0x00, 
  0xff, 0xff, 0x00, 0xff, 0xff, 0x00, 0xff, 0xff, 0x00, 0x9e, 0xef, 0x00, 
  0xf8, 0xbd, 0x00, 0xb3, 0x94, 0x00, 0x52, 0x84, 0xff, 0x72, 0x84, 0xff, 
  0x93, 0x8c, 0xff, 0x52, 0x84, 0xff, 0x72, 0x84, 0xff, 0x72, 0x84, 0xff, 
  0x72, 0x84, 0xff, 0x72, 0x84, 0xff, 0x72, 0x84, 0xff, 0x72, 0x84, 0xff, 
  0x72, 0x84, 0xff, 0x52, 0x84, 0xff, 0x72, 0x84, 0xff, 0x72, 0x84, 0xff, 
  0x51, 0x84, 0xff, 0xb3, 0x94, 0xff, 0xd7, 0xb5, 0xff, 0xba, 0xd6, 0xff, 
  0x9a, 0xd6, 0xff, 0x9a, 0xd6, 0xff, 0x9a, 0xd6, 0xff, 0x9a, 0xd6, 0xff, 
  0xba, 0xd6, 0xff, 0x9a, 0xd6, 0xff, 0x9a, 0xd6, 0xff, 0xbb, 0xd6, 0xff, 
  0xdc, 0xce, 0xff, 0x7c, 0xb6, 0xff, 0x35, 0x5c, 0xff, 0x12, 0x2b, 0xff, 
  0xf3, 0x1a, 0xff, 0xf4, 0x0a, 0xff, 0x15, 0x0b, 0xff, 0x35, 0x0b, 0xff, 
  0xf4, 0x0a, 0xff, 0xf4, 0x0a, 0xff, 0xf4, 0x12, 0xff, 0xf4, 0x12, 0xff, 
  0xf4, 0x12, 0xff, 0xf4, 0x12, 0xff, 0xf4, 0x0a, 0xff, 0xf4, 0x0a, 0xff, 
  0x14, 0x0b, 0xff, 0xf3, 0x0a, 0xff, 0xd3, 0x12, 0xff, 0xf2, 0x1a, 0xff, 
  0xf1, 0x2a, 0xff, 0x35, 0x64, 0xff, 0xbd, 0xbe, 0xff, 0x5e, 0xdf, 0xff, 
  0x3d, 0xe7, 0xff, 0x1b, 0xe7, 0xff, 0x1b, 0xe7, 0xff, 0x3b, 0xef, 0xff, 
  0x5c, 0xef, 0xff, 0x3c, 0xef, 0xff, 0x3c, 0xef, 0xff, 0x7d, 0xef, 0xff, 
  0x7e, 0xef, 0xff, 0x59, 0xc6, 0xff, 0x92, 0x8c, 0xff, 0xf0, 0x73, 0xff, 
  0x11, 0x7c, 0xff, 0x11, 0x7c, 0xff, 0x31, 0x7c, 0xff, 0x11, 0x74, 0xff, 
  0x11, 0x7c, 0xff, 0x11, 0x7c, 0xff, 0x11, 0x7c, 0xff, 0x11, 0x7c, 0xff, 
  0x11, 0x7c, 0xff, 0xf1, 0x73, 0xff, 0x11, 0x74, 0xff, 0x31, 0x7c, 0xff, 
  0xf0, 0x73, 0xff, 0xf0, 0x73, 0xff, 0x72, 0x84, 0x00, 0xb7, 0xad, 0x00, 
  0x7e, 0xef, 0x00, 0xff, 0xff, 0x00, 0xff, 0xff, 0x00, 0xff, 0xff, 0x00, 
  0xff, 0xff, 0x00, 0xff, 0xff, 0x00, 0xff, 0xff, 0x00, 0xff, 0xff, 0x00, 
  0xff, 0xff, 0x00, 0xff, 0xff, 0x00, 0xff, 0xff, 0x00, 0xff, 0xff, 0x00, 
  0xff, 0xff, 0x00, 0xff, 0xff, 0x00, 0xff, 0xff, 0x00, 0xff, 0xff, 0x00, 
  0xff, 0xff, 0x00, 0xff, 0xff, 0x00, 0xff, 0xff, 0x00, 0xff, 0xff, 0x00, 
  0xff, 0xff, 0x00, 0xff, 0xff, 0x00, 0xff, 0xff, 0x00, 0xff, 0xff, 0x00, 
  0xff, 0xff, 0x00, 0xff, 0xff, 0x00, 0xff, 0xff, 0x00, 0xff, 0xff, 0x00, 
  0xff, 0xff, 0x00, 0xff, 0xff, 0x00, 0xff, 0xff, 0x00, 0xff, 0xff, 0x00, 
  0xff, 0xff, 0x00, 0xff, 0xff, 0x00, 0xff, 0xff, 0x00, 0xff, 0xff, 0x00, 
  0xdf, 0xff, 0x00, 0x1c, 0xdf, 0x00, 0x18, 0xbe, 0x00, 0x35, 0xa5, 0x00, 
  0x92, 0x8c, 0xff, 0x51, 0x84, 0xff, 0x52, 0x84, 0xff, 0x72, 0x84, 0xff, 
  0x72, 0x84, 0xff, 0x72, 0x84, 0xff, 0x72, 0x84, 0xff, 0x72, 0x84, 0xff, 
  0x72, 0x84, 0xff, 0x72, 0x84, 0xff, 0x52, 0x84, 0xff, 0x72, 0x84, 0xff, 
  0x72, 0x84, 0xff, 0x52, 0x84, 0xff, 0x93, 0x8c, 0xff, 0x72, 0x84, 0xff, 
  0x51, 0x84, 0xff, 0x76, 0xad, 0xff, 0x9a, 0xd6, 0xff, 0x79, 0xce, 0xff, 
  0x9a, 0xd6, 0xff, 0x9a, 0xd6, 0xff, 0x9a, 0xd6, 0xff, 0x9a, 0xd6, 0xff, 
  0x9a, 0xd6, 0xff, 0x9a, 0xd6, 0xff, 0xdb, 0xde, 0xff, 0xbc, 0xce, 0xff, 
  0xfb, 0x9d, 0xff, 0xd4, 0x43, 0xff, 0xf2, 0x1a, 0xff, 0xd2, 0x12, 0xff, 
  0xd3, 0x0a, 0xff, 0x35, 0x0b, 0xff, 0x15, 0x0b, 0xff, 0x15, 0x0b, 0xff, 
  0x14, 0x0b, 0xff, 0x14, 0x13, 0xff, 0xf4, 0x12, 0xff, 0xf4, 0x12, 0xff, 
  0xf4, 0x12, 0xff, 0xf4, 0x12, 0xff, 0x14, 0x0b, 0xff, 0x14, 0x0b, 0xff, 
  0xf4, 0x0a, 0xff, 0xf4, 0x12, 0xff, 0x14, 0x13, 0xff, 0xb3, 0x0a, 0xff, 
  0xb2, 0x12, 0xff, 0xd2, 0x1a, 0xff, 0xd4, 0x4b, 0xff, 0x3c, 0xa6, 0xff, 
  0x5f, 0xd7, 0xff, 0x5d, 0xe7, 0xff, 0x1b, 0xe7, 0xff, 0x3c, 0xef, 0xff, 
  0x3c, 0xef, 0xff, 0x3c, 0xef, 0xff, 0x3d, 0xe7, 0xff, 0x5d, 0xe7, 0xff, 
  0x5d, 0xe7, 0xff, 0x7e, 0xef, 0xff, 0xb7, 0xb5, 0xff, 0x31, 0x7c, 0xff, 
  0x11, 0x7c, 0xff, 0x31, 0x7c, 0xff, 0x11, 0x7c, 0xff, 0x11, 0x74, 0xff, 
  0x11, 0x7c, 0xff, 0x11, 0x7c, 0xff, 0x11, 0x7c, 0xff, 0x10, 0x74, 0xff, 
  0x11, 0x74, 0xff, 0x31, 0x7c, 0xff, 0x11, 0x74, 0xff, 0xf0, 0x73, 0xff, 
  0x11, 0x74, 0xff, 0xf0, 0x73, 0xff, 0xd0, 0x73, 0xff, 0x11, 0x7c, 0xff, 
  0xd4, 0x94, 0x00, 0xd7, 0xb5, 0x00, 0xfc, 0xde, 0x00, 0xdf, 0xf7, 0x00, 
  0xff, 0xff, 0x00, 0xff, 0xff, 0x00, 0xff, 0xff, 0x00, 0xff, 0xff, 0x00, 
  0xff, 0xff, 0x00, 0xff, 0xff, 0x00, 0xff, 0xff, 0x00, 0xff, 0xff, 0x00, 
  0xff, 0xff, 0x00, 0xff, 0xff, 0x00, 0xff, 0xff, 0x00, 0xff, 0xff, 0x00, 
  0xff, 0xff, 0x00, 0xff, 0xff, 0x00, 0xff, 0xff, 0x00, 0xff, 0xff, 0x00, 
  0xff, 0xff, 0x00, 0xff, 0xff, 0x00, 0xff, 0xff, 0x00, 0xff, 0xff, 0x00, 
  0xff, 0xff, 0x00, 0xff, 0xff, 0x00, 0xff, 0xff, 0x00, 0xff, 0xff, 0x00, 
  0xff, 0xff, 0x00, 0xff, 0xff, 0x00, 0xff, 0xff, 0x00, 0x9e, 0xef, 0x00, 
  0x3d, 0xe7, 0x00, 0xfc, 0xde, 0x00, 0x9a, 0xd6, 0x00, 0x59, 0xc6, 0x00, 
  0xb7, 0xb5, 0x00, 0x35, 0xa5, 0x00, 0x92, 0x8c, 0xff, 0x10, 0x7c, 0xff, 
  0x51, 0x84, 0xff, 0x72, 0x84, 0xff, 0x72, 0x8c, 0xff, 0x72, 0x84, 0xff, 
  0x72, 0x84, 0xff, 0x72, 0x84, 0xff, 0x72, 0x84, 0xff, 0x72, 0x84, 0xff, 
  0x52, 0x84, 0xff, 0x72, 0x84, 0xff, 0x72, 0x84, 0xff, 0x72, 0x84, 0xff, 
  0x72, 0x84, 0xff, 0x72, 0x84, 0xff, 0x52, 0x84, 0xff, 0x52, 0x84, 0xff, 
  0xf4, 0x94, 0xff, 0x18, 0xc6, 0xff, 0xba, 0xd6, 0xff, 0x7a, 0xd6, 0xff, 
  0x9a, 0xd6, 0xff, 0x9a, 0xd6, 0xff, 0xba, 0xd6, 0xff, 0xba, 0xd6, 0xff, 
  0x9a, 0xd6, 0xff, 0xbb, 0xce, 0xff, 0xdc, 0xce, 0xff, 0xb9, 0x9d, 0xff, 
  0xb4, 0x3b, 0xff, 0xb1, 0x12, 0xff, 0xf3, 0x12, 0xff, 0x14, 0x13, 0xff, 
  0x15, 0x0b, 0xff, 0x15, 0x0b, 0xff, 0x15, 0x0b, 0xff, 0x14, 0x0b, 0xff, 
  0x14, 0x0b, 0xff, 0xf4, 0x0a, 0xff, 0xf4, 0x12, 0xff, 0xf4, 0x12, 0xff, 
  0xf4, 0x12, 0xff, 0xf4, 0x0a, 0xff, 0xf4, 0x0a, 0xff, 0xf4, 0x0a, 0xff, 
  0xf4, 0x12, 0xff, 0xf3, 0x0a, 0xff, 0xf4, 0x0a, 0xff, 0x14, 0x13, 0xff, 
  0x14, 0x13, 0xff, 0xd2, 0x0a, 0xff, 0x90, 0x12, 0xff, 0x93, 0x3b, 0xff, 
  0xfb, 0x9d, 0xff, 0x5e, 0xd7, 0xff, 0x5d, 0xe7, 0xff, 0x5c, 0xef, 0xff, 
  0x3c, 0xe7, 0xff, 0x5d, 0xef, 0xff, 0x5d, 0xe7, 0xff, 0x5d, 0xe7, 0xff, 
  0x5d, 0xe7, 0xff, 0xbf, 0xf7, 0xff, 0x9a, 0xce, 0xff, 0xf4, 0x94, 0xff, 
  0x11, 0x7c, 0xff, 0xf1, 0x73, 0xff, 0x11, 0x7c, 0xff, 0x11, 0x7c, 0xff, 
  0x11, 0x7c, 0xff, 0x31, 0x7c, 0xff, 0x11, 0x7c, 0xff, 0x11, 0x74, 0xff, 
  0x11, 0x7c, 0xff, 0xf1, 0x73, 0xff, 0x11, 0x74, 0xff, 0x31, 0x74, 0xff, 
  0xf1, 0x73, 0xff, 0x11, 0x74, 0xff, 0x11, 0x74, 0xff, 0xd0, 0x73, 0xff, 
  0x8f, 0x6b, 0xff, 0xf0, 0x7b, 0xff, 0xd3, 0x94, 0x00, 0x96, 0xad, 0x00, 
  0x18, 0xbe, 0x00, 0x7a, 0xce, 0x00, 0xdb, 0xd6, 0x00, 0x1c, 0xdf, 0x00, 
  0x7e, 0xef, 0x00, 0xff, 0xff, 0x00, 0xff, 0xff, 0x00, 0xff, 0xff, 0x00, 
  0xff, 0xff, 0x00, 0xff, 0xff, 0x00, 0xff, 0xff, 0x00, 0xff, 0xff, 0x00, 
  0xff, 0xff, 0x00, 0xff, 0xff, 0x00, 0xff, 0xff, 0x00, 0xff, 0xff, 0x00, 
  0xff, 0xff, 0x00, 0xff, 0xff, 0x00, 0xff, 0xff, 0x00, 0xff, 0xff, 0x00, 
  0xff, 0xff, 0x00, 0xff, 0xff, 0x00, 0xff, 0xff, 0x00, 0xff, 0xff, 0x00, 
  0xff, 0xff, 0x00, 0xff, 0xff, 0x00, 0xff, 0xff, 0x00, 0x59, 0xc6, 0x00, 
  0x55, 0xa5, 0x00, 0x14, 0x9d, 0x00, 0xb3, 0x94, 0xff, 0x31, 0x7c, 0xff, 
  0x11, 0x7c, 0xff, 0x31, 0x84, 0xff, 0x72, 0x84, 0xff, 0x72, 0x8c, 0xff, 
  0x72, 0x84, 0xff, 0x72, 0x84, 0xff, 0x72, 0x84, 0xff, 0x72, 0x84, 0xff, 
  0x72, 0x84, 0xff, 0x72, 0x84, 0xff, 0x72, 0x84, 0xff, 0x72, 0x84, 0xff, 
  0x72, 0x84, 0xff, 0x72, 0x84, 0xff, 0x72, 0x84, 0xff, 0x72, 0x84, 0xff, 
  0x72, 0x84, 0xff, 0x73, 0x84, 0xff, 0x72, 0x84, 0xff, 0x51, 0x7c, 0xff, 
  0xb7, 0xb5, 0xff, 0x9a, 0xd6, 0xff, 0x79, 0xce, 0xff, 0x9a, 0xd6, 0xff, 
  0x99, 0xd6, 0xff, 0xba, 0xd6, 0xff, 0x9a, 0xd6, 0xff, 0x9a, 0xd6, 0xff, 
  0xbb, 0xd6, 0xff, 0xfd, 0xce, 0xff, 0xda, 0x9d, 0xff, 0x93, 0x3b, 0xff, 
  0xb2, 0x12, 0xff, 0xf4, 0x12, 0xff, 0x15, 0x13, 0xff, 0xf4, 0x0a, 0xff, 
  0xf4, 0x0a, 0xff, 0x15, 0x0b, 0xff, 0x15, 0x0b, 0xff, 0xf4, 0x0a, 0xff, 
  0xf4, 0x0a, 0xff, 0xf4, 0x0a, 0xff, 0xf4, 0x0a, 0xff, 0xf4, 0x12, 0xff, 
  0xf4, 0x12, 0xff, 0xf4, 0x0a, 0xff, 0xf4, 0x0a, 0xff, 0xf4, 0x0a, 0xff, 
  0xf3, 0x0a, 0xff, 0xf4, 0x12, 0xff, 0xf4, 0x0a, 0xff, 0xd3, 0x0a, 0xff, 
  0xf4, 0x12, 0xff, 0x13, 0x13, 0xff, 0xd2, 0x12, 0xff, 0x70, 0x0a, 0xff, 
  0x94, 0x3b, 0xff, 0x1c, 0xa6, 0xff, 0x7e, 0xe7, 0xff, 0x5d, 0xef, 0xff, 
  0x3d, 0xe7, 0xff, 0x3d, 0xe7, 0xff, 0x7d, 0xef, 0xff, 0x5d, 0xe7, 0xff, 
  0x7d, 0xef, 0xff, 0x3c, 0xe7, 0xff, 0x9e, 0xef, 0xff, 0x39, 0xbe, 0xff, 
  0x10, 0x7c, 0xff, 0x10, 0x74, 0xff, 0x11, 0x7c, 0xff, 0x11, 0x7c, 0xff, 
  0x11, 0x7c, 0xff, 0x11, 0x74, 0xff, 0x11, 0x74, 0xff, 0x11, 0x74, 0xff, 
  0x11, 0x74, 0xff, 0x11, 0x74, 0xff, 0x11, 0x74, 0xff, 0xf1, 0x73, 0xff, 
  0xf1, 0x73, 0xff, 0xf1, 0x73, 0xff, 0x11, 0x74, 0xff, 0x11, 0x74, 0xff, 
  0x11, 0x74, 0xff, 0xf0, 0x73, 0xff, 0xaf, 0x6b, 0xff, 0x8e, 0x6b, 0xff, 
  0x8e, 0x6b, 0xff, 0x51, 0x7c, 0xff, 0xb3, 0x8c, 0x00, 0xd4, 0x8c, 0x00, 
  0xf8, 0xb5, 0x00, 0xff, 0xff, 0x00, 0xff, 0xff, 0x00, 0xff, 0xff, 0x00, 
  0xff, 0xff, 0x00, 0xff, 0xff, 0x00, 0xff, 0xff, 0x00, 0xff, 0xff, 0x00, 
  0xff, 0xff, 0x00, 0xff, 0xff, 0x00, 0xff, 0xff, 0x00, 0xff, 0xff, 0x00, 
  0xff, 0xff, 0x00, 0xff, 0xff, 0x00, 0xff, 0xff, 0x00, 0xff, 0xff, 0x00, 
  0xff, 0xff, 0x00, 0xff, 0xff, 0x00, 0xff, 0xff, 0x00, 0xff, 0xff, 0x00, 
  0xff, 0xff, 0x00, 0xff, 0xff, 0x00, 0xff, 0xff, 0x00, 0x76, 0xa5, 0x00, 
  0x11, 0x7c, 0xff, 0x72, 0x84, 0xff, 0x72, 0x84, 0xff, 0x93, 0x8c, 0xff, 
  0x72, 0x84, 0xff, 0x72, 0x84, 0xff, 0x72, 0x84, 0xff, 0x72, 0x84, 0xff, 
  0x72, 0x84, 0xff, 0x72, 0x84, 0xff, 0x72, 0x84, 0xff, 0x72, 0x84, 0xff, 
  0x72, 0x84, 0xff, 0x72, 0x84, 0xff, 0x72, 0x84, 0xff, 0x72, 0x84, 0xff, 
  0x72, 0x84, 0xff, 0x72, 0x84, 0xff, 0x72, 0x84, 0xff, 0x72, 0x84, 0xff, 
  0x72, 0x84, 0xff, 0x72, 0x84, 0xff, 0x72, 0x84, 0xff, 0xd3, 0x94, 0xff, 
  0x18, 0xbe, 0xff, 0xba, 0xd6, 0xff, 0x9a, 0xd6, 0xff, 0x9a, 0xd6, 0xff, 
  0xba, 0xd6, 0xff, 0x99, 0xce, 0xff, 0x9a, 0xd6, 0xff, 0xdb, 0xd6, 0xff, 
  0xdc, 0xce, 0xff, 0x5c, 0xb6, 0xff, 0xd4, 0x43, 0xff, 0xb1, 0x12, 0xff, 
  0x14, 0x13, 0xff, 0x15, 0x13, 0xff, 0x15, 0x0b, 0xff, 0xf5, 0x0a, 0xff, 
  0x14, 0x0b, 0xff, 0x14, 0x0b, 0xff, 0x14, 0x13, 0xff, 0xf4, 0x0a, 0xff, 
  0xf4, 0x0a, 0xff, 0xf4, 0x0a, 0xff, 0xf4, 0x0a, 0xff, 0xf4, 0x0a, 0xff, 
  0xf4, 0x0a, 0xff, 0xf4, 0x0a, 0xff, 0xf4, 0x0a, 0xff, 0xf4, 0x0a, 0xff, 
  0xf3, 0x0a, 0xff, 0xf4, 0x12, 0xff, 0xf4, 0x0a, 0xff, 0xf3, 0x0a, 0xff, 
  0xd3, 0x12, 0xff, 0xf3, 0x12, 0xff, 0xf3, 0x12, 0xff, 0xf2, 0x12, 0xff, 
  0x71, 0x12, 0xff, 0xd4, 0x4b, 0xff, 0xbd, 0xc6, 0xff, 0x5e, 0xe7, 0xff, 
  0x7e, 0xef, 0xff, 0x5d, 0xe7, 0xff, 0x5c, 0xe7, 0xff, 0x7d, 0xef, 0xff, 
  0x5d, 0xef, 0xff, 0x5d, 0xef, 0xff, 0xbf, 0xf7, 0xff, 0xbb, 0xd6, 0xff, 
  0xd3, 0x94, 0xff, 0x10, 0x7c, 0xff, 0x10, 0x74, 0xff, 0x31, 0x7c, 0xff, 
  0x11, 0x7c, 0xff, 0x11, 0x74, 0xff, 0x11, 0x74, 0xff, 0x11, 0x74, 0xff, 
  0x11, 0x74, 0xff, 0x11, 0x74, 0xff, 0x11, 0x74, 0xff, 0xf1, 0x73, 0xff, 
  0x10, 0x74, 0xff, 0xf0, 0x73, 0xff, 0xf0, 0x73, 0xff, 0xf0, 0x73, 0xff, 
  0xf1, 0x73, 0xff, 0xf1, 0x73, 0xff, 0xf0, 0x73, 0xff, 0xf0, 0x73, 0xff, 
  0x10, 0x74, 0xff, 0xf0, 0x73, 0xff, 0xf0, 0x73, 0xff, 0x6e, 0x63, 0xff, 
  0x14, 0x95, 0x00, 0xff, 0xff, 0x00, 0xff, 0xff, 0x00, 0xff, 0xff, 0x00, 
  0xff, 0xff, 0x00, 0xff, 0xff, 0x00, 0xff, 0xff, 0x00, 0xff, 0xff, 0x00, 
  0xff, 0xff, 0x00, 0xff, 0xff, 0x00, 0xff, 0xff, 0x00, 0xff, 0xff, 0x00, 
  0xff, 0xff, 0x00, 0xff, 0xff, 0x00, 0xff, 0xff, 0x00, 0xff, 0xff, 0x00, 
  0xff, 0xff, 0x00, 0xff, 0xff, 0x00, 0xff, 0xff, 0x00, 0xff, 0xff, 0x00, 
  0xff, 0xff, 0x00, 0xff, 0xff, 0x00, 0x9f, 0xf7, 0x00, 0x14, 0x9d, 0x00, 
  0x10, 0x7c, 0xff, 0xb3, 0x8c, 0xff, 0x72, 0x84, 0xff, 0x72, 0x84, 0xff, 
  0x92, 0x84, 0xff, 0x72, 0x84, 0xff, 0x72, 0x84, 0xff, 0x72, 0x84, 0xff, 
  0x72, 0x84, 0xff, 0x72, 0x84, 0xff, 0x72, 0x84, 0xff, 0x72, 0x84, 0xff, 
  0x72, 0x84, 0xff, 0x72, 0x84, 0xff, 0x72, 0x84, 0xff, 0x72, 0x84, 0xff, 
  0x72, 0x84, 0xff, 0x72, 0x84, 0xff, 0x72, 0x84, 0xff, 0x72, 0x84, 0xff, 
  0x72, 0x84, 0xff, 0x51, 0x84, 0xff, 0x72, 0x84, 0xff, 0x76, 0xad, 0xff, 
  0x79, 0xce, 0xff, 0xba, 0xd6, 0xff, 0x9a, 0xd6, 0xff, 0x9a, 0xd6, 0xff, 
  0x99, 0xd6, 0xff, 0xba, 0xd6, 0xff, 0x79, 0xd6, 0xff, 0xfc, 0xde, 0xff, 
  0x9d, 0xbe, 0xff, 0x35, 0x5c, 0xff, 0xd2, 0x1a, 0xff, 0xf3, 0x12, 0xff, 
  0x15, 0x13, 0xff, 0x15, 0x0b, 0xff, 0xf4, 0x0a, 0xff, 0xf4, 0x0a, 0xff, 
  0x14, 0x0b, 0xff, 0x14, 0x0b, 0xff, 0xf4, 0x0a, 0xff, 0xf4, 0x0a, 0xff, 
  0xf4, 0x0a, 0xff, 0xf4, 0x0a, 0xff, 0xf4, 0x0a, 0xff, 0xf4, 0x0a, 0xff, 
  0xf4, 0x0a, 0xff, 0xf4, 0x0a, 0xff, 0xf4, 0x0a, 0xff, 0xf4, 0x0a, 0xff, 
  0xf4, 0x12, 0xff, 0xf3, 0x12, 0xff, 0xf4, 0x0a, 0xff, 0xf3, 0x0a, 0xff, 
  0xd3, 0x0a, 0xff, 0xd3, 0x0a, 0xff, 0xf3, 0x12, 0xff, 0xf3, 0x12, 0xff, 
  0xb2, 0x12, 0xff, 0xb0, 0x22, 0xff, 0x54, 0x6c, 0xff, 0x3e, 0xd7, 0xff, 
  0x9f, 0xef, 0xff, 0x3d, 0xe7, 0xff, 0x7d, 0xef, 0xff, 0x5c, 0xef, 0xff, 
  0x5d, 0xef, 0xff, 0x7d, 0xef, 0xff, 0xbe, 0xf7, 0xff, 0x3d, 0xe7, 0xff, 
  0xd7, 0xb5, 0xff, 0x31, 0x7c, 0xff, 0xf0, 0x73, 0xff, 0x11, 0x7c, 0xff, 
  0x11, 0x74, 0xff, 0x11, 0x74, 0xff, 0x11, 0x74, 0xff, 0x11, 0x74, 0xff, 
  0x11, 0x74, 0xff, 0x11, 0x74, 0xff, 0xf1, 0x73, 0xff, 0xf1, 0x73, 0xff, 
  0xf0, 0x73, 0xff, 0xf0, 0x73, 0xff, 0xf1, 0x73, 0xff, 0xf1, 0x73, 0xff, 
  0xf1, 0x73, 0xff, 0xf0, 0x73, 0xff, 0xf0, 0x73, 0xff, 0xf1, 0x73, 0xff, 
  0xf0, 0x73, 0xff, 0xd0, 0x6b, 0xff, 0x11, 0x74, 0xff, 0x4e, 0x5b, 0xff, 
  0xb3, 0x8c, 0x00, 0x9e, 0xef, 0x00, 0xff, 0xff, 0x00, 0xff, 0xff, 0x00, 
  0xff, 0xff, 0x00, 0xff, 0xff, 0x00, 0xff, 0xff, 0x00, 0xff, 0xff, 0x00, 
  0xff, 0xff, 0x00, 0xff, 0xff, 0x00, 0xff, 0xff, 0x00, 0xff, 0xff, 0x00, 
  0xff, 0xff, 0x00, 0xff, 0xff, 0x00, 0xff, 0xff, 0x00, 0xff, 0xff, 0x00, 
  0xff, 0xff, 0x00, 0xff, 0xff, 0x00, 0xff, 0xff, 0x00, 0xff, 0xff, 0x00, 
  0xff, 0xff, 0x00, 0xff, 0xff, 0x00, 0x1c, 0xdf, 0x00, 0x14, 0x9d, 0x00, 
  0x31, 0x7c, 0xff, 0x92, 0x8c, 0xff, 0x92, 0x84, 0xff, 0x72, 0x84, 0xff, 
  0x72, 0x84, 0xff, 0x72, 0x84, 0xff, 0x72, 0x84, 0xff, 0x72, 0x84, 0xff, 
  0x72, 0x84, 0xff, 0x72, 0x84, 0xff, 0x72, 0x84, 0xff, 0x72, 0x84, 0xff, 
  0x72, 0x84, 0xff, 0x72, 0x84, 0xff, 0x72, 0x84, 0xff, 0x72, 0x84, 0xff, 
  0x72, 0x84, 0xff, 0x72, 0x84, 0xff, 0x72, 0x84, 0xff, 0x52, 0x84, 0xff, 
  0x52, 0x84, 0xff, 0x31, 0x84, 0xff, 0x72, 0x8c, 0xff, 0x18, 0xbe, 0xff, 
  0x9a, 0xd6, 0xff, 0x9a, 0xd6, 0xff, 0x9a, 0xd6, 0xff, 0x9a, 0xd6, 0xff, 
  0xba, 0xd6, 0xff, 0xb9, 0xd6, 0xff, 0xba, 0xd6, 0xff, 0xdc, 0xce, 0xff, 
  0xdb, 0x95, 0xff, 0x12, 0x2b, 0xff, 0xb2, 0x0a, 0xff, 0x35, 0x13, 0xff, 
  0x14, 0x0b, 0xff, 0xf4, 0x0a, 0xff, 0xf4, 0x0a, 0xff, 0x15, 0x0b, 0xff, 
  0x14, 0x0b, 0xff, 0xf4, 0x0a, 0xff, 0xf4, 0x0a, 0xff, 0x14, 0x13, 0xff, 
  0xf4, 0x0a, 0xff, 0xf4, 0x0a, 0xff, 0xf4, 0x0a, 0xff, 0xf4, 0x0a, 0xff, 
  0xf4, 0x0a, 0xff, 0xf4, 0x0a, 0xff, 0xf4, 0x0a, 0xff, 0xf4, 0x0a, 0xff, 
  0xf4, 0x12, 0xff, 0xd3, 0x12, 0xff, 0xd3, 0x0a, 0xff, 0xd3, 0x0a, 0xff, 
  0xd3, 0x12, 0xff, 0xd3, 0x12, 0xff, 0xd3, 0x0a, 0xff, 0xd3, 0x12, 0xff, 
  0xf3, 0x1a, 0xff, 0x70, 0x12, 0xff, 0xf1, 0x32, 0xff, 0x3b, 0xae, 0xff, 
  0x7e, 0xe7, 0xff, 0x7e, 0xef, 0xff, 0x5c, 0xef, 0xff, 0x7d, 0xef, 0xff, 
  0x7d, 0xef, 0xff, 0x7d, 0xef, 0xff, 0x7e, 0xef, 0xff, 0x9e, 0xef, 0xff, 
  0xbb, 0xd6, 0xff, 0x51, 0x84, 0xff, 0xd0, 0x73, 0xff, 0x11, 0x7c, 0xff, 
  0x11, 0x74, 0xff, 0x11, 0x74, 0xff, 0x11, 0x74, 0xff, 0x11, 0x74, 0xff, 
  0x11, 0x74, 0xff, 0xf1, 0x73, 0xff, 0xf1, 0x73, 0xff, 0xf1, 0x73, 0xff, 
  0xf0, 0x73, 0xff, 0xf0, 0x73, 0xff, 0x11, 0x74, 0xff, 0xf1, 0x73, 0xff, 
  0xf1, 0x73, 0xff, 0xf0, 0x73, 0xff, 0xd0, 0x73, 0xff, 0xd0, 0x73, 0xff, 
  0xd0, 0x73, 0xff, 0xf0, 0x73, 0xff, 0x11, 0x74, 0xff, 0xaf, 0x6b, 0xff, 
  0x93, 0x8c, 0x00, 0xfc, 0xd6, 0x00, 0xff, 0xff, 0x00, 0xff, 0xff, 0x00, 
  0xff, 0xff, 0x00, 0xff, 0xff, 0x00, 0xff, 0xff, 0x00, 0xff, 0xff, 0x00, 
  0xff, 0xff, 0x00, 0xff, 0xff, 0x00, 0xff, 0xff, 0x00, 0xff, 0xff, 0x00, 
  0xff, 0xff, 0x00, 0xff, 0xff, 0x00, 0xff, 0xff, 0x00, 0xff, 0xff, 0x00, 
  0xff, 0xff, 0x00, 0xff, 0xff, 0x00, 0xff, 0xff, 0x00, 0xff, 0xff, 0x00, 
  0xff, 0xff, 0x00, 0xff, 0xff, 0x00, 0x7a, 0xce, 0x00, 0xd3, 0x94, 0xff, 
  0x31, 0x7c, 0xff, 0x52, 0x84, 0xff, 0x92, 0x84, 0xff, 0x93, 0x84, 0xff, 
  0x72, 0x84, 0xff, 0x72, 0x84, 0xff, 0x72, 0x84, 0xff, 0x72, 0x84, 0xff, 
  0x72, 0x84, 0xff, 0x72, 0x84, 0xff, 0x72, 0x84, 0xff, 0x72, 0x84, 0xff, 
  0x72, 0x84, 0xff, 0x72, 0x84, 0xff, 0x72, 0x84, 0xff, 0x72, 0x84, 0xff, 
  0x72, 0x84, 0xff, 0x72, 0x84, 0xff, 0x72, 0x84, 0xff, 0x52, 0x84, 0xff, 
  0x72, 0x84, 0xff, 0x31, 0x84, 0xff, 0xd3, 0x94, 0xff, 0x79, 0xce, 0xff, 
  0xdb, 0xd6, 0xff, 0x9a, 0xd6, 0xff, 0x9a, 0xd6, 0xff, 0x9a, 0xd6, 0xff, 
  0xba, 0xd6, 0xff, 0x99, 0xd6, 0xff, 0xfc, 0xde, 0xff, 0x5b, 0xb6, 0xff, 
  0x36, 0x54, 0xff, 0x14, 0x1b, 0xff, 0xf4, 0x0a, 0xff, 0x14, 0x0b, 0xff, 
  0xf4, 0x0a, 0xff, 0x14, 0x0b, 0xff, 0x15, 0x13, 0xff, 0x14, 0x13, 0xff, 
  0xf4, 0x0a, 0xff, 0xf4, 0x0a, 0xff, 0xf4, 0x0a, 0xff, 0xf4, 0x0a, 0xff, 
  0xf4, 0x12, 0xff, 0xf4, 0x12, 0xff, 0xf4, 0x0a, 0xff, 0xf4, 0x0a, 0xff, 
  0xf4, 0x0a, 0xff, 0xf4, 0x0a, 0xff, 0xf4, 0x0a, 0xff, 0xf4, 0x0a, 0xff, 
  0xd3, 0x12, 0xff, 0xd3, 0x12, 0xff, 0xd3, 0x0a, 0xff, 0xd3, 0x12, 0xff, 
  0xd3, 0x12, 0xff, 0xf3, 0x12, 0xff, 0xd3, 0x12, 0xff, 0xd3, 0x12, 0xff, 
  0xd3, 0x12, 0xff, 0x91, 0x0a, 0xff, 0xd2, 0x22, 0xff, 0x35, 0x5c, 0xff, 
  0xdd, 0xce, 0xff, 0xbf, 0xf7, 0xff, 0x3c, 0xef, 0xff, 0x7d, 0xf7, 0xff, 
  0x7d, 0xef, 0xff, 0x7d, 0xef, 0xff, 0x7e, 0xef, 0xff, 0xdf, 0xf7, 0xff, 
  0x3d, 0xe7, 0xff, 0xb3, 0x8c, 0xff, 0xf0, 0x73, 0xff, 0x11, 0x7c, 0xff, 
  0x11, 0x74, 0xff, 0x11, 0x74, 0xff, 0x11, 0x74, 0xff, 0xf1, 0x73, 0xff, 
  0xf1, 0x73, 0xff, 0xf1, 0x73, 0xff, 0xf1, 0x73, 0xff, 0xf0, 0x73, 0xff, 
  0xf1, 0x73, 0xff, 0xf0, 0x73, 0xff, 0xf0, 0x73, 0xff, 0xf1, 0x73, 0xff, 
  0xf1, 0x73, 0xff, 0xf0, 0x73, 0xff, 0xf0, 0x73, 0xff, 0xf0, 0x73, 0xff, 
  0xf0, 0x73, 0xff, 0xf0, 0x73, 0xff, 0xd0, 0x6b, 0xff, 0xaf, 0x6b, 0xff, 
  0x52, 0x7c, 0xff, 0x39, 0xbe, 0x00, 0xff, 0xff, 0x00, 0xff, 0xff, 0x00, 
  0xff, 0xff, 0x00, 0xff, 0xff, 0x00, 0xff, 0xff, 0x00, 0xff, 0xff, 0x00, 
  0xff, 0xff, 0x00, 0xff, 0xff, 0x00, 0xff, 0xff, 0x00, 0xff, 0xff, 0x00, 
  0xff, 0xff, 0x00, 0xff, 0xff, 0x00, 0xff, 0xff, 0x00, 0xff, 0xff, 0x00, 
  0xff, 0xff, 0x00, 0xff, 0xff, 0x00, 0xff, 0xff, 0x00, 0xff, 0xff, 0x00, 
  0xff, 0xff, 0x00, 0xff, 0xff, 0x00, 0xf8, 0xbd, 0x00, 0xb2, 0x8c, 0xff, 
  0x52, 0x84, 0xff, 0x92, 0x8c, 0xff, 0x92, 0x84, 0xff, 0x72, 0x84, 0xff, 
  0x72, 0x84, 0xff, 0x72, 0x84, 0xff, 0x72, 0x84, 0xff, 0x72, 0x84, 0xff, 
  0x72, 0x84, 0xff, 0x72, 0x84, 0xff, 0x72, 0x84, 0xff, 0x72, 0x84, 0xff, 
  0x72, 0x84, 0xff, 0x72, 0x84, 0xff, 0x72, 0x84, 0xff, 0x72, 0x84, 0xff, 
  0x72, 0x84, 0xff, 0x72, 0x84, 0xff, 0x72, 0x84, 0xff, 0x52, 0x84, 0xff, 
  0x52, 0x84, 0xff, 0x72, 0x84, 0xff, 0x35, 0xa5, 0xff, 0x9a, 0xce, 0xff, 
  0xdb, 0xd6, 0xff, 0x9a, 0xce, 0xff, 0x9a, 0xd6, 0xff, 0xba, 0xd6, 0xff, 
  0x99, 0xd6, 0xff, 0xba, 0xd6, 0xff, 0x1c, 0xdf, 0xff, 0xda, 0x9d, 0xff, 
  0xf2, 0x1a, 0xff, 0xd4, 0x02, 0xff, 0x35, 0x13, 0xff, 0x15, 0x0b, 0xff, 
  0x15, 0x0b, 0xff, 0x14, 0x0b, 0xff, 0xf4, 0x0a, 0xff, 0xf4, 0x0a, 0xff, 
  0xf4, 0x0a, 0xff, 0x14, 0x13, 0xff, 0x14, 0x13, 0xff, 0xf4, 0x0a, 0xff, 
  0xf4, 0x0a, 0xff, 0xf4, 0x0a, 0xff, 0xf4, 0x0a, 0xff, 0xf4, 0x0a, 0xff, 
  0xf4, 0x0a, 0xff, 0xf4, 0x0a, 0xff, 0xf4, 0x0a, 0xff, 0xf3, 0x12, 0xff, 
  0xd3, 0x12, 0xff, 0xd3, 0x12, 0xff, 0xd4, 0x12, 0xff, 0xd3, 0x12, 0xff, 
  0xd3, 0x0a, 0xff, 0xd3, 0x12, 0xff, 0xd3, 0x12, 0xff, 0xd3, 0x12, 0xff, 
  0xd3, 0x12, 0xff, 0xd3, 0x12, 0xff, 0x92, 0x12, 0xff, 0xb1, 0x22, 0xff, 
  0x3b, 0xb6, 0xff, 0xbf, 0xf7, 0xff, 0x7d, 0xef, 0xff, 0x5d, 0xef, 0xff, 
  0x7d, 0xef, 0xff, 0x7d, 0xef, 0xff, 0x7d, 0xef, 0xff, 0xbe, 0xf7, 0xff, 
  0x7e, 0xef, 0xff, 0x55, 0xa5, 0xff, 0x11, 0x7c, 0xff, 0xf0, 0x73, 0xff, 
  0x11, 0x74, 0xff, 0x11, 0x74, 0xff, 0x11, 0x74, 0xff, 0xf1, 0x73, 0xff, 
  0xf1, 0x73, 0xff, 0xf1, 0x73, 0xff, 0xf1, 0x73, 0xff, 0xf1, 0x73, 0xff, 
  0xf1, 0x73, 0xff, 0xf0, 0x73, 0xff, 0xf1, 0x73, 0xff, 0xf1, 0x73, 0xff, 
  0xf1, 0x73, 0xff, 0xf0, 0x73, 0xff, 0xf0, 0x73, 0xff, 0xf0, 0x73, 0xff, 
  0xd0, 0x73, 0xff, 0xf0, 0x6b, 0xff, 0x11, 0x74, 0xff, 0xd0, 0x6b, 0xff, 
  0x11, 0x74, 0xff, 0xb7, 0xad, 0x00, 0xdf, 0xff, 0x00, 0xff, 0xff, 0x00, 
  0xff, 0xff, 0x00, 0xff, 0xff, 0x00, 0xff, 0xff, 0x00, 0xff, 0xff, 0x00, 
  0xff, 0xff, 0x00, 0xff, 0xff, 0x00, 0xff, 0xff, 0x00, 0xff, 0xff, 0x00, 
  0xff, 0xff, 0x00, 0xff, 0xff, 0x00, 0xff, 0xff, 0x00, 0xff, 0xff, 0x00, 
  0xff, 0xff, 0x00, 0xff, 0xff, 0x00, 0xff, 0xff, 0x00, 0xff, 0xff, 0x00, 
  0xff, 0xff, 0x00, 0xdf, 0xf7, 0x00, 0xb7, 0xb5, 0x00, 0x72, 0x84, 0xff, 
  0x52, 0x84, 0xff, 0x72, 0x84, 0xff, 0x72, 0x84, 0xff, 0x72, 0x84, 0xff, 
  0x72, 0x84, 0xff, 0x72, 0x84, 0xff, 0x72, 0x84, 0xff, 0x72, 0x84, 0xff, 
  0x72, 0x84, 0xff, 0x72, 0x84, 0xff, 0x72, 0x84, 0xff, 0x72, 0x84, 0xff, 
  0x72, 0x84, 0xff, 0x72, 0x84, 0xff, 0x72, 0x84, 0xff, 0x72, 0x84, 0xff, 
  0x72, 0x84, 0xff, 0x72, 0x84, 0xff, 0x72, 0x84, 0xff, 0x72, 0x84, 0xff, 
  0x52, 0x84, 0xff, 0x92, 0x8c, 0xff, 0xb7, 0xb5, 0xff, 0x9a, 0xce, 0xff, 
  0xdb, 0xd6, 0xff, 0x9a, 0xce, 0xff, 0x9a, 0xd6, 0xff, 0xba, 0xd6, 0xff, 
  0xba, 0xde, 0xff, 0xda, 0xd6, 0xff, 0xbc, 0xce, 0xff, 0xf7, 0x7c, 0xff, 
  0xd2, 0x12, 0xff, 0xf5, 0x02, 0xff, 0x15, 0x0b, 0xff, 0xf5, 0x0a, 0xff, 
  0xf5, 0x0a, 0xff, 0xf4, 0x0a, 0xff, 0xf4, 0x0a, 0xff, 0xf4, 0x0a, 0xff, 
  0xf4, 0x0a, 0xff, 0x14, 0x13, 0xff, 0x14, 0x13, 0xff, 0xf4, 0x0a, 0xff, 
  0xf4, 0x0a, 0xff, 0xf4, 0x0a, 0xff, 0xf4, 0x0a, 0xff, 0xf4, 0x0a, 0xff, 
  0xf3, 0x0a, 0xff, 0xf3, 0x0a, 0xff, 0xf3, 0x0a, 0xff, 0xf3, 0x12, 0xff, 
  0xd3, 0x12, 0xff, 0xd3, 0x12, 0xff, 0xd4, 0x12, 0xff, 0xd3, 0x12, 0xff, 
  0xd3, 0x0a, 0xff, 0xd3, 0x0a, 0xff, 0xd3, 0x12, 0xff, 0xd3, 0x12, 0xff, 
  0xb3, 0x12, 0xff, 0xd3, 0x12, 0xff, 0xb3, 0x0a, 0xff, 0x91, 0x1a, 0xff, 
  0x38, 0x8d, 0xff, 0x7e, 0xe7, 0xff, 0x7e, 0xef, 0xff, 0x7e, 0xf7, 0xff, 
  0x9d, 0xf7, 0xff, 0x7d, 0xef, 0xff, 0x7d, 0xef, 0xff, 0x9e, 0xef, 0xff, 
  0x9e, 0xef, 0xff, 0x39, 0xc6, 0xff, 0x52, 0x84, 0xff, 0xd0, 0x73, 0xff, 
  0x11, 0x74, 0xff, 0x11, 0x74, 0xff, 0xf1, 0x73, 0xff, 0xf1, 0x73, 0xff, 
  0xf1, 0x73, 0xff, 0xf1, 0x73, 0xff, 0xf1, 0x73, 0xff, 0xf1, 0x73, 0xff, 
  0xf0, 0x73, 0xff, 0xf0, 0x73, 0xff, 0xf1, 0x73, 0xff, 0xf1, 0x73, 0xff, 
  0xf1, 0x73, 0xff, 0xf0, 0x73, 0xff, 0xd0, 0x73, 0xff, 0xd0, 0x73, 0xff, 
  0xf0, 0x73, 0xff, 0xd0, 0x6b, 0xff, 0xd0, 0x6b, 0xff, 0xb0, 0x6b, 0xff, 
  0xd0, 0x73, 0xff, 0x56, 0xa5, 0x00, 0xdf, 0xff, 0x00, 0xff, 0xff, 0x00, 
  0xff, 0xff, 0x00, 0xff, 0xff, 0x00, 0xff, 0xff, 0x00, 0xff, 0xff, 0x00, 
  0xff, 0xff, 0x00, 0xff, 0xff, 0x00, 0xff, 0xff, 0x00, 0xff, 0xff, 0x00, 
  0xff, 0xff, 0x00, 0xff, 0xff, 0x00, 0xff, 0xff, 0x00, 0xff, 0xff, 0x00, 
  0xff, 0xff, 0x00, 0xff, 0xff, 0x00, 0xff, 0xff, 0x00, 0xff, 0xff, 0x00, 
  0xff, 0xff, 0x00, 0xdf, 0xf7, 0x00, 0x35, 0xa5, 0x00, 0x72, 0x84, 0xff, 
  0x72, 0x84, 0xff, 0x72, 0x84, 0xff, 0x92, 0x84, 0xff, 0x72, 0x84, 0xff, 
  0x72, 0x84, 0xff, 0x72, 0x84, 0xff, 0x72, 0x84, 0xff, 0x72, 0x84, 0xff, 
  0x72, 0x84, 0xff, 0x72, 0x84, 0xff, 0x72, 0x84, 0xff, 0x72, 0x84, 0xff, 
  0x72, 0x84, 0xff, 0x72, 0x84, 0xff, 0x72, 0x84, 0xff, 0x72, 0x84, 0xff, 
  0x72, 0x84, 0xff, 0x72, 0x84, 0xff, 0x72, 0x84, 0xff, 0x72, 0x84, 0xff, 
  0x31, 0x7c, 0xff, 0xb3, 0x8c, 0xff, 0x19, 0xbe, 0xff, 0x9a, 0xce, 0xff, 
  0xdb, 0xd6, 0xff, 0xba, 0xd6, 0xff, 0xbb, 0xd6, 0xff, 0xbb, 0xd6, 0xff, 
  0x99, 0xd6, 0xff, 0xfb, 0xde, 0xff, 0x1a, 0xae, 0xff, 0x35, 0x5c, 0xff, 
  0xd2, 0x12, 0xff, 0xf5, 0x0a, 0xff, 0x15, 0x0b, 0xff, 0x15, 0x0b, 0xff, 
  0x14, 0x0b, 0xff, 0xf4, 0x0a, 0xff, 0xf4, 0x0a, 0xff, 0x14, 0x13, 0xff, 
  0xf4, 0x0a, 0xff, 0xf4, 0x0a, 0xff, 0xf4, 0x0a, 0xff, 0xf4, 0x0a, 0xff, 
  0xf4, 0x0a, 0xff, 0xf4, 0x0a, 0xff, 0xf4, 0x0a, 0xff, 0xf4, 0x0a, 0xff, 
  0xf3, 0x0a, 0xff, 0xf3, 0x0a, 0xff, 0xf3, 0x0a, 0xff, 0xf3, 0x12, 0xff, 
  0xd3, 0x12, 0xff, 0xd3, 0x12, 0xff, 0xd3, 0x12, 0xff, 0xd3, 0x12, 0xff, 
  0xf3, 0x0a, 0xff, 0xd3, 0x12, 0xff, 0xd3, 0x12, 0xff, 0xb3, 0x12, 0xff, 
  0xb2, 0x12, 0xff, 0xd3, 0x12, 0xff, 0xb3, 0x12, 0xff, 0x91, 0x12, 0xff, 
  0x55, 0x64, 0xff, 0xdc, 0xc6, 0xff, 0x9f, 0xef, 0xff, 0x7d, 0xef, 0xff, 
  0x7d, 0xef, 0xff, 0x9d, 0xf7, 0xff, 0x9e, 0xf7, 0xff, 0xbe, 0xf7, 0xff, 
  0x9e, 0xef, 0xff, 0x9a, 0xce, 0xff, 0x92, 0x8c, 0xff, 0xd0, 0x73, 0xff, 
  0x11, 0x7c, 0xff, 0x11, 0x74, 0xff, 0xf1, 0x73, 0xff, 0xf1, 0x73, 0xff, 
  0xf1, 0x73, 0xff, 0xf1, 0x73, 0xff, 0xf1, 0x73, 0xff, 0xf0, 0x73, 0xff, 
  0xf0, 0x73, 0xff, 0xf0, 0x73, 0xff, 0xf1, 0x73, 0xff, 0xf1, 0x73, 0xff, 
  0xd0, 0x73, 0xff, 0xd0, 0x73, 0xff, 0xd0, 0x73, 0xff, 0xf0, 0x73, 0xff, 
  0xd0, 0x73, 0xff, 0xd0, 0x6b, 0xff, 0xd0, 0x6b, 0xff, 0xf0, 0x73, 0xff, 
  0xb0, 0x6b, 0xff, 0xd4, 0x94, 0x00, 0xbf, 0xf7, 0x00, 0xff, 0xff, 0x00, 
  0xff, 0xff, 0x00, 0xff, 0xff, 0x00, 0xff, 0xff, 0x00, 0xff, 0xff, 0x00, 
  0xff, 0xff, 0x00, 0xff, 0xff, 0x00, 0xff, 0xff, 0x00, 0xff, 0xff, 0x00, 
  0xff, 0xff, 0x00, 0xff, 0xff, 0x00, 0xff, 0xff, 0x00, 0xff, 0xff, 0x00, 
  0xff, 0xff, 0x00, 0xff, 0xff, 0x00, 0xff, 0xff, 0x00, 0xff, 0xff, 0x00, 
  0xff, 0xff, 0x00, 0xdf, 0xf7, 0x00, 0xf4, 0x9c, 0x00, 0x31, 0x7c, 0xff, 
  0x72, 0x84, 0xff, 0x92, 0x84, 0xff, 0x72, 0x84, 0xff, 0x72, 0x84, 0xff, 
  0x72, 0x84, 0xff, 0x72, 0x84, 0xff, 0x72, 0x84, 0xff, 0x72, 0x84, 0xff, 
  0x72, 0x84, 0xff, 0x72, 0x84, 0xff, 0x72, 0x84, 0xff, 0x72, 0x84, 0xff, 
  0x72, 0x84, 0xff, 0x72, 0x84, 0xff, 0x72, 0x84, 0xff, 0x72, 0x84, 0xff, 
  0x72, 0x84, 0xff, 0x52, 0x84, 0xff, 0x72, 0x84, 0xff, 0x72, 0x84, 0xff, 
  0x11, 0x7c, 0xff, 0xd4, 0x94, 0xff, 0x5a, 0xc6, 0xff, 0xbb, 0xce, 0xff, 
  0xbb, 0xd6, 0xff, 0xba, 0xd6, 0xff, 0xbb, 0xd6, 0xff, 0xbb, 0xd6, 0xff, 
  0xba, 0xd6, 0xff, 0x3d, 0xdf, 0xff, 0x99, 0x95, 0xff, 0x53, 0x3b, 0xff, 
  0xf3, 0x12, 0xff, 0xf5, 0x0a, 0xff, 0x14, 0x0b, 0xff, 0x14, 0x0b, 0xff, 
  0xf4, 0x0a, 0xff, 0xf4, 0x0a, 0xff, 0xf4, 0x0a, 0xff, 0xf4, 0x0a, 0xff, 
  0xf4, 0x0a, 0xff, 0xf4, 0x0a, 0xff, 0xf4, 0x0a, 0xff, 0xf4, 0x0a, 0xff, 
  0xf4, 0x0a, 0xff, 0xf4, 0x0a, 0xff, 0xf3, 0x0a, 0xff, 0xf3, 0x0a, 0xff, 
  0xf3, 0x12, 0xff, 0xf3, 0x12, 0xff, 0xd3, 0x12, 0xff, 0xd3, 0x12, 0xff, 
  0xf3, 0x12, 0xff, 0xd3, 0x12, 0xff, 0xd3, 0x12, 0xff, 0xd3, 0x12, 0xff, 
  0xd3, 0x0a, 0xff, 0xd3, 0x0a, 0xff, 0xd3, 0x12, 0xff, 0xd3, 0x12, 0xff, 
  0xd2, 0x12, 0xff, 0xd3, 0x12, 0xff, 0xb2, 0x12, 0xff, 0xb2, 0x1a, 0xff, 
  0x52, 0x3b, 0xff, 0x1a, 0xa6, 0xff, 0xff, 0xf7, 0xff, 0x7d, 0xef, 0xff, 
  0x9d, 0xf7, 0xff, 0x9d, 0xf7, 0xff, 0x9e, 0xf7, 0xff, 0xbe, 0xf7, 0xff, 
  0x9e, 0xef, 0xff, 0x1c, 0xdf, 0xff, 0xb3, 0x8c, 0xff, 0xaf, 0x6b, 0xff, 
  0x11, 0x7c, 0xff, 0xf1, 0x73, 0xff, 0xf1, 0x73, 0xff, 0xf1, 0x73, 0xff, 
  0xf1, 0x73, 0xff, 0xf1, 0x73, 0xff, 0xf1, 0x73, 0xff, 0xf0, 0x73, 0xff, 
  0xf0, 0x73, 0xff, 0xf0, 0x73, 0xff, 0xf1, 0x73, 0xff, 0xf1, 0x73, 0xff, 
  0xd0, 0x73, 0xff, 0xd0, 0x73, 0xff, 0xd0, 0x73, 0xff, 0xd0, 0x73, 0xff, 
  0xd0, 0x73, 0xff, 0xd0, 0x6b, 0xff, 0xf0, 0x6b, 0xff, 0xd0, 0x6b, 0xff, 
  0xaf, 0x6b, 0xff, 0x93, 0x8c, 0x00, 0xbf, 0xf7, 0x00, 0xff, 0xff, 0x00, 
  0xff, 0xff, 0x00, 0xff, 0xff, 0x00, 0xff, 0xff, 0x00, 0xff, 0xff, 0x00, 
  0xff, 0xff, 0x00, 0xff, 0xff, 0x00, 0xff, 0xff, 0x00, 0xff, 0xff, 0x00, 
  0xff, 0xff, 0x00, 0xff, 0xff, 0x00, 0xff, 0xff, 0x00, 0xff, 0xff, 0x00, 
  0xff, 0xff, 0x00, 0xff, 0xff, 0x00, 0xff, 0xff, 0x00, 0xff, 0xff, 0x00, 
  0xff, 0xff, 0x00, 0xdf, 0xf7, 0x00, 0xf4, 0x9c, 0x00, 0x31, 0x7c, 0xff, 
  0x72, 0x84, 0xff, 0x72, 0x84, 0xff, 0x72, 0x84, 0xff, 0x72, 0x84, 0xff, 
  0x72, 0x84, 0xff, 0x72, 0x84, 0xff, 0x72, 0x84, 0xff, 0x72, 0x84, 0xff, 
  0x72, 0x84, 0xff, 0x72, 0x84, 0xff, 0x72, 0x84, 0xff, 0x72, 0x84, 0xff, 
  0x72, 0x84, 0xff, 0x72, 0x84, 0xff, 0x72, 0x84, 0xff, 0x72, 0x84, 0xff, 
  0x72, 0x84, 0xff, 0x52, 0x84, 0xff, 0x72, 0x84, 0xff, 0x72, 0x84, 0xff, 
  0x11, 0x7c, 0xff, 0xd4, 0x94, 0xff, 0x7a, 0xce, 0xff, 0xbb, 0xd6, 0xff, 
  0xba, 0xd6, 0xff, 0xba, 0xd6, 0xff, 0xbb, 0xd6, 0xff, 0xbb, 0xd6, 0xff, 
  0xba, 0xd6, 0xff, 0x5d, 0xdf, 0xff, 0x79, 0x85, 0xff, 0x33, 0x2b, 0xff, 
  0xf3, 0x12, 0xff, 0xf4, 0x12, 0xff, 0xf4, 0x0a, 0xff, 0xf4, 0x0a, 0xff, 
  0xf4, 0x0a, 0xff, 0xf4, 0x0a, 0xff, 0xf4, 0x0a, 0xff, 0xf4, 0x0a, 0xff, 
  0xf4, 0x0a, 0xff, 0xf4, 0x0a, 0xff, 0xf4, 0x0a, 0xff, 0xf4, 0x0a, 0xff, 
  0xf4, 0x0a, 0xff, 0xf4, 0x0a, 0xff, 0xf3, 0x0a, 0xff, 0xf3, 0x0a, 0xff, 
  0xf3, 0x12, 0xff, 0xd3, 0x12, 0xff, 0xd3, 0x12, 0xff, 0xd3, 0x12, 0xff, 
  0xd3, 0x12, 0xff, 0xd3, 0x12, 0xff, 0xd3, 0x12, 0xff, 0xd3, 0x12, 0xff, 
  0xd3, 0x0a, 0xff, 0xd3, 0x0a, 0xff, 0xd3, 0x12, 0xff, 0xd2, 0x12, 0xff, 
  0xb2, 0x12, 0xff, 0xb2, 0x12, 0xff, 0xb2, 0x12, 0xff, 0xb1, 0x1a, 0xff, 
  0xf1, 0x2a, 0xff, 0xda, 0x95, 0xff, 0xff, 0xf7, 0xff, 0x7d, 0xef, 0xff, 
  0x9e, 0xf7, 0xff, 0x9d, 0xf7, 0xff, 0x9e, 0xf7, 0xff, 0x9e, 0xf7, 0xff, 
  0xbf, 0xf7, 0xff, 0x7e, 0xef, 0xff, 0xd3, 0x94, 0xff, 0xaf, 0x6b, 0xff, 
  0x11, 0x7c, 0xff, 0xf1, 0x73, 0xff, 0xf1, 0x73, 0xff, 0xf1, 0x73, 0xff, 
  0xf1, 0x73, 0xff, 0xf1, 0x73, 0xff, 0xf1, 0x73, 0xff, 0xf0, 0x73, 0xff, 
  0xf0, 0x73, 0xff, 0xf0, 0x73, 0xff, 0xf0, 0x73, 0xff, 0xf1, 0x73, 0xff, 
  0xd0, 0x73, 0xff, 0xd0, 0x73, 0xff, 0xd0, 0x73, 0xff, 0xd0, 0x73, 0xff, 
  0xd0, 0x73, 0xff, 0xd0, 0x6b, 0xff, 0xd0, 0x6b, 0xff, 0xd0, 0x6b, 0xff, 
  0x8f, 0x6b, 0xff, 0x72, 0x84, 0x00, 0xbf, 0xf7, 0x00, 0xff, 0xff, 0x00, 
  0xff, 0xff, 0x00, 0xff, 0xff, 0x00, 0xff, 0xff, 0x00, 0xff, 0xff, 0x00, 
  0xff, 0xff, 0x00, 0xff, 0xff, 0x00, 0xff, 0xff, 0x00, 0xff, 0xff, 0x00, 
  0xff, 0xff, 0x00, 0xff, 0xff, 0x00, 0xff, 0xff, 0x00, 0xff, 0xff, 0x00, 
  0xff, 0xff, 0x00, 0xff, 0xff, 0x00, 0xff, 0xff, 0x00, 0xff, 0xff, 0x00, 
  0xff, 0xff, 0x00, 0xbf, 0xf7, 0x00, 0xd3, 0x94, 0x00, 0x31, 0x7c, 0xff, 
  0x72, 0x8c, 0xff, 0x72, 0x84, 0xff, 0x72, 0x84, 0xff, 0x72, 0x84, 0xff, 
  0x72, 0x84, 0xff, 0x72, 0x84, 0xff, 0x72, 0x84, 0xff, 0x72, 0x84, 0xff, 
  0x72, 0x84, 0xff, 0x72, 0x84, 0xff, 0x72, 0x84, 0xff, 0x72, 0x84, 0xff, 
  0x72, 0x84, 0xff, 0x72, 0x84, 0xff, 0x72, 0x84, 0xff, 0x72, 0x84, 0xff, 
  0x72, 0x84, 0xff, 0x52, 0x84, 0xff, 0x72, 0x84, 0xff, 0x72, 0x84, 0xff, 
  0x11, 0x7c, 0xff, 0xf3, 0x9c, 0xff, 0xba, 0xd6, 0xff, 0xba, 0xd6, 0xff, 
  0xba, 0xd6, 0xff, 0xba, 0xd6, 0xff, 0xbb, 0xde, 0xff, 0xbb, 0xd6, 0xff, 
  0xba, 0xd6, 0xff, 0x5e, 0xdf, 0xff, 0x39, 0x7d, 0xff, 0xd2, 0x1a, 0xff, 
  0xf3, 0x12, 0xff, 0xf4, 0x12, 0xff, 0xf4, 0x12, 0xff, 0xf4, 0x0a, 0xff, 
  0xf4, 0x0a, 0xff, 0xf4, 0x0a, 0xff, 0xf4, 0x12, 0xff, 0xf4, 0x0a, 0xff, 
  0xf4, 0x0a, 0xff, 0xf4, 0x0a, 0xff, 0xf4, 0x0a, 0xff, 0xf4, 0x0a, 0xff, 
  0xf3, 0x0a, 0xff, 0xf3, 0x0a, 0xff, 0xf3, 0x12, 0xff, 0xd3, 0x12, 0xff, 
  0xd3, 0x12, 0xff, 0xd3, 0x12, 0xff, 0xd3, 0x12, 0xff, 0xd3, 0x12, 0xff, 
  0xd3, 0x12, 0xff, 0xd3, 0x12, 0xff, 0xd3, 0x12, 0xff, 0xd3, 0x12, 0xff, 
  0xd3, 0x0a, 0xff, 0xd3, 0x0a, 0xff, 0xd2, 0x12, 0xff, 0xd2, 0x12, 0xff, 
  0xd2, 0x12, 0xff, 0xb2, 0x12, 0xff, 0xb2, 0x12, 0xff, 0xb1, 0x1a, 0xff, 
  0x90, 0x1a, 0xff, 0x9a, 0x8d, 0xff, 0xff, 0xf7, 0xff, 0x7d, 0xef, 0xff, 
  0x9e, 0xf7, 0xff, 0x9d, 0xf7, 0xff, 0x9e, 0xf7, 0xff, 0x9e, 0xf7, 0xff, 
  0xbf, 0xf7, 0xff, 0xbf, 0xf7, 0xff, 0xf4, 0x94, 0xff, 0x8f, 0x6b, 0xff, 
  0x11, 0x7c, 0xff, 0xf1, 0x73, 0xff, 0xf1, 0x73, 0xff, 0xf1, 0x73, 0xff, 
  0xf0, 0x73, 0xff, 0xf0, 0x73, 0xff, 0xf0, 0x73, 0xff, 0xf0, 0x73, 0xff, 
  0xf0, 0x73, 0xff, 0xf0, 0x73, 0xff, 0xf0, 0x73, 0xff, 0xd0, 0x6b, 0xff, 
  0xd0, 0x6b, 0xff, 0xd0, 0x73, 0xff, 0xd0, 0x73, 0xff, 0xd0, 0x73, 0xff, 
  0xd0, 0x6b, 0xff, 0xd0, 0x6b, 0xff, 0xd0, 0x6b, 0xff, 0xd0, 0x6b, 0xff, 
  0x6f, 0x63, 0xff, 0x31, 0x7c, 0x00, 0xbf, 0xf7, 0x00, 0xff, 0xff, 0x00, 
  0xff, 0xff, 0x00, 0xff, 0xff, 0x00, 0xff, 0xff, 0x00, 0xff, 0xff, 0x00, 
  0xff, 0xff, 0x00, 0xff, 0xff, 0x00, 0xff, 0xff, 0x00, 0xff, 0xff, 0x00, 
  0xff, 0xff, 0x00, 0xff, 0xff, 0x00, 0xff, 0xff, 0x00, 0xff, 0xff, 0x00, 
  0xff, 0xff, 0x00, 0xff, 0xff, 0x00, 0xff, 0xff, 0x00, 0xff, 0xff, 0x00, 
  0xff, 0xff, 0x00, 0xbf, 0xf7, 0x00, 0xb3, 0x94, 0x00, 0x31, 0x7c, 0xff, 
  0x72, 0x8c, 0xff, 0x72, 0x84, 0xff, 0x72, 0x84, 0xff, 0x72, 0x84, 0xff, 
  0x72, 0x84, 0xff, 0x72, 0x84, 0xff, 0x72, 0x84, 0xff, 0x72, 0x84, 0xff, 
  0x72, 0x84, 0xff, 0x72, 0x84, 0xff, 0x72, 0x84, 0xff, 0x72, 0x84, 0xff, 
  0x72, 0x84, 0xff, 0x72, 0x84, 0xff, 0x72, 0x84, 0xff, 0x72, 0x84, 0xff, 
  0x52, 0x84, 0xff, 0x52, 0x84, 0xff, 0x52, 0x84, 0xff, 0x72, 0x84, 0xff, 
  0xf0, 0x7b, 0xff, 0xf4, 0x9c, 0xff, 0xdb, 0xde, 0xff, 0xba, 0xde, 0xff, 
  0xba, 0xd6, 0xff, 0xba, 0xde, 0xff, 0xbb, 0xde, 0xff, 0xbb, 0xde, 0xff, 
  0xba, 0xd6, 0xff, 0x7e, 0xdf, 0xff, 0x19, 0x75, 0xff, 0x91, 0x12, 0xff, 
  0xf3, 0x1a, 0xff, 0xf4, 0x12, 0xff, 0x14, 0x13, 0xff, 0xf4, 0x0a, 0xff, 
  0xf4, 0x0a, 0xff, 0xf4, 0x0a, 0xff, 0xf4, 0x0a, 0xff, 0xf4, 0x0a, 0xff, 
  0xf4, 0x0a, 0xff, 0xf4, 0x0a, 0xff, 0xf4, 0x0a, 0xff, 0xf4, 0x0a, 0xff, 
  0xf3, 0x0a, 0xff, 0xf3, 0x0a, 0xff, 0xd3, 0x12, 0xff, 0xd3, 0x12, 0xff, 
  0xd3, 0x12, 0xff, 0xd3, 0x12, 0xff, 0xd3, 0x12, 0xff, 0xd3, 0x12, 0xff, 
  0xd3, 0x12, 0xff, 0xd3, 0x12, 0xff, 0xd3, 0x12, 0xff, 0xd3, 0x12, 0xff, 
  0xd3, 0x12, 0xff, 0xd3, 0x12, 0xff, 0xb2, 0x12, 0xff, 0xb2, 0x12, 0xff, 
  0xd2, 0x12, 0xff, 0xb2, 0x12, 0xff, 0xb2, 0x12, 0xff, 0xb1, 0x1a, 0xff, 
  0x2e, 0x12, 0xff, 0x59, 0x85, 0xff, 0xff, 0xf7, 0xff, 0x7d, 0xef, 0xff, 
  0x9d, 0xf7, 0xff, 0x9e, 0xf7, 0xff, 0x9e, 0xf7, 0xff, 0x9e, 0xf7, 0xff, 
  0xbf, 0xf7, 0xff, 0xdf, 0xf7, 0xff, 0xf4, 0x94, 0xff, 0x8e, 0x6b, 0xff, 
  0x11, 0x7c, 0xff, 0xf0, 0x73, 0xff, 0xf1, 0x73, 0xff, 0xf1, 0x73, 0xff, 
  0xf0, 0x73, 0xff, 0xf0, 0x73, 0xff, 0xf0, 0x73, 0xff, 0xf0, 0x73, 0xff, 
  0xf0, 0x73, 0xff, 0xf0, 0x73, 0xff, 0xd0, 0x73, 0xff, 0xd0, 0x6b, 0xff, 
  0xd0, 0x6b, 0xff, 0xd0, 0x6b, 0xff, 0xd0, 0x73, 0xff, 0xd0, 0x73, 0xff, 
  0xd0, 0x6b, 0xff, 0xd0, 0x6b, 0xff, 0xd0, 0x6b, 0xff, 0xf0, 0x6b, 0xff, 
  0x6e, 0x63, 0xff, 0x11, 0x7c, 0x00, 0xbf, 0xf7, 0x00, 0xff, 0xff, 0x00, 
  0xff, 0xff, 0x00, 0xff, 0xff, 0x00, 0xff, 0xff, 0x00, 0xff, 0xff, 0x00, 
  0xff, 0xff, 0x00, 0xff, 0xff, 0x00, 0xff, 0xff, 0x00, 0xff, 0xff, 0x00, 
  0xff, 0xff, 0x00, 0xff, 0xff, 0x00, 0xff, 0xff, 0x00, 0xff, 0xff, 0x00, 
  0xff, 0xff, 0x00, 0xff, 0xff, 0x00, 0xff, 0xff, 0x00, 0xff, 0xff, 0x00, 
  0xff, 0xff, 0x00, 0xdf, 0xf7, 0x00, 0xb3, 0x94, 0x00, 0x31, 0x7c, 0xff, 
  0x72, 0x8c, 0xff, 0x72, 0x84, 0xff, 0x72, 0x84, 0xff, 0x72, 0x84, 0xff, 
  0x72, 0x84, 0xff, 0x72, 0x84, 0xff, 0x72, 0x84, 0xff, 0x72, 0x84, 0xff, 
  0x72, 0x84, 0xff, 0x72, 0x84, 0xff, 0x72, 0x84, 0xff, 0x72, 0x84, 0xff, 
  0x72, 0x84, 0xff, 0x72, 0x84, 0xff, 0x72, 0x84, 0xff, 0x72, 0x84, 0xff, 
  0x52, 0x84, 0xff, 0x52, 0x84, 0xff, 0x52, 0x84, 0xff, 0x52, 0x84, 0xff, 
  0x10, 0x7c, 0xff, 0xf4, 0x9c, 0xff, 0xbb, 0xde, 0xff, 0xda, 0xde, 0xff, 
  0xba, 0xd6, 0xff, 0xda, 0xde, 0xff, 0xba, 0xde, 0xff, 0xdb, 0xde, 0xff, 
  0xda, 0xde, 0xff, 0x7e, 0xdf, 0xff, 0x19, 0x75, 0xff, 0x91, 0x12, 0xff, 
  0xf3, 0x1a, 0xff, 0xf4, 0x12, 0xff, 0x14, 0x13, 0xff, 0xf4, 0x0a, 0xff, 
  0xf4, 0x0a, 0xff, 0xf4, 0x0a, 0xff, 0xf4, 0x0a, 0xff, 0xf4, 0x0a, 0xff, 
  0xf4, 0x0a, 0xff, 0xf4, 0x0a, 0xff, 0xf3, 0x0a, 0xff, 0xf3, 0x0a, 0xff, 
  0xf3, 0x12, 0xff, 0xf3, 0x12, 0xff, 0xd3, 0x12, 0xff, 0xd3, 0x12, 0xff, 
  0xd3, 0x12, 0xff, 0xd3, 0x12, 0xff, 0xd3, 0x12, 0xff, 0xd3, 0x12, 0xff, 
  0xd3, 0x12, 0xff, 0xd3, 0x12, 0xff, 0xd3, 0x12, 0xff, 0xd3, 0x12, 0xff, 
  0xd3, 0x12, 0xff, 0xd2, 0x12, 0xff, 0xb2, 0x12, 0xff, 0xb2, 0x12, 0xff, 
  0xb2, 0x12, 0xff, 0xb2, 0x12, 0xff, 0xb1, 0x12, 0xff, 0xb1, 0x1a, 0xff, 
  0x2e, 0x12, 0xff, 0x39, 0x85, 0xff, 0xff, 0xf7, 0xff, 0x7d, 0xf7, 0xff, 
  0x9d, 0xf7, 0xff, 0x9e, 0xf7, 0xff, 0x9e, 0xf7, 0xff, 0xbe, 0xf7, 0xff, 
  0xbf, 0xf7, 0xff, 0xdf, 0xf7, 0xff, 0xf4, 0x94, 0xff, 0x8e, 0x6b, 0xff, 
  0x11, 0x7c, 0xff, 0xf0, 0x73, 0xff, 0xf0, 0x73, 0xff, 0xf0, 0x73, 0xff, 
  0xf0, 0x73, 0xff, 0xf0, 0x73, 0xff, 0xf0, 0x73, 0xff, 0xd0, 0x73, 0xff, 
  0xd0, 0x73, 0xff, 0xd0, 0x73, 0xff, 0xd0, 0x73, 0xff, 0xd0, 0x6b, 0xff, 
  0xd0, 0x6b, 0xff, 0xd0, 0x6b, 0xff, 0xd0, 0x73, 0xff, 0xd0, 0x6b, 0xff, 
  0xd0, 0x6b, 0xff, 0xd0, 0x6b, 0xff, 0xd0, 0x6b, 0xff, 0xf0, 0x6b, 0xff, 
  0x6e, 0x63, 0xff, 0x11, 0x7c, 0x00, 0xbf, 0xf7, 0x00, 0xff, 0xff, 0x00, 
  0xff, 0xff, 0x00, 0xff, 0xff, 0x00, 0xff, 0xff, 0x00, 0xff, 0xff, 0x00, 
  0xff, 0xff, 0x00, 0xff, 0xff, 0x00, 0xff, 0xff, 0x00, 0xff, 0xff, 0x00, 
  0xff, 0xff, 0x00, 0xff, 0xff, 0x00, 0xff, 0xff, 0x00, 0xff, 0xff, 0x00, 
  0xff, 0xff, 0x00, 0xff, 0xff, 0x00, 0xff, 0xff, 0x00, 0xff, 0xff, 0x00, 
  0xff, 0xff, 0x00, 0xdf, 0xf7, 0x00, 0xd3, 0x94, 0x00, 0x51, 0x84, 0xff, 
  0x72, 0x8c, 0xff, 0x72, 0x84, 0xff, 0x72, 0x84, 0xff, 0x72, 0x84, 0xff, 
  0x72, 0x84, 0xff, 0x72, 0x84, 0xff, 0x72, 0x84, 0xff, 0x72, 0x84, 0xff, 
  0x72, 0x84, 0xff, 0x72, 0x84, 0xff, 0x72, 0x84, 0xff, 0x72, 0x84, 0xff, 
  0x72, 0x84, 0xff, 0x72, 0x84, 0xff, 0x52, 0x84, 0xff, 0x52, 0x84, 0xff, 
  0x52, 0x84, 0xff, 0x52, 0x84, 0xff, 0x52, 0x84, 0xff, 0x72, 0x84, 0xff, 
  0x11, 0x7c, 0xff, 0xf4, 0x9c, 0xff, 0xba, 0xd6, 0xff, 0xda, 0xde, 0xff, 
  0xba, 0xd6, 0xff, 0xdb, 0xde, 0xff, 0xbb, 0xde, 0xff, 0xdb, 0xde, 0xff, 
  0xda, 0xde, 0xff, 0x7e, 0xdf, 0xff, 0x39, 0x7d, 0xff, 0xd2, 0x1a, 0xff, 
  0xf3, 0x12, 0xff, 0xf4, 0x12, 0xff, 0xf4, 0x0a, 0xff, 0xf4, 0x0a, 0xff, 
  0xf4, 0x0a, 0xff, 0xf4, 0x0a, 0xff, 0xf4, 0x0a, 0xff, 0xf4, 0x0a, 0xff, 
  0xf4, 0x0a, 0xff, 0xf4, 0x0a, 0xff, 0xf3, 0x0a, 0xff, 0xf3, 0x0a, 0xff, 
  0xf3, 0x12, 0xff, 0xd3, 0x12, 0xff, 0xd3, 0x12, 0xff, 0xd3, 0x12, 0xff, 
  0xd3, 0x12, 0xff, 0xd3, 0x12, 0xff, 0xd3, 0x12, 0xff, 0xd3, 0x12, 0xff, 
  0xd3, 0x12, 0xff, 0xd3, 0x12, 0xff, 0xd3, 0x12, 0xff, 0xd3, 0x12, 0xff, 
  0xd2, 0x12, 0xff, 0xb2, 0x12, 0xff, 0xd2, 0x12, 0xff, 0xb2, 0x12, 0xff, 
  0xb2, 0x12, 0xff, 0xb2, 0x12, 0xff, 0xb2, 0x12, 0xff, 0xb1, 0x1a, 0xff, 
  0x90, 0x1a, 0xff, 0x79, 0x8d, 0xff, 0xff, 0xff, 0xff, 0x7e, 0xf7, 0xff, 
  0xbe, 0xf7, 0xff, 0xbe, 0xf7, 0xff, 0x9e, 0xf7, 0xff, 0xbe, 0xf7, 0xff, 
  0xdf, 0xf7, 0xff, 0xdf, 0xf7, 0xff, 0xf4, 0x94, 0xff, 0x8e, 0x6b, 0xff, 
  0x11, 0x74, 0xff, 0xf0, 0x73, 0xff, 0xf0, 0x73, 0xff, 0xf0, 0x73, 0xff, 
  0xf0, 0x73, 0xff, 0xf0, 0x73, 0xff, 0xf0, 0x73, 0xff, 0xd0, 0x73, 0xff, 
  0xd0, 0x73, 0xff, 0xf0, 0x73, 0xff, 0xd0, 0x73, 0xff, 0xd0, 0x6b, 0xff, 
  0xd0, 0x6b, 0xff, 0xd0, 0x6b, 0xff, 0xd0, 0x73, 0xff, 0xd0, 0x6b, 0xff, 
  0xd0, 0x6b, 0xff, 0xd0, 0x6b, 0xff, 0xd0, 0x6b, 0xff, 0xd0, 0x6b, 0xff, 
  0x8f, 0x63, 0xff, 0x51, 0x7c, 0x00, 0xbf, 0xf7, 0x00, 0xff, 0xff, 0x00, 
  0xff, 0xff, 0x00, 0xff, 0xff, 0x00, 0xff, 0xff, 0x00, 0xff, 0xff, 0x00, 
  0xff, 0xff, 0x00, 0xff, 0xff, 0x00, 0xff, 0xff, 0x00, 0xff, 0xff, 0x00, 
  0xff, 0xff, 0x00, 0xff, 0xff, 0x00, 0xff, 0xff, 0x00, 0xff, 0xff, 0x00, 
  0xff, 0xff, 0x00, 0xff, 0xff, 0x00, 0xff, 0xff, 0x00, 0xff, 0xff, 0x00, 
  0xff, 0xff, 0x00, 0xdf, 0xf7, 0x00, 0xf4, 0x9c, 0x00, 0x51, 0x84, 0xff, 
  0x72, 0x84, 0xff, 0x72, 0x84, 0xff, 0x72, 0x84, 0xff, 0x72, 0x84, 0xff, 
  0x72, 0x84, 0xff, 0x72, 0x84, 0xff, 0x72, 0x84, 0xff, 0x72, 0x84, 0xff, 
  0x72, 0x84, 0xff, 0x72, 0x84, 0xff, 0x72, 0x84, 0xff, 0x52, 0x84, 0xff, 
  0x72, 0x84, 0xff, 0x52, 0x84, 0xff, 0x52, 0x84, 0xff, 0x52, 0x84, 0xff, 
  0x52, 0x84, 0xff, 0x52, 0x84, 0xff, 0x52, 0x84, 0xff, 0x72, 0x84, 0xff, 
  0x11, 0x7c, 0xff, 0xf4, 0x94, 0xff, 0x9a, 0xce, 0xff, 0xda, 0xde, 0xff, 
  0xdb, 0xd6, 0xff, 0xdb, 0xd6, 0xff, 0xdb, 0xde, 0xff, 0xdb, 0xde, 0xff, 
  0xda, 0xde, 0xff, 0x5e, 0xdf, 0xff, 0x7a, 0x8d, 0xff, 0x33, 0x2b, 0xff, 
  0xf3, 0x12, 0xff, 0xf4, 0x12, 0xff, 0xf4, 0x0a, 0xff, 0xf4, 0x0a, 0xff, 
  0xf4, 0x0a, 0xff, 0xf4, 0x0a, 0xff, 0xf4, 0x0a, 0xff, 0xf4, 0x0a, 0xff, 
  0xf4, 0x0a, 0xff, 0xf4, 0x0a, 0xff, 0xf3, 0x0a, 0xff, 0xf3, 0x0a, 0xff, 
  0xd3, 0x12, 0xff, 0xd3, 0x12, 0xff, 0xd3, 0x12, 0xff, 0xd3, 0x12, 0xff, 
  0xd3, 0x12, 0xff, 0xd3, 0x12, 0xff, 0xd3, 0x12, 0xff, 0xd3, 0x12, 0xff, 
  0xd3, 0x12, 0xff, 0xd3, 0x12, 0xff, 0xd3, 0x12, 0xff, 0xd3, 0x12, 0xff, 
  0xb2, 0x12, 0xff, 0xb2, 0x12, 0xff, 0xb2, 0x12, 0xff, 0xb2, 0x12, 0xff, 
  0xb3, 0x12, 0xff, 0xb3, 0x12, 0xff, 0x92, 0x0a, 0xff, 0xb1, 0x12, 0xff, 
  0xf1, 0x2a, 0xff, 0xda, 0x9d, 0xff, 0xff, 0xf7, 0xff, 0x7d, 0xf7, 0xff, 
  0xbe, 0xf7, 0xff, 0xbe, 0xf7, 0xff, 0xbe, 0xf7, 0xff, 0xde, 0xf7, 0xff, 
  0xdf, 0xf7, 0xff, 0x7e, 0xef, 0xff, 0xd3, 0x94, 0xff, 0x8e, 0x6b, 0xff, 
  0x11, 0x74, 0xff, 0xf0, 0x73, 0xff, 0xf0, 0x73, 0xff, 0xf0, 0x73, 0xff, 
  0xf0, 0x73, 0xff, 0xf0, 0x73, 0xff, 0xf0, 0x73, 0xff, 0xd0, 0x73, 0xff, 
  0xd0, 0x73, 0xff, 0xd0, 0x73, 0xff, 0xd0, 0x73, 0xff, 0xd0, 0x6b, 0xff, 
  0xd0, 0x6b, 0xff, 0xd0, 0x6b, 0xff, 0xd0, 0x73, 0xff, 0xd0, 0x6b, 0xff, 
  0xd0, 0x6b, 0xff, 0xd0, 0x6b, 0xff, 0xd0, 0x6b, 0xff, 0xd0, 0x6b, 0xff, 
  0x8f, 0x63, 0xff, 0x72, 0x84, 0x00, 0xdf, 0xf7, 0x00, 0xff, 0xff, 0x00, 
  0xff, 0xff, 0x00, 0xff, 0xff, 0x00, 0xff, 0xff, 0x00, 0xff, 0xff, 0x00, 
  0xff, 0xff, 0x00, 0xff, 0xff, 0x00, 0xff, 0xff, 0x00, 0xff, 0xff, 0x00, 
  0xff, 0xff, 0x00, 0xff, 0xff, 0x00, 0xff, 0xff, 0x00, 0xff, 0xff, 0x00, 
  0xff, 0xff, 0x00, 0xff, 0xff, 0x00, 0xff, 0xff, 0x00, 0xff, 0xff, 0x00, 
  0xff, 0xff, 0x00, 0xdf, 0xf7, 0x00, 0x14, 0x9d, 0x00, 0x51, 0x84, 0xff, 
  0x72, 0x84, 0xff, 0x72, 0x84, 0xff, 0x52, 0x84, 0xff, 0x72, 0x84, 0xff, 
  0x72, 0x84, 0xff, 0x72, 0x84, 0xff, 0x72, 0x84, 0xff, 0x72, 0x84, 0xff, 
  0x72, 0x84, 0xff, 0x72, 0x84, 0xff, 0x52, 0x84, 0xff, 0x52, 0x84, 0xff, 
  0x72, 0x84, 0xff, 0x52, 0x84, 0xff, 0x52, 0x84, 0xff, 0x52, 0x84, 0xff, 
  0x52, 0x84, 0xff, 0x52, 0x84, 0xff, 0x52, 0x84, 0xff, 0x72, 0x84, 0xff, 
  0x11, 0x74, 0xff, 0xd4, 0x8c, 0xff, 0x7a, 0xce, 0xff, 0xdb, 0xd6, 0xff, 
  0xfb, 0xde, 0xff, 0xdb, 0xd6, 0xff, 0xdb, 0xde, 0xff, 0xdb, 0xde, 0xff, 
  0xda, 0xde, 0xff, 0x5d, 0xdf, 0xff, 0xba, 0x95, 0xff, 0x73, 0x3b, 0xff, 
  0xf3, 0x12, 0xff, 0xf4, 0x12, 0xff, 0xf4, 0x12, 0xff, 0xf4, 0x12, 0xff, 
  0xf4, 0x0a, 0xff, 0xf4, 0x0a, 0xff, 0xf4, 0x0a, 0xff, 0xf3, 0x0a, 0xff, 
  0xf4, 0x12, 0xff, 0xf3, 0x12, 0xff, 0xf3, 0x12, 0xff, 0xf3, 0x12, 0xff, 
  0xd3, 0x12, 0xff, 0xd3, 0x12, 0xff, 0xd3, 0x12, 0xff, 0xd3, 0x12, 0xff, 
  0xd3, 0x12, 0xff, 0xd3, 0x12, 0xff, 0xd3, 0x12, 0xff, 0xd3, 0x12, 0xff, 
  0xd3, 0x12, 0xff, 0xd3, 0x12, 0xff, 0xd3, 0x12, 0xff, 0xb2, 0x12, 0xff, 
  0xb2, 0x12, 0xff, 0xb2, 0x12, 0xff, 0xb2, 0x12, 0xff, 0xb2, 0x12, 0xff, 
  0xb3, 0x12, 0xff, 0xb3, 0x12, 0xff, 0x92, 0x12, 0xff, 0xb1, 0x1a, 0xff, 
  0x52, 0x3b, 0xff, 0x1b, 0xae, 0xff, 0xff, 0xff, 0xff, 0x9d, 0xf7, 0xff, 
  0x9e, 0xf7, 0xff, 0xbe, 0xf7, 0xff, 0xbe, 0xf7, 0xff, 0xdf, 0xf7, 0xff, 
  0xbf, 0xf7, 0xff, 0x3d, 0xe7, 0xff, 0xb3, 0x8c, 0xff, 0x8f, 0x6b, 0xff, 
  0x11, 0x74, 0xff, 0xf0, 0x73, 0xff, 0xf0, 0x73, 0xff, 0xf0, 0x73, 0xff, 
  0xf0, 0x73, 0xff, 0xf0, 0x73, 0xff, 0xf0, 0x73, 0xff, 0xd0, 0x73, 0xff, 
  0xd0, 0x73, 0xff, 0xd0, 0x73, 0xff, 0xd0, 0x6b, 0xff, 0xd0, 0x6b, 0xff, 
  0xd0, 0x6b, 0xff, 0xd0, 0x6b, 0xff, 0xd0, 0x6b, 0xff, 0xd0, 0x6b, 0xff, 
  0xd0, 0x6b, 0xff, 0xd0, 0x6b, 0xff, 0xd0, 0x6b, 0xff, 0xd0, 0x6b, 0xff, 
  0xaf, 0x6b, 0xff, 0x92, 0x8c, 0x00, 0xdf, 0xf7, 0x00, 0xff, 0xff, 0x00, 
  0xff, 0xff, 0x00, 0xff, 0xff, 0x00, 0xff, 0xff, 0x00, 0xff, 0xff, 0x00, 
  0xff, 0xff, 0x00, 0xff, 0xff, 0x00, 0xff, 0xff, 0x00, 0xff, 0xff, 0x00, 
  0xff, 0xff, 0x00, 0xff, 0xff, 0x00, 0xff, 0xff, 0x00, 0xff, 0xff, 0x00, 
  0xff, 0xff, 0x00, 0xff, 0xff, 0x00, 0xff, 0xff, 0x00, 0xff, 0xff, 0x00, 
  0xff, 0xff, 0x00, 0xdf, 0xf7, 0x00, 0x35, 0xa5, 0x00, 0x72, 0x84, 0xff, 
  0x52, 0x84, 0xff, 0x72, 0x84, 0xff, 0x72, 0x84, 0xff, 0x72, 0x84, 0xff, 
  0x72, 0x84, 0xff, 0x72, 0x84, 0xff, 0x72, 0x84, 0xff, 0x52, 0x84, 0xff, 
  0x72, 0x84, 0xff, 0x72, 0x84, 0xff, 0x72, 0x84, 0xff, 0x52, 0x84, 0xff, 
  0x52, 0x84, 0xff, 0x52, 0x84, 0xff, 0x52, 0x84, 0xff, 0x52, 0x84, 0xff, 
  0x52, 0x84, 0xff, 0x52, 0x84, 0xff, 0x52, 0x84, 0xff, 0x72, 0x84, 0xff, 
  0x31, 0x7c, 0xff, 0xb3, 0x8c, 0xff, 0x38, 0xbe, 0xff, 0xdb, 0xd6, 0xff, 
  0xfb, 0xde, 0xff, 0xbb, 0xd6, 0xff, 0xfb, 0xde, 0xff, 0xdb, 0xde, 0xff, 
  0xdb, 0xde, 0xff, 0x1c, 0xdf, 0xff, 0x5b, 0xb6, 0xff, 0x35, 0x5c, 0xff, 
  0xd2, 0x12, 0xff, 0xf4, 0x0a, 0xff, 0xf4, 0x12, 0xff, 0xf4, 0x12, 0xff, 
  0xf4, 0x12, 0xff, 0xf3, 0x0a, 0xff, 0xf4, 0x12, 0xff, 0xf3, 0x12, 0xff, 
  0xf4, 0x12, 0xff, 0xd3, 0x12, 0xff, 0xd3, 0x12, 0xff, 0xd3, 0x12, 0xff, 
  0xf3, 0x12, 0xff, 0xd3, 0x12, 0xff, 0xd3, 0x12, 0xff, 0xd3, 0x12, 0xff, 
  0xd3, 0x12, 0xff, 0xd3, 0x12, 0xff, 0xd3, 0x12, 0xff, 0xd3, 0x12, 0xff, 
  0xb3, 0x0a, 0xff, 0xd3, 0x0a, 0xff, 0xd2, 0x12, 0xff, 0xb2, 0x12, 0xff, 
  0xb2, 0x12, 0xff, 0xb2, 0x12, 0xff, 0xb1, 0x12, 0xff, 0xb1, 0x12, 0xff, 
  0xb2, 0x1a, 0xff, 0x92, 0x12, 0xff, 0x92, 0x12, 0xff, 0x70, 0x1a, 0xff, 
  0x55, 0x64, 0xff, 0xdc, 0xc6, 0xff, 0xff, 0xf7, 0xff, 0x9e, 0xf7, 0xff, 
  0xbe, 0xf7, 0xff, 0xbe, 0xf7, 0xff, 0xbe, 0xf7, 0xff, 0xbf, 0xf7, 0xff, 
  0xdf, 0xf7, 0xff, 0xbb, 0xd6, 0xff, 0x72, 0x84, 0xff, 0xaf, 0x6b, 0xff, 
  0xf1, 0x73, 0xff, 0xf0, 0x73, 0xff, 0xf0, 0x73, 0xff, 0xd0, 0x73, 0xff, 
  0xd0, 0x73, 0xff, 0xd0, 0x73, 0xff, 0xd0, 0x73, 0xff, 0xd0, 0x73, 0xff, 
  0xd0, 0x73, 0xff, 0xf0, 0x73, 0xff, 0xd0, 0x6b, 0xff, 0xd0, 0x6b, 0xff, 
  0xd0, 0x6b, 0xff, 0xd0, 0x6b, 0xff, 0xd0, 0x6b, 0xff, 0xd0, 0x6b, 0xff, 
  0xd0, 0x6b, 0xff, 0xd0, 0x6b, 0xff, 0xb0, 0x6b, 0xff, 0xaf, 0x6b, 0xff, 
  0xaf, 0x6b, 0xff, 0xb3, 0x94, 0x00, 0xbf, 0xf7, 0x00, 0xff, 0xff, 0x00, 
  0xff, 0xff, 0x00, 0xff, 0xff, 0x00, 0xff, 0xff, 0x00, 0xff, 0xff, 0x00, 
  0xff, 0xff, 0x00, 0xff, 0xff, 0x00, 0xff, 0xff, 0x00, 0xff, 0xff, 0x00, 
  0xff, 0xff, 0x00, 0xff, 0xff, 0x00, 0xff, 0xff, 0x00, 0xff, 0xff, 0x00, 
  0xff, 0xff, 0x00, 0xff, 0xff, 0x00, 0xff, 0xff, 0x00, 0xff, 0xff, 0x00, 
  0xff, 0xff, 0x00, 0xff, 0xff, 0x00, 0x96, 0xad, 0x00, 0x72, 0x84, 0xff, 
  0x51, 0x84, 0xff, 0x92, 0x84, 0xff, 0x73, 0x84, 0xff, 0x52, 0x84, 0xff, 
  0x73, 0x84, 0xff, 0x72, 0x84, 0xff, 0x72, 0x84, 0xff, 0x72, 0x84, 0xff, 
  0x72, 0x84, 0xff, 0x72, 0x84, 0xff, 0x52, 0x84, 0xff, 0x52, 0x84, 0xff, 
  0x52, 0x84, 0xff, 0x52, 0x84, 0xff, 0x52, 0x84, 0xff, 0x52, 0x84, 0xff, 
  0x52, 0x84, 0xff, 0x52, 0x84, 0xff, 0x52, 0x84, 0xff, 0x52, 0x84, 0xff, 
  0x31, 0x7c, 0xff, 0x92, 0x8c, 0xff, 0xd7, 0xb5, 0xff, 0xdb, 0xd6, 0xff, 
  0xfb, 0xde, 0xff, 0xba, 0xde, 0xff, 0xfc, 0xde, 0xff, 0xfc, 0xde, 0xff, 
  0xfb, 0xde, 0xff, 0xfb, 0xde, 0xff, 0x1d, 0xcf, 0xff, 0x18, 0x7d, 0xff, 
  0xd1, 0x12, 0xff, 0xf4, 0x0a, 0xff, 0xf4, 0x0a, 0xff, 0xf3, 0x0a, 0xff, 
  0xf3, 0x0a, 0xff, 0xf3, 0x0a, 0xff, 0xf3, 0x12, 0xff, 0xd3, 0x12, 0xff, 
  0xd3, 0x12, 0xff, 0xd3, 0x12, 0xff, 0xd3, 0x12, 0xff, 0xd3, 0x12, 0xff, 
  0xd3, 0x12, 0xff, 0xd3, 0x12, 0xff, 0xd3, 0x12, 0xff, 0xd3, 0x12, 0xff, 
  0xd3, 0x12, 0xff, 0xd3, 0x12, 0xff, 0xd3, 0x12, 0xff, 0xd3, 0x12, 0xff, 
  0xf4, 0x12, 0xff, 0xb3, 0x12, 0xff, 0xb2, 0x12, 0xff, 0xb2, 0x12, 0xff, 
  0xb2, 0x12, 0xff, 0xb2, 0x12, 0xff, 0xb1, 0x12, 0xff, 0xb2, 0x12, 0xff, 
  0x92, 0x12, 0xff, 0xb2, 0x12, 0xff, 0x92, 0x12, 0xff, 0x4f, 0x12, 0xff, 
  0x78, 0x8d, 0xff, 0xbf, 0xe7, 0xff, 0x9e, 0xef, 0xff, 0xde, 0xff, 0xff, 
  0xbe, 0xf7, 0xff, 0xbe, 0xf7, 0xff, 0xbe, 0xf7, 0xff, 0xff, 0xff, 0xff, 
  0x9e, 0xef, 0xff, 0x39, 0xbe, 0xff, 0x52, 0x84, 0xff, 0xaf, 0x6b, 0xff, 
  0xf1, 0x73, 0xff, 0xf0, 0x73, 0xff, 0xd0, 0x73, 0xff, 0xd0, 0x73, 0xff, 
  0xd0, 0x73, 0xff, 0xd0, 0x73, 0xff, 0xd0, 0x73, 0xff, 0xd0, 0x73, 0xff, 
  0xd0, 0x73, 0xff, 0xd0, 0x6b, 0xff, 0xd0, 0x6b, 0xff, 0xd0, 0x6b, 0xff, 
  0xd0, 0x6b, 0xff, 0xd0, 0x6b, 0xff, 0xb0, 0x6b, 0xff, 0xd0, 0x6b, 0xff, 
  0xb0, 0x6b, 0xff, 0xd0, 0x6b, 0xff, 0xd0, 0x73, 0xff, 0xaf, 0x6b, 0xff, 
  0xaf, 0x73, 0xff, 0x35, 0xa5, 0x00, 0xff, 0xff, 0x00, 0xff, 0xff, 0x00, 
  0xff, 0xff, 0x00, 0xff, 0xff, 0x00, 0xff, 0xff, 0x00, 0xff, 0xff, 0x00, 
  0xff, 0xff, 0x00, 0xff, 0xff, 0x00, 0xff, 0xff, 0x00, 0xff, 0xff, 0x00, 
  0xff, 0xff, 0x00, 0xff, 0xff, 0x00, 0xff, 0xff, 0x00, 0xff, 0xff, 0x00, 
  0xff, 0xff, 0x00, 0xff, 0xff, 0x00, 0xff, 0xff, 0x00, 0xff, 0xff, 0x00, 
  0xff, 0xff, 0x00, 0xdf, 0xf7, 0x00, 0x18, 0xbe, 0x00, 0xb3, 0x8c, 0xff, 
  0x52, 0x84, 0xff, 0x72, 0x84, 0xff, 0x72, 0x84, 0xff, 0x72, 0x84, 0xff, 
  0x72, 0x84, 0xff, 0x52, 0x84, 0xff, 0x52, 0x84, 0xff, 0x52, 0x84, 0xff, 
  0x52, 0x84, 0xff, 0x52, 0x84, 0xff, 0x52, 0x84, 0xff, 0x72, 0x84, 0xff, 
  0x52, 0x84, 0xff, 0x52, 0x84, 0xff, 0x52, 0x84, 0xff, 0x52, 0x84, 0xff, 
  0x52, 0x84, 0xff, 0x52, 0x84, 0xff, 0x52, 0x84, 0xff, 0x52, 0x84, 0xff, 
  0x31, 0x7c, 0xff, 0x72, 0x84, 0xff, 0x55, 0xa5, 0xff, 0xdb, 0xd6, 0xff, 
  0xfb, 0xde, 0xff, 0xdb, 0xde, 0xff, 0xfc, 0xde, 0xff, 0xfb, 0xde, 0xff, 
  0xdb, 0xde, 0xff, 0xfc, 0xde, 0xff, 0x5e, 0xdf, 0xff, 0x1b, 0xa6, 0xff, 
  0xf1, 0x22, 0xff, 0xd2, 0x0a, 0xff, 0x14, 0x13, 0xff, 0xf4, 0x0a, 0xff, 
  0xf4, 0x0a, 0xff, 0xf4, 0x0a, 0xff, 0xf4, 0x0a, 0xff, 0xd3, 0x0a, 0xff, 
  0xd3, 0x12, 0xff, 0xd3, 0x12, 0xff, 0xf3, 0x12, 0xff, 0xd3, 0x12, 0xff, 
  0xd3, 0x12, 0xff, 0xd3, 0x12, 0xff, 0xd3, 0x12, 0xff, 0xd3, 0x12, 0xff, 
  0xd3, 0x12, 0xff, 0xd3, 0x12, 0xff, 0xd3, 0x12, 0xff, 0xd3, 0x12, 0xff, 
  0xb3, 0x12, 0xff, 0xb2, 0x12, 0xff, 0xb2, 0x12, 0xff, 0xb2, 0x12, 0xff, 
  0xb2, 0x12, 0xff, 0xb2, 0x12, 0xff, 0xb2, 0x12, 0xff, 0xb2, 0x12, 0xff, 
  0xb3, 0x12, 0xff, 0xb2, 0x12, 0xff, 0x71, 0x12, 0xff, 0x90, 0x22, 0xff, 
  0x7c, 0xb6, 0xff, 0xff, 0xf7, 0xff, 0xbe, 0xf7, 0xff, 0x9d, 0xff, 0xff, 
  0xbe, 0xff, 0xff, 0xbe, 0xf7, 0xff, 0xbe, 0xf7, 0xff, 0xff, 0xff, 0xff, 
  0x9e, 0xef, 0xff, 0x76, 0xa5, 0xff, 0x11, 0x7c, 0xff, 0xd0, 0x73, 0xff, 
  0xf1, 0x73, 0xff, 0xf0, 0x73, 0xff, 0xd0, 0x73, 0xff, 0xd0, 0x73, 0xff, 
  0xd0, 0x73, 0xff, 0xd0, 0x73, 0xff, 0xd0, 0x73, 0xff, 0xd0, 0x73, 0xff, 
  0xf0, 0x6b, 0xff, 0xd0, 0x6b, 0xff, 0xd0, 0x6b, 0xff, 0xf0, 0x6b, 0xff, 
  0xd0, 0x6b, 0xff, 0xd0, 0x6b, 0xff, 0xd0, 0x6b, 0xff, 0xd0, 0x6b, 0xff, 
  0xb0, 0x6b, 0xff, 0xb0, 0x6b, 0xff, 0xd0, 0x6b, 0xff, 0xaf, 0x6b, 0xff, 
  0xf0, 0x73, 0xff, 0xb7, 0xb5, 0x00, 0xdf, 0xff, 0x00, 0xff, 0xff, 0x00, 
  0xff, 0xff, 0x00, 0xff, 0xff, 0x00, 0xff, 0xff, 0x00, 0xff, 0xff, 0x00, 
  0xff, 0xff, 0x00, 0xff, 0xff, 0x00, 0xff, 0xff, 0x00, 0xff, 0xff, 0x00, 
  0xff, 0xff, 0x00, 0xff, 0xff, 0x00, 0xff, 0xff, 0x00, 0xff, 0xff, 0x00, 
  0xff, 0xff, 0x00, 0xff, 0xff, 0x00, 0xff, 0xff, 0x00, 0xff, 0xff, 0x00, 
  0xff, 0xff, 0x00, 0xdf, 0xff, 0x00, 0x7a, 0xce, 0x00, 0xb3, 0x8c, 0xff, 
  0x31, 0x7c, 0xff, 0x51, 0x84, 0xff, 0x52, 0x84, 0xff, 0x92, 0x84, 0xff, 
  0x72, 0x84, 0xff, 0x72, 0x84, 0xff, 0x72, 0x84, 0xff, 0x72, 0x84, 0xff, 
  0x52, 0x84, 0xff, 0x52, 0x84, 0xff, 0x52, 0x84, 0xff, 0x52, 0x84, 0xff, 
  0x52, 0x84, 0xff, 0x52, 0x84, 0xff, 0x52, 0x84, 0xff, 0x52, 0x84, 0xff, 
  0x52, 0x84, 0xff, 0x52, 0x84, 0xff, 0x52, 0x84, 0xff, 0x52, 0x84, 0xff, 
  0x52, 0x84, 0xff, 0x31, 0x7c, 0xff, 0xd3, 0x94, 0xff, 0xbb, 0xd6, 0xff, 
  0xfc, 0xe6, 0xff, 0xdb, 0xde, 0xff, 0xfb, 0xde, 0xff, 0xfb, 0xde, 0xff, 
  0xfb, 0xde, 0xff, 0xdb, 0xde, 0xff, 0x5e, 0xe7, 0xff, 0x9c, 0xbe, 0xff, 
  0x35, 0x5c, 0xff, 0xf2, 0x22, 0xff, 0xb3, 0x0a, 0xff, 0xf4, 0x0a, 0xff, 
  0xf4, 0x0a, 0xff, 0xf3, 0x0a, 0xff, 0xf3, 0x0a, 0xff, 0xf3, 0x0a, 0xff, 
  0xd3, 0x12, 0xff, 0xd3, 0x12, 0xff, 0xd3, 0x0a, 0xff, 0xd3, 0x12, 0xff, 
  0xd3, 0x12, 0xff, 0xd3, 0x12, 0xff, 0xd3, 0x12, 0xff, 0xd3, 0x12, 0xff, 
  0xd3, 0x12, 0xff, 0xd2, 0x12, 0xff, 0xd3, 0x12, 0xff, 0xb2, 0x12, 0xff, 
  0xb2, 0x12, 0xff, 0xb2, 0x1a, 0xff, 0xb2, 0x12, 0xff, 0xb2, 0x12, 0xff, 
  0xb2, 0x12, 0xff, 0xb2, 0x12, 0xff, 0xb2, 0x12, 0xff, 0xb2, 0x12, 0xff, 
  0xb2, 0x12, 0xff, 0x71, 0x12, 0xff, 0x91, 0x1a, 0xff, 0x56, 0x64, 0xff, 
  0x3e, 0xcf, 0xff, 0xff, 0xf7, 0xff, 0xbe, 0xff, 0xff, 0x9e, 0xff, 0xff, 
  0xbe, 0xff, 0xff, 0xde, 0xff, 0xff, 0xde, 0xf7, 0xff, 0xff, 0xff, 0xff, 
  0x9f, 0xf7, 0xff, 0xb3, 0x8c, 0xff, 0xaf, 0x6b, 0xff, 0xf1, 0x73, 0xff, 
  0xf0, 0x73, 0xff, 0xd0, 0x73, 0xff, 0xd0, 0x73, 0xff, 0xd0, 0x73, 0xff, 
  0xd0, 0x73, 0xff, 0xd0, 0x73, 0xff, 0xd0, 0x73, 0xff, 0xd0, 0x73, 0xff, 
  0xd0, 0x6b, 0xff, 0xb0, 0x6b, 0xff, 0xd0, 0x6b, 0xff, 0xd0, 0x6b, 0xff, 
  0xb0, 0x6b, 0xff, 0xd0, 0x6b, 0xff, 0xd0, 0x6b, 0xff, 0xd0, 0x6b, 0xff, 
  0xd0, 0x73, 0xff, 0xaf, 0x6b, 0xff, 0x8f, 0x6b, 0xff, 0x6e, 0x63, 0xff, 
  0xf0, 0x73, 0xff, 0x18, 0xbe, 0x00, 0xdf, 0xf7, 0x00, 0xff, 0xff, 0x00, 
  0xff, 0xff, 0x00, 0xff, 0xff, 0x00, 0xff, 0xff, 0x00, 0xff, 0xff, 0x00, 
  0xff, 0xff, 0x00, 0xff, 0xff, 0x00, 0xff, 0xff, 0x00, 0xff, 0xff, 0x00, 
  0xff, 0xff, 0x00, 0xff, 0xff, 0x00, 0xff, 0xff, 0x00, 0xff, 0xff, 0x00, 
  0xff, 0xff, 0x00, 0xff, 0xff, 0x00, 0xff, 0xff, 0x00, 0xff, 0xff, 0x00, 
  0xff, 0xff, 0x00, 0xff, 0xff, 0x00, 0xfc, 0xde, 0x00, 0x14, 0x9d, 0x00, 
  0x72, 0x8c, 0xff, 0xb3, 0x8c, 0xff, 0x72, 0x84, 0xff, 0x31, 0x7c, 0xff, 
  0x31, 0x84, 0xff, 0x51, 0x84, 0xff, 0x51, 0x84, 0xff, 0x52, 0x84, 0xff, 
  0x72, 0x84, 0xff, 0x72, 0x84, 0xff, 0x72, 0x84, 0xff, 0x52, 0x84, 0xff, 
  0x52, 0x84, 0xff, 0x52, 0x84, 0xff, 0x52, 0x84, 0xff, 0x52, 0x84, 0xff, 
  0x52, 0x84, 0xff, 0x52, 0x84, 0xff, 0x52, 0x84, 0xff, 0x52, 0x84, 0xff, 
  0x52, 0x84, 0xff, 0x11, 0x7c, 0xff, 0x72, 0x8c, 0xff, 0x59, 0xc6, 0xff, 
  0xfb, 0xe6, 0xff, 0xfb, 0xe6, 0xff, 0xdb, 0xde, 0xff, 0xfb, 0xde, 0xff, 
  0xfb, 0xde, 0xff, 0xfb, 0xde, 0xff, 0x1c, 0xdf, 0xff, 0x1d, 0xd7, 0xff, 
  0x1b, 0xa6, 0xff, 0xf1, 0x2a, 0xff, 0x92, 0x0a, 0xff, 0x14, 0x13, 0xff, 
  0xd3, 0x0a, 0xff, 0xd3, 0x0a, 0xff, 0xf3, 0x12, 0xff, 0xf3, 0x12, 0xff, 
  0xd3, 0x12, 0xff, 0xd3, 0x0a, 0xff, 0xd3, 0x0a, 0xff, 0xf4, 0x12, 0xff, 
  0xd3, 0x0a, 0xff, 0xd3, 0x0a, 0xff, 0xd3, 0x0a, 0xff, 0xd3, 0x0a, 0xff, 
  0xd2, 0x12, 0xff, 0xd2, 0x12, 0xff, 0xb2, 0x12, 0xff, 0xb2, 0x12, 0xff, 
  0xb2, 0x12, 0xff, 0xb2, 0x12, 0xff, 0xb2, 0x12, 0xff, 0xb3, 0x12, 0xff, 
  0xb2, 0x12, 0xff, 0xb2, 0x12, 0xff, 0xb2, 0x12, 0xff, 0x91, 0x0a, 0xff, 
  0xb2, 0x1a, 0xff, 0x70, 0x1a, 0xff, 0xd0, 0x32, 0xff, 0x7d, 0xb6, 0xff, 
  0xff, 0xef, 0xff, 0xbe, 0xf7, 0xff, 0xbe, 0xf7, 0xff, 0xbe, 0xff, 0xff, 
  0xbe, 0xf7, 0xff, 0xdf, 0xff, 0xff, 0xdf, 0xff, 0xff, 0xff, 0xff, 0xff, 
  0x1c, 0xdf, 0xff, 0x11, 0x7c, 0xff, 0x8f, 0x6b, 0xff, 0xf1, 0x73, 0xff, 
  0xf0, 0x73, 0xff, 0xf0, 0x6b, 0xff, 0xd0, 0x6b, 0xff, 0xd0, 0x6b, 0xff, 
  0xd0, 0x6b, 0xff, 0xd0, 0x6b, 0xff, 0xd0, 0x6b, 0xff, 0xd0, 0x73, 0xff, 
  0xd0, 0x6b, 0xff, 0xd0, 0x6b, 0xff, 0xf0, 0x6b, 0xff, 0xd0, 0x6b, 0xff, 
  0xb0, 0x6b, 0xff, 0xaf, 0x6b, 0xff, 0x8f, 0x6b, 0xff, 0x6e, 0x63, 0xff, 
  0x6f, 0x63, 0xff, 0xb0, 0x6b, 0xff, 0xf1, 0x73, 0xff, 0xcf, 0x6b, 0xff, 
  0x92, 0x8c, 0x00, 0xdb, 0xd6, 0x00, 0xff, 0xff, 0x00, 0xff, 0xff, 0x00, 
  0xff, 0xff, 0x00, 0xff, 0xff, 0x00, 0xff, 0xff, 0x00, 0xff, 0xff, 0x00, 
  0xff, 0xff, 0x00, 0xff, 0xff, 0x00, 0xff, 0xff, 0x00, 0xff, 0xff, 0x00, 
  0xff, 0xff, 0x00, 0xff, 0xff, 0x00, 0xff, 0xff, 0x00, 0xff, 0xff, 0x00, 
  0xff, 0xff, 0x00, 0xff, 0xff, 0x00, 0xff, 0xff, 0x00, 0xff, 0xff, 0x00, 
  0xff, 0xff, 0x00, 0xff, 0xff, 0x00, 0x9e, 0xf7, 0x00, 0x9a, 0xce, 0x00, 
  0x18, 0xbe, 0x00, 0xf8, 0xbd, 0x00, 0x76, 0xad, 0x00, 0xf4, 0x94, 0x00, 
  0x72, 0x8c, 0x00, 0x72, 0x8c, 0xff, 0x51, 0x84, 0xff, 0x51, 0x84, 0xff, 
  0x31, 0x84, 0xff, 0x52, 0x84, 0xff, 0x52, 0x84, 0xff, 0x52, 0x84, 0xff, 
  0x52, 0x84, 0xff, 0x52, 0x84, 0xff, 0x52, 0x7c, 0xff, 0x52, 0x84, 0xff, 
  0x52, 0x84, 0xff, 0x52, 0x84, 0xff, 0x52, 0x84, 0xff, 0x52, 0x84, 0xff, 
  0x52, 0x84, 0xff, 0x11, 0x7c, 0xff, 0x52, 0x84, 0xff, 0x96, 0xb5, 0xff, 
  0xba, 0xde, 0xff, 0x1b, 0xe7, 0xff, 0xdb, 0xde, 0xff, 0xfb, 0xde, 0xff, 
  0xfb, 0xde, 0xff, 0x1c, 0xe7, 0xff, 0xfb, 0xde, 0xff, 0x5e, 0xe7, 0xff, 
  0xfe, 0xce, 0xff, 0x55, 0x64, 0xff, 0xd2, 0x1a, 0xff, 0xb2, 0x12, 0xff, 
  0xf3, 0x12, 0xff, 0xf3, 0x12, 0xff, 0xd3, 0x12, 0xff, 0xd3, 0x12, 0xff, 
  0xd3, 0x12, 0xff, 0xd3, 0x12, 0xff, 0xd3, 0x12, 0xff, 0xd3, 0x12, 0xff, 
  0xd3, 0x0a, 0xff, 0xd3, 0x0a, 0xff, 0xd3, 0x0a, 0xff, 0xd3, 0x12, 0xff, 
  0xd2, 0x12, 0xff, 0xd2, 0x12, 0xff, 0xb2, 0x12, 0xff, 0xb2, 0x12, 0xff, 
  0xb2, 0x12, 0xff, 0xb2, 0x12, 0xff, 0xb2, 0x12, 0xff, 0xb3, 0x12, 0xff, 
  0xb2, 0x12, 0xff, 0xb1, 0x0a, 0xff, 0xb1, 0x12, 0xff, 0xd2, 0x12, 0xff, 
  0x70, 0x12, 0xff, 0x6f, 0x22, 0xff, 0x55, 0x6c, 0xff, 0x9f, 0xe7, 0xff, 
  0xff, 0xff, 0xff, 0x9e, 0xf7, 0xff, 0xbf, 0xff, 0xff, 0xbf, 0xf7, 0xff, 
  0xdf, 0xff, 0xff, 0xbe, 0xf7, 0xff, 0xff, 0xff, 0xff, 0xbf, 0xf7, 0xff, 
  0xd7, 0xb5, 0xff, 0xf0, 0x73, 0xff, 0xb0, 0x6b, 0xff, 0xf0, 0x73, 0xff, 
  0xf0, 0x6b, 0xff, 0xf0, 0x6b, 0xff, 0xd0, 0x6b, 0xff, 0xd0, 0x6b, 0xff, 
  0xd0, 0x6b, 0xff, 0xd0, 0x6b, 0xff, 0xd0, 0x6b, 0xff, 0xd0, 0x6b, 0xff, 
  0xd0, 0x6b, 0xff, 0xd0, 0x6b, 0xff, 0xd0, 0x6b, 0xff, 0xb0, 0x6b, 0xff, 
  0xaf, 0x6b, 0xff, 0xcf, 0x6b, 0xff, 0xf0, 0x73, 0xff, 0xf0, 0x73, 0x00, 
  0x72, 0x84, 0x00, 0xf4, 0x94, 0x00, 0x97, 0xad, 0x00, 0xb7, 0xad, 0x00, 
  0x39, 0xc6, 0x00, 0x9e, 0xef, 0x00, 0xff, 0xff, 0x00, 0xff, 0xff, 0x00, 
  0xff, 0xff, 0x00, 0xff, 0xff, 0x00, 0xff, 0xff, 0x00, 0xff, 0xff, 0x00, 
  0xff, 0xff, 0x00, 0xff, 0xff, 0x00, 0xff, 0xff, 0x00, 0xff, 0xff, 0x00, 
  0xff, 0xff, 0x00, 0xff, 0xff, 0x00, 0xff, 0xff, 0x00, 0xff, 0xff, 0x00, 
  0xff, 0xff, 0x00, 0xff, 0xff, 0x00, 0xff, 0xff, 0x00, 0xff, 0xff, 0x00, 
  0xff, 0xff, 0x00, 0xff, 0xff, 0x00, 0xdf, 0xff, 0x00, 0xdf, 0xff, 0x00, 
  0xff, 0xff, 0x00, 0xff, 0xff, 0x00, 0xdf, 0xff, 0x00, 0xbf, 0xf7, 0x00, 
  0x3d, 0xe7, 0x00, 0x39, 0xc6, 0x00, 0xf4, 0x9c, 0x00, 0x51, 0x84, 0xff, 
  0x31, 0x84, 0xff, 0x72, 0x84, 0xff, 0x72, 0x84, 0xff, 0x52, 0x84, 0xff, 
  0x52, 0x84, 0xff, 0x52, 0x7c, 0xff, 0x52, 0x7c, 0xff, 0x52, 0x7c, 0xff, 
  0x52, 0x84, 0xff, 0x52, 0x84, 0xff, 0x52, 0x7c, 0xff, 0x52, 0x7c, 0xff, 
  0x52, 0x7c, 0xff, 0x32, 0x7c, 0xff, 0x31, 0x84, 0xff, 0xb3, 0x94, 0xff, 
  0x59, 0xce, 0xff, 0x1c, 0xe7, 0xff, 0xfb, 0xde, 0xff, 0x1b, 0xe7, 0xff, 
  0x3c, 0xe7, 0xff, 0xfb, 0xde, 0xff, 0x1c, 0xe7, 0xff, 0x3d, 0xe7, 0xff, 
  0x3e, 0xdf, 0xff, 0x9d, 0xbe, 0xff, 0xf4, 0x53, 0xff, 0x70, 0x12, 0xff, 
  0xf3, 0x12, 0xff, 0xf3, 0x12, 0xff, 0xd3, 0x12, 0xff, 0xd3, 0x0a, 0xff, 
  0xd3, 0x12, 0xff, 0xf4, 0x12, 0xff, 0xd3, 0x12, 0xff, 0xb2, 0x0a, 0xff, 
  0xd3, 0x12, 0xff, 0xd2, 0x12, 0xff, 0xd2, 0x12, 0xff, 0xd2, 0x12, 0xff, 
  0xb2, 0x12, 0xff, 0xb2, 0x12, 0xff, 0xb2, 0x12, 0xff, 0xb2, 0x12, 0xff, 
  0xb1, 0x12, 0xff, 0xb2, 0x12, 0xff, 0xb2, 0x12, 0xff, 0xd2, 0x12, 0xff, 
  0xb2, 0x12, 0xff, 0xb2, 0x0a, 0xff, 0xb2, 0x12, 0xff, 0xd1, 0x12, 0xff, 
  0x4e, 0x1a, 0xff, 0xb2, 0x53, 0xff, 0xfe, 0xce, 0xff, 0xdf, 0xf7, 0xff, 
  0xbf, 0xf7, 0xff, 0xbf, 0xff, 0xff, 0x9f, 0xf7, 0xff, 0xdf, 0xff, 0xff, 
  0xdf, 0xff, 0xff, 0xdf, 0xff, 0xff, 0xff, 0xff, 0xff, 0x1c, 0xdf, 0xff, 
  0x92, 0x8c, 0xff, 0xd0, 0x73, 0xff, 0xf0, 0x73, 0xff, 0xd0, 0x73, 0xff, 
  0xd0, 0x6b, 0xff, 0xd0, 0x6b, 0xff, 0xd0, 0x6b, 0xff, 0xd0, 0x6b, 0xff, 
  0xd0, 0x6b, 0xff, 0xd0, 0x6b, 0xff, 0xd0, 0x6b, 0xff, 0xd0, 0x6b, 0xff, 
  0xd0, 0x6b, 0xff, 0xf0, 0x6b, 0xff, 0xd0, 0x6b, 0xff, 0x8f, 0x6b, 0xff, 
  0x8f, 0x6b, 0xff, 0x52, 0x84, 0x00, 0xd8, 0xb5, 0x00, 0x3d, 0xdf, 0x00, 
  0xbf, 0xef, 0x00, 0xdf, 0xf7, 0x00, 0xff, 0xff, 0x00, 0xdf, 0xf7, 0x00, 
  0xff, 0xff, 0x00, 0xff, 0xff, 0x00, 0xff, 0xff, 0x00, 0xff, 0xff, 0x00, 
  0xff, 0xff, 0x00, 0xff, 0xff, 0x00, 0xff, 0xff, 0x00, 0xff, 0xff, 0x00, 
  0xff, 0xff, 0x00, 0xff, 0xff, 0x00, 0xff, 0xff, 0x00, 0xff, 0xff, 0x00, 
  0xff, 0xff, 0x00, 0xff, 0xff, 0x00, 0xff, 0xff, 0x00, 0xff, 0xff, 0x00, 
  0xff, 0xff, 0x00, 0xff, 0xff, 0x00, 0xff, 0xff, 0x00, 0xff, 0xff, 0x00, 
  0xff, 0xff, 0x00, 0xff, 0xff, 0x00, 0xff, 0xff, 0x00, 0xff, 0xff, 0x00, 
  0xff, 0xff, 0x00, 0xff, 0xff, 0x00, 0xff, 0xff, 0x00, 0xff, 0xff, 0x00, 
  0xff, 0xff, 0x00, 0xdf, 0xff, 0x00, 0x5d, 0xef, 0x00, 0x7a, 0xce, 0x00, 
  0x14, 0x9d, 0x00, 0x31, 0x7c, 0xff, 0x11, 0x7c, 0xff, 0x73, 0x84, 0xff, 
  0x52, 0x84, 0xff, 0x52, 0x7c, 0xff, 0x52, 0x7c, 0xff, 0x52, 0x7c, 0xff, 
  0x52, 0x84, 0xff, 0x52, 0x84, 0xff, 0x52, 0x7c, 0xff, 0x32, 0x7c, 0xff, 
  0x32, 0x7c, 0xff, 0x52, 0x84, 0xff, 0x31, 0x84, 0xff, 0x10, 0x84, 0xff, 
  0xf7, 0xbd, 0xff, 0x1c, 0xe7, 0xff, 0xdb, 0xde, 0xff, 0x1b, 0xe7, 0xff, 
  0x1b, 0xdf, 0xff, 0x3c, 0xe7, 0xff, 0xfb, 0xde, 0xff, 0x1c, 0xe7, 0xff, 
  0x3d, 0xe7, 0xff, 0x5f, 0xdf, 0xff, 0x3c, 0xa6, 0xff, 0x93, 0x43, 0xff, 
  0x70, 0x12, 0xff, 0xd2, 0x12, 0xff, 0xf3, 0x1a, 0xff, 0xf3, 0x12, 0xff, 
  0xd3, 0x0a, 0xff, 0xd3, 0x12, 0xff, 0xd3, 0x12, 0xff, 0xb3, 0x12, 0xff, 
  0xd2, 0x12, 0xff, 0xd2, 0x12, 0xff, 0xd2, 0x12, 0xff, 0xb2, 0x12, 0xff, 
  0xb2, 0x12, 0xff, 0xb2, 0x12, 0xff, 0xb2, 0x12, 0xff, 0xb2, 0x12, 0xff, 
  0xb2, 0x12, 0xff, 0xb2, 0x1a, 0xff, 0xb2, 0x12, 0xff, 0x91, 0x0a, 0xff, 
  0xb1, 0x12, 0xff, 0xd2, 0x1a, 0xff, 0xb1, 0x12, 0xff, 0x2e, 0x12, 0xff, 
  0x92, 0x4b, 0xff, 0x7c, 0xbe, 0xff, 0xdf, 0xf7, 0xff, 0xbf, 0xff, 0xff, 
  0xbf, 0xf7, 0xff, 0xbf, 0xf7, 0xff, 0xbf, 0xff, 0xff, 0xbf, 0xff, 0xff, 
  0xdf, 0xff, 0xff, 0xdf, 0xff, 0xff, 0xff, 0xff, 0xff, 0x59, 0xc6, 0xff, 
  0xd0, 0x73, 0xff, 0xd0, 0x6b, 0xff, 0xf0, 0x73, 0xff, 0xf0, 0x6b, 0xff, 
  0xd0, 0x6b, 0xff, 0xd0, 0x6b, 0xff, 0xd0, 0x6b, 0xff, 0xd0, 0x6b, 0xff, 
  0xd0, 0x6b, 0xff, 0xd0, 0x6b, 0xff, 0xd0, 0x6b, 0xff, 0xd0, 0x6b, 0xff, 
  0xf1, 0x73, 0xff, 0x8f, 0x63, 0xff, 0x8f, 0x6b, 0xff, 0xb3, 0x8c, 0x00, 
  0x59, 0xc6, 0x00, 0x5d, 0xe7, 0x00, 0xbf, 0xf7, 0x00, 0xff, 0xff, 0x00, 
  0xff, 0xff, 0x00, 0xff, 0xff, 0x00, 0xff, 0xff, 0x00, 0xff, 0xff, 0x00, 
  0xff, 0xff, 0x00, 0xff, 0xff, 0x00, 0xff, 0xff, 0x00, 0xff, 0xff, 0x00, 
  0xff, 0xff, 0x00, 0xff, 0xff, 0x00, 0xff, 0xff, 0x00, 0xff, 0xff, 0x00, 
  0xff, 0xff, 0x00, 0xff, 0xff, 0x00, 0xff, 0xff, 0x00, 0xff, 0xff, 0x00, 
  0xff, 0xff, 0x00, 0xff, 0xff, 0x00, 0xff, 0xff, 0x00, 0xff, 0xff, 0x00, 
  0xff, 0xff, 0x00, 0xff, 0xff, 0x00, 0xff, 0xff, 0x00, 0xff, 0xff, 0x00, 
  0xff, 0xff, 0x00, 0xff, 0xff, 0x00, 0xff, 0xff, 0x00, 0xff, 0xff, 0x00, 
  0xff, 0xff, 0x00, 0xff, 0xff, 0x00, 0xff, 0xff, 0x00, 0xff, 0xff, 0x00, 
  0xff, 0xff, 0x00, 0xff, 0xff, 0x00, 0xff, 0xff, 0x00, 0xff, 0xff, 0x00, 
  0xfc, 0xde, 0x00, 0xd8, 0xb5, 0x00, 0x72, 0x84, 0xff, 0x11, 0x7c, 0xff, 
  0x72, 0x84, 0xff, 0x52, 0x84, 0xff, 0x32, 0x7c, 0xff, 0x52, 0x84, 0xff, 
  0x52, 0x84, 0xff, 0x72, 0x84, 0xff, 0x32, 0x7c, 0xff, 0x32, 0x7c, 0xff, 
  0x32, 0x7c, 0xff, 0x52, 0x84, 0xff, 0x11, 0x7c, 0xff, 0x31, 0x84, 0xff, 
  0xf4, 0x9c, 0xff, 0x59, 0xc6, 0xff, 0x5c, 0xef, 0xff, 0x1b, 0xdf, 0xff, 
  0x1c, 0xdf, 0xff, 0x3c, 0xe7, 0xff, 0x1c, 0xe7, 0xff, 0x3c, 0xe7, 0xff, 
  0x3c, 0xe7, 0xff, 0x3d, 0xe7, 0xff, 0x3e, 0xd7, 0xff, 0x1b, 0x9e, 0xff, 
  0x94, 0x3b, 0xff, 0x91, 0x12, 0xff, 0xd2, 0x12, 0xff, 0xd2, 0x12, 0xff, 
  0xf3, 0x12, 0xff, 0xd3, 0x12, 0xff, 0xd3, 0x12, 0xff, 0xd3, 0x12, 0xff, 
  0xd3, 0x12, 0xff, 0xb2, 0x12, 0xff, 0xd2, 0x12, 0xff, 0xb2, 0x12, 0xff, 
  0xb2, 0x12, 0xff, 0xb2, 0x12, 0xff, 0xb2, 0x12, 0xff, 0xb2, 0x12, 0xff, 
  0xb2, 0x12, 0xff, 0xb2, 0x1a, 0xff, 0xb2, 0x12, 0xff, 0xb2, 0x12, 0xff, 
  0xd2, 0x1a, 0xff, 0x70, 0x12, 0xff, 0x2e, 0x12, 0xff, 0x72, 0x43, 0xff, 
  0x3b, 0xb6, 0xff, 0xdf, 0xef, 0xff, 0xdf, 0xf7, 0xff, 0xbe, 0xf7, 0xff, 
  0xdf, 0xf7, 0xff, 0xbf, 0xf7, 0xff, 0xde, 0xff, 0xff, 0xbe, 0xff, 0xff, 
  0xdf, 0xff, 0xff, 0xff, 0xff, 0xff, 0x1c, 0xdf, 0xff, 0xd4, 0x94, 0xff, 
  0xd0, 0x73, 0xff, 0xd0, 0x73, 0xff, 0xd0, 0x6b, 0xff, 0xd0, 0x6b, 0xff, 
  0xd0, 0x6b, 0xff, 0xd0, 0x6b, 0xff, 0xd0, 0x6b, 0xff, 0xd0, 0x6b, 0xff, 
  0xf0, 0x73, 0xff, 0xd0, 0x6b, 0xff, 0xd0, 0x73, 0xff, 0xd0, 0x73, 0xff, 
  0x6e, 0x63, 0xff, 0xf0, 0x73, 0xff, 0x76, 0xad, 0x00, 0xdb, 0xd6, 0x00, 
  0xff, 0xff, 0x00, 0xff, 0xff, 0x00, 0xff, 0xff, 0x00, 0xff, 0xff, 0x00, 
  0xdf, 0xff, 0x00, 0xff, 0xff, 0x00, 0xff, 0xff, 0x00, 0xff, 0xff, 0x00, 
  0xff, 0xff, 0x00, 0xff, 0xff, 0x00, 0xff, 0xff, 0x00, 0xff, 0xff, 0x00, 
  0xff, 0xff, 0x00, 0xff, 0xff, 0x00, 0xff, 0xff, 0x00, 0xff, 0xff, 0x00, 
  0xff, 0xff, 0x00, 0xff, 0xff, 0x00, 0xff, 0xff, 0x00, 0xff, 0xff, 0x00, 
  0xff, 0xff, 0x00, 0xff, 0xff, 0x00, 0xff, 0xff, 0x00, 0xff, 0xff, 0x00, 
  0xff, 0xff, 0x00, 0xff, 0xff, 0x00, 0xff, 0xff, 0x00, 0xff, 0xff, 0x00, 
  0xff, 0xff, 0x00, 0xff, 0xff, 0x00, 0xff, 0xff, 0x00, 0xff, 0xff, 0x00, 
  0xff, 0xff, 0x00, 0xff, 0xff, 0x00, 0xff, 0xff, 0x00, 0xff, 0xff, 0x00, 
  0xff, 0xff, 0x00, 0xff, 0xff, 0x00, 0xff, 0xff, 0x00, 0xff, 0xff, 0x00, 
  0xff, 0xff, 0x00, 0xbf, 0xf7, 0x00, 0x59, 0xc6, 0x00, 0x93, 0x8c, 0xff, 
  0x11, 0x7c, 0xff, 0x52, 0x84, 0xff, 0x52, 0x84, 0xff, 0x52, 0x84, 0xff, 
  0x52, 0x7c, 0xff, 0x32, 0x7c, 0xff, 0x31, 0x7c, 0xff, 0x52, 0x84, 0xff, 
  0x32, 0x7c, 0xff, 0x52, 0x7c, 0xff, 0x51, 0x84, 0xff, 0x31, 0x84, 0xff, 
  0x31, 0x7c, 0xff, 0xb6, 0xad, 0xff, 0x3c, 0xe7, 0xff, 0x1b, 0xdf, 0xff, 
  0x1c, 0xdf, 0xff, 0x1c, 0xdf, 0xff, 0x1c, 0xdf, 0xff, 0x1c, 0xe7, 0xff, 
  0x1b, 0xe7, 0xff, 0x1b, 0xe7, 0xff, 0x5d, 0xe7, 0xff, 0x5f, 0xdf, 0xff, 
  0x5d, 0xa6, 0xff, 0xd4, 0x4b, 0xff, 0xb0, 0x22, 0xff, 0x91, 0x12, 0xff, 
  0xb2, 0x12, 0xff, 0xd3, 0x12, 0xff, 0xd3, 0x12, 0xff, 0xd3, 0x12, 0xff, 
  0xd3, 0x12, 0xff, 0xb2, 0x12, 0xff, 0xd2, 0x12, 0xff, 0xb2, 0x12, 0xff, 
  0xb2, 0x12, 0xff, 0xb2, 0x12, 0xff, 0xb2, 0x12, 0xff, 0xb3, 0x12, 0xff, 
  0xb2, 0x1a, 0xff, 0x92, 0x12, 0xff, 0xb3, 0x12, 0xff, 0x71, 0x12, 0xff, 
  0x50, 0x12, 0xff, 0x6f, 0x22, 0xff, 0xb3, 0x53, 0xff, 0x7c, 0xb6, 0xff, 
  0xdf, 0xef, 0xff, 0xdf, 0xf7, 0xff, 0xbe, 0xf7, 0xff, 0xde, 0xff, 0xff, 
  0xdf, 0xf7, 0xff, 0xdf, 0xf7, 0xff, 0xde, 0xff, 0xff, 0xde, 0xff, 0xff, 
  0xdf, 0xff, 0xff, 0xff, 0xf7, 0xff, 0xd7, 0xb5, 0xff, 0xaf, 0x73, 0xff, 
  0xd0, 0x73, 0xff, 0xf0, 0x73, 0xff, 0xd0, 0x6b, 0xff, 0xf0, 0x6b, 0xff, 
  0xf0, 0x6b, 0xff, 0xd0, 0x6b, 0xff, 0xd0, 0x6b, 0xff, 0xd0, 0x6b, 0xff, 
  0xb0, 0x6b, 0xff, 0xd0, 0x6b, 0xff, 0xd0, 0x73, 0xff, 0x8f, 0x6b, 0xff, 
  0x11, 0x7c, 0xff, 0xf8, 0xbd, 0x00, 0x9e, 0xef, 0x00, 0xff, 0xff, 0x00, 
  0xff, 0xff, 0x00, 0xdf, 0xff, 0x00, 0xff, 0xff, 0x00, 0xff, 0xff, 0x00, 
  0xff, 0xff, 0x00, 0xff, 0xff, 0x00, 0xff, 0xff, 0x00, 0xff, 0xff, 0x00, 
  0xff, 0xff, 0x00, 0xff, 0xff, 0x00, 0xff, 0xff, 0x00, 0xff, 0xff, 0x00, 
  0xff, 0xff, 0x00, 0xff, 0xff, 0x00, 0xff, 0xff, 0x00, 0xff, 0xff, 0x00, 
  0xff, 0xff, 0x00, 0xff, 0xff, 0x00, 0xff, 0xff, 0x00, 0xff, 0xff, 0x00, 
  0xff, 0xff, 0x00, 0xff, 0xff, 0x00, 0xff, 0xff, 0x00, 0xff, 0xff, 0x00, 
  0xff, 0xff, 0x00, 0xff, 0xff, 0x00, 0xff, 0xff, 0x00, 0xff, 0xff, 0x00, 
  0xff, 0xff, 0x00, 0xff, 0xff, 0x00, 0xff, 0xff, 0x00, 0xff, 0xff, 0x00, 
  0xff, 0xff, 0x00, 0xff, 0xff, 0x00, 0xff, 0xff, 0x00, 0xff, 0xff, 0x00, 
  0xff, 0xff, 0x00, 0xff, 0xff, 0x00, 0xff, 0xff, 0x00, 0xff, 0xff, 0x00, 
  0xff, 0xff, 0x00, 0xff, 0xff, 0x00, 0xdf, 0xf7, 0x00, 0x9a, 0xce, 0x00, 
  0x93, 0x8c, 0xff, 0x31, 0x7c, 0xff, 0x31, 0x7c, 0xff, 0x52, 0x84, 0xff, 
  0x32, 0x7c, 0xff, 0x32, 0x7c, 0xff, 0x52, 0x7c, 0xff, 0x32, 0x7c, 0xff, 
  0x32, 0x7c, 0xff, 0x32, 0x7c, 0xff, 0x51, 0x84, 0xff, 0x31, 0x84, 0xff, 
  0x10, 0x7c, 0xff, 0xd3, 0x8c, 0xff, 0x38, 0xc6, 0xff, 0x5d, 0xe7, 0xff, 
  0x3c, 0xe7, 0xff, 0x3c, 0xe7, 0xff, 0x3d, 0xe7, 0xff, 0x1c, 0xe7, 0xff, 
  0x1b, 0xe7, 0xff, 0x1b, 0xe7, 0xff, 0x3c, 0xe7, 0xff, 0x3d, 0xe7, 0xff, 
  0x5e, 0xe7, 0xff, 0xdd, 0xc6, 0xff, 0x55, 0x6c, 0xff, 0xf0, 0x32, 0xff, 
  0xb1, 0x1a, 0xff, 0xb2, 0x12, 0xff, 0xb3, 0x0a, 0xff, 0xb3, 0x12, 0xff, 
  0xd2, 0x12, 0xff, 0xb2, 0x12, 0xff, 0xb2, 0x12, 0xff, 0xb1, 0x12, 0xff, 
  0xb2, 0x12, 0xff, 0xb2, 0x12, 0xff, 0xb2, 0x0a, 0xff, 0xb3, 0x12, 0xff, 
  0xb2, 0x12, 0xff, 0x71, 0x12, 0xff, 0x92, 0x12, 0xff, 0xb1, 0x22, 0xff, 
  0xb0, 0x32, 0xff, 0x55, 0x74, 0xff, 0x3e, 0xd7, 0xff, 0xdf, 0xf7, 0xff, 
  0xdf, 0xf7, 0xff, 0x9d, 0xf7, 0xff, 0xbe, 0xf7, 0xff, 0xde, 0xf7, 0xff, 
  0xde, 0xf7, 0xff, 0xff, 0xff, 0xff, 0xfe, 0xff, 0xff, 0xff, 0xff, 0xff, 
  0xff, 0xff, 0xff, 0x9b, 0xce, 0xff, 0x93, 0x8c, 0xff, 0xaf, 0x6b, 0xff, 
  0xf0, 0x73, 0xff, 0xd0, 0x73, 0xff, 0xd0, 0x6b, 0xff, 0xd0, 0x6b, 0xff, 
  0xd0, 0x6b, 0xff, 0xd0, 0x6b, 0xff, 0xd0, 0x6b, 0xff, 0xd0, 0x6b, 0xff, 
  0xf0, 0x73, 0xff, 0xd0, 0x73, 0xff, 0x8f, 0x6b, 0xff, 0x10, 0x74, 0xff, 
  0x59, 0xc6, 0x00, 0xff, 0xff, 0x00, 0xff, 0xff, 0x00, 0xff, 0xff, 0x00, 
  0xff, 0xff, 0x00, 0xff, 0xff, 0x00, 0xdf, 0xff, 0x00, 0xff, 0xff, 0x00, 
  0xff, 0xff, 0x00, 0xff, 0xff, 0x00, 0xff, 0xff, 0x00, 0xff, 0xff, 0x00, 
  0xff, 0xff, 0x00, 0xff, 0xff, 0x00, 0xff, 0xff, 0x00, 0xff, 0xff, 0x00, 
  0xff, 0xff, 0x00, 0xff, 0xff, 0x00, 0xff, 0xff, 0x00, 0xff, 0xff, 0x00, 
  0xff, 0xff, 0x00, 0xff, 0xff, 0x00, 0xff, 0xff, 0x00, 0xff, 0xff, 0x00, 
  0xff, 0xff, 0x00, 0xff, 0xff, 0x00, 0xff, 0xff, 0x00, 0xff, 0xff, 0x00, 
  0xff, 0xff, 0x00, 0xff, 0xff, 0x00, 0xff, 0xff, 0x00, 0xff, 0xff, 0x00, 
  0xff, 0xff, 0x00, 0xff, 0xff, 0x00, 0xff, 0xff, 0x00, 0xff, 0xff, 0x00, 
  0xff, 0xff, 0x00, 0xff, 0xff, 0x00, 0xff, 0xff, 0x00, 0xff, 0xff, 0x00, 
  0xff, 0xff, 0x00, 0xdf, 0xff, 0x00, 0xff, 0xff, 0x00, 0xff, 0xff, 0x00, 
  0xff, 0xff, 0x00, 0xdf, 0xff, 0x00, 0xff, 0xff, 0x00, 0xdf, 0xf7, 0x00, 
  0x59, 0xc6, 0x00, 0x52, 0x84, 0xff, 0x11, 0x7c, 0xff, 0x52, 0x84, 0xff, 
  0x52, 0x7c, 0xff, 0x52, 0x84, 0xff, 0x52, 0x84, 0xff, 0x31, 0x7c, 0xff, 
  0x52, 0x7c, 0xff, 0x32, 0x7c, 0xff, 0x31, 0x7c, 0xff, 0x31, 0x84, 0xff, 
  0x52, 0x84, 0xff, 0x31, 0x7c, 0xff, 0xf4, 0x94, 0xff, 0xdb, 0xd6, 0xff, 
  0x1c, 0xdf, 0xff, 0x1c, 0xdf, 0xff, 0x3d, 0xe7, 0xff, 0x3d, 0xe7, 0xff, 
  0x3c, 0xef, 0xff, 0x3c, 0xef, 0xff, 0x5c, 0xef, 0xff, 0x3c, 0xe7, 0xff, 
  0x5d, 0xef, 0xff, 0x7e, 0xe7, 0xff, 0x3e, 0xd7, 0xff, 0x5c, 0xae, 0xff, 
  0x35, 0x5c, 0xff, 0xd1, 0x2a, 0xff, 0x70, 0x12, 0xff, 0x91, 0x12, 0xff, 
  0xb1, 0x12, 0xff, 0xb1, 0x12, 0xff, 0xb1, 0x1a, 0xff, 0xd1, 0x1a, 0xff, 
  0xb1, 0x1a, 0xff, 0xb1, 0x1a, 0xff, 0x91, 0x12, 0xff, 0x91, 0x12, 0xff, 
  0x70, 0x1a, 0xff, 0x2f, 0x12, 0xff, 0xb0, 0x22, 0xff, 0x56, 0x64, 0xff, 
  0x7d, 0xb6, 0xff, 0x7f, 0xe7, 0xff, 0xdf, 0xf7, 0xff, 0xbf, 0xf7, 0xff, 
  0xbf, 0xf7, 0xff, 0xde, 0xff, 0xff, 0xfe, 0xf7, 0xff, 0xde, 0xf7, 0xff, 
  0xff, 0xff, 0xff, 0xff, 0xff, 0xff, 0xbe, 0xf7, 0xff, 0xff, 0xff, 0xff, 
  0x9e, 0xef, 0xff, 0xd4, 0x94, 0xff, 0xaf, 0x6b, 0xff, 0xd0, 0x73, 0xff, 
  0xd0, 0x73, 0xff, 0xf0, 0x6b, 0xff, 0xd0, 0x6b, 0xff, 0xd0, 0x6b, 0xff, 
  0xd0, 0x6b, 0xff, 0xd0, 0x6b, 0xff, 0xd0, 0x6b, 0xff, 0xd0, 0x6b, 0xff, 
  0xd0, 0x73, 0xff, 0x8f, 0x6b, 0xff, 0xd0, 0x73, 0xff, 0x19, 0xbe, 0x00, 
  0xdf, 0xf7, 0x00, 0xff, 0xff, 0x00, 0xff, 0xff, 0x00, 0xff, 0xff, 0x00, 
  0xdf, 0xff, 0x00, 0xff, 0xff, 0x00, 0xff, 0xff, 0x00, 0xff, 0xff, 0x00, 
  0xff, 0xff, 0x00, 0xff, 0xff, 0x00, 0xff, 0xff, 0x00, 0xff, 0xff, 0x00, 
  0xff, 0xff, 0x00, 0xff, 0xff, 0x00, 0xff, 0xff, 0x00, 0xff, 0xff, 0x00, 
  0xff, 0xff, 0x00, 0xff, 0xff, 0x00, 0xff, 0xff, 0x00, 0xff, 0xff, 0x00, 
  0xff, 0xff, 0x00, 0xff, 0xff, 0x00, 0xff, 0xff, 0x00, 0xff, 0xff, 0x00, 
  0xff, 0xff, 0x00, 0xff, 0xff, 0x00, 0xff, 0xff, 0x00, 0xff, 0xff, 0x00, 
  0xff, 0xff, 0x00, 0xff, 0xff, 0x00, 0xff, 0xff, 0x00, 0xff, 0xff, 0x00, 
  0xff, 0xff, 0x00, 0xff, 0xff, 0x00, 0xff, 0xff, 0x00, 0xff, 0xff, 0x00, 
  0xff, 0xff, 0x00, 0xff, 0xff, 0x00, 0xff, 0xff, 0x00, 0xff, 0xff, 0x00, 
  0xff, 0xff, 0x00, 0xff, 0xff, 0x00, 0xff, 0xff, 0x00, 0xff, 0xff, 0x00, 
  0xff, 0xff, 0x00, 0xff, 0xff, 0x00, 0xff, 0xff, 0x00, 0xff, 0xff, 0x00, 
  0xdf, 0xf7, 0x00, 0xb7, 0xb5, 0x00, 0x72, 0x84, 0xff, 0x11, 0x7c, 0xff, 
  0x52, 0x84, 0xff, 0x52, 0x7c, 0xff, 0x52, 0x7c, 0xff, 0x32, 0x7c, 0xff, 
  0x52, 0x7c, 0xff, 0x31, 0x7c, 0xff, 0x31, 0x7c, 0xff, 0x51, 0x7c, 0xff, 
  0x51, 0x7c, 0xff, 0x11, 0x7c, 0xff, 0x51, 0x84, 0xff, 0x55, 0xa5, 0xff, 
  0x1c, 0xdf, 0xff, 0x5d, 0xe7, 0xff, 0x1d, 0xe7, 0xff, 0x3c, 0xe7, 0xff, 
  0x3c, 0xef, 0xff, 0x3c, 0xef, 0xff, 0x5c, 0xef, 0xff, 0x5c, 0xef, 0xff, 
  0x5d, 0xe7, 0xff, 0x5d, 0xe7, 0xff, 0x9f, 0xef, 0xff, 0x7f, 0xe7, 0xff, 
  0xdd, 0xce, 0xff, 0x3b, 0xb6, 0xff, 0x58, 0x8d, 0xff, 0x55, 0x64, 0xff, 
  0x72, 0x3b, 0xff, 0x11, 0x2b, 0xff, 0x90, 0x1a, 0xff, 0x2e, 0x12, 0xff, 
  0x2e, 0x12, 0xff, 0x8f, 0x1a, 0xff, 0xf1, 0x2a, 0xff, 0x52, 0x3b, 0xff, 
  0x55, 0x64, 0xff, 0x78, 0x8d, 0xff, 0x5c, 0xae, 0xff, 0x1e, 0xcf, 0xff, 
  0xdf, 0xef, 0xff, 0xff, 0xff, 0xff, 0xbf, 0xf7, 0xff, 0xbf, 0xf7, 0xff, 
  0xbf, 0xf7, 0xff, 0xff, 0xf7, 0xff, 0xde, 0xf7, 0xff, 0xdf, 0xf7, 0xff, 
  0xdf, 0xff, 0xff, 0xbf, 0xff, 0xff, 0xff, 0xff, 0xff, 0xff, 0xff, 0xff, 
  0x96, 0xad, 0xff, 0xd0, 0x73, 0xff, 0xb0, 0x6b, 0xff, 0xd0, 0x73, 0xff, 
  0xd0, 0x6b, 0xff, 0xd0, 0x6b, 0xff, 0xb0, 0x6b, 0xff, 0xf0, 0x6b, 0xff, 
  0xd0, 0x6b, 0xff, 0xd0, 0x6b, 0xff, 0xb0, 0x6b, 0xff, 0xd0, 0x73, 0xff, 
  0xaf, 0x6b, 0xff, 0xd0, 0x73, 0xff, 0x76, 0xa5, 0x00, 0xdf, 0xf7, 0x00, 
  0xff, 0xff, 0x00, 0xdf, 0xff, 0x00, 0xff, 0xff, 0x00, 0xff, 0xff, 0x00, 
  0xff, 0xff, 0x00, 0xff, 0xff, 0x00, 0xff, 0xff, 0x00, 0xff, 0xff, 0x00, 
  0xff, 0xff, 0x00, 0xff, 0xff, 0x00, 0xff, 0xff, 0x00, 0xff, 0xff, 0x00, 
  0xff, 0xff, 0x00, 0xff, 0xff, 0x00, 0xff, 0xff, 0x00, 0xff, 0xff, 0x00, 
  0xff, 0xff, 0x00, 0xff, 0xff, 0x00, 0xff, 0xff, 0x00, 0xff, 0xff, 0x00, 
  0xff, 0xff, 0x00, 0xff, 0xff, 0x00, 0xff, 0xff, 0x00, 0xff, 0xff, 0x00, 
  0xff, 0xff, 0x00, 0xff, 0xff, 0x00, 0xff, 0xff, 0x00, 0xff, 0xff, 0x00, 
  0xff, 0xff, 0x00, 0xff, 0xff, 0x00, 0xff, 0xff, 0x00, 0xff, 0xff, 0x00, 
  0xff, 0xff, 0x00, 0xff, 0xff, 0x00, 0xff, 0xff, 0x00, 0xff, 0xff, 0x00, 
  0xff, 0xff, 0x00, 0xff, 0xff, 0x00, 0xff, 0xff, 0x00, 0xff, 0xff, 0x00, 
  0xff, 0xff, 0x00, 0xff, 0xff, 0x00, 0xff, 0xff, 0x00, 0xff, 0xff, 0x00, 
  0xff, 0xff, 0x00, 0xff, 0xff, 0x00, 0xdf, 0xff, 0x00, 0xff, 0xff, 0x00, 
  0xff, 0xff, 0x00, 0x3d, 0xe7, 0x00, 0x14, 0x9d, 0x00, 0xf0, 0x73, 0xff, 
  0x52, 0x84, 0xff, 0x52, 0x84, 0xff, 0x31, 0x7c, 0xff, 0x52, 0x7c, 0xff, 
  0x32, 0x7c, 0xff, 0x31, 0x7c, 0xff, 0x52, 0x7c, 0xff, 0x31, 0x7c, 0xff, 
  0x31, 0x7c, 0xff, 0x31, 0x7c, 0xff, 0x31, 0x7c, 0xff, 0x51, 0x84, 0xff, 
  0xb7, 0xb5, 0xff, 0x1d, 0xdf, 0xff, 0x5d, 0xef, 0xff, 0x3c, 0xe7, 0xff, 
  0x3c, 0xef, 0xff, 0x5c, 0xef, 0xff, 0x5c, 0xef, 0xff, 0x5d, 0xe7, 0xff, 
  0x3c, 0xe7, 0xff, 0x5d, 0xe7, 0xff, 0x5c, 0xe7, 0xff, 0x5d, 0xef, 0xff, 
  0xbf, 0xf7, 0xff, 0xbf, 0xf7, 0xff, 0x7f, 0xe7, 0xff, 0x9c, 0xc6, 0xff, 
  0x1b, 0xa6, 0xff, 0xda, 0x95, 0xff, 0x9a, 0x8d, 0xff, 0x59, 0x85, 0xff, 
  0x38, 0x85, 0xff, 0x79, 0x8d, 0xff, 0xba, 0x9d, 0xff, 0x1b, 0xa6, 0xff, 
  0xdd, 0xc6, 0xff, 0xdf, 0xe7, 0xff, 0xff, 0xf7, 0xff, 0xff, 0xff, 0xff, 
  0xbf, 0xf7, 0xff, 0xbe, 0xf7, 0xff, 0xbf, 0xf7, 0xff, 0xbf, 0xf7, 0xff, 
  0xdf, 0xf7, 0xff, 0xdf, 0xf7, 0xff, 0xdf, 0xf7, 0xff, 0xdf, 0xff, 0xff, 
  0xbf, 0xff, 0xff, 0xff, 0xff, 0xff, 0xbf, 0xf7, 0xff, 0xf8, 0xbd, 0xff, 
  0xd0, 0x73, 0xff, 0xd0, 0x6b, 0xff, 0xf0, 0x73, 0xff, 0xf0, 0x6b, 0xff, 
  0xf0, 0x6b, 0xff, 0xd0, 0x6b, 0xff, 0xb0, 0x6b, 0xff, 0xd0, 0x6b, 0xff, 
  0xd0, 0x6b, 0xff, 0xd0, 0x6b, 0xff, 0xb0, 0x6b, 0xff, 0xd0, 0x73, 0xff, 
  0x6e, 0x6b, 0xff, 0xb3, 0x94, 0x00, 0x3d, 0xe7, 0x00, 0xff, 0xff, 0x00, 
  0xdf, 0xff, 0x00, 0xff, 0xff, 0x00, 0xff, 0xff, 0x00, 0xdf, 0xff, 0x00, 
  0xff, 0xff, 0x00, 0xff, 0xff, 0x00, 0xff, 0xff, 0x00, 0xff, 0xff, 0x00, 
  0xff, 0xff, 0x00, 0xff, 0xff, 0x00, 0xff, 0xff, 0x00, 0xff, 0xff, 0x00, 
  0xff, 0xff, 0x00, 0xff, 0xff, 0x00, 0xff, 0xff, 0x00, 0xff, 0xff, 0x00, 
  0xff, 0xff, 0x00, 0xff, 0xff, 0x00, 0xff, 0xff, 0x00, 0xff, 0xff, 0x00, 
  0xff, 0xff, 0x00, 0xff, 0xff, 0x00, 0xff, 0xff, 0x00, 0xff, 0xff, 0x00, 
  0xff, 0xff, 0x00, 0xff, 0xff, 0x00, 0xff, 0xff, 0x00, 0xff, 0xff, 0x00, 
  0xff, 0xff, 0x00, 0xff, 0xff, 0x00, 0xff, 0xff, 0x00, 0xff, 0xff, 0x00, 
  0xff, 0xff, 0x00, 0xff, 0xff, 0x00, 0xff, 0xff, 0x00, 0xff, 0xff, 0x00, 
  0xff, 0xff, 0x00, 0xff, 0xff, 0x00, 0xff, 0xff, 0x00, 0xff, 0xff, 0x00, 
  0xff, 0xff, 0x00, 0xff, 0xff, 0x00, 0xff, 0xff, 0x00, 0xff, 0xff, 0x00, 
  0xff, 0xff, 0x00, 0xff, 0xff, 0x00, 0xff, 0xff, 0x00, 0xff, 0xff, 0x00, 
  0xff, 0xff, 0x00, 0xff, 0xff, 0x00, 0x39, 0xc6, 0x00, 0x72, 0x8c, 0xff, 
  0x31, 0x7c, 0xff, 0x52, 0x84, 0xff, 0x32, 0x7c, 0xff, 0x32, 0x7c, 0xff, 
  0x31, 0x7c, 0xff, 0x52, 0x7c, 0xff, 0x32, 0x7c, 0xff, 0x31, 0x7c, 0xff, 
  0x52, 0x7c, 0xff, 0x52, 0x84, 0xff, 0x11, 0x7c, 0xff, 0x11, 0x7c, 0xff, 
  0x31, 0x84, 0xff, 0xf8, 0xbd, 0xff, 0x1c, 0xe7, 0xff, 0x5d, 0xef, 0xff, 
  0x3c, 0xef, 0xff, 0x5c, 0xef, 0xff, 0x5d, 0xe7, 0xff, 0x5d, 0xe7, 0xff, 
  0x7d, 0xef, 0xff, 0x5c, 0xe7, 0xff, 0x7d, 0xef, 0xff, 0x5c, 0xef, 0xff, 
  0x5d, 0xef, 0xff, 0x5d, 0xef, 0xff, 0x5d, 0xef, 0xff, 0xdf, 0xf7, 0xff, 
  0xff, 0xf7, 0xff, 0xff, 0xf7, 0xff, 0xff, 0xf7, 0xff, 0xff, 0xf7, 0xff, 
  0xff, 0xf7, 0xff, 0xff, 0xf7, 0xff, 0xff, 0xf7, 0xff, 0xff, 0xff, 0xff, 
  0xff, 0xf7, 0xff, 0x9e, 0xef, 0xff, 0x9e, 0xf7, 0xff, 0x9d, 0xf7, 0xff, 
  0x9e, 0xf7, 0xff, 0xbf, 0xff, 0xff, 0xbf, 0xf7, 0xff, 0xdf, 0xff, 0xff, 
  0xdf, 0xff, 0xff, 0xde, 0xff, 0xff, 0xde, 0xff, 0xff, 0xde, 0xff, 0xff, 
  0xff, 0xff, 0xff, 0xbf, 0xf7, 0xff, 0x38, 0xc6, 0xff, 0x10, 0x7c, 0xff, 
  0xd0, 0x73, 0xff, 0xd0, 0x73, 0xff, 0xd0, 0x6b, 0xff, 0xd0, 0x6b, 0xff, 
  0xd0, 0x6b, 0xff, 0xd0, 0x6b, 0xff, 0xf1, 0x73, 0xff, 0xd0, 0x6b, 0xff, 
  0xd0, 0x6b, 0xff, 0xd0, 0x6b, 0xff, 0xf0, 0x73, 0xff, 0x8f, 0x6b, 0xff, 
  0xd0, 0x73, 0xff, 0xf8, 0xbd, 0x00, 0xff, 0xff, 0x00, 0xff, 0xff, 0x00, 
  0xff, 0xff, 0x00, 0xff, 0xff, 0x00, 0xff, 0xff, 0x00, 0xff, 0xff, 0x00, 
  0xff, 0xff, 0x00, 0xff, 0xff, 0x00, 0xff, 0xff, 0x00, 0xff, 0xff, 0x00, 
  0xff, 0xff, 0x00, 0xff, 0xff, 0x00, 0xff, 0xff, 0x00, 0xff, 0xff, 0x00, 
  0xff, 0xff, 0x00, 0xff, 0xff, 0x00, 0xff, 0xff, 0x00, 0xff, 0xff, 0x00, 
  0xff, 0xff, 0x00, 0xff, 0xff, 0x00, 0xff, 0xff, 0x00, 0xff, 0xff, 0x00, 
  0xff, 0xff, 0x00, 0xff, 0xff, 0x00, 0xff, 0xff, 0x00, 0xff, 0xff, 0x00, 
  0xff, 0xff, 0x00, 0xff, 0xff, 0x00, 0xff, 0xff, 0x00, 0xff, 0xff, 0x00, 
  0xff, 0xff, 0x00, 0xff, 0xff, 0x00, 0xff, 0xff, 0x00, 0xff, 0xff, 0x00, 
  0xff, 0xff, 0x00, 0xff, 0xff, 0x00, 0xff, 0xff, 0x00, 0xff, 0xff, 0x00, 
  0xff, 0xff, 0x00, 0xff, 0xff, 0x00, 0xff, 0xff, 0x00, 0xff, 0xff, 0x00, 
  0xff, 0xff, 0x00, 0xff, 0xff, 0x00, 0xff, 0xff, 0x00, 0xff, 0xff, 0x00, 
  0xff, 0xff, 0x00, 0xff, 0xff, 0x00, 0xff, 0xff, 0x00, 0xff, 0xff, 0x00, 
  0xff, 0xff, 0x00, 0xff, 0xff, 0x00, 0x5d, 0xef, 0x00, 0x76, 0xa5, 0x00, 
  0xf0, 0x73, 0xff, 0x31, 0x7c, 0xff, 0x32, 0x7c, 0xff, 0x32, 0x7c, 0xff, 
  0x31, 0x7c, 0xff, 0x32, 0x7c, 0xff, 0x32, 0x7c, 0xff, 0x32, 0x7c, 0xff, 
  0x32, 0x7c, 0xff, 0x31, 0x7c, 0xff, 0x31, 0x7c, 0xff, 0x31, 0x7c, 0xff, 
  0x31, 0x7c, 0xff, 0x31, 0x84, 0xff, 0x97, 0xb5, 0xff, 0x3c, 0xe7, 0xff, 
  0x5d, 0xef, 0xff, 0x5d, 0xe7, 0xff, 0x5d, 0xe7, 0xff, 0x9e, 0xe7, 0xff, 
  0x7d, 0xe7, 0xff, 0x7d, 0xef, 0xff, 0x5c, 0xef, 0xff, 0x7d, 0xef, 0xff, 
  0x7d, 0xef, 0xff, 0x7d, 0xef, 0xff, 0x9e, 0xf7, 0xff, 0x5d, 0xef, 0xff, 
  0x7d, 0xef, 0xff, 0x7d, 0xef, 0xff, 0x7d, 0xef, 0xff, 0x7d, 0xef, 0xff, 
  0x7d, 0xef, 0xff, 0x9d, 0xf7, 0xff, 0x7d, 0xf7, 0xff, 0x9d, 0xf7, 0xff, 
  0x9e, 0xf7, 0xff, 0xbe, 0xff, 0xff, 0xbe, 0xff, 0xff, 0xbe, 0xff, 0xff, 
  0xdf, 0xff, 0xff, 0xbe, 0xf7, 0xff, 0xdf, 0xff, 0xff, 0xbf, 0xff, 0xff, 
  0xde, 0xff, 0xff, 0xde, 0xff, 0xff, 0xff, 0xff, 0xff, 0xff, 0xff, 0xff, 
  0xdf, 0xf7, 0xff, 0x18, 0xbe, 0xff, 0x10, 0x7c, 0xff, 0xef, 0x73, 0xff, 
  0xf0, 0x73, 0xff, 0xd0, 0x6b, 0xff, 0xf0, 0x73, 0xff, 0xf0, 0x73, 0xff, 
  0xd0, 0x6b, 0xff, 0xb0, 0x6b, 0xff, 0xf1, 0x6b, 0xff, 0xd0, 0x6b, 0xff, 
  0xd0, 0x6b, 0xff, 0xd0, 0x6b, 0xff, 0xd0, 0x6b, 0xff, 0x6e, 0x63, 0xff, 
  0x14, 0x9d, 0x00, 0x5d, 0xe7, 0x00, 0xff, 0xff, 0x00, 0xff, 0xff, 0x00, 
  0xff, 0xff, 0x00, 0xff, 0xff, 0x00, 0xff, 0xff, 0x00, 0xff, 0xff, 0x00, 
  0xff, 0xff, 0x00, 0xff, 0xff, 0x00, 0xff, 0xff, 0x00, 0xff, 0xff, 0x00, 
  0xff, 0xff, 0x00, 0xff, 0xff, 0x00, 0xff, 0xff, 0x00, 0xff, 0xff, 0x00, 
  0xff, 0xff, 0x00, 0xff, 0xff, 0x00, 0xff, 0xff, 0x00, 0xff, 0xff, 0x00, 
  0xff, 0xff, 0x00, 0xff, 0xff, 0x00, 0xff, 0xff, 0x00, 0xff, 0xff, 0x00, 
  0xff, 0xff, 0x00, 0xff, 0xff, 0x00, 0xff, 0xff, 0x00, 0xff, 0xff, 0x00, 
  0xff, 0xff, 0x00, 0xff, 0xff, 0x00, 0xff, 0xff, 0x00, 0xff, 0xff, 0x00, 
  0xff, 0xff, 0x00, 0xff, 0xff, 0x00, 0xff, 0xff, 0x00, 0xff, 0xff, 0x00, 
  0xff, 0xff, 0x00, 0xff, 0xff, 0x00, 0xff, 0xff, 0x00, 0xff, 0xff, 0x00, 
  0xff, 0xff, 0x00, 0xff, 0xff, 0x00, 0xff, 0xff, 0x00, 0xff, 0xff, 0x00, 
  0xff, 0xff, 0x00, 0xff, 0xff, 0x00, 0xff, 0xff, 0x00, 0xff, 0xff, 0x00, 
  0xff, 0xff, 0x00, 0xff, 0xff, 0x00, 0xff, 0xff, 0x00, 0xff, 0xff, 0x00, 
  0xff, 0xff, 0x00, 0xff, 0xff, 0x00, 0xff, 0xff, 0x00, 0x39, 0xc6, 0x00, 
  0x11, 0x7c, 0xff, 0x31, 0x7c, 0xff, 0x31, 0x7c, 0xff, 0x32, 0x7c, 0xff, 
  0x32, 0x7c, 0xff, 0x31, 0x7c, 0xff, 0x31, 0x7c, 0xff, 0x32, 0x7c, 0xff, 
  0x31, 0x7c, 0xff, 0x31, 0x7c, 0xff, 0x31, 0x7c, 0xff, 0x31, 0x7c, 0xff, 
  0x31, 0x7c, 0xff, 0x31, 0x7c, 0xff, 0x31, 0x84, 0xff, 0x76, 0xad, 0xff, 
  0x1c, 0xdf, 0xff, 0x7e, 0xef, 0xff, 0x5d, 0xe7, 0xff, 0x5d, 0xe7, 0xff, 
  0x5d, 0xef, 0xff, 0x7d, 0xef, 0xff, 0x7d, 0xef, 0xff, 0x7d, 0xef, 0xff, 
  0x7d, 0xef, 0xff, 0x7d, 0xef, 0xff, 0x7d, 0xef, 0xff, 0x7d, 0xef, 0xff, 
  0x7d, 0xef, 0xff, 0x9d, 0xf7, 0xff, 0x9e, 0xf7, 0xff, 0x9d, 0xf7, 0xff, 
  0x9d, 0xf7, 0xff, 0x9d, 0xf7, 0xff, 0xbe, 0xf7, 0xff, 0x9d, 0xf7, 0xff, 
  0xbe, 0xf7, 0xff, 0xbe, 0xf7, 0xff, 0xbe, 0xff, 0xff, 0xbe, 0xff, 0xff, 
  0xbe, 0xf7, 0xff, 0xde, 0xff, 0xff, 0xdf, 0xff, 0xff, 0xdf, 0xff, 0xff, 
  0xde, 0xff, 0xff, 0xff, 0xff, 0xff, 0xff, 0xff, 0xff, 0x9e, 0xef, 0xff, 
  0x76, 0xa5, 0xff, 0xf0, 0x7b, 0xff, 0xd0, 0x73, 0xff, 0xd0, 0x6b, 0xff, 
  0xd0, 0x6b, 0xff, 0xd0, 0x6b, 0xff, 0xd0, 0x6b, 0xff, 0xd0, 0x6b, 0xff, 
  0xd0, 0x6b, 0xff, 0xd0, 0x6b, 0xff, 0xd0, 0x6b, 0xff, 0xd0, 0x6b, 0xff, 
  0xd0, 0x6b, 0xff, 0xb0, 0x6b, 0xff, 0xd0, 0x6b, 0xff, 0x8f, 0x6b, 0xff, 
  0x18, 0xbe, 0x00, 0xff, 0xff, 0x00, 0xff, 0xff, 0x00, 0xff, 0xff, 0x00, 
  0xff, 0xff, 0x00, 0xff, 0xff, 0x00, 0xff, 0xff, 0x00, 0xff, 0xff, 0x00, 
  0xff, 0xff, 0x00, 0xff, 0xff, 0x00, 0xff, 0xff, 0x00, 0xff, 0xff, 0x00, 
  0xff, 0xff, 0x00, 0xff, 0xff, 0x00, 0xff, 0xff, 0x00, 0xff, 0xff, 0x00, 
  0xff, 0xff, 0x00, 0xff, 0xff, 0x00, 0xff, 0xff, 0x00, 0xff, 0xff, 0x00, 
  0xff, 0xff, 0x00, 0xff, 0xff, 0x00, 0xff, 0xff, 0x00, 0xff, 0xff, 0x00, 
  0xff, 0xff, 0x00, 0xff, 0xff, 0x00, 0xff, 0xff, 0x00, 0xff, 0xff, 0x00, 
  0xff, 0xff, 0x00, 0xff, 0xff, 0x00, 0xff, 0xff, 0x00, 0xff, 0xff, 0x00, 
  0xff, 0xff, 0x00, 0xff, 0xff, 0x00, 0xff, 0xff, 0x00, 0xff, 0xff, 0x00, 
  0xff, 0xff, 0x00, 0xff, 0xff, 0x00, 0xff, 0xff, 0x00, 0xff, 0xff, 0x00, 
  0xff, 0xff, 0x00, 0xff, 0xff, 0x00, 0xff, 0xff, 0x00, 0xff, 0xff, 0x00, 
  0xff, 0xff, 0x00, 0xff, 0xff, 0x00, 0xff, 0xff, 0x00, 0xff, 0xff, 0x00, 
  0xff, 0xff, 0x00, 0xff, 0xff, 0x00, 0xff, 0xff, 0x00, 0xff, 0xff, 0x00, 
  0xff, 0xff, 0x00, 0xff, 0xff, 0x00, 0xff, 0xff, 0x00, 0xdb, 0xd6, 0x00, 
  0xb3, 0x94, 0x00, 0x31, 0x84, 0xff, 0x31, 0x7c, 0xff, 0x32, 0x7c, 0xff, 
  0x31, 0x7c, 0xff, 0x31, 0x7c, 0xff, 0x31, 0x7c, 0xff, 0x31, 0x7c, 0xff, 
  0x31, 0x7c, 0xff, 0x31, 0x7c, 0xff, 0x31, 0x7c, 0xff, 0x31, 0x7c, 0xff, 
  0x32, 0x7c, 0xff, 0x11, 0x7c, 0xff, 0x11, 0x7c, 0xff, 0x31, 0x7c, 0xff, 
  0xf4, 0x94, 0xff, 0x59, 0xc6, 0xff, 0x7e, 0xef, 0xff, 0xbf, 0xf7, 0xff, 
  0x5d, 0xe7, 0xff, 0x5d, 0xef, 0xff, 0x5d, 0xef, 0xff, 0x7d, 0xef, 0xff, 
  0x7d, 0xef, 0xff, 0x7d, 0xef, 0xff, 0x7d, 0xef, 0xff, 0x9e, 0xf7, 0xff, 
  0x9e, 0xf7, 0xff, 0x9e, 0xf7, 0xff, 0x9e, 0xf7, 0xff, 0x9e, 0xf7, 0xff, 
  0x9e, 0xf7, 0xff, 0x9d, 0xf7, 0xff, 0xbe, 0xf7, 0xff, 0xbe, 0xf7, 0xff, 
  0xbe, 0xff, 0xff, 0xbe, 0xf7, 0xff, 0xbf, 0xff, 0xff, 0xde, 0xff, 0xff, 
  0xde, 0xff, 0xff, 0xbe, 0xf7, 0xff, 0xbe, 0xf7, 0xff, 0xdf, 0xf7, 0xff, 
  0xff, 0xff, 0xff, 0xff, 0xff, 0xff, 0xdb, 0xd6, 0xff, 0xf4, 0x94, 0xff, 
  0xd0, 0x73, 0xff, 0xaf, 0x6b, 0xff, 0xd0, 0x6b, 0xff, 0xf0, 0x6b, 0xff, 
  0xd0, 0x6b, 0xff, 0xf0, 0x6b, 0xff, 0xd0, 0x6b, 0xff, 0xd0, 0x6b, 0xff, 
  0xd0, 0x6b, 0xff, 0xd0, 0x6b, 0xff, 0xd0, 0x6b, 0xff, 0xd0, 0x6b, 0xff, 
  0xd0, 0x6b, 0xff, 0xaf, 0x6b, 0xff, 0xd0, 0x6b, 0xff, 0x52, 0x84, 0xff, 
  0xbb, 0xce, 0x00, 0xff, 0xff, 0x00, 0xff, 0xff, 0x00, 0xff, 0xff, 0x00, 
  0xff, 0xff, 0x00, 0xff, 0xff, 0x00, 0xff, 0xff, 0x00, 0xff, 0xff, 0x00, 
  0xff, 0xff, 0x00, 0xff, 0xff, 0x00, 0xff, 0xff, 0x00, 0xff, 0xff, 0x00, 
  0xff, 0xff, 0x00, 0xff, 0xff, 0x00, 0xff, 0xff, 0x00, 0xff, 0xff, 0x00, 
  0xff, 0xff, 0x00, 0xff, 0xff, 0x00, 0xff, 0xff, 0x00, 0xff, 0xff, 0x00, 
  0xff, 0xff, 0x00, 0xff, 0xff, 0x00, 0xff, 0xff, 0x00, 0xff, 0xff, 0x00, 
  0xff, 0xff, 0x00, 0xff, 0xff, 0x00, 0xff, 0xff, 0x00, 0xff, 0xff, 0x00, 
  0xff, 0xff, 0x00, 0xff, 0xff, 0x00, 0xff, 0xff, 0x00, 0xff, 0xff, 0x00, 
  0xff, 0xff, 0x00, 0xff, 0xff, 0x00, 0xff, 0xff, 0x00, 0xff, 0xff, 0x00, 
  0xff, 0xff, 0x00, 0xff, 0xff, 0x00, 0xff, 0xff, 0x00, 0xff, 0xff, 0x00, 
  0xff, 0xff, 0x00, 0xff, 0xff, 0x00, 0xff, 0xff, 0x00, 0xff, 0xff, 0x00, 
  0xff, 0xff, 0x00, 0xff, 0xff, 0x00, 0xff, 0xff, 0x00, 0xff, 0xff, 0x00, 
  0xff, 0xff, 0x00, 0xff, 0xff, 0x00, 0xff, 0xff, 0x00, 0xff, 0xff, 0x00, 
  0xff, 0xff, 0x00, 0xff, 0xff, 0x00, 0xff, 0xff, 0x00, 0x7e, 0xef, 0x00, 
  0x96, 0xad, 0x00, 0x31, 0x7c, 0xff, 0x31, 0x7c, 0xff, 0x32, 0x7c, 0xff, 
  0x31, 0x7c, 0xff, 0x31, 0x7c, 0xff, 0x31, 0x7c, 0xff, 0x31, 0x7c, 0xff, 
  0x31, 0x7c, 0xff, 0x31, 0x7c, 0xff, 0x31, 0x7c, 0xff, 0x31, 0x7c, 0xff, 
  0x11, 0x7c, 0xff, 0x31, 0x7c, 0xff, 0x51, 0x7c, 0xff, 0xf0, 0x73, 0xff, 
  0xf0, 0x73, 0xff, 0xb3, 0x8c, 0xff, 0xb7, 0xb5, 0xff, 0xba, 0xd6, 0xff, 
  0x9e, 0xef, 0xff, 0xbe, 0xf7, 0xff, 0xbe, 0xf7, 0xff, 0x7e, 0xef, 0xff, 
  0x7d, 0xef, 0xff, 0x7d, 0xef, 0xff, 0x7d, 0xef, 0xff, 0x7d, 0xef, 0xff, 
  0x9e, 0xef, 0xff, 0x9e, 0xf7, 0xff, 0x9e, 0xf7, 0xff, 0xbe, 0xf7, 0xff, 
  0xbe, 0xf7, 0xff, 0xbe, 0xf7, 0xff, 0x9e, 0xf7, 0xff, 0xbe, 0xf7, 0xff, 
  0xbe, 0xf7, 0xff, 0xbe, 0xf7, 0xff, 0xbe, 0xf7, 0xff, 0xbe, 0xf7, 0xff, 
  0xdf, 0xf7, 0xff, 0xff, 0xff, 0xff, 0xff, 0xff, 0xff, 0xdf, 0xf7, 0xff, 
  0x1c, 0xdf, 0xff, 0xb7, 0xb5, 0xff, 0x93, 0x8c, 0xff, 0xaf, 0x6b, 0xff, 
  0xd0, 0x6b, 0xff, 0xf0, 0x73, 0xff, 0xd0, 0x73, 0xff, 0xf0, 0x6b, 0xff, 
  0xd0, 0x6b, 0xff, 0xd0, 0x6b, 0xff, 0xd0, 0x6b, 0xff, 0xd0, 0x6b, 0xff, 
  0xd0, 0x6b, 0xff, 0xd0, 0x6b, 0xff, 0xd0, 0x6b, 0xff, 0xd0, 0x6b, 0xff, 
  0xd0, 0x6b, 0xff, 0xaf, 0x6b, 0xff, 0xaf, 0x6b, 0xff, 0x55, 0xa5, 0x00, 
  0x5d, 0xe7, 0x00, 0xff, 0xff, 0x00, 0xff, 0xff, 0x00, 0xff, 0xff, 0x00, 
  0xff, 0xff, 0x00, 0xff, 0xff, 0x00, 0xff, 0xff, 0x00, 0xff, 0xff, 0x00, 
  0xff, 0xff, 0x00, 0xff, 0xff, 0x00, 0xff, 0xff, 0x00, 0xff, 0xff, 0x00, 
  0xff, 0xff, 0x00, 0xff, 0xff, 0x00, 0xff, 0xff, 0x00, 0xff, 0xff, 0x00, 
  0xff, 0xff, 0x00, 0xff, 0xff, 0x00, 0xff, 0xff, 0x00, 0xff, 0xff, 0x00, 
  0xff, 0xff, 0x00, 0xff, 0xff, 0x00, 0xff, 0xff, 0x00, 0xff, 0xff, 0x00, 
  0xff, 0xff, 0x00, 0xff, 0xff, 0x00, 0xff, 0xff, 0x00, 0xff, 0xff, 0x00, 
  0xff, 0xff, 0x00, 0xff, 0xff, 0x00, 0xff, 0xff, 0x00, 0xff, 0xff, 0x00, 
  0xff, 0xff, 0x00, 0xff, 0xff, 0x00, 0xff, 0xff, 0x00, 0xff, 0xff, 0x00, 
  0xff, 0xff, 0x00, 0xff, 0xff, 0x00, 0xff, 0xff, 0x00, 0xff, 0xff, 0x00, 
  0xff, 0xff, 0x00, 0xff, 0xff, 0x00, 0xff, 0xff, 0x00, 0xff, 0xff, 0x00, 
  0xff, 0xff, 0x00, 0xff, 0xff, 0x00, 0xff, 0xff, 0x00, 0xff, 0xff, 0x00, 
  0xff, 0xff, 0x00, 0xff, 0xff, 0x00, 0xff, 0xff, 0x00, 0xff, 0xff, 0x00, 
  0xff, 0xff, 0x00, 0xff, 0xff, 0x00, 0xff, 0xff, 0x00, 0xdf, 0xf7, 0x00, 
  0x19, 0xc6, 0x00, 0x10, 0x7c, 0xff, 0x11, 0x7c, 0xff, 0x32, 0x7c, 0xff, 
  0x31, 0x7c, 0xff, 0x31, 0x7c, 0xff, 0x31, 0x7c, 0xff, 0x31, 0x7c, 0xff, 
  0x31, 0x7c, 0xff, 0x31, 0x7c, 0xff, 0x31, 0x7c, 0xff, 0x31, 0x7c, 0xff, 
  0x31, 0x7c, 0xff, 0x31, 0x7c, 0xff, 0x11, 0x7c, 0xff, 0x31, 0x7c, 0xff, 
  0x52, 0x84, 0xff, 0xf0, 0x73, 0xff, 0x10, 0x7c, 0xff, 0xf4, 0x9c, 0xff, 
  0x38, 0xbe, 0xff, 0xbb, 0xd6, 0xff, 0x5d, 0xe7, 0xff, 0x9e, 0xef, 0xff, 
  0xbf, 0xf7, 0xff, 0xdf, 0xf7, 0xff, 0xbf, 0xf7, 0xff, 0x9e, 0xef, 0xff, 
  0xbe, 0xf7, 0xff, 0x9e, 0xf7, 0xff, 0x9e, 0xf7, 0xff, 0x9e, 0xef, 0xff, 
  0x9e, 0xf7, 0xff, 0xbe, 0xf7, 0xff, 0xbf, 0xf7, 0xff, 0xdf, 0xf7, 0xff, 
  0xdf, 0xf7, 0xff, 0xff, 0xff, 0xff, 0xff, 0xff, 0xff, 0xff, 0xff, 0xff, 
  0xff, 0xff, 0xff, 0xbf, 0xf7, 0xff, 0x1c, 0xdf, 0xff, 0x7a, 0xce, 0xff, 
  0xd4, 0x94, 0xff, 0xaf, 0x73, 0xff, 0xaf, 0x6b, 0xff, 0xd0, 0x6b, 0xff, 
  0xd0, 0x73, 0xff, 0xd0, 0x73, 0xff, 0xd0, 0x6b, 0xff, 0xb0, 0x6b, 0xff, 
  0xd0, 0x6b, 0xff, 0xd0, 0x6b, 0xff, 0xd0, 0x6b, 0xff, 0xd0, 0x6b, 0xff, 
  0xd0, 0x6b, 0xff, 0xd0, 0x6b, 0xff, 0xd0, 0x6b, 0xff, 0xd0, 0x6b, 0xff, 
  0xd0, 0x6b, 0xff, 0xaf, 0x6b, 0xff, 0x8f, 0x63, 0xff, 0xf8, 0xbd, 0x00, 
  0xdf, 0xf7, 0x00, 0xff, 0xff, 0x00, 0xff, 0xff, 0x00, 0xff, 0xff, 0x00, 
  0xff, 0xff, 0x00, 0xff, 0xff, 0x00, 0xff, 0xff, 0x00, 0xff, 0xff, 0x00, 
  0xff, 0xff, 0x00, 0xff, 0xff, 0x00, 0xff, 0xff, 0x00, 0xff, 0xff, 0x00, 
  0xff, 0xff, 0x00, 0xff, 0xff, 0x00, 0xff, 0xff, 0x00, 0xff, 0xff, 0x00, 
  0xff, 0xff, 0x00, 0xff, 0xff, 0x00, 0xff, 0xff, 0x00, 0xff, 0xff, 0x00, 
  0xff, 0xff, 0x00, 0xff, 0xff, 0x00, 0xff, 0xff, 0x00, 0xff, 0xff, 0x00, 
  0xff, 0xff, 0x00, 0xff, 0xff, 0x00, 0xff, 0xff, 0x00, 0xff, 0xff, 0x00, 
  0xff, 0xff, 0x00, 0xff, 0xff, 0x00, 0xff, 0xff, 0x00, 0xff, 0xff, 0x00, 
  0xff, 0xff, 0x00, 0xff, 0xff, 0x00, 0xff, 0xff, 0x00, 0xff, 0xff, 0x00, 
  0xff, 0xff, 0x00, 0xff, 0xff, 0x00, 0xff, 0xff, 0x00, 0xff, 0xff, 0x00, 
  0xff, 0xff, 0x00, 0xff, 0xff, 0x00, 0xff, 0xff, 0x00, 0xff, 0xff, 0x00, 
  0xff, 0xff, 0x00, 0xff, 0xff, 0x00, 0xff, 0xff, 0x00, 0xff, 0xff, 0x00, 
  0xff, 0xff, 0x00, 0xff, 0xff, 0x00, 0xff, 0xff, 0x00, 0xff, 0xff, 0x00, 
  0xff, 0xff, 0x00, 0xff, 0xff, 0x00, 0xdf, 0xff, 0x00, 0xff, 0xff, 0x00, 
  0x9a, 0xce, 0x00, 0x10, 0x7c, 0xff, 0x11, 0x7c, 0xff, 0x31, 0x7c, 0xff, 
  0x31, 0x7c, 0xff, 0x31, 0x7c, 0xff, 0x31, 0x7c, 0xff, 0x31, 0x7c, 0xff, 
  0x31, 0x7c, 0xff, 0x31, 0x7c, 0xff, 0x31, 0x7c, 0xff, 0x31, 0x7c, 0xff, 
  0x31, 0x7c, 0xff, 0x31, 0x7c, 0xff, 0x11, 0x7c, 0xff, 0x31, 0x7c, 0xff, 
  0x31, 0x7c, 0xff, 0x10, 0x7c, 0xff, 0x11, 0x7c, 0xff, 0x10, 0x7c, 0xff, 
  0x10, 0x7c, 0xff, 0xb3, 0x94, 0xff, 0xb7, 0xb5, 0xff, 0xbb, 0xd6, 0xff, 
  0x3d, 0xe7, 0xff, 0x7d, 0xe7, 0xff, 0x7e, 0xef, 0xff, 0xbe, 0xef, 0xff, 
  0x9e, 0xef, 0xff, 0xbf, 0xf7, 0xff, 0xbf, 0xf7, 0xff, 0xbf, 0xf7, 0xff, 
  0xdf, 0xf7, 0xff, 0xdf, 0xf7, 0xff, 0xdf, 0xf7, 0xff, 0xbf, 0xf7, 0xff, 
  0xdf, 0xf7, 0xff, 0xbf, 0xf7, 0xff, 0xbf, 0xf7, 0xff, 0x9e, 0xef, 0xff, 
  0xfc, 0xde, 0xff, 0xd8, 0xb5, 0xff, 0x72, 0x8c, 0xff, 0x8f, 0x6b, 0xff, 
  0xd0, 0x73, 0xff, 0xd0, 0x73, 0xff, 0xf0, 0x73, 0xff, 0xd0, 0x73, 0xff, 
  0xf0, 0x73, 0xff, 0xd0, 0x73, 0xff, 0xd0, 0x6b, 0xff, 0xd0, 0x6b, 0xff, 
  0xd0, 0x6b, 0xff, 0xd0, 0x6b, 0xff, 0xd0, 0x6b, 0xff, 0xd0, 0x6b, 0xff, 
  0xd0, 0x6b, 0xff, 0xd0, 0x6b, 0xff, 0xd0, 0x6b, 0xff, 0xd0, 0x6b, 0xff, 
  0xd0, 0x6b, 0xff, 0xaf, 0x6b, 0xff, 0x6e, 0x63, 0xff, 0x7a, 0xc6, 0x00, 
  0xff, 0xff, 0x00, 0xff, 0xff, 0x00, 0xff, 0xff, 0x00, 0xff, 0xff, 0x00, 
  0xff, 0xff, 0x00, 0xff, 0xff, 0x00, 0xff, 0xff, 0x00, 0xff, 0xff, 0x00, 
  0xff, 0xff, 0x00, 0xff, 0xff, 0x00, 0xff, 0xff, 0x00, 0xff, 0xff, 0x00, 
  0xff, 0xff, 0x00, 0xff, 0xff, 0x00, 0xff, 0xff, 0x00, 0xff, 0xff, 0x00, 
  0xff, 0xff, 0x00, 0xff, 0xff, 0x00, 0xff, 0xff, 0x00, 0xff, 0xff, 0x00, 
  0xff, 0xff, 0x00, 0xff, 0xff, 0x00, 0xff, 0xff, 0x00, 0xff, 0xff, 0x00, 
  0xff, 0xff, 0x00, 0xff, 0xff, 0x00, 0xff, 0xff, 0x00, 0xff, 0xff, 0x00, 
  0xff, 0xff, 0x00, 0xff, 0xff, 0x00, 0xff, 0xff, 0x00, 0xff, 0xff, 0x00, 
  0xff, 0xff, 0x00, 0xff, 0xff, 0x00, 0xff, 0xff, 0x00, 0xff, 0xff, 0x00, 
  0xff, 0xff, 0x00, 0xff, 0xff, 0x00, 0xff, 0xff, 0x00, 0xff, 0xff, 0x00, 
  0xff, 0xff, 0x00, 0xff, 0xff, 0x00, 0xff, 0xff, 0x00, 0xff, 0xff, 0x00, 
  0xff, 0xff, 0x00, 0xff, 0xff, 0x00, 0xff, 0xff, 0x00, 0xff, 0xff, 0x00, 
  0xff, 0xff, 0x00, 0xff, 0xff, 0x00, 0xff, 0xff, 0x00, 0xff, 0xff, 0x00, 
  0xff, 0xff, 0x00, 0xff, 0xff, 0x00, 0xdf, 0xff, 0x00, 0xff, 0xff, 0x00, 
  0xdb, 0xd6, 0x00, 0x10, 0x7c, 0x00, 0x11, 0x7c, 0xff, 0x31, 0x7c, 0xff, 
  0x31, 0x7c, 0xff, 0x31, 0x7c, 0xff, 0x31, 0x7c, 0xff, 0x31, 0x7c, 0xff, 
  0x31, 0x7c, 0xff, 0x31, 0x7c, 0xff, 0x31, 0x7c, 0xff, 0x31, 0x7c, 0xff, 
  0x11, 0x7c, 0xff, 0x31, 0x7c, 0xff, 0x31, 0x7c, 0xff, 0x32, 0x7c, 0xff, 
  0x10, 0x74, 0xff, 0x11, 0x7c, 0xff, 0x51, 0x7c, 0xff, 0xf0, 0x73, 0xff, 
  0xf0, 0x7b, 0xff, 0x10, 0x7c, 0xff, 0x31, 0x7c, 0xff, 0x72, 0x84, 0xff, 
  0xd4, 0x94, 0xff, 0x76, 0xa5, 0xff, 0x19, 0xbe, 0xff, 0xbb, 0xce, 0xff, 
  0x3d, 0xdf, 0xff, 0x7e, 0xef, 0xff, 0xbf, 0xf7, 0xff, 0xdf, 0xf7, 0xff, 
  0xdf, 0xf7, 0xff, 0xbf, 0xf7, 0xff, 0x7e, 0xef, 0xff, 0x3d, 0xe7, 0xff, 
  0xbb, 0xd6, 0xff, 0x39, 0xbe, 0xff, 0x56, 0xa5, 0xff, 0xb3, 0x8c, 0xff, 
  0x31, 0x84, 0xff, 0xf0, 0x73, 0xff, 0xd0, 0x73, 0xff, 0xd0, 0x73, 0xff, 
  0xb0, 0x6b, 0xff, 0xf1, 0x73, 0xff, 0xb0, 0x6b, 0xff, 0xd0, 0x6b, 0xff, 
  0xf1, 0x73, 0xff, 0xd0, 0x73, 0xff, 0xb0, 0x6b, 0xff, 0xd0, 0x6b, 0xff, 
  0xd0, 0x6b, 0xff, 0xd0, 0x6b, 0xff, 0xd0, 0x6b, 0xff, 0xd0, 0x6b, 0xff, 
  0xd0, 0x6b, 0xff, 0xd0, 0x6b, 0xff, 0xd0, 0x6b, 0xff, 0xd0, 0x6b, 0xff, 
  0xd0, 0x6b, 0xff, 0xaf, 0x6b, 0xff, 0x6e, 0x63, 0xff, 0xbb, 0xce, 0x00, 
  0xff, 0xff, 0x00, 0xff, 0xff, 0x00, 0xff, 0xff, 0x00, 0xff, 0xff, 0x00, 
  0xff, 0xff, 0x00, 0xff, 0xff, 0x00, 0xff, 0xff, 0x00, 0xff, 0xff, 0x00, 
  0xff, 0xff, 0x00, 0xff, 0xff, 0x00, 0xff, 0xff, 0x00, 0xff, 0xff, 0x00, 
  0xff, 0xff, 0x00, 0xff, 0xff, 0x00, 0xff, 0xff, 0x00, 0xff, 0xff, 0x00, 
  0xff, 0xff, 0x00, 0xff, 0xff, 0x00, 0xff, 0xff, 0x00, 0xff, 0xff, 0x00, 
  0xff, 0xff, 0x00, 0xff, 0xff, 0x00, 0xff, 0xff, 0x00, 0xff, 0xff, 0x00, 
  0xff, 0xff, 0x00, 0xff, 0xff, 0x00, 0xff, 0xff, 0x00, 0xff, 0xff, 0x00, 
  0xff, 0xff, 0x00, 0xff, 0xff, 0x00, 0xff, 0xff, 0x00, 0xff, 0xff, 0x00, 
  0xff, 0xff, 0x00, 0xff, 0xff, 0x00, 0xff, 0xff, 0x00, 0xff, 0xff, 0x00, 
  0xff, 0xff, 0x00, 0xff, 0xff, 0x00, 0xff, 0xff, 0x00, 0xff, 0xff, 0x00, 
  0xff, 0xff, 0x00, 0xff, 0xff, 0x00, 0xff, 0xff, 0x00, 0xff, 0xff, 0x00, 
  0xff, 0xff, 0x00, 0xff, 0xff, 0x00, 0xff, 0xff, 0x00, 0xff, 0xff, 0x00, 
  0xff, 0xff, 0x00, 0xff, 0xff, 0x00, 0xff, 0xff, 0x00, 0xff, 0xff, 0x00, 
  0xff, 0xff, 0x00, 0xff, 0xff, 0x00, 0xdf, 0xff, 0x00, 0xff, 0xff, 0x00, 
  0xfc, 0xde, 0x00, 0x10, 0x7c, 0x00, 0x11, 0x7c, 0xff, 0x31, 0x7c, 0xff, 
  0x31, 0x7c, 0xff, 0x31, 0x7c, 0xff, 0x31, 0x7c, 0xff, 0x31, 0x7c, 0xff, 
  0x31, 0x7c, 0xff, 0x31, 0x7c, 0xff, 0x31, 0x7c, 0xff, 0x31, 0x7c, 0xff, 
  0x32, 0x7c, 0xff, 0x11, 0x7c, 0xff, 0xf1, 0x73, 0xff, 0x11, 0x7c, 0xff, 
  0x31, 0x7c, 0xff, 0x11, 0x7c, 0xff, 0x11, 0x7c, 0xff, 0x11, 0x7c, 0xff, 
  0x11, 0x7c, 0xff, 0x11, 0x7c, 0xff, 0xf0, 0x73, 0xff, 0xcf, 0x73, 0xff, 
  0xd0, 0x73, 0xff, 0x31, 0x7c, 0xff, 0x72, 0x84, 0xff, 0x92, 0x8c, 0xff, 
  0xb3, 0x8c, 0xff, 0xd3, 0x94, 0xff, 0xf4, 0x94, 0xff, 0xf4, 0x94, 0xff, 
  0xf4, 0x94, 0xff, 0xf4, 0x94, 0xff, 0xd3, 0x94, 0xff, 0xb3, 0x8c, 0xff, 
  0x72, 0x84, 0xff, 0x72, 0x84, 0xff, 0x11, 0x7c, 0xff, 0xd0, 0x6b, 0xff, 
  0x8f, 0x6b, 0xff, 0xb0, 0x6b, 0xff, 0xd0, 0x73, 0xff, 0xd0, 0x73, 0xff, 
  0xd1, 0x73, 0xff, 0xf1, 0x73, 0xff, 0xd0, 0x73, 0xff, 0xd0, 0x73, 0xff, 
  0xb0, 0x6b, 0xff, 0xd0, 0x6b, 0xff, 0xf0, 0x6b, 0xff, 0xd0, 0x6b, 0xff, 
  0xd0, 0x6b, 0xff, 0xd0, 0x6b, 0xff, 0xd0, 0x6b, 0xff, 0xd0, 0x6b, 0xff, 
  0xd0, 0x6b, 0xff, 0xd0, 0x6b, 0xff, 0xb0, 0x6b, 0xff, 0xb0, 0x6b, 0xff, 
  0xb0, 0x6b, 0xff, 0xaf, 0x63, 0xff, 0x6e, 0x63, 0x00, 0xdb, 0xd6, 0x00, 
  0xff, 0xff, 0x00, 0xff, 0xff, 0x00, 0xff, 0xff, 0x00, 0xff, 0xff, 0x00, 
  0xff, 0xff, 0x00, 0xff, 0xff, 0x00, 0xff, 0xff, 0x00, 0xff, 0xff, 0x00, 
  0xff, 0xff, 0x00, 0xff, 0xff, 0x00, 0xff, 0xff, 0x00, 0xff, 0xff, 0x00, 
  0xff, 0xff, 0x00, 0xff, 0xff, 0x00, 0xff, 0xff, 0x00, 0xff, 0xff, 0x00, 
  0xff, 0xff, 0x00, 0xff, 0xff, 0x00, 0xff, 0xff, 0x00, 0xff, 0xff, 0x00, 
  0xff, 0xff, 0x00, 0xff, 0xff, 0x00, 0xff, 0xff, 0x00, 0xff, 0xff, 0x00, 
  0xff, 0xff, 0x00, 0xff, 0xff, 0x00, 0xff, 0xff, 0x00, 0xff, 0xff, 0x00, 
  0xff, 0xff, 0x00, 0xff, 0xff, 0x00, 0xff, 0xff, 0x00, 0xff, 0xff, 0x00, 
  0xff, 0xff, 0x00, 0xff, 0xff, 0x00, 0xff, 0xff, 0x00, 0xff, 0xff, 0x00, 
  0xff, 0xff, 0x00, 0xff, 0xff, 0x00, 0xff, 0xff, 0x00, 0xff, 0xff, 0x00, 
  0xff, 0xff, 0x00, 0xff, 0xff, 0x00, 0xff, 0xff, 0x00, 0xff, 0xff, 0x00, 
  0xff, 0xff, 0x00, 0xff, 0xff, 0x00, 0xff, 0xff, 0x00, 0xff, 0xff, 0x00, 
  0xff, 0xff, 0x00, 0xff, 0xff, 0x00, 0xff, 0xff, 0x00, 0xff, 0xff, 0x00, 
  0xff, 0xff, 0x00, 0xff, 0xff, 0x00, 0xff, 0xff, 0x00, 0xff, 0xff, 0x00, 
  0xfc, 0xde, 0x00, 0x10, 0x7c, 0x00, 0xf0, 0x7b, 0xff, 0x51, 0x7c, 0xff, 
  0x31, 0x7c, 0xff, 0x31, 0x7c, 0xff, 0x31, 0x7c, 0xff, 0x31, 0x7c, 0xff, 
  0x31, 0x7c, 0xff, 0x31, 0x7c, 0xff, 0x31, 0x7c, 0xff, 0x31, 0x7c, 0xff, 
  0x31, 0x7c, 0xff, 0x11, 0x7c, 0xff, 0x31, 0x7c, 0xff, 0x11, 0x7c, 0xff, 
  0x11, 0x7c, 0xff, 0x31, 0x7c, 0xff, 0x11, 0x74, 0xff, 0x11, 0x7c, 0xff, 
  0x11, 0x7c, 0xff, 0x31, 0x7c, 0xff, 0x11, 0x7c, 0xff, 0x11, 0x7c, 0xff, 
  0x11, 0x7c, 0xff, 0xf0, 0x73, 0xff, 0xd0, 0x73, 0xff, 0xd0, 0x73, 0xff, 
  0xaf, 0x6b, 0xff, 0xaf, 0x6b, 0xff, 0xaf, 0x6b, 0xff, 0x8f, 0x6b, 0xff, 
  0x6e, 0x6b, 0xff, 0x8e, 0x6b, 0xff, 0x8f, 0x6b, 0xff, 0x8f, 0x6b, 0xff, 
  0xaf, 0x6b, 0xff, 0xaf, 0x6b, 0xff, 0xd0, 0x73, 0xff, 0xf0, 0x73, 0xff, 
  0xf1, 0x73, 0xff, 0xf1, 0x73, 0xff, 0xf1, 0x73, 0xff, 0xd0, 0x73, 0xff, 
  0xd0, 0x73, 0xff, 0xd0, 0x6b, 0xff, 0xd0, 0x6b, 0xff, 0xd0, 0x73, 0xff, 
  0xd0, 0x6b, 0xff, 0xd0, 0x6b, 0xff, 0xd0, 0x6b, 0xff, 0xd0, 0x6b, 0xff, 
  0xd0, 0x6b, 0xff, 0xd0, 0x6b, 0xff, 0xd0, 0x6b, 0xff, 0xd0, 0x6b, 0xff, 
  0xd0, 0x6b, 0xff, 0xb0, 0x6b, 0xff, 0xb0, 0x6b, 0xff, 0xb0, 0x6b, 0xff, 
  0xd0, 0x6b, 0xff, 0x8f, 0x63, 0xff, 0x6e, 0x63, 0x00, 0xdc, 0xd6, 0x00, 
  0xff, 0xff, 0x00, 0xff, 0xff, 0x00, 0xff, 0xff, 0x00, 0xff, 0xff, 0x00, 
  0xff, 0xff, 0x00, 0xff, 0xff, 0x00, 0xff, 0xff, 0x00, 0xff, 0xff, 0x00, 
  0xff, 0xff, 0x00, 0xff, 0xff, 0x00, 0xff, 0xff, 0x00, 0xff, 0xff, 0x00, 
  0xff, 0xff, 0x00, 0xff, 0xff, 0x00, 0xff, 0xff, 0x00, 0xff, 0xff, 0x00, 
  0xff, 0xff, 0x00, 0xff, 0xff, 0x00, 0xff, 0xff, 0x00, 0xff, 0xff, 0x00, 
  0xff, 0xff, 0x00, 0xff, 0xff, 0x00, 0xff, 0xff, 0x00, 0xff, 0xff, 0x00, 
  0xff, 0xff, 0x00, 0xff, 0xff, 0x00, 0xff, 0xff, 0x00, 0xff, 0xff, 0x00, 
  0xff, 0xff, 0x00, 0xff, 0xff, 0x00, 0xff, 0xff, 0x00, 0xff, 0xff, 0x00, 
  0xff, 0xff, 0x00, 0xff, 0xff, 0x00, 0xff, 0xff, 0x00, 0xff, 0xff, 0x00, 
  0xff, 0xff, 0x00, 0xff, 0xff, 0x00, 0xff, 0xff, 0x00, 0xff, 0xff, 0x00, 
  0xff, 0xff, 0x00, 0xff, 0xff, 0x00, 0xff, 0xff, 0x00, 0xff, 0xff, 0x00, 
  0xff, 0xff, 0x00, 0xff, 0xff, 0x00, 0xff, 0xff, 0x00, 0xff, 0xff, 0x00, 
  0xff, 0xff, 0x00, 0xff, 0xff, 0x00, 0xff, 0xff, 0x00, 0xff, 0xff, 0x00, 
  0xff, 0xff, 0x00, 0xff, 0xff, 0x00, 0xdf, 0xff, 0x00, 0xff, 0xff, 0x00, 
  0xdb, 0xd6, 0x00, 0xf0, 0x73, 0x00, 0xf0, 0x7b, 0xff, 0x31, 0x7c, 0xff, 
  0x31, 0x7c, 0xff, 0x31, 0x7c, 0xff, 0x31, 0x7c, 0xff, 0x31, 0x7c, 0xff, 
  0x31, 0x7c, 0xff, 0x31, 0x7c, 0xff, 0x31, 0x7c, 0xff, 0x31, 0x7c, 0xff, 
  0x11, 0x7c, 0xff, 0x11, 0x7c, 0xff, 0x11, 0x7c, 0xff, 0x11, 0x7c, 0xff, 
  0x31, 0x74, 0xff, 0x11, 0x74, 0xff, 0x11, 0x74, 0xff, 0x11, 0x74, 0xff, 
  0x11, 0x7c, 0xff, 0x11, 0x7c, 0xff, 0x11, 0x74, 0xff, 0x11, 0x74, 0xff, 
  0x11, 0x74, 0xff, 0x11, 0x74, 0xff, 0x11, 0x7c, 0xff, 0x11, 0x74, 0xff, 
  0x11, 0x7c, 0xff, 0x11, 0x7c, 0xff, 0x11, 0x7c, 0xff, 0x11, 0x7c, 0xff, 
  0x11, 0x7c, 0xff, 0x11, 0x74, 0xff, 0x11, 0x7c, 0xff, 0x11, 0x74, 0xff, 
  0x10, 0x74, 0xff, 0x10, 0x74, 0xff, 0xf0, 0x73, 0xff, 0xf0, 0x73, 0xff, 
  0xf0, 0x73, 0xff, 0xf0, 0x73, 0xff, 0xd0, 0x73, 0xff, 0xd0, 0x6b, 0xff, 
  0xd1, 0x6b, 0xff, 0xd1, 0x6b, 0xff, 0xd0, 0x6b, 0xff, 0xd0, 0x6b, 0xff, 
  0xd0, 0x6b, 0xff, 0xd0, 0x6b, 0xff, 0xd0, 0x6b, 0xff, 0xd0, 0x6b, 0xff, 
  0xd0, 0x6b, 0xff, 0xb0, 0x6b, 0xff, 0xd0, 0x6b, 0xff, 0xd0, 0x6b, 0xff, 
  0xb0, 0x6b, 0xff, 0xb0, 0x6b, 0xff, 0xb0, 0x6b, 0xff, 0xb0, 0x6b, 0xff, 
  0xb0, 0x6b, 0xff, 0x8f, 0x63, 0xff, 0x6e, 0x63, 0xff, 0x9b, 0xce, 0x00, 
  0xff, 0xff, 0x00, 0xff, 0xff, 0x00, 0xff, 0xff, 0x00, 0xff, 0xff, 0x00, 
  0xff, 0xff, 0x00, 0xff, 0xff, 0x00, 0xff, 0xff, 0x00, 0xff, 0xff, 0x00, 
  0xff, 0xff, 0x00, 0xff, 0xff, 0x00, 0xff, 0xff, 0x00, 0xff, 0xff, 0x00, 
  0xff, 0xff, 0x00, 0xff, 0xff, 0x00, 0xff, 0xff, 0x00, 0xff, 0xff, 0x00, 
  0xff, 0xff, 0x00, 0xff, 0xff, 0x00, 0xff, 0xff, 0x00, 0xff, 0xff, 0x00, 
  0xff, 0xff, 0x00, 0xff, 0xff, 0x00, 0xff, 0xff, 0x00, 0xff, 0xff, 0x00, 
  0xff, 0xff, 0x00, 0xff, 0xff, 0x00, 0xff, 0xff, 0x00, 0xff, 0xff, 0x00, 
  0xff, 0xff, 0x00, 0xff, 0xff, 0x00, 0xff, 0xff, 0x00, 0xff, 0xff, 0x00, 
  0xff, 0xff, 0x00, 0xff, 0xff, 0x00, 0xff, 0xff, 0x00, 0xff, 0xff, 0x00, 
  0xff, 0xff, 0x00, 0xff, 0xff, 0x00, 0xff, 0xff, 0x00, 0xff, 0xff, 0x00, 
  0xff, 0xff, 0x00, 0xff, 0xff, 0x00, 0xff, 0xff, 0x00, 0xff, 0xff, 0x00, 
  0xff, 0xff, 0x00, 0xff, 0xff, 0x00, 0xff, 0xff, 0x00, 0xff, 0xff, 0x00, 
  0xff, 0xff, 0x00, 0xff, 0xff, 0x00, 0xff, 0xff, 0x00, 0xff, 0xff, 0x00, 
  0xff, 0xff, 0x00, 0xff, 0xff, 0x00, 0xff, 0xff, 0x00, 0xff, 0xff, 0x00, 
  0x7a, 0xce, 0x00, 0x10, 0x7c, 0xff, 0x31, 0x7c, 0xff, 0x31, 0x7c, 0xff, 
  0x31, 0x7c, 0xff, 0x31, 0x7c, 0xff, 0x31, 0x7c, 0xff, 0x31, 0x7c, 0xff, 
  0x31, 0x7c, 0xff, 0x31, 0x7c, 0xff, 0x31, 0x7c, 0xff, 0x11, 0x7c, 0xff, 
  0x11, 0x7c, 0xff, 0x11, 0x7c, 0xff, 0x11, 0x7c, 0xff, 0x11, 0x7c, 0xff, 
  0x11, 0x74, 0xff, 0x11, 0x74, 0xff, 0x11, 0x74, 0xff, 0x11, 0x74, 0xff, 
  0x11, 0x7c, 0xff, 0x11, 0x74, 0xff, 0x11, 0x74, 0xff, 0x11, 0x74, 0xff, 
  0x11, 0x74, 0xff, 0x11, 0x74, 0xff, 0x11, 0x74, 0xff, 0x11, 0x74, 0xff, 
  0xf1, 0x73, 0xff, 0xf1, 0x73, 0xff, 0xf0, 0x73, 0xff, 0xf0, 0x73, 0xff, 
  0xf0, 0x73, 0xff, 0xf0, 0x73, 0xff, 0xf0, 0x73, 0xff, 0xf0, 0x73, 0xff, 
  0xf0, 0x73, 0xff, 0xf0, 0x73, 0xff, 0xf0, 0x73, 0xff, 0xf0, 0x73, 0xff, 
  0xd0, 0x73, 0xff, 0xd0, 0x73, 0xff, 0xd0, 0x6b, 0xff, 0xd0, 0x6b, 0xff, 
  0xd1, 0x6b, 0xff, 0xd0, 0x6b, 0xff, 0xd0, 0x6b, 0xff, 0xd0, 0x6b, 0xff, 
  0xd0, 0x6b, 0xff, 0xd0, 0x6b, 0xff, 0xd0, 0x6b, 0xff, 0xd0, 0x6b, 0xff, 
  0xb0, 0x6b, 0xff, 0xb0, 0x6b, 0xff, 0xd0, 0x6b, 0xff, 0xd0, 0x6b, 0xff, 
  0xb0, 0x6b, 0xff, 0xb0, 0x6b, 0xff, 0xb0, 0x6b, 0xff, 0xb0, 0x6b, 0xff, 
  0xd0, 0x6b, 0xff, 0xaf, 0x63, 0xff, 0x8f, 0x6b, 0xff, 0x39, 0xc6, 0x00, 
  0xff, 0xff, 0x00, 0xff, 0xff, 0x00, 0xff, 0xff, 0x00, 0xff, 0xff, 0x00, 
  0xff, 0xff, 0x00, 0xff, 0xff, 0x00, 0xff, 0xff, 0x00, 0xff, 0xff, 0x00, 
  0xff, 0xff, 0x00, 0xff, 0xff, 0x00, 0xff, 0xff, 0x00, 0xff, 0xff, 0x00, 
  0xff, 0xff, 0x00, 0xff, 0xff, 0x00, 0xff, 0xff, 0x00, 0xff, 0xff, 0x00, 
  0xff, 0xff, 0x00, 0xff, 0xff, 0x00, 0xff, 0xff, 0x00, 0xff, 0xff, 0x00, 
  0xff, 0xff, 0x00, 0xff, 0xff, 0x00, 0xff, 0xff, 0x00, 0xff, 0xff, 0x00, 
  0xff, 0xff, 0x00, 0xff, 0xff, 0x00, 0xff, 0xff, 0x00, 0xff, 0xff, 0x00, 
  0xff, 0xff, 0x00, 0xff, 0xff, 0x00, 0xff, 0xff, 0x00, 0xff, 0xff, 0x00, 
  0xff, 0xff, 0x00, 0xff, 0xff, 0x00, 0xff, 0xff, 0x00, 0xff, 0xff, 0x00, 
  0xff, 0xff, 0x00, 0xff, 0xff, 0x00, 0xff, 0xff, 0x00, 0xff, 0xff, 0x00, 
  0xff, 0xff, 0x00, 0xff, 0xff, 0x00, 0xff, 0xff, 0x00, 0xff, 0xff, 0x00, 
  0xff, 0xff, 0x00, 0xff, 0xff, 0x00, 0xff, 0xff, 0x00, 0xff, 0xff, 0x00, 
  0xff, 0xff, 0x00, 0xff, 0xff, 0x00, 0xff, 0xff, 0x00, 0xff, 0xff, 0x00, 
  0xff, 0xff, 0x00, 0xff, 0xff, 0x00, 0xff, 0xff, 0x00, 0xbf, 0xf7, 0x00, 
  0xd7, 0xb5, 0x00, 0xf0, 0x7b, 0xff, 0x11, 0x7c, 0xff, 0x31, 0x7c, 0xff, 
  0x31, 0x7c, 0xff, 0x31, 0x7c, 0xff, 0x31, 0x7c, 0xff, 0x31, 0x7c, 0xff, 
  0x11, 0x7c, 0xff, 0x11, 0x7c, 0xff, 0x11, 0x7c, 0xff, 0x11, 0x7c, 0xff, 
  0x11, 0x7c, 0xff, 0x11, 0x7c, 0xff, 0x11, 0x7c, 0xff, 0x11, 0x7c, 0xff, 
  0x11, 0x74, 0xff, 0x11, 0x74, 0xff, 0x11, 0x74, 0xff, 0x11, 0x74, 0xff, 
  0x11, 0x74, 0xff, 0x11, 0x74, 0xff, 0x11, 0x74, 0xff, 0x11, 0x74, 0xff, 
  0x11, 0x74, 0xff, 0x11, 0x74, 0xff, 0xf1, 0x73, 0xff, 0xf1, 0x73, 0xff, 
  0xf1, 0x73, 0xff, 0xf1, 0x73, 0xff, 0xf1, 0x73, 0xff, 0xf1, 0x73, 0xff, 
  0xf1, 0x73, 0xff, 0xf0, 0x73, 0xff, 0xf0, 0x73, 0xff, 0xf0, 0x73, 0xff, 
  0xf0, 0x73, 0xff, 0xd0, 0x73, 0xff, 0xd0, 0x73, 0xff, 0xd0, 0x73, 0xff, 
  0xf0, 0x6b, 0xff, 0xf0, 0x6b, 0xff, 0xd0, 0x6b, 0xff, 0xd0, 0x6b, 0xff, 
  0xd0, 0x6b, 0xff, 0xd0, 0x6b, 0xff, 0xd0, 0x6b, 0xff, 0xd0, 0x6b, 0xff, 
  0xd0, 0x6b, 0xff, 0xd0, 0x6b, 0xff, 0xd0, 0x6b, 0xff, 0xd0, 0x6b, 0xff, 
  0xb0, 0x6b, 0xff, 0xb0, 0x6b, 0xff, 0xb0, 0x6b, 0xff, 0xb0, 0x6b, 0xff, 
  0xb0, 0x6b, 0xff, 0xb0, 0x6b, 0xff, 0xb0, 0x6b, 0xff, 0xb0, 0x6b, 0xff, 
  0xb0, 0x6b, 0xff, 0x8f, 0x63, 0xff, 0x8f, 0x63, 0xff, 0xb7, 0xad, 0x00, 
  0xbf, 0xf7, 0x00, 0xff, 0xff, 0x00, 0xff, 0xff, 0x00, 0xff, 0xff, 0x00, 
  0xff, 0xff, 0x00, 0xff, 0xff, 0x00, 0xff, 0xff, 0x00, 0xff, 0xff, 0x00, 
  0xff, 0xff, 0x00, 0xff, 0xff, 0x00, 0xff, 0xff, 0x00, 0xff, 0xff, 0x00, 
  0xff, 0xff, 0x00, 0xff, 0xff, 0x00, 0xff, 0xff, 0x00, 0xff, 0xff, 0x00, 
  0xff, 0xff, 0x00, 0xff, 0xff, 0x00, 0xff, 0xff, 0x00, 0xff, 0xff, 0x00, 
  0xff, 0xff, 0x00, 0xff, 0xff, 0x00, 0xff, 0xff, 0x00, 0xff, 0xff, 0x00, 
  0xff, 0xff, 0x00, 0xff, 0xff, 0x00, 0xff, 0xff, 0x00, 0xff, 0xff, 0x00, 
  0xff, 0xff, 0x00, 0xff, 0xff, 0x00, 0xff, 0xff, 0x00, 0xff, 0xff, 0x00, 
  0xff, 0xff, 0x00, 0xff, 0xff, 0x00, 0xff, 0xff, 0x00, 0xff, 0xff, 0x00, 
  0xff, 0xff, 0x00, 0xff, 0xff, 0x00, 0xff, 0xff, 0x00, 0xff, 0xff, 0x00, 
  0xff, 0xff, 0x00, 0xff, 0xff, 0x00, 0xff, 0xff, 0x00, 0xff, 0xff, 0x00, 
  0xff, 0xff, 0x00, 0xff, 0xff, 0x00, 0xff, 0xff, 0x00, 0xff, 0xff, 0x00, 
  0xff, 0xff, 0x00, 0xff, 0xff, 0x00, 0xff, 0xff, 0x00, 0xff, 0xff, 0x00, 
  0xff, 0xff, 0x00, 0xff, 0xff, 0x00, 0xff, 0xff, 0x00, 0x3d, 0xe7, 0x00, 
  0x55, 0xa5, 0x00, 0x11, 0x7c, 0xff, 0x11, 0x7c, 0xff, 0x32, 0x7c, 0xff, 
  0x31, 0x7c, 0xff, 0x31, 0x7c, 0xff, 0x31, 0x7c, 0xff, 0x31, 0x7c, 0xff, 
  0x11, 0x7c, 0xff, 0x11, 0x7c, 0xff, 0x11, 0x7c, 0xff, 0x11, 0x7c, 0xff, 
  0x11, 0x7c, 0xff, 0x11, 0x7c, 0xff, 0x11, 0x7c, 0xff, 0x11, 0x7c, 0xff, 
  0x11, 0x74, 0xff, 0x11, 0x74, 0xff, 0x11, 0x74, 0xff, 0x11, 0x74, 0xff, 
  0x11, 0x74, 0xff, 0x11, 0x74, 0xff, 0x11, 0x74, 0xff, 0x11, 0x74, 0xff, 
  0x11, 0x74, 0xff, 0xf1, 0x73, 0xff, 0xf1, 0x73, 0xff, 0xf1, 0x73, 0xff, 
  0xf1, 0x73, 0xff, 0xf1, 0x73, 0xff, 0xf0, 0x73, 0xff, 0xf0, 0x73, 0xff, 
  0xf0, 0x73, 0xff, 0xf0, 0x73, 0xff, 0xf0, 0x73, 0xff, 0xf0, 0x73, 0xff, 
  0xf0, 0x73, 0xff, 0xf0, 0x73, 0xff, 0xd0, 0x73, 0xff, 0xd0, 0x73, 0xff, 
  0xf0, 0x6b, 0xff, 0xd0, 0x6b, 0xff, 0xd0, 0x6b, 0xff, 0xd0, 0x6b, 0xff, 
  0xd0, 0x6b, 0xff, 0xd0, 0x6b, 0xff, 0xd0, 0x6b, 0xff, 0xd0, 0x6b, 0xff, 
  0xd0, 0x6b, 0xff, 0xd0, 0x6b, 0xff, 0xd0, 0x6b, 0xff, 0xd0, 0x6b, 0xff, 
  0xb0, 0x6b, 0xff, 0xb0, 0x6b, 0xff, 0xb0, 0x6b, 0xff, 0xb0, 0x6b, 0xff, 
  0xb0, 0x6b, 0xff, 0xb0, 0x6b, 0xff, 0xb0, 0x6b, 0xff, 0xb0, 0x6b, 0xff, 
  0xb0, 0x6b, 0xff, 0x8f, 0x63, 0xff, 0x8f, 0x63, 0xff, 0xf4, 0x94, 0x00, 
  0x3d, 0xe7, 0x00, 0xff, 0xff, 0x00, 0xff, 0xff, 0x00, 0xff, 0xff, 0x00, 
  0xff, 0xff, 0x00, 0xff, 0xff, 0x00, 0xff, 0xff, 0x00, 0xff, 0xff, 0x00, 
  0xff, 0xff, 0x00, 0xff, 0xff, 0x00, 0xff, 0xff, 0x00, 0xff, 0xff, 0x00, 
  0xff, 0xff, 0x00, 0xff, 0xff, 0x00, 0xff, 0xff, 0x00, 0xff, 0xff, 0x00, 
  0xff, 0xff, 0x00, 0xff, 0xff, 0x00, 0xff, 0xff, 0x00, 0xff, 0xff, 0x00, 
  0xff, 0xff, 0x00, 0xff, 0xff, 0x00, 0xff, 0xff, 0x00, 0xff, 0xff, 0x00, 
  0xff, 0xff, 0x00, 0xff, 0xff, 0x00, 0xff, 0xff, 0x00, 0xff, 0xff, 0x00, 
  0xff, 0xff, 0x00, 0xff, 0xff, 0x00, 0xff, 0xff, 0x00, 0xff, 0xff, 0x00, 
  0xff, 0xff, 0x00, 0xff, 0xff, 0x00, 0xff, 0xff, 0x00, 0xff, 0xff, 0x00, 
  0xff, 0xff, 0x00, 0xff, 0xff, 0x00, 0xff, 0xff, 0x00, 0xff, 0xff, 0x00, 
  0xff, 0xff, 0x00, 0xff, 0xff, 0x00, 0xff, 0xff, 0x00, 0xff, 0xff, 0x00, 
  0xff, 0xff, 0x00, 0xff, 0xff, 0x00, 0xff, 0xff, 0x00, 0xff, 0xff, 0x00, 
  0xff, 0xff, 0x00, 0xff, 0xff, 0x00, 0xff, 0xff, 0x00, 0xff, 0xff, 0x00, 
  0xff, 0xff, 0x00, 0xff, 0xff, 0x00, 0xff, 0xff, 0x00, 0x9a, 0xce, 0x00, 
  0x92, 0x8c, 0xff, 0x31, 0x7c, 0xff, 0x11, 0x7c, 0xff, 0x31, 0x7c, 0xff, 
  0x31, 0x7c, 0xff, 0x31, 0x7c, 0xff, 0x31, 0x7c, 0xff, 0x31, 0x7c, 0xff, 
  0x11, 0x7c, 0xff, 0x11, 0x7c, 0xff, 0x11, 0x7c, 0xff, 0x11, 0x7c, 0xff, 
  0x11, 0x7c, 0xff, 0x11, 0x7c, 0xff, 0x11, 0x7c, 0xff, 0x11, 0x7c, 0xff, 
  0x11, 0x7c, 0xff, 0x11, 0x74, 0xff, 0x11, 0x74, 0xff, 0x11, 0x74, 0xff, 
  0x11, 0x74, 0xff, 0x11, 0x74, 0xff, 0x11, 0x74, 0xff, 0x11, 0x74, 0xff, 
  0x11, 0x74, 0xff, 0xf1, 0x73, 0xff, 0xf1, 0x73, 0xff, 0xf1, 0x73, 0xff, 
  0xf1, 0x73, 0xff, 0xf1, 0x73, 0xff, 0xf0, 0x73, 0xff, 0xf0, 0x73, 0xff, 
  0xf0, 0x73, 0xff, 0xf0, 0x73, 0xff, 0xf0, 0x73, 0xff, 0xf0, 0x73, 0xff, 
  0xf0, 0x73, 0xff, 0xd0, 0x73, 0xff, 0xd0, 0x73, 0xff, 0xd0, 0x73, 0xff, 
  0xf0, 0x6b, 0xff, 0xd0, 0x6b, 0xff, 0xd0, 0x6b, 0xff, 0xd0, 0x6b, 0xff, 
  0xd0, 0x6b, 0xff, 0xd0, 0x6b, 0xff, 0xd0, 0x6b, 0xff, 0xd0, 0x6b, 0xff, 
  0xd0, 0x6b, 0xff, 0xd0, 0x6b, 0xff, 0xb0, 0x6b, 0xff, 0xb0, 0x6b, 0xff, 
  0xb0, 0x6b, 0xff, 0xb0, 0x6b, 0xff, 0xb0, 0x6b, 0xff, 0xb0, 0x6b, 0xff, 
  0xb0, 0x6b, 0xff, 0xb0, 0x6b, 0xff, 0xb0, 0x63, 0xff, 0xb0, 0x63, 0xff, 
  0xb0, 0x6b, 0xff, 0xaf, 0x63, 0xff, 0xaf, 0x6b, 0xff, 0xf0, 0x73, 0xff, 
  0x7a, 0xce, 0x00, 0xff, 0xff, 0x00, 0xff, 0xff, 0x00, 0xff, 0xff, 0x00, 
  0xff, 0xff, 0x00, 0xff, 0xff, 0x00, 0xff, 0xff, 0x00, 0xff, 0xff, 0x00, 
  0xff, 0xff, 0x00, 0xff, 0xff, 0x00, 0xff, 0xff, 0x00, 0xff, 0xff, 0x00, 
  0xff, 0xff, 0x00, 0xff, 0xff, 0x00, 0xff, 0xff, 0x00, 0xff, 0xff, 0x00, 
  0xff, 0xff, 0x00, 0xff, 0xff, 0x00, 0xff, 0xff, 0x00, 0xff, 0xff, 0x00, 
  0xff, 0xff, 0x00, 0xff, 0xff, 0x00, 0xff, 0xff, 0x00, 0xff, 0xff, 0x00, 
  0xff, 0xff, 0x00, 0xff, 0xff, 0x00, 0xff, 0xff, 0x00, 0xff, 0xff, 0x00, 
  0xff, 0xff, 0x00, 0xff, 0xff, 0x00, 0xff, 0xff, 0x00, 0xff, 0xff, 0x00, 
  0xff, 0xff, 0x00, 0xff, 0xff, 0x00, 0xff, 0xff, 0x00, 0xff, 0xff, 0x00, 
  0xff, 0xff, 0x00, 0xff, 0xff, 0x00, 0xff, 0xff, 0x00, 0xff, 0xff, 0x00, 
  0xff, 0xff, 0x00, 0xff, 0xff, 0x00, 0xff, 0xff, 0x00, 0xff, 0xff, 0x00, 
  0xff, 0xff, 0x00, 0xff, 0xff, 0x00, 0xff, 0xff, 0x00, 0xff, 0xff, 0x00, 
  0xff, 0xff, 0x00, 0xff, 0xff, 0x00, 0xff, 0xff, 0x00, 0xff, 0xff, 0x00, 
  0xff, 0xff, 0x00, 0xff, 0xff, 0x00, 0xff, 0xff, 0x00, 0xf8, 0xbd, 0x00, 
  0xd0, 0x73, 0xff, 0x31, 0x7c, 0xff, 0x11, 0x74, 0xff, 0x31, 0x74, 0xff, 
  0x31, 0x7c, 0xff, 0x31, 0x7c, 0xff, 0x31, 0x7c, 0xff, 0x31, 0x7c, 0xff, 
  0x11, 0x7c, 0xff, 0x11, 0x7c, 0xff, 0x11, 0x7c, 0xff, 0x11, 0x7c, 0xff, 
  0x11, 0x7c, 0xff, 0x11, 0x7c, 0xff, 0x11, 0x7c, 0xff, 0x11, 0x7c, 0xff, 
  0x11, 0x74, 0xff, 0x11, 0x74, 0xff, 0x11, 0x74, 0xff, 0x11, 0x74, 0xff, 
  0x11, 0x74, 0xff, 0x11, 0x74, 0xff, 0x11, 0x74, 0xff, 0xf1, 0x73, 0xff, 
  0xf1, 0x73, 0xff, 0xf1, 0x73, 0xff, 0xf1, 0x73, 0xff, 0xf1, 0x73, 0xff, 
  0xf1, 0x73, 0xff, 0xf1, 0x73, 0xff, 0xf1, 0x73, 0xff, 0xf1, 0x73, 0xff, 
  0xf0, 0x73, 0xff, 0xf0, 0x73, 0xff, 0xf0, 0x73, 0xff, 0xf0, 0x73, 0xff, 
  0xd0, 0x73, 0xff, 0xd0, 0x73, 0xff, 0xd0, 0x73, 0xff, 0xd0, 0x73, 0xff, 
  0xd0, 0x6b, 0xff, 0xd0, 0x6b, 0xff, 0xd0, 0x6b, 0xff, 0xd0, 0x6b, 0xff, 
  0xd0, 0x6b, 0xff, 0xd0, 0x6b, 0xff, 0xd0, 0x6b, 0xff, 0xd0, 0x6b, 0xff, 
  0xd0, 0x6b, 0xff, 0xd0, 0x6b, 0xff, 0xb0, 0x6b, 0xff, 0xb0, 0x6b, 0xff, 
  0xb0, 0x6b, 0xff, 0xb0, 0x6b, 0xff, 0xb0, 0x6b, 0xff, 0xb0, 0x6b, 0xff, 
  0xb0, 0x6b, 0xff, 0xb0, 0x6b, 0xff, 0xb0, 0x63, 0xff, 0xb0, 0x63, 0xff, 
  0x8f, 0x63, 0xff, 0xb0, 0x63, 0xff, 0xaf, 0x6b, 0xff, 0x2d, 0x5b, 0xff, 
  0xb7, 0xad, 0x00, 0xff, 0xff, 0x00, 0xdf, 0xff, 0x00, 0xff, 0xff, 0x00, 
  0xff, 0xff, 0x00, 0xff, 0xff, 0x00, 0xff, 0xff, 0x00, 0xff, 0xff, 0x00, 
  0xff, 0xff, 0x00, 0xff, 0xff, 0x00, 0xff, 0xff, 0x00, 0xff, 0xff, 0x00, 
  0xff, 0xff, 0x00, 0xff, 0xff, 0x00, 0xff, 0xff, 0x00, 0xff, 0xff, 0x00, 
  0xff, 0xff, 0x00, 0xff, 0xff, 0x00, 0xff, 0xff, 0x00, 0xff, 0xff, 0x00, 
  0xff, 0xff, 0x00, 0xff, 0xff, 0x00, 0xff, 0xff, 0x00, 0xff, 0xff, 0x00, 
  0xff, 0xff, 0x00, 0xff, 0xff, 0x00, 0xff, 0xff, 0x00, 0xff, 0xff, 0x00, 
  0xff, 0xff, 0x00, 0xff, 0xff, 0x00, 0xff, 0xff, 0x00, 0xff, 0xff, 0x00, 
  0xff, 0xff, 0x00, 0xff, 0xff, 0x00, 0xff, 0xff, 0x00, 0xff, 0xff, 0x00, 
  0xff, 0xff, 0x00, 0xff, 0xff, 0x00, 0xff, 0xff, 0x00, 0xff, 0xff, 0x00, 
  0xff, 0xff, 0x00, 0xff, 0xff, 0x00, 0xff, 0xff, 0x00, 0xff, 0xff, 0x00, 
  0xff, 0xff, 0x00, 0xff, 0xff, 0x00, 0xff, 0xff, 0x00, 0xff, 0xff, 0x00, 
  0xff, 0xff, 0x00, 0xff, 0xff, 0x00, 0xff, 0xff, 0x00, 0xff, 0xff, 0x00, 
  0xff, 0xff, 0x00, 0xff, 0xff, 0x00, 0x1c, 0xdf, 0x00, 0x14, 0x9d, 0x00, 
  0xd0, 0x73, 0xff, 0x31, 0x7c, 0xff, 0x31, 0x7c, 0xff, 0x31, 0x7c, 0xff, 
  0x31, 0x7c, 0xff, 0x31, 0x7c, 0xff, 0x11, 0x7c, 0xff, 0x11, 0x7c, 0xff, 
  0x11, 0x7c, 0xff, 0x11, 0x7c, 0xff, 0x31, 0x7c, 0xff, 0x11, 0x7c, 0xff, 
  0x11, 0x7c, 0xff, 0x11, 0x7c, 0xff, 0x11, 0x7c, 0xff, 0x11, 0x7c, 0xff, 
  0x11, 0x74, 0xff, 0x11, 0x74, 0xff, 0x11, 0x74, 0xff, 0x11, 0x74, 0xff, 
  0x11, 0x74, 0xff, 0x11, 0x74, 0xff, 0xf1, 0x73, 0xff, 0xf1, 0x73, 0xff, 
  0xf1, 0x73, 0xff, 0xf1, 0x73, 0xff, 0xf1, 0x73, 0xff, 0xf1, 0x73, 0xff, 
  0xf0, 0x73, 0xff, 0xf0, 0x73, 0xff, 0xf0, 0x73, 0xff, 0xf0, 0x73, 0xff, 
  0xf0, 0x73, 0xff, 0xd0, 0x73, 0xff, 0xd0, 0x73, 0xff, 0xd0, 0x73, 0xff, 
  0xd0, 0x73, 0xff, 0xd0, 0x73, 0xff, 0xd0, 0x73, 0xff, 0xd0, 0x73, 0xff, 
  0xd0, 0x73, 0xff, 0xd0, 0x73, 0xff, 0xd0, 0x6b, 0xff, 0xd0, 0x6b, 0xff, 
  0xd0, 0x6b, 0xff, 0xd0, 0x6b, 0xff, 0xd0, 0x6b, 0xff, 0xd0, 0x6b, 0xff, 
  0xb0, 0x6b, 0xff, 0xb0, 0x6b, 0xff, 0xb0, 0x6b, 0xff, 0xb0, 0x6b, 0xff, 
  0xb0, 0x6b, 0xff, 0xaf, 0x6b, 0xff, 0xaf, 0x6b, 0xff, 0xaf, 0x6b, 0xff, 
  0xb0, 0x6b, 0xff, 0xb0, 0x6b, 0xff, 0xb0, 0x63, 0xff, 0xb0, 0x63, 0xff, 
  0xb0, 0x63, 0xff, 0xaf, 0x63, 0xff, 0xaf, 0x6b, 0xff, 0x4e, 0x63, 0xff, 
  0xb3, 0x8c, 0x00, 0xfc, 0xde, 0x00, 0xff, 0xff, 0x00, 0xff, 0xff, 0x00, 
  0xff, 0xff, 0x00, 0xff, 0xff, 0x00, 0xff, 0xff, 0x00, 0xff, 0xff, 0x00, 
  0xff, 0xff, 0x00, 0xff, 0xff, 0x00, 0xff, 0xff, 0x00, 0xff, 0xff, 0x00, 
  0xff, 0xff, 0x00, 0xff, 0xff, 0x00, 0xff, 0xff, 0x00, 0xff, 0xff, 0x00, 
  0xff, 0xff, 0x00, 0xff, 0xff, 0x00, 0xff, 0xff, 0x00, 0xff, 0xff, 0x00, 
  0xff, 0xff, 0x00, 0xff, 0xff, 0x00, 0xff, 0xff, 0x00, 0xff, 0xff, 0x00, 
  0xff, 0xff, 0x00, 0xff, 0xff, 0x00, 0xff, 0xff, 0x00, 0xff, 0xff, 0x00, 
  0xff, 0xff, 0x00, 0xff, 0xff, 0x00, 0xff, 0xff, 0x00, 0xff, 0xff, 0x00, 
  0xff, 0xff, 0x00, 0xff, 0xff, 0x00, 0xff, 0xff, 0x00, 0xff, 0xff, 0x00, 
  0xff, 0xff, 0x00, 0xff, 0xff, 0x00, 0xff, 0xff, 0x00, 0xff, 0xff, 0x00, 
  0xff, 0xff, 0x00, 0xff, 0xff, 0x00, 0xff, 0xff, 0x00, 0xff, 0xff, 0x00, 
  0xff, 0xff, 0x00, 0xff, 0xff, 0x00, 0xff, 0xff, 0x00, 0xff, 0xff, 0x00, 
  0xff, 0xff, 0x00, 0xff, 0xff, 0x00, 0xff, 0xff, 0x00, 0xff, 0xff, 0x00, 
  0xff, 0xff, 0x00, 0xff, 0xff, 0x00, 0x96, 0xad, 0x00, 0x31, 0x84, 0xff, 
  0x31, 0x7c, 0xff, 0x11, 0x7c, 0xff, 0x32, 0x7c, 0xff, 0x31, 0x74, 0xff, 
  0x31, 0x7c, 0xff, 0x11, 0x7c, 0xff, 0x11, 0x7c, 0xff, 0x11, 0x7c, 0xff, 
  0x11, 0x7c, 0xff, 0x11, 0x7c, 0xff, 0x11, 0x7c, 0xff, 0x11, 0x7c, 0xff, 
  0x11, 0x7c, 0xff, 0x11, 0x7c, 0xff, 0x11, 0x7c, 0xff, 0x11, 0x74, 0xff, 
  0x11, 0x74, 0xff, 0x11, 0x74, 0xff, 0x11, 0x74, 0xff, 0x11, 0x74, 0xff, 
  0x11, 0x74, 0xff, 0xf1, 0x73, 0xff, 0xf1, 0x73, 0xff, 0xf1, 0x73, 0xff, 
  0xf1, 0x73, 0xff, 0xf1, 0x73, 0xff, 0xf1, 0x73, 0xff, 0xf0, 0x73, 0xff, 
  0xf1, 0x73, 0xff, 0xf1, 0x73, 0xff, 0xf1, 0x73, 0xff, 0xf0, 0x73, 0xff, 
  0xf0, 0x73, 0xff, 0xf0, 0x73, 0xff, 0xf0, 0x73, 0xff, 0xf0, 0x73, 0xff, 
  0xd0, 0x73, 0xff, 0xd0, 0x73, 0xff, 0xd0, 0x73, 0xff, 0xd0, 0x73, 0xff, 
  0xd0, 0x73, 0xff, 0xd0, 0x6b, 0xff, 0xd0, 0x6b, 0xff, 0xd0, 0x6b, 0xff, 
  0xd0, 0x6b, 0xff, 0xd0, 0x6b, 0xff, 0xd0, 0x6b, 0xff, 0xd0, 0x6b, 0xff, 
  0xd0, 0x6b, 0xff, 0xb0, 0x6b, 0xff, 0xb0, 0x6b, 0xff, 0xb0, 0x6b, 0xff, 
  0xaf, 0x6b, 0xff, 0xaf, 0x6b, 0xff, 0xaf, 0x6b, 0xff, 0xaf, 0x6b, 0xff, 
  0xb0, 0x6b, 0xff, 0x8f, 0x63, 0xff, 0xb0, 0x63, 0xff, 0x90, 0x63, 0xff, 
  0xb0, 0x63, 0xff, 0x8f, 0x63, 0xff, 0x8f, 0x63, 0xff, 0x8f, 0x6b, 0xff, 
  0x6e, 0x6b, 0xff, 0x55, 0xa5, 0x00, 0xff, 0xff, 0x00, 0xff, 0xff, 0x00, 
  0xff, 0xff, 0x00, 0xff, 0xff, 0x00, 0xff, 0xff, 0x00, 0xff, 0xff, 0x00, 
  0xff, 0xff, 0x00, 0xff, 0xff, 0x00, 0xff, 0xff, 0x00, 0xff, 0xff, 0x00, 
  0xff, 0xff, 0x00, 0xff, 0xff, 0x00, 0xff, 0xff, 0x00, 0xff, 0xff, 0x00, 
  0xff, 0xff, 0x00, 0xff, 0xff, 0x00, 0xff, 0xff, 0x00, 0xff, 0xff, 0x00, 
  0xff, 0xff, 0x00, 0xff, 0xff, 0x00, 0xff, 0xff, 0x00, 0xff, 0xff, 0x00, 
  0xff, 0xff, 0x00, 0xff, 0xff, 0x00, 0xff, 0xff, 0x00, 0xff, 0xff, 0x00, 
  0xff, 0xff, 0x00, 0xff, 0xff, 0x00, 0xff, 0xff, 0x00, 0xff, 0xff, 0x00, 
  0xff, 0xff, 0x00, 0xff, 0xff, 0x00, 0xff, 0xff, 0x00, 0xff, 0xff, 0x00, 
  0xff, 0xff, 0x00, 0xff, 0xff, 0x00, 0xff, 0xff, 0x00, 0xff, 0xff, 0x00, 
  0xff, 0xff, 0x00, 0xff, 0xff, 0x00, 0xff, 0xff, 0x00, 0xff, 0xff, 0x00, 
  0xff, 0xff, 0x00, 0xff, 0xff, 0x00, 0xff, 0xff, 0x00, 0xff, 0xff, 0x00, 
  0xff, 0xff, 0x00, 0xff, 0xff, 0x00, 0xff, 0xff, 0x00, 0xff, 0xff, 0x00, 
  0xff, 0xff, 0x00, 0xff, 0xff, 0x00, 0x35, 0xa5, 0x00, 0xd0, 0x73, 0xff, 
  0x31, 0x7c, 0xff, 0x31, 0x7c, 0xff, 0x31, 0x7c, 0xff, 0x11, 0x7c, 0xff, 
  0x11, 0x74, 0xff, 0x31, 0x7c, 0xff, 0x11, 0x7c, 0xff, 0x11, 0x7c, 0xff, 
  0x31, 0x7c, 0xff, 0x11, 0x7c, 0xff, 0x11, 0x7c, 0xff, 0x11, 0x7c, 0xff, 
  0x11, 0x7c, 0xff, 0x11, 0x7c, 0xff, 0x10, 0x74, 0xff, 0x11, 0x7c, 0xff, 
  0x11, 0x7c, 0xff, 0xf1, 0x73, 0xff, 0xf1, 0x73, 0xff, 0xf1, 0x73, 0xff, 
  0xf1, 0x73, 0xff, 0xf1, 0x73, 0xff, 0x11, 0x74, 0xff, 0x11, 0x74, 0xff, 
  0xf1, 0x73, 0xff, 0x11, 0x74, 0xff, 0xf0, 0x73, 0xff, 0xaf, 0x6b, 0xff, 
  0x8f, 0x6b, 0xff, 0x8f, 0x6b, 0xff, 0x6e, 0x6b, 0xff, 0x6e, 0x63, 0xff, 
  0x6e, 0x63, 0xff, 0x6e, 0x63, 0xff, 0x6f, 0x63, 0xff, 0x6f, 0x63, 0xff, 
  0x8f, 0x6b, 0xff, 0xd0, 0x73, 0xff, 0xd0, 0x73, 0xff, 0xd0, 0x73, 0xff, 
  0xf1, 0x73, 0xff, 0xd0, 0x73, 0xff, 0xd0, 0x6b, 0xff, 0xb0, 0x6b, 0xff, 
  0xd0, 0x6b, 0xff, 0xd0, 0x6b, 0xff, 0xb0, 0x6b, 0xff, 0xd0, 0x6b, 0xff, 
  0xd0, 0x6b, 0xff, 0xaf, 0x6b, 0xff, 0xaf, 0x6b, 0xff, 0xaf, 0x6b, 0xff, 
  0xb0, 0x6b, 0xff, 0xaf, 0x6b, 0xff, 0x8f, 0x63, 0xff, 0xb0, 0x6b, 0xff, 
  0xb0, 0x63, 0xff, 0xb0, 0x63, 0xff, 0xb0, 0x63, 0xff, 0x8f, 0x63, 0xff, 
  0xaf, 0x63, 0xff, 0x8f, 0x63, 0xff, 0x8f, 0x6b, 0xff, 0xaf, 0x6b, 0xff, 
  0x2d, 0x5b, 0xff, 0xb3, 0x94, 0x00, 0xff, 0xff, 0x00, 0xff, 0xff, 0x00, 
  0xff, 0xff, 0x00, 0xff, 0xff, 0x00, 0xff, 0xff, 0x00, 0xff, 0xff, 0x00, 
  0xff, 0xff, 0x00, 0xff, 0xff, 0x00, 0xff, 0xff, 0x00, 0xff, 0xff, 0x00, 
  0xff, 0xff, 0x00, 0xff, 0xff, 0x00, 0xff, 0xff, 0x00, 0xff, 0xff, 0x00, 
  0xff, 0xff, 0x00, 0xff, 0xff, 0x00, 0xff, 0xff, 0x00, 0xff, 0xff, 0x00, 
  0xff, 0xff, 0x00, 0xff, 0xff, 0x00, 0xff, 0xff, 0x00, 0xff, 0xff, 0x00, 
  0xff, 0xff, 0x00, 0xff, 0xff, 0x00, 0xff, 0xff, 0x00, 0xff, 0xff, 0x00, 
  0xff, 0xff, 0x00, 0xff, 0xff, 0x00, 0xff, 0xff, 0x00, 0xff, 0xff, 0x00, 
  0xff, 0xff, 0x00, 0xff, 0xff, 0x00, 0xff, 0xff, 0x00, 0xff, 0xff, 0x00, 
  0xff, 0xff, 0x00, 0xff, 0xff, 0x00, 0xff, 0xff, 0x00, 0xff, 0xff, 0x00, 
  0xff, 0xff, 0x00, 0xff, 0xff, 0x00, 0xff, 0xff, 0x00, 0xff, 0xff, 0x00, 
  0xff, 0xff, 0x00, 0xff, 0xff, 0x00, 0xff, 0xff, 0x00, 0xff, 0xff, 0x00, 
  0xff, 0xff, 0x00, 0xff, 0xff, 0x00, 0xff, 0xff, 0x00, 0xff, 0xff, 0x00, 
  0xff, 0xff, 0x00, 0xdf, 0xff, 0x00, 0xdb, 0xd6, 0x00, 0x55, 0xa5, 0x00, 
  0x10, 0x7c, 0xff, 0xf0, 0x73, 0xff, 0x31, 0x7c, 0xff, 0x31, 0x7c, 0xff, 
  0x52, 0x7c, 0xff, 0x11, 0x7c, 0xff, 0x11, 0x74, 0xff, 0x11, 0x7c, 0xff, 
  0x10, 0x74, 0xff, 0x11, 0x7c, 0xff, 0x11, 0x7c, 0xff, 0x10, 0x74, 0xff, 
  0x11, 0x7c, 0xff, 0x11, 0x7c, 0xff, 0x11, 0x7c, 0xff, 0x11, 0x74, 0xff, 
  0xf1, 0x73, 0xff, 0x11, 0x74, 0xff, 0x11, 0x7c, 0xff, 0x11, 0x74, 0xff, 
  0xf0, 0x73, 0xff, 0x11, 0x74, 0xff, 0xf0, 0x73, 0xff, 0xf1, 0x73, 0xff, 
  0xd0, 0x6b, 0xff, 0x8f, 0x6b, 0xff, 0x31, 0x7c, 0xff, 0xb3, 0x94, 0xff, 
  0x35, 0xa5, 0x00, 0x96, 0xad, 0x00, 0xd7, 0xb5, 0x00, 0xd8, 0xb5, 0x00, 
  0xd7, 0xb5, 0x00, 0xd7, 0xb5, 0x00, 0x77, 0xad, 0x00, 0x35, 0xa5, 0x00, 
  0x93, 0x8c, 0xff, 0x11, 0x7c, 0xff, 0x6e, 0x63, 0xff, 0x8f, 0x6b, 0xff, 
  0xd0, 0x73, 0xff, 0xd0, 0x6b, 0xff, 0xd0, 0x73, 0xff, 0xb0, 0x6b, 0xff, 
  0xb0, 0x6b, 0xff, 0xd0, 0x6b, 0xff, 0xb0, 0x6b, 0xff, 0xaf, 0x6b, 0xff, 
  0xd0, 0x6b, 0xff, 0xd0, 0x6b, 0xff, 0xd0, 0x6b, 0xff, 0xb0, 0x6b, 0xff, 
  0x8f, 0x6b, 0xff, 0xb0, 0x6b, 0xff, 0xb0, 0x6b, 0xff, 0x8f, 0x63, 0xff, 
  0xb0, 0x63, 0xff, 0x8f, 0x63, 0xff, 0x8f, 0x63, 0xff, 0xb0, 0x6b, 0xff, 
  0xb0, 0x6b, 0xff, 0x8f, 0x63, 0xff, 0x4e, 0x63, 0xff, 0x8f, 0x6b, 0xff, 
  0xf4, 0x94, 0x00, 0xbb, 0xce, 0x00, 0xff, 0xff, 0x00, 0xff, 0xff, 0x00, 
  0xff, 0xff, 0x00, 0xff, 0xff, 0x00, 0xff, 0xff, 0x00, 0xff, 0xff, 0x00, 
  0xff, 0xff, 0x00, 0xff, 0xff, 0x00, 0xff, 0xff, 0x00, 0xff, 0xff, 0x00, 
  0xff, 0xff, 0x00, 0xff, 0xff, 0x00, 0xff, 0xff, 0x00, 0xff, 0xff, 0x00, 
  0xff, 0xff, 0x00, 0xff, 0xff, 0x00, 0xff, 0xff, 0x00, 0xff, 0xff, 0x00, 
  0xff, 0xff, 0x00, 0xff, 0xff, 0x00, 0xff, 0xff, 0x00, 0xff, 0xff, 0x00, 
  0xff, 0xff, 0x00, 0xff, 0xff, 0x00, 0xff, 0xff, 0x00, 0xff, 0xff, 0x00, 
  0xff, 0xff, 0x00, 0xff, 0xff, 0x00, 0xff, 0xff, 0x00, 0xff, 0xff, 0x00, 
  0xff, 0xff, 0x00, 0xff, 0xff, 0x00, 0xff, 0xff, 0x00, 0xff, 0xff, 0x00, 
  0xff, 0xff, 0x00, 0xff, 0xff, 0x00, 0xff, 0xff, 0x00, 0xff, 0xff, 0x00, 
  0xff, 0xff, 0x00, 0xff, 0xff, 0x00, 0xff, 0xff, 0x00, 0xff, 0xff, 0x00, 
  0xff, 0xff, 0x00, 0xff, 0xff, 0x00, 0xff, 0xff, 0x00, 0xff, 0xff, 0x00, 
  0xff, 0xff, 0x00, 0xff, 0xff, 0x00, 0xff, 0xff, 0x00, 0xff, 0xff, 0x00, 
  0xff, 0xff, 0x00, 0xff, 0xff, 0x00, 0xff, 0xff, 0x00, 0x5d, 0xe7, 0x00, 
  0x96, 0xad, 0x00, 0x51, 0x84, 0xff, 0xf0, 0x73, 0xff, 0x10, 0x74, 0xff, 
  0x11, 0x7c, 0xff, 0x11, 0x7c, 0xff, 0x31, 0x7c, 0xff, 0x31, 0x7c, 0xff, 
  0x11, 0x7c, 0xff, 0x11, 0x7c, 0xff, 0x11, 0x7c, 0xff, 0x11, 0x7c, 0xff, 
  0x11, 0x7c, 0xff, 0x11, 0x74, 0xff, 0x11, 0x74, 0xff, 0x11, 0x74, 0xff, 
  0x11, 0x74, 0xff, 0x11, 0x74, 0xff, 0x11, 0x74, 0xff, 0xf0, 0x73, 0xff, 
  0x11, 0x74, 0xff, 0xf0, 0x73, 0xff, 0xd0, 0x6b, 0xff, 0xf0, 0x73, 0xff, 
  0x72, 0x84, 0x00, 0x14, 0x9d, 0x00, 0xf8, 0xbd, 0x00, 0xbb, 0xd6, 0x00, 
  0x7e, 0xef, 0x00, 0xdf, 0xf7, 0x00, 0xff, 0xff, 0x00, 0xff, 0xff, 0x00, 
  0xff, 0xff, 0x00, 0xff, 0xff, 0x00, 0xdf, 0xf7, 0x00, 0x7e, 0xef, 0x00, 
  0x9b, 0xce, 0x00, 0xf8, 0xb5, 0x00, 0xf4, 0x94, 0x00, 0x51, 0x7c, 0xff, 
  0xd0, 0x73, 0xff, 0x8f, 0x63, 0xff, 0xaf, 0x6b, 0xff, 0xd0, 0x73, 0xff, 
  0xb0, 0x6b, 0xff, 0xd0, 0x6b, 0xff, 0xb0, 0x6b, 0xff, 0xb0, 0x6b, 0xff, 
  0xb0, 0x6b, 0xff, 0xaf, 0x6b, 0xff, 0xb0, 0x6b, 0xff, 0xb0, 0x6b, 0xff, 
  0x8f, 0x63, 0xff, 0xb0, 0x6b, 0xff, 0xb0, 0x6b, 0xff, 0xb0, 0x63, 0xff, 
  0xb0, 0x6b, 0xff, 0xb0, 0x63, 0xff, 0x8f, 0x63, 0xff, 0x8f, 0x63, 0xff, 
  0x8f, 0x63, 0xff, 0x4e, 0x63, 0xff, 0xd0, 0x73, 0xff, 0x35, 0x9d, 0x00, 
  0x3d, 0xe7, 0x00, 0xff, 0xff, 0x00, 0xff, 0xff, 0x00, 0xff, 0xff, 0x00, 
  0xff, 0xff, 0x00, 0xff, 0xff, 0x00, 0xff, 0xff, 0x00, 0xff, 0xff, 0x00, 
  0xff, 0xff, 0x00, 0xff, 0xff, 0x00, 0xff, 0xff, 0x00, 0xff, 0xff, 0x00, 
  0xff, 0xff, 0x00, 0xff, 0xff, 0x00, 0xff, 0xff, 0x00, 0xff, 0xff, 0x00, 
  0xff, 0xff, 0x00, 0xff, 0xff, 0x00, 0xff, 0xff, 0x00, 0xff, 0xff, 0x00, 
  0xff, 0xff, 0x00, 0xff, 0xff, 0x00, 0xff, 0xff, 0x00, 0xff, 0xff, 0x00, 
  0xff, 0xff, 0x00, 0xff, 0xff, 0x00, 0xff, 0xff, 0x00, 0xff, 0xff, 0x00, 
  0xff, 0xff, 0x00, 0xff, 0xff, 0x00, 0xff, 0xff, 0x00, 0xff, 0xff, 0x00, 
  0xff, 0xff, 0x00, 0xff, 0xff, 0x00, 0xff, 0xff, 0x00, 0xff, 0xff, 0x00, 
  0xff, 0xff, 0x00, 0xff, 0xff, 0x00, 0xff, 0xff, 0x00, 0xff, 0xff, 0x00, 
  0xff, 0xff, 0x00, 0xff, 0xff, 0x00, 0xff, 0xff, 0x00, 0xff, 0xff, 0x00, 
  0xff, 0xff, 0x00, 0xff, 0xff, 0x00, 0xff, 0xff, 0x00, 0xff, 0xff, 0x00, 
  0xff, 0xff, 0x00, 0xff, 0xff, 0x00, 0xff, 0xff, 0x00, 0xff, 0xff, 0x00, 
  0xff, 0xff, 0x00, 0xff, 0xff, 0x00, 0xbf, 0xf7, 0x00, 0xff, 0xff, 0x00, 
  0xdf, 0xf7, 0x00, 0xf8, 0xb5, 0x00, 0x52, 0x84, 0x00, 0xf0, 0x73, 0xff, 
  0x11, 0x7c, 0xff, 0x11, 0x7c, 0xff, 0x11, 0x74, 0xff, 0xf1, 0x73, 0xff, 
  0x11, 0x74, 0xff, 0x11, 0x7c, 0xff, 0x11, 0x74, 0xff, 0x11, 0x7c, 0xff, 
  0x11, 0x74, 0xff, 0x11, 0x74, 0xff, 0x11, 0x74, 0xff, 0x11, 0x74, 0xff, 
  0x11, 0x74, 0xff, 0x11, 0x74, 0xff, 0x11, 0x74, 0xff, 0x11, 0x74, 0xff, 
  0xf0, 0x73, 0xff, 0xd0, 0x73, 0xff, 0x31, 0x7c, 0xff, 0x14, 0x9d, 0x00, 
  0xdb, 0xd6, 0x00, 0xff, 0xff, 0x00, 0xff, 0xff, 0x00, 0xff, 0xff, 0x00, 
  0xff, 0xff, 0x00, 0xff, 0xff, 0x00, 0xff, 0xff, 0x00, 0xff, 0xff, 0x00, 
  0xff, 0xff, 0x00, 0xff, 0xff, 0x00, 0xff, 0xff, 0x00, 0xff, 0xff, 0x00, 
  0xff, 0xff, 0x00, 0xff, 0xff, 0x00, 0xff, 0xff, 0x00, 0xbb, 0xce, 0x00, 
  0xf4, 0x94, 0x00, 0x10, 0x74, 0xff, 0x8f, 0x6b, 0xff, 0xaf, 0x6b, 0xff, 
  0xd0, 0x6b, 0xff, 0xb0, 0x6b, 0xff, 0xb0, 0x6b, 0xff, 0xb0, 0x6b, 0xff, 
  0xb0, 0x6b, 0xff, 0xb0, 0x6b, 0xff, 0x8f, 0x63, 0xff, 0xb0, 0x6b, 0xff, 
  0xb0, 0x6b, 0xff, 0xb0, 0x63, 0xff, 0xb0, 0x63, 0xff, 0x90, 0x63, 0xff, 
  0x8f, 0x63, 0xff, 0x8f, 0x63, 0xff, 0x8f, 0x63, 0xff, 0x8f, 0x63, 0xff, 
  0x6e, 0x63, 0xff, 0xf0, 0x73, 0xff, 0xb7, 0xad, 0x00, 0xbf, 0xf7, 0x00, 
  0xff, 0xff, 0x00, 0xdf, 0xff, 0x00, 0xff, 0xff, 0x00, 0xff, 0xff, 0x00, 
  0xff, 0xff, 0x00, 0xff, 0xff, 0x00, 0xff, 0xff, 0x00, 0xff, 0xff, 0x00, 
  0xff, 0xff, 0x00, 0xff, 0xff, 0x00, 0xff, 0xff, 0x00, 0xff, 0xff, 0x00, 
  0xff, 0xff, 0x00, 0xff, 0xff, 0x00, 0xff, 0xff, 0x00, 0xff, 0xff, 0x00, 
  0xff, 0xff, 0x00, 0xff, 0xff, 0x00, 0xff, 0xff, 0x00, 0xff, 0xff, 0x00, 
  0xff, 0xff, 0x00, 0xff, 0xff, 0x00, 0xff, 0xff, 0x00, 0xff, 0xff, 0x00, 
  0xff, 0xff, 0x00, 0xff, 0xff, 0x00, 0xff, 0xff, 0x00, 0xff, 0xff, 0x00, 
  0xff, 0xff, 0x00, 0xff, 0xff, 0x00, 0xff, 0xff, 0x00, 0xff, 0xff, 0x00, 
  0xff, 0xff, 0x00, 0xff, 0xff, 0x00, 0xff, 0xff, 0x00, 0xff, 0xff, 0x00, 
  0xff, 0xff, 0x00, 0xff, 0xff, 0x00, 0xff, 0xff, 0x00, 0xff, 0xff, 0x00, 
  0xff, 0xff, 0x00, 0xff, 0xff, 0x00, 0xff, 0xff, 0x00, 0xff, 0xff, 0x00, 
  0xff, 0xff, 0x00, 0xff, 0xff, 0x00, 0xff, 0xff, 0x00, 0xff, 0xff, 0x00, 
  0xff, 0xff, 0x00, 0xff, 0xff, 0x00, 0xff, 0xff, 0x00, 0xff, 0xff, 0x00, 
  0xff, 0xff, 0x00, 0xff, 0xff, 0x00, 0xff, 0xff, 0x00, 0xff, 0xff, 0x00, 
  0xff, 0xff, 0x00, 0xdf, 0xf7, 0x00, 0xfc, 0xde, 0x00, 0xd3, 0x94, 0x00, 
  0xf0, 0x73, 0xff, 0x10, 0x74, 0xff, 0x31, 0x7c, 0xff, 0x31, 0x7c, 0xff, 
  0xf1, 0x73, 0xff, 0x11, 0x7c, 0xff, 0x11, 0x74, 0xff, 0x11, 0x74, 0xff, 
  0x11, 0x74, 0xff, 0x11, 0x74, 0xff, 0x11, 0x74, 0xff, 0x11, 0x74, 0xff, 
  0x11, 0x74, 0xff, 0x11, 0x74, 0xff, 0xf1, 0x73, 0xff, 0x11, 0x74, 0xff, 
  0xd0, 0x73, 0xff, 0x92, 0x8c, 0x00, 0x9a, 0xce, 0x00, 0xdf, 0xf7, 0x00, 
  0xff, 0xff, 0x00, 0xff, 0xff, 0x00, 0xff, 0xff, 0x00, 0xff, 0xff, 0x00, 
  0xff, 0xff, 0x00, 0xff, 0xff, 0x00, 0xff, 0xff, 0x00, 0xff, 0xff, 0x00, 
  0xff, 0xff, 0x00, 0xff, 0xff, 0x00, 0xff, 0xff, 0x00, 0xff, 0xff, 0x00, 
  0xff, 0xff, 0x00, 0xff, 0xff, 0x00, 0xff, 0xff, 0x00, 0xff, 0xff, 0x00, 
  0xdf, 0xf7, 0x00, 0x7a, 0xc6, 0x00, 0x51, 0x84, 0x00, 0x8f, 0x6b, 0xff, 
  0xd0, 0x6b, 0xff, 0xaf, 0x6b, 0xff, 0xb0, 0x6b, 0xff, 0xb0, 0x6b, 0xff, 
  0xb0, 0x6b, 0xff, 0xb0, 0x6b, 0xff, 0xb0, 0x63, 0xff, 0x90, 0x63, 0xff, 
  0x90, 0x63, 0xff, 0xb0, 0x63, 0xff, 0xb0, 0x63, 0xff, 0x90, 0x63, 0xff, 
  0xb0, 0x6b, 0xff, 0xb0, 0x6b, 0xff, 0x6f, 0x63, 0xff, 0x6e, 0x63, 0xff, 
  0x72, 0x84, 0x00, 0xbb, 0xd6, 0x00, 0xdf, 0xf7, 0x00, 0xff, 0xff, 0x00, 
  0xff, 0xff, 0x00, 0xff, 0xff, 0x00, 0xff, 0xff, 0x00, 0xff, 0xff, 0x00, 
  0xff, 0xff, 0x00, 0xff, 0xff, 0x00, 0xff, 0xff, 0x00, 0xff, 0xff, 0x00, 
  0xff, 0xff, 0x00, 0xff, 0xff, 0x00, 0xff, 0xff, 0x00, 0xff, 0xff, 0x00, 
  0xff, 0xff, 0x00, 0xff, 0xff, 0x00, 0xff, 0xff, 0x00, 0xff, 0xff, 0x00, 
  0xff, 0xff, 0x00, 0xff, 0xff, 0x00, 0xff, 0xff, 0x00, 0xff, 0xff, 0x00, 
  0xff, 0xff, 0x00, 0xff, 0xff, 0x00, 0xff, 0xff, 0x00, 0xff, 0xff, 0x00, 
  0xff, 0xff, 0x00, 0xff, 0xff, 0x00, 0xff, 0xff, 0x00, 0xff, 0xff, 0x00, 
  0xff, 0xff, 0x00, 0xff, 0xff, 0x00, 0xff, 0xff, 0x00, 0xff, 0xff, 0x00, 
  0xff, 0xff, 0x00, 0xff, 0xff, 0x00, 0xff, 0xff, 0x00, 0xff, 0xff, 0x00, 
  0xff, 0xff, 0x00, 0xff, 0xff, 0x00, 0xff, 0xff, 0x00, 0xff, 0xff, 0x00, 
  0xff, 0xff, 0x00, 0xff, 0xff, 0x00, 0xff, 0xff, 0x00, 0xff, 0xff, 0x00, 
  0xff, 0xff, 0x00, 0xff, 0xff, 0x00, 0xff, 0xff, 0x00, 0xff, 0xff, 0x00, 
  0xff, 0xff, 0x00, 0xff, 0xff, 0x00, 0xff, 0xff, 0x00, 0xff, 0xff, 0x00, 
  0xff, 0xff, 0x00, 0xff, 0xff, 0x00, 0xff, 0xff, 0x00, 0xff, 0xff, 0x00, 
  0xff, 0xff, 0x00, 0xff, 0xff, 0x00, 0xff, 0xff, 0x00, 0x5d, 0xe7, 0x00, 
  0xf8, 0xb5, 0x00, 0x51, 0x84, 0xff, 0xaf, 0x73, 0xff, 0x11, 0x7c, 0xff, 
  0x31, 0x7c, 0xff, 0x11, 0x7c, 0xff, 0x11, 0x74, 0xff, 0x11, 0x74, 0xff, 
  0x11, 0x74, 0xff, 0x11, 0x74, 0xff, 0x11, 0x74, 0xff, 0xf0, 0x73, 0xff, 
  0x11, 0x74, 0xff, 0x11, 0x74, 0xff, 0xd0, 0x6b, 0xff, 0xf0, 0x73, 0xff, 
  0x15, 0x9d, 0x00, 0x1c, 0xdf, 0x00, 0xff, 0xff, 0x00, 0xff, 0xff, 0x00, 
  0xff, 0xff, 0x00, 0xff, 0xff, 0x00, 0xff, 0xff, 0x00, 0xff, 0xff, 0x00, 
  0xff, 0xff, 0x00, 0xff, 0xff, 0x00, 0xff, 0xff, 0x00, 0xff, 0xff, 0x00, 
  0xff, 0xff, 0x00, 0xff, 0xff, 0x00, 0xff, 0xff, 0x00, 0xff, 0xff, 0x00, 
  0xff, 0xff, 0x00, 0xff, 0xff, 0x00, 0xff, 0xff, 0x00, 0xff, 0xff, 0x00, 
  0xff, 0xff, 0x00, 0xff, 0xff, 0x00, 0xfc, 0xde, 0x00, 0xf4, 0x94, 0x00, 
  0xaf, 0x6b, 0xff, 0x8f, 0x6b, 0xff, 0xb0, 0x6b, 0xff, 0xb0, 0x6b, 0xff, 
  0x8f, 0x63, 0xff, 0xb0, 0x6b, 0xff, 0xb0, 0x63, 0xff, 0x90, 0x63, 0xff, 
  0x90, 0x63, 0xff, 0x90, 0x63, 0xff, 0xb0, 0x63, 0xff, 0xb0, 0x6b, 0xff, 
  0x8f, 0x6b, 0xff, 0x2e, 0x5b, 0xff, 0xf0, 0x73, 0xff, 0xb7, 0xad, 0x00, 
  0x3d, 0xe7, 0x00, 0xff, 0xff, 0x00, 0xff, 0xff, 0x00, 0xff, 0xff, 0x00, 
  0xff, 0xff, 0x00, 0xff, 0xff, 0x00, 0xff, 0xff, 0x00, 0xff, 0xff, 0x00, 
  0xff, 0xff, 0x00, 0xff, 0xff, 0x00, 0xff, 0xff, 0x00, 0xff, 0xff, 0x00, 
  0xff, 0xff, 0x00, 0xff, 0xff, 0x00, 0xff, 0xff, 0x00, 0xff, 0xff, 0x00, 
  0xff, 0xff, 0x00, 0xff, 0xff, 0x00, 0xff, 0xff, 0x00, 0xff, 0xff, 0x00, 
  0xff, 0xff, 0x00, 0xff, 0xff, 0x00, 0xff, 0xff, 0x00, 0xff, 0xff, 0x00, 
  0xff, 0xff, 0x00, 0xff, 0xff, 0x00, 0xff, 0xff, 0x00, 0xff, 0xff, 0x00, 
  0xff, 0xff, 0x00, 0xff, 0xff, 0x00, 0xff, 0xff, 0x00, 0xff, 0xff, 0x00, 
  0xff, 0xff, 0x00, 0xff, 0xff, 0x00, 0xff, 0xff, 0x00, 0xff, 0xff, 0x00, 
  0xff, 0xff, 0x00, 0xff, 0xff, 0x00, 0xff, 0xff, 0x00, 0xff, 0xff, 0x00, 
  0xff, 0xff, 0x00, 0xff, 0xff, 0x00, 0xff, 0xff, 0x00, 0xff, 0xff, 0x00, 
  0xff, 0xff, 0x00, 0xff, 0xff, 0x00, 0xff, 0xff, 0x00, 0xff, 0xff, 0x00, 
  0xff, 0xff, 0x00, 0xff, 0xff, 0x00, 0xff, 0xff, 0x00, 0xff, 0xff, 0x00, 
  0xff, 0xff, 0x00, 0xff, 0xff, 0x00, 0xff, 0xff, 0x00, 0xff, 0xff, 0x00, 
  0xff, 0xff, 0x00, 0xff, 0xff, 0x00, 0xff, 0xff, 0x00, 0xff, 0xff, 0x00, 
  0xff, 0xff, 0x00, 0xff, 0xff, 0x00, 0xff, 0xff, 0x00, 0xff, 0xff, 0x00, 
  0xbf, 0xf7, 0x00, 0x7a, 0xce, 0x00, 0x35, 0xa5, 0x00, 0x11, 0x7c, 0xff, 
  0xaf, 0x6b, 0xff, 0x11, 0x74, 0xff, 0x11, 0x7c, 0xff, 0x11, 0x74, 0xff, 
  0x11, 0x74, 0xff, 0x11, 0x74, 0xff, 0xf1, 0x73, 0xff, 0xf0, 0x73, 0xff, 
  0x11, 0x74, 0xff, 0xf0, 0x73, 0xff, 0x31, 0x7c, 0xff, 0x35, 0x9d, 0x00, 
  0x3d, 0xe7, 0x00, 0xff, 0xff, 0x00, 0xff, 0xff, 0x00, 0xdf, 0xff, 0x00, 
  0xff, 0xff, 0x00, 0xff, 0xff, 0x00, 0xdf, 0xff, 0x00, 0xff, 0xff, 0x00, 
  0xff, 0xff, 0x00, 0xff, 0xff, 0x00, 0xff, 0xff, 0x00, 0xff, 0xff, 0x00, 
  0xff, 0xff, 0x00, 0xff, 0xff, 0x00, 0xff, 0xff, 0x00, 0xff, 0xff, 0x00, 
  0xff, 0xff, 0x00, 0xff, 0xff, 0x00, 0xff, 0xff, 0x00, 0xff, 0xff, 0x00, 
  0xff, 0xff, 0x00, 0xff, 0xff, 0x00, 0xff, 0xff, 0x00, 0x3d, 0xdf, 0x00, 
  0xf4, 0x94, 0x00, 0xf0, 0x73, 0xff, 0x8f, 0x6b, 0xff, 0xaf, 0x6b, 0xff, 
  0x8f, 0x63, 0xff, 0xb0, 0x6b, 0xff, 0xb0, 0x6b, 0xff, 0xb0, 0x6b, 0xff, 
  0xb0, 0x6b, 0xff, 0xb0, 0x6b, 0xff, 0x8f, 0x63, 0xff, 0x2e, 0x5b, 0xff, 
  0x8f, 0x6b, 0xff, 0xd3, 0x94, 0x00, 0x39, 0xc6, 0x00, 0xbf, 0xf7, 0x00, 
  0xff, 0xff, 0x00, 0xff, 0xff, 0x00, 0xff, 0xff, 0x00, 0xff, 0xff, 0x00, 
  0xdf, 0xff, 0x00, 0xff, 0xff, 0x00, 0xff, 0xff, 0x00, 0xff, 0xff, 0x00, 
  0xff, 0xff, 0x00, 0xff, 0xff, 0x00, 0xff, 0xff, 0x00, 0xff, 0xff, 0x00, 
  0xff, 0xff, 0x00, 0xff, 0xff, 0x00, 0xff, 0xff, 0x00, 0xff, 0xff, 0x00, 
  0xff, 0xff, 0x00, 0xff, 0xff, 0x00, 0xff, 0xff, 0x00, 0xff, 0xff, 0x00, 
  0xff, 0xff, 0x00, 0xff, 0xff, 0x00, 0xff, 0xff, 0x00, 0xff, 0xff, 0x00, 
  0xff, 0xff, 0x00, 0xff, 0xff, 0x00, 0xff, 0xff, 0x00, 0xff, 0xff, 0x00, 
  0xff, 0xff, 0x00, 0xff, 0xff, 0x00, 0xff, 0xff, 0x00, 0xff, 0xff, 0x00, 
  0xff, 0xff, 0x00, 0xff, 0xff, 0x00, 0xff, 0xff, 0x00, 0xff, 0xff, 0x00, 
  0xff, 0xff, 0x00, 0xff, 0xff, 0x00, 0xff, 0xff, 0x00, 0xff, 0xff, 0x00, 
  0xff, 0xff, 0x00, 0xff, 0xff, 0x00, 0xff, 0xff, 0x00, 0xff, 0xff, 0x00, 
  0xff, 0xff, 0x00, 0xff, 0xff, 0x00, 0xff, 0xff, 0x00, 0xff, 0xff, 0x00, 
  0xff, 0xff, 0x00, 0xff, 0xff, 0x00, 0xff, 0xff, 0x00, 0xff, 0xff, 0x00, 
  0xff, 0xff, 0x00, 0xff, 0xff, 0x00, 0xff, 0xff, 0x00, 0xff, 0xff, 0x00, 
  0xff, 0xff, 0x00, 0xff, 0xff, 0x00, 0xff, 0xff, 0x00, 0xff, 0xff, 0x00, 
  0xff, 0xff, 0x00, 0xff, 0xff, 0x00, 0xff, 0xff, 0x00, 0xdf, 0xff, 0x00, 
  0xff, 0xff, 0x00, 0xff, 0xff, 0x00, 0x5d, 0xe7, 0x00, 0xb7, 0xb5, 0x00, 
  0xd3, 0x94, 0x00, 0x52, 0x84, 0xff, 0xd0, 0x73, 0xff, 0xf0, 0x73, 0xff, 
  0x11, 0x74, 0xff, 0xf0, 0x73, 0xff, 0x11, 0x74, 0xff, 0x11, 0x7c, 0xff, 
  0xf0, 0x73, 0xff, 0xd0, 0x73, 0xff, 0xf4, 0x94, 0x00, 0x5d, 0xe7, 0x00, 
  0xff, 0xff, 0x00, 0xff, 0xff, 0x00, 0xff, 0xff, 0x00, 0xff, 0xff, 0x00, 
  0xff, 0xff, 0x00, 0xff, 0xff, 0x00, 0xff, 0xff, 0x00, 0xff, 0xff, 0x00, 
  0xff, 0xff, 0x00, 0xff, 0xff, 0x00, 0xff, 0xff, 0x00, 0xff, 0xff, 0x00, 
  0xff, 0xff, 0x00, 0xff, 0xff, 0x00, 0xff, 0xff, 0x00, 0xff, 0xff, 0x00, 
  0xff, 0xff, 0x00, 0xff, 0xff, 0x00, 0xff, 0xff, 0x00, 0xff, 0xff, 0x00, 
  0xff, 0xff, 0x00, 0xff, 0xff, 0x00, 0xff, 0xff, 0x00, 0xff, 0xff, 0x00, 
  0x3d, 0xdf, 0x00, 0xd4, 0x94, 0x00, 0x8f, 0x6b, 0xff, 0x8f, 0x6b, 0xff, 
  0xb0, 0x6b, 0xff, 0xb0, 0x6b, 0xff, 0x8f, 0x63, 0xff, 0x8f, 0x63, 0xff, 
  0x6f, 0x63, 0xff, 0x4e, 0x5b, 0xff, 0xd0, 0x6b, 0xff, 0x72, 0x84, 0x00, 
  0x96, 0xad, 0x00, 0x3d, 0xe7, 0x00, 0xff, 0xff, 0x00, 0xff, 0xff, 0x00, 
  0xdf, 0xff, 0x00, 0xff, 0xff, 0x00, 0xdf, 0xff, 0x00, 0xff, 0xff, 0x00, 
  0xff, 0xff, 0x00, 0xff, 0xff, 0x00, 0xff, 0xff, 0x00, 0xff, 0xff, 0x00, 
  0xff, 0xff, 0x00, 0xff, 0xff, 0x00, 0xff, 0xff, 0x00, 0xff, 0xff, 0x00, 
  0xff, 0xff, 0x00, 0xff, 0xff, 0x00, 0xff, 0xff, 0x00, 0xff, 0xff, 0x00, 
  0xff, 0xff, 0x00, 0xff, 0xff, 0x00, 0xff, 0xff, 0x00, 0xff, 0xff, 0x00, 
  0xff, 0xff, 0x00, 0xff, 0xff, 0x00, 0xff, 0xff, 0x00, 0xff, 0xff, 0x00, 
  0xff, 0xff, 0x00, 0xff, 0xff, 0x00, 0xff, 0xff, 0x00, 0xff, 0xff, 0x00, 
  0xff, 0xff, 0x00, 0xff, 0xff, 0x00, 0xff, 0xff, 0x00, 0xff, 0xff, 0x00, 
  0xff, 0xff, 0x00, 0xff, 0xff, 0x00, 0xff, 0xff, 0x00, 0xff, 0xff, 0x00, 
  0xff, 0xff, 0x00, 0xff, 0xff, 0x00, 0xff, 0xff, 0x00, 0xff, 0xff, 0x00, 
  0xff, 0xff, 0x00, 0xff, 0xff, 0x00, 0xff, 0xff, 0x00, 0xff, 0xff, 0x00, 
  0xff, 0xff, 0x00, 0xff, 0xff, 0x00, 0xff, 0xff, 0x00, 0xff, 0xff, 0x00, 
  0xff, 0xff, 0x00, 0xff, 0xff, 0x00, 0xff, 0xff, 0x00, 0xff, 0xff, 0x00, 
  0xff, 0xff, 0x00, 0xff, 0xff, 0x00, 0xff, 0xff, 0x00, 0xff, 0xff, 0x00, 
  0xff, 0xff, 0x00, 0xff, 0xff, 0x00, 0xff, 0xff, 0x00, 0xff, 0xff, 0x00, 
  0xff, 0xff, 0x00, 0xff, 0xff, 0x00, 0xff, 0xff, 0x00, 0xff, 0xff, 0x00, 
  0xff, 0xff, 0x00, 0xff, 0xff, 0x00, 0xff, 0xff, 0x00, 0xff, 0xff, 0x00, 
  0x7e, 0xef, 0x00, 0xd7, 0xb5, 0x00, 0x72, 0x84, 0x00, 0x31, 0x7c, 0xff, 
  0xf0, 0x73, 0xff, 0xf0, 0x73, 0xff, 0xf0, 0x73, 0xff, 0xf0, 0x73, 0xff, 
  0xd0, 0x73, 0xff, 0x52, 0x84, 0x00, 0x1c, 0xdf, 0x00, 0xff, 0xff, 0x00, 
  0xff, 0xff, 0x00, 0xff, 0xff, 0x00, 0xff, 0xff, 0x00, 0xff, 0xff, 0x00, 
  0xff, 0xff, 0x00, 0xff, 0xff, 0x00, 0xff, 0xff, 0x00, 0xff, 0xff, 0x00, 
  0xff, 0xff, 0x00, 0xff, 0xff, 0x00, 0xff, 0xff, 0x00, 0xff, 0xff, 0x00, 
  0xff, 0xff, 0x00, 0xff, 0xff, 0x00, 0xff, 0xff, 0x00, 0xff, 0xff, 0x00, 
  0xff, 0xff, 0x00, 0xff, 0xff, 0x00, 0xff, 0xff, 0x00, 0xff, 0xff, 0x00, 
  0xff, 0xff, 0x00, 0xff, 0xff, 0x00, 0xff, 0xff, 0x00, 0xff, 0xff, 0x00, 
  0xff, 0xff, 0x00, 0x1d, 0xdf, 0x00, 0x11, 0x7c, 0x00, 0x8f, 0x6b, 0xff, 
  0x8f, 0x6b, 0xff, 0x8f, 0x63, 0xff, 0x6e, 0x63, 0xff, 0x8f, 0x6b, 0xff, 
  0xaf, 0x6b, 0xff, 0x11, 0x7c, 0x00, 0x55, 0xa5, 0x00, 0x3d, 0xe7, 0x00, 
  0xff, 0xff, 0x00, 0xff, 0xff, 0x00, 0xff, 0xff, 0x00, 0xff, 0xff, 0x00, 
  0xff, 0xff, 0x00, 0xff, 0xff, 0x00, 0xff, 0xff, 0x00, 0xff, 0xff, 0x00, 
  0xff, 0xff, 0x00, 0xff, 0xff, 0x00, 0xff, 0xff, 0x00, 0xff, 0xff, 0x00, 
  0xff, 0xff, 0x00, 0xff, 0xff, 0x00, 0xff, 0xff, 0x00, 0xff, 0xff, 0x00, 
  0xff, 0xff, 0x00, 0xff, 0xff, 0x00, 0xff, 0xff, 0x00, 0xff, 0xff, 0x00, 
  0xff, 0xff, 0x00, 0xff, 0xff, 0x00, 0xff, 0xff, 0x00, 0xff, 0xff, 0x00, 
  0xff, 0xff, 0x00, 0xff, 0xff, 0x00, 0xff, 0xff, 0x00, 0xff, 0xff, 0x00, 
  0xff, 0xff, 0x00, 0xff, 0xff, 0x00, 0xff, 0xff, 0x00, 0xff, 0xff, 0x00, 
  0xff, 0xff, 0x00, 0xff, 0xff, 0x00, 0xff, 0xff, 0x00, 0xff, 0xff, 0x00, 
  0xff, 0xff, 0x00, 0xff, 0xff, 0x00, 0xff, 0xff, 0x00, 0xff, 0xff, 0x00, 
  0xff, 0xff, 0x00, 0xff, 0xff, 0x00, 0xff, 0xff, 0x00, 0xff, 0xff, 0x00, 
  0xff, 0xff, 0x00, 0xff, 0xff, 0x00, 0xff, 0xff, 0x00, 0xff, 0xff, 0x00, 
  0xff, 0xff, 0x00, 0xff, 0xff, 0x00, 0xff, 0xff, 0x00, 0xff, 0xff, 0x00, 
  0xff, 0xff, 0x00, 0xff, 0xff, 0x00, 0xff, 0xff, 0x00, 0xff, 0xff, 0x00, 
  0xff, 0xff, 0x00, 0xff, 0xff, 0x00, 0xff, 0xff, 0x00, 0xff, 0xff, 0x00, 
  0xff, 0xff, 0x00, 0xff, 0xff, 0x00, 0xff, 0xff, 0x00, 0xff, 0xff, 0x00, 
  0xff, 0xff, 0x00, 0xff, 0xff, 0x00, 0xff, 0xff, 0x00, 0xff, 0xff, 0x00, 
  0xff, 0xff, 0x00, 0xff, 0xff, 0x00, 0xff, 0xff, 0x00, 0xff, 0xff, 0x00, 
  0xff, 0xff, 0x00, 0xff, 0xff, 0x00, 0x5d, 0xe7, 0x00, 0x18, 0xbe, 0x00, 
  0x93, 0x8c, 0x00, 0xf0, 0x7b, 0xff, 0xaf, 0x73, 0xff, 0xaf, 0x6b, 0xff, 
  0x31, 0x84, 0xff, 0x9a, 0xce, 0x00, 0xff, 0xff, 0x00, 0xff, 0xff, 0x00, 
  0xff, 0xff, 0x00, 0xff, 0xff, 0x00, 0xff, 0xff, 0x00, 0xff, 0xff, 0x00, 
  0xff, 0xff, 0x00, 0xff, 0xff, 0x00, 0xff, 0xff, 0x00, 0xff, 0xff, 0x00, 
  0xff, 0xff, 0x00, 0xff, 0xff, 0x00, 0xff, 0xff, 0x00, 0xff, 0xff, 0x00, 
  0xff, 0xff, 0x00, 0xff, 0xff, 0x00, 0xff, 0xff, 0x00, 0xff, 0xff, 0x00, 
  0xff, 0xff, 0x00, 0xff, 0xff, 0x00, 0xff, 0xff, 0x00, 0xff, 0xff, 0x00, 
  0xff, 0xff, 0x00, 0xff, 0xff, 0x00, 0xff, 0xff, 0x00, 0xff, 0xff, 0x00, 
  0xff, 0xff, 0x00, 0xff, 0xff, 0x00, 0x7a, 0xc6, 0x00, 0xcf, 0x73, 0xff, 
  0x4d, 0x63, 0xff, 0x6e, 0x63, 0xff, 0x8e, 0x6b, 0xff, 0x72, 0x84, 0x00, 
  0xd7, 0xb5, 0x00, 0x3d, 0xe7, 0x00, 0xdf, 0xf7, 0x00, 0xdf, 0xff, 0x00, 
  0xff, 0xff, 0x00, 0xff, 0xff, 0x00, 0xff, 0xff, 0x00, 0xff, 0xff, 0x00, 
  0xff, 0xff, 0x00, 0xff, 0xff, 0x00, 0xff, 0xff, 0x00, 0xff, 0xff, 0x00, 
  0xff, 0xff, 0x00, 0xff, 0xff, 0x00, 0xff, 0xff, 0x00, 0xff, 0xff, 0x00, 
  0xff, 0xff, 0x00, 0xff, 0xff, 0x00, 0xff, 0xff, 0x00, 0xff, 0xff, 0x00, 
  0xff, 0xff, 0x00, 0xff, 0xff, 0x00, 0xff, 0xff, 0x00, 0xff, 0xff, 0x00, 
  0xff, 0xff, 0x00, 0xff, 0xff, 0x00, 0xff, 0xff, 0x00, 0xff, 0xff, 0x00, 
  0xff, 0xff, 0x00, 0xff, 0xff, 0x00, 0xff, 0xff, 0x00, 0xff, 0xff, 0x00, 
  0xff, 0xff, 0x00, 0xff, 0xff, 0x00, 0xff, 0xff, 0x00, 0xff, 0xff, 0x00, 
  0xff, 0xff, 0x00, 0xff, 0xff, 0x00, 0xff, 0xff, 0x00, 0xff, 0xff, 0x00, 
  0xff, 0xff, 0x00, 0xff, 0xff, 0x00, 0xff, 0xff, 0x00, 0xff, 0xff, 0x00, 
  0xff, 0xff, 0x00, 0xff, 0xff, 0x00, 0xff, 0xff, 0x00, 0xff, 0xff, 0x00, 
  0xff, 0xff, 0x00, 0xff, 0xff, 0x00, 0xff, 0xff, 0x00, 0xff, 0xff, 0x00, 
  0xff, 0xff, 0x00, 0xff, 0xff, 0x00, 0xff, 0xff, 0x00, 0xff, 0xff, 0x00, 
  0xff, 0xff, 0x00, 0xff, 0xff, 0x00, 0xff, 0xff, 0x00, 0xff, 0xff, 0x00, 
  0xff, 0xff, 0x00, 0xff, 0xff, 0x00, 0xff, 0xff, 0x00, 0xff, 0xff, 0x00, 
  0xff, 0xff, 0x00, 0xff, 0xff, 0x00, 0xff, 0xff, 0x00, 0xff, 0xff, 0x00, 
  0xff, 0xff, 0x00, 0xff, 0xff, 0x00, 0xff, 0xff, 0x00, 0xff, 0xff, 0x00, 
  0xff, 0xff, 0x00, 0xff, 0xff, 0x00, 0xff, 0xff, 0x00, 0xff, 0xff, 0x00, 
  0xff, 0xff, 0x00, 0xff, 0xff, 0x00, 0xff, 0xff, 0x00, 0x9e, 0xef, 0x00, 
  0x5d, 0xe7, 0x00, 0x9a, 0xce, 0x00, 0x96, 0xad, 0x00, 0xb2, 0x94, 0x00, 
  0x14, 0x9d, 0x00, 0xbf, 0xf7, 0x00, 0xff, 0xff, 0x00, 0xff, 0xff, 0x00, 
  0xff, 0xff, 0x00, 0xff, 0xff, 0x00, 0xff, 0xff, 0x00, 0xff, 0xff, 0x00, 
  0xff, 0xff, 0x00, 0xff, 0xff, 0x00, 0xff, 0xff, 0x00, 0xff, 0xff, 0x00, 
  0xff, 0xff, 0x00, 0xff, 0xff, 0x00, 0xff, 0xff, 0x00, 0xff, 0xff, 0x00, 
  0xff, 0xff, 0x00, 0xff, 0xff, 0x00, 0xff, 0xff, 0x00, 0xff, 0xff, 0x00, 
  0xff, 0xff, 0x00, 0xff, 0xff, 0x00, 0xff, 0xff, 0x00, 0xff, 0xff, 0x00, 
  0xff, 0xff, 0x00, 0xff, 0xff, 0x00, 0xff, 0xff, 0x00, 0xff, 0xff, 0x00, 
  0xff, 0xff, 0x00, 0xff, 0xff, 0x00, 0xbf, 0xf7, 0x00, 0xf4, 0x9c, 0x00, 
  0x31, 0x84, 0xff, 0x75, 0xa5, 0x00, 0x9a, 0xce, 0x00, 0x3c, 0xdf, 0x00, 
  0xbe, 0xf7, 0x00, 0xff, 0xff, 0x00, 0xff, 0xff, 0x00, 0xff, 0xff, 0x00, 
  0xff, 0xff, 0x00, 0xff, 0xff, 0x00, 0xff, 0xff, 0x00, 0xff, 0xff, 0x00, 
  0xff, 0xff, 0x00, 0xff, 0xff, 0x00, 0xff, 0xff, 0x00, 0xff, 0xff, 0x00, 
  0xff, 0xff, 0x00, 0xff, 0xff, 0x00, 0xff, 0xff, 0x00, 0xff, 0xff, 0x00, 
  0xff, 0xff, 0x00, 0xff, 0xff, 0x00, 0xff, 0xff, 0x00, 0xff, 0xff, 0x00, 
  0xff, 0xff, 0x00, 0xff, 0xff, 0x00, 0xff, 0xff, 0x00, 0xff, 0xff, 0x00, 
  0xff, 0xff, 0x00, 0xff, 0xff, 0x00, 0xff, 0xff, 0x00, 0xff, 0xff, 0x00, 
  0xff, 0xff, 0x00, 0xff, 0xff, 0x00, 0xff, 0xff, 0x00, 0xff, 0xff, 0x00, 
  0xff, 0xff, 0x00, 0xff, 0xff, 0x00, 0xff, 0xff, 0x00, 0xff, 0xff, 0x00, 
  0xff, 0xff, 0x00, 0xff, 0xff, 0x00, 0xff, 0xff, 0x00, 0xff, 0xff, 0x00, 
  0xff, 0xff, 0x00, 0xff, 0xff, 0x00, 0xff, 0xff, 0x00, 0xff, 0xff, 0x00, 
  0xff, 0xff, 0x00, 0xff, 0xff, 0x00, 0xff, 0xff, 0x00, 0xff, 0xff, 0x00, 
  0xff, 0xff, 0x00, 0xff, 0xff, 0x00, 0xff, 0xff, 0x00, 0xff, 0xff, 0x00, 
  0xff, 0xff, 0x00, 0xff, 0xff, 0x00, 0xff, 0xff, 0x00, 0xff, 0xff, 0x00, 
  0xff, 0xff, 0x00, 0xff, 0xff, 0x00, 0xff, 0xff, 0x00, 0xff, 0xff, 0x00, 
  0xff, 0xff, 0x00, 0xff, 0xff, 0x00, 0xff, 0xff, 0x00, 0xff, 0xff, 0x00, 
  0xff, 0xff, 0x00, 0xff, 0xff, 0x00, 0xff, 0xff, 0x00, 0xff, 0xff, 0x00, 
  0xff, 0xff, 0x00, 0xff, 0xff, 0x00, 0xff, 0xff, 0x00, 0xff, 0xff, 0x00, 
  0xff, 0xff, 0x00, 0xff, 0xff, 0x00, 0xff, 0xff, 0x00, 0xff, 0xff, 0x00, 
  0xff, 0xff, 0x00, 0xff, 0xff, 0x00, 0xdf, 0xff, 0x00, 0xff, 0xff, 0x00, 
  0xff, 0xff, 0x00, 0xff, 0xff, 0x00, 0x7e, 0xef, 0x00, 0xdb, 0xd6, 0x00, 
  0xfb, 0xde, 0x00, 0xff, 0xff, 0x00, 0xff, 0xff, 0x00, 0xff, 0xff, 0x00, 
  0xff, 0xff, 0x00, 0xff, 0xff, 0x00, 0xff, 0xff, 0x00, 0xff, 0xff, 0x00, 
  0xff, 0xff, 0x00, 0xff, 0xff, 0x00, 0xff, 0xff, 0x00, 0xff, 0xff, 0x00, 
  0xff, 0xff, 0x00, 0xff, 0xff, 0x00, 0xff, 0xff, 0x00, 0xff, 0xff, 0x00, 
  0xff, 0xff, 0x00, 0xff, 0xff, 0x00, 0xff, 0xff, 0x00, 0xff, 0xff, 0x00, 
  0xff, 0xff, 0x00, 0xff, 0xff, 0x00, 0xff, 0xff, 0x00, 0xff, 0xff, 0x00, 
  0xff, 0xff, 0x00, 0xff, 0xff, 0x00, 0xff, 0xff, 0x00, 0xff, 0xff, 0x00, 
  0xff, 0xff, 0x00, 0xff, 0xff, 0x00, 0xff, 0xff, 0x00, 0xfb, 0xde, 0x00, 
  0xbb, 0xd6, 0x00, 0x9e, 0xef, 0x00, 0xff, 0xff, 0x00, 0xff, 0xff, 0x00, 
  0xff, 0xff, 0x00, 0xdf, 0xff, 0x00, 0xdf, 0xff, 0x00, 0xff, 0xff, 0x00, 
  0xff, 0xff, 0x00, 0xff, 0xff, 0x00, 0xff, 0xff, 0x00, 0xff, 0xff, 0x00, 
  0xff, 0xff, 0x00, 0xff, 0xff, 0x00, 0xff, 0xff, 0x00, 0xff, 0xff, 0x00, 
  0xff, 0xff, 0x00, 0xff, 0xff, 0x00, 0xff, 0xff, 0x00, 0xff, 0xff, 0x00, 
  0xff, 0xff, 0x00, 0xff, 0xff, 0x00, 0xff, 0xff, 0x00, 0xff, 0xff, 0x00, 
  0xff, 0xff, 0x00, 0xff, 0xff, 0x00, 0xff, 0xff, 0x00, 0xff, 0xff, 0x00, 
  0xff, 0xff, 0x00, 0xff, 0xff, 0x00, 0xff, 0xff, 0x00, 0xff, 0xff, 0x00, 
  0xff, 0xff, 0x00, 0xff, 0xff, 0x00, 0xff, 0xff, 0x00, 0xff, 0xff, 0x00, 
  0xff, 0xff, 0x00, 0xff, 0xff, 0x00, 0xff, 0xff, 0x00, 0xff, 0xff, 0x00, 
  0xff, 0xff, 0x00, 0xff, 0xff, 0x00, 0xff, 0xff, 0x00, 0xff, 0xff, 0x00, 
  0xff, 0xff, 0x00, 0xff, 0xff, 0x00, 0xff, 0xff, 0x00, 0xff, 0xff, 0x00, 
  0xff, 0xff, 0x00, 0xff, 0xff, 0x00, 0xff, 0xff, 0x00, 0xff, 0xff, 0x00, 
  0xff, 0xff, 0x00, 0xff, 0xff, 0x00, 0xff, 0xff, 0x00, 0xff, 0xff, 0x00, 
  0xff, 0xff, 0x00, 0xff, 0xff, 0x00, 0xff, 0xff, 0x00, 0xff, 0xff, 0x00, 
  0xff, 0xff, 0x00, 0xff, 0xff, 0x00, 0xff, 0xff, 0x00, 0xff, 0xff, 0x00, 
  0xff, 0xff, 0x00, 0xff, 0xff, 0x00, 0xff, 0xff, 0x00, 0xff, 0xff, 0x00, 
  0xff, 0xff, 0x00, 0xff, 0xff, 0x00, 0xff, 0xff, 0x00, 0xff, 0xff, 0x00, 
  0xff, 0xff, 0x00, 0xff, 0xff, 0x00, 0xff, 0xff, 0x00, 0xff, 0xff, 0x00, 
  0xff, 0xff, 0x00, 0xff, 0xff, 0x00, 0xff, 0xff, 0x00, 0xff, 0xff, 0x00, 
  0xff, 0xff, 0x00, 0xff, 0xff, 0x00, 0xff, 0xff, 0x00, 0xff, 0xff, 0x00, 
  0xdf, 0xff, 0x00, 0xff, 0xff, 0x00, 0xff, 0xff, 0x00, 0xff, 0xff, 0x00, 
  0xff, 0xff, 0x00, 0xff, 0xff, 0x00, 0xff, 0xff, 0x00, 0xdf, 0xff, 0x00, 
  0xff, 0xff, 0x00, 0xff, 0xff, 0x00, 0xff, 0xff, 0x00, 0xff, 0xff, 0x00, 
  0xff, 0xff, 0x00, 0xff, 0xff, 0x00, 0xff, 0xff, 0x00, 0xff, 0xff, 0x00, 
  0xff, 0xff, 0x00, 0xff, 0xff, 0x00, 0xff, 0xff, 0x00, 0xff, 0xff, 0x00, 
  0xff, 0xff, 0x00, 0xff, 0xff, 0x00, 0xff, 0xff, 0x00, 0xff, 0xff, 0x00, 
  0xff, 0xff, 0x00, 0xff, 0xff, 0x00, 0xff, 0xff, 0x00, 0xff, 0xff, 0x00, 
  0xff, 0xff, 0x00, 0xff, 0xff, 0x00, 0xff, 0xff, 0x00, 0xff, 0xff, 0x00, 
  0xdf, 0xff, 0x00, 0xff, 0xff, 0x00, 0xff, 0xff, 0x00, 0xff, 0xff, 0x00, 
  0xff, 0xff, 0x00, 0xff, 0xff, 0x00, 0xdf, 0xf7, 0x00, 0xff, 0xff, 0x00, 
  0xff, 0xff, 0x00, 0xff, 0xff, 0x00, 0xff, 0xff, 0x00, 0xff, 0xff, 0x00, 
  0xff, 0xff, 0x00, 0xff, 0xff, 0x00, 0xff, 0xff, 0x00, 0xff, 0xff, 0x00, 
  0xff, 0xff, 0x00, 0xff, 0xff, 0x00, 0xff, 0xff, 0x00, 0xff, 0xff, 0x00, 
  0xff, 0xff, 0x00, 0xff, 0xff, 0x00, 0xff, 0xff, 0x00, 0xff, 0xff, 0x00, 
  0xff, 0xff, 0x00, 0xff, 0xff, 0x00, 0xff, 0xff, 0x00, 0xff, 0xff, 0x00, 
  0xff, 0xff, 0x00, 0xff, 0xff, 0x00, 0xff, 0xff, 0x00, 0xff, 0xff, 0x00, 
  0xff, 0xff, 0x00, 0xff, 0xff, 0x00, 0xff, 0xff, 0x00, 0xff, 0xff, 0x00, 
  0xff, 0xff, 0x00, 0xff, 0xff, 0x00, 0xff, 0xff, 0x00, 0xff, 0xff, 0x00, 
  0xff, 0xff, 0x00, 0xff, 0xff, 0x00, 0xff, 0xff, 0x00, 0xff, 0xff, 0x00, 
  0xff, 0xff, 0x00, 0xff, 0xff, 0x00, 0xff, 0xff, 0x00, 0xff, 0xff, 0x00, 
  0xff, 0xff, 0x00, 0xff, 0xff, 0x00, 0xff, 0xff, 0x00, 0xff, 0xff, 0x00, 
  0xff, 0xff, 0x00, 0xff, 0xff, 0x00, 0xff, 0xff, 0x00, 0xff, 0xff, 0x00, 
  0xff, 0xff, 0x00, 0xff, 0xff, 0x00, 0xff, 0xff, 0x00, 0xff, 0xff, 0x00, 
  0xff, 0xff, 0x00, 0xff, 0xff, 0x00, 0xff, 0xff, 0x00, 0xff, 0xff, 0x00, 
  0xff, 0xff, 0x00, 0xff, 0xff, 0x00, 0xff, 0xff, 0x00, 0xff, 0xff, 0x00, 
  0xff, 0xff, 0x00, 0xff, 0xff, 0x00, 0xff, 0xff, 0x00, 0xff, 0xff, 0x00, 
  0xff, 0xff, 0x00, 0xff, 0xff, 0x00, 0xff, 0xff, 0x00, 0xff, 0xff, 0x00, 
  0xff, 0xff, 0x00, 0xff, 0xff, 0x00, 0xff, 0xff, 0x00, 0xff, 0xff, 0x00, 
  0xff, 0xff, 0x00, 0xff, 0xff, 0x00, 0xff, 0xff, 0x00, 0xff, 0xff, 0x00, 
  0xff, 0xff, 0x00, 0xff, 0xff, 0x00, 0xff, 0xff, 0x00, 0xff, 0xff, 0x00, 
  0xff, 0xff, 0x00, 0xff, 0xff, 0x00, 0xff, 0xff, 0x00, 0xff, 0xff, 0x00, 
  0xff, 0xff, 0x00, 0xff, 0xff, 0x00, 0xff, 0xff, 0x00, 0xff, 0xff, 0x00, 
  0xff, 0xff, 0x00, 0xff, 0xff, 0x00, 0xff, 0xff, 0x00, 0xff, 0xff, 0x00, 
  0xff, 0xff, 0x00, 0xff, 0xff, 0x00, 0xff, 0xff, 0x00, 0xff, 0xff, 0x00, 
  0xff, 0xff, 0x00, 0xff, 0xff, 0x00, 0xff, 0xff, 0x00, 0xff, 0xff, 0x00, 
  0xff, 0xff, 0x00, 0xff, 0xff, 0x00, 0xff, 0xff, 0x00, 0xff, 0xff, 0x00, 
  0xff, 0xff, 0x00, 0xff, 0xff, 0x00, 0xff, 0xff, 0x00, 0xff, 0xff, 0x00, 
  0xff, 0xff, 0x00, 0xff, 0xff, 0x00, 0xff, 0xff, 0x00, 0xff, 0xff, 0x00, 
  0xff, 0xff, 0x00, 0xff, 0xff, 0x00, 0xff, 0xff, 0x00, 0xff, 0xff, 0x00, 
  0xdf, 0xff, 0x00, 0xff, 0xff, 0x00, 0xff, 0xff, 0x00, 0xff, 0xff, 0x00, 
  0xff, 0xff, 0x00, 0xff, 0xff, 0x00, 0xff, 0xff, 0x00, 0xff, 0xff, 0x00, 
  0xff, 0xff, 0x00, 0xff, 0xff, 0x00, 0xff, 0xff, 0x00, 0xff, 0xff, 0x00, 
  0xff, 0xff, 0x00, 0xff, 0xff, 0x00, 0xff, 0xff, 0x00, 0xff, 0xff, 0x00, 
  0xff, 0xff, 0x00, 0xff, 0xff, 0x00, 0xff, 0xff, 0x00, 0xff, 0xff, 0x00, 
  0xff, 0xff, 0x00, 0xff, 0xff, 0x00, 0xff, 0xff, 0x00, 0xff, 0xff, 0x00, 
  0xff, 0xff, 0x00, 0xff, 0xff, 0x00, 0xff, 0xff, 0x00, 0xff, 0xff, 0x00, 
  0xff, 0xff, 0x00, 0xff, 0xff, 0x00, 0xff, 0xff, 0x00, 0xff, 0xff, 0x00, 
  0xff, 0xff, 0x00, 0xff, 0xff, 0x00, 0xff, 0xff, 0x00, 0xff, 0xff, 0x00, 
  0xff, 0xff, 0x00, 0xff, 0xff, 0x00, 0xff, 0xff, 0x00, 0xff, 0xff, 0x00, 
  0xff, 0xff, 0x00, 0xff, 0xff, 0x00, 0xff, 0xff, 0x00, 0xff, 0xff, 0x00, 
  0xff, 0xff, 0x00, 0xff, 0xff, 0x00, 0xff, 0xff, 0x00, 0xff, 0xff, 0x00, 
  0xff, 0xff, 0x00, 0xff, 0xff, 0x00, 0xff, 0xff, 0x00, 0xff, 0xff, 0x00, 
  0xff, 0xff, 0x00, 0xff, 0xff, 0x00, 0xff, 0xff, 0x00, 0xff, 0xff, 0x00, 
  0xff, 0xff, 0x00, 0xff, 0xff, 0x00, 0xff, 0xff, 0x00, 0xff, 0xff, 0x00, 
  0xff, 0xff, 0x00, 0xff, 0xff, 0x00, 0xff, 0xff, 0x00, 0xff, 0xff, 0x00, 
  0xff, 0xff, 0x00, 0xff, 0xff, 0x00, 0xff, 0xff, 0x00, 0xff, 0xff, 0x00, 
  0xff, 0xff, 0x00, 0xff, 0xff, 0x00, 0xff, 0xff, 0x00, 0xff, 0xff, 0x00, 
  0xff, 0xff, 0x00, 0xff, 0xff, 0x00, 0xff, 0xff, 0x00, 0xff, 0xff, 0x00, 
  0xff, 0xff, 0x00, 0xff, 0xff, 0x00, 0xff, 0xff, 0x00, 0xff, 0xff, 0x00, 
  0xff, 0xff, 0x00, 0xff, 0xff, 0x00, 0xff, 0xff, 0x00, 0xff, 0xff, 0x00, 
  0xff, 0xff, 0x00, 0xff, 0xff, 0x00, 0xff, 0xff, 0x00, 0xff, 0xff, 0x00, 
  0xff, 0xff, 0x00, 0xff, 0xff, 0x00, 0xdf, 0xff, 0x00, 0xff, 0xff, 0x00, 
  0xff, 0xff, 0x00, 0xff, 0xff, 0x00, 0xff, 0xff, 0x00, 0xff, 0xff, 0x00, 
  0xff, 0xff, 0x00, 0xff, 0xff, 0x00, 0xff, 0xff, 0x00, 0xff, 0xff, 0x00, 
  0xff, 0xff, 0x00, 0xff, 0xff, 0x00, 0xff, 0xff, 0x00, 0xff, 0xff, 0x00, 
  0xff, 0xff, 0x00, 0xff, 0xff, 0x00, 0xff, 0xff, 0x00, 0xff, 0xff, 0x00, 
  0xff, 0xff, 0x00, 0xff, 0xff, 0x00, 0xff, 0xff, 0x00, 0xff, 0xff, 0x00, 
  0xff, 0xff, 0x00, 0xff, 0xff, 0x00, 0xff, 0xff, 0x00, 0xff, 0xff, 0x00, 
  0xff, 0xff, 0x00, 0xff, 0xff, 0x00, 0xff, 0xff, 0x00, 0xff, 0xff, 0x00, 
  0xff, 0xff, 0x00, 0xff, 0xff, 0x00, 0xff, 0xff, 0x00, 0xff, 0xff, 0x00, 
  0xff, 0xff, 0x00, 0xff, 0xff, 0x00, 0xff, 0xff, 0x00, 0xff, 0xff, 0x00, 
  0xff, 0xff, 0x00, 0xff, 0xff, 0x00, 0xff, 0xff, 0x00, 0xff, 0xff, 0x00, 
  0xff, 0xff, 0x00, 0xff, 0xff, 0x00, 0xff, 0xff, 0x00, 0xff, 0xff, 0x00, 
  0xff, 0xff, 0x00, 0xff, 0xff, 0x00, 0xff, 0xff, 0x00, 0xff, 0xff, 0x00, 
  0xff, 0xff, 0x00, 0xff, 0xff, 0x00, 0xff, 0xff, 0x00, 0xff, 0xff, 0x00, 
  0xff, 0xff, 0x00, 0xff, 0xff, 0x00, 0xff, 0xff, 0x00, 0xff, 0xff, 0x00, 
  0xff, 0xff, 0x00, 0xff, 0xff, 0x00, 0xff, 0xff, 0x00, 0xff, 0xff, 0x00, 
  0xff, 0xff, 0x00, 0xff, 0xff, 0x00, 0xff, 0xff, 0x00, 0xff, 0xff, 0x00, 
  0xff, 0xff, 0x00, 0xff, 0xff, 0x00, 0xff, 0xff, 0x00, 0xff, 0xff, 0x00, 
  0xff, 0xff, 0x00, 0xff, 0xff, 0x00, 0xff, 0xff, 0x00, 0xff, 0xff, 0x00, 
  0xff, 0xff, 0x00, 0xff, 0xff, 0x00, 0xff, 0xff, 0x00, 0xff, 0xff, 0x00, 
  0xff, 0xff, 0x00, 0xff, 0xff, 0x00, 0xff, 0xff, 0x00, 0xff, 0xff, 0x00, 
  0xff, 0xff, 0x00, 0xff, 0xff, 0x00, 0xff, 0xff, 0x00, 0xff, 0xff, 0x00, 
  0xff, 0xff, 0x00, 0xff, 0xff, 0x00, 0xff, 0xff, 0x00, 0xff, 0xff, 0x00, 
  0xff, 0xff, 0x00, 0xff, 0xff, 0x00, 0xff, 0xff, 0x00, 0xff, 0xff, 0x00, 
  0xff, 0xff, 0x00, 0xff, 0xff, 0x00, 0xff, 0xff, 0x00, 0xff, 0xff, 0x00, 
  0xff, 0xff, 0x00, 0xff, 0xff, 0x00, 0xff, 0xff, 0x00, 0xff, 0xff, 0x00, 
  0xff, 0xff, 0x00, 0xff, 0xff, 0x00, 0xff, 0xff, 0x00, 0xff, 0xff, 0x00, 
  0xff, 0xff, 0x00, 0xff, 0xff, 0x00, 0xff, 0xff, 0x00, 0xff, 0xff, 0x00, 
  0xff, 0xff, 0x00, 0xff, 0xff, 0x00, 0xff, 0xff, 0x00, 0xff, 0xff, 0x00, 
  0xff, 0xff, 0x00, 0xdf, 0xff, 0x00, 0xff, 0xff, 0x00, 0xff, 0xff, 0x00, 
  0xdf, 0xff, 0x00, 0xff, 0xff, 0x00, 0xff, 0xff, 0x00, 0xff, 0xff, 0x00, 
  0xff, 0xff, 0x00, 0xff, 0xff, 0x00, 0xff, 0xff, 0x00, 0xff, 0xff, 0x00, 
  0xff, 0xff, 0x00, 0xff, 0xff, 0x00, 0xff, 0xff, 0x00, 0xff, 0xff, 0x00, 
  0xff, 0xff, 0x00, 0xff, 0xff, 0x00, 0xff, 0xff, 0x00, 0xff, 0xff, 0x00, 
  0xff, 0xff, 0x00, 0xff, 0xff, 0x00, 0xff, 0xff, 0x00, 0xff, 0xff, 0x00, 
  0xff, 0xff, 0x00, 0xff, 0xff, 0x00, 0xff, 0xff, 0x00, 0xff, 0xff, 0x00, 
  0xff, 0xff, 0x00, 0xff, 0xff, 0x00, 0xff, 0xff, 0x00, 0xff, 0xff, 0x00, 
  0xff, 0xff, 0x00, 0xff, 0xff, 0x00, 0xff, 0xff, 0x00, 0xff, 0xff, 0x00, 
  0xff, 0xff, 0x00, 0xff, 0xff, 0x00, 0xff, 0xff, 0x00, 0xff, 0xff, 0x00, 
  0xff, 0xff, 0x00, 0xff, 0xff, 0x00, 0xff, 0xff, 0x00, 0xff, 0xff, 0x00, 
  0xff, 0xff, 0x00, 0xff, 0xff, 0x00, 0xff, 0xff, 0x00, 0xff, 0xff, 0x00, 
  0xff, 0xff, 0x00, 0xff, 0xff, 0x00, 0xff, 0xff, 0x00, 0xff, 0xff, 0x00, 
  0xff, 0xff, 0x00, 0xff, 0xff, 0x00, 0xff, 0xff, 0x00, 0xff, 0xff, 0x00, 
  0xff, 0xff, 0x00, 0xff, 0xff, 0x00, 0xff, 0xff, 0x00, 0xff, 0xff, 0x00, 
  0xff, 0xff, 0x00, 0xff, 0xff, 0x00, 0xff, 0xff, 0x00, 0xff, 0xff, 0x00, 
  0xff, 0xff, 0x00, 0xff, 0xff, 0x00, 0xff, 0xff, 0x00, 0xff, 0xff, 0x00, 
  0xff, 0xff, 0x00, 0xff, 0xff, 0x00, 0xff, 0xff, 0x00, 0xff, 0xff, 0x00, 
  0xff, 0xff, 0x00, 0xff, 0xff, 0x00, 0xff, 0xff, 0x00, 0xff, 0xff, 0x00, 
  0xff, 0xff, 0x00, 0xff, 0xff, 0x00, 0xff, 0xff, 0x00, 0xff, 0xff, 0x00, 
  0xff, 0xff, 0x00, 0xff, 0xff, 0x00, 0xff, 0xff, 0x00, 0xff, 0xff, 0x00, 
  0xff, 0xff, 0x00, 0xff, 0xff, 0x00, 0xff, 0xff, 0x00, 0xff, 0xff, 0x00, 
  0xff, 0xff, 0x00, 0xff, 0xff, 0x00, 0xff, 0xff, 0x00, 0xff, 0xff, 0x00, 
  0xff, 0xff, 0x00, 0xff, 0xff, 0x00, 0xff, 0xff, 0x00, 0xff, 0xff, 0x00, 
  0xff, 0xff, 0x00, 0xff, 0xff, 0x00, 0xff, 0xff, 0x00, 0xff, 0xff, 0x00, 
  0xff, 0xff, 0x00, 0xff, 0xff, 0x00, 0xff, 0xff, 0x00, 0xff, 0xff, 0x00, 
  0xff, 0xff, 0x00, 0xff, 0xff, 0x00, 0xff, 0xff, 0x00, 0xff, 0xff, 0x00, 
  0xff, 0xff, 0x00, 0xff, 0xff, 0x00, 0xff, 0xff, 0x00, 0xff, 0xff, 0x00, 
  0xff, 0xff, 0x00, 0xff, 0xff, 0x00, 0xff, 0xff, 0x00, 0xff, 0xff, 0x00, 
  0xff, 0xff, 0x00, 0xff, 0xff, 0x00, 0xff, 0xff, 0x00, 0xff, 0xff, 0x00, 
  0xff, 0xff, 0x00, 0xff, 0xff, 0x00, 0xff, 0xff, 0x00, 0xff, 0xff, 0x00, 
  0xff, 0xff, 0x00, 0xff, 0xff, 0x00, 0xff, 0xff, 0x00, 0xff, 0xff, 0x00, 
  0xff, 0xff, 0x00, 0xff, 0xff, 0x00, 0xff, 0xff, 0x00, 0xff, 0xff, 0x00, 
  0xff, 0xff, 0x00, 0xff, 0xff, 0x00, 0xff, 0xff, 0x00, 0xff, 0xff, 0x00, 
  0xff, 0xff, 0x00, 0xff, 0xff, 0x00, 0xff, 0xff, 0x00, 0xff, 0xff, 0x00, 
  0xff, 0xff, 0x00, 0xff, 0xff, 0x00, 0xff, 0xff, 0x00, 0xff, 0xff, 0x00, 
  0xff, 0xff, 0x00, 0xff, 0xff, 0x00, 0xff, 0xff, 0x00, 0xff, 0xff, 0x00, 
  0xff, 0xff, 0x00, 0xff, 0xff, 0x00, 0xff, 0xff, 0x00, 0xff, 0xff, 0x00, 
  0xff, 0xff, 0x00, 0xff, 0xff, 0x00, 0xff, 0xff, 0x00, 0xff, 0xff, 0x00, 
  0xff, 0xff, 0x00, 0xff, 0xff, 0x00, 0xff, 0xff, 0x00, 0xff, 0xff, 0x00, 
  0xff, 0xff, 0x00, 0xff, 0xff, 0x00, 0xff, 0xff, 0x00, 0xff, 0xff, 0x00, 
  0xff, 0xff, 0x00, 0xff, 0xff, 0x00, 0xff, 0xff, 0x00, 0xff, 0xff, 0x00, 
  0xff, 0xff, 0x00, 0xff, 0xff, 0x00, 0xff, 0xff, 0x00, 0xff, 0xff, 0x00, 
  0xff, 0xff, 0x00, 0xff, 0xff, 0x00, 0xff, 0xff, 0x00, 0xff, 0xff, 0x00, 
  0xff, 0xff, 0x00, 0xff, 0xff, 0x00, 0xff, 0xff, 0x00, 0xff, 0xff, 0x00, 
  0xff, 0xff, 0x00, 0xff, 0xff, 0x00, 0xff, 0xff, 0x00, 0xff, 0xff, 0x00, 
  0xff, 0xff, 0x00, 0xff, 0xff, 0x00, 0xff, 0xff, 0x00, 0xff, 0xff, 0x00, 
  0xff, 0xff, 0x00, 0xff, 0xff, 0x00, 0xff, 0xff, 0x00, 0xff, 0xff, 0x00, 
  0xff, 0xff, 0x00, 0xff, 0xff, 0x00, 0xff, 0xff, 0x00, 0xff, 0xff, 0x00, 
  0xff, 0xff, 0x00, 0xff, 0xff, 0x00, 0xff, 0xff, 0x00, 0xff, 0xff, 0x00, 
  0xff, 0xff, 0x00, 0xff, 0xff, 0x00, 0xff, 0xff, 0x00, 0xff, 0xff, 0x00, 
  0xff, 0xff, 0x00, 0xff, 0xff, 0x00, 0xff, 0xff, 0x00, 0xff, 0xff, 0x00, 
  0xff, 0xff, 0x00, 0xff, 0xff, 0x00, 0xff, 0xff, 0x00, 0xff, 0xff, 0x00, 
  0xff, 0xff, 0x00, 0xff, 0xff, 0x00, 0xff, 0xff, 0x00, 0xff, 0xff, 0x00, 
  0xff, 0xff, 0x00, 0xff, 0xff, 0x00, 0xff, 0xff, 0x00, 0xff, 0xff, 0x00, 
  0xff, 0xff, 0x00, 0xff, 0xff, 0x00, 0xff, 0xff, 0x00, 0xff, 0xff, 0x00, 
  0xff, 0xff, 0x00, 0xff, 0xff, 0x00, 0xff, 0xff, 0x00, 0xff, 0xff, 0x00, 
  0xff, 0xff, 0x00, 0xff, 0xff, 0x00, 0xff, 0xff, 0x00, 0xff, 0xff, 0x00, 
  0xff, 0xff, 0x00, 0xff, 0xff, 0x00, 0xff, 0xff, 0x00, 0xff, 0xff, 0x00, 
  0xff, 0xff, 0x00, 0xff, 0xff, 0x00, 0xff, 0xff, 0x00, 0xff, 0xff, 0x00, 
  0xff, 0xff, 0x00, 0xff, 0xff, 0x00, 0xff, 0xff, 0x00, 0xff, 0xff, 0x00, 
  0xff, 0xff, 0x00, 0xff, 0xff, 0x00, 0xff, 0xff, 0x00, 0xff, 0xff, 0x00, 
  0xff, 0xff, 0x00, 0xff, 0xff, 0x00, 0xff, 0xff, 0x00, 0xff, 0xff, 0x00, 
  0xff, 0xff, 0x00, 0xff, 0xff, 0x00, 0xff, 0xff, 0x00, 0xff, 0xff, 0x00, 
  0xff, 0xff, 0x00, 0xff, 0xff, 0x00, 0xff, 0xff, 0x00, 0xff, 0xff, 0x00, 
  0xff, 0xff, 0x00, 0xff, 0xff, 0x00, 0xff, 0xff, 0x00, 0xff, 0xff, 0x00, 
  0xff, 0xff, 0x00, 0xff, 0xff, 0x00, 0xff, 0xff, 0x00, 0xff, 0xff, 0x00, 
  0xff, 0xff, 0x00, 0xff, 0xff, 0x00, 0xff, 0xff, 0x00, 0xff, 0xff, 0x00, 
  0xff, 0xff, 0x00, 0xff, 0xff, 0x00, 0xff, 0xff, 0x00, 0xff, 0xff, 0x00, 
  0xff, 0xff, 0x00, 0xff, 0xff, 0x00, 0xff, 0xff, 0x00, 0xff, 0xff, 0x00, 
  0xff, 0xff, 0x00, 0xff, 0xff, 0x00, 0xff, 0xff, 0x00, 0xff, 0xff, 0x00, 
  0xff, 0xff, 0x00, 0xff, 0xff, 0x00, 0xff, 0xff, 0x00, 0xff, 0xff, 0x00, 
  0xff, 0xff, 0x00, 0xff, 0xff, 0x00, 0xff, 0xff, 0x00, 0xff, 0xff, 0x00, 
  0xff, 0xff, 0x00, 0xff, 0xff, 0x00, 0xff, 0xff, 0x00, 0xff, 0xff, 0x00, 
  0xff, 0xff, 0x00, 0xff, 0xff, 0x00, 0xff, 0xff, 0x00, 0xff, 0xff, 0x00, 
  0xff, 0xff, 0x00, 0xff, 0xff, 0x00, 0xff, 0xff, 0x00, 0xff, 0xff, 0x00, 
  0xff, 0xff, 0x00, 0xff, 0xff, 0x00, 0xff, 0xff, 0x00, 0xff, 0xff, 0x00, 
  0xff, 0xff, 0x00, 0xff, 0xff, 0x00, 0xff, 0xff, 0x00, 0xff, 0xff, 0x00, 
  0xff, 0xff, 0x00, 0xff, 0xff, 0x00, 0xff, 0xff, 0x00, 0xff, 0xff, 0x00, 
  0xff, 0xff, 0x00, 0xff, 0xff, 0x00, 0xff, 0xff, 0x00, 0xff, 0xff, 0x00, 
  0xff, 0xff, 0x00, 0xff, 0xff, 0x00, 0xff, 0xff, 0x00, 0xff, 0xff, 0x00, 
  0xff, 0xff, 0x00, 0xff, 0xff, 0x00, 0xff, 0xff, 0x00, 0xff, 0xff, 0x00, 
  0xff, 0xff, 0x00, 0xff, 0xff, 0x00, 0xff, 0xff, 0x00, 0xff, 0xff, 0x00, 
  0xff, 0xff, 0x00, 0xff, 0xff, 0x00, 0xff, 0xff, 0x00, 0xff, 0xff, 0x00, 
  0xff, 0xff, 0x00, 0xff, 0xff, 0x00, 0xff, 0xff, 0x00, 0xff, 0xff, 0x00, 
  0xff, 0xff, 0x00, 0xff, 0xff, 0x00, 0xff, 0xff, 0x00, 0xff, 0xff, 0x00, 
  0xff, 0xff, 0x00, 0xff, 0xff, 0x00, 0xff, 0xff, 0x00, 0xff, 0xff, 0x00, 
  0xff, 0xff, 0x00, 0xff, 0xff, 0x00, 0xff, 0xff, 0x00, 0xff, 0xff, 0x00, 
  0xff, 0xff, 0x00, 0xff, 0xff, 0x00, 0xff, 0xff, 0x00, 0xff, 0xff, 0x00, 
  0xff, 0xff, 0x00, 0xff, 0xff, 0x00, 0xff, 0xff, 0x00, 0xff, 0xff, 0x00, 
  0xff, 0xff, 0x00, 0xff, 0xff, 0x00, 0xff, 0xff, 0x00, 0xff, 0xff, 0x00, 
  0xff, 0xff, 0x00, 0xff, 0xff, 0x00, 0xff, 0xff, 0x00, 0xff, 0xff, 0x00, 
  0xff, 0xff, 0x00, 0xff, 0xff, 0x00, 0xff, 0xff, 0x00, 0xff, 0xff, 0x00, 
  0xff, 0xff, 0x00, 0xff, 0xff, 0x00, 0xff, 0xff, 0x00, 0xff, 0xff, 0x00, 
  0xff, 0xff, 0x00, 0xff, 0xff, 0x00, 0xff, 0xff, 0x00, 0xff, 0xff, 0x00, 
  0xff, 0xff, 0x00, 0xff, 0xff, 0x00, 0xff, 0xff, 0x00, 0xff, 0xff, 0x00, 
  0xff, 0xff, 0x00, 0xff, 0xff, 0x00, 0xff, 0xff, 0x00, 0xff, 0xff, 0x00, 
  0xff, 0xff, 0x00, 0xff, 0xff, 0x00, 0xff, 0xff, 0x00, 0xff, 0xff, 0x00, 
  0xff, 0xff, 0x00, 0xff, 0xff, 0x00, 0xff, 0xff, 0x00, 0xff, 0xff, 0x00, 
  0xff, 0xff, 0x00, 0xff, 0xff, 0x00, 0xff, 0xff, 0x00, 0xff, 0xff, 0x00, 
  0xff, 0xff, 0x00, 0xff, 0xff, 0x00, 0xff, 0xff, 0x00, 0xff, 0xff, 0x00, 
  0xff, 0xff, 0x00, 0xff, 0xff, 0x00, 0xff, 0xff, 0x00, 0xff, 0xff, 0x00, 
  0xff, 0xff, 0x00, 0xff, 0xff, 0x00, 0xff, 0xff, 0x00, 0xff, 0xff, 0x00, 
  0xff, 0xff, 0x00, 0xff, 0xff, 0x00, 0xff, 0xff, 0x00, 0xff, 0xff, 0x00, 
  0xff, 0xff, 0x00, 0xff, 0xff, 0x00, 0xff, 0xff, 0x00, 0xff, 0xff, 0x00, 
  0xff, 0xff, 0x00, 0xff, 0xff, 0x00, 0xff, 0xff, 0x00, 0xff, 0xff, 0x00, 
  0xff, 0xff, 0x00, 0xff, 0xff, 0x00, 0xff, 0xff, 0x00, 0xff, 0xff, 0x00, 
  0xff, 0xff, 0x00, 0xff, 0xff, 0x00, 0xff, 0xff, 0x00, 0xff, 0xff, 0x00, 
  0xff, 0xff, 0x00, 0xff, 0xff, 0x00, 0xff, 0xff, 0x00, 0xff, 0xff, 0x00, 
  0xff, 0xff, 0x00, 0xff, 0xff, 0x00, 0xff, 0xff, 0x00, 0xff, 0xff, 0x00, 
  0xff, 0xff, 0x00, 0xff, 0xff, 0x00, 0xff, 0xff, 0x00, 0xff, 0xff, 0x00, 
  0xff, 0xff, 0x00, 0xff, 0xff, 0x00, 0xff, 0xff, 0x00, 0xff, 0xff, 0x00, 
  0xff, 0xff, 0x00, 0xff, 0xff, 0x00, 0xff, 0xff, 0x00, 0xff, 0xff, 0x00, 
  0xff, 0xff, 0x00, 0xff, 0xff, 0x00, 0xff, 0xff, 0x00, 0xff, 0xff, 0x00, 
  0xff, 0xff, 0x00, 0xff, 0xff, 0x00, 0xff, 0xff, 0x00, 0xff, 0xff, 0x00, 
  0xff, 0xff, 0x00, 0xff, 0xff, 0x00, 0xff, 0xff, 0x00, 0xff, 0xff, 0x00, 
  0xff, 0xff, 0x00, 0xff, 0xff, 0x00, 0xff, 0xff, 0x00, 0xff, 0xff, 0x00, 
  0xff, 0xff, 0x00, 0xff, 0xff, 0x00, 0xff, 0xff, 0x00, 0xff, 0xff, 0x00, 
  0xff, 0xff, 0x00, 0xff, 0xff, 0x00, 0xff, 0xff, 0x00, 0xff, 0xff, 0x00, 
  0xff, 0xff, 0x00, 0xff, 0xff, 0x00, 0xff, 0xff, 0x00, 0xff, 0xff, 0x00, 
  0xff, 0xff, 0x00, 0xff, 0xff, 0x00, 0xff, 0xff, 0x00, 0xff, 0xff, 0x00, 
  0xff, 0xff, 0x00, 0xff, 0xff, 0x00, 0xff, 0xff, 0x00, 0xff, 0xff, 0x00, 
  0xff, 0xff, 0x00, 0xff, 0xff, 0x00, 0xff, 0xff, 0x00, 0xff, 0xff, 0x00, 
  0xff, 0xff, 0x00, 0xff, 0xff, 0x00, 0xff, 0xff, 0x00, 0xff, 0xff, 0x00, 
  0xff, 0xff, 0x00, 0xff, 0xff, 0x00, 0xff, 0xff, 0x00, 0xff, 0xff, 0x00, 
  0xff, 0xff, 0x00, 0xff, 0xff, 0x00, 0xff, 0xff, 0x00, 0xff, 0xff, 0x00, 
  0xff, 0xff, 0x00, 0xff, 0xff, 0x00, 0xff, 0xff, 0x00, 0xff, 0xff, 0x00, 
  0xff, 0xff, 0x00, 0xff, 0xff, 0x00, 0xff, 0xff, 0x00, 0xff, 0xff, 0x00, 
  0xff, 0xff, 0x00, 0xff, 0xff, 0x00, 0xff, 0xff, 0x00, 0xff, 0xff, 0x00, 
  0xff, 0xff, 0x00, 0xff, 0xff, 0x00, 0xff, 0xff, 0x00, 0xff, 0xff, 0x00, 
  0xff, 0xff, 0x00, 0xff, 0xff, 0x00, 0xff, 0xff, 0x00, 0xff, 0xff, 0x00, 
  0xff, 0xff, 0x00, 0xff, 0xff, 0x00, 0xff, 0xff, 0x00, 0xff, 0xff, 0x00, 
  0xff, 0xff, 0x00, 0xff, 0xff, 0x00, 0xff, 0xff, 0x00, 0xff, 0xff, 0x00, 
  0xff, 0xff, 0x00, 0xff, 0xff, 0x00, 0xff, 0xff, 0x00, 0xff, 0xff, 0x00, 
  0xff, 0xff, 0x00, 0xff, 0xff, 0x00, 0xff, 0xff, 0x00, 0xff, 0xff, 0x00, 
  0xff, 0xff, 0x00, 0xff, 0xff, 0x00, 0xff, 0xff, 0x00, 0xff, 0xff, 0x00, 
  0xff, 0xff, 0x00, 0xff, 0xff, 0x00, 0xff, 0xff, 0x00, 0xff, 0xff, 0x00, 
  0xff, 0xff, 0x00, 0xff, 0xff, 0x00, 0xff, 0xff, 0x00, 0xff, 0xff, 0x00, 
  0xff, 0xff, 0x00, 0xff, 0xff, 0x00, 0xff, 0xff, 0x00, 0xff, 0xff, 0x00, 
  0xff, 0xff, 0x00, 0xff, 0xff, 0x00, 0xff, 0xff, 0x00, 0xff, 0xff, 0x00, 
  0xff, 0xff, 0x00, 0xff, 0xff, 0x00, 0xff, 0xff, 0x00, 0xff, 0xff, 0x00, 
  0xff, 0xff, 0x00, 0xff, 0xff, 0x00, 0xff, 0xff, 0x00, 0xff, 0xff, 0x00, 
  0xff, 0xff, 0x00, 0xff, 0xff, 0x00, 0xff, 0xff, 0x00, 0xff, 0xff, 0x00, 
  0xff, 0xff, 0x00, 0xff, 0xff, 0x00, 0xff, 0xff, 0x00, 0xff, 0xff, 0x00, 
  0xff, 0xff, 0x00, 0xff, 0xff, 0x00, 0xff, 0xff, 0x00, 0xff, 0xff, 0x00, 
  0xff, 0xff, 0x00, 0xff, 0xff, 0x00, 0xff, 0xff, 0x00, 0xff, 0xff, 0x00, 
  0xff, 0xff, 0x00, 0xff, 0xff, 0x00, 0xff, 0xff, 0x00, 0xff, 0xff, 0x00, 
  0xff, 0xff, 0x00, 0xff, 0xff, 0x00, 0xff, 0xff, 0x00, 0xff, 0xff, 0x00, 
  0xff, 0xff, 0x00, 0xff, 0xff, 0x00, 0xff, 0xff, 0x00, 0xff, 0xff, 0x00, 
  0xff, 0xff, 0x00, 0xff, 0xff, 0x00, 0xff, 0xff, 0x00, 0xff, 0xff, 0x00, 
  0xff, 0xff, 0x00, 0xff, 0xff, 0x00, 0xff, 0xff, 0x00, 0xff, 0xff, 0x00, 
  0xff, 0xff, 0x00, 0xff, 0xff, 0x00, 0xff, 0xff, 0x00, 0xff, 0xff, 0x00, 
  0xff, 0xff, 0x00, 0xff, 0xff, 0x00, 0xff, 0xff, 0x00, 0xff, 0xff, 0x00, 
  0xff, 0xff, 0x00, 0xff, 0xff, 0x00, 0xff, 0xff, 0x00, 0xff, 0xff, 0x00, 
  0xff, 0xff, 0x00, 0xff, 0xff, 0x00, 0xff, 0xff, 0x00, 0xff, 0xff, 0x00, 
  0xff, 0xff, 0x00, 0xff, 0xff, 0x00, 0xff, 0xff, 0x00, 0xff, 0xff, 0x00, 
  0xff, 0xff, 0x00, 0xff, 0xff, 0x00, 0xff, 0xff, 0x00, 0xff, 0xff, 0x00, 
  0xff, 0xff, 0x00, 0xff, 0xff, 0x00, 0xff, 0xff, 0x00, 0xff, 0xff, 0x00, 
  0xff, 0xff, 0x00, 0xff, 0xff, 0x00, 0xff, 0xff, 0x00, 0xff, 0xff, 0x00, 
  0xff, 0xff, 0x00, 0xff, 0xff, 0x00, 0xff, 0xff, 0x00, 0xff, 0xff, 0x00, 
  0xff, 0xff, 0x00, 0xff, 0xff, 0x00, 0xff, 0xff, 0x00, 0xff, 0xff, 0x00, 
  0xff, 0xff, 0x00, 0xff, 0xff, 0x00, 0xff, 0xff, 0x00, 0xff, 0xff, 0x00, 
  0xff, 0xff, 0x00, 0xff, 0xff, 0x00, 0xff, 0xff, 0x00, 0xff, 0xff, 0x00, 
  0xff, 0xff, 0x00, 0xff, 0xff, 0x00, 0xff, 0xff, 0x00, 0xff, 0xff, 0x00, 
  0xff, 0xff, 0x00, 0xff, 0xff, 0x00, 0xff, 0xff, 0x00, 0xff, 0xff, 0x00, 
  0xff, 0xff, 0x00, 0xff, 0xff, 0x00, 0xff, 0xff, 0x00, 0xff, 0xff, 0x00, 
  0xff, 0xff, 0x00, 0xff, 0xff, 0x00, 0xff, 0xff, 0x00, 0xff, 0xff, 0x00, 
  0xff, 0xff, 0x00, 0xff, 0xff, 0x00, 0xff, 0xff, 0x00, 0xff, 0xff, 0x00, 
  0xff, 0xff, 0x00, 0xff, 0xff, 0x00, 0xff, 0xff, 0x00, 0xff, 0xff, 0x00, 
  0xff, 0xff, 0x00, 0xff, 0xff, 0x00, 0xff, 0xff, 0x00, 0xff, 0xff, 0x00, 
  0xff, 0xff, 0x00, 0xff, 0xff, 0x00, 0xff, 0xff, 0x00, 0xff, 0xff, 0x00, 
  0xff, 0xff, 0x00, 0xff, 0xff, 0x00, 0xff, 0xff, 0x00, 0xff, 0xff, 0x00, 
  0xff, 0xff, 0x00, 0xff, 0xff, 0x00, 0xff, 0xff, 0x00, 0xff, 0xff, 0x00, 
  0xff, 0xff, 0x00, 0xff, 0xff, 0x00, 0xff, 0xff, 0x00, 0xff, 0xff, 0x00, 
  0xff, 0xff, 0x00, 0xff, 0xff, 0x00, 0xff, 0xff, 0x00, 0xff, 0xff, 0x00, 
  0xff, 0xff, 0x00, 0xff, 0xff, 0x00, 0xff, 0xff, 0x00, 0xff, 0xff, 0x00, 
  0xff, 0xff, 0x00, 0xff, 0xff, 0x00, 0xff, 0xff, 0x00, 0xff, 0xff, 0x00, 
  0xff, 0xff, 0x00, 0xff, 0xff, 0x00, 0xff, 0xff, 0x00, 0xff, 0xff, 0x00, 
  0xff, 0xff, 0x00, 0xff, 0xff, 0x00, 0xff, 0xff, 0x00, 0xff, 0xff, 0x00, 
  0xff, 0xff, 0x00, 0xff, 0xff, 0x00, 0xff, 0xff, 0x00, 0xff, 0xff, 0x00, 
  0xff, 0xff, 0x00, 0xff, 0xff, 0x00, 0xff, 0xff, 0x00, 0xff, 0xff, 0x00, 
  0xff, 0xff, 0x00, 0xff, 0xff, 0x00, 0xff, 0xff, 0x00, 0xff, 0xff, 0x00, 
  0xff, 0xff, 0x00, 0xff, 0xff, 0x00, 0xff, 0xff, 0x00, 0xff, 0xff, 0x00, 
  0xff, 0xff, 0x00, 0xff, 0xff, 0x00, 0xff, 0xff, 0x00, 0xff, 0xff, 0x00, 
  0xff, 0xff, 0x00, 0xff, 0xff, 0x00, 0xff, 0xff, 0x00, 0xff, 0xff, 0x00, 
  0xff, 0xff, 0x00, 0xff, 0xff, 0x00, 0xff, 0xff, 0x00, 0xff, 0xff, 0x00, 
  0xff, 0xff, 0x00, 0xff, 0xff, 0x00, 0xff, 0xff, 0x00, 0xff, 0xff, 0x00, 
  0xff, 0xff, 0x00, 0xff, 0xff, 0x00, 0xff, 0xff, 0x00, 0xff, 0xff, 0x00, 
  0xff, 0xff, 0x00, 0xff, 0xff, 0x00, 0xff, 0xff, 0x00, 0xff, 0xff, 0x00, 
  0xff, 0xff, 0x00, 0xff, 0xff, 0x00, 0xff, 0xff, 0x00, 0xff, 0xff, 0x00, 
  0xff, 0xff, 0x00, 0xff, 0xff, 0x00, 0xff, 0xff, 0x00, 0xff, 0xff, 0x00, 
  0xff, 0xff, 0x00, 0xff, 0xff, 0x00, 0xff, 0xff, 0x00, 0xff, 0xff, 0x00, 
  0xff, 0xff, 0x00, 0xff, 0xff, 0x00, 0xff, 0xff, 0x00, 0xff, 0xff, 0x00, 
  0xff, 0xff, 0x00, 0xff, 0xff, 0x00, 0xff, 0xff, 0x00, 0xff, 0xff, 0x00, 
  0xff, 0xff, 0x00, 0xff, 0xff, 0x00, 0xff, 0xff, 0x00, 0xff, 0xff, 0x00, 
  0xff, 0xff, 0x00, 0xff, 0xff, 0x00, 0xff, 0xff, 0x00, 0xff, 0xff, 0x00, 
  0xff, 0xff, 0x00, 0xff, 0xff, 0x00, 0xff, 0xff, 0x00, 0xff, 0xff, 0x00, 
  0xff, 0xff, 0x00, 0xff, 0xff, 0x00, 0xff, 0xff, 0x00, 0xff, 0xff, 0x00, 
  0xff, 0xff, 0x00, 0xff, 0xff, 0x00, 0xff, 0xff, 0x00, 0xff, 0xff, 0x00, 
  0xff, 0xff, 0x00, 0xff, 0xff, 0x00, 0xff, 0xff, 0x00, 0xff, 0xff, 0x00, 
  0xff, 0xff, 0x00, 0xff, 0xff, 0x00, 0xff, 0xff, 0x00, 0xff, 0xff, 0x00, 
  0xff, 0xff, 0x00, 0xff, 0xff, 0x00, 0xff, 0xff, 0x00, 0xff, 0xff, 0x00, 
  0xff, 0xff, 0x00, 0xff, 0xff, 0x00, 0xff, 0xff, 0x00, 0xff, 0xff, 0x00, 
  0xff, 0xff, 0x00, 0xff, 0xff, 0x00, 0xff, 0xff, 0x00, 0xff, 0xff, 0x00, 
  0xff, 0xff, 0x00, 0xff, 0xff, 0x00, 0xff, 0xff, 0x00, 0xff, 0xff, 0x00, 
  0xff, 0xff, 0x00, 0xff, 0xff, 0x00, 0xff, 0xff, 0x00, 0xff, 0xff, 0x00, 
  0xff, 0xff, 0x00, 0xff, 0xff, 0x00, 0xff, 0xff, 0x00, 0xff, 0xff, 0x00, 
  0xff, 0xff, 0x00, 0xff, 0xff, 0x00, 0xff, 0xff, 0x00, 0xff, 0xff, 0x00, 
  0xff, 0xff, 0x00, 0xff, 0xff, 0x00, 0xff, 0xff, 0x00, 0xff, 0xff, 0x00, 
  0xff, 0xff, 0x00, 0xff, 0xff, 0x00, 0xff, 0xff, 0x00, 0xff, 0xff, 0x00, 
  0xff, 0xff, 0x00, 0xff, 0xff, 0x00, 0xff, 0xff, 0x00, 0xff, 0xff, 0x00, 
  0xff, 0xff, 0x00, 0xff, 0xff, 0x00, 0xff, 0xff, 0x00, 0xff, 0xff, 0x00, 
  0xff, 0xff, 0x00, 0xff, 0xff, 0x00, 0xff, 0xff, 0x00, 0xff, 0xff, 0x00, 
  0xff, 0xff, 0x00, 0xff, 0xff, 0x00, 0xff, 0xff, 0x00, 0xff, 0xff, 0x00, 
  0xff, 0xff, 0x00, 0xff, 0xff, 0x00, 0xff, 0xff, 0x00, 0xff, 0xff, 0x00, 
  0xff, 0xff, 0x00, 0xff, 0xff, 0x00, 0xff, 0xff, 0x00, 0xff, 0xff, 0x00, 
  0xff, 0xff, 0x00, 0xff, 0xff, 0x00, 0xff, 0xff, 0x00, 0xff, 0xff, 0x00, 
  0xff, 0xff, 0x00, 0xff, 0xff, 0x00, 0xff, 0xff, 0x00, 0xff, 0xff, 0x00, 
  0xff, 0xff, 0x00, 0xff, 0xff, 0x00, 0xff, 0xff, 0x00, 0xff, 0xff, 0x00, 
  0xff, 0xff, 0x00, 0xff, 0xff, 0x00, 0xff, 0xff, 0x00, 0xff, 0xff, 0x00, 
  0xff, 0xff, 0x00, 0xff, 0xff, 0x00, 0xff, 0xff, 0x00, 0xff, 0xff, 0x00, 
  0xff, 0xff, 0x00, 0xff, 0xff, 0x00, 0xff, 0xff, 0x00, 0xff, 0xff, 0x00, 
  0xff, 0xff, 0x00, 0xff, 0xff, 0x00, 0xff, 0xff, 0x00, 0xff, 0xff, 0x00, 
  0xff, 0xff, 0x00, 0xff, 0xff, 0x00, 0xff, 0xff, 0x00, 0xff, 0xff, 0x00, 
  0xff, 0xff, 0x00, 0xff, 0xff, 0x00, 0xff, 0xff, 0x00, 0xff, 0xff, 0x00, 
  0xff, 0xff, 0x00, 0xff, 0xff, 0x00, 0xff, 0xff, 0x00, 0xff, 0xff, 0x00, 
  0xff, 0xff, 0x00, 0xff, 0xff, 0x00, 0xff, 0xff, 0x00, 0xff, 0xff, 0x00, 
  0xff, 0xff, 0x00, 0xff, 0xff, 0x00, 0xff, 0xff, 0x00, 0xff, 0xff, 0x00, 
  0xff, 0xff, 0x00, 0xff, 0xff, 0x00, 0xff, 0xff, 0x00, 0xff, 0xff, 0x00, 
  0xff, 0xff, 0x00, 0xff, 0xff, 0x00, 0xff, 0xff, 0x00, 0xff, 0xff, 0x00, 
  0xff, 0xff, 0x00, 0xff, 0xff, 0x00, 0xff, 0xff, 0x00, 0xff, 0xff, 0x00, 
  0xff, 0xff, 0x00, 0xff, 0xff, 0x00, 0xff, 0xff, 0x00, 0xff, 0xff, 0x00, 
  0xff, 0xff, 0x00, 0xff, 0xff, 0x00, 0xff, 0xff, 0x00, 0xff, 0xff, 0x00, 
  0xff, 0xff, 0x00, 0xff, 0xff, 0x00, 0xff, 0xff, 0x00, 0xff, 0xff, 0x00, 
  0xff, 0xff, 0x00, 0xff, 0xff, 0x00, 0xff, 0xff, 0x00, 0xff, 0xff, 0x00, 
  0xff, 0xff, 0x00, 0xff, 0xff, 0x00, 0xff, 0xff, 0x00, 0xff, 0xff, 0x00, 
  0xff, 0xff, 0x00, 0xff, 0xff, 0x00, 0xff, 0xff, 0x00, 0xff, 0xff, 0x00, 
  0xff, 0xff, 0x00, 0xff, 0xff, 0x00, 0xff, 0xff, 0x00, 0xff, 0xff, 0x00, 
  0xff, 0xff, 0x00, 0xff, 0xff, 0x00, 0xff, 0xff, 0x00, 0xff, 0xff, 0x00, 
  0xff, 0xff, 0x00, 0xff, 0xff, 0x00, 0xff, 0xff, 0x00, 0xff, 0xff, 0x00, 
  0xff, 0xff, 0x00, 0xff, 0xff, 0x00, 0xff, 0xff, 0x00, 0xff, 0xff, 0x00, 
  0xff, 0xff, 0x00, 0xff, 0xff, 0x00, 0xff, 0xff, 0x00, 0xff, 0xff, 0x00, 
  0xff, 0xff, 0x00, 0xff, 0xff, 0x00, 0xff, 0xff, 0x00, 0xff, 0xff, 0x00, 
  0xff, 0xff, 0x00, 0xff, 0xff, 0x00, 0xff, 0xff, 0x00, 0xff, 0xff, 0x00, 
  0xff, 0xff, 0x00, 0xff, 0xff, 0x00, 0xff, 0xff, 0x00, 0xff, 0xff, 0x00, 
  0xff, 0xff, 0x00, 0xff, 0xff, 0x00, 0xff, 0xff, 0x00, 0xff, 0xff, 0x00, 
  0xff, 0xff, 0x00, 0xff, 0xff, 0x00, 0xff, 0xff, 0x00, 0xff, 0xff, 0x00, 
  0xff, 0xff, 0x00, 0xff, 0xff, 0x00, 0xff, 0xff, 0x00, 0xff, 0xff, 0x00, 
  0xff, 0xff, 0x00, 0xff, 0xff, 0x00, 0xff, 0xff, 0x00, 0xff, 0xff, 0x00, 
  0xff, 0xff, 0x00, 0xff, 0xff, 0x00, 0xff, 0xff, 0x00, 0xff, 0xff, 0x00, 
  0xff, 0xff, 0x00, 0xff, 0xff, 0x00, 0xff, 0xff, 0x00, 0xff, 0xff, 0x00, 
  0xff, 0xff, 0x00, 0xff, 0xff, 0x00, 0xff, 0xff, 0x00, 0xff, 0xff, 0x00, 
  0xff, 0xff, 0x00, 0xff, 0xff, 0x00, 0xff, 0xff, 0x00, 0xff, 0xff, 0x00, 
  0xff, 0xff, 0x00, 0xff, 0xff, 0x00, 0xff, 0xff, 0x00, 0xff, 0xff, 0x00, 
  0xff, 0xff, 0x00, 0xff, 0xff, 0x00, 0xff, 0xff, 0x00, 0xff, 0xff, 0x00, 
  0xff, 0xff, 0x00, 0xff, 0xff, 0x00, 0xff, 0xff, 0x00, 0xff, 0xff, 0x00, 
  0xff, 0xff, 0x00, 0xff, 0xff, 0x00, 0xff, 0xff, 0x00, 0xff, 0xff, 0x00, 
  0xff, 0xff, 0x00, 0xff, 0xff, 0x00, 0xff, 0xff, 0x00, 0xff, 0xff, 0x00, 
  0xff, 0xff, 0x00, 0xff, 0xff, 0x00, 0xff, 0xff, 0x00, 0xff, 0xff, 0x00, 
  0xff, 0xff, 0x00, 0xff, 0xff, 0x00, 0xff, 0xff, 0x00, 0xff, 0xff, 0x00, 
  
};

const lv_img_dsc_t img_settings = {
  .header.cf = LV_IMG_CF_TRUE_COLOR_ALPHA,
  .header.always_zero = 0,
  .header.w = 120,
  .header.h = 120,
  .data_size = 43200,
  .data = img_settings_map,
};
