#include "lvgl.h"

const uint8_t img_2048_map[] = {
  0x20, 0xee, 0xff, 0x20, 0xee, 0xff, 0x20, 0xee, 0xff, 0x20, 0xee, 0xff, 
  0x20, 0xee, 0xff, 0x20, 0xee, 0xff, 0x20, 0xee, 0xff, 0x20, 0xee, 0xff, 
  0x20, 0xee, 0xff, 0x20, 0xee, 0xff, 0x20, 0xee, 0xff, 0x20, 0xee, 0xff, 
  0x20, 0xee, 0xff, 0x20, 0xee, 0xff, 0x20, 0xee, 0xff, 0x20, 0xee, 0xff, 
  0x20, 0xee, 0xff, 0x20, 0xee, 0xff, 0x20, 0xee, 0xff, 0x20, 0xee, 0xff, 
  0x20, 0xee, 0xff, 0x20, 0xee, 0xff, 0x20, 0xee, 0xff, 0x20, 0xee, 0xff, 
  0x20, 0xee, 0xff, 0x20, 0xee, 0xff, 0x20, 0xee, 0xff, 0x20, 0xee, 0xff, 
  0x20, 0xee, 0xff, 0x20, 0xee, 0xff, 0x20, 0xee, 0xff, 0x20, 0xee, 0xff, 
  0x20, 0xee, 0xff, 0x20, 0xee, 0xff, 0x20, 0xee, 0xff, 0x20, 0xee, 0xff, 
  0x20, 0xee, 0xff, 0x20, 0xee, 0xff, 0x20, 0xee, 0xff, 0x20, 0xee, 0xff, 
  0x20, 0xee, 0xff, 0x20, 0xee, 0xff, 0x20, 0xee, 0xff, 0x20, 0xee, 0xff, 
  0x20, 0xee, 0xff, 0x20, 0xee, 0xff, 0x20, 0xee, 0xff, 0x20, 0xee, 0xff, 
  0x20, 0xee, 0xff, 0x20, 0xee, 0xff, 0x20, 0xee, 0xff, 0x20, 0xee, 0xff, 
  0x20, 0xee, 0xff, 0x20, 0xee, 0xff, 0x20, 0xee, 0xff, 0x20, 0xee, 0xff, 
  0x20, 0xee, 0xff, 0x20, 0xee, 0xff, 0x20, 0xee, 0xff, 0x20, 0xee, 0xff, 
  0x20, 0xee, 0xff, 0x20, 0xee, 0xff, 0x20, 0xee, 0xff, 0x20, 0xee, 0xff, 
  0x20, 0xee, 0xff, 0x20, 0xee, 0xff, 0x20, 0xee, 0xff, 0x20, 0xee, 0xff, 
  0x20, 0xee, 0xff, 0x20, 0xee, 0xff, 0x20, 0xee, 0xff, 0x20, 0xee, 0xff, 
  0x20, 0xee, 0xff, 0x20, 0xee, 0xff, 0x20, 0xee, 0xff, 0x20, 0xee, 0xff, 
  0x20, 0xee, 0xff, 0x20, 0xee, 0xff, 0x20, 0xee, 0xff, 0x20, 0xee, 0xff, 
  0x20, 0xee, 0xff, 0x20, 0xee, 0xff, 0x20, 0xee, 0xff, 0x20, 0xee, 0xff, 
  0x20, 0xee, 0xff, 0x20, 0xee, 0xff, 0x20, 0xee, 0xff, 0x20, 0xee, 0xff, 
  0x20, 0xee, 0xff, 0x20, 0xee, 0xff, 0x20, 0xee, 0xff, 0x20, 0xee, 0xff, 
  0x20, 0xee, 0xff, 0x20, 0xee, 0xff, 0x20, 0xee, 0xff, 0x20, 0xee, 0xff, 
  0x20, 0xee, 0xff, 0x20, 0xee, 0xff, 0x20, 0xee, 0xff, 0x20, 0xee, 0xff, 
  0x20, 0xee, 0xff, 0x20, 0xee, 0xff, 0x20, 0xee, 0xff, 0x20, 0xee, 0xff, 
  0x20, 0xee, 0xff, 0x20, 0xee, 0xff, 0x20, 0xee, 0xff, 0x20, 0xee, 0xff, 
  0x20, 0xee, 0xff, 0x20, 0xee, 0xff, 0x20, 0xee, 0xff, 0x20, 0xee, 0xff, 
  0x20, 0xee, 0xff, 0x20, 0xee, 0xff, 0x20, 0xee, 0xff, 0x20, 0xee, 0xff, 
  0x20, 0xee, 0xff, 0x20, 0xee, 0xff, 0x20, 0xee, 0xff, 0x20, 0xee, 0xff, 
  0x20, 0xee, 0xff, 0x20, 0xee, 0xff, 0x20, 0xee, 0xff, 0x20, 0xee, 0xff, 
  0x20, 0xee, 0xff, 0x20, 0xee, 0xff, 0x20, 0xee, 0xff, 0x20, 0xee, 0xff, 
  0x20, 0xee, 0xff, 0x20, 0xee, 0xff, 0x20, 0xee, 0xff, 0x20, 0xee, 0xff, 
  0x20, 0xee, 0xff, 0x20, 0xee, 0xff, 0x20, 0xee, 0xff, 0x20, 0xee, 0xff, 
  0x20, 0xee, 0xff, 0x20, 0xee, 0xff, 0x20, 0xee, 0xff, 0x20, 0xee, 0xff, 
  0x20, 0xee, 0xff, 0x20, 0xee, 0xff, 0x20, 0xee, 0xff, 0x20, 0xee, 0xff, 
  0x20, 0xee, 0xff, 0x20, 0xee, 0xff, 0x20, 0xee, 0xff, 0x20, 0xee, 0xff, 
  0x20, 0xee, 0xff, 0x20, 0xee, 0xff, 0x20, 0xee, 0xff, 0x20, 0xee, 0xff, 
  0x20, 0xee, 0xff, 0x20, 0xee, 0xff, 0x20, 0xee, 0xff, 0x20, 0xee, 0xff, 
  0x20, 0xee, 0xff, 0x20, 0xee, 0xff, 0x20, 0xee, 0xff, 0x20, 0xee, 0xff, 
  0x20, 0xee, 0xff, 0x20, 0xee, 0xff, 0x20, 0xee, 0xff, 0x20, 0xee, 0xff, 
  0x20, 0xee, 0xff, 0x20, 0xee, 0xff, 0x20, 0xee, 0xff, 0x20, 0xee, 0xff, 
  0x20, 0xee, 0xff, 0x20, 0xee, 0xff, 0x20, 0xee, 0xff, 0x20, 0xee, 0xff, 
  0x20, 0xee, 0xff, 0x20, 0xee, 0xff, 0x20, 0xee, 0xff, 0x20, 0xee, 0xff, 
  0x20, 0xee, 0xff, 0x20, 0xee, 0xff, 0x20, 0xee, 0xff, 0x20, 0xee, 0xff, 
  0x20, 0xee, 0xff, 0x20, 0xee, 0xff, 0x20, 0xee, 0xff, 0x20, 0xee, 0xff, 
  0x20, 0xee, 0xff, 0x20, 0xee, 0xff, 0x20, 0xee, 0xff, 0x20, 0xee, 0xff, 
  0x20, 0xee, 0xff, 0x20, 0xee, 0xff, 0x20, 0xee, 0xff, 0x20, 0xee, 0xff, 
  0x20, 0xee, 0xff, 0x20, 0xee, 0xff, 0x20, 0xee, 0xff, 0x20, 0xee, 0xff, 
  0x20, 0xee, 0xff, 0x20, 0xee, 0xff, 0x20, 0xee, 0xff, 0x20, 0xee, 0xff, 
  0x20, 0xee, 0xff, 0x20, 0xee, 0xff, 0x20, 0xee, 0xff, 0x20, 0xee, 0xff, 
  0x20, 0xee, 0xff, 0x20, 0xee, 0xff, 0x20, 0xee, 0xff, 0x20, 0xee, 0xff, 
  0x20, 0xee, 0xff, 0x20, 0xee, 0xff, 0x20, 0xee, 0xff, 0x20, 0xee, 0xff, 
  0x20, 0xee, 0xff, 0x20, 0xee, 0xff, 0x20, 0xee, 0xff, 0x20, 0xee, 0xff, 
  0x20, 0xee, 0xff, 0x20, 0xee, 0xff, 0x20, 0xee, 0xff, 0x20, 0xee, 0xff, 
  0x20, 0xee, 0xff, 0x20, 0xee, 0xff, 0x20, 0xee, 0xff, 0x20, 0xee, 0xff, 
  0x20, 0xee, 0xff, 0x20, 0xee, 0xff, 0x20, 0xee, 0xff, 0x20, 0xee, 0xff, 
  0x20, 0xee, 0xff, 0x20, 0xee, 0xff, 0x20, 0xee, 0xff, 0x20, 0xee, 0xff, 
  0x20, 0xee, 0xff, 0x20, 0xee, 0xff, 0x20, 0xee, 0xff, 0x20, 0xee, 0xff, 
  0x20, 0xee, 0xff, 0x20, 0xee, 0xff, 0x20, 0xee, 0xff, 0x20, 0xee, 0xff, 
  0x20, 0xee, 0xff, 0x20, 0xee, 0xff, 0x20, 0xee, 0xff, 0x20, 0xee, 0xff, 
  0x20, 0xee, 0xff, 0x20, 0xee, 0xff, 0x20, 0xee, 0xff, 0x20, 0xee, 0xff, 
  0x20, 0xee, 0xff, 0x20, 0xee, 0xff, 0x20, 0xee, 0xff, 0x20, 0xee, 0xff, 
  0x20, 0xee, 0xff, 0x20, 0xee, 0xff, 0x20, 0xee, 0xff, 0x20, 0xee, 0xff, 
  0x20, 0xee, 0xff, 0x20, 0xee, 0xff, 0x20, 0xee, 0xff, 0x20, 0xee, 0xff, 
  0x20, 0xee, 0xff, 0x20, 0xee, 0xff, 0x20, 0xee, 0xff, 0x20, 0xee, 0xff, 
  0x20, 0xee, 0xff, 0x20, 0xee, 0xff, 0x20, 0xee, 0xff, 0x20, 0xee, 0xff, 
  0x20, 0xee, 0xff, 0x20, 0xee, 0xff, 0x20, 0xee, 0xff, 0x20, 0xee, 0xff, 
  0x20, 0xee, 0xff, 0x20, 0xee, 0xff, 0x20, 0xee, 0xff, 0x20, 0xee, 0xff, 
  0x20, 0xee, 0xff, 0x20, 0xee, 0xff, 0x20, 0xee, 0xff, 0x20, 0xee, 0xff, 
  0x20, 0xee, 0xff, 0x20, 0xee, 0xff, 0x20, 0xee, 0xff, 0x20, 0xee, 0xff, 
  0x20, 0xee, 0xff, 0x20, 0xee, 0xff, 0x20, 0xee, 0xff, 0x20, 0xee, 0xff, 
  0x20, 0xee, 0xff, 0x20, 0xee, 0xff, 0x20, 0xee, 0xff, 0x20, 0xee, 0xff, 
  0x20, 0xee, 0xff, 0x20, 0xee, 0xff, 0x20, 0xee, 0xff, 0x20, 0xee, 0xff, 
  0x20, 0xee, 0xff, 0x20, 0xee, 0xff, 0x20, 0xee, 0xff, 0x20, 0xee, 0xff, 
  0x20, 0xee, 0xff, 0x20, 0xee, 0xff, 0x20, 0xee, 0xff, 0x20, 0xee, 0xff, 
  0x20, 0xee, 0xff, 0x20, 0xee, 0xff, 0x20, 0xee, 0xff, 0x20, 0xee, 0xff, 
  0x20, 0xee, 0xff, 0x20, 0xee, 0xff, 0x20, 0xee, 0xff, 0x20, 0xee, 0xff, 
  0x20, 0xee, 0xff, 0x20, 0xee, 0xff, 0x20, 0xee, 0xff, 0x20, 0xee, 0xff, 
  0x20, 0xee, 0xff, 0x20, 0xee, 0xff, 0x20, 0xee, 0xff, 0x20, 0xee, 0xff, 
  0x20, 0xee, 0xff, 0x20, 0xee, 0xff, 0x20, 0xee, 0xff, 0x20, 0xee, 0xff, 
  0x20, 0xee, 0xff, 0x20, 0xee, 0xff, 0x20, 0xee, 0xff, 0x20, 0xee, 0xff, 
  0x20, 0xee, 0xff, 0x20, 0xee, 0xff, 0x20, 0xee, 0xff, 0x20, 0xee, 0xff, 
  0x20, 0xee, 0xff, 0x20, 0xee, 0xff, 0x20, 0xee, 0xff, 0x20, 0xee, 0xff, 
  0x20, 0xee, 0xff, 0x20, 0xee, 0xff, 0x20, 0xee, 0xff, 0x20, 0xee, 0xff, 
  0x20, 0xee, 0xff, 0x20, 0xee, 0xff, 0x20, 0xee, 0xff, 0x20, 0xee, 0xff, 
  0x20, 0xee, 0xff, 0x20, 0xee, 0xff, 0x20, 0xee, 0xff, 0x20, 0xee, 0xff, 
  0x20, 0xee, 0xff, 0x20, 0xee, 0xff, 0x20, 0xee, 0xff, 0x20, 0xee, 0xff, 
  0x20, 0xee, 0xff, 0x20, 0xee, 0xff, 0x20, 0xee, 0xff, 0x20, 0xee, 0xff, 
  0x20, 0xee, 0xff, 0x20, 0xee, 0xff, 0x20, 0xee, 0xff, 0x20, 0xee, 0xff, 
  0x20, 0xee, 0xff, 0x20, 0xee, 0xff, 0x20, 0xee, 0xff, 0x20, 0xee, 0xff, 
  0x20, 0xee, 0xff, 0x20, 0xee, 0xff, 0x20, 0xee, 0xff, 0x20, 0xee, 0xff, 
  0x20, 0xee, 0xff, 0x20, 0xee, 0xff, 0x20, 0xee, 0xff, 0x20, 0xee, 0xff, 
  0x20, 0xee, 0xff, 0x20, 0xee, 0xff, 0x20, 0xee, 0xff, 0x20, 0xee, 0xff, 
  0x20, 0xee, 0xff, 0x20, 0xee, 0xff, 0x20, 0xee, 0xff, 0x20, 0xee, 0xff, 
  0x20, 0xee, 0xff, 0x20, 0xee, 0xff, 0x20, 0xee, 0xff, 0x20, 0xee, 0xff, 
  0x20, 0xee, 0xff, 0x20, 0xee, 0xff, 0x20, 0xee, 0xff, 0x20, 0xee, 0xff, 
  0x20, 0xee, 0xff, 0x20, 0xee, 0xff, 0x20, 0xee, 0xff, 0x20, 0xee, 0xff, 
  0x20, 0xee, 0xff, 0x20, 0xee, 0xff, 0x20, 0xee, 0xff, 0x20, 0xee, 0xff, 
  0x20, 0xee, 0xff, 0x20, 0xee, 0xff, 0x20, 0xee, 0xff, 0x20, 0xee, 0xff, 
  0x20, 0xee, 0xff, 0x20, 0xee, 0xff, 0x20, 0xee, 0xff, 0x20, 0xee, 0xff, 
  0x20, 0xee, 0xff, 0x20, 0xee, 0xff, 0x20, 0xee, 0xff, 0x20, 0xee, 0xff, 
  0x20, 0xee, 0xff, 0x20, 0xee, 0xff, 0x20, 0xee, 0xff, 0x20, 0xee, 0xff, 
  0x20, 0xee, 0xff, 0x20, 0xee, 0xff, 0x20, 0xee, 0xff, 0x20, 0xee, 0xff, 
  0x20, 0xee, 0xff, 0x20, 0xee, 0xff, 0x20, 0xee, 0xff, 0x20, 0xee, 0xff, 
  0x20, 0xee, 0xff, 0x20, 0xee, 0xff, 0x20, 0xee, 0xff, 0x20, 0xee, 0xff, 
  0x20, 0xee, 0xff, 0x20, 0xee, 0xff, 0x20, 0xee, 0xff, 0x20, 0xee, 0xff, 
  0x20, 0xee, 0xff, 0x20, 0xee, 0xff, 0x20, 0xee, 0xff, 0x20, 0xee, 0xff, 
  0x20, 0xee, 0xff, 0x20, 0xee, 0xff, 0x20, 0xee, 0xff, 0x20, 0xee, 0xff, 
  0x20, 0xee, 0xff, 0x20, 0xee, 0xff, 0x20, 0xee, 0xff, 0x20, 0xee, 0xff, 
  0x20, 0xee, 0xff, 0x20, 0xee, 0xff, 0x20, 0xee, 0xff, 0x20, 0xee, 0xff, 
  0x20, 0xee, 0xff, 0x20, 0xee, 0xff, 0x20, 0xee, 0xff, 0x20, 0xee, 0xff, 
  0x20, 0xee, 0xff, 0x20, 0xee, 0xff, 0x20, 0xee, 0xff, 0x20, 0xee, 0xff, 
  0x20, 0xee, 0xff, 0x20, 0xee, 0xff, 0x20, 0xee, 0xff, 0x20, 0xee, 0xff, 
  0x20, 0xee, 0xff, 0x20, 0xee, 0xff, 0x20, 0xee, 0xff, 0x20, 0xee, 0xff, 
  0x20, 0xee, 0xff, 0x20, 0xee, 0xff, 0x20, 0xee, 0xff, 0x20, 0xee, 0xff, 
  0x20, 0xee, 0xff, 0x20, 0xee, 0xff, 0x20, 0xee, 0xff, 0x20, 0xee, 0xff, 
  0x20, 0xee, 0xff, 0x20, 0xee, 0xff, 0x20, 0xee, 0xff, 0x20, 0xee, 0xff, 
  0x20, 0xee, 0xff, 0x20, 0xee, 0xff, 0x20, 0xee, 0xff, 0x20, 0xee, 0xff, 
  0x20, 0xee, 0xff, 0x20, 0xee, 0xff, 0x20, 0xee, 0xff, 0x20, 0xee, 0xff, 
  0x20, 0xee, 0xff, 0x20, 0xee, 0xff, 0x20, 0xee, 0xff, 0x20, 0xee, 0xff, 
  0x20, 0xee, 0xff, 0x20, 0xee, 0xff, 0x20, 0xee, 0xff, 0x20, 0xee, 0xff, 
  0x20, 0xee, 0xff, 0x20, 0xee, 0xff, 0x20, 0xee, 0xff, 0x20, 0xee, 0xff, 
  0x20, 0xee, 0xff, 0x20, 0xee, 0xff, 0x20, 0xee, 0xff, 0x20, 0xee, 0xff, 
  0x20, 0xee, 0xff, 0x20, 0xee, 0xff, 0x20, 0xee, 0xff, 0x20, 0xee, 0xff, 
  0x20, 0xee, 0xff, 0x20, 0xee, 0xff, 0x20, 0xee, 0xff, 0x20, 0xee, 0xff, 
  0x20, 0xee, 0xff, 0x20, 0xee, 0xff, 0x20, 0xee, 0xff, 0x20, 0xee, 0xff, 
  0x20, 0xee, 0xff, 0x20, 0xee, 0xff, 0x20, 0xee, 0xff, 0x20, 0xee, 0xff, 
  0x20, 0xee, 0xff, 0x20, 0xee, 0xff, 0x20, 0xee, 0xff, 0x20, 0xee, 0xff, 
  0x20, 0xee, 0xff, 0x20, 0xee, 0xff, 0x20, 0xee, 0xff, 0x20, 0xee, 0xff, 
  0x20, 0xee, 0xff, 0x20, 0xee, 0xff, 0x20, 0xee, 0xff, 0x20, 0xee, 0xff, 
  0x20, 0xee, 0xff, 0x20, 0xee, 0xff, 0x20, 0xee, 0xff, 0x20, 0xee, 0xff, 
  0x20, 0xee, 0xff, 0x20, 0xee, 0xff, 0x20, 0xee, 0xff, 0x20, 0xee, 0xff, 
  0x20, 0xee, 0xff, 0x20, 0xee, 0xff, 0x20, 0xee, 0xff, 0x20, 0xee, 0xff, 
  0x20, 0xee, 0xff, 0x20, 0xee, 0xff, 0x20, 0xee, 0xff, 0x20, 0xee, 0xff, 
  0x20, 0xee, 0xff, 0x20, 0xee, 0xff, 0x20, 0xee, 0xff, 0x20, 0xee, 0xff, 
  0x20, 0xee, 0xff, 0x20, 0xee, 0xff, 0x20, 0xee, 0xff, 0x20, 0xee, 0xff, 
  0x20, 0xee, 0xff, 0x20, 0xee, 0xff, 0x20, 0xee, 0xff, 0x20, 0xee, 0xff, 
  0x20, 0xee, 0xff, 0x20, 0xee, 0xff, 0x20, 0xee, 0xff, 0x20, 0xee, 0xff, 
  0x20, 0xee, 0xff, 0x20, 0xee, 0xff, 0x20, 0xee, 0xff, 0x20, 0xee, 0xff, 
  0x20, 0xee, 0xff, 0x20, 0xee, 0xff, 0x20, 0xee, 0xff, 0x20, 0xee, 0xff, 
  0x20, 0xee, 0xff, 0x20, 0xee, 0xff, 0x20, 0xee, 0xff, 0x20, 0xee, 0xff, 
  0x20, 0xee, 0xff, 0x20, 0xee, 0xff, 0x20, 0xee, 0xff, 0x20, 0xee, 0xff, 
  0x20, 0xee, 0xff, 0x20, 0xee, 0xff, 0x20, 0xee, 0xff, 0x20, 0xee, 0xff, 
  0x20, 0xee, 0xff, 0x20, 0xee, 0xff, 0x20, 0xee, 0xff, 0x20, 0xee, 0xff, 
  0x20, 0xee, 0xff, 0x20, 0xee, 0xff, 0x20, 0xee, 0xff, 0x20, 0xee, 0xff, 
  0x20, 0xee, 0xff, 0x20, 0xee, 0xff, 0x20, 0xee, 0xff, 0x20, 0xee, 0xff, 
  0x20, 0xee, 0xff, 0x20, 0xee, 0xff, 0x20, 0xee, 0xff, 0x20, 0xee, 0xff, 
  0x20, 0xee, 0xff, 0x20, 0xee, 0xff, 0x20, 0xee, 0xff, 0x20, 0xee, 0xff, 
  0x20, 0xee, 0xff, 0x20, 0xee, 0xff, 0x20, 0xee, 0xff, 0x20, 0xee, 0xff, 
  0x20, 0xee, 0xff, 0x20, 0xee, 0xff, 0x20, 0xee, 0xff, 0x20, 0xee, 0xff, 
  0x20, 0xee, 0xff, 0x20, 0xee, 0xff, 0x20, 0xee, 0xff, 0x20, 0xee, 0xff, 
  0x20, 0xee, 0xff, 0x20, 0xee, 0xff, 0x20, 0xee, 0xff, 0x20, 0xee, 0xff, 
  0x20, 0xee, 0xff, 0x20, 0xee, 0xff, 0x20, 0xee, 0xff, 0x20, 0xee, 0xff, 
  0x20, 0xee, 0xff, 0x20, 0xee, 0xff, 0x20, 0xee, 0xff, 0x20, 0xee, 0xff, 
  0x20, 0xee, 0xff, 0x20, 0xee, 0xff, 0x20, 0xee, 0xff, 0x20, 0xee, 0xff, 
  0x20, 0xee, 0xff, 0x20, 0xee, 0xff, 0x20, 0xee, 0xff, 0x20, 0xee, 0xff, 
  0x20, 0xee, 0xff, 0x20, 0xee, 0xff, 0x20, 0xee, 0xff, 0x20, 0xee, 0xff, 
  0x20, 0xee, 0xff, 0x20, 0xee, 0xff, 0x20, 0xee, 0xff, 0x20, 0xee, 0xff, 
  0x20, 0xee, 0xff, 0x20, 0xee, 0xff, 0x20, 0xee, 0xff, 0x20, 0xee, 0xff, 
  0x20, 0xee, 0xff, 0x20, 0xee, 0xff, 0x20, 0xee, 0xff, 0x20, 0xee, 0xff, 
  0x20, 0xee, 0xff, 0x20, 0xee, 0xff, 0x20, 0xee, 0xff, 0x20, 0xee, 0xff, 
  0x20, 0xee, 0xff, 0x20, 0xee, 0xff, 0x20, 0xee, 0xff, 0x20, 0xee, 0xff, 
  0x20, 0xee, 0xff, 0x20, 0xee, 0xff, 0x20, 0xee, 0xff, 0x20, 0xee, 0xff, 
  0x20, 0xee, 0xff, 0x20, 0xee, 0xff, 0x20, 0xee, 0xff, 0x20, 0xee, 0xff, 
  0x20, 0xee, 0xff, 0x20, 0xee, 0xff, 0x20, 0xee, 0xff, 0x20, 0xee, 0xff, 
  0x20, 0xee, 0xff, 0x20, 0xee, 0xff, 0x20, 0xee, 0xff, 0x20, 0xee, 0xff, 
  0x20, 0xee, 0xff, 0x20, 0xee, 0xff, 0x20, 0xee, 0xff, 0x20, 0xee, 0xff, 
  0x20, 0xee, 0xff, 0x20, 0xee, 0xff, 0x20, 0xee, 0xff, 0x20, 0xee, 0xff, 
  0x20, 0xee, 0xff, 0x20, 0xee, 0xff, 0x20, 0xee, 0xff, 0x20, 0xee, 0xff, 
  0x20, 0xee, 0xff, 0x20, 0xee, 0xff, 0x20, 0xee, 0xff, 0x20, 0xee, 0xff, 
  0x20, 0xee, 0xff, 0x20, 0xee, 0xff, 0x20, 0xee, 0xff, 0x20, 0xee, 0xff, 
  0x20, 0xee, 0xff, 0x20, 0xee, 0xff, 0x20, 0xee, 0xff, 0x20, 0xee, 0xff, 
  0x20, 0xee, 0xff, 0x20, 0xee, 0xff, 0x20, 0xee, 0xff, 0x20, 0xee, 0xff, 
  0x20, 0xee, 0xff, 0x20, 0xee, 0xff, 0x20, 0xee, 0xff, 0x20, 0xee, 0xff, 
  0x20, 0xee, 0xff, 0x20, 0xee, 0xff, 0x20, 0xee, 0xff, 0x20, 0xee, 0xff, 
  0x20, 0xee, 0xff, 0x20, 0xee, 0xff, 0x20, 0xee, 0xff, 0x20, 0xee, 0xff, 
  0x20, 0xee, 0xff, 0x20, 0xee, 0xff, 0x20, 0xee, 0xff, 0x20, 0xee, 0xff, 
  0x20, 0xee, 0xff, 0x20, 0xee, 0xff, 0x20, 0xee, 0xff, 0x20, 0xee, 0xff, 
  0x20, 0xee, 0xff, 0x20, 0xee, 0xff, 0x20, 0xee, 0xff, 0x20, 0xee, 0xff, 
  0x20, 0xee, 0xff, 0x20, 0xee, 0xff, 0x20, 0xee, 0xff, 0x20, 0xee, 0xff, 
  0x20, 0xee, 0xff, 0x20, 0xee, 0xff, 0x20, 0xee, 0xff, 0x20, 0xee, 0xff, 
  0x20, 0xee, 0xff, 0x20, 0xee, 0xff, 0x20, 0xee, 0xff, 0x20, 0xee, 0xff, 
  0x20, 0xee, 0xff, 0x20, 0xee, 0xff, 0x20, 0xee, 0xff, 0x20, 0xee, 0xff, 
  0x20, 0xee, 0xff, 0x20, 0xee, 0xff, 0x20, 0xee, 0xff, 0x20, 0xee, 0xff, 
  0x20, 0xee, 0xff, 0x20, 0xee, 0xff, 0x20, 0xee, 0xff, 0x20, 0xee, 0xff, 
  0x20, 0xee, 0xff, 0x20, 0xee, 0xff, 0x20, 0xee, 0xff, 0x20, 0xee, 0xff, 
  0x20, 0xee, 0xff, 0x20, 0xee, 0xff, 0x20, 0xee, 0xff, 0x20, 0xee, 0xff, 
  0x20, 0xee, 0xff, 0x20, 0xee, 0xff, 0x20, 0xee, 0xff, 0x20, 0xee, 0xff, 
  0x20, 0xee, 0xff, 0x20, 0xee, 0xff, 0x20, 0xee, 0xff, 0x20, 0xee, 0xff, 
  0x20, 0xee, 0xff, 0x20, 0xee, 0xff, 0x20, 0xee, 0xff, 0x20, 0xee, 0xff, 
  0x20, 0xee, 0xff, 0x20, 0xee, 0xff, 0x20, 0xee, 0xff, 0x20, 0xee, 0xff, 
  0x20, 0xee, 0xff, 0x20, 0xee, 0xff, 0x20, 0xee, 0xff, 0x20, 0xee, 0xff, 
  0x20, 0xee, 0xff, 0x20, 0xee, 0xff, 0x20, 0xee, 0xff, 0x20, 0xee, 0xff, 
  0x20, 0xee, 0xff, 0x20, 0xee, 0xff, 0x20, 0xee, 0xff, 0x20, 0xee, 0xff, 
  0x20, 0xee, 0xff, 0x20, 0xee, 0xff, 0x20, 0xee, 0xff, 0x20, 0xee, 0xff, 
  0x20, 0xee, 0xff, 0x20, 0xee, 0xff, 0x20, 0xee, 0xff, 0x20, 0xee, 0xff, 
  0x20, 0xee, 0xff, 0x20, 0xee, 0xff, 0x20, 0xee, 0xff, 0x20, 0xee, 0xff, 
  0x20, 0xee, 0xff, 0x20, 0xee, 0xff, 0x20, 0xee, 0xff, 0x20, 0xee, 0xff, 
  0x20, 0xee, 0xff, 0x20, 0xee, 0xff, 0x20, 0xee, 0xff, 0x20, 0xee, 0xff, 
  0x20, 0xee, 0xff, 0x20, 0xee, 0xff, 0x20, 0xee, 0xff, 0x20, 0xee, 0xff, 
  0x20, 0xee, 0xff, 0x20, 0xee, 0xff, 0x20, 0xee, 0xff, 0x20, 0xee, 0xff, 
  0x20, 0xee, 0xff, 0x20, 0xee, 0xff, 0x20, 0xee, 0xff, 0x20, 0xee, 0xff, 
  0x20, 0xee, 0xff, 0x20, 0xee, 0xff, 0x20, 0xee, 0xff, 0x20, 0xee, 0xff, 
  0x20, 0xee, 0xff, 0x20, 0xee, 0xff, 0x20, 0xee, 0xff, 0x20, 0xee, 0xff, 
  0x20, 0xee, 0xff, 0x20, 0xee, 0xff, 0x20, 0xee, 0xff, 0x20, 0xee, 0xff, 
  0x20, 0xee, 0xff, 0x20, 0xee, 0xff, 0x20, 0xee, 0xff, 0x20, 0xee, 0xff, 
  0x20, 0xee, 0xff, 0x20, 0xee, 0xff, 0x20, 0xee, 0xff, 0x20, 0xee, 0xff, 
  0x20, 0xee, 0xff, 0x20, 0xee, 0xff, 0x20, 0xee, 0xff, 0x20, 0xee, 0xff, 
  0x20, 0xee, 0xff, 0x20, 0xee, 0xff, 0x20, 0xee, 0xff, 0x20, 0xee, 0xff, 
  0x20, 0xee, 0xff, 0x20, 0xee, 0xff, 0x20, 0xee, 0xff, 0x20, 0xee, 0xff, 
  0x20, 0xee, 0xff, 0x20, 0xee, 0xff, 0x20, 0xee, 0xff, 0x20, 0xee, 0xff, 
  0x20, 0xee, 0xff, 0x20, 0xee, 0xff, 0x20, 0xee, 0xff, 0x20, 0xee, 0xff, 
  0x20, 0xee, 0xff, 0x20, 0xee, 0xff, 0x20, 0xee, 0xff, 0x20, 0xee, 0xff, 
  0x20, 0xee, 0xff, 0x20, 0xee, 0xff, 0x20, 0xee, 0xff, 0x20, 0xee, 0xff, 
  0x20, 0xee, 0xff, 0x20, 0xee, 0xff, 0x20, 0xee, 0xff, 0x20, 0xee, 0xff, 
  0x20, 0xee, 0xff, 0x20, 0xee, 0xff, 0x20, 0xee, 0xff, 0x20, 0xee, 0xff, 
  0x20, 0xee, 0xff, 0x20, 0xee, 0xff, 0x20, 0xee, 0xff, 0x20, 0xee, 0xff, 
  0x20, 0xee, 0xff, 0x20, 0xee, 0xff, 0x20, 0xee, 0xff, 0x20, 0xee, 0xff, 
  0x20, 0xee, 0xff, 0x20, 0xee, 0xff, 0x20, 0xee, 0xff, 0x20, 0xee, 0xff, 
  0x20, 0xee, 0xff, 0x20, 0xee, 0xff, 0x20, 0xee, 0xff, 0x20, 0xee, 0xff, 
  0x20, 0xee, 0xff, 0x20, 0xee, 0xff, 0x20, 0xee, 0xff, 0x20, 0xee, 0xff, 
  0x20, 0xee, 0xff, 0x20, 0xee, 0xff, 0x20, 0xee, 0xff, 0x20, 0xee, 0xff, 
  0x20, 0xee, 0xff, 0x20, 0xee, 0xff, 0x20, 0xee, 0xff, 0x20, 0xee, 0xff, 
  0x20, 0xee, 0xff, 0x20, 0xee, 0xff, 0x20, 0xee, 0xff, 0x20, 0xee, 0xff, 
  0x20, 0xee, 0xff, 0x20, 0xee, 0xff, 0x20, 0xee, 0xff, 0x20, 0xee, 0xff, 
  0x20, 0xee, 0xff, 0x20, 0xee, 0xff, 0x20, 0xee, 0xff, 0x20, 0xee, 0xff, 
  0x20, 0xee, 0xff, 0x20, 0xee, 0xff, 0x20, 0xee, 0xff, 0x20, 0xee, 0xff, 
  0x20, 0xee, 0xff, 0x20, 0xee, 0xff, 0x20, 0xee, 0xff, 0x20, 0xee, 0xff, 
  0x20, 0xee, 0xff, 0x20, 0xee, 0xff, 0x20, 0xee, 0xff, 0x20, 0xee, 0xff, 
  0x20, 0xee, 0xff, 0x20, 0xee, 0xff, 0x20, 0xee, 0xff, 0x20, 0xee, 0xff, 
  0x20, 0xee, 0xff, 0x20, 0xee, 0xff, 0x20, 0xee, 0xff, 0x20, 0xee, 0xff, 
  0x20, 0xee, 0xff, 0x20, 0xee, 0xff, 0x20, 0xee, 0xff, 0x20, 0xee, 0xff, 
  0x20, 0xee, 0xff, 0x20, 0xee, 0xff, 0x20, 0xee, 0xff, 0x20, 0xee, 0xff, 
  0x20, 0xee, 0xff, 0x20, 0xee, 0xff, 0x20, 0xee, 0xff, 0x20, 0xee, 0xff, 
  0x20, 0xee, 0xff, 0x20, 0xee, 0xff, 0x20, 0xee, 0xff, 0x20, 0xee, 0xff, 
  0x20, 0xee, 0xff, 0x20, 0xee, 0xff, 0x20, 0xee, 0xff, 0x20, 0xee, 0xff, 
  0x20, 0xee, 0xff, 0x20, 0xee, 0xff, 0x20, 0xee, 0xff, 0x20, 0xee, 0xff, 
  0x20, 0xee, 0xff, 0x20, 0xee, 0xff, 0x20, 0xee, 0xff, 0x20, 0xee, 0xff, 
  0x20, 0xee, 0xff, 0x20, 0xee, 0xff, 0x20, 0xee, 0xff, 0x20, 0xee, 0xff, 
  0x20, 0xee, 0xff, 0x20, 0xee, 0xff, 0x20, 0xee, 0xff, 0x20, 0xee, 0xff, 
  0x20, 0xee, 0xff, 0x20, 0xee, 0xff, 0x20, 0xee, 0xff, 0x20, 0xee, 0xff, 
  0x20, 0xee, 0xff, 0x20, 0xee, 0xff, 0x20, 0xee, 0xff, 0x20, 0xee, 0xff, 
  0x20, 0xee, 0xff, 0x20, 0xee, 0xff, 0x20, 0xee, 0xff, 0x20, 0xee, 0xff, 
  0x20, 0xee, 0xff, 0x20, 0xee, 0xff, 0x20, 0xee, 0xff, 0x20, 0xee, 0xff, 
  0x20, 0xee, 0xff, 0x20, 0xee, 0xff, 0x20, 0xee, 0xff, 0x20, 0xee, 0xff, 
  0x20, 0xee, 0xff, 0x20, 0xee, 0xff, 0x20, 0xee, 0xff, 0x20, 0xee, 0xff, 
  0x20, 0xee, 0xff, 0x20, 0xee, 0xff, 0x20, 0xee, 0xff, 0x20, 0xee, 0xff, 
  0x20, 0xee, 0xff, 0x20, 0xee, 0xff, 0x20, 0xee, 0xff, 0x20, 0xee, 0xff, 
  0x20, 0xee, 0xff, 0x20, 0xee, 0xff, 0x20, 0xee, 0xff, 0x20, 0xee, 0xff, 
  0x20, 0xee, 0xff, 0x20, 0xee, 0xff, 0x20, 0xee, 0xff, 0x20, 0xee, 0xff, 
  0x20, 0xee, 0xff, 0x20, 0xee, 0xff, 0x20, 0xee, 0xff, 0x20, 0xee, 0xff, 
  0x20, 0xee, 0xff, 0x20, 0xee, 0xff, 0x20, 0xee, 0xff, 0x20, 0xee, 0xff, 
  0x20, 0xee, 0xff, 0x20, 0xee, 0xff, 0x20, 0xee, 0xff, 0x20, 0xee, 0xff, 
  0x20, 0xee, 0xff, 0x20, 0xee, 0xff, 0x20, 0xee, 0xff, 0x20, 0xee, 0xff, 
  0x20, 0xee, 0xff, 0x20, 0xee, 0xff, 0x20, 0xee, 0xff, 0x20, 0xee, 0xff, 
  0x20, 0xee, 0xff, 0x20, 0xee, 0xff, 0x20, 0xee, 0xff, 0x20, 0xee, 0xff, 
  0x20, 0xee, 0xff, 0x20, 0xee, 0xff, 0x20, 0xee, 0xff, 0x20, 0xee, 0xff, 
  0x20, 0xee, 0xff, 0x20, 0xee, 0xff, 0x20, 0xee, 0xff, 0x20, 0xee, 0xff, 
  0x20, 0xee, 0xff, 0x20, 0xee, 0xff, 0x20, 0xee, 0xff, 0x20, 0xee, 0xff, 
  0x20, 0xee, 0xff, 0x20, 0xee, 0xff, 0x20, 0xee, 0xff, 0x20, 0xee, 0xff, 
  0x20, 0xee, 0xff, 0x20, 0xee, 0xff, 0x20, 0xee, 0xff, 0x20, 0xee, 0xff, 
  0x20, 0xee, 0xff, 0x20, 0xee, 0xff, 0x20, 0xee, 0xff, 0x20, 0xee, 0xff, 
  0x20, 0xee, 0xff, 0x20, 0xee, 0xff, 0x20, 0xee, 0xff, 0x20, 0xee, 0xff, 
  0x20, 0xee, 0xff, 0x20, 0xee, 0xff, 0x20, 0xee, 0xff, 0x20, 0xee, 0xff, 
  0x20, 0xee, 0xff, 0x20, 0xee, 0xff, 0x20, 0xee, 0xff, 0x20, 0xee, 0xff, 
  0x20, 0xee, 0xff, 0x20, 0xee, 0xff, 0x20, 0xee, 0xff, 0x20, 0xee, 0xff, 
  0x20, 0xee, 0xff, 0x20, 0xee, 0xff, 0x20, 0xee, 0xff, 0x20, 0xee, 0xff, 
  0x20, 0xee, 0xff, 0x20, 0xee, 0xff, 0x20, 0xee, 0xff, 0x20, 0xee, 0xff, 
  0x20, 0xee, 0xff, 0x20, 0xee, 0xff, 0x20, 0xee, 0xff, 0x20, 0xee, 0xff, 
  0x20, 0xee, 0xff, 0x20, 0xee, 0xff, 0x20, 0xee, 0xff, 0x20, 0xee, 0xff, 
  0x20, 0xee, 0xff, 0x20, 0xee, 0xff, 0x20, 0xee, 0xff, 0x20, 0xee, 0xff, 
  0x20, 0xee, 0xff, 0x20, 0xee, 0xff, 0x20, 0xee, 0xff, 0x20, 0xee, 0xff, 
  0x20, 0xee, 0xff, 0x20, 0xee, 0xff, 0x20, 0xee, 0xff, 0x20, 0xee, 0xff, 
  0x20, 0xee, 0xff, 0x20, 0xee, 0xff, 0x20, 0xee, 0xff, 0x20, 0xee, 0xff, 
  0x20, 0xee, 0xff, 0x20, 0xee, 0xff, 0x20, 0xee, 0xff, 0x20, 0xee, 0xff, 
  0x20, 0xee, 0xff, 0x20, 0xee, 0xff, 0x20, 0xee, 0xff, 0x20, 0xee, 0xff, 
  0x20, 0xee, 0xff, 0x20, 0xee, 0xff, 0x20, 0xee, 0xff, 0x20, 0xee, 0xff, 
  0x20, 0xee, 0xff, 0x20, 0xee, 0xff, 0x20, 0xee, 0xff, 0x20, 0xee, 0xff, 
  0x20, 0xee, 0xff, 0x20, 0xee, 0xff, 0x20, 0xee, 0xff, 0x20, 0xee, 0xff, 
  0x20, 0xee, 0xff, 0x20, 0xee, 0xff, 0x20, 0xee, 0xff, 0x20, 0xee, 0xff, 
  0x20, 0xee, 0xff, 0x20, 0xee, 0xff, 0x20, 0xee, 0xff, 0x20, 0xee, 0xff, 
  0x20, 0xee, 0xff, 0x20, 0xee, 0xff, 0x20, 0xee, 0xff, 0x20, 0xee, 0xff, 
  0x20, 0xee, 0xff, 0x20, 0xee, 0xff, 0x20, 0xee, 0xff, 0x20, 0xee, 0xff, 
  0x20, 0xee, 0xff, 0x20, 0xee, 0xff, 0x20, 0xee, 0xff, 0x20, 0xee, 0xff, 
  0x20, 0xee, 0xff, 0x20, 0xee, 0xff, 0x20, 0xee, 0xff, 0x20, 0xee, 0xff, 
  0x20, 0xee, 0xff, 0x20, 0xee, 0xff, 0x20, 0xee, 0xff, 0x20, 0xee, 0xff, 
  0x20, 0xee, 0xff, 0x20, 0xee, 0xff, 0x20, 0xee, 0xff, 0x20, 0xee, 0xff, 
  0x20, 0xee, 0xff, 0x20, 0xee, 0xff, 0x20, 0xee, 0xff, 0x20, 0xee, 0xff, 
  0x20, 0xee, 0xff, 0x20, 0xee, 0xff, 0x20, 0xee, 0xff, 0x20, 0xee, 0xff, 
  0x20, 0xee, 0xff, 0x20, 0xee, 0xff, 0x20, 0xee, 0xff, 0x20, 0xee, 0xff, 
  0x20, 0xee, 0xff, 0x20, 0xee, 0xff, 0x20, 0xee, 0xff, 0x20, 0xee, 0xff, 
  0x20, 0xee, 0xff, 0x20, 0xee, 0xff, 0x20, 0xee, 0xff, 0x20, 0xee, 0xff, 
  0x20, 0xee, 0xff, 0x20, 0xee, 0xff, 0x20, 0xee, 0xff, 0x20, 0xee, 0xff, 
  0x20, 0xee, 0xff, 0x20, 0xee, 0xff, 0x20, 0xee, 0xff, 0x20, 0xee, 0xff, 
  0x20, 0xee, 0xff, 0x20, 0xee, 0xff, 0x20, 0xee, 0xff, 0x20, 0xee, 0xff, 
  0x20, 0xee, 0xff, 0x20, 0xee, 0xff, 0x20, 0xee, 0xff, 0x20, 0xee, 0xff, 
  0x20, 0xee, 0xff, 0x20, 0xee, 0xff, 0x20, 0xee, 0xff, 0x20, 0xee, 0xff, 
  0x20, 0xee, 0xff, 0x20, 0xee, 0xff, 0x20, 0xee, 0xff, 0x20, 0xee, 0xff, 
  0x20, 0xee, 0xff, 0x20, 0xee, 0xff, 0x20, 0xee, 0xff, 0x20, 0xee, 0xff, 
  0x20, 0xee, 0xff, 0x20, 0xee, 0xff, 0x20, 0xee, 0xff, 0x20, 0xee, 0xff, 
  0x20, 0xee, 0xff, 0x20, 0xee, 0xff, 0x20, 0xee, 0xff, 0x20, 0xee, 0xff, 
  0x20, 0xee, 0xff, 0x20, 0xee, 0xff, 0x20, 0xee, 0xff, 0x20, 0xee, 0xff, 
  0x20, 0xee, 0xff, 0x20, 0xee, 0xff, 0x20, 0xee, 0xff, 0x20, 0xee, 0xff, 
  0x20, 0xee, 0xff, 0x20, 0xee, 0xff, 0x20, 0xee, 0xff, 0x20, 0xee, 0xff, 
  0x20, 0xee, 0xff, 0x20, 0xee, 0xff, 0x20, 0xee, 0xff, 0x20, 0xee, 0xff, 
  0x20, 0xee, 0xff, 0x20, 0xee, 0xff, 0x20, 0xee, 0xff, 0x20, 0xee, 0xff, 
  0x20, 0xee, 0xff, 0x20, 0xee, 0xff, 0x20, 0xee, 0xff, 0x20, 0xee, 0xff, 
  0x20, 0xee, 0xff, 0x20, 0xee, 0xff, 0x20, 0xee, 0xff, 0x20, 0xee, 0xff, 
  0x20, 0xee, 0xff, 0x20, 0xee, 0xff, 0x20, 0xee, 0xff, 0x20, 0xee, 0xff, 
  0x20, 0xee, 0xff, 0x20, 0xee, 0xff, 0x20, 0xee, 0xff, 0x20, 0xee, 0xff, 
  0x20, 0xee, 0xff, 0x20, 0xee, 0xff, 0x20, 0xee, 0xff, 0x20, 0xee, 0xff, 
  0x20, 0xee, 0xff, 0x20, 0xee, 0xff, 0x20, 0xee, 0xff, 0x20, 0xee, 0xff, 
  0x20, 0xee, 0xff, 0x20, 0xee, 0xff, 0x20, 0xee, 0xff, 0x20, 0xee, 0xff, 
  0x20, 0xee, 0xff, 0x20, 0xee, 0xff, 0x20, 0xee, 0xff, 0x20, 0xee, 0xff, 
  0x20, 0xee, 0xff, 0x20, 0xee, 0xff, 0x20, 0xee, 0xff, 0x20, 0xee, 0xff, 
  0x20, 0xee, 0xff, 0x20, 0xee, 0xff, 0x20, 0xee, 0xff, 0x20, 0xee, 0xff, 
  0x20, 0xee, 0xff, 0x20, 0xee, 0xff, 0x20, 0xee, 0xff, 0x20, 0xee, 0xff, 
  0x20, 0xee, 0xff, 0x20, 0xee, 0xff, 0x20, 0xee, 0xff, 0x20, 0xee, 0xff, 
  0x20, 0xee, 0xff, 0x20, 0xee, 0xff, 0x20, 0xee, 0xff, 0x20, 0xee, 0xff, 
  0x20, 0xee, 0xff, 0x20, 0xee, 0xff, 0x20, 0xee, 0xff, 0x20, 0xee, 0xff, 
  0x20, 0xee, 0xff, 0x20, 0xee, 0xff, 0x20, 0xee, 0xff, 0x20, 0xee, 0xff, 
  0x20, 0xee, 0xff, 0x20, 0xee, 0xff, 0x20, 0xee, 0xff, 0x20, 0xee, 0xff, 
  0x20, 0xee, 0xff, 0x20, 0xee, 0xff, 0x20, 0xee, 0xff, 0x20, 0xee, 0xff, 
  0x20, 0xee, 0xff, 0x20, 0xee, 0xff, 0x20, 0xee, 0xff, 0x20, 0xee, 0xff, 
  0x20, 0xee, 0xff, 0x20, 0xee, 0xff, 0x20, 0xee, 0xff, 0x20, 0xee, 0xff, 
  0x20, 0xee, 0xff, 0x20, 0xee, 0xff, 0x20, 0xee, 0xff, 0x20, 0xee, 0xff, 
  0x20, 0xee, 0xff, 0x20, 0xee, 0xff, 0x20, 0xee, 0xff, 0x20, 0xee, 0xff, 
  0x20, 0xee, 0xff, 0x20, 0xee, 0xff, 0x20, 0xee, 0xff, 0x20, 0xee, 0xff, 
  0x20, 0xee, 0xff, 0x20, 0xee, 0xff, 0x20, 0xee, 0xff, 0x20, 0xee, 0xff, 
  0x20, 0xee, 0xff, 0x20, 0xee, 0xff, 0x20, 0xee, 0xff, 0x20, 0xee, 0xff, 
  0x20, 0xee, 0xff, 0x20, 0xee, 0xff, 0x20, 0xee, 0xff, 0x20, 0xee, 0xff, 
  0x20, 0xee, 0xff, 0x20, 0xee, 0xff, 0x20, 0xee, 0xff, 0x20, 0xee, 0xff, 
  0x20, 0xee, 0xff, 0x20, 0xee, 0xff, 0x20, 0xee, 0xff, 0x20, 0xee, 0xff, 
  0x20, 0xee, 0xff, 0x20, 0xee, 0xff, 0x20, 0xee, 0xff, 0x20, 0xee, 0xff, 
  0x20, 0xee, 0xff, 0x20, 0xee, 0xff, 0x20, 0xee, 0xff, 0x20, 0xee, 0xff, 
  0x20, 0xee, 0xff, 0x20, 0xee, 0xff, 0x20, 0xee, 0xff, 0x20, 0xee, 0xff, 
  0x20, 0xee, 0xff, 0x20, 0xee, 0xff, 0x20, 0xee, 0xff, 0x20, 0xee, 0xff, 
  0x20, 0xee, 0xff, 0x20, 0xee, 0xff, 0x20, 0xee, 0xff, 0x20, 0xee, 0xff, 
  0x20, 0xee, 0xff, 0x20, 0xee, 0xff, 0x20, 0xee, 0xff, 0x20, 0xee, 0xff, 
  0x20, 0xee, 0xff, 0x20, 0xee, 0xff, 0x20, 0xee, 0xff, 0x20, 0xee, 0xff, 
  0x20, 0xee, 0xff, 0x20, 0xee, 0xff, 0x20, 0xee, 0xff, 0x20, 0xee, 0xff, 
  0x20, 0xee, 0xff, 0x20, 0xee, 0xff, 0x20, 0xee, 0xff, 0x20, 0xee, 0xff, 
  0x20, 0xee, 0xff, 0x20, 0xee, 0xff, 0x20, 0xee, 0xff, 0x20, 0xee, 0xff, 
  0x20, 0xee, 0xff, 0x20, 0xee, 0xff, 0x20, 0xee, 0xff, 0x20, 0xee, 0xff, 
  0x20, 0xee, 0xff, 0x20, 0xee, 0xff, 0x20, 0xee, 0xff, 0x20, 0xee, 0xff, 
  0x20, 0xee, 0xff, 0x20, 0xee, 0xff, 0x20, 0xee, 0xff, 0x20, 0xee, 0xff, 
  0x20, 0xee, 0xff, 0x20, 0xee, 0xff, 0x20, 0xee, 0xff, 0x20, 0xee, 0xff, 
  0x20, 0xee, 0xff, 0x20, 0xee, 0xff, 0x20, 0xee, 0xff, 0x20, 0xee, 0xff, 
  0x20, 0xee, 0xff, 0x20, 0xee, 0xff, 0x20, 0xee, 0xff, 0x20, 0xee, 0xff, 
  0x20, 0xee, 0xff, 0x20, 0xee, 0xff, 0x20, 0xee, 0xff, 0x20, 0xee, 0xff, 
  0x20, 0xee, 0xff, 0x20, 0xee, 0xff, 0x20, 0xee, 0xff, 0x20, 0xee, 0xff, 
  0x20, 0xee, 0xff, 0x20, 0xee, 0xff, 0x20, 0xee, 0xff, 0x20, 0xee, 0xff, 
  0x20, 0xee, 0xff, 0x20, 0xee, 0xff, 0x20, 0xee, 0xff, 0x20, 0xee, 0xff, 
  0x20, 0xee, 0xff, 0x20, 0xee, 0xff, 0x20, 0xee, 0xff, 0x20, 0xee, 0xff, 
  0x20, 0xee, 0xff, 0x20, 0xee, 0xff, 0x20, 0xee, 0xff, 0x20, 0xee, 0xff, 
  0x20, 0xee, 0xff, 0x20, 0xee, 0xff, 0x20, 0xee, 0xff, 0x20, 0xee, 0xff, 
  0x20, 0xee, 0xff, 0x20, 0xee, 0xff, 0x20, 0xee, 0xff, 0x20, 0xee, 0xff, 
  0x20, 0xee, 0xff, 0x20, 0xee, 0xff, 0x20, 0xee, 0xff, 0x20, 0xee, 0xff, 
  0x20, 0xee, 0xff, 0x20, 0xee, 0xff, 0x20, 0xee, 0xff, 0x20, 0xee, 0xff, 
  0x20, 0xee, 0xff, 0x20, 0xee, 0xff, 0x20, 0xee, 0xff, 0x20, 0xee, 0xff, 
  0x20, 0xee, 0xff, 0x20, 0xee, 0xff, 0x20, 0xee, 0xff, 0x20, 0xee, 0xff, 
  0x20, 0xee, 0xff, 0x20, 0xee, 0xff, 0x20, 0xee, 0xff, 0x20, 0xee, 0xff, 
  0x20, 0xee, 0xff, 0x20, 0xee, 0xff, 0x20, 0xee, 0xff, 0x20, 0xee, 0xff, 
  0x20, 0xee, 0xff, 0x20, 0xee, 0xff, 0x20, 0xee, 0xff, 0x20, 0xee, 0xff, 
  0x20, 0xee, 0xff, 0x20, 0xee, 0xff, 0x20, 0xee, 0xff, 0x20, 0xee, 0xff, 
  0x20, 0xee, 0xff, 0x20, 0xee, 0xff, 0x20, 0xee, 0xff, 0x20, 0xee, 0xff, 
  0x20, 0xee, 0xff, 0x20, 0xee, 0xff, 0x20, 0xee, 0xff, 0x20, 0xee, 0xff, 
  0x20, 0xee, 0xff, 0x20, 0xee, 0xff, 0x20, 0xee, 0xff, 0x20, 0xee, 0xff, 
  0x20, 0xee, 0xff, 0x20, 0xee, 0xff, 0x20, 0xee, 0xff, 0x20, 0xee, 0xff, 
  0x20, 0xee, 0xff, 0x20, 0xee, 0xff, 0x20, 0xee, 0xff, 0x20, 0xee, 0xff, 
  0x20, 0xee, 0xff, 0x20, 0xee, 0xff, 0x20, 0xee, 0xff, 0x20, 0xee, 0xff, 
  0x20, 0xee, 0xff, 0x20, 0xee, 0xff, 0x20, 0xee, 0xff, 0x20, 0xee, 0xff, 
  0x20, 0xee, 0xff, 0x20, 0xee, 0xff, 0x20, 0xee, 0xff, 0x20, 0xee, 0xff, 
  0x20, 0xee, 0xff, 0x20, 0xee, 0xff, 0x20, 0xee, 0xff, 0x20, 0xee, 0xff, 
  0x20, 0xee, 0xff, 0x20, 0xee, 0xff, 0x20, 0xee, 0xff, 0x20, 0xee, 0xff, 
  0x20, 0xee, 0xff, 0x20, 0xee, 0xff, 0x20, 0xee, 0xff, 0x20, 0xee, 0xff, 
  0x20, 0xee, 0xff, 0x20, 0xee, 0xff, 0x20, 0xee, 0xff, 0x20, 0xee, 0xff, 
  0x20, 0xee, 0xff, 0x20, 0xee, 0xff, 0x20, 0xee, 0xff, 0x20, 0xee, 0xff, 
  0x20, 0xee, 0xff, 0x20, 0xee, 0xff, 0x20, 0xee, 0xff, 0x20, 0xee, 0xff, 
  0x20, 0xee, 0xff, 0x20, 0xee, 0xff, 0x20, 0xee, 0xff, 0x20, 0xee, 0xff, 
  0x20, 0xee, 0xff, 0x20, 0xee, 0xff, 0x20, 0xee, 0xff, 0x20, 0xee, 0xff, 
  0x20, 0xee, 0xff, 0x20, 0xee, 0xff, 0x20, 0xee, 0xff, 0x20, 0xee, 0xff, 
  0x20, 0xee, 0xff, 0x20, 0xee, 0xff, 0x20, 0xee, 0xff, 0x20, 0xee, 0xff, 
  0x20, 0xee, 0xff, 0x20, 0xee, 0xff, 0x20, 0xee, 0xff, 0x20, 0xee, 0xff, 
  0x20, 0xee, 0xff, 0x20, 0xee, 0xff, 0x20, 0xee, 0xff, 0x20, 0xee, 0xff, 
  0x20, 0xee, 0xff, 0x20, 0xee, 0xff, 0x20, 0xee, 0xff, 0x20, 0xee, 0xff, 
  0x20, 0xee, 0xff, 0x20, 0xee, 0xff, 0x20, 0xee, 0xff, 0x20, 0xee, 0xff, 
  0x20, 0xee, 0xff, 0x20, 0xee, 0xff, 0x20, 0xee, 0xff, 0x20, 0xee, 0xff, 
  0x20, 0xee, 0xff, 0x20, 0xee, 0xff, 0x20, 0xee, 0xff, 0x20, 0xee, 0xff, 
  0x20, 0xee, 0xff, 0x20, 0xee, 0xff, 0x20, 0xee, 0xff, 0x20, 0xee, 0xff, 
  0x20, 0xee, 0xff, 0x20, 0xee, 0xff, 0x20, 0xee, 0xff, 0x20, 0xee, 0xff, 
  0x20, 0xee, 0xff, 0x20, 0xee, 0xff, 0x20, 0xee, 0xff, 0x20, 0xee, 0xff, 
  0x20, 0xee, 0xff, 0x20, 0xee, 0xff, 0x20, 0xee, 0xff, 0x20, 0xee, 0xff, 
  0x20, 0xee, 0xff, 0x20, 0xee, 0xff, 0x20, 0xee, 0xff, 0x20, 0xee, 0xff, 
  0x20, 0xee, 0xff, 0x20, 0xee, 0xff, 0x20, 0xee, 0xff, 0x20, 0xee, 0xff, 
  0x20, 0xee, 0xff, 0x20, 0xee, 0xff, 0x20, 0xee, 0xff, 0x20, 0xee, 0xff, 
  0x20, 0xee, 0xff, 0x20, 0xee, 0xff, 0x20, 0xee, 0xff, 0x20, 0xee, 0xff, 
  0x20, 0xee, 0xff, 0x20, 0xee, 0xff, 0x20, 0xee, 0xff, 0x20, 0xee, 0xff, 
  0x20, 0xee, 0xff, 0x20, 0xee, 0xff, 0x20, 0xee, 0xff, 0x20, 0xee, 0xff, 
  0x20, 0xee, 0xff, 0x20, 0xee, 0xff, 0x20, 0xee, 0xff, 0x20, 0xee, 0xff, 
  0x20, 0xee, 0xff, 0x20, 0xee, 0xff, 0x20, 0xee, 0xff, 0x20, 0xee, 0xff, 
  0x20, 0xee, 0xff, 0x20, 0xee, 0xff, 0x20, 0xee, 0xff, 0x20, 0xee, 0xff, 
  0x20, 0xee, 0xff, 0x20, 0xee, 0xff, 0x20, 0xee, 0xff, 0x20, 0xee, 0xff, 
  0x20, 0xee, 0xff, 0x20, 0xee, 0xff, 0x20, 0xee, 0xff, 0x20, 0xee, 0xff, 
  0x20, 0xee, 0xff, 0x20, 0xee, 0xff, 0x20, 0xee, 0xff, 0x20, 0xee, 0xff, 
  0x20, 0xee, 0xff, 0x20, 0xee, 0xff, 0x20, 0xee, 0xff, 0x20, 0xee, 0xff, 
  0x20, 0xee, 0xff, 0x20, 0xee, 0xff, 0x20, 0xee, 0xff, 0x20, 0xee, 0xff, 
  0x20, 0xee, 0xff, 0x20, 0xee, 0xff, 0x20, 0xee, 0xff, 0x20, 0xee, 0xff, 
  0x20, 0xee, 0xff, 0x20, 0xee, 0xff, 0x20, 0xee, 0xff, 0x20, 0xee, 0xff, 
  0x20, 0xee, 0xff, 0x20, 0xee, 0xff, 0x20, 0xee, 0xff, 0x20, 0xee, 0xff, 
  0x20, 0xee, 0xff, 0x20, 0xee, 0xff, 0x20, 0xee, 0xff, 0x20, 0xee, 0xff, 
  0x20, 0xee, 0xff, 0x20, 0xee, 0xff, 0x20, 0xee, 0xff, 0x20, 0xee, 0xff, 
  0x20, 0xee, 0xff, 0x20, 0xee, 0xff, 0x20, 0xee, 0xff, 0x20, 0xee, 0xff, 
  0x20, 0xee, 0xff, 0x20, 0xee, 0xff, 0x20, 0xee, 0xff, 0x20, 0xee, 0xff, 
  0x20, 0xee, 0xff, 0x20, 0xee, 0xff, 0x20, 0xee, 0xff, 0x20, 0xee, 0xff, 
  0x20, 0xee, 0xff, 0x20, 0xee, 0xff, 0x20, 0xee, 0xff, 0x20, 0xee, 0xff, 
  0x20, 0xee, 0xff, 0x20, 0xee, 0xff, 0x20, 0xee, 0xff, 0x20, 0xee, 0xff, 
  0x20, 0xee, 0xff, 0x20, 0xee, 0xff, 0x20, 0xee, 0xff, 0x20, 0xee, 0xff, 
  0x20, 0xee, 0xff, 0x20, 0xee, 0xff, 0x20, 0xee, 0xff, 0x20, 0xee, 0xff, 
  0x20, 0xee, 0xff, 0x20, 0xee, 0xff, 0x20, 0xee, 0xff, 0x20, 0xee, 0xff, 
  0x20, 0xee, 0xff, 0x20, 0xee, 0xff, 0x20, 0xee, 0xff, 0x20, 0xee, 0xff, 
  0x20, 0xee, 0xff, 0x20, 0xee, 0xff, 0x20, 0xee, 0xff, 0x20, 0xee, 0xff, 
  0x20, 0xee, 0xff, 0x20, 0xee, 0xff, 0x20, 0xee, 0xff, 0x20, 0xee, 0xff, 
  0x20, 0xee, 0xff, 0x20, 0xee, 0xff, 0x20, 0xee, 0xff, 0x20, 0xee, 0xff, 
  0x20, 0xee, 0xff, 0x20, 0xee, 0xff, 0x20, 0xee, 0xff, 0x20, 0xee, 0xff, 
  0x20, 0xee, 0xff, 0x20, 0xee, 0xff, 0x20, 0xee, 0xff, 0x20, 0xee, 0xff, 
  0x20, 0xee, 0xff, 0x20, 0xee, 0xff, 0x20, 0xee, 0xff, 0x20, 0xee, 0xff, 
  0x20, 0xee, 0xff, 0x20, 0xee, 0xff, 0x20, 0xee, 0xff, 0x20, 0xee, 0xff, 
  0x20, 0xee, 0xff, 0x20, 0xee, 0xff, 0x20, 0xee, 0xff, 0x20, 0xee, 0xff, 
  0x20, 0xee, 0xff, 0x20, 0xee, 0xff, 0x20, 0xee, 0xff, 0x20, 0xee, 0xff, 
  0x20, 0xee, 0xff, 0x20, 0xee, 0xff, 0x20, 0xee, 0xff, 0x20, 0xee, 0xff, 
  0x20, 0xee, 0xff, 0x20, 0xee, 0xff, 0x20, 0xee, 0xff, 0x20, 0xee, 0xff, 
  0x20, 0xee, 0xff, 0x20, 0xee, 0xff, 0x20, 0xee, 0xff, 0x20, 0xee, 0xff, 
  0x20, 0xee, 0xff, 0x20, 0xee, 0xff, 0x20, 0xee, 0xff, 0x20, 0xee, 0xff, 
  0x20, 0xee, 0xff, 0x20, 0xee, 0xff, 0x20, 0xee, 0xff, 0x20, 0xee, 0xff, 
  0x20, 0xee, 0xff, 0x20, 0xee, 0xff, 0x20, 0xee, 0xff, 0x20, 0xee, 0xff, 
  0x20, 0xee, 0xff, 0x20, 0xee, 0xff, 0x20, 0xee, 0xff, 0x20, 0xee, 0xff, 
  0x20, 0xee, 0xff, 0x20, 0xee, 0xff, 0x20, 0xee, 0xff, 0x20, 0xee, 0xff, 
  0x20, 0xee, 0xff, 0x20, 0xee, 0xff, 0x20, 0xee, 0xff, 0x20, 0xee, 0xff, 
  0x20, 0xee, 0xff, 0x20, 0xee, 0xff, 0x20, 0xee, 0xff, 0x20, 0xee, 0xff, 
  0x20, 0xee, 0xff, 0x20, 0xee, 0xff, 0x20, 0xee, 0xff, 0x20, 0xee, 0xff, 
  0x20, 0xee, 0xff, 0x20, 0xee, 0xff, 0x20, 0xee, 0xff, 0x20, 0xee, 0xff, 
  0x20, 0xee, 0xff, 0x20, 0xee, 0xff, 0x20, 0xee, 0xff, 0x20, 0xee, 0xff, 
  0x20, 0xee, 0xff, 0x20, 0xee, 0xff, 0x20, 0xee, 0xff, 0x20, 0xee, 0xff, 
  0x20, 0xee, 0xff, 0x20, 0xee, 0xff, 0x20, 0xee, 0xff, 0x20, 0xee, 0xff, 
  0x20, 0xee, 0xff, 0x20, 0xee, 0xff, 0x20, 0xee, 0xff, 0x20, 0xee, 0xff, 
  0x20, 0xee, 0xff, 0x20, 0xee, 0xff, 0x20, 0xee, 0xff, 0x20, 0xee, 0xff, 
  0x20, 0xee, 0xff, 0x20, 0xee, 0xff, 0x20, 0xee, 0xff, 0x20, 0xee, 0xff, 
  0x20, 0xee, 0xff, 0x20, 0xee, 0xff, 0x20, 0xee, 0xff, 0x20, 0xee, 0xff, 
  0x20, 0xee, 0xff, 0x20, 0xee, 0xff, 0x20, 0xee, 0xff, 0x20, 0xee, 0xff, 
  0x20, 0xee, 0xff, 0x20, 0xee, 0xff, 0x20, 0xee, 0xff, 0x20, 0xee, 0xff, 
  0x20, 0xee, 0xff, 0x20, 0xee, 0xff, 0x20, 0xee, 0xff, 0x20, 0xee, 0xff, 
  0x20, 0xee, 0xff, 0x20, 0xee, 0xff, 0x20, 0xee, 0xff, 0x20, 0xee, 0xff, 
  0x20, 0xee, 0xff, 0x20, 0xee, 0xff, 0x20, 0xee, 0xff, 0x20, 0xee, 0xff, 
  0x20, 0xee, 0xff, 0x20, 0xee, 0xff, 0x20, 0xee, 0xff, 0x20, 0xee, 0xff, 
  0x20, 0xee, 0xff, 0x20, 0xee, 0xff, 0x20, 0xee, 0xff, 0x20, 0xee, 0xff, 
  0x20, 0xee, 0xff, 0x20, 0xee, 0xff, 0x20, 0xee, 0xff, 0x20, 0xee, 0xff, 
  0x20, 0xee, 0xff, 0x20, 0xee, 0xff, 0x20, 0xee, 0xff, 0x20, 0xee, 0xff, 
  0x20, 0xee, 0xff, 0x20, 0xee, 0xff, 0x20, 0xee, 0xff, 0x20, 0xee, 0xff, 
  0x20, 0xee, 0xff, 0x20, 0xee, 0xff, 0x20, 0xee, 0xff, 0x20, 0xee, 0xff, 
  0x20, 0xee, 0xff, 0x20, 0xee, 0xff, 0x20, 0xee, 0xff, 0x20, 0xee, 0xff, 
  0x20, 0xee, 0xff, 0x20, 0xee, 0xff, 0x20, 0xee, 0xff, 0x20, 0xee, 0xff, 
  0x20, 0xee, 0xff, 0x20, 0xee, 0xff, 0x20, 0xee, 0xff, 0x20, 0xee, 0xff, 
  0x20, 0xee, 0xff, 0x20, 0xee, 0xff, 0x20, 0xee, 0xff, 0x20, 0xee, 0xff, 
  0x20, 0xee, 0xff, 0x20, 0xee, 0xff, 0x20, 0xee, 0xff, 0x20, 0xee, 0xff, 
  0x20, 0xee, 0xff, 0x20, 0xee, 0xff, 0x20, 0xee, 0xff, 0x20, 0xee, 0xff, 
  0x20, 0xee, 0xff, 0x20, 0xee, 0xff, 0x20, 0xee, 0xff, 0x20, 0xee, 0xff, 
  0x20, 0xee, 0xff, 0x20, 0xee, 0xff, 0x20, 0xee, 0xff, 0x20, 0xee, 0xff, 
  0x20, 0xee, 0xff, 0x20, 0xee, 0xff, 0x20, 0xee, 0xff, 0x20, 0xee, 0xff, 
  0x20, 0xee, 0xff, 0x20, 0xee, 0xff, 0x20, 0xee, 0xff, 0x20, 0xee, 0xff, 
  0x20, 0xee, 0xff, 0x20, 0xee, 0xff, 0x20, 0xee, 0xff, 0x20, 0xee, 0xff, 
  0x20, 0xee, 0xff, 0x20, 0xee, 0xff, 0x20, 0xee, 0xff, 0x20, 0xee, 0xff, 
  0x20, 0xee, 0xff, 0x20, 0xee, 0xff, 0x20, 0xee, 0xff, 0x20, 0xee, 0xff, 
  0x20, 0xee, 0xff, 0x20, 0xee, 0xff, 0x20, 0xee, 0xff, 0x20, 0xee, 0xff, 
  0x20, 0xee, 0xff, 0x20, 0xee, 0xff, 0x20, 0xee, 0xff, 0x20, 0xee, 0xff, 
  0x20, 0xee, 0xff, 0x20, 0xee, 0xff, 0x20, 0xee, 0xff, 0x20, 0xee, 0xff, 
  0x20, 0xee, 0xff, 0x20, 0xee, 0xff, 0x20, 0xee, 0xff, 0x20, 0xee, 0xff, 
  0x20, 0xee, 0xff, 0x20, 0xee, 0xff, 0x20, 0xee, 0xff, 0x20, 0xee, 0xff, 
  0x20, 0xee, 0xff, 0x20, 0xee, 0xff, 0x20, 0xee, 0xff, 0x20, 0xee, 0xff, 
  0x20, 0xee, 0xff, 0x20, 0xee, 0xff, 0x20, 0xee, 0xff, 0x20, 0xee, 0xff, 
  0x20, 0xee, 0xff, 0x20, 0xee, 0xff, 0x20, 0xee, 0xff, 0x20, 0xee, 0xff, 
  0x20, 0xee, 0xff, 0x20, 0xee, 0xff, 0x20, 0xee, 0xff, 0x20, 0xee, 0xff, 
  0x20, 0xee, 0xff, 0x20, 0xee, 0xff, 0x20, 0xee, 0xff, 0x20, 0xee, 0xff, 
  0x20, 0xee, 0xff, 0x20, 0xee, 0xff, 0x20, 0xee, 0xff, 0x20, 0xee, 0xff, 
  0x20, 0xee, 0xff, 0x20, 0xee, 0xff, 0x20, 0xee, 0xff, 0x20, 0xee, 0xff, 
  0x20, 0xee, 0xff, 0x20, 0xee, 0xff, 0x20, 0xee, 0xff, 0x20, 0xee, 0xff, 
  0x20, 0xee, 0xff, 0x20, 0xee, 0xff, 0x20, 0xee, 0xff, 0x20, 0xee, 0xff, 
  0x20, 0xee, 0xff, 0x20, 0xee, 0xff, 0x20, 0xee, 0xff, 0x20, 0xee, 0xff, 
  0x20, 0xee, 0xff, 0x20, 0xee, 0xff, 0x20, 0xee, 0xff, 0x20, 0xee, 0xff, 
  0x20, 0xee, 0xff, 0x20, 0xee, 0xff, 0x20, 0xee, 0xff, 0x20, 0xee, 0xff, 
  0x20, 0xee, 0xff, 0x20, 0xee, 0xff, 0x20, 0xee, 0xff, 0x20, 0xee, 0xff, 
  0x20, 0xee, 0xff, 0x20, 0xee, 0xff, 0x20, 0xee, 0xff, 0x20, 0xee, 0xff, 
  0x20, 0xee, 0xff, 0x20, 0xee, 0xff, 0x20, 0xee, 0xff, 0x20, 0xee, 0xff, 
  0x20, 0xee, 0xff, 0x20, 0xee, 0xff, 0x20, 0xee, 0xff, 0x20, 0xee, 0xff, 
  0x20, 0xee, 0xff, 0x20, 0xee, 0xff, 0x20, 0xee, 0xff, 0x20, 0xee, 0xff, 
  0x20, 0xee, 0xff, 0x20, 0xee, 0xff, 0x20, 0xee, 0xff, 0x20, 0xee, 0xff, 
  0x20, 0xee, 0xff, 0x20, 0xee, 0xff, 0x20, 0xee, 0xff, 0x20, 0xee, 0xff, 
  0x20, 0xee, 0xff, 0x20, 0xee, 0xff, 0x20, 0xee, 0xff, 0x20, 0xee, 0xff, 
  0x20, 0xee, 0xff, 0x20, 0xee, 0xff, 0x20, 0xee, 0xff, 0x20, 0xee, 0xff, 
  0x20, 0xee, 0xff, 0x20, 0xee, 0xff, 0x20, 0xee, 0xff, 0x20, 0xee, 0xff, 
  0x20, 0xee, 0xff, 0x20, 0xee, 0xff, 0x20, 0xee, 0xff, 0x20, 0xee, 0xff, 
  0x20, 0xee, 0xff, 0x20, 0xee, 0xff, 0x20, 0xee, 0xff, 0x20, 0xee, 0xff, 
  0x20, 0xee, 0xff, 0x20, 0xee, 0xff, 0x20, 0xee, 0xff, 0x20, 0xee, 0xff, 
  0x20, 0xee, 0xff, 0x20, 0xee, 0xff, 0x20, 0xee, 0xff, 0x20, 0xee, 0xff, 
  0x20, 0xee, 0xff, 0x20, 0xee, 0xff, 0x20, 0xee, 0xff, 0x20, 0xee, 0xff, 
  0x20, 0xee, 0xff, 0x20, 0xee, 0xff, 0x20, 0xee, 0xff, 0x20, 0xee, 0xff, 
  0x20, 0xee, 0xff, 0x20, 0xee, 0xff, 0x20, 0xee, 0xff, 0x20, 0xee, 0xff, 
  0x20, 0xee, 0xff, 0x20, 0xee, 0xff, 0x20, 0xee, 0xff, 0x20, 0xee, 0xff, 
  0x20, 0xee, 0xff, 0x20, 0xee, 0xff, 0x20, 0xee, 0xff, 0x20, 0xee, 0xff, 
  0x20, 0xee, 0xff, 0x20, 0xee, 0xff, 0x20, 0xee, 0xff, 0x20, 0xee, 0xff, 
  0x20, 0xee, 0xff, 0x20, 0xee, 0xff, 0x20, 0xee, 0xff, 0x20, 0xee, 0xff, 
  0x20, 0xee, 0xff, 0x20, 0xee, 0xff, 0x20, 0xee, 0xff, 0x20, 0xee, 0xff, 
  0x20, 0xee, 0xff, 0x20, 0xee, 0xff, 0x20, 0xee, 0xff, 0x20, 0xee, 0xff, 
  0x20, 0xee, 0xff, 0x20, 0xee, 0xff, 0x20, 0xee, 0xff, 0x20, 0xee, 0xff, 
  0x20, 0xee, 0xff, 0x20, 0xee, 0xff, 0x20, 0xee, 0xff, 0x20, 0xee, 0xff, 
  0x20, 0xee, 0xff, 0x20, 0xee, 0xff, 0x20, 0xee, 0xff, 0x20, 0xee, 0xff, 
  0x20, 0xee, 0xff, 0x20, 0xee, 0xff, 0x20, 0xee, 0xff, 0x20, 0xee, 0xff, 
  0x20, 0xee, 0xff, 0x20, 0xee, 0xff, 0x20, 0xee, 0xff, 0x20, 0xee, 0xff, 
  0x20, 0xee, 0xff, 0x20, 0xee, 0xff, 0x20, 0xee, 0xff, 0x20, 0xee, 0xff, 
  0x20, 0xee, 0xff, 0x20, 0xee, 0xff, 0x20, 0xee, 0xff, 0x20, 0xee, 0xff, 
  0x20, 0xee, 0xff, 0x20, 0xee, 0xff, 0x20, 0xee, 0xff, 0x20, 0xee, 0xff, 
  0x20, 0xee, 0xff, 0x20, 0xee, 0xff, 0x20, 0xee, 0xff, 0x20, 0xee, 0xff, 
  0x20, 0xee, 0xff, 0x20, 0xee, 0xff, 0x20, 0xee, 0xff, 0x20, 0xee, 0xff, 
  0x20, 0xee, 0xff, 0x20, 0xee, 0xff, 0x20, 0xee, 0xff, 0x20, 0xee, 0xff, 
  0x20, 0xee, 0xff, 0x20, 0xee, 0xff, 0x20, 0xee, 0xff, 0x20, 0xee, 0xff, 
  0x20, 0xee, 0xff, 0x20, 0xee, 0xff, 0x20, 0xee, 0xff, 0x20, 0xee, 0xff, 
  0x20, 0xee, 0xff, 0x20, 0xee, 0xff, 0x20, 0xee, 0xff, 0x20, 0xee, 0xff, 
  0x20, 0xee, 0xff, 0x20, 0xee, 0xff, 0x20, 0xee, 0xff, 0x20, 0xee, 0xff, 
  0x20, 0xee, 0xff, 0x20, 0xee, 0xff, 0x20, 0xee, 0xff, 0x20, 0xee, 0xff, 
  0x20, 0xee, 0xff, 0x20, 0xee, 0xff, 0x20, 0xee, 0xff, 0x20, 0xee, 0xff, 
  0x20, 0xee, 0xff, 0x20, 0xee, 0xff, 0x20, 0xee, 0xff, 0x20, 0xee, 0xff, 
  0x20, 0xee, 0xff, 0x20, 0xee, 0xff, 0x20, 0xee, 0xff, 0x20, 0xee, 0xff, 
  0x20, 0xee, 0xff, 0x20, 0xee, 0xff, 0x20, 0xee, 0xff, 0x20, 0xee, 0xff, 
  0x20, 0xee, 0xff, 0x20, 0xee, 0xff, 0x20, 0xee, 0xff, 0x20, 0xee, 0xff, 
  0x20, 0xee, 0xff, 0x20, 0xee, 0xff, 0x20, 0xee, 0xff, 0x20, 0xee, 0xff, 
  0x20, 0xee, 0xff, 0x20, 0xee, 0xff, 0x20, 0xee, 0xff, 0x20, 0xee, 0xff, 
  0x20, 0xee, 0xff, 0x20, 0xee, 0xff, 0x20, 0xee, 0xff, 0x20, 0xee, 0xff, 
  0x20, 0xee, 0xff, 0x20, 0xee, 0xff, 0x20, 0xee, 0xff, 0x20, 0xee, 0xff, 
  0x20, 0xee, 0xff, 0x20, 0xee, 0xff, 0x20, 0xee, 0xff, 0x20, 0xee, 0xff, 
  0x20, 0xee, 0xff, 0x20, 0xee, 0xff, 0x20, 0xee, 0xff, 0x20, 0xee, 0xff, 
  0x20, 0xee, 0xff, 0x20, 0xee, 0xff, 0x20, 0xee, 0xff, 0x20, 0xee, 0xff, 
  0x20, 0xee, 0xff, 0x20, 0xee, 0xff, 0x20, 0xee, 0xff, 0x20, 0xee, 0xff, 
  0x20, 0xee, 0xff, 0x20, 0xee, 0xff, 0x20, 0xee, 0xff, 0x20, 0xee, 0xff, 
  0x20, 0xee, 0xff, 0x20, 0xee, 0xff, 0x20, 0xee, 0xff, 0x20, 0xee, 0xff, 
  0x20, 0xee, 0xff, 0x20, 0xee, 0xff, 0x20, 0xee, 0xff, 0x20, 0xee, 0xff, 
  0x20, 0xee, 0xff, 0x20, 0xee, 0xff, 0x20, 0xee, 0xff, 0x20, 0xee, 0xff, 
  0x20, 0xee, 0xff, 0x20, 0xee, 0xff, 0x20, 0xee, 0xff, 0x20, 0xee, 0xff, 
  0x20, 0xee, 0xff, 0x20, 0xee, 0xff, 0x20, 0xee, 0xff, 0x20, 0xee, 0xff, 
  0x20, 0xee, 0xff, 0x20, 0xee, 0xff, 0x20, 0xee, 0xff, 0x20, 0xee, 0xff, 
  0x20, 0xee, 0xff, 0x20, 0xee, 0xff, 0x20, 0xee, 0xff, 0x20, 0xee, 0xff, 
  0x20, 0xee, 0xff, 0x20, 0xee, 0xff, 0x20, 0xee, 0xff, 0x20, 0xee, 0xff, 
  0x20, 0xee, 0xff, 0x20, 0xee, 0xff, 0x20, 0xee, 0xff, 0x20, 0xee, 0xff, 
  0x20, 0xee, 0xff, 0x20, 0xee, 0xff, 0x20, 0xee, 0xff, 0x20, 0xee, 0xff, 
  0x20, 0xee, 0xff, 0x20, 0xee, 0xff, 0x20, 0xee, 0xff, 0x20, 0xee, 0xff, 
  0x20, 0xee, 0xff, 0x20, 0xee, 0xff, 0x20, 0xee, 0xff, 0x20, 0xee, 0xff, 
  0x20, 0xee, 0xff, 0x20, 0xee, 0xff, 0x20, 0xee, 0xff, 0x20, 0xee, 0xff, 
  0x20, 0xee, 0xff, 0x20, 0xee, 0xff, 0x20, 0xee, 0xff, 0x20, 0xee, 0xff, 
  0x20, 0xee, 0xff, 0x20, 0xee, 0xff, 0x20, 0xee, 0xff, 0x20, 0xee, 0xff, 
  0x20, 0xee, 0xff, 0x20, 0xee, 0xff, 0x20, 0xee, 0xff, 0x20, 0xee, 0xff, 
  0x20, 0xee, 0xff, 0x20, 0xee, 0xff, 0x20, 0xee, 0xff, 0x20, 0xee, 0xff, 
  0x20, 0xee, 0xff, 0x20, 0xee, 0xff, 0x20, 0xee, 0xff, 0x20, 0xee, 0xff, 
  0x20, 0xee, 0xff, 0x20, 0xee, 0xff, 0x20, 0xee, 0xff, 0x20, 0xee, 0xff, 
  0x20, 0xee, 0xff, 0x20, 0xee, 0xff, 0x20, 0xee, 0xff, 0x20, 0xee, 0xff, 
  0x20, 0xee, 0xff, 0x20, 0xee, 0xff, 0x20, 0xee, 0xff, 0x20, 0xee, 0xff, 
  0x20, 0xee, 0xff, 0x20, 0xee, 0xff, 0x20, 0xee, 0xff, 0x20, 0xee, 0xff, 
  0x20, 0xee, 0xff, 0x20, 0xee, 0xff, 0x20, 0xee, 0xff, 0x20, 0xee, 0xff, 
  0x20, 0xee, 0xff, 0x20, 0xee, 0xff, 0x20, 0xee, 0xff, 0x20, 0xee, 0xff, 
  0x20, 0xee, 0xff, 0x20, 0xee, 0xff, 0x20, 0xee, 0xff, 0x20, 0xee, 0xff, 
  0x20, 0xee, 0xff, 0x20, 0xee, 0xff, 0x20, 0xee, 0xff, 0x20, 0xee, 0xff, 
  0x20, 0xee, 0xff, 0x20, 0xee, 0xff, 0x20, 0xee, 0xff, 0x20, 0xee, 0xff, 
  0x20, 0xee, 0xff, 0x20, 0xee, 0xff, 0x20, 0xee, 0xff, 0x20, 0xee, 0xff, 
  0x20, 0xee, 0xff, 0x20, 0xee, 0xff, 0x20, 0xee, 0xff, 0x20, 0xee, 0xff, 
  0x20, 0xee, 0xff, 0x20, 0xee, 0xff, 0x20, 0xee, 0xff, 0x20, 0xee, 0xff, 
  0x20, 0xee, 0xff, 0x20, 0xee, 0xff, 0x20, 0xee, 0xff, 0x20, 0xee, 0xff, 
  0x20, 0xee, 0xff, 0x20, 0xee, 0xff, 0x20, 0xee, 0xff, 0x20, 0xee, 0xff, 
  0x20, 0xee, 0xff, 0x20, 0xee, 0xff, 0x20, 0xee, 0xff, 0x20, 0xee, 0xff, 
  0x20, 0xee, 0xff, 0x20, 0xee, 0xff, 0x20, 0xee, 0xff, 0x20, 0xee, 0xff, 
  0x20, 0xee, 0xff, 0x20, 0xee, 0xff, 0x20, 0xee, 0xff, 0x20, 0xee, 0xff, 
  0x20, 0xee, 0xff, 0x20, 0xee, 0xff, 0x20, 0xee, 0xff, 0x20, 0xee, 0xff, 
  0x20, 0xee, 0xff, 0x20, 0xee, 0xff, 0x20, 0xee, 0xff, 0x20, 0xee, 0xff, 
  0x20, 0xee, 0xff, 0x20, 0xee, 0xff, 0x20, 0xee, 0xff, 0x20, 0xee, 0xff, 
  0x20, 0xee, 0xff, 0x20, 0xee, 0xff, 0x20, 0xee, 0xff, 0x20, 0xee, 0xff, 
  0x20, 0xee, 0xff, 0x20, 0xee, 0xff, 0x20, 0xee, 0xff, 0x20, 0xee, 0xff, 
  0x20, 0xee, 0xff, 0x20, 0xee, 0xff, 0x20, 0xee, 0xff, 0x20, 0xee, 0xff, 
  0x20, 0xee, 0xff, 0x20, 0xee, 0xff, 0x20, 0xee, 0xff, 0x20, 0xee, 0xff, 
  0x20, 0xee, 0xff, 0x20, 0xee, 0xff, 0x20, 0xee, 0xff, 0x20, 0xee, 0xff, 
  0x20, 0xee, 0xff, 0x20, 0xee, 0xff, 0x20, 0xee, 0xff, 0x20, 0xee, 0xff, 
  0x20, 0xee, 0xff, 0x20, 0xee, 0xff, 0x20, 0xee, 0xff, 0x20, 0xee, 0xff, 
  0x20, 0xee, 0xff, 0x20, 0xee, 0xff, 0x20, 0xee, 0xff, 0x20, 0xee, 0xff, 
  0x20, 0xee, 0xff, 0x20, 0xee, 0xff, 0x20, 0xee, 0xff, 0x20, 0xee, 0xff, 
  0x20, 0xee, 0xff, 0x20, 0xee, 0xff, 0x20, 0xee, 0xff, 0x20, 0xee, 0xff, 
  0x20, 0xee, 0xff, 0x20, 0xee, 0xff, 0x20, 0xee, 0xff, 0x20, 0xee, 0xff, 
  0x20, 0xee, 0xff, 0x20, 0xee, 0xff, 0x20, 0xee, 0xff, 0x20, 0xee, 0xff, 
  0x20, 0xee, 0xff, 0x20, 0xee, 0xff, 0x20, 0xee, 0xff, 0x20, 0xee, 0xff, 
  0x20, 0xee, 0xff, 0x20, 0xee, 0xff, 0x20, 0xee, 0xff, 0x20, 0xee, 0xff, 
  0x20, 0xee, 0xff, 0x20, 0xee, 0xff, 0x20, 0xee, 0xff, 0x20, 0xee, 0xff, 
  0x20, 0xee, 0xff, 0x20, 0xee, 0xff, 0x20, 0xee, 0xff, 0x20, 0xee, 0xff, 
  0x20, 0xee, 0xff, 0x20, 0xee, 0xff, 0x20, 0xee, 0xff, 0x20, 0xee, 0xff, 
  0x20, 0xee, 0xff, 0x20, 0xee, 0xff, 0x20, 0xee, 0xff, 0x20, 0xee, 0xff, 
  0x20, 0xee, 0xff, 0x20, 0xee, 0xff, 0x20, 0xee, 0xff, 0x20, 0xee, 0xff, 
  0x20, 0xee, 0xff, 0x20, 0xee, 0xff, 0x20, 0xee, 0xff, 0x20, 0xee, 0xff, 
  0x20, 0xee, 0xff, 0x20, 0xee, 0xff, 0x20, 0xee, 0xff, 0x20, 0xee, 0xff, 
  0x20, 0xee, 0xff, 0x20, 0xee, 0xff, 0x20, 0xee, 0xff, 0x20, 0xee, 0xff, 
  0x20, 0xee, 0xff, 0x20, 0xee, 0xff, 0x20, 0xee, 0xff, 0x20, 0xee, 0xff, 
  0x20, 0xee, 0xff, 0x20, 0xee, 0xff, 0x20, 0xee, 0xff, 0x20, 0xee, 0xff, 
  0x20, 0xee, 0xff, 0x20, 0xee, 0xff, 0x20, 0xee, 0xff, 0x20, 0xee, 0xff, 
  0x20, 0xee, 0xff, 0x20, 0xee, 0xff, 0x20, 0xee, 0xff, 0x20, 0xee, 0xff, 
  0x20, 0xee, 0xff, 0x20, 0xee, 0xff, 0x20, 0xee, 0xff, 0x20, 0xee, 0xff, 
  0x20, 0xee, 0xff, 0x20, 0xee, 0xff, 0x20, 0xee, 0xff, 0x20, 0xee, 0xff, 
  0x20, 0xee, 0xff, 0x20, 0xee, 0xff, 0x20, 0xee, 0xff, 0x20, 0xee, 0xff, 
  0x20, 0xee, 0xff, 0x20, 0xee, 0xff, 0x20, 0xee, 0xff, 0x20, 0xee, 0xff, 
  0x20, 0xee, 0xff, 0x20, 0xee, 0xff, 0x20, 0xee, 0xff, 0x20, 0xee, 0xff, 
  0x20, 0xee, 0xff, 0x20, 0xee, 0xff, 0x20, 0xee, 0xff, 0x20, 0xee, 0xff, 
  0x20, 0xee, 0xff, 0x20, 0xee, 0xff, 0x20, 0xee, 0xff, 0x20, 0xee, 0xff, 
  0x20, 0xee, 0xff, 0x20, 0xee, 0xff, 0x20, 0xee, 0xff, 0x20, 0xee, 0xff, 
  0x20, 0xee, 0xff, 0x20, 0xee, 0xff, 0x20, 0xee, 0xff, 0x20, 0xee, 0xff, 
  0x20, 0xee, 0xff, 0x20, 0xee, 0xff, 0x20, 0xee, 0xff, 0x20, 0xee, 0xff, 
  0x20, 0xee, 0xff, 0x20, 0xee, 0xff, 0x20, 0xee, 0xff, 0x20, 0xee, 0xff, 
  0x20, 0xee, 0xff, 0x20, 0xee, 0xff, 0x20, 0xee, 0xff, 0x20, 0xee, 0xff, 
  0x20, 0xee, 0xff, 0x20, 0xee, 0xff, 0x20, 0xee, 0xff, 0x20, 0xee, 0xff, 
  0x20, 0xee, 0xff, 0x20, 0xee, 0xff, 0x20, 0xee, 0xff, 0x20, 0xee, 0xff, 
  0x20, 0xee, 0xff, 0x20, 0xee, 0xff, 0x20, 0xee, 0xff, 0x20, 0xee, 0xff, 
  0x20, 0xee, 0xff, 0x20, 0xee, 0xff, 0x20, 0xee, 0xff, 0x20, 0xee, 0xff, 
  0x20, 0xee, 0xff, 0x20, 0xee, 0xff, 0x20, 0xee, 0xff, 0x20, 0xee, 0xff, 
  0x20, 0xee, 0xff, 0x20, 0xee, 0xff, 0x20, 0xee, 0xff, 0x20, 0xee, 0xff, 
  0x20, 0xee, 0xff, 0x20, 0xee, 0xff, 0x20, 0xee, 0xff, 0x20, 0xee, 0xff, 
  0x20, 0xee, 0xff, 0x20, 0xee, 0xff, 0x20, 0xee, 0xff, 0x20, 0xee, 0xff, 
  0x20, 0xee, 0xff, 0x20, 0xee, 0xff, 0x20, 0xee, 0xff, 0x20, 0xee, 0xff, 
  0x20, 0xee, 0xff, 0x20, 0xee, 0xff, 0x20, 0xee, 0xff, 0x20, 0xee, 0xff, 
  0x20, 0xee, 0xff, 0x20, 0xee, 0xff, 0x20, 0xee, 0xff, 0x20, 0xee, 0xff, 
  0x20, 0xee, 0xff, 0x20, 0xee, 0xff, 0x20, 0xee, 0xff, 0x20, 0xee, 0xff, 
  0x20, 0xee, 0xff, 0x20, 0xee, 0xff, 0x20, 0xee, 0xff, 0x20, 0xee, 0xff, 
  0x20, 0xee, 0xff, 0x20, 0xee, 0xff, 0x20, 0xee, 0xff, 0x20, 0xee, 0xff, 
  0x20, 0xee, 0xff, 0x20, 0xee, 0xff, 0x20, 0xee, 0xff, 0x20, 0xee, 0xff, 
  0x20, 0xee, 0xff, 0x20, 0xee, 0xff, 0x20, 0xee, 0xff, 0x20, 0xee, 0xff, 
  0x20, 0xee, 0xff, 0x20, 0xee, 0xff, 0x20, 0xee, 0xff, 0x20, 0xee, 0xff, 
  0x20, 0xee, 0xff, 0x20, 0xee, 0xff, 0x20, 0xee, 0xff, 0x20, 0xee, 0xff, 
  0x20, 0xee, 0xff, 0x20, 0xee, 0xff, 0x20, 0xee, 0xff, 0x20, 0xee, 0xff, 
  0x20, 0xee, 0xff, 0x20, 0xee, 0xff, 0x20, 0xee, 0xff, 0x20, 0xee, 0xff, 
  0x20, 0xee, 0xff, 0x20, 0xee, 0xff, 0x20, 0xee, 0xff, 0x20, 0xee, 0xff, 
  0x20, 0xee, 0xff, 0x20, 0xee, 0xff, 0x20, 0xee, 0xff, 0x20, 0xee, 0xff, 
  0x20, 0xee, 0xff, 0x20, 0xee, 0xff, 0x20, 0xee, 0xff, 0x20, 0xee, 0xff, 
  0x20, 0xee, 0xff, 0x20, 0xee, 0xff, 0x20, 0xee, 0xff, 0x20, 0xee, 0xff, 
  0x20, 0xee, 0xff, 0x20, 0xee, 0xff, 0x20, 0xee, 0xff, 0x20, 0xee, 0xff, 
  0x20, 0xee, 0xff, 0x20, 0xee, 0xff, 0x20, 0xee, 0xff, 0x20, 0xee, 0xff, 
  0x20, 0xee, 0xff, 0x20, 0xee, 0xff, 0x20, 0xee, 0xff, 0x20, 0xee, 0xff, 
  0x20, 0xee, 0xff, 0x20, 0xee, 0xff, 0x20, 0xee, 0xff, 0x20, 0xee, 0xff, 
  0x20, 0xee, 0xff, 0x20, 0xee, 0xff, 0x20, 0xee, 0xff, 0x20, 0xee, 0xff, 
  0x20, 0xee, 0xff, 0x20, 0xee, 0xff, 0x20, 0xee, 0xff, 0x20, 0xee, 0xff, 
  0x20, 0xee, 0xff, 0x20, 0xee, 0xff, 0x20, 0xee, 0xff, 0x20, 0xee, 0xff, 
  0x20, 0xee, 0xff, 0x20, 0xee, 0xff, 0x20, 0xee, 0xff, 0x20, 0xee, 0xff, 
  0x20, 0xee, 0xff, 0x20, 0xee, 0xff, 0x20, 0xee, 0xff, 0x20, 0xee, 0xff, 
  0x20, 0xee, 0xff, 0x20, 0xee, 0xff, 0x20, 0xee, 0xff, 0x20, 0xee, 0xff, 
  0x20, 0xee, 0xff, 0x20, 0xee, 0xff, 0x20, 0xee, 0xff, 0x20, 0xee, 0xff, 
  0x20, 0xee, 0xff, 0x20, 0xee, 0xff, 0x20, 0xee, 0xff, 0x20, 0xee, 0xff, 
  0x20, 0xee, 0xff, 0x20, 0xee, 0xff, 0x20, 0xee, 0xff, 0x20, 0xee, 0xff, 
  0x20, 0xee, 0xff, 0x20, 0xee, 0xff, 0x20, 0xee, 0xff, 0x20, 0xee, 0xff, 
  0x20, 0xee, 0xff, 0x20, 0xee, 0xff, 0x20, 0xee, 0xff, 0x20, 0xee, 0xff, 
  0x20, 0xee, 0xff, 0x20, 0xee, 0xff, 0x20, 0xee, 0xff, 0x20, 0xee, 0xff, 
  0x20, 0xee, 0xff, 0x20, 0xee, 0xff, 0x20, 0xee, 0xff, 0x20, 0xee, 0xff, 
  0x20, 0xee, 0xff, 0x20, 0xee, 0xff, 0x20, 0xee, 0xff, 0x20, 0xee, 0xff, 
  0x20, 0xee, 0xff, 0x20, 0xee, 0xff, 0x20, 0xee, 0xff, 0x20, 0xee, 0xff, 
  0x20, 0xee, 0xff, 0x20, 0xee, 0xff, 0x20, 0xee, 0xff, 0x20, 0xee, 0xff, 
  0x20, 0xee, 0xff, 0x20, 0xee, 0xff, 0x20, 0xee, 0xff, 0x20, 0xee, 0xff, 
  0x20, 0xee, 0xff, 0x20, 0xee, 0xff, 0x20, 0xee, 0xff, 0x20, 0xee, 0xff, 
  0x20, 0xee, 0xff, 0x20, 0xee, 0xff, 0x20, 0xee, 0xff, 0x20, 0xee, 0xff, 
  0x20, 0xee, 0xff, 0x20, 0xee, 0xff, 0x20, 0xee, 0xff, 0x20, 0xee, 0xff, 
  0x20, 0xee, 0xff, 0x20, 0xee, 0xff, 0x20, 0xee, 0xff, 0x20, 0xee, 0xff, 
  0x20, 0xee, 0xff, 0x20, 0xee, 0xff, 0x20, 0xee, 0xff, 0x20, 0xee, 0xff, 
  0x20, 0xee, 0xff, 0x20, 0xee, 0xff, 0x20, 0xee, 0xff, 0x20, 0xee, 0xff, 
  0x20, 0xee, 0xff, 0x20, 0xee, 0xff, 0x20, 0xee, 0xff, 0x20, 0xee, 0xff, 
  0x20, 0xee, 0xff, 0x20, 0xee, 0xff, 0x20, 0xee, 0xff, 0x20, 0xee, 0xff, 
  0x20, 0xee, 0xff, 0x20, 0xee, 0xff, 0x20, 0xee, 0xff, 0x20, 0xee, 0xff, 
  0x20, 0xee, 0xff, 0x20, 0xee, 0xff, 0x20, 0xee, 0xff, 0x20, 0xee, 0xff, 
  0x20, 0xee, 0xff, 0x20, 0xee, 0xff, 0x20, 0xee, 0xff, 0x20, 0xee, 0xff, 
  0x20, 0xee, 0xff, 0x20, 0xee, 0xff, 0x20, 0xee, 0xff, 0x20, 0xee, 0xff, 
  0x20, 0xee, 0xff, 0x20, 0xee, 0xff, 0x20, 0xee, 0xff, 0x20, 0xee, 0xff, 
  0x20, 0xee, 0xff, 0x20, 0xee, 0xff, 0x20, 0xee, 0xff, 0x20, 0xee, 0xff, 
  0x20, 0xee, 0xff, 0x20, 0xee, 0xff, 0x20, 0xee, 0xff, 0x20, 0xee, 0xff, 
  0x20, 0xee, 0xff, 0x20, 0xee, 0xff, 0x20, 0xee, 0xff, 0x20, 0xee, 0xff, 
  0x20, 0xee, 0xff, 0x20, 0xee, 0xff, 0x20, 0xee, 0xff, 0x20, 0xee, 0xff, 
  0x20, 0xee, 0xff, 0x20, 0xee, 0xff, 0x20, 0xee, 0xff, 0x20, 0xee, 0xff, 
  0x20, 0xee, 0xff, 0x20, 0xee, 0xff, 0x20, 0xee, 0xff, 0x20, 0xee, 0xff, 
  0x20, 0xee, 0xff, 0x20, 0xee, 0xff, 0x20, 0xee, 0xff, 0x20, 0xee, 0xff, 
  0x20, 0xee, 0xff, 0x20, 0xee, 0xff, 0x20, 0xee, 0xff, 0x20, 0xee, 0xff, 
  0x20, 0xee, 0xff, 0x20, 0xee, 0xff, 0x20, 0xee, 0xff, 0x20, 0xee, 0xff, 
  0x20, 0xee, 0xff, 0x20, 0xee, 0xff, 0x20, 0xee, 0xff, 0x20, 0xee, 0xff, 
  0x20, 0xee, 0xff, 0x20, 0xee, 0xff, 0x20, 0xee, 0xff, 0x20, 0xee, 0xff, 
  0x20, 0xee, 0xff, 0x20, 0xee, 0xff, 0x20, 0xee, 0xff, 0x20, 0xee, 0xff, 
  0x20, 0xee, 0xff, 0x20, 0xee, 0xff, 0x20, 0xee, 0xff, 0x20, 0xee, 0xff, 
  0x20, 0xee, 0xff, 0x20, 0xee, 0xff, 0x20, 0xee, 0xff, 0x20, 0xee, 0xff, 
  0x20, 0xee, 0xff, 0x20, 0xee, 0xff, 0x20, 0xee, 0xff, 0x20, 0xee, 0xff, 
  0x20, 0xee, 0xff, 0x20, 0xee, 0xff, 0x20, 0xee, 0xff, 0x20, 0xee, 0xff, 
  0x20, 0xee, 0xff, 0x20, 0xee, 0xff, 0x20, 0xee, 0xff, 0x20, 0xee, 0xff, 
  0x20, 0xee, 0xff, 0x20, 0xee, 0xff, 0x20, 0xee, 0xff, 0x20, 0xee, 0xff, 
  0x20, 0xee, 0xff, 0x20, 0xee, 0xff, 0x20, 0xee, 0xff, 0x20, 0xee, 0xff, 
  0x20, 0xee, 0xff, 0x20, 0xee, 0xff, 0x20, 0xee, 0xff, 0x20, 0xee, 0xff, 
  0x20, 0xee, 0xff, 0x20, 0xee, 0xff, 0x20, 0xee, 0xff, 0x20, 0xee, 0xff, 
  0x20, 0xee, 0xff, 0x20, 0xee, 0xff, 0x20, 0xee, 0xff, 0x20, 0xee, 0xff, 
  0x20, 0xee, 0xff, 0x20, 0xee, 0xff, 0x20, 0xee, 0xff, 0x20, 0xee, 0xff, 
  0x20, 0xee, 0xff, 0x20, 0xee, 0xff, 0x20, 0xee, 0xff, 0x20, 0xee, 0xff, 
  0x20, 0xee, 0xff, 0x20, 0xee, 0xff, 0x20, 0xee, 0xff, 0x20, 0xee, 0xff, 
  0x20, 0xee, 0xff, 0x20, 0xee, 0xff, 0x20, 0xee, 0xff, 0x20, 0xee, 0xff, 
  0x20, 0xee, 0xff, 0x20, 0xee, 0xff, 0x20, 0xee, 0xff, 0x20, 0xee, 0xff, 
  0x20, 0xee, 0xff, 0x20, 0xee, 0xff, 0x20, 0xee, 0xff, 0x20, 0xee, 0xff, 
  0x20, 0xee, 0xff, 0x20, 0xee, 0xff, 0x20, 0xee, 0xff, 0x20, 0xee, 0xff, 
  0x20, 0xee, 0xff, 0x20, 0xee, 0xff, 0x20, 0xee, 0xff, 0x20, 0xee, 0xff, 
  0x20, 0xee, 0xff, 0x20, 0xee, 0xff, 0x20, 0xee, 0xff, 0x20, 0xee, 0xff, 
  0x20, 0xee, 0xff, 0x20, 0xee, 0xff, 0x20, 0xee, 0xff, 0x20, 0xee, 0xff, 
  0x20, 0xee, 0xff, 0x20, 0xee, 0xff, 0x20, 0xee, 0xff, 0x20, 0xee, 0xff, 
  0x20, 0xee, 0xff, 0x20, 0xee, 0xff, 0x20, 0xee, 0xff, 0x20, 0xee, 0xff, 
  0x20, 0xee, 0xff, 0x20, 0xee, 0xff, 0x20, 0xee, 0xff, 0x20, 0xee, 0xff, 
  0x20, 0xee, 0xff, 0x20, 0xee, 0xff, 0x20, 0xee, 0xff, 0x20, 0xee, 0xff, 
  0x20, 0xee, 0xff, 0x20, 0xee, 0xff, 0x20, 0xee, 0xff, 0x20, 0xee, 0xff, 
  0x20, 0xee, 0xff, 0x20, 0xee, 0xff, 0x20, 0xee, 0xff, 0x20, 0xee, 0xff, 
  0x20, 0xee, 0xff, 0x20, 0xee, 0xff, 0x20, 0xee, 0xff, 0x20, 0xee, 0xff, 
  0x20, 0xee, 0xff, 0x20, 0xee, 0xff, 0x20, 0xee, 0xff, 0x20, 0xee, 0xff, 
  0x20, 0xee, 0xff, 0x20, 0xee, 0xff, 0x20, 0xee, 0xff, 0x20, 0xee, 0xff, 
  0x20, 0xee, 0xff, 0x20, 0xee, 0xff, 0x20, 0xee, 0xff, 0x20, 0xee, 0xff, 
  0x20, 0xee, 0xff, 0x20, 0xee, 0xff, 0x20, 0xee, 0xff, 0x20, 0xee, 0xff, 
  0x20, 0xee, 0xff, 0x20, 0xee, 0xff, 0x20, 0xee, 0xff, 0x20, 0xee, 0xff, 
  0x20, 0xee, 0xff, 0x20, 0xee, 0xff, 0x20, 0xee, 0xff, 0x20, 0xee, 0xff, 
  0x20, 0xee, 0xff, 0x20, 0xee, 0xff, 0x20, 0xee, 0xff, 0x20, 0xee, 0xff, 
  0x20, 0xee, 0xff, 0x20, 0xee, 0xff, 0x20, 0xee, 0xff, 0x20, 0xee, 0xff, 
  0x20, 0xee, 0xff, 0x20, 0xee, 0xff, 0x20, 0xee, 0xff, 0x20, 0xee, 0xff, 
  0x20, 0xee, 0xff, 0x20, 0xee, 0xff, 0x20, 0xee, 0xff, 0x20, 0xee, 0xff, 
  0x20, 0xee, 0xff, 0x20, 0xee, 0xff, 0x20, 0xee, 0xff, 0x20, 0xee, 0xff, 
  0x20, 0xee, 0xff, 0x20, 0xee, 0xff, 0x20, 0xee, 0xff, 0x20, 0xee, 0xff, 
  0x20, 0xee, 0xff, 0x20, 0xee, 0xff, 0x20, 0xee, 0xff, 0x20, 0xee, 0xff, 
  0x20, 0xee, 0xff, 0x20, 0xee, 0xff, 0x20, 0xee, 0xff, 0x20, 0xee, 0xff, 
  0x20, 0xee, 0xff, 0x20, 0xee, 0xff, 0x20, 0xee, 0xff, 0x20, 0xee, 0xff, 
  0x20, 0xee, 0xff, 0x20, 0xee, 0xff, 0x20, 0xee, 0xff, 0x20, 0xee, 0xff, 
  0x20, 0xee, 0xff, 0x20, 0xee, 0xff, 0x20, 0xee, 0xff, 0x20, 0xee, 0xff, 
  0x20, 0xee, 0xff, 0x20, 0xee, 0xff, 0x20, 0xee, 0xff, 0x20, 0xee, 0xff, 
  0x20, 0xee, 0xff, 0x20, 0xee, 0xff, 0x20, 0xee, 0xff, 0x20, 0xee, 0xff, 
  0x20, 0xee, 0xff, 0x20, 0xee, 0xff, 0x20, 0xee, 0xff, 0x20, 0xee, 0xff, 
  0x20, 0xee, 0xff, 0x20, 0xee, 0xff, 0x20, 0xee, 0xff, 0x20, 0xee, 0xff, 
  0x20, 0xee, 0xff, 0x20, 0xee, 0xff, 0x20, 0xee, 0xff, 0x20, 0xee, 0xff, 
  0x20, 0xee, 0xff, 0x20, 0xee, 0xff, 0x20, 0xee, 0xff, 0x20, 0xee, 0xff, 
  0x20, 0xee, 0xff, 0x20, 0xee, 0xff, 0x20, 0xee, 0xff, 0x20, 0xee, 0xff, 
  0x20, 0xee, 0xff, 0x20, 0xee, 0xff, 0x20, 0xee, 0xff, 0x20, 0xee, 0xff, 
  0x20, 0xee, 0xff, 0x20, 0xee, 0xff, 0x20, 0xee, 0xff, 0x20, 0xee, 0xff, 
  0x20, 0xee, 0xff, 0x20, 0xee, 0xff, 0x20, 0xee, 0xff, 0x20, 0xee, 0xff, 
  0x20, 0xee, 0xff, 0x20, 0xee, 0xff, 0x20, 0xee, 0xff, 0x20, 0xee, 0xff, 
  0x20, 0xee, 0xff, 0x20, 0xee, 0xff, 0x20, 0xee, 0xff, 0x20, 0xee, 0xff, 
  0x20, 0xee, 0xff, 0x20, 0xee, 0xff, 0x20, 0xee, 0xff, 0x20, 0xee, 0xff, 
  0x20, 0xee, 0xff, 0x20, 0xee, 0xff, 0x20, 0xee, 0xff, 0x20, 0xee, 0xff, 
  0x20, 0xee, 0xff, 0x20, 0xee, 0xff, 0x20, 0xee, 0xff, 0x20, 0xee, 0xff, 
  0x20, 0xee, 0xff, 0x20, 0xee, 0xff, 0x20, 0xee, 0xff, 0x20, 0xee, 0xff, 
  0x20, 0xee, 0xff, 0x20, 0xee, 0xff, 0x20, 0xee, 0xff, 0x20, 0xee, 0xff, 
  0x20, 0xee, 0xff, 0x20, 0xee, 0xff, 0x20, 0xee, 0xff, 0x20, 0xee, 0xff, 
  0x20, 0xee, 0xff, 0x20, 0xee, 0xff, 0x20, 0xee, 0xff, 0x20, 0xee, 0xff, 
  0x20, 0xee, 0xff, 0x20, 0xee, 0xff, 0x20, 0xee, 0xff, 0x20, 0xee, 0xff, 
  0x20, 0xee, 0xff, 0x20, 0xee, 0xff, 0x20, 0xee, 0xff, 0x20, 0xee, 0xff, 
  0x20, 0xee, 0xff, 0x20, 0xee, 0xff, 0x20, 0xee, 0xff, 0x20, 0xee, 0xff, 
  0x20, 0xee, 0xff, 0x20, 0xee, 0xff, 0x20, 0xee, 0xff, 0x20, 0xee, 0xff, 
  0x20, 0xee, 0xff, 0x20, 0xee, 0xff, 0x20, 0xee, 0xff, 0x20, 0xee, 0xff, 
  0x20, 0xee, 0xff, 0x20, 0xee, 0xff, 0x20, 0xee, 0xff, 0x20, 0xee, 0xff, 
  0x20, 0xee, 0xff, 0x20, 0xee, 0xff, 0x20, 0xee, 0xff, 0x20, 0xee, 0xff, 
  0x20, 0xee, 0xff, 0x20, 0xee, 0xff, 0x20, 0xee, 0xff, 0x20, 0xee, 0xff, 
  0x20, 0xee, 0xff, 0x20, 0xee, 0xff, 0x20, 0xee, 0xff, 0x20, 0xee, 0xff, 
  0x20, 0xee, 0xff, 0x20, 0xee, 0xff, 0x20, 0xee, 0xff, 0x20, 0xee, 0xff, 
  0x20, 0xee, 0xff, 0x20, 0xee, 0xff, 0x20, 0xee, 0xff, 0x20, 0xee, 0xff, 
  0x20, 0xee, 0xff, 0x20, 0xee, 0xff, 0x20, 0xee, 0xff, 0x20, 0xee, 0xff, 
  0x20, 0xee, 0xff, 0x20, 0xee, 0xff, 0x20, 0xee, 0xff, 0x20, 0xee, 0xff, 
  0x20, 0xee, 0xff, 0x20, 0xee, 0xff, 0x20, 0xee, 0xff, 0x20, 0xee, 0xff, 
  0x20, 0xee, 0xff, 0x20, 0xee, 0xff, 0x20, 0xee, 0xff, 0x20, 0xee, 0xff, 
  0x20, 0xee, 0xff, 0x20, 0xee, 0xff, 0x20, 0xee, 0xff, 0x20, 0xee, 0xff, 
  0x20, 0xee, 0xff, 0x20, 0xee, 0xff, 0x20, 0xee, 0xff, 0x20, 0xee, 0xff, 
  0x20, 0xee, 0xff, 0x20, 0xee, 0xff, 0x20, 0xee, 0xff, 0x20, 0xee, 0xff, 
  0x20, 0xee, 0xff, 0x20, 0xee, 0xff, 0x20, 0xee, 0xff, 0x20, 0xee, 0xff, 
  0x20, 0xee, 0xff, 0x20, 0xee, 0xff, 0x20, 0xee, 0xff, 0x20, 0xee, 0xff, 
  0x20, 0xee, 0xff, 0x20, 0xee, 0xff, 0x20, 0xee, 0xff, 0x20, 0xee, 0xff, 
  0x20, 0xee, 0xff, 0x20, 0xee, 0xff, 0x20, 0xee, 0xff, 0x20, 0xee, 0xff, 
  0x20, 0xee, 0xff, 0x20, 0xee, 0xff, 0x20, 0xee, 0xff, 0x20, 0xee, 0xff, 
  0x20, 0xee, 0xff, 0x20, 0xee, 0xff, 0x20, 0xee, 0xff, 0x20, 0xee, 0xff, 
  0x20, 0xee, 0xff, 0x20, 0xee, 0xff, 0x20, 0xee, 0xff, 0x20, 0xee, 0xff, 
  0x20, 0xee, 0xff, 0x20, 0xee, 0xff, 0x20, 0xee, 0xff, 0x20, 0xee, 0xff, 
  0x20, 0xee, 0xff, 0x20, 0xee, 0xff, 0x20, 0xee, 0xff, 0x20, 0xee, 0xff, 
  0x20, 0xee, 0xff, 0x20, 0xee, 0xff, 0x20, 0xee, 0xff, 0x20, 0xee, 0xff, 
  0x20, 0xee, 0xff, 0x20, 0xee, 0xff, 0x20, 0xee, 0xff, 0x20, 0xee, 0xff, 
  0x20, 0xee, 0xff, 0x20, 0xee, 0xff, 0x20, 0xee, 0xff, 0x20, 0xee, 0xff, 
  0x20, 0xee, 0xff, 0x20, 0xee, 0xff, 0x20, 0xee, 0xff, 0x20, 0xee, 0xff, 
  0x20, 0xee, 0xff, 0x20, 0xee, 0xff, 0x20, 0xee, 0xff, 0x20, 0xee, 0xff, 
  0x20, 0xee, 0xff, 0x20, 0xee, 0xff, 0x20, 0xee, 0xff, 0x20, 0xee, 0xff, 
  0x20, 0xee, 0xff, 0x20, 0xee, 0xff, 0x20, 0xee, 0xff, 0x20, 0xee, 0xff, 
  0x20, 0xee, 0xff, 0x20, 0xee, 0xff, 0x20, 0xee, 0xff, 0x20, 0xee, 0xff, 
  0x20, 0xee, 0xff, 0x20, 0xee, 0xff, 0x20, 0xee, 0xff, 0x20, 0xee, 0xff, 
  0x20, 0xee, 0xff, 0x20, 0xee, 0xff, 0x20, 0xee, 0xff, 0x20, 0xee, 0xff, 
  0x20, 0xee, 0xff, 0x20, 0xee, 0xff, 0x20, 0xee, 0xff, 0x20, 0xee, 0xff, 
  0x20, 0xee, 0xff, 0x20, 0xee, 0xff, 0x20, 0xee, 0xff, 0x20, 0xee, 0xff, 
  0x20, 0xee, 0xff, 0x20, 0xee, 0xff, 0x20, 0xee, 0xff, 0x20, 0xee, 0xff, 
  0x20, 0xee, 0xff, 0x20, 0xee, 0xff, 0x20, 0xee, 0xff, 0x20, 0xee, 0xff, 
  0x20, 0xee, 0xff, 0x20, 0xee, 0xff, 0x20, 0xee, 0xff, 0x20, 0xee, 0xff, 
  0x20, 0xee, 0xff, 0x20, 0xee, 0xff, 0x20, 0xee, 0xff, 0x20, 0xee, 0xff, 
  0x20, 0xee, 0xff, 0x20, 0xee, 0xff, 0x20, 0xee, 0xff, 0x20, 0xee, 0xff, 
  0x20, 0xee, 0xff, 0x20, 0xee, 0xff, 0x20, 0xee, 0xff, 0x20, 0xee, 0xff, 
  0x20, 0xee, 0xff, 0x20, 0xee, 0xff, 0x20, 0xee, 0xff, 0x20, 0xee, 0xff, 
  0x20, 0xee, 0xff, 0x20, 0xee, 0xff, 0x20, 0xee, 0xff, 0x20, 0xee, 0xff, 
  0x20, 0xee, 0xff, 0x20, 0xee, 0xff, 0x20, 0xee, 0xff, 0x20, 0xee, 0xff, 
  0x20, 0xee, 0xff, 0x20, 0xee, 0xff, 0x20, 0xee, 0xff, 0x20, 0xee, 0xff, 
  0x20, 0xee, 0xff, 0x20, 0xee, 0xff, 0x20, 0xee, 0xff, 0x20, 0xee, 0xff, 
  0x20, 0xee, 0xff, 0x20, 0xee, 0xff, 0x20, 0xee, 0xff, 0x20, 0xee, 0xff, 
  0x20, 0xee, 0xff, 0x20, 0xee, 0xff, 0x20, 0xee, 0xff, 0x20, 0xee, 0xff, 
  0x20, 0xee, 0xff, 0x20, 0xee, 0xff, 0x20, 0xee, 0xff, 0x20, 0xee, 0xff, 
  0x20, 0xee, 0xff, 0x20, 0xee, 0xff, 0x20, 0xee, 0xff, 0x20, 0xee, 0xff, 
  0x20, 0xee, 0xff, 0x20, 0xee, 0xff, 0x20, 0xee, 0xff, 0x20, 0xee, 0xff, 
  0x20, 0xee, 0xff, 0x20, 0xee, 0xff, 0x20, 0xee, 0xff, 0x20, 0xee, 0xff, 
  0x20, 0xee, 0xff, 0x20, 0xee, 0xff, 0x20, 0xee, 0xff, 0x20, 0xee, 0xff, 
  0x20, 0xee, 0xff, 0x20, 0xee, 0xff, 0x20, 0xee, 0xff, 0x20, 0xee, 0xff, 
  0x20, 0xee, 0xff, 0x20, 0xee, 0xff, 0x20, 0xee, 0xff, 0x20, 0xee, 0xff, 
  0x20, 0xee, 0xff, 0x20, 0xee, 0xff, 0x20, 0xee, 0xff, 0x20, 0xee, 0xff, 
  0x20, 0xee, 0xff, 0x20, 0xee, 0xff, 0x20, 0xee, 0xff, 0x20, 0xee, 0xff, 
  0x20, 0xee, 0xff, 0x20, 0xee, 0xff, 0x20, 0xee, 0xff, 0x20, 0xee, 0xff, 
  0x20, 0xee, 0xff, 0x20, 0xee, 0xff, 0x20, 0xee, 0xff, 0x20, 0xee, 0xff, 
  0x20, 0xee, 0xff, 0x20, 0xee, 0xff, 0x20, 0xee, 0xff, 0x20, 0xee, 0xff, 
  0x20, 0xee, 0xff, 0x20, 0xee, 0xff, 0x20, 0xee, 0xff, 0x20, 0xee, 0xff, 
  0x20, 0xee, 0xff, 0x20, 0xee, 0xff, 0x20, 0xee, 0xff, 0x20, 0xee, 0xff, 
  0x20, 0xee, 0xff, 0x20, 0xee, 0xff, 0x20, 0xee, 0xff, 0x20, 0xee, 0xff, 
  0x20, 0xee, 0xff, 0x20, 0xee, 0xff, 0x20, 0xee, 0xff, 0x20, 0xee, 0xff, 
  0x20, 0xee, 0xff, 0x20, 0xee, 0xff, 0x20, 0xee, 0xff, 0x20, 0xee, 0xff, 
  0x20, 0xee, 0xff, 0x20, 0xee, 0xff, 0x20, 0xee, 0xff, 0x20, 0xee, 0xff, 
  0x20, 0xee, 0xff, 0x20, 0xee, 0xff, 0x20, 0xee, 0xff, 0x20, 0xee, 0xff, 
  0x20, 0xee, 0xff, 0x20, 0xee, 0xff, 0x20, 0xee, 0xff, 0x20, 0xee, 0xff, 
  0x20, 0xee, 0xff, 0x20, 0xee, 0xff, 0x20, 0xee, 0xff, 0x20, 0xee, 0xff, 
  0x20, 0xee, 0xff, 0x20, 0xee, 0xff, 0x20, 0xee, 0xff, 0x20, 0xee, 0xff, 
  0x20, 0xee, 0xff, 0x20, 0xee, 0xff, 0x20, 0xee, 0xff, 0x20, 0xee, 0xff, 
  0x20, 0xee, 0xff, 0x20, 0xee, 0xff, 0x20, 0xee, 0xff, 0x20, 0xee, 0xff, 
  0x20, 0xee, 0xff, 0x20, 0xee, 0xff, 0x20, 0xee, 0xff, 0x20, 0xee, 0xff, 
  0x20, 0xee, 0xff, 0x20, 0xee, 0xff, 0x20, 0xee, 0xff, 0x20, 0xee, 0xff, 
  0x20, 0xee, 0xff, 0x20, 0xee, 0xff, 0x20, 0xee, 0xff, 0x20, 0xee, 0xff, 
  0x20, 0xee, 0xff, 0x20, 0xee, 0xff, 0x20, 0xee, 0xff, 0x20, 0xee, 0xff, 
  0x20, 0xee, 0xff, 0x20, 0xee, 0xff, 0x20, 0xee, 0xff, 0x20, 0xee, 0xff, 
  0x20, 0xee, 0xff, 0x20, 0xee, 0xff, 0x20, 0xee, 0xff, 0x20, 0xee, 0xff, 
  0x20, 0xee, 0xff, 0x20, 0xee, 0xff, 0x20, 0xee, 0xff, 0x20, 0xee, 0xff, 
  0x20, 0xee, 0xff, 0x20, 0xee, 0xff, 0x20, 0xee, 0xff, 0x20, 0xee, 0xff, 
  0x20, 0xee, 0xff, 0x20, 0xee, 0xff, 0x20, 0xee, 0xff, 0x20, 0xee, 0xff, 
  0x20, 0xee, 0xff, 0x20, 0xee, 0xff, 0x20, 0xee, 0xff, 0x20, 0xee, 0xff, 
  0x20, 0xee, 0xff, 0x20, 0xee, 0xff, 0x20, 0xee, 0xff, 0x20, 0xee, 0xff, 
  0x20, 0xee, 0xff, 0x20, 0xee, 0xff, 0x20, 0xee, 0xff, 0x20, 0xee, 0xff, 
  0x20, 0xee, 0xff, 0x20, 0xee, 0xff, 0x20, 0xee, 0xff, 0x20, 0xee, 0xff, 
  0x20, 0xee, 0xff, 0x20, 0xee, 0xff, 0x20, 0xee, 0xff, 0x20, 0xee, 0xff, 
  0x20, 0xee, 0xff, 0x20, 0xee, 0xff, 0x20, 0xee, 0xff, 0x20, 0xee, 0xff, 
  0x20, 0xee, 0xff, 0x20, 0xee, 0xff, 0x20, 0xee, 0xff, 0x20, 0xee, 0xff, 
  0x20, 0xee, 0xff, 0x20, 0xee, 0xff, 0x20, 0xee, 0xff, 0x20, 0xee, 0xff, 
  0x20, 0xee, 0xff, 0x20, 0xee, 0xff, 0x20, 0xee, 0xff, 0x20, 0xee, 0xff, 
  0x20, 0xee, 0xff, 0x20, 0xee, 0xff, 0x20, 0xee, 0xff, 0x20, 0xee, 0xff, 
  0x20, 0xee, 0xff, 0x20, 0xee, 0xff, 0x20, 0xee, 0xff, 0x20, 0xee, 0xff, 
  0x20, 0xee, 0xff, 0x20, 0xee, 0xff, 0x20, 0xee, 0xff, 0x20, 0xee, 0xff, 
  0x20, 0xee, 0xff, 0x20, 0xee, 0xff, 0x20, 0xee, 0xff, 0x20, 0xee, 0xff, 
  0x20, 0xee, 0xff, 0x20, 0xee, 0xff, 0x20, 0xee, 0xff, 0x20, 0xee, 0xff, 
  0x20, 0xee, 0xff, 0x20, 0xee, 0xff, 0x20, 0xee, 0xff, 0x20, 0xee, 0xff, 
  0x20, 0xee, 0xff, 0x20, 0xee, 0xff, 0x20, 0xee, 0xff, 0x20, 0xee, 0xff, 
  0x20, 0xee, 0xff, 0x20, 0xee, 0xff, 0x20, 0xee, 0xff, 0x20, 0xee, 0xff, 
  0x20, 0xee, 0xff, 0x20, 0xee, 0xff, 0x20, 0xee, 0xff, 0x20, 0xee, 0xff, 
  0x20, 0xee, 0xff, 0x20, 0xee, 0xff, 0x20, 0xee, 0xff, 0x20, 0xee, 0xff, 
  0x20, 0xee, 0xff, 0x20, 0xee, 0xff, 0x20, 0xee, 0xff, 0x20, 0xee, 0xff, 
  0x20, 0xee, 0xff, 0x20, 0xee, 0xff, 0x20, 0xee, 0xff, 0x20, 0xee, 0xff, 
  0x20, 0xee, 0xff, 0x20, 0xee, 0xff, 0x20, 0xee, 0xff, 0x20, 0xee, 0xff, 
  0x20, 0xee, 0xff, 0x20, 0xee, 0xff, 0x20, 0xee, 0xff, 0x20, 0xee, 0xff, 
  0x20, 0xee, 0xff, 0x20, 0xee, 0xff, 0x20, 0xee, 0xff, 0x20, 0xee, 0xff, 
  0x20, 0xee, 0xff, 0x20, 0xee, 0xff, 0x20, 0xee, 0xff, 0x20, 0xee, 0xff, 
  0x20, 0xee, 0xff, 0x20, 0xee, 0xff, 0x20, 0xee, 0xff, 0x20, 0xee, 0xff, 
  0x20, 0xee, 0xff, 0x20, 0xee, 0xff, 0x20, 0xee, 0xff, 0x20, 0xee, 0xff, 
  0x20, 0xee, 0xff, 0x20, 0xee, 0xff, 0x20, 0xee, 0xff, 0x20, 0xee, 0xff, 
  0x20, 0xee, 0xff, 0x20, 0xee, 0xff, 0x20, 0xee, 0xff, 0x20, 0xee, 0xff, 
  0x20, 0xee, 0xff, 0x20, 0xee, 0xff, 0x20, 0xee, 0xff, 0x20, 0xee, 0xff, 
  0x20, 0xee, 0xff, 0x20, 0xee, 0xff, 0x20, 0xee, 0xff, 0x20, 0xee, 0xff, 
  0x20, 0xee, 0xff, 0x20, 0xee, 0xff, 0x20, 0xee, 0xff, 0x20, 0xee, 0xff, 
  0x20, 0xee, 0xff, 0x20, 0xee, 0xff, 0x20, 0xee, 0xff, 0x20, 0xee, 0xff, 
  0x20, 0xee, 0xff, 0x20, 0xee, 0xff, 0x20, 0xee, 0xff, 0x20, 0xee, 0xff, 
  0x20, 0xee, 0xff, 0x20, 0xee, 0xff, 0x20, 0xee, 0xff, 0x20, 0xee, 0xff, 
  0x20, 0xee, 0xff, 0x20, 0xee, 0xff, 0x20, 0xee, 0xff, 0x20, 0xee, 0xff, 
  0x20, 0xee, 0xff, 0x20, 0xee, 0xff, 0x20, 0xee, 0xff, 0x20, 0xee, 0xff, 
  0x20, 0xee, 0xff, 0x20, 0xee, 0xff, 0x20, 0xee, 0xff, 0x20, 0xee, 0xff, 
  0x20, 0xee, 0xff, 0x20, 0xee, 0xff, 0x20, 0xee, 0xff, 0x20, 0xee, 0xff, 
  0x20, 0xee, 0xff, 0x20, 0xee, 0xff, 0x20, 0xee, 0xff, 0x20, 0xee, 0xff, 
  0x20, 0xee, 0xff, 0x20, 0xee, 0xff, 0x20, 0xee, 0xff, 0x20, 0xee, 0xff, 
  0x20, 0xee, 0xff, 0x20, 0xee, 0xff, 0x20, 0xee, 0xff, 0x20, 0xee, 0xff, 
  0x20, 0xee, 0xff, 0x20, 0xee, 0xff, 0x20, 0xee, 0xff, 0x20, 0xee, 0xff, 
  0x20, 0xee, 0xff, 0x20, 0xee, 0xff, 0x20, 0xee, 0xff, 0x20, 0xee, 0xff, 
  0x20, 0xee, 0xff, 0x20, 0xee, 0xff, 0x20, 0xee, 0xff, 0x20, 0xee, 0xff, 
  0x20, 0xee, 0xff, 0x20, 0xee, 0xff, 0x20, 0xee, 0xff, 0x20, 0xee, 0xff, 
  0x20, 0xee, 0xff, 0x20, 0xee, 0xff, 0x20, 0xee, 0xff, 0x20, 0xee, 0xff, 
  0x20, 0xee, 0xff, 0x20, 0xee, 0xff, 0x20, 0xee, 0xff, 0x20, 0xee, 0xff, 
  0x20, 0xee, 0xff, 0x20, 0xee, 0xff, 0x20, 0xee, 0xff, 0x20, 0xee, 0xff, 
  0x20, 0xee, 0xff, 0x20, 0xee, 0xff, 0x20, 0xee, 0xff, 0x20, 0xee, 0xff, 
  0x20, 0xee, 0xff, 0x20, 0xee, 0xff, 0x20, 0xee, 0xff, 0x20, 0xee, 0xff, 
  0x20, 0xee, 0xff, 0x20, 0xee, 0xff, 0x20, 0xee, 0xff, 0x20, 0xee, 0xff, 
  0x20, 0xee, 0xff, 0x20, 0xee, 0xff, 0x20, 0xee, 0xff, 0x20, 0xee, 0xff, 
  0x20, 0xee, 0xff, 0x20, 0xee, 0xff, 0x20, 0xee, 0xff, 0x20, 0xee, 0xff, 
  0x20, 0xee, 0xff, 0x20, 0xee, 0xff, 0x20, 0xee, 0xff, 0x20, 0xee, 0xff, 
  0x20, 0xee, 0xff, 0x20, 0xee, 0xff, 0x20, 0xee, 0xff, 0x20, 0xee, 0xff, 
  0x20, 0xee, 0xff, 0x20, 0xee, 0xff, 0x20, 0xee, 0xff, 0x20, 0xee, 0xff, 
  0x20, 0xee, 0xff, 0x20, 0xee, 0xff, 0x20, 0xee, 0xff, 0x20, 0xee, 0xff, 
  0x20, 0xee, 0xff, 0x20, 0xee, 0xff, 0x20, 0xee, 0xff, 0x20, 0xee, 0xff, 
  0x20, 0xee, 0xff, 0x20, 0xee, 0xff, 0x20, 0xee, 0xff, 0x20, 0xee, 0xff, 
  0x20, 0xee, 0xff, 0x20, 0xee, 0xff, 0x20, 0xee, 0xff, 0x20, 0xee, 0xff, 
  0x20, 0xee, 0xff, 0x20, 0xee, 0xff, 0x20, 0xee, 0xff, 0x20, 0xee, 0xff, 
  0x20, 0xee, 0xff, 0x20, 0xee, 0xff, 0x20, 0xee, 0xff, 0x20, 0xee, 0xff, 
  0x20, 0xee, 0xff, 0x20, 0xee, 0xff, 0x20, 0xee, 0xff, 0x20, 0xee, 0xff, 
  0x20, 0xee, 0xff, 0x20, 0xee, 0xff, 0x20, 0xee, 0xff, 0x20, 0xee, 0xff, 
  0x20, 0xee, 0xff, 0x20, 0xee, 0xff, 0x20, 0xee, 0xff, 0x20, 0xee, 0xff, 
  0x20, 0xee, 0xff, 0x20, 0xee, 0xff, 0x20, 0xee, 0xff, 0x20, 0xee, 0xff, 
  0x20, 0xee, 0xff, 0x20, 0xee, 0xff, 0x20, 0xee, 0xff, 0x20, 0xee, 0xff, 
  0x20, 0xee, 0xff, 0x20, 0xee, 0xff, 0x20, 0xee, 0xff, 0x20, 0xee, 0xff, 
  0x20, 0xee, 0xff, 0x20, 0xee, 0xff, 0x20, 0xee, 0xff, 0x20, 0xee, 0xff, 
  0x20, 0xee, 0xff, 0x20, 0xee, 0xff, 0x20, 0xee, 0xff, 0x20, 0xee, 0xff, 
  0x20, 0xee, 0xff, 0x20, 0xee, 0xff, 0x20, 0xee, 0xff, 0x20, 0xee, 0xff, 
  0x20, 0xee, 0xff, 0x20, 0xee, 0xff, 0x20, 0xee, 0xff, 0x20, 0xee, 0xff, 
  0x20, 0xee, 0xff, 0x20, 0xee, 0xff, 0x20, 0xee, 0xff, 0x20, 0xee, 0xff, 
  0x20, 0xee, 0xff, 0x20, 0xee, 0xff, 0x20, 0xee, 0xff, 0x20, 0xee, 0xff, 
  0x20, 0xee, 0xff, 0x20, 0xee, 0xff, 0x20, 0xee, 0xff, 0x20, 0xee, 0xff, 
  0x20, 0xee, 0xff, 0x20, 0xee, 0xff, 0x20, 0xee, 0xff, 0x20, 0xee, 0xff, 
  0x20, 0xee, 0xff, 0x20, 0xee, 0xff, 0x20, 0xee, 0xff, 0x20, 0xee, 0xff, 
  0x20, 0xee, 0xff, 0x20, 0xee, 0xff, 0x20, 0xee, 0xff, 0x20, 0xee, 0xff, 
  0x20, 0xee, 0xff, 0x20, 0xee, 0xff, 0x20, 0xee, 0xff, 0x20, 0xee, 0xff, 
  0x20, 0xee, 0xff, 0x20, 0xee, 0xff, 0x20, 0xee, 0xff, 0x20, 0xee, 0xff, 
  0x20, 0xee, 0xff, 0x20, 0xee, 0xff, 0x20, 0xee, 0xff, 0x20, 0xee, 0xff, 
  0x20, 0xee, 0xff, 0x20, 0xee, 0xff, 0x20, 0xee, 0xff, 0x20, 0xee, 0xff, 
  0x20, 0xee, 0xff, 0x20, 0xee, 0xff, 0x20, 0xee, 0xff, 0x20, 0xee, 0xff, 
  0x20, 0xee, 0xff, 0x20, 0xee, 0xff, 0x20, 0xee, 0xff, 0x20, 0xee, 0xff, 
  0x20, 0xee, 0xff, 0x20, 0xee, 0xff, 0x20, 0xee, 0xff, 0x20, 0xee, 0xff, 
  0x20, 0xee, 0xff, 0x20, 0xee, 0xff, 0x20, 0xee, 0xff, 0x20, 0xee, 0xff, 
  0x20, 0xee, 0xff, 0x20, 0xee, 0xff, 0x20, 0xee, 0xff, 0x20, 0xee, 0xff, 
  0x20, 0xee, 0xff, 0x20, 0xee, 0xff, 0x20, 0xee, 0xff, 0x20, 0xee, 0xff, 
  0x20, 0xee, 0xff, 0x20, 0xee, 0xff, 0x20, 0xee, 0xff, 0x20, 0xee, 0xff, 
  0x20, 0xee, 0xff, 0x20, 0xee, 0xff, 0x20, 0xee, 0xff, 0x20, 0xee, 0xff, 
  0x20, 0xee, 0xff, 0x20, 0xee, 0xff, 0x20, 0xee, 0xff, 0x20, 0xee, 0xff, 
  0x20, 0xee, 0xff, 0x20, 0xee, 0xff, 0x20, 0xee, 0xff, 0x20, 0xee, 0xff, 
  0x20, 0xee, 0xff, 0x20, 0xee, 0xff, 0x20, 0xee, 0xff, 0x20, 0xee, 0xff, 
  0x20, 0xee, 0xff, 0x20, 0xee, 0xff, 0x20, 0xee, 0xff, 0x20, 0xee, 0xff, 
  0x20, 0xee, 0xff, 0x20, 0xee, 0xff, 0x20, 0xee, 0xff, 0x20, 0xee, 0xff, 
  0x20, 0xee, 0xff, 0x20, 0xee, 0xff, 0x20, 0xee, 0xff, 0x20, 0xee, 0xff, 
  0x20, 0xee, 0xff, 0x20, 0xee, 0xff, 0x20, 0xee, 0xff, 0x20, 0xee, 0xff, 
  0x20, 0xee, 0xff, 0x20, 0xee, 0xff, 0x20, 0xee, 0xff, 0x20, 0xee, 0xff, 
  0x20, 0xee, 0xff, 0x20, 0xee, 0xff, 0x20, 0xee, 0xff, 0x20, 0xee, 0xff, 
  0x20, 0xee, 0xff, 0x20, 0xee, 0xff, 0x20, 0xee, 0xff, 0x20, 0xee, 0xff, 
  0x20, 0xee, 0xff, 0x20, 0xee, 0xff, 0x20, 0xee, 0xff, 0x20, 0xee, 0xff, 
  0x20, 0xee, 0xff, 0x20, 0xee, 0xff, 0x20, 0xee, 0xff, 0x20, 0xee, 0xff, 
  0x20, 0xee, 0xff, 0x20, 0xee, 0xff, 0x20, 0xee, 0xff, 0x20, 0xee, 0xff, 
  0x20, 0xee, 0xff, 0x20, 0xee, 0xff, 0x20, 0xee, 0xff, 0x20, 0xee, 0xff, 
  0x20, 0xee, 0xff, 0x20, 0xee, 0xff, 0x20, 0xee, 0xff, 0x20, 0xee, 0xff, 
  0x20, 0xee, 0xff, 0x20, 0xee, 0xff, 0x20, 0xee, 0xff, 0x20, 0xee, 0xff, 
  0x20, 0xee, 0xff, 0x20, 0xee, 0xff, 0x20, 0xee, 0xff, 0x20, 0xee, 0xff, 
  0x20, 0xee, 0xff, 0x20, 0xee, 0xff, 0x20, 0xee, 0xff, 0x20, 0xee, 0xff, 
  0x20, 0xee, 0xff, 0x20, 0xee, 0xff, 0x20, 0xee, 0xff, 0x20, 0xee, 0xff, 
  0x20, 0xee, 0xff, 0x20, 0xee, 0xff, 0x20, 0xee, 0xff, 0x20, 0xee, 0xff, 
  0x20, 0xee, 0xff, 0x20, 0xee, 0xff, 0x20, 0xee, 0xff, 0x20, 0xee, 0xff, 
  0x20, 0xee, 0xff, 0x20, 0xee, 0xff, 0x20, 0xee, 0xff, 0x20, 0xee, 0xff, 
  0x20, 0xee, 0xff, 0x20, 0xee, 0xff, 0x20, 0xee, 0xff, 0x20, 0xee, 0xff, 
  0x20, 0xee, 0xff, 0x20, 0xee, 0xff, 0x20, 0xee, 0xff, 0x20, 0xee, 0xff, 
  0x20, 0xee, 0xff, 0x20, 0xee, 0xff, 0x20, 0xee, 0xff, 0x20, 0xee, 0xff, 
  0x20, 0xee, 0xff, 0x20, 0xee, 0xff, 0x20, 0xee, 0xff, 0x20, 0xee, 0xff, 
  0x20, 0xee, 0xff, 0x20, 0xee, 0xff, 0x20, 0xee, 0xff, 0x20, 0xee, 0xff, 
  0x20, 0xee, 0xff, 0x20, 0xee, 0xff, 0x20, 0xee, 0xff, 0x20, 0xee, 0xff, 
  0x20, 0xee, 0xff, 0x20, 0xee, 0xff, 0x20, 0xee, 0xff, 0x20, 0xee, 0xff, 
  0x20, 0xee, 0xff, 0x20, 0xee, 0xff, 0x20, 0xee, 0xff, 0x20, 0xee, 0xff, 
  0x20, 0xee, 0xff, 0x20, 0xee, 0xff, 0x20, 0xee, 0xff, 0x20, 0xee, 0xff, 
  0x20, 0xee, 0xff, 0x20, 0xee, 0xff, 0x20, 0xee, 0xff, 0x20, 0xee, 0xff, 
  0x20, 0xee, 0xff, 0x20, 0xee, 0xff, 0x20, 0xee, 0xff, 0x20, 0xee, 0xff, 
  0x20, 0xee, 0xff, 0x20, 0xee, 0xff, 0x20, 0xee, 0xff, 0x20, 0xee, 0xff, 
  0x20, 0xee, 0xff, 0x20, 0xee, 0xff, 0x20, 0xee, 0xff, 0x20, 0xee, 0xff, 
  0x20, 0xee, 0xff, 0x20, 0xee, 0xff, 0x20, 0xee, 0xff, 0x20, 0xee, 0xff, 
  0x20, 0xee, 0xff, 0x20, 0xee, 0xff, 0x20, 0xee, 0xff, 0x20, 0xee, 0xff, 
  0x20, 0xee, 0xff, 0x20, 0xee, 0xff, 0x20, 0xee, 0xff, 0x20, 0xee, 0xff, 
  0x20, 0xee, 0xff, 0x20, 0xee, 0xff, 0x20, 0xee, 0xff, 0x20, 0xee, 0xff, 
  0x20, 0xee, 0xff, 0x00, 0xee, 0xff, 0x20, 0xee, 0xff, 0x20, 0xee, 0xff, 
  0x20, 0xee, 0xff, 0x20, 0xee, 0xff, 0x20, 0xee, 0xff, 0x20, 0xee, 0xff, 
  0x20, 0xee, 0xff, 0x20, 0xee, 0xff, 0x20, 0xee, 0xff, 0x20, 0xee, 0xff, 
  0x20, 0xee, 0xff, 0x20, 0xee, 0xff, 0x20, 0xee, 0xff, 0x20, 0xee, 0xff, 
  0x20, 0xee, 0xff, 0x20, 0xee, 0xff, 0x20, 0xee, 0xff, 0x20, 0xee, 0xff, 
  0x20, 0xee, 0xff, 0x20, 0xee, 0xff, 0x20, 0xee, 0xff, 0x20, 0xee, 0xff, 
  0x20, 0xee, 0xff, 0x20, 0xee, 0xff, 0x20, 0xee, 0xff, 0x20, 0xee, 0xff, 
  0x20, 0xee, 0xff, 0x20, 0xee, 0xff, 0x20, 0xee, 0xff, 0x20, 0xee, 0xff, 
  0x20, 0xee, 0xff, 0x20, 0xee, 0xff, 0x20, 0xee, 0xff, 0x20, 0xee, 0xff, 
  0x20, 0xee, 0xff, 0x20, 0xee, 0xff, 0x20, 0xee, 0xff, 0x20, 0xee, 0xff, 
  0x20, 0xee, 0xff, 0x20, 0xee, 0xff, 0x20, 0xee, 0xff, 0x20, 0xee, 0xff, 
  0x20, 0xee, 0xff, 0x20, 0xee, 0xff, 0x20, 0xee, 0xff, 0x20, 0xee, 0xff, 
  0x20, 0xee, 0xff, 0x20, 0xee, 0xff, 0x20, 0xee, 0xff, 0x20, 0xee, 0xff, 
  0x20, 0xee, 0xff, 0x20, 0xee, 0xff, 0x20, 0xee, 0xff, 0x20, 0xee, 0xff, 
  0x00, 0xee, 0xff, 0x20, 0xee, 0xff, 0x20, 0xee, 0xff, 0x20, 0xee, 0xff, 
  0x20, 0xee, 0xff, 0x20, 0xee, 0xff, 0x20, 0xee, 0xff, 0x20, 0xee, 0xff, 
  0x20, 0xee, 0xff, 0x20, 0xee, 0xff, 0x20, 0xee, 0xff, 0x20, 0xee, 0xff, 
  0x20, 0xee, 0xff, 0x20, 0xee, 0xff, 0x20, 0xee, 0xff, 0x20, 0xee, 0xff, 
  0x20, 0xee, 0xff, 0x20, 0xee, 0xff, 0x20, 0xee, 0xff, 0x20, 0xee, 0xff, 
  0x20, 0xee, 0xff, 0x20, 0xee, 0xff, 0x20, 0xee, 0xff, 0x20, 0xee, 0xff, 
  0x20, 0xee, 0xff, 0x20, 0xee, 0xff, 0x20, 0xee, 0xff, 0x20, 0xee, 0xff, 
  0x20, 0xee, 0xff, 0x20, 0xee, 0xff, 0x20, 0xee, 0xff, 0x20, 0xee, 0xff, 
  0x20, 0xee, 0xff, 0x20, 0xee, 0xff, 0x20, 0xee, 0xff, 0x20, 0xee, 0xff, 
  0x20, 0xee, 0xff, 0x20, 0xee, 0xff, 0x20, 0xee, 0xff, 0x20, 0xee, 0xff, 
  0x20, 0xee, 0xff, 0x20, 0xee, 0xff, 0x20, 0xee, 0xff, 0x20, 0xee, 0xff, 
  0x20, 0xee, 0xff, 0x20, 0xee, 0xff, 0x20, 0xee, 0xff, 0x20, 0xee, 0xff, 
  0x20, 0xee, 0xff, 0x20, 0xee, 0xff, 0x20, 0xee, 0xff, 0x20, 0xee, 0xff, 
  0x20, 0xee, 0xff, 0x20, 0xee, 0xff, 0x20, 0xee, 0xff, 0x20, 0xee, 0xff, 
  0x20, 0xee, 0xff, 0x20, 0xee, 0xff, 0x20, 0xee, 0xff, 0x20, 0xee, 0xff, 
  0x20, 0xee, 0xff, 0x20, 0xee, 0xff, 0x20, 0xee, 0xff, 0x20, 0xee, 0xff, 
  0x20, 0xee, 0xff, 0x20, 0xee, 0xff, 0x20, 0xee, 0xff, 0x20, 0xee, 0xff, 
  0x20, 0xee, 0xff, 0x20, 0xee, 0xff, 0x20, 0xee, 0xff, 0x20, 0xee, 0xff, 
  0x20, 0xee, 0xff, 0x20, 0xee, 0xff, 0x20, 0xee, 0xff, 0x20, 0xee, 0xff, 
  0x20, 0xee, 0xff, 0x20, 0xee, 0xff, 0x20, 0xee, 0xff, 0x20, 0xee, 0xff, 
  0x20, 0xee, 0xff, 0x20, 0xee, 0xff, 0x20, 0xee, 0xff, 0x20, 0xee, 0xff, 
  0x20, 0xee, 0xff, 0x20, 0xee, 0xff, 0x20, 0xee, 0xff, 0x20, 0xee, 0xff, 
  0x20, 0xee, 0xff, 0x20, 0xee, 0xff, 0x20, 0xee, 0xff, 0x20, 0xee, 0xff, 
  0x20, 0xee, 0xff, 0x20, 0xee, 0xff, 0x20, 0xee, 0xff, 0x20, 0xee, 0xff, 
  0x20, 0xee, 0xff, 0x20, 0xee, 0xff, 0x20, 0xee, 0xff, 0x20, 0xee, 0xff, 
  0x20, 0xee, 0xff, 0x20, 0xee, 0xff, 0x20, 0xee, 0xff, 0x20, 0xee, 0xff, 
  0x20, 0xee, 0xff, 0x20, 0xee, 0xff, 0x20, 0xee, 0xff, 0x20, 0xee, 0xff, 
  0x20, 0xee, 0xff, 0x20, 0xee, 0xff, 0x20, 0xee, 0xff, 0x20, 0xee, 0xff, 
  0x00, 0xee, 0xff, 0x20, 0xee, 0xff, 0x20, 0xee, 0xff, 0x20, 0xee, 0xff, 
  0x20, 0xee, 0xff, 0x20, 0xee, 0xff, 0x20, 0xee, 0xff, 0x00, 0xee, 0xff, 
  0x00, 0xee, 0xff, 0x20, 0xee, 0xff, 0x20, 0xee, 0xff, 0x20, 0xee, 0xff, 
  0x20, 0xee, 0xff, 0x20, 0xee, 0xff, 0x20, 0xee, 0xff, 0x20, 0xee, 0xff, 
  0x20, 0xee, 0xff, 0x20, 0xee, 0xff, 0x20, 0xee, 0xff, 0x20, 0xee, 0xff, 
  0x20, 0xee, 0xff, 0x20, 0xee, 0xff, 0x20, 0xee, 0xff, 0x20, 0xee, 0xff, 
  0x20, 0xee, 0xff, 0x20, 0xee, 0xff, 0x20, 0xee, 0xff, 0x20, 0xee, 0xff, 
  0x20, 0xee, 0xff, 0x20, 0xee, 0xff, 0x20, 0xee, 0xff, 0x20, 0xee, 0xff, 
  0x20, 0xee, 0xff, 0x20, 0xee, 0xff, 0x20, 0xee, 0xff, 0x20, 0xee, 0xff, 
  0x20, 0xee, 0xff, 0x20, 0xee, 0xff, 0x20, 0xee, 0xff, 0x20, 0xee, 0xff, 
  0x20, 0xee, 0xff, 0x20, 0xee, 0xff, 0x20, 0xee, 0xff, 0x20, 0xee, 0xff, 
  0x20, 0xee, 0xff, 0x20, 0xee, 0xff, 0x20, 0xee, 0xff, 0x20, 0xee, 0xff, 
  0x20, 0xee, 0xff, 0x20, 0xee, 0xff, 0x20, 0xee, 0xff, 0x20, 0xee, 0xff, 
  0x20, 0xee, 0xff, 0x20, 0xee, 0xff, 0x20, 0xee, 0xff, 0x20, 0xee, 0xff, 
  0x20, 0xee, 0xff, 0x20, 0xee, 0xff, 0x00, 0xee, 0xff, 0x20, 0xee, 0xff, 
  0x00, 0xee, 0xff, 0x00, 0xee, 0xff, 0x00, 0xee, 0xff, 0x00, 0xee, 0xff, 
  0x00, 0xee, 0xff, 0x00, 0xee, 0xff, 0x00, 0xee, 0xff, 0x00, 0xee, 0xff, 
  0x20, 0xee, 0xff, 0x20, 0xee, 0xff, 0x00, 0xee, 0xff, 0x20, 0xee, 0xff, 
  0x20, 0xee, 0xff, 0x20, 0xee, 0xff, 0x20, 0xee, 0xff, 0x20, 0xee, 0xff, 
  0x20, 0xee, 0xff, 0x20, 0xee, 0xff, 0x20, 0xee, 0xff, 0x20, 0xee, 0xff, 
  0x20, 0xee, 0xff, 0x20, 0xee, 0xff, 0x20, 0xee, 0xff, 0x20, 0xee, 0xff, 
  0x20, 0xee, 0xff, 0x20, 0xee, 0xff, 0x20, 0xee, 0xff, 0x20, 0xee, 0xff, 
  0x20, 0xee, 0xff, 0x20, 0xee, 0xff, 0x20, 0xee, 0xff, 0x20, 0xee, 0xff, 
  0x20, 0xee, 0xff, 0x20, 0xee, 0xff, 0x20, 0xee, 0xff, 0x20, 0xee, 0xff, 
  0x20, 0xee, 0xff, 0x20, 0xee, 0xff, 0x20, 0xee, 0xff, 0x20, 0xee, 0xff, 
  0x20, 0xee, 0xff, 0x20, 0xee, 0xff, 0x20, 0xee, 0xff, 0x20, 0xee, 0xff, 
  0x20, 0xee, 0xff, 0x20, 0xee, 0xff, 0x20, 0xee, 0xff, 0x20, 0xee, 0xff, 
  0x00, 0xee, 0xff, 0x20, 0xee, 0xff, 0x20, 0xee, 0xff, 0x20, 0xee, 0xff, 
  0x20, 0xee, 0xff, 0x20, 0xee, 0xff, 0x20, 0xee, 0xff, 0x20, 0xee, 0xff, 
  0x20, 0xee, 0xff, 0x20, 0xee, 0xff, 0x20, 0xee, 0xff, 0x20, 0xee, 0xff, 
  0x20, 0xee, 0xff, 0x20, 0xee, 0xff, 0x20, 0xee, 0xff, 0x20, 0xee, 0xff, 
  0x20, 0xee, 0xff, 0x20, 0xee, 0xff, 0x20, 0xee, 0xff, 0x00, 0xf6, 0xff, 
  0x00, 0xf6, 0xff, 0x00, 0xee, 0xff, 0x20, 0xee, 0xff, 0x20, 0xee, 0xff, 
  0x20, 0xee, 0xff, 0x20, 0xee, 0xff, 0x20, 0xee, 0xff, 0x20, 0xee, 0xff, 
  0x20, 0xee, 0xff, 0x20, 0xee, 0xff, 0x20, 0xee, 0xff, 0x20, 0xee, 0xff, 
  0x20, 0xee, 0xff, 0x20, 0xee, 0xff, 0x20, 0xee, 0xff, 0x20, 0xee, 0xff, 
  0x20, 0xee, 0xff, 0x20, 0xee, 0xff, 0x20, 0xee, 0xff, 0x20, 0xee, 0xff, 
  0x20, 0xee, 0xff, 0x20, 0xee, 0xff, 0x20, 0xee, 0xff, 0x20, 0xee, 0xff, 
  0x20, 0xee, 0xff, 0x20, 0xee, 0xff, 0x20, 0xee, 0xff, 0x20, 0xee, 0xff, 
  0x20, 0xee, 0xff, 0x20, 0xee, 0xff, 0x20, 0xee, 0xff, 0x20, 0xee, 0xff, 
  0x20, 0xee, 0xff, 0x20, 0xee, 0xff, 0x20, 0xee, 0xff, 0x20, 0xee, 0xff, 
  0x20, 0xee, 0xff, 0x20, 0xee, 0xff, 0x20, 0xee, 0xff, 0x20, 0xee, 0xff, 
  0x20, 0xee, 0xff, 0x20, 0xee, 0xff, 0x20, 0xee, 0xff, 0x20, 0xee, 0xff, 
  0x20, 0xee, 0xff, 0x20, 0xee, 0xff, 0x20, 0xee, 0xff, 0x20, 0xee, 0xff, 
  0x00, 0xee, 0xff, 0x00, 0xee, 0xff, 0x00, 0xee, 0xff, 0x00, 0xee, 0xff, 
  0x00, 0xee, 0xff, 0x00, 0xee, 0xff, 0x00, 0xee, 0xff, 0x00, 0xee, 0xff, 
  0x20, 0xee, 0xff, 0x20, 0xee, 0xff, 0x00, 0xee, 0xff, 0x00, 0xee, 0xff, 
  0x20, 0xee, 0xff, 0x20, 0xee, 0xff, 0x20, 0xee, 0xff, 0x20, 0xee, 0xff, 
  0x20, 0xee, 0xff, 0x20, 0xee, 0xff, 0x20, 0xee, 0xff, 0x20, 0xee, 0xff, 
  0x20, 0xee, 0xff, 0x20, 0xee, 0xff, 0x20, 0xee, 0xff, 0x20, 0xee, 0xff, 
  0x20, 0xee, 0xff, 0x20, 0xee, 0xff, 0x20, 0xee, 0xff, 0x20, 0xee, 0xff, 
  0x20, 0xee, 0xff, 0x20, 0xee, 0xff, 0x20, 0xee, 0xff, 0x20, 0xee, 0xff, 
  0x20, 0xee, 0xff, 0x20, 0xee, 0xff, 0x20, 0xee, 0xff, 0x20, 0xee, 0xff, 
  0x20, 0xee, 0xff, 0x20, 0xee, 0xff, 0x20, 0xee, 0xff, 0x20, 0xee, 0xff, 
  0x20, 0xee, 0xff, 0x20, 0xee, 0xff, 0x20, 0xee, 0xff, 0x20, 0xee, 0xff, 
  0x20, 0xee, 0xff, 0x20, 0xee, 0xff, 0x20, 0xee, 0xff, 0x20, 0xee, 0xff, 
  0x20, 0xee, 0xff, 0x20, 0xee, 0xff, 0x20, 0xee, 0xff, 0x20, 0xee, 0xff, 
  0x20, 0xee, 0xff, 0x20, 0xee, 0xff, 0x20, 0xee, 0xff, 0x20, 0xee, 0xff, 
  0x20, 0xee, 0xff, 0x20, 0xee, 0xff, 0x20, 0xee, 0xff, 0x20, 0xee, 0xff, 
  0x20, 0xee, 0xff, 0x20, 0xee, 0xff, 0x20, 0xee, 0xff, 0x20, 0xee, 0xff, 
  0x20, 0xee, 0xff, 0x00, 0xee, 0xff, 0x20, 0xee, 0xff, 0x20, 0xee, 0xff, 
  0x20, 0xee, 0xff, 0x20, 0xee, 0xff, 0x20, 0xee, 0xff, 0x00, 0xf6, 0xff, 
  0x00, 0xf6, 0xff, 0x00, 0xee, 0xff, 0x20, 0xee, 0xff, 0x20, 0xee, 0xff, 
  0x20, 0xee, 0xff, 0x20, 0xee, 0xff, 0x20, 0xee, 0xff, 0x20, 0xee, 0xff, 
  0x20, 0xee, 0xff, 0x20, 0xee, 0xff, 0x20, 0xee, 0xff, 0x20, 0xee, 0xff, 
  0x20, 0xee, 0xff, 0x20, 0xee, 0xff, 0x20, 0xee, 0xff, 0x20, 0xee, 0xff, 
  0x20, 0xee, 0xff, 0x20, 0xee, 0xff, 0x20, 0xee, 0xff, 0x20, 0xee, 0xff, 
  0x20, 0xee, 0xff, 0x20, 0xee, 0xff, 0x20, 0xee, 0xff, 0x20, 0xee, 0xff, 
  0x20, 0xee, 0xff, 0x20, 0xee, 0xff, 0x20, 0xee, 0xff, 0x20, 0xee, 0xff, 
  0x20, 0xee, 0xff, 0x20, 0xee, 0xff, 0x20, 0xee, 0xff, 0x20, 0xee, 0xff, 
  0x20, 0xee, 0xff, 0x20, 0xee, 0xff, 0x20, 0xee, 0xff, 0x20, 0xee, 0xff, 
  0x20, 0xee, 0xff, 0x20, 0xee, 0xff, 0x20, 0xee, 0xff, 0x20, 0xee, 0xff, 
  0x00, 0xee, 0xff, 0x00, 0xee, 0xff, 0x20, 0xee, 0xff, 0x20, 0xee, 0xff, 
  0x20, 0xee, 0xff, 0x20, 0xee, 0xff, 0x20, 0xee, 0xff, 0x20, 0xee, 0xff, 
  0x20, 0xee, 0xff, 0x20, 0xee, 0xff, 0x20, 0xee, 0xff, 0x20, 0xee, 0xff, 
  0x20, 0xee, 0xff, 0x20, 0xee, 0xff, 0x20, 0xee, 0xff, 0x20, 0xee, 0xff, 
  0x20, 0xee, 0xff, 0x20, 0xee, 0xff, 0x20, 0xee, 0xff, 0x20, 0xee, 0xff, 
  0x20, 0xee, 0xff, 0x20, 0xee, 0xff, 0x20, 0xee, 0xff, 0x20, 0xee, 0xff, 
  0x20, 0xee, 0xff, 0x20, 0xee, 0xff, 0x00, 0xee, 0xff, 0x00, 0xee, 0xff, 
  0x00, 0xee, 0xff, 0x00, 0xee, 0xff, 0x00, 0xee, 0xff, 0x00, 0xee, 0xff, 
  0x00, 0xee, 0xff, 0x20, 0xee, 0xff, 0x20, 0xee, 0xff, 0x20, 0xee, 0xff, 
  0x20, 0xee, 0xff, 0x20, 0xee, 0xff, 0x20, 0xee, 0xff, 0x20, 0xee, 0xff, 
  0x00, 0xee, 0xff, 0x00, 0xee, 0xff, 0x00, 0xee, 0xff, 0x20, 0xee, 0xff, 
  0x00, 0xee, 0xff, 0x20, 0xee, 0xff, 0x00, 0xee, 0xff, 0x20, 0xee, 0xff, 
  0x20, 0xee, 0xff, 0x20, 0xee, 0xff, 0x20, 0xee, 0xff, 0x20, 0xee, 0xff, 
  0x20, 0xee, 0xff, 0x20, 0xee, 0xff, 0x20, 0xee, 0xff, 0x20, 0xee, 0xff, 
  0x20, 0xee, 0xff, 0x20, 0xee, 0xff, 0x20, 0xee, 0xff, 0x20, 0xee, 0xff, 
  0x20, 0xee, 0xff, 0x20, 0xee, 0xff, 0x20, 0xee, 0xff, 0x20, 0xee, 0xff, 
  0x20, 0xee, 0xff, 0x20, 0xee, 0xff, 0x20, 0xee, 0xff, 0x20, 0xee, 0xff, 
  0x20, 0xee, 0xff, 0x20, 0xee, 0xff, 0x20, 0xee, 0xff, 0x20, 0xee, 0xff, 
  0x20, 0xee, 0xff, 0x20, 0xee, 0xff, 0x20, 0xee, 0xff, 0x20, 0xee, 0xff, 
  0x20, 0xee, 0xff, 0x20, 0xee, 0xff, 0x20, 0xee, 0xff, 0x00, 0xee, 0xff, 
  0x00, 0xee, 0xff, 0x00, 0xee, 0xff, 0x20, 0xee, 0xff, 0x20, 0xee, 0xff, 
  0x20, 0xee, 0xff, 0x20, 0xee, 0xff, 0x20, 0xee, 0xff, 0x20, 0xee, 0xff, 
  0x20, 0xee, 0xff, 0x20, 0xee, 0xff, 0x20, 0xee, 0xff, 0x20, 0xee, 0xff, 
  0x20, 0xee, 0xff, 0x20, 0xee, 0xff, 0x20, 0xee, 0xff, 0x20, 0xee, 0xff, 
  0x20, 0xee, 0xff, 0x20, 0xee, 0xff, 0x20, 0xee, 0xff, 0x20, 0xee, 0xff, 
  0x20, 0xee, 0xff, 0x20, 0xee, 0xff, 0x20, 0xee, 0xff, 0x20, 0xee, 0xff, 
  0x20, 0xee, 0xff, 0x20, 0xee, 0xff, 0x20, 0xee, 0xff, 0x20, 0xee, 0xff, 
  0x20, 0xee, 0xff, 0x20, 0xee, 0xff, 0x20, 0xee, 0xff, 0x20, 0xee, 0xff, 
  0x20, 0xee, 0xff, 0x20, 0xee, 0xff, 0x20, 0xee, 0xff, 0x20, 0xee, 0xff, 
  0x20, 0xee, 0xff, 0x20, 0xee, 0xff, 0x20, 0xee, 0xff, 0x20, 0xee, 0xff, 
  0x00, 0xee, 0xff, 0x00, 0xee, 0xff, 0x20, 0xee, 0xff, 0x20, 0xee, 0xff, 
  0x20, 0xee, 0xff, 0x20, 0xee, 0xff, 0x20, 0xee, 0xff, 0x20, 0xee, 0xff, 
  0x20, 0xee, 0xff, 0x20, 0xee, 0xff, 0x20, 0xee, 0xff, 0x20, 0xee, 0xff, 
  0x20, 0xee, 0xff, 0x20, 0xee, 0xff, 0x20, 0xee, 0xff, 0x20, 0xee, 0xff, 
  0x20, 0xee, 0xff, 0x20, 0xee, 0xff, 0x20, 0xee, 0xff, 0x20, 0xee, 0xff, 
  0x20, 0xee, 0xff, 0x20, 0xee, 0xff, 0x20, 0xee, 0xff, 0x20, 0xee, 0xff, 
  0x20, 0xee, 0xff, 0x20, 0xee, 0xff, 0x20, 0xee, 0xff, 0x00, 0xee, 0xff, 
  0x00, 0xee, 0xff, 0x00, 0xee, 0xff, 0x00, 0xee, 0xff, 0x00, 0xee, 0xff, 
  0x00, 0xee, 0xff, 0x20, 0xee, 0xff, 0x20, 0xee, 0xff, 0x20, 0xee, 0xff, 
  0x20, 0xee, 0xff, 0x20, 0xee, 0xff, 0x20, 0xee, 0xff, 0x20, 0xee, 0xff, 
  0x20, 0xee, 0xff, 0x00, 0xee, 0xff, 0x00, 0xee, 0xff, 0x20, 0xee, 0xff, 
  0x20, 0xee, 0xff, 0x00, 0xee, 0xff, 0x00, 0xee, 0xff, 0x00, 0xee, 0xff, 
  0x20, 0xee, 0xff, 0x20, 0xee, 0xff, 0x20, 0xee, 0xff, 0x20, 0xee, 0xff, 
  0x20, 0xee, 0xff, 0x20, 0xee, 0xff, 0x20, 0xee, 0xff, 0x20, 0xee, 0xff, 
  0x20, 0xee, 0xff, 0x20, 0xee, 0xff, 0x20, 0xee, 0xff, 0x20, 0xee, 0xff, 
  0x20, 0xee, 0xff, 0x20, 0xee, 0xff, 0x20, 0xee, 0xff, 0x20, 0xee, 0xff, 
  0x20, 0xee, 0xff, 0x20, 0xee, 0xff, 0x20, 0xee, 0xff, 0x20, 0xee, 0xff, 
  0x20, 0xee, 0xff, 0x20, 0xee, 0xff, 0x20, 0xee, 0xff, 0x20, 0xee, 0xff, 
  0x20, 0xee, 0xff, 0x20, 0xee, 0xff, 0x20, 0xee, 0xff, 0x20, 0xee, 0xff, 
  0x20, 0xee, 0xff, 0x20, 0xee, 0xff, 0x20, 0xee, 0xff, 0x20, 0xee, 0xff, 
  0x00, 0xee, 0xff, 0x00, 0xee, 0xff, 0x20, 0xee, 0xff, 0x20, 0xee, 0xff, 
  0x20, 0xee, 0xff, 0x20, 0xee, 0xff, 0x20, 0xee, 0xff, 0x20, 0xee, 0xff, 
  0x20, 0xee, 0xff, 0x20, 0xee, 0xff, 0x20, 0xee, 0xff, 0x20, 0xee, 0xff, 
  0x20, 0xee, 0xff, 0x20, 0xee, 0xff, 0x20, 0xee, 0xff, 0x20, 0xee, 0xff, 
  0x20, 0xee, 0xff, 0x20, 0xee, 0xff, 0x20, 0xee, 0xff, 0x20, 0xee, 0xff, 
  0x20, 0xee, 0xff, 0x20, 0xee, 0xff, 0x20, 0xee, 0xff, 0x20, 0xee, 0xff, 
  0x20, 0xee, 0xff, 0x20, 0xee, 0xff, 0x20, 0xee, 0xff, 0x20, 0xee, 0xff, 
  0x20, 0xee, 0xff, 0x20, 0xee, 0xff, 0x20, 0xee, 0xff, 0x20, 0xee, 0xff, 
  0x20, 0xee, 0xff, 0x20, 0xee, 0xff, 0x20, 0xee, 0xff, 0x20, 0xee, 0xff, 
  0x20, 0xee, 0xff, 0x20, 0xee, 0xff, 0x00, 0xee, 0xff, 0x00, 0xee, 0xff, 
  0x00, 0xee, 0xff, 0x00, 0xee, 0xff, 0x20, 0xee, 0xff, 0x20, 0xee, 0xff, 
  0x20, 0xee, 0xff, 0x20, 0xee, 0xff, 0x20, 0xee, 0xff, 0x20, 0xee, 0xff, 
  0x20, 0xee, 0xff, 0x00, 0xee, 0xff, 0x20, 0xee, 0xff, 0x20, 0xee, 0xff, 
  0x20, 0xee, 0xff, 0x20, 0xee, 0xff, 0x20, 0xee, 0xff, 0x20, 0xee, 0xff, 
  0x20, 0xee, 0xff, 0x20, 0xee, 0xff, 0x20, 0xee, 0xff, 0x20, 0xee, 0xff, 
  0x20, 0xee, 0xff, 0x20, 0xee, 0xff, 0x20, 0xee, 0xff, 0x20, 0xee, 0xff, 
  0x20, 0xee, 0xff, 0x20, 0xee, 0xff, 0x20, 0xee, 0xff, 0x20, 0xee, 0xff, 
  0x20, 0xee, 0xff, 0x00, 0xee, 0xff, 0x00, 0xee, 0xff, 0x00, 0xee, 0xff, 
  0x00, 0xee, 0xff, 0x00, 0xee, 0xff, 0x00, 0xee, 0xff, 0x00, 0xee, 0xff, 
  0x20, 0xee, 0xff, 0x20, 0xee, 0xff, 0x20, 0xee, 0xff, 0x20, 0xee, 0xff, 
  0x20, 0xee, 0xff, 0x20, 0xee, 0xff, 0x20, 0xee, 0xff, 0x20, 0xee, 0xff, 
  0x20, 0xee, 0xff, 0x20, 0xee, 0xff, 0x00, 0xee, 0xff, 0x00, 0xee, 0xff, 
  0x00, 0xee, 0xff, 0x00, 0xee, 0xff, 0x20, 0xee, 0xff, 0x20, 0xee, 0xff, 
  0x20, 0xee, 0xff, 0x20, 0xee, 0xff, 0x20, 0xee, 0xff, 0x20, 0xee, 0xff, 
  0x20, 0xee, 0xff, 0x20, 0xee, 0xff, 0x20, 0xee, 0xff, 0x20, 0xee, 0xff, 
  0x20, 0xee, 0xff, 0x20, 0xee, 0xff, 0x20, 0xee, 0xff, 0x20, 0xee, 0xff, 
  0x00, 0xee, 0xff, 0x00, 0xee, 0xff, 0x00, 0xee, 0xff, 0x20, 0xee, 0xff, 
  0x00, 0xee, 0xff, 0x00, 0xee, 0xff, 0x00, 0xee, 0xff, 0x20, 0xee, 0xff, 
  0x20, 0xee, 0xff, 0x20, 0xee, 0xff, 0x20, 0xee, 0xff, 0x20, 0xee, 0xff, 
  0x20, 0xee, 0xff, 0x20, 0xee, 0xff, 0x20, 0xee, 0xff, 0x20, 0xee, 0xff, 
  0x00, 0xee, 0xff, 0x20, 0xee, 0xff, 0x20, 0xee, 0xff, 0x20, 0xee, 0xff, 
  0x20, 0xee, 0xff, 0x20, 0xee, 0xff, 0x00, 0xee, 0xff, 0x00, 0xee, 0xff, 
  0x20, 0xee, 0xff, 0x20, 0xee, 0xff, 0x20, 0xee, 0xff, 0x20, 0xee, 0xff, 
  0x20, 0xee, 0xff, 0x20, 0xee, 0xff, 0x20, 0xee, 0xff, 0x20, 0xee, 0xff, 
  0x20, 0xee, 0xff, 0x20, 0xee, 0xff, 0x20, 0xee, 0xff, 0x20, 0xee, 0xff, 
  0x20, 0xee, 0xff, 0x20, 0xee, 0xff, 0x20, 0xee, 0xff, 0x20, 0xee, 0xff, 
  0x20, 0xee, 0xff, 0x20, 0xee, 0xff, 0x20, 0xee, 0xff, 0x20, 0xee, 0xff, 
  0x20, 0xee, 0xff, 0x20, 0xee, 0xff, 0x20, 0xee, 0xff, 0x20, 0xee, 0xff, 
  0x20, 0xee, 0xff, 0x20, 0xee, 0xff, 0x20, 0xee, 0xff, 0x20, 0xee, 0xff, 
  0x20, 0xee, 0xff, 0x20, 0xee, 0xff, 0x00, 0xee, 0xff, 0x00, 0xee, 0xff, 
  0x00, 0xee, 0xff, 0x20, 0xee, 0xff, 0x20, 0xee, 0xff, 0x20, 0xee, 0xff, 
  0x20, 0xee, 0xff, 0x20, 0xee, 0xff, 0x20, 0xee, 0xff, 0x20, 0xee, 0xff, 
  0x00, 0xee, 0xff, 0x00, 0xee, 0xff, 0x20, 0xee, 0xff, 0x20, 0xee, 0xff, 
  0x20, 0xee, 0xff, 0x20, 0xee, 0xff, 0x20, 0xee, 0xff, 0x20, 0xee, 0xff, 
  0x20, 0xee, 0xff, 0x20, 0xee, 0xff, 0x20, 0xee, 0xff, 0x20, 0xee, 0xff, 
  0x20, 0xee, 0xff, 0x20, 0xee, 0xff, 0x00, 0xee, 0xff, 0x20, 0xee, 0xff, 
  0x20, 0xee, 0xff, 0x20, 0xee, 0xff, 0x20, 0xee, 0xff, 0x20, 0xee, 0xff, 
  0x20, 0xee, 0xff, 0x20, 0xee, 0xff, 0x20, 0xee, 0xff, 0x20, 0xee, 0xff, 
  0x20, 0xee, 0xff, 0x20, 0xee, 0xff, 0x20, 0xee, 0xff, 0x20, 0xee, 0xff, 
  0x20, 0xee, 0xff, 0x20, 0xee, 0xff, 0x20, 0xee, 0xff, 0x20, 0xee, 0xff, 
  0x20, 0xee, 0xff, 0x20, 0xee, 0xff, 0x20, 0xee, 0xff, 0x20, 0xee, 0xff, 
  0x20, 0xee, 0xff, 0x20, 0xee, 0xff, 0x20, 0xee, 0xff, 0x00, 0xee, 0xff, 
  0x00, 0xee, 0xff, 0x00, 0xee, 0xff, 0x20, 0xee, 0xff, 0x20, 0xee, 0xff, 
  0x20, 0xee, 0xff, 0x20, 0xee, 0xff, 0x20, 0xee, 0xff, 0x20, 0xee, 0xff, 
  0x20, 0xee, 0xff, 0x20, 0xee, 0xff, 0x20, 0xee, 0xff, 0x20, 0xee, 0xff, 
  0x00, 0xee, 0xff, 0x00, 0xee, 0xff, 0x20, 0xee, 0xff, 0x20, 0xee, 0xff, 
  0x00, 0xee, 0xff, 0x00, 0xee, 0xff, 0x00, 0xee, 0xff, 0x00, 0xee, 0xff, 
  0x00, 0xee, 0xff, 0x00, 0xee, 0xff, 0x00, 0xf6, 0xff, 0x20, 0xee, 0xff, 
  0x20, 0xee, 0xff, 0x20, 0xee, 0xff, 0x20, 0xee, 0xff, 0x20, 0xee, 0xff, 
  0x20, 0xee, 0xff, 0x20, 0xee, 0xff, 0x20, 0xee, 0xff, 0x20, 0xee, 0xff, 
  0x20, 0xee, 0xff, 0x20, 0xee, 0xff, 0x00, 0xee, 0xff, 0x20, 0xee, 0xff, 
  0x20, 0xee, 0xff, 0x20, 0xee, 0xff, 0x20, 0xee, 0xff, 0x20, 0xee, 0xff, 
  0x20, 0xee, 0xff, 0x20, 0xee, 0xff, 0x20, 0xee, 0xff, 0x20, 0xee, 0xff, 
  0x20, 0xee, 0xff, 0x20, 0xee, 0xff, 0x00, 0xee, 0xff, 0x20, 0xee, 0xff, 
  0x20, 0xee, 0xff, 0x20, 0xee, 0xff, 0x20, 0xee, 0xff, 0x20, 0xee, 0xff, 
  0x20, 0xee, 0xff, 0x20, 0xee, 0xff, 0x20, 0xee, 0xff, 0x20, 0xee, 0xff, 
  0x20, 0xee, 0xff, 0x20, 0xee, 0xff, 0x20, 0xee, 0xff, 0x20, 0xee, 0xff, 
  0x20, 0xee, 0xff, 0x20, 0xee, 0xff, 0x20, 0xee, 0xff, 0x20, 0xee, 0xff, 
  0x20, 0xee, 0xff, 0x20, 0xee, 0xff, 0x20, 0xee, 0xff, 0x20, 0xee, 0xff, 
  0x00, 0xee, 0xff, 0x00, 0xee, 0xff, 0x00, 0xee, 0xff, 0x00, 0xee, 0xff, 
  0x20, 0xee, 0xff, 0x20, 0xee, 0xff, 0x20, 0xee, 0xff, 0x20, 0xee, 0xff, 
  0x20, 0xee, 0xff, 0x20, 0xee, 0xff, 0x20, 0xee, 0xff, 0x20, 0xee, 0xff, 
  0x20, 0xee, 0xff, 0x20, 0xee, 0xff, 0x20, 0xee, 0xff, 0x20, 0xee, 0xff, 
  0x20, 0xee, 0xff, 0x20, 0xee, 0xff, 0x20, 0xee, 0xff, 0x20, 0xee, 0xff, 
  0x20, 0xee, 0xff, 0x20, 0xee, 0xff, 0x20, 0xee, 0xff, 0x20, 0xee, 0xff, 
  0x00, 0xee, 0xff, 0x00, 0xee, 0xff, 0x00, 0xee, 0xff, 0x00, 0xee, 0xff, 
  0x20, 0xee, 0xff, 0x20, 0xee, 0xff, 0x20, 0xee, 0xff, 0x20, 0xee, 0xff, 
  0x20, 0xee, 0xff, 0x20, 0xee, 0xff, 0x20, 0xee, 0xff, 0x20, 0xee, 0xff, 
  0x20, 0xee, 0xff, 0x20, 0xee, 0xff, 0x20, 0xee, 0xff, 0x20, 0xee, 0xff, 
  0x20, 0xee, 0xff, 0x20, 0xee, 0xff, 0x20, 0xee, 0xff, 0x20, 0xee, 0xff, 
  0x20, 0xee, 0xff, 0x40, 0xee, 0xff, 0x20, 0xee, 0xff, 0x20, 0xee, 0xff, 
  0x20, 0xee, 0xff, 0x20, 0xee, 0xff, 0x20, 0xee, 0xff, 0x20, 0xee, 0xff, 
  0x20, 0xee, 0xff, 0x20, 0xee, 0xff, 0x00, 0xee, 0xff, 0x00, 0xee, 0xff, 
  0x00, 0xee, 0xff, 0x00, 0xee, 0xff, 0x00, 0xee, 0xff, 0x20, 0xee, 0xff, 
  0x20, 0xee, 0xff, 0x20, 0xee, 0xff, 0x20, 0xee, 0xff, 0x20, 0xee, 0xff, 
  0x20, 0xee, 0xff, 0x20, 0xee, 0xff, 0x20, 0xee, 0xff, 0x20, 0xee, 0xff, 
  0x20, 0xee, 0xff, 0x20, 0xee, 0xff, 0x00, 0xee, 0xff, 0x00, 0xee, 0xff, 
  0x00, 0xee, 0xff, 0x20, 0xee, 0xff, 0x20, 0xf6, 0xff, 0x20, 0xee, 0xff, 
  0x20, 0xee, 0xff, 0x20, 0xee, 0xff, 0x20, 0xee, 0xff, 0x20, 0xee, 0xff, 
  0x20, 0xee, 0xff, 0x20, 0xee, 0xff, 0x20, 0xee, 0xff, 0x20, 0xee, 0xff, 
  0x20, 0xee, 0xff, 0x20, 0xee, 0xff, 0x00, 0xee, 0xff, 0x20, 0xee, 0xff, 
  0x20, 0xee, 0xff, 0x20, 0xee, 0xff, 0x20, 0xee, 0xff, 0x20, 0xee, 0xff, 
  0x20, 0xee, 0xff, 0x20, 0xee, 0xff, 0x20, 0xee, 0xff, 0x20, 0xee, 0xff, 
  0x20, 0xee, 0xff, 0x20, 0xee, 0xff, 0x00, 0xee, 0xff, 0x00, 0xee, 0xff, 
  0x00, 0xee, 0xff, 0x20, 0xee, 0xff, 0x20, 0xee, 0xff, 0x00, 0xee, 0xff, 
  0x20, 0xee, 0xff, 0x20, 0xee, 0xff, 0x00, 0xee, 0xff, 0x20, 0xee, 0xff, 
  0x20, 0xee, 0xff, 0x20, 0xee, 0xff, 0x20, 0xee, 0xff, 0x20, 0xee, 0xff, 
  0x20, 0xee, 0xff, 0x20, 0xee, 0xff, 0x20, 0xee, 0xff, 0x20, 0xee, 0xff, 
  0x20, 0xee, 0xff, 0x20, 0xee, 0xff, 0x20, 0xee, 0xff, 0x20, 0xee, 0xff, 
  0x00, 0xee, 0xff, 0x00, 0xee, 0xff, 0x00, 0xee, 0xff, 0x20, 0xee, 0xff, 
  0x00, 0xee, 0xff, 0x20, 0xee, 0xff, 0x20, 0xee, 0xff, 0x20, 0xee, 0xff, 
  0x20, 0xee, 0xff, 0x20, 0xee, 0xff, 0x20, 0xee, 0xff, 0x00, 0xee, 0xff, 
  0x20, 0xee, 0xff, 0x20, 0xee, 0xff, 0x20, 0xee, 0xff, 0x20, 0xee, 0xff, 
  0x20, 0xee, 0xff, 0x20, 0xee, 0xff, 0x20, 0xee, 0xff, 0x20, 0xee, 0xff, 
  0x40, 0xf6, 0xff, 0x20, 0xee, 0xff, 0x00, 0xee, 0xff, 0x00, 0xee, 0xff, 
  0x00, 0xee, 0xff, 0x00, 0xee, 0xff, 0x20, 0xee, 0xff, 0x20, 0xee, 0xff, 
  0x00, 0xee, 0xff, 0x00, 0xee, 0xff, 0x00, 0xee, 0xff, 0x20, 0xee, 0xff, 
  0x20, 0xee, 0xff, 0x20, 0xee, 0xff, 0x20, 0xee, 0xff, 0x20, 0xee, 0xff, 
  0x20, 0xee, 0xff, 0x20, 0xee, 0xff, 0x00, 0xee, 0xff, 0x20, 0xee, 0xff, 
  0x20, 0xee, 0xff, 0x20, 0xee, 0xff, 0x20, 0xee, 0xff, 0x00, 0xee, 0xff, 
  0x20, 0xee, 0xff, 0x20, 0xee, 0xff, 0x20, 0xee, 0xff, 0x20, 0xee, 0xff, 
  0x20, 0xee, 0xff, 0x20, 0xee, 0xff, 0x20, 0xee, 0xff, 0x20, 0xee, 0xff, 
  0x20, 0xee, 0xff, 0x20, 0xee, 0xff, 0x20, 0xee, 0xff, 0x20, 0xee, 0xff, 
  0x20, 0xee, 0xff, 0x00, 0xee, 0xff, 0x00, 0xee, 0xff, 0x00, 0xee, 0xff, 
  0x20, 0xee, 0xff, 0x20, 0xee, 0xff, 0x20, 0xee, 0xff, 0x20, 0xee, 0xff, 
  0x20, 0xee, 0xff, 0x20, 0xee, 0xff, 0x20, 0xee, 0xff, 0x20, 0xee, 0xff, 
  0x20, 0xee, 0xff, 0x20, 0xee, 0xff, 0x40, 0xee, 0xff, 0x20, 0xee, 0xff, 
  0x20, 0xee, 0xff, 0x20, 0xee, 0xff, 0x20, 0xee, 0xff, 0x20, 0xee, 0xff, 
  0x20, 0xee, 0xff, 0x20, 0xee, 0xff, 0x20, 0xee, 0xff, 0x20, 0xee, 0xff, 
  0x20, 0xee, 0xff, 0x20, 0xee, 0xff, 0x20, 0xee, 0xff, 0x20, 0xee, 0xff, 
  0x00, 0xee, 0xff, 0x20, 0xee, 0xff, 0x20, 0xf6, 0xff, 0x20, 0xee, 0xff, 
  0x20, 0xee, 0xff, 0x20, 0xee, 0xff, 0x20, 0xee, 0xff, 0x20, 0xee, 0xff, 
  0x00, 0xee, 0xff, 0x20, 0xee, 0xff, 0x20, 0xee, 0xff, 0x20, 0xee, 0xff, 
  0x20, 0xee, 0xff, 0x20, 0xee, 0xff, 0x20, 0xee, 0xff, 0x20, 0xee, 0xff, 
  0x20, 0xf6, 0xff, 0x20, 0xee, 0xff, 0x00, 0xee, 0xff, 0x00, 0xee, 0xff, 
  0x20, 0xee, 0xff, 0x00, 0xee, 0xff, 0x00, 0xee, 0xff, 0x20, 0xee, 0xff, 
  0x20, 0xee, 0xff, 0x20, 0xee, 0xff, 0x20, 0xee, 0xff, 0x20, 0xee, 0xff, 
  0x20, 0xee, 0xff, 0x20, 0xee, 0xff, 0x20, 0xee, 0xff, 0x20, 0xee, 0xff, 
  0x20, 0xee, 0xff, 0x20, 0xee, 0xff, 0x20, 0xee, 0xff, 0x20, 0xee, 0xff, 
  0x20, 0xee, 0xff, 0x20, 0xee, 0xff, 0x20, 0xee, 0xff, 0x20, 0xee, 0xff, 
  0x20, 0xee, 0xff, 0x20, 0xee, 0xff, 0x20, 0xee, 0xff, 0x20, 0xee, 0xff, 
  0x20, 0xee, 0xff, 0x20, 0xee, 0xff, 0x20, 0xee, 0xff, 0x20, 0xee, 0xff, 
  0x20, 0xee, 0xff, 0x20, 0xee, 0xff, 0x00, 0xee, 0xff, 0x00, 0xee, 0xff, 
  0x00, 0xee, 0xff, 0x00, 0xee, 0xff, 0x20, 0xee, 0xff, 0x20, 0xf6, 0xff, 
  0x00, 0xee, 0xff, 0x20, 0xee, 0xff, 0x20, 0xf6, 0xff, 0x20, 0xf6, 0xff, 
  0x20, 0xee, 0xff, 0x00, 0xee, 0xff, 0x00, 0xee, 0xff, 0x00, 0xee, 0xff, 
  0x00, 0xee, 0xff, 0x00, 0xee, 0xff, 0x00, 0xee, 0xff, 0x00, 0xee, 0xff, 
  0x00, 0xee, 0xff, 0x20, 0xee, 0xff, 0x20, 0xee, 0xff, 0x20, 0xee, 0xff, 
  0x00, 0xee, 0xff, 0x20, 0xee, 0xff, 0x20, 0xee, 0xff, 0x20, 0xee, 0xff, 
  0x20, 0xee, 0xff, 0x20, 0xee, 0xff, 0x20, 0xee, 0xff, 0x20, 0xf6, 0xff, 
  0x20, 0xf6, 0xff, 0x00, 0xf6, 0xff, 0x00, 0xee, 0xff, 0x00, 0xee, 0xff, 
  0x20, 0xee, 0xff, 0x20, 0xee, 0xff, 0x20, 0xee, 0xff, 0x40, 0xee, 0xff, 
  0x20, 0xee, 0xff, 0x20, 0xee, 0xff, 0x20, 0xee, 0xff, 0x20, 0xee, 0xff, 
  0x20, 0xee, 0xff, 0x00, 0xee, 0xff, 0x00, 0xee, 0xff, 0x00, 0xee, 0xff, 
  0x20, 0xee, 0xff, 0x20, 0xee, 0xff, 0x20, 0xee, 0xff, 0x20, 0xee, 0xff, 
  0x20, 0xee, 0xff, 0x20, 0xee, 0xff, 0x20, 0xee, 0xff, 0x20, 0xee, 0xff, 
  0x20, 0xee, 0xff, 0x00, 0xee, 0xff, 0x20, 0xee, 0xff, 0x00, 0xee, 0xff, 
  0x20, 0xee, 0xff, 0x20, 0xee, 0xff, 0x20, 0xee, 0xff, 0x20, 0xee, 0xff, 
  0x00, 0xee, 0xff, 0x00, 0xee, 0xff, 0x00, 0xee, 0xff, 0x00, 0xee, 0xff, 
  0x20, 0xee, 0xff, 0x20, 0xee, 0xff, 0x20, 0xee, 0xff, 0x20, 0xee, 0xff, 
  0x20, 0xee, 0xff, 0x20, 0xee, 0xff, 0x00, 0xee, 0xff, 0x00, 0xee, 0xff, 
  0x00, 0xee, 0xff, 0x20, 0xf6, 0xff, 0x20, 0xee, 0xff, 0x00, 0xee, 0xff, 
  0x20, 0xee, 0xff, 0x20, 0xee, 0xff, 0x20, 0xee, 0xff, 0x20, 0xee, 0xff, 
  0x00, 0xee, 0xff, 0x00, 0xee, 0xff, 0x20, 0xee, 0xff, 0x20, 0xee, 0xff, 
  0x00, 0xee, 0xff, 0x00, 0xee, 0xff, 0x20, 0xee, 0xff, 0x20, 0xee, 0xff, 
  0x20, 0xee, 0xff, 0x00, 0xee, 0xff, 0x00, 0xee, 0xff, 0x20, 0xee, 0xff, 
  0x20, 0xee, 0xff, 0x20, 0xee, 0xff, 0x20, 0xee, 0xff, 0x20, 0xee, 0xff, 
  0x20, 0xee, 0xff, 0x20, 0xee, 0xff, 0x20, 0xee, 0xff, 0x20, 0xee, 0xff, 
  0x20, 0xee, 0xff, 0x20, 0xee, 0xff, 0x20, 0xee, 0xff, 0x20, 0xee, 0xff, 
  0x20, 0xee, 0xff, 0x20, 0xee, 0xff, 0x20, 0xee, 0xff, 0x20, 0xee, 0xff, 
  0x20, 0xee, 0xff, 0x20, 0xee, 0xff, 0x20, 0xee, 0xff, 0x20, 0xee, 0xff, 
  0x20, 0xee, 0xff, 0x20, 0xee, 0xff, 0x00, 0xee, 0xff, 0x00, 0xee, 0xff, 
  0x20, 0xee, 0xff, 0x20, 0xee, 0xff, 0x20, 0xee, 0xff, 0x20, 0xf6, 0xff, 
  0x20, 0xf6, 0xff, 0x00, 0xee, 0xff, 0x00, 0xf6, 0xff, 0x00, 0xf6, 0xff, 
  0x20, 0xf6, 0xff, 0x20, 0xee, 0xff, 0x00, 0xee, 0xff, 0x00, 0xee, 0xff, 
  0x20, 0xee, 0xff, 0x20, 0xee, 0xff, 0x20, 0xee, 0xff, 0x20, 0xee, 0xff, 
  0x00, 0xee, 0xff, 0x00, 0xee, 0xff, 0x00, 0xee, 0xff, 0x00, 0xee, 0xff, 
  0x00, 0xee, 0xff, 0x20, 0xee, 0xff, 0x20, 0xee, 0xff, 0x20, 0xee, 0xff, 
  0x40, 0xee, 0xff, 0x20, 0xee, 0xff, 0x00, 0xee, 0xff, 0x00, 0xee, 0xff, 
  0x00, 0xee, 0xff, 0x00, 0xee, 0xff, 0x00, 0xee, 0xff, 0x00, 0xee, 0xff, 
  0x00, 0xf6, 0xff, 0x00, 0xf6, 0xff, 0x00, 0xee, 0xff, 0x00, 0xee, 0xff, 
  0x00, 0xee, 0xff, 0x20, 0xee, 0xff, 0x00, 0xee, 0xff, 0x00, 0xee, 0xff, 
  0x20, 0xee, 0xff, 0x20, 0xee, 0xff, 0x20, 0xee, 0xff, 0x20, 0xee, 0xff, 
  0x20, 0xee, 0xff, 0x20, 0xee, 0xff, 0x00, 0xee, 0xff, 0x00, 0xee, 0xff, 
  0x20, 0xee, 0xff, 0x20, 0xee, 0xff, 0x20, 0xee, 0xff, 0x20, 0xee, 0xff, 
  0x20, 0xee, 0xff, 0x20, 0xee, 0xff, 0x20, 0xee, 0xff, 0x20, 0xee, 0xff, 
  0x20, 0xee, 0xff, 0x20, 0xee, 0xff, 0x00, 0xee, 0xff, 0x00, 0xee, 0xff, 
  0x00, 0xee, 0xff, 0x20, 0xee, 0xff, 0x00, 0xee, 0xff, 0x20, 0xee, 0xff, 
  0x01, 0xee, 0xff, 0x20, 0xf6, 0xff, 0x00, 0xee, 0xff, 0x00, 0xee, 0xff, 
  0x00, 0xee, 0xff, 0x20, 0xee, 0xff, 0x20, 0xee, 0xff, 0x20, 0xee, 0xff, 
  0x40, 0xee, 0xff, 0x40, 0xee, 0xff, 0x20, 0xee, 0xff, 0x20, 0xee, 0xff, 
  0x00, 0xee, 0xff, 0x00, 0xee, 0xff, 0x00, 0xee, 0xff, 0x20, 0xee, 0xff, 
  0x00, 0xee, 0xff, 0x01, 0xee, 0xff, 0x20, 0xee, 0xff, 0x20, 0xee, 0xff, 
  0x20, 0xee, 0xff, 0x20, 0xee, 0xff, 0x20, 0xee, 0xff, 0x00, 0xee, 0xff, 
  0x00, 0xee, 0xff, 0x00, 0xee, 0xff, 0x20, 0xee, 0xff, 0x20, 0xee, 0xff, 
  0x20, 0xee, 0xff, 0x20, 0xee, 0xff, 0x20, 0xee, 0xff, 0x20, 0xee, 0xff, 
  0x20, 0xee, 0xff, 0x20, 0xee, 0xff, 0x20, 0xee, 0xff, 0x20, 0xee, 0xff, 
  0x20, 0xee, 0xff, 0x20, 0xee, 0xff, 0x20, 0xee, 0xff, 0x20, 0xee, 0xff, 
  0x20, 0xee, 0xff, 0x20, 0xee, 0xff, 0x20, 0xee, 0xff, 0x20, 0xee, 0xff, 
  0x20, 0xee, 0xff, 0x20, 0xee, 0xff, 0x20, 0xee, 0xff, 0x20, 0xee, 0xff, 
  0x20, 0xee, 0xff, 0x20, 0xee, 0xff, 0x20, 0xee, 0xff, 0x20, 0xee, 0xff, 
  0x20, 0xee, 0xff, 0x00, 0xee, 0xff, 0x20, 0xee, 0xff, 0x41, 0xee, 0xff, 
  0x20, 0xee, 0xff, 0x20, 0xee, 0xff, 0x00, 0xee, 0xff, 0x20, 0xee, 0xff, 
  0x20, 0xee, 0xff, 0x20, 0xee, 0xff, 0x20, 0xee, 0xff, 0x20, 0xee, 0xff, 
  0x20, 0xee, 0xff, 0x20, 0xee, 0xff, 0x20, 0xee, 0xff, 0x20, 0xee, 0xff, 
  0x20, 0xee, 0xff, 0x00, 0xee, 0xff, 0x00, 0xee, 0xff, 0x20, 0xee, 0xff, 
  0x20, 0xee, 0xff, 0x20, 0xee, 0xff, 0x20, 0xee, 0xff, 0x20, 0xee, 0xff, 
  0x20, 0xee, 0xff, 0x20, 0xee, 0xff, 0x20, 0xee, 0xff, 0x20, 0xee, 0xff, 
  0x00, 0xee, 0xff, 0x00, 0xee, 0xff, 0x20, 0xee, 0xff, 0x20, 0xee, 0xff, 
  0x20, 0xee, 0xff, 0x20, 0xee, 0xff, 0x20, 0xee, 0xff, 0x20, 0xee, 0xff, 
  0x20, 0xee, 0xff, 0x20, 0xee, 0xff, 0x20, 0xee, 0xff, 0x20, 0xee, 0xff, 
  0x00, 0xee, 0xff, 0x20, 0xee, 0xff, 0x20, 0xee, 0xff, 0x20, 0xee, 0xff, 
  0x20, 0xee, 0xff, 0x20, 0xee, 0xff, 0x20, 0xee, 0xff, 0x20, 0xee, 0xff, 
  0x20, 0xee, 0xff, 0x20, 0xee, 0xff, 0x20, 0xee, 0xff, 0x20, 0xee, 0xff, 
  0x20, 0xee, 0xff, 0x20, 0xee, 0xff, 0x20, 0xee, 0xff, 0x20, 0xee, 0xff, 
  0x20, 0xee, 0xff, 0x20, 0xee, 0xff, 0x00, 0xee, 0xff, 0x00, 0xee, 0xff, 
  0x00, 0xee, 0xff, 0x20, 0xf6, 0xff, 0xe0, 0xed, 0xff, 0x21, 0xf6, 0xff, 
  0x00, 0xee, 0xff, 0x20, 0xee, 0xff, 0x20, 0xee, 0xff, 0x20, 0xee, 0xff, 
  0x00, 0xee, 0xff, 0x20, 0xee, 0xff, 0x20, 0xee, 0xff, 0x20, 0xee, 0xff, 
  0x00, 0xee, 0xff, 0x20, 0xee, 0xff, 0x20, 0xee, 0xff, 0x20, 0xee, 0xff, 
  0x20, 0xe6, 0xff, 0x20, 0xee, 0xff, 0x00, 0xee, 0xff, 0x20, 0xee, 0xff, 
  0x21, 0xf6, 0xff, 0x00, 0xee, 0xff, 0x20, 0xee, 0xff, 0x20, 0xee, 0xff, 
  0x21, 0xee, 0xff, 0x21, 0xee, 0xff, 0x20, 0xee, 0xff, 0x20, 0xee, 0xff, 
  0x20, 0xee, 0xff, 0x20, 0xee, 0xff, 0x20, 0xee, 0xff, 0x20, 0xf6, 0xff, 
  0x40, 0xf6, 0xff, 0x20, 0xee, 0xff, 0x00, 0xee, 0xff, 0x00, 0xee, 0xff, 
  0x00, 0xee, 0xff, 0x20, 0xee, 0xff, 0x20, 0xee, 0xff, 0x00, 0xee, 0xff, 
  0x20, 0xee, 0xff, 0x20, 0xee, 0xff, 0x20, 0xee, 0xff, 0x20, 0xee, 0xff, 
  0x20, 0xee, 0xff, 0x20, 0xee, 0xff, 0x20, 0xee, 0xff, 0x20, 0xee, 0xff, 
  0x20, 0xee, 0xff, 0x20, 0xee, 0xff, 0x20, 0xee, 0xff, 0x20, 0xee, 0xff, 
  0x20, 0xee, 0xff, 0x20, 0xee, 0xff, 0x20, 0xee, 0xff, 0x20, 0xee, 0xff, 
  0x20, 0xee, 0xff, 0x20, 0xee, 0xff, 0x20, 0xee, 0xff, 0x00, 0xee, 0xff, 
  0x20, 0xee, 0xff, 0x21, 0xee, 0xff, 0x21, 0xee, 0xff, 0x02, 0xee, 0xff, 
  0x02, 0xe6, 0xff, 0x03, 0xe6, 0xff, 0x03, 0xe6, 0xff, 0x03, 0xe6, 0xff, 
  0x03, 0xe6, 0xff, 0x04, 0xe6, 0xff, 0x04, 0xe6, 0xff, 0xe3, 0xdd, 0xff, 
  0xe3, 0xe5, 0xff, 0x03, 0xe6, 0xff, 0x02, 0xe6, 0xff, 0x02, 0xee, 0xff, 
  0x21, 0xee, 0xff, 0x20, 0xee, 0xff, 0x20, 0xee, 0xff, 0x20, 0xee, 0xff, 
  0x20, 0xee, 0xff, 0x20, 0xee, 0xff, 0x20, 0xee, 0xff, 0x20, 0xee, 0xff, 
  0x20, 0xee, 0xff, 0x20, 0xee, 0xff, 0x20, 0xee, 0xff, 0x20, 0xee, 0xff, 
  0x20, 0xee, 0xff, 0x21, 0xee, 0xff, 0x02, 0xee, 0xff, 0x02, 0xe6, 0xff, 
  0xe3, 0xe5, 0xff, 0x03, 0xe6, 0xff, 0x04, 0xe6, 0xff, 0x04, 0xde, 0xff, 
  0xe4, 0xe5, 0xff, 0xe3, 0xe5, 0xff, 0x03, 0xe6, 0xff, 0x02, 0xe6, 0xff, 
  0x21, 0xee, 0xff, 0x20, 0xee, 0xff, 0x20, 0xee, 0xff, 0x00, 0xee, 0xff, 
  0x20, 0xee, 0xff, 0x20, 0xee, 0xff, 0x20, 0xee, 0xff, 0x20, 0xee, 0xff, 
  0x20, 0xee, 0xff, 0x20, 0xee, 0xff, 0x20, 0xee, 0xff, 0x20, 0xee, 0xff, 
  0x20, 0xee, 0xff, 0x20, 0xee, 0xff, 0x20, 0xee, 0xff, 0x20, 0xee, 0xff, 
  0x20, 0xee, 0xff, 0x20, 0xee, 0xff, 0x20, 0xee, 0xff, 0x00, 0xee, 0xff, 
  0x20, 0xee, 0xff, 0x21, 0xee, 0xff, 0xe2, 0xe5, 0xff, 0x04, 0xee, 0xff, 
  0xe3, 0xe5, 0xff, 0xe4, 0xe5, 0xff, 0xe3, 0xdd, 0xff, 0xe3, 0xdd, 0xff, 
  0x03, 0xe6, 0xff, 0x01, 0xe6, 0xff, 0x20, 0xee, 0xff, 0x20, 0xee, 0xff, 
  0x00, 0xee, 0xff, 0x00, 0xee, 0xff, 0x20, 0xee, 0xff, 0x20, 0xee, 0xff, 
  0x40, 0xee, 0xff, 0x20, 0xee, 0xff, 0x20, 0xee, 0xff, 0x21, 0xee, 0xff, 
  0x02, 0xee, 0xff, 0x02, 0xe6, 0xff, 0x02, 0xe6, 0xff, 0x03, 0xe6, 0xff, 
  0xe3, 0xdd, 0xff, 0xe4, 0xe5, 0xff, 0x04, 0xe6, 0xff, 0x03, 0xe6, 0xff, 
  0xe3, 0xe5, 0xff, 0xe2, 0xe5, 0xff, 0x02, 0xe6, 0xff, 0x21, 0xee, 0xff, 
  0x00, 0xee, 0xff, 0x00, 0xee, 0xff, 0x20, 0xee, 0xff, 0x20, 0xee, 0xff, 
  0x20, 0xee, 0xff, 0x20, 0xee, 0xff, 0x20, 0xee, 0xff, 0x00, 0xee, 0xff, 
  0x20, 0xee, 0xff, 0x20, 0xee, 0xff, 0x20, 0xee, 0xff, 0x20, 0xee, 0xff, 
  0x20, 0xee, 0xff, 0x20, 0xee, 0xff, 0x20, 0xee, 0xff, 0x20, 0xee, 0xff, 
  0x20, 0xee, 0xff, 0x20, 0xee, 0xff, 0x20, 0xee, 0xff, 0x20, 0xee, 0xff, 
  0x20, 0xee, 0xff, 0x20, 0xee, 0xff, 0x20, 0xee, 0xff, 0x20, 0xee, 0xff, 
  0x00, 0xee, 0xff, 0x20, 0xee, 0xff, 0x20, 0xee, 0xff, 0x20, 0xee, 0xff, 
  0x21, 0xee, 0xff, 0x01, 0xee, 0xff, 0xe1, 0xe5, 0xff, 0x04, 0xe6, 0xff, 
  0x07, 0xde, 0xff, 0x4b, 0xe6, 0xff, 0xac, 0xee, 0xff, 0xce, 0xee, 0xff, 
  0xef, 0xee, 0xff, 0xf0, 0xee, 0xff, 0xf0, 0xee, 0xff, 0xcf, 0xee, 0xff, 
  0x8d, 0xee, 0xff, 0x6b, 0xe6, 0xff, 0x27, 0xe6, 0xff, 0x05, 0xde, 0xff, 
  0x02, 0xe6, 0xff, 0x01, 0xee, 0xff, 0x20, 0xee, 0xff, 0x20, 0xee, 0xff, 
  0x20, 0xee, 0xff, 0x20, 0xee, 0xff, 0x20, 0xee, 0xff, 0x20, 0xee, 0xff, 
  0x20, 0xee, 0xff, 0x20, 0xee, 0xff, 0x20, 0xee, 0xff, 0x20, 0xee, 0xff, 
  0x01, 0xe6, 0xff, 0x03, 0xe6, 0xff, 0x05, 0xde, 0xff, 0x48, 0xe6, 0xff, 
  0x8b, 0xe6, 0xff, 0xce, 0xee, 0xff, 0xf0, 0xee, 0xff, 0xf0, 0xee, 0xff, 
  0xf0, 0xf6, 0xff, 0xae, 0xee, 0xff, 0x6b, 0xe6, 0xff, 0x27, 0xe6, 0xff, 
  0x04, 0xe6, 0xff, 0x01, 0xe6, 0xff, 0x00, 0xee, 0xff, 0x20, 0xf6, 0xff, 
  0x00, 0xee, 0xff, 0x00, 0xf6, 0xff, 0x00, 0xee, 0xff, 0x00, 0xee, 0xff, 
  0x20, 0xee, 0xff, 0x20, 0xee, 0xff, 0x20, 0xee, 0xff, 0x20, 0xee, 0xff, 
  0x20, 0xee, 0xff, 0x20, 0xee, 0xff, 0x00, 0xee, 0xff, 0x00, 0xee, 0xff, 
  0x20, 0xee, 0xff, 0x20, 0xee, 0xff, 0x20, 0xee, 0xff, 0x20, 0xee, 0xff, 
  0x20, 0xe6, 0xff, 0x03, 0xde, 0xff, 0x8a, 0xee, 0xff, 0xce, 0xf6, 0xff, 
  0xcf, 0xf6, 0xff, 0xf0, 0xf6, 0xff, 0xf0, 0xee, 0xff, 0xef, 0xf6, 0xff, 
  0xed, 0xf6, 0xff, 0x47, 0xe6, 0xff, 0x02, 0xe6, 0xff, 0x20, 0xee, 0xff, 
  0x20, 0xee, 0xff, 0x00, 0xee, 0xff, 0x20, 0xf6, 0xff, 0x20, 0xf6, 0xff, 
  0x00, 0xee, 0xff, 0x20, 0xee, 0xff, 0x20, 0xee, 0xff, 0x01, 0xee, 0xff, 
  0xe3, 0xe5, 0xff, 0x06, 0xe6, 0xff, 0x4a, 0xe6, 0xff, 0x8c, 0xe6, 0xff, 
  0xce, 0xee, 0xff, 0xef, 0xee, 0xff, 0xf0, 0xee, 0xff, 0xcf, 0xee, 0xff, 
  0xae, 0xee, 0xff, 0x6c, 0xee, 0xff, 0x28, 0xe6, 0xff, 0xe5, 0xdd, 0xff, 
  0x24, 0xe6, 0xff, 0x01, 0xe6, 0xff, 0x20, 0xee, 0xff, 0x40, 0xee, 0xff, 
  0x20, 0xee, 0xff, 0x00, 0xee, 0xff, 0x20, 0xf6, 0xff, 0x00, 0xee, 0xff, 
  0x00, 0xee, 0xff, 0x20, 0xee, 0xff, 0x20, 0xee, 0xff, 0x20, 0xee, 0xff, 
  0x20, 0xee, 0xff, 0x20, 0xee, 0xff, 0x20, 0xee, 0xff, 0x20, 0xee, 0xff, 
  0x20, 0xee, 0xff, 0x20, 0xee, 0xff, 0x20, 0xee, 0xff, 0x20, 0xee, 0xff, 
  0x20, 0xee, 0xff, 0x20, 0xee, 0xff, 0x20, 0xee, 0xff, 0x20, 0xee, 0xff, 
  0x20, 0xee, 0xff, 0x20, 0xee, 0xff, 0x20, 0xee, 0xff, 0x21, 0xee, 0xff, 
  0x02, 0xe6, 0xff, 0xe4, 0xe5, 0xff, 0x47, 0xee, 0xff, 0x2e, 0xff, 0xff, 
  0xd4, 0xff, 0xff, 0xf7, 0xff, 0xff, 0xf8, 0xff, 0xff, 0xf9, 0xff, 0xff, 
  0xfa, 0xff, 0xff, 0xfa, 0xff, 0xff, 0xfb, 0xff, 0xff, 0xfa, 0xff, 0xff, 
  0xf9, 0xff, 0xff, 0xf7, 0xff, 0xff, 0xd4, 0xff, 0xff, 0x2f, 0xff, 0xff, 
  0x69, 0xee, 0xff, 0x04, 0xe6, 0xff, 0x01, 0xee, 0xff, 0x20, 0xee, 0xff, 
  0x20, 0xee, 0xff, 0x20, 0xee, 0xff, 0x20, 0xee, 0xff, 0x20, 0xee, 0xff, 
  0x20, 0xee, 0xff, 0x20, 0xee, 0xff, 0x21, 0xee, 0xff, 0x23, 0xe6, 0xff, 
  0x06, 0xde, 0xff, 0xab, 0xee, 0xff, 0x71, 0xff, 0xff, 0xf5, 0xff, 0xff, 
  0xf8, 0xff, 0xff, 0xf9, 0xff, 0xff, 0xfb, 0xff, 0xff, 0xfb, 0xff, 0xff, 
  0xfb, 0xff, 0xff, 0xf9, 0xff, 0xff, 0xf7, 0xff, 0xff, 0xd4, 0xff, 0xff, 
  0x0e, 0xff, 0xff, 0x48, 0xe6, 0xff, 0x03, 0xe6, 0xff, 0x21, 0xee, 0xff, 
  0x00, 0xee, 0xff, 0x00, 0xee, 0xff, 0x00, 0xee, 0xff, 0x00, 0xee, 0xff, 
  0x00, 0xee, 0xff, 0x20, 0xee, 0xff, 0x20, 0xee, 0xff, 0x20, 0xee, 0xff, 
  0x20, 0xee, 0xff, 0x20, 0xee, 0xff, 0x00, 0xee, 0xff, 0x00, 0xee, 0xff, 
  0x20, 0xee, 0xff, 0x20, 0xee, 0xff, 0x20, 0xee, 0xff, 0x21, 0xe6, 0xff, 
  0x23, 0xde, 0xff, 0x68, 0xe6, 0xff, 0xd4, 0xff, 0xff, 0xf9, 0xff, 0xff, 
  0xfa, 0xff, 0xff, 0xfb, 0xff, 0xff, 0xfa, 0xff, 0xff, 0xf9, 0xff, 0xff, 
  0xf6, 0xff, 0xff, 0xcc, 0xf6, 0xff, 0x04, 0xe6, 0xff, 0x20, 0xe6, 0xff, 
  0x20, 0xee, 0xff, 0x20, 0xee, 0xff, 0x20, 0xf6, 0xff, 0x00, 0xee, 0xff, 
  0x20, 0xf6, 0xff, 0x20, 0xee, 0xff, 0x02, 0xe6, 0xff, 0x26, 0xe6, 0xff, 
  0xcc, 0xf6, 0xff, 0x92, 0xff, 0xff, 0xf6, 0xff, 0xff, 0xf8, 0xff, 0xff, 
  0xf9, 0xff, 0xff, 0xfa, 0xff, 0xff, 0xfa, 0xff, 0xff, 0xfa, 0xff, 0xff, 
  0xf9, 0xff, 0xff, 0xf8, 0xff, 0xff, 0xd5, 0xff, 0xff, 0x92, 0xff, 0xff, 
  0xac, 0xee, 0xff, 0x27, 0xde, 0xff, 0x02, 0xde, 0xff, 0x21, 0xe6, 0xff, 
  0x20, 0xee, 0xff, 0x20, 0xee, 0xff, 0x20, 0xf6, 0xff, 0x00, 0xee, 0xff, 
  0x00, 0xee, 0xff, 0x20, 0xee, 0xff, 0x20, 0xee, 0xff, 0x20, 0xee, 0xff, 
  0x20, 0xee, 0xff, 0x20, 0xee, 0xff, 0x20, 0xee, 0xff, 0x20, 0xee, 0xff, 
  0x20, 0xee, 0xff, 0x20, 0xee, 0xff, 0x20, 0xee, 0xff, 0x20, 0xee, 0xff, 
  0x20, 0xee, 0xff, 0x20, 0xee, 0xff, 0x20, 0xee, 0xff, 0x20, 0xee, 0xff, 
  0x20, 0xee, 0xff, 0x20, 0xe6, 0xff, 0x20, 0xee, 0xff, 0x22, 0xe6, 0xff, 
  0xc5, 0xdd, 0xff, 0xce, 0xf6, 0xff, 0xd7, 0xff, 0xff, 0xfb, 0xff, 0xff, 
  0xfc, 0xff, 0xff, 0xfd, 0xff, 0xff, 0xfd, 0xff, 0xff, 0xfd, 0xff, 0xff, 
  0xfd, 0xff, 0xff, 0xfd, 0xff, 0xff, 0xfe, 0xff, 0xff, 0xfe, 0xff, 0xff, 
  0xfd, 0xff, 0xff, 0xfc, 0xff, 0xff, 0xfc, 0xff, 0xff, 0xfb, 0xff, 0xff, 
  0xd8, 0xff, 0xff, 0x10, 0xff, 0xff, 0xe4, 0xdd, 0xff, 0x21, 0xe6, 0xff, 
  0x00, 0xee, 0xff, 0x20, 0xee, 0xff, 0x20, 0xee, 0xff, 0x20, 0xee, 0xff, 
  0x20, 0xee, 0xff, 0x21, 0xee, 0xff, 0x03, 0xde, 0xff, 0x49, 0xde, 0xff, 
  0x74, 0xff, 0xff, 0xfa, 0xff, 0xff, 0xfb, 0xff, 0xff, 0xfc, 0xff, 0xff, 
  0xfd, 0xff, 0xff, 0xfd, 0xff, 0xff, 0xfe, 0xff, 0xff, 0xfe, 0xff, 0xff, 
  0xfe, 0xff, 0xff, 0xfd, 0xff, 0xff, 0xfd, 0xff, 0xff, 0xfc, 0xff, 0xff, 
  0xfb, 0xff, 0xff, 0xd6, 0xff, 0xff, 0x8b, 0xee, 0xff, 0x04, 0xe6, 0xff, 
  0x21, 0xee, 0xff, 0x20, 0xee, 0xff, 0x20, 0xee, 0xff, 0x20, 0xee, 0xff, 
  0x00, 0xee, 0xff, 0x00, 0xee, 0xff, 0x20, 0xee, 0xff, 0x20, 0xee, 0xff, 
  0x20, 0xee, 0xff, 0x20, 0xf6, 0xff, 0x00, 0xee, 0xff, 0x00, 0xee, 0xff, 
  0x20, 0xee, 0xff, 0x20, 0xe6, 0xff, 0x20, 0xee, 0xff, 0x22, 0xe6, 0xff, 
  0x29, 0xde, 0xff, 0xd5, 0xff, 0xff, 0xfa, 0xff, 0xff, 0xfd, 0xff, 0xff, 
  0xfd, 0xff, 0xff, 0xfd, 0xff, 0xff, 0xfe, 0xff, 0xff, 0xdc, 0xff, 0xff, 
  0xf9, 0xff, 0xff, 0xce, 0xf6, 0xff, 0x04, 0xe6, 0xff, 0x20, 0xee, 0xff, 
  0x20, 0xee, 0xff, 0x20, 0xee, 0xff, 0x20, 0xee, 0xff, 0x20, 0xee, 0xff, 
  0x00, 0xee, 0xff, 0x03, 0xe6, 0xff, 0x6a, 0xe6, 0xff, 0xd4, 0xff, 0xff, 
  0xf9, 0xff, 0xff, 0xfb, 0xff, 0xff, 0xfc, 0xff, 0xff, 0xfd, 0xff, 0xff, 
  0xfd, 0xff, 0xff, 0xfd, 0xff, 0xff, 0xfd, 0xff, 0xff, 0xfd, 0xff, 0xff, 
  0xfd, 0xff, 0xff, 0xfc, 0xff, 0xff, 0xfc, 0xff, 0xff, 0xfc, 0xff, 0xff, 
  0xfb, 0xff, 0xff, 0xb6, 0xff, 0xff, 0x49, 0xe6, 0xff, 0xe3, 0xdd, 0xff, 
  0x41, 0xee, 0xff, 0x20, 0xee, 0xff, 0x00, 0xee, 0xff, 0x20, 0xee, 0xff, 
  0x20, 0xee, 0xff, 0x20, 0xee, 0xff, 0x20, 0xee, 0xff, 0x20, 0xee, 0xff, 
  0x20, 0xee, 0xff, 0x20, 0xee, 0xff, 0x20, 0xee, 0xff, 0x20, 0xee, 0xff, 
  0x20, 0xee, 0xff, 0x20, 0xee, 0xff, 0x20, 0xee, 0xff, 0x20, 0xee, 0xff, 
  0x20, 0xee, 0xff, 0x20, 0xee, 0xff, 0x20, 0xee, 0xff, 0x20, 0xee, 0xff, 
  0x20, 0xe6, 0xff, 0x21, 0xee, 0xff, 0x21, 0xe6, 0xff, 0x04, 0xe6, 0xff, 
  0xee, 0xfe, 0xff, 0xf8, 0xff, 0xff, 0xfd, 0xff, 0xff, 0xff, 0xff, 0xff, 
  0xff, 0xff, 0xff, 0xff, 0xff, 0xff, 0xff, 0xff, 0xff, 0xff, 0xff, 0xff, 
  0xff, 0xff, 0xff, 0xff, 0xff, 0xff, 0xdf, 0xff, 0xff, 0xff, 0xff, 0xff, 
  0xff, 0xff, 0xff, 0xff, 0xff, 0xff, 0xff, 0xff, 0xff, 0xff, 0xff, 0xff, 
  0xfd, 0xff, 0xff, 0xd9, 0xff, 0xff, 0x2e, 0xff, 0xff, 0x05, 0xe6, 0xff, 
  0x21, 0xee, 0xff, 0x00, 0xee, 0xff, 0x40, 0xee, 0xff, 0x20, 0xee, 0xff, 
  0x00, 0xe6, 0xff, 0x03, 0xe6, 0xff, 0x69, 0xe6, 0xff, 0xd5, 0xff, 0xff, 
  0xfb, 0xff, 0xff, 0xfe, 0xff, 0xff, 0xff, 0xff, 0xff, 0xff, 0xff, 0xff, 
  0xff, 0xff, 0xff, 0xff, 0xff, 0xff, 0xff, 0xff, 0xff, 0xff, 0xff, 0xff, 
  0xdf, 0xff, 0xff, 0xff, 0xff, 0xff, 0xff, 0xff, 0xff, 0xdf, 0xff, 0xff, 
  0xff, 0xff, 0xff, 0xfc, 0xff, 0xff, 0xf7, 0xff, 0xff, 0xab, 0xee, 0xff, 
  0x03, 0xde, 0xff, 0x21, 0xee, 0xff, 0x20, 0xee, 0xff, 0x00, 0xee, 0xff, 
  0x20, 0xf6, 0xff, 0x00, 0xee, 0xff, 0x20, 0xee, 0xff, 0x20, 0xee, 0xff, 
  0x20, 0xee, 0xff, 0x00, 0xee, 0xff, 0x00, 0xee, 0xff, 0x20, 0xf6, 0xff, 
  0x20, 0xee, 0xff, 0x21, 0xe6, 0xff, 0x22, 0xe6, 0xff, 0x06, 0xde, 0xff, 
  0x93, 0xff, 0xff, 0xfa, 0xff, 0xff, 0xfe, 0xff, 0xff, 0xff, 0xff, 0xff, 
  0xff, 0xff, 0xff, 0xff, 0xff, 0xff, 0xff, 0xff, 0xff, 0xfe, 0xff, 0xff, 
  0xfa, 0xff, 0xff, 0xaf, 0xee, 0xff, 0xe4, 0xe5, 0xff, 0x20, 0xee, 0xff, 
  0x20, 0xee, 0xff, 0x20, 0xee, 0xff, 0x20, 0xee, 0xff, 0x21, 0xe6, 0xff, 
  0x03, 0xe6, 0xff, 0x89, 0xee, 0xff, 0xf6, 0xff, 0xff, 0xfb, 0xff, 0xff, 
  0xfe, 0xff, 0xff, 0xff, 0xff, 0xff, 0xff, 0xff, 0xff, 0xff, 0xff, 0xff, 
  0xff, 0xff, 0xff, 0xfe, 0xff, 0xff, 0xdd, 0xff, 0xff, 0xfe, 0xff, 0xff, 
  0xfe, 0xff, 0xff, 0xff, 0xff, 0xff, 0xff, 0xff, 0xff, 0xff, 0xff, 0xff, 
  0xff, 0xff, 0xff, 0xfc, 0xff, 0xff, 0xf6, 0xff, 0xff, 0x8a, 0xee, 0xff, 
  0x02, 0xe6, 0xff, 0x40, 0xee, 0xff, 0x20, 0xee, 0xff, 0x00, 0xee, 0xff, 
  0x20, 0xee, 0xff, 0x20, 0xee, 0xff, 0x20, 0xee, 0xff, 0x20, 0xee, 0xff, 
  0x20, 0xee, 0xff, 0x20, 0xee, 0xff, 0x20, 0xee, 0xff, 0x20, 0xee, 0xff, 
  0x20, 0xee, 0xff, 0x20, 0xee, 0xff, 0x20, 0xee, 0xff, 0x20, 0xee, 0xff, 
  0x20, 0xee, 0xff, 0x20, 0xee, 0xff, 0x20, 0xee, 0xff, 0x20, 0xee, 0xff, 
  0x20, 0xee, 0xff, 0x21, 0xee, 0xff, 0x23, 0xe6, 0xff, 0x69, 0xe6, 0xff, 
  0xd7, 0xff, 0xff, 0xfd, 0xff, 0xff, 0xff, 0xff, 0xff, 0xff, 0xff, 0xff, 
  0xff, 0xff, 0xff, 0xff, 0xff, 0xff, 0xff, 0xff, 0xff, 0xff, 0xff, 0xff, 
  0xfe, 0xff, 0xff, 0xff, 0xff, 0xff, 0xff, 0xff, 0xff, 0xff, 0xff, 0xff, 
  0xff, 0xf7, 0xff, 0xff, 0xff, 0xff, 0xff, 0xff, 0xff, 0xff, 0xff, 0xff, 
  0xfe, 0xff, 0xff, 0xfd, 0xff, 0xff, 0xf8, 0xff, 0xff, 0xad, 0xee, 0xff, 
  0xe3, 0xe5, 0xff, 0x00, 0xf6, 0xff, 0x00, 0xee, 0xff, 0x20, 0xee, 0xff, 
  0x21, 0xe6, 0xff, 0x05, 0xde, 0xff, 0x94, 0xff, 0xff, 0xfb, 0xff, 0xff, 
  0xfd, 0xff, 0xff, 0xfe, 0xff, 0xff, 0xff, 0xff, 0xff, 0xff, 0xff, 0xff, 
  0xff, 0xff, 0xff, 0xff, 0xff, 0xff, 0xfe, 0xff, 0xff, 0xff, 0xff, 0xff, 
  0xff, 0xff, 0xff, 0xff, 0xff, 0xff, 0xff, 0xff, 0xff, 0xff, 0xff, 0xff, 
  0xff, 0xff, 0xff, 0xbd, 0xff, 0xff, 0xfc, 0xff, 0xff, 0xf7, 0xff, 0xff, 
  0x68, 0xe6, 0xff, 0x03, 0xe6, 0xff, 0x01, 0xee, 0xff, 0x00, 0xee, 0xff, 
  0x20, 0xf6, 0xff, 0x00, 0xee, 0xff, 0x20, 0xee, 0xff, 0x20, 0xee, 0xff, 
  0x20, 0xee, 0xff, 0x00, 0xee, 0xff, 0x20, 0xee, 0xff, 0x00, 0xee, 0xff, 
  0x20, 0xee, 0xff, 0x23, 0xee, 0xff, 0xe6, 0xdd, 0xff, 0x30, 0xff, 0xff, 
  0xfa, 0xff, 0xff, 0xfe, 0xff, 0xff, 0xff, 0xff, 0xff, 0xff, 0xff, 0xff, 
  0xff, 0xff, 0xff, 0xff, 0xff, 0xff, 0xff, 0xff, 0xff, 0xfe, 0xff, 0xff, 
  0xfa, 0xff, 0xff, 0xcf, 0xee, 0xff, 0x04, 0xde, 0xff, 0x20, 0xee, 0xff, 
  0x20, 0xee, 0xff, 0x20, 0xee, 0xff, 0x20, 0xee, 0xff, 0x02, 0xe6, 0xff, 
  0x28, 0xde, 0xff, 0xd4, 0xff, 0xff, 0xfb, 0xff, 0xff, 0xfe, 0xff, 0xff, 
  0xff, 0xff, 0xff, 0xdf, 0xff, 0xff, 0xff, 0xff, 0xff, 0xff, 0xff, 0xff, 
  0xfe, 0xff, 0xff, 0xfc, 0xff, 0xff, 0xfb, 0xff, 0xff, 0xfb, 0xff, 0xff, 
  0xfd, 0xff, 0xff, 0xff, 0xff, 0xff, 0xff, 0xff, 0xff, 0xff, 0xff, 0xff, 
  0xff, 0xff, 0xff, 0xfe, 0xff, 0xff, 0xfc, 0xff, 0xff, 0xb6, 0xff, 0xff, 
  0x06, 0xe6, 0xff, 0x01, 0xee, 0xff, 0xe0, 0xe5, 0xff, 0x20, 0xee, 0xff, 
  0x20, 0xee, 0xff, 0x20, 0xee, 0xff, 0x20, 0xee, 0xff, 0x20, 0xee, 0xff, 
  0x20, 0xee, 0xff, 0x20, 0xee, 0xff, 0x20, 0xee, 0xff, 0x20, 0xee, 0xff, 
  0x20, 0xee, 0xff, 0x20, 0xee, 0xff, 0x00, 0xee, 0xff, 0x00, 0xee, 0xff, 
  0x00, 0xee, 0xff, 0x20, 0xee, 0xff, 0x00, 0xee, 0xff, 0x00, 0xee, 0xff, 
  0x00, 0xee, 0xff, 0x21, 0xe6, 0xff, 0x05, 0xde, 0xff, 0xb1, 0xff, 0xff, 
  0xfb, 0xff, 0xff, 0xff, 0xff, 0xff, 0xff, 0xff, 0xff, 0xff, 0xff, 0xff, 
  0xff, 0xff, 0xff, 0xff, 0xff, 0xff, 0xfd, 0xff, 0xff, 0xfb, 0xff, 0xff, 
  0xd9, 0xff, 0xff, 0xb8, 0xff, 0xff, 0xd9, 0xff, 0xff, 0xfb, 0xff, 0xff, 
  0xfd, 0xff, 0xff, 0xfe, 0xff, 0xff, 0xff, 0xff, 0xff, 0xff, 0xff, 0xff, 
  0xff, 0xff, 0xff, 0xfe, 0xff, 0xff, 0xfc, 0xff, 0xff, 0x95, 0xff, 0xff, 
  0x05, 0xe6, 0xff, 0x00, 0xee, 0xff, 0x20, 0xee, 0xff, 0x01, 0xee, 0xff, 
  0x03, 0xde, 0xff, 0x0c, 0xff, 0xff, 0xfa, 0xff, 0xff, 0xde, 0xff, 0xff, 
  0xff, 0xff, 0xff, 0xff, 0xff, 0xff, 0xff, 0xff, 0xff, 0xfe, 0xff, 0xff, 
  0xfd, 0xff, 0xff, 0xfb, 0xff, 0xff, 0x97, 0xff, 0xff, 0x97, 0xff, 0xff, 
  0xfa, 0xff, 0xff, 0xfc, 0xff, 0xff, 0xff, 0xff, 0xff, 0xff, 0xff, 0xff, 
  0xff, 0xff, 0xff, 0xff, 0xff, 0xff, 0xff, 0xff, 0xff, 0xfa, 0xff, 0xff, 
  0x71, 0xff, 0xff, 0xe6, 0xdd, 0xff, 0xe2, 0xed, 0xff, 0x20, 0xf6, 0xff, 
  0x00, 0xee, 0xff, 0x20, 0xee, 0xff, 0x20, 0xee, 0xff, 0x20, 0xee, 0xff, 
  0x20, 0xee, 0xff, 0x20, 0xee, 0xff, 0x20, 0xf6, 0xff, 0x00, 0xee, 0xff, 
  0x02, 0xee, 0xff, 0xe5, 0xe5, 0xff, 0xef, 0xf6, 0xff, 0xf9, 0xff, 0xff, 
  0xfd, 0xff, 0xff, 0xff, 0xff, 0xff, 0xdf, 0xff, 0xff, 0xff, 0xff, 0xff, 
  0xff, 0xff, 0xff, 0xff, 0xff, 0xff, 0xff, 0xff, 0xff, 0xdd, 0xff, 0xff, 
  0xfa, 0xff, 0xff, 0xcf, 0xee, 0xff, 0x04, 0xde, 0xff, 0x20, 0xee, 0xff, 
  0x20, 0xee, 0xff, 0x20, 0xee, 0xff, 0x00, 0xee, 0xff, 0xe4, 0xe5, 0xff, 
  0xef, 0xf6, 0xff, 0xf9, 0xff, 0xff, 0xdd, 0xff, 0xff, 0xff, 0xff, 0xff, 
  0xdf, 0xff, 0xff, 0xff, 0xff, 0xff, 0xff, 0xff, 0xff, 0xfd, 0xff, 0xff, 
  0xb8, 0xff, 0xff, 0xd2, 0xee, 0xff, 0xaf, 0xe6, 0xff, 0x12, 0xf7, 0xff, 
  0xf9, 0xff, 0xff, 0xfd, 0xff, 0xff, 0xff, 0xff, 0xff, 0xff, 0xff, 0xff, 
  0xff, 0xff, 0xff, 0xff, 0xff, 0xff, 0xde, 0xff, 0xff, 0xfa, 0xff, 0xff, 
  0xcc, 0xf6, 0xff, 0x03, 0xe6, 0xff, 0x21, 0xee, 0xff, 0x00, 0xee, 0xff, 
  0x20, 0xee, 0xff, 0x20, 0xee, 0xff, 0x20, 0xee, 0xff, 0x20, 0xee, 0xff, 
  0x20, 0xee, 0xff, 0x20, 0xee, 0xff, 0x20, 0xee, 0xff, 0x20, 0xee, 0xff, 
  0x20, 0xee, 0xff, 0x20, 0xee, 0xff, 0x00, 0xee, 0xff, 0x00, 0xee, 0xff, 
  0x00, 0xee, 0xff, 0x00, 0xee, 0xff, 0x00, 0xee, 0xff, 0x00, 0xee, 0xff, 
  0x40, 0xee, 0xff, 0x02, 0xe6, 0xff, 0x6a, 0xe6, 0xff, 0xf6, 0xff, 0xff, 
  0xfc, 0xff, 0xff, 0xff, 0xff, 0xff, 0xff, 0xff, 0xff, 0xff, 0xff, 0xff, 
  0xff, 0xff, 0xff, 0xfd, 0xff, 0xff, 0xf9, 0xff, 0xff, 0xf1, 0xf6, 0xff, 
  0x09, 0xde, 0xff, 0xe6, 0xdd, 0xff, 0x07, 0xde, 0xff, 0xee, 0xf6, 0xff, 
  0xf9, 0xff, 0xff, 0xfd, 0xff, 0xff, 0xfe, 0xff, 0xff, 0xff, 0xff, 0xff, 
  0xff, 0xff, 0xff, 0xff, 0xff, 0xff, 0xff, 0xff, 0xff, 0xfa, 0xff, 0xff, 
  0x69, 0xee, 0xff, 0x02, 0xee, 0xff, 0x01, 0xee, 0xff, 0x23, 0xe6, 0xff, 
  0x07, 0xde, 0xff, 0xf5, 0xff, 0xff, 0xdb, 0xff, 0xff, 0xff, 0xff, 0xff, 
  0xff, 0xff, 0xff, 0xff, 0xff, 0xff, 0xff, 0xff, 0xff, 0xfc, 0xff, 0xff, 
  0xf8, 0xff, 0xff, 0xad, 0xee, 0xff, 0x27, 0xde, 0xff, 0x05, 0xde, 0xff, 
  0x6a, 0xe6, 0xff, 0xd4, 0xff, 0xff, 0xfc, 0xff, 0xff, 0xff, 0xff, 0xff, 
  0xff, 0xff, 0xff, 0xff, 0xff, 0xff, 0xff, 0xff, 0xff, 0xfd, 0xff, 0xff, 
  0xf8, 0xff, 0xff, 0x4b, 0xe6, 0xff, 0xe3, 0xe5, 0xff, 0x21, 0xf6, 0xff, 
  0x00, 0xee, 0xff, 0x20, 0xee, 0xff, 0x00, 0xee, 0xff, 0x20, 0xee, 0xff, 
  0x20, 0xee, 0xff, 0x20, 0xee, 0xff, 0x20, 0xf6, 0xff, 0x21, 0xee, 0xff, 
  0xc4, 0xdd, 0xff, 0xcd, 0xf6, 0xff, 0xf9, 0xff, 0xff, 0xfd, 0xff, 0xff, 
  0xff, 0xff, 0xff, 0xff, 0xff, 0xff, 0xff, 0xff, 0xff, 0xff, 0xff, 0xff, 
  0xff, 0xff, 0xff, 0xff, 0xff, 0xff, 0xff, 0xff, 0xff, 0xfd, 0xff, 0xff, 
  0xf9, 0xff, 0xff, 0xce, 0xee, 0xff, 0x03, 0xe6, 0xff, 0x20, 0xee, 0xff, 
  0x00, 0xee, 0xff, 0x00, 0xee, 0xff, 0x00, 0xee, 0xff, 0x05, 0xe6, 0xff, 
  0x94, 0xff, 0xff, 0xfc, 0xff, 0xff, 0xff, 0xff, 0xff, 0xff, 0xff, 0xff, 
  0xff, 0xff, 0xff, 0xff, 0xff, 0xff, 0xfd, 0xff, 0xff, 0xb7, 0xff, 0xff, 
  0x09, 0xde, 0xff, 0x05, 0xe6, 0xff, 0x04, 0xde, 0xff, 0x05, 0xd6, 0xff, 
  0x4b, 0xde, 0xff, 0xf7, 0xff, 0xff, 0xfd, 0xff, 0xff, 0xff, 0xff, 0xff, 
  0xff, 0xff, 0xff, 0xff, 0xff, 0xff, 0xff, 0xff, 0xff, 0xfb, 0xff, 0xff, 
  0x91, 0xff, 0xff, 0x05, 0xde, 0xff, 0x22, 0xee, 0xff, 0x00, 0xee, 0xff, 
  0x20, 0xee, 0xff, 0x20, 0xee, 0xff, 0x20, 0xee, 0xff, 0x20, 0xee, 0xff, 
  0x20, 0xee, 0xff, 0x20, 0xee, 0xff, 0x20, 0xee, 0xff, 0x20, 0xee, 0xff, 
  0x20, 0xee, 0xff, 0x20, 0xee, 0xff, 0x20, 0xee, 0xff, 0x00, 0xee, 0xff, 
  0x00, 0xee, 0xff, 0x20, 0xee, 0xff, 0x00, 0xee, 0xff, 0x20, 0xee, 0xff, 
  0x20, 0xee, 0xff, 0x03, 0xe6, 0xff, 0xcd, 0xf6, 0xff, 0xf8, 0xff, 0xff, 
  0xfc, 0xff, 0xff, 0xfe, 0xff, 0xff, 0xde, 0xff, 0xff, 0xff, 0xff, 0xff, 
  0xff, 0xff, 0xff, 0xfc, 0xff, 0xff, 0x52, 0xff, 0xff, 0xe7, 0xdd, 0xff, 
  0xe2, 0xe5, 0xff, 0x21, 0xee, 0xff, 0x01, 0xee, 0xff, 0xe5, 0xdd, 0xff, 
  0x13, 0xef, 0xff, 0xfc, 0xff, 0xff, 0xfe, 0xff, 0xff, 0xfe, 0xff, 0xff, 
  0xff, 0xff, 0xff, 0xff, 0xff, 0xff, 0xff, 0xff, 0xff, 0xfb, 0xff, 0xff, 
  0xcc, 0xf6, 0xff, 0x03, 0xe6, 0xff, 0x01, 0xe6, 0xff, 0x04, 0xe6, 0xff, 
  0x8d, 0xe6, 0xff, 0xf8, 0xff, 0xff, 0xfd, 0xff, 0xff, 0xff, 0xff, 0xff, 
  0xff, 0xff, 0xff, 0xff, 0xff, 0xff, 0xff, 0xff, 0xff, 0xfb, 0xff, 0xff, 
  0x10, 0xf7, 0xff, 0xe5, 0xdd, 0xff, 0x01, 0xe6, 0xff, 0x41, 0xee, 0xff, 
  0x02, 0xde, 0xff, 0x8a, 0xe6, 0xff, 0xf9, 0xff, 0xff, 0xff, 0xff, 0xff, 
  0xff, 0xff, 0xff, 0xdf, 0xff, 0xff, 0xff, 0xff, 0xff, 0xfe, 0xff, 0xff, 
  0xfb, 0xff, 0xff, 0x11, 0xf7, 0xff, 0xe4, 0xe5, 0xff, 0x20, 0xee, 0xff, 
  0x20, 0xee, 0xff, 0x00, 0xee, 0xff, 0x00, 0xee, 0xff, 0x20, 0xee, 0xff, 
  0x20, 0xee, 0xff, 0x20, 0xee, 0xff, 0x00, 0xee, 0xff, 0xe3, 0xe5, 0xff, 
  0x6b, 0xee, 0xff, 0xf6, 0xff, 0xff, 0xfd, 0xff, 0xff, 0xff, 0xff, 0xff, 
  0xff, 0xff, 0xff, 0xff, 0xff, 0xff, 0xff, 0xff, 0xff, 0xfe, 0xff, 0xff, 
  0xff, 0xff, 0xff, 0xff, 0xff, 0xff, 0xff, 0xff, 0xff, 0xfd, 0xff, 0xff, 
  0xf9, 0xff, 0xff, 0xce, 0xee, 0xff, 0x03, 0xe6, 0xff, 0x20, 0xee, 0xff, 
  0x00, 0xee, 0xff, 0x00, 0xee, 0xff, 0x20, 0xf6, 0xff, 0x05, 0xe6, 0xff, 
  0xb6, 0xff, 0xff, 0xfe, 0xff, 0xff, 0xff, 0xff, 0xff, 0xff, 0xff, 0xff, 
  0xff, 0xff, 0xff, 0xdd, 0xff, 0xff, 0xfb, 0xff, 0xff, 0xd0, 0xee, 0xff, 
  0xe4, 0xe5, 0xff, 0x21, 0xf6, 0xff, 0x20, 0xee, 0xff, 0x22, 0xe6, 0xff, 
  0x06, 0xde, 0xff, 0x51, 0xff, 0xff, 0xfc, 0xff, 0xff, 0xff, 0xff, 0xff, 
  0xff, 0xff, 0xff, 0xff, 0xff, 0xff, 0xff, 0xff, 0xff, 0xfb, 0xff, 0xff, 
  0xd3, 0xff, 0xff, 0x07, 0xde, 0xff, 0xe1, 0xe5, 0xff, 0x20, 0xee, 0xff, 
  0x20, 0xee, 0xff, 0x20, 0xee, 0xff, 0x20, 0xee, 0xff, 0x20, 0xee, 0xff, 
  0x20, 0xee, 0xff, 0x20, 0xee, 0xff, 0x20, 0xee, 0xff, 0x20, 0xee, 0xff, 
  0x20, 0xee, 0xff, 0x20, 0xee, 0xff, 0x20, 0xee, 0xff, 0x20, 0xee, 0xff, 
  0x20, 0xee, 0xff, 0x20, 0xee, 0xff, 0x20, 0xee, 0xff, 0x20, 0xee, 0xff, 
  0x20, 0xee, 0xff, 0x04, 0xde, 0xff, 0x50, 0xff, 0xff, 0xf8, 0xff, 0xff, 
  0xfb, 0xff, 0xff, 0xfc, 0xff, 0xff, 0xfd, 0xff, 0xff, 0xfe, 0xff, 0xff, 
  0xfe, 0xff, 0xff, 0xfa, 0xff, 0xff, 0x8b, 0xee, 0xff, 0x03, 0xee, 0xff, 
  0x41, 0xee, 0xff, 0x00, 0xee, 0xff, 0x20, 0xee, 0xff, 0xe4, 0xdd, 0xff, 
  0x6e, 0xde, 0xff, 0xfa, 0xff, 0xff, 0xfd, 0xff, 0xff, 0xff, 0xff, 0xff, 
  0xff, 0xff, 0xff, 0xff, 0xff, 0xff, 0xff, 0xff, 0xff, 0xfb, 0xff, 0xff, 
  0x0d, 0xff, 0xff, 0xc2, 0xdd, 0xff, 0x42, 0xee, 0xff, 0x04, 0xde, 0xff, 
  0x11, 0xf7, 0xff, 0xfb, 0xff, 0xff, 0xfe, 0xff, 0xff, 0xdf, 0xff, 0xff, 
  0xff, 0xff, 0xff, 0xff, 0xff, 0xff, 0xfe, 0xff, 0xff, 0xf9, 0xff, 0xff, 
  0x49, 0xe6, 0xff, 0xe2, 0xe5, 0xff, 0x01, 0xee, 0xff, 0x00, 0xee, 0xff, 
  0x21, 0xee, 0xff, 0x06, 0xde, 0xff, 0xb6, 0xff, 0xff, 0xfd, 0xff, 0xff, 
  0xff, 0xff, 0xff, 0xff, 0xff, 0xff, 0xff, 0xff, 0xff, 0xff, 0xff, 0xff, 
  0xfd, 0xff, 0xff, 0xb5, 0xff, 0xff, 0x04, 0xe6, 0xff, 0x20, 0xee, 0xff, 
  0x00, 0xee, 0xff, 0x00, 0xee, 0xff, 0x20, 0xee, 0xff, 0x20, 0xee, 0xff, 
  0x00, 0xee, 0xff, 0x22, 0xee, 0xff, 0xe2, 0xe5, 0xff, 0x48, 0xe6, 0xff, 
  0xf6, 0xff, 0xff, 0xfc, 0xff, 0xff, 0xfe, 0xff, 0xff, 0xff, 0xff, 0xff, 
  0xff, 0xff, 0xff, 0xff, 0xff, 0xff, 0xfd, 0xff, 0xff, 0xfe, 0xff, 0xff, 
  0xff, 0xff, 0xff, 0xff, 0xff, 0xff, 0xff, 0xff, 0xff, 0xfe, 0xff, 0xff, 
  0xfa, 0xff, 0xff, 0xaf, 0xee, 0xff, 0xe4, 0xe5, 0xff, 0x20, 0xee, 0xff, 
  0x00, 0xee, 0xff, 0x20, 0xee, 0xff, 0x20, 0xee, 0xff, 0x05, 0xe6, 0xff, 
  0xd7, 0xff, 0xff, 0xfd, 0xff, 0xff, 0xff, 0xff, 0xff, 0xff, 0xff, 0xff, 
  0xdf, 0xff, 0xff, 0xfd, 0xff, 0xff, 0xfa, 0xff, 0xff, 0x8e, 0xe6, 0xff, 
  0x03, 0xe6, 0xff, 0x20, 0xf6, 0xff, 0x00, 0xee, 0xff, 0x22, 0xee, 0xff, 
  0x06, 0xe6, 0xff, 0xae, 0xee, 0xff, 0xfc, 0xff, 0xff, 0xff, 0xff, 0xff, 
  0xff, 0xff, 0xff, 0xff, 0xff, 0xff, 0xff, 0xff, 0xff, 0xfb, 0xff, 0xff, 
  0xb3, 0xff, 0xff, 0x07, 0xde, 0xff, 0x22, 0xee, 0xff, 0x00, 0xf6, 0xff, 
  0x20, 0xee, 0xff, 0x20, 0xee, 0xff, 0x20, 0xee, 0xff, 0x20, 0xee, 0xff, 
  0x20, 0xee, 0xff, 0x20, 0xee, 0xff, 0x20, 0xee, 0xff, 0x20, 0xee, 0xff, 
  0x20, 0xee, 0xff, 0x20, 0xee, 0xff, 0x20, 0xee, 0xff, 0x20, 0xee, 0xff, 
  0x20, 0xee, 0xff, 0x20, 0xee, 0xff, 0x00, 0xee, 0xff, 0x20, 0xee, 0xff, 
  0x20, 0xee, 0xff, 0x03, 0xe6, 0xff, 0xab, 0xf6, 0xff, 0x30, 0xff, 0xff, 
  0x32, 0xf7, 0xff, 0x94, 0xff, 0xff, 0x96, 0xff, 0xff, 0xb7, 0xff, 0xff, 
  0xd8, 0xff, 0xff, 0xf5, 0xff, 0xff, 0x26, 0xe6, 0xff, 0x01, 0xee, 0xff, 
  0x00, 0xee, 0xff, 0x20, 0xee, 0xff, 0x00, 0xee, 0xff, 0x04, 0xe6, 0xff, 
  0x6f, 0xe6, 0xff, 0xfb, 0xff, 0xff, 0xdd, 0xff, 0xff, 0xff, 0xff, 0xff, 
  0xff, 0xff, 0xff, 0xff, 0xff, 0xff, 0xdf, 0xff, 0xff, 0xfb, 0xff, 0xff, 
  0xec, 0xf6, 0xff, 0x02, 0xe6, 0xff, 0x01, 0xee, 0xff, 0x05, 0xe6, 0xff, 
  0x54, 0xff, 0xff, 0xfd, 0xff, 0xff, 0xfe, 0xff, 0xff, 0xff, 0xff, 0xff, 
  0xff, 0xff, 0xff, 0xff, 0xff, 0xff, 0xfe, 0xff, 0xff, 0xb7, 0xff, 0xff, 
  0x06, 0xe6, 0xff, 0x01, 0xee, 0xff, 0x20, 0xf6, 0xff, 0x00, 0xee, 0xff, 
  0x20, 0xee, 0xff, 0xe4, 0xdd, 0xff, 0x12, 0xf7, 0xff, 0xfc, 0xff, 0xff, 
  0xfe, 0xff, 0xff, 0xff, 0xff, 0xff, 0xff, 0xff, 0xff, 0xff, 0xff, 0xff, 
  0xfe, 0xff, 0xff, 0xd7, 0xff, 0xff, 0x26, 0xe6, 0xff, 0x20, 0xee, 0xff, 
  0xe0, 0xed, 0xff, 0x20, 0xf6, 0xff, 0x20, 0xee, 0xff, 0x20, 0xee, 0xff, 
  0x21, 0xee, 0xff, 0xe3, 0xe5, 0xff, 0x07, 0xe6, 0xff, 0x92, 0xff, 0xff, 
  0xfb, 0xff, 0xff, 0xff, 0xff, 0xff, 0xff, 0xff, 0xff, 0xff, 0xff, 0xff, 
  0xfd, 0xff, 0xff, 0xbb, 0xff, 0xff, 0xf7, 0xee, 0xff, 0xfc, 0xff, 0xff, 
  0xfe, 0xff, 0xff, 0xff, 0xff, 0xff, 0xff, 0xff, 0xff, 0xfe, 0xff, 0xff, 
  0xfa, 0xff, 0xff, 0xcf, 0xee, 0xff, 0xe4, 0xe5, 0xff, 0x20, 0xee, 0xff, 
  0x00, 0xee, 0xff, 0x20, 0xee, 0xff, 0x20, 0xee, 0xff, 0x04, 0xde, 0xff, 
  0x73, 0xff, 0xff, 0xfc, 0xff, 0xff, 0xfe, 0xff, 0xff, 0xfe, 0xf7, 0xff, 
  0xff, 0xff, 0xff, 0xfe, 0xff, 0xff, 0xfa, 0xff, 0xff, 0x11, 0xef, 0xff, 
  0xe5, 0xdd, 0xff, 0x01, 0xe6, 0xff, 0x22, 0xee, 0xff, 0x04, 0xe6, 0xff, 
  0xc7, 0xd5, 0xff, 0x52, 0xff, 0xff, 0xfc, 0xff, 0xff, 0xff, 0xff, 0xff, 
  0xff, 0xff, 0xff, 0xff, 0xff, 0xff, 0xfe, 0xff, 0xff, 0xfb, 0xff, 0xff, 
  0x70, 0xff, 0xff, 0x05, 0xde, 0xff, 0x01, 0xee, 0xff, 0x00, 0xf6, 0xff, 
  0x20, 0xee, 0xff, 0x20, 0xee, 0xff, 0x20, 0xee, 0xff, 0x20, 0xee, 0xff, 
  0x20, 0xee, 0xff, 0x20, 0xee, 0xff, 0x20, 0xee, 0xff, 0x20, 0xee, 0xff, 
  0x20, 0xee, 0xff, 0x20, 0xee, 0xff, 0x40, 0xee, 0xff, 0x20, 0xee, 0xff, 
  0x20, 0xee, 0xff, 0x00, 0xee, 0xff, 0x00, 0xf6, 0xff, 0x00, 0xf6, 0xff, 
  0x20, 0xee, 0xff, 0x01, 0xee, 0xff, 0x03, 0xe6, 0xff, 0x04, 0xe6, 0xff, 
  0x04, 0xe6, 0xff, 0xe5, 0xe5, 0xff, 0x05, 0xe6, 0xff, 0x05, 0xe6, 0xff, 
  0x26, 0xe6, 0xff, 0x25, 0xe6, 0xff, 0x22, 0xee, 0xff, 0x20, 0xee, 0xff, 
  0x00, 0xee, 0xff, 0x20, 0xee, 0xff, 0x21, 0xee, 0xff, 0xe6, 0xe5, 0xff, 
  0x34, 0xff, 0xff, 0xfd, 0xff, 0xff, 0xff, 0xff, 0xff, 0xff, 0xff, 0xff, 
  0xff, 0xff, 0xff, 0xff, 0xff, 0xff, 0xff, 0xff, 0xff, 0xfa, 0xff, 0xff, 
  0x89, 0xee, 0xff, 0x01, 0xee, 0xff, 0x00, 0xee, 0xff, 0x05, 0xe6, 0xff, 
  0xb6, 0xff, 0xff, 0xfd, 0xff, 0xff, 0xfe, 0xff, 0xff, 0xff, 0xff, 0xff, 
  0xff, 0xff, 0xff, 0xff, 0xff, 0xff, 0xfd, 0xff, 0xff, 0x74, 0xf7, 0xff, 
  0xe5, 0xe5, 0xff, 0x20, 0xee, 0xff, 0x00, 0xee, 0xff, 0x20, 0xee, 0xff, 
  0x20, 0xee, 0xff, 0xe3, 0xe5, 0xff, 0xd0, 0xf6, 0xff, 0xfa, 0xff, 0xff, 
  0xfd, 0xff, 0xff, 0xff, 0xff, 0xff, 0xff, 0xff, 0xff, 0xff, 0xff, 0xff, 
  0xff, 0xff, 0xff, 0xfa, 0xff, 0xff, 0x68, 0xee, 0xff, 0x01, 0xee, 0xff, 
  0x00, 0xee, 0xff, 0x20, 0xf6, 0xff, 0x00, 0xee, 0xff, 0x20, 0xee, 0xff, 
  0x22, 0xee, 0xff, 0x06, 0xde, 0xff, 0x52, 0xff, 0xff, 0xfa, 0xff, 0xff, 
  0xfe, 0xff, 0xff, 0xff, 0xff, 0xff, 0xff, 0xff, 0xff, 0xfd, 0xff, 0xff, 
  0xf8, 0xff, 0xff, 0x70, 0xe6, 0xff, 0x71, 0xde, 0xff, 0xfa, 0xff, 0xff, 
  0xfd, 0xff, 0xff, 0xff, 0xff, 0xff, 0xff, 0xff, 0xff, 0xfe, 0xff, 0xff, 
  0xfa, 0xff, 0xff, 0xcf, 0xee, 0xff, 0x04, 0xe6, 0xff, 0x20, 0xee, 0xff, 
  0x00, 0xee, 0xff, 0x20, 0xee, 0xff, 0x20, 0xee, 0xff, 0x02, 0xde, 0xff, 
  0xcd, 0xee, 0xff, 0xf8, 0xff, 0xff, 0xfc, 0xff, 0xff, 0xff, 0xff, 0xff, 
  0xff, 0xff, 0xff, 0xff, 0xff, 0xff, 0xfe, 0xff, 0xff, 0xf9, 0xff, 0xff, 
  0x6c, 0xe6, 0xff, 0x06, 0xde, 0xff, 0xc5, 0xdd, 0xff, 0x08, 0xde, 0xff, 
  0x6f, 0xde, 0xff, 0xf9, 0xff, 0xff, 0xfe, 0xff, 0xff, 0xff, 0xff, 0xff, 
  0xff, 0xff, 0xff, 0xff, 0xff, 0xff, 0xfd, 0xff, 0xff, 0xf9, 0xff, 0xff, 
  0x8b, 0xee, 0xff, 0xe2, 0xe5, 0xff, 0x21, 0xf6, 0xff, 0x00, 0xee, 0xff, 
  0x20, 0xee, 0xff, 0x20, 0xee, 0xff, 0x20, 0xee, 0xff, 0x20, 0xee, 0xff, 
  0x20, 0xee, 0xff, 0x20, 0xee, 0xff, 0x20, 0xee, 0xff, 0x20, 0xee, 0xff, 
  0x20, 0xee, 0xff, 0x20, 0xee, 0xff, 0x20, 0xee, 0xff, 0x20, 0xee, 0xff, 
  0x20, 0xee, 0xff, 0x00, 0xf6, 0xff, 0x00, 0xf6, 0xff, 0x00, 0xf6, 0xff, 
  0x20, 0xee, 0xff, 0x20, 0xee, 0xff, 0x20, 0xee, 0xff, 0x20, 0xee, 0xff, 
  0x00, 0xee, 0xff, 0x00, 0xee, 0xff, 0x00, 0xee, 0xff, 0x00, 0xee, 0xff, 
  0x00, 0xe6, 0xff, 0x20, 0xee, 0xff, 0x20, 0xee, 0xff, 0x00, 0xe6, 0xff, 
  0x40, 0xee, 0xff, 0x22, 0xee, 0xff, 0xc4, 0xe5, 0xff, 0x6c, 0xee, 0xff, 
  0xfa, 0xff, 0xff, 0xfe, 0xff, 0xff, 0xff, 0xff, 0xff, 0xff, 0xff, 0xff, 
  0xff, 0xff, 0xff, 0xff, 0xff, 0xff, 0xfd, 0xff, 0xff, 0xd7, 0xff, 0xff, 
  0x47, 0xe6, 0xff, 0x00, 0xee, 0xff, 0x20, 0xee, 0xff, 0x26, 0xe6, 0xff, 
  0xd7, 0xff, 0xff, 0xfe, 0xff, 0xff, 0xff, 0xff, 0xff, 0xff, 0xff, 0xff, 
  0xff, 0xff, 0xff, 0xfe, 0xff, 0xff, 0xfc, 0xff, 0xff, 0x53, 0xf7, 0xff, 
  0xe4, 0xe5, 0xff, 0x20, 0xf6, 0xff, 0x20, 0xee, 0xff, 0x20, 0xee, 0xff, 
  0x20, 0xee, 0xff, 0xe3, 0xe5, 0xff, 0xaf, 0xee, 0xff, 0xfa, 0xff, 0xff, 
  0xfd, 0xff, 0xff, 0xff, 0xff, 0xff, 0xff, 0xff, 0xff, 0xff, 0xff, 0xff, 
  0xff, 0xff, 0xff, 0xfb, 0xff, 0xff, 0x8a, 0xee, 0xff, 0x01, 0xe6, 0xff, 
  0x00, 0xee, 0xff, 0x20, 0xf6, 0xff, 0x00, 0xee, 0xff, 0x42, 0xee, 0xff, 
  0xe5, 0xdd, 0xff, 0x0f, 0xf7, 0xff, 0xfa, 0xff, 0xff, 0xfe, 0xff, 0xff, 
  0xde, 0xff, 0xff, 0xff, 0xff, 0xff, 0xdd, 0xff, 0xff, 0xf9, 0xff, 0xff, 
  0xee, 0xf6, 0xff, 0xe9, 0xdd, 0xff, 0x6e, 0xe6, 0xff, 0xf9, 0xff, 0xff, 
  0xfd, 0xff, 0xff, 0xff, 0xff, 0xff, 0xff, 0xff, 0xff, 0xfe, 0xff, 0xff, 
  0xfa, 0xff, 0xff, 0xce, 0xee, 0xff, 0xe3, 0xdd, 0xff, 0x00, 0xee, 0xff, 
  0x00, 0xee, 0xff, 0x20, 0xee, 0xff, 0x20, 0xee, 0xff, 0x22, 0xe6, 0xff, 
  0x47, 0xe6, 0xff, 0x92, 0xff, 0xff, 0xfa, 0xff, 0xff, 0xfd, 0xff, 0xff, 
  0xff, 0xff, 0xff, 0xdf, 0xff, 0xff, 0xff, 0xff, 0xff, 0xfd, 0xff, 0xff, 
  0xf8, 0xff, 0xff, 0x51, 0xf7, 0xff, 0x30, 0xff, 0xff, 0x52, 0xff, 0xff, 
  0xf9, 0xff, 0xff, 0xfd, 0xff, 0xff, 0xfe, 0xff, 0xff, 0xdf, 0xff, 0xff, 
  0xff, 0xff, 0xff, 0xfd, 0xff, 0xff, 0xfa, 0xff, 0xff, 0x72, 0xff, 0xff, 
  0xe5, 0xe5, 0xff, 0x21, 0xee, 0xff, 0x00, 0xee, 0xff, 0x00, 0xee, 0xff, 
  0x20, 0xee, 0xff, 0x20, 0xee, 0xff, 0x20, 0xee, 0xff, 0x20, 0xee, 0xff, 
  0x20, 0xee, 0xff, 0x20, 0xee, 0xff, 0x20, 0xee, 0xff, 0x20, 0xee, 0xff, 
  0x00, 0xee, 0xff, 0x00, 0xee, 0xff, 0x20, 0xee, 0xff, 0x20, 0xee, 0xff, 
  0x00, 0xee, 0xff, 0x00, 0xf6, 0xff, 0x20, 0xee, 0xff, 0x20, 0xee, 0xff, 
  0x20, 0xee, 0xff, 0x20, 0xee, 0xff, 0x20, 0xee, 0xff, 0x20, 0xee, 0xff, 
  0x20, 0xee, 0xff, 0x20, 0xee, 0xff, 0x20, 0xee, 0xff, 0x20, 0xee, 0xff, 
  0x40, 0xee, 0xff, 0x00, 0xe6, 0xff, 0x00, 0xee, 0xff, 0x21, 0xee, 0xff, 
  0x21, 0xee, 0xff, 0xe4, 0xdd, 0xff, 0x6d, 0xe6, 0xff, 0xf8, 0xff, 0xff, 
  0xfd, 0xff, 0xff, 0xff, 0xff, 0xff, 0xff, 0xff, 0xff, 0xff, 0xff, 0xff, 
  0xff, 0xff, 0xff, 0xfe, 0xff, 0xff, 0xfa, 0xff, 0xff, 0x11, 0xff, 0xff, 
  0x04, 0xde, 0xff, 0x21, 0xe6, 0xff, 0x21, 0xee, 0xff, 0x47, 0xe6, 0xff, 
  0xf8, 0xff, 0xff, 0xff, 0xff, 0xff, 0xff, 0xff, 0xff, 0xff, 0xff, 0xff, 
  0xff, 0xff, 0xff, 0xfe, 0xff, 0xff, 0xfb, 0xff, 0xff, 0x32, 0xf7, 0xff, 
  0xe4, 0xe5, 0xff, 0x00, 0xf6, 0xff, 0x20, 0xee, 0xff, 0x20, 0xee, 0xff, 
  0x20, 0xee, 0xff, 0xe3, 0xe5, 0xff, 0x8d, 0xe6, 0xff, 0xf9, 0xff, 0xff, 
  0xfd, 0xff, 0xff, 0xff, 0xff, 0xff, 0xff, 0xff, 0xff, 0xff, 0xff, 0xff, 
  0xff, 0xff, 0xff, 0xfa, 0xff, 0xff, 0xec, 0xf6, 0xff, 0xe2, 0xe5, 0xff, 
  0x21, 0xee, 0xff, 0x00, 0xee, 0xff, 0x20, 0xee, 0xff, 0xe4, 0xdd, 0xff, 
  0xaf, 0xee, 0xff, 0xf9, 0xff, 0xff, 0xfc, 0xff, 0xff, 0xfe, 0xff, 0xff, 
  0xff, 0xff, 0xff, 0xfd, 0xff, 0xff, 0xf9, 0xff, 0xff, 0x51, 0xff, 0xff, 
  0xe5, 0xe5, 0xff, 0xe5, 0xe5, 0xff, 0xae, 0xee, 0xff, 0xf8, 0xff, 0xff, 
  0xfe, 0xff, 0xff, 0xff, 0xff, 0xff, 0xff, 0xff, 0xff, 0xfe, 0xff, 0xff, 
  0xfa, 0xff, 0xff, 0xef, 0xee, 0xff, 0x04, 0xe6, 0xff, 0x20, 0xee, 0xff, 
  0x20, 0xee, 0xff, 0x00, 0xee, 0xff, 0x00, 0xee, 0xff, 0x21, 0xee, 0xff, 
  0xe2, 0xdd, 0xff, 0x68, 0xee, 0xff, 0xd5, 0xff, 0xff, 0xfb, 0xff, 0xff, 
  0xfe, 0xff, 0xff, 0xff, 0xff, 0xff, 0xff, 0xff, 0xff, 0xff, 0xff, 0xff, 
  0xfd, 0xff, 0xff, 0xfc, 0xff, 0xff, 0xfb, 0xff, 0xff, 0xfc, 0xff, 0xff, 
  0xfd, 0xff, 0xff, 0xfe, 0xff, 0xff, 0xde, 0xff, 0xff, 0xff, 0xff, 0xff, 
  0xfe, 0xff, 0xff, 0xfb, 0xff, 0xff, 0xb3, 0xff, 0xff, 0x27, 0xe6, 0xff, 
  0x02, 0xe6, 0xff, 0x20, 0xee, 0xff, 0x20, 0xee, 0xff, 0x00, 0xee, 0xff, 
  0x20, 0xee, 0xff, 0x20, 0xee, 0xff, 0x20, 0xee, 0xff, 0x20, 0xee, 0xff, 
  0x20, 0xee, 0xff, 0x20, 0xee, 0xff, 0x20, 0xee, 0xff, 0x20, 0xee, 0xff, 
  0x00, 0xee, 0xff, 0x00, 0xee, 0xff, 0x20, 0xee, 0xff, 0x00, 0xee, 0xff, 
  0x00, 0xee, 0xff, 0x00, 0xee, 0xff, 0x20, 0xee, 0xff, 0x20, 0xee, 0xff, 
  0x20, 0xe6, 0xff, 0x20, 0xe6, 0xff, 0x20, 0xee, 0xff, 0x20, 0xee, 0xff, 
  0x20, 0xee, 0xff, 0x20, 0xee, 0xff, 0x20, 0xee, 0xff, 0x20, 0xee, 0xff, 
  0x20, 0xe6, 0xff, 0x20, 0xee, 0xff, 0x21, 0xee, 0xff, 0x02, 0xe6, 0xff, 
  0xe5, 0xdd, 0xff, 0xcd, 0xf6, 0xff, 0xf8, 0xff, 0xff, 0xfc, 0xff, 0xff, 
  0xfe, 0xff, 0xff, 0xff, 0xff, 0xff, 0xff, 0xff, 0xff, 0xff, 0xff, 0xff, 
  0xfe, 0xff, 0xff, 0xfb, 0xff, 0xff, 0xd4, 0xff, 0xff, 0x28, 0xe6, 0xff, 
  0x02, 0xe6, 0xff, 0x21, 0xee, 0xff, 0x22, 0xe6, 0xff, 0x48, 0xe6, 0xff, 
  0xf9, 0xff, 0xff, 0xff, 0xff, 0xff, 0xff, 0xff, 0xff, 0xff, 0xff, 0xff, 
  0xff, 0xff, 0xff, 0xfe, 0xff, 0xff, 0xfb, 0xff, 0xff, 0x11, 0xf7, 0xff, 
  0xe4, 0xe5, 0xff, 0x00, 0xf6, 0xff, 0x00, 0xee, 0xff, 0x00, 0xee, 0xff, 
  0x20, 0xee, 0xff, 0x03, 0xe6, 0xff, 0x6c, 0xe6, 0xff, 0xf9, 0xff, 0xff, 
  0xfd, 0xff, 0xff, 0xff, 0xff, 0xff, 0xff, 0xff, 0xff, 0xff, 0xff, 0xff, 
  0xff, 0xff, 0xff, 0xfa, 0xff, 0xff, 0xed, 0xf6, 0xff, 0x03, 0xe6, 0xff, 
  0x00, 0xee, 0xff, 0x00, 0xee, 0xff, 0x04, 0xe6, 0xff, 0x8b, 0xee, 0xff, 
  0xf9, 0xff, 0xff, 0xfd, 0xff, 0xff, 0xfe, 0xff, 0xff, 0xfe, 0xff, 0xff, 
  0xfe, 0xff, 0xff, 0xfb, 0xff, 0xff, 0x93, 0xff, 0xff, 0xe7, 0xdd, 0xff, 
  0x02, 0xee, 0xff, 0x03, 0xe6, 0xff, 0xae, 0xee, 0xff, 0xf9, 0xff, 0xff, 
  0xfd, 0xff, 0xff, 0xff, 0xff, 0xff, 0xdf, 0xff, 0xff, 0xfe, 0xff, 0xff, 
  0xfa, 0xff, 0xff, 0xcf, 0xee, 0xff, 0xe4, 0xdd, 0xff, 0x00, 0xee, 0xff, 
  0x00, 0xee, 0xff, 0x00, 0xf6, 0xff, 0x20, 0xf6, 0xff, 0x00, 0xee, 0xff, 
  0x22, 0xee, 0xff, 0xc5, 0xd5, 0xff, 0xec, 0xcd, 0xff, 0x78, 0xf7, 0xff, 
  0xfd, 0xff, 0xff, 0xff, 0xff, 0xff, 0xff, 0xff, 0xff, 0xff, 0xff, 0xff, 
  0xff, 0xff, 0xff, 0xff, 0xff, 0xff, 0xff, 0xff, 0xff, 0xff, 0xff, 0xff, 
  0xff, 0xff, 0xff, 0xff, 0xff, 0xff, 0xff, 0xff, 0xff, 0xfe, 0xff, 0xff, 
  0xfe, 0xff, 0xff, 0x77, 0xef, 0xff, 0x0b, 0xd6, 0xff, 0xe4, 0xdd, 0xff, 
  0x21, 0xee, 0xff, 0x00, 0xee, 0xff, 0x00, 0xee, 0xff, 0x20, 0xee, 0xff, 
  0x20, 0xee, 0xff, 0x20, 0xee, 0xff, 0x20, 0xee, 0xff, 0x20, 0xee, 0xff, 
  0x20, 0xee, 0xff, 0x20, 0xee, 0xff, 0x20, 0xee, 0xff, 0x20, 0xee, 0xff, 
  0x00, 0xee, 0xff, 0x00, 0xee, 0xff, 0x00, 0xee, 0xff, 0x00, 0xee, 0xff, 
  0x00, 0xee, 0xff, 0x20, 0xee, 0xff, 0x20, 0xee, 0xff, 0x20, 0xee, 0xff, 
  0x20, 0xee, 0xff, 0x20, 0xee, 0xff, 0x20, 0xee, 0xff, 0x20, 0xee, 0xff, 
  0x20, 0xee, 0xff, 0x20, 0xee, 0xff, 0x20, 0xee, 0xff, 0x20, 0xee, 0xff, 
  0x00, 0xee, 0xff, 0x40, 0xee, 0xff, 0x03, 0xe6, 0xff, 0xe7, 0xdd, 0xff, 
  0x11, 0xff, 0xff, 0xf9, 0xff, 0xff, 0xfc, 0xff, 0xff, 0xfe, 0xff, 0xff, 
  0xff, 0xff, 0xff, 0xff, 0xff, 0xff, 0xff, 0xff, 0xff, 0xfe, 0xff, 0xff, 
  0xfd, 0xff, 0xff, 0xf8, 0xff, 0xff, 0x69, 0xee, 0xff, 0x02, 0xe6, 0xff, 
  0x00, 0xee, 0xff, 0x20, 0xee, 0xff, 0x01, 0xe6, 0xff, 0x28, 0xe6, 0xff, 
  0xf9, 0xff, 0xff, 0xfe, 0xff, 0xff, 0xff, 0xff, 0xff, 0xff, 0xff, 0xff, 
  0xff, 0xff, 0xff, 0xfe, 0xff, 0xff, 0xfb, 0xff, 0xff, 0xf1, 0xf6, 0xff, 
  0xe4, 0xe5, 0xff, 0x00, 0xee, 0xff, 0x20, 0xee, 0xff, 0x00, 0xee, 0xff, 
  0x20, 0xee, 0xff, 0x04, 0xe6, 0xff, 0x4c, 0xde, 0xff, 0xf9, 0xff, 0xff, 
  0xfd, 0xff, 0xff, 0xff, 0xff, 0xff, 0xff, 0xff, 0xff, 0xff, 0xff, 0xff, 
  0xff, 0xff, 0xff, 0xfa, 0xff, 0xff, 0xee, 0xf6, 0xff, 0xe4, 0xe5, 0xff, 
  0x21, 0xee, 0xff, 0x02, 0xe6, 0xff, 0x4b, 0xe6, 0xff, 0xd7, 0xff, 0xff, 
  0xfc, 0xff, 0xff, 0xfe, 0xff, 0xff, 0xff, 0xff, 0xff, 0xff, 0xff, 0xff, 
  0xfc, 0xff, 0xff, 0xb6, 0xff, 0xff, 0x48, 0xe6, 0xff, 0x02, 0xe6, 0xff, 
  0x21, 0xee, 0xff, 0x03, 0xde, 0xff, 0x8e, 0xe6, 0xff, 0xf9, 0xff, 0xff, 
  0xfc, 0xff, 0xff, 0xff, 0xff, 0xff, 0xff, 0xff, 0xff, 0xfe, 0xff, 0xff, 
  0xfa, 0xff, 0xff, 0xaf, 0xee, 0xff, 0x04, 0xe6, 0xff, 0x20, 0xf6, 0xff, 
  0x00, 0xee, 0xff, 0x00, 0xee, 0xff, 0x20, 0xf6, 0xff, 0x01, 0xee, 0xff, 
  0xe4, 0xe5, 0xff, 0x29, 0xde, 0xff, 0x35, 0xff, 0xff, 0xbb, 0xff, 0xff, 
  0xfe, 0xff, 0xff, 0xdf, 0xff, 0xff, 0xff, 0xff, 0xff, 0xff, 0xff, 0xff, 
  0xff, 0xff, 0xff, 0xff, 0xff, 0xff, 0xff, 0xff, 0xff, 0xff, 0xff, 0xff, 
  0xff, 0xff, 0xff, 0xff, 0xff, 0xff, 0xff, 0xff, 0xff, 0xff, 0xff, 0xff, 
  0xff, 0xff, 0xff, 0xfc, 0xff, 0xff, 0x52, 0xf7, 0xff, 0x28, 0xd6, 0xff, 
  0x22, 0xe6, 0xff, 0x20, 0xee, 0xff, 0x00, 0xee, 0xff, 0x00, 0xee, 0xff, 
  0x20, 0xee, 0xff, 0x20, 0xee, 0xff, 0x20, 0xee, 0xff, 0x20, 0xee, 0xff, 
  0x20, 0xee, 0xff, 0x20, 0xee, 0xff, 0x20, 0xee, 0xff, 0x20, 0xee, 0xff, 
  0x20, 0xee, 0xff, 0x20, 0xee, 0xff, 0x00, 0xee, 0xff, 0x00, 0xee, 0xff, 
  0x20, 0xee, 0xff, 0x20, 0xee, 0xff, 0x20, 0xee, 0xff, 0x20, 0xee, 0xff, 
  0x20, 0xee, 0xff, 0x20, 0xee, 0xff, 0x20, 0xee, 0xff, 0x20, 0xee, 0xff, 
  0x20, 0xee, 0xff, 0x20, 0xee, 0xff, 0x20, 0xee, 0xff, 0x20, 0xee, 0xff, 
  0x21, 0xee, 0xff, 0xe3, 0xe5, 0xff, 0x49, 0xe6, 0xff, 0x93, 0xff, 0xff, 
  0xfa, 0xff, 0xff, 0xfd, 0xff, 0xff, 0xff, 0xff, 0xff, 0xff, 0xff, 0xff, 
  0xff, 0xff, 0xff, 0xff, 0xff, 0xff, 0xfe, 0xff, 0xff, 0xfc, 0xff, 0xff, 
  0xf8, 0xff, 0xff, 0x8d, 0xee, 0xff, 0x24, 0xe6, 0xff, 0x20, 0xee, 0xff, 
  0x20, 0xee, 0xff, 0x20, 0xee, 0xff, 0x01, 0xee, 0xff, 0x27, 0xe6, 0xff, 
  0xf9, 0xff, 0xff, 0xfe, 0xff, 0xff, 0xff, 0xff, 0xff, 0xff, 0xff, 0xff, 
  0xff, 0xff, 0xff, 0xfd, 0xff, 0xff, 0xfb, 0xff, 0xff, 0x11, 0xf7, 0xff, 
  0xe4, 0xe5, 0xff, 0x20, 0xee, 0xff, 0x20, 0xee, 0xff, 0x20, 0xee, 0xff, 
  0x20, 0xee, 0xff, 0x04, 0xe6, 0xff, 0x6c, 0xe6, 0xff, 0xf9, 0xff, 0xff, 
  0xfd, 0xff, 0xff, 0xff, 0xff, 0xff, 0xff, 0xff, 0xff, 0xff, 0xff, 0xff, 
  0xff, 0xff, 0xff, 0xfb, 0xff, 0xff, 0xcd, 0xf6, 0xff, 0xe4, 0xdd, 0xff, 
  0x44, 0xee, 0xff, 0x06, 0xde, 0xff, 0xb5, 0xff, 0xff, 0xfc, 0xff, 0xff, 
  0xfe, 0xff, 0xff, 0xff, 0xff, 0xff, 0xff, 0xff, 0xff, 0xfd, 0xff, 0xff, 
  0xf9, 0xff, 0xff, 0x4c, 0xde, 0xff, 0xe4, 0xdd, 0xff, 0x22, 0xee, 0xff, 
  0x22, 0xee, 0xff, 0x05, 0xde, 0xff, 0xaf, 0xe6, 0xff, 0xfa, 0xff, 0xff, 
  0xfc, 0xff, 0xff, 0xfe, 0xff, 0xff, 0xff, 0xff, 0xff, 0xfe, 0xff, 0xff, 
  0xfb, 0xff, 0xff, 0xb0, 0xee, 0xff, 0xe5, 0xdd, 0xff, 0x21, 0xee, 0xff, 
  0x01, 0xee, 0xff, 0x21, 0xee, 0xff, 0x20, 0xf6, 0xff, 0x02, 0xe6, 0xff, 
  0x29, 0xe6, 0xff, 0xd5, 0xff, 0xff, 0xda, 0xff, 0xff, 0xfd, 0xff, 0xff, 
  0xff, 0xff, 0xff, 0xff, 0xff, 0xff, 0xff, 0xff, 0xff, 0xfe, 0xff, 0xff, 
  0xfb, 0xff, 0xff, 0xfa, 0xff, 0xff, 0xd9, 0xff, 0xff, 0xfa, 0xff, 0xff, 
  0xfd, 0xff, 0xff, 0xfe, 0xff, 0xff, 0xde, 0xff, 0xff, 0xff, 0xff, 0xff, 
  0xff, 0xff, 0xff, 0xfe, 0xff, 0xff, 0xfa, 0xff, 0xff, 0x92, 0xff, 0xff, 
  0x06, 0xde, 0xff, 0x01, 0xe6, 0xff, 0x01, 0xee, 0xff, 0x20, 0xee, 0xff, 
  0x20, 0xee, 0xff, 0x20, 0xee, 0xff, 0x20, 0xee, 0xff, 0x20, 0xee, 0xff, 
  0x20, 0xee, 0xff, 0x20, 0xee, 0xff, 0x20, 0xee, 0xff, 0x20, 0xee, 0xff, 
  0x20, 0xee, 0xff, 0x20, 0xee, 0xff, 0x20, 0xee, 0xff, 0x20, 0xee, 0xff, 
  0x20, 0xee, 0xff, 0x20, 0xee, 0xff, 0x20, 0xee, 0xff, 0x20, 0xee, 0xff, 
  0x00, 0xee, 0xff, 0x00, 0xee, 0xff, 0x00, 0xee, 0xff, 0x00, 0xee, 0xff, 
  0x20, 0xee, 0xff, 0x20, 0xee, 0xff, 0x00, 0xee, 0xff, 0x01, 0xe6, 0xff, 
  0x05, 0xde, 0xff, 0x8c, 0xee, 0xff, 0xb7, 0xff, 0xff, 0xfc, 0xff, 0xff, 
  0xfd, 0xff, 0xff, 0xff, 0xff, 0xff, 0xdf, 0xff, 0xff, 0xff, 0xff, 0xff, 
  0xff, 0xff, 0xff, 0xfd, 0xff, 0xff, 0xfb, 0xff, 0xff, 0xf8, 0xff, 0xff, 
  0x6b, 0xee, 0xff, 0xe4, 0xe5, 0xff, 0x42, 0xee, 0xff, 0x20, 0xe6, 0xff, 
  0x20, 0xee, 0xff, 0x20, 0xee, 0xff, 0x00, 0xee, 0xff, 0x27, 0xe6, 0xff, 
  0xf9, 0xff, 0xff, 0xff, 0xff, 0xff, 0xff, 0xff, 0xff, 0xff, 0xff, 0xff, 
  0xff, 0xff, 0xff, 0xfd, 0xff, 0xff, 0xfb, 0xff, 0xff, 0x32, 0xf7, 0xff, 
  0xe4, 0xdd, 0xff, 0x20, 0xf6, 0xff, 0x20, 0xee, 0xff, 0x00, 0xee, 0xff, 
  0x20, 0xee, 0xff, 0x03, 0xe6, 0xff, 0x6c, 0xe6, 0xff, 0xf8, 0xff, 0xff, 
  0xfd, 0xff, 0xff, 0xff, 0xff, 0xff, 0xff, 0xff, 0xff, 0xff, 0xff, 0xff, 
  0xff, 0xff, 0xff, 0xfa, 0xff, 0xff, 0xed, 0xf6, 0xff, 0xe5, 0xdd, 0xff, 
  0x07, 0xde, 0xff, 0x91, 0xff, 0xff, 0xfa, 0xff, 0xff, 0xfe, 0xff, 0xff, 
  0xff, 0xff, 0xff, 0xff, 0xff, 0xff, 0xff, 0xff, 0xff, 0xfb, 0xff, 0xff, 
  0x6e, 0xde, 0xff, 0x08, 0xd6, 0xff, 0x06, 0xde, 0xff, 0xe4, 0xdd, 0xff, 
  0xe4, 0xe5, 0xff, 0xc7, 0xd5, 0xff, 0x70, 0xe6, 0xff, 0xfb, 0xff, 0xff, 
  0xfd, 0xff, 0xff, 0xff, 0xff, 0xff, 0xff, 0xff, 0xff, 0xfe, 0xff, 0xff, 
  0xfb, 0xff, 0xff, 0xb1, 0xe6, 0xff, 0xa7, 0xd5, 0xff, 0xe4, 0xe5, 0xff, 
  0x23, 0xe6, 0xff, 0x21, 0xe6, 0xff, 0x00, 0xe6, 0xff, 0x05, 0xe6, 0xff, 
  0x73, 0xff, 0xff, 0xfb, 0xff, 0xff, 0xfd, 0xff, 0xff, 0xfe, 0xff, 0xff, 
  0xff, 0xff, 0xff, 0xff, 0xff, 0xff, 0xff, 0xff, 0xff, 0xfb, 0xff, 0xff, 
  0x31, 0xff, 0xff, 0x6a, 0xe6, 0xff, 0x48, 0xe6, 0xff, 0x8b, 0xe6, 0xff, 
  0x94, 0xff, 0xff, 0xfa, 0xff, 0xff, 0xfd, 0xff, 0xff, 0xff, 0xff, 0xff, 
  0xff, 0xff, 0xff, 0xdf, 0xff, 0xff, 0xfd, 0xff, 0xff, 0xf9, 0xff, 0xff, 
  0x70, 0xff, 0xff, 0x05, 0xde, 0xff, 0x02, 0xe6, 0xff, 0x20, 0xee, 0xff, 
  0x20, 0xee, 0xff, 0x20, 0xee, 0xff, 0x20, 0xee, 0xff, 0x20, 0xee, 0xff, 
  0x20, 0xee, 0xff, 0x20, 0xee, 0xff, 0x20, 0xee, 0xff, 0x20, 0xee, 0xff, 
  0x20, 0xee, 0xff, 0x20, 0xee, 0xff, 0x20, 0xee, 0xff, 0x20, 0xee, 0xff, 
  0x20, 0xee, 0xff, 0x20, 0xee, 0xff, 0x20, 0xee, 0xff, 0x20, 0xee, 0xff, 
  0x00, 0xee, 0xff, 0x00, 0xee, 0xff, 0x01, 0xee, 0xff, 0x01, 0xee, 0xff, 
  0x20, 0xee, 0xff, 0x20, 0xee, 0xff, 0x02, 0xe6, 0xff, 0x05, 0xde, 0xff, 
  0xce, 0xee, 0xff, 0xf8, 0xff, 0xff, 0xfd, 0xff, 0xff, 0xdf, 0xff, 0xff, 
  0xff, 0xff, 0xff, 0xff, 0xff, 0xff, 0xff, 0xff, 0xff, 0xff, 0xff, 0xff, 
  0xfd, 0xff, 0xff, 0xfa, 0xff, 0xff, 0xd5, 0xff, 0xff, 0x4a, 0xe6, 0xff, 
  0xe3, 0xe5, 0xff, 0x01, 0xee, 0xff, 0x20, 0xee, 0xff, 0x20, 0xee, 0xff, 
  0x20, 0xee, 0xff, 0x20, 0xee, 0xff, 0x00, 0xee, 0xff, 0x26, 0xe6, 0xff, 
  0xd8, 0xff, 0xff, 0xff, 0xff, 0xff, 0xff, 0xff, 0xff, 0xff, 0xff, 0xff, 
  0xff, 0xff, 0xff, 0xfd, 0xff, 0xff, 0xfb, 0xff, 0xff, 0x53, 0xf7, 0xff, 
  0xe4, 0xdd, 0xff, 0x20, 0xee, 0xff, 0x20, 0xee, 0xff, 0x20, 0xee, 0xff, 
  0x20, 0xee, 0xff, 0x03, 0xe6, 0xff, 0x8c, 0xee, 0xff, 0xf8, 0xff, 0xff, 
  0xfd, 0xff, 0xff, 0xff, 0xff, 0xff, 0xff, 0xff, 0xff, 0xff, 0xff, 0xff, 
  0xff, 0xff, 0xff, 0xfa, 0xff, 0xff, 0xab, 0xf6, 0xff, 0xe5, 0xdd, 0xff, 
  0x8c, 0xe6, 0xff, 0xf7, 0xff, 0xff, 0xfc, 0xff, 0xff, 0xff, 0xff, 0xff, 
  0xff, 0xff, 0xff, 0xff, 0xff, 0xff, 0xff, 0xff, 0xff, 0xba, 0xff, 0xff, 
  0x32, 0xf7, 0xff, 0x4f, 0xff, 0xff, 0x2f, 0xff, 0xff, 0x2f, 0xff, 0xff, 
  0x30, 0xff, 0xff, 0x11, 0xff, 0xff, 0x56, 0xf7, 0xff, 0xfc, 0xff, 0xff, 
  0xfe, 0xff, 0xff, 0xff, 0xff, 0xff, 0xff, 0xff, 0xff, 0xff, 0xff, 0xff, 
  0xfd, 0xff, 0xff, 0x97, 0xff, 0xff, 0x11, 0xff, 0xff, 0x4e, 0xff, 0xff, 
  0x09, 0xff, 0xff, 0x24, 0xe6, 0xff, 0x02, 0xde, 0xff, 0xa9, 0xee, 0xff, 
  0xf9, 0xff, 0xff, 0xfe, 0xff, 0xff, 0xff, 0xff, 0xff, 0xff, 0xff, 0xff, 
  0xff, 0xff, 0xff, 0xfe, 0xff, 0xff, 0xfc, 0xff, 0xff, 0x54, 0xff, 0xff, 
  0xe7, 0xdd, 0xff, 0x03, 0xe6, 0xff, 0x21, 0xe6, 0xff, 0xe3, 0xdd, 0xff, 
  0x09, 0xd6, 0xff, 0x95, 0xff, 0xff, 0xfc, 0xff, 0xff, 0xff, 0xff, 0xff, 
  0xff, 0xff, 0xff, 0xff, 0xff, 0xff, 0xdf, 0xff, 0xff, 0xfc, 0xff, 0xff, 
  0xf6, 0xff, 0xff, 0x6a, 0xe6, 0xff, 0x03, 0xe6, 0xff, 0x00, 0xee, 0xff, 
  0x20, 0xee, 0xff, 0x20, 0xee, 0xff, 0x20, 0xee, 0xff, 0x20, 0xee, 0xff, 
  0x20, 0xee, 0xff, 0x20, 0xee, 0xff, 0x20, 0xee, 0xff, 0x20, 0xee, 0xff, 
  0x20, 0xee, 0xff, 0x20, 0xee, 0xff, 0x20, 0xee, 0xff, 0x20, 0xee, 0xff, 
  0x20, 0xee, 0xff, 0x20, 0xee, 0xff, 0x20, 0xee, 0xff, 0x20, 0xee, 0xff, 
  0x20, 0xee, 0xff, 0x00, 0xee, 0xff, 0x21, 0xee, 0xff, 0x00, 0xee, 0xff, 
  0x20, 0xee, 0xff, 0x22, 0xee, 0xff, 0xe6, 0xd5, 0xff, 0x31, 0xf7, 0xff, 
  0xf9, 0xff, 0xff, 0xfd, 0xff, 0xff, 0xfe, 0xff, 0xff, 0xff, 0xff, 0xff, 
  0xff, 0xff, 0xff, 0xff, 0xff, 0xff, 0xff, 0xff, 0xff, 0xfd, 0xff, 0xff, 
  0xf8, 0xff, 0xff, 0x2f, 0xf7, 0xff, 0x26, 0xde, 0xff, 0x02, 0xe6, 0xff, 
  0x20, 0xf6, 0xff, 0x20, 0xf6, 0xff, 0x00, 0xee, 0xff, 0x20, 0xee, 0xff, 
  0x00, 0xee, 0xff, 0x20, 0xf6, 0xff, 0x00, 0xee, 0xff, 0x05, 0xde, 0xff, 
  0xd7, 0xff, 0xff, 0xfe, 0xff, 0xff, 0xff, 0xff, 0xff, 0xff, 0xff, 0xff, 
  0xff, 0xff, 0xff, 0xfe, 0xff, 0xff, 0xfc, 0xff, 0xff, 0x73, 0xf7, 0xff, 
  0x04, 0xde, 0xff, 0x20, 0xee, 0xff, 0x20, 0xee, 0xff, 0x20, 0xee, 0xff, 
  0x20, 0xee, 0xff, 0x03, 0xe6, 0xff, 0x8d, 0xee, 0xff, 0xf9, 0xff, 0xff, 
  0xfd, 0xff, 0xff, 0xff, 0xff, 0xff, 0xff, 0xff, 0xff, 0xff, 0xff, 0xff, 
  0xff, 0xff, 0xff, 0xfa, 0xff, 0xff, 0x6a, 0xee, 0xff, 0xe5, 0xe5, 0xff, 
  0x8d, 0xee, 0xff, 0xf8, 0xff, 0xff, 0xfd, 0xff, 0xff, 0xff, 0xff, 0xff, 
  0xff, 0xff, 0xff, 0xff, 0xff, 0xff, 0xff, 0xff, 0xff, 0xff, 0xff, 0xff, 
  0xfd, 0xff, 0xff, 0xfb, 0xff, 0xff, 0xfb, 0xff, 0xff, 0xfb, 0xff, 0xff, 
  0xfb, 0xff, 0xff, 0xfc, 0xff, 0xff, 0xfd, 0xff, 0xff, 0xfe, 0xff, 0xff, 
  0xff, 0xff, 0xff, 0xff, 0xff, 0xff, 0xff, 0xff, 0xff, 0xff, 0xff, 0xff, 
  0xff, 0xff, 0xff, 0xfd, 0xff, 0xff, 0xfc, 0xff, 0xff, 0xf8, 0xff, 0xff, 
  0xf2, 0xff, 0xff, 0x28, 0xde, 0xff, 0xe6, 0xdd, 0xff, 0x2e, 0xff, 0xff, 
  0xfa, 0xff, 0xff, 0xff, 0xff, 0xff, 0xdf, 0xff, 0xff, 0xff, 0xff, 0xff, 
  0xff, 0xff, 0xff, 0xfd, 0xff, 0xff, 0xf8, 0xff, 0xff, 0x4c, 0xe6, 0xff, 
  0x05, 0xe6, 0xff, 0x01, 0xee, 0xff, 0x20, 0xee, 0xff, 0x41, 0xe6, 0xff, 
  0xe3, 0xdd, 0xff, 0xac, 0xee, 0xff, 0xfa, 0xff, 0xff, 0xff, 0xff, 0xff, 
  0xff, 0xff, 0xff, 0xff, 0xff, 0xff, 0xff, 0xff, 0xff, 0xfd, 0xff, 0xff, 
  0xfa, 0xff, 0xff, 0x10, 0xf7, 0xff, 0xe4, 0xdd, 0xff, 0x20, 0xee, 0xff, 
  0x20, 0xee, 0xff, 0x20, 0xee, 0xff, 0x20, 0xee, 0xff, 0x20, 0xee, 0xff, 
  0x20, 0xee, 0xff, 0x20, 0xee, 0xff, 0x20, 0xee, 0xff, 0x20, 0xee, 0xff, 
  0x00, 0xee, 0xff, 0x20, 0xee, 0xff, 0x20, 0xee, 0xff, 0x20, 0xee, 0xff, 
  0x20, 0xee, 0xff, 0x20, 0xee, 0xff, 0x20, 0xee, 0xff, 0x20, 0xee, 0xff, 
  0x20, 0xee, 0xff, 0x20, 0xee, 0xff, 0x00, 0xe6, 0xff, 0x22, 0xee, 0xff, 
  0x02, 0xee, 0xff, 0x05, 0xe6, 0xff, 0x31, 0xf7, 0xff, 0xf9, 0xff, 0xff, 
  0xfd, 0xff, 0xff, 0xff, 0xff, 0xff, 0xff, 0xff, 0xff, 0xff, 0xff, 0xff, 
  0xfe, 0xff, 0xff, 0xfd, 0xff, 0xff, 0xfb, 0xff, 0xff, 0xd7, 0xff, 0xff, 
  0x8d, 0xe6, 0xff, 0x47, 0xe6, 0xff, 0x02, 0xe6, 0xff, 0x00, 0xee, 0xff, 
  0x20, 0xf6, 0xff, 0x00, 0xee, 0xff, 0x00, 0xee, 0xff, 0x20, 0xee, 0xff, 
  0x20, 0xf6, 0xff, 0x00, 0xee, 0xff, 0x20, 0xee, 0xff, 0x04, 0xde, 0xff, 
  0x74, 0xff, 0xff, 0xfd, 0xff, 0xff, 0xff, 0xff, 0xff, 0xff, 0xff, 0xff, 
  0xff, 0xff, 0xff, 0xde, 0xff, 0xff, 0xfd, 0xff, 0xff, 0x95, 0xff, 0xff, 
  0x04, 0xde, 0xff, 0x20, 0xee, 0xff, 0x00, 0xee, 0xff, 0x20, 0xee, 0xff, 
  0x20, 0xee, 0xff, 0xe3, 0xe5, 0xff, 0xcf, 0xee, 0xff, 0xfa, 0xff, 0xff, 
  0xfd, 0xff, 0xff, 0xff, 0xff, 0xff, 0xff, 0xff, 0xff, 0xff, 0xff, 0xff, 
  0xff, 0xff, 0xff, 0xf9, 0xff, 0xff, 0x48, 0xee, 0xff, 0xc4, 0xe5, 0xff, 
  0x6d, 0xe6, 0xff, 0xf9, 0xff, 0xff, 0xfe, 0xff, 0xff, 0xff, 0xff, 0xff, 
  0xff, 0xff, 0xff, 0xff, 0xff, 0xff, 0xff, 0xff, 0xff, 0xff, 0xff, 0xff, 
  0xff, 0xff, 0xff, 0xff, 0xff, 0xff, 0xff, 0xff, 0xff, 0xff, 0xff, 0xff, 
  0xff, 0xff, 0xff, 0xff, 0xff, 0xff, 0xff, 0xff, 0xff, 0xff, 0xff, 0xff, 
  0xff, 0xff, 0xff, 0xff, 0xff, 0xff, 0xff, 0xff, 0xff, 0xff, 0xff, 0xff, 
  0xff, 0xff, 0xff, 0xff, 0xff, 0xff, 0xff, 0xff, 0xff, 0xfc, 0xff, 0xff, 
  0xb4, 0xff, 0xff, 0x0a, 0xde, 0xff, 0xe8, 0xdd, 0xff, 0x71, 0xff, 0xff, 
  0xfb, 0xff, 0xff, 0xff, 0xff, 0xff, 0xff, 0xff, 0xff, 0xff, 0xff, 0xff, 
  0xff, 0xff, 0xff, 0xfc, 0xff, 0xff, 0xb5, 0xff, 0xff, 0x09, 0xde, 0xff, 
  0x03, 0xe6, 0xff, 0x21, 0xee, 0xff, 0x20, 0xee, 0xff, 0x20, 0xee, 0xff, 
  0x21, 0xee, 0xff, 0x27, 0xe6, 0xff, 0xd8, 0xff, 0xff, 0xff, 0xff, 0xff, 
  0xff, 0xff, 0xff, 0xff, 0xff, 0xff, 0xff, 0xff, 0xff, 0xfe, 0xff, 0xff, 
  0xfc, 0xff, 0xff, 0x94, 0xff, 0xff, 0x05, 0xe6, 0xff, 0x00, 0xee, 0xff, 
  0x20, 0xee, 0xff, 0x20, 0xee, 0xff, 0x20, 0xee, 0xff, 0x20, 0xee, 0xff, 
  0x20, 0xee, 0xff, 0x20, 0xee, 0xff, 0x20, 0xee, 0xff, 0x20, 0xee, 0xff, 
  0x00, 0xee, 0xff, 0x20, 0xee, 0xff, 0x20, 0xee, 0xff, 0x20, 0xee, 0xff, 
  0x20, 0xee, 0xff, 0x20, 0xee, 0xff, 0x20, 0xee, 0xff, 0x20, 0xee, 0xff, 
  0x20, 0xee, 0xff, 0x40, 0xee, 0xff, 0x20, 0xee, 0xff, 0xe2, 0xe5, 0xff, 
  0xe6, 0xdd, 0xff, 0x30, 0xff, 0xff, 0xf9, 0xff, 0xff, 0xfd, 0xff, 0xff, 
  0xff, 0xff, 0xff, 0xff, 0xff, 0xff, 0xff, 0xff, 0xff, 0xff, 0xff, 0xff, 
  0xfe, 0xff, 0xff, 0xfa, 0xff, 0xff, 0x92, 0xff, 0xff, 0x49, 0xe6, 0xff, 
  0x04, 0xe6, 0xff, 0x02, 0xee, 0xff, 0x02, 0xee, 0xff, 0x21, 0xf6, 0xff, 
  0x20, 0xee, 0xff, 0x20, 0xee, 0xff, 0x20, 0xee, 0xff, 0x00, 0xee, 0xff, 
  0x00, 0xee, 0xff, 0x20, 0xf6, 0xff, 0x40, 0xee, 0xff, 0x03, 0xde, 0xff, 
  0x31, 0xf7, 0xff, 0xfb, 0xff, 0xff, 0xff, 0xff, 0xff, 0xff, 0xff, 0xff, 
  0xff, 0xff, 0xff, 0xff, 0xff, 0xff, 0xfe, 0xff, 0xff, 0xd8, 0xff, 0xff, 
  0x06, 0xe6, 0xff, 0x00, 0xee, 0xff, 0xe0, 0xed, 0xff, 0x20, 0xee, 0xff, 
  0x40, 0xf6, 0xff, 0xe4, 0xdd, 0xff, 0x33, 0xf7, 0xff, 0xfc, 0xff, 0xff, 
  0xfe, 0xff, 0xff, 0xff, 0xff, 0xff, 0xff, 0xff, 0xff, 0xff, 0xff, 0xff, 
  0xfd, 0xff, 0xff, 0xd7, 0xff, 0xff, 0x06, 0xee, 0xff, 0xe4, 0xe5, 0xff, 
  0x6d, 0xe6, 0xff, 0xf9, 0xff, 0xff, 0xfd, 0xff, 0xff, 0xff, 0xff, 0xff, 
  0xff, 0xff, 0xff, 0xff, 0xff, 0xff, 0xff, 0xff, 0xff, 0xff, 0xff, 0xff, 
  0xff, 0xff, 0xff, 0xff, 0xff, 0xff, 0xff, 0xff, 0xff, 0xff, 0xff, 0xff, 
  0xff, 0xff, 0xff, 0xff, 0xff, 0xff, 0xff, 0xff, 0xff, 0xff, 0xff, 0xff, 
  0xff, 0xff, 0xff, 0xff, 0xff, 0xff, 0xff, 0xff, 0xff, 0xff, 0xff, 0xff, 
  0xff, 0xff, 0xff, 0xff, 0xff, 0xff, 0xff, 0xff, 0xff, 0xfc, 0xff, 0xff, 
  0xd5, 0xff, 0xff, 0x0a, 0xde, 0xff, 0xe8, 0xdd, 0xff, 0x91, 0xff, 0xff, 
  0xfb, 0xff, 0xff, 0xff, 0xff, 0xff, 0xff, 0xff, 0xff, 0xff, 0xff, 0xff, 
  0xff, 0xff, 0xff, 0xfc, 0xff, 0xff, 0xf6, 0xff, 0xff, 0x08, 0xd6, 0xff, 
  0x03, 0xe6, 0xff, 0x20, 0xee, 0xff, 0x00, 0xee, 0xff, 0x20, 0xee, 0xff, 
  0x20, 0xee, 0xff, 0x06, 0xde, 0xff, 0xb8, 0xff, 0xff, 0xff, 0xff, 0xff, 
  0xff, 0xff, 0xff, 0xff, 0xff, 0xff, 0xff, 0xff, 0xff, 0xfe, 0xff, 0xff, 
  0xfc, 0xff, 0xff, 0xb5, 0xff, 0xff, 0x05, 0xe6, 0xff, 0x00, 0xee, 0xff, 
  0x20, 0xee, 0xff, 0x20, 0xee, 0xff, 0x20, 0xee, 0xff, 0x20, 0xee, 0xff, 
  0x20, 0xee, 0xff, 0x20, 0xee, 0xff, 0x20, 0xee, 0xff, 0x20, 0xee, 0xff, 
  0x20, 0xee, 0xff, 0x20, 0xee, 0xff, 0x20, 0xee, 0xff, 0x20, 0xee, 0xff, 
  0x20, 0xee, 0xff, 0x20, 0xee, 0xff, 0x20, 0xee, 0xff, 0x20, 0xee, 0xff, 
  0x20, 0xee, 0xff, 0x20, 0xee, 0xff, 0x21, 0xee, 0xff, 0xc4, 0xe5, 0xff, 
  0xee, 0xf6, 0xff, 0xf8, 0xff, 0xff, 0xfc, 0xff, 0xff, 0xfe, 0xff, 0xff, 
  0xff, 0xff, 0xff, 0xff, 0xff, 0xff, 0xff, 0xff, 0xff, 0xfe, 0xff, 0xff, 
  0xfd, 0xff, 0xff, 0x36, 0xf7, 0xff, 0xeb, 0xd5, 0xff, 0xe7, 0xd5, 0xff, 
  0xe5, 0xe5, 0xff, 0xe5, 0xe5, 0xff, 0xe5, 0xe5, 0xff, 0xc5, 0xe5, 0xff, 
  0xe4, 0xdd, 0xff, 0x05, 0xe6, 0xff, 0x05, 0xde, 0xff, 0xe3, 0xe5, 0xff, 
  0x02, 0xe6, 0xff, 0x00, 0xee, 0xff, 0x40, 0xee, 0xff, 0x03, 0xde, 0xff, 
  0xad, 0xee, 0xff, 0xf9, 0xff, 0xff, 0xfe, 0xff, 0xff, 0xff, 0xff, 0xff, 
  0xff, 0xff, 0xff, 0xff, 0xff, 0xff, 0xde, 0xff, 0xff, 0xfa, 0xff, 0xff, 
  0x8b, 0xee, 0xff, 0x03, 0xe6, 0xff, 0x01, 0xee, 0xff, 0x21, 0xee, 0xff, 
  0xe2, 0xe5, 0xff, 0x28, 0xe6, 0xff, 0xb7, 0xff, 0xff, 0xfd, 0xff, 0xff, 
  0xff, 0xff, 0xff, 0xff, 0xff, 0xff, 0xff, 0xff, 0xff, 0xfe, 0xff, 0xff, 
  0xfb, 0xff, 0xff, 0x53, 0xff, 0xff, 0xe5, 0xe5, 0xff, 0xe3, 0xe5, 0xff, 
  0x8c, 0xee, 0xff, 0xf7, 0xff, 0xff, 0xfb, 0xff, 0xff, 0xfd, 0xff, 0xff, 
  0xfd, 0xff, 0xff, 0xfd, 0xff, 0xff, 0xfe, 0xff, 0xff, 0xfe, 0xff, 0xff, 
  0xfd, 0xff, 0xff, 0xfd, 0xff, 0xff, 0xfd, 0xff, 0xff, 0xfd, 0xff, 0xff, 
  0xfd, 0xff, 0xff, 0xfe, 0xff, 0xff, 0xfe, 0xff, 0xff, 0xff, 0xff, 0xff, 
  0xff, 0xff, 0xff, 0xff, 0xff, 0xff, 0xff, 0xff, 0xff, 0xff, 0xff, 0xff, 
  0xff, 0xff, 0xff, 0xfe, 0xff, 0xff, 0xfe, 0xff, 0xff, 0xfa, 0xff, 0xff, 
  0xd4, 0xff, 0xff, 0xe8, 0xdd, 0xff, 0xe7, 0xdd, 0xff, 0x90, 0xff, 0xff, 
  0xfb, 0xff, 0xff, 0xff, 0xff, 0xff, 0xff, 0xff, 0xff, 0xff, 0xff, 0xff, 
  0xff, 0xff, 0xff, 0xfc, 0xff, 0xff, 0xf8, 0xff, 0xff, 0x2b, 0xde, 0xff, 
  0x04, 0xe6, 0xff, 0x21, 0xee, 0xff, 0xe0, 0xed, 0xff, 0x21, 0xf6, 0xff, 
  0x02, 0xe6, 0xff, 0x69, 0xe6, 0xff, 0xfa, 0xff, 0xff, 0xfe, 0xff, 0xff, 
  0xff, 0xff, 0xff, 0xff, 0xff, 0xff, 0xff, 0xff, 0xff, 0xfd, 0xff, 0xff, 
  0xfc, 0xff, 0xff, 0x74, 0xff, 0xff, 0xe4, 0xe5, 0xff, 0x20, 0xee, 0xff, 
  0x20, 0xee, 0xff, 0x20, 0xee, 0xff, 0x20, 0xee, 0xff, 0x20, 0xee, 0xff, 
  0x20, 0xee, 0xff, 0x20, 0xee, 0xff, 0x20, 0xee, 0xff, 0x20, 0xee, 0xff, 
  0x20, 0xee, 0xff, 0x20, 0xee, 0xff, 0x20, 0xee, 0xff, 0x20, 0xee, 0xff, 
  0x00, 0xf6, 0xff, 0x00, 0xee, 0xff, 0x20, 0xee, 0xff, 0x20, 0xee, 0xff, 
  0x20, 0xee, 0xff, 0x01, 0xee, 0xff, 0xe2, 0xe5, 0xff, 0x49, 0xee, 0xff, 
  0xf7, 0xff, 0xff, 0xfc, 0xff, 0xff, 0xfe, 0xff, 0xff, 0xff, 0xff, 0xff, 
  0xff, 0xff, 0xff, 0xff, 0xff, 0xff, 0xdf, 0xff, 0xff, 0xff, 0xff, 0xff, 
  0xfd, 0xff, 0xff, 0x17, 0xef, 0xff, 0x35, 0xef, 0xff, 0x33, 0xf7, 0xff, 
  0x33, 0xf7, 0xff, 0x33, 0xff, 0xff, 0x33, 0xff, 0xff, 0x33, 0xf7, 0xff, 
  0x32, 0xf7, 0xff, 0x32, 0xf7, 0xff, 0x33, 0xf7, 0xff, 0x51, 0xff, 0xff, 
  0xca, 0xf6, 0xff, 0x03, 0xe6, 0xff, 0x41, 0xee, 0xff, 0x02, 0xe6, 0xff, 
  0x28, 0xde, 0xff, 0xf6, 0xff, 0xff, 0xfc, 0xff, 0xff, 0xff, 0xff, 0xff, 
  0xfe, 0xff, 0xff, 0xfe, 0xff, 0xff, 0xff, 0xff, 0xff, 0xfc, 0xff, 0xff, 
  0x74, 0xff, 0xff, 0x08, 0xde, 0xff, 0xe3, 0xe5, 0xff, 0xe2, 0xe5, 0xff, 
  0xe6, 0xdd, 0xff, 0xef, 0xf6, 0xff, 0xfb, 0xff, 0xff, 0xff, 0xff, 0xff, 
  0xff, 0xff, 0xff, 0xff, 0xff, 0xff, 0xff, 0xff, 0xff, 0xfd, 0xff, 0xff, 
  0xf9, 0xff, 0xff, 0xce, 0xee, 0xff, 0x04, 0xe6, 0xff, 0xe3, 0xe5, 0xff, 
  0x8b, 0xee, 0xff, 0xf5, 0xff, 0xff, 0xf8, 0xff, 0xff, 0xf9, 0xff, 0xff, 
  0xf9, 0xff, 0xff, 0xf9, 0xff, 0xff, 0xfa, 0xff, 0xff, 0xfa, 0xff, 0xff, 
  0xfa, 0xff, 0xff, 0xfa, 0xff, 0xff, 0xfa, 0xff, 0xff, 0xfa, 0xff, 0xff, 
  0xfa, 0xff, 0xff, 0xfb, 0xff, 0xff, 0xfd, 0xff, 0xff, 0xfe, 0xff, 0xff, 
  0xff, 0xff, 0xff, 0xff, 0xff, 0xff, 0xff, 0xff, 0xff, 0xff, 0xff, 0xff, 
  0xfe, 0xff, 0xff, 0xdc, 0xff, 0xff, 0xfb, 0xff, 0xff, 0xf8, 0xff, 0xff, 
  0xf2, 0xff, 0xff, 0x07, 0xe6, 0xff, 0x06, 0xde, 0xff, 0x2e, 0xff, 0xff, 
  0xfa, 0xff, 0xff, 0xff, 0xff, 0xff, 0xff, 0xff, 0xff, 0xff, 0xff, 0xff, 
  0xff, 0xff, 0xff, 0xfd, 0xff, 0xff, 0xfb, 0xff, 0xff, 0x12, 0xf7, 0xff, 
  0x06, 0xde, 0xff, 0x01, 0xee, 0xff, 0x41, 0xf6, 0xff, 0x02, 0xe6, 0xff, 
  0xe6, 0xdd, 0xff, 0x31, 0xf7, 0xff, 0xfb, 0xff, 0xff, 0xff, 0xff, 0xff, 
  0xff, 0xff, 0xff, 0xff, 0xff, 0xff, 0xff, 0xff, 0xff, 0xfe, 0xff, 0xff, 
  0xfb, 0xff, 0xff, 0x11, 0xff, 0xff, 0xe3, 0xe5, 0xff, 0x20, 0xee, 0xff, 
  0x20, 0xee, 0xff, 0x20, 0xee, 0xff, 0x20, 0xee, 0xff, 0x20, 0xee, 0xff, 
  0x20, 0xee, 0xff, 0x20, 0xee, 0xff, 0x20, 0xee, 0xff, 0x20, 0xee, 0xff, 
  0x20, 0xee, 0xff, 0x20, 0xee, 0xff, 0x20, 0xee, 0xff, 0x00, 0xee, 0xff, 
  0x00, 0xf6, 0xff, 0x00, 0xf6, 0xff, 0x00, 0xee, 0xff, 0x20, 0xee, 0xff, 
  0x00, 0xee, 0xff, 0x22, 0xee, 0xff, 0xe5, 0xe5, 0xff, 0x50, 0xff, 0xff, 
  0xfb, 0xff, 0xff, 0xde, 0xff, 0xff, 0xff, 0xff, 0xff, 0xff, 0xff, 0xff, 
  0xff, 0xff, 0xff, 0xff, 0xff, 0xff, 0xff, 0xff, 0xff, 0xdf, 0xff, 0xff, 
  0xfd, 0xff, 0xff, 0xfd, 0xff, 0xff, 0xfc, 0xff, 0xff, 0xfc, 0xff, 0xff, 
  0xfc, 0xff, 0xff, 0xfc, 0xff, 0xff, 0xfc, 0xff, 0xff, 0xfb, 0xff, 0xff, 
  0xfb, 0xff, 0xff, 0xfb, 0xff, 0xff, 0xfc, 0xff, 0xff, 0xf9, 0xff, 0xff, 
  0x90, 0xff, 0xff, 0x05, 0xe6, 0xff, 0x22, 0xee, 0xff, 0x21, 0xee, 0xff, 
  0xe4, 0xe5, 0xff, 0x2f, 0xff, 0xff, 0xfb, 0xff, 0xff, 0xfe, 0xff, 0xff, 
  0xfe, 0xff, 0xff, 0xfe, 0xff, 0xff, 0xff, 0xff, 0xff, 0xfe, 0xff, 0xff, 
  0xfb, 0xff, 0xff, 0x74, 0xff, 0xff, 0xac, 0xee, 0xff, 0x6a, 0xe6, 0xff, 
  0x10, 0xf7, 0xff, 0xd7, 0xff, 0xff, 0xfd, 0xff, 0xff, 0xff, 0xff, 0xff, 
  0xff, 0xf7, 0xff, 0xff, 0xff, 0xff, 0xff, 0xff, 0xff, 0xfc, 0xff, 0xff, 
  0xf6, 0xff, 0xff, 0x6a, 0xe6, 0xff, 0x03, 0xe6, 0xff, 0x02, 0xe6, 0xff, 
  0x46, 0xe6, 0xff, 0xcb, 0xf6, 0xff, 0xad, 0xee, 0xff, 0xce, 0xee, 0xff, 
  0xce, 0xee, 0xff, 0xcf, 0xee, 0xff, 0xcf, 0xee, 0xff, 0xcf, 0xee, 0xff, 
  0xcf, 0xee, 0xff, 0xcf, 0xee, 0xff, 0xcf, 0xee, 0xff, 0xcf, 0xee, 0xff, 
  0xaf, 0xee, 0xff, 0xb0, 0xe6, 0xff, 0x16, 0xef, 0xff, 0xfc, 0xff, 0xff, 
  0xfe, 0xff, 0xff, 0xff, 0xff, 0xff, 0xff, 0xff, 0xff, 0xfe, 0xff, 0xff, 
  0xfc, 0xff, 0xff, 0x36, 0xf7, 0xff, 0x91, 0xe6, 0xff, 0xae, 0xf6, 0xff, 
  0xaa, 0xf6, 0xff, 0x05, 0xe6, 0xff, 0xe4, 0xdd, 0xff, 0xaa, 0xee, 0xff, 
  0xf9, 0xff, 0xff, 0xfe, 0xff, 0xff, 0xff, 0xff, 0xff, 0xff, 0xff, 0xff, 
  0xff, 0xff, 0xff, 0xfe, 0xff, 0xff, 0xfd, 0xff, 0xff, 0xf9, 0xff, 0xff, 
  0xce, 0xee, 0xff, 0x07, 0xde, 0xff, 0x05, 0xe6, 0xff, 0x07, 0xde, 0xff, 
  0xf0, 0xf6, 0xff, 0xf9, 0xff, 0xff, 0xfd, 0xff, 0xff, 0xff, 0xff, 0xff, 
  0xff, 0xff, 0xff, 0xff, 0xff, 0xff, 0xff, 0xff, 0xff, 0xfd, 0xff, 0xff, 
  0xf8, 0xff, 0xff, 0x6c, 0xee, 0xff, 0x02, 0xe6, 0xff, 0x20, 0xee, 0xff, 
  0x20, 0xee, 0xff, 0x20, 0xee, 0xff, 0x20, 0xee, 0xff, 0x20, 0xee, 0xff, 
  0x20, 0xee, 0xff, 0x20, 0xee, 0xff, 0x20, 0xee, 0xff, 0x20, 0xee, 0xff, 
  0x20, 0xee, 0xff, 0x20, 0xee, 0xff, 0x20, 0xee, 0xff, 0x20, 0xee, 0xff, 
  0x00, 0xf6, 0xff, 0x00, 0xf6, 0xff, 0x00, 0xee, 0xff, 0x00, 0xee, 0xff, 
  0x20, 0xee, 0xff, 0x03, 0xe6, 0xff, 0x8c, 0xe6, 0xff, 0xf8, 0xff, 0xff, 
  0xfd, 0xff, 0xff, 0xff, 0xff, 0xff, 0xff, 0xff, 0xff, 0xff, 0xff, 0xff, 
  0xff, 0xff, 0xff, 0xdf, 0xff, 0xff, 0xff, 0xff, 0xff, 0xff, 0xff, 0xff, 
  0xde, 0xff, 0xff, 0xfd, 0xff, 0xff, 0xfe, 0xff, 0xff, 0xfe, 0xff, 0xff, 
  0xfe, 0xff, 0xff, 0xfe, 0xff, 0xff, 0xfd, 0xff, 0xff, 0xfd, 0xff, 0xff, 
  0xfe, 0xff, 0xff, 0xfe, 0xff, 0xff, 0xfe, 0xff, 0xff, 0xfb, 0xff, 0xff, 
  0x71, 0xff, 0xff, 0xe5, 0xdd, 0xff, 0x22, 0xe6, 0xff, 0x21, 0xe6, 0xff, 
  0x22, 0xe6, 0xff, 0x47, 0xe6, 0xff, 0xf8, 0xff, 0xff, 0xfd, 0xff, 0xff, 
  0xfe, 0xff, 0xff, 0xff, 0xff, 0xff, 0xff, 0xff, 0xff, 0xff, 0xff, 0xff, 
  0xfe, 0xff, 0xff, 0xfd, 0xff, 0xff, 0xfb, 0xff, 0xff, 0xfb, 0xff, 0xff, 
  0xfb, 0xff, 0xff, 0xfd, 0xff, 0xff, 0xfe, 0xff, 0xff, 0xff, 0xff, 0xff, 
  0xff, 0xf7, 0xff, 0xff, 0xff, 0xff, 0xff, 0xff, 0xff, 0xfb, 0xff, 0xff, 
  0x2f, 0xff, 0xff, 0x05, 0xde, 0xff, 0x02, 0xe6, 0xff, 0x21, 0xee, 0xff, 
  0x22, 0xee, 0xff, 0x03, 0xe6, 0xff, 0xe2, 0xe5, 0xff, 0x03, 0xe6, 0xff, 
  0x04, 0xe6, 0xff, 0xe4, 0xe5, 0xff, 0xe4, 0xe5, 0xff, 0x04, 0xe6, 0xff, 
  0x03, 0xde, 0xff, 0x03, 0xde, 0xff, 0xe4, 0xe5, 0xff, 0xe4, 0xe5, 0xff, 
  0x04, 0xe6, 0xff, 0xe7, 0xdd, 0xff, 0x8f, 0xe6, 0xff, 0xfa, 0xff, 0xff, 
  0xfe, 0xff, 0xff, 0xff, 0xff, 0xff, 0xff, 0xff, 0xff, 0xfd, 0xff, 0xff, 
  0xfa, 0xff, 0xff, 0xb0, 0xee, 0xff, 0xa6, 0xdd, 0xff, 0xe3, 0xe5, 0xff, 
  0x23, 0xee, 0xff, 0x22, 0xe6, 0xff, 0x01, 0xe6, 0xff, 0x26, 0xde, 0xff, 
  0xb5, 0xff, 0xff, 0xfc, 0xff, 0xff, 0xfe, 0xff, 0xff, 0xff, 0xff, 0xff, 
  0xff, 0xff, 0xff, 0xff, 0xff, 0xff, 0xff, 0xff, 0xff, 0xfd, 0xff, 0xff, 
  0xfb, 0xff, 0xff, 0xd8, 0xff, 0xff, 0x54, 0xf7, 0xff, 0xb6, 0xff, 0xff, 
  0xfb, 0xff, 0xff, 0xfd, 0xff, 0xff, 0xff, 0xff, 0xff, 0xff, 0xff, 0xff, 
  0xff, 0xff, 0xff, 0xdf, 0xff, 0xff, 0xff, 0xff, 0xff, 0xfb, 0xff, 0xff, 
  0x72, 0xff, 0xff, 0xe5, 0xe5, 0xff, 0x21, 0xee, 0xff, 0x20, 0xee, 0xff, 
  0x20, 0xee, 0xff, 0x20, 0xee, 0xff, 0x20, 0xee, 0xff, 0x20, 0xee, 0xff, 
  0x20, 0xee, 0xff, 0x20, 0xee, 0xff, 0x20, 0xee, 0xff, 0x20, 0xee, 0xff, 
  0x20, 0xee, 0xff, 0x20, 0xee, 0xff, 0x20, 0xee, 0xff, 0x20, 0xee, 0xff, 
  0x00, 0xf6, 0xff, 0x00, 0xee, 0xff, 0x00, 0xee, 0xff, 0x20, 0xee, 0xff, 
  0x20, 0xee, 0xff, 0xe4, 0xdd, 0xff, 0x52, 0xff, 0xff, 0xfb, 0xff, 0xff, 
  0xfe, 0xff, 0xff, 0xff, 0xff, 0xff, 0xff, 0xff, 0xff, 0xff, 0xff, 0xff, 
  0xff, 0xff, 0xff, 0xff, 0xff, 0xff, 0xff, 0xff, 0xff, 0xff, 0xff, 0xff, 
  0xff, 0xff, 0xff, 0xff, 0xff, 0xff, 0xff, 0xff, 0xff, 0xff, 0xff, 0xff, 
  0xff, 0xff, 0xff, 0xff, 0xff, 0xff, 0xff, 0xff, 0xff, 0xff, 0xff, 0xff, 
  0xff, 0xff, 0xff, 0xff, 0xff, 0xff, 0xff, 0xff, 0xff, 0xfc, 0xff, 0xff, 
  0x51, 0xff, 0xff, 0x06, 0xe6, 0xff, 0x22, 0xe6, 0xff, 0x20, 0xee, 0xff, 
  0x20, 0xee, 0xff, 0x04, 0xe6, 0xff, 0xcf, 0xf6, 0xff, 0xf9, 0xff, 0xff, 
  0xfd, 0xff, 0xff, 0xff, 0xff, 0xff, 0xff, 0xff, 0xff, 0xff, 0xff, 0xff, 
  0xff, 0xff, 0xff, 0xdf, 0xff, 0xff, 0xff, 0xff, 0xff, 0xff, 0xff, 0xff, 
  0xff, 0xff, 0xff, 0xff, 0xff, 0xff, 0xff, 0xff, 0xff, 0xff, 0xff, 0xff, 
  0xff, 0xff, 0xff, 0xfe, 0xff, 0xff, 0xfc, 0xff, 0xff, 0xd6, 0xff, 0xff, 
  0x28, 0xe6, 0xff, 0x02, 0xe6, 0xff, 0x22, 0xee, 0xff, 0x00, 0xee, 0xff, 
  0x20, 0xee, 0xff, 0x20, 0xee, 0xff, 0x20, 0xee, 0xff, 0x20, 0xee, 0xff, 
  0x21, 0xee, 0xff, 0x21, 0xee, 0xff, 0x20, 0xee, 0xff, 0x20, 0xee, 0xff, 
  0x20, 0xee, 0xff, 0x20, 0xee, 0xff, 0x20, 0xee, 0xff, 0x21, 0xee, 0xff, 
  0x21, 0xee, 0xff, 0x04, 0xe6, 0xff, 0x8d, 0xee, 0xff, 0xf9, 0xff, 0xff, 
  0xfd, 0xff, 0xff, 0xff, 0xff, 0xff, 0xff, 0xff, 0xff, 0xfd, 0xff, 0xff, 
  0xfa, 0xff, 0xff, 0xce, 0xee, 0xff, 0x04, 0xe6, 0xff, 0x00, 0xee, 0xff, 
  0x20, 0xee, 0xff, 0x20, 0xe6, 0xff, 0x40, 0xee, 0xff, 0x03, 0xde, 0xff, 
  0x8c, 0xee, 0xff, 0xf7, 0xff, 0xff, 0xfc, 0xff, 0xff, 0xfe, 0xff, 0xff, 
  0xff, 0xff, 0xff, 0xff, 0xff, 0xff, 0xff, 0xff, 0xff, 0xdf, 0xff, 0xff, 
  0xff, 0xff, 0xff, 0xfe, 0xff, 0xff, 0xfd, 0xff, 0xff, 0xfd, 0xff, 0xff, 
  0xff, 0xff, 0xff, 0xff, 0xff, 0xff, 0xff, 0xff, 0xff, 0xff, 0xff, 0xff, 
  0xdf, 0xff, 0xff, 0xfe, 0xff, 0xff, 0xfc, 0xff, 0xff, 0xf7, 0xff, 0xff, 
  0x69, 0xee, 0xff, 0xe2, 0xe5, 0xff, 0x21, 0xee, 0xff, 0x20, 0xee, 0xff, 
  0x20, 0xee, 0xff, 0x20, 0xee, 0xff, 0x20, 0xee, 0xff, 0x20, 0xee, 0xff, 
  0x20, 0xee, 0xff, 0x20, 0xee, 0xff, 0x20, 0xee, 0xff, 0x20, 0xee, 0xff, 
  0x20, 0xee, 0xff, 0x20, 0xee, 0xff, 0x20, 0xee, 0xff, 0x00, 0xee, 0xff, 
  0x20, 0xee, 0xff, 0x20, 0xee, 0xff, 0x00, 0xee, 0xff, 0x20, 0xee, 0xff, 
  0x20, 0xe6, 0xff, 0x26, 0xde, 0xff, 0xd7, 0xff, 0xff, 0xfd, 0xff, 0xff, 
  0xfe, 0xff, 0xff, 0xff, 0xff, 0xff, 0xff, 0xff, 0xff, 0xff, 0xff, 0xff, 
  0xff, 0xff, 0xff, 0xff, 0xff, 0xff, 0xff, 0xff, 0xff, 0xfe, 0xff, 0xff, 
  0xff, 0xff, 0xff, 0xff, 0xff, 0xff, 0xff, 0xff, 0xff, 0xff, 0xff, 0xff, 
  0xff, 0xff, 0xff, 0xff, 0xff, 0xff, 0xff, 0xff, 0xff, 0xff, 0xff, 0xff, 
  0xff, 0xff, 0xff, 0xff, 0xff, 0xff, 0xff, 0xff, 0xff, 0xfb, 0xff, 0xff, 
  0x51, 0xff, 0xff, 0x05, 0xde, 0xff, 0x22, 0xe6, 0xff, 0x20, 0xee, 0xff, 
  0x20, 0xf6, 0xff, 0xe1, 0xed, 0xff, 0x05, 0xe6, 0xff, 0xee, 0xf6, 0xff, 
  0xf9, 0xff, 0xff, 0xfd, 0xff, 0xff, 0xfe, 0xff, 0xff, 0xff, 0xff, 0xff, 
  0xff, 0xff, 0xff, 0xff, 0xff, 0xff, 0xff, 0xff, 0xff, 0xff, 0xff, 0xff, 
  0xff, 0xff, 0xff, 0xff, 0xff, 0xff, 0xff, 0xff, 0xff, 0xff, 0xff, 0xff, 
  0xdd, 0xff, 0xff, 0xfb, 0xff, 0xff, 0xd4, 0xff, 0xff, 0x8a, 0xee, 0xff, 
  0x03, 0xe6, 0xff, 0x20, 0xee, 0xff, 0x20, 0xee, 0xff, 0x20, 0xee, 0xff, 
  0x20, 0xee, 0xff, 0x20, 0xee, 0xff, 0x20, 0xee, 0xff, 0x20, 0xee, 0xff, 
  0x00, 0xee, 0xff, 0x00, 0xee, 0xff, 0x00, 0xee, 0xff, 0x00, 0xee, 0xff, 
  0x20, 0xee, 0xff, 0x20, 0xee, 0xff, 0x20, 0xee, 0xff, 0x00, 0xee, 0xff, 
  0x00, 0xee, 0xff, 0x04, 0xe6, 0xff, 0x8d, 0xee, 0xff, 0xf9, 0xff, 0xff, 
  0xfd, 0xff, 0xff, 0xff, 0xff, 0xff, 0xff, 0xff, 0xff, 0xfe, 0xff, 0xff, 
  0xfa, 0xff, 0xff, 0xcf, 0xee, 0xff, 0x04, 0xe6, 0xff, 0x20, 0xee, 0xff, 
  0x20, 0xee, 0xff, 0x20, 0xe6, 0xff, 0x20, 0xee, 0xff, 0x21, 0xe6, 0xff, 
  0xe3, 0xdd, 0xff, 0x0c, 0xff, 0xff, 0xd7, 0xff, 0xff, 0xfc, 0xff, 0xff, 
  0xfe, 0xff, 0xff, 0xff, 0xff, 0xff, 0xff, 0xff, 0xff, 0xff, 0xff, 0xff, 
  0xdf, 0xff, 0xff, 0xdf, 0xff, 0xff, 0xff, 0xff, 0xff, 0xff, 0xff, 0xff, 
  0xff, 0xff, 0xff, 0xff, 0xff, 0xff, 0xff, 0xff, 0xff, 0xff, 0xff, 0xff, 
  0xfe, 0xff, 0xff, 0xfb, 0xff, 0xff, 0xf5, 0xff, 0xff, 0xcb, 0xee, 0xff, 
  0x03, 0xe6, 0xff, 0x20, 0xee, 0xff, 0x20, 0xee, 0xff, 0x20, 0xee, 0xff, 
  0x20, 0xee, 0xff, 0x20, 0xee, 0xff, 0x20, 0xee, 0xff, 0x20, 0xee, 0xff, 
  0x20, 0xee, 0xff, 0x20, 0xee, 0xff, 0x20, 0xee, 0xff, 0x20, 0xee, 0xff, 
  0x20, 0xee, 0xff, 0x20, 0xee, 0xff, 0x20, 0xee, 0xff, 0x00, 0xee, 0xff, 
  0x20, 0xee, 0xff, 0x20, 0xee, 0xff, 0x20, 0xee, 0xff, 0x20, 0xee, 0xff, 
  0x21, 0xe6, 0xff, 0x87, 0xee, 0xff, 0xf6, 0xff, 0xff, 0xfa, 0xff, 0xff, 
  0xfb, 0xff, 0xff, 0xfb, 0xff, 0xff, 0xfb, 0xff, 0xff, 0xfc, 0xff, 0xff, 
  0xfc, 0xff, 0xff, 0xfb, 0xff, 0xff, 0xfb, 0xff, 0xff, 0xfb, 0xff, 0xff, 
  0xfb, 0xff, 0xff, 0xfc, 0xff, 0xff, 0xfc, 0xff, 0xff, 0xfc, 0xff, 0xff, 
  0xfc, 0xff, 0xff, 0xfb, 0xff, 0xff, 0xfb, 0xff, 0xff, 0xfb, 0xff, 0xff, 
  0xfb, 0xff, 0xff, 0xfb, 0xff, 0xff, 0xfb, 0xff, 0xff, 0xf8, 0xff, 0xff, 
  0x8f, 0xff, 0xff, 0x04, 0xde, 0xff, 0x21, 0xee, 0xff, 0x20, 0xee, 0xff, 
  0x00, 0xee, 0xff, 0x00, 0xee, 0xff, 0x22, 0xe6, 0xff, 0x25, 0xde, 0xff, 
  0xce, 0xee, 0xff, 0x95, 0xff, 0xff, 0xf9, 0xff, 0xff, 0xfb, 0xff, 0xff, 
  0xdb, 0xff, 0xff, 0xfc, 0xff, 0xff, 0xfc, 0xff, 0xff, 0xfc, 0xff, 0xff, 
  0xfc, 0xff, 0xff, 0xfc, 0xff, 0xff, 0xfb, 0xff, 0xff, 0xfa, 0xff, 0xff, 
  0xf9, 0xff, 0xff, 0x73, 0xff, 0xff, 0x49, 0xe6, 0xff, 0x03, 0xe6, 0xff, 
  0x00, 0xee, 0xff, 0x20, 0xee, 0xff, 0x20, 0xee, 0xff, 0x20, 0xee, 0xff, 
  0x20, 0xee, 0xff, 0x20, 0xee, 0xff, 0x00, 0xee, 0xff, 0x00, 0xee, 0xff, 
  0x00, 0xee, 0xff, 0x00, 0xee, 0xff, 0x00, 0xee, 0xff, 0x00, 0xee, 0xff, 
  0x20, 0xee, 0xff, 0x20, 0xee, 0xff, 0x00, 0xee, 0xff, 0x00, 0xee, 0xff, 
  0x00, 0xee, 0xff, 0x03, 0xe6, 0xff, 0xab, 0xf6, 0xff, 0xf6, 0xff, 0xff, 
  0xf9, 0xff, 0xff, 0xfb, 0xff, 0xff, 0xfb, 0xff, 0xff, 0xfa, 0xff, 0xff, 
  0xf7, 0xff, 0xff, 0xee, 0xee, 0xff, 0x03, 0xe6, 0xff, 0x00, 0xee, 0xff, 
  0x20, 0xee, 0xff, 0x20, 0xee, 0xff, 0x20, 0xee, 0xff, 0x20, 0xee, 0xff, 
  0x20, 0xee, 0xff, 0x03, 0xe6, 0xff, 0x6c, 0xee, 0xff, 0x95, 0xff, 0xff, 
  0xf9, 0xff, 0xff, 0xfb, 0xff, 0xff, 0xfc, 0xff, 0xff, 0xfc, 0xff, 0xff, 
  0xfd, 0xff, 0xff, 0xfd, 0xff, 0xff, 0xfd, 0xff, 0xff, 0xfd, 0xff, 0xff, 
  0xfd, 0xff, 0xff, 0xfd, 0xff, 0xff, 0xfc, 0xff, 0xff, 0xfb, 0xff, 0xff, 
  0xf9, 0xff, 0xff, 0x53, 0xff, 0xff, 0x8a, 0xee, 0xff, 0x04, 0xde, 0xff, 
  0x00, 0xe6, 0xff, 0x40, 0xee, 0xff, 0x00, 0xee, 0xff, 0x20, 0xee, 0xff, 
  0x20, 0xee, 0xff, 0x20, 0xee, 0xff, 0x20, 0xee, 0xff, 0x20, 0xee, 0xff, 
  0x20, 0xee, 0xff, 0x20, 0xee, 0xff, 0x20, 0xee, 0xff, 0x20, 0xee, 0xff, 
  0x20, 0xee, 0xff, 0x20, 0xee, 0xff, 0x20, 0xee, 0xff, 0x00, 0xee, 0xff, 
  0x20, 0xee, 0xff, 0x20, 0xee, 0xff, 0x20, 0xee, 0xff, 0x20, 0xee, 0xff, 
  0x21, 0xe6, 0xff, 0x85, 0xee, 0xff, 0x4d, 0xff, 0xff, 0x4f, 0xff, 0xff, 
  0x2f, 0xff, 0xff, 0x50, 0xff, 0xff, 0x50, 0xff, 0xff, 0x50, 0xff, 0xff, 
  0x30, 0xff, 0xff, 0x30, 0xff, 0xff, 0x4f, 0xff, 0xff, 0x4f, 0xff, 0xff, 
  0x50, 0xff, 0xff, 0x50, 0xff, 0xff, 0x50, 0xff, 0xff, 0x50, 0xff, 0xff, 
  0x50, 0xff, 0xff, 0x50, 0xff, 0xff, 0x50, 0xff, 0xff, 0x50, 0xff, 0xff, 
  0x50, 0xff, 0xff, 0x30, 0xff, 0xff, 0x30, 0xff, 0xff, 0x2e, 0xff, 0xff, 
  0xc8, 0xfe, 0xff, 0x02, 0xe6, 0xff, 0x00, 0xee, 0xff, 0x00, 0xee, 0xff, 
  0x20, 0xee, 0xff, 0x20, 0xee, 0xff, 0x20, 0xee, 0xff, 0x01, 0xe6, 0xff, 
  0x03, 0xde, 0xff, 0x47, 0xe6, 0xff, 0xac, 0xf6, 0xff, 0x51, 0xff, 0xff, 
  0xb4, 0xff, 0xff, 0xf6, 0xff, 0xff, 0xf7, 0xff, 0xff, 0xf7, 0xff, 0xff, 
  0xf7, 0xff, 0xff, 0xd5, 0xff, 0xff, 0x92, 0xff, 0xff, 0x0e, 0xff, 0xff, 
  0x69, 0xee, 0xff, 0xe5, 0xdd, 0xff, 0xe2, 0xe5, 0xff, 0x01, 0xee, 0xff, 
  0x00, 0xf6, 0xff, 0x00, 0xf6, 0xff, 0x20, 0xee, 0xff, 0x20, 0xee, 0xff, 
  0x20, 0xee, 0xff, 0x20, 0xee, 0xff, 0x00, 0xee, 0xff, 0x00, 0xf6, 0xff, 
  0x20, 0xee, 0xff, 0x20, 0xee, 0xff, 0x00, 0xee, 0xff, 0x20, 0xee, 0xff, 
  0x20, 0xee, 0xff, 0x20, 0xee, 0xff, 0x00, 0xee, 0xff, 0x00, 0xee, 0xff, 
  0x00, 0xee, 0xff, 0x01, 0xee, 0xff, 0x66, 0xee, 0xff, 0x4d, 0xff, 0xff, 
  0x4f, 0xff, 0xff, 0x4f, 0xff, 0xff, 0x50, 0xff, 0xff, 0x4f, 0xff, 0xff, 
  0x2d, 0xff, 0xff, 0x68, 0xee, 0xff, 0x02, 0xee, 0xff, 0x00, 0xee, 0xff, 
  0x20, 0xee, 0xff, 0x20, 0xee, 0xff, 0x20, 0xee, 0xff, 0x20, 0xee, 0xff, 
  0x20, 0xee, 0xff, 0x21, 0xee, 0xff, 0x03, 0xe6, 0xff, 0x06, 0xe6, 0xff, 
  0x89, 0xee, 0xff, 0x2e, 0xff, 0xff, 0xb2, 0xff, 0xff, 0xd4, 0xff, 0xff, 
  0xf6, 0xff, 0xff, 0xf6, 0xff, 0xff, 0xf7, 0xff, 0xff, 0xf6, 0xff, 0xff, 
  0xf6, 0xff, 0xff, 0xb4, 0xff, 0xff, 0x71, 0xff, 0xff, 0x2e, 0xff, 0xff, 
  0x69, 0xe6, 0xff, 0x05, 0xe6, 0xff, 0xe3, 0xe5, 0xff, 0x01, 0xe6, 0xff, 
  0x40, 0xee, 0xff, 0x40, 0xee, 0xff, 0x00, 0xee, 0xff, 0x20, 0xee, 0xff, 
  0x20, 0xee, 0xff, 0x20, 0xee, 0xff, 0x20, 0xee, 0xff, 0x20, 0xee, 0xff, 
  0x20, 0xee, 0xff, 0x20, 0xee, 0xff, 0x20, 0xee, 0xff, 0x20, 0xee, 0xff, 
  0x20, 0xee, 0xff, 0x20, 0xee, 0xff, 0x20, 0xee, 0xff, 0x20, 0xee, 0xff, 
  0x20, 0xee, 0xff, 0x20, 0xee, 0xff, 0x20, 0xee, 0xff, 0x20, 0xee, 0xff, 
  0x21, 0xe6, 0xff, 0x02, 0xe6, 0xff, 0x04, 0xe6, 0xff, 0x05, 0xe6, 0xff, 
  0xe5, 0xe5, 0xff, 0xe5, 0xdd, 0xff, 0xe5, 0xdd, 0xff, 0xe5, 0xdd, 0xff, 
  0xe4, 0xe5, 0xff, 0xe4, 0xe5, 0xff, 0xe4, 0xe5, 0xff, 0xe4, 0xe5, 0xff, 
  0xe4, 0xdd, 0xff, 0xe4, 0xdd, 0xff, 0xe4, 0xe5, 0xff, 0xe4, 0xe5, 0xff, 
  0xe4, 0xdd, 0xff, 0xe4, 0xdd, 0xff, 0xe5, 0xdd, 0xff, 0xe5, 0xdd, 0xff, 
  0xe5, 0xdd, 0xff, 0xe5, 0xe5, 0xff, 0xe5, 0xe5, 0xff, 0xe4, 0xe5, 0xff, 
  0x02, 0xe6, 0xff, 0x21, 0xee, 0xff, 0x20, 0xee, 0xff, 0x00, 0xee, 0xff, 
  0x20, 0xee, 0xff, 0x20, 0xee, 0xff, 0x00, 0xee, 0xff, 0x40, 0xee, 0xff, 
  0x40, 0xee, 0xff, 0x21, 0xe6, 0xff, 0xe3, 0xe5, 0xff, 0xe5, 0xe5, 0xff, 
  0xe7, 0xe5, 0xff, 0x09, 0xe6, 0xff, 0x2a, 0xe6, 0xff, 0x4a, 0xe6, 0xff, 
  0x2a, 0xe6, 0xff, 0xe8, 0xdd, 0xff, 0xe6, 0xdd, 0xff, 0x04, 0xe6, 0xff, 
  0xe1, 0xe5, 0xff, 0x21, 0xee, 0xff, 0x41, 0xf6, 0xff, 0x00, 0xee, 0xff, 
  0x00, 0xf6, 0xff, 0x00, 0xf6, 0xff, 0x00, 0xee, 0xff, 0x20, 0xee, 0xff, 
  0x20, 0xee, 0xff, 0x20, 0xee, 0xff, 0x00, 0xee, 0xff, 0x00, 0xf6, 0xff, 
  0x20, 0xee, 0xff, 0x20, 0xee, 0xff, 0x20, 0xee, 0xff, 0x20, 0xee, 0xff, 
  0x20, 0xee, 0xff, 0x20, 0xee, 0xff, 0x20, 0xee, 0xff, 0x00, 0xee, 0xff, 
  0x00, 0xee, 0xff, 0x00, 0xee, 0xff, 0x02, 0xe6, 0xff, 0x04, 0xe6, 0xff, 
  0x04, 0xde, 0xff, 0xe4, 0xdd, 0xff, 0x05, 0xde, 0xff, 0xe4, 0xdd, 0xff, 
  0x04, 0xe6, 0xff, 0x02, 0xee, 0xff, 0x01, 0xee, 0xff, 0x00, 0xee, 0xff, 
  0x20, 0xee, 0xff, 0x20, 0xee, 0xff, 0x20, 0xee, 0xff, 0x20, 0xee, 0xff, 
  0x20, 0xee, 0xff, 0x00, 0xee, 0xff, 0x00, 0xee, 0xff, 0x01, 0xee, 0xff, 
  0x02, 0xe6, 0xff, 0x04, 0xe6, 0xff, 0xe6, 0xdd, 0xff, 0x08, 0xde, 0xff, 
  0x49, 0xde, 0xff, 0x4a, 0xde, 0xff, 0x49, 0xe6, 0xff, 0x49, 0xe6, 0xff, 
  0x49, 0xde, 0xff, 0x27, 0xde, 0xff, 0x05, 0xde, 0xff, 0xe3, 0xdd, 0xff, 
  0x02, 0xe6, 0xff, 0x01, 0xee, 0xff, 0x20, 0xee, 0xff, 0x00, 0xee, 0xff, 
  0x00, 0xee, 0xff, 0x20, 0xee, 0xff, 0x00, 0xee, 0xff, 0x20, 0xee, 0xff, 
  0x20, 0xee, 0xff, 0x20, 0xee, 0xff, 0x20, 0xee, 0xff, 0x20, 0xee, 0xff, 
  0x20, 0xee, 0xff, 0x20, 0xee, 0xff, 0x20, 0xee, 0xff, 0x20, 0xee, 0xff, 
  0x20, 0xee, 0xff, 0x20, 0xee, 0xff, 0x20, 0xee, 0xff, 0x20, 0xee, 0xff, 
  0x00, 0xee, 0xff, 0x20, 0xee, 0xff, 0x00, 0xee, 0xff, 0x20, 0xee, 0xff, 
  0x20, 0xee, 0xff, 0x20, 0xee, 0xff, 0xe1, 0xed, 0xff, 0x02, 0xf6, 0xff, 
  0x02, 0xee, 0xff, 0x02, 0xee, 0xff, 0x02, 0xee, 0xff, 0x22, 0xee, 0xff, 
  0x22, 0xee, 0xff, 0x22, 0xee, 0xff, 0x22, 0xee, 0xff, 0x22, 0xee, 0xff, 
  0x21, 0xee, 0xff, 0x21, 0xee, 0xff, 0x21, 0xee, 0xff, 0x21, 0xee, 0xff, 
  0x21, 0xee, 0xff, 0x22, 0xee, 0xff, 0x22, 0xee, 0xff, 0x22, 0xee, 0xff, 
  0x22, 0xee, 0xff, 0x22, 0xee, 0xff, 0x22, 0xee, 0xff, 0x22, 0xee, 0xff, 
  0x00, 0xee, 0xff, 0x20, 0xee, 0xff, 0x20, 0xee, 0xff, 0x20, 0xee, 0xff, 
  0x00, 0xee, 0xff, 0x00, 0xee, 0xff, 0x20, 0xf6, 0xff, 0x00, 0xee, 0xff, 
  0x00, 0xe6, 0xff, 0x20, 0xee, 0xff, 0x22, 0xee, 0xff, 0x02, 0xee, 0xff, 
  0xe2, 0xed, 0xff, 0xe3, 0xed, 0xff, 0x03, 0xe6, 0xff, 0x03, 0xe6, 0xff, 
  0x03, 0xe6, 0xff, 0x02, 0xe6, 0xff, 0x22, 0xee, 0xff, 0x21, 0xee, 0xff, 
  0x00, 0xee, 0xff, 0x00, 0xee, 0xff, 0x00, 0xee, 0xff, 0x00, 0xee, 0xff, 
  0x20, 0xee, 0xff, 0x20, 0xee, 0xff, 0x20, 0xee, 0xff, 0x20, 0xee, 0xff, 
  0x40, 0xe6, 0xff, 0x40, 0xe6, 0xff, 0x20, 0xee, 0xff, 0x20, 0xee, 0xff, 
  0x20, 0xee, 0xff, 0x20, 0xee, 0xff, 0x20, 0xee, 0xff, 0x20, 0xee, 0xff, 
  0x20, 0xee, 0xff, 0x20, 0xee, 0xff, 0x20, 0xee, 0xff, 0x20, 0xee, 0xff, 
  0x20, 0xee, 0xff, 0x20, 0xee, 0xff, 0x21, 0xee, 0xff, 0x21, 0xe6, 0xff, 
  0x21, 0xe6, 0xff, 0x21, 0xee, 0xff, 0x22, 0xee, 0xff, 0x01, 0xee, 0xff, 
  0x00, 0xee, 0xff, 0x20, 0xee, 0xff, 0x00, 0xee, 0xff, 0x00, 0xee, 0xff, 
  0x20, 0xee, 0xff, 0x20, 0xee, 0xff, 0x20, 0xee, 0xff, 0x20, 0xee, 0xff, 
  0x20, 0xee, 0xff, 0x20, 0xf6, 0xff, 0x00, 0xf6, 0xff, 0x00, 0xee, 0xff, 
  0x01, 0xee, 0xff, 0x22, 0xee, 0xff, 0x22, 0xee, 0xff, 0x02, 0xe6, 0xff, 
  0x03, 0xe6, 0xff, 0x03, 0xe6, 0xff, 0xe3, 0xe5, 0xff, 0xe2, 0xe5, 0xff, 
  0x02, 0xe6, 0xff, 0x22, 0xe6, 0xff, 0x42, 0xe6, 0xff, 0x41, 0xee, 0xff, 
  0x00, 0xee, 0xff, 0x00, 0xee, 0xff, 0x20, 0xee, 0xff, 0x40, 0xee, 0xff, 
  0x20, 0xee, 0xff, 0x20, 0xee, 0xff, 0x20, 0xee, 0xff, 0x20, 0xee, 0xff, 
  0x20, 0xee, 0xff, 0x20, 0xee, 0xff, 0x20, 0xee, 0xff, 0x20, 0xee, 0xff, 
  0x20, 0xee, 0xff, 0x20, 0xee, 0xff, 0x20, 0xee, 0xff, 0x20, 0xee, 0xff, 
  0x20, 0xee, 0xff, 0x20, 0xee, 0xff, 0x20, 0xee, 0xff, 0x20, 0xee, 0xff, 
  0x20, 0xee, 0xff, 0x00, 0xee, 0xff, 0x00, 0xee, 0xff, 0x00, 0xee, 0xff, 
  0x20, 0xee, 0xff, 0x20, 0xf6, 0xff, 0x00, 0xf6, 0xff, 0x00, 0xf6, 0xff, 
  0x20, 0xf6, 0xff, 0x00, 0xee, 0xff, 0x00, 0xee, 0xff, 0x00, 0xee, 0xff, 
  0x00, 0xee, 0xff, 0x00, 0xee, 0xff, 0x00, 0xee, 0xff, 0x00, 0xee, 0xff, 
  0x00, 0xee, 0xff, 0x00, 0xee, 0xff, 0x00, 0xee, 0xff, 0x00, 0xee, 0xff, 
  0x00, 0xee, 0xff, 0x00, 0xee, 0xff, 0x00, 0xee, 0xff, 0x00, 0xee, 0xff, 
  0x00, 0xee, 0xff, 0x00, 0xee, 0xff, 0x00, 0xee, 0xff, 0x00, 0xee, 0xff, 
  0x20, 0xee, 0xff, 0x00, 0xee, 0xff, 0x00, 0xee, 0xff, 0x20, 0xee, 0xff, 
  0x00, 0xee, 0xff, 0x20, 0xee, 0xff, 0x20, 0xf6, 0xff, 0x00, 0xee, 0xff, 
  0x40, 0xf6, 0xff, 0x20, 0xee, 0xff, 0x00, 0xee, 0xff, 0x00, 0xee, 0xff, 
  0x00, 0xf6, 0xff, 0x00, 0xee, 0xff, 0x00, 0xee, 0xff, 0x20, 0xee, 0xff, 
  0x20, 0xee, 0xff, 0x00, 0xee, 0xff, 0x20, 0xee, 0xff, 0x40, 0xf6, 0xff, 
  0x20, 0xee, 0xff, 0x20, 0xee, 0xff, 0x40, 0xf6, 0xff, 0x00, 0xee, 0xff, 
  0x20, 0xee, 0xff, 0x20, 0xee, 0xff, 0x20, 0xee, 0xff, 0x20, 0xee, 0xff, 
  0x20, 0xee, 0xff, 0x20, 0xee, 0xff, 0x20, 0xee, 0xff, 0x20, 0xee, 0xff, 
  0x20, 0xee, 0xff, 0x20, 0xee, 0xff, 0x20, 0xee, 0xff, 0x20, 0xee, 0xff, 
  0x20, 0xee, 0xff, 0x20, 0xee, 0xff, 0x20, 0xee, 0xff, 0x20, 0xee, 0xff, 
  0x20, 0xee, 0xff, 0x20, 0xee, 0xff, 0x20, 0xee, 0xff, 0x20, 0xee, 0xff, 
  0x20, 0xee, 0xff, 0x20, 0xee, 0xff, 0x00, 0xee, 0xff, 0x20, 0xee, 0xff, 
  0x20, 0xee, 0xff, 0x20, 0xee, 0xff, 0x20, 0xee, 0xff, 0x20, 0xee, 0xff, 
  0x20, 0xee, 0xff, 0x20, 0xee, 0xff, 0x20, 0xee, 0xff, 0x20, 0xee, 0xff, 
  0x20, 0xee, 0xff, 0x20, 0xee, 0xff, 0x20, 0xee, 0xff, 0x00, 0xee, 0xff, 
  0x00, 0xee, 0xff, 0x00, 0xee, 0xff, 0x20, 0xee, 0xff, 0x20, 0xee, 0xff, 
  0x20, 0xee, 0xff, 0x20, 0xee, 0xff, 0x20, 0xf6, 0xff, 0x00, 0xf6, 0xff, 
  0x20, 0xee, 0xff, 0x20, 0xee, 0xff, 0x00, 0xee, 0xff, 0x00, 0xee, 0xff, 
  0x20, 0xf6, 0xff, 0x20, 0xee, 0xff, 0x20, 0xee, 0xff, 0x20, 0xee, 0xff, 
  0x00, 0xee, 0xff, 0x00, 0xee, 0xff, 0x00, 0xee, 0xff, 0x20, 0xee, 0xff, 
  0x20, 0xee, 0xff, 0x20, 0xee, 0xff, 0x20, 0xee, 0xff, 0x20, 0xee, 0xff, 
  0x20, 0xee, 0xff, 0x20, 0xee, 0xff, 0x20, 0xee, 0xff, 0x20, 0xee, 0xff, 
  0x00, 0xee, 0xff, 0x20, 0xee, 0xff, 0x20, 0xee, 0xff, 0x20, 0xee, 0xff, 
  0x20, 0xee, 0xff, 0x00, 0xee, 0xff, 0x00, 0xee, 0xff, 0x20, 0xee, 0xff, 
  0x00, 0xee, 0xff, 0x20, 0xee, 0xff, 0x20, 0xee, 0xff, 0x20, 0xee, 0xff, 
  0x20, 0xee, 0xff, 0x20, 0xee, 0xff, 0x20, 0xee, 0xff, 0x20, 0xee, 0xff, 
  0x20, 0xee, 0xff, 0x20, 0xee, 0xff, 0x20, 0xee, 0xff, 0x20, 0xee, 0xff, 
  0x20, 0xee, 0xff, 0x20, 0xee, 0xff, 0x20, 0xee, 0xff, 0x20, 0xee, 0xff, 
  0x20, 0xee, 0xff, 0x20, 0xee, 0xff, 0x20, 0xee, 0xff, 0x20, 0xee, 0xff, 
  0x20, 0xee, 0xff, 0x20, 0xee, 0xff, 0x20, 0xee, 0xff, 0x20, 0xee, 0xff, 
  0x20, 0xee, 0xff, 0x20, 0xf6, 0xff, 0x00, 0xee, 0xff, 0x00, 0xee, 0xff, 
  0x20, 0xee, 0xff, 0x20, 0xee, 0xff, 0x20, 0xee, 0xff, 0x20, 0xee, 0xff, 
  0x00, 0xee, 0xff, 0x00, 0xee, 0xff, 0x20, 0xee, 0xff, 0x20, 0xee, 0xff, 
  0x20, 0xee, 0xff, 0x20, 0xee, 0xff, 0x20, 0xee, 0xff, 0x20, 0xee, 0xff, 
  0x00, 0xee, 0xff, 0x20, 0xee, 0xff, 0x20, 0xee, 0xff, 0x00, 0xe6, 0xff, 
  0x20, 0xee, 0xff, 0x20, 0xee, 0xff, 0x20, 0xee, 0xff, 0x00, 0xee, 0xff, 
  0x20, 0xee, 0xff, 0x20, 0xee, 0xff, 0x00, 0xee, 0xff, 0x00, 0xee, 0xff, 
  0x20, 0xee, 0xff, 0x20, 0xee, 0xff, 0x20, 0xee, 0xff, 0x20, 0xee, 0xff, 
  0x20, 0xee, 0xff, 0x20, 0xee, 0xff, 0x20, 0xee, 0xff, 0x00, 0xee, 0xff, 
  0x20, 0xee, 0xff, 0x20, 0xee, 0xff, 0x20, 0xee, 0xff, 0x20, 0xee, 0xff, 
  0x20, 0xee, 0xff, 0x20, 0xee, 0xff, 0x00, 0xee, 0xff, 0x20, 0xee, 0xff, 
  0x20, 0xee, 0xff, 0x20, 0xee, 0xff, 0x20, 0xee, 0xff, 0x40, 0xee, 0xff, 
  0x20, 0xee, 0xff, 0x20, 0xee, 0xff, 0x20, 0xee, 0xff, 0x20, 0xee, 0xff, 
  0x00, 0xee, 0xff, 0x00, 0xee, 0xff, 0x20, 0xee, 0xff, 0x20, 0xee, 0xff, 
  0x20, 0xee, 0xff, 0x20, 0xee, 0xff, 0x20, 0xee, 0xff, 0x20, 0xee, 0xff, 
  0x20, 0xee, 0xff, 0x20, 0xee, 0xff, 0x20, 0xee, 0xff, 0x20, 0xee, 0xff, 
  0x20, 0xee, 0xff, 0x20, 0xee, 0xff, 0x00, 0xee, 0xff, 0x00, 0xee, 0xff, 
  0x20, 0xee, 0xff, 0x20, 0xf6, 0xff, 0x20, 0xf6, 0xff, 0x20, 0xf6, 0xff, 
  0x00, 0xee, 0xff, 0x20, 0xee, 0xff, 0x20, 0xee, 0xff, 0x20, 0xee, 0xff, 
  0x20, 0xee, 0xff, 0x20, 0xf6, 0xff, 0x20, 0xf6, 0xff, 0x00, 0xee, 0xff, 
  0x20, 0xee, 0xff, 0x20, 0xee, 0xff, 0x20, 0xee, 0xff, 0x20, 0xee, 0xff, 
  0x20, 0xee, 0xff, 0x20, 0xee, 0xff, 0x20, 0xee, 0xff, 0x20, 0xee, 0xff, 
  0x00, 0xee, 0xff, 0x20, 0xee, 0xff, 0x20, 0xee, 0xff, 0x20, 0xee, 0xff, 
  0x20, 0xee, 0xff, 0x00, 0xee, 0xff, 0x20, 0xee, 0xff, 0x00, 0xee, 0xff, 
  0x20, 0xee, 0xff, 0x00, 0xee, 0xff, 0x40, 0xee, 0xff, 0x20, 0xee, 0xff, 
  0x20, 0xee, 0xff, 0x00, 0xee, 0xff, 0x20, 0xee, 0xff, 0x20, 0xee, 0xff, 
  0x20, 0xee, 0xff, 0x20, 0xee, 0xff, 0x20, 0xee, 0xff, 0x20, 0xee, 0xff, 
  0x20, 0xee, 0xff, 0x20, 0xee, 0xff, 0x20, 0xee, 0xff, 0x20, 0xee, 0xff, 
  0x20, 0xee, 0xff, 0x20, 0xee, 0xff, 0x20, 0xee, 0xff, 0x20, 0xee, 0xff, 
  0x20, 0xee, 0xff, 0x20, 0xee, 0xff, 0x20, 0xee, 0xff, 0x20, 0xee, 0xff, 
  0x00, 0xee, 0xff, 0x20, 0xee, 0xff, 0x20, 0xee, 0xff, 0x00, 0xee, 0xff, 
  0x20, 0xee, 0xff, 0x20, 0xee, 0xff, 0x20, 0xe6, 0xff, 0x40, 0xee, 0xff, 
  0x20, 0xee, 0xff, 0x20, 0xf6, 0xff, 0x20, 0xee, 0xff, 0x20, 0xee, 0xff, 
  0x20, 0xee, 0xff, 0x20, 0xee, 0xff, 0x20, 0xee, 0xff, 0x20, 0xee, 0xff, 
  0x20, 0xee, 0xff, 0x20, 0xee, 0xff, 0x20, 0xee, 0xff, 0x20, 0xee, 0xff, 
  0x20, 0xee, 0xff, 0x20, 0xee, 0xff, 0x20, 0xee, 0xff, 0x20, 0xee, 0xff, 
  0x20, 0xee, 0xff, 0x20, 0xee, 0xff, 0x00, 0xee, 0xff, 0x00, 0xee, 0xff, 
  0x00, 0xee, 0xff, 0x20, 0xee, 0xff, 0x20, 0xee, 0xff, 0x20, 0xee, 0xff, 
  0x20, 0xee, 0xff, 0x20, 0xee, 0xff, 0x00, 0xee, 0xff, 0x00, 0xee, 0xff, 
  0x20, 0xee, 0xff, 0x20, 0xee, 0xff, 0x20, 0xee, 0xff, 0x20, 0xee, 0xff, 
  0x20, 0xee, 0xff, 0x20, 0xee, 0xff, 0x20, 0xee, 0xff, 0x20, 0xee, 0xff, 
  0x00, 0xee, 0xff, 0x20, 0xee, 0xff, 0x20, 0xee, 0xff, 0x20, 0xee, 0xff, 
  0x20, 0xee, 0xff, 0x20, 0xee, 0xff, 0x20, 0xee, 0xff, 0x00, 0xee, 0xff, 
  0x00, 0xee, 0xff, 0x20, 0xee, 0xff, 0x20, 0xee, 0xff, 0x20, 0xee, 0xff, 
  0x20, 0xee, 0xff, 0x20, 0xee, 0xff, 0x20, 0xe6, 0xff, 0x21, 0xee, 0xff, 
  0x20, 0xee, 0xff, 0x20, 0xee, 0xff, 0x20, 0xee, 0xff, 0x20, 0xee, 0xff, 
  0x20, 0xee, 0xff, 0x20, 0xee, 0xff, 0x00, 0xee, 0xff, 0x00, 0xee, 0xff, 
  0x20, 0xee, 0xff, 0x20, 0xf6, 0xff, 0x00, 0xf6, 0xff, 0x00, 0xee, 0xff, 
  0x00, 0xee, 0xff, 0x20, 0xee, 0xff, 0x20, 0xee, 0xff, 0x20, 0xee, 0xff, 
  0x20, 0xee, 0xff, 0x00, 0xee, 0xff, 0x00, 0xee, 0xff, 0x20, 0xee, 0xff, 
  0x20, 0xee, 0xff, 0x20, 0xee, 0xff, 0x20, 0xee, 0xff, 0x20, 0xee, 0xff, 
  0x20, 0xee, 0xff, 0x20, 0xee, 0xff, 0x20, 0xee, 0xff, 0x20, 0xee, 0xff, 
  0x20, 0xee, 0xff, 0x20, 0xee, 0xff, 0x20, 0xee, 0xff, 0x20, 0xee, 0xff, 
  0x20, 0xee, 0xff, 0x20, 0xee, 0xff, 0x20, 0xee, 0xff, 0x20, 0xee, 0xff, 
  0x20, 0xee, 0xff, 0x20, 0xee, 0xff, 0x20, 0xee, 0xff, 0x20, 0xee, 0xff, 
  0x20, 0xee, 0xff, 0x20, 0xee, 0xff, 0x20, 0xee, 0xff, 0x20, 0xee, 0xff, 
  0x20, 0xee, 0xff, 0x20, 0xee, 0xff, 0x20, 0xee, 0xff, 0x20, 0xee, 0xff, 
  0x20, 0xee, 0xff, 0x20, 0xee, 0xff, 0x20, 0xee, 0xff, 0x20, 0xee, 0xff, 
  0x20, 0xee, 0xff, 0x20, 0xee, 0xff, 0x20, 0xee, 0xff, 0x20, 0xee, 0xff, 
  0x20, 0xee, 0xff, 0x20, 0xee, 0xff, 0x20, 0xee, 0xff, 0x20, 0xee, 0xff, 
  0x20, 0xee, 0xff, 0x20, 0xee, 0xff, 0x20, 0xee, 0xff, 0x20, 0xee, 0xff, 
  0x20, 0xee, 0xff, 0x20, 0xee, 0xff, 0x20, 0xee, 0xff, 0x20, 0xee, 0xff, 
  0x20, 0xee, 0xff, 0x20, 0xee, 0xff, 0x20, 0xee, 0xff, 0x20, 0xee, 0xff, 
  0x20, 0xee, 0xff, 0x20, 0xee, 0xff, 0x20, 0xee, 0xff, 0x20, 0xee, 0xff, 
  0x20, 0xee, 0xff, 0x20, 0xee, 0xff, 0x20, 0xee, 0xff, 0x20, 0xee, 0xff, 
  0x20, 0xee, 0xff, 0x20, 0xee, 0xff, 0x20, 0xee, 0xff, 0x20, 0xee, 0xff, 
  0x20, 0xee, 0xff, 0x20, 0xee, 0xff, 0x20, 0xee, 0xff, 0x20, 0xee, 0xff, 
  0x20, 0xee, 0xff, 0x20, 0xee, 0xff, 0x20, 0xee, 0xff, 0x20, 0xee, 0xff, 
  0x20, 0xee, 0xff, 0x20, 0xee, 0xff, 0x20, 0xee, 0xff, 0x20, 0xee, 0xff, 
  0x20, 0xee, 0xff, 0x20, 0xee, 0xff, 0x20, 0xee, 0xff, 0x20, 0xee, 0xff, 
  0x20, 0xee, 0xff, 0x20, 0xee, 0xff, 0x20, 0xee, 0xff, 0x20, 0xee, 0xff, 
  0x20, 0xee, 0xff, 0x20, 0xee, 0xff, 0x20, 0xee, 0xff, 0x20, 0xee, 0xff, 
  0x20, 0xee, 0xff, 0x20, 0xee, 0xff, 0x20, 0xee, 0xff, 0x20, 0xee, 0xff, 
  0x20, 0xee, 0xff, 0x20, 0xee, 0xff, 0x20, 0xee, 0xff, 0x20, 0xee, 0xff, 
  0x20, 0xee, 0xff, 0x20, 0xee, 0xff, 0x20, 0xee, 0xff, 0x20, 0xee, 0xff, 
  0x20, 0xee, 0xff, 0x20, 0xee, 0xff, 0x20, 0xee, 0xff, 0x20, 0xee, 0xff, 
  0x20, 0xee, 0xff, 0x20, 0xee, 0xff, 0x20, 0xee, 0xff, 0x20, 0xee, 0xff, 
  0x20, 0xee, 0xff, 0x20, 0xee, 0xff, 0x20, 0xee, 0xff, 0x00, 0xee, 0xff, 
  0x20, 0xee, 0xff, 0x20, 0xee, 0xff, 0x20, 0xee, 0xff, 0x20, 0xee, 0xff, 
  0x20, 0xee, 0xff, 0x20, 0xee, 0xff, 0x20, 0xee, 0xff, 0x20, 0xee, 0xff, 
  0x20, 0xee, 0xff, 0x20, 0xee, 0xff, 0x20, 0xee, 0xff, 0x20, 0xee, 0xff, 
  0x20, 0xee, 0xff, 0x20, 0xee, 0xff, 0x20, 0xee, 0xff, 0x20, 0xee, 0xff, 
  0x20, 0xee, 0xff, 0x20, 0xee, 0xff, 0x20, 0xee, 0xff, 0x20, 0xee, 0xff, 
  0x20, 0xee, 0xff, 0x20, 0xee, 0xff, 0x20, 0xee, 0xff, 0x20, 0xee, 0xff, 
  0x20, 0xee, 0xff, 0x20, 0xee, 0xff, 0x20, 0xee, 0xff, 0x20, 0xee, 0xff, 
  0x20, 0xee, 0xff, 0x20, 0xee, 0xff, 0x20, 0xee, 0xff, 0x20, 0xee, 0xff, 
  0x20, 0xee, 0xff, 0x20, 0xee, 0xff, 0x20, 0xee, 0xff, 0x20, 0xee, 0xff, 
  0x20, 0xee, 0xff, 0x20, 0xee, 0xff, 0x20, 0xee, 0xff, 0x20, 0xee, 0xff, 
  0x20, 0xee, 0xff, 0x20, 0xee, 0xff, 0x20, 0xee, 0xff, 0x20, 0xee, 0xff, 
  0x20, 0xee, 0xff, 0x20, 0xee, 0xff, 0x20, 0xee, 0xff, 0x20, 0xee, 0xff, 
  0x20, 0xee, 0xff, 0x20, 0xee, 0xff, 0x20, 0xee, 0xff, 0x20, 0xee, 0xff, 
  0x20, 0xee, 0xff, 0x20, 0xee, 0xff, 0x20, 0xee, 0xff, 0x20, 0xee, 0xff, 
  0x20, 0xee, 0xff, 0x20, 0xee, 0xff, 0x20, 0xee, 0xff, 0x20, 0xee, 0xff, 
  0x20, 0xee, 0xff, 0x20, 0xee, 0xff, 0x20, 0xee, 0xff, 0x20, 0xee, 0xff, 
  0x20, 0xee, 0xff, 0x20, 0xee, 0xff, 0x20, 0xee, 0xff, 0x20, 0xee, 0xff, 
  0x20, 0xee, 0xff, 0x20, 0xee, 0xff, 0x20, 0xee, 0xff, 0x20, 0xee, 0xff, 
  0x20, 0xee, 0xff, 0x20, 0xee, 0xff, 0x20, 0xee, 0xff, 0x20, 0xee, 0xff, 
  0x20, 0xee, 0xff, 0x20, 0xee, 0xff, 0x20, 0xee, 0xff, 0x20, 0xee, 0xff, 
  0x20, 0xee, 0xff, 0x20, 0xee, 0xff, 0x20, 0xee, 0xff, 0x20, 0xee, 0xff, 
  0x20, 0xee, 0xff, 0x20, 0xee, 0xff, 0x20, 0xee, 0xff, 0x20, 0xee, 0xff, 
  0x20, 0xee, 0xff, 0x20, 0xee, 0xff, 0x20, 0xee, 0xff, 0x20, 0xee, 0xff, 
  0x20, 0xee, 0xff, 0x20, 0xee, 0xff, 0x20, 0xee, 0xff, 0x20, 0xee, 0xff, 
  0x20, 0xee, 0xff, 0x20, 0xee, 0xff, 0x20, 0xee, 0xff, 0x20, 0xee, 0xff, 
  0x20, 0xee, 0xff, 0x20, 0xee, 0xff, 0x20, 0xee, 0xff, 0x20, 0xee, 0xff, 
  0x20, 0xee, 0xff, 0x20, 0xee, 0xff, 0x20, 0xee, 0xff, 0x20, 0xee, 0xff, 
  0x20, 0xee, 0xff, 0x20, 0xee, 0xff, 0x20, 0xee, 0xff, 0x20, 0xee, 0xff, 
  0x20, 0xee, 0xff, 0x20, 0xee, 0xff, 0x20, 0xee, 0xff, 0x20, 0xee, 0xff, 
  0x20, 0xee, 0xff, 0x20, 0xee, 0xff, 0x20, 0xee, 0xff, 0x20, 0xee, 0xff, 
  0x20, 0xee, 0xff, 0x20, 0xee, 0xff, 0x20, 0xee, 0xff, 0x20, 0xee, 0xff, 
  0x20, 0xee, 0xff, 0x20, 0xee, 0xff, 0x20, 0xee, 0xff, 0x20, 0xee, 0xff, 
  0x20, 0xee, 0xff, 0x20, 0xee, 0xff, 0x20, 0xee, 0xff, 0x20, 0xee, 0xff, 
  0x20, 0xee, 0xff, 0x20, 0xee, 0xff, 0x20, 0xee, 0xff, 0x20, 0xee, 0xff, 
  0x20, 0xee, 0xff, 0x20, 0xee, 0xff, 0x20, 0xee, 0xff, 0x20, 0xee, 0xff, 
  0x20, 0xee, 0xff, 0x20, 0xee, 0xff, 0x20, 0xee, 0xff, 0x20, 0xee, 0xff, 
  0x20, 0xee, 0xff, 0x20, 0xee, 0xff, 0x20, 0xee, 0xff, 0x20, 0xee, 0xff, 
  0x20, 0xee, 0xff, 0x20, 0xee, 0xff, 0x20, 0xee, 0xff, 0x20, 0xee, 0xff, 
  0x20, 0xee, 0xff, 0x20, 0xee, 0xff, 0x20, 0xee, 0xff, 0x20, 0xee, 0xff, 
  0x20, 0xee, 0xff, 0x20, 0xee, 0xff, 0x20, 0xee, 0xff, 0x20, 0xee, 0xff, 
  0x20, 0xee, 0xff, 0x20, 0xee, 0xff, 0x20, 0xee, 0xff, 0x20, 0xee, 0xff, 
  0x20, 0xee, 0xff, 0x20, 0xee, 0xff, 0x20, 0xee, 0xff, 0x20, 0xee, 0xff, 
  0x20, 0xee, 0xff, 0x20, 0xee, 0xff, 0x20, 0xee, 0xff, 0x20, 0xee, 0xff, 
  0x20, 0xee, 0xff, 0x20, 0xee, 0xff, 0x20, 0xee, 0xff, 0x20, 0xee, 0xff, 
  0x20, 0xee, 0xff, 0x20, 0xee, 0xff, 0x20, 0xee, 0xff, 0x20, 0xee, 0xff, 
  0x20, 0xee, 0xff, 0x20, 0xee, 0xff, 0x20, 0xee, 0xff, 0x20, 0xee, 0xff, 
  0x20, 0xee, 0xff, 0x20, 0xee, 0xff, 0x20, 0xee, 0xff, 0x20, 0xee, 0xff, 
  0x20, 0xee, 0xff, 0x20, 0xee, 0xff, 0x20, 0xee, 0xff, 0x20, 0xee, 0xff, 
  0x20, 0xee, 0xff, 0x20, 0xee, 0xff, 0x20, 0xee, 0xff, 0x20, 0xee, 0xff, 
  0x20, 0xee, 0xff, 0x20, 0xee, 0xff, 0x20, 0xee, 0xff, 0x20, 0xee, 0xff, 
  0x20, 0xee, 0xff, 0x20, 0xee, 0xff, 0x20, 0xee, 0xff, 0x20, 0xee, 0xff, 
  0x20, 0xee, 0xff, 0x20, 0xee, 0xff, 0x20, 0xee, 0xff, 0x20, 0xee, 0xff, 
  0x20, 0xee, 0xff, 0x20, 0xee, 0xff, 0x20, 0xee, 0xff, 0x20, 0xee, 0xff, 
  0x20, 0xee, 0xff, 0x20, 0xee, 0xff, 0x20, 0xee, 0xff, 0x20, 0xee, 0xff, 
  0x20, 0xee, 0xff, 0x20, 0xee, 0xff, 0x20, 0xee, 0xff, 0x20, 0xee, 0xff, 
  0x20, 0xee, 0xff, 0x20, 0xee, 0xff, 0x20, 0xee, 0xff, 0x20, 0xee, 0xff, 
  0x20, 0xee, 0xff, 0x20, 0xee, 0xff, 0x20, 0xee, 0xff, 0x20, 0xee, 0xff, 
  0x20, 0xee, 0xff, 0x20, 0xee, 0xff, 0x20, 0xee, 0xff, 0x20, 0xee, 0xff, 
  0x20, 0xee, 0xff, 0x20, 0xee, 0xff, 0x20, 0xee, 0xff, 0x20, 0xee, 0xff, 
  0x20, 0xee, 0xff, 0x20, 0xee, 0xff, 0x20, 0xee, 0xff, 0x20, 0xee, 0xff, 
  0x20, 0xee, 0xff, 0x20, 0xee, 0xff, 0x20, 0xee, 0xff, 0x20, 0xee, 0xff, 
  0x20, 0xee, 0xff, 0x20, 0xee, 0xff, 0x20, 0xee, 0xff, 0x20, 0xee, 0xff, 
  0x20, 0xee, 0xff, 0x20, 0xee, 0xff, 0x20, 0xee, 0xff, 0x20, 0xee, 0xff, 
  0x20, 0xee, 0xff, 0x20, 0xee, 0xff, 0x20, 0xee, 0xff, 0x20, 0xee, 0xff, 
  0x20, 0xee, 0xff, 0x20, 0xee, 0xff, 0x20, 0xee, 0xff, 0x20, 0xee, 0xff, 
  0x20, 0xee, 0xff, 0x20, 0xee, 0xff, 0x20, 0xee, 0xff, 0x20, 0xee, 0xff, 
  0x20, 0xee, 0xff, 0x20, 0xee, 0xff, 0x20, 0xee, 0xff, 0x20, 0xee, 0xff, 
  0x20, 0xee, 0xff, 0x20, 0xee, 0xff, 0x20, 0xee, 0xff, 0x20, 0xee, 0xff, 
  0x20, 0xee, 0xff, 0x20, 0xee, 0xff, 0x20, 0xee, 0xff, 0x20, 0xee, 0xff, 
  0x20, 0xee, 0xff, 0x20, 0xee, 0xff, 0x20, 0xee, 0xff, 0x20, 0xee, 0xff, 
  0x20, 0xee, 0xff, 0x20, 0xee, 0xff, 0x20, 0xee, 0xff, 0x20, 0xee, 0xff, 
  0x20, 0xee, 0xff, 0x20, 0xee, 0xff, 0x20, 0xee, 0xff, 0x20, 0xee, 0xff, 
  0x20, 0xee, 0xff, 0x20, 0xee, 0xff, 0x20, 0xee, 0xff, 0x20, 0xee, 0xff, 
  0x20, 0xee, 0xff, 0x20, 0xee, 0xff, 0x20, 0xee, 0xff, 0x20, 0xee, 0xff, 
  0x20, 0xee, 0xff, 0x20, 0xee, 0xff, 0x20, 0xee, 0xff, 0x20, 0xee, 0xff, 
  0x20, 0xee, 0xff, 0x20, 0xee, 0xff, 0x20, 0xee, 0xff, 0x20, 0xee, 0xff, 
  0x20, 0xee, 0xff, 0x20, 0xee, 0xff, 0x20, 0xee, 0xff, 0x20, 0xee, 0xff, 
  0x20, 0xee, 0xff, 0x20, 0xee, 0xff, 0x20, 0xee, 0xff, 0x20, 0xee, 0xff, 
  0x20, 0xee, 0xff, 0x20, 0xee, 0xff, 0x20, 0xee, 0xff, 0x20, 0xee, 0xff, 
  0x20, 0xee, 0xff, 0x20, 0xee, 0xff, 0x20, 0xee, 0xff, 0x20, 0xee, 0xff, 
  0x20, 0xee, 0xff, 0x20, 0xee, 0xff, 0x20, 0xee, 0xff, 0x20, 0xee, 0xff, 
  0x20, 0xee, 0xff, 0x20, 0xee, 0xff, 0x20, 0xee, 0xff, 0x20, 0xee, 0xff, 
  0x20, 0xee, 0xff, 0x20, 0xee, 0xff, 0x20, 0xee, 0xff, 0x20, 0xee, 0xff, 
  0x20, 0xee, 0xff, 0x20, 0xee, 0xff, 0x20, 0xee, 0xff, 0x20, 0xee, 0xff, 
  0x20, 0xee, 0xff, 0x20, 0xee, 0xff, 0x20, 0xee, 0xff, 0x20, 0xee, 0xff, 
  0x20, 0xee, 0xff, 0x20, 0xee, 0xff, 0x20, 0xee, 0xff, 0x20, 0xee, 0xff, 
  0x20, 0xee, 0xff, 0x20, 0xee, 0xff, 0x20, 0xee, 0xff, 0x20, 0xee, 0xff, 
  0x20, 0xee, 0xff, 0x20, 0xee, 0xff, 0x20, 0xee, 0xff, 0x20, 0xee, 0xff, 
  0x20, 0xee, 0xff, 0x20, 0xee, 0xff, 0x20, 0xee, 0xff, 0x20, 0xee, 0xff, 
  0x20, 0xee, 0xff, 0x20, 0xee, 0xff, 0x20, 0xee, 0xff, 0x20, 0xee, 0xff, 
  0x20, 0xee, 0xff, 0x20, 0xee, 0xff, 0x20, 0xee, 0xff, 0x20, 0xee, 0xff, 
  0x20, 0xee, 0xff, 0x20, 0xee, 0xff, 0x20, 0xee, 0xff, 0x20, 0xee, 0xff, 
  0x20, 0xee, 0xff, 0x20, 0xee, 0xff, 0x20, 0xee, 0xff, 0x20, 0xee, 0xff, 
  0x20, 0xee, 0xff, 0x20, 0xee, 0xff, 0x20, 0xee, 0xff, 0x20, 0xee, 0xff, 
  0x20, 0xee, 0xff, 0x20, 0xee, 0xff, 0x20, 0xee, 0xff, 0x20, 0xee, 0xff, 
  0x20, 0xee, 0xff, 0x20, 0xee, 0xff, 0x20, 0xee, 0xff, 0x20, 0xee, 0xff, 
  0x20, 0xee, 0xff, 0x20, 0xee, 0xff, 0x20, 0xee, 0xff, 0x20, 0xee, 0xff, 
  0x20, 0xee, 0xff, 0x20, 0xee, 0xff, 0x20, 0xee, 0xff, 0x20, 0xee, 0xff, 
  0x20, 0xee, 0xff, 0x20, 0xee, 0xff, 0x20, 0xee, 0xff, 0x20, 0xee, 0xff, 
  0x20, 0xee, 0xff, 0x20, 0xee, 0xff, 0x20, 0xee, 0xff, 0x20, 0xee, 0xff, 
  0x20, 0xee, 0xff, 0x20, 0xee, 0xff, 0x20, 0xee, 0xff, 0x20, 0xee, 0xff, 
  0x20, 0xee, 0xff, 0x20, 0xee, 0xff, 0x20, 0xee, 0xff, 0x20, 0xee, 0xff, 
  0x20, 0xee, 0xff, 0x20, 0xee, 0xff, 0x20, 0xee, 0xff, 0x20, 0xee, 0xff, 
  0x20, 0xee, 0xff, 0x20, 0xee, 0xff, 0x20, 0xee, 0xff, 0x20, 0xee, 0xff, 
  0x20, 0xee, 0xff, 0x20, 0xee, 0xff, 0x20, 0xee, 0xff, 0x20, 0xee, 0xff, 
  0x20, 0xee, 0xff, 0x20, 0xee, 0xff, 0x20, 0xee, 0xff, 0x20, 0xee, 0xff, 
  0x20, 0xee, 0xff, 0x20, 0xee, 0xff, 0x20, 0xee, 0xff, 0x20, 0xee, 0xff, 
  0x20, 0xee, 0xff, 0x20, 0xee, 0xff, 0x20, 0xee, 0xff, 0x20, 0xee, 0xff, 
  0x20, 0xee, 0xff, 0x20, 0xee, 0xff, 0x20, 0xee, 0xff, 0x20, 0xee, 0xff, 
  0x20, 0xee, 0xff, 0x20, 0xee, 0xff, 0x20, 0xee, 0xff, 0x20, 0xee, 0xff, 
  0x20, 0xee, 0xff, 0x20, 0xee, 0xff, 0x20, 0xee, 0xff, 0x20, 0xee, 0xff, 
  0x20, 0xee, 0xff, 0x20, 0xee, 0xff, 0x20, 0xee, 0xff, 0x20, 0xee, 0xff, 
  0x20, 0xee, 0xff, 0x20, 0xee, 0xff, 0x20, 0xee, 0xff, 0x20, 0xee, 0xff, 
  0x20, 0xee, 0xff, 0x20, 0xee, 0xff, 0x20, 0xee, 0xff, 0x20, 0xee, 0xff, 
  0x20, 0xee, 0xff, 0x20, 0xee, 0xff, 0x20, 0xee, 0xff, 0x20, 0xee, 0xff, 
  0x20, 0xee, 0xff, 0x20, 0xee, 0xff, 0x20, 0xee, 0xff, 0x20, 0xee, 0xff, 
  0x20, 0xee, 0xff, 0x20, 0xee, 0xff, 0x20, 0xee, 0xff, 0x20, 0xee, 0xff, 
  0x20, 0xee, 0xff, 0x20, 0xee, 0xff, 0x20, 0xee, 0xff, 0x20, 0xee, 0xff, 
  0x20, 0xee, 0xff, 0x20, 0xee, 0xff, 0x20, 0xee, 0xff, 0x20, 0xee, 0xff, 
  0x20, 0xee, 0xff, 0x20, 0xee, 0xff, 0x20, 0xee, 0xff, 0x20, 0xee, 0xff, 
  0x20, 0xee, 0xff, 0x20, 0xee, 0xff, 0x20, 0xee, 0xff, 0x20, 0xee, 0xff, 
  0x20, 0xee, 0xff, 0x20, 0xee, 0xff, 0x20, 0xee, 0xff, 0x20, 0xee, 0xff, 
  0x20, 0xee, 0xff, 0x20, 0xee, 0xff, 0x20, 0xee, 0xff, 0x20, 0xee, 0xff, 
  0x20, 0xee, 0xff, 0x20, 0xee, 0xff, 0x20, 0xee, 0xff, 0x20, 0xee, 0xff, 
  0x20, 0xee, 0xff, 0x20, 0xee, 0xff, 0x20, 0xee, 0xff, 0x20, 0xee, 0xff, 
  0x20, 0xee, 0xff, 0x20, 0xee, 0xff, 0x20, 0xee, 0xff, 0x20, 0xee, 0xff, 
  0x20, 0xee, 0xff, 0x20, 0xee, 0xff, 0x20, 0xee, 0xff, 0x20, 0xee, 0xff, 
  0x20, 0xee, 0xff, 0x20, 0xee, 0xff, 0x20, 0xee, 0xff, 0x20, 0xee, 0xff, 
  0x20, 0xee, 0xff, 0x20, 0xee, 0xff, 0x20, 0xee, 0xff, 0x20, 0xee, 0xff, 
  0x20, 0xee, 0xff, 0x20, 0xee, 0xff, 0x20, 0xee, 0xff, 0x20, 0xee, 0xff, 
  0x20, 0xee, 0xff, 0x20, 0xee, 0xff, 0x20, 0xee, 0xff, 0x20, 0xee, 0xff, 
  0x20, 0xee, 0xff, 0x20, 0xee, 0xff, 0x20, 0xee, 0xff, 0x20, 0xee, 0xff, 
  0x20, 0xee, 0xff, 0x20, 0xee, 0xff, 0x20, 0xee, 0xff, 0x20, 0xee, 0xff, 
  0x20, 0xee, 0xff, 0x20, 0xee, 0xff, 0x20, 0xee, 0xff, 0x20, 0xee, 0xff, 
  0x20, 0xee, 0xff, 0x20, 0xee, 0xff, 0x20, 0xee, 0xff, 0x20, 0xee, 0xff, 
  0x20, 0xee, 0xff, 0x20, 0xee, 0xff, 0x20, 0xee, 0xff, 0x20, 0xee, 0xff, 
  0x20, 0xee, 0xff, 0x20, 0xee, 0xff, 0x20, 0xee, 0xff, 0x20, 0xee, 0xff, 
  0x20, 0xee, 0xff, 0x20, 0xee, 0xff, 0x20, 0xee, 0xff, 0x20, 0xee, 0xff, 
  0x20, 0xee, 0xff, 0x20, 0xee, 0xff, 0x20, 0xee, 0xff, 0x20, 0xee, 0xff, 
  0x20, 0xee, 0xff, 0x20, 0xee, 0xff, 0x20, 0xee, 0xff, 0x20, 0xee, 0xff, 
  0x20, 0xee, 0xff, 0x20, 0xee, 0xff, 0x20, 0xee, 0xff, 0x20, 0xee, 0xff, 
  0x20, 0xee, 0xff, 0x20, 0xee, 0xff, 0x20, 0xee, 0xff, 0x20, 0xee, 0xff, 
  0x20, 0xee, 0xff, 0x20, 0xee, 0xff, 0x20, 0xee, 0xff, 0x20, 0xee, 0xff, 
  0x20, 0xee, 0xff, 0x20, 0xee, 0xff, 0x20, 0xee, 0xff, 0x20, 0xee, 0xff, 
  0x20, 0xee, 0xff, 0x20, 0xee, 0xff, 0x20, 0xee, 0xff, 0x20, 0xee, 0xff, 
  0x20, 0xee, 0xff, 0x20, 0xee, 0xff, 0x20, 0xee, 0xff, 0x20, 0xee, 0xff, 
  0x20, 0xee, 0xff, 0x20, 0xee, 0xff, 0x20, 0xee, 0xff, 0x20, 0xee, 0xff, 
  0x20, 0xee, 0xff, 0x20, 0xee, 0xff, 0x20, 0xee, 0xff, 0x20, 0xee, 0xff, 
  0x20, 0xee, 0xff, 0x20, 0xee, 0xff, 0x20, 0xee, 0xff, 0x20, 0xee, 0xff, 
  0x20, 0xee, 0xff, 0x20, 0xee, 0xff, 0x20, 0xee, 0xff, 0x20, 0xee, 0xff, 
  0x20, 0xee, 0xff, 0x20, 0xee, 0xff, 0x20, 0xee, 0xff, 0x20, 0xee, 0xff, 
  0x20, 0xee, 0xff, 0x20, 0xee, 0xff, 0x20, 0xee, 0xff, 0x20, 0xee, 0xff, 
  0x20, 0xee, 0xff, 0x20, 0xee, 0xff, 0x20, 0xee, 0xff, 0x20, 0xee, 0xff, 
  0x20, 0xee, 0xff, 0x20, 0xee, 0xff, 0x20, 0xee, 0xff, 0x20, 0xee, 0xff, 
  0x20, 0xee, 0xff, 0x20, 0xee, 0xff, 0x20, 0xee, 0xff, 0x20, 0xee, 0xff, 
  0x20, 0xee, 0xff, 0x20, 0xee, 0xff, 0x20, 0xee, 0xff, 0x20, 0xee, 0xff, 
  0x20, 0xee, 0xff, 0x20, 0xee, 0xff, 0x20, 0xee, 0xff, 0x20, 0xee, 0xff, 
  0x20, 0xee, 0xff, 0x20, 0xee, 0xff, 0x20, 0xee, 0xff, 0x20, 0xee, 0xff, 
  0x20, 0xee, 0xff, 0x20, 0xee, 0xff, 0x20, 0xee, 0xff, 0x20, 0xee, 0xff, 
  0x20, 0xee, 0xff, 0x20, 0xee, 0xff, 0x20, 0xee, 0xff, 0x20, 0xee, 0xff, 
  0x20, 0xee, 0xff, 0x20, 0xee, 0xff, 0x20, 0xee, 0xff, 0x20, 0xee, 0xff, 
  0x20, 0xee, 0xff, 0x20, 0xee, 0xff, 0x20, 0xee, 0xff, 0x20, 0xee, 0xff, 
  0x20, 0xee, 0xff, 0x20, 0xee, 0xff, 0x20, 0xee, 0xff, 0x20, 0xee, 0xff, 
  0x20, 0xee, 0xff, 0x20, 0xee, 0xff, 0x20, 0xee, 0xff, 0x20, 0xee, 0xff, 
  0x20, 0xee, 0xff, 0x20, 0xee, 0xff, 0x20, 0xee, 0xff, 0x20, 0xee, 0xff, 
  0x20, 0xee, 0xff, 0x20, 0xee, 0xff, 0x20, 0xee, 0xff, 0x20, 0xee, 0xff, 
  0x20, 0xee, 0xff, 0x20, 0xee, 0xff, 0x20, 0xee, 0xff, 0x20, 0xee, 0xff, 
  0x20, 0xee, 0xff, 0x20, 0xee, 0xff, 0x20, 0xee, 0xff, 0x20, 0xee, 0xff, 
  0x20, 0xee, 0xff, 0x20, 0xee, 0xff, 0x20, 0xee, 0xff, 0x20, 0xee, 0xff, 
  0x20, 0xee, 0xff, 0x20, 0xee, 0xff, 0x20, 0xee, 0xff, 0x20, 0xee, 0xff, 
  0x20, 0xee, 0xff, 0x20, 0xee, 0xff, 0x20, 0xee, 0xff, 0x20, 0xee, 0xff, 
  0x20, 0xee, 0xff, 0x20, 0xee, 0xff, 0x20, 0xee, 0xff, 0x20, 0xee, 0xff, 
  0x20, 0xee, 0xff, 0x20, 0xee, 0xff, 0x20, 0xee, 0xff, 0x20, 0xee, 0xff, 
  0x20, 0xee, 0xff, 0x20, 0xee, 0xff, 0x20, 0xee, 0xff, 0x20, 0xee, 0xff, 
  0x20, 0xee, 0xff, 0x20, 0xee, 0xff, 0x20, 0xee, 0xff, 0x20, 0xee, 0xff, 
  0x20, 0xee, 0xff, 0x20, 0xee, 0xff, 0x20, 0xee, 0xff, 0x20, 0xee, 0xff, 
  0x20, 0xee, 0xff, 0x20, 0xee, 0xff, 0x20, 0xee, 0xff, 0x20, 0xee, 0xff, 
  0x20, 0xee, 0xff, 0x20, 0xee, 0xff, 0x20, 0xee, 0xff, 0x20, 0xee, 0xff, 
  0x20, 0xee, 0xff, 0x20, 0xee, 0xff, 0x20, 0xee, 0xff, 0x20, 0xee, 0xff, 
  0x20, 0xee, 0xff, 0x20, 0xee, 0xff, 0x20, 0xee, 0xff, 0x20, 0xee, 0xff, 
  0x20, 0xee, 0xff, 0x20, 0xee, 0xff, 0x20, 0xee, 0xff, 0x20, 0xee, 0xff, 
  0x20, 0xee, 0xff, 0x20, 0xee, 0xff, 0x20, 0xee, 0xff, 0x20, 0xee, 0xff, 
  0x20, 0xee, 0xff, 0x20, 0xee, 0xff, 0x20, 0xee, 0xff, 0x20, 0xee, 0xff, 
  0x20, 0xee, 0xff, 0x20, 0xee, 0xff, 0x20, 0xee, 0xff, 0x20, 0xee, 0xff, 
  0x20, 0xee, 0xff, 0x20, 0xee, 0xff, 0x20, 0xee, 0xff, 0x20, 0xee, 0xff, 
  0x20, 0xee, 0xff, 0x20, 0xee, 0xff, 0x20, 0xee, 0xff, 0x20, 0xee, 0xff, 
  0x20, 0xee, 0xff, 0x20, 0xee, 0xff, 0x20, 0xee, 0xff, 0x20, 0xee, 0xff, 
  0x20, 0xee, 0xff, 0x20, 0xee, 0xff, 0x20, 0xee, 0xff, 0x20, 0xee, 0xff, 
  0x20, 0xee, 0xff, 0x20, 0xee, 0xff, 0x20, 0xee, 0xff, 0x20, 0xee, 0xff, 
  0x20, 0xee, 0xff, 0x20, 0xee, 0xff, 0x20, 0xee, 0xff, 0x20, 0xee, 0xff, 
  0x20, 0xee, 0xff, 0x20, 0xee, 0xff, 0x20, 0xee, 0xff, 0x20, 0xee, 0xff, 
  0x20, 0xee, 0xff, 0x20, 0xee, 0xff, 0x20, 0xee, 0xff, 0x20, 0xee, 0xff, 
  0x20, 0xee, 0xff, 0x20, 0xee, 0xff, 0x20, 0xee, 0xff, 0x20, 0xee, 0xff, 
  0x20, 0xee, 0xff, 0x20, 0xee, 0xff, 0x20, 0xee, 0xff, 0x20, 0xee, 0xff, 
  0x20, 0xee, 0xff, 0x20, 0xee, 0xff, 0x20, 0xee, 0xff, 0x20, 0xee, 0xff, 
  0x20, 0xee, 0xff, 0x20, 0xee, 0xff, 0x20, 0xee, 0xff, 0x20, 0xee, 0xff, 
  0x20, 0xee, 0xff, 0x20, 0xee, 0xff, 0x20, 0xee, 0xff, 0x20, 0xee, 0xff, 
  0x20, 0xee, 0xff, 0x20, 0xee, 0xff, 0x20, 0xee, 0xff, 0x20, 0xee, 0xff, 
  0x20, 0xee, 0xff, 0x20, 0xee, 0xff, 0x20, 0xee, 0xff, 0x20, 0xee, 0xff, 
  0x20, 0xee, 0xff, 0x20, 0xee, 0xff, 0x20, 0xee, 0xff, 0x20, 0xee, 0xff, 
  0x20, 0xee, 0xff, 0x20, 0xee, 0xff, 0x20, 0xee, 0xff, 0x20, 0xee, 0xff, 
  0x20, 0xee, 0xff, 0x20, 0xee, 0xff, 0x20, 0xee, 0xff, 0x20, 0xee, 0xff, 
  0x20, 0xee, 0xff, 0x20, 0xee, 0xff, 0x20, 0xee, 0xff, 0x20, 0xee, 0xff, 
  0x20, 0xee, 0xff, 0x20, 0xee, 0xff, 0x20, 0xee, 0xff, 0x20, 0xee, 0xff, 
  0x20, 0xee, 0xff, 0x20, 0xee, 0xff, 0x20, 0xee, 0xff, 0x20, 0xee, 0xff, 
  0x20, 0xee, 0xff, 0x20, 0xee, 0xff, 0x20, 0xee, 0xff, 0x20, 0xee, 0xff, 
  0x20, 0xee, 0xff, 0x20, 0xee, 0xff, 0x20, 0xee, 0xff, 0x20, 0xee, 0xff, 
  0x20, 0xee, 0xff, 0x20, 0xee, 0xff, 0x20, 0xee, 0xff, 0x20, 0xee, 0xff, 
  0x20, 0xee, 0xff, 0x20, 0xee, 0xff, 0x20, 0xee, 0xff, 0x20, 0xee, 0xff, 
  0x20, 0xee, 0xff, 0x20, 0xee, 0xff, 0x20, 0xee, 0xff, 0x20, 0xee, 0xff, 
  0x20, 0xee, 0xff, 0x20, 0xee, 0xff, 0x20, 0xee, 0xff, 0x20, 0xee, 0xff, 
  0x20, 0xee, 0xff, 0x20, 0xee, 0xff, 0x20, 0xee, 0xff, 0x20, 0xee, 0xff, 
  0x20, 0xee, 0xff, 0x20, 0xee, 0xff, 0x20, 0xee, 0xff, 0x20, 0xee, 0xff, 
  0x20, 0xee, 0xff, 0x20, 0xee, 0xff, 0x20, 0xee, 0xff, 0x20, 0xee, 0xff, 
  0x20, 0xee, 0xff, 0x20, 0xee, 0xff, 0x20, 0xee, 0xff, 0x20, 0xee, 0xff, 
  0x20, 0xee, 0xff, 0x20, 0xee, 0xff, 0x20, 0xee, 0xff, 0x20, 0xee, 0xff, 
  0x20, 0xee, 0xff, 0x20, 0xee, 0xff, 0x20, 0xee, 0xff, 0x20, 0xee, 0xff, 
  0x20, 0xee, 0xff, 0x20, 0xee, 0xff, 0x20, 0xee, 0xff, 0x20, 0xee, 0xff, 
  0x20, 0xee, 0xff, 0x20, 0xee, 0xff, 0x20, 0xee, 0xff, 0x20, 0xee, 0xff, 
  0x20, 0xee, 0xff, 0x20, 0xee, 0xff, 0x20, 0xee, 0xff, 0x20, 0xee, 0xff, 
  0x20, 0xee, 0xff, 0x20, 0xee, 0xff, 0x20, 0xee, 0xff, 0x20, 0xee, 0xff, 
  0x20, 0xee, 0xff, 0x20, 0xee, 0xff, 0x20, 0xee, 0xff, 0x20, 0xee, 0xff, 
  0x20, 0xee, 0xff, 0x20, 0xee, 0xff, 0x20, 0xee, 0xff, 0x20, 0xee, 0xff, 
  0x20, 0xee, 0xff, 0x20, 0xee, 0xff, 0x20, 0xee, 0xff, 0x20, 0xee, 0xff, 
  0x20, 0xee, 0xff, 0x20, 0xee, 0xff, 0x20, 0xee, 0xff, 0x20, 0xee, 0xff, 
  0x20, 0xee, 0xff, 0x20, 0xee, 0xff, 0x20, 0xee, 0xff, 0x20, 0xee, 0xff, 
  0x20, 0xee, 0xff, 0x20, 0xee, 0xff, 0x20, 0xee, 0xff, 0x20, 0xee, 0xff, 
  0x20, 0xee, 0xff, 0x20, 0xee, 0xff, 0x20, 0xee, 0xff, 0x20, 0xee, 0xff, 
  0x20, 0xee, 0xff, 0x20, 0xee, 0xff, 0x20, 0xee, 0xff, 0x20, 0xee, 0xff, 
  0x20, 0xee, 0xff, 0x20, 0xee, 0xff, 0x20, 0xee, 0xff, 0x20, 0xee, 0xff, 
  0x20, 0xee, 0xff, 0x20, 0xee, 0xff, 0x20, 0xee, 0xff, 0x20, 0xee, 0xff, 
  0x20, 0xee, 0xff, 0x20, 0xee, 0xff, 0x20, 0xee, 0xff, 0x20, 0xee, 0xff, 
  0x20, 0xee, 0xff, 0x20, 0xee, 0xff, 0x20, 0xee, 0xff, 0x20, 0xee, 0xff, 
  0x20, 0xee, 0xff, 0x20, 0xee, 0xff, 0x20, 0xee, 0xff, 0x20, 0xee, 0xff, 
  0x20, 0xee, 0xff, 0x20, 0xee, 0xff, 0x20, 0xee, 0xff, 0x20, 0xee, 0xff, 
  0x20, 0xee, 0xff, 0x20, 0xee, 0xff, 0x20, 0xee, 0xff, 0x20, 0xee, 0xff, 
  0x20, 0xee, 0xff, 0x20, 0xee, 0xff, 0x20, 0xee, 0xff, 0x20, 0xee, 0xff, 
  0x20, 0xee, 0xff, 0x20, 0xee, 0xff, 0x20, 0xee, 0xff, 0x20, 0xee, 0xff, 
  0x20, 0xee, 0xff, 0x20, 0xee, 0xff, 0x20, 0xee, 0xff, 0x20, 0xee, 0xff, 
  0x20, 0xee, 0xff, 0x20, 0xee, 0xff, 0x20, 0xee, 0xff, 0x20, 0xee, 0xff, 
  0x20, 0xee, 0xff, 0x20, 0xee, 0xff, 0x20, 0xee, 0xff, 0x20, 0xee, 0xff, 
  0x20, 0xee, 0xff, 0x20, 0xee, 0xff, 0x20, 0xee, 0xff, 0x20, 0xee, 0xff, 
  0x20, 0xee, 0xff, 0x20, 0xee, 0xff, 0x20, 0xee, 0xff, 0x20, 0xee, 0xff, 
  0x20, 0xee, 0xff, 0x20, 0xee, 0xff, 0x20, 0xee, 0xff, 0x20, 0xee, 0xff, 
  0x20, 0xee, 0xff, 0x20, 0xee, 0xff, 0x20, 0xee, 0xff, 0x20, 0xee, 0xff, 
  0x20, 0xee, 0xff, 0x20, 0xee, 0xff, 0x20, 0xee, 0xff, 0x20, 0xee, 0xff, 
  0x20, 0xee, 0xff, 0x20, 0xee, 0xff, 0x20, 0xee, 0xff, 0x20, 0xee, 0xff, 
  0x20, 0xee, 0xff, 0x20, 0xee, 0xff, 0x20, 0xee, 0xff, 0x20, 0xee, 0xff, 
  0x20, 0xee, 0xff, 0x20, 0xee, 0xff, 0x20, 0xee, 0xff, 0x20, 0xee, 0xff, 
  0x20, 0xee, 0xff, 0x20, 0xee, 0xff, 0x20, 0xee, 0xff, 0x20, 0xee, 0xff, 
  0x20, 0xee, 0xff, 0x20, 0xee, 0xff, 0x20, 0xee, 0xff, 0x20, 0xee, 0xff, 
  0x20, 0xee, 0xff, 0x20, 0xee, 0xff, 0x20, 0xee, 0xff, 0x20, 0xee, 0xff, 
  0x20, 0xee, 0xff, 0x20, 0xee, 0xff, 0x20, 0xee, 0xff, 0x20, 0xee, 0xff, 
  0x20, 0xee, 0xff, 0x20, 0xee, 0xff, 0x20, 0xee, 0xff, 0x20, 0xee, 0xff, 
  0x20, 0xee, 0xff, 0x20, 0xee, 0xff, 0x20, 0xee, 0xff, 0x20, 0xee, 0xff, 
  0x20, 0xee, 0xff, 0x20, 0xee, 0xff, 0x20, 0xee, 0xff, 0x20, 0xee, 0xff, 
  0x20, 0xee, 0xff, 0x20, 0xee, 0xff, 0x20, 0xee, 0xff, 0x20, 0xee, 0xff, 
  0x20, 0xee, 0xff, 0x20, 0xee, 0xff, 0x20, 0xee, 0xff, 0x20, 0xee, 0xff, 
  0x20, 0xee, 0xff, 0x20, 0xee, 0xff, 0x20, 0xee, 0xff, 0x20, 0xee, 0xff, 
  0x20, 0xee, 0xff, 0x20, 0xee, 0xff, 0x20, 0xee, 0xff, 0x20, 0xee, 0xff, 
  0x20, 0xee, 0xff, 0x20, 0xee, 0xff, 0x20, 0xee, 0xff, 0x20, 0xee, 0xff, 
  0x20, 0xee, 0xff, 0x20, 0xee, 0xff, 0x20, 0xee, 0xff, 0x20, 0xee, 0xff, 
  0x20, 0xee, 0xff, 0x20, 0xee, 0xff, 0x20, 0xee, 0xff, 0x20, 0xee, 0xff, 
  0x20, 0xee, 0xff, 0x20, 0xee, 0xff, 0x20, 0xee, 0xff, 0x20, 0xee, 0xff, 
  0x20, 0xee, 0xff, 0x20, 0xee, 0xff, 0x20, 0xee, 0xff, 0x20, 0xee, 0xff, 
  0x20, 0xee, 0xff, 0x20, 0xee, 0xff, 0x20, 0xee, 0xff, 0x20, 0xee, 0xff, 
  0x20, 0xee, 0xff, 0x20, 0xee, 0xff, 0x20, 0xee, 0xff, 0x20, 0xee, 0xff, 
  0x20, 0xee, 0xff, 0x20, 0xee, 0xff, 0x20, 0xee, 0xff, 0x20, 0xee, 0xff, 
  0x20, 0xee, 0xff, 0x20, 0xee, 0xff, 0x20, 0xee, 0xff, 0x20, 0xee, 0xff, 
  0x20, 0xee, 0xff, 0x20, 0xee, 0xff, 0x20, 0xee, 0xff, 0x20, 0xee, 0xff, 
  0x20, 0xee, 0xff, 0x20, 0xee, 0xff, 0x20, 0xee, 0xff, 0x20, 0xee, 0xff, 
  0x20, 0xee, 0xff, 0x20, 0xee, 0xff, 0x20, 0xee, 0xff, 0x20, 0xee, 0xff, 
  0x20, 0xee, 0xff, 0x20, 0xee, 0xff, 0x20, 0xee, 0xff, 0x20, 0xee, 0xff, 
  0x20, 0xee, 0xff, 0x20, 0xee, 0xff, 0x20, 0xee, 0xff, 0x20, 0xee, 0xff, 
  0x20, 0xee, 0xff, 0x20, 0xee, 0xff, 0x20, 0xee, 0xff, 0x20, 0xee, 0xff, 
  0x20, 0xee, 0xff, 0x20, 0xee, 0xff, 0x20, 0xee, 0xff, 0x20, 0xee, 0xff, 
  0x20, 0xee, 0xff, 0x20, 0xee, 0xff, 0x20, 0xee, 0xff, 0x20, 0xee, 0xff, 
  0x20, 0xee, 0xff, 0x20, 0xee, 0xff, 0x20, 0xee, 0xff, 0x20, 0xee, 0xff, 
  0x20, 0xee, 0xff, 0x20, 0xee, 0xff, 0x20, 0xee, 0xff, 0x20, 0xee, 0xff, 
  0x20, 0xee, 0xff, 0x20, 0xee, 0xff, 0x20, 0xee, 0xff, 0x20, 0xee, 0xff, 
  0x20, 0xee, 0xff, 0x20, 0xee, 0xff, 0x20, 0xee, 0xff, 0x20, 0xee, 0xff, 
  0x20, 0xee, 0xff, 0x20, 0xee, 0xff, 0x20, 0xee, 0xff, 0x20, 0xee, 0xff, 
  0x20, 0xee, 0xff, 0x20, 0xee, 0xff, 0x20, 0xee, 0xff, 0x20, 0xee, 0xff, 
  0x20, 0xee, 0xff, 0x20, 0xee, 0xff, 0x20, 0xee, 0xff, 0x20, 0xee, 0xff, 
  0x20, 0xee, 0xff, 0x20, 0xee, 0xff, 0x20, 0xee, 0xff, 0x20, 0xee, 0xff, 
  0x20, 0xee, 0xff, 0x20, 0xee, 0xff, 0x20, 0xee, 0xff, 0x20, 0xee, 0xff, 
  0x20, 0xee, 0xff, 0x20, 0xee, 0xff, 0x20, 0xee, 0xff, 0x20, 0xee, 0xff, 
  0x20, 0xee, 0xff, 0x20, 0xee, 0xff, 0x20, 0xee, 0xff, 0x20, 0xee, 0xff, 
  0x20, 0xee, 0xff, 0x20, 0xee, 0xff, 0x20, 0xee, 0xff, 0x20, 0xee, 0xff, 
  0x20, 0xee, 0xff, 0x20, 0xee, 0xff, 0x20, 0xee, 0xff, 0x20, 0xee, 0xff, 
  0x20, 0xee, 0xff, 0x20, 0xee, 0xff, 0x20, 0xee, 0xff, 0x20, 0xee, 0xff, 
  0x20, 0xee, 0xff, 0x20, 0xee, 0xff, 0x20, 0xee, 0xff, 0x20, 0xee, 0xff, 
  0x20, 0xee, 0xff, 0x20, 0xee, 0xff, 0x20, 0xee, 0xff, 0x20, 0xee, 0xff, 
  0x20, 0xee, 0xff, 0x20, 0xee, 0xff, 0x20, 0xee, 0xff, 0x20, 0xee, 0xff, 
  0x20, 0xee, 0xff, 0x20, 0xee, 0xff, 0x20, 0xee, 0xff, 0x20, 0xee, 0xff, 
  0x20, 0xee, 0xff, 0x20, 0xee, 0xff, 0x20, 0xee, 0xff, 0x20, 0xee, 0xff, 
  0x20, 0xee, 0xff, 0x20, 0xee, 0xff, 0x20, 0xee, 0xff, 0x20, 0xee, 0xff, 
  0x20, 0xee, 0xff, 0x20, 0xee, 0xff, 0x20, 0xee, 0xff, 0x20, 0xee, 0xff, 
  0x20, 0xee, 0xff, 0x20, 0xee, 0xff, 0x20, 0xee, 0xff, 0x20, 0xee, 0xff, 
  0x20, 0xee, 0xff, 0x20, 0xee, 0xff, 0x20, 0xee, 0xff, 0x20, 0xee, 0xff, 
  0x20, 0xee, 0xff, 0x20, 0xee, 0xff, 0x20, 0xee, 0xff, 0x20, 0xee, 0xff, 
  0x20, 0xee, 0xff, 0x20, 0xee, 0xff, 0x20, 0xee, 0xff, 0x20, 0xee, 0xff, 
  0x20, 0xee, 0xff, 0x20, 0xee, 0xff, 0x20, 0xee, 0xff, 0x20, 0xee, 0xff, 
  0x20, 0xee, 0xff, 0x20, 0xee, 0xff, 0x20, 0xee, 0xff, 0x20, 0xee, 0xff, 
  0x20, 0xee, 0xff, 0x20, 0xee, 0xff, 0x20, 0xee, 0xff, 0x20, 0xee, 0xff, 
  0x20, 0xee, 0xff, 0x20, 0xee, 0xff, 0x20, 0xee, 0xff, 0x20, 0xee, 0xff, 
  0x20, 0xee, 0xff, 0x20, 0xee, 0xff, 0x20, 0xee, 0xff, 0x20, 0xee, 0xff, 
  0x20, 0xee, 0xff, 0x20, 0xee, 0xff, 0x20, 0xee, 0xff, 0x20, 0xee, 0xff, 
  0x20, 0xee, 0xff, 0x20, 0xee, 0xff, 0x20, 0xee, 0xff, 0x20, 0xee, 0xff, 
  0x20, 0xee, 0xff, 0x20, 0xee, 0xff, 0x20, 0xee, 0xff, 0x20, 0xee, 0xff, 
  0x20, 0xee, 0xff, 0x20, 0xee, 0xff, 0x20, 0xee, 0xff, 0x20, 0xee, 0xff, 
  0x20, 0xee, 0xff, 0x20, 0xee, 0xff, 0x20, 0xee, 0xff, 0x20, 0xee, 0xff, 
  0x20, 0xee, 0xff, 0x20, 0xee, 0xff, 0x20, 0xee, 0xff, 0x20, 0xee, 0xff, 
  0x20, 0xee, 0xff, 0x20, 0xee, 0xff, 0x20, 0xee, 0xff, 0x20, 0xee, 0xff, 
  0x20, 0xee, 0xff, 0x20, 0xee, 0xff, 0x20, 0xee, 0xff, 0x20, 0xee, 0xff, 
  0x20, 0xee, 0xff, 0x20, 0xee, 0xff, 0x20, 0xee, 0xff, 0x20, 0xee, 0xff, 
  0x20, 0xee, 0xff, 0x20, 0xee, 0xff, 0x20, 0xee, 0xff, 0x20, 0xee, 0xff, 
  0x20, 0xee, 0xff, 0x20, 0xee, 0xff, 0x20, 0xee, 0xff, 0x20, 0xee, 0xff, 
  0x20, 0xee, 0xff, 0x20, 0xee, 0xff, 0x20, 0xee, 0xff, 0x20, 0xee, 0xff, 
  0x20, 0xee, 0xff, 0x20, 0xee, 0xff, 0x20, 0xee, 0xff, 0x20, 0xee, 0xff, 
  0x20, 0xee, 0xff, 0x20, 0xee, 0xff, 0x20, 0xee, 0xff, 0x20, 0xee, 0xff, 
  0x20, 0xee, 0xff, 0x20, 0xee, 0xff, 0x20, 0xee, 0xff, 0x20, 0xee, 0xff, 
  0x20, 0xee, 0xff, 0x20, 0xee, 0xff, 0x20, 0xee, 0xff, 0x20, 0xee, 0xff, 
  0x20, 0xee, 0xff, 0x20, 0xee, 0xff, 0x20, 0xee, 0xff, 0x20, 0xee, 0xff, 
  0x20, 0xee, 0xff, 0x20, 0xee, 0xff, 0x20, 0xee, 0xff, 0x20, 0xee, 0xff, 
  0x20, 0xee, 0xff, 0x20, 0xee, 0xff, 0x20, 0xee, 0xff, 0x20, 0xee, 0xff, 
  0x20, 0xee, 0xff, 0x20, 0xee, 0xff, 0x20, 0xee, 0xff, 0x20, 0xee, 0xff, 
  0x20, 0xee, 0xff, 0x20, 0xee, 0xff, 0x20, 0xee, 0xff, 0x20, 0xee, 0xff, 
  0x20, 0xee, 0xff, 0x20, 0xee, 0xff, 0x20, 0xee, 0xff, 0x20, 0xee, 0xff, 
  0x20, 0xee, 0xff, 0x20, 0xee, 0xff, 0x20, 0xee, 0xff, 0x20, 0xee, 0xff, 
  0x20, 0xee, 0xff, 0x20, 0xee, 0xff, 0x20, 0xee, 0xff, 0x20, 0xee, 0xff, 
  0x20, 0xee, 0xff, 0x20, 0xee, 0xff, 0x20, 0xee, 0xff, 0x20, 0xee, 0xff, 
  0x20, 0xee, 0xff, 0x20, 0xee, 0xff, 0x20, 0xee, 0xff, 0x20, 0xee, 0xff, 
  0x20, 0xee, 0xff, 0x20, 0xee, 0xff, 0x20, 0xee, 0xff, 0x20, 0xee, 0xff, 
  0x20, 0xee, 0xff, 0x20, 0xee, 0xff, 0x20, 0xee, 0xff, 0x20, 0xee, 0xff, 
  0x20, 0xee, 0xff, 0x20, 0xee, 0xff, 0x20, 0xee, 0xff, 0x20, 0xee, 0xff, 
  0x20, 0xee, 0xff, 0x20, 0xee, 0xff, 0x20, 0xee, 0xff, 0x20, 0xee, 0xff, 
  0x20, 0xee, 0xff, 0x20, 0xee, 0xff, 0x20, 0xee, 0xff, 0x20, 0xee, 0xff, 
  0x20, 0xee, 0xff, 0x20, 0xee, 0xff, 0x20, 0xee, 0xff, 0x20, 0xee, 0xff, 
  0x20, 0xee, 0xff, 0x20, 0xee, 0xff, 0x20, 0xee, 0xff, 0x20, 0xee, 0xff, 
  0x20, 0xee, 0xff, 0x20, 0xee, 0xff, 0x20, 0xee, 0xff, 0x20, 0xee, 0xff, 
  0x20, 0xee, 0xff, 0x20, 0xee, 0xff, 0x20, 0xee, 0xff, 0x20, 0xee, 0xff, 
  0x20, 0xee, 0xff, 0x20, 0xee, 0xff, 0x20, 0xee, 0xff, 0x20, 0xee, 0xff, 
  0x20, 0xee, 0xff, 0x20, 0xee, 0xff, 0x20, 0xee, 0xff, 0x20, 0xee, 0xff, 
  0x20, 0xee, 0xff, 0x20, 0xee, 0xff, 0x20, 0xee, 0xff, 0x20, 0xee, 0xff, 
  0x20, 0xee, 0xff, 0x20, 0xee, 0xff, 0x20, 0xee, 0xff, 0x20, 0xee, 0xff, 
  0x20, 0xee, 0xff, 0x20, 0xee, 0xff, 0x20, 0xee, 0xff, 0x20, 0xee, 0xff, 
  0x20, 0xee, 0xff, 0x20, 0xee, 0xff, 0x20, 0xee, 0xff, 0x20, 0xee, 0xff, 
  0x20, 0xee, 0xff, 0x20, 0xee, 0xff, 0x20, 0xee, 0xff, 0x20, 0xee, 0xff, 
  0x20, 0xee, 0xff, 0x20, 0xee, 0xff, 0x20, 0xee, 0xff, 0x20, 0xee, 0xff, 
  0x20, 0xee, 0xff, 0x20, 0xee, 0xff, 0x20, 0xee, 0xff, 0x20, 0xee, 0xff, 
  0x20, 0xee, 0xff, 0x20, 0xee, 0xff, 0x20, 0xee, 0xff, 0x20, 0xee, 0xff, 
  0x20, 0xee, 0xff, 0x20, 0xee, 0xff, 0x20, 0xee, 0xff, 0x20, 0xee, 0xff, 
  0x20, 0xee, 0xff, 0x20, 0xee, 0xff, 0x20, 0xee, 0xff, 0x20, 0xee, 0xff, 
  0x20, 0xee, 0xff, 0x20, 0xee, 0xff, 0x20, 0xee, 0xff, 0x20, 0xee, 0xff, 
  0x20, 0xee, 0xff, 0x20, 0xee, 0xff, 0x20, 0xee, 0xff, 0x20, 0xee, 0xff, 
  0x20, 0xee, 0xff, 0x20, 0xee, 0xff, 0x20, 0xee, 0xff, 0x20, 0xee, 0xff, 
  0x20, 0xee, 0xff, 0x20, 0xee, 0xff, 0x20, 0xee, 0xff, 0x20, 0xee, 0xff, 
  0x20, 0xee, 0xff, 0x20, 0xee, 0xff, 0x20, 0xee, 0xff, 0x20, 0xee, 0xff, 
  0x20, 0xee, 0xff, 0x20, 0xee, 0xff, 0x20, 0xee, 0xff, 0x20, 0xee, 0xff, 
  0x20, 0xee, 0xff, 0x20, 0xee, 0xff, 0x20, 0xee, 0xff, 0x20, 0xee, 0xff, 
  0x20, 0xee, 0xff, 0x20, 0xee, 0xff, 0x20, 0xee, 0xff, 0x20, 0xee, 0xff, 
  0x20, 0xee, 0xff, 0x20, 0xee, 0xff, 0x20, 0xee, 0xff, 0x20, 0xee, 0xff, 
  0x20, 0xee, 0xff, 0x20, 0xee, 0xff, 0x20, 0xee, 0xff, 0x20, 0xee, 0xff, 
  0x20, 0xee, 0xff, 0x20, 0xee, 0xff, 0x20, 0xee, 0xff, 0x20, 0xee, 0xff, 
  0x20, 0xee, 0xff, 0x20, 0xee, 0xff, 0x20, 0xee, 0xff, 0x20, 0xee, 0xff, 
  0x20, 0xee, 0xff, 0x20, 0xee, 0xff, 0x20, 0xee, 0xff, 0x20, 0xee, 0xff, 
  0x20, 0xee, 0xff, 0x20, 0xee, 0xff, 0x20, 0xee, 0xff, 0x20, 0xee, 0xff, 
  0x20, 0xee, 0xff, 0x20, 0xee, 0xff, 0x20, 0xee, 0xff, 0x20, 0xee, 0xff, 
  0x20, 0xee, 0xff, 0x20, 0xee, 0xff, 0x20, 0xee, 0xff, 0x20, 0xee, 0xff, 
  0x20, 0xee, 0xff, 0x20, 0xee, 0xff, 0x20, 0xee, 0xff, 0x20, 0xee, 0xff, 
  0x20, 0xee, 0xff, 0x20, 0xee, 0xff, 0x20, 0xee, 0xff, 0x20, 0xee, 0xff, 
  0x20, 0xee, 0xff, 0x20, 0xee, 0xff, 0x20, 0xee, 0xff, 0x20, 0xee, 0xff, 
  0x20, 0xee, 0xff, 0x20, 0xee, 0xff, 0x20, 0xee, 0xff, 0x20, 0xee, 0xff, 
  0x20, 0xee, 0xff, 0x20, 0xee, 0xff, 0x20, 0xee, 0xff, 0x20, 0xee, 0xff, 
  0x20, 0xee, 0xff, 0x20, 0xee, 0xff, 0x20, 0xee, 0xff, 0x20, 0xee, 0xff, 
  0x20, 0xee, 0xff, 0x20, 0xee, 0xff, 0x20, 0xee, 0xff, 0x20, 0xee, 0xff, 
  0x20, 0xee, 0xff, 0x20, 0xee, 0xff, 0x20, 0xee, 0xff, 0x20, 0xee, 0xff, 
  0x20, 0xee, 0xff, 0x20, 0xee, 0xff, 0x20, 0xee, 0xff, 0x20, 0xee, 0xff, 
  0x20, 0xee, 0xff, 0x20, 0xee, 0xff, 0x20, 0xee, 0xff, 0x20, 0xee, 0xff, 
  0x20, 0xee, 0xff, 0x20, 0xee, 0xff, 0x20, 0xee, 0xff, 0x20, 0xee, 0xff, 
  0x20, 0xee, 0xff, 0x20, 0xee, 0xff, 0x20, 0xee, 0xff, 0x20, 0xee, 0xff, 
  0x20, 0xee, 0xff, 0x20, 0xee, 0xff, 0x20, 0xee, 0xff, 0x20, 0xee, 0xff, 
  0x20, 0xee, 0xff, 0x20, 0xee, 0xff, 0x20, 0xee, 0xff, 0x20, 0xee, 0xff, 
  0x20, 0xee, 0xff, 0x20, 0xee, 0xff, 0x20, 0xee, 0xff, 0x20, 0xee, 0xff, 
  0x20, 0xee, 0xff, 0x20, 0xee, 0xff, 0x20, 0xee, 0xff, 0x20, 0xee, 0xff, 
  0x20, 0xee, 0xff, 0x20, 0xee, 0xff, 0x20, 0xee, 0xff, 0x20, 0xee, 0xff, 
  0x20, 0xee, 0xff, 0x20, 0xee, 0xff, 0x20, 0xee, 0xff, 0x20, 0xee, 0xff, 
  0x20, 0xee, 0xff, 0x20, 0xee, 0xff, 0x20, 0xee, 0xff, 0x20, 0xee, 0xff, 
  0x20, 0xee, 0xff, 0x20, 0xee, 0xff, 0x20, 0xee, 0xff, 0x20, 0xee, 0xff, 
  0x20, 0xee, 0xff, 0x20, 0xee, 0xff, 0x20, 0xee, 0xff, 0x20, 0xee, 0xff, 
  0x20, 0xee, 0xff, 0x20, 0xee, 0xff, 0x20, 0xee, 0xff, 0x20, 0xee, 0xff, 
  0x20, 0xee, 0xff, 0x20, 0xee, 0xff, 0x20, 0xee, 0xff, 0x20, 0xee, 0xff, 
  0x20, 0xee, 0xff, 0x20, 0xee, 0xff, 0x20, 0xee, 0xff, 0x20, 0xee, 0xff, 
  0x20, 0xee, 0xff, 0x20, 0xee, 0xff, 0x20, 0xee, 0xff, 0x20, 0xee, 0xff, 
  0x20, 0xee, 0xff, 0x20, 0xee, 0xff, 0x20, 0xee, 0xff, 0x20, 0xee, 0xff, 
  0x20, 0xee, 0xff, 0x20, 0xee, 0xff, 0x20, 0xee, 0xff, 0x20, 0xee, 0xff, 
  0x20, 0xee, 0xff, 0x20, 0xee, 0xff, 0x20, 0xee, 0xff, 0x20, 0xee, 0xff, 
  0x20, 0xee, 0xff, 0x20, 0xee, 0xff, 0x20, 0xee, 0xff, 0x20, 0xee, 0xff, 
  0x20, 0xee, 0xff, 0x20, 0xee, 0xff, 0x20, 0xee, 0xff, 0x20, 0xee, 0xff, 
  0x20, 0xee, 0xff, 0x20, 0xee, 0xff, 0x20, 0xee, 0xff, 0x20, 0xee, 0xff, 
  0x20, 0xee, 0xff, 0x20, 0xee, 0xff, 0x20, 0xee, 0xff, 0x20, 0xee, 0xff, 
  0x20, 0xee, 0xff, 0x20, 0xee, 0xff, 0x20, 0xee, 0xff, 0x20, 0xee, 0xff, 
  0x20, 0xee, 0xff, 0x20, 0xee, 0xff, 0x20, 0xee, 0xff, 0x20, 0xee, 0xff, 
  0x20, 0xee, 0xff, 0x20, 0xee, 0xff, 0x20, 0xee, 0xff, 0x20, 0xee, 0xff, 
  0x20, 0xee, 0xff, 0x20, 0xee, 0xff, 0x20, 0xee, 0xff, 0x20, 0xee, 0xff, 
  0x20, 0xee, 0xff, 0x20, 0xee, 0xff, 0x20, 0xee, 0xff, 0x20, 0xee, 0xff, 
  0x20, 0xee, 0xff, 0x20, 0xee, 0xff, 0x20, 0xee, 0xff, 0x20, 0xee, 0xff, 
  0x20, 0xee, 0xff, 0x20, 0xee, 0xff, 0x20, 0xee, 0xff, 0x20, 0xee, 0xff, 
  0x20, 0xee, 0xff, 0x20, 0xee, 0xff, 0x20, 0xee, 0xff, 0x20, 0xee, 0xff, 
  0x20, 0xee, 0xff, 0x20, 0xee, 0xff, 0x20, 0xee, 0xff, 0x20, 0xee, 0xff, 
  0x20, 0xee, 0xff, 0x20, 0xee, 0xff, 0x20, 0xee, 0xff, 0x20, 0xee, 0xff, 
  0x20, 0xee, 0xff, 0x20, 0xee, 0xff, 0x20, 0xee, 0xff, 0x20, 0xee, 0xff, 
  0x20, 0xee, 0xff, 0x20, 0xee, 0xff, 0x20, 0xee, 0xff, 0x20, 0xee, 0xff, 
  0x20, 0xee, 0xff, 0x20, 0xee, 0xff, 0x20, 0xee, 0xff, 0x20, 0xee, 0xff, 
  0x20, 0xee, 0xff, 0x20, 0xee, 0xff, 0x20, 0xee, 0xff, 0x20, 0xee, 0xff, 
  0x20, 0xee, 0xff, 0x20, 0xee, 0xff, 0x20, 0xee, 0xff, 0x20, 0xee, 0xff, 
  0x20, 0xee, 0xff, 0x20, 0xee, 0xff, 0x20, 0xee, 0xff, 0x20, 0xee, 0xff, 
  0x20, 0xee, 0xff, 0x20, 0xee, 0xff, 0x20, 0xee, 0xff, 0x20, 0xee, 0xff, 
  0x20, 0xee, 0xff, 0x20, 0xee, 0xff, 0x20, 0xee, 0xff, 0x20, 0xee, 0xff, 
  0x20, 0xee, 0xff, 0x20, 0xee, 0xff, 0x20, 0xee, 0xff, 0x20, 0xee, 0xff, 
  0x20, 0xee, 0xff, 0x20, 0xee, 0xff, 0x20, 0xee, 0xff, 0x20, 0xee, 0xff, 
  0x20, 0xee, 0xff, 0x20, 0xee, 0xff, 0x20, 0xee, 0xff, 0x20, 0xee, 0xff, 
  0x20, 0xee, 0xff, 0x20, 0xee, 0xff, 0x20, 0xee, 0xff, 0x20, 0xee, 0xff, 
  0x20, 0xee, 0xff, 0x20, 0xee, 0xff, 0x20, 0xee, 0xff, 0x20, 0xee, 0xff, 
  0x20, 0xee, 0xff, 0x20, 0xee, 0xff, 0x20, 0xee, 0xff, 0x20, 0xee, 0xff, 
  0x20, 0xee, 0xff, 0x20, 0xee, 0xff, 0x20, 0xee, 0xff, 0x20, 0xee, 0xff, 
  0x20, 0xee, 0xff, 0x20, 0xee, 0xff, 0x20, 0xee, 0xff, 0x20, 0xee, 0xff, 
  0x20, 0xee, 0xff, 0x20, 0xee, 0xff, 0x20, 0xee, 0xff, 0x20, 0xee, 0xff, 
  0x20, 0xee, 0xff, 0x20, 0xee, 0xff, 0x20, 0xee, 0xff, 0x20, 0xee, 0xff, 
  0x20, 0xee, 0xff, 0x20, 0xee, 0xff, 0x20, 0xee, 0xff, 0x20, 0xee, 0xff, 
  0x20, 0xee, 0xff, 0x20, 0xee, 0xff, 0x20, 0xee, 0xff, 0x20, 0xee, 0xff, 
  0x20, 0xee, 0xff, 0x20, 0xee, 0xff, 0x20, 0xee, 0xff, 0x20, 0xee, 0xff, 
  0x20, 0xee, 0xff, 0x20, 0xee, 0xff, 0x20, 0xee, 0xff, 0x20, 0xee, 0xff, 
  0x20, 0xee, 0xff, 0x20, 0xee, 0xff, 0x20, 0xee, 0xff, 0x20, 0xee, 0xff, 
  0x20, 0xee, 0xff, 0x20, 0xee, 0xff, 0x20, 0xee, 0xff, 0x20, 0xee, 0xff, 
  0x20, 0xee, 0xff, 0x20, 0xee, 0xff, 0x20, 0xee, 0xff, 0x20, 0xee, 0xff, 
  0x20, 0xee, 0xff, 0x20, 0xee, 0xff, 0x20, 0xee, 0xff, 0x20, 0xee, 0xff, 
  0x20, 0xee, 0xff, 0x20, 0xee, 0xff, 0x20, 0xee, 0xff, 0x20, 0xee, 0xff, 
  0x20, 0xee, 0xff, 0x20, 0xee, 0xff, 0x20, 0xee, 0xff, 0x20, 0xee, 0xff, 
  0x20, 0xee, 0xff, 0x20, 0xee, 0xff, 0x20, 0xee, 0xff, 0x20, 0xee, 0xff, 
  0x20, 0xee, 0xff, 0x20, 0xee, 0xff, 0x20, 0xee, 0xff, 0x20, 0xee, 0xff, 
  0x20, 0xee, 0xff, 0x20, 0xee, 0xff, 0x20, 0xee, 0xff, 0x20, 0xee, 0xff, 
  0x20, 0xee, 0xff, 0x20, 0xee, 0xff, 0x20, 0xee, 0xff, 0x20, 0xee, 0xff, 
  0x20, 0xee, 0xff, 0x20, 0xee, 0xff, 0x20, 0xee, 0xff, 0x20, 0xee, 0xff, 
  0x20, 0xee, 0xff, 0x20, 0xee, 0xff, 0x20, 0xee, 0xff, 0x20, 0xee, 0xff, 
  0x20, 0xee, 0xff, 0x20, 0xee, 0xff, 0x20, 0xee, 0xff, 0x20, 0xee, 0xff, 
  0x20, 0xee, 0xff, 0x20, 0xee, 0xff, 0x20, 0xee, 0xff, 0x20, 0xee, 0xff, 
  0x20, 0xee, 0xff, 0x20, 0xee, 0xff, 0x20, 0xee, 0xff, 0x20, 0xee, 0xff, 
  0x20, 0xee, 0xff, 0x20, 0xee, 0xff, 0x20, 0xee, 0xff, 0x20, 0xee, 0xff, 
  0x20, 0xee, 0xff, 0x20, 0xee, 0xff, 0x20, 0xee, 0xff, 0x20, 0xee, 0xff, 
  0x20, 0xee, 0xff, 0x20, 0xee, 0xff, 0x20, 0xee, 0xff, 0x20, 0xee, 0xff, 
  0x20, 0xee, 0xff, 0x20, 0xee, 0xff, 0x20, 0xee, 0xff, 0x20, 0xee, 0xff, 
  0x20, 0xee, 0xff, 0x20, 0xee, 0xff, 0x20, 0xee, 0xff, 0x20, 0xee, 0xff, 
  0x20, 0xee, 0xff, 0x20, 0xee, 0xff, 0x20, 0xee, 0xff, 0x20, 0xee, 0xff, 
  0x20, 0xee, 0xff, 0x20, 0xee, 0xff, 0x20, 0xee, 0xff, 0x20, 0xee, 0xff, 
  0x20, 0xee, 0xff, 0x20, 0xee, 0xff, 0x20, 0xee, 0xff, 0x20, 0xee, 0xff, 
  0x20, 0xee, 0xff, 0x20, 0xee, 0xff, 0x20, 0xee, 0xff, 0x20, 0xee, 0xff, 
  0x20, 0xee, 0xff, 0x20, 0xee, 0xff, 0x20, 0xee, 0xff, 0x20, 0xee, 0xff, 
  0x20, 0xee, 0xff, 0x20, 0xee, 0xff, 0x20, 0xee, 0xff, 0x20, 0xee, 0xff, 
  0x20, 0xee, 0xff, 0x20, 0xee, 0xff, 0x20, 0xee, 0xff, 0x20, 0xee, 0xff, 
  0x20, 0xee, 0xff, 0x20, 0xee, 0xff, 0x20, 0xee, 0xff, 0x20, 0xee, 0xff, 
  0x20, 0xee, 0xff, 0x20, 0xee, 0xff, 0x20, 0xee, 0xff, 0x20, 0xee, 0xff, 
  0x20, 0xee, 0xff, 0x20, 0xee, 0xff, 0x20, 0xee, 0xff, 0x20, 0xee, 0xff, 
  0x20, 0xee, 0xff, 0x20, 0xee, 0xff, 0x20, 0xee, 0xff, 0x20, 0xee, 0xff, 
  0x20, 0xee, 0xff, 0x20, 0xee, 0xff, 0x20, 0xee, 0xff, 0x20, 0xee, 0xff, 
  0x20, 0xee, 0xff, 0x20, 0xee, 0xff, 0x20, 0xee, 0xff, 0x20, 0xee, 0xff, 
  0x20, 0xee, 0xff, 0x20, 0xee, 0xff, 0x20, 0xee, 0xff, 0x20, 0xee, 0xff, 
  0x20, 0xee, 0xff, 0x20, 0xee, 0xff, 0x20, 0xee, 0xff, 0x20, 0xee, 0xff, 
  0x20, 0xee, 0xff, 0x20, 0xee, 0xff, 0x20, 0xee, 0xff, 0x20, 0xee, 0xff, 
  0x20, 0xee, 0xff, 0x20, 0xee, 0xff, 0x20, 0xee, 0xff, 0x20, 0xee, 0xff, 
  0x20, 0xee, 0xff, 0x20, 0xee, 0xff, 0x20, 0xee, 0xff, 0x20, 0xee, 0xff, 
  0x20, 0xee, 0xff, 0x20, 0xee, 0xff, 0x20, 0xee, 0xff, 0x20, 0xee, 0xff, 
  0x20, 0xee, 0xff, 0x20, 0xee, 0xff, 0x20, 0xee, 0xff, 0x20, 0xee, 0xff, 
  0x20, 0xee, 0xff, 0x20, 0xee, 0xff, 0x20, 0xee, 0xff, 0x20, 0xee, 0xff, 
  0x20, 0xee, 0xff, 0x20, 0xee, 0xff, 0x20, 0xee, 0xff, 0x20, 0xee, 0xff, 
  0x20, 0xee, 0xff, 0x20, 0xee, 0xff, 0x20, 0xee, 0xff, 0x20, 0xee, 0xff, 
  0x20, 0xee, 0xff, 0x20, 0xee, 0xff, 0x20, 0xee, 0xff, 0x20, 0xee, 0xff, 
  0x20, 0xee, 0xff, 0x20, 0xee, 0xff, 0x20, 0xee, 0xff, 0x20, 0xee, 0xff, 
  0x20, 0xee, 0xff, 0x20, 0xee, 0xff, 0x20, 0xee, 0xff, 0x20, 0xee, 0xff, 
  0x20, 0xee, 0xff, 0x20, 0xee, 0xff, 0x20, 0xee, 0xff, 0x20, 0xee, 0xff, 
  0x20, 0xee, 0xff, 0x20, 0xee, 0xff, 0x20, 0xee, 0xff, 0x20, 0xee, 0xff, 
  0x20, 0xee, 0xff, 0x20, 0xee, 0xff, 0x20, 0xee, 0xff, 0x20, 0xee, 0xff, 
  0x20, 0xee, 0xff, 0x20, 0xee, 0xff, 0x20, 0xee, 0xff, 0x20, 0xee, 0xff, 
  0x20, 0xee, 0xff, 0x20, 0xee, 0xff, 0x20, 0xee, 0xff, 0x20, 0xee, 0xff, 
  0x20, 0xee, 0xff, 0x20, 0xee, 0xff, 0x20, 0xee, 0xff, 0x20, 0xee, 0xff, 
  0x20, 0xee, 0xff, 0x20, 0xee, 0xff, 0x20, 0xee, 0xff, 0x20, 0xee, 0xff, 
  0x20, 0xee, 0xff, 0x20, 0xee, 0xff, 0x20, 0xee, 0xff, 0x20, 0xee, 0xff, 
  0x20, 0xee, 0xff, 0x20, 0xee, 0xff, 0x20, 0xee, 0xff, 0x20, 0xee, 0xff, 
  0x20, 0xee, 0xff, 0x20, 0xee, 0xff, 0x20, 0xee, 0xff, 0x20, 0xee, 0xff, 
  0x20, 0xee, 0xff, 0x20, 0xee, 0xff, 0x20, 0xee, 0xff, 0x20, 0xee, 0xff, 
  0x20, 0xee, 0xff, 0x20, 0xee, 0xff, 0x20, 0xee, 0xff, 0x20, 0xee, 0xff, 
  0x20, 0xee, 0xff, 0x20, 0xee, 0xff, 0x20, 0xee, 0xff, 0x20, 0xee, 0xff, 
  0x20, 0xee, 0xff, 0x20, 0xee, 0xff, 0x20, 0xee, 0xff, 0x20, 0xee, 0xff, 
  0x20, 0xee, 0xff, 0x20, 0xee, 0xff, 0x20, 0xee, 0xff, 0x20, 0xee, 0xff, 
  0x20, 0xee, 0xff, 0x20, 0xee, 0xff, 0x20, 0xee, 0xff, 0x20, 0xee, 0xff, 
  0x20, 0xee, 0xff, 0x20, 0xee, 0xff, 0x20, 0xee, 0xff, 0x20, 0xee, 0xff, 
  0x20, 0xee, 0xff, 0x20, 0xee, 0xff, 0x20, 0xee, 0xff, 0x20, 0xee, 0xff, 
  0x20, 0xee, 0xff, 0x20, 0xee, 0xff, 0x20, 0xee, 0xff, 0x20, 0xee, 0xff, 
  0x20, 0xee, 0xff, 0x20, 0xee, 0xff, 0x20, 0xee, 0xff, 0x20, 0xee, 0xff, 
  0x20, 0xee, 0xff, 0x20, 0xee, 0xff, 0x20, 0xee, 0xff, 0x20, 0xee, 0xff, 
  0x20, 0xee, 0xff, 0x20, 0xee, 0xff, 0x20, 0xee, 0xff, 0x20, 0xee, 0xff, 
  0x20, 0xee, 0xff, 0x20, 0xee, 0xff, 0x20, 0xee, 0xff, 0x20, 0xee, 0xff, 
  0x20, 0xee, 0xff, 0x20, 0xee, 0xff, 0x20, 0xee, 0xff, 0x20, 0xee, 0xff, 
  0x20, 0xee, 0xff, 0x20, 0xee, 0xff, 0x20, 0xee, 0xff, 0x20, 0xee, 0xff, 
  0x20, 0xee, 0xff, 0x20, 0xee, 0xff, 0x20, 0xee, 0xff, 0x20, 0xee, 0xff, 
  0x20, 0xee, 0xff, 0x20, 0xee, 0xff, 0x20, 0xee, 0xff, 0x20, 0xee, 0xff, 
  0x20, 0xee, 0xff, 0x20, 0xee, 0xff, 0x20, 0xee, 0xff, 0x20, 0xee, 0xff, 
  0x20, 0xee, 0xff, 0x20, 0xee, 0xff, 0x20, 0xee, 0xff, 0x20, 0xee, 0xff, 
  0x20, 0xee, 0xff, 0x20, 0xee, 0xff, 0x20, 0xee, 0xff, 0x20, 0xee, 0xff, 
  0x20, 0xee, 0xff, 0x20, 0xee, 0xff, 0x20, 0xee, 0xff, 0x20, 0xee, 0xff, 
  0x20, 0xee, 0xff, 0x20, 0xee, 0xff, 0x20, 0xee, 0xff, 0x20, 0xee, 0xff, 
  0x20, 0xee, 0xff, 0x20, 0xee, 0xff, 0x20, 0xee, 0xff, 0x20, 0xee, 0xff, 
  0x20, 0xee, 0xff, 0x20, 0xee, 0xff, 0x20, 0xee, 0xff, 0x20, 0xee, 0xff, 
  0x20, 0xee, 0xff, 0x20, 0xee, 0xff, 0x20, 0xee, 0xff, 0x20, 0xee, 0xff, 
  0x20, 0xee, 0xff, 0x20, 0xee, 0xff, 0x20, 0xee, 0xff, 0x20, 0xee, 0xff, 
  0x20, 0xee, 0xff, 0x20, 0xee, 0xff, 0x20, 0xee, 0xff, 0x20, 0xee, 0xff, 
  0x20, 0xee, 0xff, 0x20, 0xee, 0xff, 0x20, 0xee, 0xff, 0x20, 0xee, 0xff, 
  0x20, 0xee, 0xff, 0x20, 0xee, 0xff, 0x20, 0xee, 0xff, 0x20, 0xee, 0xff, 
  0x20, 0xee, 0xff, 0x20, 0xee, 0xff, 0x20, 0xee, 0xff, 0x20, 0xee, 0xff, 
  0x20, 0xee, 0xff, 0x20, 0xee, 0xff, 0x20, 0xee, 0xff, 0x20, 0xee, 0xff, 
  0x20, 0xee, 0xff, 0x20, 0xee, 0xff, 0x20, 0xee, 0xff, 0x20, 0xee, 0xff, 
  0x20, 0xee, 0xff, 0x20, 0xee, 0xff, 0x20, 0xee, 0xff, 0x20, 0xee, 0xff, 
  0x20, 0xee, 0xff, 0x20, 0xee, 0xff, 0x20, 0xee, 0xff, 0x20, 0xee, 0xff, 
  0x20, 0xee, 0xff, 0x20, 0xee, 0xff, 0x20, 0xee, 0xff, 0x20, 0xee, 0xff, 
  0x20, 0xee, 0xff, 0x20, 0xee, 0xff, 0x20, 0xee, 0xff, 0x20, 0xee, 0xff, 
  0x20, 0xee, 0xff, 0x20, 0xee, 0xff, 0x20, 0xee, 0xff, 0x20, 0xee, 0xff, 
  0x20, 0xee, 0xff, 0x20, 0xee, 0xff, 0x20, 0xee, 0xff, 0x20, 0xee, 0xff, 
  0x20, 0xee, 0xff, 0x20, 0xee, 0xff, 0x20, 0xee, 0xff, 0x20, 0xee, 0xff, 
  0x20, 0xee, 0xff, 0x20, 0xee, 0xff, 0x20, 0xee, 0xff, 0x20, 0xee, 0xff, 
  0x20, 0xee, 0xff, 0x20, 0xee, 0xff, 0x20, 0xee, 0xff, 0x20, 0xee, 0xff, 
  0x20, 0xee, 0xff, 0x20, 0xee, 0xff, 0x20, 0xee, 0xff, 0x20, 0xee, 0xff, 
  0x20, 0xee, 0xff, 0x20, 0xee, 0xff, 0x20, 0xee, 0xff, 0x20, 0xee, 0xff, 
  0x20, 0xee, 0xff, 0x20, 0xee, 0xff, 0x20, 0xee, 0xff, 0x20, 0xee, 0xff, 
  0x20, 0xee, 0xff, 0x20, 0xee, 0xff, 0x20, 0xee, 0xff, 0x20, 0xee, 0xff, 
  0x20, 0xee, 0xff, 0x20, 0xee, 0xff, 0x20, 0xee, 0xff, 0x20, 0xee, 0xff, 
  0x20, 0xee, 0xff, 0x20, 0xee, 0xff, 0x20, 0xee, 0xff, 0x20, 0xee, 0xff, 
  0x20, 0xee, 0xff, 0x20, 0xee, 0xff, 0x20, 0xee, 0xff, 0x20, 0xee, 0xff, 
  0x20, 0xee, 0xff, 0x20, 0xee, 0xff, 0x20, 0xee, 0xff, 0x20, 0xee, 0xff, 
  0x20, 0xee, 0xff, 0x20, 0xee, 0xff, 0x20, 0xee, 0xff, 0x20, 0xee, 0xff, 
  0x20, 0xee, 0xff, 0x20, 0xee, 0xff, 0x20, 0xee, 0xff, 0x20, 0xee, 0xff, 
  0x20, 0xee, 0xff, 0x20, 0xee, 0xff, 0x20, 0xee, 0xff, 0x20, 0xee, 0xff, 
  0x20, 0xee, 0xff, 0x20, 0xee, 0xff, 0x20, 0xee, 0xff, 0x20, 0xee, 0xff, 
  0x20, 0xee, 0xff, 0x20, 0xee, 0xff, 0x20, 0xee, 0xff, 0x20, 0xee, 0xff, 
  0x20, 0xee, 0xff, 0x20, 0xee, 0xff, 0x20, 0xee, 0xff, 0x20, 0xee, 0xff, 
  0x20, 0xee, 0xff, 0x20, 0xee, 0xff, 0x20, 0xee, 0xff, 0x20, 0xee, 0xff, 
  0x20, 0xee, 0xff, 0x20, 0xee, 0xff, 0x20, 0xee, 0xff, 0x20, 0xee, 0xff, 
  0x20, 0xee, 0xff, 0x20, 0xee, 0xff, 0x20, 0xee, 0xff, 0x20, 0xee, 0xff, 
  0x20, 0xee, 0xff, 0x20, 0xee, 0xff, 0x20, 0xee, 0xff, 0x20, 0xee, 0xff, 
  0x20, 0xee, 0xff, 0x20, 0xee, 0xff, 0x20, 0xee, 0xff, 0x20, 0xee, 0xff, 
  0x20, 0xee, 0xff, 0x20, 0xee, 0xff, 0x20, 0xee, 0xff, 0x20, 0xee, 0xff, 
  0x20, 0xee, 0xff, 0x20, 0xee, 0xff, 0x20, 0xee, 0xff, 0x20, 0xee, 0xff, 
  0x20, 0xee, 0xff, 0x20, 0xee, 0xff, 0x20, 0xee, 0xff, 0x20, 0xee, 0xff, 
  0x20, 0xee, 0xff, 0x20, 0xee, 0xff, 0x20, 0xee, 0xff, 0x20, 0xee, 0xff, 
  0x20, 0xee, 0xff, 0x20, 0xee, 0xff, 0x20, 0xee, 0xff, 0x20, 0xee, 0xff, 
  0x20, 0xee, 0xff, 0x20, 0xee, 0xff, 0x20, 0xee, 0xff, 0x20, 0xee, 0xff, 
  0x20, 0xee, 0xff, 0x20, 0xee, 0xff, 0x20, 0xee, 0xff, 0x20, 0xee, 0xff, 
  0x20, 0xee, 0xff, 0x20, 0xee, 0xff, 0x20, 0xee, 0xff, 0x20, 0xee, 0xff, 
  0x20, 0xee, 0xff, 0x20, 0xee, 0xff, 0x20, 0xee, 0xff, 0x20, 0xee, 0xff, 
  0x20, 0xee, 0xff, 0x20, 0xee, 0xff, 0x20, 0xee, 0xff, 0x20, 0xee, 0xff, 
  0x20, 0xee, 0xff, 0x20, 0xee, 0xff, 0x20, 0xee, 0xff, 0x20, 0xee, 0xff, 
  0x20, 0xee, 0xff, 0x20, 0xee, 0xff, 0x20, 0xee, 0xff, 0x20, 0xee, 0xff, 
  0x20, 0xee, 0xff, 0x20, 0xee, 0xff, 0x20, 0xee, 0xff, 0x20, 0xee, 0xff, 
  0x20, 0xee, 0xff, 0x20, 0xee, 0xff, 0x20, 0xee, 0xff, 0x20, 0xee, 0xff, 
  0x20, 0xee, 0xff, 0x20, 0xee, 0xff, 0x20, 0xee, 0xff, 0x20, 0xee, 0xff, 
  0x20, 0xee, 0xff, 0x20, 0xee, 0xff, 0x20, 0xee, 0xff, 0x20, 0xee, 0xff, 
  0x20, 0xee, 0xff, 0x20, 0xee, 0xff, 0x20, 0xee, 0xff, 0x20, 0xee, 0xff, 
  0x20, 0xee, 0xff, 0x20, 0xee, 0xff, 0x20, 0xee, 0xff, 0x20, 0xee, 0xff, 
  0x20, 0xee, 0xff, 0x20, 0xee, 0xff, 0x20, 0xee, 0xff, 0x20, 0xee, 0xff, 
  0x20, 0xee, 0xff, 0x20, 0xee, 0xff, 0x20, 0xee, 0xff, 0x20, 0xee, 0xff, 
  0x20, 0xee, 0xff, 0x20, 0xee, 0xff, 0x20, 0xee, 0xff, 0x20, 0xee, 0xff, 
  0x20, 0xee, 0xff, 0x20, 0xee, 0xff, 0x20, 0xee, 0xff, 0x20, 0xee, 0xff, 
  0x20, 0xee, 0xff, 0x20, 0xee, 0xff, 0x20, 0xee, 0xff, 0x20, 0xee, 0xff, 
  0x20, 0xee, 0xff, 0x20, 0xee, 0xff, 0x20, 0xee, 0xff, 0x20, 0xee, 0xff, 
  0x20, 0xee, 0xff, 0x20, 0xee, 0xff, 0x20, 0xee, 0xff, 0x20, 0xee, 0xff, 
  0x20, 0xee, 0xff, 0x20, 0xee, 0xff, 0x20, 0xee, 0xff, 0x20, 0xee, 0xff, 
  0x20, 0xee, 0xff, 0x20, 0xee, 0xff, 0x20, 0xee, 0xff, 0x20, 0xee, 0xff, 
  0x20, 0xee, 0xff, 0x20, 0xee, 0xff, 0x20, 0xee, 0xff, 0x20, 0xee, 0xff, 
  0x20, 0xee, 0xff, 0x20, 0xee, 0xff, 0x20, 0xee, 0xff, 0x20, 0xee, 0xff, 
  0x20, 0xee, 0xff, 0x20, 0xee, 0xff, 0x20, 0xee, 0xff, 0x20, 0xee, 0xff, 
  0x20, 0xee, 0xff, 0x20, 0xee, 0xff, 0x20, 0xee, 0xff, 0x20, 0xee, 0xff, 
  0x20, 0xee, 0xff, 0x20, 0xee, 0xff, 0x20, 0xee, 0xff, 0x20, 0xee, 0xff, 
  0x20, 0xee, 0xff, 0x20, 0xee, 0xff, 0x20, 0xee, 0xff, 0x20, 0xee, 0xff, 
  0x20, 0xee, 0xff, 0x20, 0xee, 0xff, 0x20, 0xee, 0xff, 0x20, 0xee, 0xff, 
  0x20, 0xee, 0xff, 0x20, 0xee, 0xff, 0x20, 0xee, 0xff, 0x20, 0xee, 0xff, 
  0x20, 0xee, 0xff, 0x20, 0xee, 0xff, 0x20, 0xee, 0xff, 0x20, 0xee, 0xff, 
  0x20, 0xee, 0xff, 0x20, 0xee, 0xff, 0x20, 0xee, 0xff, 0x20, 0xee, 0xff, 
  0x20, 0xee, 0xff, 0x20, 0xee, 0xff, 0x20, 0xee, 0xff, 0x20, 0xee, 0xff, 
  0x20, 0xee, 0xff, 0x20, 0xee, 0xff, 0x20, 0xee, 0xff, 0x20, 0xee, 0xff, 
  0x20, 0xee, 0xff, 0x20, 0xee, 0xff, 0x20, 0xee, 0xff, 0x20, 0xee, 0xff, 
  0x20, 0xee, 0xff, 0x20, 0xee, 0xff, 0x20, 0xee, 0xff, 0x20, 0xee, 0xff, 
  0x20, 0xee, 0xff, 0x20, 0xee, 0xff, 0x20, 0xee, 0xff, 0x20, 0xee, 0xff, 
  0x20, 0xee, 0xff, 0x20, 0xee, 0xff, 0x20, 0xee, 0xff, 0x20, 0xee, 0xff, 
  0x20, 0xee, 0xff, 0x20, 0xee, 0xff, 0x20, 0xee, 0xff, 0x20, 0xee, 0xff, 
  0x20, 0xee, 0xff, 0x20, 0xee, 0xff, 0x20, 0xee, 0xff, 0x20, 0xee, 0xff, 
  0x20, 0xee, 0xff, 0x20, 0xee, 0xff, 0x20, 0xee, 0xff, 0x20, 0xee, 0xff, 
  0x20, 0xee, 0xff, 0x20, 0xee, 0xff, 0x20, 0xee, 0xff, 0x20, 0xee, 0xff, 
  0x20, 0xee, 0xff, 0x20, 0xee, 0xff, 0x20, 0xee, 0xff, 0x20, 0xee, 0xff, 
  0x20, 0xee, 0xff, 0x20, 0xee, 0xff, 0x20, 0xee, 0xff, 0x20, 0xee, 0xff, 
  0x20, 0xee, 0xff, 0x20, 0xee, 0xff, 0x20, 0xee, 0xff, 0x20, 0xee, 0xff, 
  0x20, 0xee, 0xff, 0x20, 0xee, 0xff, 0x20, 0xee, 0xff, 0x20, 0xee, 0xff, 
  0x20, 0xee, 0xff, 0x20, 0xee, 0xff, 0x20, 0xee, 0xff, 0x20, 0xee, 0xff, 
  0x20, 0xee, 0xff, 0x20, 0xee, 0xff, 0x20, 0xee, 0xff, 0x20, 0xee, 0xff, 
  0x20, 0xee, 0xff, 0x20, 0xee, 0xff, 0x20, 0xee, 0xff, 0x20, 0xee, 0xff, 
  0x20, 0xee, 0xff, 0x20, 0xee, 0xff, 0x20, 0xee, 0xff, 0x20, 0xee, 0xff, 
  0x20, 0xee, 0xff, 0x20, 0xee, 0xff, 0x20, 0xee, 0xff, 0x20, 0xee, 0xff, 
  0x20, 0xee, 0xff, 0x20, 0xee, 0xff, 0x20, 0xee, 0xff, 0x20, 0xee, 0xff, 
  0x20, 0xee, 0xff, 0x20, 0xee, 0xff, 0x20, 0xee, 0xff, 0x20, 0xee, 0xff, 
  0x20, 0xee, 0xff, 0x20, 0xee, 0xff, 0x20, 0xee, 0xff, 0x20, 0xee, 0xff, 
  0x20, 0xee, 0xff, 0x20, 0xee, 0xff, 0x20, 0xee, 0xff, 0x20, 0xee, 0xff, 
  0x20, 0xee, 0xff, 0x20, 0xee, 0xff, 0x20, 0xee, 0xff, 0x20, 0xee, 0xff, 
  0x20, 0xee, 0xff, 0x20, 0xee, 0xff, 0x20, 0xee, 0xff, 0x20, 0xee, 0xff, 
  0x20, 0xee, 0xff, 0x20, 0xee, 0xff, 0x20, 0xee, 0xff, 0x20, 0xee, 0xff, 
  0x20, 0xee, 0xff, 0x20, 0xee, 0xff, 0x20, 0xee, 0xff, 0x20, 0xee, 0xff, 
  0x20, 0xee, 0xff, 0x20, 0xee, 0xff, 0x20, 0xee, 0xff, 0x20, 0xee, 0xff, 
  0x20, 0xee, 0xff, 0x20, 0xee, 0xff, 0x20, 0xee, 0xff, 0x20, 0xee, 0xff, 
  0x20, 0xee, 0xff, 0x20, 0xee, 0xff, 0x20, 0xee, 0xff, 0x20, 0xee, 0xff, 
  0x20, 0xee, 0xff, 0x20, 0xee, 0xff, 0x20, 0xee, 0xff, 0x20, 0xee, 0xff, 
  0x20, 0xee, 0xff, 0x20, 0xee, 0xff, 0x20, 0xee, 0xff, 0x20, 0xee, 0xff, 
  0x20, 0xee, 0xff, 0x20, 0xee, 0xff, 0x20, 0xee, 0xff, 0x20, 0xee, 0xff, 
  0x20, 0xee, 0xff, 0x20, 0xee, 0xff, 0x20, 0xee, 0xff, 0x20, 0xee, 0xff, 
  0x20, 0xee, 0xff, 0x20, 0xee, 0xff, 0x20, 0xee, 0xff, 0x20, 0xee, 0xff, 
  0x20, 0xee, 0xff, 0x20, 0xee, 0xff, 0x20, 0xee, 0xff, 0x20, 0xee, 0xff, 
  0x20, 0xee, 0xff, 0x20, 0xee, 0xff, 0x20, 0xee, 0xff, 0x20, 0xee, 0xff, 
  0x20, 0xee, 0xff, 0x20, 0xee, 0xff, 0x20, 0xee, 0xff, 0x20, 0xee, 0xff, 
  0x20, 0xee, 0xff, 0x20, 0xee, 0xff, 0x20, 0xee, 0xff, 0x20, 0xee, 0xff, 
  0x20, 0xee, 0xff, 0x20, 0xee, 0xff, 0x20, 0xee, 0xff, 0x20, 0xee, 0xff, 
  0x20, 0xee, 0xff, 0x20, 0xee, 0xff, 0x20, 0xee, 0xff, 0x20, 0xee, 0xff, 
  0x20, 0xee, 0xff, 0x20, 0xee, 0xff, 0x20, 0xee, 0xff, 0x20, 0xee, 0xff, 
  0x20, 0xee, 0xff, 0x20, 0xee, 0xff, 0x20, 0xee, 0xff, 0x20, 0xee, 0xff, 
  0x20, 0xee, 0xff, 0x20, 0xee, 0xff, 0x20, 0xee, 0xff, 0x20, 0xee, 0xff, 
  0x20, 0xee, 0xff, 0x20, 0xee, 0xff, 0x20, 0xee, 0xff, 0x20, 0xee, 0xff, 
  0x20, 0xee, 0xff, 0x20, 0xee, 0xff, 0x20, 0xee, 0xff, 0x20, 0xee, 0xff, 
  0x20, 0xee, 0xff, 0x20, 0xee, 0xff, 0x20, 0xee, 0xff, 0x20, 0xee, 0xff, 
  0x20, 0xee, 0xff, 0x20, 0xee, 0xff, 0x20, 0xee, 0xff, 0x20, 0xee, 0xff, 
  0x20, 0xee, 0xff, 0x20, 0xee, 0xff, 0x20, 0xee, 0xff, 0x20, 0xee, 0xff, 
  0x20, 0xee, 0xff, 0x20, 0xee, 0xff, 0x20, 0xee, 0xff, 0x20, 0xee, 0xff, 
  0x20, 0xee, 0xff, 0x20, 0xee, 0xff, 0x20, 0xee, 0xff, 0x20, 0xee, 0xff, 
  0x20, 0xee, 0xff, 0x20, 0xee, 0xff, 0x20, 0xee, 0xff, 0x20, 0xee, 0xff, 
  0x20, 0xee, 0xff, 0x20, 0xee, 0xff, 0x20, 0xee, 0xff, 0x20, 0xee, 0xff, 
  0x20, 0xee, 0xff, 0x20, 0xee, 0xff, 0x20, 0xee, 0xff, 0x20, 0xee, 0xff, 
  0x20, 0xee, 0xff, 0x20, 0xee, 0xff, 0x20, 0xee, 0xff, 0x20, 0xee, 0xff, 
  0x20, 0xee, 0xff, 0x20, 0xee, 0xff, 0x20, 0xee, 0xff, 0x20, 0xee, 0xff, 
  0x20, 0xee, 0xff, 0x20, 0xee, 0xff, 0x20, 0xee, 0xff, 0x20, 0xee, 0xff, 
  0x20, 0xee, 0xff, 0x20, 0xee, 0xff, 0x20, 0xee, 0xff, 0x20, 0xee, 0xff, 
  0x20, 0xee, 0xff, 0x20, 0xee, 0xff, 0x20, 0xee, 0xff, 0x20, 0xee, 0xff, 
  0x20, 0xee, 0xff, 0x20, 0xee, 0xff, 0x20, 0xee, 0xff, 0x20, 0xee, 0xff, 
  0x20, 0xee, 0xff, 0x20, 0xee, 0xff, 0x20, 0xee, 0xff, 0x20, 0xee, 0xff, 
  0x20, 0xee, 0xff, 0x20, 0xee, 0xff, 0x20, 0xee, 0xff, 0x20, 0xee, 0xff, 
  0x20, 0xee, 0xff, 0x20, 0xee, 0xff, 0x20, 0xee, 0xff, 0x20, 0xee, 0xff, 
  0x20, 0xee, 0xff, 0x20, 0xee, 0xff, 0x20, 0xee, 0xff, 0x20, 0xee, 0xff, 
  0x20, 0xee, 0xff, 0x20, 0xee, 0xff, 0x20, 0xee, 0xff, 0x20, 0xee, 0xff, 
  0x20, 0xee, 0xff, 0x20, 0xee, 0xff, 0x20, 0xee, 0xff, 0x20, 0xee, 0xff, 
  0x20, 0xee, 0xff, 0x20, 0xee, 0xff, 0x20, 0xee, 0xff, 0x20, 0xee, 0xff, 
  0x20, 0xee, 0xff, 0x20, 0xee, 0xff, 0x20, 0xee, 0xff, 0x20, 0xee, 0xff, 
  0x20, 0xee, 0xff, 0x20, 0xee, 0xff, 0x20, 0xee, 0xff, 0x20, 0xee, 0xff, 
  0x20, 0xee, 0xff, 0x20, 0xee, 0xff, 0x20, 0xee, 0xff, 0x20, 0xee, 0xff, 
  0x20, 0xee, 0xff, 0x20, 0xee, 0xff, 0x20, 0xee, 0xff, 0x20, 0xee, 0xff, 
  0x20, 0xee, 0xff, 0x20, 0xee, 0xff, 0x20, 0xee, 0xff, 0x20, 0xee, 0xff, 
  0x20, 0xee, 0xff, 0x20, 0xee, 0xff, 0x20, 0xee, 0xff, 0x20, 0xee, 0xff, 
  0x20, 0xee, 0xff, 0x20, 0xee, 0xff, 0x20, 0xee, 0xff, 0x20, 0xee, 0xff, 
  0x20, 0xee, 0xff, 0x20, 0xee, 0xff, 0x20, 0xee, 0xff, 0x20, 0xee, 0xff, 
  0x20, 0xee, 0xff, 0x20, 0xee, 0xff, 0x20, 0xee, 0xff, 0x20, 0xee, 0xff, 
  0x20, 0xee, 0xff, 0x20, 0xee, 0xff, 0x20, 0xee, 0xff, 0x20, 0xee, 0xff, 
  0x20, 0xee, 0xff, 0x20, 0xee, 0xff, 0x20, 0xee, 0xff, 0x20, 0xee, 0xff, 
  0x20, 0xee, 0xff, 0x20, 0xee, 0xff, 0x20, 0xee, 0xff, 0x20, 0xee, 0xff, 
  0x20, 0xee, 0xff, 0x20, 0xee, 0xff, 0x20, 0xee, 0xff, 0x20, 0xee, 0xff, 
  0x20, 0xee, 0xff, 0x20, 0xee, 0xff, 0x20, 0xee, 0xff, 0x20, 0xee, 0xff, 
  0x20, 0xee, 0xff, 0x20, 0xee, 0xff, 0x20, 0xee, 0xff, 0x20, 0xee, 0xff, 
  0x20, 0xee, 0xff, 0x20, 0xee, 0xff, 0x20, 0xee, 0xff, 0x20, 0xee, 0xff, 
  0x20, 0xee, 0xff, 0x20, 0xee, 0xff, 0x20, 0xee, 0xff, 0x20, 0xee, 0xff, 
  0x20, 0xee, 0xff, 0x20, 0xee, 0xff, 0x20, 0xee, 0xff, 0x20, 0xee, 0xff, 
  0x20, 0xee, 0xff, 0x20, 0xee, 0xff, 0x20, 0xee, 0xff, 0x20, 0xee, 0xff, 
  0x20, 0xee, 0xff, 0x20, 0xee, 0xff, 0x20, 0xee, 0xff, 0x20, 0xee, 0xff, 
  0x20, 0xee, 0xff, 0x20, 0xee, 0xff, 0x20, 0xee, 0xff, 0x20, 0xee, 0xff, 
  0x20, 0xee, 0xff, 0x20, 0xee, 0xff, 0x20, 0xee, 0xff, 0x20, 0xee, 0xff, 
  0x20, 0xee, 0xff, 0x20, 0xee, 0xff, 0x20, 0xee, 0xff, 0x20, 0xee, 0xff, 
  0x20, 0xee, 0xff, 0x20, 0xee, 0xff, 0x20, 0xee, 0xff, 0x20, 0xee, 0xff, 
  0x20, 0xee, 0xff, 0x20, 0xee, 0xff, 0x20, 0xee, 0xff, 0x20, 0xee, 0xff, 
  0x20, 0xee, 0xff, 0x20, 0xee, 0xff, 0x20, 0xee, 0xff, 0x20, 0xee, 0xff, 
  0x20, 0xee, 0xff, 0x20, 0xee, 0xff, 0x20, 0xee, 0xff, 0x20, 0xee, 0xff, 
  0x20, 0xee, 0xff, 0x20, 0xee, 0xff, 0x20, 0xee, 0xff, 0x20, 0xee, 0xff, 
  0x20, 0xee, 0xff, 0x20, 0xee, 0xff, 0x20, 0xee, 0xff, 0x20, 0xee, 0xff, 
  0x20, 0xee, 0xff, 0x20, 0xee, 0xff, 0x20, 0xee, 0xff, 0x20, 0xee, 0xff, 
  0x20, 0xee, 0xff, 0x20, 0xee, 0xff, 0x20, 0xee, 0xff, 0x20, 0xee, 0xff, 
  0x20, 0xee, 0xff, 0x20, 0xee, 0xff, 0x20, 0xee, 0xff, 0x20, 0xee, 0xff, 
  0x20, 0xee, 0xff, 0x20, 0xee, 0xff, 0x20, 0xee, 0xff, 0x20, 0xee, 0xff, 
  0x20, 0xee, 0xff, 0x20, 0xee, 0xff, 0x20, 0xee, 0xff, 0x20, 0xee, 0xff, 
  0x20, 0xee, 0xff, 0x20, 0xee, 0xff, 0x20, 0xee, 0xff, 0x20, 0xee, 0xff, 
  0x20, 0xee, 0xff, 0x20, 0xee, 0xff, 0x20, 0xee, 0xff, 0x20, 0xee, 0xff, 
  0x20, 0xee, 0xff, 0x20, 0xee, 0xff, 0x20, 0xee, 0xff, 0x20, 0xee, 0xff, 
  0x20, 0xee, 0xff, 0x20, 0xee, 0xff, 0x20, 0xee, 0xff, 0x20, 0xee, 0xff, 
  0x20, 0xee, 0xff, 0x20, 0xee, 0xff, 0x20, 0xee, 0xff, 0x20, 0xee, 0xff, 
  0x20, 0xee, 0xff, 0x20, 0xee, 0xff, 0x20, 0xee, 0xff, 0x20, 0xee, 0xff, 
  0x20, 0xee, 0xff, 0x20, 0xee, 0xff, 0x20, 0xee, 0xff, 0x20, 0xee, 0xff, 
  0x20, 0xee, 0xff, 0x20, 0xee, 0xff, 0x20, 0xee, 0xff, 0x20, 0xee, 0xff, 
  0x20, 0xee, 0xff, 0x20, 0xee, 0xff, 0x20, 0xee, 0xff, 0x20, 0xee, 0xff, 
  0x20, 0xee, 0xff, 0x20, 0xee, 0xff, 0x20, 0xee, 0xff, 0x20, 0xee, 0xff, 
  0x20, 0xee, 0xff, 0x20, 0xee, 0xff, 0x20, 0xee, 0xff, 0x20, 0xee, 0xff, 
  0x20, 0xee, 0xff, 0x20, 0xee, 0xff, 0x20, 0xee, 0xff, 0x20, 0xee, 0xff, 
  0x20, 0xee, 0xff, 0x20, 0xee, 0xff, 0x20, 0xee, 0xff, 0x20, 0xee, 0xff, 
  0x20, 0xee, 0xff, 0x20, 0xee, 0xff, 0x20, 0xee, 0xff, 0x20, 0xee, 0xff, 
  0x20, 0xee, 0xff, 0x20, 0xee, 0xff, 0x20, 0xee, 0xff, 0x20, 0xee, 0xff, 
  0x20, 0xee, 0xff, 0x20, 0xee, 0xff, 0x20, 0xee, 0xff, 0x20, 0xee, 0xff, 
  0x20, 0xee, 0xff, 0x20, 0xee, 0xff, 0x20, 0xee, 0xff, 0x20, 0xee, 0xff, 
  0x20, 0xee, 0xff, 0x20, 0xee, 0xff, 0x20, 0xee, 0xff, 0x20, 0xee, 0xff, 
  0x20, 0xee, 0xff, 0x20, 0xee, 0xff, 0x20, 0xee, 0xff, 0x20, 0xee, 0xff, 
  0x20, 0xee, 0xff, 0x20, 0xee, 0xff, 0x20, 0xee, 0xff, 0x20, 0xee, 0xff, 
  0x20, 0xee, 0xff, 0x20, 0xee, 0xff, 0x20, 0xee, 0xff, 0x20, 0xee, 0xff, 
  0x20, 0xee, 0xff, 0x20, 0xee, 0xff, 0x20, 0xee, 0xff, 0x20, 0xee, 0xff, 
  0x20, 0xee, 0xff, 0x20, 0xee, 0xff, 0x20, 0xee, 0xff, 0x20, 0xee, 0xff, 
  0x20, 0xee, 0xff, 0x20, 0xee, 0xff, 0x20, 0xee, 0xff, 0x20, 0xee, 0xff, 
  0x20, 0xee, 0xff, 0x20, 0xee, 0xff, 0x20, 0xee, 0xff, 0x20, 0xee, 0xff, 
  0x20, 0xee, 0xff, 0x20, 0xee, 0xff, 0x20, 0xee, 0xff, 0x20, 0xee, 0xff, 
  0x20, 0xee, 0xff, 0x20, 0xee, 0xff, 0x20, 0xee, 0xff, 0x20, 0xee, 0xff, 
  0x20, 0xee, 0xff, 0x20, 0xee, 0xff, 0x20, 0xee, 0xff, 0x20, 0xee, 0xff, 
  0x20, 0xee, 0xff, 0x20, 0xee, 0xff, 0x20, 0xee, 0xff, 0x20, 0xee, 0xff, 
  0x20, 0xee, 0xff, 0x20, 0xee, 0xff, 0x20, 0xee, 0xff, 0x20, 0xee, 0xff, 
  0x20, 0xee, 0xff, 0x20, 0xee, 0xff, 0x20, 0xee, 0xff, 0x20, 0xee, 0xff, 
  0x20, 0xee, 0xff, 0x20, 0xee, 0xff, 0x20, 0xee, 0xff, 0x20, 0xee, 0xff, 
  0x20, 0xee, 0xff, 0x20, 0xee, 0xff, 0x20, 0xee, 0xff, 0x20, 0xee, 0xff, 
  0x20, 0xee, 0xff, 0x20, 0xee, 0xff, 0x20, 0xee, 0xff, 0x20, 0xee, 0xff, 
  0x20, 0xee, 0xff, 0x20, 0xee, 0xff, 0x20, 0xee, 0xff, 0x20, 0xee, 0xff, 
  0x20, 0xee, 0xff, 0x20, 0xee, 0xff, 0x20, 0xee, 0xff, 0x20, 0xee, 0xff, 
  0x20, 0xee, 0xff, 0x20, 0xee, 0xff, 0x20, 0xee, 0xff, 0x20, 0xee, 0xff, 
  0x20, 0xee, 0xff, 0x20, 0xee, 0xff, 0x20, 0xee, 0xff, 0x20, 0xee, 0xff, 
  0x20, 0xee, 0xff, 0x20, 0xee, 0xff, 0x20, 0xee, 0xff, 0x20, 0xee, 0xff, 
  0x20, 0xee, 0xff, 0x20, 0xee, 0xff, 0x20, 0xee, 0xff, 0x20, 0xee, 0xff, 
  0x20, 0xee, 0xff, 0x20, 0xee, 0xff, 0x20, 0xee, 0xff, 0x20, 0xee, 0xff, 
  0x20, 0xee, 0xff, 0x20, 0xee, 0xff, 0x20, 0xee, 0xff, 0x20, 0xee, 0xff, 
  0x20, 0xee, 0xff, 0x20, 0xee, 0xff, 0x20, 0xee, 0xff, 0x20, 0xee, 0xff, 
  0x20, 0xee, 0xff, 0x20, 0xee, 0xff, 0x20, 0xee, 0xff, 0x20, 0xee, 0xff, 
  0x20, 0xee, 0xff, 0x20, 0xee, 0xff, 0x20, 0xee, 0xff, 0x20, 0xee, 0xff, 
  0x20, 0xee, 0xff, 0x20, 0xee, 0xff, 0x20, 0xee, 0xff, 0x20, 0xee, 0xff, 
  0x20, 0xee, 0xff, 0x20, 0xee, 0xff, 0x20, 0xee, 0xff, 0x20, 0xee, 0xff, 
  0x20, 0xee, 0xff, 0x20, 0xee, 0xff, 0x20, 0xee, 0xff, 0x20, 0xee, 0xff, 
  0x20, 0xee, 0xff, 0x20, 0xee, 0xff, 0x20, 0xee, 0xff, 0x20, 0xee, 0xff, 
  0x20, 0xee, 0xff, 0x20, 0xee, 0xff, 0x20, 0xee, 0xff, 0x20, 0xee, 0xff, 
  0x20, 0xee, 0xff, 0x20, 0xee, 0xff, 0x20, 0xee, 0xff, 0x20, 0xee, 0xff, 
  0x20, 0xee, 0xff, 0x20, 0xee, 0xff, 0x20, 0xee, 0xff, 0x20, 0xee, 0xff, 
  0x20, 0xee, 0xff, 0x20, 0xee, 0xff, 0x20, 0xee, 0xff, 0x20, 0xee, 0xff, 
  0x20, 0xee, 0xff, 0x20, 0xee, 0xff, 0x20, 0xee, 0xff, 0x20, 0xee, 0xff, 
  0x20, 0xee, 0xff, 0x20, 0xee, 0xff, 0x20, 0xee, 0xff, 0x20, 0xee, 0xff, 
  0x20, 0xee, 0xff, 0x20, 0xee, 0xff, 0x20, 0xee, 0xff, 0x20, 0xee, 0xff, 
  0x20, 0xee, 0xff, 0x20, 0xee, 0xff, 0x20, 0xee, 0xff, 0x20, 0xee, 0xff, 
  0x20, 0xee, 0xff, 0x20, 0xee, 0xff, 0x20, 0xee, 0xff, 0x20, 0xee, 0xff, 
  0x20, 0xee, 0xff, 0x20, 0xee, 0xff, 0x20, 0xee, 0xff, 0x20, 0xee, 0xff, 
  0x20, 0xee, 0xff, 0x20, 0xee, 0xff, 0x20, 0xee, 0xff, 0x20, 0xee, 0xff, 
  0x20, 0xee, 0xff, 0x20, 0xee, 0xff, 0x20, 0xee, 0xff, 0x20, 0xee, 0xff, 
  0x20, 0xee, 0xff, 0x20, 0xee, 0xff, 0x20, 0xee, 0xff, 0x20, 0xee, 0xff, 
  0x20, 0xee, 0xff, 0x20, 0xee, 0xff, 0x20, 0xee, 0xff, 0x20, 0xee, 0xff, 
  0x20, 0xee, 0xff, 0x20, 0xee, 0xff, 0x20, 0xee, 0xff, 0x20, 0xee, 0xff, 
  0x20, 0xee, 0xff, 0x20, 0xee, 0xff, 0x20, 0xee, 0xff, 0x20, 0xee, 0xff, 
  0x20, 0xee, 0xff, 0x20, 0xee, 0xff, 0x20, 0xee, 0xff, 0x20, 0xee, 0xff, 
  0x20, 0xee, 0xff, 0x20, 0xee, 0xff, 0x20, 0xee, 0xff, 0x20, 0xee, 0xff, 
  0x20, 0xee, 0xff, 0x20, 0xee, 0xff, 0x20, 0xee, 0xff, 0x20, 0xee, 0xff, 
  0x20, 0xee, 0xff, 0x20, 0xee, 0xff, 0x20, 0xee, 0xff, 0x20, 0xee, 0xff, 
  0x20, 0xee, 0xff, 0x20, 0xee, 0xff, 0x20, 0xee, 0xff, 0x20, 0xee, 0xff, 
  0x20, 0xee, 0xff, 0x20, 0xee, 0xff, 0x20, 0xee, 0xff, 0x20, 0xee, 0xff, 
  0x20, 0xee, 0xff, 0x20, 0xee, 0xff, 0x20, 0xee, 0xff, 0x20, 0xee, 0xff, 
  0x20, 0xee, 0xff, 0x20, 0xee, 0xff, 0x20, 0xee, 0xff, 0x20, 0xee, 0xff, 
  0x20, 0xee, 0xff, 0x20, 0xee, 0xff, 0x20, 0xee, 0xff, 0x20, 0xee, 0xff, 
  0x20, 0xee, 0xff, 0x20, 0xee, 0xff, 0x20, 0xee, 0xff, 0x20, 0xee, 0xff, 
  0x20, 0xee, 0xff, 0x20, 0xee, 0xff, 0x20, 0xee, 0xff, 0x20, 0xee, 0xff, 
  0x20, 0xee, 0xff, 0x20, 0xee, 0xff, 0x20, 0xee, 0xff, 0x20, 0xee, 0xff, 
  0x20, 0xee, 0xff, 0x20, 0xee, 0xff, 0x20, 0xee, 0xff, 0x20, 0xee, 0xff, 
  0x20, 0xee, 0xff, 0x20, 0xee, 0xff, 0x20, 0xee, 0xff, 0x20, 0xee, 0xff, 
  0x20, 0xee, 0xff, 0x20, 0xee, 0xff, 0x20, 0xee, 0xff, 0x20, 0xee, 0xff, 
  0x20, 0xee, 0xff, 0x20, 0xee, 0xff, 0x20, 0xee, 0xff, 0x20, 0xee, 0xff, 
  0x20, 0xee, 0xff, 0x20, 0xee, 0xff, 0x20, 0xee, 0xff, 0x20, 0xee, 0xff, 
  0x20, 0xee, 0xff, 0x20, 0xee, 0xff, 0x20, 0xee, 0xff, 0x20, 0xee, 0xff, 
  0x20, 0xee, 0xff, 0x20, 0xee, 0xff, 0x20, 0xee, 0xff, 0x20, 0xee, 0xff, 
  0x20, 0xee, 0xff, 0x20, 0xee, 0xff, 0x20, 0xee, 0xff, 0x20, 0xee, 0xff, 
  0x20, 0xee, 0xff, 0x20, 0xee, 0xff, 0x20, 0xee, 0xff, 0x20, 0xee, 0xff, 
  0x20, 0xee, 0xff, 0x20, 0xee, 0xff, 0x20, 0xee, 0xff, 0x20, 0xee, 0xff, 
  0x20, 0xee, 0xff, 0x20, 0xee, 0xff, 0x20, 0xee, 0xff, 0x20, 0xee, 0xff, 
  0x20, 0xee, 0xff, 0x20, 0xee, 0xff, 0x20, 0xee, 0xff, 0x20, 0xee, 0xff, 
  0x20, 0xee, 0xff, 0x20, 0xee, 0xff, 0x20, 0xee, 0xff, 0x20, 0xee, 0xff, 
  0x20, 0xee, 0xff, 0x20, 0xee, 0xff, 0x20, 0xee, 0xff, 0x20, 0xee, 0xff, 
  0x20, 0xee, 0xff, 0x20, 0xee, 0xff, 0x20, 0xee, 0xff, 0x20, 0xee, 0xff, 
  0x20, 0xee, 0xff, 0x20, 0xee, 0xff, 0x20, 0xee, 0xff, 0x20, 0xee, 0xff, 
  0x20, 0xee, 0xff, 0x20, 0xee, 0xff, 0x20, 0xee, 0xff, 0x20, 0xee, 0xff, 
  0x20, 0xee, 0xff, 0x20, 0xee, 0xff, 0x20, 0xee, 0xff, 0x20, 0xee, 0xff, 
  0x20, 0xee, 0xff, 0x20, 0xee, 0xff, 0x20, 0xee, 0xff, 0x20, 0xee, 0xff, 
  0x20, 0xee, 0xff, 0x20, 0xee, 0xff, 0x20, 0xee, 0xff, 0x20, 0xee, 0xff, 
  0x20, 0xee, 0xff, 0x20, 0xee, 0xff, 0x20, 0xee, 0xff, 0x20, 0xee, 0xff, 
  0x20, 0xee, 0xff, 0x20, 0xee, 0xff, 0x20, 0xee, 0xff, 0x20, 0xee, 0xff, 
  0x20, 0xee, 0xff, 0x20, 0xee, 0xff, 0x20, 0xee, 0xff, 0x20, 0xee, 0xff, 
  0x20, 0xee, 0xff, 0x20, 0xee, 0xff, 0x20, 0xee, 0xff, 0x20, 0xee, 0xff, 
  0x20, 0xee, 0xff, 0x20, 0xee, 0xff, 0x20, 0xee, 0xff, 0x20, 0xee, 0xff, 
  0x20, 0xee, 0xff, 0x20, 0xee, 0xff, 0x20, 0xee, 0xff, 0x20, 0xee, 0xff, 
  0x20, 0xee, 0xff, 0x20, 0xee, 0xff, 0x20, 0xee, 0xff, 0x20, 0xee, 0xff, 
  0x20, 0xee, 0xff, 0x20, 0xee, 0xff, 0x20, 0xee, 0xff, 0x20, 0xee, 0xff, 
  0x20, 0xee, 0xff, 0x20, 0xee, 0xff, 0x20, 0xee, 0xff, 0x20, 0xee, 0xff, 
  0x20, 0xee, 0xff, 0x20, 0xee, 0xff, 0x20, 0xee, 0xff, 0x20, 0xee, 0xff, 
  0x20, 0xee, 0xff, 0x20, 0xee, 0xff, 0x20, 0xee, 0xff, 0x20, 0xee, 0xff, 
  0x20, 0xee, 0xff, 0x20, 0xee, 0xff, 0x20, 0xee, 0xff, 0x20, 0xee, 0xff, 
  0x20, 0xee, 0xff, 0x20, 0xee, 0xff, 0x20, 0xee, 0xff, 0x20, 0xee, 0xff, 
  0x20, 0xee, 0xff, 0x20, 0xee, 0xff, 0x20, 0xee, 0xff, 0x20, 0xee, 0xff, 
  0x20, 0xee, 0xff, 0x20, 0xee, 0xff, 0x20, 0xee, 0xff, 0x20, 0xee, 0xff, 
  0x20, 0xee, 0xff, 0x20, 0xee, 0xff, 0x20, 0xee, 0xff, 0x20, 0xee, 0xff, 
  0x20, 0xee, 0xff, 0x20, 0xee, 0xff, 0x20, 0xee, 0xff, 0x20, 0xee, 0xff, 
  0x20, 0xee, 0xff, 0x20, 0xee, 0xff, 0x20, 0xee, 0xff, 0x20, 0xee, 0xff, 
  0x20, 0xee, 0xff, 0x20, 0xee, 0xff, 0x20, 0xee, 0xff, 0x20, 0xee, 0xff, 
  0x20, 0xee, 0xff, 0x20, 0xee, 0xff, 0x20, 0xee, 0xff, 0x20, 0xee, 0xff, 
  0x20, 0xee, 0xff, 0x20, 0xee, 0xff, 0x20, 0xee, 0xff, 0x20, 0xee, 0xff, 
  0x20, 0xee, 0xff, 0x20, 0xee, 0xff, 0x20, 0xee, 0xff, 0x20, 0xee, 0xff, 
  0x20, 0xee, 0xff, 0x20, 0xee, 0xff, 0x20, 0xee, 0xff, 0x20, 0xee, 0xff, 
  0x20, 0xee, 0xff, 0x20, 0xee, 0xff, 0x20, 0xee, 0xff, 0x20, 0xee, 0xff, 
  0x20, 0xee, 0xff, 0x20, 0xee, 0xff, 0x20, 0xee, 0xff, 0x20, 0xee, 0xff, 
  0x20, 0xee, 0xff, 0x20, 0xee, 0xff, 0x20, 0xee, 0xff, 0x20, 0xee, 0xff, 
  0x20, 0xee, 0xff, 0x20, 0xee, 0xff, 0x20, 0xee, 0xff, 0x20, 0xee, 0xff, 
  0x20, 0xee, 0xff, 0x20, 0xee, 0xff, 0x20, 0xee, 0xff, 0x20, 0xee, 0xff, 
  0x20, 0xee, 0xff, 0x20, 0xee, 0xff, 0x20, 0xee, 0xff, 0x20, 0xee, 0xff, 
  0x20, 0xee, 0xff, 0x20, 0xee, 0xff, 0x20, 0xee, 0xff, 0x20, 0xee, 0xff, 
  0x20, 0xee, 0xff, 0x20, 0xee, 0xff, 0x20, 0xee, 0xff, 0x20, 0xee, 0xff, 
  0x20, 0xee, 0xff, 0x20, 0xee, 0xff, 0x20, 0xee, 0xff, 0x20, 0xee, 0xff, 
  0x20, 0xee, 0xff, 0x20, 0xee, 0xff, 0x20, 0xee, 0xff, 0x20, 0xee, 0xff, 
  0x20, 0xee, 0xff, 0x20, 0xee, 0xff, 0x20, 0xee, 0xff, 0x20, 0xee, 0xff, 
  0x20, 0xee, 0xff, 0x20, 0xee, 0xff, 0x20, 0xee, 0xff, 0x20, 0xee, 0xff, 
  0x20, 0xee, 0xff, 0x20, 0xee, 0xff, 0x20, 0xee, 0xff, 0x20, 0xee, 0xff, 
  0x20, 0xee, 0xff, 0x20, 0xee, 0xff, 0x20, 0xee, 0xff, 0x20, 0xee, 0xff, 
  0x20, 0xee, 0xff, 0x20, 0xee, 0xff, 0x20, 0xee, 0xff, 0x20, 0xee, 0xff, 
  0x20, 0xee, 0xff, 0x20, 0xee, 0xff, 0x20, 0xee, 0xff, 0x20, 0xee, 0xff, 
  0x20, 0xee, 0xff, 0x20, 0xee, 0xff, 0x20, 0xee, 0xff, 0x20, 0xee, 0xff, 
  0x20, 0xee, 0xff, 0x20, 0xee, 0xff, 0x20, 0xee, 0xff, 0x20, 0xee, 0xff, 
  0x20, 0xee, 0xff, 0x20, 0xee, 0xff, 0x20, 0xee, 0xff, 0x20, 0xee, 0xff, 
  0x20, 0xee, 0xff, 0x20, 0xee, 0xff, 0x20, 0xee, 0xff, 0x20, 0xee, 0xff, 
  0x20, 0xee, 0xff, 0x20, 0xee, 0xff, 0x20, 0xee, 0xff, 0x20, 0xee, 0xff, 
  0x20, 0xee, 0xff, 0x20, 0xee, 0xff, 0x20, 0xee, 0xff, 0x20, 0xee, 0xff, 
  0x20, 0xee, 0xff, 0x20, 0xee, 0xff, 0x20, 0xee, 0xff, 0x20, 0xee, 0xff, 
  0x20, 0xee, 0xff, 0x20, 0xee, 0xff, 0x20, 0xee, 0xff, 0x20, 0xee, 0xff, 
  0x20, 0xee, 0xff, 0x20, 0xee, 0xff, 0x20, 0xee, 0xff, 0x20, 0xee, 0xff, 
  0x20, 0xee, 0xff, 0x20, 0xee, 0xff, 0x20, 0xee, 0xff, 0x20, 0xee, 0xff, 
  0x20, 0xee, 0xff, 0x20, 0xee, 0xff, 0x20, 0xee, 0xff, 0x20, 0xee, 0xff, 
  0x20, 0xee, 0xff, 0x20, 0xee, 0xff, 0x20, 0xee, 0xff, 0x20, 0xee, 0xff, 
  0x20, 0xee, 0xff, 0x20, 0xee, 0xff, 0x20, 0xee, 0xff, 0x20, 0xee, 0xff, 
  0x20, 0xee, 0xff, 0x20, 0xee, 0xff, 0x20, 0xee, 0xff, 0x20, 0xee, 0xff, 
  0x20, 0xee, 0xff, 0x20, 0xee, 0xff, 0x20, 0xee, 0xff, 0x20, 0xee, 0xff, 
  0x20, 0xee, 0xff, 0x20, 0xee, 0xff, 0x20, 0xee, 0xff, 0x20, 0xee, 0xff, 
  0x20, 0xee, 0xff, 0x20, 0xee, 0xff, 0x20, 0xee, 0xff, 0x20, 0xee, 0xff, 
  0x20, 0xee, 0xff, 0x20, 0xee, 0xff, 0x20, 0xee, 0xff, 0x20, 0xee, 0xff, 
  0x20, 0xee, 0xff, 0x20, 0xee, 0xff, 0x20, 0xee, 0xff, 0x20, 0xee, 0xff, 
  0x20, 0xee, 0xff, 0x20, 0xee, 0xff, 0x20, 0xee, 0xff, 0x20, 0xee, 0xff, 
  0x20, 0xee, 0xff, 0x20, 0xee, 0xff, 0x20, 0xee, 0xff, 0x20, 0xee, 0xff, 
  0x20, 0xee, 0xff, 0x20, 0xee, 0xff, 0x20, 0xee, 0xff, 0x20, 0xee, 0xff, 
  0x20, 0xee, 0xff, 0x20, 0xee, 0xff, 0x20, 0xee, 0xff, 0x20, 0xee, 0xff, 
  0x20, 0xee, 0xff, 0x20, 0xee, 0xff, 0x20, 0xee, 0xff, 0x20, 0xee, 0xff, 
  0x20, 0xee, 0xff, 0x20, 0xee, 0xff, 0x20, 0xee, 0xff, 0x20, 0xee, 0xff, 
  0x20, 0xee, 0xff, 0x20, 0xee, 0xff, 0x20, 0xee, 0xff, 0x20, 0xee, 0xff, 
  0x20, 0xee, 0xff, 0x20, 0xee, 0xff, 0x20, 0xee, 0xff, 0x20, 0xee, 0xff, 
  0x20, 0xee, 0xff, 0x20, 0xee, 0xff, 0x20, 0xee, 0xff, 0x20, 0xee, 0xff, 
  0x20, 0xee, 0xff, 0x20, 0xee, 0xff, 0x20, 0xee, 0xff, 0x20, 0xee, 0xff, 
  0x20, 0xee, 0xff, 0x20, 0xee, 0xff, 0x20, 0xee, 0xff, 0x20, 0xee, 0xff, 
  0x20, 0xee, 0xff, 0x20, 0xee, 0xff, 0x20, 0xee, 0xff, 0x20, 0xee, 0xff, 
  0x20, 0xee, 0xff, 0x20, 0xee, 0xff, 0x20, 0xee, 0xff, 0x20, 0xee, 0xff, 
  0x20, 0xee, 0xff, 0x20, 0xee, 0xff, 0x20, 0xee, 0xff, 0x20, 0xee, 0xff, 
  0x20, 0xee, 0xff, 0x20, 0xee, 0xff, 0x20, 0xee, 0xff, 0x20, 0xee, 0xff, 
  0x20, 0xee, 0xff, 0x20, 0xee, 0xff, 0x20, 0xee, 0xff, 0x20, 0xee, 0xff, 
  0x20, 0xee, 0xff, 0x20, 0xee, 0xff, 0x20, 0xee, 0xff, 0x20, 0xee, 0xff, 
  0x20, 0xee, 0xff, 0x20, 0xee, 0xff, 0x20, 0xee, 0xff, 0x20, 0xee, 0xff, 
  0x20, 0xee, 0xff, 0x20, 0xee, 0xff, 0x20, 0xee, 0xff, 0x20, 0xee, 0xff, 
  0x20, 0xee, 0xff, 0x20, 0xee, 0xff, 0x20, 0xee, 0xff, 0x20, 0xee, 0xff, 
  0x20, 0xee, 0xff, 0x20, 0xee, 0xff, 0x20, 0xee, 0xff, 0x20, 0xee, 0xff, 
  0x20, 0xee, 0xff, 0x20, 0xee, 0xff, 0x20, 0xee, 0xff, 0x20, 0xee, 0xff, 
  0x20, 0xee, 0xff, 0x20, 0xee, 0xff, 0x20, 0xee, 0xff, 0x20, 0xee, 0xff, 
  0x20, 0xee, 0xff, 0x20, 0xee, 0xff, 0x20, 0xee, 0xff, 0x20, 0xee, 0xff, 
  0x20, 0xee, 0xff, 0x20, 0xee, 0xff, 0x20, 0xee, 0xff, 0x20, 0xee, 0xff, 
  0x20, 0xee, 0xff, 0x20, 0xee, 0xff, 0x20, 0xee, 0xff, 0x20, 0xee, 0xff, 
  0x20, 0xee, 0xff, 0x20, 0xee, 0xff, 0x20, 0xee, 0xff, 0x20, 0xee, 0xff, 
  0x20, 0xee, 0xff, 0x20, 0xee, 0xff, 0x20, 0xee, 0xff, 0x20, 0xee, 0xff, 
  0x20, 0xee, 0xff, 0x20, 0xee, 0xff, 0x20, 0xee, 0xff, 0x20, 0xee, 0xff, 
  0x20, 0xee, 0xff, 0x20, 0xee, 0xff, 0x20, 0xee, 0xff, 0x20, 0xee, 0xff, 
  0x20, 0xee, 0xff, 0x20, 0xee, 0xff, 0x20, 0xee, 0xff, 0x20, 0xee, 0xff, 
  0x20, 0xee, 0xff, 0x20, 0xee, 0xff, 0x20, 0xee, 0xff, 0x20, 0xee, 0xff, 
  0x20, 0xee, 0xff, 0x20, 0xee, 0xff, 0x20, 0xee, 0xff, 0x20, 0xee, 0xff, 
  0x20, 0xee, 0xff, 0x20, 0xee, 0xff, 0x20, 0xee, 0xff, 0x20, 0xee, 0xff, 
  0x20, 0xee, 0xff, 0x20, 0xee, 0xff, 0x20, 0xee, 0xff, 0x20, 0xee, 0xff, 
  0x20, 0xee, 0xff, 0x20, 0xee, 0xff, 0x20, 0xee, 0xff, 0x20, 0xee, 0xff, 
  0x20, 0xee, 0xff, 0x20, 0xee, 0xff, 0x20, 0xee, 0xff, 0x20, 0xee, 0xff, 
  0x20, 0xee, 0xff, 0x20, 0xee, 0xff, 0x20, 0xee, 0xff, 0x20, 0xee, 0xff, 
  0x20, 0xee, 0xff, 0x20, 0xee, 0xff, 0x20, 0xee, 0xff, 0x20, 0xee, 0xff, 
  0x20, 0xee, 0xff, 0x20, 0xee, 0xff, 0x20, 0xee, 0xff, 0x20, 0xee, 0xff, 
  0x20, 0xee, 0xff, 0x20, 0xee, 0xff, 0x20, 0xee, 0xff, 0x20, 0xee, 0xff, 
  0x20, 0xee, 0xff, 0x20, 0xee, 0xff, 0x20, 0xee, 0xff, 0x20, 0xee, 0xff, 
  0x20, 0xee, 0xff, 0x20, 0xee, 0xff, 0x20, 0xee, 0xff, 0x20, 0xee, 0xff, 
  0x20, 0xee, 0xff, 0x20, 0xee, 0xff, 0x20, 0xee, 0xff, 0x20, 0xee, 0xff, 
  0x20, 0xee, 0xff, 0x20, 0xee, 0xff, 0x20, 0xee, 0xff, 0x20, 0xee, 0xff, 
  0x20, 0xee, 0xff, 0x20, 0xee, 0xff, 0x20, 0xee, 0xff, 0x20, 0xee, 0xff, 
  0x20, 0xee, 0xff, 0x20, 0xee, 0xff, 0x20, 0xee, 0xff, 0x20, 0xee, 0xff, 
  0x20, 0xee, 0xff, 0x20, 0xee, 0xff, 0x20, 0xee, 0xff, 0x20, 0xee, 0xff, 
  0x20, 0xee, 0xff, 0x20, 0xee, 0xff, 0x20, 0xee, 0xff, 0x20, 0xee, 0xff, 
  0x20, 0xee, 0xff, 0x20, 0xee, 0xff, 0x20, 0xee, 0xff, 0x20, 0xee, 0xff, 
  0x20, 0xee, 0xff, 0x20, 0xee, 0xff, 0x20, 0xee, 0xff, 0x20, 0xee, 0xff, 
  0x20, 0xee, 0xff, 0x20, 0xee, 0xff, 0x20, 0xee, 0xff, 0x20, 0xee, 0xff, 
  0x20, 0xee, 0xff, 0x20, 0xee, 0xff, 0x20, 0xee, 0xff, 0x20, 0xee, 0xff, 
  0x20, 0xee, 0xff, 0x20, 0xee, 0xff, 0x20, 0xee, 0xff, 0x20, 0xee, 0xff, 
  0x20, 0xee, 0xff, 0x20, 0xee, 0xff, 0x20, 0xee, 0xff, 0x20, 0xee, 0xff, 
  0x20, 0xee, 0xff, 0x20, 0xee, 0xff, 0x20, 0xee, 0xff, 0x20, 0xee, 0xff, 
  0x20, 0xee, 0xff, 0x20, 0xee, 0xff, 0x20, 0xee, 0xff, 0x20, 0xee, 0xff, 
  0x20, 0xee, 0xff, 0x20, 0xee, 0xff, 0x20, 0xee, 0xff, 0x20, 0xee, 0xff, 
  0x20, 0xee, 0xff, 0x20, 0xee, 0xff, 0x20, 0xee, 0xff, 0x20, 0xee, 0xff, 
  0x20, 0xee, 0xff, 0x20, 0xee, 0xff, 0x20, 0xee, 0xff, 0x20, 0xee, 0xff, 
  0x20, 0xee, 0xff, 0x20, 0xee, 0xff, 0x20, 0xee, 0xff, 0x20, 0xee, 0xff, 
  0x20, 0xee, 0xff, 0x20, 0xee, 0xff, 0x20, 0xee, 0xff, 0x20, 0xee, 0xff, 
  0x20, 0xee, 0xff, 0x20, 0xee, 0xff, 0x20, 0xee, 0xff, 0x20, 0xee, 0xff, 
  0x20, 0xee, 0xff, 0x20, 0xee, 0xff, 0x20, 0xee, 0xff, 0x20, 0xee, 0xff, 
  0x20, 0xee, 0xff, 0x20, 0xee, 0xff, 0x20, 0xee, 0xff, 0x20, 0xee, 0xff, 
  0x20, 0xee, 0xff, 0x20, 0xee, 0xff, 0x20, 0xee, 0xff, 0x20, 0xee, 0xff, 
  0x20, 0xee, 0xff, 0x20, 0xee, 0xff, 0x20, 0xee, 0xff, 0x20, 0xee, 0xff, 
  0x20, 0xee, 0xff, 0x20, 0xee, 0xff, 0x20, 0xee, 0xff, 0x20, 0xee, 0xff, 
  0x20, 0xee, 0xff, 0x20, 0xee, 0xff, 0x20, 0xee, 0xff, 0x20, 0xee, 0xff, 
  0x20, 0xee, 0xff, 0x20, 0xee, 0xff, 0x20, 0xee, 0xff, 0x20, 0xee, 0xff, 
  0x20, 0xee, 0xff, 0x20, 0xee, 0xff, 0x20, 0xee, 0xff, 0x20, 0xee, 0xff, 
  0x20, 0xee, 0xff, 0x20, 0xee, 0xff, 0x20, 0xee, 0xff, 0x20, 0xee, 0xff, 
  0x20, 0xee, 0xff, 0x20, 0xee, 0xff, 0x20, 0xee, 0xff, 0x20, 0xee, 0xff, 
  0x20, 0xee, 0xff, 0x20, 0xee, 0xff, 0x20, 0xee, 0xff, 0x20, 0xee, 0xff, 
  0x20, 0xee, 0xff, 0x20, 0xee, 0xff, 0x20, 0xee, 0xff, 0x20, 0xee, 0xff, 
  0x20, 0xee, 0xff, 0x20, 0xee, 0xff, 0x20, 0xee, 0xff, 0x20, 0xee, 0xff, 
  0x20, 0xee, 0xff, 0x20, 0xee, 0xff, 0x20, 0xee, 0xff, 0x20, 0xee, 0xff, 
  0x20, 0xee, 0xff, 0x20, 0xee, 0xff, 0x20, 0xee, 0xff, 0x20, 0xee, 0xff, 
  0x20, 0xee, 0xff, 0x20, 0xee, 0xff, 0x20, 0xee, 0xff, 0x20, 0xee, 0xff, 
  0x20, 0xee, 0xff, 0x20, 0xee, 0xff, 0x20, 0xee, 0xff, 0x20, 0xee, 0xff, 
  0x20, 0xee, 0xff, 0x20, 0xee, 0xff, 0x20, 0xee, 0xff, 0x20, 0xee, 0xff, 
  0x20, 0xee, 0xff, 0x20, 0xee, 0xff, 0x20, 0xee, 0xff, 0x20, 0xee, 0xff, 
  0x20, 0xee, 0xff, 0x20, 0xee, 0xff, 0x20, 0xee, 0xff, 0x20, 0xee, 0xff, 
  0x20, 0xee, 0xff, 0x20, 0xee, 0xff, 0x20, 0xee, 0xff, 0x20, 0xee, 0xff, 
  0x20, 0xee, 0xff, 0x20, 0xee, 0xff, 0x20, 0xee, 0xff, 0x20, 0xee, 0xff, 
  0x20, 0xee, 0xff, 0x20, 0xee, 0xff, 0x20, 0xee, 0xff, 0x20, 0xee, 0xff, 
  0x20, 0xee, 0xff, 0x20, 0xee, 0xff, 0x20, 0xee, 0xff, 0x20, 0xee, 0xff, 
  0x20, 0xee, 0xff, 0x20, 0xee, 0xff, 0x20, 0xee, 0xff, 0x20, 0xee, 0xff, 
  0x20, 0xee, 0xff, 0x20, 0xee, 0xff, 0x20, 0xee, 0xff, 0x20, 0xee, 0xff, 
  0x20, 0xee, 0xff, 0x20, 0xee, 0xff, 0x20, 0xee, 0xff, 0x20, 0xee, 0xff, 
  0x20, 0xee, 0xff, 0x20, 0xee, 0xff, 0x20, 0xee, 0xff, 0x20, 0xee, 0xff, 
  0x20, 0xee, 0xff, 0x20, 0xee, 0xff, 0x20, 0xee, 0xff, 0x20, 0xee, 0xff, 
  0x20, 0xee, 0xff, 0x20, 0xee, 0xff, 0x20, 0xee, 0xff, 0x20, 0xee, 0xff, 
  0x20, 0xee, 0xff, 0x20, 0xee, 0xff, 0x20, 0xee, 0xff, 0x20, 0xee, 0xff, 
  0x20, 0xee, 0xff, 0x20, 0xee, 0xff, 0x20, 0xee, 0xff, 0x20, 0xee, 0xff, 
  0x20, 0xee, 0xff, 0x20, 0xee, 0xff, 0x20, 0xee, 0xff, 0x20, 0xee, 0xff, 
  0x20, 0xee, 0xff, 0x20, 0xee, 0xff, 0x20, 0xee, 0xff, 0x20, 0xee, 0xff, 
  0x20, 0xee, 0xff, 0x20, 0xee, 0xff, 0x20, 0xee, 0xff, 0x20, 0xee, 0xff, 
  0x20, 0xee, 0xff, 0x20, 0xee, 0xff, 0x20, 0xee, 0xff, 0x20, 0xee, 0xff, 
  0x20, 0xee, 0xff, 0x20, 0xee, 0xff, 0x20, 0xee, 0xff, 0x20, 0xee, 0xff, 
  0x20, 0xee, 0xff, 0x20, 0xee, 0xff, 0x20, 0xee, 0xff, 0x20, 0xee, 0xff, 
  0x20, 0xee, 0xff, 0x20, 0xee, 0xff, 0x20, 0xee, 0xff, 0x20, 0xee, 0xff, 
  0x20, 0xee, 0xff, 0x20, 0xee, 0xff, 0x20, 0xee, 0xff, 0x20, 0xee, 0xff, 
  0x20, 0xee, 0xff, 0x20, 0xee, 0xff, 0x20, 0xee, 0xff, 0x20, 0xee, 0xff, 
  0x20, 0xee, 0xff, 0x20, 0xee, 0xff, 0x20, 0xee, 0xff, 0x20, 0xee, 0xff, 
  0x20, 0xee, 0xff, 0x20, 0xee, 0xff, 0x20, 0xee, 0xff, 0x20, 0xee, 0xff, 
  0x20, 0xee, 0xff, 0x20, 0xee, 0xff, 0x20, 0xee, 0xff, 0x20, 0xee, 0xff, 
  0x20, 0xee, 0xff, 0x20, 0xee, 0xff, 0x20, 0xee, 0xff, 0x20, 0xee, 0xff, 
  0x20, 0xee, 0xff, 0x20, 0xee, 0xff, 0x20, 0xee, 0xff, 0x20, 0xee, 0xff, 
  0x20, 0xee, 0xff, 0x20, 0xee, 0xff, 0x20, 0xee, 0xff, 0x20, 0xee, 0xff, 
  0x20, 0xee, 0xff, 0x20, 0xee, 0xff, 0x20, 0xee, 0xff, 0x20, 0xee, 0xff, 
  0x20, 0xee, 0xff, 0x20, 0xee, 0xff, 0x20, 0xee, 0xff, 0x20, 0xee, 0xff, 
  0x20, 0xee, 0xff, 0x20, 0xee, 0xff, 0x20, 0xee, 0xff, 0x20, 0xee, 0xff, 
  0x20, 0xee, 0xff, 0x20, 0xee, 0xff, 0x20, 0xee, 0xff, 0x20, 0xee, 0xff, 
  0x20, 0xee, 0xff, 0x20, 0xee, 0xff, 0x20, 0xee, 0xff, 0x20, 0xee, 0xff, 
  0x20, 0xee, 0xff, 0x20, 0xee, 0xff, 0x20, 0xee, 0xff, 0x20, 0xee, 0xff, 
  0x20, 0xee, 0xff, 0x20, 0xee, 0xff, 0x20, 0xee, 0xff, 0x20, 0xee, 0xff, 
  0x20, 0xee, 0xff, 0x20, 0xee, 0xff, 0x20, 0xee, 0xff, 0x20, 0xee, 0xff, 
  0x20, 0xee, 0xff, 0x20, 0xee, 0xff, 0x20, 0xee, 0xff, 0x20, 0xee, 0xff, 
  0x20, 0xee, 0xff, 0x20, 0xee, 0xff, 0x20, 0xee, 0xff, 0x20, 0xee, 0xff, 
  0x20, 0xee, 0xff, 0x20, 0xee, 0xff, 0x20, 0xee, 0xff, 0x20, 0xee, 0xff, 
  0x20, 0xee, 0xff, 0x20, 0xee, 0xff, 0x20, 0xee, 0xff, 0x20, 0xee, 0xff, 
  0x20, 0xee, 0xff, 0x20, 0xee, 0xff, 0x20, 0xee, 0xff, 0x20, 0xee, 0xff, 
  0x20, 0xee, 0xff, 0x20, 0xee, 0xff, 0x20, 0xee, 0xff, 0x20, 0xee, 0xff, 
  0x20, 0xee, 0xff, 0x20, 0xee, 0xff, 0x20, 0xee, 0xff, 0x20, 0xee, 0xff, 
  0x20, 0xee, 0xff, 0x20, 0xee, 0xff, 0x20, 0xee, 0xff, 0x20, 0xee, 0xff, 
  0x20, 0xee, 0xff, 0x20, 0xee, 0xff, 0x20, 0xee, 0xff, 0x20, 0xee, 0xff, 
  0x20, 0xee, 0xff, 0x20, 0xee, 0xff, 0x20, 0xee, 0xff, 0x20, 0xee, 0xff, 
  0x20, 0xee, 0xff, 0x20, 0xee, 0xff, 0x20, 0xee, 0xff, 0x20, 0xee, 0xff, 
  0x20, 0xee, 0xff, 0x20, 0xee, 0xff, 0x20, 0xee, 0xff, 0x20, 0xee, 0xff, 
  0x20, 0xee, 0xff, 0x20, 0xee, 0xff, 0x20, 0xee, 0xff, 0x20, 0xee, 0xff, 
  0x20, 0xee, 0xff, 0x20, 0xee, 0xff, 0x20, 0xee, 0xff, 0x20, 0xee, 0xff, 
  0x20, 0xee, 0xff, 0x20, 0xee, 0xff, 0x20, 0xee, 0xff, 0x20, 0xee, 0xff, 
  0x20, 0xee, 0xff, 0x20, 0xee, 0xff, 0x20, 0xee, 0xff, 0x20, 0xee, 0xff, 
  0x20, 0xee, 0xff, 0x20, 0xee, 0xff, 0x20, 0xee, 0xff, 0x20, 0xee, 0xff, 
  0x20, 0xee, 0xff, 0x20, 0xee, 0xff, 0x20, 0xee, 0xff, 0x20, 0xee, 0xff, 
  0x20, 0xee, 0xff, 0x20, 0xee, 0xff, 0x20, 0xee, 0xff, 0x20, 0xee, 0xff, 
  0x20, 0xee, 0xff, 0x20, 0xee, 0xff, 0x20, 0xee, 0xff, 0x20, 0xee, 0xff, 
  0x20, 0xee, 0xff, 0x20, 0xee, 0xff, 0x20, 0xee, 0xff, 0x20, 0xee, 0xff, 
  0x20, 0xee, 0xff, 0x20, 0xee, 0xff, 0x20, 0xee, 0xff, 0x20, 0xee, 0xff, 
  0x20, 0xee, 0xff, 0x20, 0xee, 0xff, 0x20, 0xee, 0xff, 0x20, 0xee, 0xff, 
  0x20, 0xee, 0xff, 0x20, 0xee, 0xff, 0x20, 0xee, 0xff, 0x20, 0xee, 0xff, 
  0x20, 0xee, 0xff, 0x20, 0xee, 0xff, 0x20, 0xee, 0xff, 0x20, 0xee, 0xff, 
  0x20, 0xee, 0xff, 0x20, 0xee, 0xff, 0x20, 0xee, 0xff, 0x20, 0xee, 0xff, 
  0x20, 0xee, 0xff, 0x20, 0xee, 0xff, 0x20, 0xee, 0xff, 0x20, 0xee, 0xff, 
  0x20, 0xee, 0xff, 0x20, 0xee, 0xff, 0x20, 0xee, 0xff, 0x20, 0xee, 0xff, 
  0x20, 0xee, 0xff, 0x20, 0xee, 0xff, 0x20, 0xee, 0xff, 0x20, 0xee, 0xff, 
  0x20, 0xee, 0xff, 0x20, 0xee, 0xff, 0x20, 0xee, 0xff, 0x20, 0xee, 0xff, 
  0x20, 0xee, 0xff, 0x20, 0xee, 0xff, 0x20, 0xee, 0xff, 0x20, 0xee, 0xff, 
  0x20, 0xee, 0xff, 0x20, 0xee, 0xff, 0x20, 0xee, 0xff, 0x20, 0xee, 0xff, 
  0x20, 0xee, 0xff, 0x20, 0xee, 0xff, 0x20, 0xee, 0xff, 0x20, 0xee, 0xff, 
  0x20, 0xee, 0xff, 0x20, 0xee, 0xff, 0x20, 0xee, 0xff, 0x20, 0xee, 0xff, 
  0x20, 0xee, 0xff, 0x20, 0xee, 0xff, 0x20, 0xee, 0xff, 0x20, 0xee, 0xff, 
  0x20, 0xee, 0xff, 0x20, 0xee, 0xff, 0x20, 0xee, 0xff, 0x20, 0xee, 0xff, 
  0x20, 0xee, 0xff, 0x20, 0xee, 0xff, 0x20, 0xee, 0xff, 0x20, 0xee, 0xff, 
  0x20, 0xee, 0xff, 0x20, 0xee, 0xff, 0x20, 0xee, 0xff, 0x20, 0xee, 0xff, 
  0x20, 0xee, 0xff, 0x20, 0xee, 0xff, 0x20, 0xee, 0xff, 0x20, 0xee, 0xff, 
  0x20, 0xee, 0xff, 0x20, 0xee, 0xff, 0x20, 0xee, 0xff, 0x20, 0xee, 0xff, 
  0x20, 0xee, 0xff, 0x20, 0xee, 0xff, 0x20, 0xee, 0xff, 0x20, 0xee, 0xff, 
  0x20, 0xee, 0xff, 0x20, 0xee, 0xff, 0x20, 0xee, 0xff, 0x20, 0xee, 0xff, 
  0x20, 0xee, 0xff, 0x20, 0xee, 0xff, 0x20, 0xee, 0xff, 0x20, 0xee, 0xff, 
  0x20, 0xee, 0xff, 0x20, 0xee, 0xff, 0x20, 0xee, 0xff, 0x20, 0xee, 0xff, 
  0x20, 0xee, 0xff, 0x20, 0xee, 0xff, 0x20, 0xee, 0xff, 0x20, 0xee, 0xff, 
  0x20, 0xee, 0xff, 0x20, 0xee, 0xff, 0x20, 0xee, 0xff, 0x20, 0xee, 0xff, 
  0x20, 0xee, 0xff, 0x20, 0xee, 0xff, 0x20, 0xee, 0xff, 0x20, 0xee, 0xff, 
  0x20, 0xee, 0xff, 0x20, 0xee, 0xff, 0x20, 0xee, 0xff, 0x20, 0xee, 0xff, 
  0x20, 0xee, 0xff, 0x20, 0xee, 0xff, 0x20, 0xee, 0xff, 0x20, 0xee, 0xff, 
  0x20, 0xee, 0xff, 0x20, 0xee, 0xff, 0x20, 0xee, 0xff, 0x20, 0xee, 0xff, 
  0x20, 0xee, 0xff, 0x20, 0xee, 0xff, 0x20, 0xee, 0xff, 0x20, 0xee, 0xff, 
  0x20, 0xee, 0xff, 0x20, 0xee, 0xff, 0x20, 0xee, 0xff, 0x20, 0xee, 0xff, 
  0x20, 0xee, 0xff, 0x20, 0xee, 0xff, 0x20, 0xee, 0xff, 0x20, 0xee, 0xff, 
  0x20, 0xee, 0xff, 0x20, 0xee, 0xff, 0x20, 0xee, 0xff, 0x20, 0xee, 0xff, 
  0x20, 0xee, 0xff, 0x20, 0xee, 0xff, 0x20, 0xee, 0xff, 0x20, 0xee, 0xff, 
  0x20, 0xee, 0xff, 0x20, 0xee, 0xff, 0x20, 0xee, 0xff, 0x20, 0xee, 0xff, 
  0x20, 0xee, 0xff, 0x20, 0xee, 0xff, 0x20, 0xee, 0xff, 0x20, 0xee, 0xff, 
  0x20, 0xee, 0xff, 0x20, 0xee, 0xff, 0x20, 0xee, 0xff, 0x20, 0xee, 0xff, 
  0x20, 0xee, 0xff, 0x20, 0xee, 0xff, 0x20, 0xee, 0xff, 0x20, 0xee, 0xff, 
  0x20, 0xee, 0xff, 0x20, 0xee, 0xff, 0x20, 0xee, 0xff, 0x20, 0xee, 0xff, 
  0x20, 0xee, 0xff, 0x20, 0xee, 0xff, 0x20, 0xee, 0xff, 0x20, 0xee, 0xff, 
  0x20, 0xee, 0xff, 0x20, 0xee, 0xff, 0x20, 0xee, 0xff, 0x20, 0xee, 0xff, 
  0x20, 0xee, 0xff, 0x20, 0xee, 0xff, 0x20, 0xee, 0xff, 0x20, 0xee, 0xff, 
  0x20, 0xee, 0xff, 0x20, 0xee, 0xff, 0x20, 0xee, 0xff, 0x20, 0xee, 0xff, 
  0x20, 0xee, 0xff, 0x20, 0xee, 0xff, 0x20, 0xee, 0xff, 0x20, 0xee, 0xff, 
  0x20, 0xee, 0xff, 0x20, 0xee, 0xff, 0x20, 0xee, 0xff, 0x20, 0xee, 0xff, 
  0x20, 0xee, 0xff, 0x20, 0xee, 0xff, 0x20, 0xee, 0xff, 0x20, 0xee, 0xff, 
  0x20, 0xee, 0xff, 0x20, 0xee, 0xff, 0x20, 0xee, 0xff, 0x20, 0xee, 0xff, 
  0x20, 0xee, 0xff, 0x20, 0xee, 0xff, 0x20, 0xee, 0xff, 0x20, 0xee, 0xff, 
  0x20, 0xee, 0xff, 0x20, 0xee, 0xff, 0x20, 0xee, 0xff, 0x20, 0xee, 0xff, 
  0x20, 0xee, 0xff, 0x20, 0xee, 0xff, 0x20, 0xee, 0xff, 0x20, 0xee, 0xff, 
  0x20, 0xee, 0xff, 0x20, 0xee, 0xff, 0x20, 0xee, 0xff, 0x20, 0xee, 0xff, 
  0x20, 0xee, 0xff, 0x20, 0xee, 0xff, 0x20, 0xee, 0xff, 0x20, 0xee, 0xff, 
  0x20, 0xee, 0xff, 0x20, 0xee, 0xff, 0x20, 0xee, 0xff, 0x20, 0xee, 0xff, 
  0x20, 0xee, 0xff, 0x20, 0xee, 0xff, 0x20, 0xee, 0xff, 0x20, 0xee, 0xff, 
  0x20, 0xee, 0xff, 0x20, 0xee, 0xff, 0x20, 0xee, 0xff, 0x20, 0xee, 0xff, 
  0x20, 0xee, 0xff, 0x20, 0xee, 0xff, 0x20, 0xee, 0xff, 0x20, 0xee, 0xff, 
  0x20, 0xee, 0xff, 0x20, 0xee, 0xff, 0x20, 0xee, 0xff, 0x20, 0xee, 0xff, 
  0x20, 0xee, 0xff, 0x20, 0xee, 0xff, 0x20, 0xee, 0xff, 0x20, 0xee, 0xff, 
  0x20, 0xee, 0xff, 0x20, 0xee, 0xff, 0x20, 0xee, 0xff, 0x20, 0xee, 0xff, 
  0x20, 0xee, 0xff, 0x20, 0xee, 0xff, 0x20, 0xee, 0xff, 0x20, 0xee, 0xff, 
  0x20, 0xee, 0xff, 0x20, 0xee, 0xff, 0x20, 0xee, 0xff, 0x20, 0xee, 0xff, 
  0x20, 0xee, 0xff, 0x20, 0xee, 0xff, 0x20, 0xee, 0xff, 0x20, 0xee, 0xff, 
  0x20, 0xee, 0xff, 0x20, 0xee, 0xff, 0x20, 0xee, 0xff, 0x20, 0xee, 0xff, 
  0x20, 0xee, 0xff, 0x20, 0xee, 0xff, 0x20, 0xee, 0xff, 0x20, 0xee, 0xff, 
  0x20, 0xee, 0xff, 0x20, 0xee, 0xff, 0x20, 0xee, 0xff, 0x20, 0xee, 0xff, 
  0x20, 0xee, 0xff, 0x20, 0xee, 0xff, 0x20, 0xee, 0xff, 0x20, 0xee, 0xff, 
  0x20, 0xee, 0xff, 0x20, 0xee, 0xff, 0x20, 0xee, 0xff, 0x20, 0xee, 0xff, 
  0x20, 0xee, 0xff, 0x20, 0xee, 0xff, 0x20, 0xee, 0xff, 0x20, 0xee, 0xff, 
  0x20, 0xee, 0xff, 0x20, 0xee, 0xff, 0x20, 0xee, 0xff, 0x20, 0xee, 0xff, 
  0x20, 0xee, 0xff, 0x20, 0xee, 0xff, 0x20, 0xee, 0xff, 0x20, 0xee, 0xff, 
  0x20, 0xee, 0xff, 0x20, 0xee, 0xff, 0x20, 0xee, 0xff, 0x20, 0xee, 0xff, 
  0x20, 0xee, 0xff, 0x20, 0xee, 0xff, 0x20, 0xee, 0xff, 0x20, 0xee, 0xff, 
  0x20, 0xee, 0xff, 0x20, 0xee, 0xff, 0x20, 0xee, 0xff, 0x20, 0xee, 0xff, 
  0x20, 0xee, 0xff, 0x20, 0xee, 0xff, 0x20, 0xee, 0xff, 0x20, 0xee, 0xff, 
  0x20, 0xee, 0xff, 0x20, 0xee, 0xff, 0x20, 0xee, 0xff, 0x20, 0xee, 0xff, 
  0x20, 0xee, 0xff, 0x20, 0xee, 0xff, 0x20, 0xee, 0xff, 0x20, 0xee, 0xff, 
  0x20, 0xee, 0xff, 0x20, 0xee, 0xff, 0x20, 0xee, 0xff, 0x20, 0xee, 0xff, 
  0x20, 0xee, 0xff, 0x20, 0xee, 0xff, 0x20, 0xee, 0xff, 0x20, 0xee, 0xff, 
  0x20, 0xee, 0xff, 0x20, 0xee, 0xff, 0x20, 0xee, 0xff, 0x20, 0xee, 0xff, 
  0x20, 0xee, 0xff, 0x20, 0xee, 0xff, 0x20, 0xee, 0xff, 0x20, 0xee, 0xff, 
  0x20, 0xee, 0xff, 0x20, 0xee, 0xff, 0x20, 0xee, 0xff, 0x20, 0xee, 0xff, 
  0x20, 0xee, 0xff, 0x20, 0xee, 0xff, 0x20, 0xee, 0xff, 0x20, 0xee, 0xff, 
  0x20, 0xee, 0xff, 0x20, 0xee, 0xff, 0x20, 0xee, 0xff, 0x20, 0xee, 0xff, 
  0x20, 0xee, 0xff, 0x20, 0xee, 0xff, 0x20, 0xee, 0xff, 0x20, 0xee, 0xff, 
  0x20, 0xee, 0xff, 0x20, 0xee, 0xff, 0x20, 0xee, 0xff, 0x20, 0xee, 0xff, 
  0x20, 0xee, 0xff, 0x20, 0xee, 0xff, 0x20, 0xee, 0xff, 0x20, 0xee, 0xff, 
  0x20, 0xee, 0xff, 0x20, 0xee, 0xff, 0x20, 0xee, 0xff, 0x20, 0xee, 0xff, 
  0x20, 0xee, 0xff, 0x20, 0xee, 0xff, 0x20, 0xee, 0xff, 0x20, 0xee, 0xff, 
  0x20, 0xee, 0xff, 0x20, 0xee, 0xff, 0x20, 0xee, 0xff, 0x20, 0xee, 0xff, 
  0x20, 0xee, 0xff, 0x20, 0xee, 0xff, 0x20, 0xee, 0xff, 0x20, 0xee, 0xff, 
  0x20, 0xee, 0xff, 0x20, 0xee, 0xff, 0x20, 0xee, 0xff, 0x20, 0xee, 0xff, 
  0x20, 0xee, 0xff, 0x20, 0xee, 0xff, 0x20, 0xee, 0xff, 0x20, 0xee, 0xff, 
  0x20, 0xee, 0xff, 0x20, 0xee, 0xff, 0x20, 0xee, 0xff, 0x20, 0xee, 0xff, 
  0x20, 0xee, 0xff, 0x20, 0xee, 0xff, 0x20, 0xee, 0xff, 0x20, 0xee, 0xff, 
  0x20, 0xee, 0xff, 0x20, 0xee, 0xff, 0x20, 0xee, 0xff, 0x20, 0xee, 0xff, 
  0x20, 0xee, 0xff, 0x20, 0xee, 0xff, 0x20, 0xee, 0xff, 0x20, 0xee, 0xff, 
  0x20, 0xee, 0xff, 0x20, 0xee, 0xff, 0x20, 0xee, 0xff, 0x20, 0xee, 0xff, 
  0x20, 0xee, 0xff, 0x20, 0xee, 0xff, 0x20, 0xee, 0xff, 0x20, 0xee, 0xff, 
  0x20, 0xee, 0xff, 0x20, 0xee, 0xff, 0x20, 0xee, 0xff, 0x20, 0xee, 0xff, 
  0x20, 0xee, 0xff, 0x20, 0xee, 0xff, 0x20, 0xee, 0xff, 0x20, 0xee, 0xff, 
  0x20, 0xee, 0xff, 0x20, 0xee, 0xff, 0x20, 0xee, 0xff, 0x20, 0xee, 0xff, 
  0x20, 0xee, 0xff, 0x20, 0xee, 0xff, 0x20, 0xee, 0xff, 0x20, 0xee, 0xff, 
  0x20, 0xee, 0xff, 0x20, 0xee, 0xff, 0x20, 0xee, 0xff, 0x20, 0xee, 0xff, 
  0x20, 0xee, 0xff, 0x20, 0xee, 0xff, 0x20, 0xee, 0xff, 0x20, 0xee, 0xff, 
  0x20, 0xee, 0xff, 0x20, 0xee, 0xff, 0x20, 0xee, 0xff, 0x20, 0xee, 0xff, 
  0x20, 0xee, 0xff, 0x20, 0xee, 0xff, 0x20, 0xee, 0xff, 0x20, 0xee, 0xff, 
  0x20, 0xee, 0xff, 0x20, 0xee, 0xff, 0x20, 0xee, 0xff, 0x20, 0xee, 0xff, 
  0x20, 0xee, 0xff, 0x20, 0xee, 0xff, 0x20, 0xee, 0xff, 0x20, 0xee, 0xff, 
  0x20, 0xee, 0xff, 0x20, 0xee, 0xff, 0x20, 0xee, 0xff, 0x20, 0xee, 0xff, 
  0x20, 0xee, 0xff, 0x20, 0xee, 0xff, 0x20, 0xee, 0xff, 0x20, 0xee, 0xff, 
  0x20, 0xee, 0xff, 0x20, 0xee, 0xff, 0x20, 0xee, 0xff, 0x20, 0xee, 0xff, 
  0x20, 0xee, 0xff, 0x20, 0xee, 0xff, 0x20, 0xee, 0xff, 0x20, 0xee, 0xff, 
  0x20, 0xee, 0xff, 0x20, 0xee, 0xff, 0x20, 0xee, 0xff, 0x20, 0xee, 0xff, 
  0x20, 0xee, 0xff, 0x20, 0xee, 0xff, 0x20, 0xee, 0xff, 0x20, 0xee, 0xff, 
  0x20, 0xee, 0xff, 0x20, 0xee, 0xff, 0x20, 0xee, 0xff, 0x20, 0xee, 0xff, 
  0x20, 0xee, 0xff, 0x20, 0xee, 0xff, 0x20, 0xee, 0xff, 0x20, 0xee, 0xff, 
  0x20, 0xee, 0xff, 0x20, 0xee, 0xff, 0x20, 0xee, 0xff, 0x20, 0xee, 0xff, 
  0x20, 0xee, 0xff, 0x20, 0xee, 0xff, 0x20, 0xee, 0xff, 0x20, 0xee, 0xff, 
  0x20, 0xee, 0xff, 0x20, 0xee, 0xff, 0x20, 0xee, 0xff, 0x20, 0xee, 0xff, 
  0x20, 0xee, 0xff, 0x20, 0xee, 0xff, 0x20, 0xee, 0xff, 0x20, 0xee, 0xff, 
  0x20, 0xee, 0xff, 0x20, 0xee, 0xff, 0x20, 0xee, 0xff, 0x20, 0xee, 0xff, 
  0x20, 0xee, 0xff, 0x20, 0xee, 0xff, 0x20, 0xee, 0xff, 0x20, 0xee, 0xff, 
  0x20, 0xee, 0xff, 0x20, 0xee, 0xff, 0x20, 0xee, 0xff, 0x20, 0xee, 0xff, 
  0x20, 0xee, 0xff, 0x20, 0xee, 0xff, 0x20, 0xee, 0xff, 0x20, 0xee, 0xff, 
  0x20, 0xee, 0xff, 0x20, 0xee, 0xff, 0x20, 0xee, 0xff, 0x20, 0xee, 0xff, 
  0x20, 0xee, 0xff, 0x20, 0xee, 0xff, 0x20, 0xee, 0xff, 0x20, 0xee, 0xff, 
  0x20, 0xee, 0xff, 0x20, 0xee, 0xff, 0x20, 0xee, 0xff, 0x20, 0xee, 0xff, 
  0x20, 0xee, 0xff, 0x20, 0xee, 0xff, 0x20, 0xee, 0xff, 0x20, 0xee, 0xff, 
  0x20, 0xee, 0xff, 0x20, 0xee, 0xff, 0x20, 0xee, 0xff, 0x20, 0xee, 0xff, 
  0x20, 0xee, 0xff, 0x20, 0xee, 0xff, 0x20, 0xee, 0xff, 0x20, 0xee, 0xff, 
  0x20, 0xee, 0xff, 0x20, 0xee, 0xff, 0x20, 0xee, 0xff, 0x20, 0xee, 0xff, 
  0x20, 0xee, 0xff, 0x20, 0xee, 0xff, 0x20, 0xee, 0xff, 0x20, 0xee, 0xff, 
  0x20, 0xee, 0xff, 0x20, 0xee, 0xff, 0x20, 0xee, 0xff, 0x20, 0xee, 0xff, 
  0x20, 0xee, 0xff, 0x20, 0xee, 0xff, 0x20, 0xee, 0xff, 0x20, 0xee, 0xff, 
  0x20, 0xee, 0xff, 0x20, 0xee, 0xff, 0x20, 0xee, 0xff, 0x20, 0xee, 0xff, 
  0x20, 0xee, 0xff, 0x20, 0xee, 0xff, 0x20, 0xee, 0xff, 0x20, 0xee, 0xff, 
  0x20, 0xee, 0xff, 0x20, 0xee, 0xff, 0x20, 0xee, 0xff, 0x20, 0xee, 0xff, 
  0x20, 0xee, 0xff, 0x20, 0xee, 0xff, 0x20, 0xee, 0xff, 0x20, 0xee, 0xff, 
  0x20, 0xee, 0xff, 0x20, 0xee, 0xff, 0x20, 0xee, 0xff, 0x20, 0xee, 0xff, 
  0x20, 0xee, 0xff, 0x20, 0xee, 0xff, 0x20, 0xee, 0xff, 0x20, 0xee, 0xff, 
  0x20, 0xee, 0xff, 0x20, 0xee, 0xff, 0x20, 0xee, 0xff, 0x20, 0xee, 0xff, 
  0x20, 0xee, 0xff, 0x20, 0xee, 0xff, 0x20, 0xee, 0xff, 0x20, 0xee, 0xff, 
  0x20, 0xee, 0xff, 0x20, 0xee, 0xff, 0x20, 0xee, 0xff, 0x20, 0xee, 0xff, 
  0x20, 0xee, 0xff, 0x20, 0xee, 0xff, 0x20, 0xee, 0xff, 0x20, 0xee, 0xff, 
  0x20, 0xee, 0xff, 0x20, 0xee, 0xff, 0x20, 0xee, 0xff, 0x20, 0xee, 0xff, 
  0x20, 0xee, 0xff, 0x20, 0xee, 0xff, 0x20, 0xee, 0xff, 0x20, 0xee, 0xff, 
  0x20, 0xee, 0xff, 0x20, 0xee, 0xff, 0x20, 0xee, 0xff, 0x20, 0xee, 0xff, 
  0x20, 0xee, 0xff, 0x20, 0xee, 0xff, 0x20, 0xee, 0xff, 0x20, 0xee, 0xff, 
  0x20, 0xee, 0xff, 0x20, 0xee, 0xff, 0x20, 0xee, 0xff, 0x20, 0xee, 0xff, 
  0x20, 0xee, 0xff, 0x20, 0xee, 0xff, 0x20, 0xee, 0xff, 0x20, 0xee, 0xff, 
  0x20, 0xee, 0xff, 0x20, 0xee, 0xff, 0x20, 0xee, 0xff, 0x20, 0xee, 0xff, 
  0x20, 0xee, 0xff, 0x20, 0xee, 0xff, 0x20, 0xee, 0xff, 0x20, 0xee, 0xff, 
  0x20, 0xee, 0xff, 0x20, 0xee, 0xff, 0x20, 0xee, 0xff, 0x20, 0xee, 0xff, 
  0x20, 0xee, 0xff, 0x20, 0xee, 0xff, 0x20, 0xee, 0xff, 0x20, 0xee, 0xff, 
  0x20, 0xee, 0xff, 0x20, 0xee, 0xff, 0x20, 0xee, 0xff, 0x20, 0xee, 0xff, 
  0x20, 0xee, 0xff, 0x20, 0xee, 0xff, 0x20, 0xee, 0xff, 0x20, 0xee, 0xff, 
  0x20, 0xee, 0xff, 0x20, 0xee, 0xff, 0x20, 0xee, 0xff, 0x20, 0xee, 0xff, 
  0x20, 0xee, 0xff, 0x20, 0xee, 0xff, 0x20, 0xee, 0xff, 0x20, 0xee, 0xff, 
  0x20, 0xee, 0xff, 0x20, 0xee, 0xff, 0x20, 0xee, 0xff, 0x20, 0xee, 0xff, 
  0x20, 0xee, 0xff, 0x20, 0xee, 0xff, 0x20, 0xee, 0xff, 0x20, 0xee, 0xff, 
  0x20, 0xee, 0xff, 0x20, 0xee, 0xff, 0x20, 0xee, 0xff, 0x20, 0xee, 0xff, 
  0x20, 0xee, 0xff, 0x20, 0xee, 0xff, 0x20, 0xee, 0xff, 0x20, 0xee, 0xff, 
  0x20, 0xee, 0xff, 0x20, 0xee, 0xff, 0x20, 0xee, 0xff, 0x20, 0xee, 0xff, 
  0x20, 0xee, 0xff, 0x20, 0xee, 0xff, 0x20, 0xee, 0xff, 0x20, 0xee, 0xff, 
  0x20, 0xee, 0xff, 0x20, 0xee, 0xff, 0x20, 0xee, 0xff, 0x20, 0xee, 0xff, 
  0x20, 0xee, 0xff, 0x20, 0xee, 0xff, 0x20, 0xee, 0xff, 0x20, 0xee, 0xff, 
  0x20, 0xee, 0xff, 0x20, 0xee, 0xff, 0x20, 0xee, 0xff, 0x20, 0xee, 0xff, 
  0x20, 0xee, 0xff, 0x20, 0xee, 0xff, 0x20, 0xee, 0xff, 0x20, 0xee, 0xff, 
  0x20, 0xee, 0xff, 0x20, 0xee, 0xff, 0x20, 0xee, 0xff, 0x20, 0xee, 0xff, 
  0x20, 0xee, 0xff, 0x20, 0xee, 0xff, 0x20, 0xee, 0xff, 0x20, 0xee, 0xff, 
  0x20, 0xee, 0xff, 0x20, 0xee, 0xff, 0x20, 0xee, 0xff, 0x20, 0xee, 0xff, 
  0x20, 0xee, 0xff, 0x20, 0xee, 0xff, 0x20, 0xee, 0xff, 0x20, 0xee, 0xff, 
  0x20, 0xee, 0xff, 0x20, 0xee, 0xff, 0x20, 0xee, 0xff, 0x20, 0xee, 0xff, 
  0x20, 0xee, 0xff, 0x20, 0xee, 0xff, 0x20, 0xee, 0xff, 0x20, 0xee, 0xff, 
  0x20, 0xee, 0xff, 0x20, 0xee, 0xff, 0x20, 0xee, 0xff, 0x20, 0xee, 0xff, 
  0x20, 0xee, 0xff, 0x20, 0xee, 0xff, 0x20, 0xee, 0xff, 0x20, 0xee, 0xff, 
  0x20, 0xee, 0xff, 0x20, 0xee, 0xff, 0x20, 0xee, 0xff, 0x20, 0xee, 0xff, 
  0x20, 0xee, 0xff, 0x20, 0xee, 0xff, 0x20, 0xee, 0xff, 0x20, 0xee, 0xff, 
  0x20, 0xee, 0xff, 0x20, 0xee, 0xff, 0x20, 0xee, 0xff, 0x20, 0xee, 0xff, 
  0x20, 0xee, 0xff, 0x20, 0xee, 0xff, 0x20, 0xee, 0xff, 0x20, 0xee, 0xff, 
  0x20, 0xee, 0xff, 0x20, 0xee, 0xff, 0x20, 0xee, 0xff, 0x20, 0xee, 0xff, 
  0x20, 0xee, 0xff, 0x20, 0xee, 0xff, 0x20, 0xee, 0xff, 0x20, 0xee, 0xff, 
  0x20, 0xee, 0xff, 0x20, 0xee, 0xff, 0x20, 0xee, 0xff, 0x20, 0xee, 0xff, 
  0x20, 0xee, 0xff, 0x20, 0xee, 0xff, 0x20, 0xee, 0xff, 0x20, 0xee, 0xff, 
  0x20, 0xee, 0xff, 0x20, 0xee, 0xff, 0x20, 0xee, 0xff, 0x20, 0xee, 0xff, 
  0x20, 0xee, 0xff, 0x20, 0xee, 0xff, 0x20, 0xee, 0xff, 0x20, 0xee, 0xff, 
  0x20, 0xee, 0xff, 0x20, 0xee, 0xff, 0x20, 0xee, 0xff, 0x20, 0xee, 0xff, 
  0x20, 0xee, 0xff, 0x20, 0xee, 0xff, 0x20, 0xee, 0xff, 0x20, 0xee, 0xff, 
  0x20, 0xee, 0xff, 0x20, 0xee, 0xff, 0x20, 0xee, 0xff, 0x20, 0xee, 0xff, 
  0x20, 0xee, 0xff, 0x20, 0xee, 0xff, 0x20, 0xee, 0xff, 0x20, 0xee, 0xff, 
  0x20, 0xee, 0xff, 0x20, 0xee, 0xff, 0x20, 0xee, 0xff, 0x20, 0xee, 0xff, 
  0x20, 0xee, 0xff, 0x20, 0xee, 0xff, 0x20, 0xee, 0xff, 0x20, 0xee, 0xff, 
  
};

const lv_img_dsc_t img_2048 = {
  .header.cf = LV_IMG_CF_TRUE_COLOR_ALPHA,
  .header.always_zero = 0,
  .header.w = 120,
  .header.h = 120,
  .data_size = 43200,
  .data = img_2048_map,
};
