#include "lvgl.h"

const uint8_t img_musicplay_map[] = {
  0x00, 0x00, 0x00, 0x00, 0x00, 0x00, 0x00, 0x00, 0x00, 0x00, 0x00, 0x00, 
  0x00, 0x00, 0x00, 0x00, 0x00, 0x00, 0x00, 0x00, 0x00, 0x00, 0x00, 0x00, 
  0x00, 0x00, 0x00, 0x00, 0x00, 0x00, 0x00, 0x00, 0x00, 0x00, 0x00, 0x00, 
  0x00, 0x00, 0x00, 0x00, 0x00, 0x00, 0x00, 0x00, 0x00, 0x00, 0x00, 0x00, 
  0x00, 0x00, 0x00, 0x00, 0x00, 0x00, 0x00, 0x00, 0x00, 0x00, 0x00, 0x00, 
  0x00, 0x00, 0x00, 0x00, 0x00, 0x00, 0x00, 0x00, 0x00, 0x00, 0x00, 0x00, 
  0x00, 0x00, 0x00, 0x00, 0x00, 0x00, 0x00, 0x00, 0x00, 0x00, 0x00, 0x00, 
  0x00, 0x00, 0x00, 0x00, 0x00, 0x00, 0x00, 0x00, 0x00, 0x00, 0x00, 0x00, 
  0x00, 0x00, 0x00, 0x00, 0x00, 0x00, 0x00, 0x00, 0x00, 0x00, 0x00, 0x00, 
  0x00, 0x00, 0x00, 0x00, 0x00, 0x00, 0x00, 0x00, 0x00, 0x00, 0x00, 0x00, 
  0x00, 0x00, 0x00, 0x00, 0x00, 0x00, 0x00, 0x00, 0x00, 0x00, 0x00, 0x00, 
  0x00, 0x00, 0x00, 0x00, 0x00, 0x00, 0x00, 0x00, 0x00, 0x00, 0x00, 0x00, 
  0x00, 0x00, 0x00, 0x00, 0x00, 0x00, 0x00, 0x00, 0x00, 0x00, 0x00, 0x00, 
  0x00, 0x00, 0x00, 0x00, 0x00, 0x00, 0x00, 0x00, 0x00, 0x00, 0x00, 0x00, 
  0x00, 0x00, 0x00, 0x00, 0x00, 0x00, 0x00, 0x00, 0x00, 0x00, 0x00, 0x00, 
  0x00, 0x00, 0x00, 0x00, 0x00, 0x00, 0x00, 0x00, 0x00, 0x00, 0x00, 0x00, 
  0x00, 0x00, 0x00, 0x00, 0x00, 0x00, 0x00, 0x00, 0x00, 0x00, 0x00, 0x00, 
  0x00, 0x00, 0x00, 0x00, 0x00, 0x00, 0x00, 0x00, 0x00, 0x00, 0x00, 0x00, 
  0x00, 0x00, 0x00, 0x00, 0x00, 0x00, 0x00, 0x00, 0x00, 0x00, 0x00, 0x00, 
  0x00, 0x00, 0x00, 0x00, 0x00, 0x00, 0x00, 0x00, 0x00, 0x00, 0x00, 0x00, 
  0x00, 0x00, 0x00, 0x00, 0x00, 0x00, 0x00, 0x00, 0x00, 0x00, 0x00, 0x00, 
  0x00, 0x00, 0x00, 0x00, 0x00, 0x00, 0x00, 0x00, 0x00, 0x00, 0x00, 0x00, 
  0x00, 0x00, 0x00, 0x00, 0x00, 0x00, 0x00, 0x00, 0x00, 0x00, 0x00, 0x00, 
  0x00, 0x00, 0x00, 0x00, 0x00, 0x00, 0x00, 0x00, 0x00, 0x00, 0x00, 0x00, 
  0x00, 0x00, 0x00, 0x00, 0x00, 0x00, 0x00, 0x00, 0x00, 0x00, 0x00, 0x00, 
  0x00, 0x00, 0x00, 0x00, 0x00, 0x00, 0x00, 0x00, 0x00, 0x00, 0x00, 0x00, 
  0x00, 0x00, 0x00, 0x00, 0x00, 0x00, 0x00, 0x00, 0x00, 0x00, 0x00, 0x00, 
  0x00, 0x00, 0x00, 0x00, 0x00, 0x00, 0x00, 0x00, 0x00, 0x00, 0x00, 0x00, 
  0x00, 0x00, 0x00, 0x00, 0x00, 0x00, 0x00, 0x00, 0x00, 0x00, 0x00, 0x00, 
  0x00, 0x00, 0x00, 0x00, 0x00, 0x00, 0x00, 0x00, 0x00, 0x00, 0x00, 0x00, 
  0x00, 0x00, 0x00, 0x00, 0x00, 0x00, 0x00, 0x00, 0x00, 0x00, 0x00, 0x00, 
  0x00, 0x00, 0x00, 0x00, 0x00, 0x00, 0x00, 0x00, 0x00, 0x00, 0x00, 0x00, 
  0x00, 0x00, 0x00, 0x00, 0x00, 0x00, 0x00, 0x00, 0x00, 0x00, 0x00, 0x00, 
  0x00, 0x00, 0x00, 0x00, 0x00, 0x00, 0x00, 0x00, 0x00, 0x00, 0x00, 0x00, 
  0x00, 0x00, 0x00, 0x00, 0x00, 0x00, 0x00, 0x00, 0x00, 0x00, 0x00, 0x00, 
  0x00, 0x00, 0x00, 0x00, 0x00, 0x00, 0x00, 0x00, 0x00, 0x00, 0x00, 0x00, 
  0x00, 0x00, 0x00, 0x00, 0x00, 0x00, 0x00, 0x00, 0x00, 0x00, 0x00, 0x00, 
  0x00, 0x00, 0x00, 0x00, 0x00, 0x00, 0x00, 0x00, 0x00, 0x00, 0x00, 0x00, 
  0x00, 0x00, 0x00, 0x00, 0x00, 0x00, 0x00, 0x00, 0x00, 0x00, 0x00, 0x00, 
  0x00, 0x00, 0x00, 0x00, 0x00, 0x00, 0x00, 0x00, 0x00, 0x00, 0x00, 0x00, 
  0x00, 0x00, 0x00, 0x00, 0x00, 0x00, 0x00, 0x00, 0x00, 0x00, 0x00, 0x00, 
  0x00, 0x00, 0x00, 0x00, 0x00, 0x00, 0x00, 0x00, 0x00, 0x00, 0x00, 0x00, 
  0x00, 0x00, 0x00, 0x00, 0x00, 0x00, 0x00, 0x00, 0x00, 0x00, 0x00, 0x00, 
  0x00, 0x00, 0x00, 0x00, 0x00, 0x00, 0x00, 0x00, 0x00, 0x00, 0x00, 0x00, 
  0x00, 0x00, 0x00, 0x00, 0x00, 0x00, 0x00, 0x00, 0x00, 0x00, 0x00, 0x00, 
  0x00, 0x00, 0x00, 0x00, 0x00, 0x00, 0x00, 0x00, 0x00, 0x00, 0x00, 0x00, 
  0x00, 0x00, 0x00, 0x00, 0x00, 0x00, 0x00, 0x00, 0x00, 0x00, 0x00, 0x00, 
  0x00, 0x00, 0x00, 0x00, 0x00, 0x00, 0x00, 0x00, 0x00, 0x00, 0x00, 0x00, 
  0x00, 0x00, 0x00, 0x00, 0x00, 0x00, 0x00, 0x00, 0x00, 0x00, 0x00, 0x00, 
  0x00, 0x00, 0x00, 0x00, 0x00, 0x00, 0x00, 0x00, 0x00, 0x00, 0x00, 0x00, 
  0x00, 0x00, 0x00, 0x00, 0x00, 0x00, 0x00, 0x00, 0x00, 0x00, 0x00, 0x00, 
  0x00, 0x00, 0x00, 0x00, 0x00, 0x00, 0x00, 0x00, 0x00, 0x00, 0x00, 0x00, 
  0x00, 0x00, 0x00, 0x00, 0x00, 0x00, 0x00, 0x00, 0x00, 0x00, 0x00, 0x00, 
  0x00, 0x00, 0x00, 0x00, 0x00, 0x00, 0x00, 0x00, 0x00, 0x00, 0x00, 0x00, 
  0x00, 0x00, 0x00, 0x00, 0x00, 0x00, 0x00, 0x00, 0x00, 0x00, 0x00, 0x00, 
  0x00, 0x00, 0x00, 0x00, 0x00, 0x00, 0x00, 0x00, 0x00, 0x00, 0x00, 0x00, 
  0x00, 0x00, 0x00, 0x00, 0x00, 0x00, 0x00, 0x00, 0x00, 0x00, 0x00, 0x00, 
  0x00, 0x00, 0x00, 0x00, 0x00, 0x00, 0x00, 0x00, 0x00, 0x00, 0x00, 0x00, 
  0x00, 0x00, 0x00, 0x00, 0x00, 0x00, 0x00, 0x00, 0x00, 0x00, 0x00, 0x00, 
  0x00, 0x00, 0x00, 0x00, 0x00, 0x00, 0x00, 0x00, 0x00, 0x00, 0x00, 0x00, 
  0x00, 0x00, 0x00, 0x00, 0x00, 0x00, 0x00, 0x00, 0x00, 0x00, 0x00, 0x00, 
  0x00, 0x00, 0x00, 0x00, 0x00, 0x00, 0x00, 0x00, 0x00, 0x00, 0x00, 0x00, 
  0x00, 0x00, 0x00, 0x00, 0x00, 0x00, 0x00, 0x00, 0x00, 0x00, 0x00, 0x00, 
  0x00, 0x00, 0x00, 0x00, 0x00, 0x00, 0x00, 0x00, 0x00, 0x00, 0x00, 0x00, 
  0x00, 0x00, 0x00, 0x00, 0x00, 0x00, 0x00, 0x00, 0x00, 0x00, 0x00, 0x00, 
  0x00, 0x00, 0x00, 0x00, 0x00, 0x00, 0x00, 0x00, 0x00, 0x00, 0x00, 0x00, 
  0x00, 0x00, 0x00, 0x00, 0x00, 0x00, 0x00, 0x00, 0x00, 0x00, 0x00, 0x00, 
  0x00, 0x00, 0x00, 0x00, 0x00, 0x00, 0x00, 0x00, 0x00, 0x00, 0x00, 0x00, 
  0x00, 0x00, 0x00, 0x00, 0x00, 0x00, 0x00, 0x00, 0x00, 0x00, 0x00, 0x00, 
  0x00, 0x00, 0x00, 0x00, 0x00, 0x00, 0x00, 0x00, 0x00, 0x00, 0x00, 0x00, 
  0x00, 0x00, 0x00, 0x00, 0x00, 0x00, 0x00, 0x00, 0x00, 0x00, 0x00, 0x00, 
  0x00, 0x00, 0x00, 0x00, 0x00, 0x00, 0x00, 0x00, 0x00, 0x00, 0x00, 0x00, 
  0x00, 0x00, 0x00, 0x00, 0x00, 0x00, 0x00, 0x00, 0x00, 0x00, 0x00, 0x00, 
  0x00, 0x00, 0x00, 0x00, 0x00, 0x00, 0x00, 0x00, 0x00, 0x00, 0x00, 0x00, 
  0x00, 0x00, 0x00, 0x00, 0x00, 0x00, 0x00, 0x00, 0x00, 0x00, 0x00, 0x00, 
  0x00, 0x00, 0x00, 0x00, 0x00, 0x00, 0x00, 0x00, 0x00, 0x00, 0x00, 0x00, 
  0x00, 0x00, 0x00, 0x00, 0x00, 0x00, 0x00, 0x00, 0x00, 0x00, 0x00, 0x00, 
  0x00, 0x00, 0x00, 0x00, 0x00, 0x00, 0x00, 0x00, 0x00, 0x00, 0x00, 0x00, 
  0x00, 0x00, 0x00, 0x00, 0x00, 0x00, 0x00, 0x00, 0x00, 0x00, 0x00, 0x00, 
  0x00, 0x00, 0x00, 0x00, 0x00, 0x00, 0x00, 0x00, 0x00, 0x00, 0x00, 0x00, 
  0x00, 0x00, 0x00, 0x00, 0x00, 0x00, 0x00, 0x00, 0x00, 0x00, 0x00, 0x00, 
  0x00, 0x00, 0x00, 0x00, 0x00, 0x00, 0x00, 0x00, 0x00, 0x00, 0x00, 0x00, 
  0x00, 0x00, 0x00, 0x00, 0x00, 0x00, 0x00, 0x00, 0x00, 0x00, 0x00, 0x00, 
  0x00, 0x00, 0x00, 0x00, 0x00, 0x00, 0x00, 0x00, 0x00, 0x00, 0x00, 0x00, 
  0x00, 0x00, 0x00, 0x00, 0x00, 0x00, 0x00, 0x00, 0x00, 0x00, 0x00, 0x00, 
  0x00, 0x00, 0x00, 0x00, 0x00, 0x00, 0x00, 0x00, 0x00, 0x00, 0x00, 0x00, 
  0x00, 0x00, 0x00, 0x00, 0x00, 0x00, 0x00, 0x00, 0x00, 0x00, 0x00, 0x00, 
  0x00, 0x00, 0x00, 0x00, 0x00, 0x00, 0x00, 0x00, 0x00, 0x00, 0x00, 0x00, 
  0x00, 0x00, 0x00, 0x00, 0x00, 0x00, 0x00, 0x00, 0x00, 0x00, 0x00, 0x00, 
  0x00, 0x00, 0x00, 0x00, 0x00, 0x00, 0x00, 0x00, 0x00, 0x00, 0x00, 0x00, 
  0x00, 0x00, 0x00, 0x00, 0x00, 0x00, 0x00, 0x00, 0x00, 0x00, 0x00, 0x00, 
  0x00, 0x00, 0x00, 0x00, 0x00, 0x00, 0x00, 0x00, 0x00, 0x00, 0x00, 0x00, 
  0x00, 0x00, 0x00, 0x00, 0x00, 0x00, 0x00, 0x00, 0x00, 0x00, 0x00, 0x00, 
  0x00, 0x00, 0x00, 0x00, 0x00, 0x00, 0x00, 0x00, 0x00, 0x00, 0x00, 0x00, 
  0x00, 0x00, 0x00, 0x00, 0x00, 0x00, 0x00, 0x00, 0x00, 0x00, 0x00, 0x00, 
  0x00, 0x00, 0x00, 0x00, 0x00, 0x00, 0x00, 0x00, 0x00, 0x00, 0x00, 0x00, 
  0x00, 0x00, 0x00, 0x00, 0x00, 0x00, 0x00, 0x00, 0x00, 0x00, 0x00, 0x00, 
  0x00, 0x00, 0x00, 0x00, 0x00, 0x00, 0x00, 0x00, 0x00, 0x00, 0x00, 0x00, 
  0x00, 0x00, 0x00, 0x00, 0x00, 0x00, 0x00, 0x00, 0x00, 0x00, 0x00, 0x00, 
  0x00, 0x00, 0x00, 0x00, 0x00, 0x00, 0x00, 0x00, 0x00, 0x00, 0x00, 0x00, 
  0x00, 0x00, 0x00, 0x00, 0x00, 0x00, 0x00, 0x00, 0x00, 0x00, 0x00, 0x00, 
  0x00, 0x00, 0x00, 0x00, 0x00, 0x00, 0x00, 0x00, 0x00, 0x00, 0x00, 0x00, 
  0x00, 0x00, 0x00, 0x00, 0x00, 0x00, 0x00, 0x00, 0x00, 0x00, 0x00, 0x00, 
  0x00, 0x00, 0x00, 0x00, 0x00, 0x00, 0x00, 0x00, 0x00, 0x00, 0x00, 0x00, 
  0x00, 0x00, 0x00, 0x00, 0x00, 0x00, 0x00, 0x00, 0x00, 0x00, 0x00, 0x00, 
  0x00, 0x00, 0x00, 0x00, 0x00, 0x00, 0x00, 0x00, 0x00, 0x00, 0x00, 0x00, 
  0x00, 0x00, 0x00, 0x00, 0x00, 0x00, 0x00, 0x00, 0x00, 0x00, 0x00, 0x00, 
  0x00, 0x00, 0x00, 0x00, 0x00, 0x00, 0x00, 0x00, 0x00, 0x00, 0x00, 0x00, 
  0x00, 0x00, 0x00, 0x00, 0x00, 0x00, 0x00, 0x00, 0x00, 0x00, 0x00, 0x00, 
  0x00, 0x00, 0x00, 0x00, 0x00, 0x00, 0x00, 0x00, 0x00, 0x00, 0x00, 0x00, 
  0x00, 0x00, 0x00, 0x00, 0x00, 0x00, 0x00, 0x00, 0x00, 0x00, 0x00, 0x00, 
  0x00, 0x00, 0x00, 0x00, 0x00, 0x00, 0x00, 0x00, 0x00, 0x00, 0x00, 0x00, 
  0x00, 0x00, 0x00, 0x00, 0x00, 0x00, 0x00, 0x00, 0x00, 0x00, 0x00, 0x00, 
  0x00, 0x00, 0x00, 0x00, 0x00, 0x00, 0x00, 0x00, 0x00, 0x00, 0x00, 0x00, 
  0x00, 0x00, 0x00, 0x00, 0x00, 0x00, 0x00, 0x00, 0x00, 0x00, 0x00, 0x00, 
  0x00, 0x00, 0x00, 0x00, 0x00, 0x00, 0x00, 0x00, 0x00, 0x00, 0x00, 0x00, 
  0x00, 0x00, 0x00, 0x00, 0x00, 0x00, 0x00, 0x00, 0x00, 0x00, 0x00, 0x00, 
  0x00, 0x00, 0x00, 0x00, 0x00, 0x00, 0x00, 0x00, 0x00, 0x00, 0x00, 0x00, 
  0x00, 0x00, 0x00, 0x00, 0x00, 0x00, 0x00, 0x00, 0x00, 0x00, 0x00, 0x00, 
  0x00, 0x00, 0x00, 0x00, 0x00, 0x00, 0x00, 0x00, 0x00, 0x00, 0x00, 0x00, 
  0x00, 0x00, 0x00, 0x00, 0x00, 0x00, 0x00, 0x00, 0x00, 0x00, 0x00, 0x00, 
  0x00, 0x00, 0x00, 0x00, 0x00, 0x00, 0x00, 0x00, 0x00, 0x00, 0x00, 0x00, 
  0x00, 0x00, 0x00, 0x00, 0x00, 0x00, 0x00, 0x00, 0x00, 0x00, 0x00, 0x00, 
  0x00, 0x00, 0x00, 0x00, 0x00, 0x00, 0x00, 0x00, 0x00, 0x00, 0x00, 0x00, 
  0x00, 0x00, 0x00, 0x00, 0x00, 0x00, 0x00, 0x00, 0x00, 0x00, 0x00, 0x00, 
  0x00, 0x00, 0x00, 0x00, 0x00, 0x00, 0x00, 0x00, 0x00, 0x00, 0x00, 0x00, 
  0x00, 0x00, 0x00, 0x00, 0x00, 0x00, 0x00, 0x00, 0x00, 0x00, 0x00, 0x00, 
  0x00, 0x00, 0x00, 0x00, 0x00, 0x00, 0x00, 0x00, 0x00, 0x00, 0x00, 0x00, 
  0x00, 0x00, 0x00, 0x00, 0x00, 0x00, 0x00, 0x00, 0x00, 0x00, 0x00, 0x00, 
  0x00, 0x00, 0x00, 0x00, 0x00, 0x00, 0x00, 0x00, 0x00, 0x00, 0x00, 0x00, 
  0x00, 0x00, 0x00, 0x00, 0x00, 0x00, 0x00, 0x00, 0x00, 0x00, 0x00, 0x00, 
  0x00, 0x00, 0x00, 0x00, 0x00, 0x00, 0x00, 0x00, 0x00, 0x00, 0x00, 0x00, 
  0x00, 0x00, 0x00, 0x00, 0x00, 0x00, 0x00, 0x00, 0x00, 0x00, 0x00, 0x00, 
  0x00, 0x00, 0x00, 0x00, 0x00, 0x00, 0x00, 0x00, 0x00, 0x00, 0x00, 0x00, 
  0x00, 0x00, 0x00, 0x00, 0x00, 0x00, 0x00, 0x00, 0x00, 0x00, 0x00, 0x00, 
  0x00, 0x00, 0x00, 0x00, 0x00, 0x00, 0x00, 0x00, 0x00, 0x00, 0x00, 0x00, 
  0x00, 0x00, 0x00, 0x00, 0x00, 0x00, 0x00, 0x00, 0x00, 0x00, 0x00, 0x00, 
  0x00, 0x00, 0x00, 0x00, 0x00, 0x00, 0x00, 0x00, 0x00, 0x00, 0x00, 0x00, 
  0x00, 0x00, 0x00, 0x00, 0x00, 0x00, 0x00, 0x00, 0x00, 0x00, 0x00, 0x00, 
  0x00, 0x00, 0x00, 0x00, 0x00, 0x00, 0x00, 0x00, 0x00, 0x00, 0x00, 0x00, 
  0x00, 0x00, 0x00, 0x00, 0x00, 0x00, 0x00, 0x00, 0x00, 0x00, 0x00, 0x00, 
  0x00, 0x00, 0x00, 0x00, 0x00, 0x00, 0x00, 0x00, 0x00, 0x00, 0x00, 0x00, 
  0x00, 0x00, 0x00, 0x00, 0x00, 0x00, 0x00, 0x00, 0x00, 0x00, 0x00, 0x00, 
  0x00, 0x00, 0x00, 0x00, 0x00, 0x00, 0x00, 0x00, 0x00, 0x00, 0x00, 0x00, 
  0x00, 0x00, 0x00, 0x00, 0x00, 0x00, 0x00, 0x00, 0x00, 0x00, 0x00, 0x00, 
  0x00, 0x00, 0x00, 0x00, 0x00, 0x00, 0x00, 0x00, 0x00, 0x00, 0x00, 0x00, 
  0x00, 0x00, 0x00, 0x00, 0x00, 0x00, 0x00, 0x00, 0x00, 0x00, 0x00, 0x00, 
  0x00, 0x00, 0x00, 0x00, 0x00, 0x00, 0x00, 0x00, 0x00, 0x00, 0x00, 0x00, 
  0x00, 0x00, 0x00, 0x00, 0x00, 0x00, 0x00, 0x00, 0x00, 0x00, 0x00, 0x00, 
  0x00, 0x00, 0x00, 0x00, 0x00, 0x00, 0x00, 0x00, 0x00, 0x00, 0x00, 0x00, 
  0x00, 0x00, 0x00, 0x00, 0x00, 0x00, 0x00, 0x00, 0x00, 0x00, 0x00, 0x00, 
  0x00, 0x00, 0x00, 0x00, 0x00, 0x00, 0x00, 0x00, 0x00, 0x00, 0x00, 0x00, 
  0x00, 0x00, 0x00, 0x00, 0x00, 0x00, 0x00, 0x00, 0x00, 0x00, 0x00, 0x00, 
  0x00, 0x00, 0x00, 0x00, 0x00, 0x00, 0x00, 0x00, 0x00, 0x00, 0x00, 0x00, 
  0x00, 0x00, 0x00, 0x00, 0x00, 0x00, 0x00, 0x00, 0x00, 0x00, 0x00, 0x00, 
  0x00, 0x00, 0x00, 0x00, 0x00, 0x00, 0x00, 0x00, 0x00, 0x00, 0x00, 0x00, 
  0x00, 0x00, 0x00, 0x00, 0x00, 0x00, 0x00, 0x00, 0x00, 0x00, 0x00, 0x00, 
  0x00, 0x00, 0x00, 0x00, 0x00, 0x00, 0x00, 0x00, 0x00, 0x00, 0x00, 0x00, 
  0x00, 0x00, 0x00, 0x00, 0x00, 0x00, 0x00, 0x00, 0x00, 0x00, 0x00, 0x00, 
  0x00, 0x00, 0x00, 0x00, 0x00, 0x00, 0x00, 0x00, 0x00, 0x00, 0x00, 0x00, 
  0x00, 0x00, 0x00, 0x00, 0x00, 0x00, 0x00, 0x00, 0x00, 0x00, 0x00, 0x00, 
  0x00, 0x00, 0x00, 0x00, 0x00, 0x00, 0x00, 0x00, 0x00, 0x00, 0x00, 0x00, 
  0x00, 0x00, 0x00, 0x00, 0x00, 0x00, 0x00, 0x00, 0x00, 0x00, 0x00, 0x00, 
  0x00, 0x00, 0x00, 0x00, 0x00, 0x00, 0x00, 0x00, 0x00, 0x00, 0x00, 0x00, 
  0x00, 0x00, 0x00, 0x00, 0x00, 0x00, 0x00, 0x00, 0x00, 0x00, 0x00, 0x00, 
  0x00, 0x00, 0x00, 0x00, 0x00, 0x00, 0x00, 0x00, 0x00, 0x00, 0x00, 0x00, 
  0x00, 0x00, 0x00, 0x00, 0x00, 0x00, 0x00, 0x00, 0x00, 0x00, 0x00, 0x00, 
  0x00, 0x00, 0x00, 0x00, 0x00, 0x00, 0x00, 0x00, 0x00, 0x00, 0x00, 0x00, 
  0x00, 0x00, 0x00, 0x00, 0x00, 0x00, 0x00, 0x00, 0x00, 0x00, 0x00, 0x00, 
  0x00, 0x00, 0x00, 0x00, 0x00, 0x00, 0x00, 0x00, 0x00, 0x00, 0x00, 0x00, 
  0x00, 0x00, 0x00, 0x00, 0x00, 0x00, 0x00, 0x00, 0x00, 0x00, 0x00, 0x00, 
  0x00, 0x00, 0x00, 0x00, 0x00, 0x00, 0x00, 0x00, 0x00, 0x00, 0x00, 0x00, 
  0x00, 0x00, 0x00, 0x00, 0x00, 0x00, 0x00, 0x00, 0x00, 0x00, 0x00, 0x00, 
  0x00, 0x00, 0x00, 0x00, 0x00, 0x00, 0x00, 0x00, 0x00, 0x00, 0x00, 0x00, 
  0x00, 0x00, 0x00, 0x00, 0x00, 0x00, 0x00, 0x00, 0x00, 0x00, 0x00, 0x00, 
  0x00, 0x00, 0x00, 0x00, 0x00, 0x00, 0x00, 0x00, 0x00, 0x00, 0x00, 0x00, 
  0x00, 0x00, 0x00, 0x00, 0x00, 0x00, 0x00, 0x00, 0x00, 0x00, 0x00, 0x00, 
  0x00, 0x00, 0x00, 0x00, 0x00, 0x00, 0x00, 0x00, 0x00, 0x00, 0x00, 0x00, 
  0x00, 0x00, 0x00, 0x00, 0x00, 0x00, 0x00, 0x00, 0x00, 0x00, 0x00, 0x00, 
  0x00, 0x00, 0x00, 0x00, 0x00, 0x00, 0x00, 0x00, 0x00, 0x00, 0x00, 0x00, 
  0x00, 0x00, 0x00, 0x00, 0x00, 0x00, 0x00, 0x00, 0x00, 0x00, 0x00, 0x00, 
  0x00, 0x00, 0x00, 0x00, 0x00, 0x00, 0x00, 0x00, 0x00, 0x00, 0x00, 0x00, 
  0x00, 0x00, 0x00, 0x00, 0x00, 0x00, 0x00, 0x00, 0x00, 0x00, 0x00, 0x00, 
  0x00, 0x00, 0x00, 0x00, 0x00, 0x00, 0x00, 0x00, 0x00, 0x00, 0x00, 0x00, 
  0x00, 0x00, 0x00, 0x00, 0x00, 0x00, 0x00, 0x00, 0x00, 0x00, 0x00, 0x00, 
  0x00, 0x00, 0x00, 0x00, 0x00, 0x00, 0x00, 0x00, 0x00, 0x00, 0x00, 0x00, 
  0x00, 0x00, 0x00, 0x00, 0x00, 0x00, 0x00, 0x00, 0x00, 0x00, 0x00, 0x00, 
  0x00, 0x00, 0x00, 0x00, 0x00, 0x00, 0x00, 0x00, 0x00, 0x00, 0x00, 0x00, 
  0x00, 0x00, 0x00, 0x00, 0x00, 0x00, 0x00, 0x00, 0x00, 0x00, 0x00, 0x00, 
  0x00, 0x00, 0x00, 0x00, 0x00, 0x00, 0x00, 0x00, 0x00, 0x00, 0x00, 0x00, 
  0x00, 0x00, 0x00, 0x00, 0x00, 0x00, 0x00, 0x00, 0x00, 0x00, 0x00, 0x00, 
  0x00, 0x00, 0x00, 0x00, 0x00, 0x00, 0x00, 0x00, 0x00, 0x00, 0x00, 0x00, 
  0x00, 0x00, 0x00, 0x00, 0x00, 0x00, 0x00, 0x00, 0x00, 0x00, 0x00, 0x00, 
  0x00, 0x00, 0x00, 0x00, 0x00, 0x00, 0x00, 0x00, 0x00, 0x00, 0x00, 0x00, 
  0x00, 0x00, 0x00, 0x00, 0x00, 0x00, 0x00, 0x00, 0x00, 0x00, 0x00, 0x00, 
  0x00, 0x00, 0x00, 0x00, 0x00, 0x00, 0x00, 0x00, 0x00, 0x00, 0x00, 0x00, 
  0x00, 0x00, 0x00, 0x00, 0x00, 0x00, 0x00, 0x00, 0x00, 0x00, 0x00, 0x00, 
  0x00, 0x00, 0x00, 0x00, 0x00, 0x00, 0x00, 0x00, 0x00, 0x00, 0x00, 0x00, 
  0x00, 0x00, 0x00, 0x00, 0x00, 0x00, 0x00, 0x00, 0x00, 0x00, 0x00, 0x00, 
  0x00, 0x00, 0x00, 0x00, 0x00, 0x00, 0x00, 0x00, 0x00, 0x00, 0x00, 0x00, 
  0x00, 0x00, 0x00, 0x00, 0x00, 0x00, 0x00, 0x00, 0x00, 0x00, 0x00, 0x00, 
  0x00, 0x00, 0x00, 0x00, 0x00, 0x00, 0x00, 0x00, 0x00, 0x00, 0x00, 0x00, 
  0x00, 0x00, 0x00, 0x00, 0x00, 0x00, 0x00, 0x00, 0x00, 0x00, 0x00, 0x00, 
  0x00, 0x00, 0x00, 0x00, 0x00, 0x00, 0x00, 0x00, 0x00, 0x00, 0x00, 0x00, 
  0x00, 0x00, 0x00, 0x00, 0x00, 0x00, 0x00, 0x00, 0x00, 0x00, 0x00, 0x00, 
  0x00, 0x00, 0x00, 0x00, 0x00, 0x00, 0x00, 0x00, 0x00, 0x00, 0x00, 0x00, 
  0x00, 0x00, 0x00, 0x00, 0x00, 0x00, 0x00, 0x00, 0x00, 0x00, 0x00, 0x00, 
  0x00, 0x00, 0x00, 0x00, 0x00, 0x00, 0x00, 0x00, 0x00, 0x00, 0x00, 0x00, 
  0x00, 0x00, 0x00, 0x00, 0x00, 0x00, 0x00, 0x00, 0x00, 0x00, 0x00, 0x00, 
  0x00, 0x00, 0x00, 0x00, 0x00, 0x00, 0x00, 0x00, 0x00, 0x00, 0x00, 0x00, 
  0x00, 0x00, 0x00, 0x00, 0x00, 0x00, 0x00, 0x00, 0x00, 0x00, 0x00, 0x00, 
  0x00, 0x00, 0x00, 0x00, 0x00, 0x00, 0x00, 0x00, 0x00, 0x00, 0x00, 0x00, 
  0x00, 0x00, 0x00, 0x00, 0x00, 0x00, 0x00, 0x00, 0x00, 0x00, 0x00, 0x00, 
  0x00, 0x00, 0x00, 0x00, 0x00, 0x00, 0x00, 0x00, 0x00, 0x00, 0x00, 0x00, 
  0x00, 0x00, 0x00, 0x00, 0x00, 0x00, 0x00, 0x00, 0x00, 0x00, 0x00, 0x00, 
  0x00, 0x00, 0x00, 0x00, 0x00, 0x00, 0x00, 0x00, 0x00, 0x00, 0x00, 0x00, 
  0x00, 0x00, 0x00, 0x00, 0x00, 0x00, 0x00, 0x00, 0x00, 0x00, 0x00, 0x00, 
  0x00, 0x00, 0x00, 0x00, 0x00, 0x00, 0x00, 0x00, 0x00, 0x00, 0x00, 0x00, 
  0x00, 0x00, 0x00, 0x00, 0x00, 0x00, 0x00, 0x00, 0x00, 0x00, 0x00, 0x00, 
  0x00, 0x00, 0x00, 0x00, 0x00, 0x00, 0x00, 0x00, 0x00, 0x00, 0x00, 0x00, 
  0x00, 0x00, 0x00, 0x00, 0x00, 0x00, 0x00, 0x00, 0x00, 0x00, 0x00, 0x00, 
  0x00, 0x00, 0x00, 0x00, 0x00, 0x00, 0x00, 0x00, 0x00, 0x00, 0x00, 0x00, 
  0x00, 0x00, 0x00, 0x00, 0x00, 0x00, 0x00, 0x00, 0x00, 0x00, 0x00, 0x00, 
  0x00, 0x00, 0x00, 0x00, 0x00, 0x00, 0x00, 0x00, 0x00, 0x00, 0x00, 0x00, 
  0x00, 0x00, 0x00, 0x00, 0x00, 0x00, 0x00, 0x00, 0x00, 0x00, 0x00, 0x00, 
  0x00, 0x00, 0x00, 0x00, 0x00, 0x00, 0x00, 0x00, 0x00, 0x00, 0x00, 0x00, 
  0x00, 0x00, 0x00, 0x00, 0x00, 0x00, 0x00, 0x00, 0x00, 0x00, 0x00, 0x00, 
  0x00, 0x00, 0x00, 0x00, 0x00, 0x00, 0x00, 0x00, 0x00, 0x00, 0x00, 0x00, 
  0x00, 0x00, 0x00, 0x00, 0x00, 0x00, 0x00, 0x00, 0x00, 0x00, 0x00, 0x00, 
  0x00, 0x00, 0x00, 0x00, 0x00, 0x00, 0x00, 0x00, 0x00, 0x00, 0x00, 0x00, 
  0x00, 0x00, 0x00, 0x00, 0x00, 0x00, 0x00, 0x00, 0x00, 0x00, 0x00, 0x00, 
  0x00, 0x00, 0x00, 0x00, 0x00, 0x00, 0x00, 0x00, 0x00, 0x00, 0x00, 0x00, 
  0x00, 0x00, 0x00, 0x00, 0x00, 0x00, 0x00, 0x00, 0x00, 0x00, 0x00, 0x00, 
  0x00, 0x00, 0x00, 0x00, 0x00, 0x00, 0x00, 0x00, 0x00, 0x00, 0x00, 0x00, 
  0x00, 0x00, 0x00, 0x00, 0x00, 0x00, 0x00, 0x00, 0x00, 0x00, 0x00, 0x00, 
  0x00, 0x00, 0x00, 0x00, 0x00, 0x00, 0x00, 0x00, 0x00, 0x00, 0x00, 0x00, 
  0x00, 0x00, 0x00, 0x00, 0x00, 0x00, 0x00, 0x00, 0x00, 0x00, 0x00, 0x00, 
  0x00, 0x00, 0x00, 0x00, 0x00, 0x00, 0x00, 0x00, 0x00, 0x00, 0x00, 0x00, 
  0x00, 0x00, 0x00, 0x00, 0x00, 0x00, 0x00, 0x00, 0x00, 0x00, 0x00, 0x00, 
  0x00, 0x00, 0x00, 0x00, 0x00, 0x00, 0x00, 0x00, 0x00, 0x00, 0x00, 0x00, 
  0x00, 0x00, 0x00, 0x00, 0x00, 0x00, 0x00, 0x00, 0x00, 0x00, 0x00, 0x00, 
  0x00, 0x00, 0x00, 0x00, 0x00, 0x00, 0x00, 0x00, 0x00, 0x00, 0x00, 0x00, 
  0x00, 0x00, 0x00, 0x00, 0x00, 0x00, 0x00, 0x00, 0x00, 0x00, 0x00, 0x00, 
  0x00, 0x00, 0x00, 0x00, 0x00, 0x00, 0x00, 0x00, 0x00, 0x00, 0x00, 0x00, 
  0x00, 0x00, 0x00, 0x00, 0x00, 0x00, 0x00, 0x00, 0x00, 0x00, 0x00, 0x00, 
  0x00, 0x00, 0x00, 0x00, 0x00, 0x00, 0x00, 0x00, 0x00, 0x00, 0x00, 0x00, 
  0x00, 0x00, 0x00, 0x00, 0x00, 0x00, 0x00, 0x00, 0x00, 0x00, 0x00, 0x00, 
  0x00, 0x00, 0x00, 0x00, 0x00, 0x00, 0x00, 0x00, 0x00, 0x00, 0x00, 0x00, 
  0x00, 0x00, 0x00, 0x00, 0x00, 0x00, 0x00, 0x00, 0x00, 0x00, 0x00, 0x00, 
  0x00, 0x00, 0x00, 0x00, 0x00, 0x00, 0x00, 0x00, 0x00, 0x00, 0x00, 0x00, 
  0x00, 0x00, 0x00, 0x00, 0x00, 0x00, 0x00, 0x00, 0x00, 0x00, 0x00, 0x00, 
  0x00, 0x00, 0x00, 0x00, 0x00, 0x00, 0x00, 0x00, 0x00, 0x00, 0x00, 0x00, 
  0x00, 0x00, 0x00, 0x00, 0x00, 0x00, 0x00, 0x00, 0x00, 0x00, 0x00, 0x00, 
  0x00, 0x00, 0x00, 0x00, 0x00, 0x00, 0x00, 0x00, 0x00, 0x00, 0x00, 0x00, 
  0x00, 0x00, 0x00, 0x00, 0x00, 0x00, 0x00, 0x00, 0x00, 0x00, 0x00, 0x00, 
  0x00, 0x00, 0x00, 0x00, 0x00, 0x00, 0x00, 0x00, 0x00, 0x00, 0x00, 0x00, 
  0x00, 0x00, 0x00, 0x00, 0x00, 0x00, 0x00, 0x00, 0x00, 0x00, 0x00, 0x00, 
  0x00, 0x00, 0x00, 0x00, 0x00, 0x00, 0x00, 0x00, 0x00, 0x00, 0x00, 0x00, 
  0x00, 0x00, 0x00, 0x00, 0x00, 0x00, 0x00, 0x00, 0x00, 0x00, 0x00, 0x00, 
  0x00, 0x00, 0x00, 0x00, 0x00, 0x00, 0x00, 0x00, 0x00, 0x00, 0x00, 0x00, 
  0x00, 0x00, 0x00, 0x00, 0x00, 0x00, 0x00, 0x00, 0x00, 0x00, 0x00, 0x00, 
  0x00, 0x00, 0x00, 0x00, 0x00, 0x00, 0x00, 0x00, 0x00, 0x00, 0x00, 0x00, 
  0x00, 0x00, 0x00, 0x00, 0x00, 0x00, 0x00, 0x00, 0x00, 0x00, 0x00, 0x00, 
  0x00, 0x00, 0x00, 0x00, 0x00, 0x00, 0x00, 0x00, 0x00, 0x00, 0x00, 0x00, 
  0x00, 0x00, 0x00, 0x00, 0x00, 0x00, 0x00, 0x00, 0x00, 0x00, 0x00, 0x00, 
  0x00, 0x00, 0x00, 0x00, 0x00, 0x00, 0x00, 0x00, 0x00, 0x00, 0x00, 0x00, 
  0x00, 0x00, 0x00, 0x00, 0x00, 0x00, 0x00, 0x00, 0x00, 0x00, 0x00, 0x00, 
  0x00, 0x00, 0x00, 0x00, 0x00, 0x00, 0x00, 0x00, 0x00, 0x00, 0x00, 0x00, 
  0x00, 0x00, 0x00, 0x00, 0x00, 0x00, 0x00, 0x00, 0x00, 0x00, 0x00, 0x00, 
  0x00, 0x00, 0x00, 0x00, 0x00, 0x00, 0x00, 0x00, 0x00, 0x00, 0x00, 0x00, 
  0x00, 0x00, 0x00, 0x00, 0x00, 0x00, 0x00, 0x00, 0x00, 0x00, 0x00, 0x00, 
  0x00, 0x00, 0x00, 0x00, 0x00, 0x00, 0x00, 0x00, 0x00, 0x00, 0x00, 0x00, 
  0x00, 0x00, 0x00, 0x00, 0x00, 0x00, 0x00, 0x00, 0x00, 0x00, 0x00, 0x00, 
  0x00, 0x00, 0x00, 0x00, 0x00, 0x00, 0x00, 0x00, 0x00, 0x00, 0x00, 0x00, 
  0x00, 0x00, 0x00, 0x00, 0x00, 0x00, 0x00, 0x00, 0x00, 0x00, 0x00, 0x00, 
  0x00, 0x00, 0x00, 0x00, 0x00, 0x00, 0x00, 0x00, 0x00, 0x00, 0x00, 0x00, 
  0x00, 0x00, 0x00, 0x00, 0x00, 0x00, 0x00, 0x00, 0x00, 0x00, 0x00, 0x00, 
  0x00, 0x00, 0x00, 0x00, 0x00, 0x00, 0x00, 0x00, 0x00, 0x00, 0x00, 0x00, 
  0x00, 0x00, 0x00, 0x00, 0x00, 0x00, 0x00, 0x00, 0x00, 0x00, 0x00, 0x00, 
  0x00, 0x00, 0x00, 0x00, 0x00, 0x00, 0x00, 0x00, 0x00, 0x00, 0x00, 0x00, 
  0x00, 0x00, 0x00, 0x00, 0x00, 0x00, 0x00, 0x00, 0x00, 0x00, 0x00, 0x00, 
  0x00, 0x00, 0x00, 0x00, 0x00, 0x00, 0x00, 0x00, 0x00, 0x00, 0x00, 0x00, 
  0x00, 0x00, 0x00, 0x00, 0x00, 0x00, 0x00, 0x00, 0x00, 0x00, 0x00, 0x00, 
  0x00, 0x00, 0x00, 0x00, 0x00, 0x00, 0x00, 0x00, 0x00, 0x00, 0x00, 0x00, 
  0x00, 0x00, 0x00, 0x00, 0x00, 0x00, 0x00, 0x00, 0x00, 0x00, 0x00, 0x00, 
  0x00, 0x00, 0x00, 0x00, 0x00, 0x00, 0x00, 0x00, 0x00, 0x00, 0x00, 0x00, 
  0x00, 0x00, 0x00, 0x00, 0x00, 0x00, 0x00, 0x00, 0x00, 0x00, 0x00, 0x00, 
  0x00, 0x00, 0x00, 0x00, 0x00, 0x00, 0x00, 0x00, 0x00, 0x00, 0x00, 0x00, 
  0x00, 0x00, 0x00, 0x00, 0x00, 0x00, 0x00, 0x00, 0x00, 0x00, 0x00, 0x00, 
  0x00, 0x00, 0x00, 0x00, 0x00, 0x00, 0x00, 0x00, 0x00, 0x00, 0x00, 0x00, 
  0x00, 0x00, 0x00, 0x00, 0x00, 0x00, 0x00, 0x00, 0x00, 0x00, 0x00, 0x00, 
  0x00, 0x00, 0x00, 0x00, 0x00, 0x00, 0x00, 0x00, 0x00, 0x00, 0x00, 0x00, 
  0x00, 0x00, 0x00, 0x00, 0x00, 0x00, 0x00, 0x00, 0x00, 0x00, 0x00, 0x00, 
  0x00, 0x00, 0x00, 0x00, 0x00, 0x00, 0x00, 0x00, 0x00, 0x00, 0x00, 0x00, 
  0x00, 0x00, 0x00, 0x00, 0x00, 0x00, 0x00, 0x00, 0x00, 0x00, 0x00, 0x00, 
  0x00, 0x00, 0x00, 0x00, 0x00, 0x00, 0x00, 0x00, 0x00, 0x00, 0x00, 0x00, 
  0x00, 0x00, 0x00, 0x00, 0x00, 0x00, 0x00, 0x00, 0x00, 0x00, 0x00, 0x00, 
  0x00, 0x00, 0x00, 0x00, 0x00, 0x00, 0x00, 0x00, 0x00, 0x00, 0x00, 0x00, 
  0x00, 0x00, 0x00, 0x00, 0x00, 0x00, 0x00, 0x00, 0x00, 0x00, 0x00, 0x00, 
  0x00, 0x00, 0x00, 0x00, 0x00, 0x00, 0x00, 0x00, 0x00, 0x00, 0x00, 0x00, 
  0x00, 0x00, 0x00, 0x00, 0x00, 0x00, 0x00, 0x00, 0x00, 0x00, 0x00, 0x00, 
  0x00, 0x00, 0x00, 0x00, 0x00, 0x00, 0x00, 0x00, 0x00, 0x00, 0x00, 0x00, 
  0x00, 0x00, 0x00, 0x00, 0x00, 0x00, 0x00, 0x00, 0x00, 0x00, 0x00, 0x00, 
  0x00, 0x00, 0x00, 0x00, 0x00, 0x00, 0x00, 0x00, 0x00, 0x00, 0x00, 0x00, 
  0x00, 0x00, 0x00, 0x00, 0x00, 0x00, 0x00, 0x00, 0x00, 0x00, 0x00, 0x00, 
  0x00, 0x00, 0x00, 0x00, 0x00, 0x00, 0x00, 0x00, 0x00, 0x00, 0x00, 0x00, 
  0x00, 0x00, 0x00, 0x00, 0x00, 0x00, 0x00, 0x00, 0x00, 0x00, 0x00, 0x00, 
  0x00, 0x00, 0x00, 0x00, 0x00, 0x00, 0x00, 0x00, 0x00, 0x00, 0x00, 0x00, 
  0x00, 0x00, 0x00, 0x00, 0x00, 0x00, 0x00, 0x00, 0x00, 0x00, 0x00, 0x00, 
  0x00, 0x00, 0x00, 0x00, 0x00, 0x00, 0x00, 0x00, 0x00, 0x00, 0x00, 0x00, 
  0x00, 0x00, 0x00, 0x00, 0x00, 0x00, 0x00, 0x00, 0x00, 0x00, 0x00, 0x00, 
  0x00, 0x00, 0x00, 0x00, 0x00, 0x00, 0x00, 0x00, 0x00, 0x00, 0x00, 0x00, 
  0x00, 0x00, 0x00, 0x00, 0x00, 0x00, 0x00, 0x00, 0x00, 0x00, 0x00, 0x00, 
  0x00, 0x00, 0x00, 0x00, 0x00, 0x00, 0x00, 0x00, 0x00, 0x00, 0x00, 0x00, 
  0x00, 0x00, 0x00, 0x00, 0x00, 0x00, 0x00, 0x00, 0x00, 0x00, 0x00, 0x00, 
  0x00, 0x00, 0x00, 0x00, 0x00, 0x00, 0x00, 0x00, 0x00, 0x00, 0x00, 0x00, 
  0x00, 0x00, 0x00, 0x00, 0x00, 0x00, 0x00, 0x00, 0x00, 0x00, 0x00, 0x00, 
  0x00, 0x00, 0x00, 0x00, 0x00, 0x00, 0x00, 0x00, 0x00, 0x00, 0x00, 0x00, 
  0x00, 0x00, 0x00, 0x00, 0x00, 0x00, 0x00, 0x00, 0x00, 0x00, 0x00, 0x00, 
  0x00, 0x00, 0x00, 0x00, 0x00, 0x00, 0x00, 0x00, 0x00, 0x00, 0x00, 0x00, 
  0x00, 0x00, 0x00, 0x00, 0x00, 0x00, 0x00, 0x00, 0x00, 0x00, 0x00, 0x00, 
  0x00, 0x00, 0x00, 0x00, 0x00, 0x00, 0x00, 0x00, 0x00, 0x00, 0x00, 0x00, 
  0x00, 0x00, 0x00, 0x00, 0x00, 0x00, 0x00, 0x00, 0x00, 0x00, 0x00, 0x00, 
  0x00, 0x00, 0x00, 0x00, 0x00, 0x00, 0x00, 0x00, 0x00, 0x00, 0x00, 0x00, 
  0x00, 0x00, 0x00, 0x00, 0x00, 0x00, 0x00, 0x00, 0x00, 0x00, 0x00, 0x00, 
  0x00, 0x00, 0x00, 0x00, 0x00, 0x00, 0x00, 0x00, 0x00, 0x00, 0x00, 0x00, 
  0x00, 0x00, 0x00, 0x00, 0x00, 0x00, 0x00, 0x00, 0x00, 0x00, 0x00, 0x00, 
  0x00, 0x00, 0x00, 0x00, 0x00, 0x00, 0x00, 0x00, 0x00, 0x00, 0x00, 0x00, 
  0x00, 0x00, 0x00, 0x00, 0x00, 0x00, 0x00, 0x00, 0x00, 0x00, 0x00, 0x00, 
  0x00, 0x00, 0x00, 0x00, 0x00, 0x00, 0x00, 0x00, 0x00, 0x00, 0x00, 0x00, 
  0x00, 0x00, 0x00, 0x00, 0x00, 0x00, 0x00, 0x00, 0x00, 0x00, 0x00, 0x00, 
  0x00, 0x00, 0x00, 0x00, 0x00, 0x00, 0x00, 0x00, 0x00, 0x00, 0x00, 0x00, 
  0x00, 0x00, 0x00, 0x00, 0x00, 0x00, 0x00, 0x00, 0x00, 0x00, 0x00, 0x00, 
  0x00, 0x00, 0x00, 0x00, 0x00, 0x00, 0x00, 0x00, 0x00, 0x00, 0x00, 0x00, 
  0x00, 0x00, 0x00, 0x00, 0x00, 0x00, 0x00, 0x00, 0x00, 0x00, 0x00, 0x00, 
  0x00, 0x00, 0x00, 0x00, 0x00, 0x00, 0x00, 0x00, 0x00, 0x00, 0x00, 0x00, 
  0x00, 0x00, 0x00, 0x00, 0x00, 0x00, 0x00, 0x00, 0x00, 0x00, 0x00, 0x00, 
  0x00, 0x00, 0x00, 0x00, 0x00, 0x00, 0x00, 0x00, 0x00, 0x00, 0x00, 0x00, 
  0x00, 0x00, 0x00, 0x00, 0x00, 0x00, 0x00, 0x00, 0x00, 0x00, 0x00, 0x00, 
  0x00, 0x00, 0x00, 0x00, 0x00, 0x00, 0x00, 0x00, 0x00, 0x00, 0x00, 0x00, 
  0x00, 0x00, 0x00, 0x00, 0x00, 0x00, 0x00, 0x00, 0x00, 0x00, 0x00, 0x00, 
  0x00, 0x00, 0x00, 0x00, 0x00, 0x00, 0x00, 0x00, 0x00, 0x00, 0x00, 0x00, 
  0x00, 0x00, 0x00, 0x00, 0x00, 0x00, 0x00, 0x00, 0x00, 0x00, 0x00, 0x00, 
  0x00, 0x00, 0x00, 0x00, 0x00, 0x00, 0x00, 0x00, 0x00, 0x00, 0x00, 0x00, 
  0x00, 0x00, 0x00, 0x00, 0x00, 0x00, 0x00, 0x00, 0x00, 0x00, 0x00, 0x00, 
  0x00, 0x00, 0x00, 0x00, 0x00, 0x00, 0x00, 0x00, 0x00, 0x00, 0x00, 0x00, 
  0x00, 0x00, 0x00, 0x00, 0x00, 0x00, 0x00, 0x00, 0x00, 0x00, 0x00, 0x00, 
  0x00, 0x00, 0x00, 0x00, 0x00, 0x00, 0x00, 0x00, 0x00, 0x00, 0x00, 0x00, 
  0x00, 0x00, 0x00, 0x00, 0x00, 0x00, 0x00, 0x00, 0x00, 0x00, 0x00, 0x00, 
  0x00, 0x00, 0x00, 0x00, 0x00, 0x00, 0x00, 0x00, 0x00, 0x00, 0x00, 0x00, 
  0x00, 0x00, 0x00, 0x00, 0x00, 0x00, 0x00, 0x00, 0x00, 0x00, 0x00, 0x00, 
  0x00, 0x00, 0x00, 0x00, 0x00, 0x00, 0x00, 0x00, 0x00, 0x00, 0x00, 0x00, 
  0x00, 0x00, 0x00, 0x00, 0x00, 0x00, 0x00, 0x00, 0x00, 0x00, 0x00, 0x00, 
  0x00, 0x00, 0x00, 0x00, 0x00, 0x00, 0x00, 0x00, 0x00, 0x00, 0x00, 0x00, 
  0x00, 0x00, 0x00, 0x00, 0x00, 0x00, 0x00, 0x00, 0x00, 0x00, 0x00, 0x00, 
  0x00, 0x00, 0x00, 0x00, 0x00, 0x00, 0x00, 0x00, 0x00, 0x00, 0x00, 0x00, 
  0x00, 0x00, 0x00, 0x00, 0x00, 0x00, 0x00, 0x00, 0x00, 0x00, 0x00, 0x00, 
  0x00, 0x00, 0x00, 0x00, 0x00, 0x00, 0x00, 0x00, 0x00, 0x00, 0x00, 0x00, 
  0x00, 0x00, 0x00, 0x00, 0x00, 0x00, 0x00, 0x00, 0x00, 0x00, 0x00, 0x00, 
  0x00, 0x00, 0x00, 0x00, 0x00, 0x00, 0x00, 0x00, 0x00, 0x00, 0x00, 0x00, 
  0x00, 0x00, 0x00, 0x00, 0x00, 0x00, 0x00, 0x00, 0x00, 0x00, 0x00, 0x00, 
  0x00, 0x00, 0x00, 0x00, 0x00, 0x00, 0x00, 0x00, 0x00, 0x00, 0x00, 0x00, 
  0x00, 0x00, 0x00, 0x00, 0x00, 0x00, 0x00, 0x00, 0x00, 0x00, 0x00, 0x00, 
  0x00, 0x00, 0x00, 0x00, 0x00, 0x00, 0x00, 0x00, 0x00, 0x00, 0x00, 0x00, 
  0x00, 0x00, 0x00, 0x00, 0x00, 0x00, 0x00, 0x00, 0x00, 0x00, 0x00, 0x00, 
  0x00, 0x00, 0x00, 0x00, 0x00, 0x00, 0x00, 0x00, 0x00, 0x00, 0x00, 0x00, 
  0x00, 0x00, 0x00, 0x00, 0x00, 0x00, 0x00, 0x00, 0x00, 0x00, 0x00, 0x00, 
  0x00, 0x00, 0x00, 0x00, 0x00, 0x00, 0x00, 0x00, 0x00, 0x00, 0x00, 0x00, 
  0x00, 0x00, 0x00, 0x00, 0x00, 0x00, 0x00, 0x00, 0x00, 0x00, 0x00, 0x00, 
  0x00, 0x00, 0x00, 0x00, 0x00, 0x00, 0x00, 0x00, 0x00, 0x00, 0x00, 0x00, 
  0x00, 0x00, 0x00, 0x00, 0x00, 0x00, 0x00, 0x00, 0x00, 0x00, 0x00, 0x00, 
  0x00, 0x00, 0x00, 0x00, 0x00, 0x00, 0x00, 0x00, 0x00, 0x00, 0x00, 0x00, 
  0x00, 0x00, 0x00, 0x00, 0x00, 0x00, 0x00, 0x00, 0x00, 0x00, 0x00, 0x00, 
  0x00, 0x00, 0x00, 0x00, 0x00, 0x00, 0x00, 0x00, 0x00, 0x00, 0x00, 0x00, 
  0x00, 0x00, 0x00, 0x00, 0x00, 0x00, 0x00, 0x00, 0x00, 0x00, 0x00, 0x00, 
  0x00, 0x00, 0x00, 0x00, 0x00, 0x00, 0x00, 0x00, 0x00, 0x00, 0x00, 0x00, 
  0x00, 0x00, 0x00, 0x00, 0x00, 0x00, 0x00, 0x00, 0x00, 0x00, 0x00, 0x00, 
  0x00, 0x00, 0x00, 0x00, 0x00, 0x00, 0x00, 0x00, 0x00, 0x00, 0x00, 0x00, 
  0x00, 0x00, 0x00, 0x00, 0x00, 0x00, 0x00, 0x00, 0x00, 0x00, 0x00, 0x00, 
  0x00, 0x00, 0x00, 0x00, 0x00, 0x00, 0x00, 0x00, 0x00, 0x00, 0x00, 0x00, 
  0x00, 0x00, 0x00, 0x00, 0x00, 0x00, 0x00, 0x00, 0x00, 0x00, 0x00, 0x00, 
  0x00, 0x00, 0x00, 0x00, 0x00, 0x00, 0x00, 0x00, 0x00, 0x00, 0x00, 0x00, 
  0x00, 0x00, 0x00, 0x00, 0x00, 0x00, 0x00, 0x00, 0x00, 0x00, 0x00, 0x00, 
  0x00, 0x00, 0x00, 0x00, 0x00, 0x00, 0x00, 0x00, 0x00, 0x00, 0x00, 0x00, 
  0x00, 0x00, 0x00, 0x00, 0x00, 0x00, 0x00, 0x00, 0x00, 0x00, 0x00, 0x00, 
  0x00, 0x00, 0x00, 0x00, 0x00, 0x00, 0x00, 0x00, 0x00, 0x00, 0x00, 0x00, 
  0x00, 0x00, 0x00, 0x00, 0x00, 0x00, 0x00, 0x00, 0x00, 0x00, 0x00, 0x00, 
  0x00, 0x00, 0x00, 0x00, 0x00, 0x00, 0x00, 0x00, 0x00, 0x00, 0x00, 0x00, 
  0x00, 0x00, 0x00, 0x00, 0x00, 0x00, 0x00, 0x00, 0x00, 0x00, 0x00, 0x00, 
  0x00, 0x00, 0x00, 0x00, 0x00, 0x00, 0x00, 0x00, 0x00, 0x00, 0x00, 0x00, 
  0x00, 0x00, 0x00, 0x00, 0x00, 0x00, 0x00, 0x00, 0x00, 0x00, 0x00, 0x00, 
  0x00, 0x00, 0x00, 0x00, 0x00, 0x00, 0x00, 0x00, 0x00, 0x00, 0x00, 0x00, 
  0x00, 0x00, 0x00, 0x00, 0x00, 0x00, 0x00, 0x00, 0x00, 0x00, 0x00, 0x00, 
  0x00, 0x00, 0x00, 0x00, 0x00, 0x00, 0x00, 0x00, 0x00, 0x00, 0x00, 0x00, 
  0x00, 0x00, 0x00, 0x00, 0x00, 0x00, 0x00, 0x00, 0x00, 0x00, 0x00, 0x00, 
  0x00, 0x00, 0x00, 0x00, 0x00, 0x00, 0x00, 0x00, 0x00, 0x00, 0x00, 0x00, 
  0x00, 0x00, 0x00, 0x00, 0x00, 0x00, 0x00, 0x00, 0x00, 0x00, 0x00, 0x00, 
  0x00, 0x00, 0x00, 0x00, 0x00, 0x00, 0x00, 0x00, 0x00, 0x00, 0x00, 0x00, 
  0x00, 0x00, 0x00, 0x00, 0x00, 0x00, 0x00, 0x00, 0x00, 0x00, 0x00, 0x00, 
  0x00, 0x00, 0x00, 0x00, 0x00, 0x00, 0x00, 0x00, 0x00, 0x00, 0x00, 0x00, 
  0x00, 0x00, 0x00, 0x00, 0x00, 0x00, 0x00, 0x00, 0x00, 0x00, 0x00, 0x00, 
  0x00, 0x00, 0x00, 0x00, 0x00, 0x00, 0x00, 0x00, 0x00, 0x00, 0x00, 0x00, 
  0x00, 0x00, 0x00, 0x00, 0x00, 0x00, 0x00, 0x00, 0x00, 0x00, 0x00, 0x00, 
  0x00, 0x00, 0x00, 0x00, 0x00, 0x00, 0x00, 0x00, 0x00, 0x00, 0x00, 0x00, 
  0x00, 0x00, 0x00, 0x00, 0x00, 0x00, 0x00, 0x00, 0x00, 0x00, 0x00, 0x00, 
  0x00, 0x00, 0x00, 0x00, 0x00, 0x00, 0x00, 0x00, 0x00, 0x00, 0x00, 0x00, 
  0x00, 0x00, 0x00, 0x00, 0x00, 0x00, 0x00, 0x00, 0x00, 0x00, 0x00, 0x00, 
  0x00, 0x00, 0x00, 0x00, 0x00, 0x00, 0x00, 0x00, 0x00, 0x00, 0x00, 0x00, 
  0x00, 0x00, 0x00, 0x00, 0x00, 0x00, 0x00, 0x00, 0x00, 0x00, 0x00, 0x00, 
  0x00, 0x00, 0x00, 0x00, 0x00, 0x00, 0x00, 0x00, 0x00, 0x00, 0x00, 0x00, 
  0x00, 0x00, 0x00, 0x00, 0x00, 0x00, 0x00, 0x00, 0x00, 0x00, 0x00, 0x00, 
  0x00, 0x00, 0x00, 0x00, 0x00, 0x00, 0x00, 0x00, 0x00, 0x00, 0x00, 0x00, 
  0x00, 0x00, 0x00, 0x00, 0x00, 0x00, 0x00, 0x00, 0x00, 0x00, 0x00, 0x00, 
  0x00, 0x00, 0x00, 0x00, 0x00, 0x00, 0x00, 0x00, 0x00, 0x00, 0x00, 0x00, 
  0x00, 0x00, 0x00, 0x00, 0x00, 0x00, 0x00, 0x00, 0x00, 0x00, 0x00, 0x00, 
  0x00, 0x00, 0x00, 0x00, 0x00, 0x00, 0x00, 0x00, 0x00, 0x00, 0x00, 0x00, 
  0x00, 0x00, 0x00, 0x00, 0x00, 0x00, 0x00, 0x00, 0x00, 0x00, 0x00, 0x00, 
  0x00, 0x00, 0x00, 0x00, 0x00, 0x00, 0x00, 0x00, 0x00, 0x00, 0x00, 0x00, 
  0x00, 0x00, 0x00, 0x00, 0x00, 0x00, 0x00, 0x00, 0x00, 0x00, 0x00, 0x00, 
  0x00, 0x00, 0x00, 0x00, 0x00, 0x00, 0x00, 0x00, 0x00, 0x00, 0x00, 0x00, 
  0x00, 0x00, 0x00, 0x00, 0x00, 0x00, 0x00, 0x00, 0x00, 0x00, 0x00, 0x00, 
  0x00, 0x00, 0x00, 0x00, 0x00, 0x00, 0x00, 0x00, 0x00, 0x00, 0x00, 0x00, 
  0x00, 0x00, 0x00, 0x00, 0x00, 0x00, 0x00, 0x00, 0x00, 0x00, 0x00, 0x00, 
  0x00, 0x00, 0x00, 0x00, 0x00, 0x00, 0x00, 0x00, 0x00, 0x00, 0x00, 0x00, 
  0x00, 0x00, 0x00, 0x00, 0x00, 0x00, 0x00, 0x00, 0x00, 0x00, 0x00, 0x00, 
  0x00, 0x00, 0x00, 0x00, 0x00, 0x00, 0x00, 0x00, 0x00, 0x00, 0x00, 0x00, 
  0x00, 0x00, 0x00, 0x00, 0x00, 0x00, 0x00, 0x00, 0x00, 0x00, 0x00, 0x00, 
  0x00, 0x00, 0x00, 0x00, 0x00, 0x00, 0x00, 0x00, 0x00, 0x00, 0x00, 0x00, 
  0x00, 0x00, 0x00, 0x00, 0x00, 0x00, 0x00, 0x00, 0x00, 0x00, 0x00, 0x00, 
  0x00, 0x00, 0x00, 0x00, 0x00, 0x00, 0x00, 0x00, 0x00, 0x00, 0x00, 0x00, 
  0x00, 0x00, 0x00, 0x00, 0x00, 0x00, 0x00, 0x00, 0x00, 0x00, 0x00, 0x00, 
  0x00, 0x00, 0x00, 0x00, 0x00, 0x00, 0x00, 0x00, 0x00, 0x00, 0x00, 0x00, 
  0x00, 0x00, 0x00, 0x00, 0x00, 0x00, 0x00, 0x00, 0x00, 0x00, 0x00, 0x00, 
  0x00, 0x00, 0x00, 0x00, 0x00, 0x00, 0x00, 0x00, 0x00, 0x00, 0x00, 0x00, 
  0x00, 0x00, 0x00, 0x00, 0x00, 0x00, 0x00, 0x00, 0x00, 0x00, 0x00, 0x00, 
  0x00, 0x00, 0x00, 0x00, 0x00, 0x00, 0x00, 0x00, 0x00, 0x00, 0x00, 0x00, 
  0x00, 0x00, 0x00, 0x00, 0x00, 0x00, 0x00, 0x00, 0x00, 0x00, 0x00, 0x00, 
  0x00, 0x00, 0x00, 0x00, 0x00, 0x00, 0x00, 0x00, 0x00, 0x00, 0x00, 0x00, 
  0x00, 0x00, 0x00, 0x00, 0x00, 0x00, 0x00, 0x00, 0x00, 0x00, 0x00, 0x00, 
  0x00, 0x00, 0x00, 0x00, 0x00, 0x00, 0x00, 0x00, 0x00, 0x00, 0x00, 0x00, 
  0x00, 0x00, 0x00, 0x00, 0x00, 0x00, 0x00, 0x00, 0x00, 0x00, 0x00, 0x00, 
  0x00, 0x00, 0x00, 0x00, 0x00, 0x00, 0x00, 0x00, 0x00, 0x00, 0x00, 0x00, 
  0x00, 0x00, 0x00, 0x00, 0x00, 0x00, 0x00, 0x00, 0x00, 0x00, 0x00, 0x00, 
  0x00, 0x00, 0x00, 0x00, 0x00, 0x00, 0x00, 0x00, 0x00, 0x00, 0x00, 0x00, 
  0x00, 0x00, 0x00, 0x00, 0x00, 0x00, 0x00, 0x00, 0x00, 0x00, 0x00, 0x00, 
  0x00, 0x00, 0x00, 0x00, 0x00, 0x00, 0x00, 0x00, 0x00, 0x00, 0x00, 0x00, 
  0x00, 0x00, 0x00, 0x00, 0x00, 0x00, 0x00, 0x00, 0x00, 0x00, 0x00, 0x00, 
  0x00, 0x00, 0x00, 0x00, 0x00, 0x00, 0x00, 0x00, 0x00, 0x00, 0x00, 0x00, 
  0x00, 0x00, 0x00, 0x00, 0x00, 0x00, 0x00, 0x00, 0x00, 0x00, 0x00, 0x00, 
  0x00, 0x00, 0x00, 0x00, 0x00, 0x00, 0x00, 0x00, 0x00, 0x00, 0x00, 0x00, 
  0x00, 0x00, 0x00, 0x00, 0x00, 0x00, 0x00, 0x00, 0x00, 0x00, 0x00, 0x00, 
  0x00, 0x00, 0x00, 0x00, 0x00, 0x00, 0x00, 0x00, 0x00, 0x00, 0x00, 0x00, 
  0x00, 0x00, 0x00, 0x00, 0x00, 0x00, 0x00, 0x00, 0x00, 0x00, 0x00, 0x00, 
  0x00, 0x00, 0x00, 0x00, 0x00, 0x00, 0x00, 0x00, 0x00, 0x00, 0x00, 0x00, 
  0x00, 0x00, 0x00, 0x00, 0x00, 0x00, 0x00, 0x00, 0x00, 0x00, 0x00, 0x00, 
  0x00, 0x00, 0x00, 0x00, 0x00, 0x00, 0x00, 0x00, 0x00, 0x00, 0x00, 0x00, 
  0x00, 0x00, 0x00, 0x00, 0x00, 0x00, 0x00, 0x00, 0x00, 0x00, 0x00, 0x00, 
  0x00, 0x00, 0x00, 0x00, 0x00, 0x00, 0x00, 0x00, 0x00, 0x00, 0x00, 0x00, 
  0x00, 0x00, 0x00, 0x00, 0x00, 0x00, 0x00, 0x00, 0x00, 0x00, 0x00, 0x00, 
  0x00, 0x00, 0x00, 0x00, 0x00, 0x00, 0x00, 0x00, 0x00, 0x00, 0x00, 0x00, 
  0x00, 0x00, 0x00, 0x00, 0x00, 0x00, 0x00, 0x00, 0x00, 0x00, 0x00, 0x00, 
  0x00, 0x00, 0x00, 0x00, 0x00, 0x00, 0x00, 0x00, 0x00, 0x00, 0x00, 0x00, 
  0x00, 0x00, 0x00, 0x00, 0x00, 0x00, 0x00, 0x00, 0x00, 0x00, 0x00, 0x00, 
  0x00, 0x00, 0x00, 0x00, 0x00, 0x00, 0x00, 0x00, 0x00, 0x00, 0x00, 0x00, 
  0x00, 0x00, 0x00, 0x00, 0x00, 0x00, 0x00, 0x00, 0x00, 0x00, 0x00, 0x00, 
  0x00, 0x00, 0x00, 0x00, 0x00, 0x00, 0x00, 0x00, 0x00, 0x00, 0x00, 0x00, 
  0x00, 0x00, 0x00, 0x00, 0x00, 0x00, 0x00, 0x00, 0x00, 0x00, 0x00, 0x00, 
  0x00, 0x00, 0x00, 0x00, 0x00, 0x00, 0x00, 0x00, 0x00, 0x00, 0x00, 0x00, 
  0x00, 0x00, 0x00, 0x00, 0x00, 0x00, 0x00, 0x00, 0x00, 0x00, 0x00, 0x00, 
  0x00, 0x00, 0x00, 0x00, 0x00, 0x00, 0x00, 0x00, 0x00, 0x00, 0x00, 0x00, 
  0x00, 0x00, 0x00, 0x00, 0x00, 0x00, 0x00, 0x00, 0x00, 0x00, 0x00, 0x00, 
  0x00, 0x00, 0x00, 0x00, 0x00, 0x00, 0x00, 0x00, 0x00, 0x00, 0x00, 0x00, 
  0x00, 0x00, 0x00, 0x00, 0x00, 0x00, 0x00, 0x00, 0x00, 0x00, 0x00, 0x00, 
  0x00, 0x00, 0x00, 0x00, 0x00, 0x00, 0x00, 0x00, 0x00, 0x00, 0x00, 0x00, 
  0x00, 0x00, 0x00, 0x00, 0x00, 0x00, 0x00, 0x00, 0x00, 0x00, 0x00, 0x00, 
  0x00, 0x00, 0x00, 0x00, 0x00, 0x00, 0x00, 0x00, 0x00, 0x00, 0x00, 0x00, 
  0x00, 0x00, 0x00, 0x00, 0x00, 0x00, 0x00, 0x00, 0x00, 0x00, 0x00, 0x00, 
  0x00, 0x00, 0x00, 0x00, 0x00, 0x00, 0x00, 0x00, 0x00, 0x00, 0x00, 0x00, 
  0x00, 0x00, 0x00, 0x00, 0x00, 0x00, 0x00, 0x00, 0x00, 0x00, 0x00, 0x00, 
  0x00, 0x00, 0x00, 0x00, 0x00, 0x00, 0x00, 0x00, 0x00, 0x00, 0x00, 0x00, 
  0x00, 0x00, 0x00, 0x00, 0x00, 0x00, 0x00, 0x00, 0x00, 0x00, 0x00, 0x00, 
  0x00, 0x00, 0x00, 0x00, 0x00, 0x00, 0x00, 0x00, 0x00, 0x00, 0x00, 0x00, 
  0x00, 0x00, 0x00, 0x00, 0x00, 0x00, 0x00, 0x00, 0x00, 0x00, 0x00, 0x00, 
  0x00, 0x00, 0x00, 0x00, 0x00, 0x00, 0x00, 0x00, 0x00, 0x00, 0x00, 0x00, 
  0x00, 0x00, 0x00, 0x00, 0x00, 0x00, 0x00, 0x00, 0x00, 0x00, 0x00, 0x00, 
  0x00, 0x00, 0x00, 0x00, 0x00, 0x00, 0x00, 0x00, 0x00, 0x00, 0x00, 0x00, 
  0x00, 0x00, 0x00, 0x00, 0x00, 0x00, 0x00, 0x00, 0x00, 0x00, 0x00, 0x00, 
  0x00, 0x00, 0x00, 0x00, 0x00, 0x00, 0x00, 0x00, 0x00, 0x00, 0x00, 0x00, 
  0x00, 0x00, 0x00, 0x00, 0x00, 0x00, 0x00, 0x00, 0x00, 0x00, 0x00, 0x00, 
  0x00, 0x00, 0x00, 0x00, 0x00, 0x00, 0x00, 0x00, 0x00, 0x00, 0x00, 0x00, 
  0x00, 0x00, 0x00, 0x00, 0x00, 0x00, 0x00, 0x00, 0x00, 0x00, 0x00, 0x00, 
  0x00, 0x00, 0x00, 0x00, 0x00, 0x00, 0x00, 0x00, 0x00, 0x00, 0x00, 0x00, 
  0x00, 0x00, 0x00, 0x00, 0x00, 0x00, 0x00, 0x00, 0x00, 0x00, 0x00, 0x00, 
  0x00, 0x00, 0x00, 0x00, 0x00, 0x00, 0x00, 0x00, 0x00, 0x00, 0x00, 0x00, 
  0x00, 0x00, 0x00, 0x00, 0x00, 0x00, 0x00, 0x00, 0x00, 0x00, 0x00, 0x00, 
  0x00, 0x00, 0x00, 0x00, 0x00, 0x00, 0x00, 0x00, 0x00, 0x00, 0x00, 0x00, 
  0x00, 0x00, 0x00, 0x00, 0x00, 0x00, 0x00, 0x00, 0x00, 0x00, 0x00, 0x00, 
  0x00, 0x00, 0x00, 0x00, 0x00, 0x00, 0x00, 0x00, 0x00, 0x00, 0x00, 0x00, 
  0x00, 0x00, 0x00, 0x00, 0x00, 0x00, 0x00, 0x00, 0x00, 0x00, 0x00, 0x00, 
  0x00, 0x00, 0x00, 0x00, 0x00, 0x00, 0x00, 0x00, 0x00, 0x00, 0x00, 0x00, 
  0x00, 0x00, 0x00, 0x00, 0x00, 0x00, 0x00, 0x00, 0x00, 0x00, 0x00, 0x00, 
  0x00, 0x00, 0x00, 0x00, 0x00, 0x00, 0x00, 0x00, 0x00, 0x00, 0x00, 0x00, 
  0x00, 0x00, 0x00, 0x00, 0x00, 0x00, 0x00, 0x00, 0x00, 0x00, 0x00, 0x00, 
  0x00, 0x00, 0x00, 0x00, 0x00, 0x00, 0x00, 0x00, 0x00, 0x00, 0x00, 0x00, 
  0x00, 0x00, 0x00, 0x00, 0x00, 0x00, 0x00, 0x00, 0x00, 0x00, 0x00, 0x00, 
  0x00, 0x00, 0x00, 0x00, 0x00, 0x00, 0x00, 0x00, 0x00, 0x00, 0x00, 0x00, 
  0x00, 0x00, 0x00, 0x00, 0x00, 0x00, 0x00, 0x00, 0x00, 0x00, 0x00, 0x00, 
  0x00, 0x00, 0x00, 0x00, 0x00, 0x00, 0x00, 0x00, 0x00, 0x00, 0x00, 0x00, 
  0x00, 0x00, 0x00, 0x00, 0x00, 0x00, 0x00, 0x00, 0x00, 0x00, 0x00, 0x00, 
  0x00, 0x00, 0x00, 0x00, 0x00, 0x00, 0x00, 0x00, 0x00, 0x00, 0x00, 0x00, 
  0x00, 0x00, 0x00, 0x00, 0x00, 0x00, 0x00, 0x00, 0x00, 0x00, 0x00, 0x00, 
  0x00, 0x00, 0x00, 0x00, 0x00, 0x00, 0x00, 0x00, 0x00, 0x00, 0x00, 0x00, 
  0x00, 0x00, 0x00, 0x00, 0x00, 0x00, 0x00, 0x00, 0x00, 0x00, 0x00, 0x00, 
  0x00, 0x00, 0x00, 0x00, 0x00, 0x00, 0x00, 0x00, 0x00, 0x00, 0x00, 0x00, 
  0x00, 0x00, 0x00, 0x00, 0x00, 0x00, 0x00, 0x00, 0x00, 0x00, 0x00, 0x00, 
  0x00, 0x00, 0x00, 0x00, 0x00, 0x00, 0x00, 0x00, 0x00, 0x00, 0x00, 0x00, 
  0x00, 0x00, 0x00, 0x00, 0x00, 0x00, 0x00, 0x00, 0x00, 0x00, 0x00, 0x00, 
  0x00, 0x00, 0x00, 0x00, 0x00, 0x00, 0x00, 0x00, 0x00, 0x00, 0x00, 0x00, 
  0x00, 0x00, 0x00, 0x00, 0x00, 0x00, 0x00, 0x00, 0x00, 0x00, 0x00, 0x00, 
  0x00, 0x00, 0x00, 0x00, 0x00, 0x00, 0x00, 0x00, 0x00, 0x00, 0x00, 0x00, 
  0x00, 0x00, 0x00, 0x00, 0x00, 0x00, 0x00, 0x00, 0x00, 0x00, 0x00, 0x00, 
  0x00, 0x00, 0x00, 0x00, 0x00, 0x00, 0x00, 0x00, 0x00, 0x00, 0x00, 0x00, 
  0x00, 0x00, 0x00, 0x00, 0x00, 0x00, 0x00, 0x00, 0x00, 0x00, 0x00, 0x00, 
  0x00, 0x00, 0x00, 0x00, 0x00, 0x00, 0x00, 0x00, 0x00, 0x00, 0x00, 0x00, 
  0x00, 0x00, 0x00, 0x00, 0x00, 0x00, 0x00, 0x00, 0x00, 0x00, 0x00, 0x00, 
  0x00, 0x00, 0x00, 0x00, 0x00, 0x00, 0x00, 0x00, 0x00, 0x00, 0x00, 0x00, 
  0x00, 0x00, 0x00, 0x00, 0x00, 0x00, 0x00, 0x00, 0x00, 0x00, 0x00, 0x00, 
  0x00, 0x00, 0x00, 0x00, 0x00, 0x00, 0x00, 0x00, 0x00, 0x00, 0x00, 0x00, 
  0x00, 0x00, 0x00, 0x00, 0x00, 0x00, 0x00, 0x00, 0x00, 0x00, 0x00, 0x00, 
  0x00, 0x00, 0x00, 0x00, 0x00, 0x00, 0x00, 0x00, 0x00, 0x00, 0x00, 0x00, 
  0x00, 0x00, 0x00, 0x00, 0x00, 0x00, 0x00, 0x00, 0x00, 0x00, 0x00, 0x00, 
  0x00, 0x00, 0x00, 0x00, 0x00, 0x00, 0x00, 0x00, 0x00, 0x00, 0x00, 0x00, 
  0x00, 0x00, 0x00, 0x00, 0x00, 0x00, 0x00, 0x00, 0x00, 0x00, 0x00, 0x00, 
  0x00, 0x00, 0x00, 0x00, 0x00, 0x00, 0x00, 0x00, 0x00, 0x00, 0x00, 0x00, 
  0x00, 0x00, 0x00, 0x00, 0x00, 0x00, 0x00, 0x00, 0x00, 0x00, 0x00, 0x00, 
  0x00, 0x00, 0x00, 0x00, 0x00, 0x00, 0x00, 0x00, 0x00, 0x00, 0x00, 0x00, 
  0x00, 0x00, 0x00, 0x00, 0x00, 0x00, 0x00, 0x00, 0x00, 0x00, 0x00, 0x00, 
  0x00, 0x00, 0x00, 0x00, 0x00, 0x00, 0x00, 0x00, 0x00, 0x00, 0x00, 0x00, 
  0x00, 0x00, 0x00, 0x00, 0x00, 0x00, 0x00, 0x00, 0x00, 0x00, 0x00, 0x00, 
  0x00, 0x00, 0x00, 0x00, 0x00, 0x00, 0x00, 0x00, 0x00, 0x00, 0x00, 0x00, 
  0x00, 0x00, 0x00, 0x00, 0x00, 0x00, 0x00, 0x00, 0x00, 0x00, 0x00, 0x00, 
  0x00, 0x00, 0x00, 0x00, 0x00, 0x00, 0x00, 0x00, 0x00, 0x00, 0x00, 0x00, 
  0x00, 0x00, 0x00, 0x00, 0x00, 0x00, 0x00, 0x00, 0x00, 0x00, 0x00, 0x00, 
  0x00, 0x00, 0x00, 0x00, 0x00, 0x00, 0xff, 0x7f, 0x02, 0xff, 0x3d, 0x04, 
  0xff, 0x3d, 0x04, 0xff, 0x3d, 0x04, 0xff, 0x3d, 0x04, 0xff, 0x3d, 0x04, 
  0xff, 0x3d, 0x04, 0xff, 0x3d, 0x04, 0xff, 0x3d, 0x04, 0xff, 0x3d, 0x04, 
  0xff, 0x3d, 0x04, 0xff, 0x3d, 0x04, 0xff, 0x3d, 0x04, 0xff, 0x3d, 0x04, 
  0xff, 0x3d, 0x04, 0xff, 0x3d, 0x04, 0xff, 0x3d, 0x04, 0xff, 0x3d, 0x04, 
  0xff, 0x3d, 0x04, 0xff, 0x3d, 0x04, 0xff, 0x3d, 0x04, 0xff, 0x3d, 0x04, 
  0xff, 0x3d, 0x04, 0xff, 0x3d, 0x04, 0xff, 0x3d, 0x04, 0xff, 0x3d, 0x04, 
  0xff, 0x3d, 0x04, 0xff, 0x3d, 0x04, 0xff, 0x3d, 0x04, 0xff, 0x3d, 0x04, 
  0xff, 0x3d, 0x04, 0xff, 0x3d, 0x04, 0xff, 0x3d, 0x04, 0xff, 0x3d, 0x04, 
  0xff, 0x3d, 0x04, 0xff, 0x3d, 0x04, 0xff, 0x3d, 0x04, 0xff, 0x3d, 0x04, 
  0xff, 0x3d, 0x04, 0xff, 0x3d, 0x04, 0xff, 0x3d, 0x04, 0xff, 0x3d, 0x04, 
  0xff, 0x3d, 0x04, 0xff, 0x3d, 0x04, 0xff, 0x3d, 0x04, 0xff, 0x3d, 0x04, 
  0xff, 0x3d, 0x04, 0xff, 0x3d, 0x04, 0xff, 0x3d, 0x04, 0xff, 0x3d, 0x04, 
  0xf7, 0x3b, 0x04, 0xb5, 0x52, 0x03, 0xb5, 0x52, 0x03, 0x0f, 0x00, 0x02, 
  0x00, 0x00, 0x01, 0x00, 0x00, 0x00, 0x00, 0x00, 0x00, 0x00, 0x00, 0x00, 
  0x00, 0x00, 0x00, 0x00, 0x00, 0x00, 0x00, 0x00, 0x00, 0x00, 0x00, 0x00, 
  0x00, 0x00, 0x00, 0x00, 0x00, 0x00, 0x00, 0x00, 0x00, 0x00, 0x00, 0x00, 
  0x00, 0x00, 0x00, 0x00, 0x00, 0x00, 0x00, 0x00, 0x00, 0x00, 0x00, 0x00, 
  0x00, 0x00, 0x00, 0x00, 0x00, 0x00, 0x00, 0x00, 0x00, 0x00, 0x00, 0x00, 
  0x00, 0x00, 0x00, 0x00, 0x00, 0x00, 0x00, 0x00, 0x00, 0x00, 0x00, 0x00, 
  0x00, 0x00, 0x00, 0x00, 0x00, 0x00, 0x00, 0x00, 0x00, 0x00, 0x00, 0x00, 
  0x00, 0x00, 0x00, 0x00, 0x00, 0x00, 0x00, 0x00, 0x00, 0x00, 0x00, 0x00, 
  0x00, 0x00, 0x00, 0x00, 0x00, 0x00, 0x00, 0x00, 0x00, 0x00, 0x00, 0x00, 
  0x00, 0x00, 0x00, 0x00, 0x00, 0x00, 0x00, 0x00, 0x00, 0x00, 0x00, 0x00, 
  0x00, 0x00, 0x00, 0x00, 0x00, 0x00, 0x00, 0x00, 0x00, 0x00, 0x00, 0x00, 
  0x00, 0x00, 0x00, 0x00, 0x00, 0x00, 0x00, 0x00, 0x00, 0x00, 0x00, 0x00, 
  0x00, 0x00, 0x00, 0x00, 0x00, 0x00, 0x00, 0x00, 0x00, 0x00, 0x00, 0x00, 
  0x00, 0x00, 0x00, 0x00, 0x00, 0x00, 0x00, 0x00, 0x00, 0x00, 0x00, 0x00, 
  0x00, 0x00, 0x00, 0x00, 0x00, 0x00, 0x00, 0x00, 0x00, 0x00, 0x00, 0x00, 
  0x00, 0x00, 0x00, 0x00, 0x00, 0x00, 0x00, 0x00, 0x00, 0x00, 0x00, 0x00, 
  0x00, 0x00, 0x00, 0x00, 0x00, 0x00, 0x00, 0x00, 0x00, 0x00, 0x00, 0x00, 
  0x00, 0x00, 0x00, 0x00, 0x00, 0x00, 0x00, 0x00, 0x00, 0x00, 0x00, 0x00, 
  0x00, 0x00, 0x00, 0x00, 0x00, 0x00, 0x00, 0x00, 0x00, 0x00, 0x00, 0x00, 
  0x00, 0x00, 0x00, 0x00, 0x00, 0x00, 0x00, 0x00, 0x00, 0x00, 0x00, 0x00, 
  0x00, 0x00, 0x00, 0x00, 0x00, 0x00, 0x00, 0x00, 0x00, 0x00, 0x00, 0x00, 
  0x00, 0x00, 0x00, 0x00, 0x00, 0x00, 0x00, 0x00, 0x00, 0x00, 0x00, 0x00, 
  0x00, 0x00, 0x00, 0x00, 0x00, 0x00, 0x00, 0x00, 0x00, 0x00, 0x00, 0x00, 
  0x00, 0x00, 0x00, 0x00, 0x00, 0x00, 0x00, 0x00, 0x00, 0x00, 0x00, 0x00, 
  0x00, 0x00, 0x00, 0x00, 0x00, 0x00, 0x00, 0x00, 0x00, 0x00, 0x00, 0x00, 
  0x00, 0x00, 0x00, 0x00, 0x00, 0x00, 0x00, 0x00, 0x00, 0x00, 0x00, 0x00, 
  0x00, 0x00, 0x00, 0x00, 0x00, 0x00, 0x00, 0x00, 0x00, 0x00, 0x00, 0x00, 
  0x00, 0x00, 0x00, 0x00, 0x00, 0x00, 0x00, 0x00, 0x00, 0x00, 0x00, 0x00, 
  0x00, 0x00, 0x00, 0x00, 0x00, 0x00, 0x00, 0x00, 0x00, 0x00, 0x00, 0x00, 
  0x00, 0x00, 0x00, 0x00, 0x00, 0x00, 0x00, 0x00, 0x00, 0x00, 0x00, 0x00, 
  0xff, 0x7b, 0x02, 0x56, 0x4a, 0x07, 0x93, 0x31, 0x05, 0xb5, 0x52, 0x03, 
  0x00, 0x00, 0x01, 0x00, 0x00, 0x00, 0x00, 0x00, 0x00, 0x00, 0x00, 0x00, 
  0x00, 0x00, 0x00, 0x00, 0x00, 0x00, 0x00, 0x00, 0x00, 0x00, 0x00, 0x00, 
  0x00, 0x00, 0x00, 0x00, 0x00, 0x00, 0x00, 0x00, 0x00, 0x00, 0x00, 0x00, 
  0x00, 0x00, 0x00, 0x00, 0x00, 0x00, 0x00, 0x00, 0x00, 0x00, 0x00, 0x00, 
  0x00, 0x00, 0x00, 0x00, 0x00, 0x00, 0x00, 0x00, 0x00, 0x00, 0x00, 0x00, 
  0x00, 0x00, 0x00, 0x00, 0x00, 0x00, 0x00, 0x00, 0x00, 0x00, 0x00, 0x00, 
  0x00, 0x00, 0x00, 0x00, 0x00, 0x00, 0x00, 0x00, 0x00, 0x00, 0x00, 0x00, 
  0x00, 0x00, 0x00, 0x00, 0x00, 0x00, 0x00, 0x00, 0x00, 0x00, 0x00, 0x00, 
  0x00, 0x00, 0x00, 0x00, 0x00, 0x00, 0x00, 0x00, 0x00, 0x00, 0x00, 0x00, 
  0x00, 0x00, 0x00, 0x00, 0x00, 0x00, 0x00, 0x00, 0x00, 0x00, 0x00, 0x00, 
  0x00, 0x00, 0x00, 0x00, 0x00, 0x00, 0x00, 0x00, 0x00, 0x00, 0x00, 0x00, 
  0x00, 0x00, 0x00, 0x00, 0x00, 0x00, 0x00, 0x00, 0x00, 0x00, 0x00, 0x00, 
  0x00, 0x00, 0x00, 0x00, 0x00, 0x00, 0x00, 0x00, 0x00, 0x00, 0x00, 0x00, 
  0x00, 0x00, 0x00, 0x00, 0x00, 0x00, 0x00, 0x00, 0x00, 0x00, 0x00, 0x00, 
  0x00, 0x00, 0x00, 0x00, 0x00, 0x00, 0x00, 0x00, 0x00, 0x00, 0x00, 0x00, 
  0xff, 0x7f, 0x02, 0x00, 0x00, 0x00, 0xff, 0x3d, 0x5c, 0x9f, 0x46, 0x99, 
  0xdf, 0x3d, 0x94, 0xff, 0x3d, 0x99, 0xff, 0x3d, 0x99, 0xff, 0x3d, 0x99, 
  0xff, 0x3d, 0x99, 0xff, 0x3d, 0x99, 0xff, 0x3d, 0x99, 0xff, 0x3d, 0x99, 
  0xff, 0x3d, 0x99, 0xff, 0x3d, 0x99, 0xff, 0x3d, 0x99, 0xff, 0x3d, 0x99, 
  0xff, 0x3d, 0x99, 0xff, 0x3d, 0x99, 0xff, 0x3d, 0x99, 0xff, 0x3d, 0x99, 
  0xff, 0x3d, 0x99, 0xff, 0x3d, 0x99, 0xff, 0x3d, 0x99, 0xff, 0x3d, 0x99, 
  0xff, 0x3d, 0x99, 0xff, 0x3d, 0x99, 0xff, 0x3d, 0x99, 0xff, 0x3d, 0x99, 
  0xff, 0x3d, 0x99, 0xff, 0x3d, 0x99, 0xff, 0x3d, 0x99, 0xff, 0x3d, 0x99, 
  0xff, 0x3d, 0x99, 0xff, 0x3d, 0x99, 0xff, 0x3d, 0x99, 0xff, 0x3d, 0x99, 
  0xff, 0x3d, 0x99, 0xff, 0x3d, 0x99, 0xff, 0x3d, 0x99, 0xff, 0x3d, 0x99, 
  0xff, 0x3d, 0x99, 0xff, 0x3d, 0x99, 0xff, 0x3d, 0x99, 0xff, 0x3d, 0x99, 
  0xff, 0x3d, 0x99, 0xff, 0x3d, 0x99, 0xff, 0x3d, 0x99, 0xff, 0x3d, 0x99, 
  0xff, 0x3d, 0x99, 0xff, 0x3d, 0x99, 0xde, 0x3d, 0x99, 0x5f, 0x3e, 0x99, 
  0x1d, 0x3d, 0x9a, 0xf7, 0x41, 0x8d, 0xf7, 0x41, 0x60, 0x37, 0x42, 0x34, 
  0x00, 0x00, 0x00, 0x00, 0x00, 0x00, 0x00, 0x00, 0x00, 0x00, 0x00, 0x00, 
  0xf7, 0x39, 0x04, 0xb5, 0x52, 0x06, 0xf7, 0x39, 0x04, 0xff, 0x7b, 0x02, 
  0x00, 0x00, 0x00, 0x00, 0x00, 0x00, 0x00, 0x00, 0x00, 0x00, 0x00, 0x00, 
  0x00, 0x00, 0x00, 0x00, 0x00, 0x00, 0x00, 0x00, 0x00, 0x00, 0x00, 0x00, 
  0x00, 0x00, 0x00, 0x00, 0x00, 0x00, 0x00, 0x00, 0x00, 0x00, 0x00, 0x00, 
  0x00, 0x00, 0x00, 0x00, 0x00, 0x00, 0x00, 0x00, 0x00, 0x00, 0x00, 0x00, 
  0x00, 0x00, 0x00, 0x00, 0x00, 0x00, 0x00, 0x00, 0x00, 0x00, 0x00, 0x00, 
  0x00, 0x00, 0x00, 0x00, 0x00, 0x00, 0x00, 0x00, 0x00, 0x00, 0x00, 0x00, 
  0x00, 0x00, 0x00, 0x00, 0x00, 0x00, 0x00, 0x00, 0x00, 0x00, 0x00, 0x00, 
  0x00, 0x00, 0x00, 0x00, 0x00, 0x00, 0x00, 0x00, 0x00, 0x00, 0x00, 0x00, 
  0x00, 0x00, 0x00, 0x00, 0x00, 0x00, 0x00, 0x00, 0x00, 0x00, 0x00, 0x00, 
  0x00, 0x00, 0x00, 0x00, 0x00, 0x00, 0x00, 0x00, 0x00, 0x00, 0x00, 0x00, 
  0x00, 0x00, 0x00, 0x00, 0x00, 0x00, 0x00, 0x00, 0x00, 0x00, 0x00, 0x00, 
  0x00, 0x00, 0x00, 0x00, 0x00, 0x00, 0x00, 0x00, 0x00, 0x00, 0x00, 0x00, 
  0x00, 0x00, 0x00, 0x00, 0x00, 0x00, 0x00, 0x00, 0x00, 0x00, 0x00, 0x00, 
  0x00, 0x00, 0x00, 0x00, 0x00, 0x00, 0x00, 0x00, 0x00, 0x00, 0x00, 0x00, 
  0xff, 0x3d, 0x04, 0x00, 0x00, 0x00, 0xdf, 0x3d, 0xab, 0x5f, 0x4f, 0xff, 
  0x5f, 0x3e, 0xff, 0x9f, 0x46, 0xff, 0x9f, 0x46, 0xff, 0x9f, 0x46, 0xff, 
  0x9f, 0x46, 0xff, 0x9f, 0x46, 0xff, 0x9f, 0x46, 0xff, 0x9f, 0x46, 0xff, 
  0x9f, 0x46, 0xff, 0x9f, 0x46, 0xff, 0x9f, 0x46, 0xff, 0x9f, 0x46, 0xff, 
  0x9f, 0x46, 0xff, 0x9f, 0x46, 0xff, 0x9f, 0x46, 0xff, 0x9f, 0x46, 0xff, 
  0x9f, 0x46, 0xff, 0x9f, 0x46, 0xff, 0x9f, 0x46, 0xff, 0x9f, 0x46, 0xff, 
  0x9f, 0x46, 0xff, 0x9f, 0x46, 0xff, 0x9f, 0x46, 0xff, 0x9f, 0x46, 0xff, 
  0x9f, 0x46, 0xff, 0x9f, 0x46, 0xff, 0x9f, 0x46, 0xff, 0x9f, 0x46, 0xff, 
  0x9f, 0x46, 0xff, 0x9f, 0x46, 0xff, 0x9f, 0x46, 0xff, 0x9f, 0x46, 0xff, 
  0x9f, 0x46, 0xff, 0x9f, 0x46, 0xff, 0x9f, 0x46, 0xff, 0x9f, 0x46, 0xff, 
  0x9f, 0x46, 0xff, 0x9f, 0x46, 0xff, 0x9f, 0x46, 0xff, 0x9f, 0x46, 0xff, 
  0x9f, 0x46, 0xff, 0x9f, 0x46, 0xff, 0x9f, 0x46, 0xff, 0x9f, 0x46, 0xff, 
  0x9f, 0x46, 0xff, 0x9f, 0x46, 0xff, 0x7f, 0x46, 0xff, 0x1f, 0x47, 0xff, 
  0xbf, 0x45, 0xff, 0x18, 0x4a, 0xff, 0x17, 0x42, 0xe4, 0x38, 0x42, 0xb7, 
  0x17, 0x42, 0x82, 0x17, 0x42, 0x57, 0x17, 0x42, 0x37, 0x37, 0x42, 0x12, 
  0x00, 0x00, 0x00, 0x00, 0x00, 0x00, 0x00, 0x00, 0x00, 0x00, 0x00, 0x00, 
  0xb5, 0x52, 0x03, 0xf7, 0x39, 0x04, 0xff, 0x7b, 0x02, 0x1f, 0x00, 0x01, 
  0x00, 0x00, 0x00, 0x00, 0x00, 0x00, 0x00, 0x00, 0x00, 0x00, 0x00, 0x00, 
  0x00, 0x00, 0x00, 0x00, 0x00, 0x00, 0x00, 0x00, 0x00, 0x00, 0x00, 0x00, 
  0x00, 0x00, 0x00, 0x00, 0x00, 0x00, 0x00, 0x00, 0x00, 0x00, 0x00, 0x00, 
  0x00, 0x00, 0x00, 0x00, 0x00, 0x00, 0x00, 0x00, 0x00, 0x00, 0x00, 0x00, 
  0x00, 0x00, 0x00, 0x00, 0x00, 0x00, 0x00, 0x00, 0x00, 0x00, 0x00, 0x00, 
  0x00, 0x00, 0x00, 0x00, 0x00, 0x00, 0x00, 0x00, 0x00, 0x00, 0x00, 0x00, 
  0x00, 0x00, 0x00, 0x00, 0x00, 0x00, 0x00, 0x00, 0x00, 0x00, 0x00, 0x00, 
  0x00, 0x00, 0x00, 0x00, 0x00, 0x00, 0x00, 0x00, 0x00, 0x00, 0x00, 0x00, 
  0x00, 0x00, 0x00, 0x00, 0x00, 0x00, 0x00, 0x00, 0x00, 0x00, 0x00, 0x00, 
  0x00, 0x00, 0x00, 0x00, 0x00, 0x00, 0x00, 0x00, 0x00, 0x00, 0x00, 0x00, 
  0x00, 0x00, 0x00, 0x00, 0x00, 0x00, 0x00, 0x00, 0x00, 0x00, 0x00, 0x00, 
  0x00, 0x00, 0x00, 0x00, 0x00, 0x00, 0x00, 0x00, 0x00, 0x00, 0x00, 0x00, 
  0x00, 0x00, 0x00, 0x00, 0x00, 0x00, 0x00, 0x00, 0x00, 0x00, 0x00, 0x00, 
  0xff, 0x3d, 0x04, 0x00, 0x00, 0x00, 0xff, 0x3d, 0x94, 0x9f, 0x46, 0xf7, 
  0xff, 0x3d, 0xf0, 0xdf, 0x3d, 0xf7, 0xdf, 0x3d, 0xf7, 0xdf, 0x3d, 0xf7, 
  0xdf, 0x3d, 0xf7, 0xdf, 0x3d, 0xf7, 0xdf, 0x3d, 0xf7, 0xdf, 0x3d, 0xf7, 
  0xdf, 0x3d, 0xf7, 0xdf, 0x3d, 0xf7, 0xdf, 0x3d, 0xf7, 0xdf, 0x3d, 0xf7, 
  0xdf, 0x3d, 0xf7, 0xdf, 0x3d, 0xf7, 0xdf, 0x3d, 0xf7, 0xdf, 0x3d, 0xf7, 
  0xdf, 0x3d, 0xf7, 0xdf, 0x3d, 0xf7, 0xdf, 0x3d, 0xf7, 0xdf, 0x3d, 0xf7, 
  0xdf, 0x3d, 0xf7, 0xdf, 0x3d, 0xf7, 0xdf, 0x3d, 0xf7, 0xdf, 0x3d, 0xf7, 
  0xdf, 0x3d, 0xf7, 0xdf, 0x3d, 0xf7, 0xdf, 0x3d, 0xf7, 0xdf, 0x3d, 0xf7, 
  0xdf, 0x3d, 0xf7, 0xdf, 0x3d, 0xf7, 0xdf, 0x3d, 0xf7, 0xdf, 0x3d, 0xf7, 
  0xdf, 0x3d, 0xf7, 0xdf, 0x3d, 0xf7, 0xdf, 0x3d, 0xf7, 0xdf, 0x3d, 0xf7, 
  0xdf, 0x3d, 0xf7, 0xdf, 0x3d, 0xf7, 0xdf, 0x3d, 0xf7, 0xdf, 0x3d, 0xf7, 
  0xdf, 0x3d, 0xf7, 0xdf, 0x3d, 0xf7, 0xdf, 0x3d, 0xf7, 0xdf, 0x3d, 0xf7, 
  0xdf, 0x3d, 0xf7, 0xdf, 0x3d, 0xf7, 0xbe, 0x3d, 0xf7, 0x5f, 0x3e, 0xf7, 
  0x1d, 0x3d, 0xf7, 0xf7, 0x41, 0xfa, 0x18, 0x42, 0xff, 0x38, 0x42, 0xff, 
  0x59, 0x4a, 0xff, 0x17, 0x42, 0xff, 0x17, 0x42, 0xc3, 0x37, 0x42, 0x83, 
  0x18, 0x42, 0x45, 0xf7, 0x39, 0x28, 0xf7, 0x39, 0x18, 0xf7, 0x39, 0x04, 
  0x00, 0x00, 0x00, 0x00, 0x00, 0x00, 0x00, 0x00, 0x00, 0x00, 0x00, 0x00, 
  0x1f, 0x00, 0x01, 0x1f, 0x00, 0x01, 0x1f, 0x00, 0x01, 0x00, 0x00, 0x00, 
  0x00, 0x00, 0x00, 0x00, 0x00, 0x00, 0x00, 0x00, 0x00, 0x00, 0x00, 0x00, 
  0x00, 0x00, 0x00, 0x00, 0x00, 0x00, 0x00, 0x00, 0x00, 0x00, 0x00, 0x00, 
  0x00, 0x00, 0x00, 0x00, 0x00, 0x00, 0x00, 0x00, 0x00, 0x00, 0x00, 0x00, 
  0x00, 0x00, 0x00, 0x00, 0x00, 0x00, 0x00, 0x00, 0x00, 0x00, 0x00, 0x00, 
  0x00, 0x00, 0x00, 0x00, 0x00, 0x00, 0x00, 0x00, 0x00, 0x00, 0x00, 0x00, 
  0x00, 0x00, 0x00, 0x00, 0x00, 0x00, 0x00, 0x00, 0x00, 0x00, 0x00, 0x00, 
  0x00, 0x00, 0x00, 0x00, 0x00, 0x00, 0x00, 0x00, 0x00, 0x00, 0x00, 0x00, 
  0x00, 0x00, 0x00, 0x00, 0x00, 0x00, 0x00, 0x00, 0x00, 0x00, 0x00, 0x00, 
  0x00, 0x00, 0x00, 0x00, 0x00, 0x00, 0x00, 0x00, 0x00, 0x00, 0x00, 0x00, 
  0x00, 0x00, 0x00, 0x00, 0x00, 0x00, 0x00, 0x00, 0x00, 0x00, 0x00, 0x00, 
  0x00, 0x00, 0x00, 0x00, 0x00, 0x00, 0x00, 0x00, 0x00, 0x00, 0x00, 0x00, 
  0x00, 0x00, 0x00, 0x00, 0x00, 0x00, 0x00, 0x00, 0x00, 0x00, 0x00, 0x00, 
  0xff, 0x3d, 0x04, 0x00, 0x00, 0x00, 0xff, 0x3d, 0x99, 0x9f, 0x46, 0xff, 
  0xdf, 0x3d, 0xf7, 0xff, 0x3d, 0xff, 0xff, 0x3d, 0xff, 0xff, 0x3d, 0xff, 
  0xff, 0x3d, 0xff, 0xff, 0x3d, 0xff, 0xff, 0x3d, 0xff, 0xff, 0x3d, 0xff, 
  0xff, 0x3d, 0xff, 0xff, 0x3d, 0xff, 0xff, 0x3d, 0xff, 0xff, 0x3d, 0xff, 
  0xff, 0x3d, 0xff, 0xff, 0x3d, 0xff, 0xff, 0x3d, 0xff, 0xff, 0x3d, 0xff, 
  0xff, 0x3d, 0xff, 0xff, 0x3d, 0xff, 0xff, 0x3d, 0xff, 0xff, 0x3d, 0xff, 
  0xff, 0x3d, 0xff, 0xff, 0x3d, 0xff, 0xff, 0x3d, 0xff, 0xff, 0x3d, 0xff, 
  0xff, 0x3d, 0xff, 0xff, 0x3d, 0xff, 0xff, 0x3d, 0xff, 0xff, 0x3d, 0xff, 
  0xff, 0x3d, 0xff, 0xff, 0x3d, 0xff, 0xff, 0x3d, 0xff, 0xff, 0x3d, 0xff, 
  0xff, 0x3d, 0xff, 0xff, 0x3d, 0xff, 0xff, 0x3d, 0xff, 0xff, 0x3d, 0xff, 
  0xff, 0x3d, 0xff, 0xff, 0x3d, 0xff, 0xff, 0x3d, 0xff, 0xff, 0x3d, 0xff, 
  0xff, 0x3d, 0xff, 0xff, 0x3d, 0xff, 0xff, 0x3d, 0xff, 0xff, 0x3d, 0xff, 
  0xff, 0x3d, 0xff, 0xff, 0x3d, 0xff, 0xde, 0x3d, 0xff, 0x5f, 0x3e, 0xff, 
  0x1d, 0x3d, 0xff, 0xf7, 0x41, 0xff, 0x17, 0x42, 0xfe, 0x17, 0x42, 0xfd, 
  0x17, 0x42, 0xfc, 0x17, 0x42, 0xfd, 0x38, 0x42, 0xff, 0x38, 0x42, 0xff, 
  0x38, 0x42, 0xff, 0x17, 0x42, 0xd9, 0x17, 0x42, 0x9e, 0x38, 0x42, 0x55, 
  0x36, 0x42, 0x19, 0x76, 0x4a, 0x0a, 0xf7, 0x39, 0x04, 0x00, 0x00, 0x00, 
  0x00, 0x00, 0x00, 0x00, 0x00, 0x00, 0x00, 0x00, 0x00, 0x00, 0x00, 0x00, 
  0x00, 0x00, 0x00, 0x00, 0x00, 0x00, 0x00, 0x00, 0x00, 0x00, 0x00, 0x00, 
  0x00, 0x00, 0x00, 0x00, 0x00, 0x00, 0x00, 0x00, 0x00, 0x00, 0x00, 0x00, 
  0x00, 0x00, 0x00, 0x00, 0x00, 0x00, 0x00, 0x00, 0x00, 0x00, 0x00, 0x00, 
  0x00, 0x00, 0x00, 0x00, 0x00, 0x00, 0x00, 0x00, 0x00, 0x00, 0x00, 0x00, 
  0x00, 0x00, 0x00, 0x00, 0x00, 0x00, 0x00, 0x00, 0x00, 0x00, 0x00, 0x00, 
  0x00, 0x00, 0x00, 0x00, 0x00, 0x00, 0x00, 0x00, 0x00, 0x00, 0x00, 0x00, 
  0x00, 0x00, 0x00, 0x00, 0x00, 0x00, 0x00, 0x00, 0x00, 0x00, 0x00, 0x00, 
  0x00, 0x00, 0x00, 0x00, 0x00, 0x00, 0x00, 0x00, 0x00, 0x00, 0x00, 0x00, 
  0x00, 0x00, 0x00, 0x00, 0x00, 0x00, 0x00, 0x00, 0x00, 0x00, 0x00, 0x00, 
  0x00, 0x00, 0x00, 0x00, 0x00, 0x00, 0x00, 0x00, 0x00, 0x00, 0x00, 0x00, 
  0x00, 0x00, 0x00, 0x00, 0x00, 0x00, 0x00, 0x00, 0x00, 0x00, 0x00, 0x00, 
  0x00, 0x00, 0x00, 0x00, 0x00, 0x00, 0x00, 0x00, 0x00, 0x00, 0x00, 0x00, 
  0xff, 0x3d, 0x04, 0x00, 0x00, 0x00, 0xff, 0x3d, 0x99, 0x9f, 0x46, 0xff, 
  0xdf, 0x3d, 0xf7, 0xff, 0x3d, 0xff, 0xff, 0x3d, 0xff, 0xff, 0x3d, 0xff, 
  0xff, 0x3d, 0xff, 0xff, 0x3d, 0xff, 0xff, 0x3d, 0xff, 0xff, 0x3d, 0xff, 
  0xff, 0x3d, 0xff, 0xff, 0x3d, 0xff, 0xff, 0x3d, 0xff, 0xff, 0x3d, 0xff, 
  0xff, 0x3d, 0xff, 0xff, 0x3d, 0xff, 0xff, 0x3d, 0xff, 0xff, 0x3d, 0xff, 
  0xff, 0x3d, 0xff, 0xff, 0x3d, 0xff, 0xff, 0x3d, 0xff, 0xff, 0x3d, 0xff, 
  0xff, 0x3d, 0xff, 0xff, 0x3d, 0xff, 0xff, 0x3d, 0xff, 0xff, 0x3d, 0xff, 
  0xff, 0x3d, 0xff, 0xff, 0x3d, 0xff, 0xff, 0x3d, 0xff, 0xff, 0x3d, 0xff, 
  0xff, 0x3d, 0xff, 0xff, 0x3d, 0xff, 0xff, 0x3d, 0xff, 0xff, 0x3d, 0xff, 
  0xff, 0x3d, 0xff, 0xff, 0x3d, 0xff, 0xff, 0x3d, 0xff, 0xff, 0x3d, 0xff, 
  0xff, 0x3d, 0xff, 0xff, 0x3d, 0xff, 0xff, 0x3d, 0xff, 0xff, 0x3d, 0xff, 
  0xff, 0x3d, 0xff, 0xff, 0x3d, 0xff, 0xff, 0x3d, 0xff, 0xff, 0x3d, 0xff, 
  0xff, 0x3d, 0xff, 0xff, 0x3d, 0xff, 0xde, 0x3d, 0xff, 0x5f, 0x3e, 0xff, 
  0x1d, 0x3d, 0xff, 0xf7, 0x41, 0xff, 0x17, 0x42, 0xff, 0x37, 0x42, 0xff, 
  0x17, 0x42, 0xff, 0x17, 0x42, 0xff, 0x18, 0x42, 0xff, 0x38, 0x42, 0xff, 
  0x38, 0x42, 0xff, 0x18, 0x42, 0xff, 0x17, 0x42, 0xfa, 0x18, 0x42, 0xf6, 
  0x17, 0x42, 0xe6, 0x17, 0x42, 0xb0, 0x37, 0x42, 0x69, 0x17, 0x42, 0x1f, 
  0x00, 0x00, 0x00, 0x00, 0x00, 0x00, 0x00, 0x00, 0x00, 0x0f, 0x00, 0x02, 
  0xb5, 0x52, 0x03, 0xff, 0x7b, 0x02, 0x1f, 0x00, 0x01, 0x00, 0x00, 0x00, 
  0x00, 0x00, 0x00, 0x00, 0x00, 0x00, 0x00, 0x00, 0x00, 0x00, 0x00, 0x00, 
  0x00, 0x00, 0x00, 0x00, 0x00, 0x00, 0x00, 0x00, 0x00, 0x00, 0x00, 0x00, 
  0x00, 0x00, 0x00, 0x00, 0x00, 0x00, 0x00, 0x00, 0x00, 0x00, 0x00, 0x00, 
  0x00, 0x00, 0x00, 0x00, 0x00, 0x00, 0x00, 0x00, 0x00, 0x00, 0x00, 0x00, 
  0x00, 0x00, 0x00, 0x00, 0x00, 0x00, 0x00, 0x00, 0x00, 0x00, 0x00, 0x00, 
  0x00, 0x00, 0x00, 0x00, 0x00, 0x00, 0x00, 0x00, 0x00, 0x00, 0x00, 0x00, 
  0x00, 0x00, 0x00, 0x00, 0x00, 0x00, 0x00, 0x00, 0x00, 0x00, 0x00, 0x00, 
  0x00, 0x00, 0x00, 0x00, 0x00, 0x00, 0x00, 0x00, 0x00, 0x00, 0x00, 0x00, 
  0x00, 0x00, 0x00, 0x00, 0x00, 0x00, 0x00, 0x00, 0x00, 0x00, 0x00, 0x00, 
  0x00, 0x00, 0x00, 0x00, 0x00, 0x00, 0x00, 0x00, 0x00, 0x00, 0x00, 0x00, 
  0x00, 0x00, 0x00, 0x00, 0x00, 0x00, 0x00, 0x00, 0x00, 0x00, 0x00, 0x00, 
  0xff, 0x3d, 0x04, 0x00, 0x00, 0x00, 0xff, 0x3d, 0x99, 0x9f, 0x46, 0xff, 
  0xdf, 0x3d, 0xf7, 0xff, 0x3d, 0xff, 0xff, 0x3d, 0xff, 0xff, 0x3d, 0xff, 
  0xff, 0x3d, 0xff, 0xff, 0x3d, 0xff, 0xff, 0x3d, 0xff, 0xff, 0x3d, 0xff, 
  0xff, 0x3d, 0xff, 0xff, 0x3d, 0xff, 0xff, 0x3d, 0xff, 0xff, 0x3d, 0xff, 
  0xff, 0x3d, 0xff, 0xff, 0x3d, 0xff, 0xff, 0x3d, 0xff, 0xff, 0x3d, 0xff, 
  0xff, 0x3d, 0xff, 0xff, 0x3d, 0xff, 0xff, 0x3d, 0xff, 0xff, 0x3d, 0xff, 
  0xff, 0x3d, 0xff, 0xff, 0x3d, 0xff, 0xff, 0x3d, 0xff, 0xff, 0x3d, 0xff, 
  0xff, 0x3d, 0xff, 0xff, 0x3d, 0xff, 0xff, 0x3d, 0xff, 0xff, 0x3d, 0xff, 
  0xff, 0x3d, 0xff, 0xff, 0x3d, 0xff, 0xff, 0x3d, 0xff, 0xff, 0x3d, 0xff, 
  0xff, 0x3d, 0xff, 0xff, 0x3d, 0xff, 0xff, 0x3d, 0xff, 0xff, 0x3d, 0xff, 
  0xff, 0x3d, 0xff, 0xff, 0x3d, 0xff, 0xff, 0x3d, 0xff, 0xff, 0x3d, 0xff, 
  0xff, 0x3d, 0xff, 0xff, 0x3d, 0xff, 0xff, 0x3d, 0xff, 0xff, 0x3d, 0xff, 
  0xff, 0x3d, 0xff, 0xff, 0x3d, 0xff, 0xde, 0x3d, 0xff, 0x5f, 0x3e, 0xff, 
  0x1d, 0x3d, 0xff, 0xf7, 0x41, 0xff, 0x17, 0x42, 0xff, 0x37, 0x42, 0xff, 
  0x17, 0x42, 0xff, 0x17, 0x42, 0xff, 0x17, 0x42, 0xfe, 0x17, 0x42, 0xfe, 
  0x17, 0x42, 0xfe, 0x38, 0x42, 0xff, 0x38, 0x42, 0xff, 0x39, 0x42, 0xff, 
  0x39, 0x42, 0xff, 0x17, 0x42, 0xfd, 0x18, 0x42, 0xe8, 0x17, 0x42, 0xd5, 
  0x17, 0x42, 0xba, 0x18, 0x42, 0x88, 0x37, 0x42, 0x43, 0xf7, 0x39, 0x04, 
  0x00, 0x00, 0x00, 0x00, 0x00, 0x00, 0x00, 0x00, 0x00, 0xf7, 0x39, 0x04, 
  0xba, 0x52, 0x06, 0xf7, 0x39, 0x04, 0xff, 0x7b, 0x02, 0x00, 0x00, 0x00, 
  0x00, 0x00, 0x00, 0x00, 0x00, 0x00, 0x00, 0x00, 0x00, 0x00, 0x00, 0x00, 
  0x00, 0x00, 0x00, 0x00, 0x00, 0x00, 0x00, 0x00, 0x00, 0x00, 0x00, 0x00, 
  0x00, 0x00, 0x00, 0x00, 0x00, 0x00, 0x00, 0x00, 0x00, 0x00, 0x00, 0x00, 
  0x00, 0x00, 0x00, 0x00, 0x00, 0x00, 0x00, 0x00, 0x00, 0x00, 0x00, 0x00, 
  0x00, 0x00, 0x00, 0x00, 0x00, 0x00, 0x00, 0x00, 0x00, 0x00, 0x00, 0x00, 
  0x00, 0x00, 0x00, 0x00, 0x00, 0x00, 0x00, 0x00, 0x00, 0x00, 0x00, 0x00, 
  0x00, 0x00, 0x00, 0x00, 0x00, 0x00, 0x00, 0x00, 0x00, 0x00, 0x00, 0x00, 
  0x00, 0x00, 0x00, 0x00, 0x00, 0x00, 0x00, 0x00, 0x00, 0x00, 0x00, 0x00, 
  0x00, 0x00, 0x00, 0x00, 0x00, 0x00, 0x00, 0x00, 0x00, 0x00, 0x00, 0x00, 
  0x00, 0x00, 0x00, 0x00, 0x00, 0x00, 0x00, 0x00, 0x00, 0x00, 0x00, 0x00, 
  0xff, 0x3d, 0x04, 0x00, 0x00, 0x00, 0xff, 0x3d, 0x99, 0x9f, 0x46, 0xff, 
  0xdf, 0x3d, 0xf7, 0xff, 0x3d, 0xff, 0xff, 0x3d, 0xff, 0xff, 0x3d, 0xff, 
  0xff, 0x3d, 0xff, 0xff, 0x3d, 0xff, 0xff, 0x3d, 0xff, 0xff, 0x3d, 0xff, 
  0xff, 0x3d, 0xff, 0xff, 0x3d, 0xff, 0xff, 0x3d, 0xff, 0xff, 0x3d, 0xff, 
  0xff, 0x3d, 0xff, 0xff, 0x3d, 0xff, 0xff, 0x3d, 0xff, 0xff, 0x3d, 0xff, 
  0xff, 0x3d, 0xff, 0xff, 0x3d, 0xff, 0xff, 0x3d, 0xff, 0xff, 0x3d, 0xff, 
  0xff, 0x3d, 0xff, 0xff, 0x3d, 0xff, 0xff, 0x3d, 0xff, 0xff, 0x3d, 0xff, 
  0xff, 0x3d, 0xff, 0xff, 0x3d, 0xff, 0xff, 0x3d, 0xff, 0xff, 0x3d, 0xff, 
  0xff, 0x3d, 0xff, 0xff, 0x3d, 0xff, 0xff, 0x3d, 0xff, 0xff, 0x3d, 0xff, 
  0xff, 0x3d, 0xff, 0xff, 0x3d, 0xff, 0xff, 0x3d, 0xff, 0xff, 0x3d, 0xff, 
  0xff, 0x3d, 0xff, 0xff, 0x3d, 0xff, 0xff, 0x3d, 0xff, 0xff, 0x3d, 0xff, 
  0xff, 0x3d, 0xff, 0xff, 0x3d, 0xff, 0xff, 0x3d, 0xff, 0xff, 0x3d, 0xff, 
  0xff, 0x3d, 0xff, 0xff, 0x3d, 0xff, 0xde, 0x3d, 0xff, 0x5f, 0x3e, 0xff, 
  0x1d, 0x3d, 0xff, 0xf7, 0x41, 0xff, 0x17, 0x42, 0xff, 0x37, 0x42, 0xff, 
  0x17, 0x42, 0xff, 0x17, 0x42, 0xff, 0x17, 0x42, 0xff, 0x17, 0x42, 0xff, 
  0x17, 0x42, 0xff, 0x17, 0x42, 0xfe, 0x17, 0x42, 0xfd, 0x17, 0x42, 0xfc, 
  0x17, 0x42, 0xfc, 0x38, 0x42, 0xff, 0x38, 0x42, 0xff, 0x59, 0x4a, 0xff, 
  0x39, 0x42, 0xff, 0x17, 0x42, 0xf3, 0x37, 0x42, 0xcd, 0x17, 0x42, 0xa9, 
  0x17, 0x42, 0x7f, 0x37, 0x42, 0x4e, 0xf7, 0x39, 0x1c, 0x00, 0x00, 0x00, 
  0x00, 0x00, 0x00, 0x00, 0x00, 0x00, 0x00, 0x00, 0x00, 0x55, 0x29, 0x06, 
  0x99, 0x31, 0x05, 0xbf, 0x52, 0x03, 0x0f, 0x00, 0x02, 0x00, 0x00, 0x00, 
  0x00, 0x00, 0x00, 0x00, 0x00, 0x00, 0x00, 0x00, 0x00, 0x00, 0x00, 0x00, 
  0x00, 0x00, 0x00, 0x00, 0x00, 0x00, 0x00, 0x00, 0x00, 0x00, 0x00, 0x00, 
  0x00, 0x00, 0x00, 0x00, 0x00, 0x00, 0x00, 0x00, 0x00, 0x00, 0x00, 0x00, 
  0x00, 0x00, 0x00, 0x00, 0x00, 0x00, 0x00, 0x00, 0x00, 0x00, 0x00, 0x00, 
  0x00, 0x00, 0x00, 0x00, 0x00, 0x00, 0x00, 0x00, 0x00, 0x00, 0x00, 0x00, 
  0x00, 0x00, 0x00, 0x00, 0x00, 0x00, 0x00, 0x00, 0x00, 0x00, 0x00, 0x00, 
  0x00, 0x00, 0x00, 0x00, 0x00, 0x00, 0x00, 0x00, 0x00, 0x00, 0x00, 0x00, 
  0x00, 0x00, 0x00, 0x00, 0x00, 0x00, 0x00, 0x00, 0x00, 0x00, 0x00, 0x00, 
  0x00, 0x00, 0x00, 0x00, 0x00, 0x00, 0x00, 0x00, 0x00, 0x00, 0x00, 0x00, 
  0xff, 0x3d, 0x04, 0x00, 0x00, 0x00, 0xff, 0x3d, 0x99, 0x9f, 0x46, 0xff, 
  0xdf, 0x3d, 0xf7, 0xff, 0x3d, 0xff, 0xff, 0x3d, 0xff, 0xff, 0x3d, 0xff, 
  0xff, 0x3d, 0xff, 0xff, 0x3d, 0xff, 0xff, 0x3d, 0xff, 0xff, 0x3d, 0xff, 
  0xff, 0x3d, 0xff, 0xff, 0x3d, 0xff, 0xff, 0x3d, 0xff, 0xff, 0x3d, 0xff, 
  0xff, 0x3d, 0xff, 0xff, 0x3d, 0xff, 0xff, 0x3d, 0xff, 0xff, 0x3d, 0xff, 
  0xff, 0x3d, 0xff, 0xff, 0x3d, 0xff, 0xff, 0x3d, 0xff, 0xff, 0x3d, 0xff, 
  0xff, 0x3d, 0xff, 0xff, 0x3d, 0xff, 0xff, 0x3d, 0xff, 0xff, 0x3d, 0xff, 
  0xff, 0x3d, 0xff, 0xff, 0x3d, 0xff, 0xff, 0x3d, 0xff, 0xff, 0x3d, 0xff, 
  0xff, 0x3d, 0xff, 0xff, 0x3d, 0xff, 0xff, 0x3d, 0xff, 0xff, 0x3d, 0xff, 
  0xff, 0x3d, 0xff, 0xff, 0x3d, 0xff, 0xff, 0x3d, 0xff, 0xff, 0x3d, 0xff, 
  0xff, 0x3d, 0xff, 0xff, 0x3d, 0xff, 0xff, 0x3d, 0xff, 0xff, 0x3d, 0xff, 
  0xff, 0x3d, 0xff, 0xff, 0x3d, 0xff, 0xff, 0x3d, 0xff, 0xff, 0x3d, 0xff, 
  0xff, 0x3d, 0xff, 0xff, 0x3d, 0xff, 0xde, 0x3d, 0xff, 0x5f, 0x3e, 0xff, 
  0x1d, 0x3d, 0xff, 0xf7, 0x41, 0xff, 0x17, 0x42, 0xff, 0x37, 0x42, 0xff, 
  0x17, 0x42, 0xff, 0x17, 0x42, 0xff, 0x17, 0x42, 0xff, 0x17, 0x42, 0xff, 
  0x37, 0x42, 0xff, 0x37, 0x42, 0xff, 0x17, 0x42, 0xff, 0x17, 0x42, 0xff, 
  0x17, 0x42, 0xff, 0x17, 0x42, 0xfd, 0x17, 0x42, 0xfb, 0x17, 0x42, 0xf9, 
  0x17, 0x42, 0xfa, 0x38, 0x42, 0xff, 0x39, 0x42, 0xff, 0x5a, 0x4a, 0xff, 
  0x38, 0x42, 0xff, 0x17, 0x42, 0xd1, 0x18, 0x42, 0x9f, 0x17, 0x42, 0x73, 
  0x17, 0x42, 0x4e, 0xf8, 0x39, 0x2c, 0xf7, 0x39, 0x08, 0x00, 0x00, 0x00, 
  0x00, 0x00, 0x00, 0x00, 0x00, 0x00, 0x00, 0x00, 0x00, 0xf7, 0x39, 0x04, 
  0xb5, 0x52, 0x03, 0x0f, 0x00, 0x02, 0x00, 0x00, 0x00, 0x00, 0x00, 0x00, 
  0x00, 0x00, 0x00, 0x00, 0x00, 0x00, 0x00, 0x00, 0x00, 0x00, 0x00, 0x00, 
  0x00, 0x00, 0x00, 0x00, 0x00, 0x00, 0x00, 0x00, 0x00, 0x00, 0x00, 0x00, 
  0x00, 0x00, 0x00, 0x00, 0x00, 0x00, 0x00, 0x00, 0x00, 0x00, 0x00, 0x00, 
  0x00, 0x00, 0x00, 0x00, 0x00, 0x00, 0x00, 0x00, 0x00, 0x00, 0x00, 0x00, 
  0x00, 0x00, 0x00, 0x00, 0x00, 0x00, 0x00, 0x00, 0x00, 0x00, 0x00, 0x00, 
  0x00, 0x00, 0x00, 0x00, 0x00, 0x00, 0x00, 0x00, 0x00, 0x00, 0x00, 0x00, 
  0x00, 0x00, 0x00, 0x00, 0x00, 0x00, 0x00, 0x00, 0x00, 0x00, 0x00, 0x00, 
  0x00, 0x00, 0x00, 0x00, 0x00, 0x00, 0x00, 0x00, 0x00, 0x00, 0x00, 0x00, 
  0xff, 0x3d, 0x04, 0x00, 0x00, 0x00, 0xff, 0x3d, 0x99, 0x9f, 0x46, 0xff, 
  0xdf, 0x3d, 0xf7, 0xff, 0x3d, 0xff, 0xff, 0x3d, 0xff, 0xff, 0x3d, 0xff, 
  0xff, 0x3d, 0xff, 0xff, 0x3d, 0xff, 0xff, 0x3d, 0xff, 0xff, 0x3d, 0xff, 
  0xff, 0x3d, 0xff, 0xff, 0x3d, 0xff, 0xff, 0x3d, 0xff, 0xff, 0x3d, 0xff, 
  0xff, 0x3d, 0xff, 0xff, 0x3d, 0xff, 0xff, 0x3d, 0xff, 0xff, 0x3d, 0xff, 
  0xff, 0x3d, 0xff, 0xff, 0x3d, 0xff, 0xff, 0x3d, 0xff, 0xff, 0x3d, 0xff, 
  0xff, 0x3d, 0xff, 0xff, 0x3d, 0xff, 0xff, 0x3d, 0xff, 0xff, 0x3d, 0xff, 
  0xff, 0x3d, 0xff, 0xff, 0x3d, 0xff, 0xff, 0x3d, 0xff, 0xff, 0x3d, 0xff, 
  0xff, 0x3d, 0xff, 0xff, 0x3d, 0xff, 0xff, 0x3d, 0xff, 0xff, 0x3d, 0xff, 
  0xff, 0x3d, 0xff, 0xff, 0x3d, 0xff, 0xff, 0x3d, 0xff, 0xff, 0x3d, 0xff, 
  0xff, 0x3d, 0xff, 0xff, 0x3d, 0xff, 0xff, 0x3d, 0xff, 0xff, 0x3d, 0xff, 
  0xff, 0x3d, 0xff, 0xff, 0x3d, 0xff, 0xff, 0x3d, 0xff, 0xff, 0x3d, 0xff, 
  0xff, 0x3d, 0xff, 0xff, 0x3d, 0xff, 0xde, 0x3d, 0xff, 0x5f, 0x3e, 0xff, 
  0x1d, 0x3d, 0xff, 0xf7, 0x41, 0xff, 0x17, 0x42, 0xff, 0x37, 0x42, 0xff, 
  0x17, 0x42, 0xff, 0x17, 0x42, 0xff, 0x17, 0x42, 0xff, 0x18, 0x42, 0xff, 
  0x18, 0x3a, 0xff, 0x18, 0x3a, 0xff, 0x18, 0x42, 0xff, 0x17, 0x42, 0xff, 
  0x17, 0x42, 0xff, 0x17, 0x42, 0xff, 0x17, 0x42, 0xff, 0x17, 0x42, 0xff, 
  0x17, 0x42, 0xfe, 0x17, 0x42, 0xfd, 0x17, 0x42, 0xfa, 0x17, 0x42, 0xf8, 
  0x17, 0x42, 0xfc, 0x38, 0x42, 0xff, 0x59, 0x4a, 0xff, 0x39, 0x42, 0xff, 
  0x17, 0x42, 0xee, 0x17, 0x42, 0xb1, 0x17, 0x42, 0x71, 0xf8, 0x39, 0x39, 
  0x17, 0x42, 0x23, 0x17, 0x42, 0x13, 0x00, 0x00, 0x00, 0x00, 0x00, 0x00, 
  0x00, 0x00, 0x00, 0x00, 0x00, 0x00, 0x00, 0x00, 0x00, 0x0f, 0x00, 0x02, 
  0x1f, 0x00, 0x01, 0x00, 0x00, 0x01, 0x00, 0x00, 0x00, 0x00, 0x00, 0x00, 
  0x00, 0x00, 0x00, 0x00, 0x00, 0x00, 0x00, 0x00, 0x00, 0x00, 0x00, 0x00, 
  0x00, 0x00, 0x00, 0x00, 0x00, 0x00, 0x00, 0x00, 0x00, 0x00, 0x00, 0x00, 
  0x00, 0x00, 0x00, 0x00, 0x00, 0x00, 0x00, 0x00, 0x00, 0x00, 0x00, 0x00, 
  0x00, 0x00, 0x00, 0x00, 0x00, 0x00, 0x00, 0x00, 0x00, 0x00, 0x00, 0x00, 
  0x00, 0x00, 0x00, 0x00, 0x00, 0x00, 0x00, 0x00, 0x00, 0x00, 0x00, 0x00, 
  0x00, 0x00, 0x00, 0x00, 0x00, 0x00, 0x00, 0x00, 0x00, 0x00, 0x00, 0x00, 
  0x00, 0x00, 0x00, 0x00, 0x00, 0x00, 0x00, 0x00, 0x00, 0x00, 0x00, 0x00, 
  0xff, 0x3d, 0x04, 0x00, 0x00, 0x00, 0xff, 0x3d, 0x99, 0x9f, 0x46, 0xff, 
  0xdf, 0x3d, 0xf7, 0xff, 0x3d, 0xff, 0xff, 0x3d, 0xff, 0xff, 0x3d, 0xff, 
  0xff, 0x3d, 0xff, 0xff, 0x3d, 0xff, 0xff, 0x3d, 0xff, 0xff, 0x3d, 0xff, 
  0xff, 0x3d, 0xff, 0xff, 0x3d, 0xff, 0xff, 0x3d, 0xff, 0xff, 0x3d, 0xff, 
  0xff, 0x3d, 0xff, 0xff, 0x3d, 0xff, 0xff, 0x3d, 0xff, 0xff, 0x3d, 0xff, 
  0xff, 0x3d, 0xff, 0xff, 0x3d, 0xff, 0xff, 0x3d, 0xff, 0xff, 0x3d, 0xff, 
  0xff, 0x3d, 0xff, 0xff, 0x3d, 0xff, 0xff, 0x3d, 0xff, 0xff, 0x3d, 0xff, 
  0xff, 0x3d, 0xff, 0xff, 0x3d, 0xff, 0xff, 0x3d, 0xff, 0xff, 0x3d, 0xff, 
  0xff, 0x3d, 0xff, 0xff, 0x3d, 0xff, 0xff, 0x3d, 0xff, 0xff, 0x3d, 0xff, 
  0xff, 0x3d, 0xff, 0xff, 0x3d, 0xff, 0xff, 0x3d, 0xff, 0xff, 0x3d, 0xff, 
  0xff, 0x3d, 0xff, 0xff, 0x3d, 0xff, 0xff, 0x3d, 0xff, 0xff, 0x3d, 0xff, 
  0xff, 0x3d, 0xff, 0xff, 0x3d, 0xff, 0xff, 0x3d, 0xff, 0xff, 0x3d, 0xff, 
  0xff, 0x3d, 0xff, 0xff, 0x3d, 0xff, 0xde, 0x3d, 0xff, 0x5f, 0x3e, 0xff, 
  0x1d, 0x3d, 0xff, 0xf7, 0x41, 0xff, 0x17, 0x42, 0xff, 0x37, 0x42, 0xff, 
  0x17, 0x42, 0xff, 0x17, 0x42, 0xff, 0x17, 0x42, 0xff, 0x17, 0x42, 0xff, 
  0x37, 0x4a, 0xff, 0x37, 0x42, 0xff, 0x18, 0x42, 0xff, 0x18, 0x42, 0xff, 
  0x18, 0x42, 0xff, 0x18, 0x42, 0xff, 0x17, 0x42, 0xff, 0x17, 0x42, 0xff, 
  0x17, 0x42, 0xff, 0x17, 0x42, 0xff, 0x17, 0x42, 0xff, 0x17, 0x42, 0xff, 
  0x17, 0x42, 0xfe, 0x17, 0x42, 0xfe, 0x17, 0x42, 0xfc, 0x17, 0x42, 0xfc, 
  0x17, 0x42, 0xfe, 0x38, 0x42, 0xff, 0x38, 0x42, 0xff, 0x17, 0x42, 0xf8, 
  0x17, 0x42, 0xc6, 0x38, 0x42, 0x87, 0x38, 0x42, 0x46, 0x97, 0x31, 0x0f, 
  0xf7, 0x39, 0x08, 0xff, 0x7b, 0x02, 0x00, 0x00, 0x00, 0x00, 0x00, 0x00, 
  0x00, 0x00, 0x00, 0x00, 0x00, 0x00, 0x00, 0x00, 0x00, 0x00, 0x00, 0x00, 
  0x00, 0x00, 0x00, 0x00, 0x00, 0x00, 0x00, 0x00, 0x00, 0x00, 0x00, 0x00, 
  0x00, 0x00, 0x00, 0x00, 0x00, 0x00, 0x00, 0x00, 0x00, 0x00, 0x00, 0x00, 
  0x00, 0x00, 0x00, 0x00, 0x00, 0x00, 0x00, 0x00, 0x00, 0x00, 0x00, 0x00, 
  0x00, 0x00, 0x00, 0x00, 0x00, 0x00, 0x00, 0x00, 0x00, 0x00, 0x00, 0x00, 
  0x00, 0x00, 0x00, 0x00, 0x00, 0x00, 0x00, 0x00, 0x00, 0x00, 0x00, 0x00, 
  0x00, 0x00, 0x00, 0x00, 0x00, 0x00, 0x00, 0x00, 0x00, 0x00, 0x00, 0x00, 
  0x00, 0x00, 0x00, 0x00, 0x00, 0x00, 0x00, 0x00, 0x00, 0x00, 0x00, 0x00, 
  0xff, 0x3d, 0x04, 0x00, 0x00, 0x00, 0xdf, 0x3d, 0x97, 0x9f, 0x46, 0xfb, 
  0xdf, 0x3d, 0xf3, 0xde, 0x3d, 0xfb, 0xde, 0x3d, 0xfb, 0xde, 0x3d, 0xfb, 
  0xde, 0x3d, 0xfb, 0xde, 0x3d, 0xfb, 0xde, 0x3d, 0xfb, 0xde, 0x3d, 0xfb, 
  0xde, 0x3d, 0xfb, 0xde, 0x3d, 0xfb, 0xde, 0x3d, 0xfb, 0xde, 0x3d, 0xfb, 
  0xde, 0x3d, 0xfb, 0xde, 0x3d, 0xfb, 0xde, 0x3d, 0xfb, 0xde, 0x3d, 0xfb, 
  0xde, 0x3d, 0xfb, 0xde, 0x3d, 0xfb, 0xde, 0x3d, 0xfb, 0xde, 0x3d, 0xfb, 
  0xde, 0x3d, 0xfb, 0xde, 0x3d, 0xfb, 0xde, 0x3d, 0xfb, 0xde, 0x3d, 0xfb, 
  0xde, 0x3d, 0xfb, 0xde, 0x3d, 0xfb, 0xde, 0x3d, 0xfb, 0xde, 0x3d, 0xfb, 
  0xde, 0x3d, 0xfb, 0xde, 0x3d, 0xfb, 0xde, 0x3d, 0xfb, 0xde, 0x3d, 0xfb, 
  0xde, 0x3d, 0xfb, 0xde, 0x3d, 0xfb, 0xde, 0x3d, 0xfb, 0xde, 0x3d, 0xfb, 
  0xde, 0x3d, 0xfb, 0xde, 0x3d, 0xfb, 0xde, 0x3d, 0xfb, 0xde, 0x3d, 0xfb, 
  0xde, 0x3d, 0xfb, 0xde, 0x3d, 0xfb, 0xde, 0x3d, 0xfb, 0xde, 0x3d, 0xfb, 
  0xde, 0x3d, 0xfb, 0xde, 0x3d, 0xfb, 0xbe, 0x3d, 0xfb, 0x5f, 0x3e, 0xfb, 
  0x1d, 0x3d, 0xfc, 0xf7, 0x41, 0xff, 0x17, 0x42, 0xff, 0x37, 0x42, 0xff, 
  0x17, 0x42, 0xff, 0x37, 0x42, 0xff, 0x18, 0x3a, 0xff, 0x36, 0x4a, 0xff, 
  0x69, 0xbb, 0xff, 0x0c, 0x9b, 0xff, 0x74, 0x5a, 0xff, 0x18, 0x42, 0xff, 
  0x18, 0x3a, 0xff, 0x18, 0x42, 0xff, 0x17, 0x42, 0xff, 0x37, 0x42, 0xff, 
  0x37, 0x42, 0xff, 0x17, 0x42, 0xff, 0x17, 0x42, 0xff, 0x17, 0x42, 0xff, 
  0x17, 0x42, 0xff, 0x17, 0x42, 0xff, 0x17, 0x42, 0xff, 0x17, 0x42, 0xff, 
  0x18, 0x42, 0xff, 0x38, 0x42, 0xff, 0x38, 0x42, 0xff, 0x38, 0x42, 0xff, 
  0x18, 0x42, 0xfd, 0x17, 0x42, 0xfa, 0x18, 0x42, 0xf3, 0x17, 0x42, 0xd6, 
  0x18, 0x42, 0x92, 0x17, 0x42, 0x4c, 0xd8, 0x39, 0x0d, 0x00, 0x00, 0x00, 
  0x00, 0x00, 0x00, 0x00, 0x00, 0x00, 0xb5, 0x52, 0x03, 0xb5, 0x52, 0x03, 
  0x0f, 0x00, 0x02, 0x1f, 0x00, 0x01, 0x00, 0x00, 0x00, 0x00, 0x00, 0x00, 
  0x00, 0x00, 0x00, 0x00, 0x00, 0x00, 0x00, 0x00, 0x00, 0x00, 0x00, 0x00, 
  0x00, 0x00, 0x00, 0x00, 0x00, 0x00, 0x00, 0x00, 0x00, 0x00, 0x00, 0x00, 
  0x00, 0x00, 0x00, 0x00, 0x00, 0x00, 0x00, 0x00, 0x00, 0x00, 0x00, 0x00, 
  0x00, 0x00, 0x00, 0x00, 0x00, 0x00, 0x00, 0x00, 0x00, 0x00, 0x00, 0x00, 
  0x00, 0x00, 0x00, 0x00, 0x00, 0x00, 0x00, 0x00, 0x00, 0x00, 0x00, 0x00, 
  0x00, 0x00, 0x00, 0x00, 0x00, 0x00, 0x00, 0x00, 0x00, 0x00, 0x00, 0x00, 
  0xff, 0x3d, 0x04, 0x00, 0x00, 0x00, 0xfe, 0x3d, 0xa9, 0x5f, 0x4f, 0xff, 
  0x5f, 0x3e, 0xff, 0x7f, 0x46, 0xff, 0x7f, 0x46, 0xff, 0x7f, 0x46, 0xff, 
  0x7f, 0x46, 0xff, 0x7f, 0x46, 0xff, 0x7f, 0x46, 0xff, 0x7f, 0x46, 0xff, 
  0x7f, 0x46, 0xff, 0x7f, 0x46, 0xff, 0x7f, 0x46, 0xff, 0x7f, 0x46, 0xff, 
  0x7f, 0x46, 0xff, 0x7f, 0x46, 0xff, 0x7f, 0x46, 0xff, 0x7f, 0x46, 0xff, 
  0x7f, 0x46, 0xff, 0x7f, 0x46, 0xff, 0x7f, 0x46, 0xff, 0x7f, 0x46, 0xff, 
  0x7f, 0x46, 0xff, 0x7f, 0x46, 0xff, 0x7f, 0x46, 0xff, 0x7f, 0x46, 0xff, 
  0x7f, 0x46, 0xff, 0x7f, 0x46, 0xff, 0x7f, 0x46, 0xff, 0x7f, 0x46, 0xff, 
  0x7f, 0x46, 0xff, 0x7f, 0x46, 0xff, 0x7f, 0x46, 0xff, 0x7f, 0x46, 0xff, 
  0x7f, 0x46, 0xff, 0x7f, 0x46, 0xff, 0x7f, 0x46, 0xff, 0x7f, 0x46, 0xff, 
  0x7f, 0x46, 0xff, 0x7f, 0x46, 0xff, 0x7f, 0x46, 0xff, 0x7f, 0x46, 0xff, 
  0x7f, 0x46, 0xff, 0x7f, 0x46, 0xff, 0x7f, 0x46, 0xff, 0x7f, 0x46, 0xff, 
  0x7f, 0x46, 0xff, 0x7f, 0x46, 0xff, 0x5f, 0x46, 0xff, 0xff, 0x3e, 0xff, 
  0x9f, 0x45, 0xff, 0xf7, 0x41, 0xff, 0x17, 0x42, 0xff, 0x37, 0x42, 0xff, 
  0x17, 0x42, 0xff, 0x37, 0x42, 0xff, 0xf9, 0x39, 0xff, 0x36, 0x4a, 0xff, 
  0xe2, 0xf3, 0xff, 0x01, 0xf4, 0xff, 0xc4, 0xe3, 0xff, 0x86, 0xcb, 0xff, 
  0x2b, 0xab, 0xff, 0xd0, 0x7a, 0xff, 0x36, 0x4a, 0xff, 0xf9, 0x31, 0xff, 
  0x19, 0x3a, 0xff, 0x18, 0x42, 0xff, 0x37, 0x42, 0xff, 0x37, 0x4a, 0xff, 
  0x37, 0x42, 0xff, 0x37, 0x42, 0xff, 0x17, 0x42, 0xff, 0x17, 0x42, 0xff, 
  0x17, 0x42, 0xff, 0x17, 0x42, 0xfe, 0x17, 0x42, 0xfe, 0x17, 0x42, 0xfe, 
  0x38, 0x42, 0xff, 0x38, 0x42, 0xff, 0x39, 0x42, 0xff, 0x38, 0x42, 0xff, 
  0x17, 0x42, 0xf5, 0x17, 0x42, 0xe1, 0x17, 0x42, 0xcd, 0x17, 0x42, 0xa7, 
  0x17, 0x42, 0x6e, 0x37, 0x42, 0x33, 0x00, 0x00, 0x00, 0x00, 0x00, 0x00, 
  0x00, 0x00, 0x00, 0x00, 0x00, 0x00, 0x00, 0x00, 0x00, 0x00, 0x00, 0x00, 
  0x00, 0x00, 0x00, 0x00, 0x00, 0x00, 0x00, 0x00, 0x00, 0x00, 0x00, 0x00, 
  0x00, 0x00, 0x00, 0x00, 0x00, 0x00, 0x00, 0x00, 0x00, 0x00, 0x00, 0x00, 
  0x00, 0x00, 0x00, 0x00, 0x00, 0x00, 0x00, 0x00, 0x00, 0x00, 0x00, 0x00, 
  0x00, 0x00, 0x00, 0x00, 0x00, 0x00, 0x00, 0x00, 0x00, 0x00, 0x00, 0x00, 
  0x00, 0x00, 0x00, 0x00, 0x00, 0x00, 0x00, 0x00, 0x00, 0x00, 0x00, 0x00, 
  0x00, 0x00, 0x00, 0x00, 0x00, 0x00, 0x00, 0x00, 0x00, 0x00, 0x00, 0x00, 
  0xff, 0x03, 0x02, 0x00, 0x00, 0x00, 0xfe, 0x3d, 0x3d, 0x9f, 0x46, 0x66, 
  0xfe, 0x3d, 0x63, 0xde, 0x3d, 0x66, 0xde, 0x3d, 0x66, 0xde, 0x3d, 0x66, 
  0xde, 0x3d, 0x66, 0xde, 0x3d, 0x66, 0xde, 0x3d, 0x66, 0xde, 0x3d, 0x66, 
  0xde, 0x3d, 0x66, 0xde, 0x3d, 0x66, 0xde, 0x3d, 0x66, 0xde, 0x3d, 0x66, 
  0xde, 0x3d, 0x66, 0xde, 0x3d, 0x66, 0xde, 0x3d, 0x66, 0xde, 0x3d, 0x66, 
  0xde, 0x3d, 0x66, 0xde, 0x3d, 0x66, 0xde, 0x3d, 0x66, 0xde, 0x3d, 0x66, 
  0xde, 0x3d, 0x66, 0xde, 0x3d, 0x66, 0xde, 0x3d, 0x66, 0xde, 0x3d, 0x66, 
  0xde, 0x3d, 0x66, 0xde, 0x3d, 0x66, 0xde, 0x3d, 0x66, 0xde, 0x3d, 0x66, 
  0xde, 0x3d, 0x66, 0xde, 0x3d, 0x66, 0xde, 0x3d, 0x66, 0xde, 0x3d, 0x66, 
  0xde, 0x3d, 0x66, 0xde, 0x3d, 0x66, 0xde, 0x3d, 0x66, 0xde, 0x3d, 0x66, 
  0xde, 0x3d, 0x66, 0xde, 0x3d, 0x66, 0xde, 0x3d, 0x66, 0xde, 0x3d, 0x66, 
  0xde, 0x3d, 0x66, 0xde, 0x3d, 0x66, 0xde, 0x3d, 0x66, 0xde, 0x3d, 0x66, 
  0xde, 0x3d, 0x66, 0xde, 0x3d, 0x66, 0xbe, 0x3d, 0x6a, 0x5f, 0x3e, 0x66, 
  0x5c, 0x3c, 0x86, 0x18, 0x42, 0xff, 0x18, 0x42, 0xff, 0x17, 0x42, 0xfe, 
  0x17, 0x42, 0xff, 0x37, 0x42, 0xff, 0xf9, 0x39, 0xff, 0x36, 0x4a, 0xff, 
  0x01, 0xf4, 0xff, 0x40, 0xfc, 0xff, 0x40, 0xfc, 0xff, 0x40, 0xfc, 0xff, 
  0x01, 0xfc, 0xff, 0xc4, 0xe3, 0xff, 0x67, 0xc3, 0xff, 0x2c, 0xa3, 0xff, 
  0xd0, 0x82, 0xff, 0x55, 0x5a, 0xff, 0x19, 0x3a, 0xff, 0xfa, 0x31, 0xff, 
  0xf9, 0x39, 0xff, 0x18, 0x42, 0xff, 0x37, 0x42, 0xff, 0x37, 0x4a, 0xff, 
  0x37, 0x42, 0xff, 0x17, 0x42, 0xff, 0x17, 0x42, 0xff, 0x17, 0x42, 0xff, 
  0x17, 0x42, 0xfe, 0x17, 0x42, 0xfd, 0x17, 0x42, 0xfb, 0x17, 0x42, 0xfd, 
  0x38, 0x42, 0xff, 0x39, 0x42, 0xff, 0x59, 0x4a, 0xff, 0x38, 0x42, 0xff, 
  0x17, 0x42, 0xe5, 0x17, 0x42, 0xc5, 0x17, 0x42, 0x9b, 0x17, 0x42, 0x6c, 
  0xf6, 0x39, 0x3c, 0x39, 0x42, 0x0f, 0x00, 0x00, 0x00, 0x00, 0x00, 0x00, 
  0x00, 0x00, 0x00, 0x00, 0x00, 0x00, 0x00, 0x00, 0x00, 0x00, 0x00, 0x00, 
  0x00, 0x00, 0x00, 0x00, 0x00, 0x00, 0x00, 0x00, 0x00, 0x00, 0x00, 0x00, 
  0x00, 0x00, 0x00, 0x00, 0x00, 0x00, 0x00, 0x00, 0x00, 0x00, 0x00, 0x00, 
  0x00, 0x00, 0x00, 0x00, 0x00, 0x00, 0x00, 0x00, 0x00, 0x00, 0x00, 0x00, 
  0x00, 0x00, 0x00, 0x00, 0x00, 0x00, 0x00, 0x00, 0x00, 0x00, 0x00, 0x00, 
  0x00, 0x00, 0x00, 0x00, 0x00, 0x00, 0x00, 0x00, 0x00, 0x00, 0x00, 0x00, 
  0x00, 0x00, 0x00, 0x00, 0x00, 0x00, 0x00, 0x00, 0x00, 0x00, 0x00, 0x00, 
  0x00, 0x00, 0x00, 0x00, 0x00, 0x00, 0x00, 0x00, 0x00, 0x00, 0x00, 0x00, 
  0x00, 0x00, 0x00, 0x00, 0x00, 0x00, 0x00, 0x00, 0x00, 0x00, 0x00, 0x00, 
  0x00, 0x00, 0x00, 0x00, 0x00, 0x00, 0x00, 0x00, 0x00, 0x00, 0x00, 0x00, 
  0x00, 0x00, 0x00, 0x00, 0x00, 0x00, 0x00, 0x00, 0x00, 0x00, 0x00, 0x00, 
  0x00, 0x00, 0x00, 0x00, 0x00, 0x00, 0x00, 0x00, 0x00, 0x00, 0x00, 0x00, 
  0x00, 0x00, 0x00, 0x00, 0x00, 0x00, 0x00, 0x00, 0x00, 0x00, 0x00, 0x00, 
  0x00, 0x00, 0x00, 0x00, 0x00, 0x00, 0x00, 0x00, 0x00, 0x00, 0x00, 0x00, 
  0x00, 0x00, 0x00, 0x00, 0x00, 0x00, 0x00, 0x00, 0x00, 0x00, 0x00, 0x00, 
  0x00, 0x00, 0x00, 0x00, 0x00, 0x00, 0x00, 0x00, 0x00, 0x00, 0x00, 0x00, 
  0x00, 0x00, 0x00, 0x00, 0x00, 0x00, 0x00, 0x00, 0x00, 0x00, 0x00, 0x00, 
  0x00, 0x00, 0x00, 0x00, 0x00, 0x00, 0x00, 0x00, 0x00, 0x00, 0x00, 0x00, 
  0x00, 0x00, 0x00, 0x00, 0x00, 0x00, 0x00, 0x00, 0x00, 0x00, 0x00, 0x00, 
  0x12, 0x48, 0x1e, 0x39, 0x42, 0xff, 0x38, 0x42, 0xff, 0x17, 0x42, 0xfd, 
  0x17, 0x42, 0xff, 0x37, 0x42, 0xff, 0xf9, 0x39, 0xff, 0x36, 0x4a, 0xff, 
  0x02, 0xf4, 0xff, 0x20, 0xfc, 0xff, 0x01, 0xf4, 0xff, 0x01, 0xfc, 0xff, 
  0x20, 0xfc, 0xff, 0x20, 0xfc, 0xff, 0x40, 0xfc, 0xff, 0x20, 0xfc, 0xff, 
  0xc4, 0xe3, 0xff, 0x69, 0xbb, 0xff, 0x0d, 0x9b, 0xff, 0xd0, 0x82, 0xff, 
  0x93, 0x6a, 0xff, 0x36, 0x4a, 0xff, 0xf9, 0x39, 0xff, 0xf9, 0x31, 0xff, 
  0x18, 0x3a, 0xff, 0x18, 0x42, 0xff, 0x37, 0x42, 0xff, 0x37, 0x42, 0xff, 
  0x37, 0x42, 0xff, 0x17, 0x42, 0xff, 0x17, 0x42, 0xff, 0x17, 0x42, 0xfe, 
  0x17, 0x42, 0xfc, 0x17, 0x42, 0xfa, 0x17, 0x42, 0xf9, 0x17, 0x42, 0xfd, 
  0x38, 0x42, 0xff, 0x59, 0x4a, 0xff, 0x59, 0x4a, 0xff, 0x17, 0x42, 0xec, 
  0x39, 0x42, 0xc0, 0x18, 0x42, 0x5e, 0x00, 0x00, 0x00, 0x1f, 0x00, 0x02, 
  0x00, 0x00, 0x00, 0x00, 0x00, 0x00, 0x00, 0x00, 0x00, 0x00, 0x00, 0x00, 
  0x00, 0x00, 0x00, 0x00, 0x00, 0x00, 0x00, 0x00, 0x00, 0x00, 0x00, 0x00, 
  0x00, 0x00, 0x00, 0x00, 0x00, 0x00, 0x00, 0x00, 0x00, 0x00, 0x00, 0x00, 
  0x00, 0x00, 0x00, 0x00, 0x00, 0x00, 0x00, 0x00, 0x00, 0x00, 0x00, 0x00, 
  0x00, 0x00, 0x00, 0x00, 0x00, 0x00, 0x00, 0x00, 0x00, 0x00, 0x00, 0x00, 
  0x00, 0x00, 0x00, 0x00, 0x00, 0x00, 0x00, 0x00, 0x00, 0x00, 0x00, 0x00, 
  0x00, 0x00, 0x00, 0x00, 0x00, 0x00, 0xd9, 0x34, 0x05, 0xff, 0x3d, 0x08, 
  0xbf, 0x4d, 0x07, 0xfb, 0x3d, 0x08, 0xfb, 0x3d, 0x08, 0xfb, 0x3d, 0x08, 
  0xfb, 0x3d, 0x08, 0xfb, 0x3d, 0x08, 0xfb, 0x3d, 0x08, 0xfb, 0x3d, 0x08, 
  0xfb, 0x3d, 0x08, 0xfb, 0x3d, 0x08, 0xfb, 0x3d, 0x08, 0xfb, 0x3d, 0x08, 
  0xfb, 0x3d, 0x08, 0xfb, 0x3d, 0x08, 0xfb, 0x3d, 0x08, 0xfb, 0x3d, 0x08, 
  0xfb, 0x3d, 0x08, 0xfb, 0x3d, 0x08, 0xfb, 0x3d, 0x08, 0xfb, 0x3d, 0x08, 
  0xfb, 0x3d, 0x08, 0xfb, 0x3d, 0x08, 0xfb, 0x3d, 0x08, 0xfb, 0x3d, 0x08, 
  0xfb, 0x3d, 0x08, 0xfb, 0x3d, 0x08, 0xfb, 0x3d, 0x08, 0xfb, 0x3d, 0x08, 
  0xfb, 0x3d, 0x08, 0xfb, 0x3d, 0x08, 0xfb, 0x3d, 0x08, 0xfb, 0x3d, 0x08, 
  0xfb, 0x3d, 0x08, 0xfb, 0x3d, 0x08, 0xfb, 0x3d, 0x08, 0xfb, 0x3d, 0x08, 
  0xfb, 0x3d, 0x08, 0xfb, 0x3d, 0x08, 0xfb, 0x3d, 0x08, 0xfb, 0x3d, 0x08, 
  0xfb, 0x3d, 0x08, 0xfb, 0x3d, 0x08, 0xfb, 0x3d, 0x08, 0xfb, 0x3d, 0x08, 
  0xfb, 0x3d, 0x08, 0xfb, 0x3d, 0x08, 0xfd, 0x4b, 0x0e, 0xff, 0x3d, 0x08, 
  0x78, 0x3a, 0x3c, 0x39, 0x42, 0xff, 0x38, 0x42, 0xff, 0x17, 0x42, 0xfd, 
  0x17, 0x42, 0xff, 0x37, 0x42, 0xff, 0xf9, 0x39, 0xff, 0x36, 0x4a, 0xff, 
  0x02, 0xf4, 0xff, 0x40, 0xfc, 0xff, 0x01, 0xfc, 0xff, 0x20, 0xfc, 0xff, 
  0x00, 0xfc, 0xff, 0x01, 0xfc, 0xff, 0x01, 0xfc, 0xff, 0x00, 0xfc, 0xff, 
  0x20, 0xfc, 0xff, 0x40, 0xfc, 0xff, 0x40, 0xfc, 0xff, 0x01, 0xfc, 0xff, 
  0x86, 0xcb, 0xff, 0x0c, 0x9b, 0xff, 0xb1, 0x72, 0xff, 0x74, 0x5a, 0xff, 
  0x36, 0x52, 0xff, 0x18, 0x42, 0xff, 0xf9, 0x39, 0xff, 0x18, 0x3a, 0xff, 
  0x18, 0x3a, 0xff, 0x18, 0x42, 0xff, 0x17, 0x42, 0xff, 0x17, 0x42, 0xff, 
  0x17, 0x42, 0xff, 0x17, 0x42, 0xff, 0x17, 0x42, 0xff, 0x17, 0x42, 0xfe, 
  0x17, 0x42, 0xfc, 0x17, 0x42, 0xfa, 0x17, 0x42, 0xf9, 0x17, 0x42, 0xf7, 
  0x7b, 0x4a, 0xff, 0x17, 0x42, 0xa3, 0x00, 0x00, 0x00, 0xf7, 0x39, 0x04, 
  0x00, 0x00, 0x00, 0x00, 0x00, 0x00, 0x00, 0x00, 0x00, 0x00, 0x00, 0x00, 
  0x00, 0x00, 0x00, 0x00, 0x00, 0x00, 0x00, 0x00, 0x00, 0x00, 0x00, 0x00, 
  0x00, 0x00, 0x00, 0x00, 0x00, 0x00, 0x00, 0x00, 0x00, 0x00, 0x00, 0x00, 
  0x00, 0x00, 0x00, 0x00, 0x00, 0x00, 0x00, 0x00, 0x00, 0x00, 0x00, 0x00, 
  0x00, 0x00, 0x00, 0x00, 0x00, 0x00, 0x00, 0x00, 0x00, 0x00, 0x00, 0x00, 
  0x00, 0x00, 0x00, 0x00, 0x00, 0x00, 0x00, 0x00, 0x00, 0x00, 0x00, 0x00, 
  0x00, 0x00, 0x00, 0x00, 0x00, 0x00, 0x00, 0x00, 0x00, 0x00, 0x00, 0x00, 
  0x00, 0x00, 0x00, 0x00, 0x00, 0x00, 0x00, 0x00, 0x00, 0x00, 0x00, 0x00, 
  0x00, 0x00, 0x00, 0x00, 0x00, 0x00, 0x00, 0x00, 0x00, 0x00, 0x00, 0x00, 
  0x00, 0x00, 0x00, 0x00, 0x00, 0x00, 0x00, 0x00, 0x00, 0x00, 0x00, 0x00, 
  0x00, 0x00, 0x00, 0x00, 0x00, 0x00, 0x00, 0x00, 0x00, 0x00, 0x00, 0x00, 
  0x00, 0x00, 0x00, 0x00, 0x00, 0x00, 0x00, 0x00, 0x00, 0x00, 0x00, 0x00, 
  0x00, 0x00, 0x00, 0x00, 0x00, 0x00, 0x00, 0x00, 0x00, 0x00, 0x00, 0x00, 
  0x00, 0x00, 0x00, 0x00, 0x00, 0x00, 0x00, 0x00, 0x00, 0x00, 0x00, 0x00, 
  0x00, 0x00, 0x00, 0x00, 0x00, 0x00, 0x00, 0x00, 0x00, 0x00, 0x00, 0x00, 
  0x00, 0x00, 0x00, 0x00, 0x00, 0x00, 0x00, 0x00, 0x00, 0x00, 0x00, 0x00, 
  0x00, 0x00, 0x00, 0x00, 0x00, 0x00, 0x00, 0x00, 0x00, 0x00, 0x00, 0x00, 
  0x00, 0x00, 0x00, 0x00, 0x00, 0x00, 0x00, 0x00, 0x00, 0x00, 0x00, 0x00, 
  0x00, 0x00, 0x00, 0x00, 0x00, 0x00, 0x5b, 0x4a, 0x07, 0x00, 0x00, 0x00, 
  0x17, 0x42, 0x36, 0x39, 0x42, 0xff, 0x38, 0x42, 0xff, 0x17, 0x42, 0xfd, 
  0x17, 0x42, 0xff, 0x37, 0x42, 0xff, 0xf9, 0x39, 0xff, 0x36, 0x4a, 0xff, 
  0x02, 0xf4, 0xff, 0x40, 0xfc, 0xff, 0x01, 0xfc, 0xff, 0x20, 0xfc, 0xff, 
  0x20, 0xfc, 0xff, 0x20, 0xfc, 0xff, 0x20, 0xfc, 0xff, 0x20, 0xfc, 0xff, 
  0x20, 0xfc, 0xff, 0x00, 0xfc, 0xff, 0x00, 0xfc, 0xff, 0x20, 0xfc, 0xff, 
  0x20, 0xfc, 0xff, 0x20, 0xfc, 0xff, 0x20, 0xfc, 0xff, 0xc4, 0xdb, 0xff, 
  0x2b, 0xa3, 0xff, 0xb1, 0x72, 0xff, 0x36, 0x4a, 0xff, 0x37, 0x4a, 0xff, 
  0x37, 0x42, 0xff, 0x18, 0x42, 0xff, 0x18, 0x42, 0xff, 0x18, 0x42, 0xff, 
  0x18, 0x42, 0xff, 0x17, 0x42, 0xff, 0x17, 0x42, 0xff, 0x17, 0x42, 0xff, 
  0x17, 0x42, 0xff, 0x17, 0x42, 0xff, 0x17, 0x42, 0xff, 0x17, 0x42, 0xf6, 
  0x5a, 0x4a, 0xfd, 0x18, 0x42, 0x97, 0x00, 0x00, 0x00, 0xf7, 0x39, 0x04, 
  0x00, 0x00, 0x00, 0x00, 0x00, 0x00, 0x00, 0x00, 0x00, 0x00, 0x00, 0x00, 
  0x00, 0x00, 0x00, 0x00, 0x00, 0x00, 0x00, 0x00, 0x00, 0x00, 0x00, 0x00, 
  0x00, 0x00, 0x00, 0x00, 0x00, 0x00, 0x00, 0x00, 0x00, 0x00, 0x00, 0x00, 
  0x00, 0x00, 0x00, 0x00, 0x00, 0x00, 0x00, 0x00, 0x00, 0x00, 0x00, 0x00, 
  0x00, 0x00, 0x00, 0x00, 0x00, 0x00, 0x00, 0x00, 0x00, 0x00, 0x00, 0x00, 
  0x00, 0x00, 0x00, 0x00, 0x00, 0x00, 0x00, 0x00, 0x00, 0x00, 0x00, 0x00, 
  0x00, 0x00, 0x00, 0x00, 0x00, 0x00, 0x00, 0x00, 0x00, 0x00, 0x00, 0x00, 
  0x00, 0x00, 0x00, 0x00, 0x00, 0x00, 0x00, 0x00, 0x00, 0x00, 0x00, 0x00, 
  0x00, 0x00, 0x00, 0x00, 0x00, 0x00, 0x00, 0x00, 0x00, 0x00, 0x00, 0x00, 
  0x00, 0x00, 0x00, 0x00, 0x00, 0x00, 0x00, 0x00, 0x00, 0x00, 0x00, 0x00, 
  0x00, 0x00, 0x00, 0x00, 0x00, 0x00, 0x00, 0x00, 0x00, 0x00, 0x00, 0x00, 
  0x00, 0x00, 0x00, 0x00, 0x00, 0x00, 0x00, 0x00, 0x00, 0x00, 0x00, 0x00, 
  0x00, 0x00, 0x00, 0x00, 0x00, 0x00, 0x00, 0x00, 0x00, 0x00, 0x00, 0x00, 
  0x00, 0x00, 0x00, 0x00, 0x00, 0x00, 0x00, 0x00, 0x00, 0x00, 0x00, 0x00, 
  0x00, 0x00, 0x00, 0x00, 0x00, 0x00, 0x00, 0x00, 0x00, 0x00, 0x00, 0x00, 
  0x00, 0x00, 0x00, 0x00, 0x00, 0x00, 0x00, 0x00, 0x00, 0x00, 0x00, 0x00, 
  0x00, 0x00, 0x00, 0x00, 0x00, 0x00, 0x00, 0x00, 0x00, 0x00, 0x00, 0x00, 
  0x00, 0x00, 0x00, 0x00, 0x00, 0x00, 0x00, 0x00, 0x00, 0x00, 0x00, 0x00, 
  0x00, 0x00, 0x00, 0x00, 0x00, 0x00, 0x5b, 0x4a, 0x07, 0x00, 0x00, 0x00, 
  0x17, 0x42, 0x36, 0x39, 0x42, 0xff, 0x38, 0x42, 0xff, 0x17, 0x42, 0xfd, 
  0x17, 0x42, 0xff, 0x37, 0x42, 0xff, 0xf9, 0x39, 0xff, 0x36, 0x4a, 0xff, 
  0x02, 0xf4, 0xff, 0x40, 0xfc, 0xff, 0x01, 0xfc, 0xff, 0x20, 0xfc, 0xff, 
  0x20, 0xfc, 0xff, 0x20, 0xfc, 0xff, 0x20, 0xfc, 0xff, 0x20, 0xfc, 0xff, 
  0x20, 0xfc, 0xff, 0x20, 0xfc, 0xff, 0x20, 0xfc, 0xff, 0x20, 0xfc, 0xff, 
  0x20, 0xfc, 0xff, 0x20, 0xfc, 0xff, 0x20, 0xfc, 0xff, 0x20, 0xfc, 0xff, 
  0x01, 0xfc, 0xff, 0x01, 0xf4, 0xff, 0xe3, 0xe3, 0xff, 0x68, 0xbb, 0xff, 
  0xee, 0x8a, 0xff, 0x55, 0x5a, 0xff, 0x18, 0x3a, 0xff, 0x18, 0x42, 0xff, 
  0x18, 0x42, 0xff, 0x37, 0x42, 0xff, 0x17, 0x42, 0xff, 0x17, 0x42, 0xff, 
  0x17, 0x42, 0xff, 0x17, 0x42, 0xff, 0x17, 0x42, 0xff, 0x17, 0x42, 0xf7, 
  0x5a, 0x4a, 0xff, 0x17, 0x42, 0x99, 0x00, 0x00, 0x00, 0xf7, 0x39, 0x04, 
  0x00, 0x00, 0x00, 0x00, 0x00, 0x00, 0x00, 0x00, 0x00, 0x00, 0x00, 0x00, 
  0x00, 0x00, 0x00, 0x00, 0x00, 0x00, 0x00, 0x00, 0x00, 0x00, 0x00, 0x00, 
  0x00, 0x00, 0x00, 0x00, 0x00, 0x00, 0x00, 0x00, 0x00, 0x00, 0x00, 0x00, 
  0x00, 0x00, 0x00, 0x00, 0x00, 0x00, 0x00, 0x00, 0x00, 0x00, 0x00, 0x00, 
  0x00, 0x00, 0x00, 0x00, 0x00, 0x00, 0x00, 0x00, 0x00, 0x00, 0x00, 0x00, 
  0x00, 0x00, 0x00, 0x00, 0x00, 0x00, 0x00, 0x00, 0x00, 0x00, 0x00, 0x00, 
  0x00, 0x00, 0x00, 0x00, 0x00, 0x00, 0x00, 0x00, 0x00, 0x00, 0x00, 0x00, 
  0x00, 0x00, 0x00, 0x00, 0x00, 0x00, 0x00, 0x00, 0x00, 0x00, 0x00, 0x00, 
  0x00, 0x00, 0x00, 0x00, 0x00, 0x00, 0x00, 0x00, 0x00, 0x00, 0x00, 0x00, 
  0x00, 0x00, 0x00, 0x00, 0x00, 0x00, 0x00, 0x00, 0x00, 0x00, 0x00, 0x00, 
  0x00, 0x00, 0x00, 0x00, 0x00, 0x00, 0x00, 0x00, 0x00, 0x00, 0x00, 0x00, 
  0x00, 0x00, 0x00, 0x00, 0x00, 0x00, 0x00, 0x00, 0x00, 0x00, 0x00, 0x00, 
  0x00, 0x00, 0x00, 0x00, 0x00, 0x00, 0x00, 0x00, 0x00, 0x00, 0x00, 0x00, 
  0x00, 0x00, 0x00, 0x00, 0x00, 0x00, 0x00, 0x00, 0x00, 0x00, 0x00, 0x00, 
  0x00, 0x00, 0x00, 0x00, 0x00, 0x00, 0x00, 0x00, 0x00, 0x00, 0x00, 0x00, 
  0x00, 0x00, 0x00, 0x00, 0x00, 0x00, 0x00, 0x00, 0x00, 0x00, 0x00, 0x00, 
  0x00, 0x00, 0x00, 0x00, 0x00, 0x00, 0x00, 0x00, 0x00, 0x00, 0x00, 0x00, 
  0x00, 0x00, 0x00, 0x00, 0x00, 0x00, 0x00, 0x00, 0x00, 0x00, 0x00, 0x00, 
  0x00, 0x00, 0x00, 0x00, 0x00, 0x00, 0x5b, 0x4a, 0x07, 0x00, 0x00, 0x00, 
  0x17, 0x42, 0x36, 0x39, 0x42, 0xff, 0x38, 0x42, 0xff, 0x17, 0x42, 0xfd, 
  0x17, 0x42, 0xff, 0x37, 0x42, 0xff, 0xf9, 0x39, 0xff, 0x36, 0x4a, 0xff, 
  0xe2, 0xf3, 0xff, 0x20, 0xfc, 0xff, 0x01, 0xfc, 0xff, 0x00, 0xfc, 0xff, 
  0x20, 0xfc, 0xff, 0x20, 0xfc, 0xff, 0x20, 0xfc, 0xff, 0x20, 0xfc, 0xff, 
  0x20, 0xfc, 0xff, 0x20, 0xfc, 0xff, 0x20, 0xfc, 0xff, 0x20, 0xfc, 0xff, 
  0x20, 0xfc, 0xff, 0x20, 0xfc, 0xff, 0x20, 0xfc, 0xff, 0x20, 0xfc, 0xff, 
  0x20, 0xfc, 0xff, 0x20, 0xfc, 0xff, 0x20, 0xfc, 0xff, 0x01, 0xfc, 0xff, 
  0xe2, 0xeb, 0xff, 0xc4, 0xdb, 0xff, 0x68, 0xc3, 0xff, 0xed, 0x92, 0xff, 
  0x92, 0x6a, 0xff, 0x18, 0x3a, 0xff, 0x18, 0x3a, 0xff, 0x37, 0x42, 0xff, 
  0x17, 0x42, 0xff, 0x17, 0x42, 0xff, 0x17, 0x42, 0xff, 0x17, 0x42, 0xf7, 
  0x5a, 0x4a, 0xff, 0x17, 0x42, 0x99, 0x00, 0x00, 0x00, 0xf7, 0x39, 0x04, 
  0x00, 0x00, 0x00, 0x00, 0x00, 0x00, 0x00, 0x00, 0x00, 0x00, 0x00, 0x00, 
  0x00, 0x00, 0x00, 0x00, 0x00, 0x00, 0x00, 0x00, 0x00, 0x00, 0x00, 0x00, 
  0x00, 0x00, 0x00, 0x00, 0x00, 0x00, 0x00, 0x00, 0x00, 0x00, 0x00, 0x00, 
  0x00, 0x00, 0x00, 0x00, 0x00, 0x00, 0x00, 0x00, 0x00, 0x00, 0x00, 0x00, 
  0x00, 0x00, 0x00, 0x00, 0x00, 0x00, 0x00, 0x00, 0x00, 0x00, 0x00, 0x00, 
  0x00, 0x00, 0x00, 0x00, 0x00, 0x00, 0x00, 0x00, 0x00, 0x00, 0x00, 0x00, 
  0x00, 0x00, 0x00, 0x00, 0x00, 0x00, 0x00, 0x00, 0x00, 0x00, 0x00, 0x00, 
  0x00, 0x00, 0x00, 0x00, 0x00, 0x00, 0x00, 0x00, 0x00, 0x00, 0x00, 0x00, 
  0x00, 0x00, 0x00, 0x00, 0x00, 0x00, 0x00, 0x00, 0x00, 0x00, 0x00, 0x00, 
  0x00, 0x00, 0x00, 0x00, 0x00, 0x00, 0x00, 0x00, 0x00, 0x00, 0x00, 0x00, 
  0x00, 0x00, 0x00, 0x00, 0x00, 0x00, 0x00, 0x00, 0x00, 0x00, 0x00, 0x00, 
  0x00, 0x00, 0x00, 0x00, 0x00, 0x00, 0x00, 0x00, 0x00, 0x00, 0x00, 0x00, 
  0x00, 0x00, 0x00, 0x00, 0x00, 0x00, 0x00, 0x00, 0x00, 0x00, 0x00, 0x00, 
  0x00, 0x00, 0x00, 0x00, 0x00, 0x00, 0x00, 0x00, 0x00, 0x00, 0x00, 0x00, 
  0x00, 0x00, 0x00, 0x00, 0x00, 0x00, 0x00, 0x00, 0x00, 0x00, 0x00, 0x00, 
  0x00, 0x00, 0x00, 0x00, 0x00, 0x00, 0x00, 0x00, 0x00, 0x00, 0x00, 0x00, 
  0x00, 0x00, 0x00, 0x00, 0x00, 0x00, 0x00, 0x00, 0x00, 0x00, 0x00, 0x00, 
  0x00, 0x00, 0x00, 0x00, 0x00, 0x00, 0x00, 0x00, 0x00, 0x00, 0x00, 0x00, 
  0x00, 0x00, 0x00, 0x00, 0x00, 0x00, 0x5b, 0x4a, 0x07, 0x00, 0x00, 0x00, 
  0x17, 0x42, 0x36, 0x39, 0x42, 0xff, 0x38, 0x42, 0xff, 0x17, 0x42, 0xfd, 
  0x17, 0x42, 0xff, 0x37, 0x42, 0xff, 0xf9, 0x31, 0xff, 0x36, 0x4a, 0xff, 
  0x20, 0xfc, 0xff, 0x60, 0xfc, 0xff, 0x20, 0xfc, 0xff, 0x20, 0xfc, 0xff, 
  0x01, 0xfc, 0xff, 0x01, 0xfc, 0xff, 0x00, 0xfc, 0xff, 0x20, 0xfc, 0xff, 
  0x20, 0xfc, 0xff, 0x20, 0xfc, 0xff, 0x20, 0xfc, 0xff, 0x20, 0xfc, 0xff, 
  0x20, 0xfc, 0xff, 0x20, 0xfc, 0xff, 0x20, 0xfc, 0xff, 0x20, 0xfc, 0xff, 
  0x00, 0xfc, 0xff, 0x01, 0xfc, 0xff, 0x00, 0xfc, 0xff, 0x20, 0xfc, 0xff, 
  0x20, 0xfc, 0xff, 0x40, 0xfc, 0xff, 0x20, 0xfc, 0xff, 0xe2, 0xeb, 0xff, 
  0xa5, 0xd3, 0xff, 0x68, 0xbb, 0xff, 0x92, 0x6a, 0xff, 0xf9, 0x31, 0xff, 
  0x37, 0x42, 0xff, 0x17, 0x42, 0xff, 0x17, 0x42, 0xff, 0x17, 0x42, 0xf7, 
  0x5a, 0x4a, 0xff, 0x17, 0x42, 0x99, 0x00, 0x00, 0x00, 0xf7, 0x39, 0x04, 
  0x00, 0x00, 0x00, 0x00, 0x00, 0x00, 0x00, 0x00, 0x00, 0x00, 0x00, 0x00, 
  0x00, 0x00, 0x00, 0x00, 0x00, 0x00, 0x00, 0x00, 0x00, 0x00, 0x00, 0x00, 
  0x00, 0x00, 0x00, 0x00, 0x00, 0x00, 0x00, 0x00, 0x00, 0x00, 0x00, 0x00, 
  0x00, 0x00, 0x00, 0x00, 0x00, 0x00, 0x00, 0x00, 0x00, 0x00, 0x00, 0x00, 
  0x00, 0x00, 0x00, 0x00, 0x00, 0x00, 0x00, 0x00, 0x00, 0x00, 0x00, 0x00, 
  0x00, 0x00, 0x00, 0x00, 0x00, 0x00, 0x00, 0x00, 0x00, 0x00, 0x00, 0x00, 
  0x00, 0x00, 0x00, 0x00, 0x00, 0x00, 0x00, 0x00, 0x00, 0x00, 0x00, 0x00, 
  0x00, 0x00, 0x00, 0x00, 0x00, 0x00, 0x00, 0x00, 0x00, 0x00, 0x00, 0x00, 
  0x00, 0x00, 0x00, 0x00, 0x00, 0x00, 0x00, 0x00, 0x00, 0x00, 0x00, 0x00, 
  0x00, 0x00, 0x00, 0x00, 0x00, 0x00, 0x00, 0x00, 0x00, 0x00, 0x00, 0x00, 
  0x00, 0x00, 0x00, 0x00, 0x00, 0x00, 0x00, 0x00, 0x00, 0x00, 0x00, 0x00, 
  0x00, 0x00, 0x00, 0x00, 0x00, 0x00, 0x00, 0x00, 0x00, 0x00, 0x00, 0x00, 
  0x00, 0x00, 0x00, 0x00, 0x00, 0x00, 0x00, 0x00, 0x00, 0x00, 0x00, 0x00, 
  0x00, 0x00, 0x00, 0x00, 0x00, 0x00, 0x00, 0x00, 0x00, 0x00, 0x00, 0x00, 
  0x00, 0x00, 0x00, 0x00, 0x00, 0x00, 0x00, 0x00, 0x00, 0x00, 0x00, 0x00, 
  0x00, 0x00, 0x00, 0x00, 0x00, 0x00, 0x00, 0x00, 0x00, 0x00, 0x00, 0x00, 
  0x00, 0x00, 0x00, 0x00, 0x00, 0x00, 0x00, 0x00, 0x00, 0x00, 0x00, 0x00, 
  0x00, 0x00, 0x00, 0x00, 0x00, 0x00, 0x00, 0x00, 0x00, 0x00, 0x00, 0x00, 
  0x00, 0x00, 0x00, 0x00, 0x00, 0x00, 0x5b, 0x4a, 0x07, 0x00, 0x00, 0x00, 
  0x17, 0x42, 0x36, 0x39, 0x42, 0xff, 0x38, 0x42, 0xff, 0x17, 0x42, 0xfd, 
  0x17, 0x42, 0xff, 0x37, 0x42, 0xff, 0x18, 0x3a, 0xff, 0x37, 0x4a, 0xff, 
  0x2b, 0xa3, 0xff, 0x87, 0xc3, 0xff, 0xa5, 0xdb, 0xff, 0x01, 0xfc, 0xff, 
  0x40, 0xfc, 0xff, 0x40, 0xfc, 0xff, 0x20, 0xfc, 0xff, 0x20, 0xfc, 0xff, 
  0x01, 0xfc, 0xff, 0x00, 0xfc, 0xff, 0x20, 0xfc, 0xff, 0x20, 0xfc, 0xff, 
  0x20, 0xfc, 0xff, 0x20, 0xfc, 0xff, 0x20, 0xfc, 0xff, 0x20, 0xfc, 0xff, 
  0x20, 0xfc, 0xff, 0x20, 0xfc, 0xff, 0x20, 0xfc, 0xff, 0x00, 0xfc, 0xff, 
  0x01, 0xfc, 0xff, 0x01, 0xfc, 0xff, 0x00, 0xfc, 0xff, 0x20, 0xfc, 0xff, 
  0x20, 0xfc, 0xff, 0x80, 0xfc, 0xff, 0xee, 0x92, 0xff, 0xda, 0x29, 0xff, 
  0x37, 0x4a, 0xff, 0x17, 0x42, 0xff, 0x17, 0x42, 0xff, 0x17, 0x42, 0xf7, 
  0x5a, 0x4a, 0xff, 0x17, 0x42, 0x99, 0x00, 0x00, 0x00, 0xf7, 0x39, 0x04, 
  0x00, 0x00, 0x00, 0x00, 0x00, 0x00, 0x00, 0x00, 0x00, 0x00, 0x00, 0x00, 
  0x00, 0x00, 0x00, 0x00, 0x00, 0x00, 0x00, 0x00, 0x00, 0x00, 0x00, 0x00, 
  0x00, 0x00, 0x00, 0x00, 0x00, 0x00, 0x00, 0x00, 0x00, 0x00, 0x00, 0x00, 
  0x00, 0x00, 0x00, 0x00, 0x00, 0x00, 0x00, 0x00, 0x00, 0x00, 0x00, 0x00, 
  0x00, 0x00, 0x00, 0x00, 0x00, 0x00, 0x00, 0x00, 0x00, 0x00, 0x00, 0x00, 
  0x00, 0x00, 0x00, 0x00, 0x00, 0x00, 0x00, 0x00, 0x00, 0x00, 0x00, 0x00, 
  0x00, 0x00, 0x00, 0x00, 0x00, 0x00, 0xff, 0x07, 0x01, 0xff, 0x07, 0x02, 
  0xff, 0x03, 0x02, 0xff, 0x03, 0x02, 0xff, 0x03, 0x02, 0xff, 0x03, 0x02, 
  0xff, 0x03, 0x02, 0xff, 0x03, 0x02, 0xff, 0x03, 0x02, 0xff, 0x03, 0x02, 
  0xff, 0x03, 0x02, 0xff, 0x03, 0x02, 0xff, 0x03, 0x02, 0xff, 0x03, 0x02, 
  0xff, 0x03, 0x02, 0xff, 0x03, 0x02, 0xff, 0x03, 0x02, 0xff, 0x03, 0x02, 
  0xff, 0x03, 0x02, 0xff, 0x03, 0x02, 0xff, 0x03, 0x02, 0xff, 0x03, 0x02, 
  0xff, 0x03, 0x02, 0xff, 0x03, 0x02, 0xff, 0x03, 0x02, 0xff, 0x03, 0x02, 
  0xff, 0x03, 0x02, 0xff, 0x03, 0x02, 0xff, 0x03, 0x02, 0xff, 0x03, 0x02, 
  0xff, 0x03, 0x02, 0xff, 0x03, 0x02, 0xff, 0x03, 0x02, 0xff, 0x03, 0x02, 
  0xff, 0x03, 0x02, 0xff, 0x03, 0x02, 0xff, 0x03, 0x02, 0xff, 0x03, 0x02, 
  0xff, 0x03, 0x02, 0xff, 0x03, 0x02, 0xff, 0x03, 0x02, 0xff, 0x03, 0x02, 
  0xff, 0x03, 0x02, 0xff, 0x03, 0x02, 0xff, 0x03, 0x02, 0xff, 0x03, 0x02, 
  0xff, 0x03, 0x02, 0xff, 0x03, 0x02, 0xbc, 0x3a, 0x09, 0xff, 0x03, 0x02, 
  0x37, 0x42, 0x37, 0x39, 0x42, 0xff, 0x38, 0x42, 0xff, 0x17, 0x42, 0xfd, 
  0x17, 0x42, 0xff, 0x17, 0x42, 0xff, 0x17, 0x42, 0xff, 0x18, 0x42, 0xff, 
  0xf9, 0x31, 0xff, 0x37, 0x4a, 0xff, 0xb1, 0x72, 0xff, 0x2b, 0xab, 0xff, 
  0xa6, 0xd3, 0xff, 0xc3, 0xe3, 0xff, 0x02, 0xf4, 0xff, 0x20, 0xfc, 0xff, 
  0x20, 0xfc, 0xff, 0x20, 0xfc, 0xff, 0x20, 0xfc, 0xff, 0x20, 0xfc, 0xff, 
  0x20, 0xfc, 0xff, 0x20, 0xfc, 0xff, 0x20, 0xfc, 0xff, 0x20, 0xfc, 0xff, 
  0x20, 0xfc, 0xff, 0x20, 0xfc, 0xff, 0x20, 0xfc, 0xff, 0x20, 0xfc, 0xff, 
  0x20, 0xfc, 0xff, 0x20, 0xfc, 0xff, 0x20, 0xfc, 0xff, 0x00, 0xfc, 0xff, 
  0x01, 0xfc, 0xff, 0x40, 0xfc, 0xff, 0xee, 0x8a, 0xff, 0xda, 0x29, 0xff, 
  0x37, 0x4a, 0xff, 0x17, 0x42, 0xff, 0x17, 0x42, 0xff, 0x17, 0x42, 0xf7, 
  0x5a, 0x4a, 0xff, 0x17, 0x42, 0x99, 0x00, 0x00, 0x00, 0xf7, 0x39, 0x04, 
  0x00, 0x00, 0x00, 0x00, 0x00, 0x00, 0x00, 0x00, 0x00, 0x00, 0x00, 0x00, 
  0x00, 0x00, 0x00, 0x00, 0x00, 0x00, 0x00, 0x00, 0x00, 0x00, 0x00, 0x00, 
  0x00, 0x00, 0x00, 0x00, 0x00, 0x00, 0x00, 0x00, 0x00, 0x00, 0x00, 0x00, 
  0x00, 0x00, 0x00, 0x00, 0x00, 0x00, 0x00, 0x00, 0x00, 0x00, 0x00, 0x00, 
  0x00, 0x00, 0x00, 0x00, 0x00, 0x00, 0x00, 0x00, 0x00, 0x00, 0x00, 0x00, 
  0x00, 0x00, 0x00, 0x00, 0x00, 0x00, 0x00, 0x00, 0x00, 0x00, 0x00, 0x00, 
  0x00, 0x00, 0x00, 0x00, 0x00, 0x00, 0x00, 0x00, 0x00, 0x00, 0x00, 0x00, 
  0x00, 0x00, 0x00, 0x00, 0x00, 0x00, 0x00, 0x00, 0x00, 0x00, 0x00, 0x00, 
  0x00, 0x00, 0x00, 0x00, 0x00, 0x00, 0x00, 0x00, 0x00, 0x00, 0x00, 0x00, 
  0x00, 0x00, 0x00, 0x00, 0x00, 0x00, 0x00, 0x00, 0x00, 0x00, 0x00, 0x00, 
  0x00, 0x00, 0x00, 0x00, 0x00, 0x00, 0x00, 0x00, 0x00, 0x00, 0x00, 0x00, 
  0x00, 0x00, 0x00, 0x00, 0x00, 0x00, 0x00, 0x00, 0x00, 0x00, 0x00, 0x00, 
  0x00, 0x00, 0x00, 0x00, 0x00, 0x00, 0x00, 0x00, 0x00, 0x00, 0x00, 0x00, 
  0x00, 0x00, 0x00, 0x00, 0x00, 0x00, 0x00, 0x00, 0x00, 0x00, 0x00, 0x00, 
  0x00, 0x00, 0x00, 0x00, 0x00, 0x00, 0x00, 0x00, 0x00, 0x00, 0x00, 0x00, 
  0x00, 0x00, 0x00, 0x00, 0x00, 0x00, 0x00, 0x00, 0x00, 0x00, 0x00, 0x00, 
  0x00, 0x00, 0x00, 0x00, 0x00, 0x00, 0x00, 0x00, 0x00, 0x00, 0x00, 0x00, 
  0x00, 0x00, 0x00, 0x00, 0x00, 0x00, 0x00, 0x00, 0x00, 0x00, 0x00, 0x00, 
  0x00, 0x00, 0x00, 0x00, 0x00, 0x00, 0x1f, 0x78, 0x02, 0x00, 0x00, 0x00, 
  0xd6, 0x41, 0x32, 0x39, 0x42, 0xff, 0x38, 0x42, 0xff, 0x17, 0x42, 0xfd, 
  0x17, 0x42, 0xff, 0x17, 0x42, 0xff, 0x17, 0x42, 0xff, 0x17, 0x42, 0xff, 
  0x37, 0x42, 0xff, 0x17, 0x42, 0xff, 0x18, 0x42, 0xff, 0x18, 0x3a, 0xff, 
  0x17, 0x42, 0xff, 0x93, 0x6a, 0xff, 0x0c, 0x9b, 0xff, 0xa5, 0xd3, 0xff, 
  0x02, 0xf4, 0xff, 0x01, 0xfc, 0xff, 0x01, 0xfc, 0xff, 0x20, 0xfc, 0xff, 
  0x20, 0xfc, 0xff, 0x20, 0xfc, 0xff, 0x20, 0xfc, 0xff, 0x20, 0xfc, 0xff, 
  0x20, 0xfc, 0xff, 0x20, 0xfc, 0xff, 0x20, 0xfc, 0xff, 0x20, 0xfc, 0xff, 
  0x20, 0xfc, 0xff, 0x20, 0xfc, 0xff, 0x20, 0xfc, 0xff, 0x20, 0xfc, 0xff, 
  0x01, 0xfc, 0xff, 0x40, 0xfc, 0xff, 0xee, 0x8a, 0xff, 0xda, 0x29, 0xff, 
  0x37, 0x4a, 0xff, 0x17, 0x42, 0xff, 0x17, 0x42, 0xff, 0x17, 0x42, 0xf7, 
  0x5a, 0x4a, 0xff, 0x17, 0x42, 0x99, 0x00, 0x00, 0x00, 0xf7, 0x39, 0x04, 
  0x00, 0x00, 0x00, 0x00, 0x00, 0x00, 0x00, 0x00, 0x00, 0x00, 0x00, 0x00, 
  0x00, 0x00, 0x00, 0x00, 0x00, 0x00, 0x00, 0x00, 0x00, 0x00, 0x00, 0x00, 
  0x00, 0x00, 0x00, 0x00, 0x00, 0x00, 0x00, 0x00, 0x00, 0x00, 0x00, 0x00, 
  0x00, 0x00, 0x00, 0x00, 0x00, 0x00, 0x00, 0x00, 0x00, 0x00, 0x00, 0x00, 
  0x00, 0x00, 0x00, 0x00, 0x00, 0x00, 0x00, 0x00, 0x00, 0x00, 0x00, 0x00, 
  0x00, 0x00, 0x00, 0x00, 0x00, 0x00, 0x00, 0x00, 0x00, 0x00, 0x00, 0x00, 
  0x00, 0x00, 0x00, 0x00, 0x00, 0x00, 0x00, 0x00, 0x00, 0x00, 0x00, 0x00, 
  0x00, 0x00, 0x00, 0x00, 0x00, 0x00, 0x00, 0x00, 0x00, 0x00, 0x00, 0x00, 
  0x00, 0x00, 0x00, 0x00, 0x00, 0x00, 0x00, 0x00, 0x00, 0x00, 0x00, 0x00, 
  0x00, 0x00, 0x00, 0x00, 0x00, 0x00, 0x00, 0x00, 0x00, 0x00, 0x00, 0x00, 
  0x00, 0x00, 0x00, 0x00, 0x00, 0x00, 0x00, 0x00, 0x00, 0x00, 0x00, 0x00, 
  0x00, 0x00, 0x00, 0x00, 0x00, 0x00, 0x00, 0x00, 0x00, 0x00, 0x00, 0x00, 
  0x00, 0x00, 0x00, 0x00, 0x00, 0x00, 0x00, 0x00, 0x00, 0x00, 0x00, 0x00, 
  0x00, 0x00, 0x00, 0x00, 0x00, 0x00, 0x00, 0x00, 0x00, 0x00, 0x00, 0x00, 
  0x00, 0x00, 0x00, 0x00, 0x00, 0x00, 0x00, 0x00, 0x00, 0x00, 0x00, 0x00, 
  0x00, 0x00, 0x00, 0x00, 0x00, 0x00, 0x00, 0x00, 0x00, 0x00, 0x00, 0x00, 
  0x00, 0x00, 0x00, 0x00, 0x00, 0x00, 0x00, 0x00, 0x00, 0x00, 0x00, 0x00, 
  0x00, 0x00, 0x00, 0x00, 0x00, 0x00, 0x00, 0x00, 0x00, 0x00, 0x00, 0x00, 
  0x00, 0x00, 0x00, 0x00, 0x00, 0x00, 0x00, 0x00, 0x00, 0x00, 0x00, 0x00, 
  0x35, 0x41, 0x2d, 0x39, 0x42, 0xff, 0x38, 0x42, 0xff, 0x17, 0x42, 0xfd, 
  0x17, 0x42, 0xff, 0x17, 0x42, 0xff, 0x17, 0x42, 0xff, 0x17, 0x42, 0xff, 
  0x17, 0x42, 0xff, 0x17, 0x42, 0xff, 0x18, 0x42, 0xff, 0x18, 0x42, 0xff, 
  0x18, 0x42, 0xff, 0x17, 0x42, 0xff, 0x37, 0x42, 0xff, 0x37, 0x4a, 0xff, 
  0x75, 0x5a, 0xff, 0xd0, 0x82, 0xff, 0x68, 0xbb, 0xff, 0xe2, 0xeb, 0xff, 
  0x20, 0xfc, 0xff, 0x20, 0xfc, 0xff, 0x20, 0xfc, 0xff, 0x00, 0xfc, 0xff, 
  0x00, 0xfc, 0xff, 0x20, 0xfc, 0xff, 0x20, 0xfc, 0xff, 0x20, 0xfc, 0xff, 
  0x20, 0xfc, 0xff, 0x20, 0xfc, 0xff, 0x20, 0xfc, 0xff, 0x20, 0xfc, 0xff, 
  0x01, 0xfc, 0xff, 0x40, 0xfc, 0xff, 0xee, 0x8a, 0xff, 0xda, 0x29, 0xff, 
  0x37, 0x4a, 0xff, 0x17, 0x42, 0xff, 0x17, 0x42, 0xff, 0x17, 0x42, 0xf7, 
  0x5a, 0x4a, 0xff, 0x17, 0x42, 0x99, 0x00, 0x00, 0x00, 0xf7, 0x39, 0x04, 
  0x00, 0x00, 0x00, 0x00, 0x00, 0x00, 0x00, 0x00, 0x00, 0x00, 0x00, 0x00, 
  0x00, 0x00, 0x00, 0x00, 0x00, 0x00, 0x00, 0x00, 0x00, 0x00, 0x00, 0x00, 
  0x00, 0x00, 0x00, 0x00, 0x00, 0x00, 0x00, 0x00, 0x00, 0x00, 0x00, 0x00, 
  0x00, 0x00, 0x00, 0x00, 0x00, 0x00, 0x00, 0x00, 0x00, 0x00, 0x00, 0x00, 
  0x00, 0x00, 0x00, 0x00, 0x00, 0x00, 0x00, 0x00, 0x00, 0x00, 0x00, 0x00, 
  0x00, 0x00, 0x00, 0x00, 0x00, 0x00, 0x00, 0x00, 0x00, 0x00, 0x00, 0x00, 
  0x5f, 0x55, 0x03, 0x00, 0x00, 0x00, 0xdf, 0x3d, 0x79, 0x9f, 0x46, 0xc9, 
  0xff, 0x3d, 0xc3, 0xdf, 0x3d, 0xc9, 0xdf, 0x3d, 0xc9, 0xdf, 0x3d, 0xc9, 
  0xdf, 0x3d, 0xc9, 0xdf, 0x3d, 0xc9, 0xdf, 0x3d, 0xc9, 0xdf, 0x3d, 0xc9, 
  0xdf, 0x3d, 0xc9, 0xdf, 0x3d, 0xc9, 0xdf, 0x3d, 0xc9, 0xdf, 0x3d, 0xc9, 
  0xdf, 0x3d, 0xc9, 0xdf, 0x3d, 0xc9, 0xdf, 0x3d, 0xc9, 0xdf, 0x3d, 0xc9, 
  0xdf, 0x3d, 0xc9, 0xdf, 0x3d, 0xc9, 0xdf, 0x3d, 0xc9, 0xdf, 0x3d, 0xc9, 
  0xdf, 0x3d, 0xc9, 0xdf, 0x3d, 0xc9, 0xdf, 0x3d, 0xc9, 0xdf, 0x3d, 0xc9, 
  0xdf, 0x3d, 0xc9, 0xdf, 0x3d, 0xc9, 0xdf, 0x3d, 0xc9, 0xdf, 0x3d, 0xc9, 
  0xdf, 0x3d, 0xc9, 0xdf, 0x3d, 0xc9, 0xdf, 0x3d, 0xc9, 0xdf, 0x3d, 0xc9, 
  0xdf, 0x3d, 0xc9, 0xdf, 0x3d, 0xc9, 0xdf, 0x3d, 0xc9, 0xdf, 0x3d, 0xc9, 
  0xdf, 0x3d, 0xc9, 0xdf, 0x3d, 0xc9, 0xdf, 0x3d, 0xc9, 0xdf, 0x3d, 0xc9, 
  0xdf, 0x3d, 0xc9, 0xdf, 0x3d, 0xc9, 0xdf, 0x3d, 0xc9, 0xdf, 0x3d, 0xc9, 
  0xdf, 0x3d, 0xc9, 0xdf, 0x3d, 0xc9, 0xbe, 0x3d, 0xcb, 0x5f, 0x3e, 0xc9, 
  0xfd, 0x3c, 0xd5, 0xf7, 0x41, 0xff, 0x17, 0x42, 0xff, 0x37, 0x42, 0xff, 
  0x17, 0x42, 0xff, 0x17, 0x42, 0xff, 0x17, 0x42, 0xff, 0x17, 0x42, 0xff, 
  0x17, 0x42, 0xff, 0x17, 0x42, 0xff, 0x17, 0x42, 0xff, 0x17, 0x42, 0xff, 
  0x17, 0x42, 0xff, 0x18, 0x42, 0xff, 0x18, 0x3a, 0xff, 0x19, 0x3a, 0xff, 
  0x18, 0x3a, 0xff, 0x37, 0x42, 0xff, 0x55, 0x52, 0xff, 0x73, 0x62, 0xff, 
  0xd0, 0x82, 0xff, 0x4a, 0xb3, 0xff, 0xc4, 0xdb, 0xff, 0x20, 0xfc, 0xff, 
  0x40, 0xfc, 0xff, 0x20, 0xfc, 0xff, 0x20, 0xfc, 0xff, 0x01, 0xfc, 0xff, 
  0x01, 0xfc, 0xff, 0x01, 0xfc, 0xff, 0x20, 0xfc, 0xff, 0x20, 0xfc, 0xff, 
  0x01, 0xfc, 0xff, 0x40, 0xfc, 0xff, 0xee, 0x8a, 0xff, 0xda, 0x29, 0xff, 
  0x37, 0x4a, 0xff, 0x17, 0x42, 0xff, 0x17, 0x42, 0xff, 0x17, 0x42, 0xf7, 
  0x5a, 0x4a, 0xff, 0x17, 0x42, 0x99, 0x00, 0x00, 0x00, 0xf7, 0x39, 0x04, 
  0x00, 0x00, 0x00, 0x00, 0x00, 0x00, 0x00, 0x00, 0x00, 0x00, 0x00, 0x00, 
  0x00, 0x00, 0x00, 0x00, 0x00, 0x00, 0x00, 0x00, 0x00, 0x00, 0x00, 0x00, 
  0x00, 0x00, 0x00, 0x00, 0x00, 0x00, 0x00, 0x00, 0x00, 0x00, 0x00, 0x00, 
  0x00, 0x00, 0x00, 0x00, 0x00, 0x00, 0x00, 0x00, 0x00, 0x00, 0x00, 0x00, 
  0x00, 0x00, 0x00, 0x00, 0x00, 0x00, 0x00, 0x00, 0x00, 0x00, 0x00, 0x00, 
  0x00, 0x00, 0x00, 0x00, 0x00, 0x00, 0x00, 0x00, 0x00, 0x00, 0x00, 0x00, 
  0xff, 0x3d, 0x04, 0x00, 0x00, 0x00, 0xff, 0x3d, 0xa8, 0x3f, 0x47, 0xff, 
  0x5f, 0x3e, 0xff, 0x7f, 0x46, 0xff, 0x7f, 0x46, 0xff, 0x7f, 0x46, 0xff, 
  0x7f, 0x46, 0xff, 0x7f, 0x46, 0xff, 0x7f, 0x46, 0xff, 0x7f, 0x46, 0xff, 
  0x7f, 0x46, 0xff, 0x7f, 0x46, 0xff, 0x7f, 0x46, 0xff, 0x7f, 0x46, 0xff, 
  0x7f, 0x46, 0xff, 0x7f, 0x46, 0xff, 0x7f, 0x46, 0xff, 0x7f, 0x46, 0xff, 
  0x7f, 0x46, 0xff, 0x7f, 0x46, 0xff, 0x7f, 0x46, 0xff, 0x7f, 0x46, 0xff, 
  0x7f, 0x46, 0xff, 0x7f, 0x46, 0xff, 0x7f, 0x46, 0xff, 0x7f, 0x46, 0xff, 
  0x7f, 0x46, 0xff, 0x7f, 0x46, 0xff, 0x7f, 0x46, 0xff, 0x7f, 0x46, 0xff, 
  0x7f, 0x46, 0xff, 0x7f, 0x46, 0xff, 0x7f, 0x46, 0xff, 0x7f, 0x46, 0xff, 
  0x7f, 0x46, 0xff, 0x7f, 0x46, 0xff, 0x7f, 0x46, 0xff, 0x7f, 0x46, 0xff, 
  0x7f, 0x46, 0xff, 0x7f, 0x46, 0xff, 0x7f, 0x46, 0xff, 0x7f, 0x46, 0xff, 
  0x7f, 0x46, 0xff, 0x7f, 0x46, 0xff, 0x7f, 0x46, 0xff, 0x7f, 0x46, 0xff, 
  0x7f, 0x46, 0xff, 0x7f, 0x46, 0xff, 0x5f, 0x46, 0xff, 0xff, 0x3e, 0xff, 
  0x9f, 0x45, 0xff, 0xf7, 0x41, 0xff, 0x17, 0x42, 0xff, 0x37, 0x42, 0xff, 
  0x17, 0x42, 0xff, 0x17, 0x42, 0xff, 0x17, 0x42, 0xff, 0x17, 0x42, 0xff, 
  0x17, 0x42, 0xfa, 0x17, 0x42, 0xfb, 0x17, 0x42, 0xfe, 0x17, 0x42, 0xff, 
  0x17, 0x42, 0xff, 0x17, 0x42, 0xff, 0x37, 0x42, 0xff, 0x37, 0x42, 0xff, 
  0x37, 0x42, 0xff, 0x18, 0x42, 0xff, 0xf9, 0x39, 0xff, 0xf9, 0x31, 0xff, 
  0x18, 0x3a, 0xff, 0x55, 0x5a, 0xff, 0x92, 0x6a, 0xff, 0xcf, 0x8a, 0xff, 
  0x2b, 0xab, 0xff, 0xa6, 0xd3, 0xff, 0x01, 0xf4, 0xff, 0x40, 0xfc, 0xff, 
  0x40, 0xfc, 0xff, 0x20, 0xfc, 0xff, 0x20, 0xfc, 0xff, 0x01, 0xfc, 0xff, 
  0x01, 0xfc, 0xff, 0x40, 0xfc, 0xff, 0xee, 0x8a, 0xff, 0xda, 0x29, 0xff, 
  0x37, 0x4a, 0xff, 0x17, 0x42, 0xff, 0x17, 0x42, 0xff, 0x17, 0x42, 0xf7, 
  0x5a, 0x4a, 0xff, 0x17, 0x42, 0x99, 0x00, 0x00, 0x00, 0xf7, 0x39, 0x04, 
  0x00, 0x00, 0x00, 0x00, 0x00, 0x00, 0x00, 0x00, 0x00, 0x00, 0x00, 0x00, 
  0x00, 0x00, 0x00, 0x00, 0x00, 0x00, 0x00, 0x00, 0x00, 0x00, 0x00, 0x00, 
  0x00, 0x00, 0x00, 0x00, 0x00, 0x00, 0x00, 0x00, 0x00, 0x00, 0x00, 0x00, 
  0x00, 0x00, 0x00, 0x00, 0x00, 0x00, 0x00, 0x00, 0x00, 0x00, 0x00, 0x00, 
  0x00, 0x00, 0x00, 0x00, 0x00, 0x00, 0x00, 0x00, 0x00, 0x00, 0x00, 0x00, 
  0x00, 0x00, 0x00, 0x00, 0x00, 0x00, 0x00, 0x00, 0x00, 0x00, 0x00, 0x00, 
  0xff, 0x3d, 0x04, 0x00, 0x00, 0x00, 0xff, 0x3d, 0x95, 0x9f, 0x46, 0xf8, 
  0xff, 0x3d, 0xf0, 0xfe, 0x3d, 0xf8, 0xfe, 0x3d, 0xf8, 0xfe, 0x3d, 0xf8, 
  0xfe, 0x3d, 0xf8, 0xfe, 0x3d, 0xf8, 0xfe, 0x3d, 0xf8, 0xfe, 0x3d, 0xf8, 
  0xfe, 0x3d, 0xf8, 0xfe, 0x3d, 0xf8, 0xfe, 0x3d, 0xf8, 0xfe, 0x3d, 0xf8, 
  0xfe, 0x3d, 0xf8, 0xfe, 0x3d, 0xf8, 0xfe, 0x3d, 0xf8, 0xfe, 0x3d, 0xf8, 
  0xfe, 0x3d, 0xf8, 0xfe, 0x3d, 0xf8, 0xfe, 0x3d, 0xf8, 0xfe, 0x3d, 0xf8, 
  0xfe, 0x3d, 0xf8, 0xfe, 0x3d, 0xf8, 0xfe, 0x3d, 0xf8, 0xfe, 0x3d, 0xf8, 
  0xfe, 0x3d, 0xf8, 0xfe, 0x3d, 0xf8, 0xfe, 0x3d, 0xf8, 0xfe, 0x3d, 0xf8, 
  0xfe, 0x3d, 0xf8, 0xfe, 0x3d, 0xf8, 0xfe, 0x3d, 0xf8, 0xfe, 0x3d, 0xf8, 
  0xfe, 0x3d, 0xf8, 0xfe, 0x3d, 0xf8, 0xfe, 0x3d, 0xf8, 0xfe, 0x3d, 0xf8, 
  0xfe, 0x3d, 0xf8, 0xfe, 0x3d, 0xf8, 0xfe, 0x3d, 0xf8, 0xfe, 0x3d, 0xf8, 
  0xfe, 0x3d, 0xf8, 0xfe, 0x3d, 0xf8, 0xfe, 0x3d, 0xf8, 0xfe, 0x3d, 0xf8, 
  0xfe, 0x3d, 0xf8, 0xfe, 0x3d, 0xf8, 0xde, 0x3d, 0xf8, 0x3f, 0x3e, 0xf8, 
  0x1d, 0x3d, 0xf9, 0xf7, 0x41, 0xff, 0x17, 0x42, 0xff, 0x37, 0x42, 0xff, 
  0x17, 0x42, 0xff, 0x17, 0x42, 0xff, 0x17, 0x42, 0xff, 0x18, 0x42, 0xff, 
  0x39, 0x42, 0xff, 0x39, 0x42, 0xff, 0x17, 0x42, 0xff, 0x17, 0x42, 0xfb, 
  0x17, 0x42, 0xfc, 0x17, 0x42, 0xfd, 0x17, 0x42, 0xfe, 0x17, 0x42, 0xff, 
  0x17, 0x42, 0xff, 0x37, 0x42, 0xff, 0x37, 0x42, 0xff, 0x37, 0x4a, 0xff, 
  0x17, 0x42, 0xff, 0x18, 0x3a, 0xff, 0xf9, 0x31, 0xff, 0xf9, 0x31, 0xff, 
  0x37, 0x4a, 0xff, 0x92, 0x72, 0xff, 0x0d, 0x93, 0xff, 0x49, 0xb3, 0xff, 
  0x86, 0xcb, 0xff, 0xc4, 0xe3, 0xff, 0x00, 0xfc, 0xff, 0x40, 0xfc, 0xff, 
  0x20, 0xfc, 0xff, 0x60, 0xfc, 0xff, 0xee, 0x8a, 0xff, 0xda, 0x29, 0xff, 
  0x37, 0x4a, 0xff, 0x17, 0x42, 0xff, 0x17, 0x42, 0xff, 0x17, 0x42, 0xf7, 
  0x5a, 0x4a, 0xff, 0x17, 0x42, 0x99, 0x00, 0x00, 0x00, 0xf7, 0x39, 0x04, 
  0x00, 0x00, 0x00, 0x00, 0x00, 0x00, 0x00, 0x00, 0x00, 0x00, 0x00, 0x00, 
  0x00, 0x00, 0x00, 0x00, 0x00, 0x00, 0x00, 0x00, 0x00, 0x00, 0x00, 0x00, 
  0x00, 0x00, 0x00, 0x00, 0x00, 0x00, 0x00, 0x00, 0x00, 0x00, 0x00, 0x00, 
  0x00, 0x00, 0x00, 0x00, 0x00, 0x00, 0x00, 0x00, 0x00, 0x00, 0x00, 0x00, 
  0x00, 0x00, 0x00, 0x00, 0x00, 0x00, 0x00, 0x00, 0x00, 0x00, 0x00, 0x00, 
  0x00, 0x00, 0x00, 0x00, 0x00, 0x00, 0x00, 0x00, 0x00, 0x00, 0x00, 0x00, 
  0xff, 0x3d, 0x04, 0x00, 0x00, 0x00, 0xff, 0x3d, 0x99, 0x9f, 0x46, 0xff, 
  0xdf, 0x3d, 0xf7, 0xff, 0x3d, 0xff, 0xff, 0x3d, 0xff, 0xff, 0x3d, 0xff, 
  0xff, 0x3d, 0xff, 0xff, 0x3d, 0xff, 0xff, 0x3d, 0xff, 0xff, 0x3d, 0xff, 
  0xff, 0x3d, 0xff, 0xff, 0x3d, 0xff, 0xff, 0x3d, 0xff, 0xff, 0x3d, 0xff, 
  0xff, 0x3d, 0xff, 0xff, 0x3d, 0xff, 0xff, 0x3d, 0xff, 0xff, 0x3d, 0xff, 
  0xff, 0x3d, 0xff, 0xff, 0x3d, 0xff, 0xff, 0x3d, 0xff, 0xff, 0x3d, 0xff, 
  0xff, 0x3d, 0xff, 0xff, 0x3d, 0xff, 0xff, 0x3d, 0xff, 0xff, 0x3d, 0xff, 
  0xff, 0x3d, 0xff, 0xff, 0x3d, 0xff, 0xff, 0x3d, 0xff, 0xff, 0x3d, 0xff, 
  0xff, 0x3d, 0xff, 0xff, 0x3d, 0xff, 0xff, 0x3d, 0xff, 0xff, 0x3d, 0xff, 
  0xff, 0x3d, 0xff, 0xff, 0x3d, 0xff, 0xff, 0x3d, 0xff, 0xff, 0x3d, 0xff, 
  0xff, 0x3d, 0xff, 0xff, 0x3d, 0xff, 0xff, 0x3d, 0xff, 0xff, 0x3d, 0xff, 
  0xff, 0x3d, 0xff, 0xff, 0x3d, 0xff, 0xff, 0x3d, 0xff, 0xff, 0x3d, 0xff, 
  0xff, 0x3d, 0xff, 0xff, 0x3d, 0xff, 0xde, 0x3d, 0xff, 0x5f, 0x3e, 0xff, 
  0x1d, 0x3d, 0xff, 0xf7, 0x41, 0xff, 0x17, 0x42, 0xff, 0x37, 0x42, 0xff, 
  0x17, 0x42, 0xff, 0x17, 0x42, 0xfe, 0x38, 0x42, 0xff, 0x17, 0x42, 0xfd, 
  0x17, 0x42, 0xde, 0x17, 0x42, 0xe9, 0x38, 0x42, 0xff, 0x39, 0x42, 0xff, 
  0x38, 0x42, 0xff, 0x38, 0x42, 0xff, 0x18, 0x42, 0xff, 0x17, 0x42, 0xfe, 
  0x17, 0x42, 0xfe, 0x17, 0x42, 0xfe, 0x17, 0x42, 0xff, 0x17, 0x42, 0xff, 
  0x17, 0x42, 0xff, 0x37, 0x42, 0xff, 0x37, 0x42, 0xff, 0x37, 0x42, 0xff, 
  0x17, 0x42, 0xff, 0x18, 0x3a, 0xff, 0xf9, 0x31, 0xff, 0x18, 0x3a, 0xff, 
  0x54, 0x5a, 0xff, 0xcf, 0x82, 0xff, 0x4a, 0xb3, 0xff, 0xc5, 0xdb, 0xff, 
  0xe3, 0xeb, 0xff, 0x40, 0xfc, 0xff, 0xee, 0x8a, 0xff, 0xda, 0x29, 0xff, 
  0x37, 0x4a, 0xff, 0x17, 0x42, 0xff, 0x17, 0x42, 0xff, 0x17, 0x42, 0xf7, 
  0x5a, 0x4a, 0xff, 0x17, 0x42, 0x99, 0x00, 0x00, 0x00, 0xf7, 0x39, 0x04, 
  0x00, 0x00, 0x00, 0x00, 0x00, 0x00, 0x00, 0x00, 0x00, 0x00, 0x00, 0x00, 
  0x00, 0x00, 0x00, 0x00, 0x00, 0x00, 0x00, 0x00, 0x00, 0x00, 0x00, 0x00, 
  0x00, 0x00, 0x00, 0x00, 0x00, 0x00, 0x00, 0x00, 0x00, 0x00, 0x00, 0x00, 
  0x00, 0x00, 0x00, 0x00, 0x00, 0x00, 0x00, 0x00, 0x00, 0x00, 0x00, 0x00, 
  0x00, 0x00, 0x00, 0x00, 0x00, 0x00, 0x00, 0x00, 0x00, 0x00, 0x00, 0x00, 
  0x00, 0x00, 0x00, 0x00, 0x00, 0x00, 0x00, 0x00, 0x00, 0x00, 0x00, 0x00, 
  0xff, 0x3d, 0x04, 0x00, 0x00, 0x00, 0xff, 0x3d, 0x99, 0x9f, 0x46, 0xff, 
  0xdf, 0x3d, 0xf7, 0xff, 0x3d, 0xff, 0xff, 0x3d, 0xff, 0xff, 0x3d, 0xff, 
  0xff, 0x3d, 0xff, 0xff, 0x3d, 0xff, 0xff, 0x3d, 0xff, 0xff, 0x3d, 0xff, 
  0xff, 0x3d, 0xff, 0xff, 0x3d, 0xff, 0xff, 0x3d, 0xff, 0xff, 0x3d, 0xff, 
  0xff, 0x3d, 0xff, 0xff, 0x3d, 0xff, 0xff, 0x3d, 0xff, 0xff, 0x3d, 0xff, 
  0xff, 0x3d, 0xff, 0xff, 0x3d, 0xff, 0xff, 0x3d, 0xff, 0xff, 0x3d, 0xff, 
  0xff, 0x3d, 0xff, 0xff, 0x3d, 0xff, 0xff, 0x3d, 0xff, 0xff, 0x3d, 0xff, 
  0xff, 0x3d, 0xff, 0xff, 0x3d, 0xff, 0xff, 0x3d, 0xff, 0xff, 0x3d, 0xff, 
  0xff, 0x3d, 0xff, 0xff, 0x3d, 0xff, 0xff, 0x3d, 0xff, 0xff, 0x3d, 0xff, 
  0xff, 0x3d, 0xff, 0xff, 0x3d, 0xff, 0xff, 0x3d, 0xff, 0xff, 0x3d, 0xff, 
  0xff, 0x3d, 0xff, 0xff, 0x3d, 0xff, 0xff, 0x3d, 0xff, 0xff, 0x3d, 0xff, 
  0xff, 0x3d, 0xff, 0xff, 0x3d, 0xff, 0xff, 0x3d, 0xff, 0xff, 0x3d, 0xff, 
  0xff, 0x3d, 0xff, 0xff, 0x3d, 0xff, 0xde, 0x3d, 0xff, 0x5f, 0x3e, 0xff, 
  0x1d, 0x3d, 0xff, 0xf7, 0x41, 0xff, 0x17, 0x42, 0xff, 0x37, 0x42, 0xff, 
  0x17, 0x42, 0xff, 0x17, 0x42, 0xfc, 0x39, 0x42, 0xff, 0x17, 0x42, 0xf2, 
  0x17, 0x42, 0x42, 0x17, 0x42, 0x68, 0x17, 0x42, 0xc3, 0x17, 0x42, 0xeb, 
  0x17, 0x42, 0xf6, 0x17, 0x42, 0xfb, 0x18, 0x42, 0xff, 0x38, 0x42, 0xff, 
  0x38, 0x42, 0xff, 0x18, 0x42, 0xff, 0x17, 0x42, 0xff, 0x17, 0x42, 0xff, 
  0x17, 0x42, 0xff, 0x17, 0x42, 0xff, 0x17, 0x42, 0xff, 0x17, 0x42, 0xff, 
  0x17, 0x42, 0xff, 0x17, 0x42, 0xff, 0x37, 0x42, 0xff, 0x37, 0x42, 0xff, 
  0x17, 0x42, 0xff, 0x18, 0x3a, 0xff, 0x18, 0x3a, 0xff, 0x36, 0x4a, 0xff, 
  0xb0, 0x7a, 0xff, 0x87, 0xc3, 0xff, 0xb1, 0x7a, 0xff, 0xf9, 0x31, 0xff, 
  0x37, 0x42, 0xff, 0x17, 0x42, 0xff, 0x17, 0x42, 0xff, 0x17, 0x42, 0xf7, 
  0x5a, 0x4a, 0xff, 0x17, 0x42, 0x99, 0x00, 0x00, 0x00, 0xf7, 0x39, 0x04, 
  0x00, 0x00, 0x00, 0x00, 0x00, 0x00, 0x00, 0x00, 0x00, 0x00, 0x00, 0x00, 
  0x00, 0x00, 0x00, 0x00, 0x00, 0x00, 0x00, 0x00, 0x00, 0x00, 0x00, 0x00, 
  0x00, 0x00, 0x00, 0x00, 0x00, 0x00, 0x00, 0x00, 0x00, 0x00, 0x00, 0x00, 
  0x00, 0x00, 0x00, 0x00, 0x00, 0x00, 0x00, 0x00, 0x00, 0x00, 0x00, 0x00, 
  0x00, 0x00, 0x00, 0x00, 0x00, 0x00, 0x00, 0x00, 0x00, 0x00, 0x00, 0x00, 
  0x00, 0x00, 0x00, 0x00, 0x00, 0x00, 0x00, 0x00, 0x00, 0x00, 0x00, 0x00, 
  0xff, 0x3d, 0x04, 0x00, 0x00, 0x00, 0xff, 0x3d, 0x99, 0x9f, 0x46, 0xff, 
  0xdf, 0x3d, 0xf7, 0xff, 0x3d, 0xff, 0xff, 0x3d, 0xff, 0xff, 0x3d, 0xff, 
  0xff, 0x3d, 0xff, 0xff, 0x3d, 0xff, 0xff, 0x3d, 0xff, 0xff, 0x3d, 0xff, 
  0xff, 0x3d, 0xff, 0xff, 0x3d, 0xff, 0xff, 0x3d, 0xff, 0xff, 0x3d, 0xff, 
  0xff, 0x3d, 0xff, 0xff, 0x3d, 0xff, 0xff, 0x3d, 0xff, 0xff, 0x3d, 0xff, 
  0xff, 0x3d, 0xff, 0xff, 0x3d, 0xff, 0xff, 0x3d, 0xff, 0xff, 0x3d, 0xff, 
  0xff, 0x3d, 0xff, 0xff, 0x3d, 0xff, 0xff, 0x3d, 0xff, 0xff, 0x3d, 0xff, 
  0xff, 0x3d, 0xff, 0xff, 0x3d, 0xff, 0xff, 0x3d, 0xff, 0xff, 0x3d, 0xff, 
  0xff, 0x3d, 0xff, 0xff, 0x3d, 0xff, 0xff, 0x3d, 0xff, 0xff, 0x3d, 0xff, 
  0xff, 0x3d, 0xff, 0xff, 0x3d, 0xff, 0xff, 0x3d, 0xff, 0xff, 0x3d, 0xff, 
  0xff, 0x3d, 0xff, 0xff, 0x3d, 0xff, 0xff, 0x3d, 0xff, 0xff, 0x3d, 0xff, 
  0xff, 0x3d, 0xff, 0xff, 0x3d, 0xff, 0xff, 0x3d, 0xff, 0xff, 0x3d, 0xff, 
  0xff, 0x3d, 0xff, 0xff, 0x3d, 0xff, 0xde, 0x3d, 0xff, 0x5f, 0x3e, 0xff, 
  0x1d, 0x3d, 0xff, 0xf7, 0x41, 0xff, 0x17, 0x42, 0xff, 0x37, 0x42, 0xff, 
  0x17, 0x42, 0xff, 0x17, 0x42, 0xfa, 0x39, 0x42, 0xff, 0x17, 0x42, 0xf0, 
  0x37, 0x42, 0x0f, 0xf7, 0x39, 0x04, 0xb7, 0x52, 0x0c, 0x78, 0x4a, 0x21, 
  0x37, 0x42, 0x5b, 0x17, 0x42, 0x9c, 0x17, 0x42, 0xe1, 0x38, 0x42, 0xff, 
  0x38, 0x42, 0xff, 0x17, 0x42, 0xff, 0x17, 0x42, 0xfd, 0x17, 0x42, 0xfc, 
  0x17, 0x42, 0xfd, 0x17, 0x42, 0xfe, 0x17, 0x42, 0xff, 0x17, 0x42, 0xff, 
  0x17, 0x42, 0xff, 0x17, 0x42, 0xff, 0x17, 0x42, 0xff, 0x17, 0x42, 0xff, 
  0x18, 0x42, 0xff, 0x18, 0x42, 0xff, 0x18, 0x42, 0xff, 0x18, 0x42, 0xff, 
  0x37, 0x42, 0xff, 0x37, 0x4a, 0xff, 0x37, 0x42, 0xff, 0x18, 0x42, 0xff, 
  0x17, 0x42, 0xff, 0x17, 0x42, 0xff, 0x17, 0x42, 0xff, 0x17, 0x42, 0xf7, 
  0x5a, 0x4a, 0xff, 0x17, 0x42, 0x99, 0x00, 0x00, 0x00, 0xf7, 0x39, 0x04, 
  0x00, 0x00, 0x00, 0x00, 0x00, 0x00, 0x00, 0x00, 0x00, 0x00, 0x00, 0x00, 
  0x00, 0x00, 0x00, 0x00, 0x00, 0x00, 0x00, 0x00, 0x00, 0x00, 0x00, 0x00, 
  0x00, 0x00, 0x00, 0x00, 0x00, 0x00, 0x00, 0x00, 0x00, 0x00, 0x00, 0x00, 
  0x00, 0x00, 0x00, 0x00, 0x00, 0x00, 0x00, 0x00, 0x00, 0x00, 0x00, 0x00, 
  0x00, 0x00, 0x00, 0x00, 0x00, 0x00, 0x00, 0x00, 0x00, 0x00, 0x00, 0x00, 
  0x00, 0x00, 0x00, 0x00, 0x00, 0x00, 0x00, 0x00, 0x00, 0x00, 0x00, 0x00, 
  0xff, 0x3d, 0x04, 0x00, 0x00, 0x00, 0xff, 0x3d, 0x99, 0x9f, 0x46, 0xff, 
  0xdf, 0x3d, 0xf7, 0xff, 0x3d, 0xff, 0xff, 0x3d, 0xff, 0xff, 0x3d, 0xff, 
  0xff, 0x3d, 0xff, 0xff, 0x3d, 0xff, 0xff, 0x3d, 0xff, 0xff, 0x3d, 0xff, 
  0xff, 0x3d, 0xff, 0xff, 0x3d, 0xff, 0xff, 0x3d, 0xff, 0xff, 0x3d, 0xff, 
  0xff, 0x3d, 0xff, 0xff, 0x3d, 0xff, 0xff, 0x3d, 0xff, 0xff, 0x3d, 0xff, 
  0xff, 0x3d, 0xff, 0xff, 0x3d, 0xff, 0xff, 0x3d, 0xff, 0xff, 0x3d, 0xff, 
  0xff, 0x3d, 0xff, 0xff, 0x3d, 0xff, 0xff, 0x3d, 0xff, 0xff, 0x3d, 0xff, 
  0xff, 0x3d, 0xff, 0xff, 0x3d, 0xff, 0xff, 0x3d, 0xff, 0xff, 0x3d, 0xff, 
  0xff, 0x3d, 0xff, 0xff, 0x3d, 0xff, 0xff, 0x3d, 0xff, 0xff, 0x3d, 0xff, 
  0xff, 0x3d, 0xff, 0xff, 0x3d, 0xff, 0xff, 0x3d, 0xff, 0xff, 0x3d, 0xff, 
  0xff, 0x3d, 0xff, 0xff, 0x3d, 0xff, 0xff, 0x3d, 0xff, 0xff, 0x3d, 0xff, 
  0xff, 0x3d, 0xff, 0xff, 0x3d, 0xff, 0xff, 0x3d, 0xff, 0xff, 0x3d, 0xff, 
  0xff, 0x3d, 0xff, 0xff, 0x3d, 0xff, 0xde, 0x3d, 0xff, 0x5f, 0x3e, 0xff, 
  0x1d, 0x3d, 0xff, 0xf7, 0x41, 0xff, 0x17, 0x42, 0xff, 0x37, 0x42, 0xff, 
  0x17, 0x42, 0xff, 0x17, 0x42, 0xfa, 0x39, 0x42, 0xff, 0x17, 0x42, 0xf0, 
  0xf7, 0x39, 0x0c, 0x00, 0x00, 0x00, 0x00, 0x00, 0x00, 0x00, 0x00, 0x00, 
  0x39, 0x63, 0x05, 0x17, 0x42, 0x17, 0x17, 0x42, 0x2a, 0x17, 0x42, 0x4e, 
  0x37, 0x42, 0x86, 0x17, 0x42, 0xca, 0x38, 0x42, 0xff, 0x59, 0x4a, 0xff, 
  0x39, 0x42, 0xff, 0x38, 0x42, 0xff, 0x17, 0x42, 0xfa, 0x17, 0x42, 0xf9, 
  0x17, 0x42, 0xfc, 0x17, 0x42, 0xfd, 0x17, 0x42, 0xff, 0x17, 0x42, 0xff, 
  0x17, 0x42, 0xff, 0x17, 0x42, 0xff, 0x17, 0x42, 0xff, 0x17, 0x42, 0xff, 
  0x18, 0x42, 0xff, 0x18, 0x3a, 0xff, 0x18, 0x42, 0xff, 0x17, 0x42, 0xff, 
  0x17, 0x42, 0xff, 0x17, 0x42, 0xff, 0x17, 0x42, 0xff, 0x17, 0x42, 0xf7, 
  0x5a, 0x4a, 0xff, 0x17, 0x42, 0x99, 0x00, 0x00, 0x00, 0xf7, 0x39, 0x04, 
  0x00, 0x00, 0x00, 0x00, 0x00, 0x00, 0x00, 0x00, 0x00, 0x00, 0x00, 0x00, 
  0x00, 0x00, 0x00, 0x00, 0x00, 0x00, 0x00, 0x00, 0x00, 0x00, 0x00, 0x00, 
  0x00, 0x00, 0x00, 0x00, 0x00, 0x00, 0x00, 0x00, 0x00, 0x00, 0x00, 0x00, 
  0x00, 0x00, 0x00, 0x00, 0x00, 0x00, 0x00, 0x00, 0x00, 0x00, 0x00, 0x00, 
  0x00, 0x00, 0x00, 0x00, 0x00, 0x00, 0x00, 0x00, 0x00, 0x00, 0x00, 0x00, 
  0x00, 0x00, 0x00, 0x00, 0x00, 0x00, 0x00, 0x00, 0x00, 0x00, 0x00, 0x00, 
  0xff, 0x3d, 0x04, 0x00, 0x00, 0x00, 0xff, 0x3d, 0x99, 0x9f, 0x46, 0xff, 
  0xdf, 0x3d, 0xf7, 0xff, 0x3d, 0xff, 0xff, 0x3d, 0xff, 0xff, 0x3d, 0xff, 
  0xff, 0x3d, 0xff, 0xff, 0x3d, 0xff, 0xff, 0x3d, 0xff, 0xff, 0x3d, 0xff, 
  0xff, 0x3d, 0xff, 0xff, 0x3d, 0xff, 0xff, 0x3d, 0xff, 0xff, 0x3d, 0xff, 
  0xff, 0x3d, 0xff, 0xff, 0x3d, 0xff, 0xff, 0x3d, 0xff, 0xff, 0x3d, 0xff, 
  0xff, 0x3d, 0xff, 0xff, 0x3d, 0xff, 0xff, 0x3d, 0xff, 0xff, 0x3d, 0xff, 
  0xff, 0x3d, 0xff, 0xff, 0x3d, 0xff, 0xff, 0x3d, 0xff, 0xff, 0x3d, 0xff, 
  0xff, 0x3d, 0xff, 0xff, 0x3d, 0xff, 0xff, 0x3d, 0xff, 0xff, 0x3d, 0xff, 
  0xff, 0x3d, 0xff, 0xff, 0x3d, 0xff, 0xff, 0x3d, 0xff, 0xff, 0x3d, 0xff, 
  0xff, 0x3d, 0xff, 0xff, 0x3d, 0xff, 0xff, 0x3d, 0xff, 0xff, 0x3d, 0xff, 
  0xff, 0x3d, 0xff, 0xff, 0x3d, 0xff, 0xff, 0x3d, 0xff, 0xff, 0x3d, 0xff, 
  0xff, 0x3d, 0xff, 0xff, 0x3d, 0xff, 0xff, 0x3d, 0xff, 0xff, 0x3d, 0xff, 
  0xff, 0x3d, 0xff, 0xff, 0x3d, 0xff, 0xde, 0x3d, 0xff, 0x5f, 0x3e, 0xff, 
  0x1d, 0x3d, 0xff, 0xf7, 0x41, 0xff, 0x17, 0x42, 0xff, 0x37, 0x42, 0xff, 
  0x17, 0x42, 0xff, 0x17, 0x42, 0xfa, 0x39, 0x42, 0xff, 0x17, 0x42, 0xf0, 
  0xf7, 0x39, 0x10, 0xff, 0x7b, 0x02, 0xd8, 0x39, 0x09, 0xff, 0x7b, 0x02, 
  0x00, 0x00, 0x00, 0x00, 0x00, 0x00, 0x00, 0x00, 0x00, 0x00, 0x00, 0x00, 
  0xf7, 0x39, 0x14, 0x17, 0x42, 0x3a, 0x38, 0x42, 0x5a, 0x17, 0x42, 0x82, 
  0x18, 0x42, 0xb0, 0x17, 0x42, 0xe5, 0x39, 0x42, 0xff, 0x5a, 0x4a, 0xff, 
  0x38, 0x42, 0xff, 0x17, 0x42, 0xff, 0x17, 0x42, 0xf9, 0x17, 0x42, 0xfa, 
  0x17, 0x42, 0xfc, 0x17, 0x42, 0xfe, 0x17, 0x42, 0xff, 0x17, 0x42, 0xff, 
  0x17, 0x42, 0xff, 0x37, 0x42, 0xff, 0x17, 0x42, 0xff, 0x17, 0x42, 0xff, 
  0x17, 0x42, 0xff, 0x17, 0x42, 0xff, 0x17, 0x42, 0xff, 0x17, 0x42, 0xf7, 
  0x5a, 0x4a, 0xff, 0x17, 0x42, 0x99, 0x00, 0x00, 0x00, 0xf7, 0x39, 0x04, 
  0x00, 0x00, 0x00, 0x00, 0x00, 0x00, 0x00, 0x00, 0x00, 0x00, 0x00, 0x00, 
  0x00, 0x00, 0x00, 0x00, 0x00, 0x00, 0x00, 0x00, 0x00, 0x00, 0x00, 0x00, 
  0x00, 0x00, 0x00, 0x00, 0x00, 0x00, 0x00, 0x00, 0x00, 0x00, 0x00, 0x00, 
  0x00, 0x00, 0x00, 0x00, 0x00, 0x00, 0x00, 0x00, 0x00, 0x00, 0x00, 0x00, 
  0x00, 0x00, 0x00, 0x00, 0x00, 0x00, 0x00, 0x00, 0x00, 0x00, 0x00, 0x00, 
  0x00, 0x00, 0x00, 0x00, 0x00, 0x00, 0x00, 0x00, 0x00, 0x00, 0x00, 0x00, 
  0xff, 0x3d, 0x04, 0x00, 0x00, 0x00, 0xff, 0x3d, 0x99, 0x9f, 0x46, 0xff, 
  0xdf, 0x3d, 0xf7, 0xff, 0x3d, 0xff, 0xff, 0x3d, 0xff, 0xff, 0x3d, 0xff, 
  0xff, 0x3d, 0xff, 0xff, 0x3d, 0xff, 0xff, 0x3d, 0xff, 0xff, 0x3d, 0xff, 
  0xff, 0x3d, 0xff, 0xff, 0x3d, 0xff, 0xff, 0x3d, 0xff, 0xff, 0x3d, 0xff, 
  0xff, 0x3d, 0xff, 0xff, 0x3d, 0xff, 0xff, 0x3d, 0xff, 0xff, 0x3d, 0xff, 
  0xff, 0x3d, 0xff, 0xff, 0x3d, 0xff, 0xff, 0x3d, 0xff, 0xff, 0x3d, 0xff, 
  0xff, 0x3d, 0xff, 0xff, 0x3d, 0xff, 0xff, 0x3d, 0xff, 0xff, 0x3d, 0xff, 
  0xff, 0x3d, 0xff, 0xff, 0x3d, 0xff, 0xff, 0x3d, 0xff, 0xff, 0x3d, 0xff, 
  0xff, 0x3d, 0xff, 0xff, 0x3d, 0xff, 0xff, 0x3d, 0xff, 0xff, 0x3d, 0xff, 
  0xff, 0x3d, 0xff, 0xff, 0x3d, 0xff, 0xff, 0x3d, 0xff, 0xff, 0x3d, 0xff, 
  0xff, 0x3d, 0xff, 0xff, 0x3d, 0xff, 0xff, 0x3d, 0xff, 0xff, 0x3d, 0xff, 
  0xff, 0x3d, 0xff, 0xff, 0x3d, 0xff, 0xff, 0x3d, 0xff, 0xff, 0x3d, 0xff, 
  0xff, 0x3d, 0xff, 0xff, 0x3d, 0xff, 0xde, 0x3d, 0xff, 0x5f, 0x3e, 0xff, 
  0x1d, 0x3d, 0xff, 0xf7, 0x41, 0xff, 0x17, 0x42, 0xff, 0x37, 0x42, 0xff, 
  0x17, 0x42, 0xff, 0x17, 0x42, 0xfa, 0x39, 0x42, 0xff, 0x17, 0x42, 0xf0, 
  0x37, 0x42, 0x0f, 0x00, 0x00, 0x00, 0x99, 0x31, 0x05, 0x00, 0x00, 0x01, 
  0xff, 0x7b, 0x02, 0xf7, 0x39, 0x04, 0xba, 0x52, 0x06, 0xb5, 0x52, 0x03, 
  0x00, 0x00, 0x00, 0x00, 0x00, 0x00, 0x00, 0x00, 0x00, 0x00, 0x00, 0x00, 
  0x37, 0x42, 0x2d, 0x17, 0x42, 0x61, 0x17, 0x42, 0x93, 0x18, 0x42, 0xb7, 
  0x17, 0x42, 0xda, 0x17, 0x42, 0xfe, 0x59, 0x4a, 0xff, 0x39, 0x42, 0xff, 
  0x38, 0x42, 0xff, 0x17, 0x42, 0xff, 0x17, 0x42, 0xfb, 0x17, 0x42, 0xfc, 
  0x17, 0x42, 0xfd, 0x17, 0x42, 0xff, 0x17, 0x42, 0xff, 0x17, 0x42, 0xff, 
  0x17, 0x42, 0xff, 0x17, 0x42, 0xff, 0x17, 0x42, 0xff, 0x17, 0x42, 0xf7, 
  0x5a, 0x4a, 0xff, 0x17, 0x42, 0x99, 0x00, 0x00, 0x00, 0xf7, 0x39, 0x04, 
  0x00, 0x00, 0x00, 0x00, 0x00, 0x00, 0x00, 0x00, 0x00, 0x00, 0x00, 0x00, 
  0x00, 0x00, 0x00, 0x00, 0x00, 0x00, 0x00, 0x00, 0x00, 0x00, 0x00, 0x00, 
  0x00, 0x00, 0x00, 0x00, 0x00, 0x00, 0x00, 0x00, 0x00, 0x00, 0x00, 0x00, 
  0x00, 0x00, 0x00, 0x00, 0x00, 0x00, 0x00, 0x00, 0x00, 0x00, 0x00, 0x00, 
  0x00, 0x00, 0x00, 0x00, 0x00, 0x00, 0x00, 0x00, 0x00, 0x00, 0x00, 0x00, 
  0x00, 0x00, 0x00, 0x00, 0x00, 0x00, 0x00, 0x00, 0x00, 0x00, 0x00, 0x00, 
  0xff, 0x3d, 0x04, 0x00, 0x00, 0x00, 0xdf, 0x3d, 0x98, 0x9f, 0x46, 0xfd, 
  0xff, 0x3d, 0xf5, 0xfe, 0x3d, 0xfd, 0xfe, 0x3d, 0xfd, 0xfe, 0x3d, 0xfd, 
  0xfe, 0x3d, 0xfd, 0xfe, 0x3d, 0xfd, 0xfe, 0x3d, 0xfd, 0xfe, 0x3d, 0xfd, 
  0xfe, 0x3d, 0xfd, 0xfe, 0x3d, 0xfd, 0xfe, 0x3d, 0xfd, 0xfe, 0x3d, 0xfd, 
  0xfe, 0x3d, 0xfd, 0xfe, 0x3d, 0xfd, 0xfe, 0x3d, 0xfd, 0xfe, 0x3d, 0xfd, 
  0xfe, 0x3d, 0xfd, 0xfe, 0x3d, 0xfd, 0xfe, 0x3d, 0xfd, 0xfe, 0x3d, 0xfd, 
  0xfe, 0x3d, 0xfd, 0xfe, 0x3d, 0xfd, 0xfe, 0x3d, 0xfd, 0xfe, 0x3d, 0xfd, 
  0xfe, 0x3d, 0xfd, 0xfe, 0x3d, 0xfd, 0xfe, 0x3d, 0xfd, 0xfe, 0x3d, 0xfd, 
  0xfe, 0x3d, 0xfd, 0xfe, 0x3d, 0xfd, 0xfe, 0x3d, 0xfd, 0xfe, 0x3d, 0xfd, 
  0xfe, 0x3d, 0xfd, 0xfe, 0x3d, 0xfd, 0xfe, 0x3d, 0xfd, 0xfe, 0x3d, 0xfd, 
  0xfe, 0x3d, 0xfd, 0xfe, 0x3d, 0xfd, 0xfe, 0x3d, 0xfd, 0xfe, 0x3d, 0xfd, 
  0xfe, 0x3d, 0xfd, 0xfe, 0x3d, 0xfd, 0xfe, 0x3d, 0xfd, 0xfe, 0x3d, 0xfd, 
  0xfe, 0x3d, 0xfd, 0xfe, 0x3d, 0xfd, 0xde, 0x3d, 0xfd, 0x5f, 0x3e, 0xfd, 
  0x1d, 0x3d, 0xfe, 0xf7, 0x41, 0xff, 0x17, 0x42, 0xff, 0x37, 0x42, 0xff, 
  0x17, 0x42, 0xff, 0x17, 0x42, 0xfa, 0x39, 0x42, 0xff, 0x17, 0x42, 0xf0, 
  0x37, 0x42, 0x0f, 0x00, 0x00, 0x00, 0x99, 0x31, 0x05, 0x00, 0x00, 0x00, 
  0x00, 0x00, 0x00, 0x00, 0x00, 0x00, 0x00, 0x00, 0x00, 0x1f, 0x00, 0x01, 
  0xb5, 0x52, 0x03, 0x99, 0x31, 0x05, 0xba, 0x52, 0x06, 0xff, 0x7b, 0x02, 
  0x00, 0x00, 0x00, 0x00, 0x00, 0x00, 0x00, 0x00, 0x00, 0xd7, 0x39, 0x1a, 
  0x17, 0x42, 0x5d, 0x17, 0x42, 0x9a, 0x17, 0x42, 0xca, 0x18, 0x42, 0xdd, 
  0x17, 0x42, 0xef, 0x38, 0x42, 0xff, 0x39, 0x42, 0xff, 0x38, 0x42, 0xff, 
  0x38, 0x42, 0xff, 0x17, 0x42, 0xff, 0x17, 0x42, 0xfd, 0x17, 0x42, 0xfe, 
  0x17, 0x42, 0xfe, 0x17, 0x42, 0xff, 0x17, 0x42, 0xff, 0x17, 0x42, 0xf7, 
  0x5a, 0x4a, 0xff, 0x17, 0x42, 0x99, 0x00, 0x00, 0x00, 0xf7, 0x39, 0x04, 
  0x00, 0x00, 0x00, 0x00, 0x00, 0x00, 0x00, 0x00, 0x00, 0x00, 0x00, 0x00, 
  0x00, 0x00, 0x00, 0x00, 0x00, 0x00, 0x00, 0x00, 0x00, 0x00, 0x00, 0x00, 
  0x00, 0x00, 0x00, 0x00, 0x00, 0x00, 0x00, 0x00, 0x00, 0x00, 0x00, 0x00, 
  0x00, 0x00, 0x00, 0x00, 0x00, 0x00, 0x00, 0x00, 0x00, 0x00, 0x00, 0x00, 
  0x00, 0x00, 0x00, 0x00, 0x00, 0x00, 0x00, 0x00, 0x00, 0x00, 0x00, 0x00, 
  0x00, 0x00, 0x00, 0x00, 0x00, 0x00, 0x00, 0x00, 0x00, 0x00, 0x00, 0x00, 
  0xff, 0x3d, 0x04, 0x00, 0x00, 0x00, 0xdf, 0x3d, 0x9c, 0xbf, 0x46, 0xff, 
  0xde, 0x3d, 0xfc, 0xff, 0x3d, 0xff, 0xff, 0x3d, 0xff, 0xff, 0x3d, 0xff, 
  0xff, 0x3d, 0xff, 0xff, 0x3d, 0xff, 0xff, 0x3d, 0xff, 0xff, 0x3d, 0xff, 
  0xff, 0x3d, 0xff, 0xff, 0x3d, 0xff, 0xff, 0x3d, 0xff, 0xff, 0x3d, 0xff, 
  0xff, 0x3d, 0xff, 0xff, 0x3d, 0xff, 0xff, 0x3d, 0xff, 0xff, 0x3d, 0xff, 
  0xff, 0x3d, 0xff, 0xff, 0x3d, 0xff, 0xff, 0x3d, 0xff, 0xff, 0x3d, 0xff, 
  0xff, 0x3d, 0xff, 0xff, 0x3d, 0xff, 0xff, 0x3d, 0xff, 0xff, 0x3d, 0xff, 
  0xff, 0x3d, 0xff, 0xff, 0x3d, 0xff, 0xff, 0x3d, 0xff, 0xff, 0x3d, 0xff, 
  0xff, 0x3d, 0xff, 0xff, 0x3d, 0xff, 0xff, 0x3d, 0xff, 0xff, 0x3d, 0xff, 
  0xff, 0x3d, 0xff, 0xff, 0x3d, 0xff, 0xff, 0x3d, 0xff, 0xff, 0x3d, 0xff, 
  0xff, 0x3d, 0xff, 0xff, 0x3d, 0xff, 0xff, 0x3d, 0xff, 0xff, 0x3d, 0xff, 
  0xff, 0x3d, 0xff, 0xff, 0x3d, 0xff, 0xff, 0x3d, 0xff, 0xff, 0x3d, 0xff, 
  0xff, 0x3d, 0xff, 0xff, 0x3d, 0xff, 0xdf, 0x3d, 0xff, 0x7f, 0x3e, 0xff, 
  0x3e, 0x3d, 0xff, 0xf7, 0x41, 0xff, 0x17, 0x42, 0xff, 0x37, 0x42, 0xff, 
  0x17, 0x42, 0xff, 0x17, 0x42, 0xfa, 0x39, 0x42, 0xff, 0x17, 0x42, 0xf0, 
  0x37, 0x42, 0x0f, 0x00, 0x00, 0x00, 0x99, 0x31, 0x05, 0x00, 0x00, 0x00, 
  0x00, 0x00, 0x00, 0x00, 0x00, 0x00, 0x00, 0x00, 0x00, 0x00, 0x00, 0x00, 
  0x00, 0x00, 0x00, 0x00, 0x00, 0x00, 0x00, 0x00, 0x00, 0x00, 0x00, 0x01, 
  0x0f, 0x00, 0x02, 0xb5, 0x52, 0x03, 0xb5, 0x52, 0x03, 0x00, 0x00, 0x00, 
  0x00, 0x00, 0x00, 0x00, 0x00, 0x00, 0x99, 0x31, 0x05, 0x57, 0x4a, 0x3c, 
  0x17, 0x42, 0x83, 0x17, 0x42, 0xc9, 0x37, 0x42, 0xf3, 0x17, 0x42, 0xf7, 
  0x17, 0x42, 0xfd, 0x38, 0x42, 0xff, 0x38, 0x42, 0xff, 0x38, 0x42, 0xff, 
  0x18, 0x42, 0xff, 0x17, 0x42, 0xff, 0x17, 0x42, 0xff, 0x17, 0x42, 0xf7, 
  0x5a, 0x4a, 0xff, 0x17, 0x42, 0x99, 0x00, 0x00, 0x00, 0xf7, 0x39, 0x04, 
  0x00, 0x00, 0x00, 0x00, 0x00, 0x00, 0x00, 0x00, 0x00, 0x00, 0x00, 0x00, 
  0x00, 0x00, 0x00, 0x00, 0x00, 0x00, 0x00, 0x00, 0x00, 0x00, 0x00, 0x00, 
  0x00, 0x00, 0x00, 0x00, 0x00, 0x00, 0x00, 0x00, 0x00, 0x00, 0x00, 0x00, 
  0x00, 0x00, 0x00, 0x00, 0x00, 0x00, 0x00, 0x00, 0x00, 0x00, 0x00, 0x00, 
  0x00, 0x00, 0x00, 0x00, 0x00, 0x00, 0x00, 0x00, 0x00, 0x00, 0x00, 0x00, 
  0x00, 0x00, 0x00, 0x00, 0x00, 0x00, 0x00, 0x00, 0x00, 0x00, 0x00, 0x00, 
  0xff, 0x3d, 0x04, 0x00, 0x00, 0x00, 0xff, 0x3d, 0xa0, 0xff, 0x46, 0xff, 
  0xff, 0x3d, 0xff, 0x3f, 0x3e, 0xff, 0x3f, 0x3e, 0xff, 0x3f, 0x3e, 0xff, 
  0x3f, 0x3e, 0xff, 0x3f, 0x3e, 0xff, 0x3f, 0x3e, 0xff, 0x3f, 0x3e, 0xff, 
  0x3f, 0x3e, 0xff, 0x3f, 0x3e, 0xff, 0x3f, 0x3e, 0xff, 0x3f, 0x3e, 0xff, 
  0x3f, 0x3e, 0xff, 0x3f, 0x3e, 0xff, 0x3f, 0x3e, 0xff, 0x3f, 0x3e, 0xff, 
  0x3f, 0x3e, 0xff, 0x3f, 0x3e, 0xff, 0x3f, 0x3e, 0xff, 0x3f, 0x3e, 0xff, 
  0x3f, 0x3e, 0xff, 0x3f, 0x3e, 0xff, 0x3f, 0x3e, 0xff, 0x3f, 0x3e, 0xff, 
  0x3f, 0x3e, 0xff, 0x3f, 0x3e, 0xff, 0x3f, 0x3e, 0xff, 0x3f, 0x3e, 0xff, 
  0x3f, 0x3e, 0xff, 0x3f, 0x3e, 0xff, 0x3f, 0x3e, 0xff, 0x3f, 0x3e, 0xff, 
  0x3f, 0x3e, 0xff, 0x3f, 0x3e, 0xff, 0x3f, 0x3e, 0xff, 0x3f, 0x3e, 0xff, 
  0x3f, 0x3e, 0xff, 0x3f, 0x3e, 0xff, 0x3f, 0x3e, 0xff, 0x3f, 0x3e, 0xff, 
  0x3f, 0x3e, 0xff, 0x3f, 0x3e, 0xff, 0x3f, 0x3e, 0xff, 0x3f, 0x3e, 0xff, 
  0x3f, 0x3e, 0xff, 0x3f, 0x3e, 0xff, 0x1f, 0x3e, 0xff, 0x9f, 0x3e, 0xff, 
  0x5e, 0x3d, 0xff, 0xf7, 0x41, 0xff, 0x17, 0x42, 0xff, 0x37, 0x42, 0xff, 
  0x17, 0x42, 0xff, 0x17, 0x42, 0xfa, 0x39, 0x42, 0xff, 0x17, 0x42, 0xf0, 
  0x37, 0x42, 0x0f, 0x00, 0x00, 0x00, 0x99, 0x31, 0x05, 0x00, 0x00, 0x00, 
  0x00, 0x00, 0x00, 0x00, 0x00, 0x00, 0x00, 0x00, 0x00, 0x00, 0x00, 0x00, 
  0x00, 0x00, 0x00, 0x00, 0x00, 0x00, 0x00, 0x00, 0x00, 0x00, 0x00, 0x00, 
  0x00, 0x00, 0x00, 0x00, 0x00, 0x00, 0x00, 0x00, 0x00, 0x00, 0x00, 0x00, 
  0x00, 0x00, 0x00, 0x00, 0x00, 0x00, 0x00, 0x00, 0x00, 0x0f, 0x00, 0x02, 
  0xba, 0x52, 0x06, 0xd8, 0x39, 0x0d, 0x57, 0x4a, 0x2e, 0x37, 0x42, 0x72, 
  0x17, 0x42, 0xb1, 0x17, 0x42, 0xf3, 0x38, 0x42, 0xff, 0x38, 0x42, 0xff, 
  0x17, 0x42, 0xff, 0x17, 0x42, 0xfc, 0x17, 0x42, 0xfc, 0x17, 0x42, 0xf5, 
  0x5a, 0x4a, 0xff, 0x17, 0x42, 0x99, 0x00, 0x00, 0x00, 0xf7, 0x39, 0x04, 
  0x00, 0x00, 0x00, 0x00, 0x00, 0x00, 0x00, 0x00, 0x00, 0x00, 0x00, 0x00, 
  0x00, 0x00, 0x00, 0x00, 0x00, 0x00, 0x00, 0x00, 0x00, 0x00, 0x00, 0x00, 
  0x00, 0x00, 0x00, 0x00, 0x00, 0x00, 0x00, 0x00, 0x00, 0x00, 0x00, 0x00, 
  0x00, 0x00, 0x00, 0x00, 0x00, 0x00, 0x00, 0x00, 0x00, 0x00, 0x00, 0x00, 
  0x00, 0x00, 0x00, 0x00, 0x00, 0x00, 0x00, 0x00, 0x00, 0x00, 0x00, 0x00, 
  0x00, 0x00, 0x00, 0x00, 0x00, 0x00, 0x00, 0x00, 0x00, 0x00, 0x00, 0x00, 
  0xff, 0x07, 0x01, 0x00, 0x00, 0x00, 0xfe, 0x35, 0x20, 0x7f, 0x46, 0x36, 
  0xdf, 0x3d, 0x34, 0xfe, 0x3d, 0x36, 0xfe, 0x3d, 0x36, 0xfe, 0x3d, 0x36, 
  0xfe, 0x3d, 0x36, 0xfe, 0x3d, 0x36, 0xfe, 0x3d, 0x36, 0xfe, 0x3d, 0x36, 
  0xfe, 0x3d, 0x36, 0xfe, 0x3d, 0x36, 0xfe, 0x3d, 0x36, 0xfe, 0x3d, 0x36, 
  0xfe, 0x3d, 0x36, 0xfe, 0x3d, 0x36, 0xfe, 0x3d, 0x36, 0xfe, 0x3d, 0x36, 
  0xfe, 0x3d, 0x36, 0xfe, 0x3d, 0x36, 0xfe, 0x3d, 0x36, 0xfe, 0x3d, 0x36, 
  0xfe, 0x3d, 0x36, 0xfe, 0x3d, 0x36, 0xfe, 0x3d, 0x36, 0xfe, 0x3d, 0x36, 
  0xfe, 0x3d, 0x36, 0xfe, 0x3d, 0x36, 0xde, 0x3d, 0x37, 0x9e, 0x3d, 0x39, 
  0xbe, 0x3d, 0x3a, 0x9e, 0x3d, 0x3b, 0x7e, 0x3d, 0x3c, 0x5e, 0x3d, 0x3d, 
  0x7e, 0x3d, 0x3d, 0x7e, 0x3d, 0x3d, 0x7e, 0x3d, 0x3d, 0x7e, 0x3d, 0x3c, 
  0x7e, 0x3d, 0x3c, 0x9e, 0x3d, 0x3b, 0x9e, 0x3d, 0x39, 0xbe, 0x3d, 0x38, 
  0xfe, 0x3d, 0x36, 0xfe, 0x3d, 0x36, 0xfe, 0x3d, 0x36, 0xfe, 0x3d, 0x36, 
  0xfe, 0x3d, 0x36, 0xfe, 0x3d, 0x36, 0x7e, 0x3d, 0x3b, 0x3f, 0x3e, 0x36, 
  0xba, 0x3b, 0x60, 0x38, 0x42, 0xff, 0x18, 0x42, 0xff, 0x17, 0x42, 0xfd, 
  0x17, 0x42, 0xff, 0x17, 0x42, 0xfa, 0x39, 0x42, 0xff, 0x17, 0x42, 0xf0, 
  0x37, 0x42, 0x0f, 0x00, 0x00, 0x00, 0x99, 0x31, 0x05, 0x00, 0x00, 0x00, 
  0x00, 0x00, 0x00, 0x00, 0x00, 0x00, 0x00, 0x00, 0x00, 0x00, 0x00, 0x00, 
  0x00, 0x00, 0x00, 0x00, 0x00, 0x00, 0x00, 0x00, 0x00, 0x00, 0x00, 0x00, 
  0x00, 0x00, 0x00, 0x00, 0x00, 0x00, 0x00, 0x00, 0x00, 0x00, 0x00, 0x00, 
  0x1f, 0x00, 0x01, 0x1f, 0x00, 0x01, 0x1f, 0x00, 0x01, 0x00, 0x00, 0x00, 
  0x00, 0x00, 0x00, 0x00, 0x00, 0x00, 0x00, 0x00, 0x00, 0xf7, 0x39, 0x0c, 
  0x36, 0x42, 0x1e, 0x17, 0x42, 0x33, 0x17, 0x42, 0x5d, 0x17, 0x42, 0x98, 
  0x17, 0x42, 0xdb, 0x39, 0x42, 0xff, 0x59, 0x4a, 0xff, 0x17, 0x42, 0xff, 
  0x7b, 0x4a, 0xfa, 0x17, 0x42, 0x95, 0x00, 0x00, 0x00, 0xf7, 0x39, 0x04, 
  0x00, 0x00, 0x00, 0x00, 0x00, 0x00, 0x00, 0x00, 0x00, 0x00, 0x00, 0x00, 
  0x00, 0x00, 0x00, 0x00, 0x00, 0x00, 0x00, 0x00, 0x00, 0x00, 0x00, 0x00, 
  0x00, 0x00, 0x00, 0x00, 0x00, 0x00, 0x00, 0x00, 0x00, 0x00, 0x00, 0x00, 
  0x00, 0x00, 0x00, 0x00, 0x00, 0x00, 0x00, 0x00, 0x00, 0x00, 0x00, 0x00, 
  0x00, 0x00, 0x00, 0x00, 0x00, 0x00, 0x00, 0x00, 0x00, 0x00, 0x00, 0x00, 
  0x00, 0x00, 0x00, 0x00, 0x00, 0x00, 0x00, 0x00, 0x00, 0x00, 0x00, 0x00, 
  0x00, 0x00, 0x00, 0x00, 0x00, 0x00, 0x00, 0x00, 0x00, 0x00, 0x00, 0x00, 
  0x00, 0x00, 0x00, 0x00, 0x00, 0x00, 0x00, 0x00, 0x00, 0x00, 0x00, 0x00, 
  0x00, 0x00, 0x00, 0x00, 0x00, 0x00, 0x00, 0x00, 0x00, 0x00, 0x00, 0x00, 
  0x00, 0x00, 0x00, 0x00, 0x00, 0x00, 0x00, 0x00, 0x00, 0x00, 0x00, 0x00, 
  0x00, 0x00, 0x00, 0x00, 0x00, 0x00, 0x00, 0x00, 0x00, 0x00, 0x00, 0x00, 
  0x00, 0x00, 0x00, 0x00, 0x00, 0x00, 0x00, 0x00, 0x00, 0x00, 0x00, 0x00, 
  0x00, 0x00, 0x00, 0x00, 0x00, 0x00, 0x00, 0x00, 0x00, 0x00, 0x00, 0x00, 
  0x00, 0x00, 0x00, 0x00, 0x00, 0x00, 0x00, 0x00, 0x00, 0x00, 0x00, 0x00, 
  0x00, 0x00, 0x00, 0x00, 0x00, 0x00, 0x00, 0x00, 0x00, 0x00, 0x00, 0x00, 
  0x00, 0x00, 0x00, 0x00, 0x00, 0x00, 0x00, 0x00, 0x00, 0x00, 0x00, 0x00, 
  0x00, 0x00, 0x00, 0x00, 0x00, 0x00, 0x00, 0x00, 0x00, 0x00, 0x00, 0x00, 
  0x00, 0x00, 0x00, 0x00, 0x00, 0x00, 0x00, 0x00, 0x00, 0x00, 0x00, 0x00, 
  0x00, 0x00, 0x00, 0x00, 0x00, 0x00, 0x00, 0x00, 0x00, 0x00, 0x00, 0x00, 
  0x13, 0x40, 0x22, 0x39, 0x42, 0xff, 0x38, 0x42, 0xff, 0x17, 0x42, 0xfd, 
  0x17, 0x42, 0xff, 0x17, 0x42, 0xfa, 0x39, 0x42, 0xff, 0x17, 0x42, 0xf0, 
  0x37, 0x42, 0x0f, 0x00, 0x00, 0x00, 0x99, 0x31, 0x05, 0x00, 0x00, 0x00, 
  0x00, 0x00, 0x00, 0x00, 0x00, 0x00, 0x00, 0x00, 0x00, 0x00, 0x00, 0x00, 
  0x00, 0x00, 0x00, 0x00, 0x00, 0x00, 0x00, 0x00, 0x00, 0x00, 0x00, 0x00, 
  0x00, 0x00, 0x00, 0x00, 0x00, 0x00, 0x00, 0x00, 0x00, 0x00, 0x00, 0x00, 
  0x00, 0x00, 0x00, 0x00, 0x00, 0x00, 0x00, 0x00, 0x00, 0x1f, 0x00, 0x01, 
  0xb5, 0x52, 0x03, 0xf7, 0x39, 0x04, 0x1f, 0x00, 0x01, 0x00, 0x00, 0x00, 
  0x00, 0x00, 0x00, 0x00, 0x00, 0x00, 0x00, 0x00, 0x00, 0x17, 0x42, 0x1f, 
  0x37, 0x42, 0x43, 0x17, 0x42, 0x68, 0x17, 0x42, 0x99, 0x17, 0x42, 0xbe, 
  0x5a, 0x4a, 0xff, 0x18, 0x42, 0xa6, 0x00, 0x00, 0x00, 0xf7, 0x39, 0x04, 
  0x00, 0x00, 0x00, 0x00, 0x00, 0x00, 0x00, 0x00, 0x00, 0x00, 0x00, 0x00, 
  0x00, 0x00, 0x00, 0x00, 0x00, 0x00, 0x00, 0x00, 0x00, 0x00, 0x00, 0x00, 
  0x00, 0x00, 0x00, 0x00, 0x00, 0x00, 0x00, 0x00, 0x00, 0x00, 0x00, 0x00, 
  0x00, 0x00, 0x00, 0x00, 0x00, 0x00, 0x00, 0x00, 0x00, 0x00, 0x00, 0x00, 
  0x00, 0x00, 0x00, 0x00, 0x00, 0x00, 0x00, 0x00, 0x00, 0x00, 0x00, 0x00, 
  0x00, 0x00, 0x00, 0x00, 0x00, 0x00, 0x00, 0x00, 0x00, 0x00, 0x00, 0x00, 
  0x00, 0x00, 0x00, 0x00, 0x00, 0x00, 0xff, 0x3d, 0x04, 0xdf, 0x4e, 0x07, 
  0xbf, 0x4d, 0x07, 0xbf, 0x4d, 0x07, 0xbf, 0x4d, 0x07, 0xbf, 0x4d, 0x07, 
  0xbf, 0x4d, 0x07, 0xbf, 0x4d, 0x07, 0xbf, 0x4d, 0x07, 0xbf, 0x4d, 0x07, 
  0xbf, 0x4d, 0x07, 0xbf, 0x4d, 0x07, 0xbf, 0x4d, 0x07, 0xbf, 0x4d, 0x07, 
  0xbf, 0x4d, 0x07, 0xbf, 0x4d, 0x07, 0xbf, 0x4d, 0x07, 0xbf, 0x4d, 0x07, 
  0xbf, 0x4d, 0x07, 0xbf, 0x4d, 0x07, 0xbf, 0x4d, 0x07, 0xbf, 0x4d, 0x07, 
  0xbf, 0x4d, 0x07, 0x5c, 0x3d, 0x09, 0x5c, 0x44, 0x0b, 0xbf, 0x4d, 0x07, 
  0x00, 0x00, 0x00, 0x00, 0x00, 0x00, 0xff, 0x57, 0x03, 0x19, 0x43, 0x1f, 
  0xb8, 0x42, 0x39, 0x78, 0x3a, 0x4c, 0x78, 0x42, 0x5a, 0x58, 0x42, 0x65, 
  0x78, 0x42, 0x6b, 0x78, 0x42, 0x6b, 0x78, 0x42, 0x68, 0x78, 0x42, 0x5f, 
  0x78, 0x42, 0x52, 0x98, 0x42, 0x41, 0xb9, 0x3a, 0x29, 0x5a, 0x3c, 0x0d, 
  0x00, 0x00, 0x00, 0x00, 0x00, 0x00, 0xff, 0x07, 0x03, 0x5c, 0x44, 0x0b, 
  0xdc, 0x34, 0x0a, 0xfb, 0x3d, 0x08, 0xfd, 0x4b, 0x0e, 0xdf, 0x4e, 0x07, 
  0x78, 0x3a, 0x3c, 0x39, 0x42, 0xff, 0x38, 0x42, 0xff, 0x17, 0x42, 0xfd, 
  0x17, 0x42, 0xff, 0x17, 0x42, 0xfa, 0x39, 0x42, 0xff, 0x17, 0x42, 0xf0, 
  0x37, 0x42, 0x0f, 0x00, 0x00, 0x00, 0x99, 0x31, 0x05, 0x00, 0x00, 0x00, 
  0x00, 0x00, 0x00, 0x00, 0x00, 0x00, 0x00, 0x00, 0x00, 0x00, 0x00, 0x00, 
  0x00, 0x00, 0x00, 0x00, 0x00, 0x00, 0x00, 0x00, 0x00, 0x00, 0x00, 0x00, 
  0x00, 0x00, 0x00, 0x00, 0x00, 0x00, 0x00, 0x00, 0x00, 0x00, 0x00, 0x00, 
  0x00, 0x00, 0x00, 0x00, 0x00, 0x00, 0x00, 0x00, 0x00, 0x00, 0x00, 0x00, 
  0x00, 0x00, 0x00, 0x00, 0x00, 0x00, 0x1f, 0x00, 0x01, 0xb5, 0x52, 0x03, 
  0x99, 0x31, 0x05, 0xba, 0x52, 0x06, 0x1f, 0x00, 0x01, 0x00, 0x00, 0x00, 
  0x00, 0x00, 0x00, 0x00, 0x00, 0x00, 0xf8, 0x39, 0x15, 0x18, 0x42, 0x3d, 
  0x17, 0x42, 0x8d, 0x18, 0x42, 0x5a, 0x00, 0x00, 0x00, 0xff, 0x7b, 0x02, 
  0x00, 0x00, 0x00, 0x00, 0x00, 0x00, 0x00, 0x00, 0x00, 0x00, 0x00, 0x00, 
  0x00, 0x00, 0x00, 0x00, 0x00, 0x00, 0x00, 0x00, 0x00, 0x00, 0x00, 0x00, 
  0x00, 0x00, 0x00, 0x00, 0x00, 0x00, 0x00, 0x00, 0x00, 0x00, 0x00, 0x00, 
  0x00, 0x00, 0x00, 0x00, 0x00, 0x00, 0x00, 0x00, 0x00, 0x00, 0x00, 0x00, 
  0x00, 0x00, 0x00, 0x00, 0x00, 0x00, 0x00, 0x00, 0x00, 0x00, 0x00, 0x00, 
  0x00, 0x00, 0x00, 0x00, 0x00, 0x00, 0x00, 0x00, 0x00, 0x00, 0x00, 0x00, 
  0x00, 0x00, 0x00, 0x00, 0x00, 0x00, 0x00, 0x00, 0x00, 0x00, 0x00, 0x00, 
  0x00, 0x00, 0x00, 0x00, 0x00, 0x00, 0x00, 0x00, 0x00, 0x00, 0x00, 0x00, 
  0x00, 0x00, 0x00, 0x00, 0x00, 0x00, 0x00, 0x00, 0x00, 0x00, 0x00, 0x00, 
  0x00, 0x00, 0x00, 0x00, 0x00, 0x00, 0x00, 0x00, 0x00, 0x00, 0x00, 0x00, 
  0x00, 0x00, 0x00, 0x00, 0x00, 0x00, 0x00, 0x00, 0x00, 0x00, 0x00, 0x00, 
  0x00, 0x00, 0x00, 0x00, 0x00, 0x00, 0x00, 0x00, 0x00, 0x00, 0x00, 0x00, 
  0x1f, 0x00, 0x01, 0x00, 0x00, 0x00, 0x00, 0x00, 0x00, 0x00, 0x00, 0x00, 
  0x17, 0x42, 0x17, 0xf8, 0x39, 0x2d, 0x17, 0x42, 0x5b, 0x18, 0x42, 0x8c, 
  0x37, 0x42, 0xba, 0x17, 0x42, 0xdd, 0x17, 0x42, 0xf7, 0x38, 0x42, 0xff, 
  0x59, 0x4a, 0xff, 0x59, 0x4a, 0xff, 0x59, 0x4a, 0xff, 0x38, 0x42, 0xff, 
  0x17, 0x42, 0xe8, 0x17, 0x42, 0xcb, 0x18, 0x42, 0x9f, 0x17, 0x42, 0x6d, 
  0x17, 0x42, 0x3d, 0x38, 0x42, 0x21, 0xf7, 0x39, 0x08, 0x00, 0x00, 0x00, 
  0x00, 0x00, 0x00, 0x00, 0x00, 0x00, 0xfb, 0x39, 0x08, 0x00, 0x00, 0x00, 
  0x17, 0x42, 0x36, 0x39, 0x42, 0xff, 0x38, 0x42, 0xff, 0x17, 0x42, 0xfd, 
  0x17, 0x42, 0xff, 0x17, 0x42, 0xfa, 0x39, 0x42, 0xff, 0x17, 0x42, 0xf0, 
  0x37, 0x42, 0x0f, 0x00, 0x00, 0x00, 0x99, 0x31, 0x05, 0x00, 0x00, 0x00, 
  0x00, 0x00, 0x00, 0x00, 0x00, 0x00, 0x00, 0x00, 0x00, 0x00, 0x00, 0x00, 
  0x00, 0x00, 0x00, 0x00, 0x00, 0x00, 0x00, 0x00, 0x00, 0x00, 0x00, 0x00, 
  0x00, 0x00, 0x00, 0x00, 0x00, 0x00, 0x00, 0x00, 0x00, 0x00, 0x00, 0x00, 
  0x00, 0x00, 0x00, 0x00, 0x00, 0x00, 0x00, 0x00, 0x00, 0x00, 0x00, 0x00, 
  0x00, 0x00, 0x00, 0x00, 0x00, 0x00, 0x00, 0x00, 0x00, 0x00, 0x00, 0x00, 
  0x00, 0x00, 0x00, 0x00, 0x00, 0x00, 0x1f, 0x00, 0x01, 0xb5, 0x52, 0x03, 
  0x55, 0x29, 0x06, 0x55, 0x29, 0x06, 0x00, 0x00, 0x00, 0x00, 0x00, 0x00, 
  0x00, 0x00, 0x00, 0x00, 0x00, 0x00, 0x00, 0x00, 0x00, 0x00, 0x00, 0x00, 
  0x00, 0x00, 0x00, 0x00, 0x00, 0x00, 0x00, 0x00, 0x00, 0x00, 0x00, 0x00, 
  0x00, 0x00, 0x00, 0x00, 0x00, 0x00, 0x00, 0x00, 0x00, 0x00, 0x00, 0x00, 
  0x00, 0x00, 0x00, 0x00, 0x00, 0x00, 0x00, 0x00, 0x00, 0x00, 0x00, 0x00, 
  0x00, 0x00, 0x00, 0x00, 0x00, 0x00, 0x00, 0x00, 0x00, 0x00, 0x00, 0x00, 
  0x00, 0x00, 0x00, 0x00, 0x00, 0x00, 0x00, 0x00, 0x00, 0x00, 0x00, 0x00, 
  0x00, 0x00, 0x00, 0x00, 0x00, 0x00, 0x00, 0x00, 0x00, 0x00, 0x00, 0x00, 
  0x00, 0x00, 0x00, 0x00, 0x00, 0x00, 0x00, 0x00, 0x00, 0x00, 0x00, 0x00, 
  0x00, 0x00, 0x00, 0x00, 0x00, 0x00, 0x00, 0x00, 0x00, 0x00, 0x00, 0x00, 
  0x00, 0x00, 0x00, 0x00, 0x00, 0x00, 0x00, 0x00, 0x00, 0x00, 0x00, 0x00, 
  0x00, 0x00, 0x00, 0x00, 0x00, 0x00, 0x00, 0x00, 0x00, 0x00, 0x00, 0x00, 
  0x00, 0x00, 0x00, 0x00, 0x00, 0x00, 0x00, 0x00, 0x00, 0x00, 0x00, 0x00, 
  0x00, 0x00, 0x00, 0x00, 0x00, 0x00, 0x00, 0x00, 0x00, 0x00, 0x00, 0x00, 
  0x00, 0x00, 0x00, 0xb5, 0x52, 0x03, 0x79, 0x4a, 0x0a, 0x38, 0x42, 0x3b, 
  0x17, 0x42, 0x9b, 0x17, 0x42, 0xe6, 0x38, 0x42, 0xff, 0x38, 0x42, 0xff, 
  0x38, 0x42, 0xff, 0x17, 0x42, 0xff, 0x17, 0x42, 0xfe, 0x17, 0x42, 0xfc, 
  0x17, 0x42, 0xfc, 0x17, 0x42, 0xfb, 0x17, 0x42, 0xfc, 0x17, 0x42, 0xfd, 
  0x17, 0x42, 0xff, 0x18, 0x42, 0xff, 0x38, 0x42, 0xff, 0x38, 0x42, 0xff, 
  0x17, 0x42, 0xfa, 0x17, 0x42, 0xbf, 0x37, 0x42, 0x61, 0xf8, 0x39, 0x15, 
  0x99, 0x31, 0x05, 0x00, 0x00, 0x00, 0x55, 0x29, 0x06, 0x00, 0x00, 0x00, 
  0x17, 0x42, 0x36, 0x39, 0x42, 0xff, 0x38, 0x42, 0xff, 0x17, 0x42, 0xfd, 
  0x17, 0x42, 0xff, 0x17, 0x42, 0xfa, 0x39, 0x42, 0xff, 0x17, 0x42, 0xf0, 
  0x37, 0x42, 0x0f, 0x00, 0x00, 0x00, 0x99, 0x31, 0x05, 0x00, 0x00, 0x00, 
  0x00, 0x00, 0x00, 0x00, 0x00, 0x00, 0x00, 0x00, 0x00, 0x00, 0x00, 0x00, 
  0x00, 0x00, 0x00, 0x00, 0x00, 0x00, 0x00, 0x00, 0x00, 0x00, 0x00, 0x00, 
  0x00, 0x00, 0x00, 0x00, 0x00, 0x00, 0x00, 0x00, 0x00, 0x00, 0x00, 0x00, 
  0x00, 0x00, 0x00, 0x00, 0x00, 0x00, 0x00, 0x00, 0x00, 0x00, 0x00, 0x00, 
  0x00, 0x00, 0x00, 0x00, 0x00, 0x00, 0x00, 0x00, 0x00, 0x00, 0x00, 0x00, 
  0x00, 0x00, 0x00, 0x00, 0x00, 0x00, 0x00, 0x00, 0x00, 0x00, 0x00, 0x00, 
  0x00, 0x00, 0x00, 0x00, 0x00, 0x00, 0x1f, 0x00, 0x01, 0x0f, 0x00, 0x02, 
  0xb5, 0x52, 0x03, 0xef, 0x7b, 0x02, 0x00, 0x00, 0x00, 0x00, 0x00, 0x00, 
  0x00, 0x00, 0x00, 0x00, 0x00, 0x00, 0x00, 0x00, 0x00, 0x00, 0x00, 0x00, 
  0x00, 0x00, 0x00, 0x00, 0x00, 0x00, 0x00, 0x00, 0x00, 0x00, 0x00, 0x00, 
  0x00, 0x00, 0x00, 0x00, 0x00, 0x00, 0x00, 0x00, 0x00, 0x00, 0x00, 0x00, 
  0x00, 0x00, 0x00, 0x00, 0x00, 0x00, 0x00, 0x00, 0x00, 0x00, 0x00, 0x00, 
  0x00, 0x00, 0x00, 0x00, 0x00, 0x00, 0x00, 0x00, 0x00, 0x00, 0x00, 0x00, 
  0x00, 0x00, 0x00, 0x00, 0x00, 0x00, 0x00, 0x00, 0x00, 0x00, 0x00, 0x00, 
  0x00, 0x00, 0x00, 0x00, 0x00, 0x00, 0x00, 0x00, 0x00, 0x00, 0x00, 0x00, 
  0x00, 0x00, 0x00, 0x00, 0x00, 0x00, 0x00, 0x00, 0x00, 0x00, 0x00, 0x00, 
  0x00, 0x00, 0x00, 0x00, 0x00, 0x00, 0x00, 0x00, 0x00, 0x00, 0x00, 0x00, 
  0x00, 0x00, 0x00, 0x00, 0x00, 0x00, 0x00, 0x00, 0x00, 0x00, 0x00, 0x00, 
  0x00, 0x00, 0x00, 0x00, 0x00, 0x00, 0x00, 0x00, 0x00, 0x00, 0x00, 0x00, 
  0x00, 0x00, 0x00, 0x00, 0x00, 0x00, 0x0a, 0x00, 0x03, 0x1f, 0x00, 0x01, 
  0x00, 0x00, 0x00, 0x18, 0x42, 0x41, 0x17, 0x42, 0xb6, 0x18, 0x42, 0xf4, 
  0x17, 0x42, 0xf9, 0x18, 0x42, 0xff, 0x38, 0x42, 0xff, 0x38, 0x42, 0xff, 
  0x18, 0x42, 0xff, 0x18, 0x42, 0xff, 0x17, 0x42, 0xff, 0x17, 0x42, 0xff, 
  0x17, 0x42, 0xff, 0x17, 0x42, 0xff, 0x17, 0x42, 0xff, 0x17, 0x42, 0xff, 
  0x18, 0x42, 0xff, 0x18, 0x42, 0xff, 0x38, 0x42, 0xff, 0x38, 0x42, 0xff, 
  0x38, 0x42, 0xff, 0x17, 0x42, 0xfe, 0x18, 0x42, 0xf7, 0x17, 0x42, 0xd8, 
  0x17, 0x42, 0x6e, 0xfb, 0x39, 0x08, 0x00, 0x00, 0x00, 0xff, 0x7b, 0x02, 
  0x17, 0x42, 0x37, 0x39, 0x42, 0xff, 0x38, 0x42, 0xff, 0x17, 0x42, 0xfd, 
  0x17, 0x42, 0xff, 0x17, 0x42, 0xfa, 0x39, 0x42, 0xff, 0x17, 0x42, 0xf0, 
  0x37, 0x42, 0x0f, 0x00, 0x00, 0x00, 0x99, 0x31, 0x05, 0x00, 0x00, 0x00, 
  0x00, 0x00, 0x00, 0x00, 0x00, 0x00, 0x00, 0x00, 0x00, 0x00, 0x00, 0x00, 
  0x00, 0x00, 0x00, 0x00, 0x00, 0x00, 0x00, 0x00, 0x00, 0x00, 0x00, 0x00, 
  0x00, 0x00, 0x00, 0x00, 0x00, 0x00, 0x00, 0x00, 0x00, 0x00, 0x00, 0x00, 
  0x00, 0x00, 0x00, 0x00, 0x00, 0x00, 0x00, 0x00, 0x00, 0x00, 0x00, 0x00, 
  0x00, 0x00, 0x00, 0x00, 0x00, 0x00, 0x00, 0x00, 0x00, 0x00, 0x00, 0x00, 
  0x00, 0x00, 0x00, 0x00, 0x00, 0x00, 0x00, 0x00, 0x00, 0x00, 0x00, 0x00, 
  0x00, 0x00, 0x00, 0x00, 0x00, 0x00, 0x00, 0x00, 0x00, 0x00, 0x00, 0x00, 
  0x00, 0x00, 0x00, 0x00, 0x00, 0x00, 0x00, 0x00, 0x00, 0x00, 0x00, 0x00, 
  0x00, 0x00, 0x00, 0x00, 0x00, 0x00, 0x00, 0x00, 0x00, 0x00, 0x00, 0x00, 
  0x00, 0x00, 0x00, 0x00, 0x00, 0x00, 0x00, 0x00, 0x00, 0x00, 0x00, 0x00, 
  0x00, 0x00, 0x00, 0x00, 0x00, 0x00, 0x00, 0x00, 0x00, 0x00, 0x00, 0x00, 
  0x00, 0x00, 0x00, 0x00, 0x00, 0x00, 0x00, 0x00, 0x00, 0x00, 0x00, 0x00, 
  0x00, 0x00, 0x00, 0x00, 0x00, 0x00, 0x00, 0x00, 0x00, 0x00, 0x00, 0x00, 
  0x00, 0x00, 0x00, 0x00, 0x00, 0x00, 0x00, 0x00, 0x00, 0x00, 0x00, 0x00, 
  0x00, 0x00, 0x00, 0x00, 0x00, 0x00, 0x00, 0x00, 0x00, 0x00, 0x00, 0x00, 
  0x00, 0x00, 0x00, 0x00, 0x00, 0x00, 0x00, 0x00, 0x00, 0x00, 0x00, 0x00, 
  0x00, 0x00, 0x00, 0x00, 0x00, 0x00, 0x00, 0x00, 0x00, 0x00, 0x00, 0x00, 
  0x00, 0x00, 0x00, 0x00, 0x00, 0x00, 0x00, 0x00, 0x00, 0x00, 0x00, 0x00, 
  0x00, 0x00, 0x00, 0x00, 0x00, 0x00, 0x00, 0x00, 0x00, 0x00, 0x00, 0x00, 
  0x1f, 0x00, 0x02, 0xb5, 0x52, 0x03, 0x00, 0x00, 0x00, 0x37, 0x42, 0x12, 
  0x17, 0x42, 0x94, 0x17, 0x42, 0xde, 0x18, 0x42, 0xfe, 0x39, 0x42, 0xff, 
  0x38, 0x42, 0xff, 0x17, 0x42, 0xff, 0x17, 0x42, 0xfd, 0x17, 0x42, 0xfe, 
  0x17, 0x42, 0xfe, 0x17, 0x42, 0xff, 0x17, 0x42, 0xff, 0x17, 0x42, 0xff, 
  0x17, 0x42, 0xff, 0x17, 0x42, 0xff, 0x17, 0x42, 0xff, 0x17, 0x42, 0xff, 
  0x17, 0x42, 0xff, 0x17, 0x42, 0xfe, 0x17, 0x42, 0xfe, 0x17, 0x42, 0xfe, 
  0x17, 0x42, 0xfe, 0x38, 0x42, 0xff, 0x38, 0x42, 0xff, 0x38, 0x42, 0xff, 
  0x17, 0x42, 0xeb, 0x17, 0x42, 0xba, 0xf7, 0x39, 0x49, 0x00, 0x00, 0x00, 
  0x17, 0x42, 0x37, 0x39, 0x42, 0xff, 0x38, 0x42, 0xff, 0x17, 0x42, 0xfd, 
  0x17, 0x42, 0xff, 0x17, 0x42, 0xfa, 0x39, 0x42, 0xff, 0x17, 0x42, 0xf0, 
  0x37, 0x42, 0x0f, 0x00, 0x00, 0x00, 0x99, 0x31, 0x05, 0x00, 0x00, 0x00, 
  0x00, 0x00, 0x00, 0x00, 0x00, 0x00, 0x00, 0x00, 0x00, 0x00, 0x00, 0x00, 
  0x00, 0x00, 0x00, 0x00, 0x00, 0x00, 0x00, 0x00, 0x00, 0x00, 0x00, 0x00, 
  0x00, 0x00, 0x00, 0x00, 0x00, 0x00, 0x00, 0x00, 0x00, 0x00, 0x00, 0x00, 
  0x00, 0x00, 0x00, 0x00, 0x00, 0x00, 0x00, 0x00, 0x00, 0x00, 0x00, 0x00, 
  0x00, 0x00, 0x00, 0x00, 0x00, 0x00, 0x00, 0x00, 0x00, 0x00, 0x00, 0x00, 
  0x00, 0x00, 0x00, 0x00, 0x00, 0x00, 0x00, 0x00, 0x00, 0x00, 0x00, 0x00, 
  0x00, 0x00, 0x00, 0x00, 0x00, 0x00, 0x00, 0x00, 0x00, 0x00, 0x00, 0x00, 
  0x00, 0x00, 0x00, 0x00, 0x00, 0x00, 0x00, 0x00, 0x00, 0x00, 0x00, 0x00, 
  0x00, 0x00, 0x00, 0x00, 0x00, 0x00, 0x00, 0x00, 0x00, 0x00, 0x00, 0x00, 
  0x00, 0x00, 0x00, 0x00, 0x00, 0x00, 0x00, 0x00, 0x00, 0x00, 0x00, 0x00, 
  0x00, 0x00, 0x00, 0x00, 0x00, 0x00, 0x00, 0x00, 0x00, 0x00, 0x00, 0x00, 
  0x00, 0x00, 0x00, 0x00, 0x00, 0x00, 0x00, 0x00, 0x00, 0x00, 0x00, 0x00, 
  0x00, 0x00, 0x00, 0x00, 0x00, 0x00, 0x00, 0x00, 0x00, 0x00, 0x00, 0x00, 
  0x00, 0x00, 0x00, 0x00, 0x00, 0x00, 0x00, 0x00, 0x00, 0x00, 0x00, 0x00, 
  0x00, 0x00, 0x00, 0x00, 0x00, 0x00, 0x00, 0x00, 0x00, 0x00, 0x00, 0x00, 
  0x00, 0x00, 0x00, 0x00, 0x00, 0x00, 0x00, 0x00, 0x00, 0x00, 0x00, 0x00, 
  0x00, 0x00, 0x00, 0x00, 0x00, 0x00, 0x00, 0x00, 0x00, 0x00, 0x00, 0x00, 
  0x00, 0x00, 0x00, 0x00, 0x00, 0x00, 0x00, 0x00, 0x00, 0x00, 0x00, 0x00, 
  0x00, 0x00, 0x00, 0x00, 0x00, 0x00, 0x00, 0x00, 0x00, 0xb5, 0x52, 0x03, 
  0x1f, 0x00, 0x01, 0x00, 0x00, 0x00, 0x17, 0x42, 0x37, 0x17, 0x42, 0xae, 
  0x17, 0x42, 0xfa, 0x39, 0x42, 0xff, 0x38, 0x42, 0xff, 0x17, 0x42, 0xfb, 
  0x17, 0x42, 0xfd, 0x17, 0x42, 0xfe, 0x17, 0x42, 0xff, 0x17, 0x42, 0xff, 
  0x37, 0x42, 0xff, 0x37, 0x42, 0xff, 0x37, 0x42, 0xff, 0x37, 0x4a, 0xff, 
  0x37, 0x4a, 0xff, 0x37, 0x4a, 0xff, 0x37, 0x4a, 0xff, 0x37, 0x42, 0xff, 
  0x37, 0x42, 0xff, 0x37, 0x42, 0xff, 0x17, 0x42, 0xff, 0x17, 0x42, 0xff, 
  0x17, 0x42, 0xff, 0x17, 0x42, 0xfe, 0x17, 0x42, 0xfc, 0x17, 0x42, 0xfd, 
  0x38, 0x42, 0xff, 0x38, 0x42, 0xff, 0x39, 0x42, 0xd1, 0x37, 0x42, 0x52, 
  0x17, 0x42, 0x3e, 0x39, 0x42, 0xff, 0x38, 0x42, 0xff, 0x17, 0x42, 0xfd, 
  0x17, 0x42, 0xff, 0x17, 0x42, 0xfa, 0x39, 0x42, 0xff, 0x17, 0x42, 0xf0, 
  0x37, 0x42, 0x0f, 0x00, 0x00, 0x00, 0x99, 0x31, 0x05, 0x00, 0x00, 0x00, 
  0x00, 0x00, 0x00, 0x00, 0x00, 0x00, 0x00, 0x00, 0x00, 0x00, 0x00, 0x00, 
  0x00, 0x00, 0x00, 0x00, 0x00, 0x00, 0x00, 0x00, 0x00, 0x00, 0x00, 0x00, 
  0x00, 0x00, 0x00, 0x00, 0x00, 0x00, 0x00, 0x00, 0x00, 0x00, 0x00, 0x00, 
  0x00, 0x00, 0x00, 0x00, 0x00, 0x00, 0x00, 0x00, 0x00, 0x00, 0x00, 0x00, 
  0x00, 0x00, 0x00, 0x00, 0x00, 0x00, 0x00, 0x00, 0x00, 0x00, 0x00, 0x00, 
  0x00, 0x00, 0x00, 0x00, 0x00, 0x00, 0x00, 0x00, 0x00, 0x00, 0x00, 0x00, 
  0x00, 0x00, 0x00, 0x00, 0x00, 0x00, 0x00, 0x00, 0x00, 0x00, 0x00, 0x00, 
  0x00, 0x00, 0x00, 0x00, 0x00, 0x00, 0x00, 0x00, 0x00, 0x00, 0x00, 0x00, 
  0x00, 0x00, 0x00, 0x00, 0x00, 0x00, 0x00, 0x00, 0x00, 0x00, 0x00, 0x00, 
  0x00, 0x00, 0x00, 0x00, 0x00, 0x00, 0x00, 0x00, 0x00, 0x00, 0x00, 0x00, 
  0x00, 0x00, 0x00, 0x00, 0x00, 0x00, 0x00, 0x00, 0x00, 0x00, 0x00, 0x00, 
  0x00, 0x00, 0x00, 0x00, 0x00, 0x00, 0x00, 0x00, 0x00, 0x00, 0x00, 0x00, 
  0x00, 0x00, 0x00, 0x00, 0x00, 0x00, 0x00, 0x00, 0x00, 0x00, 0x00, 0x00, 
  0x00, 0x00, 0x00, 0x00, 0x00, 0x00, 0x00, 0x00, 0x00, 0x00, 0x00, 0x00, 
  0x00, 0x00, 0x00, 0x00, 0x00, 0x00, 0x5f, 0x55, 0x03, 0x7f, 0x36, 0x05, 
  0xdf, 0x34, 0x05, 0x7f, 0x36, 0x05, 0x7f, 0x36, 0x05, 0x7f, 0x36, 0x05, 
  0x7f, 0x36, 0x05, 0x7f, 0x36, 0x05, 0x7f, 0x36, 0x05, 0x7f, 0x36, 0x05, 
  0x7f, 0x36, 0x05, 0x7f, 0x36, 0x05, 0x7f, 0x36, 0x05, 0x7f, 0x36, 0x05, 
  0x7f, 0x36, 0x05, 0x7f, 0x36, 0x05, 0xdf, 0x34, 0x05, 0xff, 0xff, 0x01, 
  0x00, 0x00, 0x00, 0x17, 0x42, 0x43, 0x38, 0x42, 0xbb, 0x59, 0x4a, 0xff, 
  0x38, 0x42, 0xff, 0x17, 0x42, 0xfa, 0x17, 0x42, 0xfd, 0x17, 0x42, 0xff, 
  0x17, 0x42, 0xff, 0x17, 0x42, 0xff, 0x37, 0x42, 0xff, 0x17, 0x42, 0xff, 
  0x18, 0x3a, 0xff, 0x19, 0x3a, 0xff, 0xf9, 0x31, 0xff, 0xf9, 0x31, 0xff, 
  0xfa, 0x31, 0xff, 0xfa, 0x31, 0xff, 0xf9, 0x31, 0xff, 0xf9, 0x31, 0xff, 
  0xf9, 0x31, 0xff, 0x18, 0x3a, 0xff, 0x17, 0x42, 0xff, 0x37, 0x42, 0xff, 
  0x37, 0x42, 0xff, 0x17, 0x42, 0xff, 0x17, 0x42, 0xff, 0x17, 0x42, 0xfe, 
  0x17, 0x42, 0xfb, 0x17, 0x42, 0xf9, 0x5a, 0x4a, 0xff, 0x17, 0x42, 0xd5, 
  0x17, 0x42, 0xa2, 0x38, 0x42, 0xff, 0x38, 0x42, 0xff, 0x17, 0x42, 0xff, 
  0x17, 0x42, 0xff, 0x17, 0x42, 0xfa, 0x39, 0x42, 0xff, 0x17, 0x42, 0xf0, 
  0x37, 0x42, 0x0f, 0x00, 0x00, 0x00, 0x99, 0x31, 0x05, 0x00, 0x00, 0x00, 
  0x00, 0x00, 0x00, 0x00, 0x00, 0x00, 0x00, 0x00, 0x00, 0x00, 0x00, 0x00, 
  0x00, 0x00, 0x00, 0x00, 0x00, 0x00, 0x00, 0x00, 0x00, 0x00, 0x00, 0x00, 
  0x00, 0x00, 0x00, 0x00, 0x00, 0x00, 0x00, 0x00, 0x00, 0x00, 0x00, 0x00, 
  0x00, 0x00, 0x00, 0x00, 0x00, 0x00, 0x00, 0x00, 0x00, 0x00, 0x00, 0x00, 
  0x00, 0x00, 0x00, 0x00, 0x00, 0x00, 0x00, 0x00, 0x00, 0x00, 0x00, 0x00, 
  0x00, 0x00, 0x00, 0x00, 0x00, 0x00, 0x00, 0x00, 0x00, 0x00, 0x00, 0x00, 
  0x00, 0x00, 0x00, 0x00, 0x00, 0x00, 0x00, 0x00, 0x00, 0x00, 0x00, 0x00, 
  0x00, 0x00, 0x00, 0x00, 0x00, 0x00, 0x00, 0x00, 0x00, 0x00, 0x00, 0x00, 
  0x00, 0x00, 0x00, 0x00, 0x00, 0x00, 0x00, 0x00, 0x00, 0x00, 0x00, 0x00, 
  0x00, 0x00, 0x00, 0x00, 0x00, 0x00, 0x00, 0x00, 0x00, 0x00, 0x00, 0x00, 
  0x00, 0x00, 0x00, 0x00, 0x00, 0x00, 0x00, 0x00, 0x00, 0x00, 0x00, 0x00, 
  0x00, 0x00, 0x00, 0x00, 0x00, 0x00, 0x00, 0x00, 0x00, 0x00, 0x00, 0x00, 
  0x00, 0x00, 0x00, 0x00, 0x00, 0x00, 0x00, 0x00, 0x00, 0x00, 0x00, 0x00, 
  0x00, 0x00, 0x00, 0x00, 0x00, 0x00, 0x00, 0x00, 0x00, 0x00, 0x00, 0x00, 
  0x00, 0x00, 0x00, 0x00, 0x00, 0x00, 0x00, 0x00, 0x00, 0x00, 0x00, 0x00, 
  0x00, 0x00, 0x00, 0x00, 0x00, 0x00, 0x00, 0x00, 0x00, 0x00, 0x00, 0x00, 
  0x00, 0x00, 0x00, 0x00, 0x00, 0x00, 0x00, 0x00, 0x00, 0x00, 0x00, 0x00, 
  0x00, 0x00, 0x00, 0x00, 0x00, 0x00, 0x00, 0x00, 0x00, 0x00, 0x00, 0x00, 
  0x00, 0x00, 0x00, 0x00, 0x00, 0x00, 0x00, 0x00, 0x00, 0x00, 0x00, 0x00, 
  0x57, 0x42, 0x43, 0x38, 0x42, 0xc6, 0x59, 0x4a, 0xff, 0x17, 0x42, 0xf8, 
  0x17, 0x42, 0xfd, 0x17, 0x42, 0xff, 0x17, 0x42, 0xff, 0x17, 0x42, 0xff, 
  0x17, 0x42, 0xff, 0x18, 0x42, 0xff, 0x18, 0x3a, 0xff, 0x18, 0x3a, 0xff, 
  0x37, 0x4a, 0xff, 0x55, 0x52, 0xff, 0x74, 0x5a, 0xff, 0x73, 0x62, 0xff, 
  0x93, 0x6a, 0xff, 0x93, 0x6a, 0xff, 0x73, 0x62, 0xff, 0x74, 0x62, 0xff, 
  0x55, 0x5a, 0xff, 0x36, 0x4a, 0xff, 0x18, 0x42, 0xff, 0x19, 0x3a, 0xff, 
  0x18, 0x3a, 0xff, 0x17, 0x42, 0xff, 0x17, 0x42, 0xff, 0x17, 0x42, 0xff, 
  0x17, 0x42, 0xff, 0x17, 0x42, 0xff, 0x17, 0x42, 0xfb, 0x38, 0x42, 0xff, 
  0x38, 0x42, 0xff, 0x17, 0x42, 0xff, 0x17, 0x42, 0xff, 0x17, 0x42, 0xff, 
  0x17, 0x42, 0xff, 0x17, 0x42, 0xfa, 0x39, 0x42, 0xff, 0x17, 0x42, 0xf0, 
  0x37, 0x42, 0x0f, 0x00, 0x00, 0x00, 0x99, 0x31, 0x05, 0x00, 0x00, 0x00, 
  0x00, 0x00, 0x00, 0x00, 0x00, 0x00, 0x00, 0x00, 0x00, 0x00, 0x00, 0x00, 
  0x00, 0x00, 0x00, 0x00, 0x00, 0x00, 0x00, 0x00, 0x00, 0x00, 0x00, 0x00, 
  0x00, 0x00, 0x00, 0x00, 0x00, 0x00, 0x00, 0x00, 0x00, 0x00, 0x00, 0x00, 
  0x00, 0x00, 0x00, 0x00, 0x00, 0x00, 0x00, 0x00, 0x00, 0x00, 0x00, 0x00, 
  0x00, 0x00, 0x00, 0x00, 0x00, 0x00, 0x00, 0x00, 0x00, 0x00, 0x00, 0x00, 
  0x00, 0x00, 0x00, 0x00, 0x00, 0x00, 0x00, 0x00, 0x00, 0x00, 0x00, 0x00, 
  0x00, 0x00, 0x00, 0x00, 0x00, 0x00, 0x00, 0x00, 0x00, 0x00, 0x00, 0x00, 
  0x00, 0x00, 0x00, 0x00, 0x00, 0x00, 0x00, 0x00, 0x00, 0x00, 0x00, 0x00, 
  0x00, 0x00, 0x00, 0x00, 0x00, 0x00, 0x00, 0x00, 0x00, 0x00, 0x00, 0x00, 
  0x00, 0x00, 0x00, 0x00, 0x00, 0x00, 0x00, 0x00, 0x00, 0x00, 0x00, 0x00, 
  0x00, 0x00, 0x00, 0x00, 0x00, 0x00, 0x00, 0x00, 0x00, 0x00, 0x00, 0x00, 
  0x00, 0x00, 0x00, 0x00, 0x00, 0x00, 0x00, 0x00, 0x00, 0x00, 0x00, 0x00, 
  0x00, 0x00, 0x00, 0x00, 0x00, 0x00, 0x00, 0x00, 0x00, 0x00, 0x00, 0x00, 
  0x00, 0x00, 0x00, 0x00, 0x00, 0x00, 0x00, 0x00, 0x00, 0x00, 0x00, 0x00, 
  0x00, 0x00, 0x00, 0x00, 0x00, 0x00, 0x3f, 0x3e, 0x09, 0x7f, 0x46, 0x0f, 
  0x5f, 0x36, 0x0e, 0xdd, 0x35, 0x0f, 0xdd, 0x35, 0x0f, 0xdd, 0x35, 0x0f, 
  0xdd, 0x35, 0x0f, 0xdd, 0x35, 0x0f, 0xdd, 0x35, 0x0f, 0xdd, 0x35, 0x0f, 
  0xdd, 0x35, 0x0f, 0xdd, 0x35, 0x0f, 0xdd, 0x35, 0x0f, 0xdd, 0x35, 0x0f, 
  0x7b, 0x2d, 0x10, 0xdd, 0x35, 0x0f, 0x7f, 0x36, 0x0f, 0x79, 0x42, 0x38, 
  0x17, 0x42, 0xc6, 0x59, 0x42, 0xff, 0x17, 0x42, 0xf8, 0x17, 0x42, 0xff, 
  0x17, 0x42, 0xff, 0x17, 0x42, 0xff, 0x17, 0x42, 0xff, 0x18, 0x42, 0xff, 
  0x18, 0x42, 0xff, 0x17, 0x42, 0xff, 0x37, 0x4a, 0xff, 0x74, 0x5a, 0xff, 
  0xef, 0x8a, 0xff, 0x68, 0xbb, 0xff, 0xc4, 0xdb, 0xff, 0xe3, 0xeb, 0xff, 
  0x20, 0xfc, 0xff, 0x20, 0xfc, 0xff, 0x02, 0xf4, 0xff, 0xc4, 0xe3, 0xff, 
  0x86, 0xcb, 0xff, 0x0c, 0x9b, 0xff, 0x92, 0x6a, 0xff, 0x36, 0x4a, 0xff, 
  0x17, 0x42, 0xff, 0x18, 0x42, 0xff, 0x18, 0x42, 0xff, 0x17, 0x42, 0xff, 
  0x17, 0x42, 0xff, 0x17, 0x42, 0xff, 0x17, 0x42, 0xff, 0x17, 0x42, 0xfe, 
  0x17, 0x42, 0xfd, 0x17, 0x42, 0xff, 0x17, 0x42, 0xff, 0x17, 0x42, 0xff, 
  0x17, 0x42, 0xff, 0x17, 0x42, 0xfa, 0x39, 0x42, 0xff, 0x17, 0x42, 0xf0, 
  0x37, 0x42, 0x0f, 0x00, 0x00, 0x00, 0x99, 0x31, 0x05, 0x00, 0x00, 0x00, 
  0x00, 0x00, 0x00, 0x00, 0x00, 0x00, 0x00, 0x00, 0x00, 0x00, 0x00, 0x00, 
  0x00, 0x00, 0x00, 0x00, 0x00, 0x00, 0x00, 0x00, 0x00, 0x00, 0x00, 0x00, 
  0x00, 0x00, 0x00, 0x00, 0x00, 0x00, 0x00, 0x00, 0x00, 0x00, 0x00, 0x00, 
  0x00, 0x00, 0x00, 0x00, 0x00, 0x00, 0x00, 0x00, 0x00, 0x00, 0x00, 0x00, 
  0x00, 0x00, 0x00, 0x00, 0x00, 0x00, 0x00, 0x00, 0x00, 0x00, 0x00, 0x00, 
  0x00, 0x00, 0x00, 0x00, 0x00, 0x00, 0x00, 0x00, 0x00, 0x00, 0x00, 0x00, 
  0x00, 0x00, 0x00, 0x00, 0x00, 0x00, 0x00, 0x00, 0x00, 0x00, 0x00, 0x00, 
  0x00, 0x00, 0x00, 0x00, 0x00, 0x00, 0x00, 0x00, 0x00, 0x00, 0x00, 0x00, 
  0x00, 0x00, 0x00, 0x00, 0x00, 0x00, 0x00, 0x00, 0x00, 0x00, 0x00, 0x00, 
  0x00, 0x00, 0x00, 0x00, 0x00, 0x00, 0x00, 0x00, 0x00, 0x00, 0x00, 0x00, 
  0x00, 0x00, 0x00, 0x00, 0x00, 0x00, 0x00, 0x00, 0x00, 0x00, 0x00, 0x00, 
  0x00, 0x00, 0x00, 0x00, 0x00, 0x00, 0x00, 0x00, 0x00, 0x00, 0x00, 0x00, 
  0x00, 0x00, 0x00, 0x00, 0x00, 0x00, 0x00, 0x00, 0x00, 0x00, 0x00, 0x00, 
  0x00, 0x00, 0x00, 0x00, 0x00, 0x00, 0x00, 0x00, 0x00, 0x00, 0x00, 0x00, 
  0xff, 0x3d, 0x04, 0x00, 0x00, 0x00, 0xde, 0x3d, 0x90, 0x9f, 0x46, 0xf0, 
  0xdf, 0x3d, 0xe9, 0xff, 0x3d, 0xf0, 0xff, 0x3d, 0xf0, 0xff, 0x3d, 0xf0, 
  0xff, 0x3d, 0xf0, 0xff, 0x3d, 0xf0, 0xff, 0x3d, 0xf0, 0xff, 0x3d, 0xf0, 
  0xff, 0x3d, 0xf0, 0xff, 0x3d, 0xf0, 0xff, 0x3d, 0xf0, 0xff, 0x3d, 0xf0, 
  0xfe, 0x3d, 0xf0, 0xfe, 0x3d, 0xf0, 0x9e, 0x3d, 0xf0, 0xf9, 0x42, 0xf3, 
  0xf7, 0x41, 0xfe, 0x38, 0x42, 0xff, 0x17, 0x42, 0xff, 0x17, 0x42, 0xff, 
  0x17, 0x42, 0xff, 0x17, 0x42, 0xff, 0x37, 0x42, 0xff, 0x18, 0x42, 0xff, 
  0x18, 0x42, 0xff, 0x73, 0x62, 0xff, 0x68, 0xbb, 0xff, 0xe2, 0xf3, 0xff, 
  0x01, 0xfc, 0xff, 0x01, 0xfc, 0xff, 0x20, 0xfc, 0xff, 0x20, 0xfc, 0xff, 
  0x20, 0xfc, 0xff, 0x20, 0xfc, 0xff, 0x20, 0xfc, 0xff, 0x20, 0xfc, 0xff, 
  0x20, 0xfc, 0xff, 0x01, 0xfc, 0xff, 0x01, 0xf4, 0xff, 0xa5, 0xdb, 0xff, 
  0xcf, 0x82, 0xff, 0x37, 0x4a, 0xff, 0x18, 0x42, 0xff, 0x37, 0x42, 0xff, 
  0x17, 0x42, 0xff, 0x17, 0x42, 0xff, 0x17, 0x42, 0xff, 0x17, 0x42, 0xff, 
  0x17, 0x42, 0xff, 0x17, 0x42, 0xff, 0x17, 0x42, 0xff, 0x17, 0x42, 0xff, 
  0x17, 0x42, 0xff, 0x17, 0x42, 0xfa, 0x39, 0x42, 0xff, 0x17, 0x42, 0xf0, 
  0x37, 0x42, 0x0f, 0x00, 0x00, 0x00, 0x99, 0x31, 0x05, 0x00, 0x00, 0x00, 
  0x00, 0x00, 0x00, 0x00, 0x00, 0x00, 0x00, 0x00, 0x00, 0x00, 0x00, 0x00, 
  0x00, 0x00, 0x00, 0x00, 0x00, 0x00, 0x00, 0x00, 0x00, 0x00, 0x00, 0x00, 
  0x00, 0x00, 0x00, 0x00, 0x00, 0x00, 0x00, 0x00, 0x00, 0x00, 0x00, 0x00, 
  0x00, 0x00, 0x00, 0x00, 0x00, 0x00, 0x00, 0x00, 0x00, 0x00, 0x00, 0x00, 
  0x00, 0x00, 0x00, 0x00, 0x00, 0x00, 0x00, 0x00, 0x00, 0x00, 0x00, 0x00, 
  0x00, 0x00, 0x00, 0x00, 0x00, 0x00, 0x00, 0x00, 0x00, 0x00, 0x00, 0x00, 
  0x00, 0x00, 0x00, 0x00, 0x00, 0x00, 0x00, 0x00, 0x00, 0x00, 0x00, 0x00, 
  0x00, 0x00, 0x00, 0x00, 0x00, 0x00, 0x00, 0x00, 0x00, 0x00, 0x00, 0x00, 
  0x00, 0x00, 0x00, 0x00, 0x00, 0x00, 0x00, 0x00, 0x00, 0x00, 0x00, 0x00, 
  0x00, 0x00, 0x00, 0x00, 0x00, 0x00, 0x00, 0x00, 0x00, 0x00, 0x00, 0x00, 
  0x00, 0x00, 0x00, 0x00, 0x00, 0x00, 0x00, 0x00, 0x00, 0x00, 0x00, 0x00, 
  0x00, 0x00, 0x00, 0x00, 0x00, 0x00, 0x00, 0x00, 0x00, 0x00, 0x00, 0x00, 
  0x00, 0x00, 0x00, 0x00, 0x00, 0x00, 0x00, 0x00, 0x00, 0x00, 0x00, 0x00, 
  0x00, 0x00, 0x00, 0x00, 0x00, 0x00, 0x00, 0x00, 0x00, 0x00, 0x00, 0x00, 
  0xff, 0x3d, 0x04, 0x00, 0x00, 0x00, 0xff, 0x3d, 0xa2, 0xff, 0x46, 0xff, 
  0x1f, 0x3e, 0xff, 0x3f, 0x3e, 0xff, 0x3f, 0x3e, 0xff, 0x3f, 0x3e, 0xff, 
  0x3f, 0x3e, 0xff, 0x3f, 0x3e, 0xff, 0x3f, 0x3e, 0xff, 0x3f, 0x3e, 0xff, 
  0x3f, 0x3e, 0xff, 0x3f, 0x3e, 0xff, 0x5f, 0x3e, 0xff, 0x3f, 0x3e, 0xff, 
  0x7f, 0x3e, 0xff, 0x3f, 0x3e, 0xff, 0xfc, 0x43, 0xff, 0x79, 0x42, 0xff, 
  0x18, 0x42, 0xff, 0x37, 0x42, 0xfe, 0x17, 0x42, 0xff, 0x17, 0x42, 0xff, 
  0x17, 0x42, 0xff, 0x37, 0x4a, 0xff, 0xf9, 0x31, 0xff, 0x55, 0x52, 0xff, 
  0x2b, 0xab, 0xff, 0xc3, 0xe3, 0xff, 0x01, 0xfc, 0xff, 0x20, 0xfc, 0xff, 
  0x20, 0xfc, 0xff, 0x20, 0xfc, 0xff, 0x20, 0xfc, 0xff, 0x20, 0xfc, 0xff, 
  0x20, 0xfc, 0xff, 0x20, 0xfc, 0xff, 0x20, 0xfc, 0xff, 0x20, 0xfc, 0xff, 
  0x20, 0xfc, 0xff, 0x20, 0xfc, 0xff, 0x20, 0xfc, 0xff, 0x20, 0xfc, 0xff, 
  0xe2, 0xeb, 0xff, 0x87, 0xc3, 0xff, 0xb1, 0x72, 0xff, 0xf9, 0x31, 0xff, 
  0x17, 0x42, 0xff, 0x37, 0x42, 0xff, 0x17, 0x42, 0xff, 0x17, 0x42, 0xff, 
  0x17, 0x42, 0xff, 0x17, 0x42, 0xff, 0x17, 0x42, 0xff, 0x17, 0x42, 0xff, 
  0x17, 0x42, 0xff, 0x17, 0x42, 0xfa, 0x39, 0x42, 0xff, 0x17, 0x42, 0xf0, 
  0x37, 0x42, 0x0f, 0x00, 0x00, 0x00, 0x99, 0x31, 0x05, 0x00, 0x00, 0x00, 
  0x00, 0x00, 0x00, 0x00, 0x00, 0x00, 0x00, 0x00, 0x00, 0x00, 0x00, 0x00, 
  0x00, 0x00, 0x00, 0x00, 0x00, 0x00, 0x00, 0x00, 0x00, 0x00, 0x00, 0x00, 
  0x00, 0x00, 0x00, 0x00, 0x00, 0x00, 0x00, 0x00, 0x00, 0x00, 0x00, 0x00, 
  0x00, 0x00, 0x00, 0x00, 0x00, 0x00, 0x00, 0x00, 0x00, 0x00, 0x00, 0x00, 
  0x00, 0x00, 0x00, 0x00, 0x00, 0x00, 0x00, 0x00, 0x00, 0x00, 0x00, 0x00, 
  0x00, 0x00, 0x00, 0x00, 0x00, 0x00, 0x00, 0x00, 0x00, 0x00, 0x00, 0x00, 
  0x00, 0x00, 0x00, 0x00, 0x00, 0x00, 0x00, 0x00, 0x00, 0x00, 0x00, 0x00, 
  0x00, 0x00, 0x00, 0x00, 0x00, 0x00, 0x00, 0x00, 0x00, 0x00, 0x00, 0x00, 
  0x00, 0x00, 0x00, 0x00, 0x00, 0x00, 0x00, 0x00, 0x00, 0x00, 0x00, 0x00, 
  0x00, 0x00, 0x00, 0x00, 0x00, 0x00, 0x00, 0x00, 0x00, 0x00, 0x00, 0x00, 
  0x00, 0x00, 0x00, 0x00, 0x00, 0x00, 0x00, 0x00, 0x00, 0x00, 0x00, 0x00, 
  0x00, 0x00, 0x00, 0x00, 0x00, 0x00, 0x00, 0x00, 0x00, 0x00, 0x00, 0x00, 
  0x00, 0x00, 0x00, 0x00, 0x00, 0x00, 0x00, 0x00, 0x00, 0x00, 0x00, 0x00, 
  0x00, 0x00, 0x00, 0x00, 0x00, 0x00, 0x00, 0x00, 0x00, 0x00, 0x00, 0x00, 
  0xff, 0x3d, 0x04, 0x00, 0x00, 0x00, 0xff, 0x3d, 0x96, 0x9f, 0x46, 0xfa, 
  0xff, 0x3d, 0xf2, 0xde, 0x3d, 0xfa, 0xde, 0x3d, 0xfa, 0xde, 0x3d, 0xfa, 
  0xde, 0x3d, 0xfa, 0xde, 0x3d, 0xfa, 0xde, 0x3d, 0xfa, 0xde, 0x3d, 0xfa, 
  0xde, 0x3d, 0xfa, 0xde, 0x3d, 0xfa, 0xde, 0x3d, 0xfa, 0xff, 0x3d, 0xfa, 
  0xde, 0x3d, 0xfa, 0xdd, 0x3c, 0xfa, 0x38, 0x42, 0xfa, 0xf7, 0x41, 0xfb, 
  0x37, 0x42, 0xfe, 0x17, 0x42, 0xff, 0x17, 0x42, 0xff, 0x17, 0x42, 0xff, 
  0x37, 0x42, 0xff, 0x19, 0x3a, 0xff, 0x93, 0x62, 0xff, 0x68, 0xbb, 0xff, 
  0x01, 0xfc, 0xff, 0x40, 0xfc, 0xff, 0x20, 0xfc, 0xff, 0x01, 0xfc, 0xff, 
  0x01, 0xfc, 0xff, 0x20, 0xfc, 0xff, 0x20, 0xfc, 0xff, 0x20, 0xfc, 0xff, 
  0x20, 0xfc, 0xff, 0x20, 0xfc, 0xff, 0x20, 0xfc, 0xff, 0x20, 0xfc, 0xff, 
  0x20, 0xfc, 0xff, 0x00, 0xfc, 0xff, 0x01, 0xfc, 0xff, 0x00, 0xfc, 0xff, 
  0x40, 0xfc, 0xff, 0x20, 0xfc, 0xff, 0xa5, 0xdb, 0xff, 0xef, 0x8a, 0xff, 
  0x18, 0x3a, 0xff, 0x18, 0x3a, 0xff, 0x37, 0x42, 0xff, 0x18, 0x42, 0xff, 
  0x17, 0x42, 0xff, 0x17, 0x42, 0xff, 0x17, 0x42, 0xff, 0x17, 0x42, 0xff, 
  0x17, 0x42, 0xff, 0x17, 0x42, 0xfa, 0x39, 0x42, 0xff, 0x17, 0x42, 0xf0, 
  0x37, 0x42, 0x0f, 0x00, 0x00, 0x00, 0x99, 0x31, 0x05, 0x00, 0x00, 0x00, 
  0x00, 0x00, 0x00, 0x00, 0x00, 0x00, 0x00, 0x00, 0x00, 0x00, 0x00, 0x00, 
  0x00, 0x00, 0x00, 0x00, 0x00, 0x00, 0x00, 0x00, 0x00, 0x00, 0x00, 0x00, 
  0x00, 0x00, 0x00, 0x00, 0x00, 0x00, 0x00, 0x00, 0x00, 0x00, 0x00, 0x00, 
  0x00, 0x00, 0x00, 0x00, 0x00, 0x00, 0x00, 0x00, 0x00, 0x00, 0x00, 0x00, 
  0x00, 0x00, 0x00, 0x00, 0x00, 0x00, 0x00, 0x00, 0x00, 0x00, 0x00, 0x00, 
  0x00, 0x00, 0x00, 0x00, 0x00, 0x00, 0x00, 0x00, 0x00, 0x00, 0x00, 0x00, 
  0x00, 0x00, 0x00, 0x00, 0x00, 0x00, 0x00, 0x00, 0x00, 0x00, 0x00, 0x00, 
  0x00, 0x00, 0x00, 0x00, 0x00, 0x00, 0x00, 0x00, 0x00, 0x00, 0x00, 0x00, 
  0x00, 0x00, 0x00, 0x00, 0x00, 0x00, 0x00, 0x00, 0x00, 0x00, 0x00, 0x00, 
  0x00, 0x00, 0x00, 0x00, 0x00, 0x00, 0x00, 0x00, 0x00, 0x00, 0x00, 0x00, 
  0x00, 0x00, 0x00, 0x00, 0x00, 0x00, 0x00, 0x00, 0x00, 0x00, 0x00, 0x00, 
  0x00, 0x00, 0x00, 0x00, 0x00, 0x00, 0x00, 0x00, 0x00, 0x00, 0x00, 0x00, 
  0x00, 0x00, 0x00, 0x00, 0x00, 0x00, 0x00, 0x00, 0x00, 0x00, 0x00, 0x00, 
  0x00, 0x00, 0x00, 0x00, 0x00, 0x00, 0x00, 0x00, 0x00, 0x00, 0x00, 0x00, 
  0xff, 0x3d, 0x04, 0x00, 0x00, 0x00, 0xff, 0x3d, 0x99, 0x9f, 0x46, 0xff, 
  0xdf, 0x3d, 0xf7, 0xff, 0x3d, 0xff, 0xff, 0x3d, 0xff, 0xff, 0x3d, 0xff, 
  0xff, 0x3d, 0xff, 0xff, 0x3d, 0xff, 0xff, 0x3d, 0xff, 0xff, 0x3d, 0xff, 
  0xff, 0x3d, 0xff, 0xff, 0x3d, 0xff, 0xde, 0x3d, 0xff, 0x3f, 0x3e, 0xff, 
  0x7e, 0x3d, 0xff, 0x39, 0x43, 0xff, 0x37, 0x42, 0xff, 0x17, 0x42, 0xff, 
  0x38, 0x42, 0xff, 0x17, 0x42, 0xff, 0x17, 0x42, 0xff, 0x18, 0x42, 0xff, 
  0x18, 0x3a, 0xff, 0x73, 0x62, 0xff, 0x87, 0xcb, 0xff, 0x20, 0xfc, 0xff, 
  0x20, 0xfc, 0xff, 0x01, 0xfc, 0xff, 0x00, 0xfc, 0xff, 0x20, 0xfc, 0xff, 
  0x20, 0xfc, 0xff, 0x20, 0xfc, 0xff, 0x20, 0xfc, 0xff, 0x20, 0xfc, 0xff, 
  0x20, 0xfc, 0xff, 0x20, 0xfc, 0xff, 0x20, 0xfc, 0xff, 0x20, 0xfc, 0xff, 
  0x20, 0xfc, 0xff, 0x20, 0xfc, 0xff, 0x20, 0xfc, 0xff, 0x20, 0xfc, 0xff, 
  0x01, 0xfc, 0xff, 0x20, 0xfc, 0xff, 0x20, 0xfc, 0xff, 0xe3, 0xeb, 0xff, 
  0xcf, 0x8a, 0xff, 0x17, 0x42, 0xff, 0x18, 0x3a, 0xff, 0x37, 0x42, 0xff, 
  0x17, 0x42, 0xff, 0x17, 0x42, 0xff, 0x17, 0x42, 0xff, 0x17, 0x42, 0xff, 
  0x17, 0x42, 0xff, 0x17, 0x42, 0xfa, 0x39, 0x42, 0xff, 0x17, 0x42, 0xf0, 
  0x37, 0x42, 0x0f, 0x00, 0x00, 0x00, 0x99, 0x31, 0x05, 0x00, 0x00, 0x00, 
  0x00, 0x00, 0x00, 0x00, 0x00, 0x00, 0x00, 0x00, 0x00, 0x00, 0x00, 0x00, 
  0x00, 0x00, 0x00, 0x00, 0x00, 0x00, 0x00, 0x00, 0x00, 0x00, 0x00, 0x00, 
  0x00, 0x00, 0x00, 0x00, 0x00, 0x00, 0x00, 0x00, 0x00, 0x00, 0x00, 0x00, 
  0x00, 0x00, 0x00, 0x00, 0x00, 0x00, 0x00, 0x00, 0x00, 0x00, 0x00, 0x00, 
  0x00, 0x00, 0x00, 0x00, 0x00, 0x00, 0x00, 0x00, 0x00, 0x00, 0x00, 0x00, 
  0x00, 0x00, 0x00, 0x00, 0x00, 0x00, 0x00, 0x00, 0x00, 0x00, 0x00, 0x00, 
  0x00, 0x00, 0x00, 0x00, 0x00, 0x00, 0x00, 0x00, 0x00, 0x00, 0x00, 0x00, 
  0x00, 0x00, 0x00, 0x00, 0x00, 0x00, 0x00, 0x00, 0x00, 0x00, 0x00, 0x00, 
  0x00, 0x00, 0x00, 0x00, 0x00, 0x00, 0x00, 0x00, 0x00, 0x00, 0x00, 0x00, 
  0x00, 0x00, 0x00, 0x00, 0x00, 0x00, 0x00, 0x00, 0x00, 0x00, 0x00, 0x00, 
  0x00, 0x00, 0x00, 0x00, 0x00, 0x00, 0x00, 0x00, 0x00, 0x00, 0x00, 0x00, 
  0x00, 0x00, 0x00, 0x00, 0x00, 0x00, 0x00, 0x00, 0x00, 0x00, 0x00, 0x00, 
  0x00, 0x00, 0x00, 0x00, 0x00, 0x00, 0x00, 0x00, 0x00, 0x00, 0x00, 0x00, 
  0x00, 0x00, 0x00, 0x00, 0x00, 0x00, 0x00, 0x00, 0x00, 0x00, 0x00, 0x00, 
  0xff, 0x3d, 0x04, 0x00, 0x00, 0x00, 0xff, 0x3d, 0x99, 0x9f, 0x46, 0xff, 
  0xdf, 0x3d, 0xf7, 0xff, 0x3d, 0xff, 0xff, 0x3d, 0xff, 0xff, 0x3d, 0xff, 
  0xff, 0x3d, 0xff, 0xff, 0x3d, 0xff, 0xff, 0x3d, 0xff, 0xff, 0x3d, 0xff, 
  0xff, 0x3d, 0xff, 0xff, 0x3d, 0xff, 0xde, 0x3d, 0xff, 0x1f, 0x3e, 0xff, 
  0xdc, 0x3c, 0xff, 0x17, 0x42, 0xff, 0x17, 0x42, 0xff, 0x37, 0x42, 0xff, 
  0x17, 0x42, 0xff, 0x17, 0x42, 0xff, 0x17, 0x42, 0xff, 0x18, 0x42, 0xff, 
  0x56, 0x52, 0xff, 0x87, 0xc3, 0xff, 0x20, 0xfc, 0xff, 0x20, 0xfc, 0xff, 
  0x01, 0xfc, 0xff, 0x20, 0xfc, 0xff, 0x20, 0xfc, 0xff, 0x20, 0xfc, 0xff, 
  0x20, 0xfc, 0xff, 0x20, 0xfc, 0xff, 0x20, 0xfc, 0xff, 0x20, 0xfc, 0xff, 
  0x20, 0xfc, 0xff, 0x20, 0xfc, 0xff, 0x20, 0xfc, 0xff, 0x20, 0xfc, 0xff, 
  0x20, 0xfc, 0xff, 0x20, 0xfc, 0xff, 0x20, 0xfc, 0xff, 0x20, 0xfc, 0xff, 
  0x20, 0xfc, 0xff, 0x20, 0xfc, 0xff, 0x20, 0xfc, 0xff, 0x20, 0xfc, 0xff, 
  0xe2, 0xeb, 0xff, 0xb1, 0x7a, 0xff, 0x18, 0x3a, 0xff, 0x17, 0x42, 0xff, 
  0x17, 0x42, 0xff, 0x17, 0x42, 0xff, 0x17, 0x42, 0xff, 0x17, 0x42, 0xff, 
  0x17, 0x42, 0xff, 0x17, 0x42, 0xfa, 0x39, 0x42, 0xff, 0x17, 0x42, 0xf0, 
  0x37, 0x42, 0x0f, 0x00, 0x00, 0x00, 0x99, 0x31, 0x05, 0x00, 0x00, 0x00, 
  0x00, 0x00, 0x00, 0x00, 0x00, 0x00, 0x00, 0x00, 0x00, 0x00, 0x00, 0x00, 
  0x00, 0x00, 0x00, 0x00, 0x00, 0x00, 0x00, 0x00, 0x00, 0x00, 0x00, 0x00, 
  0x00, 0x00, 0x00, 0x00, 0x00, 0x00, 0x00, 0x00, 0x00, 0x00, 0x00, 0x00, 
  0x00, 0x00, 0x00, 0x00, 0x00, 0x00, 0x00, 0x00, 0x00, 0x00, 0x00, 0x00, 
  0x00, 0x00, 0x00, 0x00, 0x00, 0x00, 0x00, 0x00, 0x00, 0x00, 0x00, 0x00, 
  0x00, 0x00, 0x00, 0x00, 0x00, 0x00, 0x00, 0x00, 0x00, 0x00, 0x00, 0x00, 
  0x00, 0x00, 0x00, 0x00, 0x00, 0x00, 0x00, 0x00, 0x00, 0x00, 0x00, 0x00, 
  0x00, 0x00, 0x00, 0x00, 0x00, 0x00, 0x00, 0x00, 0x00, 0x00, 0x00, 0x00, 
  0x00, 0x00, 0x00, 0x00, 0x00, 0x00, 0x00, 0x00, 0x00, 0x00, 0x00, 0x00, 
  0x00, 0x00, 0x00, 0x00, 0x00, 0x00, 0x00, 0x00, 0x00, 0x00, 0x00, 0x00, 
  0x00, 0x00, 0x00, 0x00, 0x00, 0x00, 0x00, 0x00, 0x00, 0x00, 0x00, 0x00, 
  0x00, 0x00, 0x00, 0x00, 0x00, 0x00, 0x00, 0x00, 0x00, 0x00, 0x00, 0x00, 
  0x00, 0x00, 0x00, 0x00, 0x00, 0x00, 0x00, 0x00, 0x00, 0x00, 0x00, 0x00, 
  0x00, 0x00, 0x00, 0x00, 0x00, 0x00, 0x00, 0x00, 0x00, 0x00, 0x00, 0x00, 
  0xff, 0x3d, 0x04, 0x00, 0x00, 0x00, 0xff, 0x3d, 0x99, 0x9f, 0x46, 0xff, 
  0xdf, 0x3d, 0xf7, 0xff, 0x3d, 0xff, 0xff, 0x3d, 0xff, 0xff, 0x3d, 0xff, 
  0xff, 0x3d, 0xff, 0xff, 0x3d, 0xff, 0xff, 0x3d, 0xff, 0xff, 0x3d, 0xff, 
  0xff, 0x3d, 0xff, 0xde, 0x3d, 0xff, 0x1f, 0x3e, 0xff, 0x5e, 0x3d, 0xff, 
  0x7a, 0x3b, 0xff, 0x17, 0x42, 0xff, 0x17, 0x42, 0xff, 0x17, 0x42, 0xff, 
  0x17, 0x42, 0xff, 0x37, 0x42, 0xff, 0x18, 0x3a, 0xff, 0x37, 0x4a, 0xff, 
  0x4a, 0xab, 0xff, 0x01, 0xf4, 0xff, 0x20, 0xfc, 0xff, 0x00, 0xfc, 0xff, 
  0x20, 0xfc, 0xff, 0x20, 0xfc, 0xff, 0x20, 0xfc, 0xff, 0x20, 0xfc, 0xff, 
  0x20, 0xfc, 0xff, 0x20, 0xfc, 0xff, 0x20, 0xfc, 0xff, 0x20, 0xfc, 0xff, 
  0x20, 0xfc, 0xff, 0x20, 0xfc, 0xff, 0x20, 0xfc, 0xff, 0x20, 0xfc, 0xff, 
  0x20, 0xfc, 0xff, 0x20, 0xfc, 0xff, 0x20, 0xfc, 0xff, 0x20, 0xfc, 0xff, 
  0x20, 0xfc, 0xff, 0x20, 0xfc, 0xff, 0x20, 0xfc, 0xff, 0x20, 0xfc, 0xff, 
  0x20, 0xfc, 0xff, 0xa6, 0xd3, 0xff, 0x93, 0x6a, 0xff, 0xf9, 0x39, 0xff, 
  0x37, 0x42, 0xff, 0x17, 0x42, 0xff, 0x17, 0x42, 0xff, 0x17, 0x42, 0xff, 
  0x17, 0x42, 0xff, 0x17, 0x42, 0xfa, 0x39, 0x42, 0xff, 0x17, 0x42, 0xf0, 
  0x37, 0x42, 0x0f, 0x00, 0x00, 0x00, 0x99, 0x31, 0x05, 0x00, 0x00, 0x00, 
  0x00, 0x00, 0x00, 0x00, 0x00, 0x00, 0x00, 0x00, 0x00, 0x00, 0x00, 0x00, 
  0x00, 0x00, 0x00, 0x00, 0x00, 0x00, 0x00, 0x00, 0x00, 0x00, 0x00, 0x00, 
  0x00, 0x00, 0x00, 0x00, 0x00, 0x00, 0x00, 0x00, 0x00, 0x00, 0x00, 0x00, 
  0x00, 0x00, 0x00, 0x00, 0x00, 0x00, 0x00, 0x00, 0x00, 0x00, 0x00, 0x00, 
  0x00, 0x00, 0x00, 0x00, 0x00, 0x00, 0x00, 0x00, 0x00, 0x00, 0x00, 0x00, 
  0x00, 0x00, 0x00, 0x00, 0x00, 0x00, 0x00, 0x00, 0x00, 0x00, 0x00, 0x00, 
  0x00, 0x00, 0x00, 0x00, 0x00, 0x00, 0x00, 0x00, 0x00, 0x00, 0x00, 0x00, 
  0x00, 0x00, 0x00, 0x00, 0x00, 0x00, 0x00, 0x00, 0x00, 0x00, 0x00, 0x00, 
  0x00, 0x00, 0x00, 0x00, 0x00, 0x00, 0x00, 0x00, 0x00, 0x00, 0x00, 0x00, 
  0x00, 0x00, 0x00, 0x00, 0x00, 0x00, 0x00, 0x00, 0x00, 0x00, 0x00, 0x00, 
  0x00, 0x00, 0x00, 0x00, 0x00, 0x00, 0x00, 0x00, 0x00, 0x00, 0x00, 0x00, 
  0x00, 0x00, 0x00, 0x00, 0x00, 0x00, 0x00, 0x00, 0x00, 0x00, 0x00, 0x00, 
  0x00, 0x00, 0x00, 0x00, 0x00, 0x00, 0x00, 0x00, 0x00, 0x00, 0x00, 0x00, 
  0x00, 0x00, 0x00, 0x00, 0x00, 0x00, 0x00, 0x00, 0x00, 0x00, 0x00, 0x00, 
  0xff, 0x3d, 0x04, 0x00, 0x00, 0x00, 0xff, 0x3d, 0x99, 0x9f, 0x46, 0xff, 
  0xdf, 0x3d, 0xf7, 0xff, 0x3d, 0xff, 0xff, 0x3d, 0xff, 0xff, 0x3d, 0xff, 
  0xff, 0x3d, 0xff, 0xff, 0x3d, 0xff, 0xff, 0x3d, 0xff, 0xff, 0x3d, 0xff, 
  0xff, 0x3d, 0xff, 0xde, 0x3d, 0xff, 0x3f, 0x3e, 0xff, 0xdc, 0x3c, 0xff, 
  0x58, 0x42, 0xff, 0x37, 0x42, 0xff, 0x17, 0x42, 0xff, 0x17, 0x42, 0xff, 
  0x17, 0x42, 0xff, 0x17, 0x42, 0xff, 0x18, 0x42, 0xff, 0x92, 0x6a, 0xff, 
  0xe2, 0xf3, 0xff, 0x20, 0xfc, 0xff, 0x00, 0xfc, 0xff, 0x20, 0xfc, 0xff, 
  0x20, 0xfc, 0xff, 0x20, 0xfc, 0xff, 0x20, 0xfc, 0xff, 0x20, 0xfc, 0xff, 
  0x20, 0xfc, 0xff, 0x20, 0xfc, 0xff, 0x20, 0xfc, 0xff, 0x20, 0xfc, 0xff, 
  0x20, 0xfc, 0xff, 0x20, 0xfc, 0xff, 0x20, 0xfc, 0xff, 0x20, 0xfc, 0xff, 
  0x20, 0xfc, 0xff, 0x20, 0xfc, 0xff, 0x20, 0xfc, 0xff, 0x20, 0xfc, 0xff, 
  0x20, 0xfc, 0xff, 0x20, 0xfc, 0xff, 0x20, 0xfc, 0xff, 0x20, 0xfc, 0xff, 
  0x00, 0xfc, 0xff, 0x40, 0xfc, 0xff, 0x2c, 0xa3, 0xff, 0x37, 0x42, 0xff, 
  0x17, 0x42, 0xff, 0x17, 0x42, 0xff, 0x17, 0x42, 0xff, 0x17, 0x42, 0xff, 
  0x17, 0x42, 0xff, 0x17, 0x42, 0xfa, 0x39, 0x42, 0xff, 0x17, 0x42, 0xf0, 
  0x37, 0x42, 0x0f, 0x00, 0x00, 0x00, 0x99, 0x31, 0x05, 0x00, 0x00, 0x00, 
  0x00, 0x00, 0x00, 0x00, 0x00, 0x00, 0x00, 0x00, 0x00, 0x00, 0x00, 0x00, 
  0x00, 0x00, 0x00, 0x00, 0x00, 0x00, 0x00, 0x00, 0x00, 0x00, 0x00, 0x00, 
  0x00, 0x00, 0x00, 0x00, 0x00, 0x00, 0x00, 0x00, 0x00, 0x00, 0x00, 0x00, 
  0x00, 0x00, 0x00, 0x00, 0x00, 0x00, 0x00, 0x00, 0x00, 0x00, 0x00, 0x00, 
  0x00, 0x00, 0x00, 0x00, 0x00, 0x00, 0x00, 0x00, 0x00, 0x00, 0x00, 0x00, 
  0x00, 0x00, 0x00, 0x00, 0x00, 0x00, 0x00, 0x00, 0x00, 0x00, 0x00, 0x00, 
  0x00, 0x00, 0x00, 0x00, 0x00, 0x00, 0x00, 0x00, 0x00, 0x00, 0x00, 0x00, 
  0x00, 0x00, 0x00, 0x00, 0x00, 0x00, 0x00, 0x00, 0x00, 0x00, 0x00, 0x00, 
  0x00, 0x00, 0x00, 0x00, 0x00, 0x00, 0x00, 0x00, 0x00, 0x00, 0x00, 0x00, 
  0x00, 0x00, 0x00, 0x00, 0x00, 0x00, 0x00, 0x00, 0x00, 0x00, 0x00, 0x00, 
  0x00, 0x00, 0x00, 0x00, 0x00, 0x00, 0x00, 0x00, 0x00, 0x00, 0x00, 0x00, 
  0x00, 0x00, 0x00, 0x00, 0x00, 0x00, 0x00, 0x00, 0x00, 0x00, 0x00, 0x00, 
  0x00, 0x00, 0x00, 0x00, 0x00, 0x00, 0x00, 0x00, 0x00, 0x00, 0x00, 0x00, 
  0x00, 0x00, 0x00, 0x00, 0x00, 0x00, 0x00, 0x00, 0x00, 0x00, 0x00, 0x00, 
  0xff, 0x3d, 0x04, 0x00, 0x00, 0x00, 0xff, 0x3d, 0x99, 0x9f, 0x46, 0xff, 
  0xdf, 0x3d, 0xf7, 0xff, 0x3d, 0xff, 0xff, 0x3d, 0xff, 0xff, 0x3d, 0xff, 
  0xff, 0x3d, 0xff, 0xff, 0x3d, 0xff, 0xff, 0x3d, 0xff, 0xff, 0x3d, 0xff, 
  0xff, 0x3d, 0xff, 0xdf, 0x3d, 0xff, 0xff, 0x3d, 0xff, 0x1b, 0x3c, 0xff, 
  0xd7, 0x41, 0xff, 0x38, 0x42, 0xff, 0x17, 0x42, 0xff, 0x17, 0x42, 0xff, 
  0x37, 0x42, 0xff, 0x19, 0x3a, 0xff, 0x55, 0x52, 0xff, 0x68, 0xc3, 0xff, 
  0x20, 0xfc, 0xff, 0x20, 0xfc, 0xff, 0x20, 0xfc, 0xff, 0x20, 0xfc, 0xff, 
  0x20, 0xfc, 0xff, 0x20, 0xfc, 0xff, 0x20, 0xfc, 0xff, 0x20, 0xfc, 0xff, 
  0x20, 0xfc, 0xff, 0x20, 0xfc, 0xff, 0x20, 0xfc, 0xff, 0x20, 0xfc, 0xff, 
  0x20, 0xfc, 0xff, 0x20, 0xfc, 0xff, 0x20, 0xfc, 0xff, 0x20, 0xfc, 0xff, 
  0x20, 0xfc, 0xff, 0x20, 0xfc, 0xff, 0x20, 0xfc, 0xff, 0x20, 0xfc, 0xff, 
  0x20, 0xfc, 0xff, 0x20, 0xfc, 0xff, 0x20, 0xfc, 0xff, 0x20, 0xfc, 0xff, 
  0x20, 0xfc, 0xff, 0x20, 0xfc, 0xff, 0xc4, 0xe3, 0xff, 0xd0, 0x7a, 0xff, 
  0x19, 0x3a, 0xff, 0x37, 0x42, 0xff, 0x17, 0x42, 0xff, 0x17, 0x42, 0xff, 
  0x17, 0x42, 0xff, 0x17, 0x42, 0xfa, 0x39, 0x42, 0xff, 0x17, 0x42, 0xf0, 
  0x37, 0x42, 0x0f, 0x00, 0x00, 0x00, 0x99, 0x31, 0x05, 0x00, 0x00, 0x00, 
  0x00, 0x00, 0x00, 0x00, 0x00, 0x00, 0x00, 0x00, 0x00, 0x00, 0x00, 0x00, 
  0x00, 0x00, 0x00, 0x00, 0x00, 0x00, 0x00, 0x00, 0x00, 0x00, 0x00, 0x00, 
  0x00, 0x00, 0x00, 0x00, 0x00, 0x00, 0x00, 0x00, 0x00, 0x00, 0x00, 0x00, 
  0x00, 0x00, 0x00, 0x00, 0x00, 0x00, 0x00, 0x00, 0x00, 0x00, 0x00, 0x00, 
  0x00, 0x00, 0x00, 0x00, 0x00, 0x00, 0x00, 0x00, 0x00, 0x00, 0x00, 0x00, 
  0x00, 0x00, 0x00, 0x00, 0x00, 0x00, 0x00, 0x00, 0x00, 0x00, 0x00, 0x00, 
  0x00, 0x00, 0x00, 0x00, 0x00, 0x00, 0x00, 0x00, 0x00, 0x00, 0x00, 0x00, 
  0x00, 0x00, 0x00, 0x00, 0x00, 0x00, 0x00, 0x00, 0x00, 0x00, 0x00, 0x00, 
  0x00, 0x00, 0x00, 0x00, 0x00, 0x00, 0x00, 0x00, 0x00, 0x00, 0x00, 0x00, 
  0x00, 0x00, 0x00, 0x00, 0x00, 0x00, 0x00, 0x00, 0x00, 0x00, 0x00, 0x00, 
  0x00, 0x00, 0x00, 0x00, 0x00, 0x00, 0x00, 0x00, 0x00, 0x00, 0x00, 0x00, 
  0x00, 0x00, 0x00, 0x00, 0x00, 0x00, 0x00, 0x00, 0x00, 0x00, 0x00, 0x00, 
  0x00, 0x00, 0x00, 0x00, 0x00, 0x00, 0x00, 0x00, 0x00, 0x00, 0x00, 0x00, 
  0x00, 0x00, 0x00, 0x00, 0x00, 0x00, 0x00, 0x00, 0x00, 0x00, 0x00, 0x00, 
  0xff, 0x3d, 0x04, 0x00, 0x00, 0x00, 0xff, 0x3d, 0x99, 0x9f, 0x46, 0xff, 
  0xdf, 0x3d, 0xf7, 0xff, 0x3d, 0xff, 0xff, 0x3d, 0xff, 0xff, 0x3d, 0xff, 
  0xff, 0x3d, 0xff, 0xff, 0x3d, 0xff, 0xff, 0x3d, 0xff, 0xff, 0x3d, 0xff, 
  0xdf, 0x3d, 0xff, 0xff, 0x3d, 0xff, 0x7e, 0x3d, 0xff, 0x7a, 0x3b, 0xff, 
  0xf7, 0x41, 0xff, 0x37, 0x42, 0xff, 0x17, 0x42, 0xff, 0x17, 0x42, 0xff, 
  0x37, 0x42, 0xff, 0xf9, 0x39, 0xff, 0xb2, 0x72, 0xff, 0x01, 0xfc, 0xff, 
  0x20, 0xfc, 0xff, 0x20, 0xfc, 0xff, 0x20, 0xfc, 0xff, 0x20, 0xfc, 0xff, 
  0x20, 0xfc, 0xff, 0x20, 0xfc, 0xff, 0x20, 0xfc, 0xff, 0x20, 0xfc, 0xff, 
  0x20, 0xfc, 0xff, 0x20, 0xfc, 0xff, 0x20, 0xfc, 0xff, 0x20, 0xfc, 0xff, 
  0x20, 0xfc, 0xff, 0x20, 0xfc, 0xff, 0x20, 0xfc, 0xff, 0x20, 0xfc, 0xff, 
  0x20, 0xfc, 0xff, 0x20, 0xfc, 0xff, 0x20, 0xfc, 0xff, 0x20, 0xfc, 0xff, 
  0x20, 0xfc, 0xff, 0x20, 0xfc, 0xff, 0x20, 0xfc, 0xff, 0x20, 0xfc, 0xff, 
  0x20, 0xfc, 0xff, 0x01, 0xfc, 0xff, 0x40, 0xfc, 0xff, 0x4a, 0xb3, 0xff, 
  0x19, 0x3a, 0xff, 0x37, 0x42, 0xff, 0x17, 0x42, 0xff, 0x17, 0x42, 0xff, 
  0x17, 0x42, 0xff, 0x17, 0x42, 0xfa, 0x39, 0x42, 0xff, 0x17, 0x42, 0xf0, 
  0x37, 0x42, 0x0f, 0x00, 0x00, 0x00, 0x99, 0x31, 0x05, 0x00, 0x00, 0x00, 
  0x00, 0x00, 0x00, 0x00, 0x00, 0x00, 0x00, 0x00, 0x00, 0x00, 0x00, 0x00, 
  0x00, 0x00, 0x00, 0x00, 0x00, 0x00, 0x00, 0x00, 0x00, 0x00, 0x00, 0x00, 
  0x00, 0x00, 0x00, 0x00, 0x00, 0x00, 0x00, 0x00, 0x00, 0x00, 0x00, 0x00, 
  0x00, 0x00, 0x00, 0x00, 0x00, 0x00, 0x00, 0x00, 0x00, 0x00, 0x00, 0x00, 
  0x00, 0x00, 0x00, 0x00, 0x00, 0x00, 0x00, 0x00, 0x00, 0x00, 0x00, 0x00, 
  0x00, 0x00, 0x00, 0x00, 0x00, 0x00, 0x00, 0x00, 0x00, 0x00, 0x00, 0x00, 
  0x00, 0x00, 0x00, 0x00, 0x00, 0x00, 0x00, 0x00, 0x00, 0x00, 0x00, 0x00, 
  0x00, 0x00, 0x00, 0x00, 0x00, 0x00, 0x00, 0x00, 0x00, 0x00, 0x00, 0x00, 
  0x00, 0x00, 0x00, 0x00, 0x00, 0x00, 0x00, 0x00, 0x00, 0x00, 0x00, 0x00, 
  0x00, 0x00, 0x00, 0x00, 0x00, 0x00, 0x00, 0x00, 0x00, 0x00, 0x00, 0x00, 
  0x00, 0x00, 0x00, 0x00, 0x00, 0x00, 0x00, 0x00, 0x00, 0x00, 0x00, 0x00, 
  0x00, 0x00, 0x00, 0x00, 0x00, 0x00, 0x00, 0x00, 0x00, 0x00, 0x00, 0x00, 
  0x00, 0x00, 0x00, 0x00, 0x00, 0x00, 0x00, 0x00, 0x00, 0x00, 0x00, 0x00, 
  0x00, 0x00, 0x00, 0x00, 0x00, 0x00, 0x00, 0x00, 0x00, 0x00, 0x00, 0x00, 
  0xff, 0x3d, 0x04, 0x00, 0x00, 0x00, 0xff, 0x3d, 0x96, 0x9f, 0x46, 0xfa, 
  0xff, 0x3d, 0xf2, 0xde, 0x3d, 0xfa, 0xde, 0x3d, 0xfa, 0xde, 0x3d, 0xfa, 
  0xde, 0x3d, 0xfa, 0xde, 0x3d, 0xfa, 0xde, 0x3d, 0xfa, 0xde, 0x3d, 0xfa, 
  0xde, 0x3d, 0xfa, 0x1f, 0x3e, 0xfa, 0xdc, 0x3c, 0xfd, 0xf9, 0x42, 0xff, 
  0x17, 0x42, 0xff, 0x37, 0x42, 0xff, 0x17, 0x42, 0xff, 0x17, 0x42, 0xff, 
  0x18, 0x42, 0xff, 0x37, 0x4a, 0xff, 0x0d, 0x9b, 0xff, 0x20, 0xfc, 0xff, 
  0x20, 0xfc, 0xff, 0x20, 0xfc, 0xff, 0x20, 0xfc, 0xff, 0x20, 0xfc, 0xff, 
  0x20, 0xfc, 0xff, 0x20, 0xfc, 0xff, 0x20, 0xfc, 0xff, 0x20, 0xfc, 0xff, 
  0x20, 0xfc, 0xff, 0x20, 0xfc, 0xff, 0x20, 0xfc, 0xff, 0x20, 0xfc, 0xff, 
  0x20, 0xfc, 0xff, 0x20, 0xfc, 0xff, 0x20, 0xfc, 0xff, 0x20, 0xfc, 0xff, 
  0x20, 0xfc, 0xff, 0x20, 0xfc, 0xff, 0x20, 0xfc, 0xff, 0x20, 0xfc, 0xff, 
  0x20, 0xfc, 0xff, 0x20, 0xfc, 0xff, 0x20, 0xfc, 0xff, 0x20, 0xfc, 0xff, 
  0x20, 0xfc, 0xff, 0x01, 0xfc, 0xff, 0x40, 0xfc, 0xff, 0xa6, 0xcb, 0xff, 
  0x74, 0x5a, 0xff, 0x17, 0x42, 0xff, 0x18, 0x42, 0xff, 0x17, 0x42, 0xff, 
  0x17, 0x42, 0xff, 0x17, 0x42, 0xfa, 0x39, 0x42, 0xff, 0x17, 0x42, 0xf0, 
  0x37, 0x42, 0x0f, 0x00, 0x00, 0x00, 0x99, 0x31, 0x05, 0x00, 0x00, 0x00, 
  0x00, 0x00, 0x00, 0x00, 0x00, 0x00, 0x00, 0x00, 0x00, 0x00, 0x00, 0x00, 
  0x00, 0x00, 0x00, 0x00, 0x00, 0x00, 0x00, 0x00, 0x00, 0x00, 0x00, 0x00, 
  0x00, 0x00, 0x00, 0x00, 0x00, 0x00, 0x00, 0x00, 0x00, 0x00, 0x00, 0x00, 
  0x00, 0x00, 0x00, 0x00, 0x00, 0x00, 0x00, 0x00, 0x00, 0x00, 0x00, 0x00, 
  0x00, 0x00, 0x00, 0x00, 0x00, 0x00, 0x00, 0x00, 0x00, 0x00, 0x00, 0x00, 
  0x00, 0x00, 0x00, 0x00, 0x00, 0x00, 0x00, 0x00, 0x00, 0x00, 0x00, 0x00, 
  0x00, 0x00, 0x00, 0x00, 0x00, 0x00, 0x00, 0x00, 0x00, 0x00, 0x00, 0x00, 
  0x00, 0x00, 0x00, 0x00, 0x00, 0x00, 0x00, 0x00, 0x00, 0x00, 0x00, 0x00, 
  0x00, 0x00, 0x00, 0x00, 0x00, 0x00, 0x00, 0x00, 0x00, 0x00, 0x00, 0x00, 
  0x00, 0x00, 0x00, 0x00, 0x00, 0x00, 0x00, 0x00, 0x00, 0x00, 0x00, 0x00, 
  0x00, 0x00, 0x00, 0x00, 0x00, 0x00, 0x00, 0x00, 0x00, 0x00, 0x00, 0x00, 
  0x00, 0x00, 0x00, 0x00, 0x00, 0x00, 0x00, 0x00, 0x00, 0x00, 0x00, 0x00, 
  0x00, 0x00, 0x00, 0x00, 0x00, 0x00, 0x00, 0x00, 0x00, 0x00, 0x00, 0x00, 
  0x00, 0x00, 0x00, 0x00, 0x00, 0x00, 0x00, 0x00, 0x00, 0x00, 0x00, 0x00, 
  0xff, 0x3d, 0x04, 0x00, 0x00, 0x00, 0xff, 0x3d, 0xa2, 0xff, 0x46, 0xff, 
  0x1f, 0x3e, 0xff, 0x3f, 0x3e, 0xff, 0x3f, 0x3e, 0xff, 0x3f, 0x3e, 0xff, 
  0x3f, 0x3e, 0xff, 0x3f, 0x3e, 0xff, 0x3f, 0x3e, 0xff, 0x3f, 0x3e, 0xff, 
  0x3f, 0x3e, 0xff, 0x9f, 0x3e, 0xff, 0x9d, 0x3c, 0xff, 0x78, 0x42, 0xff, 
  0x17, 0x42, 0xff, 0x37, 0x42, 0xff, 0x17, 0x42, 0xff, 0x37, 0x42, 0xff, 
  0xf9, 0x39, 0xff, 0x73, 0x62, 0xff, 0x87, 0xc3, 0xff, 0x20, 0xfc, 0xff, 
  0x20, 0xfc, 0xff, 0x20, 0xfc, 0xff, 0x20, 0xfc, 0xff, 0x20, 0xfc, 0xff, 
  0x20, 0xfc, 0xff, 0x20, 0xfc, 0xff, 0x20, 0xfc, 0xff, 0x20, 0xfc, 0xff, 
  0x20, 0xfc, 0xff, 0x20, 0xfc, 0xff, 0x20, 0xfc, 0xff, 0x20, 0xfc, 0xff, 
  0x20, 0xfc, 0xff, 0x20, 0xfc, 0xff, 0x20, 0xfc, 0xff, 0x20, 0xfc, 0xff, 
  0x20, 0xfc, 0xff, 0x20, 0xfc, 0xff, 0x20, 0xfc, 0xff, 0x20, 0xfc, 0xff, 
  0x20, 0xfc, 0xff, 0x20, 0xfc, 0xff, 0x20, 0xfc, 0xff, 0x20, 0xfc, 0xff, 
  0x20, 0xfc, 0xff, 0x00, 0xfc, 0xff, 0x20, 0xfc, 0xff, 0xc3, 0xe3, 0xff, 
  0xcf, 0x8a, 0xff, 0x18, 0x42, 0xff, 0x18, 0x42, 0xff, 0x17, 0x42, 0xff, 
  0x17, 0x42, 0xff, 0x17, 0x42, 0xfa, 0x39, 0x42, 0xff, 0x17, 0x42, 0xf0, 
  0x37, 0x42, 0x0f, 0x00, 0x00, 0x00, 0x99, 0x31, 0x05, 0x00, 0x00, 0x00, 
  0x00, 0x00, 0x00, 0x00, 0x00, 0x00, 0x00, 0x00, 0x00, 0x00, 0x00, 0x00, 
  0x00, 0x00, 0x00, 0x00, 0x00, 0x00, 0x00, 0x00, 0x00, 0x00, 0x00, 0x00, 
  0x00, 0x00, 0x00, 0x00, 0x00, 0x00, 0x00, 0x00, 0x00, 0x00, 0x00, 0x00, 
  0x00, 0x00, 0x00, 0x00, 0x00, 0x00, 0x00, 0x00, 0x00, 0x00, 0x00, 0x00, 
  0x00, 0x00, 0x00, 0x00, 0x00, 0x00, 0x00, 0x00, 0x00, 0x00, 0x00, 0x00, 
  0x00, 0x00, 0x00, 0x00, 0x00, 0x00, 0x00, 0x00, 0x00, 0x00, 0x00, 0x00, 
  0x00, 0x00, 0x00, 0x00, 0x00, 0x00, 0x00, 0x00, 0x00, 0x00, 0x00, 0x00, 
  0x00, 0x00, 0x00, 0x00, 0x00, 0x00, 0x00, 0x00, 0x00, 0x00, 0x00, 0x00, 
  0x00, 0x00, 0x00, 0x00, 0x00, 0x00, 0x00, 0x00, 0x00, 0x00, 0x00, 0x00, 
  0x00, 0x00, 0x00, 0x00, 0x00, 0x00, 0x00, 0x00, 0x00, 0x00, 0x00, 0x00, 
  0x00, 0x00, 0x00, 0x00, 0x00, 0x00, 0x00, 0x00, 0x00, 0x00, 0x00, 0x00, 
  0x00, 0x00, 0x00, 0x00, 0x00, 0x00, 0x00, 0x00, 0x00, 0x00, 0x00, 0x00, 
  0x00, 0x00, 0x00, 0x00, 0x00, 0x00, 0x00, 0x00, 0x00, 0x00, 0x00, 0x00, 
  0x00, 0x00, 0x00, 0x00, 0x00, 0x00, 0x00, 0x00, 0x00, 0x00, 0x00, 0x00, 
  0xff, 0x3d, 0x04, 0x00, 0x00, 0x00, 0xde, 0x3d, 0x90, 0x9f, 0x46, 0xf0, 
  0xdf, 0x3d, 0xe9, 0xff, 0x3d, 0xf0, 0xff, 0x3d, 0xf0, 0xff, 0x3d, 0xf0, 
  0xff, 0x3d, 0xf0, 0xff, 0x3d, 0xf0, 0xff, 0x3d, 0xf0, 0xff, 0x3d, 0xf0, 
  0xde, 0x3d, 0xf0, 0x3f, 0x3e, 0xf0, 0x1b, 0x3c, 0xf8, 0x38, 0x42, 0xff, 
  0x37, 0x42, 0xff, 0x17, 0x42, 0xff, 0x17, 0x42, 0xff, 0x37, 0x42, 0xff, 
  0xf9, 0x31, 0xff, 0xb1, 0x72, 0xff, 0xe3, 0xeb, 0xff, 0x20, 0xfc, 0xff, 
  0x20, 0xfc, 0xff, 0x20, 0xfc, 0xff, 0x20, 0xfc, 0xff, 0x20, 0xfc, 0xff, 
  0x20, 0xfc, 0xff, 0x20, 0xfc, 0xff, 0x20, 0xfc, 0xff, 0x20, 0xfc, 0xff, 
  0x20, 0xfc, 0xff, 0x20, 0xfc, 0xff, 0x20, 0xfc, 0xff, 0x20, 0xfc, 0xff, 
  0x20, 0xfc, 0xff, 0x20, 0xfc, 0xff, 0x20, 0xfc, 0xff, 0x20, 0xfc, 0xff, 
  0x20, 0xfc, 0xff, 0x20, 0xfc, 0xff, 0x20, 0xfc, 0xff, 0x20, 0xfc, 0xff, 
  0x20, 0xfc, 0xff, 0x20, 0xfc, 0xff, 0x20, 0xfc, 0xff, 0x20, 0xfc, 0xff, 
  0x20, 0xfc, 0xff, 0x00, 0xfc, 0xff, 0x20, 0xfc, 0xff, 0x01, 0xfc, 0xff, 
  0x2b, 0xab, 0xff, 0x18, 0x3a, 0xff, 0x18, 0x42, 0xff, 0x17, 0x42, 0xff, 
  0x17, 0x42, 0xff, 0x17, 0x42, 0xfa, 0x39, 0x42, 0xff, 0x17, 0x42, 0xf0, 
  0x37, 0x42, 0x0f, 0x00, 0x00, 0x00, 0x99, 0x31, 0x05, 0x00, 0x00, 0x00, 
  0x00, 0x00, 0x00, 0x00, 0x00, 0x00, 0x00, 0x00, 0x00, 0x00, 0x00, 0x00, 
  0x00, 0x00, 0x00, 0x00, 0x00, 0x00, 0x00, 0x00, 0x00, 0x00, 0x00, 0x00, 
  0x00, 0x00, 0x00, 0x00, 0x00, 0x00, 0x00, 0x00, 0x00, 0x00, 0x00, 0x00, 
  0x00, 0x00, 0x00, 0x00, 0x00, 0x00, 0x00, 0x00, 0x00, 0x00, 0x00, 0x00, 
  0x00, 0x00, 0x00, 0x00, 0x00, 0x00, 0x00, 0x00, 0x00, 0x00, 0x00, 0x00, 
  0x00, 0x00, 0x00, 0x00, 0x00, 0x00, 0x00, 0x00, 0x00, 0x00, 0x00, 0x00, 
  0x00, 0x00, 0x00, 0x00, 0x00, 0x00, 0x00, 0x00, 0x00, 0x00, 0x00, 0x00, 
  0x00, 0x00, 0x00, 0x00, 0x00, 0x00, 0x00, 0x00, 0x00, 0x00, 0x00, 0x00, 
  0x00, 0x00, 0x00, 0x00, 0x00, 0x00, 0x00, 0x00, 0x00, 0x00, 0x00, 0x00, 
  0x00, 0x00, 0x00, 0x00, 0x00, 0x00, 0x00, 0x00, 0x00, 0x00, 0x00, 0x00, 
  0x00, 0x00, 0x00, 0x00, 0x00, 0x00, 0x00, 0x00, 0x00, 0x00, 0x00, 0x00, 
  0x00, 0x00, 0x00, 0x00, 0x00, 0x00, 0x00, 0x00, 0x00, 0x00, 0x00, 0x00, 
  0x00, 0x00, 0x00, 0x00, 0x00, 0x00, 0x00, 0x00, 0x00, 0x00, 0x00, 0x00, 
  0x00, 0x00, 0x00, 0x00, 0x00, 0x00, 0x00, 0x00, 0x00, 0x00, 0x00, 0x00, 
  0x00, 0x00, 0x00, 0x00, 0x00, 0x00, 0x3f, 0x3e, 0x09, 0x7f, 0x46, 0x0f, 
  0x5f, 0x36, 0x0e, 0xdd, 0x35, 0x0f, 0xdd, 0x35, 0x0f, 0xdd, 0x35, 0x0f, 
  0xdd, 0x35, 0x0f, 0xdd, 0x35, 0x0f, 0xdd, 0x35, 0x0f, 0xdd, 0x35, 0x0f, 
  0x1c, 0x35, 0x13, 0x7f, 0x36, 0x0f, 0x38, 0x42, 0x92, 0x39, 0x42, 0xff, 
  0x17, 0x42, 0xfa, 0x17, 0x42, 0xff, 0x17, 0x42, 0xff, 0x37, 0x4a, 0xff, 
  0xfa, 0x31, 0xff, 0xd0, 0x7a, 0xff, 0x01, 0xfc, 0xff, 0x20, 0xfc, 0xff, 
  0x20, 0xfc, 0xff, 0x20, 0xfc, 0xff, 0x20, 0xfc, 0xff, 0x20, 0xfc, 0xff, 
  0x20, 0xfc, 0xff, 0x20, 0xfc, 0xff, 0x20, 0xfc, 0xff, 0x20, 0xfc, 0xff, 
  0x20, 0xfc, 0xff, 0x20, 0xfc, 0xff, 0x20, 0xfc, 0xff, 0x20, 0xfc, 0xff, 
  0x20, 0xfc, 0xff, 0x20, 0xfc, 0xff, 0x20, 0xfc, 0xff, 0x20, 0xfc, 0xff, 
  0x20, 0xfc, 0xff, 0x20, 0xfc, 0xff, 0x20, 0xfc, 0xff, 0x20, 0xfc, 0xff, 
  0x20, 0xfc, 0xff, 0x20, 0xfc, 0xff, 0x20, 0xfc, 0xff, 0x20, 0xfc, 0xff, 
  0x20, 0xfc, 0xff, 0x20, 0xfc, 0xff, 0x20, 0xfc, 0xff, 0x20, 0xfc, 0xff, 
  0x68, 0xbb, 0xff, 0x18, 0x3a, 0xff, 0x18, 0x42, 0xff, 0x17, 0x42, 0xff, 
  0x17, 0x42, 0xff, 0x17, 0x42, 0xfa, 0x39, 0x42, 0xff, 0x17, 0x42, 0xf0, 
  0x37, 0x42, 0x0f, 0x00, 0x00, 0x00, 0x99, 0x31, 0x05, 0x00, 0x00, 0x00, 
  0x00, 0x00, 0x00, 0x00, 0x00, 0x00, 0x00, 0x00, 0x00, 0x00, 0x00, 0x00, 
  0x00, 0x00, 0x00, 0x00, 0x00, 0x00, 0x00, 0x00, 0x00, 0x00, 0x00, 0x00, 
  0x00, 0x00, 0x00, 0x00, 0x00, 0x00, 0x00, 0x00, 0x00, 0x00, 0x00, 0x00, 
  0x00, 0x00, 0x00, 0x00, 0x00, 0x00, 0x00, 0x00, 0x00, 0x00, 0x00, 0x00, 
  0x00, 0x00, 0x00, 0x00, 0x00, 0x00, 0x00, 0x00, 0x00, 0x00, 0x00, 0x00, 
  0x00, 0x00, 0x00, 0x00, 0x00, 0x00, 0x00, 0x00, 0x00, 0x00, 0x00, 0x00, 
  0x00, 0x00, 0x00, 0x00, 0x00, 0x00, 0x00, 0x00, 0x00, 0x00, 0x00, 0x00, 
  0x00, 0x00, 0x00, 0x00, 0x00, 0x00, 0x00, 0x00, 0x00, 0x00, 0x00, 0x00, 
  0x00, 0x00, 0x00, 0x00, 0x00, 0x00, 0x00, 0x00, 0x00, 0x00, 0x00, 0x00, 
  0x00, 0x00, 0x00, 0x00, 0x00, 0x00, 0x00, 0x00, 0x00, 0x00, 0x00, 0x00, 
  0x00, 0x00, 0x00, 0x00, 0x00, 0x00, 0x00, 0x00, 0x00, 0x00, 0x00, 0x00, 
  0x00, 0x00, 0x00, 0x00, 0x00, 0x00, 0x00, 0x00, 0x00, 0x00, 0x00, 0x00, 
  0x00, 0x00, 0x00, 0x00, 0x00, 0x00, 0x00, 0x00, 0x00, 0x00, 0x00, 0x00, 
  0x00, 0x00, 0x00, 0x00, 0x00, 0x00, 0x00, 0x00, 0x00, 0x00, 0x00, 0x00, 
  0x00, 0x00, 0x00, 0x00, 0x00, 0x00, 0x00, 0x00, 0x00, 0x00, 0x00, 0x00, 
  0x00, 0x00, 0x00, 0x00, 0x00, 0x00, 0x00, 0x00, 0x00, 0x00, 0x00, 0x00, 
  0x00, 0x00, 0x00, 0x00, 0x00, 0x00, 0x00, 0x00, 0x00, 0x00, 0x00, 0x00, 
  0x00, 0x00, 0x00, 0x00, 0x00, 0x00, 0xd7, 0x41, 0x8c, 0x5a, 0x4a, 0xff, 
  0x17, 0x42, 0xf8, 0x17, 0x42, 0xff, 0x17, 0x42, 0xff, 0x37, 0x4a, 0xff, 
  0xfa, 0x29, 0xff, 0xcf, 0x8a, 0xff, 0x20, 0xfc, 0xff, 0x00, 0xfc, 0xff, 
  0x20, 0xfc, 0xff, 0x20, 0xfc, 0xff, 0x20, 0xfc, 0xff, 0x20, 0xfc, 0xff, 
  0x20, 0xfc, 0xff, 0x20, 0xfc, 0xff, 0x20, 0xfc, 0xff, 0x20, 0xfc, 0xff, 
  0x20, 0xfc, 0xff, 0x20, 0xfc, 0xff, 0x20, 0xfc, 0xff, 0x20, 0xfc, 0xff, 
  0x20, 0xfc, 0xff, 0x20, 0xfc, 0xff, 0x20, 0xfc, 0xff, 0x20, 0xfc, 0xff, 
  0x20, 0xfc, 0xff, 0x20, 0xfc, 0xff, 0x20, 0xfc, 0xff, 0x20, 0xfc, 0xff, 
  0x20, 0xfc, 0xff, 0x20, 0xfc, 0xff, 0x20, 0xfc, 0xff, 0x20, 0xfc, 0xff, 
  0x20, 0xfc, 0xff, 0x20, 0xfc, 0xff, 0x01, 0xfc, 0xff, 0x40, 0xfc, 0xff, 
  0x86, 0xcb, 0xff, 0x18, 0x3a, 0xff, 0x18, 0x42, 0xff, 0x17, 0x42, 0xff, 
  0x17, 0x42, 0xff, 0x17, 0x42, 0xfb, 0x39, 0x42, 0xff, 0x17, 0x42, 0xea, 
  0x59, 0x4a, 0x0e, 0x00, 0x00, 0x00, 0x93, 0x31, 0x05, 0x00, 0x00, 0x00, 
  0x00, 0x00, 0x00, 0x00, 0x00, 0x00, 0x00, 0x00, 0x00, 0x00, 0x00, 0x00, 
  0x00, 0x00, 0x00, 0x00, 0x00, 0x00, 0x00, 0x00, 0x00, 0x00, 0x00, 0x00, 
  0x00, 0x00, 0x00, 0x00, 0x00, 0x00, 0x00, 0x00, 0x00, 0x00, 0x00, 0x00, 
  0x00, 0x00, 0x00, 0x00, 0x00, 0x00, 0x00, 0x00, 0x00, 0x00, 0x00, 0x00, 
  0x00, 0x00, 0x00, 0x00, 0x00, 0x00, 0x00, 0x00, 0x00, 0x00, 0x00, 0x00, 
  0x00, 0x00, 0x00, 0x00, 0x00, 0x00, 0x00, 0x00, 0x00, 0x00, 0x00, 0x00, 
  0x00, 0x00, 0x00, 0x00, 0x00, 0x00, 0x00, 0x00, 0x00, 0x00, 0x00, 0x00, 
  0x00, 0x00, 0x00, 0x00, 0x00, 0x00, 0x00, 0x00, 0x00, 0x00, 0x00, 0x00, 
  0x00, 0x00, 0x00, 0x00, 0x00, 0x00, 0x00, 0x00, 0x00, 0x00, 0x00, 0x00, 
  0x00, 0x00, 0x00, 0x00, 0x00, 0x00, 0x00, 0x00, 0x00, 0x00, 0x00, 0x00, 
  0x00, 0x00, 0x00, 0x00, 0x00, 0x00, 0x00, 0x00, 0x00, 0x00, 0x00, 0x00, 
  0x00, 0x00, 0x00, 0x00, 0x00, 0x00, 0x00, 0x00, 0x00, 0x00, 0x00, 0x00, 
  0x00, 0x00, 0x00, 0x00, 0x00, 0x00, 0x00, 0x00, 0x00, 0x00, 0x00, 0x00, 
  0x00, 0x00, 0x00, 0x00, 0x00, 0x00, 0x00, 0x00, 0x00, 0x00, 0x00, 0x00, 
  0x00, 0x00, 0x00, 0x00, 0x00, 0x00, 0x5f, 0x55, 0x03, 0x7f, 0x36, 0x05, 
  0xdf, 0x34, 0x05, 0x7f, 0x36, 0x05, 0x7f, 0x36, 0x05, 0x7f, 0x36, 0x05, 
  0x7f, 0x36, 0x05, 0x7f, 0x36, 0x05, 0x7f, 0x36, 0x05, 0x7f, 0x36, 0x05, 
  0x9c, 0x3b, 0x09, 0x7f, 0x36, 0x05, 0x17, 0x42, 0x99, 0x5a, 0x4a, 0xff, 
  0x17, 0x42, 0xf8, 0x17, 0x42, 0xff, 0x17, 0x42, 0xff, 0x37, 0x4a, 0xff, 
  0xfa, 0x29, 0xff, 0xcf, 0x8a, 0xff, 0x40, 0xfc, 0xff, 0x00, 0xfc, 0xff, 
  0x20, 0xfc, 0xff, 0x20, 0xfc, 0xff, 0x20, 0xfc, 0xff, 0x20, 0xfc, 0xff, 
  0x20, 0xfc, 0xff, 0x20, 0xfc, 0xff, 0x20, 0xfc, 0xff, 0x20, 0xfc, 0xff, 
  0x20, 0xfc, 0xff, 0x20, 0xfc, 0xff, 0x20, 0xfc, 0xff, 0x20, 0xfc, 0xff, 
  0x20, 0xfc, 0xff, 0x20, 0xfc, 0xff, 0x20, 0xfc, 0xff, 0x20, 0xfc, 0xff, 
  0x20, 0xfc, 0xff, 0x20, 0xfc, 0xff, 0x20, 0xfc, 0xff, 0x20, 0xfc, 0xff, 
  0x20, 0xfc, 0xff, 0x20, 0xfc, 0xff, 0x20, 0xfc, 0xff, 0x20, 0xfc, 0xff, 
  0x20, 0xfc, 0xff, 0x20, 0xfc, 0xff, 0x01, 0xfc, 0xff, 0x40, 0xfc, 0xff, 
  0xa6, 0xd3, 0xff, 0x18, 0x3a, 0xff, 0x18, 0x42, 0xff, 0x17, 0x42, 0xff, 
  0x17, 0x42, 0xff, 0x17, 0x42, 0xfb, 0x39, 0x42, 0xff, 0x17, 0x42, 0xe9, 
  0x59, 0x4a, 0x0e, 0x00, 0x00, 0x00, 0x93, 0x31, 0x05, 0x00, 0x00, 0x00, 
  0x00, 0x00, 0x00, 0x00, 0x00, 0x00, 0x00, 0x00, 0x00, 0x00, 0x00, 0x00, 
  0x00, 0x00, 0x00, 0x00, 0x00, 0x00, 0x00, 0x00, 0x00, 0x00, 0x00, 0x00, 
  0x00, 0x00, 0x00, 0x00, 0x00, 0x00, 0x00, 0x00, 0x00, 0x00, 0x00, 0x00, 
  0x00, 0x00, 0x00, 0x00, 0x00, 0x00, 0x00, 0x00, 0x00, 0x00, 0x00, 0x00, 
  0x00, 0x00, 0x00, 0x00, 0x00, 0x00, 0x00, 0x00, 0x00, 0x00, 0x00, 0x00, 
  0x00, 0x00, 0x00, 0x00, 0x00, 0x00, 0x00, 0x00, 0x00, 0x00, 0x00, 0x00, 
  0x00, 0x00, 0x00, 0x00, 0x00, 0x00, 0x00, 0x00, 0x00, 0x00, 0x00, 0x00, 
  0x00, 0x00, 0x00, 0x00, 0x00, 0x00, 0x00, 0x00, 0x00, 0x00, 0x00, 0x00, 
  0x00, 0x00, 0x00, 0x00, 0x00, 0x00, 0x00, 0x00, 0x00, 0x00, 0x00, 0x00, 
  0x00, 0x00, 0x00, 0x00, 0x00, 0x00, 0x00, 0x00, 0x00, 0x00, 0x00, 0x00, 
  0x00, 0x00, 0x00, 0x00, 0x00, 0x00, 0x00, 0x00, 0x00, 0x00, 0x00, 0x00, 
  0x00, 0x00, 0x00, 0x00, 0x00, 0x00, 0x00, 0x00, 0x00, 0x00, 0x00, 0x00, 
  0x00, 0x00, 0x00, 0x00, 0x00, 0x00, 0x00, 0x00, 0x00, 0x00, 0x00, 0x00, 
  0x00, 0x00, 0x00, 0x00, 0x00, 0x00, 0x00, 0x00, 0x00, 0x00, 0x00, 0x00, 
  0x00, 0x00, 0x00, 0x00, 0x00, 0x00, 0x00, 0x00, 0x00, 0x00, 0x00, 0x00, 
  0x00, 0x00, 0x00, 0x00, 0x00, 0x00, 0x00, 0x00, 0x00, 0x00, 0x00, 0x00, 
  0x00, 0x00, 0x00, 0x00, 0x00, 0x00, 0x00, 0x00, 0x00, 0x00, 0x00, 0x00, 
  0xf7, 0x39, 0x04, 0x00, 0x00, 0x00, 0x17, 0x42, 0x93, 0x5a, 0x4a, 0xff, 
  0x17, 0x42, 0xf9, 0x17, 0x42, 0xff, 0x17, 0x42, 0xff, 0x37, 0x4a, 0xff, 
  0xfa, 0x29, 0xff, 0xcf, 0x82, 0xff, 0x20, 0xfc, 0xff, 0x00, 0xfc, 0xff, 
  0x20, 0xfc, 0xff, 0x20, 0xfc, 0xff, 0x20, 0xfc, 0xff, 0x20, 0xfc, 0xff, 
  0x20, 0xfc, 0xff, 0x20, 0xfc, 0xff, 0x20, 0xfc, 0xff, 0x20, 0xfc, 0xff, 
  0x20, 0xfc, 0xff, 0x20, 0xfc, 0xff, 0x20, 0xfc, 0xff, 0x20, 0xfc, 0xff, 
  0x20, 0xfc, 0xff, 0x20, 0xfc, 0xff, 0x20, 0xfc, 0xff, 0x20, 0xfc, 0xff, 
  0x20, 0xfc, 0xff, 0x20, 0xfc, 0xff, 0x20, 0xfc, 0xff, 0x20, 0xfc, 0xff, 
  0x20, 0xfc, 0xff, 0x20, 0xfc, 0xff, 0x20, 0xfc, 0xff, 0x20, 0xfc, 0xff, 
  0x20, 0xfc, 0xff, 0x20, 0xfc, 0xff, 0x01, 0xfc, 0xff, 0x40, 0xfc, 0xff, 
  0x87, 0xcb, 0xff, 0x18, 0x3a, 0xff, 0x18, 0x42, 0xff, 0x17, 0x42, 0xff, 
  0x17, 0x42, 0xff, 0x17, 0x42, 0xfc, 0x39, 0x42, 0xff, 0x17, 0x42, 0xe6, 
  0x59, 0x4a, 0x0e, 0x00, 0x00, 0x00, 0x93, 0x31, 0x05, 0x00, 0x00, 0x00, 
  0x00, 0x00, 0x00, 0x00, 0x00, 0x00, 0x00, 0x00, 0x00, 0x00, 0x00, 0x00, 
  0x00, 0x00, 0x00, 0x00, 0x00, 0x00, 0x00, 0x00, 0x00, 0x00, 0x00, 0x00, 
  0x00, 0x00, 0x00, 0x00, 0x00, 0x00, 0x00, 0x00, 0x00, 0x00, 0x00, 0x00, 
  0x00, 0x00, 0x00, 0x00, 0x00, 0x00, 0x00, 0x00, 0x00, 0x00, 0x00, 0x00, 
  0x00, 0x00, 0x00, 0x00, 0x00, 0x00, 0x00, 0x00, 0x00, 0x00, 0x00, 0x00, 
  0x00, 0x00, 0x00, 0x00, 0x00, 0x00, 0x00, 0x00, 0x00, 0x00, 0x00, 0x00, 
  0x00, 0x00, 0x00, 0x00, 0x00, 0x00, 0x00, 0x00, 0x00, 0x00, 0x00, 0x00, 
  0x00, 0x00, 0x00, 0x00, 0x00, 0x00, 0x00, 0x00, 0x00, 0x00, 0x00, 0x00, 
  0x00, 0x00, 0x00, 0x00, 0x00, 0x00, 0x00, 0x00, 0x00, 0x00, 0x00, 0x00, 
  0x00, 0x00, 0x00, 0x00, 0x00, 0x00, 0x00, 0x00, 0x00, 0x00, 0x00, 0x00, 
  0x00, 0x00, 0x00, 0x00, 0x00, 0x00, 0x00, 0x00, 0x00, 0x00, 0x00, 0x00, 
  0x00, 0x00, 0x00, 0x00, 0x00, 0x00, 0x00, 0x00, 0x00, 0x00, 0x00, 0x00, 
  0x00, 0x00, 0x00, 0x00, 0x00, 0x00, 0x00, 0x00, 0x00, 0x00, 0x00, 0x00, 
  0x00, 0x00, 0x00, 0x00, 0x00, 0x00, 0x00, 0x00, 0x00, 0x00, 0x00, 0x00, 
  0x00, 0x00, 0x00, 0x00, 0x00, 0x00, 0x00, 0x00, 0x00, 0x00, 0x00, 0x00, 
  0x00, 0x00, 0x00, 0x00, 0x00, 0x00, 0x00, 0x00, 0x00, 0x00, 0x00, 0x00, 
  0x00, 0x00, 0x00, 0x00, 0x00, 0x00, 0x00, 0x00, 0x00, 0x00, 0x00, 0x00, 
  0xf7, 0x39, 0x04, 0x00, 0x00, 0x00, 0x17, 0x42, 0x88, 0x39, 0x42, 0xff, 
  0x17, 0x42, 0xfb, 0x17, 0x42, 0xff, 0x17, 0x42, 0xff, 0x37, 0x4a, 0xff, 
  0xfa, 0x31, 0xff, 0xb0, 0x7a, 0xff, 0x01, 0xf4, 0xff, 0x20, 0xfc, 0xff, 
  0x20, 0xfc, 0xff, 0x20, 0xfc, 0xff, 0x20, 0xfc, 0xff, 0x20, 0xfc, 0xff, 
  0x20, 0xfc, 0xff, 0x20, 0xfc, 0xff, 0x20, 0xfc, 0xff, 0x20, 0xfc, 0xff, 
  0x20, 0xfc, 0xff, 0x20, 0xfc, 0xff, 0x20, 0xfc, 0xff, 0x20, 0xfc, 0xff, 
  0x20, 0xfc, 0xff, 0x20, 0xfc, 0xff, 0x20, 0xfc, 0xff, 0x20, 0xfc, 0xff, 
  0x20, 0xfc, 0xff, 0x20, 0xfc, 0xff, 0x20, 0xfc, 0xff, 0x20, 0xfc, 0xff, 
  0x20, 0xfc, 0xff, 0x20, 0xfc, 0xff, 0x20, 0xfc, 0xff, 0x20, 0xfc, 0xff, 
  0x20, 0xfc, 0xff, 0x20, 0xfc, 0xff, 0x20, 0xfc, 0xff, 0x20, 0xfc, 0xff, 
  0x69, 0xbb, 0xff, 0x18, 0x3a, 0xff, 0x18, 0x42, 0xff, 0x17, 0x42, 0xff, 
  0x17, 0x42, 0xfe, 0x17, 0x42, 0xfe, 0x38, 0x42, 0xff, 0x17, 0x42, 0xd7, 
  0x78, 0x4a, 0x0d, 0x00, 0x00, 0x00, 0xf7, 0x39, 0x04, 0x00, 0x00, 0x00, 
  0x00, 0x00, 0x00, 0x00, 0x00, 0x00, 0x00, 0x00, 0x00, 0x00, 0x00, 0x00, 
  0x00, 0x00, 0x00, 0x00, 0x00, 0x00, 0x00, 0x00, 0x00, 0x00, 0x00, 0x00, 
  0x00, 0x00, 0x00, 0x00, 0x00, 0x00, 0x00, 0x00, 0x00, 0x00, 0x00, 0x00, 
  0x00, 0x00, 0x00, 0x00, 0x00, 0x00, 0x00, 0x00, 0x00, 0x00, 0x00, 0x00, 
  0x00, 0x00, 0x00, 0x00, 0x00, 0x00, 0x00, 0x00, 0x00, 0x00, 0x00, 0x00, 
  0x00, 0x00, 0x00, 0x00, 0x00, 0x00, 0x00, 0x00, 0x00, 0x00, 0x00, 0x00, 
  0x00, 0x00, 0x00, 0x00, 0x00, 0x00, 0x00, 0x00, 0x00, 0x00, 0x00, 0x00, 
  0x00, 0x00, 0x00, 0x00, 0x00, 0x00, 0x00, 0x00, 0x00, 0x00, 0x00, 0x00, 
  0x00, 0x00, 0x00, 0x00, 0x00, 0x00, 0x00, 0x00, 0x00, 0x00, 0x00, 0x00, 
  0x00, 0x00, 0x00, 0x00, 0x00, 0x00, 0x00, 0x00, 0x00, 0x00, 0x00, 0x00, 
  0x00, 0x00, 0x00, 0x00, 0x00, 0x00, 0x00, 0x00, 0x00, 0x00, 0x00, 0x00, 
  0x00, 0x00, 0x00, 0x00, 0x00, 0x00, 0x00, 0x00, 0x00, 0x00, 0x00, 0x00, 
  0x00, 0x00, 0x00, 0x00, 0x00, 0x00, 0x00, 0x00, 0x00, 0x00, 0x00, 0x00, 
  0x00, 0x00, 0x00, 0x00, 0x00, 0x00, 0x00, 0x00, 0x00, 0x00, 0x00, 0x00, 
  0x00, 0x00, 0x00, 0x00, 0x00, 0x00, 0x00, 0x00, 0x00, 0x00, 0x00, 0x00, 
  0x00, 0x00, 0x00, 0x00, 0x00, 0x00, 0x00, 0x00, 0x00, 0x00, 0x00, 0x00, 
  0x00, 0x00, 0x00, 0x00, 0x00, 0x00, 0x00, 0x00, 0x00, 0x00, 0x00, 0x00, 
  0xb5, 0x52, 0x03, 0x00, 0x00, 0x00, 0x38, 0x42, 0x76, 0x17, 0x42, 0xfb, 
  0x17, 0x42, 0xfd, 0x17, 0x42, 0xfe, 0x17, 0x42, 0xff, 0x37, 0x42, 0xff, 
  0xf9, 0x31, 0xff, 0xb1, 0x72, 0xff, 0xc4, 0xe3, 0xff, 0x20, 0xfc, 0xff, 
  0x20, 0xfc, 0xff, 0x20, 0xfc, 0xff, 0x20, 0xfc, 0xff, 0x20, 0xfc, 0xff, 
  0x20, 0xfc, 0xff, 0x20, 0xfc, 0xff, 0x20, 0xfc, 0xff, 0x20, 0xfc, 0xff, 
  0x20, 0xfc, 0xff, 0x20, 0xfc, 0xff, 0x20, 0xfc, 0xff, 0x20, 0xfc, 0xff, 
  0x20, 0xfc, 0xff, 0x20, 0xfc, 0xff, 0x20, 0xfc, 0xff, 0x20, 0xfc, 0xff, 
  0x20, 0xfc, 0xff, 0x20, 0xfc, 0xff, 0x20, 0xfc, 0xff, 0x20, 0xfc, 0xff, 
  0x20, 0xfc, 0xff, 0x20, 0xfc, 0xff, 0x20, 0xfc, 0xff, 0x20, 0xfc, 0xff, 
  0x20, 0xfc, 0xff, 0x00, 0xfc, 0xff, 0x20, 0xfc, 0xff, 0x01, 0xf4, 0xff, 
  0x2b, 0xa3, 0xff, 0x18, 0x3a, 0xff, 0x18, 0x42, 0xff, 0x17, 0x42, 0xff, 
  0x17, 0x42, 0xfe, 0x18, 0x42, 0xff, 0x38, 0x42, 0xff, 0x17, 0x42, 0xbf, 
  0x37, 0x42, 0x0b, 0x00, 0x00, 0x00, 0xf7, 0x39, 0x04, 0x00, 0x00, 0x00, 
  0x00, 0x00, 0x00, 0x00, 0x00, 0x00, 0x00, 0x00, 0x00, 0x00, 0x00, 0x00, 
  0x00, 0x00, 0x00, 0x00, 0x00, 0x00, 0x00, 0x00, 0x00, 0x00, 0x00, 0x00, 
  0x00, 0x00, 0x00, 0x00, 0x00, 0x00, 0x00, 0x00, 0x00, 0x00, 0x00, 0x00, 
  0x00, 0x00, 0x00, 0x00, 0x00, 0x00, 0x00, 0x00, 0x00, 0x00, 0x00, 0x00, 
  0x00, 0x00, 0x00, 0x00, 0x00, 0x00, 0x00, 0x00, 0x00, 0x00, 0x00, 0x00, 
  0x00, 0x00, 0x00, 0x00, 0x00, 0x00, 0x00, 0x00, 0x00, 0x00, 0x00, 0x00, 
  0x00, 0x00, 0x00, 0x00, 0x00, 0x00, 0x00, 0x00, 0x00, 0x00, 0x00, 0x00, 
  0x00, 0x00, 0x00, 0x00, 0x00, 0x00, 0x00, 0x00, 0x00, 0x00, 0x00, 0x00, 
  0x00, 0x00, 0x00, 0x00, 0x00, 0x00, 0x00, 0x00, 0x00, 0x00, 0x00, 0x00, 
  0x00, 0x00, 0x00, 0x00, 0x00, 0x00, 0x00, 0x00, 0x00, 0x00, 0x00, 0x00, 
  0x00, 0x00, 0x00, 0x00, 0x00, 0x00, 0x00, 0x00, 0x00, 0x00, 0x00, 0x00, 
  0x00, 0x00, 0x00, 0x00, 0x00, 0x00, 0x00, 0x00, 0x00, 0x00, 0x00, 0x00, 
  0x00, 0x00, 0x00, 0x00, 0x00, 0x00, 0x00, 0x00, 0x00, 0x00, 0x00, 0x00, 
  0x00, 0x00, 0x00, 0x00, 0x00, 0x00, 0x00, 0x00, 0x00, 0x00, 0x00, 0x00, 
  0x00, 0x00, 0x00, 0x00, 0x00, 0x00, 0x00, 0x00, 0x00, 0x00, 0x00, 0x00, 
  0x00, 0x00, 0x00, 0x00, 0x00, 0x00, 0x00, 0x00, 0x00, 0x00, 0x00, 0x00, 
  0x00, 0x00, 0x00, 0x00, 0x00, 0x00, 0x00, 0x00, 0x00, 0x00, 0x00, 0x00, 
  0xb5, 0x52, 0x03, 0x00, 0x00, 0x00, 0x38, 0x42, 0x5d, 0x17, 0x42, 0xe2, 
  0x38, 0x42, 0xff, 0x17, 0x42, 0xfe, 0x17, 0x42, 0xff, 0x37, 0x42, 0xff, 
  0x18, 0x3a, 0xff, 0x74, 0x5a, 0xff, 0x68, 0xbb, 0xff, 0x20, 0xfc, 0xff, 
  0x20, 0xfc, 0xff, 0x20, 0xfc, 0xff, 0x20, 0xfc, 0xff, 0x20, 0xfc, 0xff, 
  0x20, 0xfc, 0xff, 0x20, 0xfc, 0xff, 0x20, 0xfc, 0xff, 0x20, 0xfc, 0xff, 
  0x20, 0xfc, 0xff, 0x20, 0xfc, 0xff, 0x20, 0xfc, 0xff, 0x20, 0xfc, 0xff, 
  0x20, 0xfc, 0xff, 0x20, 0xfc, 0xff, 0x20, 0xfc, 0xff, 0x20, 0xfc, 0xff, 
  0x20, 0xfc, 0xff, 0x20, 0xfc, 0xff, 0x20, 0xfc, 0xff, 0x20, 0xfc, 0xff, 
  0x20, 0xfc, 0xff, 0x20, 0xfc, 0xff, 0x20, 0xfc, 0xff, 0x20, 0xfc, 0xff, 
  0x20, 0xfc, 0xff, 0x01, 0xfc, 0xff, 0x20, 0xfc, 0xff, 0xc4, 0xe3, 0xff, 
  0xd0, 0x82, 0xff, 0x18, 0x42, 0xff, 0x18, 0x42, 0xff, 0x17, 0x42, 0xff, 
  0x17, 0x42, 0xfc, 0x38, 0x42, 0xff, 0x17, 0x42, 0xf8, 0x17, 0x42, 0x9c, 
  0xf7, 0x39, 0x08, 0x00, 0x00, 0x00, 0xb5, 0x52, 0x03, 0x00, 0x00, 0x00, 
  0x00, 0x00, 0x00, 0x00, 0x00, 0x00, 0x00, 0x00, 0x00, 0x00, 0x00, 0x00, 
  0x00, 0x00, 0x00, 0x00, 0x00, 0x00, 0x00, 0x00, 0x00, 0x00, 0x00, 0x00, 
  0x00, 0x00, 0x00, 0x00, 0x00, 0x00, 0x00, 0x00, 0x00, 0x00, 0x00, 0x00, 
  0x00, 0x00, 0x00, 0x00, 0x00, 0x00, 0x00, 0x00, 0x00, 0x00, 0x00, 0x00, 
  0x00, 0x00, 0x00, 0x00, 0x00, 0x00, 0x00, 0x00, 0x00, 0x00, 0x00, 0x00, 
  0x00, 0x00, 0x00, 0x00, 0x00, 0x00, 0x00, 0x00, 0x00, 0x00, 0x00, 0x00, 
  0x00, 0x00, 0x00, 0x00, 0x00, 0x00, 0x00, 0x00, 0x00, 0x00, 0x00, 0x00, 
  0x00, 0x00, 0x00, 0x00, 0x00, 0x00, 0x00, 0x00, 0x00, 0x00, 0x00, 0x00, 
  0x00, 0x00, 0x00, 0x00, 0x00, 0x00, 0x00, 0x00, 0x00, 0x00, 0x00, 0x00, 
  0x00, 0x00, 0x00, 0x00, 0x00, 0x00, 0x00, 0x00, 0x00, 0x00, 0x00, 0x00, 
  0x00, 0x00, 0x00, 0x00, 0x00, 0x00, 0x00, 0x00, 0x00, 0x00, 0x00, 0x00, 
  0x00, 0x00, 0x00, 0x00, 0x00, 0x00, 0x00, 0x00, 0x00, 0x00, 0x00, 0x00, 
  0x00, 0x00, 0x00, 0x00, 0x00, 0x00, 0x00, 0x00, 0x00, 0x00, 0x00, 0x00, 
  0x00, 0x00, 0x00, 0x00, 0x00, 0x00, 0x00, 0x00, 0x00, 0x00, 0x00, 0x00, 
  0x00, 0x00, 0x00, 0x00, 0x00, 0x00, 0x00, 0x00, 0x00, 0x00, 0x00, 0x00, 
  0x00, 0x00, 0x00, 0x00, 0x00, 0x00, 0x00, 0x00, 0x00, 0x00, 0x00, 0x00, 
  0x00, 0x00, 0x00, 0x00, 0x00, 0x00, 0x00, 0x00, 0x00, 0x00, 0x00, 0x00, 
  0x0f, 0x00, 0x02, 0x00, 0x00, 0x00, 0x17, 0x42, 0x40, 0x17, 0x42, 0xc2, 
  0x38, 0x42, 0xff, 0x17, 0x42, 0xfd, 0x17, 0x42, 0xff, 0x17, 0x42, 0xff, 
  0x17, 0x42, 0xff, 0x37, 0x42, 0xff, 0xee, 0x8a, 0xff, 0x20, 0xfc, 0xff, 
  0x20, 0xfc, 0xff, 0x20, 0xfc, 0xff, 0x20, 0xfc, 0xff, 0x20, 0xfc, 0xff, 
  0x20, 0xfc, 0xff, 0x20, 0xfc, 0xff, 0x20, 0xfc, 0xff, 0x20, 0xfc, 0xff, 
  0x20, 0xfc, 0xff, 0x20, 0xfc, 0xff, 0x20, 0xfc, 0xff, 0x20, 0xfc, 0xff, 
  0x20, 0xfc, 0xff, 0x20, 0xfc, 0xff, 0x20, 0xfc, 0xff, 0x20, 0xfc, 0xff, 
  0x20, 0xfc, 0xff, 0x20, 0xfc, 0xff, 0x20, 0xfc, 0xff, 0x20, 0xfc, 0xff, 
  0x20, 0xfc, 0xff, 0x20, 0xfc, 0xff, 0x20, 0xfc, 0xff, 0x20, 0xfc, 0xff, 
  0x20, 0xfc, 0xff, 0x01, 0xfc, 0xff, 0x40, 0xfc, 0xff, 0x87, 0xcb, 0xff, 
  0x55, 0x52, 0xff, 0x17, 0x42, 0xff, 0x17, 0x42, 0xff, 0x17, 0x42, 0xff, 
  0x17, 0x42, 0xfb, 0x38, 0x42, 0xff, 0x17, 0x42, 0xea, 0x17, 0x42, 0x71, 
  0x99, 0x31, 0x05, 0x00, 0x00, 0x00, 0xff, 0x7b, 0x02, 0x00, 0x00, 0x00, 
  0x00, 0x00, 0x00, 0x00, 0x00, 0x00, 0x00, 0x00, 0x00, 0x00, 0x00, 0x00, 
  0x00, 0x00, 0x00, 0x00, 0x00, 0x00, 0x00, 0x00, 0x00, 0x00, 0x00, 0x00, 
  0x00, 0x00, 0x00, 0x00, 0x00, 0x00, 0x00, 0x00, 0x00, 0x00, 0x00, 0x00, 
  0x00, 0x00, 0x00, 0x00, 0x00, 0x00, 0x00, 0x00, 0x00, 0x00, 0x00, 0x00, 
  0x00, 0x00, 0x00, 0x00, 0x00, 0x00, 0x00, 0x00, 0x00, 0x00, 0x00, 0x00, 
  0x00, 0x00, 0x00, 0x00, 0x00, 0x00, 0x00, 0x00, 0x00, 0x00, 0x00, 0x00, 
  0x00, 0x00, 0x00, 0x00, 0x00, 0x00, 0x00, 0x00, 0x00, 0x00, 0x00, 0x00, 
  0x00, 0x00, 0x00, 0x00, 0x00, 0x00, 0x00, 0x00, 0x00, 0x00, 0x00, 0x00, 
  0x00, 0x00, 0x00, 0x00, 0x00, 0x00, 0x00, 0x00, 0x00, 0x00, 0x00, 0x00, 
  0x00, 0x00, 0x00, 0x00, 0x00, 0x00, 0x00, 0x00, 0x00, 0x00, 0x00, 0x00, 
  0x00, 0x00, 0x00, 0x00, 0x00, 0x00, 0x00, 0x00, 0x00, 0x00, 0x00, 0x00, 
  0x00, 0x00, 0x00, 0x00, 0x00, 0x00, 0x00, 0x00, 0x00, 0x00, 0x00, 0x00, 
  0x00, 0x00, 0x00, 0x00, 0x00, 0x00, 0x00, 0x00, 0x00, 0x00, 0x00, 0x00, 
  0x00, 0x00, 0x00, 0x00, 0x00, 0x00, 0x00, 0x00, 0x00, 0x00, 0x00, 0x00, 
  0x00, 0x00, 0x00, 0x00, 0x00, 0x00, 0xff, 0x3d, 0x04, 0xdf, 0x4e, 0x07, 
  0xbf, 0x4d, 0x07, 0xbf, 0x4d, 0x07, 0xbf, 0x4d, 0x07, 0xbf, 0x4d, 0x07, 
  0xbf, 0x4d, 0x07, 0xbf, 0x4d, 0x07, 0xbf, 0x4d, 0x07, 0xbf, 0x4d, 0x07, 
  0x7c, 0x3c, 0x09, 0xfb, 0x1c, 0x08, 0x39, 0x43, 0x1b, 0x38, 0x42, 0xa3, 
  0x5a, 0x4a, 0xff, 0x17, 0x42, 0xfc, 0x17, 0x42, 0xff, 0x17, 0x42, 0xff, 
  0x37, 0x42, 0xff, 0xf9, 0x31, 0xff, 0x93, 0x6a, 0xff, 0x02, 0xf4, 0xff, 
  0x20, 0xfc, 0xff, 0x20, 0xfc, 0xff, 0x20, 0xfc, 0xff, 0x20, 0xfc, 0xff, 
  0x20, 0xfc, 0xff, 0x20, 0xfc, 0xff, 0x20, 0xfc, 0xff, 0x20, 0xfc, 0xff, 
  0x20, 0xfc, 0xff, 0x20, 0xfc, 0xff, 0x20, 0xfc, 0xff, 0x20, 0xfc, 0xff, 
  0x20, 0xfc, 0xff, 0x20, 0xfc, 0xff, 0x20, 0xfc, 0xff, 0x20, 0xfc, 0xff, 
  0x20, 0xfc, 0xff, 0x20, 0xfc, 0xff, 0x20, 0xfc, 0xff, 0x20, 0xfc, 0xff, 
  0x20, 0xfc, 0xff, 0x20, 0xfc, 0xff, 0x20, 0xfc, 0xff, 0x20, 0xfc, 0xff, 
  0x20, 0xfc, 0xff, 0x01, 0xfc, 0xff, 0x20, 0xfc, 0xff, 0x2b, 0xab, 0xff, 
  0xf9, 0x39, 0xff, 0x37, 0x42, 0xff, 0x17, 0x42, 0xff, 0x17, 0x42, 0xff, 
  0x17, 0x42, 0xf9, 0x39, 0x42, 0xfe, 0x17, 0x42, 0xde, 0x37, 0x42, 0x37, 
  0x1f, 0x00, 0x01, 0x00, 0x00, 0x00, 0x1f, 0x00, 0x01, 0x00, 0x00, 0x00, 
  0x00, 0x00, 0x00, 0x00, 0x00, 0x00, 0x00, 0x00, 0x00, 0x00, 0x00, 0x00, 
  0x00, 0x00, 0x00, 0x00, 0x00, 0x00, 0x00, 0x00, 0x00, 0x00, 0x00, 0x00, 
  0x00, 0x00, 0x00, 0x00, 0x00, 0x00, 0x00, 0x00, 0x00, 0x00, 0x00, 0x00, 
  0x00, 0x00, 0x00, 0x00, 0x00, 0x00, 0x00, 0x00, 0x00, 0x00, 0x00, 0x00, 
  0x00, 0x00, 0x00, 0x00, 0x00, 0x00, 0x00, 0x00, 0x00, 0x00, 0x00, 0x00, 
  0x00, 0x00, 0x00, 0x00, 0x00, 0x00, 0x00, 0x00, 0x00, 0x00, 0x00, 0x00, 
  0x00, 0x00, 0x00, 0x00, 0x00, 0x00, 0x00, 0x00, 0x00, 0x00, 0x00, 0x00, 
  0x00, 0x00, 0x00, 0x00, 0x00, 0x00, 0x00, 0x00, 0x00, 0x00, 0x00, 0x00, 
  0x00, 0x00, 0x00, 0x00, 0x00, 0x00, 0x00, 0x00, 0x00, 0x00, 0x00, 0x00, 
  0x00, 0x00, 0x00, 0x00, 0x00, 0x00, 0x00, 0x00, 0x00, 0x00, 0x00, 0x00, 
  0x00, 0x00, 0x00, 0x00, 0x00, 0x00, 0x00, 0x00, 0x00, 0x00, 0x00, 0x00, 
  0x00, 0x00, 0x00, 0x00, 0x00, 0x00, 0x00, 0x00, 0x00, 0x00, 0x00, 0x00, 
  0x00, 0x00, 0x00, 0x00, 0x00, 0x00, 0x00, 0x00, 0x00, 0x00, 0x00, 0x00, 
  0x00, 0x00, 0x00, 0x00, 0x00, 0x00, 0x00, 0x00, 0x00, 0x00, 0x00, 0x00, 
  0x00, 0x00, 0x00, 0x00, 0x00, 0x00, 0x00, 0x00, 0x00, 0x00, 0x00, 0x00, 
  0x00, 0x00, 0x00, 0x00, 0x00, 0x00, 0x00, 0x00, 0x00, 0x00, 0x00, 0x00, 
  0x00, 0x00, 0x00, 0x00, 0x00, 0x00, 0x00, 0x00, 0x00, 0x00, 0x00, 0x00, 
  0x00, 0x00, 0x00, 0x00, 0x00, 0x00, 0x00, 0x00, 0x00, 0x36, 0x41, 0x5b, 
  0x18, 0x42, 0xf9, 0x17, 0x42, 0xfd, 0x18, 0x42, 0xff, 0x17, 0x42, 0xff, 
  0x37, 0x42, 0xff, 0x19, 0x3a, 0xff, 0x36, 0x4a, 0xff, 0x2a, 0xab, 0xff, 
  0x20, 0xfc, 0xff, 0x20, 0xfc, 0xff, 0x01, 0xfc, 0xff, 0x20, 0xfc, 0xff, 
  0x20, 0xfc, 0xff, 0x20, 0xfc, 0xff, 0x20, 0xfc, 0xff, 0x20, 0xfc, 0xff, 
  0x20, 0xfc, 0xff, 0x20, 0xfc, 0xff, 0x20, 0xfc, 0xff, 0x20, 0xfc, 0xff, 
  0x20, 0xfc, 0xff, 0x20, 0xfc, 0xff, 0x20, 0xfc, 0xff, 0x20, 0xfc, 0xff, 
  0x20, 0xfc, 0xff, 0x20, 0xfc, 0xff, 0x20, 0xfc, 0xff, 0x20, 0xfc, 0xff, 
  0x20, 0xfc, 0xff, 0x20, 0xfc, 0xff, 0x20, 0xfc, 0xff, 0x20, 0xfc, 0xff, 
  0x01, 0xfc, 0xff, 0x40, 0xfc, 0xff, 0xa5, 0xd3, 0xff, 0x92, 0x6a, 0xff, 
  0x18, 0x3a, 0xff, 0x37, 0x42, 0xff, 0x17, 0x42, 0xff, 0x17, 0x42, 0xff, 
  0x17, 0x42, 0xfb, 0x59, 0x4a, 0xff, 0x17, 0x42, 0xc7, 0xf7, 0x39, 0x0c, 
  0x00, 0x00, 0x00, 0x00, 0x00, 0x01, 0x00, 0x00, 0x01, 0x00, 0x00, 0x00, 
  0x00, 0x00, 0x00, 0x00, 0x00, 0x00, 0x00, 0x00, 0x00, 0x00, 0x00, 0x00, 
  0x00, 0x00, 0x00, 0x00, 0x00, 0x00, 0x00, 0x00, 0x00, 0x00, 0x00, 0x00, 
  0x00, 0x00, 0x00, 0x00, 0x00, 0x00, 0x00, 0x00, 0x00, 0x00, 0x00, 0x00, 
  0x00, 0x00, 0x00, 0x00, 0x00, 0x00, 0x00, 0x00, 0x00, 0x00, 0x00, 0x00, 
  0x00, 0x00, 0x00, 0x00, 0x00, 0x00, 0x00, 0x00, 0x00, 0x00, 0x00, 0x00, 
  0x00, 0x00, 0x00, 0x00, 0x00, 0x00, 0x00, 0x00, 0x00, 0x00, 0x00, 0x00, 
  0x00, 0x00, 0x00, 0x00, 0x00, 0x00, 0x00, 0x00, 0x00, 0x00, 0x00, 0x00, 
  0x00, 0x00, 0x00, 0x00, 0x00, 0x00, 0x00, 0x00, 0x00, 0x00, 0x00, 0x00, 
  0x00, 0x00, 0x00, 0x00, 0x00, 0x00, 0x00, 0x00, 0x00, 0x00, 0x00, 0x00, 
  0x00, 0x00, 0x00, 0x00, 0x00, 0x00, 0x00, 0x00, 0x00, 0x00, 0x00, 0x00, 
  0x00, 0x00, 0x00, 0x00, 0x00, 0x00, 0x00, 0x00, 0x00, 0x00, 0x00, 0x00, 
  0x00, 0x00, 0x00, 0x00, 0x00, 0x00, 0x00, 0x00, 0x00, 0x00, 0x00, 0x00, 
  0x00, 0x00, 0x00, 0x00, 0x00, 0x00, 0x00, 0x00, 0x00, 0x00, 0x00, 0x00, 
  0x00, 0x00, 0x00, 0x00, 0x00, 0x00, 0x00, 0x00, 0x00, 0x00, 0x00, 0x00, 
  0xff, 0x07, 0x01, 0x00, 0x00, 0x00, 0xfe, 0x35, 0x20, 0x7f, 0x46, 0x36, 
  0xdf, 0x3d, 0x34, 0xfe, 0x3d, 0x36, 0xfe, 0x3d, 0x36, 0xfe, 0x3d, 0x36, 
  0xfe, 0x3d, 0x36, 0xfe, 0x3d, 0x36, 0xfe, 0x3d, 0x36, 0xfe, 0x3d, 0x36, 
  0xfe, 0x3d, 0x36, 0x9e, 0x3d, 0x3b, 0xff, 0x35, 0x37, 0x9a, 0x3b, 0x71, 
  0x58, 0x42, 0xf3, 0x17, 0x42, 0xfe, 0x18, 0x42, 0xff, 0x17, 0x42, 0xff, 
  0x17, 0x42, 0xff, 0x37, 0x42, 0xff, 0x18, 0x3a, 0xff, 0x74, 0x5a, 0xff, 
  0xe3, 0xeb, 0xff, 0x20, 0xfc, 0xff, 0x20, 0xfc, 0xff, 0x20, 0xfc, 0xff, 
  0x20, 0xfc, 0xff, 0x20, 0xfc, 0xff, 0x20, 0xfc, 0xff, 0x20, 0xfc, 0xff, 
  0x20, 0xfc, 0xff, 0x20, 0xfc, 0xff, 0x20, 0xfc, 0xff, 0x20, 0xfc, 0xff, 
  0x20, 0xfc, 0xff, 0x20, 0xfc, 0xff, 0x20, 0xfc, 0xff, 0x20, 0xfc, 0xff, 
  0x20, 0xfc, 0xff, 0x20, 0xfc, 0xff, 0x20, 0xfc, 0xff, 0x20, 0xfc, 0xff, 
  0x20, 0xfc, 0xff, 0x20, 0xfc, 0xff, 0x20, 0xfc, 0xff, 0x20, 0xfc, 0xff, 
  0x20, 0xfc, 0xff, 0x20, 0xfc, 0xff, 0x0d, 0x93, 0xff, 0x18, 0x3a, 0xff, 
  0x37, 0x42, 0xff, 0x17, 0x42, 0xff, 0x17, 0x42, 0xff, 0x17, 0x42, 0xfd, 
  0x38, 0x42, 0xfe, 0x18, 0x42, 0xf8, 0x17, 0x42, 0x90, 0x00, 0x00, 0x00, 
  0x00, 0x00, 0x00, 0x0f, 0x00, 0x02, 0x00, 0x00, 0x00, 0x00, 0x00, 0x00, 
  0x00, 0x00, 0x00, 0x00, 0x00, 0x00, 0x00, 0x00, 0x00, 0x00, 0x00, 0x00, 
  0x00, 0x00, 0x00, 0x00, 0x00, 0x00, 0x00, 0x00, 0x00, 0x00, 0x00, 0x00, 
  0x00, 0x00, 0x00, 0x00, 0x00, 0x00, 0x00, 0x00, 0x00, 0x00, 0x00, 0x00, 
  0x00, 0x00, 0x00, 0x00, 0x00, 0x00, 0x00, 0x00, 0x00, 0x00, 0x00, 0x00, 
  0x00, 0x00, 0x00, 0x00, 0x00, 0x00, 0x00, 0x00, 0x00, 0x00, 0x00, 0x00, 
  0x00, 0x00, 0x00, 0x00, 0x00, 0x00, 0x00, 0x00, 0x00, 0x00, 0x00, 0x00, 
  0x00, 0x00, 0x00, 0x00, 0x00, 0x00, 0x00, 0x00, 0x00, 0x00, 0x00, 0x00, 
  0x00, 0x00, 0x00, 0x00, 0x00, 0x00, 0x00, 0x00, 0x00, 0x00, 0x00, 0x00, 
  0x00, 0x00, 0x00, 0x00, 0x00, 0x00, 0x00, 0x00, 0x00, 0x00, 0x00, 0x00, 
  0x00, 0x00, 0x00, 0x00, 0x00, 0x00, 0x00, 0x00, 0x00, 0x00, 0x00, 0x00, 
  0x00, 0x00, 0x00, 0x00, 0x00, 0x00, 0x00, 0x00, 0x00, 0x00, 0x00, 0x00, 
  0x00, 0x00, 0x00, 0x00, 0x00, 0x00, 0x00, 0x00, 0x00, 0x00, 0x00, 0x00, 
  0x00, 0x00, 0x00, 0x00, 0x00, 0x00, 0x00, 0x00, 0x00, 0x00, 0x00, 0x00, 
  0x00, 0x00, 0x00, 0x00, 0x00, 0x00, 0x00, 0x00, 0x00, 0x00, 0x00, 0x00, 
  0xff, 0x3d, 0x04, 0x00, 0x00, 0x00, 0xff, 0x3d, 0xa0, 0xff, 0x46, 0xff, 
  0xff, 0x3d, 0xff, 0x3f, 0x3e, 0xff, 0x3f, 0x3e, 0xff, 0x3f, 0x3e, 0xff, 
  0x3f, 0x3e, 0xff, 0x3f, 0x3e, 0xff, 0x3f, 0x3e, 0xff, 0x3f, 0x3e, 0xff, 
  0x3f, 0x3e, 0xff, 0x1f, 0x3e, 0xff, 0x5f, 0x3e, 0xff, 0xbf, 0x3d, 0xff, 
  0xdb, 0x3b, 0xff, 0x17, 0x42, 0xff, 0x17, 0x42, 0xff, 0x37, 0x42, 0xff, 
  0x17, 0x42, 0xff, 0x37, 0x42, 0xff, 0x18, 0x3a, 0xff, 0x37, 0x42, 0xff, 
  0x0d, 0x9b, 0xff, 0x02, 0xf4, 0xff, 0x20, 0xfc, 0xff, 0x00, 0xfc, 0xff, 
  0x20, 0xfc, 0xff, 0x20, 0xfc, 0xff, 0x20, 0xfc, 0xff, 0x20, 0xfc, 0xff, 
  0x20, 0xfc, 0xff, 0x20, 0xfc, 0xff, 0x20, 0xfc, 0xff, 0x20, 0xfc, 0xff, 
  0x20, 0xfc, 0xff, 0x20, 0xfc, 0xff, 0x20, 0xfc, 0xff, 0x20, 0xfc, 0xff, 
  0x20, 0xfc, 0xff, 0x20, 0xfc, 0xff, 0x20, 0xfc, 0xff, 0x20, 0xfc, 0xff, 
  0x20, 0xfc, 0xff, 0x20, 0xfc, 0xff, 0x20, 0xfc, 0xff, 0x20, 0xfc, 0xff, 
  0x20, 0xfc, 0xff, 0x68, 0xc3, 0xff, 0x74, 0x62, 0xff, 0x19, 0x3a, 0xff, 
  0x37, 0x42, 0xff, 0x17, 0x42, 0xff, 0x17, 0x42, 0xff, 0x17, 0x42, 0xfb, 
  0x59, 0x4a, 0xff, 0x17, 0x42, 0xcc, 0x17, 0x42, 0x41, 0x00, 0x00, 0x01, 
  0x00, 0x00, 0x00, 0x1f, 0x00, 0x01, 0x00, 0x00, 0x00, 0x00, 0x00, 0x00, 
  0x00, 0x00, 0x00, 0x00, 0x00, 0x00, 0x00, 0x00, 0x00, 0x00, 0x00, 0x00, 
  0x00, 0x00, 0x00, 0x00, 0x00, 0x00, 0x00, 0x00, 0x00, 0x00, 0x00, 0x00, 
  0x00, 0x00, 0x00, 0x00, 0x00, 0x00, 0x00, 0x00, 0x00, 0x00, 0x00, 0x00, 
  0x00, 0x00, 0x00, 0x00, 0x00, 0x00, 0x00, 0x00, 0x00, 0x00, 0x00, 0x00, 
  0x00, 0x00, 0x00, 0x00, 0x00, 0x00, 0x00, 0x00, 0x00, 0x00, 0x00, 0x00, 
  0x00, 0x00, 0x00, 0x00, 0x00, 0x00, 0x00, 0x00, 0x00, 0x00, 0x00, 0x00, 
  0x00, 0x00, 0x00, 0x00, 0x00, 0x00, 0x00, 0x00, 0x00, 0x00, 0x00, 0x00, 
  0x00, 0x00, 0x00, 0x00, 0x00, 0x00, 0x00, 0x00, 0x00, 0x00, 0x00, 0x00, 
  0x00, 0x00, 0x00, 0x00, 0x00, 0x00, 0x00, 0x00, 0x00, 0x00, 0x00, 0x00, 
  0x00, 0x00, 0x00, 0x00, 0x00, 0x00, 0x00, 0x00, 0x00, 0x00, 0x00, 0x00, 
  0x00, 0x00, 0x00, 0x00, 0x00, 0x00, 0x00, 0x00, 0x00, 0x00, 0x00, 0x00, 
  0x00, 0x00, 0x00, 0x00, 0x00, 0x00, 0x00, 0x00, 0x00, 0x00, 0x00, 0x00, 
  0x00, 0x00, 0x00, 0x00, 0x00, 0x00, 0x00, 0x00, 0x00, 0x00, 0x00, 0x00, 
  0x00, 0x00, 0x00, 0x00, 0x00, 0x00, 0x00, 0x00, 0x00, 0x00, 0x00, 0x00, 
  0xff, 0x3d, 0x04, 0x00, 0x00, 0x00, 0xdf, 0x3d, 0x9c, 0xbf, 0x46, 0xff, 
  0xde, 0x3d, 0xfc, 0xff, 0x3d, 0xff, 0xff, 0x3d, 0xff, 0xff, 0x3d, 0xff, 
  0xff, 0x3d, 0xff, 0xff, 0x3d, 0xff, 0xff, 0x3d, 0xff, 0xff, 0x3d, 0xff, 
  0xff, 0x3d, 0xff, 0xff, 0x3d, 0xff, 0xff, 0x3d, 0xff, 0x3f, 0x3e, 0xff, 
  0xfd, 0x3c, 0xff, 0x38, 0x42, 0xff, 0x17, 0x42, 0xff, 0x17, 0x42, 0xff, 
  0x17, 0x42, 0xff, 0x17, 0x42, 0xff, 0x17, 0x42, 0xff, 0x18, 0x42, 0xff, 
  0x37, 0x42, 0xff, 0x49, 0xb3, 0xff, 0x00, 0xfc, 0xff, 0x20, 0xfc, 0xff, 
  0x00, 0xfc, 0xff, 0x20, 0xfc, 0xff, 0x20, 0xfc, 0xff, 0x20, 0xfc, 0xff, 
  0x20, 0xfc, 0xff, 0x20, 0xfc, 0xff, 0x20, 0xfc, 0xff, 0x20, 0xfc, 0xff, 
  0x20, 0xfc, 0xff, 0x20, 0xfc, 0xff, 0x20, 0xfc, 0xff, 0x20, 0xfc, 0xff, 
  0x20, 0xfc, 0xff, 0x20, 0xfc, 0xff, 0x20, 0xfc, 0xff, 0x20, 0xfc, 0xff, 
  0x20, 0xfc, 0xff, 0x20, 0xfc, 0xff, 0x20, 0xfc, 0xff, 0x20, 0xfc, 0xff, 
  0xc4, 0xdb, 0xff, 0x73, 0x62, 0xff, 0xf9, 0x39, 0xff, 0x37, 0x42, 0xff, 
  0x17, 0x42, 0xff, 0x17, 0x42, 0xff, 0x17, 0x42, 0xff, 0x17, 0x42, 0xf9, 
  0x39, 0x42, 0xff, 0x17, 0x42, 0x99, 0xb5, 0x52, 0x03, 0xb5, 0x52, 0x03, 
  0x00, 0x00, 0x00, 0x00, 0x00, 0x00, 0x00, 0x00, 0x00, 0x00, 0x00, 0x00, 
  0x00, 0x00, 0x00, 0x00, 0x00, 0x00, 0x00, 0x00, 0x00, 0x00, 0x00, 0x00, 
  0x00, 0x00, 0x00, 0x00, 0x00, 0x00, 0x00, 0x00, 0x00, 0x00, 0x00, 0x00, 
  0x00, 0x00, 0x00, 0x00, 0x00, 0x00, 0x00, 0x00, 0x00, 0x00, 0x00, 0x00, 
  0x00, 0x00, 0x00, 0x00, 0x00, 0x00, 0x00, 0x00, 0x00, 0x00, 0x00, 0x00, 
  0x00, 0x00, 0x00, 0x00, 0x00, 0x00, 0x00, 0x00, 0x00, 0x00, 0x00, 0x00, 
  0x00, 0x00, 0x00, 0x00, 0x00, 0x00, 0x00, 0x00, 0x00, 0x00, 0x00, 0x00, 
  0x00, 0x00, 0x00, 0x00, 0x00, 0x00, 0x00, 0x00, 0x00, 0x00, 0x00, 0x00, 
  0x00, 0x00, 0x00, 0x00, 0x00, 0x00, 0x00, 0x00, 0x00, 0x00, 0x00, 0x00, 
  0x00, 0x00, 0x00, 0x00, 0x00, 0x00, 0x00, 0x00, 0x00, 0x00, 0x00, 0x00, 
  0x00, 0x00, 0x00, 0x00, 0x00, 0x00, 0x00, 0x00, 0x00, 0x00, 0x00, 0x00, 
  0x00, 0x00, 0x00, 0x00, 0x00, 0x00, 0x00, 0x00, 0x00, 0x00, 0x00, 0x00, 
  0x00, 0x00, 0x00, 0x00, 0x00, 0x00, 0x00, 0x00, 0x00, 0x00, 0x00, 0x00, 
  0x00, 0x00, 0x00, 0x00, 0x00, 0x00, 0x00, 0x00, 0x00, 0x00, 0x00, 0x00, 
  0x00, 0x00, 0x00, 0x00, 0x00, 0x00, 0x00, 0x00, 0x00, 0x00, 0x00, 0x00, 
  0xff, 0x3d, 0x04, 0x00, 0x00, 0x00, 0xdf, 0x3d, 0x98, 0x9f, 0x46, 0xfd, 
  0xff, 0x3d, 0xf5, 0xfe, 0x3d, 0xfd, 0xfe, 0x3d, 0xfd, 0xfe, 0x3d, 0xfd, 
  0xfe, 0x3d, 0xfd, 0xfe, 0x3d, 0xfd, 0xfe, 0x3d, 0xfd, 0xfe, 0x3d, 0xfd, 
  0xfe, 0x3d, 0xfd, 0xfe, 0x3d, 0xfd, 0xde, 0x3d, 0xfd, 0x1f, 0x3e, 0xfe, 
  0x9e, 0x3d, 0xff, 0x9a, 0x3b, 0xff, 0x37, 0x42, 0xff, 0x17, 0x42, 0xff, 
  0x38, 0x42, 0xff, 0x17, 0x42, 0xff, 0x17, 0x42, 0xff, 0x18, 0x42, 0xff, 
  0x18, 0x3a, 0xff, 0x56, 0x52, 0xff, 0x49, 0xb3, 0xff, 0x20, 0xfc, 0xff, 
  0x20, 0xfc, 0xff, 0x01, 0xfc, 0xff, 0x00, 0xfc, 0xff, 0x20, 0xfc, 0xff, 
  0x20, 0xfc, 0xff, 0x20, 0xfc, 0xff, 0x20, 0xfc, 0xff, 0x20, 0xfc, 0xff, 
  0x20, 0xfc, 0xff, 0x20, 0xfc, 0xff, 0x20, 0xfc, 0xff, 0x20, 0xfc, 0xff, 
  0x20, 0xfc, 0xff, 0x20, 0xfc, 0xff, 0x20, 0xfc, 0xff, 0x20, 0xfc, 0xff, 
  0x01, 0xfc, 0xff, 0x20, 0xfc, 0xff, 0x20, 0xfc, 0xff, 0xc4, 0xdb, 0xff, 
  0x92, 0x72, 0xff, 0x18, 0x3a, 0xff, 0x18, 0x3a, 0xff, 0x17, 0x42, 0xff, 
  0x17, 0x42, 0xff, 0x17, 0x42, 0xff, 0x17, 0x42, 0xfd, 0x38, 0x42, 0xfc, 
  0x18, 0x42, 0xcb, 0x18, 0x42, 0x45, 0x00, 0x00, 0x00, 0x0a, 0x00, 0x03, 
  0x00, 0x00, 0x00, 0x00, 0x00, 0x00, 0x00, 0x00, 0x00, 0x00, 0x00, 0x00, 
  0x00, 0x00, 0x00, 0x00, 0x00, 0x00, 0x00, 0x00, 0x00, 0x00, 0x00, 0x00, 
  0x00, 0x00, 0x00, 0x00, 0x00, 0x00, 0x00, 0x00, 0x00, 0x00, 0x00, 0x00, 
  0x00, 0x00, 0x00, 0x00, 0x00, 0x00, 0x00, 0x00, 0x00, 0x00, 0x00, 0x00, 
  0x00, 0x00, 0x00, 0x00, 0x00, 0x00, 0x00, 0x00, 0x00, 0x00, 0x00, 0x00, 
  0x00, 0x00, 0x00, 0x00, 0x00, 0x00, 0x00, 0x00, 0x00, 0x00, 0x00, 0x00, 
  0x00, 0x00, 0x00, 0x00, 0x00, 0x00, 0x00, 0x00, 0x00, 0x00, 0x00, 0x00, 
  0x00, 0x00, 0x00, 0x00, 0x00, 0x00, 0x00, 0x00, 0x00, 0x00, 0x00, 0x00, 
  0x00, 0x00, 0x00, 0x00, 0x00, 0x00, 0x00, 0x00, 0x00, 0x00, 0x00, 0x00, 
  0x00, 0x00, 0x00, 0x00, 0x00, 0x00, 0x00, 0x00, 0x00, 0x00, 0x00, 0x00, 
  0x00, 0x00, 0x00, 0x00, 0x00, 0x00, 0x00, 0x00, 0x00, 0x00, 0x00, 0x00, 
  0x00, 0x00, 0x00, 0x00, 0x00, 0x00, 0x00, 0x00, 0x00, 0x00, 0x00, 0x00, 
  0x00, 0x00, 0x00, 0x00, 0x00, 0x00, 0x00, 0x00, 0x00, 0x00, 0x00, 0x00, 
  0x00, 0x00, 0x00, 0x00, 0x00, 0x00, 0x00, 0x00, 0x00, 0x00, 0x00, 0x00, 
  0x00, 0x00, 0x00, 0x00, 0x00, 0x00, 0x00, 0x00, 0x00, 0x00, 0x00, 0x00, 
  0xff, 0x3d, 0x04, 0x00, 0x00, 0x00, 0xff, 0x3d, 0x99, 0x9f, 0x46, 0xff, 
  0xdf, 0x3d, 0xf7, 0xff, 0x3d, 0xff, 0xff, 0x3d, 0xff, 0xff, 0x3d, 0xff, 
  0xff, 0x3d, 0xff, 0xff, 0x3d, 0xff, 0xff, 0x3d, 0xff, 0xff, 0x3d, 0xff, 
  0xff, 0x3d, 0xff, 0xff, 0x3d, 0xff, 0xdf, 0x3d, 0xff, 0xdf, 0x3d, 0xff, 
  0xff, 0x3d, 0xff, 0x3d, 0x3d, 0xff, 0x78, 0x42, 0xff, 0xf7, 0x41, 0xff, 
  0x38, 0x42, 0xff, 0x17, 0x42, 0xff, 0x17, 0x42, 0xff, 0x17, 0x42, 0xff, 
  0x37, 0x42, 0xff, 0x18, 0x3a, 0xff, 0x55, 0x52, 0xff, 0x2c, 0xa3, 0xff, 
  0xe2, 0xeb, 0xff, 0x40, 0xfc, 0xff, 0x20, 0xfc, 0xff, 0x01, 0xfc, 0xff, 
  0x01, 0xfc, 0xff, 0x00, 0xfc, 0xff, 0x20, 0xfc, 0xff, 0x20, 0xfc, 0xff, 
  0x20, 0xfc, 0xff, 0x20, 0xfc, 0xff, 0x20, 0xfc, 0xff, 0x20, 0xfc, 0xff, 
  0x00, 0xfc, 0xff, 0x01, 0xfc, 0xff, 0x01, 0xfc, 0xff, 0x00, 0xfc, 0xff, 
  0x40, 0xfc, 0xff, 0x20, 0xfc, 0xff, 0x68, 0xc3, 0xff, 0x92, 0x6a, 0xff, 
  0x18, 0x3a, 0xff, 0x18, 0x42, 0xff, 0x37, 0x42, 0xff, 0x18, 0x42, 0xff, 
  0x17, 0x42, 0xff, 0x17, 0x42, 0xff, 0x17, 0x42, 0xf9, 0x38, 0x42, 0xff, 
  0x17, 0x42, 0x78, 0x76, 0x4a, 0x0a, 0x55, 0x29, 0x06, 0x00, 0x00, 0x01, 
  0x00, 0x00, 0x00, 0x00, 0x00, 0x00, 0x00, 0x00, 0x00, 0x00, 0x00, 0x00, 
  0x00, 0x00, 0x00, 0x00, 0x00, 0x00, 0x00, 0x00, 0x00, 0x00, 0x00, 0x00, 
  0x00, 0x00, 0x00, 0x00, 0x00, 0x00, 0x00, 0x00, 0x00, 0x00, 0x00, 0x00, 
  0x00, 0x00, 0x00, 0x00, 0x00, 0x00, 0x00, 0x00, 0x00, 0x00, 0x00, 0x00, 
  0x00, 0x00, 0x00, 0x00, 0x00, 0x00, 0x00, 0x00, 0x00, 0x00, 0x00, 0x00, 
  0x00, 0x00, 0x00, 0x00, 0x00, 0x00, 0x00, 0x00, 0x00, 0x00, 0x00, 0x00, 
  0x00, 0x00, 0x00, 0x00, 0x00, 0x00, 0x00, 0x00, 0x00, 0x00, 0x00, 0x00, 
  0x00, 0x00, 0x00, 0x00, 0x00, 0x00, 0x00, 0x00, 0x00, 0x00, 0x00, 0x00, 
  0x00, 0x00, 0x00, 0x00, 0x00, 0x00, 0x00, 0x00, 0x00, 0x00, 0x00, 0x00, 
  0x00, 0x00, 0x00, 0x00, 0x00, 0x00, 0x00, 0x00, 0x00, 0x00, 0x00, 0x00, 
  0x00, 0x00, 0x00, 0x00, 0x00, 0x00, 0x00, 0x00, 0x00, 0x00, 0x00, 0x00, 
  0x00, 0x00, 0x00, 0x00, 0x00, 0x00, 0x00, 0x00, 0x00, 0x00, 0x00, 0x00, 
  0x00, 0x00, 0x00, 0x00, 0x00, 0x00, 0x00, 0x00, 0x00, 0x00, 0x00, 0x00, 
  0x00, 0x00, 0x00, 0x00, 0x00, 0x00, 0x00, 0x00, 0x00, 0x00, 0x00, 0x00, 
  0x00, 0x00, 0x00, 0x00, 0x00, 0x00, 0x00, 0x00, 0x00, 0x00, 0x00, 0x00, 
  0xff, 0x3d, 0x04, 0x00, 0x00, 0x00, 0xff, 0x3d, 0x99, 0x9f, 0x46, 0xff, 
  0xdf, 0x3d, 0xf7, 0xff, 0x3d, 0xff, 0xff, 0x3d, 0xff, 0xff, 0x3d, 0xff, 
  0xff, 0x3d, 0xff, 0xff, 0x3d, 0xff, 0xff, 0x3d, 0xff, 0xff, 0x3d, 0xff, 
  0xff, 0x3d, 0xff, 0xff, 0x3d, 0xff, 0xff, 0x3d, 0xff, 0xde, 0x3d, 0xff, 
  0x1f, 0x3e, 0xff, 0xff, 0x3d, 0xff, 0x1b, 0x3c, 0xff, 0x38, 0x42, 0xff, 
  0xf7, 0x41, 0xff, 0x38, 0x42, 0xff, 0x17, 0x42, 0xff, 0x17, 0x42, 0xff, 
  0x17, 0x42, 0xff, 0x37, 0x4a, 0xff, 0xf9, 0x31, 0xff, 0x37, 0x4a, 0xff, 
  0xee, 0x8a, 0xff, 0x87, 0xc3, 0xff, 0xe2, 0xf3, 0xff, 0x40, 0xfc, 0xff, 
  0x40, 0xfc, 0xff, 0x20, 0xfc, 0xff, 0x20, 0xfc, 0xff, 0x20, 0xfc, 0xff, 
  0x00, 0xfc, 0xff, 0x01, 0xfc, 0xff, 0x20, 0xfc, 0xff, 0x20, 0xfc, 0xff, 
  0x20, 0xfc, 0xff, 0x20, 0xfc, 0xff, 0x40, 0xfc, 0xff, 0x20, 0xfc, 0xff, 
  0xc4, 0xdb, 0xff, 0x2b, 0xab, 0xff, 0x73, 0x62, 0xff, 0xf9, 0x31, 0xff, 
  0x17, 0x42, 0xff, 0x37, 0x42, 0xff, 0x17, 0x42, 0xff, 0x17, 0x42, 0xff, 
  0x17, 0x42, 0xfe, 0x18, 0x42, 0xfd, 0x39, 0x42, 0xff, 0x17, 0x42, 0xb4, 
  0x38, 0x42, 0x25, 0x00, 0x00, 0x00, 0x93, 0x31, 0x05, 0x00, 0x00, 0x00, 
  0x00, 0x00, 0x00, 0x00, 0x00, 0x00, 0x00, 0x00, 0x00, 0x00, 0x00, 0x00, 
  0x00, 0x00, 0x00, 0x00, 0x00, 0x00, 0x00, 0x00, 0x00, 0x00, 0x00, 0x00, 
  0x00, 0x00, 0x00, 0x00, 0x00, 0x00, 0x00, 0x00, 0x00, 0x00, 0x00, 0x00, 
  0x00, 0x00, 0x00, 0x00, 0x00, 0x00, 0x00, 0x00, 0x00, 0x00, 0x00, 0x00, 
  0x00, 0x00, 0x00, 0x00, 0x00, 0x00, 0x00, 0x00, 0x00, 0x00, 0x00, 0x00, 
  0x00, 0x00, 0x00, 0x00, 0x00, 0x00, 0x00, 0x00, 0x00, 0x00, 0x00, 0x00, 
  0x00, 0x00, 0x00, 0x00, 0x00, 0x00, 0x00, 0x00, 0x00, 0x00, 0x00, 0x00, 
  0x00, 0x00, 0x00, 0x00, 0x00, 0x00, 0x00, 0x00, 0x00, 0x00, 0x00, 0x00, 
  0x00, 0x00, 0x00, 0x00, 0x00, 0x00, 0x00, 0x00, 0x00, 0x00, 0x00, 0x00, 
  0x00, 0x00, 0x00, 0x00, 0x00, 0x00, 0x00, 0x00, 0x00, 0x00, 0x00, 0x00, 
  0x00, 0x00, 0x00, 0x00, 0x00, 0x00, 0x00, 0x00, 0x00, 0x00, 0x00, 0x00, 
  0x00, 0x00, 0x00, 0x00, 0x00, 0x00, 0x00, 0x00, 0x00, 0x00, 0x00, 0x00, 
  0x00, 0x00, 0x00, 0x00, 0x00, 0x00, 0x00, 0x00, 0x00, 0x00, 0x00, 0x00, 
  0x00, 0x00, 0x00, 0x00, 0x00, 0x00, 0x00, 0x00, 0x00, 0x00, 0x00, 0x00, 
  0x00, 0x00, 0x00, 0x00, 0x00, 0x00, 0x00, 0x00, 0x00, 0x00, 0x00, 0x00, 
  0xff, 0x3d, 0x04, 0x00, 0x00, 0x00, 0xff, 0x3d, 0x99, 0x9f, 0x46, 0xff, 
  0xdf, 0x3d, 0xf7, 0xff, 0x3d, 0xff, 0xff, 0x3d, 0xff, 0xff, 0x3d, 0xff, 
  0xff, 0x3d, 0xff, 0xff, 0x3d, 0xff, 0xff, 0x3d, 0xff, 0xff, 0x3d, 0xff, 
  0xff, 0x3d, 0xff, 0xff, 0x3d, 0xff, 0xff, 0x3d, 0xff, 0xff, 0x3d, 0xff, 
  0xdf, 0x3d, 0xff, 0xff, 0x3d, 0xff, 0xde, 0x3d, 0xff, 0x7a, 0x3b, 0xff, 
  0x17, 0x42, 0xff, 0x17, 0x42, 0xff, 0x38, 0x42, 0xff, 0x17, 0x42, 0xff, 
  0x17, 0x42, 0xff, 0x17, 0x42, 0xff, 0x37, 0x42, 0xff, 0x18, 0x42, 0xff, 
  0xf9, 0x39, 0xff, 0x56, 0x52, 0xff, 0x0c, 0x9b, 0xff, 0xa5, 0xd3, 0xff, 
  0xe3, 0xeb, 0xff, 0x02, 0xf4, 0xff, 0x20, 0xfc, 0xff, 0x20, 0xfc, 0xff, 
  0x20, 0xfc, 0xff, 0x20, 0xfc, 0xff, 0x20, 0xfc, 0xff, 0x20, 0xfc, 0xff, 
  0x01, 0xfc, 0xff, 0xe2, 0xeb, 0xff, 0xc4, 0xe3, 0xff, 0x68, 0xbb, 0xff, 
  0xb2, 0x72, 0xff, 0x18, 0x3a, 0xff, 0x18, 0x3a, 0xff, 0x37, 0x4a, 0xff, 
  0x17, 0x42, 0xff, 0x17, 0x42, 0xff, 0x17, 0x42, 0xff, 0x17, 0x42, 0xfe, 
  0x38, 0x42, 0xff, 0x38, 0x42, 0xff, 0x37, 0x42, 0xdd, 0x18, 0x42, 0x35, 
  0x00, 0x00, 0x00, 0xb5, 0x52, 0x03, 0x00, 0x00, 0x00, 0x00, 0x00, 0x00, 
  0x00, 0x00, 0x00, 0x00, 0x00, 0x00, 0x00, 0x00, 0x00, 0x00, 0x00, 0x00, 
  0x00, 0x00, 0x00, 0x00, 0x00, 0x00, 0x00, 0x00, 0x00, 0x00, 0x00, 0x00, 
  0x00, 0x00, 0x00, 0x00, 0x00, 0x00, 0x00, 0x00, 0x00, 0x00, 0x00, 0x00, 
  0x00, 0x00, 0x00, 0x00, 0x00, 0x00, 0x00, 0x00, 0x00, 0x00, 0x00, 0x00, 
  0x00, 0x00, 0x00, 0x00, 0x00, 0x00, 0x00, 0x00, 0x00, 0x00, 0x00, 0x00, 
  0x00, 0x00, 0x00, 0x00, 0x00, 0x00, 0x00, 0x00, 0x00, 0x00, 0x00, 0x00, 
  0x00, 0x00, 0x00, 0x00, 0x00, 0x00, 0x00, 0x00, 0x00, 0x00, 0x00, 0x00, 
  0x00, 0x00, 0x00, 0x00, 0x00, 0x00, 0x00, 0x00, 0x00, 0x00, 0x00, 0x00, 
  0x00, 0x00, 0x00, 0x00, 0x00, 0x00, 0x00, 0x00, 0x00, 0x00, 0x00, 0x00, 
  0x00, 0x00, 0x00, 0x00, 0x00, 0x00, 0x00, 0x00, 0x00, 0x00, 0x00, 0x00, 
  0x00, 0x00, 0x00, 0x00, 0x00, 0x00, 0x00, 0x00, 0x00, 0x00, 0x00, 0x00, 
  0x00, 0x00, 0x00, 0x00, 0x00, 0x00, 0x00, 0x00, 0x00, 0x00, 0x00, 0x00, 
  0x00, 0x00, 0x00, 0x00, 0x00, 0x00, 0x00, 0x00, 0x00, 0x00, 0x00, 0x00, 
  0x00, 0x00, 0x00, 0x00, 0x00, 0x00, 0x00, 0x00, 0x00, 0x00, 0x00, 0x00, 
  0x00, 0x00, 0x00, 0x00, 0x00, 0x00, 0x00, 0x00, 0x00, 0x00, 0x00, 0x00, 
  0xff, 0x3d, 0x04, 0x00, 0x00, 0x00, 0xff, 0x3d, 0x99, 0x9f, 0x46, 0xff, 
  0xdf, 0x3d, 0xf7, 0xff, 0x3d, 0xff, 0xff, 0x3d, 0xff, 0xff, 0x3d, 0xff, 
  0xff, 0x3d, 0xff, 0xff, 0x3d, 0xff, 0xff, 0x3d, 0xff, 0xff, 0x3d, 0xff, 
  0xff, 0x3d, 0xff, 0xff, 0x3d, 0xff, 0xff, 0x3d, 0xff, 0xff, 0x3d, 0xff, 
  0xff, 0x3d, 0xff, 0xff, 0x3d, 0xff, 0xdf, 0x3d, 0xff, 0x7e, 0x3d, 0xff, 
  0x5a, 0x43, 0xff, 0xf7, 0x41, 0xff, 0x17, 0x42, 0xff, 0x17, 0x42, 0xff, 
  0x17, 0x42, 0xff, 0x17, 0x42, 0xff, 0x17, 0x42, 0xff, 0x17, 0x42, 0xff, 
  0x37, 0x42, 0xff, 0x17, 0x42, 0xff, 0x18, 0x3a, 0xff, 0x36, 0x4a, 0xff, 
  0xb1, 0x72, 0xff, 0x2b, 0xab, 0xff, 0x87, 0xcb, 0xff, 0xa5, 0xdb, 0xff, 
  0xe3, 0xeb, 0xff, 0xe2, 0xeb, 0xff, 0xc4, 0xdb, 0xff, 0x86, 0xd3, 0xff, 
  0x49, 0xbb, 0xff, 0xef, 0x8a, 0xff, 0x55, 0x5a, 0xff, 0x18, 0x3a, 0xff, 
  0x18, 0x3a, 0xff, 0x37, 0x42, 0xff, 0x17, 0x42, 0xff, 0x17, 0x42, 0xff, 
  0x17, 0x42, 0xff, 0x17, 0x42, 0xff, 0x17, 0x42, 0xff, 0x18, 0x42, 0xfd, 
  0x38, 0x42, 0xff, 0x37, 0x42, 0xe8, 0x37, 0x42, 0x4a, 0xff, 0x7b, 0x02, 
  0x1f, 0x00, 0x01, 0xff, 0x7b, 0x02, 0x00, 0x00, 0x00, 0x00, 0x00, 0x00, 
  0x00, 0x00, 0x00, 0x00, 0x00, 0x00, 0x00, 0x00, 0x00, 0x00, 0x00, 0x00, 
  0x00, 0x00, 0x00, 0x00, 0x00, 0x00, 0x00, 0x00, 0x00, 0x00, 0x00, 0x00, 
  0x00, 0x00, 0x00, 0x00, 0x00, 0x00, 0x00, 0x00, 0x00, 0x00, 0x00, 0x00, 
  0x00, 0x00, 0x00, 0x00, 0x00, 0x00, 0x00, 0x00, 0x00, 0x00, 0x00, 0x00, 
  0x00, 0x00, 0x00, 0x00, 0x00, 0x00, 0x00, 0x00, 0x00, 0x00, 0x00, 0x00, 
  0x00, 0x00, 0x00, 0x00, 0x00, 0x00, 0x00, 0x00, 0x00, 0x00, 0x00, 0x00, 
  0x00, 0x00, 0x00, 0x00, 0x00, 0x00, 0x00, 0x00, 0x00, 0x00, 0x00, 0x00, 
  0x00, 0x00, 0x00, 0x00, 0x00, 0x00, 0x00, 0x00, 0x00, 0x00, 0x00, 0x00, 
  0x00, 0x00, 0x00, 0x00, 0x00, 0x00, 0x00, 0x00, 0x00, 0x00, 0x00, 0x00, 
  0x00, 0x00, 0x00, 0x00, 0x00, 0x00, 0x00, 0x00, 0x00, 0x00, 0x00, 0x00, 
  0x00, 0x00, 0x00, 0x00, 0x00, 0x00, 0x00, 0x00, 0x00, 0x00, 0x00, 0x00, 
  0x00, 0x00, 0x00, 0x00, 0x00, 0x00, 0x00, 0x00, 0x00, 0x00, 0x00, 0x00, 
  0x00, 0x00, 0x00, 0x00, 0x00, 0x00, 0x00, 0x00, 0x00, 0x00, 0x00, 0x00, 
  0x00, 0x00, 0x00, 0x00, 0x00, 0x00, 0x00, 0x00, 0x00, 0x00, 0x00, 0x00, 
  0x00, 0x00, 0x00, 0x00, 0x00, 0x00, 0x00, 0x00, 0x00, 0x00, 0x00, 0x00, 
  0xff, 0x3d, 0x04, 0x00, 0x00, 0x00, 0xff, 0x3d, 0x99, 0x9f, 0x46, 0xff, 
  0xdf, 0x3d, 0xf7, 0xff, 0x3d, 0xff, 0xff, 0x3d, 0xff, 0xff, 0x3d, 0xff, 
  0xff, 0x3d, 0xff, 0xff, 0x3d, 0xff, 0xff, 0x3d, 0xff, 0xff, 0x3d, 0xff, 
  0xff, 0x3d, 0xff, 0xff, 0x3d, 0xff, 0xff, 0x3d, 0xff, 0xff, 0x3d, 0xff, 
  0xff, 0x3d, 0xff, 0xff, 0x3d, 0xff, 0xdf, 0x3d, 0xff, 0xff, 0x3d, 0xff, 
  0x3d, 0x3d, 0xff, 0x5a, 0x43, 0xff, 0xf7, 0x41, 0xff, 0x38, 0x42, 0xff, 
  0x17, 0x42, 0xff, 0x17, 0x42, 0xff, 0x17, 0x42, 0xff, 0x17, 0x42, 0xff, 
  0x17, 0x42, 0xff, 0x18, 0x42, 0xff, 0x18, 0x42, 0xff, 0x18, 0x42, 0xff, 
  0x17, 0x42, 0xff, 0x37, 0x4a, 0xff, 0x37, 0x4a, 0xff, 0x36, 0x4a, 0xff, 
  0x36, 0x4a, 0xff, 0x36, 0x4a, 0xff, 0x36, 0x4a, 0xff, 0x36, 0x4a, 0xff, 
  0x37, 0x4a, 0xff, 0x37, 0x42, 0xff, 0x18, 0x42, 0xff, 0x18, 0x42, 0xff, 
  0x18, 0x42, 0xff, 0x17, 0x42, 0xff, 0x17, 0x42, 0xff, 0x17, 0x42, 0xff, 
  0x17, 0x42, 0xff, 0x17, 0x42, 0xff, 0x17, 0x42, 0xf9, 0x39, 0x42, 0xff, 
  0x17, 0x42, 0xe7, 0x17, 0x42, 0x59, 0xf7, 0x7b, 0x04, 0x00, 0x00, 0x00, 
  0x0f, 0x00, 0x02, 0x00, 0x00, 0x00, 0x00, 0x00, 0x00, 0x00, 0x00, 0x00, 
  0x00, 0x00, 0x00, 0x00, 0x00, 0x00, 0x00, 0x00, 0x00, 0x00, 0x00, 0x00, 
  0x00, 0x00, 0x00, 0x00, 0x00, 0x00, 0x00, 0x00, 0x00, 0x00, 0x00, 0x00, 
  0x00, 0x00, 0x00, 0x00, 0x00, 0x00, 0x00, 0x00, 0x00, 0x00, 0x00, 0x00, 
  0x00, 0x00, 0x00, 0x00, 0x00, 0x00, 0x00, 0x00, 0x00, 0x00, 0x00, 0x00, 
  0x00, 0x00, 0x00, 0x00, 0x00, 0x00, 0x00, 0x00, 0x00, 0x00, 0x00, 0x00, 
  0x00, 0x00, 0x00, 0x00, 0x00, 0x00, 0x00, 0x00, 0x00, 0x00, 0x00, 0x00, 
  0x00, 0x00, 0x00, 0x00, 0x00, 0x00, 0x00, 0x00, 0x00, 0x00, 0x00, 0x00, 
  0x00, 0x00, 0x00, 0x00, 0x00, 0x00, 0x00, 0x00, 0x00, 0x00, 0x00, 0x00, 
  0x00, 0x00, 0x00, 0x00, 0x00, 0x00, 0x00, 0x00, 0x00, 0x00, 0x00, 0x00, 
  0x00, 0x00, 0x00, 0x00, 0x00, 0x00, 0x00, 0x00, 0x00, 0x00, 0x00, 0x00, 
  0x00, 0x00, 0x00, 0x00, 0x00, 0x00, 0x00, 0x00, 0x00, 0x00, 0x00, 0x00, 
  0x00, 0x00, 0x00, 0x00, 0x00, 0x00, 0x00, 0x00, 0x00, 0x00, 0x00, 0x00, 
  0x00, 0x00, 0x00, 0x00, 0x00, 0x00, 0x00, 0x00, 0x00, 0x00, 0x00, 0x00, 
  0x00, 0x00, 0x00, 0x00, 0x00, 0x00, 0x00, 0x00, 0x00, 0x00, 0x00, 0x00, 
  0x00, 0x00, 0x00, 0x00, 0x00, 0x00, 0x00, 0x00, 0x00, 0x00, 0x00, 0x00, 
  0xff, 0x3d, 0x04, 0x00, 0x00, 0x00, 0xff, 0x3d, 0x99, 0x9f, 0x46, 0xff, 
  0xdf, 0x3d, 0xf7, 0xff, 0x3d, 0xff, 0xff, 0x3d, 0xff, 0xff, 0x3d, 0xff, 
  0xff, 0x3d, 0xff, 0xff, 0x3d, 0xff, 0xff, 0x3d, 0xff, 0xff, 0x3d, 0xff, 
  0xff, 0x3d, 0xff, 0xff, 0x3d, 0xff, 0xff, 0x3d, 0xff, 0xff, 0x3d, 0xff, 
  0xff, 0x3d, 0xff, 0xff, 0x3d, 0xff, 0xff, 0x3d, 0xff, 0xff, 0x3d, 0xff, 
  0xff, 0x3d, 0xff, 0x5d, 0x3d, 0xff, 0x9a, 0x3b, 0xff, 0xf7, 0x41, 0xff, 
  0x17, 0x42, 0xff, 0x38, 0x42, 0xff, 0x37, 0x42, 0xff, 0x17, 0x42, 0xff, 
  0x17, 0x42, 0xff, 0x17, 0x42, 0xff, 0x17, 0x42, 0xff, 0x17, 0x42, 0xff, 
  0x18, 0x42, 0xff, 0x18, 0x3a, 0xff, 0x18, 0x3a, 0xff, 0x19, 0x3a, 0xff, 
  0xf9, 0x39, 0xff, 0xf9, 0x39, 0xff, 0x19, 0x3a, 0xff, 0x19, 0x3a, 0xff, 
  0x18, 0x3a, 0xff, 0x18, 0x3a, 0xff, 0x18, 0x42, 0xff, 0x17, 0x42, 0xff, 
  0x17, 0x42, 0xff, 0x17, 0x42, 0xff, 0x17, 0x42, 0xff, 0x17, 0x42, 0xfe, 
  0x17, 0x42, 0xfb, 0x17, 0x42, 0xf8, 0x39, 0x42, 0xff, 0x18, 0x42, 0xd4, 
  0x17, 0x42, 0x50, 0xba, 0x52, 0x06, 0x00, 0x00, 0x00, 0x00, 0x00, 0x01, 
  0x00, 0x00, 0x01, 0x00, 0x00, 0x00, 0x00, 0x00, 0x00, 0x00, 0x00, 0x00, 
  0x00, 0x00, 0x00, 0x00, 0x00, 0x00, 0x00, 0x00, 0x00, 0x00, 0x00, 0x00, 
  0x00, 0x00, 0x00, 0x00, 0x00, 0x00, 0x00, 0x00, 0x00, 0x00, 0x00, 0x00, 
  0x00, 0x00, 0x00, 0x00, 0x00, 0x00, 0x00, 0x00, 0x00, 0x00, 0x00, 0x00, 
  0x00, 0x00, 0x00, 0x00, 0x00, 0x00, 0x00, 0x00, 0x00, 0x00, 0x00, 0x00, 
  0x00, 0x00, 0x00, 0x00, 0x00, 0x00, 0x00, 0x00, 0x00, 0x00, 0x00, 0x00, 
  0x00, 0x00, 0x00, 0x00, 0x00, 0x00, 0x00, 0x00, 0x00, 0x00, 0x00, 0x00, 
  0x00, 0x00, 0x00, 0x00, 0x00, 0x00, 0x00, 0x00, 0x00, 0x00, 0x00, 0x00, 
  0x00, 0x00, 0x00, 0x00, 0x00, 0x00, 0x00, 0x00, 0x00, 0x00, 0x00, 0x00, 
  0x00, 0x00, 0x00, 0x00, 0x00, 0x00, 0x00, 0x00, 0x00, 0x00, 0x00, 0x00, 
  0x00, 0x00, 0x00, 0x00, 0x00, 0x00, 0x00, 0x00, 0x00, 0x00, 0x00, 0x00, 
  0x00, 0x00, 0x00, 0x00, 0x00, 0x00, 0x00, 0x00, 0x00, 0x00, 0x00, 0x00, 
  0x00, 0x00, 0x00, 0x00, 0x00, 0x00, 0x00, 0x00, 0x00, 0x00, 0x00, 0x00, 
  0x00, 0x00, 0x00, 0x00, 0x00, 0x00, 0x00, 0x00, 0x00, 0x00, 0x00, 0x00, 
  0x00, 0x00, 0x00, 0x00, 0x00, 0x00, 0x00, 0x00, 0x00, 0x00, 0x00, 0x00, 
  0x00, 0x00, 0x00, 0x00, 0x00, 0x00, 0x00, 0x00, 0x00, 0x00, 0x00, 0x00, 
  0xff, 0x3d, 0x04, 0x00, 0x00, 0x00, 0xff, 0x3d, 0x95, 0x9f, 0x46, 0xf8, 
  0xff, 0x3d, 0xf0, 0xfe, 0x3d, 0xf8, 0xfe, 0x3d, 0xf8, 0xfe, 0x3d, 0xf8, 
  0xfe, 0x3d, 0xf8, 0xfe, 0x3d, 0xf8, 0xfe, 0x3d, 0xf8, 0xfe, 0x3d, 0xf8, 
  0xfe, 0x3d, 0xf8, 0xfe, 0x3d, 0xf8, 0xfe, 0x3d, 0xf8, 0xfe, 0x3d, 0xf8, 
  0xfe, 0x3d, 0xf8, 0xfe, 0x3d, 0xf8, 0xfe, 0x3d, 0xf8, 0xde, 0x3d, 0xf8, 
  0xfe, 0x3d, 0xf8, 0xff, 0x3d, 0xf8, 0x7e, 0x3d, 0xf8, 0xdb, 0x3b, 0xf8, 
  0x38, 0x42, 0xf8, 0xb7, 0x41, 0xf8, 0xf7, 0x41, 0xf8, 0x17, 0x42, 0xf9, 
  0x17, 0x42, 0xfc, 0x17, 0x42, 0xfe, 0x17, 0x42, 0xff, 0x17, 0x42, 0xff, 
  0x17, 0x42, 0xff, 0x37, 0x42, 0xff, 0x37, 0x42, 0xff, 0x37, 0x42, 0xff, 
  0x37, 0x42, 0xff, 0x37, 0x42, 0xff, 0x37, 0x42, 0xff, 0x37, 0x42, 0xff, 
  0x37, 0x42, 0xff, 0x37, 0x42, 0xff, 0x17, 0x42, 0xff, 0x17, 0x42, 0xff, 
  0x17, 0x42, 0xff, 0x17, 0x42, 0xfd, 0x17, 0x42, 0xfa, 0x18, 0x42, 0xfc, 
  0x39, 0x42, 0xff, 0x38, 0x42, 0xff, 0x18, 0x42, 0xaf, 0xf7, 0x39, 0x41, 
  0x00, 0x00, 0x00, 0x00, 0x00, 0x00, 0x1f, 0x00, 0x01, 0x00, 0x00, 0x01, 
  0x00, 0x00, 0x00, 0x00, 0x00, 0x00, 0x00, 0x00, 0x00, 0x00, 0x00, 0x00, 
  0x00, 0x00, 0x00, 0x00, 0x00, 0x00, 0x00, 0x00, 0x00, 0x00, 0x00, 0x00, 
  0x00, 0x00, 0x00, 0x00, 0x00, 0x00, 0x00, 0x00, 0x00, 0x00, 0x00, 0x00, 
  0x00, 0x00, 0x00, 0x00, 0x00, 0x00, 0x00, 0x00, 0x00, 0x00, 0x00, 0x00, 
  0x00, 0x00, 0x00, 0x00, 0x00, 0x00, 0x00, 0x00, 0x00, 0x00, 0x00, 0x00, 
  0x00, 0x00, 0x00, 0x00, 0x00, 0x00, 0x00, 0x00, 0x00, 0x00, 0x00, 0x00, 
  0x00, 0x00, 0x00, 0x00, 0x00, 0x00, 0x00, 0x00, 0x00, 0x00, 0x00, 0x00, 
  0x00, 0x00, 0x00, 0x00, 0x00, 0x00, 0x00, 0x00, 0x00, 0x00, 0x00, 0x00, 
  0x00, 0x00, 0x00, 0x00, 0x00, 0x00, 0x00, 0x00, 0x00, 0x00, 0x00, 0x00, 
  0x00, 0x00, 0x00, 0x00, 0x00, 0x00, 0x00, 0x00, 0x00, 0x00, 0x00, 0x00, 
  0x00, 0x00, 0x00, 0x00, 0x00, 0x00, 0x00, 0x00, 0x00, 0x00, 0x00, 0x00, 
  0x00, 0x00, 0x00, 0x00, 0x00, 0x00, 0x00, 0x00, 0x00, 0x00, 0x00, 0x00, 
  0x00, 0x00, 0x00, 0x00, 0x00, 0x00, 0x00, 0x00, 0x00, 0x00, 0x00, 0x00, 
  0x00, 0x00, 0x00, 0x00, 0x00, 0x00, 0x00, 0x00, 0x00, 0x00, 0x00, 0x00, 
  0x00, 0x00, 0x00, 0x00, 0x00, 0x00, 0x00, 0x00, 0x00, 0x00, 0x00, 0x00, 
  0x00, 0x00, 0x00, 0x00, 0x00, 0x00, 0x00, 0x00, 0x00, 0x00, 0x00, 0x00, 
  0xff, 0x3d, 0x04, 0x00, 0x00, 0x00, 0xff, 0x3d, 0xa8, 0x3f, 0x47, 0xff, 
  0x5f, 0x3e, 0xff, 0x7f, 0x46, 0xff, 0x7f, 0x46, 0xff, 0x7f, 0x46, 0xff, 
  0x7f, 0x46, 0xff, 0x7f, 0x46, 0xff, 0x7f, 0x46, 0xff, 0x7f, 0x46, 0xff, 
  0x7f, 0x46, 0xff, 0x7f, 0x46, 0xff, 0x7f, 0x46, 0xff, 0x7f, 0x46, 0xff, 
  0x7f, 0x46, 0xff, 0x7f, 0x46, 0xff, 0x7f, 0x46, 0xff, 0x7f, 0x46, 0xff, 
  0x7f, 0x46, 0xff, 0x7f, 0x46, 0xff, 0xbf, 0x46, 0xff, 0x7f, 0x46, 0xff, 
  0xdf, 0x44, 0xff, 0xbc, 0x43, 0xff, 0xdb, 0x4a, 0xff, 0x59, 0x4a, 0xff, 
  0x38, 0x42, 0xff, 0x17, 0x42, 0xff, 0x17, 0x42, 0xfb, 0x17, 0x42, 0xfc, 
  0x17, 0x42, 0xfd, 0x17, 0x42, 0xfe, 0x17, 0x42, 0xfe, 0x17, 0x42, 0xff, 
  0x17, 0x42, 0xff, 0x17, 0x42, 0xff, 0x17, 0x42, 0xff, 0x17, 0x42, 0xfe, 
  0x17, 0x42, 0xfe, 0x17, 0x42, 0xfd, 0x17, 0x42, 0xfd, 0x17, 0x42, 0xfb, 
  0x17, 0x42, 0xfc, 0x38, 0x42, 0xff, 0x59, 0x4a, 0xff, 0x38, 0x42, 0xff, 
  0x17, 0x42, 0xd4, 0x17, 0x42, 0x90, 0x16, 0x42, 0x2a, 0x00, 0x00, 0x00, 
  0x1f, 0x00, 0x01, 0xb5, 0x52, 0x03, 0x00, 0x00, 0x00, 0x00, 0x00, 0x00, 
  0x00, 0x00, 0x00, 0x00, 0x00, 0x00, 0x00, 0x00, 0x00, 0x00, 0x00, 0x00, 
  0x00, 0x00, 0x00, 0x00, 0x00, 0x00, 0x00, 0x00, 0x00, 0x00, 0x00, 0x00, 
  0x00, 0x00, 0x00, 0x00, 0x00, 0x00, 0x00, 0x00, 0x00, 0x00, 0x00, 0x00, 
  0x00, 0x00, 0x00, 0x00, 0x00, 0x00, 0x00, 0x00, 0x00, 0x00, 0x00, 0x00, 
  0x00, 0x00, 0x00, 0x00, 0x00, 0x00, 0x00, 0x00, 0x00, 0x00, 0x00, 0x00, 
  0x00, 0x00, 0x00, 0x00, 0x00, 0x00, 0x00, 0x00, 0x00, 0x00, 0x00, 0x00, 
  0x00, 0x00, 0x00, 0x00, 0x00, 0x00, 0x00, 0x00, 0x00, 0x00, 0x00, 0x00, 
  0x00, 0x00, 0x00, 0x00, 0x00, 0x00, 0x00, 0x00, 0x00, 0x00, 0x00, 0x00, 
  0x00, 0x00, 0x00, 0x00, 0x00, 0x00, 0x00, 0x00, 0x00, 0x00, 0x00, 0x00, 
  0x00, 0x00, 0x00, 0x00, 0x00, 0x00, 0x00, 0x00, 0x00, 0x00, 0x00, 0x00, 
  0x00, 0x00, 0x00, 0x00, 0x00, 0x00, 0x00, 0x00, 0x00, 0x00, 0x00, 0x00, 
  0x00, 0x00, 0x00, 0x00, 0x00, 0x00, 0x00, 0x00, 0x00, 0x00, 0x00, 0x00, 
  0x00, 0x00, 0x00, 0x00, 0x00, 0x00, 0x00, 0x00, 0x00, 0x00, 0x00, 0x00, 
  0x00, 0x00, 0x00, 0x00, 0x00, 0x00, 0x00, 0x00, 0x00, 0x00, 0x00, 0x00, 
  0x00, 0x00, 0x00, 0x00, 0x00, 0x00, 0x00, 0x00, 0x00, 0x00, 0x00, 0x00, 
  0x00, 0x00, 0x00, 0x00, 0x00, 0x00, 0x00, 0x00, 0x00, 0x00, 0x00, 0x00, 
  0x5f, 0x55, 0x03, 0x00, 0x00, 0x00, 0xdf, 0x3d, 0x79, 0x9f, 0x46, 0xc9, 
  0xff, 0x3d, 0xc3, 0xdf, 0x3d, 0xc9, 0xdf, 0x3d, 0xc9, 0xdf, 0x3d, 0xc9, 
  0xdf, 0x3d, 0xc9, 0xdf, 0x3d, 0xc9, 0xdf, 0x3d, 0xc9, 0xdf, 0x3d, 0xc9, 
  0xdf, 0x3d, 0xc9, 0xdf, 0x3d, 0xc9, 0xdf, 0x3d, 0xc9, 0xdf, 0x3d, 0xc9, 
  0xdf, 0x3d, 0xc9, 0xdf, 0x3d, 0xc9, 0xdf, 0x3d, 0xc9, 0xdf, 0x3d, 0xc9, 
  0xff, 0x3d, 0xc9, 0xdf, 0x3d, 0xc9, 0xde, 0x3d, 0xc9, 0xfe, 0x3d, 0xc9, 
  0x3f, 0x3e, 0xc9, 0x3d, 0x3d, 0xca, 0x39, 0x43, 0xc9, 0x17, 0x42, 0xd5, 
  0x37, 0x42, 0xef, 0x38, 0x42, 0xff, 0x39, 0x42, 0xff, 0x38, 0x42, 0xff, 
  0x38, 0x42, 0xff, 0x38, 0x42, 0xff, 0x18, 0x42, 0xff, 0x17, 0x42, 0xfe, 
  0x17, 0x42, 0xfe, 0x17, 0x42, 0xfd, 0x17, 0x42, 0xfe, 0x17, 0x42, 0xff, 
  0x38, 0x42, 0xff, 0x38, 0x42, 0xff, 0x38, 0x42, 0xff, 0x39, 0x42, 0xff, 
  0x38, 0x42, 0xff, 0x17, 0x42, 0xf9, 0x38, 0x42, 0xe0, 0x17, 0x42, 0xb3, 
  0x17, 0x42, 0x50, 0x00, 0x00, 0x00, 0x00, 0x00, 0x00, 0xf7, 0x39, 0x08, 
  0x1f, 0x00, 0x01, 0x00, 0x00, 0x00, 0x00, 0x00, 0x00, 0x00, 0x00, 0x00, 
  0x00, 0x00, 0x00, 0x00, 0x00, 0x00, 0x00, 0x00, 0x00, 0x00, 0x00, 0x00, 
  0x00, 0x00, 0x00, 0x00, 0x00, 0x00, 0x00, 0x00, 0x00, 0x00, 0x00, 0x00, 
  0x00, 0x00, 0x00, 0x00, 0x00, 0x00, 0x00, 0x00, 0x00, 0x00, 0x00, 0x00, 
  0x00, 0x00, 0x00, 0x00, 0x00, 0x00, 0x00, 0x00, 0x00, 0x00, 0x00, 0x00, 
  0x00, 0x00, 0x00, 0x00, 0x00, 0x00, 0x00, 0x00, 0x00, 0x00, 0x00, 0x00, 
  0x00, 0x00, 0x00, 0x00, 0x00, 0x00, 0x00, 0x00, 0x00, 0x00, 0x00, 0x00, 
  0x00, 0x00, 0x00, 0x00, 0x00, 0x00, 0x00, 0x00, 0x00, 0x00, 0x00, 0x00, 
  0x00, 0x00, 0x00, 0x00, 0x00, 0x00, 0x00, 0x00, 0x00, 0x00, 0x00, 0x00, 
  0x00, 0x00, 0x00, 0x00, 0x00, 0x00, 0x00, 0x00, 0x00, 0x00, 0x00, 0x00, 
  0x00, 0x00, 0x00, 0x00, 0x00, 0x00, 0x00, 0x00, 0x00, 0x00, 0x00, 0x00, 
  0x00, 0x00, 0x00, 0x00, 0x00, 0x00, 0x00, 0x00, 0x00, 0x00, 0x00, 0x00, 
  0x00, 0x00, 0x00, 0x00, 0x00, 0x00, 0x00, 0x00, 0x00, 0x00, 0x00, 0x00, 
  0x00, 0x00, 0x00, 0x00, 0x00, 0x00, 0x00, 0x00, 0x00, 0x00, 0x00, 0x00, 
  0x00, 0x00, 0x00, 0x00, 0x00, 0x00, 0x00, 0x00, 0x00, 0x00, 0x00, 0x00, 
  0x00, 0x00, 0x00, 0x00, 0x00, 0x00, 0x00, 0x00, 0x00, 0x00, 0x00, 0x00, 
  0x00, 0x00, 0x00, 0x00, 0x00, 0x00, 0x00, 0x00, 0x00, 0x00, 0x00, 0x00, 
  0x00, 0x00, 0x00, 0x00, 0x00, 0x00, 0x00, 0x00, 0x00, 0x00, 0x00, 0x00, 
  0x00, 0x00, 0x00, 0x00, 0x00, 0x00, 0x00, 0x00, 0x00, 0x00, 0x00, 0x00, 
  0x00, 0x00, 0x00, 0x00, 0x00, 0x00, 0x00, 0x00, 0x00, 0x00, 0x00, 0x00, 
  0x00, 0x00, 0x00, 0x00, 0x00, 0x00, 0x00, 0x00, 0x00, 0x00, 0x00, 0x00, 
  0x00, 0x00, 0x00, 0x00, 0x00, 0x00, 0x00, 0x00, 0x00, 0x00, 0x00, 0x00, 
  0x00, 0x00, 0x00, 0x00, 0x00, 0x00, 0x00, 0x00, 0x00, 0x00, 0x00, 0x00, 
  0x00, 0x00, 0x00, 0x00, 0x00, 0x00, 0x00, 0x00, 0x00, 0xf7, 0x39, 0x20, 
  0x17, 0x42, 0x7f, 0x17, 0x42, 0xcb, 0x17, 0x42, 0xf2, 0x38, 0x42, 0xf7, 
  0x17, 0x42, 0xfa, 0x17, 0x42, 0xfe, 0x18, 0x42, 0xff, 0x38, 0x42, 0xff, 
  0x38, 0x42, 0xff, 0x38, 0x42, 0xff, 0x38, 0x42, 0xff, 0x38, 0x42, 0xff, 
  0x17, 0x42, 0xff, 0x17, 0x42, 0xfd, 0x17, 0x42, 0xf8, 0x17, 0x42, 0xf5, 
  0x17, 0x42, 0xdf, 0x17, 0x42, 0xa1, 0x37, 0x42, 0x45, 0x00, 0x00, 0x00, 
  0x00, 0x00, 0x00, 0xff, 0x7b, 0x02, 0x0f, 0x00, 0x02, 0x00, 0x00, 0x00, 
  0x00, 0x00, 0x00, 0x00, 0x00, 0x00, 0x00, 0x00, 0x00, 0x00, 0x00, 0x00, 
  0x00, 0x00, 0x00, 0x00, 0x00, 0x00, 0x00, 0x00, 0x00, 0x00, 0x00, 0x00, 
  0x00, 0x00, 0x00, 0x00, 0x00, 0x00, 0x00, 0x00, 0x00, 0x00, 0x00, 0x00, 
  0x00, 0x00, 0x00, 0x00, 0x00, 0x00, 0x00, 0x00, 0x00, 0x00, 0x00, 0x00, 
  0x00, 0x00, 0x00, 0x00, 0x00, 0x00, 0x00, 0x00, 0x00, 0x00, 0x00, 0x00, 
  0x00, 0x00, 0x00, 0x00, 0x00, 0x00, 0x00, 0x00, 0x00, 0x00, 0x00, 0x00, 
  0x00, 0x00, 0x00, 0x00, 0x00, 0x00, 0x00, 0x00, 0x00, 0x00, 0x00, 0x00, 
  0x00, 0x00, 0x00, 0x00, 0x00, 0x00, 0x00, 0x00, 0x00, 0x00, 0x00, 0x00, 
  0x00, 0x00, 0x00, 0x00, 0x00, 0x00, 0x00, 0x00, 0x00, 0x00, 0x00, 0x00, 
  0x00, 0x00, 0x00, 0x00, 0x00, 0x00, 0x00, 0x00, 0x00, 0x00, 0x00, 0x00, 
  0x00, 0x00, 0x00, 0x00, 0x00, 0x00, 0x00, 0x00, 0x00, 0x00, 0x00, 0x00, 
  0x00, 0x00, 0x00, 0x00, 0x00, 0x00, 0x00, 0x00, 0x00, 0x00, 0x00, 0x00, 
  0x00, 0x00, 0x00, 0x00, 0x00, 0x00, 0x00, 0x00, 0x00, 0x00, 0x00, 0x00, 
  0x00, 0x00, 0x00, 0x00, 0x00, 0x00, 0x00, 0x00, 0x00, 0x00, 0x00, 0x00, 
  0x00, 0x00, 0x00, 0x00, 0x00, 0x00, 0x00, 0x00, 0x00, 0x00, 0x00, 0x00, 
  0x00, 0x00, 0x00, 0x00, 0x00, 0x00, 0x00, 0x00, 0x00, 0x00, 0x00, 0x00, 
  0x00, 0x00, 0x00, 0x00, 0x00, 0x00, 0x00, 0x00, 0x00, 0x00, 0x00, 0x00, 
  0x00, 0x00, 0x00, 0x00, 0x00, 0x00, 0x00, 0x00, 0x00, 0x00, 0x00, 0x00, 
  0x00, 0x00, 0x00, 0x00, 0x00, 0x00, 0x00, 0x00, 0x00, 0x00, 0x00, 0x00, 
  0x00, 0x00, 0x00, 0x00, 0x00, 0x00, 0x00, 0x00, 0x00, 0x00, 0x00, 0x00, 
  0x00, 0x00, 0x00, 0x00, 0x00, 0x00, 0x00, 0x00, 0x00, 0x00, 0x00, 0x00, 
  0x00, 0x00, 0x00, 0x00, 0x00, 0x00, 0x00, 0x00, 0x00, 0x00, 0x00, 0x00, 
  0x00, 0x00, 0x00, 0x00, 0x00, 0x00, 0x00, 0x00, 0x00, 0x00, 0x00, 0x00, 
  0x00, 0x00, 0x00, 0x00, 0x00, 0x00, 0x00, 0x00, 0x00, 0x00, 0x00, 0x00, 
  0x5a, 0x51, 0x06, 0xd8, 0x39, 0x0d, 0x37, 0x42, 0x34, 0x17, 0x42, 0x6d, 
  0x18, 0x42, 0xa0, 0x17, 0x42, 0xc7, 0x17, 0x42, 0xe3, 0x17, 0x42, 0xfa, 
  0x18, 0x42, 0xff, 0x18, 0x42, 0xff, 0x18, 0x42, 0xff, 0x17, 0x42, 0xee, 
  0x17, 0x42, 0xd3, 0x17, 0x42, 0xb2, 0x17, 0x42, 0x80, 0x37, 0x42, 0x47, 
  0xf7, 0x39, 0x18, 0xd5, 0x39, 0x09, 0x15, 0x00, 0x03, 0x00, 0x00, 0x00, 
  0x00, 0x00, 0x00, 0x00, 0x00, 0x00, 0x00, 0x00, 0x00, 0x00, 0x00, 0x00, 
  0x00, 0x00, 0x00, 0x00, 0x00, 0x00, 0x00, 0x00, 0x00, 0x00, 0x00, 0x00, 
  0x00, 0x00, 0x00, 0x00, 0x00, 0x00, 0x00, 0x00, 0x00, 0x00, 0x00, 0x00, 
  0x00, 0x00, 0x00, 0x00, 0x00, 0x00, 0x00, 0x00, 0x00, 0x00, 0x00, 0x00, 
  0x00, 0x00, 0x00, 0x00, 0x00, 0x00, 0x00, 0x00, 0x00, 0x00, 0x00, 0x00, 
  0x00, 0x00, 0x00, 0x00, 0x00, 0x00, 0x00, 0x00, 0x00, 0x00, 0x00, 0x00, 
  0x00, 0x00, 0x00, 0x00, 0x00, 0x00, 0x00, 0x00, 0x00, 0x00, 0x00, 0x00, 
  0x00, 0x00, 0x00, 0x00, 0x00, 0x00, 0x00, 0x00, 0x00, 0x00, 0x00, 0x00, 
  0x00, 0x00, 0x00, 0x00, 0x00, 0x00, 0x00, 0x00, 0x00, 0x00, 0x00, 0x00, 
  0x00, 0x00, 0x00, 0x00, 0x00, 0x00, 0x00, 0x00, 0x00, 0x00, 0x00, 0x00, 
  0x00, 0x00, 0x00, 0x00, 0x00, 0x00, 0x00, 0x00, 0x00, 0x00, 0x00, 0x00, 
  0x00, 0x00, 0x00, 0x00, 0x00, 0x00, 0x00, 0x00, 0x00, 0x00, 0x00, 0x00, 
  0x00, 0x00, 0x00, 0x00, 0x00, 0x00, 0x00, 0x00, 0x00, 0x00, 0x00, 0x00, 
  0x00, 0x00, 0x00, 0x00, 0x00, 0x00, 0x00, 0x00, 0x00, 0x00, 0x00, 0x00, 
  0x00, 0x00, 0x00, 0x00, 0x00, 0x00, 0x00, 0x00, 0x00, 0x00, 0x00, 0x00, 
  0x00, 0x00, 0x00, 0x00, 0x00, 0x00, 0x00, 0x00, 0x00, 0x00, 0x00, 0x00, 
  0x00, 0x00, 0x00, 0x00, 0x00, 0x00, 0x00, 0x00, 0x00, 0x00, 0x00, 0x00, 
  0x00, 0x00, 0x00, 0x00, 0x00, 0x00, 0x00, 0x00, 0x00, 0x00, 0x00, 0x00, 
  0x00, 0x00, 0x00, 0x00, 0x00, 0x00, 0xff, 0x07, 0x01, 0xff, 0x07, 0x02, 
  0xff, 0x03, 0x02, 0xff, 0x03, 0x02, 0xff, 0x03, 0x02, 0xff, 0x03, 0x02, 
  0xff, 0x03, 0x02, 0xff, 0x03, 0x02, 0xff, 0x03, 0x02, 0xff, 0x03, 0x02, 
  0xff, 0x03, 0x02, 0xff, 0x03, 0x02, 0xff, 0x03, 0x02, 0xff, 0x03, 0x02, 
  0xff, 0x03, 0x02, 0xff, 0x03, 0x02, 0xff, 0x03, 0x02, 0xff, 0x03, 0x02, 
  0xff, 0x03, 0x02, 0xff, 0x03, 0x02, 0xff, 0x03, 0x02, 0xff, 0x03, 0x02, 
  0xff, 0x03, 0x02, 0xff, 0x03, 0x02, 0xff, 0x03, 0x02, 0x00, 0x00, 0x00, 
  0x00, 0x00, 0x00, 0x00, 0x00, 0x00, 0x00, 0x00, 0x00, 0x79, 0x4a, 0x0a, 
  0xf9, 0x39, 0x18, 0x17, 0x42, 0x23, 0x17, 0x42, 0x2b, 0xf8, 0x39, 0x31, 
  0xf7, 0x39, 0x34, 0xf7, 0x39, 0x34, 0x18, 0x42, 0x32, 0x17, 0x42, 0x2e, 
  0x18, 0x42, 0x26, 0xf8, 0x39, 0x1d, 0xf7, 0x39, 0x10, 0x00, 0x00, 0x00, 
  0x00, 0x00, 0x00, 0x00, 0x00, 0x00, 0x00, 0x00, 0x00, 0x1f, 0x00, 0x01, 
  0x1f, 0x00, 0x01, 0x00, 0x00, 0x00, 0x00, 0x00, 0x00, 0x00, 0x00, 0x00, 
  0x00, 0x00, 0x00, 0x00, 0x00, 0x00, 0x00, 0x00, 0x00, 0x00, 0x00, 0x00, 
  0x00, 0x00, 0x00, 0x00, 0x00, 0x00, 0x00, 0x00, 0x00, 0x00, 0x00, 0x00, 
  0x00, 0x00, 0x00, 0x00, 0x00, 0x00, 0x00, 0x00, 0x00, 0x00, 0x00, 0x00, 
  0x00, 0x00, 0x00, 0x00, 0x00, 0x00, 0x00, 0x00, 0x00, 0x00, 0x00, 0x00, 
  0x00, 0x00, 0x00, 0x00, 0x00, 0x00, 0x00, 0x00, 0x00, 0x00, 0x00, 0x00, 
  0x00, 0x00, 0x00, 0x00, 0x00, 0x00, 0x00, 0x00, 0x00, 0x00, 0x00, 0x00, 
  0x00, 0x00, 0x00, 0x00, 0x00, 0x00, 0x00, 0x00, 0x00, 0x00, 0x00, 0x00, 
  0x00, 0x00, 0x00, 0x00, 0x00, 0x00, 0x00, 0x00, 0x00, 0x00, 0x00, 0x00, 
  0x00, 0x00, 0x00, 0x00, 0x00, 0x00, 0x00, 0x00, 0x00, 0x00, 0x00, 0x00, 
  0x00, 0x00, 0x00, 0x00, 0x00, 0x00, 0x00, 0x00, 0x00, 0x00, 0x00, 0x00, 
  0x00, 0x00, 0x00, 0x00, 0x00, 0x00, 0x00, 0x00, 0x00, 0x00, 0x00, 0x00, 
  0x00, 0x00, 0x00, 0x00, 0x00, 0x00, 0x00, 0x00, 0x00, 0x00, 0x00, 0x00, 
  0x00, 0x00, 0x00, 0x00, 0x00, 0x00, 0x00, 0x00, 0x00, 0x00, 0x00, 0x00, 
  0x00, 0x00, 0x00, 0x00, 0x00, 0x00, 0x00, 0x00, 0x00, 0x00, 0x00, 0x00, 
  0x00, 0x00, 0x00, 0x00, 0x00, 0x00, 0x00, 0x00, 0x00, 0x00, 0x00, 0x00, 
  0x00, 0x00, 0x00, 0x00, 0x00, 0x00, 0x00, 0x00, 0x00, 0x00, 0x00, 0x00, 
  0x00, 0x00, 0x00, 0x00, 0x00, 0x00, 0x00, 0x00, 0x00, 0x00, 0x00, 0x00, 
  0x00, 0x00, 0x00, 0x00, 0x00, 0x00, 0x00, 0x00, 0x00, 0x00, 0x00, 0x00, 
  0x00, 0x00, 0x00, 0x00, 0x00, 0x00, 0x00, 0x00, 0x00, 0x00, 0x00, 0x00, 
  0x00, 0x00, 0x00, 0x00, 0x00, 0x00, 0x00, 0x00, 0x00, 0x00, 0x00, 0x00, 
  0x00, 0x00, 0x00, 0x00, 0x00, 0x00, 0x00, 0x00, 0x00, 0x00, 0x00, 0x00, 
  0x00, 0x00, 0x00, 0x00, 0x00, 0x00, 0x00, 0x00, 0x00, 0x00, 0x00, 0x00, 
  0x00, 0x00, 0x00, 0x00, 0x00, 0x00, 0x00, 0x00, 0x00, 0x00, 0x00, 0x00, 
  0x00, 0x00, 0x00, 0x00, 0x00, 0x00, 0x00, 0x00, 0x00, 0x00, 0x00, 0x01, 
  0xb5, 0x52, 0x03, 0xf7, 0x39, 0x04, 0x00, 0x00, 0x00, 0x00, 0x00, 0x00, 
  0x00, 0x00, 0x00, 0x00, 0x00, 0x00, 0x00, 0x00, 0x00, 0x00, 0x00, 0x00, 
  0x00, 0x00, 0x00, 0x00, 0x00, 0x00, 0x00, 0x00, 0x00, 0x00, 0x00, 0x00, 
  0x00, 0x00, 0x00, 0x00, 0x00, 0x00, 0x00, 0x00, 0x00, 0x00, 0x00, 0x00, 
  0xb5, 0x52, 0x03, 0xb5, 0x52, 0x03, 0x1f, 0x00, 0x01, 0x00, 0x00, 0x00, 
  0x00, 0x00, 0x00, 0x00, 0x00, 0x00, 0x00, 0x00, 0x00, 0x00, 0x00, 0x00, 
  0x00, 0x00, 0x00, 0x00, 0x00, 0x00, 0x00, 0x00, 0x00, 0x00, 0x00, 0x00, 
  0x00, 0x00, 0x00, 0x00, 0x00, 0x00, 0x00, 0x00, 0x00, 0x00, 0x00, 0x00, 
  0x00, 0x00, 0x00, 0x00, 0x00, 0x00, 0x00, 0x00, 0x00, 0x00, 0x00, 0x00, 
  0x00, 0x00, 0x00, 0x00, 0x00, 0x00, 0x00, 0x00, 0x00, 0x00, 0x00, 0x00, 
  0x00, 0x00, 0x00, 0x00, 0x00, 0x00, 0x00, 0x00, 0x00, 0x00, 0x00, 0x00, 
  0x00, 0x00, 0x00, 0x00, 0x00, 0x00, 0x00, 0x00, 0x00, 0x00, 0x00, 0x00, 
  0x00, 0x00, 0x00, 0x00, 0x00, 0x00, 0x00, 0x00, 0x00, 0x00, 0x00, 0x00, 
  0x00, 0x00, 0x00, 0x00, 0x00, 0x00, 0x00, 0x00, 0x00, 0x00, 0x00, 0x00, 
  0x00, 0x00, 0x00, 0x00, 0x00, 0x00, 0x00, 0x00, 0x00, 0x00, 0x00, 0x00, 
  0x00, 0x00, 0x00, 0x00, 0x00, 0x00, 0x00, 0x00, 0x00, 0x00, 0x00, 0x00, 
  0x00, 0x00, 0x00, 0x00, 0x00, 0x00, 0x00, 0x00, 0x00, 0x00, 0x00, 0x00, 
  0x00, 0x00, 0x00, 0x00, 0x00, 0x00, 0x00, 0x00, 0x00, 0x00, 0x00, 0x00, 
  0x00, 0x00, 0x00, 0x00, 0x00, 0x00, 0x00, 0x00, 0x00, 0x00, 0x00, 0x00, 
  0x00, 0x00, 0x00, 0x00, 0x00, 0x00, 0x00, 0x00, 0x00, 0x00, 0x00, 0x00, 
  0x00, 0x00, 0x00, 0x00, 0x00, 0x00, 0x00, 0x00, 0x00, 0x00, 0x00, 0x00, 
  0x00, 0x00, 0x00, 0x00, 0x00, 0x00, 0x00, 0x00, 0x00, 0x00, 0x00, 0x00, 
  0x00, 0x00, 0x00, 0x00, 0x00, 0x00, 0x00, 0x00, 0x00, 0x00, 0x00, 0x00, 
  0x00, 0x00, 0x00, 0x00, 0x00, 0x00, 0x00, 0x00, 0x00, 0x00, 0x00, 0x00, 
  0x00, 0x00, 0x00, 0x00, 0x00, 0x00, 0x00, 0x00, 0x00, 0x00, 0x00, 0x00, 
  0x00, 0x00, 0x00, 0x00, 0x00, 0x00, 0x00, 0x00, 0x00, 0x00, 0x00, 0x00, 
  0x00, 0x00, 0x00, 0x00, 0x00, 0x00, 0x00, 0x00, 0x00, 0x00, 0x00, 0x00, 
  0x00, 0x00, 0x00, 0x00, 0x00, 0x00, 0x00, 0x00, 0x00, 0x00, 0x00, 0x00, 
  0x00, 0x00, 0x00, 0x00, 0x00, 0x00, 0x00, 0x00, 0x00, 0x00, 0x00, 0x00, 
  0x00, 0x00, 0x00, 0x00, 0x00, 0x00, 0x00, 0x00, 0x00, 0x00, 0x00, 0x00, 
  0x00, 0x00, 0x00, 0x00, 0x00, 0x00, 0x1f, 0x00, 0x01, 0xb5, 0x52, 0x03, 
  0xf7, 0x39, 0x04, 0x99, 0x31, 0x05, 0xba, 0x52, 0x06, 0x56, 0x4a, 0x07, 
  0x56, 0x4a, 0x07, 0x56, 0x4a, 0x07, 0x56, 0x4a, 0x07, 0x56, 0x4a, 0x07, 
  0xb5, 0x52, 0x06, 0x99, 0x31, 0x05, 0xb5, 0x52, 0x03, 0x0f, 0x00, 0x02, 
  0x00, 0x00, 0x00, 0x00, 0x00, 0x00, 0x00, 0x00, 0x00, 0x00, 0x00, 0x00, 
  0x00, 0x00, 0x00, 0x00, 0x00, 0x00, 0x00, 0x00, 0x00, 0x00, 0x00, 0x00, 
  0x00, 0x00, 0x00, 0x00, 0x00, 0x00, 0x00, 0x00, 0x00, 0x00, 0x00, 0x00, 
  0x00, 0x00, 0x00, 0x00, 0x00, 0x00, 0x00, 0x00, 0x00, 0x00, 0x00, 0x00, 
  0x00, 0x00, 0x00, 0x00, 0x00, 0x00, 0x00, 0x00, 0x00, 0x00, 0x00, 0x00, 
  0x00, 0x00, 0x00, 0x00, 0x00, 0x00, 0x00, 0x00, 0x00, 0x00, 0x00, 0x00, 
  0x00, 0x00, 0x00, 0x00, 0x00, 0x00, 0x00, 0x00, 0x00, 0x00, 0x00, 0x00, 
  0x00, 0x00, 0x00, 0x00, 0x00, 0x00, 0x00, 0x00, 0x00, 0x00, 0x00, 0x00, 
  0x00, 0x00, 0x00, 0x00, 0x00, 0x00, 0x00, 0x00, 0x00, 0x00, 0x00, 0x00, 
  0x00, 0x00, 0x00, 0x00, 0x00, 0x00, 0x00, 0x00, 0x00, 0x00, 0x00, 0x00, 
  0x00, 0x00, 0x00, 0x00, 0x00, 0x00, 0x00, 0x00, 0x00, 0x00, 0x00, 0x00, 
  0x00, 0x00, 0x00, 0x00, 0x00, 0x00, 0x00, 0x00, 0x00, 0x00, 0x00, 0x00, 
  0x00, 0x00, 0x00, 0x00, 0x00, 0x00, 0x00, 0x00, 0x00, 0x00, 0x00, 0x00, 
  0x00, 0x00, 0x00, 0x00, 0x00, 0x00, 0x00, 0x00, 0x00, 0x00, 0x00, 0x00, 
  0x00, 0x00, 0x00, 0x00, 0x00, 0x00, 0x00, 0x00, 0x00, 0x00, 0x00, 0x00, 
  0x00, 0x00, 0x00, 0x00, 0x00, 0x00, 0x00, 0x00, 0x00, 0x00, 0x00, 0x00, 
  0x00, 0x00, 0x00, 0x00, 0x00, 0x00, 0x00, 0x00, 0x00, 0x00, 0x00, 0x00, 
  0x00, 0x00, 0x00, 0x00, 0x00, 0x00, 0x00, 0x00, 0x00, 0x00, 0x00, 0x00, 
  0x00, 0x00, 0x00, 0x00, 0x00, 0x00, 0x00, 0x00, 0x00, 0x00, 0x00, 0x00, 
  0x00, 0x00, 0x00, 0x00, 0x00, 0x00, 0x00, 0x00, 0x00, 0x00, 0x00, 0x00, 
  0x00, 0x00, 0x00, 0x00, 0x00, 0x00, 0x00, 0x00, 0x00, 0x00, 0x00, 0x00, 
  0x00, 0x00, 0x00, 0x00, 0x00, 0x00, 0x00, 0x00, 0x00, 0x00, 0x00, 0x00, 
  0x00, 0x00, 0x00, 0x00, 0x00, 0x00, 0x00, 0x00, 0x00, 0x00, 0x00, 0x00, 
  0x00, 0x00, 0x00, 0x00, 0x00, 0x00, 0x00, 0x00, 0x00, 0x00, 0x00, 0x00, 
  0x00, 0x00, 0x00, 0x00, 0x00, 0x00, 0x00, 0x00, 0x00, 0x00, 0x00, 0x00, 
  0x00, 0x00, 0x00, 0x00, 0x00, 0x00, 0x00, 0x00, 0x00, 0x00, 0x00, 0x00, 
  0x00, 0x00, 0x00, 0x00, 0x00, 0x00, 0x00, 0x00, 0x00, 0x00, 0x00, 0x00, 
  0x00, 0x00, 0x00, 0x00, 0x00, 0x00, 0x00, 0x00, 0x00, 0x00, 0x00, 0x00, 
  0x00, 0x00, 0x00, 0x00, 0x00, 0x00, 0x00, 0x00, 0x00, 0x00, 0x00, 0x00, 
  0x00, 0x00, 0x00, 0x00, 0x00, 0x00, 0x00, 0x00, 0x00, 0x00, 0x00, 0x00, 
  0x00, 0x00, 0x00, 0x00, 0x00, 0x00, 0x00, 0x00, 0x00, 0x00, 0x00, 0x00, 
  0x00, 0x00, 0x00, 0x00, 0x00, 0x00, 0x00, 0x00, 0x00, 0x00, 0x00, 0x00, 
  0x00, 0x00, 0x00, 0x00, 0x00, 0x00, 0x00, 0x00, 0x00, 0x00, 0x00, 0x00, 
  0x00, 0x00, 0x00, 0x00, 0x00, 0x00, 0x00, 0x00, 0x00, 0x00, 0x00, 0x00, 
  0x00, 0x00, 0x00, 0x00, 0x00, 0x00, 0x00, 0x00, 0x00, 0x00, 0x00, 0x00, 
  0x00, 0x00, 0x00, 0x00, 0x00, 0x00, 0x00, 0x00, 0x00, 0x00, 0x00, 0x00, 
  0x00, 0x00, 0x00, 0x00, 0x00, 0x00, 0x00, 0x00, 0x00, 0x00, 0x00, 0x00, 
  0x00, 0x00, 0x00, 0x00, 0x00, 0x00, 0x00, 0x00, 0x00, 0x00, 0x00, 0x00, 
  0x00, 0x00, 0x00, 0x00, 0x00, 0x00, 0x00, 0x00, 0x00, 0x00, 0x00, 0x00, 
  0x00, 0x00, 0x00, 0x00, 0x00, 0x00, 0x00, 0x00, 0x00, 0x00, 0x00, 0x00, 
  0x00, 0x00, 0x00, 0x00, 0x00, 0x00, 0x00, 0x00, 0x00, 0x00, 0x00, 0x00, 
  0x00, 0x00, 0x00, 0x00, 0x00, 0x00, 0x00, 0x00, 0x00, 0x00, 0x00, 0x00, 
  0x00, 0x00, 0x00, 0x00, 0x00, 0x00, 0x00, 0x00, 0x00, 0x00, 0x00, 0x00, 
  0x00, 0x00, 0x00, 0x00, 0x00, 0x00, 0x00, 0x00, 0x00, 0x00, 0x00, 0x00, 
  0x00, 0x00, 0x00, 0x00, 0x00, 0x00, 0x00, 0x00, 0x00, 0x00, 0x00, 0x00, 
  0x00, 0x00, 0x00, 0x00, 0x00, 0x00, 0x00, 0x00, 0x00, 0x00, 0x00, 0x00, 
  0x00, 0x00, 0x00, 0x00, 0x00, 0x00, 0x00, 0x00, 0x00, 0x00, 0x00, 0x00, 
  0x00, 0x00, 0x00, 0x00, 0x00, 0x00, 0x00, 0x00, 0x00, 0x00, 0x00, 0x00, 
  0x00, 0x00, 0x00, 0x00, 0x00, 0x00, 0x00, 0x00, 0x00, 0x00, 0x00, 0x00, 
  0x00, 0x00, 0x00, 0x00, 0x00, 0x00, 0x00, 0x00, 0x00, 0x00, 0x00, 0x00, 
  0x00, 0x00, 0x00, 0x00, 0x00, 0x00, 0x00, 0x00, 0x00, 0x00, 0x00, 0x00, 
  0x00, 0x00, 0x00, 0x00, 0x00, 0x00, 0x00, 0x00, 0x00, 0x00, 0x00, 0x00, 
  0x00, 0x00, 0x00, 0x00, 0x00, 0x00, 0x00, 0x00, 0x00, 0x00, 0x00, 0x00, 
  0x00, 0x00, 0x00, 0x00, 0x00, 0x00, 0x00, 0x00, 0x00, 0x00, 0x00, 0x00, 
  0x00, 0x00, 0x00, 0x00, 0x00, 0x00, 0x00, 0x00, 0x00, 0x00, 0x00, 0x00, 
  0x00, 0x00, 0x00, 0x00, 0x00, 0x00, 0x00, 0x00, 0x00, 0x00, 0x00, 0x00, 
  0x00, 0x00, 0x00, 0x00, 0x00, 0x00, 0x00, 0x00, 0x00, 0x00, 0x00, 0x00, 
  0x00, 0x00, 0x00, 0x00, 0x00, 0x00, 0x00, 0x00, 0x00, 0x00, 0x00, 0x00, 
  0x00, 0x00, 0x00, 0x00, 0x00, 0x00, 0x00, 0x00, 0x00, 0x00, 0x00, 0x00, 
  0x00, 0x00, 0x00, 0x00, 0x00, 0x00, 0x00, 0x00, 0x00, 0x00, 0x00, 0x00, 
  0x00, 0x00, 0x00, 0x00, 0x00, 0x00, 0x00, 0x00, 0x00, 0x00, 0x00, 0x00, 
  0x00, 0x00, 0x00, 0x00, 0x00, 0x00, 0x00, 0x00, 0x00, 0x00, 0x00, 0x00, 
  0x00, 0x00, 0x00, 0x00, 0x00, 0x00, 0x00, 0x00, 0x00, 0x00, 0x00, 0x00, 
  0x00, 0x00, 0x00, 0x00, 0x00, 0x00, 0x00, 0x00, 0x00, 0x00, 0x00, 0x00, 
  0x00, 0x00, 0x00, 0x00, 0x00, 0x00, 0x00, 0x00, 0x00, 0x00, 0x00, 0x00, 
  0x00, 0x00, 0x00, 0x00, 0x00, 0x00, 0x00, 0x00, 0x00, 0x00, 0x00, 0x00, 
  0x00, 0x00, 0x00, 0x00, 0x00, 0x00, 0x00, 0x00, 0x00, 0x00, 0x00, 0x00, 
  0x00, 0x00, 0x00, 0x00, 0x00, 0x00, 0x00, 0x00, 0x00, 0x00, 0x00, 0x00, 
  0x00, 0x00, 0x00, 0x00, 0x00, 0x00, 0x00, 0x00, 0x00, 0x00, 0x00, 0x00, 
  0x00, 0x00, 0x00, 0x00, 0x00, 0x00, 0x00, 0x00, 0x00, 0x00, 0x00, 0x00, 
  0x00, 0x00, 0x00, 0x00, 0x00, 0x00, 0x00, 0x00, 0x00, 0x00, 0x00, 0x00, 
  0x00, 0x00, 0x00, 0x00, 0x00, 0x00, 0x00, 0x00, 0x00, 0x00, 0x00, 0x00, 
  0x00, 0x00, 0x00, 0x00, 0x00, 0x00, 0x00, 0x00, 0x00, 0x00, 0x00, 0x00, 
  0x00, 0x00, 0x00, 0x00, 0x00, 0x00, 0x00, 0x00, 0x00, 0x00, 0x00, 0x00, 
  0x00, 0x00, 0x00, 0x00, 0x00, 0x00, 0x00, 0x00, 0x00, 0x00, 0x00, 0x00, 
  0x00, 0x00, 0x00, 0x00, 0x00, 0x00, 0x00, 0x00, 0x00, 0x00, 0x00, 0x00, 
  0x00, 0x00, 0x00, 0x00, 0x00, 0x00, 0x00, 0x00, 0x00, 0x00, 0x00, 0x00, 
  0x00, 0x00, 0x00, 0x00, 0x00, 0x00, 0x00, 0x00, 0x00, 0x00, 0x00, 0x00, 
  0x00, 0x00, 0x00, 0x00, 0x00, 0x00, 0x00, 0x00, 0x00, 0x00, 0x00, 0x00, 
  0x00, 0x00, 0x00, 0x00, 0x00, 0x00, 0x00, 0x00, 0x00, 0x00, 0x00, 0x00, 
  0x00, 0x00, 0x00, 0x00, 0x00, 0x00, 0x00, 0x00, 0x00, 0x00, 0x00, 0x00, 
  0x00, 0x00, 0x00, 0x00, 0x00, 0x00, 0x00, 0x00, 0x00, 0x00, 0x00, 0x00, 
  0x00, 0x00, 0x00, 0x00, 0x00, 0x00, 0x00, 0x00, 0x00, 0x00, 0x00, 0x00, 
  0x00, 0x00, 0x00, 0x00, 0x00, 0x00, 0x00, 0x00, 0x00, 0x00, 0x00, 0x00, 
  0x00, 0x00, 0x00, 0x00, 0x00, 0x00, 0x00, 0x00, 0x00, 0x00, 0x00, 0x00, 
  0x00, 0x00, 0x00, 0x00, 0x00, 0x00, 0x00, 0x00, 0x00, 0x00, 0x00, 0x00, 
  0x00, 0x00, 0x00, 0x00, 0x00, 0x00, 0x00, 0x00, 0x00, 0x00, 0x00, 0x00, 
  0x00, 0x00, 0x00, 0x00, 0x00, 0x00, 0x00, 0x00, 0x00, 0x00, 0x00, 0x00, 
  0x00, 0x00, 0x00, 0x00, 0x00, 0x00, 0x00, 0x00, 0x00, 0x00, 0x00, 0x00, 
  0x00, 0x00, 0x00, 0x00, 0x00, 0x00, 0x00, 0x00, 0x00, 0x00, 0x00, 0x00, 
  0x00, 0x00, 0x00, 0x00, 0x00, 0x00, 0x00, 0x00, 0x00, 0x00, 0x00, 0x00, 
  0x00, 0x00, 0x00, 0x00, 0x00, 0x00, 0x00, 0x00, 0x00, 0x00, 0x00, 0x00, 
  0x00, 0x00, 0x00, 0x00, 0x00, 0x00, 0x00, 0x00, 0x00, 0x00, 0x00, 0x00, 
  0x00, 0x00, 0x00, 0x00, 0x00, 0x00, 0x00, 0x00, 0x00, 0x00, 0x00, 0x00, 
  0x00, 0x00, 0x00, 0x00, 0x00, 0x00, 0x00, 0x00, 0x00, 0x00, 0x00, 0x00, 
  0x00, 0x00, 0x00, 0x00, 0x00, 0x00, 0x00, 0x00, 0x00, 0x00, 0x00, 0x00, 
  0x00, 0x00, 0x00, 0x00, 0x00, 0x00, 0x00, 0x00, 0x00, 0x00, 0x00, 0x00, 
  0x00, 0x00, 0x00, 0x00, 0x00, 0x00, 0x00, 0x00, 0x00, 0x00, 0x00, 0x00, 
  0x00, 0x00, 0x00, 0x00, 0x00, 0x00, 0x00, 0x00, 0x00, 0x00, 0x00, 0x00, 
  0x00, 0x00, 0x00, 0x00, 0x00, 0x00, 0x00, 0x00, 0x00, 0x00, 0x00, 0x00, 
  0x00, 0x00, 0x00, 0x00, 0x00, 0x00, 0x00, 0x00, 0x00, 0x00, 0x00, 0x00, 
  0x00, 0x00, 0x00, 0x00, 0x00, 0x00, 0x00, 0x00, 0x00, 0x00, 0x00, 0x00, 
  0x00, 0x00, 0x00, 0x00, 0x00, 0x00, 0x00, 0x00, 0x00, 0x00, 0x00, 0x00, 
  0x00, 0x00, 0x00, 0x00, 0x00, 0x00, 0x00, 0x00, 0x00, 0x00, 0x00, 0x00, 
  0x00, 0x00, 0x00, 0x00, 0x00, 0x00, 0x00, 0x00, 0x00, 0x00, 0x00, 0x00, 
  0x00, 0x00, 0x00, 0x00, 0x00, 0x00, 0x00, 0x00, 0x00, 0x00, 0x00, 0x00, 
  0x00, 0x00, 0x00, 0x00, 0x00, 0x00, 0x00, 0x00, 0x00, 0x00, 0x00, 0x00, 
  0x00, 0x00, 0x00, 0x00, 0x00, 0x00, 0x00, 0x00, 0x00, 0x00, 0x00, 0x00, 
  0x00, 0x00, 0x00, 0x00, 0x00, 0x00, 0x00, 0x00, 0x00, 0x00, 0x00, 0x00, 
  0x00, 0x00, 0x00, 0x00, 0x00, 0x00, 0x00, 0x00, 0x00, 0x00, 0x00, 0x00, 
  0x00, 0x00, 0x00, 0x00, 0x00, 0x00, 0x00, 0x00, 0x00, 0x00, 0x00, 0x00, 
  0x00, 0x00, 0x00, 0x00, 0x00, 0x00, 0x00, 0x00, 0x00, 0x00, 0x00, 0x00, 
  0x00, 0x00, 0x00, 0x00, 0x00, 0x00, 0x00, 0x00, 0x00, 0x00, 0x00, 0x00, 
  0x00, 0x00, 0x00, 0x00, 0x00, 0x00, 0x00, 0x00, 0x00, 0x00, 0x00, 0x00, 
  0x00, 0x00, 0x00, 0x00, 0x00, 0x00, 0x00, 0x00, 0x00, 0x00, 0x00, 0x00, 
  0x00, 0x00, 0x00, 0x00, 0x00, 0x00, 0x00, 0x00, 0x00, 0x00, 0x00, 0x00, 
  0x00, 0x00, 0x00, 0x00, 0x00, 0x00, 0x00, 0x00, 0x00, 0x00, 0x00, 0x00, 
  0x00, 0x00, 0x00, 0x00, 0x00, 0x00, 0x00, 0x00, 0x00, 0x00, 0x00, 0x00, 
  0x00, 0x00, 0x00, 0x00, 0x00, 0x00, 0x00, 0x00, 0x00, 0x00, 0x00, 0x00, 
  0x00, 0x00, 0x00, 0x00, 0x00, 0x00, 0x00, 0x00, 0x00, 0x00, 0x00, 0x00, 
  0x00, 0x00, 0x00, 0x00, 0x00, 0x00, 0x00, 0x00, 0x00, 0x00, 0x00, 0x00, 
  0x00, 0x00, 0x00, 0x00, 0x00, 0x00, 0x00, 0x00, 0x00, 0x00, 0x00, 0x00, 
  0x00, 0x00, 0x00, 0x00, 0x00, 0x00, 0x00, 0x00, 0x00, 0x00, 0x00, 0x00, 
  0x00, 0x00, 0x00, 0x00, 0x00, 0x00, 0x00, 0x00, 0x00, 0x00, 0x00, 0x00, 
  0x00, 0x00, 0x00, 0x00, 0x00, 0x00, 0x00, 0x00, 0x00, 0x00, 0x00, 0x00, 
  0x00, 0x00, 0x00, 0x00, 0x00, 0x00, 0x00, 0x00, 0x00, 0x00, 0x00, 0x00, 
  0x00, 0x00, 0x00, 0x00, 0x00, 0x00, 0x00, 0x00, 0x00, 0x00, 0x00, 0x00, 
  0x00, 0x00, 0x00, 0x00, 0x00, 0x00, 0x00, 0x00, 0x00, 0x00, 0x00, 0x00, 
  0x00, 0x00, 0x00, 0x00, 0x00, 0x00, 0x00, 0x00, 0x00, 0x00, 0x00, 0x00, 
  0x00, 0x00, 0x00, 0x00, 0x00, 0x00, 0x00, 0x00, 0x00, 0x00, 0x00, 0x00, 
  0x00, 0x00, 0x00, 0x00, 0x00, 0x00, 0x00, 0x00, 0x00, 0x00, 0x00, 0x00, 
  0x00, 0x00, 0x00, 0x00, 0x00, 0x00, 0x00, 0x00, 0x00, 0x00, 0x00, 0x00, 
  0x00, 0x00, 0x00, 0x00, 0x00, 0x00, 0x00, 0x00, 0x00, 0x00, 0x00, 0x00, 
  0x00, 0x00, 0x00, 0x00, 0x00, 0x00, 0x00, 0x00, 0x00, 0x00, 0x00, 0x00, 
  0x00, 0x00, 0x00, 0x00, 0x00, 0x00, 0x00, 0x00, 0x00, 0x00, 0x00, 0x00, 
  0x00, 0x00, 0x00, 0x00, 0x00, 0x00, 0x00, 0x00, 0x00, 0x00, 0x00, 0x00, 
  0x00, 0x00, 0x00, 0x00, 0x00, 0x00, 0x00, 0x00, 0x00, 0x00, 0x00, 0x00, 
  0x00, 0x00, 0x00, 0x00, 0x00, 0x00, 0x00, 0x00, 0x00, 0x00, 0x00, 0x00, 
  0x00, 0x00, 0x00, 0x00, 0x00, 0x00, 0x00, 0x00, 0x00, 0x00, 0x00, 0x00, 
  0x00, 0x00, 0x00, 0x00, 0x00, 0x00, 0x00, 0x00, 0x00, 0x00, 0x00, 0x00, 
  0x00, 0x00, 0x00, 0x00, 0x00, 0x00, 0x00, 0x00, 0x00, 0x00, 0x00, 0x00, 
  0x00, 0x00, 0x00, 0x00, 0x00, 0x00, 0x00, 0x00, 0x00, 0x00, 0x00, 0x00, 
  0x00, 0x00, 0x00, 0x00, 0x00, 0x00, 0x00, 0x00, 0x00, 0x00, 0x00, 0x00, 
  0x00, 0x00, 0x00, 0x00, 0x00, 0x00, 0x00, 0x00, 0x00, 0x00, 0x00, 0x00, 
  0x00, 0x00, 0x00, 0x00, 0x00, 0x00, 0x00, 0x00, 0x00, 0x00, 0x00, 0x00, 
  0x00, 0x00, 0x00, 0x00, 0x00, 0x00, 0x00, 0x00, 0x00, 0x00, 0x00, 0x00, 
  0x00, 0x00, 0x00, 0x00, 0x00, 0x00, 0x00, 0x00, 0x00, 0x00, 0x00, 0x00, 
  0x00, 0x00, 0x00, 0x00, 0x00, 0x00, 0x00, 0x00, 0x00, 0x00, 0x00, 0x00, 
  0x00, 0x00, 0x00, 0x00, 0x00, 0x00, 0x00, 0x00, 0x00, 0x00, 0x00, 0x00, 
  0x00, 0x00, 0x00, 0x00, 0x00, 0x00, 0x00, 0x00, 0x00, 0x00, 0x00, 0x00, 
  0x00, 0x00, 0x00, 0x00, 0x00, 0x00, 0x00, 0x00, 0x00, 0x00, 0x00, 0x00, 
  0x00, 0x00, 0x00, 0x00, 0x00, 0x00, 0x00, 0x00, 0x00, 0x00, 0x00, 0x00, 
  0x00, 0x00, 0x00, 0x00, 0x00, 0x00, 0x00, 0x00, 0x00, 0x00, 0x00, 0x00, 
  0x00, 0x00, 0x00, 0x00, 0x00, 0x00, 0x00, 0x00, 0x00, 0x00, 0x00, 0x00, 
  0x00, 0x00, 0x00, 0x00, 0x00, 0x00, 0x00, 0x00, 0x00, 0x00, 0x00, 0x00, 
  0x00, 0x00, 0x00, 0x00, 0x00, 0x00, 0x00, 0x00, 0x00, 0x00, 0x00, 0x00, 
  0x00, 0x00, 0x00, 0x00, 0x00, 0x00, 0x00, 0x00, 0x00, 0x00, 0x00, 0x00, 
  0x00, 0x00, 0x00, 0x00, 0x00, 0x00, 0x00, 0x00, 0x00, 0x00, 0x00, 0x00, 
  0x00, 0x00, 0x00, 0x00, 0x00, 0x00, 0x00, 0x00, 0x00, 0x00, 0x00, 0x00, 
  0x00, 0x00, 0x00, 0x00, 0x00, 0x00, 0x00, 0x00, 0x00, 0x00, 0x00, 0x00, 
  0x00, 0x00, 0x00, 0x00, 0x00, 0x00, 0x00, 0x00, 0x00, 0x00, 0x00, 0x00, 
  0x00, 0x00, 0x00, 0x00, 0x00, 0x00, 0x00, 0x00, 0x00, 0x00, 0x00, 0x00, 
  0x00, 0x00, 0x00, 0x00, 0x00, 0x00, 0x00, 0x00, 0x00, 0x00, 0x00, 0x00, 
  0x00, 0x00, 0x00, 0x00, 0x00, 0x00, 0x00, 0x00, 0x00, 0x00, 0x00, 0x00, 
  0x00, 0x00, 0x00, 0x00, 0x00, 0x00, 0x00, 0x00, 0x00, 0x00, 0x00, 0x00, 
  0x00, 0x00, 0x00, 0x00, 0x00, 0x00, 0x00, 0x00, 0x00, 0x00, 0x00, 0x00, 
  0x00, 0x00, 0x00, 0x00, 0x00, 0x00, 0x00, 0x00, 0x00, 0x00, 0x00, 0x00, 
  0x00, 0x00, 0x00, 0x00, 0x00, 0x00, 0x00, 0x00, 0x00, 0x00, 0x00, 0x00, 
  0x00, 0x00, 0x00, 0x00, 0x00, 0x00, 0x00, 0x00, 0x00, 0x00, 0x00, 0x00, 
  0x00, 0x00, 0x00, 0x00, 0x00, 0x00, 0x00, 0x00, 0x00, 0x00, 0x00, 0x00, 
  0x00, 0x00, 0x00, 0x00, 0x00, 0x00, 0x00, 0x00, 0x00, 0x00, 0x00, 0x00, 
  0x00, 0x00, 0x00, 0x00, 0x00, 0x00, 0x00, 0x00, 0x00, 0x00, 0x00, 0x00, 
  0x00, 0x00, 0x00, 0x00, 0x00, 0x00, 0x00, 0x00, 0x00, 0x00, 0x00, 0x00, 
  0x00, 0x00, 0x00, 0x00, 0x00, 0x00, 0x00, 0x00, 0x00, 0x00, 0x00, 0x00, 
  0x00, 0x00, 0x00, 0x00, 0x00, 0x00, 0x00, 0x00, 0x00, 0x00, 0x00, 0x00, 
  0x00, 0x00, 0x00, 0x00, 0x00, 0x00, 0x00, 0x00, 0x00, 0x00, 0x00, 0x00, 
  0x00, 0x00, 0x00, 0x00, 0x00, 0x00, 0x00, 0x00, 0x00, 0x00, 0x00, 0x00, 
  0x00, 0x00, 0x00, 0x00, 0x00, 0x00, 0x00, 0x00, 0x00, 0x00, 0x00, 0x00, 
  0x00, 0x00, 0x00, 0x00, 0x00, 0x00, 0x00, 0x00, 0x00, 0x00, 0x00, 0x00, 
  0x00, 0x00, 0x00, 0x00, 0x00, 0x00, 0x00, 0x00, 0x00, 0x00, 0x00, 0x00, 
  0x00, 0x00, 0x00, 0x00, 0x00, 0x00, 0x00, 0x00, 0x00, 0x00, 0x00, 0x00, 
  0x00, 0x00, 0x00, 0x00, 0x00, 0x00, 0x00, 0x00, 0x00, 0x00, 0x00, 0x00, 
  0x00, 0x00, 0x00, 0x00, 0x00, 0x00, 0x00, 0x00, 0x00, 0x00, 0x00, 0x00, 
  0x00, 0x00, 0x00, 0x00, 0x00, 0x00, 0x00, 0x00, 0x00, 0x00, 0x00, 0x00, 
  0x00, 0x00, 0x00, 0x00, 0x00, 0x00, 0x00, 0x00, 0x00, 0x00, 0x00, 0x00, 
  0x00, 0x00, 0x00, 0x00, 0x00, 0x00, 0x00, 0x00, 0x00, 0x00, 0x00, 0x00, 
  0x00, 0x00, 0x00, 0x00, 0x00, 0x00, 0x00, 0x00, 0x00, 0x00, 0x00, 0x00, 
  0x00, 0x00, 0x00, 0x00, 0x00, 0x00, 0x00, 0x00, 0x00, 0x00, 0x00, 0x00, 
  0x00, 0x00, 0x00, 0x00, 0x00, 0x00, 0x00, 0x00, 0x00, 0x00, 0x00, 0x00, 
  0x00, 0x00, 0x00, 0x00, 0x00, 0x00, 0x00, 0x00, 0x00, 0x00, 0x00, 0x00, 
  0x00, 0x00, 0x00, 0x00, 0x00, 0x00, 0x00, 0x00, 0x00, 0x00, 0x00, 0x00, 
  0x00, 0x00, 0x00, 0x00, 0x00, 0x00, 0x00, 0x00, 0x00, 0x00, 0x00, 0x00, 
  0x00, 0x00, 0x00, 0x00, 0x00, 0x00, 0x00, 0x00, 0x00, 0x00, 0x00, 0x00, 
  0x00, 0x00, 0x00, 0x00, 0x00, 0x00, 0x00, 0x00, 0x00, 0x00, 0x00, 0x00, 
  0x00, 0x00, 0x00, 0x00, 0x00, 0x00, 0x00, 0x00, 0x00, 0x00, 0x00, 0x00, 
  0x00, 0x00, 0x00, 0x00, 0x00, 0x00, 0x00, 0x00, 0x00, 0x00, 0x00, 0x00, 
  0x00, 0x00, 0x00, 0x00, 0x00, 0x00, 0x00, 0x00, 0x00, 0x00, 0x00, 0x00, 
  0x00, 0x00, 0x00, 0x00, 0x00, 0x00, 0x00, 0x00, 0x00, 0x00, 0x00, 0x00, 
  0x00, 0x00, 0x00, 0x00, 0x00, 0x00, 0x00, 0x00, 0x00, 0x00, 0x00, 0x00, 
  0x00, 0x00, 0x00, 0x00, 0x00, 0x00, 0x00, 0x00, 0x00, 0x00, 0x00, 0x00, 
  0x00, 0x00, 0x00, 0x00, 0x00, 0x00, 0x00, 0x00, 0x00, 0x00, 0x00, 0x00, 
  0x00, 0x00, 0x00, 0x00, 0x00, 0x00, 0x00, 0x00, 0x00, 0x00, 0x00, 0x00, 
  0x00, 0x00, 0x00, 0x00, 0x00, 0x00, 0x00, 0x00, 0x00, 0x00, 0x00, 0x00, 
  0x00, 0x00, 0x00, 0x00, 0x00, 0x00, 0x00, 0x00, 0x00, 0x00, 0x00, 0x00, 
  0x00, 0x00, 0x00, 0x00, 0x00, 0x00, 0x00, 0x00, 0x00, 0x00, 0x00, 0x00, 
  0x00, 0x00, 0x00, 0x00, 0x00, 0x00, 0x00, 0x00, 0x00, 0x00, 0x00, 0x00, 
  0x00, 0x00, 0x00, 0x00, 0x00, 0x00, 0x00, 0x00, 0x00, 0x00, 0x00, 0x00, 
  0x00, 0x00, 0x00, 0x00, 0x00, 0x00, 0x00, 0x00, 0x00, 0x00, 0x00, 0x00, 
  0x00, 0x00, 0x00, 0x00, 0x00, 0x00, 0x00, 0x00, 0x00, 0x00, 0x00, 0x00, 
  0x00, 0x00, 0x00, 0x00, 0x00, 0x00, 0x00, 0x00, 0x00, 0x00, 0x00, 0x00, 
  0x00, 0x00, 0x00, 0x00, 0x00, 0x00, 0x00, 0x00, 0x00, 0x00, 0x00, 0x00, 
  0x00, 0x00, 0x00, 0x00, 0x00, 0x00, 0x00, 0x00, 0x00, 0x00, 0x00, 0x00, 
  0x00, 0x00, 0x00, 0x00, 0x00, 0x00, 0x00, 0x00, 0x00, 0x00, 0x00, 0x00, 
  0x00, 0x00, 0x00, 0x00, 0x00, 0x00, 0x00, 0x00, 0x00, 0x00, 0x00, 0x00, 
  0x00, 0x00, 0x00, 0x00, 0x00, 0x00, 0x00, 0x00, 0x00, 0x00, 0x00, 0x00, 
  0x00, 0x00, 0x00, 0x00, 0x00, 0x00, 0x00, 0x00, 0x00, 0x00, 0x00, 0x00, 
  0x00, 0x00, 0x00, 0x00, 0x00, 0x00, 0x00, 0x00, 0x00, 0x00, 0x00, 0x00, 
  0x00, 0x00, 0x00, 0x00, 0x00, 0x00, 0x00, 0x00, 0x00, 0x00, 0x00, 0x00, 
  0x00, 0x00, 0x00, 0x00, 0x00, 0x00, 0x00, 0x00, 0x00, 0x00, 0x00, 0x00, 
  0x00, 0x00, 0x00, 0x00, 0x00, 0x00, 0x00, 0x00, 0x00, 0x00, 0x00, 0x00, 
  0x00, 0x00, 0x00, 0x00, 0x00, 0x00, 0x00, 0x00, 0x00, 0x00, 0x00, 0x00, 
  0x00, 0x00, 0x00, 0x00, 0x00, 0x00, 0x00, 0x00, 0x00, 0x00, 0x00, 0x00, 
  0x00, 0x00, 0x00, 0x00, 0x00, 0x00, 0x00, 0x00, 0x00, 0x00, 0x00, 0x00, 
  0x00, 0x00, 0x00, 0x00, 0x00, 0x00, 0x00, 0x00, 0x00, 0x00, 0x00, 0x00, 
  0x00, 0x00, 0x00, 0x00, 0x00, 0x00, 0x00, 0x00, 0x00, 0x00, 0x00, 0x00, 
  0x00, 0x00, 0x00, 0x00, 0x00, 0x00, 0x00, 0x00, 0x00, 0x00, 0x00, 0x00, 
  0x00, 0x00, 0x00, 0x00, 0x00, 0x00, 0x00, 0x00, 0x00, 0x00, 0x00, 0x00, 
  0x00, 0x00, 0x00, 0x00, 0x00, 0x00, 0x00, 0x00, 0x00, 0x00, 0x00, 0x00, 
  0x00, 0x00, 0x00, 0x00, 0x00, 0x00, 0x00, 0x00, 0x00, 0x00, 0x00, 0x00, 
  0x00, 0x00, 0x00, 0x00, 0x00, 0x00, 0x00, 0x00, 0x00, 0x00, 0x00, 0x00, 
  0x00, 0x00, 0x00, 0x00, 0x00, 0x00, 0x00, 0x00, 0x00, 0x00, 0x00, 0x00, 
  0x00, 0x00, 0x00, 0x00, 0x00, 0x00, 0x00, 0x00, 0x00, 0x00, 0x00, 0x00, 
  0x00, 0x00, 0x00, 0x00, 0x00, 0x00, 0x00, 0x00, 0x00, 0x00, 0x00, 0x00, 
  0x00, 0x00, 0x00, 0x00, 0x00, 0x00, 0x00, 0x00, 0x00, 0x00, 0x00, 0x00, 
  0x00, 0x00, 0x00, 0x00, 0x00, 0x00, 0x00, 0x00, 0x00, 0x00, 0x00, 0x00, 
  0x00, 0x00, 0x00, 0x00, 0x00, 0x00, 0x00, 0x00, 0x00, 0x00, 0x00, 0x00, 
  0x00, 0x00, 0x00, 0x00, 0x00, 0x00, 0x00, 0x00, 0x00, 0x00, 0x00, 0x00, 
  0x00, 0x00, 0x00, 0x00, 0x00, 0x00, 0x00, 0x00, 0x00, 0x00, 0x00, 0x00, 
  0x00, 0x00, 0x00, 0x00, 0x00, 0x00, 0x00, 0x00, 0x00, 0x00, 0x00, 0x00, 
  0x00, 0x00, 0x00, 0x00, 0x00, 0x00, 0x00, 0x00, 0x00, 0x00, 0x00, 0x00, 
  0x00, 0x00, 0x00, 0x00, 0x00, 0x00, 0x00, 0x00, 0x00, 0x00, 0x00, 0x00, 
  0x00, 0x00, 0x00, 0x00, 0x00, 0x00, 0x00, 0x00, 0x00, 0x00, 0x00, 0x00, 
  0x00, 0x00, 0x00, 0x00, 0x00, 0x00, 0x00, 0x00, 0x00, 0x00, 0x00, 0x00, 
  0x00, 0x00, 0x00, 0x00, 0x00, 0x00, 0x00, 0x00, 0x00, 0x00, 0x00, 0x00, 
  0x00, 0x00, 0x00, 0x00, 0x00, 0x00, 0x00, 0x00, 0x00, 0x00, 0x00, 0x00, 
  0x00, 0x00, 0x00, 0x00, 0x00, 0x00, 0x00, 0x00, 0x00, 0x00, 0x00, 0x00, 
  0x00, 0x00, 0x00, 0x00, 0x00, 0x00, 0x00, 0x00, 0x00, 0x00, 0x00, 0x00, 
  0x00, 0x00, 0x00, 0x00, 0x00, 0x00, 0x00, 0x00, 0x00, 0x00, 0x00, 0x00, 
  0x00, 0x00, 0x00, 0x00, 0x00, 0x00, 0x00, 0x00, 0x00, 0x00, 0x00, 0x00, 
  0x00, 0x00, 0x00, 0x00, 0x00, 0x00, 0x00, 0x00, 0x00, 0x00, 0x00, 0x00, 
  0x00, 0x00, 0x00, 0x00, 0x00, 0x00, 0x00, 0x00, 0x00, 0x00, 0x00, 0x00, 
  0x00, 0x00, 0x00, 0x00, 0x00, 0x00, 0x00, 0x00, 0x00, 0x00, 0x00, 0x00, 
  0x00, 0x00, 0x00, 0x00, 0x00, 0x00, 0x00, 0x00, 0x00, 0x00, 0x00, 0x00, 
  0x00, 0x00, 0x00, 0x00, 0x00, 0x00, 0x00, 0x00, 0x00, 0x00, 0x00, 0x00, 
  0x00, 0x00, 0x00, 0x00, 0x00, 0x00, 0x00, 0x00, 0x00, 0x00, 0x00, 0x00, 
  0x00, 0x00, 0x00, 0x00, 0x00, 0x00, 0x00, 0x00, 0x00, 0x00, 0x00, 0x00, 
  0x00, 0x00, 0x00, 0x00, 0x00, 0x00, 0x00, 0x00, 0x00, 0x00, 0x00, 0x00, 
  0x00, 0x00, 0x00, 0x00, 0x00, 0x00, 0x00, 0x00, 0x00, 0x00, 0x00, 0x00, 
  0x00, 0x00, 0x00, 0x00, 0x00, 0x00, 0x00, 0x00, 0x00, 0x00, 0x00, 0x00, 
  0x00, 0x00, 0x00, 0x00, 0x00, 0x00, 0x00, 0x00, 0x00, 0x00, 0x00, 0x00, 
  0x00, 0x00, 0x00, 0x00, 0x00, 0x00, 0x00, 0x00, 0x00, 0x00, 0x00, 0x00, 
  0x00, 0x00, 0x00, 0x00, 0x00, 0x00, 0x00, 0x00, 0x00, 0x00, 0x00, 0x00, 
  0x00, 0x00, 0x00, 0x00, 0x00, 0x00, 0x00, 0x00, 0x00, 0x00, 0x00, 0x00, 
  0x00, 0x00, 0x00, 0x00, 0x00, 0x00, 0x00, 0x00, 0x00, 0x00, 0x00, 0x00, 
  0x00, 0x00, 0x00, 0x00, 0x00, 0x00, 0x00, 0x00, 0x00, 0x00, 0x00, 0x00, 
  0x00, 0x00, 0x00, 0x00, 0x00, 0x00, 0x00, 0x00, 0x00, 0x00, 0x00, 0x00, 
  0x00, 0x00, 0x00, 0x00, 0x00, 0x00, 0x00, 0x00, 0x00, 0x00, 0x00, 0x00, 
  0x00, 0x00, 0x00, 0x00, 0x00, 0x00, 0x00, 0x00, 0x00, 0x00, 0x00, 0x00, 
  0x00, 0x00, 0x00, 0x00, 0x00, 0x00, 0x00, 0x00, 0x00, 0x00, 0x00, 0x00, 
  0x00, 0x00, 0x00, 0x00, 0x00, 0x00, 0x00, 0x00, 0x00, 0x00, 0x00, 0x00, 
  0x00, 0x00, 0x00, 0x00, 0x00, 0x00, 0x00, 0x00, 0x00, 0x00, 0x00, 0x00, 
  0x00, 0x00, 0x00, 0x00, 0x00, 0x00, 0x00, 0x00, 0x00, 0x00, 0x00, 0x00, 
  0x00, 0x00, 0x00, 0x00, 0x00, 0x00, 0x00, 0x00, 0x00, 0x00, 0x00, 0x00, 
  0x00, 0x00, 0x00, 0x00, 0x00, 0x00, 0x00, 0x00, 0x00, 0x00, 0x00, 0x00, 
  0x00, 0x00, 0x00, 0x00, 0x00, 0x00, 0x00, 0x00, 0x00, 0x00, 0x00, 0x00, 
  0x00, 0x00, 0x00, 0x00, 0x00, 0x00, 0x00, 0x00, 0x00, 0x00, 0x00, 0x00, 
  0x00, 0x00, 0x00, 0x00, 0x00, 0x00, 0x00, 0x00, 0x00, 0x00, 0x00, 0x00, 
  0x00, 0x00, 0x00, 0x00, 0x00, 0x00, 0x00, 0x00, 0x00, 0x00, 0x00, 0x00, 
  0x00, 0x00, 0x00, 0x00, 0x00, 0x00, 0x00, 0x00, 0x00, 0x00, 0x00, 0x00, 
  0x00, 0x00, 0x00, 0x00, 0x00, 0x00, 0x00, 0x00, 0x00, 0x00, 0x00, 0x00, 
  0x00, 0x00, 0x00, 0x00, 0x00, 0x00, 0x00, 0x00, 0x00, 0x00, 0x00, 0x00, 
  0x00, 0x00, 0x00, 0x00, 0x00, 0x00, 0x00, 0x00, 0x00, 0x00, 0x00, 0x00, 
  0x00, 0x00, 0x00, 0x00, 0x00, 0x00, 0x00, 0x00, 0x00, 0x00, 0x00, 0x00, 
  0x00, 0x00, 0x00, 0x00, 0x00, 0x00, 0x00, 0x00, 0x00, 0x00, 0x00, 0x00, 
  0x00, 0x00, 0x00, 0x00, 0x00, 0x00, 0x00, 0x00, 0x00, 0x00, 0x00, 0x00, 
  0x00, 0x00, 0x00, 0x00, 0x00, 0x00, 0x00, 0x00, 0x00, 0x00, 0x00, 0x00, 
  0x00, 0x00, 0x00, 0x00, 0x00, 0x00, 0x00, 0x00, 0x00, 0x00, 0x00, 0x00, 
  0x00, 0x00, 0x00, 0x00, 0x00, 0x00, 0x00, 0x00, 0x00, 0x00, 0x00, 0x00, 
  0x00, 0x00, 0x00, 0x00, 0x00, 0x00, 0x00, 0x00, 0x00, 0x00, 0x00, 0x00, 
  0x00, 0x00, 0x00, 0x00, 0x00, 0x00, 0x00, 0x00, 0x00, 0x00, 0x00, 0x00, 
  0x00, 0x00, 0x00, 0x00, 0x00, 0x00, 0x00, 0x00, 0x00, 0x00, 0x00, 0x00, 
  0x00, 0x00, 0x00, 0x00, 0x00, 0x00, 0x00, 0x00, 0x00, 0x00, 0x00, 0x00, 
  0x00, 0x00, 0x00, 0x00, 0x00, 0x00, 0x00, 0x00, 0x00, 0x00, 0x00, 0x00, 
  0x00, 0x00, 0x00, 0x00, 0x00, 0x00, 0x00, 0x00, 0x00, 0x00, 0x00, 0x00, 
  0x00, 0x00, 0x00, 0x00, 0x00, 0x00, 0x00, 0x00, 0x00, 0x00, 0x00, 0x00, 
  0x00, 0x00, 0x00, 0x00, 0x00, 0x00, 0x00, 0x00, 0x00, 0x00, 0x00, 0x00, 
  0x00, 0x00, 0x00, 0x00, 0x00, 0x00, 0x00, 0x00, 0x00, 0x00, 0x00, 0x00, 
  0x00, 0x00, 0x00, 0x00, 0x00, 0x00, 0x00, 0x00, 0x00, 0x00, 0x00, 0x00, 
  0x00, 0x00, 0x00, 0x00, 0x00, 0x00, 0x00, 0x00, 0x00, 0x00, 0x00, 0x00, 
  0x00, 0x00, 0x00, 0x00, 0x00, 0x00, 0x00, 0x00, 0x00, 0x00, 0x00, 0x00, 
  0x00, 0x00, 0x00, 0x00, 0x00, 0x00, 0x00, 0x00, 0x00, 0x00, 0x00, 0x00, 
  0x00, 0x00, 0x00, 0x00, 0x00, 0x00, 0x00, 0x00, 0x00, 0x00, 0x00, 0x00, 
  0x00, 0x00, 0x00, 0x00, 0x00, 0x00, 0x00, 0x00, 0x00, 0x00, 0x00, 0x00, 
  0x00, 0x00, 0x00, 0x00, 0x00, 0x00, 0x00, 0x00, 0x00, 0x00, 0x00, 0x00, 
  0x00, 0x00, 0x00, 0x00, 0x00, 0x00, 0x00, 0x00, 0x00, 0x00, 0x00, 0x00, 
  0x00, 0x00, 0x00, 0x00, 0x00, 0x00, 0x00, 0x00, 0x00, 0x00, 0x00, 0x00, 
  0x00, 0x00, 0x00, 0x00, 0x00, 0x00, 0x00, 0x00, 0x00, 0x00, 0x00, 0x00, 
  0x00, 0x00, 0x00, 0x00, 0x00, 0x00, 0x00, 0x00, 0x00, 0x00, 0x00, 0x00, 
  0x00, 0x00, 0x00, 0x00, 0x00, 0x00, 0x00, 0x00, 0x00, 0x00, 0x00, 0x00, 
  0x00, 0x00, 0x00, 0x00, 0x00, 0x00, 0x00, 0x00, 0x00, 0x00, 0x00, 0x00, 
  0x00, 0x00, 0x00, 0x00, 0x00, 0x00, 0x00, 0x00, 0x00, 0x00, 0x00, 0x00, 
  0x00, 0x00, 0x00, 0x00, 0x00, 0x00, 0x00, 0x00, 0x00, 0x00, 0x00, 0x00, 
  0x00, 0x00, 0x00, 0x00, 0x00, 0x00, 0x00, 0x00, 0x00, 0x00, 0x00, 0x00, 
  0x00, 0x00, 0x00, 0x00, 0x00, 0x00, 0x00, 0x00, 0x00, 0x00, 0x00, 0x00, 
  0x00, 0x00, 0x00, 0x00, 0x00, 0x00, 0x00, 0x00, 0x00, 0x00, 0x00, 0x00, 
  0x00, 0x00, 0x00, 0x00, 0x00, 0x00, 0x00, 0x00, 0x00, 0x00, 0x00, 0x00, 
  0x00, 0x00, 0x00, 0x00, 0x00, 0x00, 0x00, 0x00, 0x00, 0x00, 0x00, 0x00, 
  0x00, 0x00, 0x00, 0x00, 0x00, 0x00, 0x00, 0x00, 0x00, 0x00, 0x00, 0x00, 
  0x00, 0x00, 0x00, 0x00, 0x00, 0x00, 0x00, 0x00, 0x00, 0x00, 0x00, 0x00, 
  0x00, 0x00, 0x00, 0x00, 0x00, 0x00, 0x00, 0x00, 0x00, 0x00, 0x00, 0x00, 
  0x00, 0x00, 0x00, 0x00, 0x00, 0x00, 0x00, 0x00, 0x00, 0x00, 0x00, 0x00, 
  0x00, 0x00, 0x00, 0x00, 0x00, 0x00, 0x00, 0x00, 0x00, 0x00, 0x00, 0x00, 
  0x00, 0x00, 0x00, 0x00, 0x00, 0x00, 0x00, 0x00, 0x00, 0x00, 0x00, 0x00, 
  0x00, 0x00, 0x00, 0x00, 0x00, 0x00, 0x00, 0x00, 0x00, 0x00, 0x00, 0x00, 
  0x00, 0x00, 0x00, 0x00, 0x00, 0x00, 0x00, 0x00, 0x00, 0x00, 0x00, 0x00, 
  0x00, 0x00, 0x00, 0x00, 0x00, 0x00, 0x00, 0x00, 0x00, 0x00, 0x00, 0x00, 
  0x00, 0x00, 0x00, 0x00, 0x00, 0x00, 0x00, 0x00, 0x00, 0x00, 0x00, 0x00, 
  0x00, 0x00, 0x00, 0x00, 0x00, 0x00, 0x00, 0x00, 0x00, 0x00, 0x00, 0x00, 
  0x00, 0x00, 0x00, 0x00, 0x00, 0x00, 0x00, 0x00, 0x00, 0x00, 0x00, 0x00, 
  0x00, 0x00, 0x00, 0x00, 0x00, 0x00, 0x00, 0x00, 0x00, 0x00, 0x00, 0x00, 
  0x00, 0x00, 0x00, 0x00, 0x00, 0x00, 0x00, 0x00, 0x00, 0x00, 0x00, 0x00, 
  0x00, 0x00, 0x00, 0x00, 0x00, 0x00, 0x00, 0x00, 0x00, 0x00, 0x00, 0x00, 
  0x00, 0x00, 0x00, 0x00, 0x00, 0x00, 0x00, 0x00, 0x00, 0x00, 0x00, 0x00, 
  0x00, 0x00, 0x00, 0x00, 0x00, 0x00, 0x00, 0x00, 0x00, 0x00, 0x00, 0x00, 
  0x00, 0x00, 0x00, 0x00, 0x00, 0x00, 0x00, 0x00, 0x00, 0x00, 0x00, 0x00, 
  0x00, 0x00, 0x00, 0x00, 0x00, 0x00, 0x00, 0x00, 0x00, 0x00, 0x00, 0x00, 
  0x00, 0x00, 0x00, 0x00, 0x00, 0x00, 0x00, 0x00, 0x00, 0x00, 0x00, 0x00, 
  0x00, 0x00, 0x00, 0x00, 0x00, 0x00, 0x00, 0x00, 0x00, 0x00, 0x00, 0x00, 
  0x00, 0x00, 0x00, 0x00, 0x00, 0x00, 0x00, 0x00, 0x00, 0x00, 0x00, 0x00, 
  0x00, 0x00, 0x00, 0x00, 0x00, 0x00, 0x00, 0x00, 0x00, 0x00, 0x00, 0x00, 
  0x00, 0x00, 0x00, 0x00, 0x00, 0x00, 0x00, 0x00, 0x00, 0x00, 0x00, 0x00, 
  0x00, 0x00, 0x00, 0x00, 0x00, 0x00, 0x00, 0x00, 0x00, 0x00, 0x00, 0x00, 
  0x00, 0x00, 0x00, 0x00, 0x00, 0x00, 0x00, 0x00, 0x00, 0x00, 0x00, 0x00, 
  0x00, 0x00, 0x00, 0x00, 0x00, 0x00, 0x00, 0x00, 0x00, 0x00, 0x00, 0x00, 
  0x00, 0x00, 0x00, 0x00, 0x00, 0x00, 0x00, 0x00, 0x00, 0x00, 0x00, 0x00, 
  0x00, 0x00, 0x00, 0x00, 0x00, 0x00, 0x00, 0x00, 0x00, 0x00, 0x00, 0x00, 
  0x00, 0x00, 0x00, 0x00, 0x00, 0x00, 0x00, 0x00, 0x00, 0x00, 0x00, 0x00, 
  0x00, 0x00, 0x00, 0x00, 0x00, 0x00, 0x00, 0x00, 0x00, 0x00, 0x00, 0x00, 
  0x00, 0x00, 0x00, 0x00, 0x00, 0x00, 0x00, 0x00, 0x00, 0x00, 0x00, 0x00, 
  0x00, 0x00, 0x00, 0x00, 0x00, 0x00, 0x00, 0x00, 0x00, 0x00, 0x00, 0x00, 
  0x00, 0x00, 0x00, 0x00, 0x00, 0x00, 0x00, 0x00, 0x00, 0x00, 0x00, 0x00, 
  0x00, 0x00, 0x00, 0x00, 0x00, 0x00, 0x00, 0x00, 0x00, 0x00, 0x00, 0x00, 
  0x00, 0x00, 0x00, 0x00, 0x00, 0x00, 0x00, 0x00, 0x00, 0x00, 0x00, 0x00, 
  0x00, 0x00, 0x00, 0x00, 0x00, 0x00, 0x00, 0x00, 0x00, 0x00, 0x00, 0x00, 
  0x00, 0x00, 0x00, 0x00, 0x00, 0x00, 0x00, 0x00, 0x00, 0x00, 0x00, 0x00, 
  0x00, 0x00, 0x00, 0x00, 0x00, 0x00, 0x00, 0x00, 0x00, 0x00, 0x00, 0x00, 
  0x00, 0x00, 0x00, 0x00, 0x00, 0x00, 0x00, 0x00, 0x00, 0x00, 0x00, 0x00, 
  0x00, 0x00, 0x00, 0x00, 0x00, 0x00, 0x00, 0x00, 0x00, 0x00, 0x00, 0x00, 
  0x00, 0x00, 0x00, 0x00, 0x00, 0x00, 0x00, 0x00, 0x00, 0x00, 0x00, 0x00, 
  0x00, 0x00, 0x00, 0x00, 0x00, 0x00, 0x00, 0x00, 0x00, 0x00, 0x00, 0x00, 
  0x00, 0x00, 0x00, 0x00, 0x00, 0x00, 0x00, 0x00, 0x00, 0x00, 0x00, 0x00, 
  0x00, 0x00, 0x00, 0x00, 0x00, 0x00, 0x00, 0x00, 0x00, 0x00, 0x00, 0x00, 
  0x00, 0x00, 0x00, 0x00, 0x00, 0x00, 0x00, 0x00, 0x00, 0x00, 0x00, 0x00, 
  0x00, 0x00, 0x00, 0x00, 0x00, 0x00, 0x00, 0x00, 0x00, 0x00, 0x00, 0x00, 
  0x00, 0x00, 0x00, 0x00, 0x00, 0x00, 0x00, 0x00, 0x00, 0x00, 0x00, 0x00, 
  0x00, 0x00, 0x00, 0x00, 0x00, 0x00, 0x00, 0x00, 0x00, 0x00, 0x00, 0x00, 
  0x00, 0x00, 0x00, 0x00, 0x00, 0x00, 0x00, 0x00, 0x00, 0x00, 0x00, 0x00, 
  0x00, 0x00, 0x00, 0x00, 0x00, 0x00, 0x00, 0x00, 0x00, 0x00, 0x00, 0x00, 
  0x00, 0x00, 0x00, 0x00, 0x00, 0x00, 0x00, 0x00, 0x00, 0x00, 0x00, 0x00, 
  0x00, 0x00, 0x00, 0x00, 0x00, 0x00, 0x00, 0x00, 0x00, 0x00, 0x00, 0x00, 
  0x00, 0x00, 0x00, 0x00, 0x00, 0x00, 0x00, 0x00, 0x00, 0x00, 0x00, 0x00, 
  0x00, 0x00, 0x00, 0x00, 0x00, 0x00, 0x00, 0x00, 0x00, 0x00, 0x00, 0x00, 
  0x00, 0x00, 0x00, 0x00, 0x00, 0x00, 0x00, 0x00, 0x00, 0x00, 0x00, 0x00, 
  0x00, 0x00, 0x00, 0x00, 0x00, 0x00, 0x00, 0x00, 0x00, 0x00, 0x00, 0x00, 
  0x00, 0x00, 0x00, 0x00, 0x00, 0x00, 0x00, 0x00, 0x00, 0x00, 0x00, 0x00, 
  0x00, 0x00, 0x00, 0x00, 0x00, 0x00, 0x00, 0x00, 0x00, 0x00, 0x00, 0x00, 
  0x00, 0x00, 0x00, 0x00, 0x00, 0x00, 0x00, 0x00, 0x00, 0x00, 0x00, 0x00, 
  0x00, 0x00, 0x00, 0x00, 0x00, 0x00, 0x00, 0x00, 0x00, 0x00, 0x00, 0x00, 
  0x00, 0x00, 0x00, 0x00, 0x00, 0x00, 0x00, 0x00, 0x00, 0x00, 0x00, 0x00, 
  0x00, 0x00, 0x00, 0x00, 0x00, 0x00, 0x00, 0x00, 0x00, 0x00, 0x00, 0x00, 
  0x00, 0x00, 0x00, 0x00, 0x00, 0x00, 0x00, 0x00, 0x00, 0x00, 0x00, 0x00, 
  0x00, 0x00, 0x00, 0x00, 0x00, 0x00, 0x00, 0x00, 0x00, 0x00, 0x00, 0x00, 
  0x00, 0x00, 0x00, 0x00, 0x00, 0x00, 0x00, 0x00, 0x00, 0x00, 0x00, 0x00, 
  0x00, 0x00, 0x00, 0x00, 0x00, 0x00, 0x00, 0x00, 0x00, 0x00, 0x00, 0x00, 
  0x00, 0x00, 0x00, 0x00, 0x00, 0x00, 0x00, 0x00, 0x00, 0x00, 0x00, 0x00, 
  0x00, 0x00, 0x00, 0x00, 0x00, 0x00, 0x00, 0x00, 0x00, 0x00, 0x00, 0x00, 
  0x00, 0x00, 0x00, 0x00, 0x00, 0x00, 0x00, 0x00, 0x00, 0x00, 0x00, 0x00, 
  0x00, 0x00, 0x00, 0x00, 0x00, 0x00, 0x00, 0x00, 0x00, 0x00, 0x00, 0x00, 
  0x00, 0x00, 0x00, 0x00, 0x00, 0x00, 0x00, 0x00, 0x00, 0x00, 0x00, 0x00, 
  0x00, 0x00, 0x00, 0x00, 0x00, 0x00, 0x00, 0x00, 0x00, 0x00, 0x00, 0x00, 
  0x00, 0x00, 0x00, 0x00, 0x00, 0x00, 0x00, 0x00, 0x00, 0x00, 0x00, 0x00, 
  0x00, 0x00, 0x00, 0x00, 0x00, 0x00, 0x00, 0x00, 0x00, 0x00, 0x00, 0x00, 
  0x00, 0x00, 0x00, 0x00, 0x00, 0x00, 0x00, 0x00, 0x00, 0x00, 0x00, 0x00, 
  0x00, 0x00, 0x00, 0x00, 0x00, 0x00, 0x00, 0x00, 0x00, 0x00, 0x00, 0x00, 
  0x00, 0x00, 0x00, 0x00, 0x00, 0x00, 0x00, 0x00, 0x00, 0x00, 0x00, 0x00, 
  0x00, 0x00, 0x00, 0x00, 0x00, 0x00, 0x00, 0x00, 0x00, 0x00, 0x00, 0x00, 
  0x00, 0x00, 0x00, 0x00, 0x00, 0x00, 0x00, 0x00, 0x00, 0x00, 0x00, 0x00, 
  0x00, 0x00, 0x00, 0x00, 0x00, 0x00, 0x00, 0x00, 0x00, 0x00, 0x00, 0x00, 
  0x00, 0x00, 0x00, 0x00, 0x00, 0x00, 0x00, 0x00, 0x00, 0x00, 0x00, 0x00, 
  0x00, 0x00, 0x00, 0x00, 0x00, 0x00, 0x00, 0x00, 0x00, 0x00, 0x00, 0x00, 
  0x00, 0x00, 0x00, 0x00, 0x00, 0x00, 0x00, 0x00, 0x00, 0x00, 0x00, 0x00, 
  0x00, 0x00, 0x00, 0x00, 0x00, 0x00, 0x00, 0x00, 0x00, 0x00, 0x00, 0x00, 
  0x00, 0x00, 0x00, 0x00, 0x00, 0x00, 0x00, 0x00, 0x00, 0x00, 0x00, 0x00, 
  0x00, 0x00, 0x00, 0x00, 0x00, 0x00, 0x00, 0x00, 0x00, 0x00, 0x00, 0x00, 
  0x00, 0x00, 0x00, 0x00, 0x00, 0x00, 0x00, 0x00, 0x00, 0x00, 0x00, 0x00, 
  0x00, 0x00, 0x00, 0x00, 0x00, 0x00, 0x00, 0x00, 0x00, 0x00, 0x00, 0x00, 
  0x00, 0x00, 0x00, 0x00, 0x00, 0x00, 0x00, 0x00, 0x00, 0x00, 0x00, 0x00, 
  0x00, 0x00, 0x00, 0x00, 0x00, 0x00, 0x00, 0x00, 0x00, 0x00, 0x00, 0x00, 
  0x00, 0x00, 0x00, 0x00, 0x00, 0x00, 0x00, 0x00, 0x00, 0x00, 0x00, 0x00, 
  0x00, 0x00, 0x00, 0x00, 0x00, 0x00, 0x00, 0x00, 0x00, 0x00, 0x00, 0x00, 
  0x00, 0x00, 0x00, 0x00, 0x00, 0x00, 0x00, 0x00, 0x00, 0x00, 0x00, 0x00, 
  0x00, 0x00, 0x00, 0x00, 0x00, 0x00, 0x00, 0x00, 0x00, 0x00, 0x00, 0x00, 
  0x00, 0x00, 0x00, 0x00, 0x00, 0x00, 0x00, 0x00, 0x00, 0x00, 0x00, 0x00, 
  0x00, 0x00, 0x00, 0x00, 0x00, 0x00, 0x00, 0x00, 0x00, 0x00, 0x00, 0x00, 
  0x00, 0x00, 0x00, 0x00, 0x00, 0x00, 0x00, 0x00, 0x00, 0x00, 0x00, 0x00, 
  0x00, 0x00, 0x00, 0x00, 0x00, 0x00, 0x00, 0x00, 0x00, 0x00, 0x00, 0x00, 
  0x00, 0x00, 0x00, 0x00, 0x00, 0x00, 0x00, 0x00, 0x00, 0x00, 0x00, 0x00, 
  0x00, 0x00, 0x00, 0x00, 0x00, 0x00, 0x00, 0x00, 0x00, 0x00, 0x00, 0x00, 
  0x00, 0x00, 0x00, 0x00, 0x00, 0x00, 0x00, 0x00, 0x00, 0x00, 0x00, 0x00, 
  0x00, 0x00, 0x00, 0x00, 0x00, 0x00, 0x00, 0x00, 0x00, 0x00, 0x00, 0x00, 
  0x00, 0x00, 0x00, 0x00, 0x00, 0x00, 0x00, 0x00, 0x00, 0x00, 0x00, 0x00, 
  0x00, 0x00, 0x00, 0x00, 0x00, 0x00, 0x00, 0x00, 0x00, 0x00, 0x00, 0x00, 
  0x00, 0x00, 0x00, 0x00, 0x00, 0x00, 0x00, 0x00, 0x00, 0x00, 0x00, 0x00, 
  0x00, 0x00, 0x00, 0x00, 0x00, 0x00, 0x00, 0x00, 0x00, 0x00, 0x00, 0x00, 
  0x00, 0x00, 0x00, 0x00, 0x00, 0x00, 0x00, 0x00, 0x00, 0x00, 0x00, 0x00, 
  0x00, 0x00, 0x00, 0x00, 0x00, 0x00, 0x00, 0x00, 0x00, 0x00, 0x00, 0x00, 
  0x00, 0x00, 0x00, 0x00, 0x00, 0x00, 0x00, 0x00, 0x00, 0x00, 0x00, 0x00, 
  0x00, 0x00, 0x00, 0x00, 0x00, 0x00, 0x00, 0x00, 0x00, 0x00, 0x00, 0x00, 
  0x00, 0x00, 0x00, 0x00, 0x00, 0x00, 0x00, 0x00, 0x00, 0x00, 0x00, 0x00, 
  0x00, 0x00, 0x00, 0x00, 0x00, 0x00, 0x00, 0x00, 0x00, 0x00, 0x00, 0x00, 
  0x00, 0x00, 0x00, 0x00, 0x00, 0x00, 0x00, 0x00, 0x00, 0x00, 0x00, 0x00, 
  0x00, 0x00, 0x00, 0x00, 0x00, 0x00, 0x00, 0x00, 0x00, 0x00, 0x00, 0x00, 
  0x00, 0x00, 0x00, 0x00, 0x00, 0x00, 0x00, 0x00, 0x00, 0x00, 0x00, 0x00, 
  0x00, 0x00, 0x00, 0x00, 0x00, 0x00, 0x00, 0x00, 0x00, 0x00, 0x00, 0x00, 
  0x00, 0x00, 0x00, 0x00, 0x00, 0x00, 0x00, 0x00, 0x00, 0x00, 0x00, 0x00, 
  0x00, 0x00, 0x00, 0x00, 0x00, 0x00, 0x00, 0x00, 0x00, 0x00, 0x00, 0x00, 
  
};

const lv_img_dsc_t img_musicplay = {
  .header.cf = LV_IMG_CF_TRUE_COLOR_ALPHA,
  .header.always_zero = 0,
  .header.w = 120,
  .header.h = 120,
  .data_size = 43200,
  .data = img_musicplay_map,
};
