#include "lvgl.h"

const uint8_t img_file_map[] = {
  0xff, 0xff, 0x00, 0xff, 0xff, 0x00, 0xff, 0xff, 0x00, 0xff, 0xff, 0x00, 
  0xff, 0xff, 0x00, 0xff, 0xff, 0x00, 0xff, 0xff, 0x00, 0xff, 0xff, 0x00, 
  0xff, 0xff, 0x00, 0xff, 0xff, 0x00, 0xff, 0xff, 0x00, 0xff, 0xff, 0x00, 
  0xff, 0xff, 0x00, 0xff, 0xff, 0x00, 0xff, 0xff, 0x00, 0xff, 0xff, 0x00, 
  0xff, 0xff, 0x00, 0xff, 0xff, 0x00, 0xff, 0xff, 0x00, 0xff, 0xff, 0x00, 
  0xff, 0xff, 0x00, 0xff, 0xff, 0x00, 0xff, 0xff, 0x00, 0xff, 0xff, 0x00, 
  0xff, 0xff, 0x00, 0xff, 0xff, 0x00, 0xff, 0xff, 0x00, 0xff, 0xff, 0x00, 
  0xff, 0xff, 0x00, 0xff, 0xff, 0x00, 0xff, 0xff, 0x00, 0xff, 0xff, 0x00, 
  0xff, 0xff, 0x00, 0xff, 0xff, 0x00, 0xff, 0xff, 0x00, 0xff, 0xff, 0x00, 
  0xff, 0xff, 0x00, 0xff, 0xff, 0x00, 0xff, 0xff, 0x00, 0xff, 0xff, 0x00, 
  0xff, 0xff, 0x00, 0xff, 0xff, 0x00, 0xff, 0xff, 0x00, 0xff, 0xff, 0x00, 
  0xff, 0xff, 0x00, 0xff, 0xff, 0x00, 0xff, 0xff, 0x00, 0xff, 0xff, 0x00, 
  0xff, 0xff, 0x00, 0xff, 0xff, 0x00, 0xff, 0xff, 0x00, 0xff, 0xff, 0x00, 
  0xff, 0xff, 0x00, 0xff, 0xff, 0x00, 0xff, 0xff, 0x00, 0xff, 0xff, 0x00, 
  0xff, 0xff, 0x00, 0xff, 0xff, 0x00, 0xff, 0xff, 0x00, 0xff, 0xff, 0x00, 
  0xff, 0xff, 0x00, 0xff, 0xff, 0x00, 0xff, 0xff, 0x00, 0xff, 0xff, 0x00, 
  0xff, 0xff, 0x00, 0xff, 0xff, 0x00, 0xff, 0xff, 0x00, 0xff, 0xff, 0x00, 
  0xff, 0xff, 0x00, 0xff, 0xff, 0x00, 0xff, 0xff, 0x00, 0xff, 0xff, 0x00, 
  0xff, 0xff, 0x00, 0xff, 0xff, 0x00, 0xff, 0xff, 0x00, 0xff, 0xff, 0x00, 
  0xff, 0xff, 0x00, 0xff, 0xff, 0x00, 0xff, 0xff, 0x00, 0xff, 0xff, 0x00, 
  0xff, 0xff, 0x00, 0xff, 0xff, 0x00, 0xff, 0xff, 0x00, 0xff, 0xff, 0x00, 
  0xff, 0xff, 0x00, 0xff, 0xff, 0x00, 0xff, 0xff, 0x00, 0xff, 0xff, 0x00, 
  0xff, 0xff, 0x00, 0xff, 0xff, 0x00, 0xff, 0xff, 0x00, 0xff, 0xff, 0x00, 
  0xff, 0xff, 0x00, 0xff, 0xff, 0x00, 0xff, 0xff, 0x00, 0xff, 0xff, 0x00, 
  0xff, 0xff, 0x00, 0xff, 0xff, 0x00, 0xff, 0xff, 0x00, 0xff, 0xff, 0x00, 
  0xff, 0xff, 0x00, 0xff, 0xff, 0x00, 0xff, 0xff, 0x00, 0xff, 0xff, 0x00, 
  0xff, 0xff, 0x00, 0xff, 0xff, 0x00, 0xff, 0xff, 0x00, 0xff, 0xff, 0x00, 
  0xff, 0xff, 0x00, 0xff, 0xff, 0x00, 0xff, 0xff, 0x00, 0xff, 0xff, 0x00, 
  0xff, 0xff, 0x00, 0xff, 0xff, 0x00, 0xff, 0xff, 0x00, 0xff, 0xff, 0x00, 
  0xff, 0xff, 0x00, 0xff, 0xff, 0x00, 0xff, 0xff, 0x00, 0xff, 0xff, 0x00, 
  0xff, 0xff, 0x00, 0xff, 0xff, 0x00, 0xff, 0xff, 0x00, 0xff, 0xff, 0x00, 
  0xff, 0xff, 0x00, 0xff, 0xff, 0x00, 0xff, 0xff, 0x00, 0xff, 0xff, 0x00, 
  0xff, 0xff, 0x00, 0xff, 0xff, 0x00, 0xff, 0xff, 0x00, 0xff, 0xff, 0x00, 
  0xff, 0xff, 0x00, 0xff, 0xff, 0x00, 0xff, 0xff, 0x00, 0xff, 0xff, 0x00, 
  0xff, 0xff, 0x00, 0xff, 0xff, 0x00, 0xff, 0xff, 0x00, 0xff, 0xff, 0x00, 
  0xff, 0xff, 0x00, 0xff, 0xff, 0x00, 0xff, 0xff, 0x00, 0xff, 0xff, 0x00, 
  0xff, 0xff, 0x00, 0xff, 0xff, 0x00, 0xff, 0xff, 0x00, 0xff, 0xff, 0x00, 
  0xff, 0xff, 0x00, 0xff, 0xff, 0x00, 0xff, 0xff, 0x00, 0xff, 0xff, 0x00, 
  0xff, 0xff, 0x00, 0xff, 0xff, 0x00, 0xff, 0xff, 0x00, 0xff, 0xff, 0x00, 
  0xff, 0xff, 0x00, 0xff, 0xff, 0x00, 0xff, 0xff, 0x00, 0xff, 0xff, 0x00, 
  0xff, 0xff, 0x00, 0xff, 0xff, 0x00, 0xff, 0xff, 0x00, 0xff, 0xff, 0x00, 
  0xff, 0xff, 0x00, 0xff, 0xff, 0x00, 0xff, 0xff, 0x00, 0xff, 0xff, 0x00, 
  0xff, 0xff, 0x00, 0xff, 0xff, 0x00, 0xff, 0xff, 0x00, 0xff, 0xff, 0x00, 
  0xff, 0xff, 0x00, 0xff, 0xff, 0x00, 0xff, 0xff, 0x00, 0xff, 0xff, 0x00, 
  0xff, 0xff, 0x00, 0xff, 0xff, 0x00, 0xff, 0xff, 0x00, 0xff, 0xff, 0x00, 
  0xff, 0xff, 0x00, 0xff, 0xff, 0x00, 0xff, 0xff, 0x00, 0xff, 0xff, 0x00, 
  0xff, 0xff, 0x00, 0xff, 0xff, 0x00, 0xff, 0xff, 0x00, 0xff, 0xff, 0x00, 
  0xff, 0xff, 0x00, 0xff, 0xff, 0x00, 0xff, 0xff, 0x00, 0xff, 0xff, 0x00, 
  0xff, 0xff, 0x00, 0xff, 0xff, 0x00, 0xff, 0xff, 0x00, 0xff, 0xff, 0x00, 
  0xff, 0xff, 0x00, 0xff, 0xff, 0x00, 0xff, 0xff, 0x00, 0xff, 0xff, 0x00, 
  0xff, 0xff, 0x00, 0xff, 0xff, 0x00, 0xff, 0xff, 0x00, 0xff, 0xff, 0x00, 
  0xff, 0xff, 0x00, 0xff, 0xff, 0x00, 0xff, 0xff, 0x00, 0xff, 0xff, 0x00, 
  0xff, 0xff, 0x00, 0xff, 0xff, 0x00, 0xff, 0xff, 0x00, 0xff, 0xff, 0x00, 
  0xff, 0xff, 0x00, 0xff, 0xff, 0x00, 0xff, 0xff, 0x00, 0xff, 0xff, 0x00, 
  0xff, 0xff, 0x00, 0xff, 0xff, 0x00, 0xff, 0xff, 0x00, 0xff, 0xff, 0x00, 
  0xff, 0xff, 0x00, 0xff, 0xff, 0x00, 0xff, 0xff, 0x00, 0xff, 0xff, 0x00, 
  0xff, 0xff, 0x00, 0xff, 0xff, 0x00, 0xff, 0xff, 0x00, 0xff, 0xff, 0x00, 
  0xff, 0xff, 0x00, 0xff, 0xff, 0x00, 0xff, 0xff, 0x00, 0xff, 0xff, 0x00, 
  0xff, 0xff, 0x00, 0xff, 0xff, 0x00, 0xff, 0xff, 0x00, 0xff, 0xff, 0x00, 
  0xff, 0xff, 0x00, 0xff, 0xff, 0x00, 0xff, 0xff, 0x00, 0xff, 0xff, 0x00, 
  0xff, 0xff, 0x00, 0xff, 0xff, 0x00, 0xff, 0xff, 0x00, 0xff, 0xff, 0x00, 
  0xff, 0xff, 0x00, 0xff, 0xff, 0x00, 0xff, 0xff, 0x00, 0xff, 0xff, 0x00, 
  0xff, 0xff, 0x00, 0xff, 0xff, 0x00, 0xff, 0xff, 0x00, 0xff, 0xff, 0x00, 
  0xff, 0xff, 0x00, 0xff, 0xff, 0x00, 0xff, 0xff, 0x00, 0xff, 0xff, 0x00, 
  0xff, 0xff, 0x00, 0xff, 0xff, 0x00, 0xff, 0xff, 0x00, 0xff, 0xff, 0x00, 
  0xff, 0xff, 0x00, 0xff, 0xff, 0x00, 0xff, 0xff, 0x00, 0xff, 0xff, 0x00, 
  0xff, 0xff, 0x00, 0xff, 0xff, 0x00, 0xff, 0xff, 0x00, 0xff, 0xff, 0x00, 
  0xff, 0xff, 0x00, 0xff, 0xff, 0x00, 0xff, 0xff, 0x00, 0xff, 0xff, 0x00, 
  0xff, 0xff, 0x00, 0xff, 0xff, 0x00, 0xff, 0xff, 0x00, 0xff, 0xff, 0x00, 
  0xff, 0xff, 0x00, 0xff, 0xff, 0x00, 0xff, 0xff, 0x00, 0xff, 0xff, 0x00, 
  0xff, 0xff, 0x00, 0xff, 0xff, 0x00, 0xff, 0xff, 0x00, 0xff, 0xff, 0x00, 
  0xff, 0xff, 0x00, 0xff, 0xff, 0x00, 0xff, 0xff, 0x00, 0xff, 0xff, 0x00, 
  0xff, 0xff, 0x00, 0xff, 0xff, 0x00, 0xff, 0xff, 0x00, 0xff, 0xff, 0x00, 
  0xff, 0xff, 0x00, 0xff, 0xff, 0x00, 0xff, 0xff, 0x00, 0xff, 0xff, 0x00, 
  0xff, 0xff, 0x00, 0xff, 0xff, 0x00, 0xff, 0xff, 0x00, 0xff, 0xff, 0x00, 
  0xff, 0xff, 0x00, 0xff, 0xff, 0x00, 0xff, 0xff, 0x00, 0xff, 0xff, 0x00, 
  0xff, 0xff, 0x00, 0xff, 0xff, 0x00, 0xff, 0xff, 0x00, 0xff, 0xff, 0x00, 
  0xff, 0xff, 0x00, 0xff, 0xff, 0x00, 0xff, 0xff, 0x00, 0xff, 0xff, 0x00, 
  0xff, 0xff, 0x00, 0xff, 0xff, 0x00, 0xff, 0xff, 0x00, 0xff, 0xff, 0x00, 
  0xff, 0xff, 0x00, 0xff, 0xff, 0x00, 0xff, 0xff, 0x00, 0xff, 0xff, 0x00, 
  0xff, 0xff, 0x00, 0xff, 0xff, 0x00, 0xff, 0xff, 0x00, 0xff, 0xff, 0x00, 
  0xff, 0xff, 0x00, 0xff, 0xff, 0x00, 0xff, 0xff, 0x00, 0xff, 0xff, 0x00, 
  0xff, 0xff, 0x00, 0xff, 0xff, 0x00, 0xff, 0xff, 0x00, 0xff, 0xff, 0x00, 
  0xff, 0xff, 0x00, 0xff, 0xff, 0x00, 0xff, 0xff, 0x00, 0xff, 0xff, 0x00, 
  0xff, 0xff, 0x00, 0xff, 0xff, 0x00, 0xff, 0xff, 0x00, 0xff, 0xff, 0x00, 
  0xff, 0xff, 0x00, 0xff, 0xff, 0x00, 0xff, 0xff, 0x00, 0xff, 0xff, 0x00, 
  0xff, 0xff, 0x00, 0xff, 0xff, 0x00, 0xff, 0xff, 0x00, 0xff, 0xff, 0x00, 
  0xff, 0xff, 0x00, 0xff, 0xff, 0x00, 0xff, 0xff, 0x00, 0xff, 0xff, 0x00, 
  0xff, 0xff, 0x00, 0xff, 0xff, 0x00, 0xff, 0xff, 0x00, 0xff, 0xff, 0x00, 
  0xff, 0xff, 0x00, 0xff, 0xff, 0x00, 0xff, 0xff, 0x00, 0xff, 0xff, 0x00, 
  0xff, 0xff, 0x00, 0xff, 0xff, 0x00, 0xff, 0xff, 0x00, 0xff, 0xff, 0x00, 
  0xff, 0xff, 0x00, 0xff, 0xff, 0x00, 0xff, 0xff, 0x00, 0xff, 0xff, 0x00, 
  0xff, 0xff, 0x00, 0xff, 0xff, 0x00, 0xff, 0xff, 0x00, 0xff, 0xff, 0x00, 
  0xff, 0xff, 0x00, 0xff, 0xff, 0x00, 0xff, 0xff, 0x00, 0xff, 0xff, 0x00, 
  0xff, 0xff, 0x00, 0xff, 0xff, 0x00, 0xff, 0xff, 0x00, 0xff, 0xff, 0x00, 
  0xff, 0xff, 0x00, 0xff, 0xff, 0x00, 0xff, 0xff, 0x00, 0xff, 0xff, 0x00, 
  0xff, 0xff, 0x00, 0xff, 0xff, 0x00, 0xff, 0xff, 0x00, 0xff, 0xff, 0x00, 
  0xff, 0xff, 0x00, 0xff, 0xff, 0x00, 0xff, 0xff, 0x00, 0xff, 0xff, 0x00, 
  0xff, 0xff, 0x00, 0xff, 0xff, 0x00, 0xff, 0xff, 0x00, 0xff, 0xff, 0x00, 
  0xff, 0xff, 0x00, 0xff, 0xff, 0x00, 0xff, 0xff, 0x00, 0xff, 0xff, 0x00, 
  0xff, 0xff, 0x00, 0xff, 0xff, 0x00, 0xff, 0xff, 0x00, 0xff, 0xff, 0x00, 
  0xff, 0xff, 0x00, 0xff, 0xff, 0x00, 0xff, 0xff, 0x00, 0xff, 0xff, 0x00, 
  0xff, 0xff, 0x00, 0xff, 0xff, 0x00, 0xff, 0xff, 0x00, 0xff, 0xff, 0x00, 
  0xff, 0xff, 0x00, 0xff, 0xff, 0x00, 0xff, 0xff, 0x00, 0xff, 0xff, 0x00, 
  0xff, 0xff, 0x00, 0xff, 0xff, 0x00, 0xff, 0xff, 0x00, 0xff, 0xff, 0x00, 
  0xff, 0xff, 0x00, 0xff, 0xff, 0x00, 0xff, 0xff, 0x00, 0xff, 0xff, 0x00, 
  0xff, 0xff, 0x00, 0xff, 0xff, 0x00, 0xff, 0xff, 0x00, 0xff, 0xff, 0x00, 
  0xff, 0xff, 0x00, 0xff, 0xff, 0x00, 0xff, 0xff, 0x00, 0xff, 0xff, 0x00, 
  0xff, 0xff, 0x00, 0xff, 0xff, 0x00, 0xff, 0xff, 0x00, 0xff, 0xff, 0x00, 
  0xff, 0xff, 0x00, 0xff, 0xff, 0x00, 0xff, 0xff, 0x00, 0xff, 0xff, 0x00, 
  0xff, 0xff, 0x00, 0xff, 0xff, 0x00, 0xff, 0xff, 0x00, 0xff, 0xff, 0x00, 
  0xff, 0xff, 0x00, 0xff, 0xff, 0x00, 0xff, 0xff, 0x00, 0xff, 0xff, 0x00, 
  0xff, 0xff, 0x00, 0xff, 0xff, 0x00, 0xff, 0xff, 0x00, 0xff, 0xff, 0x00, 
  0xff, 0xff, 0x00, 0xff, 0xff, 0x00, 0xff, 0xff, 0x00, 0xff, 0xff, 0x00, 
  0xff, 0xff, 0x00, 0xff, 0xff, 0x00, 0xff, 0xff, 0x00, 0xff, 0xff, 0x00, 
  0xff, 0xff, 0x00, 0xff, 0xff, 0x00, 0xff, 0xff, 0x00, 0xff, 0xff, 0x00, 
  0xff, 0xff, 0x00, 0xff, 0xff, 0x00, 0xff, 0xff, 0x00, 0xff, 0xff, 0x00, 
  0xff, 0xff, 0x00, 0xff, 0xff, 0x00, 0xff, 0xff, 0x00, 0xff, 0xff, 0x00, 
  0xff, 0xff, 0x00, 0xff, 0xff, 0x00, 0xff, 0xff, 0x00, 0xff, 0xff, 0x00, 
  0xff, 0xff, 0x00, 0xff, 0xff, 0x00, 0xff, 0xff, 0x00, 0xff, 0xff, 0x00, 
  0xff, 0xff, 0x00, 0xff, 0xff, 0x00, 0xff, 0xff, 0x00, 0xff, 0xff, 0x00, 
  0xff, 0xff, 0x00, 0xff, 0xff, 0x00, 0xff, 0xff, 0x00, 0xff, 0xff, 0x00, 
  0xff, 0xff, 0x00, 0xff, 0xff, 0x00, 0xff, 0xff, 0x00, 0xff, 0xff, 0x00, 
  0xff, 0xff, 0x00, 0xff, 0xff, 0x00, 0xff, 0xff, 0x00, 0xff, 0xff, 0x00, 
  0xff, 0xff, 0x00, 0xff, 0xff, 0x00, 0xff, 0xff, 0x00, 0xff, 0xff, 0x00, 
  0xff, 0xff, 0x00, 0xff, 0xff, 0x00, 0xff, 0xff, 0x00, 0xff, 0xff, 0x00, 
  0xff, 0xff, 0x00, 0xff, 0xff, 0x00, 0xff, 0xff, 0x00, 0xff, 0xff, 0x00, 
  0xff, 0xff, 0x00, 0xff, 0xff, 0x00, 0xff, 0xff, 0x00, 0xff, 0xff, 0x00, 
  0xff, 0xff, 0x00, 0xff, 0xff, 0x00, 0xff, 0xff, 0x00, 0xff, 0xff, 0x00, 
  0xff, 0xff, 0x00, 0xff, 0xff, 0x00, 0xff, 0xff, 0x00, 0xff, 0xff, 0x00, 
  0xff, 0xff, 0x00, 0xff, 0xff, 0x00, 0xff, 0xff, 0x00, 0xff, 0xff, 0x00, 
  0xff, 0xff, 0x00, 0xff, 0xff, 0x00, 0xff, 0xff, 0x00, 0xff, 0xff, 0x00, 
  0xff, 0xff, 0x00, 0xff, 0xff, 0x00, 0xff, 0xff, 0x00, 0xff, 0xff, 0x00, 
  0xff, 0xff, 0x00, 0xff, 0xff, 0x00, 0xff, 0xff, 0x00, 0xff, 0xff, 0x00, 
  0xff, 0xff, 0x00, 0xff, 0xff, 0x00, 0xff, 0xff, 0x00, 0xff, 0xff, 0x00, 
  0xff, 0xff, 0x00, 0xff, 0xff, 0x00, 0xff, 0xff, 0x00, 0xff, 0xff, 0x00, 
  0xff, 0xff, 0x00, 0xff, 0xff, 0x00, 0xff, 0xff, 0x00, 0xff, 0xff, 0x00, 
  0xff, 0xff, 0x00, 0xff, 0xff, 0x00, 0xff, 0xff, 0x00, 0xff, 0xff, 0x00, 
  0xff, 0xff, 0x00, 0xff, 0xff, 0x00, 0xff, 0xff, 0x00, 0xff, 0xff, 0x00, 
  0xff, 0xff, 0x00, 0xff, 0xff, 0x00, 0xff, 0xff, 0x00, 0xff, 0xff, 0x00, 
  0xff, 0xff, 0x00, 0xff, 0xff, 0x00, 0xff, 0xff, 0x00, 0xff, 0xff, 0x00, 
  0xff, 0xff, 0x00, 0xff, 0xff, 0x00, 0xff, 0xff, 0x00, 0xff, 0xff, 0x00, 
  0xff, 0xff, 0x00, 0xff, 0xff, 0x00, 0xff, 0xff, 0x00, 0xff, 0xff, 0x00, 
  0xff, 0xff, 0x00, 0xff, 0xff, 0x00, 0xff, 0xff, 0x00, 0xff, 0xff, 0x00, 
  0xff, 0xff, 0x00, 0xff, 0xff, 0x00, 0xff, 0xff, 0x00, 0xff, 0xff, 0x00, 
  0xff, 0xff, 0x00, 0xff, 0xff, 0x00, 0xff, 0xff, 0x00, 0xff, 0xff, 0x00, 
  0xff, 0xff, 0x00, 0xff, 0xff, 0x00, 0xff, 0xff, 0x00, 0xff, 0xff, 0x00, 
  0xff, 0xff, 0x00, 0xff, 0xff, 0x00, 0xff, 0xff, 0x00, 0xff, 0xff, 0x00, 
  0xff, 0xff, 0x00, 0xff, 0xff, 0x00, 0xff, 0xff, 0x00, 0xff, 0xff, 0x00, 
  0xff, 0xff, 0x00, 0xff, 0xff, 0x00, 0xff, 0xff, 0x00, 0xff, 0xff, 0x00, 
  0xff, 0xff, 0x00, 0xff, 0xff, 0x00, 0xff, 0xff, 0x00, 0xff, 0xff, 0x00, 
  0xff, 0xff, 0x00, 0xff, 0xff, 0x00, 0xff, 0xff, 0x00, 0xff, 0xff, 0x00, 
  0xff, 0xff, 0x00, 0xff, 0xff, 0x00, 0xff, 0xff, 0x00, 0xff, 0xff, 0x00, 
  0xff, 0xff, 0x00, 0xff, 0xff, 0x00, 0xff, 0xff, 0x00, 0xff, 0xff, 0x00, 
  0xff, 0xff, 0x00, 0xff, 0xff, 0x00, 0xff, 0xff, 0x00, 0xff, 0xff, 0x00, 
  0xff, 0xff, 0x00, 0xff, 0xff, 0x00, 0xff, 0xff, 0x00, 0xff, 0xff, 0x00, 
  0xff, 0xff, 0x00, 0xff, 0xff, 0x00, 0xff, 0xff, 0x00, 0xff, 0xff, 0x00, 
  0xff, 0xff, 0x00, 0xff, 0xff, 0x00, 0xff, 0xff, 0x00, 0xff, 0xff, 0x00, 
  0xff, 0xff, 0x00, 0xff, 0xff, 0x00, 0xff, 0xff, 0x00, 0xff, 0xff, 0x00, 
  0xff, 0xff, 0x00, 0xff, 0xff, 0x00, 0xff, 0xff, 0x00, 0xff, 0xff, 0x00, 
  0xff, 0xff, 0x00, 0xff, 0xff, 0x00, 0xff, 0xff, 0x00, 0xff, 0xff, 0x00, 
  0xff, 0xff, 0x00, 0xff, 0xff, 0x00, 0xff, 0xff, 0x00, 0xff, 0xff, 0x00, 
  0xff, 0xff, 0x00, 0xff, 0xff, 0x00, 0xff, 0xff, 0x00, 0xff, 0xff, 0x00, 
  0xff, 0xff, 0x00, 0xff, 0xff, 0x00, 0xff, 0xff, 0x00, 0xff, 0xff, 0x00, 
  0xff, 0xff, 0x00, 0xff, 0xff, 0x00, 0xff, 0xff, 0x00, 0xff, 0xff, 0x00, 
  0xff, 0xff, 0x00, 0xff, 0xff, 0x00, 0xff, 0xff, 0x00, 0xff, 0xff, 0x00, 
  0xff, 0xff, 0x00, 0xff, 0xff, 0x00, 0xff, 0xff, 0x00, 0xff, 0xff, 0x00, 
  0xff, 0xff, 0x00, 0xff, 0xff, 0x00, 0xff, 0xff, 0x00, 0xff, 0xff, 0x00, 
  0xff, 0xff, 0x00, 0xff, 0xff, 0x00, 0xff, 0xff, 0x00, 0xff, 0xff, 0x00, 
  0xff, 0xff, 0x00, 0xff, 0xff, 0x00, 0xff, 0xff, 0x00, 0xff, 0xff, 0x00, 
  0xff, 0xff, 0x00, 0xff, 0xff, 0x00, 0xff, 0xff, 0x00, 0xff, 0xff, 0x00, 
  0xff, 0xff, 0x00, 0xff, 0xff, 0x00, 0xff, 0xff, 0x00, 0xff, 0xff, 0x00, 
  0xff, 0xff, 0x00, 0xff, 0xff, 0x00, 0xff, 0xff, 0x00, 0xff, 0xff, 0x00, 
  0xff, 0xff, 0x00, 0xff, 0xff, 0x00, 0xff, 0xff, 0x00, 0xff, 0xff, 0x00, 
  0xff, 0xff, 0x00, 0xff, 0xff, 0x00, 0xff, 0xff, 0x00, 0xff, 0xff, 0x00, 
  0xff, 0xff, 0x00, 0xff, 0xff, 0x00, 0xff, 0xff, 0x00, 0xff, 0xff, 0x00, 
  0xff, 0xff, 0x00, 0xff, 0xff, 0x00, 0xff, 0xff, 0x00, 0xff, 0xff, 0x00, 
  0xff, 0xff, 0x00, 0xff, 0xff, 0x00, 0xff, 0xff, 0x00, 0xff, 0xff, 0x00, 
  0xff, 0xff, 0x00, 0xff, 0xff, 0x00, 0xff, 0xff, 0x00, 0xff, 0xff, 0x00, 
  0xff, 0xff, 0x00, 0xff, 0xff, 0x00, 0xff, 0xff, 0x00, 0xff, 0xff, 0x00, 
  0xff, 0xff, 0x00, 0xff, 0xff, 0x00, 0xff, 0xff, 0x00, 0xff, 0xff, 0x00, 
  0xff, 0xff, 0x00, 0xff, 0xff, 0x00, 0xff, 0xff, 0x00, 0xff, 0xff, 0x00, 
  0xff, 0xff, 0x00, 0xff, 0xff, 0x00, 0xff, 0xff, 0x00, 0xff, 0xff, 0x00, 
  0xff, 0xff, 0x00, 0xff, 0xff, 0x00, 0xff, 0xff, 0x00, 0xff, 0xff, 0x00, 
  0xff, 0xff, 0x00, 0xff, 0xff, 0x00, 0xff, 0xff, 0x00, 0xff, 0xff, 0x00, 
  0xff, 0xff, 0x00, 0xff, 0xff, 0x00, 0xff, 0xff, 0x00, 0xff, 0xff, 0x00, 
  0xff, 0xff, 0x00, 0xff, 0xff, 0x00, 0xff, 0xff, 0x00, 0xff, 0xff, 0x00, 
  0xff, 0xff, 0x00, 0xff, 0xff, 0x00, 0xff, 0xff, 0x00, 0xff, 0xff, 0x00, 
  0xff, 0xff, 0x00, 0xff, 0xff, 0x00, 0xff, 0xff, 0x00, 0xff, 0xff, 0x00, 
  0xff, 0xff, 0x00, 0xff, 0xff, 0x00, 0xff, 0xff, 0x00, 0xff, 0xff, 0x00, 
  0xff, 0xff, 0x00, 0xff, 0xff, 0x00, 0xff, 0xff, 0x00, 0xff, 0xff, 0x00, 
  0xff, 0xff, 0x00, 0xff, 0xff, 0x00, 0xff, 0xff, 0x00, 0xff, 0xff, 0x00, 
  0xff, 0xff, 0x00, 0xff, 0xff, 0x00, 0xff, 0xff, 0x00, 0xff, 0xff, 0x00, 
  0xff, 0xff, 0x00, 0xff, 0xff, 0x00, 0xff, 0xff, 0x00, 0xff, 0xff, 0x00, 
  0xff, 0xff, 0x00, 0xff, 0xff, 0x00, 0xff, 0xff, 0x00, 0xff, 0xff, 0x00, 
  0xff, 0xff, 0x00, 0xff, 0xff, 0x00, 0xff, 0xff, 0x00, 0xff, 0xff, 0x00, 
  0xff, 0xff, 0x00, 0xff, 0xff, 0x00, 0xff, 0xff, 0x00, 0xff, 0xff, 0x00, 
  0xff, 0xff, 0x00, 0xff, 0xff, 0x00, 0xff, 0xff, 0x00, 0xff, 0xff, 0x00, 
  0xff, 0xff, 0x00, 0xff, 0xff, 0x00, 0xff, 0xff, 0x00, 0xff, 0xff, 0x00, 
  0xff, 0xff, 0x00, 0xff, 0xff, 0x00, 0xff, 0xff, 0x00, 0xff, 0xff, 0x00, 
  0xff, 0xff, 0x00, 0xff, 0xff, 0x00, 0xff, 0xff, 0x00, 0xff, 0xff, 0x00, 
  0xff, 0xff, 0x00, 0xff, 0xff, 0x00, 0xff, 0xff, 0x00, 0xff, 0xff, 0x00, 
  0xff, 0xff, 0x00, 0xff, 0xff, 0x00, 0xff, 0xff, 0x00, 0xff, 0xff, 0x00, 
  0xff, 0xff, 0x00, 0xff, 0xff, 0x00, 0xff, 0xff, 0x00, 0xff, 0xff, 0x00, 
  0xff, 0xff, 0x00, 0xff, 0xff, 0x00, 0xff, 0xff, 0x00, 0xff, 0xff, 0x00, 
  0xff, 0xff, 0x00, 0xff, 0xff, 0x00, 0xff, 0xff, 0x00, 0xff, 0xff, 0x00, 
  0xff, 0xff, 0x00, 0xff, 0xff, 0x00, 0xff, 0xff, 0x00, 0xff, 0xff, 0x00, 
  0xff, 0xff, 0x00, 0xff, 0xff, 0x00, 0xff, 0xff, 0x00, 0xff, 0xff, 0x00, 
  0xff, 0xff, 0x00, 0xff, 0xff, 0x00, 0xff, 0xff, 0x00, 0xff, 0xff, 0x00, 
  0xff, 0xff, 0x00, 0xff, 0xff, 0x00, 0xff, 0xff, 0x00, 0xff, 0xff, 0x00, 
  0xff, 0xff, 0x00, 0xff, 0xff, 0x00, 0xff, 0xff, 0x00, 0xff, 0xff, 0x00, 
  0xff, 0xff, 0x00, 0xff, 0xff, 0x00, 0xff, 0xff, 0x00, 0xff, 0xff, 0x00, 
  0xff, 0xff, 0x00, 0xff, 0xff, 0x00, 0xff, 0xff, 0x00, 0xff, 0xff, 0x00, 
  0xff, 0xff, 0x00, 0xff, 0xff, 0x00, 0xff, 0xff, 0x00, 0xff, 0xff, 0x00, 
  0xff, 0xff, 0x00, 0xff, 0xff, 0x00, 0xff, 0xff, 0x00, 0xff, 0xff, 0x00, 
  0xff, 0xff, 0x00, 0xff, 0xff, 0x00, 0xff, 0xff, 0x00, 0xff, 0xff, 0x00, 
  0xff, 0xff, 0x00, 0xff, 0xff, 0x00, 0xff, 0xff, 0x00, 0xff, 0xff, 0x00, 
  0xff, 0xff, 0x00, 0xff, 0xff, 0x00, 0xff, 0xff, 0x00, 0xff, 0xff, 0x00, 
  0xff, 0xff, 0x00, 0xff, 0xff, 0x00, 0xff, 0xff, 0x00, 0xff, 0xff, 0x00, 
  0xff, 0xff, 0x00, 0xff, 0xff, 0x00, 0xff, 0xff, 0x00, 0xff, 0xff, 0x00, 
  0xff, 0xff, 0x00, 0xff, 0xff, 0x00, 0xff, 0xff, 0x00, 0xff, 0xff, 0x00, 
  0xff, 0xff, 0x00, 0xff, 0xff, 0x00, 0xff, 0xff, 0x00, 0xff, 0xff, 0x00, 
  0xff, 0xff, 0x00, 0xff, 0xff, 0x00, 0xff, 0xff, 0x00, 0xff, 0xff, 0x00, 
  0xff, 0xff, 0x00, 0xff, 0xff, 0x00, 0xff, 0xff, 0x00, 0xff, 0xff, 0x00, 
  0xff, 0xff, 0x00, 0xff, 0xff, 0x00, 0xff, 0xff, 0x00, 0xff, 0xff, 0x00, 
  0xff, 0xff, 0x00, 0xff, 0xff, 0x00, 0xff, 0xff, 0x00, 0xff, 0xff, 0x00, 
  0xff, 0xff, 0x00, 0xff, 0xff, 0x00, 0xff, 0xff, 0x00, 0xff, 0xff, 0x00, 
  0xff, 0xff, 0x00, 0xff, 0xff, 0x00, 0xff, 0xff, 0x00, 0xff, 0xff, 0x00, 
  0xff, 0xff, 0x00, 0xff, 0xff, 0x00, 0xff, 0xff, 0x00, 0xff, 0xff, 0x00, 
  0xff, 0xff, 0x00, 0xff, 0xff, 0x00, 0xff, 0xff, 0x00, 0xff, 0xff, 0x00, 
  0xff, 0xff, 0x00, 0xff, 0xff, 0x00, 0xff, 0xff, 0x00, 0xff, 0xff, 0x00, 
  0xff, 0xff, 0x00, 0xff, 0xff, 0x00, 0xff, 0xff, 0x00, 0xff, 0xff, 0x00, 
  0xff, 0xff, 0x00, 0xff, 0xff, 0x00, 0xff, 0xff, 0x00, 0xff, 0xff, 0x00, 
  0xff, 0xff, 0x00, 0xff, 0xff, 0x00, 0xff, 0xff, 0x00, 0xff, 0xff, 0x00, 
  0xff, 0xff, 0x00, 0xff, 0xff, 0x00, 0xff, 0xff, 0x00, 0xff, 0xff, 0x00, 
  0xff, 0xff, 0x00, 0xff, 0xff, 0x00, 0xff, 0xff, 0x00, 0xff, 0xff, 0x00, 
  0xff, 0xff, 0x00, 0xff, 0xff, 0x00, 0xff, 0xff, 0x00, 0xff, 0xff, 0x00, 
  0xff, 0xff, 0x00, 0xff, 0xff, 0x00, 0xff, 0xff, 0x00, 0xff, 0xff, 0x00, 
  0xff, 0xff, 0x00, 0xff, 0xff, 0x00, 0xff, 0xff, 0x00, 0xff, 0xff, 0x00, 
  0xff, 0xff, 0x00, 0xff, 0xff, 0x00, 0xff, 0xff, 0x00, 0xff, 0xff, 0x00, 
  0xff, 0xff, 0x00, 0xff, 0xff, 0x00, 0xff, 0xff, 0x00, 0xff, 0xff, 0x00, 
  0xff, 0xff, 0x00, 0xff, 0xff, 0x00, 0xff, 0xff, 0x00, 0xff, 0xff, 0x00, 
  0xff, 0xff, 0x00, 0xff, 0xff, 0x00, 0xff, 0xff, 0x00, 0xff, 0xff, 0x00, 
  0xff, 0xff, 0x00, 0xff, 0xff, 0x00, 0xff, 0xff, 0x00, 0xff, 0xff, 0x00, 
  0xff, 0xff, 0x00, 0xff, 0xff, 0x00, 0xff, 0xff, 0x00, 0xff, 0xff, 0x00, 
  0xff, 0xff, 0x00, 0xff, 0xff, 0x00, 0xff, 0xff, 0x00, 0xff, 0xff, 0x00, 
  0xff, 0xff, 0x00, 0xff, 0xff, 0x00, 0xff, 0xff, 0x00, 0xff, 0xff, 0x00, 
  0xff, 0xff, 0x00, 0xff, 0xff, 0x00, 0xff, 0xff, 0x00, 0xff, 0xff, 0x00, 
  0xff, 0xff, 0x00, 0xff, 0xff, 0x00, 0xff, 0xff, 0x00, 0xff, 0xff, 0x00, 
  0xff, 0xff, 0x00, 0xff, 0xff, 0x00, 0xff, 0xff, 0x00, 0xff, 0xff, 0x00, 
  0xff, 0xff, 0x00, 0xff, 0xff, 0x00, 0xff, 0xff, 0x00, 0xff, 0xff, 0x00, 
  0xff, 0xff, 0x00, 0xff, 0xff, 0x00, 0xff, 0xff, 0x00, 0xff, 0xff, 0x00, 
  0xff, 0xff, 0x00, 0xff, 0xff, 0x00, 0xff, 0xff, 0x00, 0xff, 0xff, 0x00, 
  0xff, 0xff, 0x00, 0xff, 0xff, 0x00, 0xff, 0xff, 0x00, 0xff, 0xff, 0x00, 
  0xff, 0xff, 0x00, 0xff, 0xff, 0x00, 0xff, 0xff, 0x00, 0xff, 0xff, 0x00, 
  0xff, 0xff, 0x00, 0xff, 0xff, 0x00, 0xff, 0xff, 0x00, 0xff, 0xff, 0x00, 
  0xff, 0xff, 0x00, 0xff, 0xff, 0x00, 0xff, 0xff, 0x00, 0xff, 0xff, 0x00, 
  0xff, 0xff, 0x00, 0xff, 0xff, 0x00, 0xff, 0xff, 0x00, 0xff, 0xff, 0x00, 
  0xff, 0xff, 0x00, 0xff, 0xff, 0x00, 0xff, 0xff, 0x00, 0xff, 0xff, 0x00, 
  0xff, 0xff, 0x00, 0xff, 0xff, 0x00, 0xff, 0xff, 0x00, 0xff, 0xff, 0x00, 
  0xff, 0xff, 0x00, 0xff, 0xff, 0x00, 0xff, 0xff, 0x00, 0xff, 0xff, 0x00, 
  0xff, 0xff, 0x00, 0xff, 0xff, 0x00, 0xff, 0xff, 0x00, 0xff, 0xff, 0x00, 
  0xff, 0xff, 0x00, 0xff, 0xff, 0x00, 0xff, 0xff, 0x00, 0xff, 0xff, 0x00, 
  0xff, 0xff, 0x00, 0xff, 0xff, 0x00, 0xff, 0xff, 0x00, 0xff, 0xff, 0x00, 
  0xff, 0xff, 0x00, 0xff, 0xff, 0x00, 0xff, 0xff, 0x00, 0xff, 0xff, 0x00, 
  0xff, 0xff, 0x00, 0xff, 0xff, 0x00, 0xff, 0xff, 0x00, 0xff, 0xff, 0x00, 
  0xff, 0xff, 0x00, 0xff, 0xff, 0x00, 0xff, 0xff, 0x00, 0xff, 0xff, 0x00, 
  0xff, 0xff, 0x00, 0xff, 0xff, 0x00, 0xff, 0xff, 0x00, 0xff, 0xff, 0x00, 
  0xff, 0xff, 0x00, 0xff, 0xff, 0x00, 0xff, 0xff, 0x00, 0xff, 0xff, 0x00, 
  0xff, 0xff, 0x00, 0xff, 0xff, 0x00, 0xff, 0xff, 0x00, 0xff, 0xff, 0x00, 
  0xff, 0xff, 0x00, 0xff, 0xff, 0x00, 0xff, 0xff, 0x00, 0xff, 0xff, 0x00, 
  0xff, 0xff, 0x00, 0xff, 0xff, 0x00, 0xff, 0xff, 0x00, 0xff, 0xff, 0x00, 
  0xff, 0xff, 0x00, 0xff, 0xff, 0x00, 0xff, 0xff, 0x00, 0xff, 0xff, 0x00, 
  0xff, 0xff, 0x00, 0xff, 0xff, 0x00, 0xff, 0xff, 0x00, 0xff, 0xff, 0x00, 
  0xff, 0xff, 0x00, 0xff, 0xff, 0x00, 0xff, 0xff, 0x00, 0xff, 0xff, 0x00, 
  0xff, 0xff, 0x00, 0xff, 0xff, 0x00, 0xff, 0xff, 0x00, 0xff, 0xff, 0x00, 
  0xff, 0xff, 0x00, 0xff, 0xff, 0x00, 0xff, 0xff, 0x00, 0xff, 0xff, 0x00, 
  0xff, 0xff, 0x00, 0xff, 0xff, 0x00, 0xff, 0xff, 0x00, 0xff, 0xff, 0x00, 
  0xff, 0xff, 0x00, 0xff, 0xff, 0x00, 0xff, 0xff, 0x00, 0xff, 0xff, 0x00, 
  0xff, 0xff, 0x00, 0xff, 0xff, 0x00, 0xff, 0xff, 0x00, 0xff, 0xff, 0x00, 
  0xff, 0xff, 0x00, 0xff, 0xff, 0x00, 0xff, 0xff, 0x00, 0xff, 0xff, 0x00, 
  0xff, 0xff, 0x00, 0xff, 0xff, 0x00, 0xff, 0xff, 0x00, 0xff, 0xff, 0x00, 
  0xff, 0xff, 0x00, 0xff, 0xff, 0x00, 0xff, 0xff, 0x00, 0xff, 0xff, 0x00, 
  0xff, 0xff, 0x00, 0xff, 0xff, 0x00, 0xff, 0xff, 0x00, 0xff, 0xff, 0x00, 
  0xff, 0xff, 0x00, 0xff, 0xff, 0x00, 0xff, 0xff, 0x00, 0xff, 0xff, 0x00, 
  0xff, 0xff, 0x00, 0xff, 0xff, 0x00, 0xff, 0xff, 0x00, 0xff, 0xff, 0x00, 
  0xff, 0xff, 0x00, 0xff, 0xff, 0x00, 0xff, 0xff, 0x00, 0xff, 0xff, 0x00, 
  0xff, 0xff, 0x00, 0xff, 0xff, 0x00, 0xff, 0xff, 0x00, 0xff, 0xff, 0x00, 
  0xff, 0xff, 0x00, 0xff, 0xff, 0x00, 0xff, 0xff, 0x00, 0xff, 0xff, 0x00, 
  0xff, 0xff, 0x00, 0xff, 0xff, 0x00, 0xff, 0xff, 0x00, 0xff, 0xff, 0x00, 
  0xff, 0xff, 0x00, 0xff, 0xff, 0x00, 0xff, 0xff, 0x00, 0xff, 0xff, 0x00, 
  0xff, 0xff, 0x00, 0xff, 0xff, 0x00, 0xff, 0xff, 0x00, 0xff, 0xff, 0x00, 
  0xff, 0xff, 0x00, 0xff, 0xff, 0x00, 0xff, 0xff, 0x00, 0xff, 0xff, 0x00, 
  0xff, 0xff, 0x00, 0xff, 0xff, 0x00, 0xff, 0xff, 0x00, 0xff, 0xff, 0x00, 
  0xff, 0xff, 0x00, 0xff, 0xff, 0x00, 0xff, 0xff, 0x00, 0xff, 0xff, 0x00, 
  0xff, 0xff, 0x00, 0xff, 0xff, 0x00, 0xff, 0xff, 0x00, 0xff, 0xff, 0x00, 
  0xff, 0xff, 0x00, 0xff, 0xff, 0x00, 0xff, 0xff, 0x00, 0xff, 0xff, 0x00, 
  0xff, 0xff, 0x00, 0xff, 0xff, 0x00, 0xff, 0xff, 0x00, 0xff, 0xff, 0x00, 
  0xff, 0xff, 0x00, 0xff, 0xff, 0x00, 0xff, 0xff, 0x00, 0xff, 0xff, 0x00, 
  0xff, 0xff, 0x00, 0xff, 0xff, 0x00, 0xff, 0xff, 0x00, 0xff, 0xff, 0x00, 
  0xff, 0xff, 0x00, 0xff, 0xff, 0x00, 0xff, 0xff, 0x00, 0xff, 0xff, 0x00, 
  0xff, 0xff, 0x00, 0xff, 0xff, 0x00, 0xff, 0xff, 0x00, 0xff, 0xff, 0x00, 
  0xff, 0xff, 0x00, 0xff, 0xff, 0x00, 0xff, 0xff, 0x00, 0xff, 0xff, 0x00, 
  0xff, 0xff, 0x00, 0xff, 0xff, 0x00, 0xff, 0xff, 0x00, 0xff, 0xff, 0x00, 
  0xff, 0xff, 0x00, 0xff, 0xff, 0x00, 0xff, 0xff, 0x00, 0xff, 0xff, 0x00, 
  0xff, 0xff, 0x00, 0xff, 0xff, 0x00, 0xff, 0xff, 0x00, 0xff, 0xff, 0x00, 
  0xff, 0xff, 0x00, 0xff, 0xff, 0x00, 0xff, 0xff, 0x00, 0xff, 0xff, 0x00, 
  0xff, 0xff, 0x00, 0xff, 0xff, 0x00, 0xff, 0xff, 0x00, 0xff, 0xff, 0x00, 
  0xff, 0xff, 0x00, 0xff, 0xff, 0x00, 0xff, 0xff, 0x00, 0xff, 0xff, 0x00, 
  0xff, 0xff, 0x00, 0xff, 0xff, 0x00, 0xff, 0xff, 0x00, 0xff, 0xff, 0x00, 
  0xff, 0xff, 0x00, 0xff, 0xff, 0x00, 0xff, 0xff, 0x00, 0xff, 0xff, 0x00, 
  0xff, 0xff, 0x00, 0xff, 0xff, 0x00, 0xff, 0xff, 0x00, 0xff, 0xff, 0x00, 
  0xff, 0xff, 0x00, 0xff, 0xff, 0x00, 0xff, 0xff, 0x00, 0xff, 0xff, 0x00, 
  0xff, 0xff, 0x00, 0xff, 0xff, 0x00, 0xff, 0xff, 0x00, 0xff, 0xff, 0x00, 
  0xff, 0xff, 0x00, 0xff, 0xff, 0x00, 0xff, 0xff, 0x00, 0xff, 0xff, 0x00, 
  0xff, 0xff, 0x00, 0xff, 0xff, 0x00, 0xff, 0xff, 0x00, 0xff, 0xff, 0x00, 
  0xff, 0xff, 0x00, 0xff, 0xff, 0x00, 0xff, 0xff, 0x00, 0xff, 0xff, 0x00, 
  0xff, 0xff, 0x00, 0xff, 0xff, 0x00, 0xff, 0xff, 0x00, 0xff, 0xff, 0x00, 
  0xff, 0xff, 0x00, 0xff, 0xff, 0x00, 0xff, 0xff, 0x00, 0xff, 0xff, 0x00, 
  0xff, 0xff, 0x00, 0xff, 0xff, 0x00, 0xff, 0xff, 0x00, 0xff, 0xff, 0x00, 
  0xff, 0xff, 0x00, 0xff, 0xff, 0x00, 0xff, 0xff, 0x00, 0xff, 0xff, 0x00, 
  0xff, 0xff, 0x00, 0xff, 0xff, 0x00, 0xff, 0xff, 0x00, 0xff, 0xff, 0x00, 
  0xff, 0xff, 0x00, 0xff, 0xff, 0x00, 0xff, 0xff, 0x00, 0xff, 0xff, 0x00, 
  0xff, 0xff, 0x00, 0xff, 0xff, 0x00, 0xff, 0xff, 0x00, 0xff, 0xff, 0x00, 
  0xff, 0xff, 0x00, 0xff, 0xff, 0x00, 0xff, 0xff, 0x00, 0xff, 0xff, 0x00, 
  0xff, 0xff, 0x00, 0xff, 0xff, 0x00, 0xff, 0xff, 0x00, 0xff, 0xff, 0x00, 
  0xff, 0xff, 0x00, 0xff, 0xff, 0x00, 0xff, 0xff, 0x00, 0xff, 0xff, 0x00, 
  0xff, 0xff, 0x00, 0xff, 0xff, 0x00, 0xff, 0xff, 0x00, 0xff, 0xff, 0x00, 
  0xff, 0xff, 0x00, 0xff, 0xff, 0x00, 0xff, 0xff, 0x00, 0xff, 0xff, 0x00, 
  0xff, 0xff, 0x00, 0xff, 0xff, 0x00, 0xff, 0xff, 0x00, 0xff, 0xff, 0x00, 
  0xff, 0xff, 0x00, 0xff, 0xff, 0x00, 0xff, 0xff, 0x00, 0xff, 0xff, 0x00, 
  0xff, 0xff, 0x00, 0xff, 0xff, 0x00, 0xff, 0xff, 0x00, 0xff, 0xff, 0x00, 
  0xff, 0xff, 0x00, 0xff, 0xff, 0x00, 0xff, 0xff, 0x00, 0xff, 0xff, 0x00, 
  0xff, 0xff, 0x00, 0xff, 0xff, 0x00, 0xff, 0xff, 0x00, 0xff, 0xff, 0x00, 
  0xff, 0xff, 0x00, 0xff, 0xff, 0x00, 0xff, 0xff, 0x00, 0xff, 0xff, 0x00, 
  0xff, 0xff, 0x00, 0xff, 0xff, 0x00, 0xff, 0xff, 0x00, 0xff, 0xff, 0x00, 
  0xff, 0xff, 0x00, 0xff, 0xff, 0x00, 0xff, 0xff, 0x00, 0xff, 0xff, 0x00, 
  0xff, 0xff, 0x00, 0xff, 0xff, 0x00, 0xff, 0xff, 0x00, 0xff, 0xff, 0x00, 
  0xff, 0xff, 0x00, 0xff, 0xff, 0x00, 0xff, 0xff, 0x00, 0xff, 0xff, 0x00, 
  0xff, 0xff, 0x00, 0xff, 0xff, 0x00, 0xff, 0xff, 0x00, 0xff, 0xff, 0x00, 
  0xff, 0xff, 0x00, 0xff, 0xff, 0x00, 0xff, 0xff, 0x00, 0xff, 0xff, 0x00, 
  0xff, 0xff, 0x00, 0xff, 0xff, 0x00, 0xff, 0xff, 0x00, 0xff, 0xff, 0x00, 
  0xff, 0xff, 0x00, 0xff, 0xff, 0x00, 0xff, 0xff, 0x00, 0xff, 0xff, 0x00, 
  0xff, 0xff, 0x00, 0xff, 0xff, 0x00, 0xff, 0xff, 0x00, 0xff, 0xff, 0x00, 
  0xff, 0xff, 0x00, 0xff, 0xff, 0x00, 0xff, 0xff, 0x00, 0xff, 0xff, 0x00, 
  0xff, 0xff, 0x00, 0xff, 0xff, 0x00, 0xff, 0xff, 0x00, 0xff, 0xff, 0x00, 
  0xff, 0xff, 0x00, 0xff, 0xff, 0x00, 0xff, 0xff, 0x00, 0xff, 0xff, 0x00, 
  0xff, 0xff, 0x00, 0xff, 0xff, 0x00, 0xff, 0xff, 0x00, 0xff, 0xff, 0x00, 
  0xff, 0xff, 0x00, 0xff, 0xff, 0x00, 0xff, 0xff, 0x00, 0xff, 0xff, 0x00, 
  0xff, 0xff, 0x00, 0xff, 0xff, 0x00, 0xff, 0xff, 0x00, 0xff, 0xff, 0x00, 
  0xff, 0xff, 0x00, 0xff, 0xff, 0x00, 0xff, 0xff, 0x00, 0xff, 0xff, 0x00, 
  0xff, 0xff, 0x00, 0xff, 0xff, 0x00, 0xff, 0xff, 0x00, 0xff, 0xff, 0x00, 
  0xff, 0xff, 0x00, 0xff, 0xff, 0x00, 0xff, 0xff, 0x00, 0xff, 0xff, 0x00, 
  0xff, 0xff, 0x00, 0xff, 0xff, 0x00, 0xff, 0xff, 0x00, 0xff, 0xff, 0x00, 
  0xff, 0xff, 0x00, 0xff, 0xff, 0x00, 0xff, 0xff, 0x00, 0xff, 0xff, 0x00, 
  0xff, 0xff, 0x00, 0xff, 0xff, 0x00, 0xff, 0xff, 0x00, 0xff, 0xff, 0x00, 
  0xff, 0xff, 0x00, 0xff, 0xff, 0x00, 0xff, 0xff, 0x00, 0xff, 0xff, 0x00, 
  0xff, 0xff, 0x00, 0xff, 0xff, 0x00, 0xff, 0xff, 0x00, 0xff, 0xff, 0x00, 
  0xff, 0xff, 0x00, 0xff, 0xff, 0x00, 0xff, 0xff, 0x00, 0xff, 0xff, 0x00, 
  0xff, 0xff, 0x00, 0xff, 0xff, 0x00, 0xff, 0xff, 0x00, 0xff, 0xff, 0x00, 
  0xff, 0xff, 0x00, 0xff, 0xff, 0x00, 0xff, 0xff, 0x00, 0xff, 0xff, 0x00, 
  0xff, 0xff, 0x00, 0xff, 0xff, 0x00, 0xff, 0xff, 0x00, 0xff, 0xff, 0x00, 
  0xff, 0xff, 0x00, 0xff, 0xff, 0x00, 0xff, 0xff, 0x00, 0xff, 0xff, 0x00, 
  0xff, 0xff, 0x00, 0xff, 0xff, 0x00, 0xff, 0xff, 0x00, 0xff, 0xff, 0x00, 
  0xff, 0xff, 0x00, 0xff, 0xff, 0x00, 0xff, 0xff, 0x00, 0xff, 0xff, 0x00, 
  0xff, 0xff, 0x00, 0xff, 0xff, 0x00, 0xff, 0xff, 0x00, 0xff, 0xff, 0x00, 
  0xff, 0xff, 0x00, 0xff, 0xff, 0x00, 0xff, 0xff, 0x00, 0xff, 0xff, 0x00, 
  0xff, 0xff, 0x00, 0xff, 0xff, 0x00, 0xff, 0xff, 0x00, 0xff, 0xff, 0x00, 
  0xff, 0xff, 0x00, 0xff, 0xff, 0x00, 0xff, 0xff, 0x00, 0xff, 0xff, 0x00, 
  0xff, 0xff, 0x00, 0xff, 0xff, 0x00, 0xff, 0xff, 0x00, 0xff, 0xff, 0x00, 
  0xff, 0xff, 0x00, 0xff, 0xff, 0x00, 0xff, 0xff, 0x00, 0xff, 0xff, 0x00, 
  0xff, 0xff, 0x00, 0xff, 0xff, 0x00, 0xff, 0xff, 0x00, 0xff, 0xff, 0x00, 
  0xff, 0xff, 0x00, 0xff, 0xff, 0x00, 0xff, 0xff, 0x00, 0xff, 0xff, 0x00, 
  0xff, 0xff, 0x00, 0xff, 0xff, 0x00, 0xff, 0xff, 0x00, 0xff, 0xff, 0x00, 
  0xff, 0xff, 0x00, 0xff, 0xff, 0x00, 0xff, 0xff, 0x00, 0xff, 0xff, 0x00, 
  0xff, 0xff, 0x00, 0xff, 0xff, 0x00, 0xff, 0xff, 0x00, 0xff, 0xff, 0x00, 
  0xff, 0xff, 0x00, 0xff, 0xff, 0x00, 0xff, 0xff, 0x00, 0xff, 0xff, 0x00, 
  0xff, 0xff, 0x00, 0xff, 0xff, 0x00, 0xff, 0xff, 0x00, 0xff, 0xff, 0x00, 
  0xff, 0xff, 0x00, 0xff, 0xff, 0x00, 0xff, 0xff, 0x00, 0xff, 0xff, 0x00, 
  0xff, 0xff, 0x00, 0xff, 0xff, 0x00, 0xff, 0xff, 0x00, 0xff, 0xff, 0x00, 
  0xff, 0xff, 0x00, 0xff, 0xff, 0x00, 0xff, 0xff, 0x00, 0xff, 0xff, 0x00, 
  0xff, 0xff, 0x00, 0xff, 0xff, 0x00, 0xff, 0xff, 0x00, 0xff, 0xff, 0x00, 
  0xff, 0xff, 0x00, 0xff, 0xff, 0x00, 0xff, 0xff, 0x00, 0xff, 0xff, 0x00, 
  0xff, 0xff, 0x00, 0xff, 0xff, 0x00, 0xff, 0xff, 0x00, 0xff, 0xff, 0x00, 
  0xff, 0xff, 0x00, 0xff, 0xff, 0x00, 0xff, 0xff, 0x00, 0xff, 0xff, 0x00, 
  0xff, 0xff, 0x00, 0xff, 0xff, 0x00, 0xff, 0xff, 0x00, 0xff, 0xff, 0x00, 
  0xff, 0xff, 0x00, 0xff, 0xff, 0x00, 0xff, 0xff, 0x00, 0xff, 0xff, 0x00, 
  0xff, 0xff, 0x00, 0xff, 0xff, 0x00, 0xff, 0xff, 0x00, 0xff, 0xff, 0x00, 
  0xff, 0xff, 0x00, 0xff, 0xff, 0x00, 0xff, 0xff, 0x00, 0xff, 0xff, 0x00, 
  0xff, 0xff, 0x00, 0xff, 0xff, 0x00, 0xff, 0xff, 0x00, 0xff, 0xff, 0x00, 
  0xff, 0xff, 0x00, 0xff, 0xff, 0x00, 0xff, 0xff, 0x00, 0xff, 0xff, 0x00, 
  0xff, 0xff, 0x00, 0xff, 0xff, 0x00, 0xff, 0xff, 0x00, 0xff, 0xff, 0x00, 
  0xff, 0xff, 0x00, 0xff, 0xff, 0x00, 0xff, 0xff, 0x00, 0xff, 0xff, 0x00, 
  0xff, 0xff, 0x00, 0xff, 0xff, 0x00, 0xff, 0xff, 0x00, 0xff, 0xff, 0x00, 
  0xff, 0xff, 0x00, 0xff, 0xff, 0x00, 0xff, 0xff, 0x00, 0xff, 0xff, 0x00, 
  0xff, 0xff, 0x00, 0xff, 0xff, 0x00, 0xff, 0xff, 0x00, 0xff, 0xff, 0x00, 
  0xff, 0xff, 0x00, 0xff, 0xff, 0x00, 0xff, 0xff, 0x00, 0xff, 0xff, 0x00, 
  0xff, 0xff, 0x00, 0xff, 0xff, 0x00, 0xff, 0xff, 0x00, 0xff, 0xff, 0x00, 
  0xff, 0xff, 0x00, 0xff, 0xff, 0x00, 0xff, 0xff, 0x00, 0xff, 0xff, 0x00, 
  0xff, 0xff, 0x00, 0xff, 0xff, 0x00, 0xff, 0xff, 0x00, 0xff, 0xff, 0x00, 
  0xff, 0xff, 0x00, 0xff, 0xff, 0x00, 0xff, 0xff, 0x00, 0xff, 0xff, 0x00, 
  0xff, 0xff, 0x00, 0xff, 0xff, 0x00, 0xff, 0xff, 0x00, 0xff, 0xff, 0x00, 
  0xff, 0xff, 0x00, 0xff, 0xff, 0x00, 0xff, 0xff, 0x00, 0xff, 0xff, 0x00, 
  0xff, 0xff, 0x00, 0xff, 0xff, 0x00, 0xff, 0xff, 0x00, 0xff, 0xff, 0x00, 
  0xff, 0xff, 0x00, 0xff, 0xff, 0x00, 0xff, 0xff, 0x00, 0xff, 0xff, 0x00, 
  0xff, 0xff, 0x00, 0xff, 0xff, 0x00, 0xff, 0xff, 0x00, 0xff, 0xff, 0x00, 
  0xff, 0xff, 0x00, 0xff, 0xff, 0x00, 0xff, 0xff, 0x00, 0xff, 0xff, 0x00, 
  0xff, 0xff, 0x00, 0xff, 0xff, 0x00, 0xff, 0xff, 0x00, 0xff, 0xff, 0x00, 
  0xff, 0xff, 0x00, 0xff, 0xff, 0x00, 0xff, 0xff, 0x00, 0xff, 0xff, 0x00, 
  0xff, 0xff, 0x00, 0xff, 0xff, 0x00, 0xff, 0xff, 0x00, 0xff, 0xff, 0x00, 
  0xff, 0xff, 0x00, 0xff, 0xff, 0x00, 0xff, 0xff, 0x00, 0xff, 0xff, 0x00, 
  0xff, 0xff, 0x00, 0xff, 0xff, 0x00, 0xff, 0xff, 0x00, 0xff, 0xff, 0x00, 
  0xff, 0xff, 0x00, 0xff, 0xff, 0x00, 0xff, 0xff, 0x00, 0xff, 0xff, 0x00, 
  0xff, 0xff, 0x00, 0xff, 0xff, 0x00, 0xff, 0xff, 0x00, 0xff, 0xff, 0x00, 
  0xff, 0xff, 0x00, 0xff, 0xff, 0x00, 0xff, 0xff, 0x00, 0xff, 0xff, 0x00, 
  0xff, 0xff, 0x00, 0xff, 0xff, 0x00, 0xff, 0xff, 0x00, 0xff, 0xff, 0x00, 
  0xff, 0xff, 0x00, 0xff, 0xff, 0x00, 0xff, 0xff, 0x00, 0xff, 0xff, 0x00, 
  0xff, 0xff, 0x00, 0xff, 0xff, 0x00, 0xff, 0xff, 0x00, 0xff, 0xff, 0x00, 
  0xff, 0xff, 0x00, 0xff, 0xff, 0x00, 0xff, 0xff, 0x00, 0xff, 0xff, 0x00, 
  0xff, 0xff, 0x00, 0xff, 0xff, 0x00, 0xff, 0xff, 0x00, 0xff, 0xff, 0x00, 
  0xff, 0xff, 0x00, 0xff, 0xff, 0x00, 0xff, 0xff, 0x00, 0xff, 0xff, 0x00, 
  0xff, 0xff, 0x00, 0xff, 0xff, 0x00, 0xff, 0xff, 0x00, 0xff, 0xff, 0x00, 
  0xff, 0xff, 0x00, 0xff, 0xff, 0x00, 0xff, 0xff, 0x00, 0xff, 0xff, 0x00, 
  0xff, 0xff, 0x00, 0xff, 0xff, 0x00, 0xff, 0xff, 0x00, 0xff, 0xff, 0x00, 
  0xff, 0xff, 0x00, 0xff, 0xff, 0x00, 0xff, 0xff, 0x00, 0xff, 0xff, 0x00, 
  0xff, 0xff, 0x00, 0xff, 0xff, 0x00, 0xff, 0xff, 0x00, 0xff, 0xff, 0x00, 
  0xff, 0xff, 0x00, 0xff, 0xff, 0x00, 0xff, 0xff, 0x00, 0xff, 0xff, 0x00, 
  0xff, 0xff, 0x00, 0xff, 0xff, 0x00, 0xff, 0xff, 0x00, 0xff, 0xff, 0x00, 
  0xff, 0xff, 0x00, 0xff, 0xff, 0x00, 0xff, 0xff, 0x00, 0xff, 0xff, 0x00, 
  0xff, 0xff, 0x00, 0xff, 0xff, 0x00, 0xff, 0xff, 0x00, 0xff, 0xff, 0x00, 
  0xff, 0xff, 0x00, 0xff, 0xff, 0x00, 0xff, 0xff, 0x00, 0xff, 0xff, 0x00, 
  0xff, 0xff, 0x00, 0xff, 0xff, 0x00, 0xff, 0xff, 0x00, 0xff, 0xff, 0x00, 
  0xff, 0xff, 0x00, 0xff, 0xff, 0x00, 0xff, 0xff, 0x00, 0xff, 0xff, 0x00, 
  0xff, 0xff, 0x00, 0xff, 0xff, 0x00, 0xff, 0xff, 0x00, 0xff, 0xff, 0x00, 
  0xff, 0xff, 0x00, 0xff, 0xff, 0x00, 0xff, 0xff, 0x00, 0xff, 0xff, 0x00, 
  0xff, 0xff, 0x00, 0xff, 0xff, 0x00, 0xff, 0xff, 0x00, 0xff, 0xff, 0x00, 
  0xff, 0xff, 0x00, 0xff, 0xff, 0x00, 0xff, 0xff, 0x00, 0xff, 0xff, 0x00, 
  0xff, 0xff, 0x00, 0xff, 0xff, 0x00, 0xff, 0xff, 0x00, 0xff, 0xff, 0x00, 
  0xff, 0xff, 0x00, 0xff, 0xff, 0x00, 0xff, 0xff, 0x00, 0xff, 0xff, 0x00, 
  0xff, 0xff, 0x00, 0xff, 0xff, 0x00, 0xff, 0xff, 0x00, 0xff, 0xff, 0x00, 
  0xff, 0xff, 0x00, 0xff, 0xff, 0x00, 0xff, 0xff, 0x00, 0xff, 0xff, 0x00, 
  0xff, 0xff, 0x00, 0xff, 0xff, 0x00, 0xff, 0xff, 0x00, 0xff, 0xff, 0x00, 
  0xff, 0xff, 0x00, 0xff, 0xff, 0x00, 0xff, 0xff, 0x00, 0xff, 0xff, 0x00, 
  0xff, 0xff, 0x00, 0xff, 0xff, 0x00, 0xff, 0xff, 0x00, 0xff, 0xff, 0x00, 
  0xff, 0xff, 0x00, 0xff, 0xff, 0x00, 0xff, 0xff, 0x00, 0xff, 0xff, 0x00, 
  0xff, 0xff, 0x00, 0xff, 0xff, 0x00, 0xff, 0xff, 0x00, 0xff, 0xff, 0x00, 
  0xff, 0xff, 0x00, 0xff, 0xff, 0x00, 0xff, 0xff, 0x00, 0xff, 0xff, 0x00, 
  0xff, 0xff, 0x00, 0xff, 0xff, 0x00, 0xff, 0xff, 0x00, 0xff, 0xff, 0x00, 
  0xff, 0xff, 0x00, 0xff, 0xff, 0x00, 0xff, 0xff, 0x00, 0xff, 0xff, 0x00, 
  0xff, 0xff, 0x00, 0xff, 0xff, 0x00, 0xff, 0xff, 0x00, 0xff, 0xff, 0x00, 
  0xff, 0xff, 0x00, 0xff, 0xff, 0x00, 0xff, 0xff, 0x00, 0xff, 0xff, 0x00, 
  0xff, 0xff, 0x00, 0xff, 0xff, 0x00, 0xff, 0xff, 0x00, 0xff, 0xff, 0x00, 
  0xff, 0xff, 0x00, 0xff, 0xff, 0x00, 0xfe, 0xff, 0x00, 0xfe, 0xff, 0x00, 
  0xfe, 0xff, 0x00, 0xfe, 0xff, 0x00, 0xfe, 0xff, 0x00, 0xfe, 0xff, 0x00, 
  0xfe, 0xff, 0x00, 0xfe, 0xff, 0x00, 0xfe, 0xff, 0x00, 0xfe, 0xff, 0x00, 
  0xfe, 0xff, 0x00, 0xfe, 0xff, 0x00, 0xfe, 0xff, 0x00, 0xfe, 0xff, 0x00, 
  0xfe, 0xff, 0x00, 0xfe, 0xff, 0x00, 0xfe, 0xff, 0x00, 0xfe, 0xff, 0x00, 
  0xfe, 0xff, 0x00, 0xfe, 0xff, 0x00, 0xfe, 0xff, 0x00, 0xfe, 0xff, 0x00, 
  0xfe, 0xff, 0x00, 0xfe, 0xff, 0x00, 0xfe, 0xff, 0x00, 0xfe, 0xff, 0x00, 
  0xfe, 0xff, 0x00, 0xfe, 0xff, 0x00, 0xfe, 0xff, 0x00, 0xfe, 0xff, 0x00, 
  0xfe, 0xff, 0x00, 0xfe, 0xff, 0x00, 0xfe, 0xff, 0x00, 0xfe, 0xff, 0x00, 
  0xfe, 0xff, 0x00, 0xfe, 0xff, 0x00, 0xfe, 0xff, 0x00, 0xfe, 0xff, 0x00, 
  0xfe, 0xff, 0x00, 0xfe, 0xff, 0x00, 0xfe, 0xff, 0x00, 0xff, 0xff, 0x00, 
  0xff, 0xff, 0x00, 0xff, 0xff, 0x00, 0xff, 0xff, 0x00, 0xff, 0xff, 0x00, 
  0xff, 0xff, 0x00, 0xff, 0xff, 0x00, 0xff, 0xff, 0x00, 0xff, 0xff, 0x00, 
  0xff, 0xff, 0x00, 0xff, 0xff, 0x00, 0xff, 0xff, 0x00, 0xff, 0xff, 0x00, 
  0xff, 0xff, 0x00, 0xff, 0xff, 0x00, 0xff, 0xff, 0x00, 0xff, 0xff, 0x00, 
  0xff, 0xff, 0x00, 0xff, 0xff, 0x00, 0xff, 0xff, 0x00, 0xff, 0xff, 0x00, 
  0xff, 0xff, 0x00, 0xff, 0xff, 0x00, 0xff, 0xff, 0x00, 0xff, 0xff, 0x00, 
  0xff, 0xff, 0x00, 0xff, 0xff, 0x00, 0xff, 0xff, 0x00, 0xff, 0xff, 0x00, 
  0xff, 0xff, 0x00, 0xff, 0xff, 0x00, 0xff, 0xff, 0x00, 0xff, 0xff, 0x00, 
  0xff, 0xff, 0x00, 0xff, 0xff, 0x00, 0xff, 0xff, 0x00, 0xff, 0xff, 0x00, 
  0xff, 0xff, 0x00, 0xff, 0xff, 0x00, 0xff, 0xff, 0x00, 0xff, 0xff, 0x00, 
  0xff, 0xff, 0x00, 0xff, 0xff, 0x00, 0xff, 0xff, 0x00, 0xff, 0xff, 0x00, 
  0xff, 0xff, 0x00, 0xff, 0xff, 0x00, 0xff, 0xff, 0x00, 0xff, 0xff, 0x00, 
  0xff, 0xff, 0x00, 0xff, 0xff, 0x00, 0xff, 0xff, 0x00, 0xff, 0xff, 0x00, 
  0xff, 0xff, 0x00, 0xff, 0xff, 0x00, 0xff, 0xff, 0x00, 0xff, 0xff, 0x00, 
  0xff, 0xff, 0x00, 0xff, 0xff, 0x00, 0xff, 0xff, 0x00, 0xff, 0xff, 0x00, 
  0xff, 0xff, 0x00, 0xff, 0xff, 0x00, 0xff, 0xff, 0x00, 0xff, 0xff, 0x00, 
  0xff, 0xff, 0x00, 0xff, 0xff, 0x00, 0xff, 0xff, 0x00, 0xff, 0xff, 0x00, 
  0xff, 0xff, 0x00, 0xff, 0xff, 0x00, 0xff, 0xff, 0x00, 0xff, 0xff, 0x00, 
  0xff, 0xff, 0x00, 0xff, 0xff, 0x00, 0xff, 0xff, 0x00, 0xff, 0xff, 0x00, 
  0xff, 0xff, 0x00, 0xfe, 0xff, 0x00, 0xfd, 0xff, 0x00, 0xfc, 0xff, 0x00, 
  0xfc, 0xff, 0x00, 0xfc, 0xff, 0x00, 0xfb, 0xff, 0x00, 0xfb, 0xff, 0x00, 
  0xfb, 0xff, 0x00, 0xfb, 0xff, 0x00, 0xfb, 0xff, 0x00, 0xfb, 0xff, 0x00, 
  0xfb, 0xff, 0x00, 0xfb, 0xff, 0x00, 0xfb, 0xff, 0x00, 0xfb, 0xff, 0x00, 
  0xfb, 0xff, 0x00, 0xfb, 0xff, 0x00, 0xfb, 0xff, 0x00, 0xfb, 0xff, 0x00, 
  0xfb, 0xff, 0x00, 0xfb, 0xff, 0x00, 0xfb, 0xff, 0x00, 0xfb, 0xff, 0x00, 
  0xfb, 0xff, 0x00, 0xfb, 0xff, 0x00, 0xfb, 0xff, 0x00, 0xfb, 0xff, 0x00, 
  0xfb, 0xff, 0x00, 0xfb, 0xff, 0x00, 0xfb, 0xff, 0x00, 0xfb, 0xff, 0x00, 
  0xfb, 0xff, 0x00, 0xfb, 0xff, 0x00, 0xfb, 0xff, 0x00, 0xfb, 0xff, 0x00, 
  0xfb, 0xff, 0x00, 0xfb, 0xff, 0x00, 0xfb, 0xff, 0x00, 0xfb, 0xff, 0x00, 
  0xfb, 0xff, 0x00, 0xfb, 0xff, 0x00, 0xfc, 0xff, 0x00, 0xfd, 0xff, 0x00, 
  0xff, 0xff, 0x00, 0xff, 0xff, 0x00, 0xfe, 0xff, 0x00, 0xff, 0xff, 0x00, 
  0xff, 0xff, 0x00, 0xff, 0xff, 0x00, 0xff, 0xff, 0x00, 0xff, 0xff, 0x00, 
  0xff, 0xff, 0x00, 0xff, 0xff, 0x00, 0xff, 0xff, 0x00, 0xff, 0xff, 0x00, 
  0xff, 0xff, 0x00, 0xff, 0xff, 0x00, 0xff, 0xff, 0x00, 0xff, 0xff, 0x00, 
  0xff, 0xff, 0x00, 0xff, 0xff, 0x00, 0xff, 0xff, 0x00, 0xff, 0xff, 0x00, 
  0xff, 0xff, 0x00, 0xff, 0xff, 0x00, 0xff, 0xff, 0x00, 0xff, 0xff, 0x00, 
  0xff, 0xff, 0x00, 0xff, 0xff, 0x00, 0xff, 0xff, 0x00, 0xff, 0xff, 0x00, 
  0xff, 0xff, 0x00, 0xff, 0xff, 0x00, 0xff, 0xff, 0x00, 0xff, 0xff, 0x00, 
  0xff, 0xff, 0x00, 0xff, 0xff, 0x00, 0xff, 0xff, 0x00, 0xff, 0xff, 0x00, 
  0xff, 0xff, 0x00, 0xff, 0xff, 0x00, 0xff, 0xff, 0x00, 0xff, 0xff, 0x00, 
  0xff, 0xff, 0x00, 0xff, 0xff, 0x00, 0xff, 0xff, 0x00, 0xff, 0xff, 0x00, 
  0xff, 0xff, 0x00, 0xff, 0xff, 0x00, 0xff, 0xff, 0x00, 0xff, 0xff, 0x00, 
  0xff, 0xff, 0x00, 0xff, 0xff, 0x00, 0xff, 0xff, 0x00, 0xff, 0xff, 0x00, 
  0xff, 0xff, 0x00, 0xff, 0xff, 0x00, 0xff, 0xff, 0x00, 0xff, 0xff, 0x00, 
  0xff, 0xff, 0x00, 0xff, 0xff, 0x00, 0xff, 0xff, 0x00, 0xff, 0xff, 0x00, 
  0xff, 0xff, 0x00, 0xff, 0xff, 0x00, 0xff, 0xff, 0x00, 0xff, 0xff, 0x00, 
  0xff, 0xff, 0x00, 0xff, 0xff, 0x00, 0xff, 0xff, 0x00, 0xff, 0xff, 0x00, 
  0xff, 0xff, 0x00, 0xff, 0xff, 0x00, 0xff, 0xff, 0x00, 0xff, 0xff, 0x00, 
  0xff, 0xff, 0x00, 0xff, 0xff, 0x00, 0xff, 0xff, 0x00, 0xff, 0xff, 0x00, 
  0xfd, 0xff, 0x00, 0xfc, 0xff, 0x00, 0x56, 0xff, 0x00, 0xb2, 0xf6, 0x00, 
  0x92, 0xf6, 0x00, 0x92, 0xf6, 0x00, 0xb1, 0xee, 0x00, 0xb1, 0xee, 0x00, 
  0x91, 0xee, 0x00, 0x91, 0xf6, 0x00, 0x91, 0xf6, 0x00, 0x91, 0xf6, 0x00, 
  0x91, 0xf6, 0x00, 0x91, 0xf6, 0x00, 0x91, 0xf6, 0x00, 0x91, 0xf6, 0x00, 
  0x91, 0xf6, 0x00, 0x91, 0xf6, 0x00, 0x91, 0xf6, 0x00, 0x91, 0xf6, 0x00, 
  0x91, 0xf6, 0x00, 0x91, 0xf6, 0x00, 0x91, 0xf6, 0x00, 0x91, 0xf6, 0x00, 
  0x91, 0xf6, 0x00, 0x91, 0xf6, 0x00, 0x91, 0xf6, 0x00, 0x91, 0xf6, 0x00, 
  0x91, 0xf6, 0x00, 0x91, 0xf6, 0x00, 0x91, 0xf6, 0x00, 0x91, 0xf6, 0x00, 
  0x91, 0xf6, 0x00, 0x91, 0xf6, 0x00, 0x91, 0xf6, 0x00, 0x91, 0xf6, 0x00, 
  0x91, 0xf6, 0x00, 0x91, 0xf6, 0x00, 0x91, 0xf6, 0x00, 0x91, 0xf6, 0x00, 
  0x70, 0xee, 0x00, 0xb2, 0xf6, 0x00, 0xd3, 0xf6, 0x00, 0x15, 0xf7, 0x00, 
  0xb9, 0xff, 0x00, 0xfc, 0xff, 0x00, 0xfd, 0xff, 0x00, 0xfe, 0xff, 0x00, 
  0xff, 0xff, 0x00, 0xff, 0xff, 0x00, 0xff, 0xff, 0x00, 0xff, 0xff, 0x00, 
  0xff, 0xff, 0x00, 0xff, 0xff, 0x00, 0xff, 0xff, 0x00, 0xff, 0xff, 0x00, 
  0xff, 0xff, 0x00, 0xff, 0xff, 0x00, 0xff, 0xff, 0x00, 0xff, 0xff, 0x00, 
  0xff, 0xff, 0x00, 0xff, 0xff, 0x00, 0xff, 0xff, 0x00, 0xff, 0xff, 0x00, 
  0xff, 0xff, 0x00, 0xff, 0xff, 0x00, 0xff, 0xff, 0x00, 0xff, 0xff, 0x00, 
  0xff, 0xff, 0x00, 0xff, 0xff, 0x00, 0xff, 0xff, 0x00, 0xff, 0xff, 0x00, 
  0xff, 0xff, 0x00, 0xff, 0xff, 0x00, 0xff, 0xff, 0x00, 0xff, 0xff, 0x00, 
  0xff, 0xff, 0x00, 0xff, 0xff, 0x00, 0xff, 0xff, 0x00, 0xff, 0xff, 0x00, 
  0xff, 0xff, 0x00, 0xff, 0xff, 0x00, 0xff, 0xff, 0x00, 0xff, 0xff, 0x00, 
  0xff, 0xff, 0x00, 0xff, 0xff, 0x00, 0xff, 0xff, 0x00, 0xff, 0xff, 0x00, 
  0xff, 0xff, 0x00, 0xff, 0xff, 0x00, 0xff, 0xff, 0x00, 0xff, 0xff, 0x00, 
  0xff, 0xff, 0x00, 0xff, 0xff, 0x00, 0xff, 0xff, 0x00, 0xff, 0xff, 0x00, 
  0xff, 0xff, 0x00, 0xff, 0xff, 0x00, 0xff, 0xff, 0x00, 0xff, 0xff, 0x00, 
  0xff, 0xff, 0x00, 0xff, 0xff, 0x00, 0xff, 0xff, 0x00, 0xff, 0xff, 0x00, 
  0xff, 0xff, 0x00, 0xff, 0xff, 0x00, 0xff, 0xff, 0x00, 0xff, 0xff, 0x00, 
  0xff, 0xff, 0x00, 0xff, 0xff, 0x00, 0xff, 0xff, 0x00, 0xff, 0xff, 0x00, 
  0xff, 0xff, 0x00, 0xff, 0xff, 0x00, 0xff, 0xff, 0x00, 0xff, 0xff, 0x00, 
  0xff, 0xff, 0x00, 0xff, 0xff, 0x00, 0xff, 0xff, 0x00, 0xfd, 0xff, 0x00, 
  0xd9, 0xff, 0x00, 0xf2, 0xfe, 0x00, 0xa9, 0xe5, 0xff, 0x05, 0xdd, 0xff, 
  0xe4, 0xdc, 0xff, 0xc3, 0xd4, 0xff, 0xe3, 0xdc, 0xff, 0xe3, 0xdc, 0xff, 
  0xe3, 0xdc, 0xff, 0xe3, 0xdc, 0xff, 0xe3, 0xdc, 0xff, 0xe3, 0xdc, 0xff, 
  0xe3, 0xdc, 0xff, 0xe3, 0xdc, 0xff, 0xe3, 0xdc, 0xff, 0xe3, 0xdc, 0xff, 
  0xe3, 0xdc, 0xff, 0xe3, 0xdc, 0xff, 0xe3, 0xdc, 0xff, 0xe3, 0xdc, 0xff, 
  0xe3, 0xdc, 0xff, 0xe3, 0xdc, 0xff, 0xe3, 0xdc, 0xff, 0xe3, 0xdc, 0xff, 
  0xe3, 0xdc, 0xff, 0xe3, 0xdc, 0xff, 0xe3, 0xdc, 0xff, 0xe3, 0xdc, 0xff, 
  0xe3, 0xdc, 0xff, 0xe3, 0xdc, 0xff, 0xe3, 0xdc, 0xff, 0xe3, 0xdc, 0xff, 
  0xe3, 0xdc, 0xff, 0xe3, 0xdc, 0xff, 0xe3, 0xdc, 0xff, 0xe3, 0xdc, 0xff, 
  0xe3, 0xdc, 0xff, 0xe3, 0xdc, 0xff, 0xe3, 0xdc, 0xff, 0xe3, 0xdc, 0xff, 
  0x04, 0xdd, 0xff, 0xc3, 0xd4, 0xff, 0xe4, 0xd4, 0xff, 0x87, 0xdd, 0xff, 
  0x4c, 0xee, 0x00, 0x33, 0xff, 0x00, 0xda, 0xff, 0x00, 0xfe, 0xff, 0x00, 
  0xff, 0xff, 0x00, 0xff, 0xff, 0x00, 0xff, 0xff, 0x00, 0xff, 0xff, 0x00, 
  0xff, 0xff, 0x00, 0xff, 0xff, 0x00, 0xff, 0xff, 0x00, 0xff, 0xff, 0x00, 
  0xff, 0xff, 0x00, 0xff, 0xff, 0x00, 0xff, 0xff, 0x00, 0xff, 0xff, 0x00, 
  0xff, 0xff, 0x00, 0xff, 0xff, 0x00, 0xff, 0xff, 0x00, 0xff, 0xff, 0x00, 
  0xff, 0xff, 0x00, 0xff, 0xff, 0x00, 0xff, 0xff, 0x00, 0xff, 0xff, 0x00, 
  0xff, 0xff, 0x00, 0xff, 0xff, 0x00, 0xff, 0xff, 0x00, 0xff, 0xff, 0x00, 
  0xff, 0xff, 0x00, 0xff, 0xff, 0x00, 0xff, 0xff, 0x00, 0xff, 0xff, 0x00, 
  0xff, 0xff, 0x00, 0xff, 0xff, 0x00, 0xff, 0xff, 0x00, 0xff, 0xff, 0x00, 
  0xff, 0xff, 0x00, 0xff, 0xff, 0x00, 0xff, 0xff, 0x00, 0xff, 0xff, 0x00, 
  0xff, 0xff, 0x00, 0xff, 0xff, 0x00, 0xff, 0xff, 0x00, 0xff, 0xff, 0x00, 
  0xff, 0xff, 0x00, 0xff, 0xff, 0x00, 0xff, 0xff, 0x00, 0xff, 0xff, 0x00, 
  0xff, 0xff, 0x00, 0xff, 0xff, 0x00, 0xff, 0xff, 0x00, 0xff, 0xff, 0x00, 
  0xff, 0xff, 0x00, 0xff, 0xff, 0x00, 0xff, 0xff, 0x00, 0xff, 0xff, 0x00, 
  0xff, 0xff, 0x00, 0xff, 0xff, 0x00, 0xff, 0xff, 0x00, 0xff, 0xff, 0x00, 
  0xff, 0xff, 0x00, 0xff, 0xff, 0x00, 0xff, 0xff, 0x00, 0xff, 0xff, 0x00, 
  0xff, 0xff, 0x00, 0xff, 0xff, 0x00, 0xff, 0xff, 0x00, 0xff, 0xff, 0x00, 
  0xff, 0xff, 0x00, 0xff, 0xff, 0x00, 0xff, 0xff, 0x00, 0xff, 0xff, 0x00, 
  0xff, 0xff, 0x00, 0xff, 0xff, 0x00, 0xff, 0xff, 0x00, 0xdb, 0xff, 0x00, 
  0xd2, 0xfe, 0x00, 0x27, 0xd5, 0xff, 0xe3, 0xdc, 0xff, 0x01, 0xed, 0xff, 
  0x00, 0xed, 0xff, 0x00, 0xed, 0xff, 0x00, 0xed, 0xff, 0x00, 0xed, 0xff, 
  0x20, 0xed, 0xff, 0x20, 0xed, 0xff, 0x20, 0xed, 0xff, 0x20, 0xed, 0xff, 
  0x20, 0xed, 0xff, 0x20, 0xed, 0xff, 0x20, 0xed, 0xff, 0x20, 0xed, 0xff, 
  0x20, 0xed, 0xff, 0x20, 0xed, 0xff, 0x20, 0xed, 0xff, 0x20, 0xed, 0xff, 
  0x20, 0xed, 0xff, 0x20, 0xed, 0xff, 0x20, 0xed, 0xff, 0x20, 0xed, 0xff, 
  0x20, 0xed, 0xff, 0x20, 0xed, 0xff, 0x20, 0xed, 0xff, 0x20, 0xed, 0xff, 
  0x20, 0xed, 0xff, 0x20, 0xed, 0xff, 0x20, 0xed, 0xff, 0x20, 0xed, 0xff, 
  0x20, 0xed, 0xff, 0x20, 0xed, 0xff, 0x20, 0xed, 0xff, 0x20, 0xed, 0xff, 
  0x20, 0xed, 0xff, 0x20, 0xed, 0xff, 0x20, 0xed, 0xff, 0x20, 0xed, 0xff, 
  0x00, 0xed, 0xff, 0x00, 0xed, 0xff, 0x41, 0xed, 0xff, 0x41, 0xed, 0xff, 
  0xe2, 0xdc, 0xff, 0x47, 0xdd, 0xff, 0xb1, 0xf6, 0x00, 0xda, 0xff, 0x00, 
  0xfd, 0xff, 0x00, 0xfe, 0xff, 0x00, 0xff, 0xff, 0x00, 0xff, 0xff, 0x00, 
  0xff, 0xff, 0x00, 0xff, 0xff, 0x00, 0xff, 0xff, 0x00, 0xff, 0xff, 0x00, 
  0xff, 0xff, 0x00, 0xff, 0xff, 0x00, 0xff, 0xff, 0x00, 0xff, 0xff, 0x00, 
  0xff, 0xff, 0x00, 0xff, 0xff, 0x00, 0xff, 0xff, 0x00, 0xff, 0xff, 0x00, 
  0xff, 0xff, 0x00, 0xff, 0xff, 0x00, 0xff, 0xff, 0x00, 0xff, 0xff, 0x00, 
  0xff, 0xff, 0x00, 0xff, 0xff, 0x00, 0xff, 0xff, 0x00, 0xff, 0xff, 0x00, 
  0xff, 0xff, 0x00, 0xff, 0xff, 0x00, 0xff, 0xff, 0x00, 0xff, 0xff, 0x00, 
  0xff, 0xff, 0x00, 0xff, 0xff, 0x00, 0xff, 0xff, 0x00, 0xff, 0xff, 0x00, 
  0xff, 0xff, 0x00, 0xff, 0xff, 0x00, 0xff, 0xff, 0x00, 0xff, 0xff, 0x00, 
  0xff, 0xff, 0x00, 0xff, 0xff, 0x00, 0xff, 0xff, 0x00, 0xff, 0xff, 0x00, 
  0xff, 0xff, 0x00, 0xff, 0xff, 0x00, 0xff, 0xff, 0x00, 0xff, 0xff, 0x00, 
  0xff, 0xff, 0x00, 0xff, 0xff, 0x00, 0xff, 0xff, 0x00, 0xff, 0xff, 0x00, 
  0xff, 0xff, 0x00, 0xff, 0xff, 0x00, 0xff, 0xff, 0x00, 0xff, 0xff, 0x00, 
  0xff, 0xff, 0x00, 0xff, 0xff, 0x00, 0xff, 0xff, 0x00, 0xff, 0xff, 0x00, 
  0xff, 0xff, 0x00, 0xff, 0xff, 0x00, 0xff, 0xff, 0x00, 0xff, 0xff, 0x00, 
  0xff, 0xff, 0x00, 0xff, 0xff, 0x00, 0xff, 0xff, 0x00, 0xff, 0xff, 0x00, 
  0xff, 0xff, 0x00, 0xff, 0xff, 0x00, 0xff, 0xff, 0x00, 0xff, 0xff, 0x00, 
  0xff, 0xff, 0x00, 0xff, 0xff, 0x00, 0xfd, 0xff, 0x00, 0x37, 0xff, 0x00, 
  0xca, 0xe5, 0xff, 0xe3, 0xdc, 0xff, 0x01, 0xed, 0xff, 0x01, 0xed, 0xff, 
  0x01, 0xf5, 0xff, 0x20, 0xed, 0xff, 0x00, 0xed, 0xff, 0x00, 0xed, 0xff, 
  0x00, 0xed, 0xff, 0x00, 0xed, 0xff, 0x00, 0xed, 0xff, 0x00, 0xed, 0xff, 
  0x00, 0xed, 0xff, 0x00, 0xed, 0xff, 0x00, 0xed, 0xff, 0x00, 0xed, 0xff, 
  0x00, 0xed, 0xff, 0x00, 0xed, 0xff, 0x00, 0xed, 0xff, 0x00, 0xed, 0xff, 
  0x00, 0xed, 0xff, 0x00, 0xed, 0xff, 0x00, 0xed, 0xff, 0x00, 0xed, 0xff, 
  0x00, 0xed, 0xff, 0x00, 0xed, 0xff, 0x00, 0xed, 0xff, 0x00, 0xed, 0xff, 
  0x00, 0xed, 0xff, 0x00, 0xed, 0xff, 0x00, 0xed, 0xff, 0x00, 0xed, 0xff, 
  0x00, 0xed, 0xff, 0x00, 0xed, 0xff, 0x00, 0xed, 0xff, 0x00, 0xed, 0xff, 
  0x00, 0xed, 0xff, 0x00, 0xed, 0xff, 0x00, 0xed, 0xff, 0x00, 0xed, 0xff, 
  0x00, 0xed, 0xff, 0x20, 0xed, 0xff, 0x00, 0xe5, 0xff, 0x00, 0xe5, 0xff, 
  0x00, 0xe5, 0xff, 0xe2, 0xdc, 0xff, 0x66, 0xe5, 0xff, 0x6f, 0xf6, 0x00, 
  0xd9, 0xff, 0x00, 0xfd, 0xff, 0x00, 0xfe, 0xff, 0x00, 0xff, 0xff, 0x00, 
  0xff, 0xff, 0x00, 0xff, 0xff, 0x00, 0xff, 0xff, 0x00, 0xff, 0xff, 0x00, 
  0xff, 0xff, 0x00, 0xff, 0xff, 0x00, 0xff, 0xff, 0x00, 0xff, 0xff, 0x00, 
  0xff, 0xff, 0x00, 0xff, 0xff, 0x00, 0xff, 0xff, 0x00, 0xff, 0xff, 0x00, 
  0xff, 0xff, 0x00, 0xff, 0xff, 0x00, 0xff, 0xff, 0x00, 0xff, 0xff, 0x00, 
  0xff, 0xff, 0x00, 0xff, 0xff, 0x00, 0xff, 0xff, 0x00, 0xff, 0xff, 0x00, 
  0xff, 0xff, 0x00, 0xff, 0xff, 0x00, 0xff, 0xff, 0x00, 0xff, 0xff, 0x00, 
  0xff, 0xff, 0x00, 0xff, 0xff, 0x00, 0xff, 0xff, 0x00, 0xff, 0xff, 0x00, 
  0xff, 0xff, 0x00, 0xff, 0xff, 0x00, 0xff, 0xff, 0x00, 0xff, 0xff, 0x00, 
  0xff, 0xff, 0x00, 0xff, 0xff, 0x00, 0xff, 0xff, 0x00, 0xff, 0xff, 0x00, 
  0xff, 0xff, 0x00, 0xff, 0xff, 0x00, 0xff, 0xff, 0x00, 0xff, 0xff, 0x00, 
  0xff, 0xff, 0x00, 0xff, 0xff, 0x00, 0xff, 0xff, 0x00, 0xff, 0xff, 0x00, 
  0xff, 0xff, 0x00, 0xff, 0xff, 0x00, 0xff, 0xff, 0x00, 0xff, 0xff, 0x00, 
  0xff, 0xff, 0x00, 0xff, 0xff, 0x00, 0xff, 0xff, 0x00, 0xff, 0xff, 0x00, 
  0xff, 0xff, 0x00, 0xff, 0xff, 0x00, 0xff, 0xff, 0x00, 0xff, 0xff, 0x00, 
  0xff, 0xff, 0x00, 0xff, 0xff, 0x00, 0xff, 0xff, 0x00, 0xff, 0xff, 0x00, 
  0xff, 0xff, 0x00, 0xff, 0xff, 0x00, 0xff, 0xff, 0x00, 0xff, 0xff, 0x00, 
  0xff, 0xff, 0x00, 0xfe, 0xff, 0x00, 0xfc, 0xff, 0x00, 0xb3, 0xf6, 0x00, 
  0xe4, 0xd4, 0xff, 0x01, 0xe5, 0xff, 0xe0, 0xec, 0xff, 0xe0, 0xec, 0xff, 
  0xe0, 0xec, 0xff, 0xe0, 0xe4, 0xff, 0x20, 0xed, 0xff, 0x00, 0xe5, 0xff, 
  0x00, 0xe5, 0xff, 0x00, 0xe5, 0xff, 0x00, 0xed, 0xff, 0x00, 0xe5, 0xff, 
  0x00, 0xed, 0xff, 0x00, 0xe5, 0xff, 0x00, 0xed, 0xff, 0x00, 0xe5, 0xff, 
  0x00, 0xed, 0xff, 0x00, 0xe5, 0xff, 0x00, 0xed, 0xff, 0x00, 0xe5, 0xff, 
  0x00, 0xed, 0xff, 0x00, 0xe5, 0xff, 0x00, 0xed, 0xff, 0x00, 0xe5, 0xff, 
  0x00, 0xed, 0xff, 0x00, 0xe5, 0xff, 0x00, 0xed, 0xff, 0x00, 0xe5, 0xff, 
  0x00, 0xed, 0xff, 0x00, 0xe5, 0xff, 0x00, 0xed, 0xff, 0x00, 0xe5, 0xff, 
  0x00, 0xed, 0xff, 0x00, 0xe5, 0xff, 0x00, 0xed, 0xff, 0x00, 0xe5, 0xff, 
  0x00, 0xed, 0xff, 0x00, 0xe5, 0xff, 0x00, 0xed, 0xff, 0x00, 0xed, 0xff, 
  0xe0, 0xec, 0xff, 0x00, 0xed, 0xff, 0x00, 0xe5, 0xff, 0x00, 0xe5, 0xff, 
  0x20, 0xed, 0xff, 0x00, 0xe5, 0xff, 0xe1, 0xdc, 0xff, 0x46, 0xdd, 0xff, 
  0x70, 0xee, 0x00, 0xb9, 0xff, 0x00, 0xfd, 0xff, 0x00, 0xff, 0xff, 0x00, 
  0xff, 0xff, 0x00, 0xff, 0xff, 0x00, 0xff, 0xff, 0x00, 0xff, 0xff, 0x00, 
  0xff, 0xff, 0x00, 0xff, 0xff, 0x00, 0xff, 0xff, 0x00, 0xff, 0xff, 0x00, 
  0xff, 0xff, 0x00, 0xff, 0xff, 0x00, 0xff, 0xff, 0x00, 0xff, 0xff, 0x00, 
  0xff, 0xff, 0x00, 0xff, 0xff, 0x00, 0xff, 0xff, 0x00, 0xff, 0xff, 0x00, 
  0xff, 0xff, 0x00, 0xff, 0xff, 0x00, 0xff, 0xff, 0x00, 0xff, 0xff, 0x00, 
  0xff, 0xff, 0x00, 0xff, 0xff, 0x00, 0xff, 0xff, 0x00, 0xff, 0xff, 0x00, 
  0xff, 0xff, 0x00, 0xff, 0xff, 0x00, 0xff, 0xff, 0x00, 0xff, 0xff, 0x00, 
  0xff, 0xff, 0x00, 0xff, 0xff, 0x00, 0xff, 0xff, 0x00, 0xff, 0xff, 0x00, 
  0xff, 0xff, 0x00, 0xff, 0xff, 0x00, 0xff, 0xff, 0x00, 0xff, 0xff, 0x00, 
  0xff, 0xff, 0x00, 0xff, 0xff, 0x00, 0xff, 0xff, 0x00, 0xff, 0xff, 0x00, 
  0xff, 0xff, 0x00, 0xff, 0xff, 0x00, 0xff, 0xff, 0x00, 0xff, 0xff, 0x00, 
  0xff, 0xff, 0x00, 0xff, 0xff, 0x00, 0xff, 0xff, 0x00, 0xff, 0xff, 0x00, 
  0xff, 0xff, 0x00, 0xff, 0xff, 0x00, 0xff, 0xff, 0x00, 0xff, 0xff, 0x00, 
  0xff, 0xff, 0x00, 0xff, 0xff, 0x00, 0xff, 0xff, 0x00, 0xff, 0xff, 0x00, 
  0xff, 0xff, 0x00, 0xff, 0xff, 0x00, 0xff, 0xff, 0x00, 0xff, 0xff, 0x00, 
  0xff, 0xff, 0x00, 0xff, 0xff, 0x00, 0xff, 0xff, 0x00, 0xff, 0xff, 0x00, 
  0xff, 0xff, 0x00, 0xfe, 0xff, 0x00, 0xfc, 0xff, 0x00, 0x91, 0xee, 0x00, 
  0xe3, 0xd4, 0xff, 0x20, 0xed, 0xff, 0x00, 0xed, 0xff, 0x00, 0xed, 0xff, 
  0x00, 0xed, 0xff, 0x00, 0xe5, 0xff, 0x20, 0xe5, 0xff, 0x00, 0xe5, 0xff, 
  0x00, 0xe5, 0xff, 0x00, 0xe5, 0xff, 0x00, 0xe5, 0xff, 0x00, 0xe5, 0xff, 
  0x00, 0xe5, 0xff, 0x00, 0xe5, 0xff, 0x00, 0xe5, 0xff, 0x00, 0xe5, 0xff, 
  0x00, 0xe5, 0xff, 0x00, 0xe5, 0xff, 0x00, 0xe5, 0xff, 0x00, 0xe5, 0xff, 
  0x00, 0xe5, 0xff, 0x00, 0xe5, 0xff, 0x00, 0xe5, 0xff, 0x00, 0xe5, 0xff, 
  0x00, 0xe5, 0xff, 0x00, 0xe5, 0xff, 0x00, 0xe5, 0xff, 0x00, 0xe5, 0xff, 
  0x00, 0xe5, 0xff, 0x00, 0xe5, 0xff, 0x00, 0xe5, 0xff, 0x00, 0xe5, 0xff, 
  0x00, 0xe5, 0xff, 0x00, 0xe5, 0xff, 0x00, 0xe5, 0xff, 0x00, 0xe5, 0xff, 
  0x00, 0xe5, 0xff, 0x00, 0xe5, 0xff, 0x00, 0xe5, 0xff, 0x00, 0xe5, 0xff, 
  0x00, 0xed, 0xff, 0x00, 0xed, 0xff, 0x00, 0xed, 0xff, 0x00, 0xed, 0xff, 
  0x00, 0xe5, 0xff, 0x00, 0xe5, 0xff, 0x00, 0xe5, 0xff, 0xe2, 0xdc, 0xff, 
  0x26, 0xdd, 0xff, 0x8f, 0xf6, 0x00, 0xb9, 0xff, 0x00, 0xfd, 0xff, 0x00, 
  0xff, 0xff, 0x00, 0xff, 0xff, 0x00, 0xff, 0xff, 0x00, 0xff, 0xff, 0x00, 
  0xff, 0xff, 0x00, 0xff, 0xff, 0x00, 0xff, 0xff, 0x00, 0xff, 0xff, 0x00, 
  0xff, 0xff, 0x00, 0xff, 0xff, 0x00, 0xff, 0xff, 0x00, 0xff, 0xff, 0x00, 
  0xff, 0xff, 0x00, 0xff, 0xff, 0x00, 0xff, 0xff, 0x00, 0xff, 0xff, 0x00, 
  0xff, 0xff, 0x00, 0xff, 0xff, 0x00, 0xff, 0xff, 0x00, 0xff, 0xff, 0x00, 
  0xff, 0xff, 0x00, 0xff, 0xff, 0x00, 0xff, 0xff, 0x00, 0xff, 0xff, 0x00, 
  0xff, 0xff, 0x00, 0xff, 0xff, 0x00, 0xff, 0xff, 0x00, 0xff, 0xff, 0x00, 
  0xff, 0xff, 0x00, 0xff, 0xff, 0x00, 0xff, 0xff, 0x00, 0xff, 0xff, 0x00, 
  0xff, 0xff, 0x00, 0xff, 0xff, 0x00, 0xff, 0xff, 0x00, 0xff, 0xff, 0x00, 
  0xff, 0xff, 0x00, 0xff, 0xff, 0x00, 0xff, 0xff, 0x00, 0xff, 0xff, 0x00, 
  0xff, 0xff, 0x00, 0xff, 0xff, 0x00, 0xff, 0xff, 0x00, 0xff, 0xff, 0x00, 
  0xff, 0xff, 0x00, 0xff, 0xff, 0x00, 0xff, 0xff, 0x00, 0xff, 0xff, 0x00, 
  0xff, 0xff, 0x00, 0xff, 0xff, 0x00, 0xff, 0xff, 0x00, 0xff, 0xff, 0x00, 
  0xff, 0xff, 0x00, 0xff, 0xff, 0x00, 0xff, 0xff, 0x00, 0xff, 0xff, 0x00, 
  0xff, 0xff, 0x00, 0xff, 0xff, 0x00, 0xff, 0xff, 0x00, 0xff, 0xff, 0x00, 
  0xff, 0xff, 0x00, 0xdf, 0xff, 0x00, 0xff, 0xff, 0x00, 0xff, 0xff, 0x00, 
  0xff, 0xff, 0x00, 0xfd, 0xff, 0x00, 0xfb, 0xff, 0x00, 0x91, 0xee, 0x00, 
  0xe3, 0xd4, 0xff, 0x00, 0xe5, 0xff, 0xe0, 0xe4, 0xff, 0x00, 0xe5, 0xff, 
  0x00, 0xe5, 0xff, 0x00, 0xe5, 0xff, 0xe0, 0xe4, 0xff, 0x00, 0xe5, 0xff, 
  0x00, 0xe5, 0xff, 0x00, 0xe5, 0xff, 0x00, 0xe5, 0xff, 0x00, 0xe5, 0xff, 
  0x00, 0xe5, 0xff, 0x00, 0xe5, 0xff, 0x00, 0xe5, 0xff, 0x00, 0xe5, 0xff, 
  0x00, 0xe5, 0xff, 0x00, 0xe5, 0xff, 0x00, 0xe5, 0xff, 0x00, 0xe5, 0xff, 
  0x00, 0xe5, 0xff, 0x00, 0xe5, 0xff, 0x00, 0xe5, 0xff, 0x00, 0xe5, 0xff, 
  0x00, 0xe5, 0xff, 0x00, 0xe5, 0xff, 0x00, 0xe5, 0xff, 0x00, 0xe5, 0xff, 
  0x00, 0xe5, 0xff, 0x00, 0xe5, 0xff, 0x00, 0xe5, 0xff, 0x00, 0xe5, 0xff, 
  0x00, 0xe5, 0xff, 0x00, 0xe5, 0xff, 0x00, 0xe5, 0xff, 0x00, 0xe5, 0xff, 
  0x00, 0xe5, 0xff, 0x00, 0xe5, 0xff, 0x00, 0xe5, 0xff, 0x00, 0xe5, 0xff, 
  0x00, 0xe5, 0xff, 0x00, 0xe5, 0xff, 0x00, 0xed, 0xff, 0xe0, 0xe4, 0xff, 
  0x00, 0xe5, 0xff, 0x00, 0xe5, 0xff, 0x00, 0xe5, 0xff, 0x01, 0xe5, 0xff, 
  0xe2, 0xdc, 0xff, 0x06, 0xd5, 0xff, 0x70, 0xee, 0x00, 0xd9, 0xff, 0x00, 
  0xfd, 0xff, 0x00, 0xfe, 0xff, 0x00, 0xff, 0xff, 0x00, 0xff, 0xff, 0x00, 
  0xff, 0xff, 0x00, 0xff, 0xff, 0x00, 0xff, 0xff, 0x00, 0xff, 0xff, 0x00, 
  0xff, 0xff, 0x00, 0xff, 0xff, 0x00, 0xff, 0xff, 0x00, 0xff, 0xff, 0x00, 
  0xff, 0xff, 0x00, 0xff, 0xff, 0x00, 0xff, 0xff, 0x00, 0xff, 0xff, 0x00, 
  0xff, 0xff, 0x00, 0xff, 0xff, 0x00, 0xff, 0xff, 0x00, 0xff, 0xff, 0x00, 
  0xff, 0xff, 0x00, 0xff, 0xff, 0x00, 0xff, 0xff, 0x00, 0xff, 0xff, 0x00, 
  0xff, 0xff, 0x00, 0xff, 0xff, 0x00, 0xff, 0xff, 0x00, 0xff, 0xff, 0x00, 
  0xff, 0xff, 0x00, 0xff, 0xff, 0x00, 0xff, 0xff, 0x00, 0xff, 0xff, 0x00, 
  0xff, 0xff, 0x00, 0xff, 0xff, 0x00, 0xff, 0xff, 0x00, 0xff, 0xff, 0x00, 
  0xff, 0xff, 0x00, 0xff, 0xff, 0x00, 0xff, 0xff, 0x00, 0xff, 0xff, 0x00, 
  0xff, 0xff, 0x00, 0xff, 0xff, 0x00, 0xff, 0xff, 0x00, 0xff, 0xff, 0x00, 
  0xff, 0xff, 0x00, 0xff, 0xff, 0x00, 0xff, 0xff, 0x00, 0xff, 0xff, 0x00, 
  0xff, 0xff, 0x00, 0xff, 0xff, 0x00, 0xff, 0xff, 0x00, 0xff, 0xff, 0x00, 
  0xff, 0xff, 0x00, 0xff, 0xff, 0x00, 0xff, 0xff, 0x00, 0xff, 0xff, 0x00, 
  0xff, 0xff, 0x00, 0xff, 0xff, 0x00, 0xff, 0xff, 0x00, 0xff, 0xff, 0x00, 
  0xff, 0xff, 0x00, 0xff, 0xff, 0x00, 0xff, 0xff, 0x00, 0xff, 0xff, 0x00, 
  0xff, 0xff, 0x00, 0xfd, 0xff, 0x00, 0xfc, 0xff, 0x00, 0x91, 0xee, 0x00, 
  0xc3, 0xcc, 0xff, 0x00, 0xe5, 0xff, 0x00, 0xe5, 0xff, 0x00, 0xe5, 0xff, 
  0xe0, 0xe4, 0xff, 0xe0, 0xe4, 0xff, 0xe0, 0xe4, 0xff, 0xe0, 0xe4, 0xff, 
  0xe0, 0xe4, 0xff, 0x00, 0xe5, 0xff, 0xe0, 0xe4, 0xff, 0x00, 0xe5, 0xff, 
  0xe0, 0xe4, 0xff, 0x00, 0xe5, 0xff, 0xe0, 0xe4, 0xff, 0x00, 0xe5, 0xff, 
  0xe0, 0xe4, 0xff, 0x00, 0xe5, 0xff, 0xe0, 0xe4, 0xff, 0x00, 0xe5, 0xff, 
  0xe0, 0xe4, 0xff, 0x00, 0xe5, 0xff, 0xe0, 0xe4, 0xff, 0x00, 0xe5, 0xff, 
  0xe0, 0xe4, 0xff, 0x00, 0xe5, 0xff, 0xe0, 0xe4, 0xff, 0x00, 0xe5, 0xff, 
  0xe0, 0xe4, 0xff, 0x00, 0xe5, 0xff, 0xe0, 0xe4, 0xff, 0x00, 0xe5, 0xff, 
  0xe0, 0xe4, 0xff, 0x00, 0xe5, 0xff, 0xe0, 0xe4, 0xff, 0x00, 0xe5, 0xff, 
  0xe0, 0xe4, 0xff, 0x00, 0xe5, 0xff, 0xe0, 0xe4, 0xff, 0x00, 0xe5, 0xff, 
  0x00, 0xe5, 0xff, 0x00, 0xe5, 0xff, 0x00, 0xe5, 0xff, 0x00, 0xe5, 0xff, 
  0x00, 0xe5, 0xff, 0x00, 0xe5, 0xff, 0x00, 0xe5, 0xff, 0x00, 0xe5, 0xff, 
  0x00, 0xe5, 0xff, 0xe1, 0xdc, 0xff, 0x25, 0xdd, 0xff, 0x4e, 0xf6, 0x00, 
  0xd9, 0xff, 0x00, 0xfd, 0xff, 0x00, 0xfe, 0xff, 0x00, 0xff, 0xff, 0x00, 
  0xff, 0xff, 0x00, 0xff, 0xff, 0x00, 0xff, 0xff, 0x00, 0xff, 0xff, 0x00, 
  0xff, 0xff, 0x00, 0xff, 0xff, 0x00, 0xff, 0xff, 0x00, 0xff, 0xff, 0x00, 
  0xff, 0xff, 0x00, 0xff, 0xff, 0x00, 0xff, 0xff, 0x00, 0xff, 0xff, 0x00, 
  0xff, 0xff, 0x00, 0xff, 0xff, 0x00, 0xff, 0xff, 0x00, 0xff, 0xff, 0x00, 
  0xff, 0xff, 0x00, 0xff, 0xff, 0x00, 0xff, 0xff, 0x00, 0xff, 0xff, 0x00, 
  0xff, 0xff, 0x00, 0xff, 0xff, 0x00, 0xff, 0xff, 0x00, 0xff, 0xff, 0x00, 
  0xff, 0xff, 0x00, 0xff, 0xff, 0x00, 0xff, 0xff, 0x00, 0xff, 0xff, 0x00, 
  0xff, 0xff, 0x00, 0xff, 0xff, 0x00, 0xff, 0xff, 0x00, 0xff, 0xff, 0x00, 
  0xff, 0xff, 0x00, 0xff, 0xff, 0x00, 0xff, 0xff, 0x00, 0xff, 0xff, 0x00, 
  0xff, 0xff, 0x00, 0xff, 0xff, 0x00, 0xff, 0xff, 0x00, 0xff, 0xff, 0x00, 
  0xff, 0xff, 0x00, 0xff, 0xff, 0x00, 0xff, 0xff, 0x00, 0xff, 0xff, 0x00, 
  0xff, 0xff, 0x00, 0xff, 0xff, 0x00, 0xff, 0xff, 0x00, 0xff, 0xff, 0x00, 
  0xff, 0xff, 0x00, 0xff, 0xff, 0x00, 0xff, 0xff, 0x00, 0xff, 0xff, 0x00, 
  0xff, 0xff, 0x00, 0xff, 0xff, 0x00, 0xff, 0xff, 0x00, 0xff, 0xff, 0x00, 
  0xff, 0xff, 0x00, 0xff, 0xff, 0x00, 0xff, 0xff, 0x00, 0xff, 0xff, 0x00, 
  0xff, 0xff, 0x00, 0xfe, 0xff, 0x00, 0xfb, 0xff, 0x00, 0x91, 0xee, 0x00, 
  0xa3, 0xcc, 0xff, 0x00, 0xe5, 0xff, 0xe0, 0xe4, 0xff, 0xe0, 0xe4, 0xff, 
  0xe0, 0xdc, 0xff, 0xe0, 0xe4, 0xff, 0xe0, 0xe4, 0xff, 0xe0, 0xe4, 0xff, 
  0xe0, 0xe4, 0xff, 0xe0, 0xe4, 0xff, 0xe0, 0xe4, 0xff, 0xe0, 0xe4, 0xff, 
  0xe0, 0xe4, 0xff, 0xe0, 0xe4, 0xff, 0xe0, 0xe4, 0xff, 0xe0, 0xe4, 0xff, 
  0xe0, 0xe4, 0xff, 0xe0, 0xe4, 0xff, 0xe0, 0xe4, 0xff, 0xe0, 0xe4, 0xff, 
  0xe0, 0xe4, 0xff, 0xe0, 0xe4, 0xff, 0xe0, 0xe4, 0xff, 0xe0, 0xe4, 0xff, 
  0xe0, 0xe4, 0xff, 0xe0, 0xe4, 0xff, 0xe0, 0xe4, 0xff, 0xe0, 0xe4, 0xff, 
  0xe0, 0xe4, 0xff, 0xe0, 0xe4, 0xff, 0xe0, 0xe4, 0xff, 0xe0, 0xe4, 0xff, 
  0xe0, 0xe4, 0xff, 0xe0, 0xe4, 0xff, 0xe0, 0xe4, 0xff, 0xe0, 0xe4, 0xff, 
  0xe0, 0xe4, 0xff, 0xe0, 0xe4, 0xff, 0xe0, 0xe4, 0xff, 0xe0, 0xe4, 0xff, 
  0xe0, 0xe4, 0xff, 0x00, 0xe5, 0xff, 0x00, 0xe5, 0xff, 0xe0, 0xe4, 0xff, 
  0xe0, 0xe4, 0xff, 0xe0, 0xe4, 0xff, 0x00, 0xe5, 0xff, 0x00, 0xe5, 0xff, 
  0x00, 0xdd, 0xff, 0x00, 0xe5, 0xff, 0xe1, 0xdc, 0xff, 0x26, 0xdd, 0xff, 
  0x70, 0xee, 0x00, 0xd8, 0xff, 0x00, 0xfc, 0xff, 0x00, 0xfd, 0xff, 0x00, 
  0xfe, 0xff, 0x00, 0xfe, 0xff, 0x00, 0xfe, 0xff, 0x00, 0xfe, 0xff, 0x00, 
  0xfe, 0xff, 0x00, 0xfe, 0xff, 0x00, 0xfe, 0xff, 0x00, 0xfe, 0xff, 0x00, 
  0xfe, 0xff, 0x00, 0xfe, 0xff, 0x00, 0xfe, 0xff, 0x00, 0xfe, 0xff, 0x00, 
  0xfe, 0xff, 0x00, 0xfe, 0xff, 0x00, 0xfe, 0xff, 0x00, 0xfe, 0xff, 0x00, 
  0xfe, 0xff, 0x00, 0xfe, 0xff, 0x00, 0xfe, 0xff, 0x00, 0xfe, 0xff, 0x00, 
  0xfe, 0xff, 0x00, 0xfe, 0xff, 0x00, 0xfe, 0xff, 0x00, 0xfe, 0xff, 0x00, 
  0xfe, 0xff, 0x00, 0xfe, 0xff, 0x00, 0xfe, 0xff, 0x00, 0xfe, 0xff, 0x00, 
  0xfe, 0xff, 0x00, 0xfe, 0xff, 0x00, 0xfe, 0xff, 0x00, 0xfe, 0xff, 0x00, 
  0xfd, 0xff, 0x00, 0xfd, 0xff, 0x00, 0xfe, 0xff, 0x00, 0xff, 0xff, 0x00, 
  0xfe, 0xff, 0x00, 0xfe, 0xff, 0x00, 0xfe, 0xff, 0x00, 0xfe, 0xff, 0x00, 
  0xde, 0xff, 0x00, 0xfe, 0xff, 0x00, 0xfe, 0xff, 0x00, 0xdd, 0xff, 0x00, 
  0xde, 0xff, 0x00, 0xfe, 0xff, 0x00, 0xff, 0xff, 0x00, 0xff, 0xff, 0x00, 
  0xff, 0xff, 0x00, 0xff, 0xff, 0x00, 0xff, 0xff, 0x00, 0xff, 0xff, 0x00, 
  0xff, 0xff, 0x00, 0xff, 0xff, 0x00, 0xff, 0xff, 0x00, 0xff, 0xff, 0x00, 
  0xff, 0xff, 0x00, 0xff, 0xff, 0x00, 0xff, 0xff, 0x00, 0xff, 0xff, 0x00, 
  0xff, 0xff, 0x00, 0xde, 0xff, 0x00, 0xfb, 0xff, 0x00, 0x90, 0xee, 0x00, 
  0xa2, 0xd4, 0xff, 0xe0, 0xe4, 0xff, 0xe0, 0xe4, 0xff, 0x00, 0xdd, 0xff, 
  0xe0, 0xdc, 0xff, 0xe0, 0xdc, 0xff, 0xe0, 0xdc, 0xff, 0xe0, 0xe4, 0xff, 
  0xe0, 0xe4, 0xff, 0xe0, 0xe4, 0xff, 0xe0, 0xe4, 0xff, 0xe0, 0xe4, 0xff, 
  0xe0, 0xe4, 0xff, 0xe0, 0xe4, 0xff, 0xe0, 0xe4, 0xff, 0xe0, 0xe4, 0xff, 
  0xe0, 0xe4, 0xff, 0xe0, 0xe4, 0xff, 0xe0, 0xe4, 0xff, 0xe0, 0xe4, 0xff, 
  0xe0, 0xe4, 0xff, 0xe0, 0xe4, 0xff, 0xe0, 0xe4, 0xff, 0xe0, 0xe4, 0xff, 
  0xe0, 0xe4, 0xff, 0xe0, 0xe4, 0xff, 0xe0, 0xe4, 0xff, 0xe0, 0xe4, 0xff, 
  0xe0, 0xe4, 0xff, 0xe0, 0xe4, 0xff, 0xe0, 0xe4, 0xff, 0xe0, 0xe4, 0xff, 
  0xe0, 0xe4, 0xff, 0xe0, 0xe4, 0xff, 0xe0, 0xe4, 0xff, 0xe0, 0xe4, 0xff, 
  0xe0, 0xe4, 0xff, 0xe0, 0xe4, 0xff, 0xe0, 0xe4, 0xff, 0xe0, 0xe4, 0xff, 
  0x00, 0xdd, 0xff, 0x00, 0xdd, 0xff, 0x00, 0xdd, 0xff, 0xe0, 0xdc, 0xff, 
  0xe0, 0xe4, 0xff, 0xe0, 0xe4, 0xff, 0xe0, 0xe4, 0xff, 0xe0, 0xe4, 0xff, 
  0xe0, 0xe4, 0xff, 0x00, 0xe5, 0xff, 0xc0, 0xdc, 0xff, 0xc2, 0xd4, 0xff, 
  0x26, 0xdd, 0xff, 0x2c, 0xee, 0x00, 0x55, 0xff, 0x00, 0xfa, 0xff, 0x00, 
  0xfb, 0xff, 0x00, 0xfc, 0xff, 0x00, 0xfc, 0xff, 0x00, 0xfc, 0xff, 0x00, 
  0xfc, 0xff, 0x00, 0xfc, 0xff, 0x00, 0xfc, 0xff, 0x00, 0xfc, 0xff, 0x00, 
  0xfc, 0xff, 0x00, 0xfc, 0xff, 0x00, 0xfc, 0xff, 0x00, 0xfc, 0xff, 0x00, 
  0xfc, 0xff, 0x00, 0xfc, 0xff, 0x00, 0xfc, 0xff, 0x00, 0xfc, 0xff, 0x00, 
  0xfc, 0xff, 0x00, 0xfc, 0xff, 0x00, 0xfc, 0xff, 0x00, 0xfc, 0xff, 0x00, 
  0xfc, 0xff, 0x00, 0xfc, 0xff, 0x00, 0xfc, 0xff, 0x00, 0xfc, 0xff, 0x00, 
  0xfc, 0xff, 0x00, 0xfc, 0xff, 0x00, 0xfc, 0xff, 0x00, 0xfc, 0xff, 0x00, 
  0xfc, 0xff, 0x00, 0xfc, 0xff, 0x00, 0xfc, 0xff, 0x00, 0xfc, 0xff, 0x00, 
  0xfb, 0xff, 0x00, 0xfb, 0xff, 0x00, 0xfc, 0xff, 0x00, 0xfc, 0xff, 0x00, 
  0xfc, 0xff, 0x00, 0xfc, 0xff, 0x00, 0xfc, 0xff, 0x00, 0xfc, 0xff, 0x00, 
  0xfc, 0xff, 0x00, 0xfb, 0xff, 0x00, 0xfb, 0xff, 0x00, 0xfb, 0xff, 0x00, 
  0xfc, 0xff, 0x00, 0xfd, 0xff, 0x00, 0xff, 0xff, 0x00, 0xff, 0xff, 0x00, 
  0xff, 0xff, 0x00, 0xff, 0xff, 0x00, 0xff, 0xff, 0x00, 0xff, 0xff, 0x00, 
  0xff, 0xff, 0x00, 0xff, 0xff, 0x00, 0xff, 0xff, 0x00, 0xff, 0xff, 0x00, 
  0xff, 0xff, 0x00, 0xff, 0xff, 0x00, 0xff, 0xff, 0x00, 0xff, 0xff, 0x00, 
  0xff, 0xff, 0x00, 0xde, 0xff, 0x00, 0xfb, 0xff, 0x00, 0x70, 0xee, 0x00, 
  0xa2, 0xcc, 0xff, 0xe0, 0xe4, 0xff, 0xe0, 0xe4, 0xff, 0xe0, 0xe4, 0xff, 
  0xe0, 0xdc, 0xff, 0xe0, 0xdc, 0xff, 0xe0, 0xdc, 0xff, 0xe0, 0xe4, 0xff, 
  0xe0, 0xe4, 0xff, 0xe0, 0xe4, 0xff, 0xe0, 0xe4, 0xff, 0xe0, 0xe4, 0xff, 
  0xe0, 0xe4, 0xff, 0xe0, 0xe4, 0xff, 0xe0, 0xe4, 0xff, 0xe0, 0xe4, 0xff, 
  0xe0, 0xe4, 0xff, 0xe0, 0xe4, 0xff, 0xe0, 0xe4, 0xff, 0xe0, 0xe4, 0xff, 
  0xe0, 0xe4, 0xff, 0xe0, 0xe4, 0xff, 0xe0, 0xe4, 0xff, 0xe0, 0xe4, 0xff, 
  0xe0, 0xe4, 0xff, 0xe0, 0xe4, 0xff, 0xe0, 0xe4, 0xff, 0xe0, 0xe4, 0xff, 
  0xe0, 0xe4, 0xff, 0xe0, 0xe4, 0xff, 0xe0, 0xe4, 0xff, 0xe0, 0xe4, 0xff, 
  0xe0, 0xe4, 0xff, 0xe0, 0xe4, 0xff, 0xe0, 0xe4, 0xff, 0xe0, 0xe4, 0xff, 
  0xe0, 0xe4, 0xff, 0xe0, 0xe4, 0xff, 0xe0, 0xe4, 0xff, 0xe0, 0xdc, 0xff, 
  0xe0, 0xdc, 0xff, 0xe0, 0xdc, 0xff, 0xe0, 0xdc, 0xff, 0xe0, 0xdc, 0xff, 
  0xc0, 0xe4, 0xff, 0xc0, 0xe4, 0xff, 0xe0, 0xe4, 0xff, 0xe0, 0xe4, 0xff, 
  0xe0, 0xdc, 0xff, 0xe0, 0xe4, 0xff, 0x00, 0xe5, 0xff, 0xe0, 0xdc, 0xff, 
  0xc1, 0xdc, 0xff, 0x04, 0xdd, 0xff, 0x8a, 0xdd, 0xff, 0x2f, 0xee, 0x00, 
  0x71, 0xee, 0x00, 0x71, 0xee, 0x00, 0x71, 0xee, 0x00, 0x71, 0xee, 0x00, 
  0x71, 0xee, 0x00, 0x71, 0xee, 0x00, 0x71, 0xee, 0x00, 0x71, 0xee, 0x00, 
  0x71, 0xee, 0x00, 0x71, 0xee, 0x00, 0x71, 0xee, 0x00, 0x71, 0xee, 0x00, 
  0x71, 0xee, 0x00, 0x71, 0xee, 0x00, 0x71, 0xee, 0x00, 0x71, 0xee, 0x00, 
  0x71, 0xee, 0x00, 0x71, 0xee, 0x00, 0x71, 0xee, 0x00, 0x71, 0xee, 0x00, 
  0x71, 0xee, 0x00, 0x71, 0xee, 0x00, 0x71, 0xee, 0x00, 0x71, 0xee, 0x00, 
  0x71, 0xee, 0x00, 0x71, 0xee, 0x00, 0x71, 0xee, 0x00, 0x71, 0xee, 0x00, 
  0x71, 0xee, 0x00, 0x71, 0xee, 0x00, 0x71, 0xee, 0x00, 0x71, 0xee, 0x00, 
  0x71, 0xee, 0x00, 0x71, 0xee, 0x00, 0x71, 0xee, 0x00, 0x71, 0xee, 0x00, 
  0x71, 0xee, 0x00, 0x71, 0xee, 0x00, 0x71, 0xee, 0x00, 0x71, 0xee, 0x00, 
  0x51, 0xee, 0x00, 0x71, 0xee, 0x00, 0x90, 0xee, 0x00, 0x90, 0xe6, 0x00, 
  0xb2, 0xe6, 0x00, 0x36, 0xf7, 0x00, 0xdc, 0xff, 0x00, 0xfe, 0xff, 0x00, 
  0xff, 0xff, 0x00, 0xff, 0xff, 0x00, 0xff, 0xff, 0x00, 0xff, 0xff, 0x00, 
  0xff, 0xff, 0x00, 0xff, 0xff, 0x00, 0xff, 0xff, 0x00, 0xff, 0xff, 0x00, 
  0xff, 0xff, 0x00, 0xff, 0xff, 0x00, 0xff, 0xff, 0x00, 0xff, 0xff, 0x00, 
  0xff, 0xff, 0x00, 0xde, 0xff, 0x00, 0xfc, 0xff, 0x00, 0x71, 0xee, 0x00, 
  0x83, 0xcc, 0xff, 0xe0, 0xe4, 0xff, 0xc0, 0xe4, 0xff, 0xc0, 0xe4, 0xff, 
  0xc0, 0xe4, 0xff, 0xc0, 0xe4, 0xff, 0xc0, 0xe4, 0xff, 0xc0, 0xe4, 0xff, 
  0xc0, 0xe4, 0xff, 0xe0, 0xe4, 0xff, 0xe0, 0xe4, 0xff, 0xe0, 0xe4, 0xff, 
  0xe0, 0xe4, 0xff, 0xe0, 0xe4, 0xff, 0xe0, 0xe4, 0xff, 0xe0, 0xe4, 0xff, 
  0xe0, 0xe4, 0xff, 0xe0, 0xe4, 0xff, 0xe0, 0xe4, 0xff, 0xe0, 0xe4, 0xff, 
  0xe0, 0xe4, 0xff, 0xe0, 0xe4, 0xff, 0xe0, 0xe4, 0xff, 0xe0, 0xe4, 0xff, 
  0xe0, 0xe4, 0xff, 0xe0, 0xe4, 0xff, 0xe0, 0xe4, 0xff, 0xe0, 0xe4, 0xff, 
  0xe0, 0xe4, 0xff, 0xe0, 0xe4, 0xff, 0xe0, 0xe4, 0xff, 0xe0, 0xe4, 0xff, 
  0xe0, 0xe4, 0xff, 0xe0, 0xe4, 0xff, 0xe0, 0xe4, 0xff, 0xe0, 0xe4, 0xff, 
  0xe0, 0xe4, 0xff, 0xe0, 0xe4, 0xff, 0xe0, 0xe4, 0xff, 0xe0, 0xe4, 0xff, 
  0xe0, 0xe4, 0xff, 0xc0, 0xe4, 0xff, 0xc0, 0xe4, 0xff, 0xc0, 0xe4, 0xff, 
  0xc0, 0xe4, 0xff, 0xc0, 0xe4, 0xff, 0xc0, 0xe4, 0xff, 0xe0, 0xe4, 0xff, 
  0xe0, 0xe4, 0xff, 0xe0, 0xdc, 0xff, 0xe0, 0xdc, 0xff, 0xe0, 0xdc, 0xff, 
  0xc0, 0xdc, 0xff, 0xc2, 0xdc, 0xff, 0xa3, 0xdc, 0xff, 0x83, 0xd4, 0xff, 
  0x83, 0xcc, 0xff, 0xa3, 0xcc, 0xff, 0xa3, 0xcc, 0xff, 0xa3, 0xcc, 0xff, 
  0xa3, 0xcc, 0xff, 0xa3, 0xcc, 0xff, 0xa3, 0xcc, 0xff, 0xa3, 0xcc, 0xff, 
  0xa3, 0xcc, 0xff, 0xa3, 0xcc, 0xff, 0xa3, 0xcc, 0xff, 0xa3, 0xcc, 0xff, 
  0xa3, 0xcc, 0xff, 0xa3, 0xcc, 0xff, 0xa3, 0xcc, 0xff, 0xa3, 0xcc, 0xff, 
  0xa3, 0xcc, 0xff, 0xa3, 0xcc, 0xff, 0xa3, 0xcc, 0xff, 0xa3, 0xcc, 0xff, 
  0xa3, 0xcc, 0xff, 0xa3, 0xcc, 0xff, 0xa3, 0xcc, 0xff, 0xa3, 0xcc, 0xff, 
  0xa3, 0xcc, 0xff, 0xa3, 0xcc, 0xff, 0xa3, 0xcc, 0xff, 0xa3, 0xcc, 0xff, 
  0xa3, 0xcc, 0xff, 0xa3, 0xcc, 0xff, 0xa3, 0xcc, 0xff, 0xa3, 0xcc, 0xff, 
  0x83, 0xcc, 0xff, 0x83, 0xd4, 0xff, 0x83, 0xcc, 0xff, 0x83, 0xcc, 0xff, 
  0x83, 0xcc, 0xff, 0x83, 0xcc, 0xff, 0x83, 0xcc, 0xff, 0x83, 0xcc, 0xff, 
  0x83, 0xcc, 0xff, 0xa3, 0xcc, 0xff, 0xa2, 0xcc, 0xff, 0xc2, 0xc4, 0xff, 
  0xe4, 0xc4, 0xff, 0x89, 0xdd, 0xff, 0x91, 0xfe, 0x00, 0xb9, 0xff, 0x00, 
  0xfd, 0xff, 0x00, 0xff, 0xff, 0x00, 0xff, 0xff, 0x00, 0xff, 0xff, 0x00, 
  0xff, 0xff, 0x00, 0xff, 0xff, 0x00, 0xff, 0xff, 0x00, 0xff, 0xff, 0x00, 
  0xff, 0xff, 0x00, 0xff, 0xff, 0x00, 0xff, 0xff, 0x00, 0xff, 0xff, 0x00, 
  0xff, 0xff, 0x00, 0xde, 0xff, 0x00, 0xfc, 0xff, 0x00, 0x71, 0xee, 0x00, 
  0x83, 0xcc, 0xff, 0xe1, 0xe4, 0xff, 0xc0, 0xe4, 0xff, 0xc0, 0xe4, 0xff, 
  0xc0, 0xe4, 0xff, 0xc0, 0xe4, 0xff, 0xc0, 0xe4, 0xff, 0xc0, 0xe4, 0xff, 
  0xc0, 0xe4, 0xff, 0xc0, 0xe4, 0xff, 0xc0, 0xe4, 0xff, 0xc0, 0xe4, 0xff, 
  0xc0, 0xe4, 0xff, 0xc0, 0xe4, 0xff, 0xc0, 0xe4, 0xff, 0xc0, 0xe4, 0xff, 
  0xc0, 0xe4, 0xff, 0xc0, 0xe4, 0xff, 0xc0, 0xe4, 0xff, 0xc0, 0xe4, 0xff, 
  0xc0, 0xe4, 0xff, 0xc0, 0xe4, 0xff, 0xc0, 0xe4, 0xff, 0xc0, 0xe4, 0xff, 
  0xc0, 0xe4, 0xff, 0xc0, 0xe4, 0xff, 0xc0, 0xe4, 0xff, 0xc0, 0xe4, 0xff, 
  0xc0, 0xe4, 0xff, 0xc0, 0xe4, 0xff, 0xc0, 0xe4, 0xff, 0xc0, 0xe4, 0xff, 
  0xc0, 0xe4, 0xff, 0xc0, 0xe4, 0xff, 0xc0, 0xe4, 0xff, 0xc0, 0xe4, 0xff, 
  0xc0, 0xe4, 0xff, 0xc0, 0xe4, 0xff, 0xc0, 0xe4, 0xff, 0xc0, 0xe4, 0xff, 
  0xc0, 0xe4, 0xff, 0xc0, 0xe4, 0xff, 0xc0, 0xe4, 0xff, 0xc0, 0xe4, 0xff, 
  0xc0, 0xe4, 0xff, 0xc0, 0xe4, 0xff, 0xc0, 0xe4, 0xff, 0xc0, 0xe4, 0xff, 
  0xe0, 0xe4, 0xff, 0xc0, 0xdc, 0xff, 0xe0, 0xdc, 0xff, 0xe0, 0xdc, 0xff, 
  0xc0, 0xdc, 0xff, 0xc0, 0xdc, 0xff, 0xc1, 0xe4, 0xff, 0xc0, 0xe4, 0xff, 
  0xc0, 0xe4, 0xff, 0xe0, 0xdc, 0xff, 0xc0, 0xe4, 0xff, 0xe0, 0xdc, 0xff, 
  0xc0, 0xe4, 0xff, 0xe0, 0xdc, 0xff, 0xe0, 0xe4, 0xff, 0xe0, 0xe4, 0xff, 
  0xe0, 0xe4, 0xff, 0xe0, 0xe4, 0xff, 0xe0, 0xe4, 0xff, 0xe0, 0xe4, 0xff, 
  0xe0, 0xe4, 0xff, 0xe0, 0xe4, 0xff, 0xe0, 0xe4, 0xff, 0xe0, 0xe4, 0xff, 
  0xe0, 0xe4, 0xff, 0xe0, 0xe4, 0xff, 0xe0, 0xe4, 0xff, 0xe0, 0xe4, 0xff, 
  0xe0, 0xe4, 0xff, 0xe0, 0xe4, 0xff, 0xe0, 0xe4, 0xff, 0xe0, 0xe4, 0xff, 
  0xe0, 0xe4, 0xff, 0xe0, 0xe4, 0xff, 0xe0, 0xe4, 0xff, 0xe0, 0xe4, 0xff, 
  0xe0, 0xe4, 0xff, 0xe0, 0xe4, 0xff, 0xe0, 0xe4, 0xff, 0xe0, 0xe4, 0xff, 
  0xc0, 0xe4, 0xff, 0xc0, 0xe4, 0xff, 0xc1, 0xe4, 0xff, 0xe0, 0xe4, 0xff, 
  0xe0, 0xe4, 0xff, 0xe0, 0xe4, 0xff, 0xe1, 0xe4, 0xff, 0xe1, 0xe4, 0xff, 
  0xe1, 0xe4, 0xff, 0xc0, 0xdc, 0xff, 0xe0, 0xdc, 0xff, 0x00, 0xdd, 0xff, 
  0xe1, 0xd4, 0xff, 0xc2, 0xcc, 0xff, 0xe6, 0xd4, 0xff, 0xb2, 0xfe, 0x00, 
  0xbb, 0xff, 0x00, 0xfe, 0xff, 0x00, 0xfe, 0xff, 0x00, 0xff, 0xff, 0x00, 
  0xff, 0xff, 0x00, 0xff, 0xff, 0x00, 0xff, 0xff, 0x00, 0xff, 0xff, 0x00, 
  0xff, 0xff, 0x00, 0xff, 0xff, 0x00, 0xff, 0xff, 0x00, 0xff, 0xff, 0x00, 
  0xff, 0xff, 0x00, 0xfe, 0xff, 0x00, 0xfc, 0xff, 0x00, 0x71, 0xee, 0x00, 
  0xa3, 0xc4, 0xff, 0xc0, 0xdc, 0xff, 0xc0, 0xe4, 0xff, 0xc0, 0xe4, 0xff, 
  0xc0, 0xdc, 0xff, 0xc0, 0xdc, 0xff, 0xc0, 0xdc, 0xff, 0xc0, 0xdc, 0xff, 
  0xc0, 0xdc, 0xff, 0xc0, 0xdc, 0xff, 0xc0, 0xdc, 0xff, 0xc0, 0xdc, 0xff, 
  0xc0, 0xdc, 0xff, 0xc0, 0xdc, 0xff, 0xc0, 0xdc, 0xff, 0xc0, 0xdc, 0xff, 
  0xc0, 0xdc, 0xff, 0xc0, 0xdc, 0xff, 0xc0, 0xdc, 0xff, 0xc0, 0xdc, 0xff, 
  0xc0, 0xdc, 0xff, 0xc0, 0xdc, 0xff, 0xc0, 0xdc, 0xff, 0xc0, 0xdc, 0xff, 
  0xc0, 0xdc, 0xff, 0xc0, 0xdc, 0xff, 0xc0, 0xdc, 0xff, 0xc0, 0xdc, 0xff, 
  0xc0, 0xdc, 0xff, 0xc0, 0xdc, 0xff, 0xc0, 0xdc, 0xff, 0xc0, 0xdc, 0xff, 
  0xc0, 0xdc, 0xff, 0xc0, 0xdc, 0xff, 0xc0, 0xdc, 0xff, 0xc0, 0xdc, 0xff, 
  0xc0, 0xdc, 0xff, 0xc0, 0xdc, 0xff, 0xc0, 0xdc, 0xff, 0xc0, 0xdc, 0xff, 
  0xc0, 0xdc, 0xff, 0xc0, 0xdc, 0xff, 0xc0, 0xdc, 0xff, 0xc0, 0xdc, 0xff, 
  0xc0, 0xdc, 0xff, 0xc0, 0xdc, 0xff, 0xc0, 0xdc, 0xff, 0xc0, 0xe4, 0xff, 
  0xa0, 0xdc, 0xff, 0xc0, 0xe4, 0xff, 0xc0, 0xe4, 0xff, 0xc0, 0xdc, 0xff, 
  0xc0, 0xdc, 0xff, 0xe0, 0xdc, 0xff, 0xe0, 0xdc, 0xff, 0xc0, 0xdc, 0xff, 
  0xc0, 0xdc, 0xff, 0xc0, 0xdc, 0xff, 0xc0, 0xe4, 0xff, 0xc0, 0xdc, 0xff, 
  0xc0, 0xe4, 0xff, 0xc0, 0xdc, 0xff, 0xc0, 0xdc, 0xff, 0xc0, 0xdc, 0xff, 
  0xc0, 0xe4, 0xff, 0xc0, 0xdc, 0xff, 0xc0, 0xe4, 0xff, 0xc0, 0xdc, 0xff, 
  0xc0, 0xe4, 0xff, 0xc0, 0xdc, 0xff, 0xc0, 0xe4, 0xff, 0xc0, 0xdc, 0xff, 
  0xc0, 0xe4, 0xff, 0xc0, 0xdc, 0xff, 0xc0, 0xe4, 0xff, 0xc0, 0xdc, 0xff, 
  0xc0, 0xe4, 0xff, 0xc0, 0xdc, 0xff, 0xc0, 0xe4, 0xff, 0xc0, 0xdc, 0xff, 
  0xc0, 0xe4, 0xff, 0xc0, 0xdc, 0xff, 0xc0, 0xe4, 0xff, 0xc0, 0xdc, 0xff, 
  0xc0, 0xe4, 0xff, 0xc0, 0xdc, 0xff, 0xc0, 0xe4, 0xff, 0xc0, 0xe4, 0xff, 
  0xc0, 0xe4, 0xff, 0xc0, 0xdc, 0xff, 0xc0, 0xdc, 0xff, 0xc0, 0xdc, 0xff, 
  0xc0, 0xdc, 0xff, 0xe0, 0xdc, 0xff, 0xc0, 0xdc, 0xff, 0xc0, 0xdc, 0xff, 
  0xc0, 0xdc, 0xff, 0xa0, 0xdc, 0xff, 0xc0, 0xe4, 0xff, 0xa0, 0xdc, 0xff, 
  0xe0, 0xdc, 0xff, 0xc1, 0xdc, 0xff, 0xa2, 0xd4, 0xff, 0x8a, 0xdd, 0x00, 
  0x37, 0xf7, 0x00, 0xfe, 0xff, 0x00, 0xfe, 0xff, 0x00, 0xff, 0xff, 0x00, 
  0xff, 0xff, 0x00, 0xff, 0xff, 0x00, 0xff, 0xff, 0x00, 0xff, 0xff, 0x00, 
  0xff, 0xff, 0x00, 0xff, 0xff, 0x00, 0xff, 0xff, 0x00, 0xff, 0xff, 0x00, 
  0xff, 0xff, 0x00, 0xfe, 0xff, 0x00, 0xfc, 0xff, 0x00, 0x71, 0xee, 0x00, 
  0x83, 0xc4, 0xff, 0xc0, 0xdc, 0xff, 0xc0, 0xdc, 0xff, 0xc0, 0xdc, 0xff, 
  0xc0, 0xdc, 0xff, 0xc0, 0xdc, 0xff, 0xc0, 0xdc, 0xff, 0xc0, 0xdc, 0xff, 
  0xc0, 0xdc, 0xff, 0xc0, 0xdc, 0xff, 0xc0, 0xdc, 0xff, 0xc0, 0xdc, 0xff, 
  0xc0, 0xdc, 0xff, 0xc0, 0xdc, 0xff, 0xc0, 0xdc, 0xff, 0xc0, 0xdc, 0xff, 
  0xc0, 0xdc, 0xff, 0xc0, 0xdc, 0xff, 0xc0, 0xdc, 0xff, 0xc0, 0xdc, 0xff, 
  0xc0, 0xdc, 0xff, 0xc0, 0xdc, 0xff, 0xc0, 0xdc, 0xff, 0xc0, 0xdc, 0xff, 
  0xc0, 0xdc, 0xff, 0xc0, 0xdc, 0xff, 0xc0, 0xdc, 0xff, 0xc0, 0xdc, 0xff, 
  0xc0, 0xdc, 0xff, 0xc0, 0xdc, 0xff, 0xc0, 0xdc, 0xff, 0xc0, 0xdc, 0xff, 
  0xc0, 0xdc, 0xff, 0xc0, 0xdc, 0xff, 0xc0, 0xdc, 0xff, 0xc0, 0xdc, 0xff, 
  0xc0, 0xdc, 0xff, 0xc0, 0xdc, 0xff, 0xc0, 0xdc, 0xff, 0xc0, 0xdc, 0xff, 
  0xc0, 0xdc, 0xff, 0xc0, 0xdc, 0xff, 0xe0, 0xdc, 0xff, 0xe0, 0xdc, 0xff, 
  0xc0, 0xdc, 0xff, 0xc0, 0xdc, 0xff, 0xc0, 0xdc, 0xff, 0xc0, 0xdc, 0xff, 
  0xc0, 0xe4, 0xff, 0xa0, 0xdc, 0xff, 0xa0, 0xdc, 0xff, 0xc0, 0xdc, 0xff, 
  0xe0, 0xdc, 0xff, 0xc0, 0xd4, 0xff, 0xc0, 0xdc, 0xff, 0xe0, 0xdc, 0xff, 
  0xc0, 0xdc, 0xff, 0xc0, 0xdc, 0xff, 0xc0, 0xdc, 0xff, 0xc0, 0xdc, 0xff, 
  0xc0, 0xdc, 0xff, 0xc0, 0xdc, 0xff, 0xc0, 0xdc, 0xff, 0xc0, 0xdc, 0xff, 
  0xc0, 0xdc, 0xff, 0xc0, 0xdc, 0xff, 0xc0, 0xdc, 0xff, 0xc0, 0xdc, 0xff, 
  0xc0, 0xdc, 0xff, 0xc0, 0xdc, 0xff, 0xc0, 0xdc, 0xff, 0xc0, 0xdc, 0xff, 
  0xc0, 0xdc, 0xff, 0xc0, 0xdc, 0xff, 0xc0, 0xdc, 0xff, 0xc0, 0xdc, 0xff, 
  0xc0, 0xdc, 0xff, 0xc0, 0xdc, 0xff, 0xc0, 0xdc, 0xff, 0xc0, 0xdc, 0xff, 
  0xc0, 0xdc, 0xff, 0xc0, 0xdc, 0xff, 0xc0, 0xdc, 0xff, 0xc0, 0xdc, 0xff, 
  0xc0, 0xdc, 0xff, 0xc0, 0xdc, 0xff, 0xc0, 0xdc, 0xff, 0xc0, 0xdc, 0xff, 
  0xc0, 0xdc, 0xff, 0xc0, 0xdc, 0xff, 0xc0, 0xdc, 0xff, 0xc0, 0xdc, 0xff, 
  0xe0, 0xdc, 0xff, 0xe0, 0xdc, 0xff, 0xc0, 0xdc, 0xff, 0xc0, 0xdc, 0xff, 
  0xc0, 0xdc, 0xff, 0xa0, 0xdc, 0xff, 0xa0, 0xdc, 0xff, 0xa0, 0xdc, 0xff, 
  0xc0, 0xdc, 0xff, 0xc0, 0xdc, 0xff, 0xe1, 0xdc, 0xff, 0xc5, 0xcc, 0xff, 
  0x94, 0xee, 0x00, 0xfd, 0xff, 0x00, 0xfe, 0xff, 0x00, 0xff, 0xff, 0x00, 
  0xff, 0xff, 0x00, 0xff, 0xff, 0x00, 0xff, 0xff, 0x00, 0xff, 0xff, 0x00, 
  0xff, 0xff, 0x00, 0xff, 0xff, 0x00, 0xff, 0xff, 0x00, 0xff, 0xff, 0x00, 
  0xff, 0xff, 0x00, 0xfe, 0xff, 0x00, 0xfb, 0xff, 0x00, 0x71, 0xee, 0x00, 
  0x83, 0xc4, 0xff, 0xc0, 0xdc, 0xff, 0xa0, 0xdc, 0xff, 0xc0, 0xdc, 0xff, 
  0xa0, 0xdc, 0xff, 0xc0, 0xdc, 0xff, 0xc0, 0xdc, 0xff, 0xc0, 0xdc, 0xff, 
  0xc0, 0xdc, 0xff, 0xc0, 0xdc, 0xff, 0xa0, 0xdc, 0xff, 0xc0, 0xdc, 0xff, 
  0xe0, 0xdc, 0xff, 0xe0, 0xdc, 0xff, 0xa0, 0xdc, 0xff, 0xa0, 0xdc, 0xff, 
  0xa0, 0xdc, 0xff, 0xa0, 0xdc, 0xff, 0xa0, 0xdc, 0xff, 0xa0, 0xdc, 0xff, 
  0xa0, 0xdc, 0xff, 0xc0, 0xdc, 0xff, 0xc0, 0xdc, 0xff, 0xc0, 0xdc, 0xff, 
  0xc0, 0xdc, 0xff, 0xc0, 0xdc, 0xff, 0xc0, 0xdc, 0xff, 0xc0, 0xdc, 0xff, 
  0xc0, 0xdc, 0xff, 0xc0, 0xdc, 0xff, 0xc0, 0xdc, 0xff, 0xc0, 0xdc, 0xff, 
  0xc0, 0xdc, 0xff, 0xc0, 0xdc, 0xff, 0xc0, 0xdc, 0xff, 0xc0, 0xdc, 0xff, 
  0xc0, 0xdc, 0xff, 0xc0, 0xdc, 0xff, 0xc0, 0xdc, 0xff, 0xc0, 0xdc, 0xff, 
  0xc0, 0xdc, 0xff, 0xc0, 0xdc, 0xff, 0xc0, 0xdc, 0xff, 0xc0, 0xdc, 0xff, 
  0xc0, 0xdc, 0xff, 0xc0, 0xdc, 0xff, 0xc0, 0xdc, 0xff, 0xc0, 0xdc, 0xff, 
  0xc0, 0xdc, 0xff, 0xc0, 0xdc, 0xff, 0xc0, 0xdc, 0xff, 0xc0, 0xdc, 0xff, 
  0xc0, 0xdc, 0xff, 0xc0, 0xdc, 0xff, 0xc0, 0xdc, 0xff, 0xc0, 0xdc, 0xff, 
  0xc0, 0xdc, 0xff, 0xc0, 0xdc, 0xff, 0xc0, 0xdc, 0xff, 0xc0, 0xdc, 0xff, 
  0xc0, 0xdc, 0xff, 0xc0, 0xdc, 0xff, 0xc0, 0xdc, 0xff, 0xc0, 0xdc, 0xff, 
  0xc0, 0xdc, 0xff, 0xc0, 0xdc, 0xff, 0xc0, 0xdc, 0xff, 0xc0, 0xdc, 0xff, 
  0xc0, 0xdc, 0xff, 0xa0, 0xdc, 0xff, 0xa0, 0xdc, 0xff, 0xa0, 0xdc, 0xff, 
  0xc0, 0xdc, 0xff, 0xc0, 0xdc, 0xff, 0xc0, 0xdc, 0xff, 0xc0, 0xdc, 0xff, 
  0xc0, 0xdc, 0xff, 0xc0, 0xdc, 0xff, 0xc0, 0xdc, 0xff, 0xc0, 0xdc, 0xff, 
  0xa0, 0xdc, 0xff, 0xc0, 0xdc, 0xff, 0xc0, 0xdc, 0xff, 0xc0, 0xdc, 0xff, 
  0xc0, 0xdc, 0xff, 0xc0, 0xdc, 0xff, 0xc0, 0xdc, 0xff, 0xc0, 0xdc, 0xff, 
  0xc0, 0xdc, 0xff, 0xc0, 0xdc, 0xff, 0xc0, 0xdc, 0xff, 0xc0, 0xdc, 0xff, 
  0xc0, 0xd4, 0xff, 0xc0, 0xd4, 0xff, 0xc0, 0xdc, 0xff, 0xc0, 0xdc, 0xff, 
  0xc0, 0xdc, 0xff, 0xa0, 0xdc, 0xff, 0xa0, 0xdc, 0xff, 0xc0, 0xdc, 0xff, 
  0xc0, 0xdc, 0xff, 0xc0, 0xd4, 0xff, 0xc1, 0xdc, 0xff, 0x83, 0xc4, 0xff, 
  0x51, 0xee, 0x00, 0xfc, 0xff, 0x00, 0xfe, 0xff, 0x00, 0xff, 0xff, 0x00, 
  0xff, 0xff, 0x00, 0xff, 0xff, 0x00, 0xff, 0xff, 0x00, 0xff, 0xff, 0x00, 
  0xff, 0xff, 0x00, 0xff, 0xff, 0x00, 0xff, 0xff, 0x00, 0xff, 0xff, 0x00, 
  0xff, 0xff, 0x00, 0xfe, 0xff, 0x00, 0xfb, 0xff, 0x00, 0x71, 0xe6, 0x00, 
  0x63, 0xcc, 0xff, 0xc0, 0xdc, 0xff, 0xa0, 0xdc, 0xff, 0xc0, 0xdc, 0xff, 
  0xa0, 0xdc, 0xff, 0xc0, 0xdc, 0xff, 0xc0, 0xdc, 0xff, 0xc0, 0xdc, 0xff, 
  0xc0, 0xdc, 0xff, 0xa0, 0xdc, 0xff, 0xc0, 0xdc, 0xff, 0xc0, 0xdc, 0xff, 
  0xe0, 0xdc, 0xff, 0xc0, 0xdc, 0xff, 0xa0, 0xdc, 0xff, 0xc0, 0xdc, 0xff, 
  0xa0, 0xdc, 0xff, 0xa0, 0xdc, 0xff, 0xa0, 0xdc, 0xff, 0xa0, 0xdc, 0xff, 
  0xc0, 0xdc, 0xff, 0xc0, 0xdc, 0xff, 0xc0, 0xdc, 0xff, 0xc0, 0xdc, 0xff, 
  0xc0, 0xdc, 0xff, 0xc0, 0xdc, 0xff, 0xc0, 0xdc, 0xff, 0xc0, 0xdc, 0xff, 
  0xc0, 0xdc, 0xff, 0xc0, 0xdc, 0xff, 0xc0, 0xdc, 0xff, 0xc0, 0xdc, 0xff, 
  0xc0, 0xdc, 0xff, 0xc0, 0xdc, 0xff, 0xc0, 0xdc, 0xff, 0xc0, 0xdc, 0xff, 
  0xc0, 0xdc, 0xff, 0xc0, 0xdc, 0xff, 0xc0, 0xdc, 0xff, 0xc0, 0xdc, 0xff, 
  0xc0, 0xdc, 0xff, 0xc0, 0xdc, 0xff, 0xc0, 0xdc, 0xff, 0xc0, 0xdc, 0xff, 
  0xc0, 0xdc, 0xff, 0xc0, 0xdc, 0xff, 0xc0, 0xdc, 0xff, 0xc0, 0xdc, 0xff, 
  0xc0, 0xdc, 0xff, 0xc0, 0xdc, 0xff, 0xc0, 0xdc, 0xff, 0xc0, 0xdc, 0xff, 
  0xc0, 0xdc, 0xff, 0xc0, 0xdc, 0xff, 0xc0, 0xdc, 0xff, 0xc0, 0xdc, 0xff, 
  0xc0, 0xdc, 0xff, 0xc0, 0xdc, 0xff, 0xc0, 0xdc, 0xff, 0xc0, 0xdc, 0xff, 
  0xc0, 0xdc, 0xff, 0xc0, 0xdc, 0xff, 0xc0, 0xdc, 0xff, 0xc0, 0xdc, 0xff, 
  0xc0, 0xdc, 0xff, 0xc0, 0xdc, 0xff, 0xc0, 0xdc, 0xff, 0xa0, 0xdc, 0xff, 
  0xa0, 0xdc, 0xff, 0xa0, 0xdc, 0xff, 0xa0, 0xdc, 0xff, 0xc0, 0xdc, 0xff, 
  0xc0, 0xdc, 0xff, 0xc0, 0xdc, 0xff, 0xc0, 0xdc, 0xff, 0xc0, 0xdc, 0xff, 
  0xc0, 0xdc, 0xff, 0xc0, 0xdc, 0xff, 0xc0, 0xdc, 0xff, 0xc0, 0xdc, 0xff, 
  0xc0, 0xdc, 0xff, 0xc0, 0xdc, 0xff, 0xc0, 0xdc, 0xff, 0xc0, 0xdc, 0xff, 
  0xc0, 0xdc, 0xff, 0xc0, 0xdc, 0xff, 0xc0, 0xdc, 0xff, 0xc0, 0xdc, 0xff, 
  0xc0, 0xdc, 0xff, 0xa0, 0xdc, 0xff, 0xa0, 0xdc, 0xff, 0xc0, 0xdc, 0xff, 
  0xc0, 0xdc, 0xff, 0xc0, 0xdc, 0xff, 0xc0, 0xdc, 0xff, 0xa0, 0xdc, 0xff, 
  0xa0, 0xdc, 0xff, 0xa0, 0xdc, 0xff, 0xa0, 0xdc, 0xff, 0xa0, 0xdc, 0xff, 
  0xc0, 0xdc, 0xff, 0xc0, 0xd4, 0xff, 0xc0, 0xdc, 0xff, 0x83, 0xc4, 0xff, 
  0x51, 0xee, 0x00, 0xfc, 0xff, 0x00, 0xde, 0xff, 0x00, 0xff, 0xff, 0x00, 
  0xff, 0xff, 0x00, 0xff, 0xff, 0x00, 0xff, 0xff, 0x00, 0xff, 0xff, 0x00, 
  0xff, 0xff, 0x00, 0xff, 0xff, 0x00, 0xff, 0xff, 0x00, 0xff, 0xff, 0x00, 
  0xff, 0xff, 0x00, 0xfe, 0xff, 0x00, 0xfb, 0xff, 0x00, 0x71, 0xe6, 0x00, 
  0x63, 0xc4, 0xff, 0xc0, 0xdc, 0xff, 0xa0, 0xdc, 0xff, 0xa0, 0xdc, 0xff, 
  0xa0, 0xdc, 0xff, 0xa0, 0xdc, 0xff, 0xc0, 0xdc, 0xff, 0xc0, 0xdc, 0xff, 
  0xa0, 0xdc, 0xff, 0xa0, 0xdc, 0xff, 0xa0, 0xdc, 0xff, 0xa0, 0xdc, 0xff, 
  0xc0, 0xdc, 0xff, 0xa0, 0xd4, 0xff, 0xc0, 0xdc, 0xff, 0xc0, 0xdc, 0xff, 
  0xa0, 0xdc, 0xff, 0xa0, 0xdc, 0xff, 0xc0, 0xdc, 0xff, 0xc0, 0xdc, 0xff, 
  0xc0, 0xdc, 0xff, 0xc0, 0xdc, 0xff, 0xa0, 0xdc, 0xff, 0xa0, 0xdc, 0xff, 
  0xa0, 0xdc, 0xff, 0xa0, 0xdc, 0xff, 0xa0, 0xdc, 0xff, 0xa0, 0xdc, 0xff, 
  0xa0, 0xdc, 0xff, 0xa0, 0xdc, 0xff, 0xa0, 0xdc, 0xff, 0xa0, 0xdc, 0xff, 
  0xa0, 0xdc, 0xff, 0xa0, 0xdc, 0xff, 0xa0, 0xdc, 0xff, 0xa0, 0xdc, 0xff, 
  0xa0, 0xdc, 0xff, 0xa0, 0xdc, 0xff, 0xa0, 0xdc, 0xff, 0xa0, 0xdc, 0xff, 
  0xa0, 0xdc, 0xff, 0xa0, 0xdc, 0xff, 0xa0, 0xdc, 0xff, 0xa0, 0xdc, 0xff, 
  0xa0, 0xdc, 0xff, 0xa0, 0xdc, 0xff, 0xa0, 0xdc, 0xff, 0xa0, 0xdc, 0xff, 
  0xa0, 0xdc, 0xff, 0xa0, 0xdc, 0xff, 0xa0, 0xdc, 0xff, 0xa0, 0xdc, 0xff, 
  0xa0, 0xdc, 0xff, 0xa0, 0xdc, 0xff, 0xa0, 0xdc, 0xff, 0xa0, 0xdc, 0xff, 
  0xa0, 0xdc, 0xff, 0xa0, 0xdc, 0xff, 0xa0, 0xdc, 0xff, 0xa0, 0xdc, 0xff, 
  0xa0, 0xdc, 0xff, 0xa0, 0xdc, 0xff, 0xc0, 0xdc, 0xff, 0xc0, 0xdc, 0xff, 
  0xc0, 0xdc, 0xff, 0xc0, 0xdc, 0xff, 0xa0, 0xdc, 0xff, 0xa0, 0xdc, 0xff, 
  0xa0, 0xdc, 0xff, 0xa0, 0xdc, 0xff, 0xa0, 0xdc, 0xff, 0xa0, 0xdc, 0xff, 
  0xc0, 0xdc, 0xff, 0xc0, 0xdc, 0xff, 0xc0, 0xdc, 0xff, 0xc0, 0xdc, 0xff, 
  0xc0, 0xdc, 0xff, 0xc0, 0xdc, 0xff, 0xa0, 0xdc, 0xff, 0xc0, 0xdc, 0xff, 
  0xa0, 0xdc, 0xff, 0xc0, 0xdc, 0xff, 0xa0, 0xdc, 0xff, 0xc0, 0xd4, 0xff, 
  0xa0, 0xdc, 0xff, 0xc0, 0xdc, 0xff, 0xa0, 0xdc, 0xff, 0xc0, 0xdc, 0xff, 
  0xc0, 0xdc, 0xff, 0xa0, 0xdc, 0xff, 0xa0, 0xdc, 0xff, 0xa0, 0xdc, 0xff, 
  0xc0, 0xdc, 0xff, 0xc0, 0xdc, 0xff, 0xa0, 0xdc, 0xff, 0xa0, 0xdc, 0xff, 
  0xa0, 0xdc, 0xff, 0xa0, 0xdc, 0xff, 0xa0, 0xdc, 0xff, 0xa0, 0xdc, 0xff, 
  0xc0, 0xdc, 0xff, 0xc0, 0xdc, 0xff, 0xc0, 0xdc, 0xff, 0x63, 0xcc, 0xff, 
  0x51, 0xee, 0x00, 0xfc, 0xff, 0x00, 0xde, 0xff, 0x00, 0xff, 0xff, 0x00, 
  0xff, 0xff, 0x00, 0xff, 0xff, 0x00, 0xff, 0xff, 0x00, 0xff, 0xff, 0x00, 
  0xff, 0xff, 0x00, 0xff, 0xff, 0x00, 0xff, 0xff, 0x00, 0xff, 0xff, 0x00, 
  0xff, 0xff, 0x00, 0xfe, 0xff, 0x00, 0xfb, 0xff, 0x00, 0x71, 0xe6, 0x00, 
  0x63, 0xc4, 0xff, 0xa1, 0xdc, 0xff, 0xa0, 0xdc, 0xff, 0xa0, 0xdc, 0xff, 
  0xa0, 0xdc, 0xff, 0xa0, 0xdc, 0xff, 0xa0, 0xdc, 0xff, 0xa0, 0xdc, 0xff, 
  0xa0, 0xdc, 0xff, 0xa0, 0xdc, 0xff, 0xa0, 0xdc, 0xff, 0xa0, 0xdc, 0xff, 
  0xa0, 0xdc, 0xff, 0xc0, 0xd4, 0xff, 0xc0, 0xdc, 0xff, 0xa0, 0xd4, 0xff, 
  0xc1, 0xd4, 0xff, 0xc1, 0xd4, 0xff, 0xe0, 0xd4, 0xff, 0xc0, 0xd4, 0xff, 
  0xc0, 0xd4, 0xff, 0xc1, 0xd4, 0xff, 0xa1, 0xdc, 0xff, 0xa2, 0xdc, 0xff, 
  0xa1, 0xdc, 0xff, 0xc1, 0xd4, 0xff, 0xa1, 0xd4, 0xff, 0xc1, 0xd4, 0xff, 
  0xa1, 0xd4, 0xff, 0xc1, 0xd4, 0xff, 0xa1, 0xd4, 0xff, 0xc1, 0xd4, 0xff, 
  0xa1, 0xd4, 0xff, 0xc1, 0xd4, 0xff, 0xa1, 0xd4, 0xff, 0xc1, 0xd4, 0xff, 
  0xa1, 0xd4, 0xff, 0xc1, 0xd4, 0xff, 0xa1, 0xd4, 0xff, 0xc1, 0xd4, 0xff, 
  0xa1, 0xd4, 0xff, 0xc1, 0xd4, 0xff, 0xa1, 0xd4, 0xff, 0xc1, 0xd4, 0xff, 
  0xa1, 0xd4, 0xff, 0xc1, 0xd4, 0xff, 0xa1, 0xd4, 0xff, 0xc1, 0xd4, 0xff, 
  0xa1, 0xd4, 0xff, 0xc1, 0xd4, 0xff, 0xa1, 0xd4, 0xff, 0xc1, 0xd4, 0xff, 
  0xa1, 0xd4, 0xff, 0xc1, 0xd4, 0xff, 0xa1, 0xd4, 0xff, 0xa1, 0xd4, 0xff, 
  0xa1, 0xd4, 0xff, 0xc1, 0xd4, 0xff, 0xc1, 0xd4, 0xff, 0xc1, 0xd4, 0xff, 
  0xc1, 0xd4, 0xff, 0xc1, 0xd4, 0xff, 0xc1, 0xd4, 0xff, 0xc1, 0xd4, 0xff, 
  0xc1, 0xd4, 0xff, 0xc1, 0xd4, 0xff, 0xc1, 0xd4, 0xff, 0xc1, 0xd4, 0xff, 
  0xc1, 0xd4, 0xff, 0xc1, 0xd4, 0xff, 0xc1, 0xd4, 0xff, 0xc1, 0xd4, 0xff, 
  0xc1, 0xd4, 0xff, 0xc1, 0xd4, 0xff, 0xc1, 0xd4, 0xff, 0xc1, 0xd4, 0xff, 
  0xc1, 0xd4, 0xff, 0xc1, 0xd4, 0xff, 0xc1, 0xd4, 0xff, 0xc1, 0xd4, 0xff, 
  0xc1, 0xd4, 0xff, 0xc1, 0xd4, 0xff, 0xc1, 0xd4, 0xff, 0xc1, 0xd4, 0xff, 
  0xc1, 0xd4, 0xff, 0xc1, 0xd4, 0xff, 0xc1, 0xd4, 0xff, 0xc1, 0xd4, 0xff, 
  0xa1, 0xd4, 0xff, 0xa0, 0xdc, 0xff, 0xa0, 0xdc, 0xff, 0xa0, 0xdc, 0xff, 
  0xa0, 0xdc, 0xff, 0xa0, 0xdc, 0xff, 0xa0, 0xdc, 0xff, 0xa0, 0xdc, 0xff, 
  0xa0, 0xdc, 0xff, 0xa0, 0xdc, 0xff, 0xa0, 0xdc, 0xff, 0xa0, 0xdc, 0xff, 
  0xc0, 0xdc, 0xff, 0xa0, 0xdc, 0xff, 0xa0, 0xdc, 0xff, 0x63, 0xcc, 0xff, 
  0x51, 0xee, 0x00, 0xfc, 0xff, 0x00, 0xde, 0xff, 0x00, 0xff, 0xff, 0x00, 
  0xff, 0xff, 0x00, 0xff, 0xff, 0x00, 0xff, 0xff, 0x00, 0xff, 0xff, 0x00, 
  0xff, 0xff, 0x00, 0xff, 0xff, 0x00, 0xff, 0xff, 0x00, 0xff, 0xff, 0x00, 
  0xff, 0xff, 0x00, 0xfe, 0xff, 0x00, 0xfb, 0xff, 0x00, 0x51, 0xe6, 0x00, 
  0x63, 0xc4, 0xff, 0xa0, 0xdc, 0xff, 0xa0, 0xdc, 0xff, 0xa0, 0xd4, 0xff, 
  0xa0, 0xd4, 0xff, 0xa0, 0xdc, 0xff, 0xa0, 0xd4, 0xff, 0xa0, 0xd4, 0xff, 
  0xa0, 0xd4, 0xff, 0xa0, 0xd4, 0xff, 0x80, 0xd4, 0xff, 0xa0, 0xdc, 0xff, 
  0xa0, 0xd4, 0xff, 0xc0, 0xd4, 0xff, 0xa0, 0xd4, 0xff, 0xa1, 0xcc, 0xff, 
  0x62, 0xc4, 0xff, 0x62, 0xc4, 0xff, 0x82, 0xc4, 0xff, 0x81, 0xc4, 0xff, 
  0x62, 0xc4, 0xff, 0x62, 0xcc, 0xff, 0x43, 0xcc, 0xff, 0x43, 0xcc, 0xff, 
  0x63, 0xcc, 0xff, 0x62, 0xc4, 0xff, 0x63, 0xc4, 0xff, 0x62, 0xc4, 0xff, 
  0x63, 0xc4, 0xff, 0x62, 0xc4, 0xff, 0x63, 0xc4, 0xff, 0x62, 0xc4, 0xff, 
  0x63, 0xc4, 0xff, 0x62, 0xc4, 0xff, 0x63, 0xc4, 0xff, 0x62, 0xc4, 0xff, 
  0x63, 0xc4, 0xff, 0x62, 0xc4, 0xff, 0x63, 0xc4, 0xff, 0x62, 0xc4, 0xff, 
  0x63, 0xc4, 0xff, 0x62, 0xc4, 0xff, 0x63, 0xc4, 0xff, 0x62, 0xc4, 0xff, 
  0x63, 0xc4, 0xff, 0x62, 0xc4, 0xff, 0x63, 0xc4, 0xff, 0x62, 0xc4, 0xff, 
  0x63, 0xc4, 0xff, 0x62, 0xc4, 0xff, 0x63, 0xc4, 0xff, 0x62, 0xc4, 0xff, 
  0x63, 0xc4, 0xff, 0x62, 0xc4, 0xff, 0x63, 0xc4, 0xff, 0x63, 0xc4, 0xff, 
  0x63, 0xc4, 0xff, 0x63, 0xc4, 0xff, 0x63, 0xc4, 0xff, 0x63, 0xc4, 0xff, 
  0x63, 0xc4, 0xff, 0x63, 0xc4, 0xff, 0x63, 0xc4, 0xff, 0x63, 0xc4, 0xff, 
  0x63, 0xc4, 0xff, 0x63, 0xc4, 0xff, 0x63, 0xc4, 0xff, 0x63, 0xc4, 0xff, 
  0x62, 0xc4, 0xff, 0x62, 0xc4, 0xff, 0x62, 0xc4, 0xff, 0x62, 0xc4, 0xff, 
  0x63, 0xc4, 0xff, 0x63, 0xc4, 0xff, 0x63, 0xc4, 0xff, 0x63, 0xc4, 0xff, 
  0x63, 0xc4, 0xff, 0x63, 0xc4, 0xff, 0x63, 0xc4, 0xff, 0x63, 0xc4, 0xff, 
  0x63, 0xcc, 0xff, 0x63, 0xcc, 0xff, 0x63, 0xcc, 0xff, 0x63, 0xcc, 0xff, 
  0x63, 0xcc, 0xff, 0x63, 0xcc, 0xff, 0x63, 0xcc, 0xff, 0x62, 0xc4, 0xff, 
  0xa2, 0xcc, 0xff, 0xa0, 0xd4, 0xff, 0xa0, 0xdc, 0xff, 0xa0, 0xdc, 0xff, 
  0xa0, 0xdc, 0xff, 0x80, 0xdc, 0xff, 0xa0, 0xdc, 0xff, 0xa0, 0xd4, 0xff, 
  0xa0, 0xd4, 0xff, 0xa0, 0xd4, 0xff, 0xa0, 0xdc, 0xff, 0x80, 0xdc, 0xff, 
  0xa0, 0xdc, 0xff, 0xa0, 0xdc, 0xff, 0xa0, 0xdc, 0xff, 0x43, 0xcc, 0xff, 
  0x51, 0xee, 0x00, 0xfc, 0xff, 0x00, 0xde, 0xff, 0x00, 0xff, 0xff, 0x00, 
  0xff, 0xff, 0x00, 0xff, 0xff, 0x00, 0xff, 0xff, 0x00, 0xff, 0xff, 0x00, 
  0xff, 0xff, 0x00, 0xff, 0xff, 0x00, 0xff, 0xff, 0x00, 0xff, 0xff, 0x00, 
  0xff, 0xff, 0x00, 0xfe, 0xff, 0x00, 0xfc, 0xff, 0x00, 0x51, 0xe6, 0x00, 
  0x43, 0xc4, 0xff, 0xa0, 0xdc, 0xff, 0x80, 0xd4, 0xff, 0xa0, 0xd4, 0xff, 
  0x80, 0xd4, 0xff, 0xa0, 0xd4, 0xff, 0xa0, 0xd4, 0xff, 0xa0, 0xd4, 0xff, 
  0xa0, 0xd4, 0xff, 0xa0, 0xdc, 0xff, 0x80, 0xd4, 0xff, 0xa0, 0xdc, 0xff, 
  0xa0, 0xd4, 0xff, 0xa0, 0xd4, 0xff, 0xc3, 0xcc, 0xff, 0x27, 0xd5, 0xff, 
  0x0d, 0xee, 0xff, 0x0e, 0xee, 0xff, 0x2d, 0xee, 0xff, 0x2d, 0xee, 0xff, 
  0x0d, 0xee, 0xff, 0x0e, 0xee, 0xff, 0x0e, 0xee, 0xff, 0x0e, 0xee, 0xff, 
  0x0e, 0xee, 0xff, 0x0e, 0xee, 0xff, 0x0e, 0xee, 0xff, 0x0e, 0xee, 0xff, 
  0x0e, 0xee, 0xff, 0x0e, 0xee, 0xff, 0x0e, 0xee, 0xff, 0x0e, 0xee, 0xff, 
  0x0e, 0xee, 0xff, 0x0e, 0xee, 0xff, 0x0e, 0xee, 0xff, 0x0e, 0xee, 0xff, 
  0x0e, 0xee, 0xff, 0x0e, 0xee, 0xff, 0x0e, 0xee, 0xff, 0x0e, 0xee, 0xff, 
  0x0e, 0xee, 0xff, 0x0e, 0xee, 0xff, 0x0e, 0xee, 0xff, 0x0e, 0xee, 0xff, 
  0x0e, 0xee, 0xff, 0x0e, 0xee, 0xff, 0x0e, 0xee, 0xff, 0x0e, 0xee, 0xff, 
  0x0e, 0xee, 0xff, 0x0e, 0xee, 0xff, 0x0e, 0xee, 0xff, 0x0e, 0xee, 0xff, 
  0x0e, 0xee, 0xff, 0x0e, 0xee, 0xff, 0x0e, 0xee, 0xff, 0x0e, 0xee, 0xff, 
  0x0e, 0xee, 0xff, 0x0e, 0xee, 0xff, 0x0e, 0xee, 0xff, 0x0e, 0xee, 0xff, 
  0x0e, 0xee, 0xff, 0x0e, 0xee, 0xff, 0x0e, 0xee, 0xff, 0x0e, 0xee, 0xff, 
  0x0e, 0xee, 0xff, 0x0e, 0xee, 0xff, 0x0e, 0xee, 0xff, 0x0e, 0xee, 0xff, 
  0x0e, 0xee, 0xff, 0x0e, 0xee, 0xff, 0x0e, 0xee, 0xff, 0x0e, 0xee, 0xff, 
  0x0e, 0xee, 0xff, 0x0e, 0xee, 0xff, 0x0e, 0xee, 0xff, 0x0e, 0xee, 0xff, 
  0x0e, 0xee, 0xff, 0x0e, 0xee, 0xff, 0x0e, 0xee, 0xff, 0x0e, 0xee, 0xff, 
  0x0e, 0xee, 0xff, 0x0e, 0xee, 0xff, 0x0e, 0xee, 0xff, 0x0e, 0xee, 0xff, 
  0x0e, 0xee, 0xff, 0x0e, 0xee, 0xff, 0x0e, 0xee, 0xff, 0xed, 0xed, 0xff, 
  0x27, 0xd5, 0xff, 0xc3, 0xcc, 0xff, 0x80, 0xd4, 0xff, 0x80, 0xdc, 0xff, 
  0x80, 0xdc, 0xff, 0x80, 0xdc, 0xff, 0xa0, 0xd4, 0xff, 0xa0, 0xd4, 0xff, 
  0xa0, 0xd4, 0xff, 0xa0, 0xd4, 0xff, 0xa0, 0xd4, 0xff, 0x80, 0xd4, 0xff, 
  0x80, 0xd4, 0xff, 0x80, 0xd4, 0xff, 0x81, 0xdc, 0xff, 0x43, 0xc4, 0xff, 
  0x51, 0xee, 0x00, 0xfc, 0xff, 0x00, 0xde, 0xff, 0x00, 0xff, 0xff, 0x00, 
  0xff, 0xff, 0x00, 0xff, 0xff, 0x00, 0xff, 0xff, 0x00, 0xff, 0xff, 0x00, 
  0xff, 0xff, 0x00, 0xff, 0xff, 0x00, 0xff, 0xff, 0x00, 0xff, 0xff, 0x00, 
  0xff, 0xff, 0x00, 0xfe, 0xff, 0x00, 0xfc, 0xff, 0x00, 0x51, 0xe6, 0x00, 
  0x42, 0xc4, 0xff, 0x80, 0xd4, 0xff, 0x80, 0xd4, 0xff, 0x80, 0xd4, 0xff, 
  0x80, 0xd4, 0xff, 0x80, 0xd4, 0xff, 0x80, 0xd4, 0xff, 0x80, 0xd4, 0xff, 
  0x80, 0xd4, 0xff, 0x80, 0xdc, 0xff, 0x80, 0xd4, 0xff, 0xa0, 0xd4, 0xff, 
  0x80, 0xd4, 0xff, 0x82, 0xcc, 0xff, 0x48, 0xd5, 0xff, 0x91, 0xee, 0xff, 
  0xba, 0xff, 0xff, 0xdc, 0xff, 0xff, 0xfb, 0xff, 0xff, 0xfb, 0xff, 0xff, 
  0xfb, 0xff, 0xff, 0xfc, 0xff, 0xff, 0xdc, 0xff, 0xff, 0xdc, 0xff, 0xff, 
  0xdc, 0xff, 0xff, 0xfb, 0xff, 0xff, 0xfb, 0xff, 0xff, 0xfb, 0xff, 0xff, 
  0xfb, 0xff, 0xff, 0xfb, 0xff, 0xff, 0xfb, 0xff, 0xff, 0xfb, 0xff, 0xff, 
  0xfb, 0xff, 0xff, 0xfb, 0xff, 0xff, 0xfb, 0xff, 0xff, 0xfb, 0xff, 0xff, 
  0xfb, 0xff, 0xff, 0xfb, 0xff, 0xff, 0xfb, 0xff, 0xff, 0xfb, 0xff, 0xff, 
  0xfb, 0xff, 0xff, 0xfb, 0xff, 0xff, 0xfb, 0xff, 0xff, 0xfb, 0xff, 0xff, 
  0xfb, 0xff, 0xff, 0xfb, 0xff, 0xff, 0xfb, 0xff, 0xff, 0xfb, 0xff, 0xff, 
  0xfb, 0xff, 0xff, 0xfb, 0xff, 0xff, 0xfb, 0xff, 0xff, 0xfb, 0xff, 0xff, 
  0xfb, 0xff, 0xff, 0xfb, 0xff, 0xff, 0xfb, 0xff, 0xff, 0xdb, 0xff, 0xff, 
  0xdb, 0xff, 0xff, 0xdb, 0xff, 0xff, 0xdc, 0xff, 0xff, 0xdc, 0xff, 0xff, 
  0xdc, 0xff, 0xff, 0xdc, 0xff, 0xff, 0xdc, 0xff, 0xff, 0xdc, 0xff, 0xff, 
  0xdc, 0xff, 0xff, 0xdc, 0xff, 0xff, 0xdc, 0xff, 0xff, 0xdc, 0xff, 0xff, 
  0xdc, 0xff, 0xff, 0xdb, 0xff, 0xff, 0xdb, 0xff, 0xff, 0xdb, 0xff, 0xff, 
  0xdc, 0xff, 0xff, 0xdc, 0xff, 0xff, 0xdc, 0xff, 0xff, 0xdc, 0xff, 0xff, 
  0xdc, 0xff, 0xff, 0xdc, 0xff, 0xff, 0xdc, 0xff, 0xff, 0xdc, 0xff, 0xff, 
  0xdc, 0xff, 0xff, 0xdc, 0xff, 0xff, 0xdc, 0xff, 0xff, 0xdc, 0xff, 0xff, 
  0xdc, 0xff, 0xff, 0xdc, 0xff, 0xff, 0xdb, 0xff, 0xff, 0xda, 0xff, 0xff, 
  0x91, 0xee, 0xff, 0x28, 0xd5, 0xff, 0x62, 0xcc, 0xff, 0x80, 0xd4, 0xff, 
  0x80, 0xdc, 0xff, 0x80, 0xd4, 0xff, 0xa0, 0xd4, 0xff, 0xa0, 0xd4, 0xff, 
  0xa0, 0xcc, 0xff, 0xa0, 0xd4, 0xff, 0xa0, 0xd4, 0xff, 0x80, 0xd4, 0xff, 
  0xa0, 0xd4, 0xff, 0x80, 0xd4, 0xff, 0x80, 0xdc, 0xff, 0x43, 0xc4, 0xff, 
  0x51, 0xee, 0x00, 0xfc, 0xff, 0x00, 0xde, 0xff, 0x00, 0xff, 0xff, 0x00, 
  0xff, 0xff, 0x00, 0xff, 0xff, 0x00, 0xff, 0xff, 0x00, 0xff, 0xff, 0x00, 
  0xff, 0xff, 0x00, 0xff, 0xff, 0x00, 0xff, 0xff, 0x00, 0xff, 0xff, 0x00, 
  0xff, 0xff, 0x00, 0xfe, 0xff, 0x00, 0xfc, 0xff, 0x00, 0x51, 0xe6, 0x00, 
  0x42, 0xc4, 0xff, 0x80, 0xd4, 0xff, 0x80, 0xd4, 0xff, 0x80, 0xd4, 0xff, 
  0x80, 0xd4, 0xff, 0x80, 0xd4, 0xff, 0x80, 0xd4, 0xff, 0x80, 0xd4, 0xff, 
  0x80, 0xd4, 0xff, 0x80, 0xd4, 0xff, 0x80, 0xd4, 0xff, 0x80, 0xd4, 0xff, 
  0x80, 0xd4, 0xff, 0x63, 0xc4, 0xff, 0xce, 0xdd, 0xff, 0xba, 0xff, 0xff, 
  0x7c, 0xff, 0xff, 0x9e, 0xf7, 0xff, 0x9e, 0xef, 0xff, 0xbe, 0xef, 0xff, 
  0x9e, 0xef, 0xff, 0x9e, 0xef, 0xff, 0x9e, 0xef, 0xff, 0x9e, 0xef, 0xff, 
  0x9e, 0xef, 0xff, 0x9e, 0xef, 0xff, 0x9e, 0xf7, 0xff, 0x9e, 0xef, 0xff, 
  0x9e, 0xf7, 0xff, 0x9e, 0xef, 0xff, 0x9e, 0xf7, 0xff, 0x9e, 0xef, 0xff, 
  0x9e, 0xf7, 0xff, 0x9e, 0xef, 0xff, 0x9e, 0xf7, 0xff, 0x9e, 0xef, 0xff, 
  0x9e, 0xf7, 0xff, 0x9e, 0xef, 0xff, 0x9e, 0xf7, 0xff, 0x9e, 0xef, 0xff, 
  0x9e, 0xf7, 0xff, 0x9e, 0xef, 0xff, 0x9e, 0xf7, 0xff, 0x9e, 0xef, 0xff, 
  0x9e, 0xf7, 0xff, 0x9e, 0xef, 0xff, 0x9e, 0xf7, 0xff, 0x9e, 0xef, 0xff, 
  0x9e, 0xf7, 0xff, 0x9e, 0xef, 0xff, 0x9e, 0xf7, 0xff, 0x9e, 0xef, 0xff, 
  0x9e, 0xf7, 0xff, 0x9e, 0xef, 0xff, 0x9e, 0xf7, 0xff, 0x9e, 0xf7, 0xff, 
  0x9d, 0xf7, 0xff, 0x9d, 0xf7, 0xff, 0x9d, 0xf7, 0xff, 0x9e, 0xf7, 0xff, 
  0x9e, 0xf7, 0xff, 0x9e, 0xf7, 0xff, 0x9e, 0xf7, 0xff, 0x9e, 0xf7, 0xff, 
  0x9e, 0xf7, 0xff, 0x9e, 0xf7, 0xff, 0x9e, 0xf7, 0xff, 0x9e, 0xf7, 0xff, 
  0x9e, 0xf7, 0xff, 0x9e, 0xf7, 0xff, 0x9d, 0xf7, 0xff, 0x9d, 0xf7, 0xff, 
  0x9e, 0xf7, 0xff, 0x9e, 0xef, 0xff, 0x9e, 0xf7, 0xff, 0x9e, 0xf7, 0xff, 
  0x9e, 0xf7, 0xff, 0x9e, 0xf7, 0xff, 0x9e, 0xf7, 0xff, 0x9e, 0xf7, 0xff, 
  0x9e, 0xf7, 0xff, 0x9e, 0xf7, 0xff, 0x9e, 0xf7, 0xff, 0x9e, 0xf7, 0xff, 
  0x9e, 0xf7, 0xff, 0x9e, 0xf7, 0xff, 0x9e, 0xf7, 0xff, 0x9c, 0xf7, 0xff, 
  0xd9, 0xff, 0xff, 0xcd, 0xdd, 0xff, 0x63, 0xcc, 0xff, 0x60, 0xd4, 0xff, 
  0x81, 0xd4, 0xff, 0x80, 0xd4, 0xff, 0x80, 0xd4, 0xff, 0x80, 0xd4, 0xff, 
  0xa0, 0xd4, 0xff, 0xa0, 0xd4, 0xff, 0xa0, 0xd4, 0xff, 0x80, 0xd4, 0xff, 
  0xa0, 0xd4, 0xff, 0x80, 0xd4, 0xff, 0x80, 0xd4, 0xff, 0x42, 0xc4, 0xff, 
  0x51, 0xee, 0x00, 0xfc, 0xff, 0x00, 0xfe, 0xff, 0x00, 0xff, 0xff, 0x00, 
  0xff, 0xff, 0x00, 0xff, 0xff, 0x00, 0xff, 0xff, 0x00, 0xff, 0xff, 0x00, 
  0xff, 0xff, 0x00, 0xff, 0xff, 0x00, 0xff, 0xff, 0x00, 0xff, 0xff, 0x00, 
  0xff, 0xff, 0x00, 0xfe, 0xff, 0x00, 0xfc, 0xff, 0x00, 0x51, 0xe6, 0x00, 
  0x42, 0xc4, 0xff, 0x80, 0xd4, 0xff, 0x60, 0xd4, 0xff, 0x80, 0xd4, 0xff, 
  0x80, 0xd4, 0xff, 0x80, 0xd4, 0xff, 0x80, 0xd4, 0xff, 0x80, 0xd4, 0xff, 
  0x80, 0xd4, 0xff, 0x80, 0xd4, 0xff, 0x80, 0xd4, 0xff, 0x80, 0xd4, 0xff, 
  0x80, 0xd4, 0xff, 0x43, 0xc4, 0xff, 0x10, 0xe6, 0xff, 0xdc, 0xff, 0xff, 
  0x7d, 0xff, 0xff, 0x9e, 0xf7, 0xff, 0xbe, 0xf7, 0xff, 0xbe, 0xef, 0xff, 
  0xbe, 0xf7, 0xff, 0xbe, 0xf7, 0xff, 0xbe, 0xf7, 0xff, 0x9e, 0xf7, 0xff, 
  0x9e, 0xf7, 0xff, 0x9e, 0xf7, 0xff, 0x9e, 0xf7, 0xff, 0x9e, 0xf7, 0xff, 
  0x9e, 0xf7, 0xff, 0x9e, 0xf7, 0xff, 0x9e, 0xf7, 0xff, 0x9e, 0xf7, 0xff, 
  0x9e, 0xf7, 0xff, 0x9e, 0xf7, 0xff, 0x9e, 0xf7, 0xff, 0x9e, 0xf7, 0xff, 
  0x9e, 0xf7, 0xff, 0x9e, 0xf7, 0xff, 0x9e, 0xf7, 0xff, 0x9e, 0xf7, 0xff, 
  0x9e, 0xf7, 0xff, 0x9e, 0xf7, 0xff, 0x9e, 0xf7, 0xff, 0x9e, 0xf7, 0xff, 
  0x9e, 0xf7, 0xff, 0x9e, 0xf7, 0xff, 0x9e, 0xf7, 0xff, 0x9e, 0xf7, 0xff, 
  0x9e, 0xf7, 0xff, 0x9e, 0xf7, 0xff, 0x9e, 0xf7, 0xff, 0x9e, 0xf7, 0xff, 
  0x9e, 0xf7, 0xff, 0x9e, 0xf7, 0xff, 0x9e, 0xf7, 0xff, 0x9e, 0xf7, 0xff, 
  0xbe, 0xf7, 0xff, 0x9d, 0xf7, 0xff, 0x9d, 0xf7, 0xff, 0x9e, 0xf7, 0xff, 
  0x9e, 0xf7, 0xff, 0x9e, 0xf7, 0xff, 0x9e, 0xf7, 0xff, 0x9e, 0xf7, 0xff, 
  0x9e, 0xf7, 0xff, 0x9e, 0xf7, 0xff, 0x9e, 0xf7, 0xff, 0x9e, 0xf7, 0xff, 
  0x9e, 0xf7, 0xff, 0x9e, 0xf7, 0xff, 0x9e, 0xf7, 0xff, 0xbe, 0xf7, 0xff, 
  0xbe, 0xf7, 0xff, 0xbe, 0xf7, 0xff, 0xbe, 0xf7, 0xff, 0xbe, 0xf7, 0xff, 
  0xbe, 0xf7, 0xff, 0xbe, 0xf7, 0xff, 0xbe, 0xf7, 0xff, 0xbe, 0xf7, 0xff, 
  0xbe, 0xf7, 0xff, 0xbe, 0xf7, 0xff, 0x9e, 0xf7, 0xff, 0x9e, 0xf7, 0xff, 
  0x9e, 0xf7, 0xff, 0xbe, 0xf7, 0xff, 0x9e, 0xf7, 0xff, 0x9c, 0xf7, 0xff, 
  0xdb, 0xff, 0xff, 0x10, 0xde, 0xff, 0x43, 0xbc, 0xff, 0x81, 0xd4, 0xff, 
  0x80, 0xd4, 0xff, 0x60, 0xd4, 0xff, 0x80, 0xd4, 0xff, 0x80, 0xd4, 0xff, 
  0x80, 0xd4, 0xff, 0x80, 0xd4, 0xff, 0x80, 0xd4, 0xff, 0x60, 0xd4, 0xff, 
  0x80, 0xd4, 0xff, 0x80, 0xd4, 0xff, 0x80, 0xd4, 0xff, 0x43, 0xc4, 0xff, 
  0x51, 0xe6, 0x00, 0xfc, 0xff, 0x00, 0xde, 0xff, 0x00, 0xff, 0xff, 0x00, 
  0xff, 0xff, 0x00, 0xff, 0xff, 0x00, 0xff, 0xff, 0x00, 0xff, 0xff, 0x00, 
  0xff, 0xff, 0x00, 0xff, 0xff, 0x00, 0xff, 0xff, 0x00, 0xff, 0xff, 0x00, 
  0xff, 0xff, 0x00, 0xfe, 0xff, 0x00, 0xfc, 0xff, 0x00, 0x51, 0xe6, 0x00, 
  0x22, 0xc4, 0xff, 0x80, 0xd4, 0xff, 0x60, 0xd4, 0xff, 0x80, 0xd4, 0xff, 
  0x60, 0xd4, 0xff, 0x80, 0xd4, 0xff, 0x80, 0xd4, 0xff, 0x80, 0xd4, 0xff, 
  0x80, 0xd4, 0xff, 0x80, 0xd4, 0xff, 0x80, 0xd4, 0xff, 0x80, 0xd4, 0xff, 
  0x80, 0xd4, 0xff, 0x43, 0xbc, 0xff, 0xf1, 0xe5, 0xff, 0xdc, 0xff, 0xff, 
  0x9d, 0xf7, 0xff, 0x9e, 0xf7, 0xff, 0xbe, 0xf7, 0xff, 0xbe, 0xf7, 0xff, 
  0xbe, 0xf7, 0xff, 0xbd, 0xf7, 0xff, 0x9d, 0xf7, 0xff, 0x9e, 0xf7, 0xff, 
  0x9e, 0xf7, 0xff, 0x9e, 0xf7, 0xff, 0x9e, 0xf7, 0xff, 0x9e, 0xf7, 0xff, 
  0x9e, 0xf7, 0xff, 0x9e, 0xf7, 0xff, 0x9e, 0xf7, 0xff, 0x9e, 0xf7, 0xff, 
  0x9e, 0xf7, 0xff, 0x9e, 0xf7, 0xff, 0x9e, 0xf7, 0xff, 0x9e, 0xf7, 0xff, 
  0x9e, 0xf7, 0xff, 0x9e, 0xf7, 0xff, 0x9e, 0xf7, 0xff, 0x9e, 0xf7, 0xff, 
  0x9e, 0xf7, 0xff, 0x9e, 0xf7, 0xff, 0x9e, 0xf7, 0xff, 0x9e, 0xf7, 0xff, 
  0x9e, 0xf7, 0xff, 0x9e, 0xf7, 0xff, 0x9e, 0xf7, 0xff, 0x9e, 0xf7, 0xff, 
  0x9e, 0xf7, 0xff, 0x9e, 0xf7, 0xff, 0x9e, 0xf7, 0xff, 0x9e, 0xf7, 0xff, 
  0x9e, 0xf7, 0xff, 0x9e, 0xf7, 0xff, 0x9e, 0xf7, 0xff, 0x9e, 0xf7, 0xff, 
  0x9d, 0xf7, 0xff, 0x9d, 0xf7, 0xff, 0xbd, 0xf7, 0xff, 0xbe, 0xf7, 0xff, 
  0xbe, 0xf7, 0xff, 0xbe, 0xf7, 0xff, 0xbe, 0xf7, 0xff, 0x9e, 0xf7, 0xff, 
  0x9e, 0xf7, 0xff, 0x9e, 0xf7, 0xff, 0x9e, 0xf7, 0xff, 0x9e, 0xf7, 0xff, 
  0x9e, 0xf7, 0xff, 0x9e, 0xf7, 0xff, 0x9e, 0xf7, 0xff, 0x9e, 0xf7, 0xff, 
  0xbe, 0xf7, 0xff, 0xbe, 0xf7, 0xff, 0xbe, 0xf7, 0xff, 0xbe, 0xf7, 0xff, 
  0xbe, 0xf7, 0xff, 0xbe, 0xf7, 0xff, 0xbe, 0xf7, 0xff, 0xbe, 0xf7, 0xff, 
  0xbe, 0xf7, 0xff, 0xbe, 0xf7, 0xff, 0x9e, 0xf7, 0xff, 0x9e, 0xf7, 0xff, 
  0x9e, 0xf7, 0xff, 0x9e, 0xf7, 0xff, 0x9e, 0xf7, 0xff, 0x9d, 0xf7, 0xff, 
  0xfd, 0xff, 0xff, 0x31, 0xde, 0xff, 0x63, 0xbc, 0xff, 0x80, 0xcc, 0xff, 
  0x60, 0xd4, 0xff, 0x80, 0xd4, 0xff, 0x80, 0xd4, 0xff, 0x60, 0xd4, 0xff, 
  0x60, 0xd4, 0xff, 0x60, 0xd4, 0xff, 0x60, 0xd4, 0xff, 0x60, 0xd4, 0xff, 
  0x60, 0xd4, 0xff, 0x80, 0xd4, 0xff, 0x80, 0xd4, 0xff, 0x23, 0xbc, 0xff, 
  0x31, 0xe6, 0x00, 0xfc, 0xff, 0x00, 0xfe, 0xff, 0x00, 0xff, 0xff, 0x00, 
  0xff, 0xff, 0x00, 0xff, 0xff, 0x00, 0xff, 0xff, 0x00, 0xff, 0xff, 0x00, 
  0xff, 0xff, 0x00, 0xff, 0xff, 0x00, 0xff, 0xff, 0x00, 0xff, 0xff, 0x00, 
  0xff, 0xff, 0x00, 0xfe, 0xff, 0x00, 0xfc, 0xff, 0x00, 0x51, 0xe6, 0x00, 
  0x22, 0xbc, 0xff, 0x60, 0xd4, 0xff, 0x60, 0xd4, 0xff, 0x80, 0xd4, 0xff, 
  0x60, 0xd4, 0xff, 0x60, 0xd4, 0xff, 0x60, 0xd4, 0xff, 0x80, 0xd4, 0xff, 
  0x80, 0xcc, 0xff, 0x80, 0xcc, 0xff, 0x80, 0xcc, 0xff, 0x60, 0xd4, 0xff, 
  0x61, 0xd4, 0xff, 0x24, 0xbc, 0xff, 0xf1, 0xdd, 0xff, 0xdc, 0xff, 0xff, 
  0x9c, 0xf7, 0xff, 0x9d, 0xf7, 0xff, 0xbe, 0xf7, 0xff, 0x9e, 0xf7, 0xff, 
  0x9e, 0xf7, 0xff, 0x9e, 0xf7, 0xff, 0x9d, 0xf7, 0xff, 0x9d, 0xf7, 0xff, 
  0x9e, 0xf7, 0xff, 0x9e, 0xf7, 0xff, 0x9e, 0xf7, 0xff, 0x9e, 0xf7, 0xff, 
  0x9e, 0xf7, 0xff, 0x9e, 0xf7, 0xff, 0x9e, 0xf7, 0xff, 0x9e, 0xf7, 0xff, 
  0x9e, 0xf7, 0xff, 0x9e, 0xf7, 0xff, 0x9e, 0xf7, 0xff, 0x9e, 0xf7, 0xff, 
  0x9e, 0xf7, 0xff, 0x9e, 0xf7, 0xff, 0x9e, 0xf7, 0xff, 0x9e, 0xf7, 0xff, 
  0x9e, 0xf7, 0xff, 0x9e, 0xf7, 0xff, 0x9e, 0xf7, 0xff, 0x9e, 0xf7, 0xff, 
  0x9e, 0xf7, 0xff, 0x9e, 0xf7, 0xff, 0x9e, 0xf7, 0xff, 0x9e, 0xf7, 0xff, 
  0x9e, 0xf7, 0xff, 0x9e, 0xf7, 0xff, 0x9e, 0xf7, 0xff, 0x9e, 0xf7, 0xff, 
  0x9e, 0xf7, 0xff, 0x9e, 0xf7, 0xff, 0x9e, 0xf7, 0xff, 0x9e, 0xf7, 0xff, 
  0xbe, 0xf7, 0xff, 0xbe, 0xf7, 0xff, 0xbe, 0xf7, 0xff, 0x9e, 0xf7, 0xff, 
  0x9e, 0xf7, 0xff, 0x9e, 0xf7, 0xff, 0x9e, 0xf7, 0xff, 0x9e, 0xf7, 0xff, 
  0xbe, 0xf7, 0xff, 0xbe, 0xf7, 0xff, 0xbe, 0xf7, 0xff, 0xbe, 0xf7, 0xff, 
  0xbe, 0xf7, 0xff, 0xbe, 0xf7, 0xff, 0xbe, 0xf7, 0xff, 0xbe, 0xf7, 0xff, 
  0xbe, 0xf7, 0xff, 0xbe, 0xf7, 0xff, 0xbe, 0xf7, 0xff, 0xbe, 0xf7, 0xff, 
  0xbe, 0xf7, 0xff, 0xbe, 0xf7, 0xff, 0xbe, 0xf7, 0xff, 0xbe, 0xf7, 0xff, 
  0x9e, 0xf7, 0xff, 0xbe, 0xf7, 0xff, 0xbe, 0xf7, 0xff, 0x9e, 0xf7, 0xff, 
  0x9e, 0xf7, 0xff, 0xbe, 0xf7, 0xff, 0x9e, 0xf7, 0xff, 0x9d, 0xf7, 0xff, 
  0xdc, 0xff, 0xff, 0x10, 0xd6, 0xff, 0x42, 0xbc, 0xff, 0x80, 0xd4, 0xff, 
  0x80, 0xd4, 0xff, 0x60, 0xd4, 0xff, 0x60, 0xd4, 0xff, 0x80, 0xd4, 0xff, 
  0x60, 0xd4, 0xff, 0x60, 0xd4, 0xff, 0x60, 0xd4, 0xff, 0x60, 0xd4, 0xff, 
  0x60, 0xd4, 0xff, 0x60, 0xd4, 0xff, 0x61, 0xd4, 0xff, 0x23, 0xbc, 0xff, 
  0x31, 0xe6, 0x00, 0xfc, 0xff, 0x00, 0xfe, 0xff, 0x00, 0xff, 0xff, 0x00, 
  0xff, 0xff, 0x00, 0xff, 0xff, 0x00, 0xff, 0xff, 0x00, 0xff, 0xff, 0x00, 
  0xff, 0xff, 0x00, 0xff, 0xff, 0x00, 0xff, 0xff, 0x00, 0xff, 0xff, 0x00, 
  0xff, 0xff, 0x00, 0xfe, 0xff, 0x00, 0xfc, 0xff, 0x00, 0x51, 0xe6, 0x00, 
  0x22, 0xbc, 0xff, 0x60, 0xd4, 0xff, 0x60, 0xd4, 0xff, 0x60, 0xd4, 0xff, 
  0x60, 0xd4, 0xff, 0x60, 0xd4, 0xff, 0x60, 0xd4, 0xff, 0x80, 0xd4, 0xff, 
  0x60, 0xcc, 0xff, 0x80, 0xcc, 0xff, 0x60, 0xcc, 0xff, 0x60, 0xd4, 0xff, 
  0x61, 0xd4, 0xff, 0x24, 0xc4, 0xff, 0x11, 0xde, 0xff, 0xfc, 0xff, 0xff, 
  0x9c, 0xf7, 0xff, 0x9d, 0xf7, 0xff, 0x9e, 0xf7, 0xff, 0x9e, 0xf7, 0xff, 
  0x9e, 0xf7, 0xff, 0x9e, 0xf7, 0xff, 0x9d, 0xf7, 0xff, 0x9d, 0xf7, 0xff, 
  0x9d, 0xf7, 0xff, 0x9e, 0xf7, 0xff, 0x9e, 0xf7, 0xff, 0x9e, 0xf7, 0xff, 
  0x9e, 0xf7, 0xff, 0x9e, 0xf7, 0xff, 0x9e, 0xf7, 0xff, 0x9e, 0xf7, 0xff, 
  0x9e, 0xf7, 0xff, 0x9e, 0xf7, 0xff, 0x9e, 0xf7, 0xff, 0x9e, 0xf7, 0xff, 
  0x9e, 0xf7, 0xff, 0x9e, 0xf7, 0xff, 0x9e, 0xf7, 0xff, 0x9e, 0xf7, 0xff, 
  0x9e, 0xf7, 0xff, 0x9e, 0xf7, 0xff, 0x9e, 0xf7, 0xff, 0x9e, 0xf7, 0xff, 
  0x9e, 0xf7, 0xff, 0x9e, 0xf7, 0xff, 0x9e, 0xf7, 0xff, 0x9e, 0xf7, 0xff, 
  0x9e, 0xf7, 0xff, 0x9e, 0xf7, 0xff, 0x9e, 0xf7, 0xff, 0x9e, 0xf7, 0xff, 
  0x9e, 0xf7, 0xff, 0x9e, 0xf7, 0xff, 0x9e, 0xf7, 0xff, 0x9e, 0xf7, 0xff, 
  0x9e, 0xf7, 0xff, 0xbe, 0xf7, 0xff, 0x9e, 0xf7, 0xff, 0x9e, 0xf7, 0xff, 
  0xbe, 0xf7, 0xff, 0xbe, 0xf7, 0xff, 0xbe, 0xf7, 0xff, 0xbe, 0xf7, 0xff, 
  0xbe, 0xf7, 0xff, 0xbe, 0xf7, 0xff, 0x9e, 0xf7, 0xff, 0xbe, 0xf7, 0xff, 
  0x9e, 0xf7, 0xff, 0x9e, 0xf7, 0xff, 0x9e, 0xf7, 0xff, 0x9e, 0xf7, 0xff, 
  0x9e, 0xf7, 0xff, 0x9e, 0xf7, 0xff, 0x9e, 0xf7, 0xff, 0x9e, 0xf7, 0xff, 
  0x9e, 0xf7, 0xff, 0x9e, 0xf7, 0xff, 0x9e, 0xf7, 0xff, 0x9e, 0xf7, 0xff, 
  0x9e, 0xf7, 0xff, 0x9e, 0xf7, 0xff, 0x9e, 0xf7, 0xff, 0x9e, 0xf7, 0xff, 
  0x9e, 0xf7, 0xff, 0x9e, 0xf7, 0xff, 0x9e, 0xf7, 0xff, 0x9d, 0xf7, 0xff, 
  0xfc, 0xff, 0xff, 0x30, 0xde, 0xff, 0x42, 0xbc, 0xff, 0x60, 0xd4, 0xff, 
  0x80, 0xd4, 0xff, 0x80, 0xd4, 0xff, 0x60, 0xd4, 0xff, 0x60, 0xd4, 0xff, 
  0x60, 0xd4, 0xff, 0x60, 0xd4, 0xff, 0x60, 0xd4, 0xff, 0x60, 0xd4, 0xff, 
  0x60, 0xd4, 0xff, 0x60, 0xd4, 0xff, 0x61, 0xd4, 0xff, 0x23, 0xbc, 0xff, 
  0x51, 0xe6, 0x00, 0xfc, 0xff, 0x00, 0xdd, 0xff, 0x00, 0xff, 0xff, 0x00, 
  0xff, 0xff, 0x00, 0xff, 0xff, 0x00, 0xff, 0xff, 0x00, 0xff, 0xff, 0x00, 
  0xff, 0xff, 0x00, 0xff, 0xff, 0x00, 0xff, 0xff, 0x00, 0xff, 0xff, 0x00, 
  0xff, 0xff, 0x00, 0xfe, 0xff, 0x00, 0xfc, 0xff, 0x00, 0x51, 0xe6, 0x00, 
  0x22, 0xbc, 0xff, 0x60, 0xd4, 0xff, 0x60, 0xd4, 0xff, 0x60, 0xd4, 0xff, 
  0x60, 0xd4, 0xff, 0x60, 0xd4, 0xff, 0x60, 0xcc, 0xff, 0x60, 0xd4, 0xff, 
  0x80, 0xcc, 0xff, 0x80, 0xcc, 0xff, 0x60, 0xcc, 0xff, 0x60, 0xd4, 0xff, 
  0x60, 0xd4, 0xff, 0x23, 0xbc, 0xff, 0x10, 0xde, 0xff, 0xfc, 0xff, 0xff, 
  0x9c, 0xf7, 0xff, 0x9d, 0xf7, 0xff, 0xbe, 0xf7, 0xff, 0x9e, 0xf7, 0xff, 
  0x9f, 0xf7, 0xff, 0x9e, 0xf7, 0xff, 0x9e, 0xf7, 0xff, 0xbd, 0xf7, 0xff, 
  0x9e, 0xf7, 0xff, 0x9e, 0xf7, 0xff, 0x9e, 0xf7, 0xff, 0x9e, 0xf7, 0xff, 
  0x9e, 0xf7, 0xff, 0x9e, 0xf7, 0xff, 0x9e, 0xf7, 0xff, 0x9e, 0xf7, 0xff, 
  0x9e, 0xf7, 0xff, 0x9e, 0xf7, 0xff, 0x9e, 0xf7, 0xff, 0x9e, 0xf7, 0xff, 
  0x9e, 0xf7, 0xff, 0x9e, 0xf7, 0xff, 0x9e, 0xf7, 0xff, 0x9e, 0xf7, 0xff, 
  0x9e, 0xf7, 0xff, 0x9e, 0xf7, 0xff, 0x9e, 0xf7, 0xff, 0x9e, 0xf7, 0xff, 
  0x9e, 0xf7, 0xff, 0x9e, 0xf7, 0xff, 0x9e, 0xf7, 0xff, 0x9e, 0xf7, 0xff, 
  0x9e, 0xf7, 0xff, 0x9e, 0xf7, 0xff, 0x9e, 0xf7, 0xff, 0x9e, 0xf7, 0xff, 
  0x9e, 0xf7, 0xff, 0x9e, 0xf7, 0xff, 0x9e, 0xf7, 0xff, 0x9e, 0xf7, 0xff, 
  0x9e, 0xf7, 0xff, 0x9e, 0xf7, 0xff, 0x9f, 0xf7, 0xff, 0x9f, 0xf7, 0xff, 
  0xbe, 0xf7, 0xff, 0x9e, 0xf7, 0xff, 0x9e, 0xf7, 0xff, 0x9e, 0xf7, 0xff, 
  0x9e, 0xf7, 0xff, 0x9e, 0xf7, 0xff, 0x9e, 0xf7, 0xff, 0x9e, 0xf7, 0xff, 
  0x9e, 0xf7, 0xff, 0x9e, 0xf7, 0xff, 0x9e, 0xf7, 0xff, 0x9e, 0xf7, 0xff, 
  0x9e, 0xf7, 0xff, 0xbd, 0xf7, 0xff, 0xbe, 0xf7, 0xff, 0xbd, 0xf7, 0xff, 
  0x9e, 0xf7, 0xff, 0xbd, 0xf7, 0xff, 0x9e, 0xf7, 0xff, 0xbd, 0xf7, 0xff, 
  0x9e, 0xf7, 0xff, 0xbd, 0xf7, 0xff, 0x9e, 0xf7, 0xff, 0xbd, 0xf7, 0xff, 
  0x9e, 0xf7, 0xff, 0xbd, 0xf7, 0xff, 0x9e, 0xf7, 0xff, 0x9c, 0xf7, 0xff, 
  0xdb, 0xff, 0xff, 0x10, 0xde, 0xff, 0x43, 0xbc, 0xff, 0x60, 0xd4, 0xff, 
  0x80, 0xcc, 0xff, 0x80, 0xd4, 0xff, 0x60, 0xd4, 0xff, 0x40, 0xcc, 0xff, 
  0x60, 0xd4, 0xff, 0x60, 0xd4, 0xff, 0x60, 0xd4, 0xff, 0x60, 0xd4, 0xff, 
  0x60, 0xd4, 0xff, 0x60, 0xd4, 0xff, 0x61, 0xd4, 0xff, 0x22, 0xbc, 0xff, 
  0x30, 0xe6, 0x00, 0xfc, 0xff, 0x00, 0xde, 0xff, 0x00, 0xff, 0xff, 0x00, 
  0xff, 0xff, 0x00, 0xff, 0xff, 0x00, 0xff, 0xff, 0x00, 0xff, 0xff, 0x00, 
  0xff, 0xff, 0x00, 0xff, 0xff, 0x00, 0xff, 0xff, 0x00, 0xff, 0xff, 0x00, 
  0xff, 0xff, 0x00, 0xfe, 0xff, 0x00, 0xfc, 0xff, 0x00, 0x51, 0xe6, 0x00, 
  0x02, 0xbc, 0xff, 0x60, 0xd4, 0xff, 0x40, 0xcc, 0xff, 0x60, 0xcc, 0xff, 
  0x40, 0xcc, 0xff, 0x60, 0xd4, 0xff, 0x60, 0xcc, 0xff, 0x60, 0xcc, 0xff, 
  0x60, 0xcc, 0xff, 0x60, 0xcc, 0xff, 0x60, 0xcc, 0xff, 0x60, 0xcc, 0xff, 
  0x60, 0xd4, 0xff, 0x22, 0xbc, 0xff, 0x10, 0xde, 0xff, 0xfc, 0xff, 0xff, 
  0x9c, 0xf7, 0xff, 0x9e, 0xf7, 0xff, 0xbe, 0xf7, 0xff, 0x9e, 0xf7, 0xff, 
  0x9f, 0xf7, 0xff, 0x9e, 0xf7, 0xff, 0xbe, 0xf7, 0xff, 0xbe, 0xf7, 0xff, 
  0x9e, 0xf7, 0xff, 0x9e, 0xf7, 0xff, 0x9e, 0xf7, 0xff, 0x9e, 0xf7, 0xff, 
  0x9e, 0xf7, 0xff, 0x9e, 0xf7, 0xff, 0x9e, 0xf7, 0xff, 0x9e, 0xf7, 0xff, 
  0x9e, 0xf7, 0xff, 0x9e, 0xf7, 0xff, 0x9e, 0xf7, 0xff, 0x9e, 0xf7, 0xff, 
  0x9e, 0xf7, 0xff, 0x9e, 0xf7, 0xff, 0x9e, 0xf7, 0xff, 0x9e, 0xf7, 0xff, 
  0x9e, 0xf7, 0xff, 0x9e, 0xf7, 0xff, 0x9e, 0xf7, 0xff, 0x9e, 0xf7, 0xff, 
  0x9e, 0xf7, 0xff, 0x9e, 0xf7, 0xff, 0x9e, 0xf7, 0xff, 0x9e, 0xf7, 0xff, 
  0x9e, 0xf7, 0xff, 0x9e, 0xf7, 0xff, 0x9e, 0xf7, 0xff, 0x9e, 0xf7, 0xff, 
  0x9e, 0xf7, 0xff, 0x9e, 0xf7, 0xff, 0x9e, 0xf7, 0xff, 0x9e, 0xf7, 0xff, 
  0x9e, 0xf7, 0xff, 0x9f, 0xf7, 0xff, 0x9e, 0xf7, 0xff, 0x9e, 0xf7, 0xff, 
  0x9e, 0xf7, 0xff, 0x9e, 0xf7, 0xff, 0x9d, 0xf7, 0xff, 0x9d, 0xf7, 0xff, 
  0xbd, 0xf7, 0xff, 0x9d, 0xf7, 0xff, 0x9d, 0xf7, 0xff, 0x9d, 0xf7, 0xff, 
  0x9d, 0xf7, 0xff, 0x9d, 0xf7, 0xff, 0x9d, 0xf7, 0xff, 0x9d, 0xf7, 0xff, 
  0xbd, 0xf7, 0xff, 0xbd, 0xf7, 0xff, 0xbd, 0xf7, 0xff, 0xbd, 0xf7, 0xff, 
  0xbd, 0xf7, 0xff, 0xbd, 0xf7, 0xff, 0x9d, 0xf7, 0xff, 0xbd, 0xf7, 0xff, 
  0x9d, 0xf7, 0xff, 0xbd, 0xf7, 0xff, 0x9d, 0xf7, 0xff, 0xbd, 0xf7, 0xff, 
  0x9d, 0xf7, 0xff, 0xbd, 0xf7, 0xff, 0x9d, 0xf7, 0xff, 0x9c, 0xf7, 0xff, 
  0xfb, 0xff, 0xff, 0xef, 0xdd, 0xff, 0x23, 0xbc, 0xff, 0x61, 0xd4, 0xff, 
  0x60, 0xcc, 0xff, 0x60, 0xcc, 0xff, 0x60, 0xcc, 0xff, 0x60, 0xd4, 0xff, 
  0x41, 0xd4, 0xff, 0x41, 0xcc, 0xff, 0x60, 0xcc, 0xff, 0x60, 0xcc, 0xff, 
  0x60, 0xcc, 0xff, 0x60, 0xcc, 0xff, 0x61, 0xd4, 0xff, 0x22, 0xbc, 0xff, 
  0x30, 0xe6, 0x00, 0xfb, 0xff, 0x00, 0xfe, 0xff, 0x00, 0xff, 0xff, 0x00, 
  0xff, 0xff, 0x00, 0xff, 0xff, 0x00, 0xff, 0xff, 0x00, 0xff, 0xff, 0x00, 
  0xff, 0xff, 0x00, 0xff, 0xff, 0x00, 0xff, 0xff, 0x00, 0xff, 0xff, 0x00, 
  0xff, 0xff, 0x00, 0xfe, 0xff, 0x00, 0xfc, 0xff, 0x00, 0x31, 0xe6, 0x00, 
  0x02, 0xbc, 0xff, 0x40, 0xcc, 0xff, 0x40, 0xcc, 0xff, 0x60, 0xcc, 0xff, 
  0x40, 0xcc, 0xff, 0x40, 0xcc, 0xff, 0x40, 0xcc, 0xff, 0x40, 0xcc, 0xff, 
  0x40, 0xcc, 0xff, 0x40, 0xcc, 0xff, 0x60, 0xcc, 0xff, 0x40, 0xcc, 0xff, 
  0x40, 0xd4, 0xff, 0x22, 0xbc, 0xff, 0x10, 0xde, 0xff, 0xfc, 0xff, 0xff, 
  0x9d, 0xf7, 0xff, 0x9e, 0xf7, 0xff, 0x9e, 0xf7, 0xff, 0x9e, 0xf7, 0xff, 
  0x9e, 0xf7, 0xff, 0x9e, 0xf7, 0xff, 0xbe, 0xf7, 0xff, 0xbe, 0xf7, 0xff, 
  0xbe, 0xf7, 0xff, 0xbe, 0xf7, 0xff, 0x9e, 0xf7, 0xff, 0xbe, 0xf7, 0xff, 
  0x9e, 0xf7, 0xff, 0xbe, 0xf7, 0xff, 0x9e, 0xf7, 0xff, 0xbe, 0xf7, 0xff, 
  0x9e, 0xf7, 0xff, 0xbe, 0xf7, 0xff, 0x9e, 0xf7, 0xff, 0xbe, 0xf7, 0xff, 
  0x9e, 0xf7, 0xff, 0xbe, 0xf7, 0xff, 0x9e, 0xf7, 0xff, 0xbe, 0xf7, 0xff, 
  0x9e, 0xf7, 0xff, 0xbe, 0xf7, 0xff, 0x9e, 0xf7, 0xff, 0xbe, 0xf7, 0xff, 
  0x9e, 0xf7, 0xff, 0xbe, 0xf7, 0xff, 0x9e, 0xf7, 0xff, 0xbe, 0xf7, 0xff, 
  0x9e, 0xf7, 0xff, 0xbe, 0xf7, 0xff, 0x9e, 0xf7, 0xff, 0xbe, 0xf7, 0xff, 
  0x9e, 0xf7, 0xff, 0xbe, 0xf7, 0xff, 0x9e, 0xf7, 0xff, 0x9e, 0xf7, 0xff, 
  0x9e, 0xf7, 0xff, 0x9e, 0xf7, 0xff, 0x9e, 0xf7, 0xff, 0x9d, 0xf7, 0xff, 
  0x9d, 0xf7, 0xff, 0xbd, 0xf7, 0xff, 0xbd, 0xff, 0xff, 0xbc, 0xff, 0xff, 
  0xdc, 0xff, 0xff, 0xbc, 0xff, 0xff, 0xbc, 0xff, 0xff, 0xbc, 0xff, 0xff, 
  0xbc, 0xff, 0xff, 0xbc, 0xff, 0xff, 0xbc, 0xff, 0xff, 0xbc, 0xff, 0xff, 
  0xbc, 0xff, 0xff, 0xbc, 0xff, 0xff, 0xbc, 0xff, 0xff, 0xbc, 0xff, 0xff, 
  0xbc, 0xff, 0xff, 0xbc, 0xff, 0xff, 0xbc, 0xff, 0xff, 0xbc, 0xff, 0xff, 
  0xbc, 0xff, 0xff, 0xbc, 0xff, 0xff, 0xbc, 0xff, 0xff, 0xbc, 0xff, 0xff, 
  0xbc, 0xff, 0xff, 0xbc, 0xff, 0xff, 0xbc, 0xff, 0xff, 0xbb, 0xff, 0xff, 
  0xfa, 0xff, 0xff, 0xcf, 0xdd, 0xff, 0xe2, 0xb3, 0xff, 0x20, 0xc4, 0xff, 
  0x20, 0xc4, 0xff, 0x20, 0xbc, 0xff, 0x20, 0xc4, 0xff, 0x20, 0xc4, 0xff, 
  0x20, 0xc4, 0xff, 0x00, 0xc4, 0xff, 0x20, 0xc4, 0xff, 0x20, 0xc4, 0xff, 
  0x20, 0xc4, 0xff, 0x20, 0xc4, 0xff, 0x20, 0xc4, 0xff, 0xe2, 0xb3, 0xff, 
  0x30, 0xe6, 0x00, 0xdb, 0xff, 0x00, 0xde, 0xff, 0x00, 0xff, 0xff, 0x00, 
  0xff, 0xff, 0x00, 0xff, 0xff, 0x00, 0xff, 0xff, 0x00, 0xff, 0xff, 0x00, 
  0xff, 0xff, 0x00, 0xff, 0xff, 0x00, 0xff, 0xff, 0x00, 0xff, 0xff, 0x00, 
  0xff, 0xff, 0x00, 0xfe, 0xff, 0x00, 0xfc, 0xff, 0x00, 0x31, 0xe6, 0x00, 
  0x02, 0xbc, 0xff, 0x40, 0xd4, 0xff, 0x40, 0xcc, 0xff, 0x60, 0xcc, 0xff, 
  0x40, 0xcc, 0xff, 0x40, 0xcc, 0xff, 0x40, 0xcc, 0xff, 0x40, 0xcc, 0xff, 
  0x40, 0xcc, 0xff, 0x40, 0xcc, 0xff, 0x40, 0xcc, 0xff, 0x40, 0xcc, 0xff, 
  0x40, 0xd4, 0xff, 0x02, 0xbc, 0xff, 0x10, 0xde, 0xff, 0xfc, 0xff, 0xff, 
  0x9d, 0xf7, 0xff, 0x9e, 0xf7, 0xff, 0x9e, 0xf7, 0xff, 0x9e, 0xf7, 0xff, 
  0x9e, 0xf7, 0xff, 0x9e, 0xf7, 0xff, 0xbe, 0xf7, 0xff, 0xbe, 0xf7, 0xff, 
  0xbe, 0xf7, 0xff, 0xbe, 0xf7, 0xff, 0xbe, 0xf7, 0xff, 0xbe, 0xf7, 0xff, 
  0xbe, 0xf7, 0xff, 0xbe, 0xf7, 0xff, 0xbe, 0xf7, 0xff, 0xbe, 0xf7, 0xff, 
  0xbe, 0xf7, 0xff, 0xbe, 0xf7, 0xff, 0xbe, 0xf7, 0xff, 0xbe, 0xf7, 0xff, 
  0xbe, 0xf7, 0xff, 0xbe, 0xf7, 0xff, 0xbe, 0xf7, 0xff, 0xbe, 0xf7, 0xff, 
  0xbe, 0xf7, 0xff, 0xbe, 0xf7, 0xff, 0x9e, 0xf7, 0xff, 0xbe, 0xf7, 0xff, 
  0x9e, 0xf7, 0xff, 0xbe, 0xf7, 0xff, 0xbe, 0xf7, 0xff, 0xbe, 0xf7, 0xff, 
  0xbe, 0xf7, 0xff, 0xbe, 0xf7, 0xff, 0xbe, 0xf7, 0xff, 0xbe, 0xf7, 0xff, 
  0xbe, 0xf7, 0xff, 0xbe, 0xf7, 0xff, 0xbe, 0xf7, 0xff, 0x9e, 0xf7, 0xff, 
  0x9e, 0xf7, 0xff, 0x9e, 0xf7, 0xff, 0xbe, 0xff, 0xff, 0xbd, 0xff, 0xff, 
  0x9b, 0xff, 0xff, 0x79, 0xf7, 0xff, 0x58, 0xf7, 0xff, 0x37, 0xf7, 0xff, 
  0x36, 0xf7, 0xff, 0x36, 0xf7, 0xff, 0x36, 0xf7, 0xff, 0x36, 0xf7, 0xff, 
  0x36, 0xf7, 0xff, 0x36, 0xf7, 0xff, 0x37, 0xf7, 0xff, 0x37, 0xf7, 0xff, 
  0x37, 0xf7, 0xff, 0x37, 0xf7, 0xff, 0x37, 0xf7, 0xff, 0x37, 0xf7, 0xff, 
  0x37, 0xf7, 0xff, 0x37, 0xf7, 0xff, 0x37, 0xf7, 0xff, 0x37, 0xf7, 0xff, 
  0x37, 0xf7, 0xff, 0x37, 0xf7, 0xff, 0x37, 0xf7, 0xff, 0x37, 0xf7, 0xff, 
  0x37, 0xf7, 0xff, 0x37, 0xf7, 0xff, 0x37, 0xf7, 0xff, 0x36, 0xf7, 0xff, 
  0x55, 0xff, 0xff, 0x6f, 0xee, 0xff, 0x47, 0xdd, 0xff, 0x87, 0xed, 0xff, 
  0x66, 0xe5, 0xff, 0x86, 0xe5, 0xff, 0x86, 0xe5, 0xff, 0x66, 0xe5, 0xff, 
  0x86, 0xed, 0xff, 0x86, 0xed, 0xff, 0x86, 0xed, 0xff, 0x86, 0xe5, 0xff, 
  0x86, 0xe5, 0xff, 0x86, 0xe5, 0xff, 0x86, 0xed, 0xff, 0x47, 0xdd, 0xff, 
  0x70, 0xee, 0x00, 0xb8, 0xff, 0x00, 0x9a, 0xff, 0x00, 0xfd, 0xff, 0x00, 
  0xfe, 0xff, 0x00, 0xff, 0xff, 0x00, 0xff, 0xff, 0x00, 0xff, 0xff, 0x00, 
  0xff, 0xff, 0x00, 0xff, 0xff, 0x00, 0xff, 0xff, 0x00, 0xff, 0xff, 0x00, 
  0xff, 0xff, 0x00, 0xfe, 0xff, 0x00, 0xfc, 0xff, 0x00, 0x31, 0xe6, 0x00, 
  0x02, 0xbc, 0xff, 0x60, 0xd4, 0xff, 0x40, 0xcc, 0xff, 0x40, 0xcc, 0xff, 
  0x60, 0xcc, 0xff, 0x60, 0xcc, 0xff, 0x40, 0xcc, 0xff, 0x40, 0xcc, 0xff, 
  0x60, 0xcc, 0xff, 0x60, 0xcc, 0xff, 0x40, 0xcc, 0xff, 0x40, 0xcc, 0xff, 
  0x40, 0xd4, 0xff, 0xe2, 0xbb, 0xff, 0x10, 0xde, 0xff, 0xfc, 0xff, 0xff, 
  0x9c, 0xf7, 0xff, 0x9e, 0xf7, 0xff, 0x9e, 0xf7, 0xff, 0x9e, 0xf7, 0xff, 
  0x9e, 0xf7, 0xff, 0x9e, 0xf7, 0xff, 0x9e, 0xf7, 0xff, 0xbe, 0xf7, 0xff, 
  0x9e, 0xf7, 0xff, 0x9e, 0xf7, 0xff, 0x9e, 0xf7, 0xff, 0x9e, 0xf7, 0xff, 
  0x9e, 0xf7, 0xff, 0x9e, 0xf7, 0xff, 0x9e, 0xf7, 0xff, 0x9e, 0xf7, 0xff, 
  0x9e, 0xf7, 0xff, 0x9e, 0xf7, 0xff, 0x9e, 0xf7, 0xff, 0x9e, 0xf7, 0xff, 
  0x9e, 0xf7, 0xff, 0x9e, 0xf7, 0xff, 0x9e, 0xf7, 0xff, 0x9e, 0xf7, 0xff, 
  0xbd, 0xf7, 0xff, 0xbd, 0xf7, 0xff, 0x9e, 0xf7, 0xff, 0x9e, 0xf7, 0xff, 
  0x9e, 0xf7, 0xff, 0x9e, 0xf7, 0xff, 0x9e, 0xf7, 0xff, 0x9e, 0xf7, 0xff, 
  0xbe, 0xf7, 0xff, 0x9e, 0xf7, 0xff, 0x9e, 0xf7, 0xff, 0xbe, 0xf7, 0xff, 
  0xbe, 0xf7, 0xff, 0x9e, 0xf7, 0xff, 0x9e, 0xf7, 0xff, 0x9e, 0xf7, 0xff, 
  0xbf, 0xf7, 0xff, 0x9e, 0xf7, 0xff, 0x9d, 0xff, 0xff, 0x9c, 0xff, 0xff, 
  0x78, 0xff, 0xff, 0xf3, 0xf6, 0xff, 0xaf, 0xf6, 0xff, 0xae, 0xf6, 0xff, 
  0xae, 0xf6, 0xff, 0xae, 0xf6, 0xff, 0xae, 0xf6, 0xff, 0xae, 0xf6, 0xff, 
  0xae, 0xf6, 0xff, 0xae, 0xf6, 0xff, 0xae, 0xf6, 0xff, 0x8f, 0xf6, 0xff, 
  0xae, 0xf6, 0xff, 0xae, 0xf6, 0xff, 0xae, 0xf6, 0xff, 0xae, 0xf6, 0xff, 
  0xae, 0xf6, 0xff, 0xae, 0xf6, 0xff, 0xae, 0xf6, 0xff, 0xae, 0xf6, 0xff, 
  0xae, 0xf6, 0xff, 0xae, 0xf6, 0xff, 0xae, 0xf6, 0xff, 0xae, 0xf6, 0xff, 
  0xae, 0xf6, 0xff, 0xae, 0xf6, 0xff, 0xae, 0xf6, 0xff, 0xae, 0xf6, 0xff, 
  0xae, 0xf6, 0xff, 0xce, 0xfe, 0xff, 0xed, 0xfe, 0xff, 0xed, 0xfe, 0xff, 
  0xed, 0xfe, 0xff, 0xed, 0xfe, 0xff, 0xed, 0xfe, 0xff, 0xed, 0xfe, 0xff, 
  0xed, 0xfe, 0xff, 0xed, 0xfe, 0xff, 0xed, 0xfe, 0xff, 0xed, 0xfe, 0xff, 
  0xed, 0xfe, 0xff, 0xed, 0xfe, 0xff, 0xed, 0xfe, 0xff, 0xed, 0xfe, 0xff, 
  0xef, 0xfe, 0xff, 0xd0, 0xf6, 0x00, 0x34, 0xff, 0x00, 0xb9, 0xff, 0x00, 
  0xfd, 0xff, 0x00, 0xff, 0xff, 0x00, 0xff, 0xff, 0x00, 0xff, 0xff, 0x00, 
  0xff, 0xff, 0x00, 0xff, 0xff, 0x00, 0xff, 0xff, 0x00, 0xff, 0xff, 0x00, 
  0xff, 0xff, 0x00, 0xfe, 0xff, 0x00, 0xfc, 0xff, 0x00, 0x31, 0xe6, 0x00, 
  0x02, 0xbc, 0xff, 0x40, 0xd4, 0xff, 0x40, 0xcc, 0xff, 0x40, 0xcc, 0xff, 
  0x40, 0xcc, 0xff, 0x60, 0xcc, 0xff, 0x40, 0xcc, 0xff, 0x40, 0xcc, 0xff, 
  0x60, 0xcc, 0xff, 0x60, 0xcc, 0xff, 0x40, 0xcc, 0xff, 0x40, 0xcc, 0xff, 
  0x40, 0xd4, 0xff, 0xe2, 0xbb, 0xff, 0xf0, 0xdd, 0xff, 0xfc, 0xff, 0xff, 
  0x9c, 0xf7, 0xff, 0xbe, 0xf7, 0xff, 0x9f, 0xf7, 0xff, 0x9f, 0xf7, 0xff, 
  0x9e, 0xf7, 0xff, 0x9e, 0xf7, 0xff, 0x9e, 0xf7, 0xff, 0x9e, 0xf7, 0xff, 
  0x9e, 0xf7, 0xff, 0x9e, 0xf7, 0xff, 0x9e, 0xf7, 0xff, 0x9e, 0xf7, 0xff, 
  0x9e, 0xf7, 0xff, 0x9e, 0xf7, 0xff, 0x9e, 0xf7, 0xff, 0x9e, 0xf7, 0xff, 
  0x9e, 0xf7, 0xff, 0x9e, 0xf7, 0xff, 0x9e, 0xf7, 0xff, 0x9e, 0xf7, 0xff, 
  0x9e, 0xf7, 0xff, 0x9e, 0xf7, 0xff, 0x9e, 0xf7, 0xff, 0x9e, 0xf7, 0xff, 
  0xbd, 0xf7, 0xff, 0xbd, 0xf7, 0xff, 0x9e, 0xf7, 0xff, 0x9e, 0xf7, 0xff, 
  0x9e, 0xf7, 0xff, 0x9e, 0xf7, 0xff, 0x9e, 0xf7, 0xff, 0x9e, 0xf7, 0xff, 
  0x9e, 0xf7, 0xff, 0x9e, 0xf7, 0xff, 0x9e, 0xf7, 0xff, 0x9e, 0xf7, 0xff, 
  0xbe, 0xf7, 0xff, 0xbe, 0xf7, 0xff, 0x9e, 0xf7, 0xff, 0x9e, 0xf7, 0xff, 
  0x7e, 0xef, 0xff, 0xbe, 0xff, 0xff, 0xbc, 0xff, 0xff, 0x58, 0xff, 0xff, 
  0xf3, 0xf6, 0xff, 0xaf, 0xf6, 0xff, 0xac, 0xfe, 0xff, 0xcb, 0xfe, 0xff, 
  0xcb, 0xfe, 0xff, 0xab, 0xfe, 0xff, 0xac, 0xfe, 0xff, 0xac, 0xfe, 0xff, 
  0xac, 0xfe, 0xff, 0xcb, 0xfe, 0xff, 0xac, 0xfe, 0xff, 0xac, 0xfe, 0xff, 
  0xac, 0xfe, 0xff, 0xac, 0xfe, 0xff, 0xac, 0xfe, 0xff, 0xac, 0xfe, 0xff, 
  0xac, 0xfe, 0xff, 0xac, 0xfe, 0xff, 0xac, 0xfe, 0xff, 0xac, 0xfe, 0xff, 
  0xac, 0xfe, 0xff, 0xac, 0xfe, 0xff, 0xac, 0xfe, 0xff, 0xac, 0xfe, 0xff, 
  0xac, 0xfe, 0xff, 0xac, 0xfe, 0xff, 0xac, 0xfe, 0xff, 0xac, 0xfe, 0xff, 
  0xac, 0xfe, 0xff, 0xcc, 0xfe, 0xff, 0xad, 0xfe, 0xff, 0xcc, 0xfe, 0xff, 
  0xac, 0xfe, 0xff, 0xac, 0xfe, 0xff, 0xac, 0xfe, 0xff, 0xac, 0xfe, 0xff, 
  0xac, 0xfe, 0xff, 0xac, 0xfe, 0xff, 0xac, 0xfe, 0xff, 0xac, 0xfe, 0xff, 
  0xac, 0xfe, 0xff, 0xac, 0xfe, 0xff, 0xac, 0xfe, 0xff, 0xac, 0xfe, 0xff, 
  0xcd, 0xfe, 0xff, 0xad, 0xf6, 0xff, 0xaf, 0xf6, 0xff, 0xf3, 0xfe, 0x00, 
  0x9a, 0xff, 0x00, 0xfe, 0xff, 0x00, 0xff, 0xff, 0x00, 0xff, 0xff, 0x00, 
  0xff, 0xff, 0x00, 0xff, 0xff, 0x00, 0xff, 0xff, 0x00, 0xff, 0xff, 0x00, 
  0xff, 0xff, 0x00, 0xfe, 0xff, 0x00, 0xfc, 0xff, 0x00, 0x31, 0xde, 0x00, 
  0xe2, 0xb3, 0xff, 0x40, 0xd4, 0xff, 0x20, 0xcc, 0xff, 0x20, 0xcc, 0xff, 
  0x40, 0xcc, 0xff, 0x40, 0xc4, 0xff, 0x40, 0xcc, 0xff, 0x40, 0xcc, 0xff, 
  0x40, 0xc4, 0xff, 0x40, 0xc4, 0xff, 0x40, 0xc4, 0xff, 0x20, 0xcc, 0xff, 
  0x41, 0xd4, 0xff, 0xe2, 0xbb, 0xff, 0xf0, 0xdd, 0xff, 0xfb, 0xff, 0xff, 
  0x9c, 0xf7, 0xff, 0xbd, 0xf7, 0xff, 0xbe, 0xf7, 0xff, 0x9e, 0xf7, 0xff, 
  0x9e, 0xf7, 0xff, 0x9e, 0xf7, 0xff, 0x9e, 0xf7, 0xff, 0x9e, 0xf7, 0xff, 
  0x9e, 0xf7, 0xff, 0x9e, 0xf7, 0xff, 0x9e, 0xf7, 0xff, 0x9e, 0xf7, 0xff, 
  0x9e, 0xf7, 0xff, 0x9e, 0xf7, 0xff, 0x9e, 0xf7, 0xff, 0x9e, 0xf7, 0xff, 
  0x9e, 0xf7, 0xff, 0x9e, 0xf7, 0xff, 0x9e, 0xf7, 0xff, 0x9e, 0xf7, 0xff, 
  0x9e, 0xf7, 0xff, 0x9e, 0xf7, 0xff, 0x9e, 0xf7, 0xff, 0x9e, 0xf7, 0xff, 
  0x9e, 0xf7, 0xff, 0x9e, 0xf7, 0xff, 0x9e, 0xf7, 0xff, 0x9e, 0xf7, 0xff, 
  0xbe, 0xf7, 0xff, 0xbd, 0xf7, 0xff, 0xbd, 0xf7, 0xff, 0xbd, 0xf7, 0xff, 
  0x9e, 0xf7, 0xff, 0x9e, 0xf7, 0xff, 0x9e, 0xf7, 0xff, 0x9e, 0xf7, 0xff, 
  0x9d, 0xf7, 0xff, 0xbd, 0xf7, 0xff, 0xbe, 0xf7, 0xff, 0xbe, 0xf7, 0xff, 
  0x9d, 0xff, 0xff, 0x9b, 0xff, 0xff, 0x77, 0xff, 0xff, 0x12, 0xf7, 0xff, 
  0xae, 0xf6, 0xff, 0xcd, 0xfe, 0xff, 0xcc, 0xfe, 0xff, 0xac, 0xfe, 0xff, 
  0xac, 0xfe, 0xff, 0xac, 0xfe, 0xff, 0xac, 0xfe, 0xff, 0xac, 0xfe, 0xff, 
  0xac, 0xfe, 0xff, 0xac, 0xfe, 0xff, 0xac, 0xfe, 0xff, 0xcb, 0xfe, 0xff, 
  0xcc, 0xfe, 0xff, 0xcc, 0xfe, 0xff, 0xcc, 0xfe, 0xff, 0xcc, 0xfe, 0xff, 
  0xcc, 0xfe, 0xff, 0xcc, 0xfe, 0xff, 0xcc, 0xfe, 0xff, 0xcc, 0xfe, 0xff, 
  0xac, 0xfe, 0xff, 0xac, 0xfe, 0xff, 0xac, 0xfe, 0xff, 0xac, 0xfe, 0xff, 
  0xac, 0xfe, 0xff, 0xac, 0xfe, 0xff, 0xac, 0xfe, 0xff, 0xac, 0xfe, 0xff, 
  0xcc, 0xfe, 0xff, 0xcc, 0xfe, 0xff, 0xac, 0xfe, 0xff, 0xac, 0xfe, 0xff, 
  0xac, 0xfe, 0xff, 0xcc, 0xfe, 0xff, 0xac, 0xfe, 0xff, 0xac, 0xfe, 0xff, 
  0xac, 0xfe, 0xff, 0xcc, 0xfe, 0xff, 0xac, 0xfe, 0xff, 0xcc, 0xfe, 0xff, 
  0xac, 0xfe, 0xff, 0xcc, 0xfe, 0xff, 0xac, 0xfe, 0xff, 0xcc, 0xfe, 0xff, 
  0xcc, 0xfe, 0xff, 0xcd, 0xfe, 0xff, 0xad, 0xf6, 0xff, 0xb0, 0xf6, 0xff, 
  0x57, 0xff, 0x00, 0xfc, 0xff, 0x00, 0xfe, 0xff, 0x00, 0xff, 0xff, 0x00, 
  0xff, 0xff, 0x00, 0xff, 0xff, 0x00, 0xff, 0xff, 0x00, 0xff, 0xff, 0x00, 
  0xff, 0xff, 0x00, 0xfe, 0xff, 0x00, 0xfc, 0xff, 0x00, 0x31, 0xde, 0x00, 
  0xe2, 0xb3, 0xff, 0x40, 0xcc, 0xff, 0x20, 0xcc, 0xff, 0x20, 0xcc, 0xff, 
  0x20, 0xc4, 0xff, 0x40, 0xc4, 0xff, 0x20, 0xc4, 0xff, 0x20, 0xc4, 0xff, 
  0x40, 0xc4, 0xff, 0x40, 0xc4, 0xff, 0x40, 0xc4, 0xff, 0x20, 0xc4, 0xff, 
  0x21, 0xcc, 0xff, 0xe2, 0xb3, 0xff, 0xf0, 0xdd, 0xff, 0xfc, 0xff, 0xff, 
  0x9c, 0xf7, 0xff, 0xbd, 0xf7, 0xff, 0x9e, 0xf7, 0xff, 0x9e, 0xf7, 0xff, 
  0x9e, 0xf7, 0xff, 0x9e, 0xf7, 0xff, 0x9e, 0xf7, 0xff, 0x9e, 0xf7, 0xff, 
  0x9e, 0xf7, 0xff, 0xbd, 0xf7, 0xff, 0x9e, 0xf7, 0xff, 0xbd, 0xf7, 0xff, 
  0x9e, 0xf7, 0xff, 0xbd, 0xf7, 0xff, 0x9e, 0xf7, 0xff, 0xbd, 0xf7, 0xff, 
  0x9e, 0xf7, 0xff, 0xbd, 0xf7, 0xff, 0x9e, 0xf7, 0xff, 0xbd, 0xf7, 0xff, 
  0x9e, 0xf7, 0xff, 0xbd, 0xf7, 0xff, 0x9e, 0xf7, 0xff, 0x9e, 0xf7, 0xff, 
  0x9e, 0xf7, 0xff, 0x9e, 0xf7, 0xff, 0x9e, 0xf7, 0xff, 0x9e, 0xf7, 0xff, 
  0xbe, 0xf7, 0xff, 0xbe, 0xf7, 0xff, 0xbd, 0xf7, 0xff, 0xbd, 0xf7, 0xff, 
  0x9e, 0xf7, 0xff, 0x9e, 0xf7, 0xff, 0x9e, 0xf7, 0xff, 0x9e, 0xf7, 0xff, 
  0x9d, 0xf7, 0xff, 0xbd, 0xf7, 0xff, 0xbe, 0xf7, 0xff, 0xbd, 0xf7, 0xff, 
  0xbc, 0xff, 0xff, 0x57, 0xff, 0xff, 0xf2, 0xf6, 0xff, 0xce, 0xee, 0xff, 
  0xcc, 0xf6, 0xff, 0xcc, 0xfe, 0xff, 0xac, 0xfe, 0xff, 0x8c, 0xfe, 0xff, 
  0xac, 0xfe, 0xff, 0xac, 0xfe, 0xff, 0xac, 0xfe, 0xff, 0xac, 0xfe, 0xff, 
  0xac, 0xfe, 0xff, 0xac, 0xfe, 0xff, 0xac, 0xfe, 0xff, 0xac, 0xfe, 0xff, 
  0xac, 0xfe, 0xff, 0xac, 0xfe, 0xff, 0xac, 0xfe, 0xff, 0xac, 0xfe, 0xff, 
  0xac, 0xfe, 0xff, 0xac, 0xfe, 0xff, 0xac, 0xfe, 0xff, 0xac, 0xfe, 0xff, 
  0xac, 0xfe, 0xff, 0xac, 0xfe, 0xff, 0xac, 0xfe, 0xff, 0xac, 0xfe, 0xff, 
  0xac, 0xfe, 0xff, 0xac, 0xfe, 0xff, 0xac, 0xfe, 0xff, 0xac, 0xfe, 0xff, 
  0xac, 0xfe, 0xff, 0xac, 0xfe, 0xff, 0xac, 0xfe, 0xff, 0xac, 0xfe, 0xff, 
  0xac, 0xfe, 0xff, 0xcc, 0xfe, 0xff, 0xac, 0xfe, 0xff, 0xac, 0xfe, 0xff, 
  0xac, 0xfe, 0xff, 0xac, 0xfe, 0xff, 0xac, 0xfe, 0xff, 0xac, 0xfe, 0xff, 
  0xac, 0xfe, 0xff, 0xac, 0xfe, 0xff, 0xac, 0xfe, 0xff, 0xac, 0xfe, 0xff, 
  0xac, 0xfe, 0xff, 0xcd, 0xfe, 0xff, 0xcc, 0xfe, 0xff, 0xae, 0xf6, 0xff, 
  0x34, 0xf7, 0x00, 0xda, 0xff, 0x00, 0xfe, 0xff, 0x00, 0xff, 0xff, 0x00, 
  0xff, 0xff, 0x00, 0xff, 0xff, 0x00, 0xff, 0xff, 0x00, 0xff, 0xff, 0x00, 
  0xff, 0xff, 0x00, 0xfe, 0xff, 0x00, 0xfd, 0xff, 0x00, 0x11, 0xde, 0x00, 
  0xe2, 0xb3, 0xff, 0x41, 0xcc, 0xff, 0x20, 0xcc, 0xff, 0x40, 0xcc, 0xff, 
  0x40, 0xc4, 0xff, 0x40, 0xc4, 0xff, 0x20, 0xc4, 0xff, 0x20, 0xc4, 0xff, 
  0x40, 0xc4, 0xff, 0x40, 0xc4, 0xff, 0x20, 0xc4, 0xff, 0x21, 0xc4, 0xff, 
  0x21, 0xcc, 0xff, 0xe3, 0xb3, 0xff, 0xf0, 0xdd, 0xff, 0xfc, 0xff, 0xff, 
  0x9c, 0xf7, 0xff, 0x9d, 0xf7, 0xff, 0xbe, 0xf7, 0xff, 0x9e, 0xf7, 0xff, 
  0x9d, 0xf7, 0xff, 0x9d, 0xf7, 0xff, 0x9e, 0xf7, 0xff, 0x9e, 0xf7, 0xff, 
  0x9e, 0xf7, 0xff, 0x9e, 0xf7, 0xff, 0x9e, 0xf7, 0xff, 0x9e, 0xf7, 0xff, 
  0x9e, 0xf7, 0xff, 0x9e, 0xf7, 0xff, 0x9e, 0xf7, 0xff, 0x9e, 0xf7, 0xff, 
  0x9e, 0xf7, 0xff, 0x9e, 0xf7, 0xff, 0x9e, 0xf7, 0xff, 0x9e, 0xf7, 0xff, 
  0x9e, 0xf7, 0xff, 0x9e, 0xf7, 0xff, 0x9e, 0xf7, 0xff, 0x9e, 0xf7, 0xff, 
  0x9e, 0xf7, 0xff, 0x9e, 0xf7, 0xff, 0x9e, 0xf7, 0xff, 0x9e, 0xf7, 0xff, 
  0x9e, 0xf7, 0xff, 0x9e, 0xf7, 0xff, 0xbe, 0xf7, 0xff, 0xbe, 0xf7, 0xff, 
  0x9e, 0xf7, 0xff, 0x9e, 0xf7, 0xff, 0x9e, 0xf7, 0xff, 0x9e, 0xf7, 0xff, 
  0x9d, 0xf7, 0xff, 0xbd, 0xf7, 0xff, 0xbd, 0xf7, 0xff, 0xbc, 0xff, 0xff, 
  0x57, 0xff, 0xff, 0xf2, 0xfe, 0xff, 0xae, 0xf6, 0xff, 0xcc, 0xf6, 0xff, 
  0xcc, 0xfe, 0xff, 0xab, 0xfe, 0xff, 0x8c, 0xfe, 0xff, 0xad, 0xfe, 0xff, 
  0xac, 0xfe, 0xff, 0xac, 0xfe, 0xff, 0xab, 0xfe, 0xff, 0xab, 0xfe, 0xff, 
  0xac, 0xfe, 0xff, 0xac, 0xfe, 0xff, 0xac, 0xfe, 0xff, 0xac, 0xfe, 0xff, 
  0xac, 0xfe, 0xff, 0xac, 0xfe, 0xff, 0xac, 0xfe, 0xff, 0xac, 0xfe, 0xff, 
  0xac, 0xfe, 0xff, 0xac, 0xfe, 0xff, 0xac, 0xfe, 0xff, 0xac, 0xfe, 0xff, 
  0xac, 0xfe, 0xff, 0xac, 0xfe, 0xff, 0xac, 0xfe, 0xff, 0xac, 0xfe, 0xff, 
  0xac, 0xfe, 0xff, 0xac, 0xfe, 0xff, 0xac, 0xfe, 0xff, 0xac, 0xfe, 0xff, 
  0x8c, 0xfe, 0xff, 0xab, 0xfe, 0xff, 0xac, 0xfe, 0xff, 0xac, 0xfe, 0xff, 
  0xac, 0xfe, 0xff, 0xab, 0xfe, 0xff, 0x8c, 0xfe, 0xff, 0xac, 0xfe, 0xff, 
  0x8c, 0xfe, 0xff, 0xac, 0xfe, 0xff, 0x8c, 0xfe, 0xff, 0xac, 0xfe, 0xff, 
  0x8c, 0xfe, 0xff, 0xac, 0xfe, 0xff, 0x8c, 0xfe, 0xff, 0x8c, 0xfe, 0xff, 
  0x8c, 0xfe, 0xff, 0xab, 0xfe, 0xff, 0xab, 0xfe, 0xff, 0xad, 0xf6, 0xff, 
  0x12, 0xf7, 0x00, 0xb9, 0xff, 0x00, 0xfd, 0xff, 0x00, 0xff, 0xff, 0x00, 
  0xff, 0xff, 0x00, 0xff, 0xff, 0x00, 0xff, 0xff, 0x00, 0xff, 0xff, 0x00, 
  0xff, 0xff, 0x00, 0xfe, 0xff, 0x00, 0xfc, 0xff, 0x00, 0x11, 0xde, 0x00, 
  0xc2, 0xb3, 0xff, 0x21, 0xcc, 0xff, 0x20, 0xc4, 0xff, 0x20, 0xcc, 0xff, 
  0x20, 0xc4, 0xff, 0x20, 0xc4, 0xff, 0x20, 0xc4, 0xff, 0x20, 0xc4, 0xff, 
  0x20, 0xc4, 0xff, 0x20, 0xc4, 0xff, 0x20, 0xc4, 0xff, 0x20, 0xc4, 0xff, 
  0x20, 0xcc, 0xff, 0xe2, 0xb3, 0xff, 0xf0, 0xdd, 0xff, 0xfc, 0xff, 0xff, 
  0x9d, 0xf7, 0xff, 0x9e, 0xf7, 0xff, 0xbe, 0xf7, 0xff, 0x9e, 0xf7, 0xff, 
  0xbd, 0xf7, 0xff, 0xbe, 0xf7, 0xff, 0xbe, 0xf7, 0xff, 0x9e, 0xf7, 0xff, 
  0x9e, 0xf7, 0xff, 0x9e, 0xf7, 0xff, 0x9e, 0xf7, 0xff, 0x9e, 0xf7, 0xff, 
  0x9e, 0xf7, 0xff, 0x9e, 0xf7, 0xff, 0x9e, 0xf7, 0xff, 0x9e, 0xf7, 0xff, 
  0x9e, 0xf7, 0xff, 0x9e, 0xf7, 0xff, 0x9e, 0xf7, 0xff, 0x9e, 0xf7, 0xff, 
  0x9e, 0xf7, 0xff, 0x9e, 0xf7, 0xff, 0x9e, 0xf7, 0xff, 0x9e, 0xf7, 0xff, 
  0x9e, 0xf7, 0xff, 0x9e, 0xf7, 0xff, 0x9e, 0xf7, 0xff, 0x9e, 0xf7, 0xff, 
  0x9e, 0xf7, 0xff, 0x9e, 0xf7, 0xff, 0x9e, 0xf7, 0xff, 0x9e, 0xf7, 0xff, 
  0xbe, 0xf7, 0xff, 0xbe, 0xf7, 0xff, 0x9e, 0xf7, 0xff, 0x9e, 0xf7, 0xff, 
  0xbe, 0xf7, 0xff, 0xbd, 0xff, 0xff, 0x9b, 0xff, 0xff, 0x78, 0xff, 0xff, 
  0xd1, 0xf6, 0xff, 0xce, 0xfe, 0xff, 0xac, 0xf6, 0xff, 0xab, 0xfe, 0xff, 
  0xab, 0xfe, 0xff, 0xab, 0xfe, 0xff, 0x8c, 0xfe, 0xff, 0xac, 0xfe, 0xff, 
  0xac, 0xfe, 0xff, 0xab, 0xfe, 0xff, 0xab, 0xfe, 0xff, 0xab, 0xfe, 0xff, 
  0xac, 0xfe, 0xff, 0xac, 0xfe, 0xff, 0xac, 0xfe, 0xff, 0xac, 0xfe, 0xff, 
  0xac, 0xfe, 0xff, 0xac, 0xfe, 0xff, 0xac, 0xfe, 0xff, 0xac, 0xfe, 0xff, 
  0xac, 0xfe, 0xff, 0xac, 0xfe, 0xff, 0xac, 0xfe, 0xff, 0xac, 0xfe, 0xff, 
  0xac, 0xfe, 0xff, 0xac, 0xfe, 0xff, 0xac, 0xfe, 0xff, 0xac, 0xfe, 0xff, 
  0xac, 0xfe, 0xff, 0xac, 0xfe, 0xff, 0xac, 0xfe, 0xff, 0xab, 0xfe, 0xff, 
  0xab, 0xfe, 0xff, 0xac, 0xfe, 0xff, 0xac, 0xfe, 0xff, 0xab, 0xfe, 0xff, 
  0xab, 0xfe, 0xff, 0xab, 0xfe, 0xff, 0xac, 0xfe, 0xff, 0xac, 0xfe, 0xff, 
  0xab, 0xfe, 0xff, 0xab, 0xfe, 0xff, 0xac, 0xfe, 0xff, 0xab, 0xfe, 0xff, 
  0xac, 0xfe, 0xff, 0xac, 0xfe, 0xff, 0xac, 0xfe, 0xff, 0xac, 0xfe, 0xff, 
  0xac, 0xfe, 0xff, 0x8b, 0xfe, 0xff, 0xab, 0xfe, 0xff, 0xac, 0xfe, 0xff, 
  0x12, 0xff, 0x00, 0xd9, 0xff, 0x00, 0xfd, 0xff, 0x00, 0xff, 0xff, 0x00, 
  0xff, 0xff, 0x00, 0xff, 0xff, 0x00, 0xff, 0xff, 0x00, 0xff, 0xff, 0x00, 
  0xff, 0xff, 0x00, 0xfe, 0xff, 0x00, 0xfc, 0xff, 0x00, 0x11, 0xde, 0x00, 
  0xc3, 0xb3, 0xff, 0x21, 0xcc, 0xff, 0x00, 0xcc, 0xff, 0x00, 0xcc, 0xff, 
  0x20, 0xc4, 0xff, 0x20, 0xc4, 0xff, 0x20, 0xc4, 0xff, 0x20, 0xc4, 0xff, 
  0x20, 0xc4, 0xff, 0x20, 0xc4, 0xff, 0x20, 0xc4, 0xff, 0x20, 0xc4, 0xff, 
  0x40, 0xc4, 0xff, 0xe2, 0xb3, 0xff, 0xf0, 0xdd, 0xff, 0xdc, 0xff, 0xff, 
  0x7d, 0xf7, 0xff, 0x9e, 0xf7, 0xff, 0x9e, 0xf7, 0xff, 0x9e, 0xf7, 0xff, 
  0x9e, 0xf7, 0xff, 0x9e, 0xf7, 0xff, 0x9e, 0xf7, 0xff, 0x9e, 0xf7, 0xff, 
  0x9e, 0xf7, 0xff, 0x9e, 0xf7, 0xff, 0x9e, 0xf7, 0xff, 0x9e, 0xf7, 0xff, 
  0x9e, 0xf7, 0xff, 0x9e, 0xf7, 0xff, 0x9e, 0xf7, 0xff, 0x9e, 0xf7, 0xff, 
  0x9e, 0xf7, 0xff, 0x9e, 0xf7, 0xff, 0x9e, 0xf7, 0xff, 0x9e, 0xf7, 0xff, 
  0x9e, 0xf7, 0xff, 0x9e, 0xf7, 0xff, 0x9e, 0xf7, 0xff, 0xbe, 0xf7, 0xff, 
  0xbe, 0xf7, 0xff, 0xbe, 0xf7, 0xff, 0xbe, 0xf7, 0xff, 0xbd, 0xf7, 0xff, 
  0xbd, 0xf7, 0xff, 0xbd, 0xf7, 0xff, 0x9e, 0xf7, 0xff, 0xbe, 0xf7, 0xff, 
  0xbe, 0xef, 0xff, 0xbe, 0xef, 0xff, 0xbe, 0xf7, 0xff, 0x9e, 0xf7, 0xff, 
  0x9e, 0xff, 0xff, 0x7b, 0xff, 0xff, 0x57, 0xff, 0xff, 0x12, 0xff, 0xff, 
  0xad, 0xf6, 0xff, 0xac, 0xfe, 0xff, 0xac, 0xfe, 0xff, 0xac, 0xfe, 0xff, 
  0xac, 0xfe, 0xff, 0xac, 0xfe, 0xff, 0xab, 0xfe, 0xff, 0x8b, 0xfe, 0xff, 
  0xab, 0xfe, 0xff, 0xab, 0xfe, 0xff, 0xab, 0xfe, 0xff, 0xab, 0xfe, 0xff, 
  0xab, 0xfe, 0xff, 0xab, 0xfe, 0xff, 0xac, 0xfe, 0xff, 0xac, 0xfe, 0xff, 
  0xac, 0xfe, 0xff, 0xab, 0xfe, 0xff, 0xab, 0xfe, 0xff, 0xab, 0xfe, 0xff, 
  0xab, 0xfe, 0xff, 0xab, 0xfe, 0xff, 0xab, 0xfe, 0xff, 0xab, 0xfe, 0xff, 
  0xab, 0xfe, 0xff, 0xab, 0xfe, 0xff, 0xab, 0xfe, 0xff, 0xab, 0xfe, 0xff, 
  0xab, 0xfe, 0xff, 0xab, 0xfe, 0xff, 0xab, 0xfe, 0xff, 0xab, 0xfe, 0xff, 
  0x8b, 0xfe, 0xff, 0x8b, 0xfe, 0xff, 0x8b, 0xfe, 0xff, 0x8b, 0xfe, 0xff, 
  0x8b, 0xfe, 0xff, 0x8b, 0xfe, 0xff, 0xab, 0xfe, 0xff, 0xab, 0xfe, 0xff, 
  0xab, 0xfe, 0xff, 0xab, 0xfe, 0xff, 0xab, 0xfe, 0xff, 0xab, 0xfe, 0xff, 
  0xab, 0xfe, 0xff, 0xab, 0xfe, 0xff, 0xab, 0xfe, 0xff, 0xab, 0xfe, 0xff, 
  0x8c, 0xfe, 0xff, 0x8b, 0xfe, 0xff, 0xab, 0xfe, 0xff, 0xad, 0xfe, 0xff, 
  0x13, 0xff, 0x00, 0xb9, 0xff, 0x00, 0xfe, 0xff, 0x00, 0xff, 0xff, 0x00, 
  0xff, 0xff, 0x00, 0xff, 0xff, 0x00, 0xff, 0xff, 0x00, 0xfe, 0xff, 0x00, 
  0xfe, 0xff, 0x00, 0xfc, 0xff, 0x00, 0xfb, 0xff, 0x00, 0x10, 0xde, 0x00, 
  0xc3, 0xab, 0xff, 0x21, 0xcc, 0xff, 0x00, 0xcc, 0xff, 0x00, 0xcc, 0xff, 
  0x20, 0xc4, 0xff, 0x20, 0xc4, 0xff, 0x20, 0xc4, 0xff, 0x20, 0xc4, 0xff, 
  0x20, 0xc4, 0xff, 0x20, 0xc4, 0xff, 0x20, 0xc4, 0xff, 0x20, 0xc4, 0xff, 
  0x40, 0xc4, 0xff, 0xe2, 0xab, 0xff, 0xef, 0xdd, 0xff, 0xdb, 0xff, 0xff, 
  0x7c, 0xff, 0xff, 0x9d, 0xf7, 0xff, 0x9e, 0xf7, 0xff, 0x9d, 0xf7, 0xff, 
  0x9d, 0xf7, 0xff, 0x9d, 0xf7, 0xff, 0x9d, 0xf7, 0xff, 0x9d, 0xf7, 0xff, 
  0x9d, 0xf7, 0xff, 0x9d, 0xf7, 0xff, 0x9d, 0xf7, 0xff, 0x9d, 0xf7, 0xff, 
  0x9d, 0xf7, 0xff, 0x9d, 0xf7, 0xff, 0x9d, 0xf7, 0xff, 0x9d, 0xf7, 0xff, 
  0x9d, 0xf7, 0xff, 0x9d, 0xf7, 0xff, 0x9d, 0xf7, 0xff, 0x9d, 0xf7, 0xff, 
  0x9d, 0xf7, 0xff, 0x9d, 0xf7, 0xff, 0x9d, 0xf7, 0xff, 0x9d, 0xf7, 0xff, 
  0xbd, 0xf7, 0xff, 0xbd, 0xf7, 0xff, 0x9d, 0xf7, 0xff, 0x9c, 0xf7, 0xff, 
  0x9c, 0xf7, 0xff, 0x9d, 0xf7, 0xff, 0x9d, 0xf7, 0xff, 0x9d, 0xf7, 0xff, 
  0xbd, 0xf7, 0xff, 0xbd, 0xf7, 0xff, 0x9d, 0xf7, 0xff, 0x9d, 0xff, 0xff, 
  0x9c, 0xff, 0xff, 0x58, 0xff, 0xff, 0xf2, 0xfe, 0xff, 0x8d, 0xf6, 0xff, 
  0xac, 0xfe, 0xff, 0xab, 0xfe, 0xff, 0xab, 0xfe, 0xff, 0x8c, 0xfe, 0xff, 
  0x8b, 0xfe, 0xff, 0xab, 0xfe, 0xff, 0x8b, 0xfe, 0xff, 0x8b, 0xfe, 0xff, 
  0xab, 0xfe, 0xff, 0xab, 0xfe, 0xff, 0xab, 0xfe, 0xff, 0xab, 0xfe, 0xff, 
  0xab, 0xfe, 0xff, 0xab, 0xfe, 0xff, 0x8b, 0xfe, 0xff, 0x8b, 0xfe, 0xff, 
  0x8b, 0xfe, 0xff, 0xab, 0xfe, 0xff, 0xab, 0xfe, 0xff, 0xab, 0xfe, 0xff, 
  0xab, 0xfe, 0xff, 0xab, 0xfe, 0xff, 0xab, 0xfe, 0xff, 0xab, 0xfe, 0xff, 
  0xab, 0xfe, 0xff, 0xab, 0xfe, 0xff, 0xab, 0xfe, 0xff, 0xab, 0xfe, 0xff, 
  0xab, 0xfe, 0xff, 0xab, 0xfe, 0xff, 0xab, 0xfe, 0xff, 0xab, 0xfe, 0xff, 
  0xab, 0xfe, 0xff, 0x8b, 0xfe, 0xff, 0x8b, 0xfe, 0xff, 0x8b, 0xfe, 0xff, 
  0x8b, 0xfe, 0xff, 0x8b, 0xfe, 0xff, 0x8b, 0xfe, 0xff, 0x8b, 0xfe, 0xff, 
  0x8b, 0xfe, 0xff, 0x8b, 0xfe, 0xff, 0x8b, 0xfe, 0xff, 0x8b, 0xfe, 0xff, 
  0x8b, 0xfe, 0xff, 0x8b, 0xfe, 0xff, 0x8b, 0xfe, 0xff, 0x8b, 0xfe, 0xff, 
  0x8b, 0xfe, 0xff, 0xac, 0xfe, 0xff, 0x8b, 0xfe, 0xff, 0x8d, 0xfe, 0xff, 
  0x34, 0xff, 0x00, 0xdb, 0xff, 0x00, 0xfe, 0xff, 0x00, 0xff, 0xff, 0x00, 
  0xff, 0xff, 0x00, 0xff, 0xff, 0x00, 0xfe, 0xff, 0x00, 0xfd, 0xff, 0x00, 
  0xfc, 0xff, 0x00, 0xfb, 0xff, 0x00, 0xfa, 0xff, 0x00, 0x0f, 0xde, 0x00, 
  0x81, 0xa3, 0xff, 0xc0, 0xb3, 0xff, 0xe0, 0xc3, 0xff, 0xc0, 0xbb, 0xff, 
  0xc0, 0xbb, 0xff, 0xe0, 0xbb, 0xff, 0xe0, 0xbb, 0xff, 0xc0, 0xbb, 0xff, 
  0xc0, 0xbb, 0xff, 0xc0, 0xbb, 0xff, 0xe0, 0xbb, 0xff, 0xe0, 0xbb, 0xff, 
  0x00, 0xbc, 0xff, 0xa0, 0xa3, 0xff, 0xce, 0xdd, 0xff, 0xfa, 0xff, 0xff, 
  0x9b, 0xff, 0xff, 0xbc, 0xff, 0xff, 0xbc, 0xff, 0xff, 0xbc, 0xff, 0xff, 
  0xbc, 0xff, 0xff, 0xbc, 0xff, 0xff, 0xbc, 0xff, 0xff, 0xbc, 0xff, 0xff, 
  0xbc, 0xff, 0xff, 0xbc, 0xff, 0xff, 0xbc, 0xff, 0xff, 0xbc, 0xff, 0xff, 
  0xbc, 0xff, 0xff, 0xbc, 0xff, 0xff, 0xbc, 0xff, 0xff, 0xbc, 0xff, 0xff, 
  0xbc, 0xff, 0xff, 0xbc, 0xff, 0xff, 0xbc, 0xff, 0xff, 0xbc, 0xff, 0xff, 
  0xbc, 0xff, 0xff, 0xbc, 0xff, 0xff, 0xbc, 0xff, 0xff, 0xbc, 0xff, 0xff, 
  0xdc, 0xff, 0xff, 0xdc, 0xff, 0xff, 0xbc, 0xff, 0xff, 0xbc, 0xff, 0xff, 
  0xbc, 0xff, 0xff, 0xbc, 0xff, 0xff, 0xbb, 0xff, 0xff, 0xdb, 0xff, 0xff, 
  0xdc, 0xff, 0xff, 0xbc, 0xff, 0xff, 0xbc, 0xff, 0xff, 0xbb, 0xff, 0xff, 
  0x56, 0xff, 0xff, 0xd1, 0xf6, 0xff, 0x8d, 0xf6, 0xff, 0xac, 0xfe, 0xff, 
  0x8b, 0xfe, 0xff, 0x8b, 0xfe, 0xff, 0x8b, 0xfe, 0xff, 0x8b, 0xfe, 0xff, 
  0x8b, 0xfe, 0xff, 0x8b, 0xfe, 0xff, 0x8b, 0xfe, 0xff, 0x8b, 0xfe, 0xff, 
  0x8b, 0xfe, 0xff, 0x8b, 0xfe, 0xff, 0x8b, 0xfe, 0xff, 0x8b, 0xfe, 0xff, 
  0x8b, 0xfe, 0xff, 0x8b, 0xfe, 0xff, 0x8b, 0xfe, 0xff, 0x8b, 0xfe, 0xff, 
  0x8b, 0xfe, 0xff, 0x8b, 0xfe, 0xff, 0x8b, 0xfe, 0xff, 0x8b, 0xfe, 0xff, 
  0x8b, 0xfe, 0xff, 0x8b, 0xfe, 0xff, 0x8b, 0xfe, 0xff, 0x8b, 0xfe, 0xff, 
  0x8b, 0xfe, 0xff, 0x8b, 0xfe, 0xff, 0x8b, 0xfe, 0xff, 0x8b, 0xfe, 0xff, 
  0x8b, 0xfe, 0xff, 0x8b, 0xfe, 0xff, 0x8b, 0xfe, 0xff, 0x8b, 0xfe, 0xff, 
  0x8b, 0xfe, 0xff, 0x8b, 0xfe, 0xff, 0x8b, 0xfe, 0xff, 0x8b, 0xfe, 0xff, 
  0x8b, 0xfe, 0xff, 0x8b, 0xfe, 0xff, 0x8b, 0xfe, 0xff, 0x8b, 0xfe, 0xff, 
  0x8b, 0xfe, 0xff, 0x8b, 0xfe, 0xff, 0x8b, 0xfe, 0xff, 0x8b, 0xfe, 0xff, 
  0x8b, 0xfe, 0xff, 0x8b, 0xfe, 0xff, 0x8b, 0xfe, 0xff, 0x8b, 0xfe, 0xff, 
  0x8b, 0xfe, 0xff, 0x8b, 0xfe, 0xff, 0x8b, 0xfe, 0xff, 0x8e, 0xfe, 0xff, 
  0x35, 0xff, 0x00, 0xfb, 0xff, 0x00, 0xff, 0xff, 0x00, 0xff, 0xff, 0x00, 
  0xff, 0xff, 0x00, 0xff, 0xff, 0x00, 0xdc, 0xff, 0x00, 0x78, 0xff, 0x00, 
  0x56, 0xff, 0x00, 0x54, 0xff, 0x00, 0x54, 0xff, 0x00, 0x4e, 0xee, 0xff, 
  0x27, 0xd5, 0xff, 0x45, 0xe5, 0xff, 0x65, 0xe5, 0xff, 0x64, 0xe5, 0xff, 
  0x45, 0xe5, 0xff, 0x45, 0xe5, 0xff, 0x46, 0xe5, 0xff, 0x46, 0xe5, 0xff, 
  0x46, 0xe5, 0xff, 0x66, 0xe5, 0xff, 0x25, 0xdd, 0xff, 0x25, 0xdd, 0xff, 
  0x65, 0xe5, 0xff, 0x26, 0xd5, 0xff, 0x4e, 0xee, 0xff, 0x54, 0xff, 0xff, 
  0x15, 0xf7, 0xff, 0x36, 0xf7, 0xff, 0x16, 0xf7, 0xff, 0x36, 0xf7, 0xff, 
  0x36, 0xf7, 0xff, 0x36, 0xf7, 0xff, 0x16, 0xf7, 0xff, 0x15, 0xf7, 0xff, 
  0x15, 0xf7, 0xff, 0x15, 0xf7, 0xff, 0x16, 0xf7, 0xff, 0x15, 0xf7, 0xff, 
  0x16, 0xf7, 0xff, 0x15, 0xf7, 0xff, 0x16, 0xf7, 0xff, 0x15, 0xf7, 0xff, 
  0x16, 0xf7, 0xff, 0x15, 0xf7, 0xff, 0x16, 0xf7, 0xff, 0x15, 0xf7, 0xff, 
  0x16, 0xf7, 0xff, 0x15, 0xf7, 0xff, 0x16, 0xf7, 0xff, 0x36, 0xf7, 0xff, 
  0x36, 0xf7, 0xff, 0x36, 0xf7, 0xff, 0x16, 0xf7, 0xff, 0x16, 0xff, 0xff, 
  0x16, 0xff, 0xff, 0x16, 0xff, 0xff, 0x35, 0xf7, 0xff, 0x35, 0xf7, 0xff, 
  0x35, 0xf7, 0xff, 0x36, 0xf7, 0xff, 0x16, 0xf7, 0xff, 0x14, 0xff, 0xff, 
  0xd0, 0xf6, 0xff, 0xad, 0xf6, 0xff, 0x8b, 0xfe, 0xff, 0xab, 0xfe, 0xff, 
  0x8b, 0xfe, 0xff, 0x8b, 0xfe, 0xff, 0x8b, 0xfe, 0xff, 0x8b, 0xfe, 0xff, 
  0x8b, 0xfe, 0xff, 0x8b, 0xfe, 0xff, 0x8b, 0xfe, 0xff, 0x8b, 0xfe, 0xff, 
  0x8b, 0xfe, 0xff, 0x8b, 0xfe, 0xff, 0x8b, 0xfe, 0xff, 0xab, 0xfe, 0xff, 
  0x8a, 0xfe, 0xff, 0x8a, 0xfe, 0xff, 0x8b, 0xfe, 0xff, 0x8b, 0xfe, 0xff, 
  0x8b, 0xfe, 0xff, 0x8b, 0xfe, 0xff, 0x8b, 0xfe, 0xff, 0x8b, 0xfe, 0xff, 
  0x8b, 0xfe, 0xff, 0x8b, 0xfe, 0xff, 0x8b, 0xfe, 0xff, 0x8b, 0xfe, 0xff, 
  0x8b, 0xfe, 0xff, 0x8b, 0xfe, 0xff, 0x8b, 0xfe, 0xff, 0x8b, 0xfe, 0xff, 
  0x8b, 0xfe, 0xff, 0x8b, 0xfe, 0xff, 0x8b, 0xfe, 0xff, 0x8b, 0xfe, 0xff, 
  0x8b, 0xfe, 0xff, 0x8b, 0xfe, 0xff, 0x8b, 0xfe, 0xff, 0x8b, 0xfe, 0xff, 
  0x8b, 0xfe, 0xff, 0x8b, 0xfe, 0xff, 0x8b, 0xfe, 0xff, 0x8b, 0xfe, 0xff, 
  0x8b, 0xfe, 0xff, 0x8b, 0xfe, 0xff, 0x8b, 0xfe, 0xff, 0x8b, 0xfe, 0xff, 
  0x8b, 0xfe, 0xff, 0x8b, 0xfe, 0xff, 0x8b, 0xfe, 0xff, 0x8b, 0xfe, 0xff, 
  0x8b, 0xfe, 0xff, 0xab, 0xfe, 0xff, 0x8b, 0xfe, 0xff, 0x8e, 0xf6, 0xff, 
  0x56, 0xff, 0x00, 0xfc, 0xff, 0x00, 0xff, 0xff, 0x00, 0xff, 0xff, 0x00, 
  0xff, 0xff, 0x00, 0xfd, 0xff, 0x00, 0x77, 0xff, 0x00, 0xb0, 0xee, 0x00, 
  0x8d, 0xf6, 0xff, 0x8c, 0xf6, 0xff, 0x8c, 0xf6, 0xff, 0x6c, 0xfe, 0xff, 
  0xcc, 0xfe, 0xff, 0xcb, 0xfe, 0xff, 0xcb, 0xfe, 0xff, 0xcb, 0xfe, 0xff, 
  0xcb, 0xfe, 0xff, 0xcc, 0xfe, 0xff, 0xac, 0xfe, 0xff, 0xab, 0xfe, 0xff, 
  0xab, 0xfe, 0xff, 0xcc, 0xfe, 0xff, 0xcc, 0xfe, 0xff, 0xcc, 0xfe, 0xff, 
  0xeb, 0xfe, 0xff, 0xab, 0xfe, 0xff, 0x8c, 0xfe, 0xff, 0x8c, 0xf6, 0xff, 
  0x8c, 0xf6, 0xff, 0x6c, 0xf6, 0xff, 0x6d, 0xf6, 0xff, 0x6d, 0xf6, 0xff, 
  0x6d, 0xf6, 0xff, 0x6c, 0xfe, 0xff, 0x6c, 0xfe, 0xff, 0x6c, 0xfe, 0xff, 
  0x6c, 0xf6, 0xff, 0x6c, 0xf6, 0xff, 0x6c, 0xf6, 0xff, 0x6c, 0xf6, 0xff, 
  0x6c, 0xf6, 0xff, 0x6c, 0xf6, 0xff, 0x6c, 0xf6, 0xff, 0x6c, 0xf6, 0xff, 
  0x6c, 0xf6, 0xff, 0x6c, 0xf6, 0xff, 0x6c, 0xf6, 0xff, 0x6c, 0xf6, 0xff, 
  0x6c, 0xf6, 0xff, 0x6c, 0xf6, 0xff, 0x6c, 0xf6, 0xff, 0x6c, 0xf6, 0xff, 
  0x6d, 0xf6, 0xff, 0x6d, 0xf6, 0xff, 0x6d, 0xf6, 0xff, 0x6d, 0xf6, 0xff, 
  0x6d, 0xf6, 0xff, 0x6c, 0xf6, 0xff, 0x6c, 0xf6, 0xff, 0x8c, 0xf6, 0xff, 
  0x8c, 0xf6, 0xff, 0x8c, 0xf6, 0xff, 0x8d, 0xf6, 0xff, 0x6c, 0xf6, 0xff, 
  0x6c, 0xfe, 0xff, 0x8c, 0xfe, 0xff, 0xab, 0xfe, 0xff, 0xaa, 0xfe, 0xff, 
  0x8b, 0xfe, 0xff, 0x8b, 0xfe, 0xff, 0x8b, 0xfe, 0xff, 0x8a, 0xfe, 0xff, 
  0x8a, 0xfe, 0xff, 0x8b, 0xfe, 0xff, 0x8b, 0xfe, 0xff, 0x8b, 0xfe, 0xff, 
  0x8b, 0xfe, 0xff, 0x8b, 0xfe, 0xff, 0x8b, 0xfe, 0xff, 0x8a, 0xfe, 0xff, 
  0x8a, 0xfe, 0xff, 0x8b, 0xfe, 0xff, 0x8b, 0xfe, 0xff, 0x8b, 0xfe, 0xff, 
  0x8b, 0xfe, 0xff, 0x8b, 0xfe, 0xff, 0x8b, 0xfe, 0xff, 0x8b, 0xfe, 0xff, 
  0x8b, 0xfe, 0xff, 0x8b, 0xfe, 0xff, 0x8b, 0xfe, 0xff, 0x8b, 0xfe, 0xff, 
  0x8b, 0xfe, 0xff, 0x8b, 0xfe, 0xff, 0x8b, 0xfe, 0xff, 0x8b, 0xfe, 0xff, 
  0x8b, 0xfe, 0xff, 0x8b, 0xfe, 0xff, 0x8b, 0xfe, 0xff, 0x8b, 0xfe, 0xff, 
  0x8b, 0xfe, 0xff, 0x8b, 0xfe, 0xff, 0x8b, 0xfe, 0xff, 0x8b, 0xfe, 0xff, 
  0x8b, 0xfe, 0xff, 0x8b, 0xfe, 0xff, 0x8b, 0xfe, 0xff, 0x8b, 0xfe, 0xff, 
  0x8b, 0xfe, 0xff, 0x8b, 0xfe, 0xff, 0x8b, 0xfe, 0xff, 0x8b, 0xfe, 0xff, 
  0x8b, 0xfe, 0xff, 0x8b, 0xfe, 0xff, 0x8b, 0xfe, 0xff, 0x8b, 0xfe, 0xff, 
  0x8a, 0xfe, 0xff, 0xaa, 0xfe, 0xff, 0x8a, 0xfe, 0xff, 0x8d, 0xf6, 0xff, 
  0x76, 0xff, 0x00, 0xfd, 0xff, 0x00, 0xff, 0xff, 0x00, 0xff, 0xff, 0x00, 
  0xff, 0xff, 0x00, 0xfd, 0xff, 0x00, 0x76, 0xff, 0x00, 0x8f, 0xf6, 0xff, 
  0xab, 0xfe, 0xff, 0x89, 0xfe, 0xff, 0x6a, 0xfe, 0xff, 0xab, 0xfe, 0xff, 
  0xaa, 0xfe, 0xff, 0xaa, 0xfe, 0xff, 0x8a, 0xfe, 0xff, 0xaa, 0xfe, 0xff, 
  0xab, 0xfe, 0xff, 0x8b, 0xfe, 0xff, 0x6b, 0xfe, 0xff, 0x8b, 0xfe, 0xff, 
  0x8a, 0xfe, 0xff, 0x8a, 0xfe, 0xff, 0x6a, 0xfe, 0xff, 0x6a, 0xfe, 0xff, 
  0x69, 0xfe, 0xff, 0xaa, 0xfe, 0xff, 0x8a, 0xfe, 0xff, 0x8a, 0xfe, 0xff, 
  0xaa, 0xfe, 0xff, 0xaa, 0xfe, 0xff, 0x8a, 0xfe, 0xff, 0x8a, 0xfe, 0xff, 
  0x8a, 0xfe, 0xff, 0x8a, 0xfe, 0xff, 0x89, 0xfe, 0xff, 0x89, 0xfe, 0xff, 
  0x8a, 0xfe, 0xff, 0x8a, 0xfe, 0xff, 0x8a, 0xfe, 0xff, 0x8a, 0xfe, 0xff, 
  0x8a, 0xfe, 0xff, 0x8a, 0xfe, 0xff, 0x8a, 0xfe, 0xff, 0x8a, 0xfe, 0xff, 
  0x8a, 0xfe, 0xff, 0x8a, 0xfe, 0xff, 0x8a, 0xfe, 0xff, 0x8a, 0xfe, 0xff, 
  0x8a, 0xfe, 0xff, 0x8a, 0xfe, 0xff, 0x8a, 0xfe, 0xff, 0x8a, 0xfe, 0xff, 
  0x8a, 0xfe, 0xff, 0x8a, 0xfe, 0xff, 0x8a, 0xfe, 0xff, 0x8a, 0xfe, 0xff, 
  0x8a, 0xfe, 0xff, 0xaa, 0xfe, 0xff, 0x8a, 0xfe, 0xff, 0x8a, 0xfe, 0xff, 
  0x89, 0xfe, 0xff, 0x8a, 0xfe, 0xff, 0x8a, 0xfe, 0xff, 0x8a, 0xfe, 0xff, 
  0x8b, 0xfe, 0xff, 0x8b, 0xfe, 0xff, 0x8a, 0xfe, 0xff, 0x8a, 0xfe, 0xff, 
  0x8a, 0xfe, 0xff, 0x8a, 0xfe, 0xff, 0x8a, 0xfe, 0xff, 0x8a, 0xfe, 0xff, 
  0x8a, 0xfe, 0xff, 0x8a, 0xfe, 0xff, 0x8a, 0xfe, 0xff, 0x8a, 0xfe, 0xff, 
  0x8b, 0xfe, 0xff, 0x8b, 0xfe, 0xff, 0x8a, 0xfe, 0xff, 0x8a, 0xfe, 0xff, 
  0x8a, 0xfe, 0xff, 0x8a, 0xfe, 0xff, 0x8b, 0xfe, 0xff, 0x8b, 0xfe, 0xff, 
  0x8a, 0xfe, 0xff, 0x8a, 0xfe, 0xff, 0x8a, 0xfe, 0xff, 0x8a, 0xfe, 0xff, 
  0x8a, 0xfe, 0xff, 0x8a, 0xfe, 0xff, 0x8a, 0xfe, 0xff, 0x8a, 0xfe, 0xff, 
  0x8a, 0xfe, 0xff, 0x8a, 0xfe, 0xff, 0x8a, 0xfe, 0xff, 0x8a, 0xfe, 0xff, 
  0x8a, 0xfe, 0xff, 0x8a, 0xfe, 0xff, 0x8a, 0xfe, 0xff, 0x8a, 0xfe, 0xff, 
  0x8a, 0xfe, 0xff, 0x8a, 0xfe, 0xff, 0x8a, 0xfe, 0xff, 0x8a, 0xfe, 0xff, 
  0x8a, 0xfe, 0xff, 0x8a, 0xfe, 0xff, 0x8a, 0xfe, 0xff, 0x8a, 0xfe, 0xff, 
  0x8a, 0xfe, 0xff, 0x8a, 0xfe, 0xff, 0x8a, 0xfe, 0xff, 0x8a, 0xfe, 0xff, 
  0x8a, 0xfe, 0xff, 0x8a, 0xfe, 0xff, 0x8a, 0xfe, 0xff, 0x8a, 0xfe, 0xff, 
  0x8a, 0xfe, 0xff, 0xaa, 0xfe, 0xff, 0x69, 0xfe, 0xff, 0x6c, 0xf6, 0x00, 
  0x97, 0xff, 0x00, 0xfd, 0xff, 0x00, 0xff, 0xff, 0x00, 0xff, 0xff, 0x00, 
  0xff, 0xff, 0x00, 0xfe, 0xff, 0x00, 0x77, 0xff, 0x00, 0xb0, 0xf6, 0xff, 
  0xab, 0xfe, 0xff, 0xaa, 0xfe, 0xff, 0x8a, 0xfe, 0xff, 0x8a, 0xfe, 0xff, 
  0x8a, 0xfe, 0xff, 0x8a, 0xfe, 0xff, 0x8a, 0xfe, 0xff, 0x8a, 0xfe, 0xff, 
  0x8b, 0xfe, 0xff, 0x8b, 0xfe, 0xff, 0x6b, 0xfe, 0xff, 0x8b, 0xfe, 0xff, 
  0x8a, 0xfe, 0xff, 0x8a, 0xfe, 0xff, 0xab, 0xfe, 0xff, 0x8b, 0xfe, 0xff, 
  0x8a, 0xfe, 0xff, 0x8a, 0xfe, 0xff, 0x8a, 0xfe, 0xff, 0xaa, 0xfe, 0xff, 
  0xaa, 0xfe, 0xff, 0xaa, 0xfe, 0xff, 0x8a, 0xfe, 0xff, 0x8a, 0xfe, 0xff, 
  0x8a, 0xfe, 0xff, 0x8a, 0xfe, 0xff, 0x8a, 0xfe, 0xff, 0x8a, 0xfe, 0xff, 
  0x8a, 0xfe, 0xff, 0x8a, 0xfe, 0xff, 0x8a, 0xfe, 0xff, 0x8a, 0xfe, 0xff, 
  0x8a, 0xfe, 0xff, 0x8a, 0xfe, 0xff, 0x8a, 0xfe, 0xff, 0x8a, 0xfe, 0xff, 
  0x8a, 0xfe, 0xff, 0x8a, 0xfe, 0xff, 0x8a, 0xfe, 0xff, 0x8a, 0xfe, 0xff, 
  0x8a, 0xfe, 0xff, 0x8a, 0xfe, 0xff, 0x8a, 0xfe, 0xff, 0x8a, 0xfe, 0xff, 
  0x8a, 0xfe, 0xff, 0x8a, 0xfe, 0xff, 0x8a, 0xfe, 0xff, 0xaa, 0xfe, 0xff, 
  0xa9, 0xfe, 0xff, 0xa9, 0xfe, 0xff, 0x8a, 0xfe, 0xff, 0x8a, 0xfe, 0xff, 
  0x8a, 0xfe, 0xff, 0x8a, 0xfe, 0xff, 0x8a, 0xfe, 0xff, 0x8a, 0xfe, 0xff, 
  0x8a, 0xfe, 0xff, 0x8a, 0xfe, 0xff, 0x8a, 0xfe, 0xff, 0x8a, 0xfe, 0xff, 
  0x8a, 0xfe, 0xff, 0x8a, 0xfe, 0xff, 0x8a, 0xfe, 0xff, 0x8a, 0xfe, 0xff, 
  0x8a, 0xfe, 0xff, 0x8a, 0xfe, 0xff, 0x8a, 0xfe, 0xff, 0x8a, 0xfe, 0xff, 
  0x8a, 0xfe, 0xff, 0x8b, 0xfe, 0xff, 0x8b, 0xfe, 0xff, 0x8a, 0xfe, 0xff, 
  0x8a, 0xfe, 0xff, 0x8a, 0xfe, 0xff, 0x8a, 0xfe, 0xff, 0x8a, 0xfe, 0xff, 
  0x8a, 0xfe, 0xff, 0x8a, 0xfe, 0xff, 0x8a, 0xfe, 0xff, 0x8a, 0xfe, 0xff, 
  0x8a, 0xfe, 0xff, 0x8a, 0xfe, 0xff, 0x8a, 0xfe, 0xff, 0x8a, 0xfe, 0xff, 
  0x8a, 0xfe, 0xff, 0x8a, 0xfe, 0xff, 0x8a, 0xfe, 0xff, 0x8a, 0xfe, 0xff, 
  0x8a, 0xfe, 0xff, 0x8a, 0xfe, 0xff, 0x8a, 0xfe, 0xff, 0x8a, 0xfe, 0xff, 
  0x8a, 0xfe, 0xff, 0x8a, 0xfe, 0xff, 0x8a, 0xfe, 0xff, 0x8a, 0xfe, 0xff, 
  0x8a, 0xfe, 0xff, 0x8a, 0xfe, 0xff, 0x8a, 0xfe, 0xff, 0x8a, 0xfe, 0xff, 
  0x8a, 0xfe, 0xff, 0x8a, 0xfe, 0xff, 0x8a, 0xfe, 0xff, 0x8a, 0xfe, 0xff, 
  0x8a, 0xfe, 0xff, 0x8a, 0xfe, 0xff, 0x8a, 0xfe, 0xff, 0x8a, 0xfe, 0xff, 
  0x8a, 0xfe, 0xff, 0xaa, 0xfe, 0xff, 0x69, 0xfe, 0xff, 0x6c, 0xf6, 0x00, 
  0x98, 0xff, 0x00, 0xfd, 0xff, 0x00, 0xff, 0xff, 0x00, 0xff, 0xff, 0x00, 
  0xff, 0xff, 0x00, 0xfe, 0xff, 0x00, 0x98, 0xff, 0x00, 0xd1, 0xf6, 0x00, 
  0x8c, 0xf6, 0xff, 0xaa, 0xfe, 0xff, 0x8a, 0xfe, 0xff, 0x8a, 0xfe, 0xff, 
  0x69, 0xfe, 0xff, 0x69, 0xfe, 0xff, 0x8a, 0xfe, 0xff, 0x8a, 0xfe, 0xff, 
  0x8b, 0xfe, 0xff, 0x8b, 0xfe, 0xff, 0x8a, 0xfe, 0xff, 0x8a, 0xfe, 0xff, 
  0x8a, 0xfe, 0xff, 0x8a, 0xfe, 0xff, 0x8b, 0xfe, 0xff, 0x8a, 0xfe, 0xff, 
  0x8a, 0xfe, 0xff, 0x8a, 0xfe, 0xff, 0x8b, 0xfe, 0xff, 0x8a, 0xfe, 0xff, 
  0x8a, 0xfe, 0xff, 0x89, 0xfe, 0xff, 0x8a, 0xfe, 0xff, 0x8a, 0xfe, 0xff, 
  0x8a, 0xfe, 0xff, 0x8a, 0xfe, 0xff, 0x8a, 0xfe, 0xff, 0x8a, 0xfe, 0xff, 
  0x8a, 0xfe, 0xff, 0x8a, 0xfe, 0xff, 0x8a, 0xfe, 0xff, 0x8a, 0xfe, 0xff, 
  0x8a, 0xfe, 0xff, 0x8a, 0xfe, 0xff, 0x8a, 0xfe, 0xff, 0x8a, 0xfe, 0xff, 
  0x8a, 0xfe, 0xff, 0x8a, 0xfe, 0xff, 0x8a, 0xfe, 0xff, 0x8a, 0xfe, 0xff, 
  0x8a, 0xfe, 0xff, 0x8a, 0xfe, 0xff, 0x8a, 0xfe, 0xff, 0x8a, 0xfe, 0xff, 
  0x89, 0xfe, 0xff, 0x89, 0xfe, 0xff, 0x8a, 0xfe, 0xff, 0x8a, 0xfe, 0xff, 
  0x89, 0xfe, 0xff, 0x89, 0xfe, 0xff, 0x8a, 0xfe, 0xff, 0x8a, 0xfe, 0xff, 
  0x6a, 0xfe, 0xff, 0x6a, 0xfe, 0xff, 0x6a, 0xfe, 0xff, 0x6a, 0xfe, 0xff, 
  0x8a, 0xfe, 0xff, 0x89, 0xfe, 0xff, 0x8a, 0xfe, 0xff, 0x8a, 0xfe, 0xff, 
  0x8a, 0xfe, 0xff, 0x8a, 0xfe, 0xff, 0x8a, 0xfe, 0xff, 0x89, 0xfe, 0xff, 
  0x89, 0xfe, 0xff, 0x89, 0xfe, 0xff, 0x89, 0xfe, 0xff, 0x8a, 0xfe, 0xff, 
  0x8a, 0xfe, 0xff, 0x8a, 0xfe, 0xff, 0x8a, 0xfe, 0xff, 0x8a, 0xfe, 0xff, 
  0x8a, 0xfe, 0xff, 0x8a, 0xfe, 0xff, 0x8a, 0xfe, 0xff, 0x8a, 0xfe, 0xff, 
  0x8a, 0xfe, 0xff, 0x8a, 0xfe, 0xff, 0x8a, 0xfe, 0xff, 0x8a, 0xfe, 0xff, 
  0x8a, 0xfe, 0xff, 0x8a, 0xfe, 0xff, 0x8a, 0xfe, 0xff, 0x8a, 0xfe, 0xff, 
  0x8a, 0xfe, 0xff, 0x8a, 0xfe, 0xff, 0x8a, 0xfe, 0xff, 0x8a, 0xfe, 0xff, 
  0x8a, 0xfe, 0xff, 0x8a, 0xfe, 0xff, 0x8a, 0xfe, 0xff, 0x8a, 0xfe, 0xff, 
  0x8a, 0xfe, 0xff, 0x8a, 0xfe, 0xff, 0x8a, 0xfe, 0xff, 0x8a, 0xfe, 0xff, 
  0x8a, 0xfe, 0xff, 0x8a, 0xfe, 0xff, 0x8a, 0xfe, 0xff, 0x8a, 0xfe, 0xff, 
  0x8a, 0xfe, 0xff, 0x8a, 0xfe, 0xff, 0x8a, 0xfe, 0xff, 0x8a, 0xfe, 0xff, 
  0x8a, 0xfe, 0xff, 0x8a, 0xfe, 0xff, 0x8a, 0xfe, 0xff, 0x8a, 0xfe, 0xff, 
  0x8a, 0xfe, 0xff, 0x8a, 0xfe, 0xff, 0x69, 0xfe, 0xff, 0x6c, 0xf6, 0x00, 
  0x98, 0xff, 0x00, 0xfe, 0xff, 0x00, 0xff, 0xff, 0x00, 0xff, 0xff, 0x00, 
  0xff, 0xff, 0x00, 0xfd, 0xff, 0x00, 0x98, 0xff, 0x00, 0xf1, 0xfe, 0x00, 
  0x6b, 0xf6, 0xff, 0x89, 0xfe, 0xff, 0x89, 0xfe, 0xff, 0x89, 0xfe, 0xff, 
  0x89, 0xfe, 0xff, 0x8a, 0xfe, 0xff, 0x6a, 0xfe, 0xff, 0x6a, 0xfe, 0xff, 
  0x8b, 0xfe, 0xff, 0x8a, 0xfe, 0xff, 0xa9, 0xfe, 0xff, 0x89, 0xfe, 0xff, 
  0x89, 0xfe, 0xff, 0x89, 0xfe, 0xff, 0x8a, 0xfe, 0xff, 0x89, 0xfe, 0xff, 
  0x8a, 0xfe, 0xff, 0x8a, 0xfe, 0xff, 0x8a, 0xfe, 0xff, 0x6a, 0xfe, 0xff, 
  0x6a, 0xfe, 0xff, 0x8a, 0xfe, 0xff, 0x8a, 0xfe, 0xff, 0x89, 0xfe, 0xff, 
  0x89, 0xfe, 0xff, 0x89, 0xfe, 0xff, 0x89, 0xfe, 0xff, 0x8a, 0xfe, 0xff, 
  0x8a, 0xfe, 0xff, 0x8a, 0xfe, 0xff, 0x8a, 0xfe, 0xff, 0x8a, 0xfe, 0xff, 
  0x8a, 0xfe, 0xff, 0x8a, 0xfe, 0xff, 0x8a, 0xfe, 0xff, 0x8a, 0xfe, 0xff, 
  0x8a, 0xfe, 0xff, 0x8a, 0xfe, 0xff, 0x8a, 0xfe, 0xff, 0x8a, 0xfe, 0xff, 
  0x8a, 0xfe, 0xff, 0x8a, 0xfe, 0xff, 0x8a, 0xfe, 0xff, 0x8a, 0xfe, 0xff, 
  0x89, 0xfe, 0xff, 0x89, 0xfe, 0xff, 0x8a, 0xfe, 0xff, 0x8a, 0xfe, 0xff, 
  0x8a, 0xfe, 0xff, 0x8a, 0xfe, 0xff, 0x89, 0xfe, 0xff, 0x89, 0xfe, 0xff, 
  0x8a, 0xfe, 0xff, 0x8a, 0xfe, 0xff, 0x8a, 0xfe, 0xff, 0x8a, 0xfe, 0xff, 
  0x89, 0xfe, 0xff, 0x89, 0xfe, 0xff, 0x8a, 0xfe, 0xff, 0x8a, 0xfe, 0xff, 
  0x6a, 0xfe, 0xff, 0x8a, 0xfe, 0xff, 0x89, 0xfe, 0xff, 0x89, 0xfe, 0xff, 
  0x89, 0xfe, 0xff, 0x89, 0xfe, 0xff, 0x8a, 0xfe, 0xff, 0x8a, 0xfe, 0xff, 
  0x6a, 0xfe, 0xff, 0x8a, 0xfe, 0xff, 0x89, 0xfe, 0xff, 0x89, 0xfe, 0xff, 
  0x8a, 0xfe, 0xff, 0x8a, 0xfe, 0xff, 0x8a, 0xfe, 0xff, 0x8a, 0xfe, 0xff, 
  0x8a, 0xfe, 0xff, 0x8a, 0xfe, 0xff, 0x8a, 0xfe, 0xff, 0x8a, 0xfe, 0xff, 
  0x8a, 0xfe, 0xff, 0x8a, 0xfe, 0xff, 0x8a, 0xfe, 0xff, 0x8a, 0xfe, 0xff, 
  0x8a, 0xfe, 0xff, 0x8a, 0xfe, 0xff, 0x8a, 0xfe, 0xff, 0x8a, 0xfe, 0xff, 
  0x8a, 0xfe, 0xff, 0x8a, 0xfe, 0xff, 0x8a, 0xfe, 0xff, 0x8a, 0xfe, 0xff, 
  0x8a, 0xfe, 0xff, 0x89, 0xfe, 0xff, 0x8a, 0xfe, 0xff, 0x89, 0xfe, 0xff, 
  0x8a, 0xfe, 0xff, 0x89, 0xfe, 0xff, 0x8a, 0xfe, 0xff, 0x8a, 0xfe, 0xff, 
  0x8a, 0xfe, 0xff, 0x8a, 0xfe, 0xff, 0x8a, 0xfe, 0xff, 0x8a, 0xfe, 0xff, 
  0x8a, 0xfe, 0xff, 0x8a, 0xfe, 0xff, 0x8a, 0xfe, 0xff, 0x8a, 0xfe, 0xff, 
  0x8a, 0xfe, 0xff, 0x8a, 0xfe, 0xff, 0x69, 0xfe, 0xff, 0x8d, 0xfe, 0x00, 
  0x99, 0xff, 0x00, 0xfe, 0xff, 0x00, 0xff, 0xff, 0x00, 0xff, 0xff, 0x00, 
  0xff, 0xff, 0x00, 0xfd, 0xff, 0x00, 0xb9, 0xff, 0x00, 0xf2, 0xfe, 0x00, 
  0x6b, 0xf6, 0xff, 0x89, 0xfe, 0xff, 0x69, 0xfe, 0xff, 0x89, 0xfe, 0xff, 
  0x69, 0xfe, 0xff, 0x69, 0xfe, 0xff, 0x6a, 0xfe, 0xff, 0x6a, 0xfe, 0xff, 
  0x6a, 0xfe, 0xff, 0x8a, 0xfe, 0xff, 0x89, 0xfe, 0xff, 0x88, 0xfe, 0xff, 
  0x89, 0xfe, 0xff, 0x89, 0xfe, 0xff, 0x69, 0xfe, 0xff, 0x89, 0xfe, 0xff, 
  0x89, 0xfe, 0xff, 0x69, 0xfe, 0xff, 0x6a, 0xfe, 0xff, 0x6a, 0xfe, 0xff, 
  0x6a, 0xfe, 0xff, 0x69, 0xfe, 0xff, 0x89, 0xfe, 0xff, 0x89, 0xfe, 0xff, 
  0x89, 0xfe, 0xff, 0x89, 0xfe, 0xff, 0x89, 0xfe, 0xff, 0x89, 0xfe, 0xff, 
  0x89, 0xfe, 0xff, 0x89, 0xfe, 0xff, 0x69, 0xfe, 0xff, 0x89, 0xfe, 0xff, 
  0x69, 0xfe, 0xff, 0x89, 0xfe, 0xff, 0x69, 0xfe, 0xff, 0x89, 0xfe, 0xff, 
  0x69, 0xfe, 0xff, 0x89, 0xfe, 0xff, 0x69, 0xfe, 0xff, 0x89, 0xfe, 0xff, 
  0x69, 0xfe, 0xff, 0x89, 0xfe, 0xff, 0x69, 0xfe, 0xff, 0x89, 0xfe, 0xff, 
  0x89, 0xfe, 0xff, 0x89, 0xfe, 0xff, 0x6a, 0xfe, 0xff, 0x6a, 0xfe, 0xff, 
  0x6a, 0xfe, 0xff, 0x8a, 0xfe, 0xff, 0x89, 0xfe, 0xff, 0x89, 0xfe, 0xff, 
  0x89, 0xfe, 0xff, 0x89, 0xfe, 0xff, 0x89, 0xfe, 0xff, 0x89, 0xfe, 0xff, 
  0x89, 0xfe, 0xff, 0x89, 0xfe, 0xff, 0x8a, 0xfe, 0xff, 0x6a, 0xfe, 0xff, 
  0x6a, 0xfe, 0xff, 0x6a, 0xfe, 0xff, 0x89, 0xfe, 0xff, 0x89, 0xfe, 0xff, 
  0x89, 0xfe, 0xff, 0x89, 0xfe, 0xff, 0x6a, 0xfe, 0xff, 0x6a, 0xfe, 0xff, 
  0x69, 0xfe, 0xff, 0x69, 0xfe, 0xff, 0x69, 0xfe, 0xff, 0x69, 0xfe, 0xff, 
  0x89, 0xfe, 0xff, 0x89, 0xfe, 0xff, 0x89, 0xfe, 0xff, 0x89, 0xfe, 0xff, 
  0x89, 0xfe, 0xff, 0x89, 0xfe, 0xff, 0x69, 0xfe, 0xff, 0x89, 0xfe, 0xff, 
  0x69, 0xfe, 0xff, 0x89, 0xfe, 0xff, 0x69, 0xfe, 0xff, 0x89, 0xfe, 0xff, 
  0x69, 0xfe, 0xff, 0x89, 0xfe, 0xff, 0x69, 0xfe, 0xff, 0x89, 0xfe, 0xff, 
  0x69, 0xfe, 0xff, 0x89, 0xfe, 0xff, 0x69, 0xfe, 0xff, 0x89, 0xfe, 0xff, 
  0x89, 0xfe, 0xff, 0x89, 0xfe, 0xff, 0x89, 0xfe, 0xff, 0x89, 0xfe, 0xff, 
  0x89, 0xfe, 0xff, 0x89, 0xfe, 0xff, 0x89, 0xfe, 0xff, 0x89, 0xfe, 0xff, 
  0x69, 0xfe, 0xff, 0x69, 0xfe, 0xff, 0x69, 0xfe, 0xff, 0x69, 0xfe, 0xff, 
  0x69, 0xfe, 0xff, 0x69, 0xfe, 0xff, 0x69, 0xfe, 0xff, 0x69, 0xfe, 0xff, 
  0x8a, 0xfe, 0xff, 0x6a, 0xfe, 0xff, 0x6a, 0xfe, 0xff, 0x8e, 0xfe, 0x00, 
  0xb9, 0xff, 0x00, 0xfe, 0xff, 0x00, 0xff, 0xff, 0x00, 0xff, 0xff, 0x00, 
  0xff, 0xff, 0x00, 0xfe, 0xff, 0x00, 0xdb, 0xff, 0x00, 0x13, 0xff, 0x00, 
  0x8b, 0xfe, 0xff, 0x68, 0xfe, 0xff, 0x89, 0xfe, 0xff, 0x89, 0xfe, 0xff, 
  0x89, 0xfe, 0xff, 0x89, 0xfe, 0xff, 0x69, 0xfe, 0xff, 0x6a, 0xfe, 0xff, 
  0x6a, 0xfe, 0xff, 0x69, 0xfe, 0xff, 0x89, 0xfe, 0xff, 0x89, 0xfe, 0xff, 
  0x89, 0xfe, 0xff, 0x69, 0xfe, 0xff, 0x69, 0xfe, 0xff, 0x69, 0xfe, 0xff, 
  0x69, 0xfe, 0xff, 0x69, 0xfe, 0xff, 0x69, 0xfe, 0xff, 0x69, 0xfe, 0xff, 
  0x69, 0xfe, 0xff, 0x69, 0xfe, 0xff, 0x69, 0xfe, 0xff, 0x89, 0xfe, 0xff, 
  0x69, 0xfe, 0xff, 0x89, 0xfe, 0xff, 0x69, 0xfe, 0xff, 0x69, 0xfe, 0xff, 
  0x69, 0xfe, 0xff, 0x69, 0xfe, 0xff, 0x69, 0xfe, 0xff, 0x69, 0xfe, 0xff, 
  0x69, 0xfe, 0xff, 0x69, 0xfe, 0xff, 0x69, 0xfe, 0xff, 0x69, 0xfe, 0xff, 
  0x69, 0xfe, 0xff, 0x69, 0xfe, 0xff, 0x69, 0xfe, 0xff, 0x69, 0xfe, 0xff, 
  0x69, 0xfe, 0xff, 0x69, 0xfe, 0xff, 0x69, 0xfe, 0xff, 0x69, 0xfe, 0xff, 
  0x69, 0xfe, 0xff, 0x69, 0xfe, 0xff, 0x69, 0xfe, 0xff, 0x69, 0xfe, 0xff, 
  0x69, 0xfe, 0xff, 0x89, 0xfe, 0xff, 0x69, 0xfe, 0xff, 0x89, 0xfe, 0xff, 
  0x89, 0xfe, 0xff, 0x89, 0xfe, 0xff, 0x89, 0xfe, 0xff, 0x89, 0xfe, 0xff, 
  0x89, 0xfe, 0xff, 0x89, 0xfe, 0xff, 0x89, 0xfe, 0xff, 0x69, 0xfe, 0xff, 
  0x69, 0xfe, 0xff, 0x69, 0xfe, 0xff, 0x69, 0xfe, 0xff, 0x69, 0xfe, 0xff, 
  0x69, 0xfe, 0xff, 0x69, 0xfe, 0xff, 0x69, 0xfe, 0xff, 0x69, 0xfe, 0xff, 
  0x69, 0xfe, 0xff, 0x69, 0xfe, 0xff, 0x69, 0xfe, 0xff, 0x69, 0xfe, 0xff, 
  0x69, 0xfe, 0xff, 0x89, 0xfe, 0xff, 0x89, 0xfe, 0xff, 0x89, 0xfe, 0xff, 
  0x89, 0xfe, 0xff, 0x89, 0xfe, 0xff, 0x69, 0xfe, 0xff, 0x89, 0xfe, 0xff, 
  0x69, 0xfe, 0xff, 0x89, 0xfe, 0xff, 0x69, 0xfe, 0xff, 0x89, 0xfe, 0xff, 
  0x69, 0xfe, 0xff, 0x89, 0xfe, 0xff, 0x69, 0xfe, 0xff, 0x89, 0xfe, 0xff, 
  0x69, 0xfe, 0xff, 0x89, 0xfe, 0xff, 0x69, 0xfe, 0xff, 0x69, 0xfe, 0xff, 
  0x69, 0xfe, 0xff, 0x69, 0xfe, 0xff, 0x69, 0xfe, 0xff, 0x69, 0xfe, 0xff, 
  0x69, 0xfe, 0xff, 0x69, 0xfe, 0xff, 0x69, 0xfe, 0xff, 0x69, 0xfe, 0xff, 
  0x69, 0xfe, 0xff, 0x69, 0xfe, 0xff, 0x69, 0xfe, 0xff, 0x69, 0xfe, 0xff, 
  0x69, 0xfe, 0xff, 0x69, 0xfe, 0xff, 0x69, 0xfe, 0xff, 0x89, 0xfe, 0xff, 
  0x89, 0xfe, 0xff, 0x69, 0xfe, 0xff, 0x6a, 0xfe, 0xff, 0xcf, 0xfe, 0x00, 
  0xba, 0xff, 0x00, 0xff, 0xff, 0x00, 0xff, 0xff, 0x00, 0xff, 0xff, 0x00, 
  0xff, 0xff, 0x00, 0xfe, 0xff, 0x00, 0xfc, 0xff, 0x00, 0x35, 0xff, 0x00, 
  0x6b, 0xf6, 0xff, 0x68, 0xfe, 0xff, 0x89, 0xfe, 0xff, 0x69, 0xfe, 0xff, 
  0x89, 0xfe, 0xff, 0x69, 0xfe, 0xff, 0x69, 0xfe, 0xff, 0x69, 0xfe, 0xff, 
  0x69, 0xfe, 0xff, 0x69, 0xfe, 0xff, 0x69, 0xfe, 0xff, 0x69, 0xfe, 0xff, 
  0x69, 0xfe, 0xff, 0x69, 0xfe, 0xff, 0x69, 0xfe, 0xff, 0x69, 0xfe, 0xff, 
  0x69, 0xfe, 0xff, 0x69, 0xfe, 0xff, 0x69, 0xfe, 0xff, 0x69, 0xfe, 0xff, 
  0x69, 0xfe, 0xff, 0x69, 0xfe, 0xff, 0x69, 0xfe, 0xff, 0x69, 0xfe, 0xff, 
  0x69, 0xfe, 0xff, 0x69, 0xfe, 0xff, 0x69, 0xfe, 0xff, 0x69, 0xfe, 0xff, 
  0x69, 0xfe, 0xff, 0x69, 0xfe, 0xff, 0x69, 0xfe, 0xff, 0x69, 0xfe, 0xff, 
  0x69, 0xfe, 0xff, 0x69, 0xfe, 0xff, 0x69, 0xfe, 0xff, 0x69, 0xfe, 0xff, 
  0x69, 0xfe, 0xff, 0x69, 0xfe, 0xff, 0x69, 0xfe, 0xff, 0x69, 0xfe, 0xff, 
  0x69, 0xfe, 0xff, 0x69, 0xfe, 0xff, 0x69, 0xfe, 0xff, 0x69, 0xfe, 0xff, 
  0x69, 0xfe, 0xff, 0x69, 0xfe, 0xff, 0x69, 0xfe, 0xff, 0x69, 0xfe, 0xff, 
  0x69, 0xfe, 0xff, 0x69, 0xfe, 0xff, 0x69, 0xfe, 0xff, 0x69, 0xfe, 0xff, 
  0x69, 0xfe, 0xff, 0x69, 0xfe, 0xff, 0x69, 0xfe, 0xff, 0x69, 0xfe, 0xff, 
  0x69, 0xfe, 0xff, 0x69, 0xfe, 0xff, 0x69, 0xfe, 0xff, 0x69, 0xfe, 0xff, 
  0x69, 0xfe, 0xff, 0x69, 0xfe, 0xff, 0x69, 0xfe, 0xff, 0x69, 0xfe, 0xff, 
  0x69, 0xfe, 0xff, 0x69, 0xfe, 0xff, 0x69, 0xfe, 0xff, 0x69, 0xfe, 0xff, 
  0x69, 0xfe, 0xff, 0x69, 0xfe, 0xff, 0x69, 0xfe, 0xff, 0x69, 0xfe, 0xff, 
  0x69, 0xfe, 0xff, 0x69, 0xfe, 0xff, 0x69, 0xfe, 0xff, 0x69, 0xfe, 0xff, 
  0x69, 0xfe, 0xff, 0x69, 0xfe, 0xff, 0x69, 0xfe, 0xff, 0x69, 0xfe, 0xff, 
  0x69, 0xfe, 0xff, 0x69, 0xfe, 0xff, 0x69, 0xfe, 0xff, 0x69, 0xfe, 0xff, 
  0x69, 0xfe, 0xff, 0x69, 0xfe, 0xff, 0x69, 0xfe, 0xff, 0x69, 0xfe, 0xff, 
  0x69, 0xfe, 0xff, 0x69, 0xfe, 0xff, 0x69, 0xfe, 0xff, 0x69, 0xfe, 0xff, 
  0x69, 0xfe, 0xff, 0x69, 0xfe, 0xff, 0x69, 0xfe, 0xff, 0x69, 0xfe, 0xff, 
  0x69, 0xfe, 0xff, 0x69, 0xfe, 0xff, 0x69, 0xfe, 0xff, 0x69, 0xfe, 0xff, 
  0x69, 0xfe, 0xff, 0x69, 0xfe, 0xff, 0x69, 0xfe, 0xff, 0x69, 0xfe, 0xff, 
  0x69, 0xfe, 0xff, 0x69, 0xfe, 0xff, 0x69, 0xfe, 0xff, 0x69, 0xfe, 0xff, 
  0x89, 0xfe, 0xff, 0x69, 0xfe, 0xff, 0x6a, 0xfe, 0xff, 0xd0, 0xfe, 0x00, 
  0xba, 0xff, 0x00, 0xff, 0xff, 0x00, 0xff, 0xff, 0x00, 0xff, 0xff, 0x00, 
  0xff, 0xff, 0x00, 0xfe, 0xff, 0x00, 0xfc, 0xff, 0x00, 0x56, 0xff, 0x00, 
  0x6b, 0xf6, 0xff, 0x68, 0xfe, 0xff, 0x68, 0xfe, 0xff, 0x68, 0xfe, 0xff, 
  0x69, 0xfe, 0xff, 0x69, 0xfe, 0xff, 0x69, 0xfe, 0xff, 0x69, 0xfe, 0xff, 
  0x69, 0xfe, 0xff, 0x69, 0xfe, 0xff, 0x69, 0xfe, 0xff, 0x69, 0xfe, 0xff, 
  0x69, 0xfe, 0xff, 0x69, 0xfe, 0xff, 0x69, 0xfe, 0xff, 0x69, 0xfe, 0xff, 
  0x69, 0xfe, 0xff, 0x69, 0xfe, 0xff, 0x69, 0xfe, 0xff, 0x69, 0xfe, 0xff, 
  0x69, 0xfe, 0xff, 0x69, 0xfe, 0xff, 0x69, 0xfe, 0xff, 0x69, 0xfe, 0xff, 
  0x69, 0xfe, 0xff, 0x69, 0xfe, 0xff, 0x69, 0xfe, 0xff, 0x69, 0xfe, 0xff, 
  0x69, 0xfe, 0xff, 0x69, 0xfe, 0xff, 0x69, 0xfe, 0xff, 0x69, 0xfe, 0xff, 
  0x69, 0xfe, 0xff, 0x69, 0xfe, 0xff, 0x69, 0xfe, 0xff, 0x69, 0xfe, 0xff, 
  0x69, 0xfe, 0xff, 0x69, 0xfe, 0xff, 0x69, 0xfe, 0xff, 0x69, 0xfe, 0xff, 
  0x69, 0xfe, 0xff, 0x69, 0xfe, 0xff, 0x69, 0xfe, 0xff, 0x69, 0xfe, 0xff, 
  0x69, 0xfe, 0xff, 0x69, 0xfe, 0xff, 0x69, 0xfe, 0xff, 0x69, 0xfe, 0xff, 
  0x69, 0xfe, 0xff, 0x69, 0xfe, 0xff, 0x69, 0xfe, 0xff, 0x69, 0xfe, 0xff, 
  0x69, 0xfe, 0xff, 0x69, 0xfe, 0xff, 0x69, 0xfe, 0xff, 0x69, 0xfe, 0xff, 
  0x69, 0xfe, 0xff, 0x69, 0xfe, 0xff, 0x69, 0xfe, 0xff, 0x69, 0xfe, 0xff, 
  0x69, 0xfe, 0xff, 0x69, 0xfe, 0xff, 0x69, 0xfe, 0xff, 0x69, 0xfe, 0xff, 
  0x69, 0xfe, 0xff, 0x69, 0xfe, 0xff, 0x69, 0xfe, 0xff, 0x69, 0xfe, 0xff, 
  0x69, 0xfe, 0xff, 0x69, 0xfe, 0xff, 0x69, 0xfe, 0xff, 0x69, 0xfe, 0xff, 
  0x69, 0xfe, 0xff, 0x69, 0xfe, 0xff, 0x69, 0xfe, 0xff, 0x69, 0xfe, 0xff, 
  0x69, 0xfe, 0xff, 0x69, 0xfe, 0xff, 0x69, 0xfe, 0xff, 0x69, 0xfe, 0xff, 
  0x69, 0xfe, 0xff, 0x69, 0xfe, 0xff, 0x69, 0xfe, 0xff, 0x69, 0xfe, 0xff, 
  0x69, 0xfe, 0xff, 0x69, 0xfe, 0xff, 0x69, 0xfe, 0xff, 0x69, 0xfe, 0xff, 
  0x69, 0xfe, 0xff, 0x69, 0xfe, 0xff, 0x69, 0xfe, 0xff, 0x69, 0xfe, 0xff, 
  0x69, 0xfe, 0xff, 0x69, 0xfe, 0xff, 0x69, 0xfe, 0xff, 0x69, 0xfe, 0xff, 
  0x69, 0xfe, 0xff, 0x69, 0xfe, 0xff, 0x69, 0xfe, 0xff, 0x69, 0xfe, 0xff, 
  0x69, 0xfe, 0xff, 0x69, 0xfe, 0xff, 0x69, 0xfe, 0xff, 0x69, 0xfe, 0xff, 
  0x69, 0xfe, 0xff, 0x69, 0xfe, 0xff, 0x69, 0xfe, 0xff, 0x69, 0xfe, 0xff, 
  0x69, 0xfe, 0xff, 0x69, 0xfe, 0xff, 0x6a, 0xfe, 0xff, 0xf0, 0xfe, 0x00, 
  0xbb, 0xff, 0x00, 0xff, 0xff, 0x00, 0xff, 0xff, 0x00, 0xff, 0xff, 0x00, 
  0xff, 0xff, 0x00, 0xfe, 0xff, 0x00, 0xfc, 0xff, 0x00, 0x76, 0xff, 0x00, 
  0x4b, 0xf6, 0xff, 0x68, 0xfe, 0xff, 0x89, 0xfe, 0xff, 0x68, 0xfe, 0xff, 
  0x68, 0xfe, 0xff, 0x69, 0xfe, 0xff, 0x69, 0xfe, 0xff, 0x69, 0xfe, 0xff, 
  0x69, 0xfe, 0xff, 0x69, 0xfe, 0xff, 0x69, 0xfe, 0xff, 0x68, 0xfe, 0xff, 
  0x69, 0xfe, 0xff, 0x69, 0xfe, 0xff, 0x69, 0xfe, 0xff, 0x69, 0xfe, 0xff, 
  0x69, 0xfe, 0xff, 0x69, 0xfe, 0xff, 0x69, 0xfe, 0xff, 0x69, 0xfe, 0xff, 
  0x69, 0xfe, 0xff, 0x69, 0xfe, 0xff, 0x69, 0xfe, 0xff, 0x69, 0xfe, 0xff, 
  0x69, 0xfe, 0xff, 0x69, 0xfe, 0xff, 0x69, 0xfe, 0xff, 0x69, 0xfe, 0xff, 
  0x69, 0xfe, 0xff, 0x69, 0xfe, 0xff, 0x69, 0xfe, 0xff, 0x69, 0xfe, 0xff, 
  0x69, 0xfe, 0xff, 0x69, 0xfe, 0xff, 0x69, 0xfe, 0xff, 0x69, 0xfe, 0xff, 
  0x69, 0xfe, 0xff, 0x69, 0xfe, 0xff, 0x69, 0xfe, 0xff, 0x69, 0xfe, 0xff, 
  0x69, 0xfe, 0xff, 0x69, 0xfe, 0xff, 0x69, 0xfe, 0xff, 0x69, 0xfe, 0xff, 
  0x69, 0xfe, 0xff, 0x69, 0xfe, 0xff, 0x69, 0xfe, 0xff, 0x69, 0xfe, 0xff, 
  0x69, 0xfe, 0xff, 0x69, 0xfe, 0xff, 0x69, 0xfe, 0xff, 0x69, 0xfe, 0xff, 
  0x69, 0xfe, 0xff, 0x69, 0xfe, 0xff, 0x69, 0xfe, 0xff, 0x69, 0xfe, 0xff, 
  0x69, 0xfe, 0xff, 0x69, 0xfe, 0xff, 0x69, 0xfe, 0xff, 0x69, 0xfe, 0xff, 
  0x69, 0xfe, 0xff, 0x69, 0xfe, 0xff, 0x69, 0xfe, 0xff, 0x69, 0xfe, 0xff, 
  0x69, 0xfe, 0xff, 0x69, 0xfe, 0xff, 0x69, 0xfe, 0xff, 0x69, 0xfe, 0xff, 
  0x69, 0xfe, 0xff, 0x69, 0xfe, 0xff, 0x69, 0xfe, 0xff, 0x69, 0xfe, 0xff, 
  0x69, 0xfe, 0xff, 0x69, 0xfe, 0xff, 0x69, 0xfe, 0xff, 0x69, 0xfe, 0xff, 
  0x69, 0xfe, 0xff, 0x69, 0xfe, 0xff, 0x69, 0xfe, 0xff, 0x69, 0xfe, 0xff, 
  0x69, 0xfe, 0xff, 0x69, 0xfe, 0xff, 0x69, 0xfe, 0xff, 0x69, 0xfe, 0xff, 
  0x69, 0xfe, 0xff, 0x69, 0xfe, 0xff, 0x69, 0xfe, 0xff, 0x69, 0xfe, 0xff, 
  0x69, 0xfe, 0xff, 0x69, 0xfe, 0xff, 0x69, 0xfe, 0xff, 0x69, 0xfe, 0xff, 
  0x69, 0xfe, 0xff, 0x69, 0xfe, 0xff, 0x69, 0xfe, 0xff, 0x69, 0xfe, 0xff, 
  0x69, 0xfe, 0xff, 0x69, 0xfe, 0xff, 0x69, 0xfe, 0xff, 0x69, 0xfe, 0xff, 
  0x69, 0xfe, 0xff, 0x69, 0xfe, 0xff, 0x69, 0xfe, 0xff, 0x69, 0xfe, 0xff, 
  0x69, 0xfe, 0xff, 0x69, 0xfe, 0xff, 0x69, 0xfe, 0xff, 0x69, 0xfe, 0xff, 
  0x69, 0xfe, 0xff, 0x69, 0xfe, 0xff, 0x6b, 0xfe, 0xff, 0x11, 0xff, 0x00, 
  0xdb, 0xff, 0x00, 0xff, 0xff, 0x00, 0xff, 0xff, 0x00, 0xff, 0xff, 0x00, 
  0xff, 0xff, 0x00, 0xfe, 0xff, 0x00, 0xfd, 0xff, 0x00, 0x97, 0xff, 0x00, 
  0x4b, 0xf6, 0x00, 0x68, 0xfe, 0xff, 0x69, 0xfe, 0xff, 0x68, 0xfe, 0xff, 
  0x68, 0xfe, 0xff, 0x68, 0xfe, 0xff, 0x69, 0xfe, 0xff, 0x69, 0xfe, 0xff, 
  0x69, 0xfe, 0xff, 0x69, 0xfe, 0xff, 0x68, 0xfe, 0xff, 0x68, 0xfe, 0xff, 
  0x68, 0xfe, 0xff, 0x68, 0xfe, 0xff, 0x69, 0xfe, 0xff, 0x68, 0xfe, 0xff, 
  0x69, 0xfe, 0xff, 0x68, 0xfe, 0xff, 0x69, 0xfe, 0xff, 0x68, 0xfe, 0xff, 
  0x69, 0xfe, 0xff, 0x68, 0xfe, 0xff, 0x69, 0xfe, 0xff, 0x68, 0xfe, 0xff, 
  0x69, 0xfe, 0xff, 0x68, 0xfe, 0xff, 0x69, 0xfe, 0xff, 0x68, 0xfe, 0xff, 
  0x69, 0xfe, 0xff, 0x68, 0xfe, 0xff, 0x69, 0xfe, 0xff, 0x68, 0xfe, 0xff, 
  0x69, 0xfe, 0xff, 0x68, 0xfe, 0xff, 0x69, 0xfe, 0xff, 0x68, 0xfe, 0xff, 
  0x69, 0xfe, 0xff, 0x68, 0xfe, 0xff, 0x69, 0xfe, 0xff, 0x68, 0xfe, 0xff, 
  0x69, 0xfe, 0xff, 0x68, 0xfe, 0xff, 0x69, 0xfe, 0xff, 0x68, 0xfe, 0xff, 
  0x69, 0xfe, 0xff, 0x68, 0xfe, 0xff, 0x69, 0xfe, 0xff, 0x68, 0xfe, 0xff, 
  0x69, 0xfe, 0xff, 0x68, 0xfe, 0xff, 0x69, 0xfe, 0xff, 0x68, 0xfe, 0xff, 
  0x69, 0xfe, 0xff, 0x68, 0xfe, 0xff, 0x69, 0xfe, 0xff, 0x68, 0xfe, 0xff, 
  0x69, 0xfe, 0xff, 0x68, 0xfe, 0xff, 0x69, 0xfe, 0xff, 0x68, 0xfe, 0xff, 
  0x69, 0xfe, 0xff, 0x68, 0xfe, 0xff, 0x69, 0xfe, 0xff, 0x68, 0xfe, 0xff, 
  0x69, 0xfe, 0xff, 0x68, 0xfe, 0xff, 0x69, 0xfe, 0xff, 0x68, 0xfe, 0xff, 
  0x69, 0xfe, 0xff, 0x68, 0xfe, 0xff, 0x69, 0xfe, 0xff, 0x68, 0xfe, 0xff, 
  0x69, 0xfe, 0xff, 0x68, 0xfe, 0xff, 0x69, 0xfe, 0xff, 0x68, 0xfe, 0xff, 
  0x69, 0xfe, 0xff, 0x68, 0xfe, 0xff, 0x69, 0xfe, 0xff, 0x68, 0xfe, 0xff, 
  0x69, 0xfe, 0xff, 0x68, 0xfe, 0xff, 0x69, 0xfe, 0xff, 0x68, 0xfe, 0xff, 
  0x69, 0xfe, 0xff, 0x68, 0xfe, 0xff, 0x69, 0xfe, 0xff, 0x68, 0xfe, 0xff, 
  0x69, 0xfe, 0xff, 0x68, 0xfe, 0xff, 0x69, 0xfe, 0xff, 0x69, 0xfe, 0xff, 
  0x69, 0xfe, 0xff, 0x69, 0xfe, 0xff, 0x69, 0xfe, 0xff, 0x69, 0xfe, 0xff, 
  0x69, 0xfe, 0xff, 0x69, 0xfe, 0xff, 0x69, 0xfe, 0xff, 0x69, 0xfe, 0xff, 
  0x69, 0xfe, 0xff, 0x69, 0xfe, 0xff, 0x69, 0xfe, 0xff, 0x69, 0xfe, 0xff, 
  0x69, 0xfe, 0xff, 0x69, 0xfe, 0xff, 0x69, 0xfe, 0xff, 0x69, 0xfe, 0xff, 
  0x68, 0xfe, 0xff, 0x69, 0xfe, 0xff, 0x6b, 0xfe, 0xff, 0x32, 0xff, 0x00, 
  0xdb, 0xff, 0x00, 0xff, 0xff, 0x00, 0xff, 0xff, 0x00, 0xff, 0xff, 0x00, 
  0xff, 0xff, 0x00, 0xfe, 0xff, 0x00, 0xfd, 0xff, 0x00, 0xb8, 0xff, 0x00, 
  0x6c, 0xf6, 0x00, 0x68, 0xfe, 0xff, 0x68, 0xfe, 0xff, 0x68, 0xfe, 0xff, 
  0x68, 0xfe, 0xff, 0x68, 0xfe, 0xff, 0x48, 0xfe, 0xff, 0x68, 0xfe, 0xff, 
  0x69, 0xfe, 0xff, 0x68, 0xfe, 0xff, 0x68, 0xfe, 0xff, 0x68, 0xfe, 0xff, 
  0x68, 0xfe, 0xff, 0x68, 0xfe, 0xff, 0x68, 0xfe, 0xff, 0x68, 0xfe, 0xff, 
  0x68, 0xfe, 0xff, 0x68, 0xfe, 0xff, 0x68, 0xfe, 0xff, 0x68, 0xfe, 0xff, 
  0x68, 0xfe, 0xff, 0x68, 0xfe, 0xff, 0x68, 0xfe, 0xff, 0x68, 0xfe, 0xff, 
  0x68, 0xfe, 0xff, 0x68, 0xfe, 0xff, 0x68, 0xfe, 0xff, 0x68, 0xfe, 0xff, 
  0x68, 0xfe, 0xff, 0x68, 0xfe, 0xff, 0x68, 0xfe, 0xff, 0x68, 0xfe, 0xff, 
  0x68, 0xfe, 0xff, 0x68, 0xfe, 0xff, 0x68, 0xfe, 0xff, 0x68, 0xfe, 0xff, 
  0x68, 0xfe, 0xff, 0x68, 0xfe, 0xff, 0x68, 0xfe, 0xff, 0x68, 0xfe, 0xff, 
  0x68, 0xfe, 0xff, 0x68, 0xfe, 0xff, 0x68, 0xfe, 0xff, 0x68, 0xfe, 0xff, 
  0x68, 0xfe, 0xff, 0x68, 0xfe, 0xff, 0x68, 0xfe, 0xff, 0x68, 0xfe, 0xff, 
  0x68, 0xfe, 0xff, 0x68, 0xfe, 0xff, 0x68, 0xfe, 0xff, 0x68, 0xfe, 0xff, 
  0x68, 0xfe, 0xff, 0x68, 0xfe, 0xff, 0x68, 0xfe, 0xff, 0x68, 0xfe, 0xff, 
  0x68, 0xfe, 0xff, 0x68, 0xfe, 0xff, 0x68, 0xfe, 0xff, 0x68, 0xfe, 0xff, 
  0x68, 0xfe, 0xff, 0x68, 0xfe, 0xff, 0x68, 0xfe, 0xff, 0x68, 0xfe, 0xff, 
  0x68, 0xfe, 0xff, 0x68, 0xfe, 0xff, 0x68, 0xfe, 0xff, 0x68, 0xfe, 0xff, 
  0x68, 0xfe, 0xff, 0x68, 0xfe, 0xff, 0x68, 0xfe, 0xff, 0x68, 0xfe, 0xff, 
  0x68, 0xfe, 0xff, 0x68, 0xfe, 0xff, 0x68, 0xfe, 0xff, 0x68, 0xfe, 0xff, 
  0x68, 0xfe, 0xff, 0x68, 0xfe, 0xff, 0x68, 0xfe, 0xff, 0x68, 0xfe, 0xff, 
  0x68, 0xfe, 0xff, 0x68, 0xfe, 0xff, 0x68, 0xfe, 0xff, 0x68, 0xfe, 0xff, 
  0x68, 0xfe, 0xff, 0x68, 0xfe, 0xff, 0x68, 0xfe, 0xff, 0x68, 0xfe, 0xff, 
  0x68, 0xfe, 0xff, 0x68, 0xfe, 0xff, 0x68, 0xfe, 0xff, 0x68, 0xfe, 0xff, 
  0x68, 0xfe, 0xff, 0x68, 0xfe, 0xff, 0x68, 0xfe, 0xff, 0x68, 0xfe, 0xff, 
  0x68, 0xfe, 0xff, 0x68, 0xfe, 0xff, 0x68, 0xfe, 0xff, 0x68, 0xfe, 0xff, 
  0x68, 0xfe, 0xff, 0x68, 0xfe, 0xff, 0x68, 0xfe, 0xff, 0x68, 0xfe, 0xff, 
  0x68, 0xfe, 0xff, 0x68, 0xfe, 0xff, 0x68, 0xfe, 0xff, 0x68, 0xfe, 0xff, 
  0x68, 0xfe, 0xff, 0x49, 0xfe, 0xff, 0x6c, 0xf6, 0xff, 0x53, 0xff, 0x00, 
  0xfc, 0xff, 0x00, 0xff, 0xff, 0x00, 0xff, 0xff, 0x00, 0xff, 0xff, 0x00, 
  0xff, 0xff, 0x00, 0xfe, 0xff, 0x00, 0xfe, 0xff, 0x00, 0xb9, 0xff, 0x00, 
  0x8d, 0xf6, 0x00, 0x69, 0xfe, 0xff, 0x48, 0xfe, 0xff, 0x68, 0xfe, 0xff, 
  0x68, 0xfe, 0xff, 0x67, 0xfe, 0xff, 0x48, 0xfe, 0xff, 0x48, 0xfe, 0xff, 
  0x48, 0xfe, 0xff, 0x68, 0xfe, 0xff, 0x68, 0xfe, 0xff, 0x68, 0xfe, 0xff, 
  0x68, 0xfe, 0xff, 0x68, 0xfe, 0xff, 0x68, 0xfe, 0xff, 0x68, 0xfe, 0xff, 
  0x68, 0xfe, 0xff, 0x68, 0xfe, 0xff, 0x68, 0xfe, 0xff, 0x68, 0xfe, 0xff, 
  0x68, 0xfe, 0xff, 0x68, 0xfe, 0xff, 0x68, 0xfe, 0xff, 0x68, 0xfe, 0xff, 
  0x68, 0xfe, 0xff, 0x68, 0xfe, 0xff, 0x68, 0xfe, 0xff, 0x68, 0xfe, 0xff, 
  0x68, 0xfe, 0xff, 0x68, 0xfe, 0xff, 0x68, 0xfe, 0xff, 0x68, 0xfe, 0xff, 
  0x68, 0xfe, 0xff, 0x68, 0xfe, 0xff, 0x68, 0xfe, 0xff, 0x68, 0xfe, 0xff, 
  0x68, 0xfe, 0xff, 0x68, 0xfe, 0xff, 0x68, 0xfe, 0xff, 0x68, 0xfe, 0xff, 
  0x68, 0xfe, 0xff, 0x68, 0xfe, 0xff, 0x68, 0xfe, 0xff, 0x68, 0xfe, 0xff, 
  0x68, 0xfe, 0xff, 0x68, 0xfe, 0xff, 0x68, 0xfe, 0xff, 0x68, 0xfe, 0xff, 
  0x68, 0xfe, 0xff, 0x68, 0xfe, 0xff, 0x68, 0xfe, 0xff, 0x68, 0xfe, 0xff, 
  0x68, 0xfe, 0xff, 0x68, 0xfe, 0xff, 0x68, 0xfe, 0xff, 0x68, 0xfe, 0xff, 
  0x68, 0xfe, 0xff, 0x68, 0xfe, 0xff, 0x68, 0xfe, 0xff, 0x68, 0xfe, 0xff, 
  0x68, 0xfe, 0xff, 0x68, 0xfe, 0xff, 0x68, 0xfe, 0xff, 0x68, 0xfe, 0xff, 
  0x68, 0xfe, 0xff, 0x68, 0xfe, 0xff, 0x68, 0xfe, 0xff, 0x68, 0xfe, 0xff, 
  0x68, 0xfe, 0xff, 0x68, 0xfe, 0xff, 0x68, 0xfe, 0xff, 0x68, 0xfe, 0xff, 
  0x68, 0xfe, 0xff, 0x68, 0xfe, 0xff, 0x68, 0xfe, 0xff, 0x68, 0xfe, 0xff, 
  0x68, 0xfe, 0xff, 0x68, 0xfe, 0xff, 0x68, 0xfe, 0xff, 0x68, 0xfe, 0xff, 
  0x68, 0xfe, 0xff, 0x68, 0xfe, 0xff, 0x68, 0xfe, 0xff, 0x68, 0xfe, 0xff, 
  0x68, 0xfe, 0xff, 0x68, 0xfe, 0xff, 0x68, 0xfe, 0xff, 0x68, 0xfe, 0xff, 
  0x68, 0xfe, 0xff, 0x68, 0xfe, 0xff, 0x68, 0xfe, 0xff, 0x68, 0xfe, 0xff, 
  0x68, 0xfe, 0xff, 0x68, 0xfe, 0xff, 0x48, 0xfe, 0xff, 0x68, 0xfe, 0xff, 
  0x48, 0xfe, 0xff, 0x68, 0xfe, 0xff, 0x48, 0xfe, 0xff, 0x68, 0xfe, 0xff, 
  0x48, 0xfe, 0xff, 0x68, 0xfe, 0xff, 0x48, 0xfe, 0xff, 0x68, 0xfe, 0xff, 
  0x48, 0xfe, 0xff, 0x68, 0xfe, 0xff, 0x48, 0xfe, 0xff, 0x68, 0xfe, 0xff, 
  0x68, 0xfe, 0xff, 0x49, 0xf6, 0xff, 0x6c, 0xf6, 0xff, 0x54, 0xff, 0x00, 
  0xfc, 0xff, 0x00, 0xff, 0xff, 0x00, 0xff, 0xff, 0x00, 0xff, 0xff, 0x00, 
  0xff, 0xff, 0x00, 0xfe, 0xff, 0x00, 0xfe, 0xff, 0x00, 0xb9, 0xff, 0x00, 
  0xae, 0xfe, 0x00, 0x69, 0xfe, 0xff, 0x48, 0xfe, 0xff, 0x68, 0xfe, 0xff, 
  0x67, 0xfe, 0xff, 0x67, 0xfe, 0xff, 0x48, 0xfe, 0xff, 0x48, 0xfe, 0xff, 
  0x48, 0xfe, 0xff, 0x68, 0xfe, 0xff, 0x67, 0xfe, 0xff, 0x67, 0xfe, 0xff, 
  0x48, 0xfe, 0xff, 0x68, 0xfe, 0xff, 0x68, 0xfe, 0xff, 0x68, 0xfe, 0xff, 
  0x68, 0xfe, 0xff, 0x68, 0xfe, 0xff, 0x68, 0xfe, 0xff, 0x68, 0xfe, 0xff, 
  0x68, 0xfe, 0xff, 0x68, 0xfe, 0xff, 0x68, 0xfe, 0xff, 0x68, 0xfe, 0xff, 
  0x68, 0xfe, 0xff, 0x68, 0xfe, 0xff, 0x68, 0xfe, 0xff, 0x68, 0xfe, 0xff, 
  0x68, 0xfe, 0xff, 0x68, 0xfe, 0xff, 0x68, 0xfe, 0xff, 0x68, 0xfe, 0xff, 
  0x68, 0xfe, 0xff, 0x68, 0xfe, 0xff, 0x68, 0xfe, 0xff, 0x68, 0xfe, 0xff, 
  0x68, 0xfe, 0xff, 0x68, 0xfe, 0xff, 0x68, 0xfe, 0xff, 0x68, 0xfe, 0xff, 
  0x68, 0xfe, 0xff, 0x68, 0xfe, 0xff, 0x68, 0xfe, 0xff, 0x68, 0xfe, 0xff, 
  0x68, 0xfe, 0xff, 0x68, 0xfe, 0xff, 0x68, 0xfe, 0xff, 0x68, 0xfe, 0xff, 
  0x68, 0xfe, 0xff, 0x68, 0xfe, 0xff, 0x68, 0xfe, 0xff, 0x68, 0xfe, 0xff, 
  0x68, 0xfe, 0xff, 0x68, 0xfe, 0xff, 0x68, 0xfe, 0xff, 0x68, 0xfe, 0xff, 
  0x68, 0xfe, 0xff, 0x68, 0xfe, 0xff, 0x68, 0xfe, 0xff, 0x68, 0xfe, 0xff, 
  0x68, 0xfe, 0xff, 0x68, 0xfe, 0xff, 0x68, 0xfe, 0xff, 0x68, 0xfe, 0xff, 
  0x68, 0xfe, 0xff, 0x68, 0xfe, 0xff, 0x68, 0xfe, 0xff, 0x68, 0xfe, 0xff, 
  0x68, 0xfe, 0xff, 0x68, 0xfe, 0xff, 0x68, 0xfe, 0xff, 0x68, 0xfe, 0xff, 
  0x68, 0xfe, 0xff, 0x68, 0xfe, 0xff, 0x68, 0xfe, 0xff, 0x68, 0xfe, 0xff, 
  0x68, 0xfe, 0xff, 0x68, 0xfe, 0xff, 0x68, 0xfe, 0xff, 0x68, 0xfe, 0xff, 
  0x68, 0xfe, 0xff, 0x68, 0xfe, 0xff, 0x68, 0xfe, 0xff, 0x68, 0xfe, 0xff, 
  0x68, 0xfe, 0xff, 0x68, 0xfe, 0xff, 0x68, 0xfe, 0xff, 0x68, 0xfe, 0xff, 
  0x68, 0xfe, 0xff, 0x68, 0xfe, 0xff, 0x68, 0xfe, 0xff, 0x68, 0xfe, 0xff, 
  0x68, 0xfe, 0xff, 0x68, 0xfe, 0xff, 0x68, 0xfe, 0xff, 0x68, 0xfe, 0xff, 
  0x68, 0xfe, 0xff, 0x68, 0xfe, 0xff, 0x68, 0xfe, 0xff, 0x68, 0xfe, 0xff, 
  0x68, 0xfe, 0xff, 0x68, 0xfe, 0xff, 0x68, 0xfe, 0xff, 0x68, 0xfe, 0xff, 
  0x68, 0xfe, 0xff, 0x68, 0xfe, 0xff, 0x68, 0xfe, 0xff, 0x68, 0xfe, 0xff, 
  0x68, 0xfe, 0xff, 0x49, 0xf6, 0xff, 0x6d, 0xf6, 0xff, 0x75, 0xff, 0x00, 
  0xfc, 0xff, 0x00, 0xff, 0xff, 0x00, 0xff, 0xff, 0x00, 0xff, 0xff, 0x00, 
  0xff, 0xff, 0x00, 0xfe, 0xff, 0x00, 0xff, 0xff, 0x00, 0xba, 0xff, 0x00, 
  0xcf, 0xfe, 0x00, 0x49, 0xf6, 0xff, 0x48, 0xfe, 0xff, 0x68, 0xfe, 0xff, 
  0x67, 0xfe, 0xff, 0x67, 0xfe, 0xff, 0x48, 0xfe, 0xff, 0x48, 0xfe, 0xff, 
  0x68, 0xfe, 0xff, 0x68, 0xfe, 0xff, 0x67, 0xfe, 0xff, 0x67, 0xfe, 0xff, 
  0x67, 0xfe, 0xff, 0x67, 0xfe, 0xff, 0x48, 0xfe, 0xff, 0x67, 0xfe, 0xff, 
  0x48, 0xfe, 0xff, 0x67, 0xfe, 0xff, 0x48, 0xfe, 0xff, 0x67, 0xfe, 0xff, 
  0x48, 0xfe, 0xff, 0x67, 0xfe, 0xff, 0x48, 0xfe, 0xff, 0x67, 0xfe, 0xff, 
  0x48, 0xfe, 0xff, 0x67, 0xfe, 0xff, 0x48, 0xfe, 0xff, 0x67, 0xfe, 0xff, 
  0x48, 0xfe, 0xff, 0x67, 0xfe, 0xff, 0x48, 0xfe, 0xff, 0x67, 0xfe, 0xff, 
  0x48, 0xfe, 0xff, 0x67, 0xfe, 0xff, 0x48, 0xfe, 0xff, 0x67, 0xfe, 0xff, 
  0x48, 0xfe, 0xff, 0x67, 0xfe, 0xff, 0x48, 0xfe, 0xff, 0x67, 0xfe, 0xff, 
  0x48, 0xfe, 0xff, 0x67, 0xfe, 0xff, 0x48, 0xfe, 0xff, 0x67, 0xfe, 0xff, 
  0x48, 0xfe, 0xff, 0x67, 0xfe, 0xff, 0x48, 0xfe, 0xff, 0x67, 0xfe, 0xff, 
  0x48, 0xfe, 0xff, 0x67, 0xfe, 0xff, 0x48, 0xfe, 0xff, 0x67, 0xfe, 0xff, 
  0x48, 0xfe, 0xff, 0x67, 0xfe, 0xff, 0x48, 0xfe, 0xff, 0x67, 0xfe, 0xff, 
  0x48, 0xfe, 0xff, 0x67, 0xfe, 0xff, 0x48, 0xfe, 0xff, 0x67, 0xfe, 0xff, 
  0x48, 0xfe, 0xff, 0x67, 0xfe, 0xff, 0x48, 0xfe, 0xff, 0x67, 0xfe, 0xff, 
  0x48, 0xfe, 0xff, 0x67, 0xfe, 0xff, 0x48, 0xfe, 0xff, 0x67, 0xfe, 0xff, 
  0x48, 0xfe, 0xff, 0x67, 0xfe, 0xff, 0x48, 0xfe, 0xff, 0x67, 0xfe, 0xff, 
  0x48, 0xfe, 0xff, 0x67, 0xfe, 0xff, 0x48, 0xfe, 0xff, 0x67, 0xfe, 0xff, 
  0x48, 0xfe, 0xff, 0x67, 0xfe, 0xff, 0x48, 0xfe, 0xff, 0x67, 0xfe, 0xff, 
  0x48, 0xfe, 0xff, 0x67, 0xfe, 0xff, 0x48, 0xfe, 0xff, 0x67, 0xfe, 0xff, 
  0x48, 0xfe, 0xff, 0x67, 0xfe, 0xff, 0x48, 0xfe, 0xff, 0x67, 0xfe, 0xff, 
  0x48, 0xfe, 0xff, 0x67, 0xfe, 0xff, 0x48, 0xfe, 0xff, 0x67, 0xfe, 0xff, 
  0x48, 0xfe, 0xff, 0x67, 0xfe, 0xff, 0x48, 0xfe, 0xff, 0x67, 0xfe, 0xff, 
  0x48, 0xfe, 0xff, 0x67, 0xfe, 0xff, 0x48, 0xfe, 0xff, 0x67, 0xfe, 0xff, 
  0x68, 0xfe, 0xff, 0x68, 0xfe, 0xff, 0x48, 0xfe, 0xff, 0x67, 0xfe, 0xff, 
  0x48, 0xfe, 0xff, 0x67, 0xfe, 0xff, 0x48, 0xfe, 0xff, 0x67, 0xfe, 0xff, 
  0x68, 0xfe, 0xff, 0x28, 0xf6, 0xff, 0x6d, 0xf6, 0xff, 0x96, 0xff, 0x00, 
  0xfd, 0xff, 0x00, 0xff, 0xff, 0x00, 0xff, 0xff, 0x00, 0xff, 0xff, 0x00, 
  0xff, 0xff, 0x00, 0xff, 0xff, 0x00, 0xff, 0xff, 0x00, 0xda, 0xff, 0x00, 
  0xf0, 0xfe, 0x00, 0x4a, 0xfe, 0xff, 0x48, 0xfe, 0xff, 0x47, 0xfe, 0xff, 
  0x47, 0xfe, 0xff, 0x47, 0xfe, 0xff, 0x47, 0xfe, 0xff, 0x47, 0xfe, 0xff, 
  0x47, 0xfe, 0xff, 0x47, 0xfe, 0xff, 0x47, 0xfe, 0xff, 0x47, 0xfe, 0xff, 
  0x47, 0xfe, 0xff, 0x47, 0xfe, 0xff, 0x47, 0xfe, 0xff, 0x47, 0xfe, 0xff, 
  0x47, 0xfe, 0xff, 0x47, 0xfe, 0xff, 0x47, 0xfe, 0xff, 0x47, 0xfe, 0xff, 
  0x47, 0xfe, 0xff, 0x47, 0xfe, 0xff, 0x47, 0xfe, 0xff, 0x47, 0xfe, 0xff, 
  0x47, 0xfe, 0xff, 0x47, 0xfe, 0xff, 0x47, 0xfe, 0xff, 0x47, 0xfe, 0xff, 
  0x47, 0xfe, 0xff, 0x47, 0xfe, 0xff, 0x47, 0xfe, 0xff, 0x47, 0xfe, 0xff, 
  0x47, 0xfe, 0xff, 0x47, 0xfe, 0xff, 0x47, 0xfe, 0xff, 0x47, 0xfe, 0xff, 
  0x47, 0xfe, 0xff, 0x47, 0xfe, 0xff, 0x47, 0xfe, 0xff, 0x47, 0xfe, 0xff, 
  0x47, 0xfe, 0xff, 0x47, 0xfe, 0xff, 0x47, 0xfe, 0xff, 0x47, 0xfe, 0xff, 
  0x47, 0xfe, 0xff, 0x47, 0xfe, 0xff, 0x47, 0xfe, 0xff, 0x47, 0xfe, 0xff, 
  0x47, 0xfe, 0xff, 0x47, 0xfe, 0xff, 0x47, 0xfe, 0xff, 0x47, 0xfe, 0xff, 
  0x47, 0xfe, 0xff, 0x47, 0xfe, 0xff, 0x47, 0xfe, 0xff, 0x47, 0xfe, 0xff, 
  0x47, 0xfe, 0xff, 0x47, 0xfe, 0xff, 0x47, 0xfe, 0xff, 0x47, 0xfe, 0xff, 
  0x47, 0xfe, 0xff, 0x47, 0xfe, 0xff, 0x47, 0xfe, 0xff, 0x47, 0xfe, 0xff, 
  0x47, 0xfe, 0xff, 0x47, 0xfe, 0xff, 0x47, 0xfe, 0xff, 0x47, 0xfe, 0xff, 
  0x47, 0xfe, 0xff, 0x47, 0xfe, 0xff, 0x47, 0xfe, 0xff, 0x47, 0xfe, 0xff, 
  0x47, 0xfe, 0xff, 0x47, 0xfe, 0xff, 0x47, 0xfe, 0xff, 0x47, 0xfe, 0xff, 
  0x47, 0xfe, 0xff, 0x47, 0xfe, 0xff, 0x47, 0xfe, 0xff, 0x47, 0xfe, 0xff, 
  0x47, 0xfe, 0xff, 0x47, 0xfe, 0xff, 0x47, 0xfe, 0xff, 0x47, 0xfe, 0xff, 
  0x47, 0xfe, 0xff, 0x47, 0xfe, 0xff, 0x47, 0xfe, 0xff, 0x47, 0xfe, 0xff, 
  0x47, 0xfe, 0xff, 0x47, 0xfe, 0xff, 0x47, 0xfe, 0xff, 0x47, 0xfe, 0xff, 
  0x47, 0xfe, 0xff, 0x47, 0xfe, 0xff, 0x47, 0xfe, 0xff, 0x47, 0xfe, 0xff, 
  0x47, 0xfe, 0xff, 0x47, 0xfe, 0xff, 0x47, 0xfe, 0xff, 0x47, 0xfe, 0xff, 
  0x47, 0xfe, 0xff, 0x47, 0xfe, 0xff, 0x47, 0xfe, 0xff, 0x47, 0xfe, 0xff, 
  0x47, 0xfe, 0xff, 0x47, 0xfe, 0xff, 0x47, 0xfe, 0xff, 0x47, 0xfe, 0xff, 
  0x67, 0xfe, 0xff, 0x28, 0xf6, 0xff, 0x6e, 0xf6, 0x00, 0xb7, 0xff, 0x00, 
  0xfd, 0xff, 0x00, 0xff, 0xff, 0x00, 0xff, 0xff, 0x00, 0xff, 0xff, 0x00, 
  0xff, 0xff, 0x00, 0xff, 0xff, 0x00, 0xff, 0xff, 0x00, 0xdb, 0xff, 0x00, 
  0x12, 0xff, 0x00, 0x4b, 0xf6, 0xff, 0x48, 0xfe, 0xff, 0x67, 0xfe, 0xff, 
  0x47, 0xfe, 0xff, 0x47, 0xfe, 0xff, 0x47, 0xfe, 0xff, 0x47, 0xfe, 0xff, 
  0x47, 0xfe, 0xff, 0x47, 0xfe, 0xff, 0x47, 0xfe, 0xff, 0x47, 0xfe, 0xff, 
  0x47, 0xfe, 0xff, 0x47, 0xfe, 0xff, 0x47, 0xfe, 0xff, 0x47, 0xfe, 0xff, 
  0x47, 0xfe, 0xff, 0x47, 0xfe, 0xff, 0x47, 0xfe, 0xff, 0x47, 0xfe, 0xff, 
  0x47, 0xfe, 0xff, 0x47, 0xfe, 0xff, 0x47, 0xfe, 0xff, 0x47, 0xfe, 0xff, 
  0x47, 0xfe, 0xff, 0x47, 0xfe, 0xff, 0x47, 0xfe, 0xff, 0x47, 0xfe, 0xff, 
  0x47, 0xfe, 0xff, 0x47, 0xfe, 0xff, 0x47, 0xfe, 0xff, 0x47, 0xfe, 0xff, 
  0x47, 0xfe, 0xff, 0x47, 0xfe, 0xff, 0x47, 0xfe, 0xff, 0x47, 0xfe, 0xff, 
  0x47, 0xfe, 0xff, 0x47, 0xfe, 0xff, 0x47, 0xfe, 0xff, 0x47, 0xfe, 0xff, 
  0x47, 0xfe, 0xff, 0x47, 0xfe, 0xff, 0x47, 0xfe, 0xff, 0x47, 0xfe, 0xff, 
  0x47, 0xfe, 0xff, 0x47, 0xfe, 0xff, 0x47, 0xfe, 0xff, 0x47, 0xfe, 0xff, 
  0x47, 0xfe, 0xff, 0x47, 0xfe, 0xff, 0x47, 0xfe, 0xff, 0x47, 0xfe, 0xff, 
  0x47, 0xfe, 0xff, 0x47, 0xfe, 0xff, 0x47, 0xfe, 0xff, 0x47, 0xfe, 0xff, 
  0x47, 0xfe, 0xff, 0x47, 0xfe, 0xff, 0x47, 0xfe, 0xff, 0x47, 0xfe, 0xff, 
  0x47, 0xfe, 0xff, 0x47, 0xfe, 0xff, 0x47, 0xfe, 0xff, 0x47, 0xfe, 0xff, 
  0x47, 0xfe, 0xff, 0x47, 0xfe, 0xff, 0x47, 0xfe, 0xff, 0x47, 0xfe, 0xff, 
  0x47, 0xfe, 0xff, 0x47, 0xfe, 0xff, 0x47, 0xfe, 0xff, 0x47, 0xfe, 0xff, 
  0x47, 0xfe, 0xff, 0x47, 0xfe, 0xff, 0x47, 0xfe, 0xff, 0x47, 0xfe, 0xff, 
  0x47, 0xfe, 0xff, 0x47, 0xfe, 0xff, 0x47, 0xfe, 0xff, 0x47, 0xfe, 0xff, 
  0x47, 0xfe, 0xff, 0x47, 0xfe, 0xff, 0x47, 0xfe, 0xff, 0x47, 0xfe, 0xff, 
  0x47, 0xfe, 0xff, 0x47, 0xfe, 0xff, 0x47, 0xfe, 0xff, 0x47, 0xfe, 0xff, 
  0x47, 0xfe, 0xff, 0x47, 0xfe, 0xff, 0x47, 0xfe, 0xff, 0x47, 0xfe, 0xff, 
  0x47, 0xfe, 0xff, 0x47, 0xfe, 0xff, 0x47, 0xfe, 0xff, 0x47, 0xfe, 0xff, 
  0x47, 0xfe, 0xff, 0x47, 0xfe, 0xff, 0x47, 0xfe, 0xff, 0x47, 0xfe, 0xff, 
  0x47, 0xfe, 0xff, 0x47, 0xfe, 0xff, 0x47, 0xfe, 0xff, 0x47, 0xfe, 0xff, 
  0x47, 0xfe, 0xff, 0x47, 0xfe, 0xff, 0x47, 0xfe, 0xff, 0x47, 0xfe, 0xff, 
  0x67, 0xfe, 0xff, 0x28, 0xf6, 0xff, 0x6f, 0xf6, 0x00, 0xb8, 0xff, 0x00, 
  0xfd, 0xff, 0x00, 0xff, 0xff, 0x00, 0xff, 0xff, 0x00, 0xff, 0xff, 0x00, 
  0xff, 0xff, 0x00, 0xff, 0xff, 0x00, 0xff, 0xff, 0x00, 0xdc, 0xff, 0x00, 
  0x33, 0xff, 0x00, 0x4b, 0xf6, 0xff, 0x48, 0xf6, 0xff, 0x67, 0xfe, 0xff, 
  0x47, 0xfe, 0xff, 0x47, 0xfe, 0xff, 0x47, 0xfe, 0xff, 0x47, 0xfe, 0xff, 
  0x47, 0xfe, 0xff, 0x47, 0xfe, 0xff, 0x47, 0xfe, 0xff, 0x47, 0xfe, 0xff, 
  0x47, 0xfe, 0xff, 0x47, 0xfe, 0xff, 0x47, 0xfe, 0xff, 0x47, 0xfe, 0xff, 
  0x47, 0xfe, 0xff, 0x47, 0xfe, 0xff, 0x47, 0xfe, 0xff, 0x47, 0xfe, 0xff, 
  0x47, 0xfe, 0xff, 0x47, 0xfe, 0xff, 0x47, 0xfe, 0xff, 0x47, 0xfe, 0xff, 
  0x47, 0xfe, 0xff, 0x47, 0xfe, 0xff, 0x47, 0xfe, 0xff, 0x47, 0xfe, 0xff, 
  0x47, 0xfe, 0xff, 0x47, 0xfe, 0xff, 0x47, 0xfe, 0xff, 0x47, 0xfe, 0xff, 
  0x47, 0xfe, 0xff, 0x47, 0xfe, 0xff, 0x47, 0xfe, 0xff, 0x47, 0xfe, 0xff, 
  0x47, 0xfe, 0xff, 0x47, 0xfe, 0xff, 0x47, 0xfe, 0xff, 0x47, 0xfe, 0xff, 
  0x47, 0xfe, 0xff, 0x47, 0xfe, 0xff, 0x47, 0xfe, 0xff, 0x47, 0xfe, 0xff, 
  0x47, 0xfe, 0xff, 0x47, 0xfe, 0xff, 0x47, 0xfe, 0xff, 0x47, 0xfe, 0xff, 
  0x47, 0xfe, 0xff, 0x47, 0xfe, 0xff, 0x47, 0xfe, 0xff, 0x47, 0xfe, 0xff, 
  0x47, 0xfe, 0xff, 0x47, 0xfe, 0xff, 0x47, 0xfe, 0xff, 0x47, 0xfe, 0xff, 
  0x47, 0xfe, 0xff, 0x47, 0xfe, 0xff, 0x47, 0xfe, 0xff, 0x47, 0xfe, 0xff, 
  0x47, 0xfe, 0xff, 0x47, 0xfe, 0xff, 0x47, 0xfe, 0xff, 0x47, 0xfe, 0xff, 
  0x47, 0xfe, 0xff, 0x47, 0xfe, 0xff, 0x47, 0xfe, 0xff, 0x47, 0xfe, 0xff, 
  0x47, 0xfe, 0xff, 0x47, 0xfe, 0xff, 0x47, 0xfe, 0xff, 0x47, 0xfe, 0xff, 
  0x47, 0xfe, 0xff, 0x47, 0xfe, 0xff, 0x47, 0xfe, 0xff, 0x47, 0xfe, 0xff, 
  0x47, 0xfe, 0xff, 0x47, 0xfe, 0xff, 0x47, 0xfe, 0xff, 0x47, 0xfe, 0xff, 
  0x47, 0xfe, 0xff, 0x47, 0xfe, 0xff, 0x47, 0xfe, 0xff, 0x47, 0xfe, 0xff, 
  0x47, 0xfe, 0xff, 0x47, 0xfe, 0xff, 0x47, 0xfe, 0xff, 0x47, 0xfe, 0xff, 
  0x47, 0xfe, 0xff, 0x47, 0xfe, 0xff, 0x47, 0xfe, 0xff, 0x47, 0xfe, 0xff, 
  0x47, 0xfe, 0xff, 0x47, 0xfe, 0xff, 0x47, 0xfe, 0xff, 0x47, 0xfe, 0xff, 
  0x47, 0xfe, 0xff, 0x47, 0xfe, 0xff, 0x47, 0xfe, 0xff, 0x47, 0xfe, 0xff, 
  0x47, 0xfe, 0xff, 0x47, 0xfe, 0xff, 0x47, 0xfe, 0xff, 0x47, 0xfe, 0xff, 
  0x47, 0xfe, 0xff, 0x47, 0xfe, 0xff, 0x47, 0xfe, 0xff, 0x47, 0xfe, 0xff, 
  0x47, 0xfe, 0xff, 0x29, 0xf6, 0xff, 0x6f, 0xee, 0x00, 0xd9, 0xff, 0x00, 
  0xfd, 0xff, 0x00, 0xff, 0xff, 0x00, 0xff, 0xff, 0x00, 0xff, 0xff, 0x00, 
  0xff, 0xff, 0x00, 0xff, 0xff, 0x00, 0xff, 0xff, 0x00, 0xfc, 0xff, 0x00, 
  0x54, 0xff, 0x00, 0x4c, 0xf6, 0xff, 0x48, 0xf6, 0xff, 0x66, 0xfe, 0xff, 
  0x46, 0xfe, 0xff, 0x47, 0xfe, 0xff, 0x47, 0xfe, 0xff, 0x47, 0xfe, 0xff, 
  0x47, 0xfe, 0xff, 0x47, 0xfe, 0xff, 0x47, 0xfe, 0xff, 0x47, 0xfe, 0xff, 
  0x47, 0xfe, 0xff, 0x47, 0xfe, 0xff, 0x47, 0xfe, 0xff, 0x47, 0xfe, 0xff, 
  0x47, 0xfe, 0xff, 0x47, 0xfe, 0xff, 0x47, 0xfe, 0xff, 0x47, 0xfe, 0xff, 
  0x47, 0xfe, 0xff, 0x47, 0xfe, 0xff, 0x47, 0xfe, 0xff, 0x47, 0xfe, 0xff, 
  0x47, 0xfe, 0xff, 0x47, 0xfe, 0xff, 0x47, 0xfe, 0xff, 0x47, 0xfe, 0xff, 
  0x47, 0xfe, 0xff, 0x47, 0xfe, 0xff, 0x47, 0xfe, 0xff, 0x47, 0xfe, 0xff, 
  0x47, 0xfe, 0xff, 0x47, 0xfe, 0xff, 0x47, 0xfe, 0xff, 0x47, 0xfe, 0xff, 
  0x47, 0xfe, 0xff, 0x47, 0xfe, 0xff, 0x47, 0xfe, 0xff, 0x47, 0xfe, 0xff, 
  0x47, 0xfe, 0xff, 0x47, 0xfe, 0xff, 0x47, 0xfe, 0xff, 0x47, 0xfe, 0xff, 
  0x47, 0xfe, 0xff, 0x47, 0xfe, 0xff, 0x47, 0xfe, 0xff, 0x47, 0xfe, 0xff, 
  0x47, 0xfe, 0xff, 0x47, 0xfe, 0xff, 0x47, 0xfe, 0xff, 0x47, 0xfe, 0xff, 
  0x47, 0xfe, 0xff, 0x47, 0xfe, 0xff, 0x47, 0xfe, 0xff, 0x47, 0xfe, 0xff, 
  0x47, 0xfe, 0xff, 0x47, 0xfe, 0xff, 0x47, 0xfe, 0xff, 0x47, 0xfe, 0xff, 
  0x47, 0xfe, 0xff, 0x47, 0xfe, 0xff, 0x47, 0xfe, 0xff, 0x47, 0xfe, 0xff, 
  0x47, 0xfe, 0xff, 0x47, 0xfe, 0xff, 0x47, 0xfe, 0xff, 0x47, 0xfe, 0xff, 
  0x47, 0xfe, 0xff, 0x47, 0xfe, 0xff, 0x47, 0xfe, 0xff, 0x47, 0xfe, 0xff, 
  0x47, 0xfe, 0xff, 0x47, 0xfe, 0xff, 0x47, 0xfe, 0xff, 0x47, 0xfe, 0xff, 
  0x47, 0xfe, 0xff, 0x47, 0xfe, 0xff, 0x47, 0xfe, 0xff, 0x47, 0xfe, 0xff, 
  0x47, 0xfe, 0xff, 0x47, 0xfe, 0xff, 0x47, 0xfe, 0xff, 0x47, 0xfe, 0xff, 
  0x47, 0xfe, 0xff, 0x47, 0xfe, 0xff, 0x47, 0xfe, 0xff, 0x47, 0xfe, 0xff, 
  0x47, 0xfe, 0xff, 0x47, 0xfe, 0xff, 0x47, 0xfe, 0xff, 0x47, 0xfe, 0xff, 
  0x47, 0xfe, 0xff, 0x47, 0xfe, 0xff, 0x47, 0xfe, 0xff, 0x47, 0xfe, 0xff, 
  0x47, 0xfe, 0xff, 0x47, 0xfe, 0xff, 0x47, 0xfe, 0xff, 0x47, 0xfe, 0xff, 
  0x46, 0xfe, 0xff, 0x46, 0xfe, 0xff, 0x47, 0xfe, 0xff, 0x47, 0xfe, 0xff, 
  0x47, 0xfe, 0xff, 0x47, 0xfe, 0xff, 0x47, 0xfe, 0xff, 0x47, 0xfe, 0xff, 
  0x47, 0xfe, 0xff, 0x29, 0xf6, 0xff, 0x90, 0xf6, 0x00, 0xd9, 0xff, 0x00, 
  0xfd, 0xff, 0x00, 0xff, 0xff, 0x00, 0xff, 0xff, 0x00, 0xff, 0xff, 0x00, 
  0xff, 0xff, 0x00, 0xff, 0xff, 0x00, 0xff, 0xff, 0x00, 0xfc, 0xff, 0x00, 
  0x76, 0xff, 0x00, 0x4c, 0xf6, 0xff, 0x28, 0xf6, 0xff, 0x46, 0xfe, 0xff, 
  0x46, 0xfe, 0xff, 0x46, 0xfe, 0xff, 0x27, 0xfe, 0xff, 0x47, 0xfe, 0xff, 
  0x46, 0xfe, 0xff, 0x46, 0xfe, 0xff, 0x46, 0xfe, 0xff, 0x47, 0xfe, 0xff, 
  0x46, 0xfe, 0xff, 0x46, 0xfe, 0xff, 0x46, 0xfe, 0xff, 0x46, 0xfe, 0xff, 
  0x46, 0xfe, 0xff, 0x46, 0xfe, 0xff, 0x46, 0xfe, 0xff, 0x46, 0xfe, 0xff, 
  0x46, 0xfe, 0xff, 0x46, 0xfe, 0xff, 0x46, 0xfe, 0xff, 0x46, 0xfe, 0xff, 
  0x46, 0xfe, 0xff, 0x46, 0xfe, 0xff, 0x46, 0xfe, 0xff, 0x46, 0xfe, 0xff, 
  0x46, 0xfe, 0xff, 0x46, 0xfe, 0xff, 0x46, 0xfe, 0xff, 0x46, 0xfe, 0xff, 
  0x46, 0xfe, 0xff, 0x46, 0xfe, 0xff, 0x46, 0xfe, 0xff, 0x46, 0xfe, 0xff, 
  0x46, 0xfe, 0xff, 0x46, 0xfe, 0xff, 0x46, 0xfe, 0xff, 0x46, 0xfe, 0xff, 
  0x46, 0xfe, 0xff, 0x46, 0xfe, 0xff, 0x46, 0xfe, 0xff, 0x46, 0xfe, 0xff, 
  0x46, 0xfe, 0xff, 0x46, 0xfe, 0xff, 0x46, 0xfe, 0xff, 0x46, 0xfe, 0xff, 
  0x46, 0xfe, 0xff, 0x46, 0xfe, 0xff, 0x46, 0xfe, 0xff, 0x46, 0xfe, 0xff, 
  0x46, 0xfe, 0xff, 0x46, 0xfe, 0xff, 0x46, 0xfe, 0xff, 0x46, 0xfe, 0xff, 
  0x46, 0xfe, 0xff, 0x46, 0xfe, 0xff, 0x46, 0xfe, 0xff, 0x46, 0xfe, 0xff, 
  0x46, 0xfe, 0xff, 0x46, 0xfe, 0xff, 0x46, 0xfe, 0xff, 0x46, 0xfe, 0xff, 
  0x46, 0xfe, 0xff, 0x46, 0xfe, 0xff, 0x46, 0xfe, 0xff, 0x46, 0xfe, 0xff, 
  0x46, 0xfe, 0xff, 0x46, 0xfe, 0xff, 0x46, 0xfe, 0xff, 0x46, 0xfe, 0xff, 
  0x46, 0xfe, 0xff, 0x46, 0xfe, 0xff, 0x46, 0xfe, 0xff, 0x46, 0xfe, 0xff, 
  0x46, 0xfe, 0xff, 0x46, 0xfe, 0xff, 0x46, 0xfe, 0xff, 0x46, 0xfe, 0xff, 
  0x46, 0xfe, 0xff, 0x46, 0xfe, 0xff, 0x46, 0xfe, 0xff, 0x46, 0xfe, 0xff, 
  0x46, 0xfe, 0xff, 0x46, 0xfe, 0xff, 0x46, 0xfe, 0xff, 0x46, 0xfe, 0xff, 
  0x46, 0xfe, 0xff, 0x46, 0xfe, 0xff, 0x46, 0xfe, 0xff, 0x46, 0xfe, 0xff, 
  0x46, 0xfe, 0xff, 0x46, 0xfe, 0xff, 0x46, 0xfe, 0xff, 0x46, 0xfe, 0xff, 
  0x46, 0xfe, 0xff, 0x46, 0xfe, 0xff, 0x46, 0xfe, 0xff, 0x46, 0xfe, 0xff, 
  0x46, 0xfe, 0xff, 0x46, 0xfe, 0xff, 0x46, 0xfe, 0xff, 0x46, 0xfe, 0xff, 
  0x46, 0xfe, 0xff, 0x46, 0xfe, 0xff, 0x46, 0xfe, 0xff, 0x46, 0xfe, 0xff, 
  0x46, 0xfe, 0xff, 0x49, 0xf6, 0xff, 0xb1, 0xf6, 0x00, 0xfa, 0xff, 0x00, 
  0xfe, 0xff, 0x00, 0xff, 0xff, 0x00, 0xff, 0xff, 0x00, 0xff, 0xff, 0x00, 
  0xff, 0xff, 0x00, 0xff, 0xff, 0x00, 0xff, 0xff, 0x00, 0xfd, 0xff, 0x00, 
  0x97, 0xff, 0x00, 0x4d, 0xf6, 0xff, 0x27, 0xf6, 0xff, 0x66, 0xfe, 0xff, 
  0x26, 0xfe, 0xff, 0x26, 0xfe, 0xff, 0x26, 0xfe, 0xff, 0x26, 0xfe, 0xff, 
  0x46, 0xfe, 0xff, 0x46, 0xfe, 0xff, 0x26, 0xfe, 0xff, 0x26, 0xfe, 0xff, 
  0x26, 0xfe, 0xff, 0x46, 0xfe, 0xff, 0x46, 0xfe, 0xff, 0x46, 0xfe, 0xff, 
  0x46, 0xfe, 0xff, 0x46, 0xfe, 0xff, 0x46, 0xfe, 0xff, 0x46, 0xfe, 0xff, 
  0x46, 0xfe, 0xff, 0x46, 0xfe, 0xff, 0x46, 0xfe, 0xff, 0x46, 0xfe, 0xff, 
  0x46, 0xfe, 0xff, 0x46, 0xfe, 0xff, 0x46, 0xfe, 0xff, 0x46, 0xfe, 0xff, 
  0x46, 0xfe, 0xff, 0x46, 0xfe, 0xff, 0x46, 0xfe, 0xff, 0x46, 0xfe, 0xff, 
  0x46, 0xfe, 0xff, 0x46, 0xfe, 0xff, 0x46, 0xfe, 0xff, 0x46, 0xfe, 0xff, 
  0x46, 0xfe, 0xff, 0x46, 0xfe, 0xff, 0x46, 0xfe, 0xff, 0x46, 0xfe, 0xff, 
  0x46, 0xfe, 0xff, 0x46, 0xfe, 0xff, 0x46, 0xfe, 0xff, 0x46, 0xfe, 0xff, 
  0x46, 0xfe, 0xff, 0x46, 0xfe, 0xff, 0x46, 0xfe, 0xff, 0x46, 0xfe, 0xff, 
  0x46, 0xfe, 0xff, 0x46, 0xfe, 0xff, 0x46, 0xfe, 0xff, 0x46, 0xfe, 0xff, 
  0x46, 0xfe, 0xff, 0x46, 0xfe, 0xff, 0x46, 0xfe, 0xff, 0x46, 0xfe, 0xff, 
  0x46, 0xfe, 0xff, 0x46, 0xfe, 0xff, 0x46, 0xfe, 0xff, 0x46, 0xfe, 0xff, 
  0x46, 0xfe, 0xff, 0x46, 0xfe, 0xff, 0x46, 0xfe, 0xff, 0x46, 0xfe, 0xff, 
  0x46, 0xfe, 0xff, 0x46, 0xfe, 0xff, 0x46, 0xfe, 0xff, 0x46, 0xfe, 0xff, 
  0x46, 0xfe, 0xff, 0x46, 0xfe, 0xff, 0x46, 0xfe, 0xff, 0x46, 0xfe, 0xff, 
  0x46, 0xfe, 0xff, 0x46, 0xfe, 0xff, 0x46, 0xfe, 0xff, 0x46, 0xfe, 0xff, 
  0x46, 0xfe, 0xff, 0x46, 0xfe, 0xff, 0x46, 0xfe, 0xff, 0x46, 0xfe, 0xff, 
  0x46, 0xfe, 0xff, 0x46, 0xfe, 0xff, 0x46, 0xfe, 0xff, 0x46, 0xfe, 0xff, 
  0x46, 0xfe, 0xff, 0x46, 0xfe, 0xff, 0x46, 0xfe, 0xff, 0x46, 0xfe, 0xff, 
  0x46, 0xfe, 0xff, 0x46, 0xfe, 0xff, 0x46, 0xfe, 0xff, 0x46, 0xfe, 0xff, 
  0x26, 0xfe, 0xff, 0x26, 0xfe, 0xff, 0x26, 0xfe, 0xff, 0x26, 0xfe, 0xff, 
  0x26, 0xfe, 0xff, 0x26, 0xfe, 0xff, 0x26, 0xfe, 0xff, 0x26, 0xfe, 0xff, 
  0x26, 0xfe, 0xff, 0x26, 0xfe, 0xff, 0x26, 0xfe, 0xff, 0x26, 0xfe, 0xff, 
  0x26, 0xfe, 0xff, 0x26, 0xfe, 0xff, 0x26, 0xfe, 0xff, 0x26, 0xfe, 0xff, 
  0x46, 0xfe, 0xff, 0x49, 0xf6, 0xff, 0xd2, 0xf6, 0x00, 0xfa, 0xff, 0x00, 
  0xfe, 0xff, 0x00, 0xff, 0xff, 0x00, 0xff, 0xff, 0x00, 0xff, 0xff, 0x00, 
  0xff, 0xff, 0x00, 0xff, 0xff, 0x00, 0xff, 0xff, 0x00, 0xfd, 0xff, 0x00, 
  0xb7, 0xff, 0x00, 0x4d, 0xf6, 0x00, 0x08, 0xf6, 0xff, 0x46, 0xfe, 0xff, 
  0x26, 0xfe, 0xff, 0x26, 0xfe, 0xff, 0x26, 0xfe, 0xff, 0x46, 0xfe, 0xff, 
  0x46, 0xfe, 0xff, 0x46, 0xfe, 0xff, 0x26, 0xfe, 0xff, 0x26, 0xfe, 0xff, 
  0x46, 0xfe, 0xff, 0x46, 0xfe, 0xff, 0x46, 0xfe, 0xff, 0x46, 0xfe, 0xff, 
  0x46, 0xfe, 0xff, 0x46, 0xfe, 0xff, 0x46, 0xfe, 0xff, 0x46, 0xfe, 0xff, 
  0x46, 0xfe, 0xff, 0x46, 0xfe, 0xff, 0x46, 0xfe, 0xff, 0x46, 0xfe, 0xff, 
  0x46, 0xfe, 0xff, 0x46, 0xfe, 0xff, 0x46, 0xfe, 0xff, 0x46, 0xfe, 0xff, 
  0x46, 0xfe, 0xff, 0x46, 0xfe, 0xff, 0x46, 0xfe, 0xff, 0x46, 0xfe, 0xff, 
  0x46, 0xfe, 0xff, 0x46, 0xfe, 0xff, 0x46, 0xfe, 0xff, 0x46, 0xfe, 0xff, 
  0x46, 0xfe, 0xff, 0x46, 0xfe, 0xff, 0x46, 0xfe, 0xff, 0x46, 0xfe, 0xff, 
  0x46, 0xfe, 0xff, 0x46, 0xfe, 0xff, 0x46, 0xfe, 0xff, 0x46, 0xfe, 0xff, 
  0x46, 0xfe, 0xff, 0x46, 0xfe, 0xff, 0x46, 0xfe, 0xff, 0x46, 0xfe, 0xff, 
  0x46, 0xfe, 0xff, 0x46, 0xfe, 0xff, 0x46, 0xfe, 0xff, 0x46, 0xfe, 0xff, 
  0x46, 0xfe, 0xff, 0x46, 0xfe, 0xff, 0x46, 0xfe, 0xff, 0x46, 0xfe, 0xff, 
  0x46, 0xfe, 0xff, 0x46, 0xfe, 0xff, 0x46, 0xfe, 0xff, 0x46, 0xfe, 0xff, 
  0x46, 0xfe, 0xff, 0x46, 0xfe, 0xff, 0x46, 0xfe, 0xff, 0x46, 0xfe, 0xff, 
  0x46, 0xfe, 0xff, 0x46, 0xfe, 0xff, 0x46, 0xfe, 0xff, 0x46, 0xfe, 0xff, 
  0x46, 0xfe, 0xff, 0x46, 0xfe, 0xff, 0x46, 0xfe, 0xff, 0x46, 0xfe, 0xff, 
  0x46, 0xfe, 0xff, 0x46, 0xfe, 0xff, 0x46, 0xfe, 0xff, 0x46, 0xfe, 0xff, 
  0x46, 0xfe, 0xff, 0x46, 0xfe, 0xff, 0x46, 0xfe, 0xff, 0x46, 0xfe, 0xff, 
  0x46, 0xfe, 0xff, 0x46, 0xfe, 0xff, 0x46, 0xfe, 0xff, 0x46, 0xfe, 0xff, 
  0x46, 0xfe, 0xff, 0x46, 0xfe, 0xff, 0x46, 0xfe, 0xff, 0x46, 0xfe, 0xff, 
  0x46, 0xfe, 0xff, 0x46, 0xfe, 0xff, 0x46, 0xfe, 0xff, 0x46, 0xfe, 0xff, 
  0x46, 0xfe, 0xff, 0x46, 0xfe, 0xff, 0x26, 0xfe, 0xff, 0x46, 0xfe, 0xff, 
  0x26, 0xfe, 0xff, 0x46, 0xfe, 0xff, 0x26, 0xfe, 0xff, 0x46, 0xfe, 0xff, 
  0x26, 0xfe, 0xff, 0x46, 0xfe, 0xff, 0x26, 0xfe, 0xff, 0x26, 0xfe, 0xff, 
  0x26, 0xfe, 0xff, 0x26, 0xfe, 0xff, 0x46, 0xfe, 0xff, 0x46, 0xfe, 0xff, 
  0x26, 0xfe, 0xff, 0x4a, 0xfe, 0xff, 0xf2, 0xf6, 0x00, 0xfb, 0xff, 0x00, 
  0xfe, 0xff, 0x00, 0xff, 0xff, 0x00, 0xff, 0xff, 0x00, 0xff, 0xff, 0x00, 
  0xff, 0xff, 0x00, 0xff, 0xff, 0x00, 0xff, 0xff, 0x00, 0xfd, 0xff, 0x00, 
  0xd8, 0xff, 0x00, 0x6e, 0xf6, 0x00, 0x08, 0xfe, 0xff, 0x26, 0xfe, 0xff, 
  0x26, 0xfe, 0xff, 0x26, 0xfe, 0xff, 0x26, 0xfe, 0xff, 0x25, 0xfe, 0xff, 
  0x25, 0xfe, 0xff, 0x45, 0xfe, 0xff, 0x26, 0xfe, 0xff, 0x26, 0xfe, 0xff, 
  0x26, 0xfe, 0xff, 0x26, 0xfe, 0xff, 0x26, 0xfe, 0xff, 0x26, 0xfe, 0xff, 
  0x26, 0xfe, 0xff, 0x26, 0xfe, 0xff, 0x26, 0xfe, 0xff, 0x26, 0xfe, 0xff, 
  0x26, 0xfe, 0xff, 0x26, 0xfe, 0xff, 0x26, 0xfe, 0xff, 0x26, 0xfe, 0xff, 
  0x26, 0xfe, 0xff, 0x26, 0xfe, 0xff, 0x26, 0xfe, 0xff, 0x26, 0xfe, 0xff, 
  0x26, 0xfe, 0xff, 0x26, 0xfe, 0xff, 0x26, 0xfe, 0xff, 0x26, 0xfe, 0xff, 
  0x26, 0xfe, 0xff, 0x26, 0xfe, 0xff, 0x26, 0xfe, 0xff, 0x26, 0xfe, 0xff, 
  0x26, 0xfe, 0xff, 0x26, 0xfe, 0xff, 0x26, 0xfe, 0xff, 0x26, 0xfe, 0xff, 
  0x26, 0xfe, 0xff, 0x26, 0xfe, 0xff, 0x26, 0xfe, 0xff, 0x26, 0xfe, 0xff, 
  0x26, 0xfe, 0xff, 0x26, 0xfe, 0xff, 0x26, 0xfe, 0xff, 0x26, 0xfe, 0xff, 
  0x26, 0xfe, 0xff, 0x26, 0xfe, 0xff, 0x26, 0xfe, 0xff, 0x26, 0xfe, 0xff, 
  0x26, 0xfe, 0xff, 0x26, 0xfe, 0xff, 0x26, 0xfe, 0xff, 0x26, 0xfe, 0xff, 
  0x26, 0xfe, 0xff, 0x26, 0xfe, 0xff, 0x26, 0xfe, 0xff, 0x26, 0xfe, 0xff, 
  0x26, 0xfe, 0xff, 0x26, 0xfe, 0xff, 0x26, 0xfe, 0xff, 0x26, 0xfe, 0xff, 
  0x26, 0xfe, 0xff, 0x26, 0xfe, 0xff, 0x26, 0xfe, 0xff, 0x26, 0xfe, 0xff, 
  0x26, 0xfe, 0xff, 0x26, 0xfe, 0xff, 0x26, 0xfe, 0xff, 0x26, 0xfe, 0xff, 
  0x26, 0xfe, 0xff, 0x26, 0xfe, 0xff, 0x26, 0xfe, 0xff, 0x26, 0xfe, 0xff, 
  0x26, 0xfe, 0xff, 0x26, 0xfe, 0xff, 0x26, 0xfe, 0xff, 0x26, 0xfe, 0xff, 
  0x26, 0xfe, 0xff, 0x26, 0xfe, 0xff, 0x26, 0xfe, 0xff, 0x26, 0xfe, 0xff, 
  0x26, 0xfe, 0xff, 0x26, 0xfe, 0xff, 0x26, 0xfe, 0xff, 0x26, 0xfe, 0xff, 
  0x26, 0xfe, 0xff, 0x26, 0xfe, 0xff, 0x26, 0xfe, 0xff, 0x26, 0xfe, 0xff, 
  0x26, 0xfe, 0xff, 0x26, 0xfe, 0xff, 0x26, 0xfe, 0xff, 0x26, 0xfe, 0xff, 
  0x26, 0xfe, 0xff, 0x26, 0xfe, 0xff, 0x26, 0xfe, 0xff, 0x26, 0xfe, 0xff, 
  0x26, 0xfe, 0xff, 0x26, 0xfe, 0xff, 0x26, 0xfe, 0xff, 0x26, 0xfe, 0xff, 
  0x26, 0xfe, 0xff, 0x26, 0xfe, 0xff, 0x26, 0xfe, 0xff, 0x26, 0xfe, 0xff, 
  0x26, 0xfe, 0xff, 0x4a, 0xfe, 0xff, 0x14, 0xff, 0x00, 0xfb, 0xff, 0x00, 
  0xfe, 0xff, 0x00, 0xff, 0xff, 0x00, 0xff, 0xff, 0x00, 0xff, 0xff, 0x00, 
  0xff, 0xff, 0x00, 0xff, 0xff, 0x00, 0xff, 0xff, 0x00, 0xfd, 0xff, 0x00, 
  0xf9, 0xff, 0x00, 0x8f, 0xf6, 0x00, 0x09, 0xfe, 0xff, 0x06, 0xfe, 0xff, 
  0x26, 0xfe, 0xff, 0x25, 0xfe, 0xff, 0x25, 0xfe, 0xff, 0x25, 0xfe, 0xff, 
  0x45, 0xfe, 0xff, 0x25, 0xfe, 0xff, 0x26, 0xfe, 0xff, 0x26, 0xfe, 0xff, 
  0x26, 0xfe, 0xff, 0x25, 0xfe, 0xff, 0x26, 0xfe, 0xff, 0x25, 0xfe, 0xff, 
  0x26, 0xfe, 0xff, 0x25, 0xfe, 0xff, 0x26, 0xfe, 0xff, 0x25, 0xfe, 0xff, 
  0x26, 0xfe, 0xff, 0x25, 0xfe, 0xff, 0x26, 0xfe, 0xff, 0x25, 0xfe, 0xff, 
  0x26, 0xfe, 0xff, 0x25, 0xfe, 0xff, 0x26, 0xfe, 0xff, 0x25, 0xfe, 0xff, 
  0x26, 0xfe, 0xff, 0x25, 0xfe, 0xff, 0x26, 0xfe, 0xff, 0x25, 0xfe, 0xff, 
  0x26, 0xfe, 0xff, 0x25, 0xfe, 0xff, 0x26, 0xfe, 0xff, 0x25, 0xfe, 0xff, 
  0x26, 0xfe, 0xff, 0x25, 0xfe, 0xff, 0x26, 0xfe, 0xff, 0x25, 0xfe, 0xff, 
  0x26, 0xfe, 0xff, 0x25, 0xfe, 0xff, 0x26, 0xfe, 0xff, 0x25, 0xfe, 0xff, 
  0x26, 0xfe, 0xff, 0x25, 0xfe, 0xff, 0x26, 0xfe, 0xff, 0x25, 0xfe, 0xff, 
  0x26, 0xfe, 0xff, 0x25, 0xfe, 0xff, 0x26, 0xfe, 0xff, 0x25, 0xfe, 0xff, 
  0x26, 0xfe, 0xff, 0x25, 0xfe, 0xff, 0x26, 0xfe, 0xff, 0x25, 0xfe, 0xff, 
  0x26, 0xfe, 0xff, 0x25, 0xfe, 0xff, 0x26, 0xfe, 0xff, 0x25, 0xfe, 0xff, 
  0x26, 0xfe, 0xff, 0x25, 0xfe, 0xff, 0x26, 0xfe, 0xff, 0x25, 0xfe, 0xff, 
  0x26, 0xfe, 0xff, 0x25, 0xfe, 0xff, 0x26, 0xfe, 0xff, 0x25, 0xfe, 0xff, 
  0x26, 0xfe, 0xff, 0x25, 0xfe, 0xff, 0x26, 0xfe, 0xff, 0x25, 0xfe, 0xff, 
  0x26, 0xfe, 0xff, 0x25, 0xfe, 0xff, 0x26, 0xfe, 0xff, 0x25, 0xfe, 0xff, 
  0x26, 0xfe, 0xff, 0x25, 0xfe, 0xff, 0x26, 0xfe, 0xff, 0x25, 0xfe, 0xff, 
  0x26, 0xfe, 0xff, 0x25, 0xfe, 0xff, 0x26, 0xfe, 0xff, 0x25, 0xfe, 0xff, 
  0x26, 0xfe, 0xff, 0x25, 0xfe, 0xff, 0x26, 0xfe, 0xff, 0x25, 0xfe, 0xff, 
  0x26, 0xfe, 0xff, 0x25, 0xfe, 0xff, 0x26, 0xfe, 0xff, 0x26, 0xfe, 0xff, 
  0x26, 0xfe, 0xff, 0x26, 0xfe, 0xff, 0x26, 0xfe, 0xff, 0x26, 0xfe, 0xff, 
  0x26, 0xfe, 0xff, 0x25, 0xfe, 0xff, 0x26, 0xfe, 0xff, 0x25, 0xfe, 0xff, 
  0x26, 0xfe, 0xff, 0x26, 0xfe, 0xff, 0x26, 0xfe, 0xff, 0x26, 0xfe, 0xff, 
  0x26, 0xfe, 0xff, 0x26, 0xfe, 0xff, 0x26, 0xfe, 0xff, 0x26, 0xfe, 0xff, 
  0x06, 0xfe, 0xff, 0x4b, 0xfe, 0xff, 0x35, 0xff, 0x00, 0xfc, 0xff, 0x00, 
  0xfe, 0xff, 0x00, 0xff, 0xff, 0x00, 0xff, 0xff, 0x00, 0xff, 0xff, 0x00, 
  0xff, 0xff, 0x00, 0xff, 0xff, 0x00, 0xff, 0xff, 0x00, 0xfd, 0xff, 0x00, 
  0xf9, 0xff, 0x00, 0xb0, 0xf6, 0x00, 0x29, 0xfe, 0xff, 0x06, 0xfe, 0xff, 
  0x26, 0xfe, 0xff, 0x25, 0xfe, 0xff, 0x25, 0xfe, 0xff, 0x25, 0xfe, 0xff, 
  0x25, 0xfe, 0xff, 0x25, 0xfe, 0xff, 0x26, 0xfe, 0xff, 0x26, 0xfe, 0xff, 
  0x25, 0xfe, 0xff, 0x25, 0xfe, 0xff, 0x25, 0xfe, 0xff, 0x25, 0xfe, 0xff, 
  0x25, 0xfe, 0xff, 0x25, 0xfe, 0xff, 0x25, 0xfe, 0xff, 0x25, 0xfe, 0xff, 
  0x25, 0xfe, 0xff, 0x25, 0xfe, 0xff, 0x25, 0xfe, 0xff, 0x25, 0xfe, 0xff, 
  0x25, 0xfe, 0xff, 0x25, 0xfe, 0xff, 0x25, 0xfe, 0xff, 0x25, 0xfe, 0xff, 
  0x25, 0xfe, 0xff, 0x25, 0xfe, 0xff, 0x25, 0xfe, 0xff, 0x25, 0xfe, 0xff, 
  0x25, 0xfe, 0xff, 0x25, 0xfe, 0xff, 0x25, 0xfe, 0xff, 0x25, 0xfe, 0xff, 
  0x25, 0xfe, 0xff, 0x25, 0xfe, 0xff, 0x25, 0xfe, 0xff, 0x25, 0xfe, 0xff, 
  0x25, 0xfe, 0xff, 0x25, 0xfe, 0xff, 0x25, 0xfe, 0xff, 0x25, 0xfe, 0xff, 
  0x25, 0xfe, 0xff, 0x25, 0xfe, 0xff, 0x25, 0xfe, 0xff, 0x25, 0xfe, 0xff, 
  0x25, 0xfe, 0xff, 0x25, 0xfe, 0xff, 0x25, 0xfe, 0xff, 0x25, 0xfe, 0xff, 
  0x25, 0xfe, 0xff, 0x25, 0xfe, 0xff, 0x25, 0xfe, 0xff, 0x25, 0xfe, 0xff, 
  0x25, 0xfe, 0xff, 0x25, 0xfe, 0xff, 0x25, 0xfe, 0xff, 0x25, 0xfe, 0xff, 
  0x25, 0xfe, 0xff, 0x25, 0xfe, 0xff, 0x25, 0xfe, 0xff, 0x25, 0xfe, 0xff, 
  0x25, 0xfe, 0xff, 0x25, 0xfe, 0xff, 0x25, 0xfe, 0xff, 0x25, 0xfe, 0xff, 
  0x25, 0xfe, 0xff, 0x25, 0xfe, 0xff, 0x25, 0xfe, 0xff, 0x25, 0xfe, 0xff, 
  0x25, 0xfe, 0xff, 0x25, 0xfe, 0xff, 0x25, 0xfe, 0xff, 0x25, 0xfe, 0xff, 
  0x25, 0xfe, 0xff, 0x25, 0xfe, 0xff, 0x25, 0xfe, 0xff, 0x25, 0xfe, 0xff, 
  0x25, 0xfe, 0xff, 0x25, 0xfe, 0xff, 0x25, 0xfe, 0xff, 0x25, 0xfe, 0xff, 
  0x25, 0xfe, 0xff, 0x25, 0xfe, 0xff, 0x25, 0xfe, 0xff, 0x25, 0xfe, 0xff, 
  0x25, 0xfe, 0xff, 0x25, 0xfe, 0xff, 0x25, 0xfe, 0xff, 0x25, 0xfe, 0xff, 
  0x25, 0xfe, 0xff, 0x25, 0xfe, 0xff, 0x25, 0xfe, 0xff, 0x25, 0xfe, 0xff, 
  0x25, 0xfe, 0xff, 0x25, 0xfe, 0xff, 0x25, 0xfe, 0xff, 0x25, 0xfe, 0xff, 
  0x25, 0xfe, 0xff, 0x25, 0xfe, 0xff, 0x25, 0xfe, 0xff, 0x25, 0xfe, 0xff, 
  0x25, 0xfe, 0xff, 0x25, 0xfe, 0xff, 0x26, 0xfe, 0xff, 0x26, 0xfe, 0xff, 
  0x06, 0xfe, 0xff, 0x6b, 0xfe, 0xff, 0x55, 0xff, 0x00, 0xfc, 0xff, 0x00, 
  0xfe, 0xff, 0x00, 0xff, 0xff, 0x00, 0xff, 0xff, 0x00, 0xff, 0xff, 0x00, 
  0xff, 0xff, 0x00, 0xff, 0xff, 0x00, 0xff, 0xff, 0x00, 0xfd, 0xff, 0x00, 
  0xfa, 0xff, 0x00, 0xd1, 0xfe, 0x00, 0x29, 0xfe, 0xff, 0x06, 0xfe, 0xff, 
  0x25, 0xfe, 0xff, 0x25, 0xfe, 0xff, 0x25, 0xfe, 0xff, 0x25, 0xfe, 0xff, 
  0x25, 0xfe, 0xff, 0x25, 0xfe, 0xff, 0x25, 0xfe, 0xff, 0x25, 0xfe, 0xff, 
  0x25, 0xfe, 0xff, 0x25, 0xfe, 0xff, 0x25, 0xfe, 0xff, 0x25, 0xfe, 0xff, 
  0x25, 0xfe, 0xff, 0x25, 0xfe, 0xff, 0x25, 0xfe, 0xff, 0x25, 0xfe, 0xff, 
  0x25, 0xfe, 0xff, 0x25, 0xfe, 0xff, 0x25, 0xfe, 0xff, 0x25, 0xfe, 0xff, 
  0x25, 0xfe, 0xff, 0x25, 0xfe, 0xff, 0x25, 0xfe, 0xff, 0x25, 0xfe, 0xff, 
  0x25, 0xfe, 0xff, 0x25, 0xfe, 0xff, 0x25, 0xfe, 0xff, 0x25, 0xfe, 0xff, 
  0x25, 0xfe, 0xff, 0x25, 0xfe, 0xff, 0x25, 0xfe, 0xff, 0x25, 0xfe, 0xff, 
  0x25, 0xfe, 0xff, 0x25, 0xfe, 0xff, 0x25, 0xfe, 0xff, 0x25, 0xfe, 0xff, 
  0x25, 0xfe, 0xff, 0x25, 0xfe, 0xff, 0x25, 0xfe, 0xff, 0x25, 0xfe, 0xff, 
  0x25, 0xfe, 0xff, 0x25, 0xfe, 0xff, 0x25, 0xfe, 0xff, 0x25, 0xfe, 0xff, 
  0x25, 0xfe, 0xff, 0x25, 0xfe, 0xff, 0x25, 0xfe, 0xff, 0x25, 0xfe, 0xff, 
  0x25, 0xfe, 0xff, 0x25, 0xfe, 0xff, 0x25, 0xfe, 0xff, 0x25, 0xfe, 0xff, 
  0x25, 0xfe, 0xff, 0x25, 0xfe, 0xff, 0x25, 0xfe, 0xff, 0x25, 0xfe, 0xff, 
  0x25, 0xfe, 0xff, 0x25, 0xfe, 0xff, 0x25, 0xfe, 0xff, 0x25, 0xfe, 0xff, 
  0x25, 0xfe, 0xff, 0x25, 0xfe, 0xff, 0x25, 0xfe, 0xff, 0x25, 0xfe, 0xff, 
  0x25, 0xfe, 0xff, 0x25, 0xfe, 0xff, 0x25, 0xfe, 0xff, 0x25, 0xfe, 0xff, 
  0x25, 0xfe, 0xff, 0x25, 0xfe, 0xff, 0x25, 0xfe, 0xff, 0x25, 0xfe, 0xff, 
  0x25, 0xfe, 0xff, 0x25, 0xfe, 0xff, 0x25, 0xfe, 0xff, 0x25, 0xfe, 0xff, 
  0x25, 0xfe, 0xff, 0x25, 0xfe, 0xff, 0x25, 0xfe, 0xff, 0x25, 0xfe, 0xff, 
  0x25, 0xfe, 0xff, 0x25, 0xfe, 0xff, 0x25, 0xfe, 0xff, 0x25, 0xfe, 0xff, 
  0x25, 0xfe, 0xff, 0x25, 0xfe, 0xff, 0x25, 0xfe, 0xff, 0x25, 0xfe, 0xff, 
  0x25, 0xfe, 0xff, 0x25, 0xfe, 0xff, 0x25, 0xfe, 0xff, 0x25, 0xfe, 0xff, 
  0x25, 0xfe, 0xff, 0x25, 0xfe, 0xff, 0x25, 0xfe, 0xff, 0x25, 0xfe, 0xff, 
  0x25, 0xfe, 0xff, 0x25, 0xfe, 0xff, 0x25, 0xfe, 0xff, 0x25, 0xfe, 0xff, 
  0x25, 0xfe, 0xff, 0x25, 0xfe, 0xff, 0x25, 0xfe, 0xff, 0x25, 0xfe, 0xff, 
  0x05, 0xfe, 0xff, 0x6b, 0xfe, 0xff, 0x76, 0xff, 0x00, 0xfd, 0xff, 0x00, 
  0xfe, 0xff, 0x00, 0xff, 0xff, 0x00, 0xff, 0xff, 0x00, 0xff, 0xff, 0x00, 
  0xff, 0xff, 0x00, 0xff, 0xff, 0x00, 0xff, 0xff, 0x00, 0xfe, 0xff, 0x00, 
  0xfb, 0xff, 0x00, 0x12, 0xff, 0x00, 0x29, 0xfe, 0xff, 0x05, 0xfe, 0xff, 
  0x25, 0xfe, 0xff, 0x25, 0xfe, 0xff, 0x25, 0xfe, 0xff, 0x25, 0xfe, 0xff, 
  0x25, 0xfe, 0xff, 0x25, 0xfe, 0xff, 0x25, 0xfe, 0xff, 0x25, 0xfe, 0xff, 
  0x25, 0xfe, 0xff, 0x25, 0xfe, 0xff, 0x25, 0xfe, 0xff, 0x25, 0xfe, 0xff, 
  0x25, 0xfe, 0xff, 0x25, 0xfe, 0xff, 0x25, 0xfe, 0xff, 0x25, 0xfe, 0xff, 
  0x25, 0xfe, 0xff, 0x25, 0xfe, 0xff, 0x25, 0xfe, 0xff, 0x25, 0xfe, 0xff, 
  0x25, 0xfe, 0xff, 0x25, 0xfe, 0xff, 0x25, 0xfe, 0xff, 0x25, 0xfe, 0xff, 
  0x25, 0xfe, 0xff, 0x25, 0xfe, 0xff, 0x25, 0xfe, 0xff, 0x25, 0xfe, 0xff, 
  0x25, 0xfe, 0xff, 0x25, 0xfe, 0xff, 0x25, 0xfe, 0xff, 0x25, 0xfe, 0xff, 
  0x25, 0xfe, 0xff, 0x25, 0xfe, 0xff, 0x25, 0xfe, 0xff, 0x25, 0xfe, 0xff, 
  0x25, 0xfe, 0xff, 0x25, 0xfe, 0xff, 0x25, 0xfe, 0xff, 0x25, 0xfe, 0xff, 
  0x25, 0xfe, 0xff, 0x25, 0xfe, 0xff, 0x25, 0xfe, 0xff, 0x25, 0xfe, 0xff, 
  0x25, 0xfe, 0xff, 0x25, 0xfe, 0xff, 0x25, 0xfe, 0xff, 0x25, 0xfe, 0xff, 
  0x25, 0xfe, 0xff, 0x25, 0xfe, 0xff, 0x25, 0xfe, 0xff, 0x25, 0xfe, 0xff, 
  0x25, 0xfe, 0xff, 0x25, 0xfe, 0xff, 0x25, 0xfe, 0xff, 0x25, 0xfe, 0xff, 
  0x25, 0xfe, 0xff, 0x25, 0xfe, 0xff, 0x25, 0xfe, 0xff, 0x25, 0xfe, 0xff, 
  0x25, 0xfe, 0xff, 0x25, 0xfe, 0xff, 0x25, 0xfe, 0xff, 0x25, 0xfe, 0xff, 
  0x25, 0xfe, 0xff, 0x25, 0xfe, 0xff, 0x25, 0xfe, 0xff, 0x25, 0xfe, 0xff, 
  0x25, 0xfe, 0xff, 0x25, 0xfe, 0xff, 0x25, 0xfe, 0xff, 0x25, 0xfe, 0xff, 
  0x25, 0xfe, 0xff, 0x25, 0xfe, 0xff, 0x25, 0xfe, 0xff, 0x25, 0xfe, 0xff, 
  0x25, 0xfe, 0xff, 0x25, 0xfe, 0xff, 0x25, 0xfe, 0xff, 0x25, 0xfe, 0xff, 
  0x25, 0xfe, 0xff, 0x25, 0xfe, 0xff, 0x25, 0xfe, 0xff, 0x25, 0xfe, 0xff, 
  0x25, 0xfe, 0xff, 0x25, 0xfe, 0xff, 0x25, 0xfe, 0xff, 0x25, 0xfe, 0xff, 
  0x25, 0xfe, 0xff, 0x25, 0xfe, 0xff, 0x25, 0xfe, 0xff, 0x25, 0xfe, 0xff, 
  0x25, 0xfe, 0xff, 0x25, 0xfe, 0xff, 0x25, 0xfe, 0xff, 0x25, 0xfe, 0xff, 
  0x25, 0xfe, 0xff, 0x25, 0xfe, 0xff, 0x25, 0xfe, 0xff, 0x25, 0xfe, 0xff, 
  0x25, 0xfe, 0xff, 0x25, 0xfe, 0xff, 0x25, 0xfe, 0xff, 0x25, 0xfe, 0xff, 
  0x05, 0xfe, 0xff, 0x6b, 0xfe, 0x00, 0x97, 0xff, 0x00, 0xfe, 0xff, 0x00, 
  0xff, 0xff, 0x00, 0xff, 0xff, 0x00, 0xff, 0xff, 0x00, 0xff, 0xff, 0x00, 
  0xff, 0xff, 0x00, 0xff, 0xff, 0x00, 0xff, 0xff, 0x00, 0xfe, 0xff, 0x00, 
  0xfc, 0xff, 0x00, 0x34, 0xff, 0x00, 0x49, 0xfe, 0xff, 0x05, 0xfe, 0xff, 
  0x25, 0xfe, 0xff, 0x25, 0xfe, 0xff, 0x25, 0xfe, 0xff, 0x25, 0xfe, 0xff, 
  0x25, 0xfe, 0xff, 0x25, 0xfe, 0xff, 0x25, 0xfe, 0xff, 0x25, 0xfe, 0xff, 
  0x25, 0xfe, 0xff, 0x25, 0xfe, 0xff, 0x25, 0xfe, 0xff, 0x25, 0xfe, 0xff, 
  0x25, 0xfe, 0xff, 0x25, 0xfe, 0xff, 0x25, 0xfe, 0xff, 0x25, 0xfe, 0xff, 
  0x25, 0xfe, 0xff, 0x25, 0xfe, 0xff, 0x25, 0xfe, 0xff, 0x25, 0xfe, 0xff, 
  0x25, 0xfe, 0xff, 0x25, 0xfe, 0xff, 0x25, 0xfe, 0xff, 0x25, 0xfe, 0xff, 
  0x25, 0xfe, 0xff, 0x25, 0xfe, 0xff, 0x25, 0xfe, 0xff, 0x25, 0xfe, 0xff, 
  0x25, 0xfe, 0xff, 0x25, 0xfe, 0xff, 0x25, 0xfe, 0xff, 0x25, 0xfe, 0xff, 
  0x25, 0xfe, 0xff, 0x25, 0xfe, 0xff, 0x25, 0xfe, 0xff, 0x25, 0xfe, 0xff, 
  0x25, 0xfe, 0xff, 0x25, 0xfe, 0xff, 0x25, 0xfe, 0xff, 0x25, 0xfe, 0xff, 
  0x25, 0xfe, 0xff, 0x25, 0xfe, 0xff, 0x25, 0xfe, 0xff, 0x25, 0xfe, 0xff, 
  0x25, 0xfe, 0xff, 0x25, 0xfe, 0xff, 0x25, 0xfe, 0xff, 0x25, 0xfe, 0xff, 
  0x25, 0xfe, 0xff, 0x25, 0xfe, 0xff, 0x25, 0xfe, 0xff, 0x25, 0xfe, 0xff, 
  0x25, 0xfe, 0xff, 0x25, 0xfe, 0xff, 0x25, 0xfe, 0xff, 0x25, 0xfe, 0xff, 
  0x25, 0xfe, 0xff, 0x25, 0xfe, 0xff, 0x25, 0xfe, 0xff, 0x25, 0xfe, 0xff, 
  0x25, 0xfe, 0xff, 0x25, 0xfe, 0xff, 0x25, 0xfe, 0xff, 0x25, 0xfe, 0xff, 
  0x25, 0xfe, 0xff, 0x25, 0xfe, 0xff, 0x25, 0xfe, 0xff, 0x25, 0xfe, 0xff, 
  0x25, 0xfe, 0xff, 0x25, 0xfe, 0xff, 0x25, 0xfe, 0xff, 0x25, 0xfe, 0xff, 
  0x25, 0xfe, 0xff, 0x25, 0xfe, 0xff, 0x25, 0xfe, 0xff, 0x25, 0xfe, 0xff, 
  0x25, 0xfe, 0xff, 0x25, 0xfe, 0xff, 0x25, 0xfe, 0xff, 0x25, 0xfe, 0xff, 
  0x25, 0xfe, 0xff, 0x25, 0xfe, 0xff, 0x25, 0xfe, 0xff, 0x25, 0xfe, 0xff, 
  0x25, 0xfe, 0xff, 0x25, 0xfe, 0xff, 0x25, 0xfe, 0xff, 0x25, 0xfe, 0xff, 
  0x25, 0xfe, 0xff, 0x25, 0xfe, 0xff, 0x25, 0xfe, 0xff, 0x25, 0xfe, 0xff, 
  0x25, 0xfe, 0xff, 0x25, 0xfe, 0xff, 0x25, 0xfe, 0xff, 0x25, 0xfe, 0xff, 
  0x25, 0xfe, 0xff, 0x25, 0xfe, 0xff, 0x25, 0xfe, 0xff, 0x25, 0xfe, 0xff, 
  0x25, 0xfe, 0xff, 0x25, 0xfe, 0xff, 0x25, 0xfe, 0xff, 0x25, 0xfe, 0xff, 
  0x05, 0xf6, 0xff, 0x6b, 0xfe, 0x00, 0xb8, 0xff, 0x00, 0xfe, 0xff, 0x00, 
  0xff, 0xff, 0x00, 0xff, 0xff, 0x00, 0xff, 0xff, 0x00, 0xff, 0xff, 0x00, 
  0xff, 0xff, 0x00, 0xff, 0xff, 0x00, 0xff, 0xff, 0x00, 0xfe, 0xff, 0x00, 
  0xfd, 0xff, 0x00, 0x55, 0xff, 0x00, 0x6a, 0xfe, 0xff, 0x05, 0xfe, 0xff, 
  0x25, 0xfe, 0xff, 0x25, 0xfe, 0xff, 0x25, 0xfe, 0xff, 0x25, 0xfe, 0xff, 
  0x25, 0xfe, 0xff, 0x25, 0xfe, 0xff, 0x25, 0xfe, 0xff, 0x25, 0xfe, 0xff, 
  0x25, 0xfe, 0xff, 0x25, 0xfe, 0xff, 0x25, 0xfe, 0xff, 0x25, 0xfe, 0xff, 
  0x25, 0xfe, 0xff, 0x25, 0xfe, 0xff, 0x25, 0xfe, 0xff, 0x25, 0xfe, 0xff, 
  0x25, 0xfe, 0xff, 0x25, 0xfe, 0xff, 0x25, 0xfe, 0xff, 0x25, 0xfe, 0xff, 
  0x25, 0xfe, 0xff, 0x25, 0xfe, 0xff, 0x25, 0xfe, 0xff, 0x25, 0xfe, 0xff, 
  0x25, 0xfe, 0xff, 0x25, 0xfe, 0xff, 0x25, 0xfe, 0xff, 0x25, 0xfe, 0xff, 
  0x25, 0xfe, 0xff, 0x25, 0xfe, 0xff, 0x25, 0xfe, 0xff, 0x25, 0xfe, 0xff, 
  0x25, 0xfe, 0xff, 0x25, 0xfe, 0xff, 0x25, 0xfe, 0xff, 0x25, 0xfe, 0xff, 
  0x25, 0xfe, 0xff, 0x25, 0xfe, 0xff, 0x25, 0xfe, 0xff, 0x25, 0xfe, 0xff, 
  0x25, 0xfe, 0xff, 0x25, 0xfe, 0xff, 0x25, 0xfe, 0xff, 0x25, 0xfe, 0xff, 
  0x25, 0xfe, 0xff, 0x25, 0xfe, 0xff, 0x25, 0xfe, 0xff, 0x25, 0xfe, 0xff, 
  0x25, 0xfe, 0xff, 0x25, 0xfe, 0xff, 0x25, 0xfe, 0xff, 0x25, 0xfe, 0xff, 
  0x25, 0xfe, 0xff, 0x25, 0xfe, 0xff, 0x25, 0xfe, 0xff, 0x25, 0xfe, 0xff, 
  0x25, 0xfe, 0xff, 0x25, 0xfe, 0xff, 0x25, 0xfe, 0xff, 0x25, 0xfe, 0xff, 
  0x25, 0xfe, 0xff, 0x25, 0xfe, 0xff, 0x25, 0xfe, 0xff, 0x25, 0xfe, 0xff, 
  0x25, 0xfe, 0xff, 0x25, 0xfe, 0xff, 0x25, 0xfe, 0xff, 0x25, 0xfe, 0xff, 
  0x25, 0xfe, 0xff, 0x25, 0xfe, 0xff, 0x25, 0xfe, 0xff, 0x25, 0xfe, 0xff, 
  0x25, 0xfe, 0xff, 0x25, 0xfe, 0xff, 0x25, 0xfe, 0xff, 0x25, 0xfe, 0xff, 
  0x25, 0xfe, 0xff, 0x25, 0xfe, 0xff, 0x25, 0xfe, 0xff, 0x25, 0xfe, 0xff, 
  0x25, 0xfe, 0xff, 0x25, 0xfe, 0xff, 0x25, 0xfe, 0xff, 0x25, 0xfe, 0xff, 
  0x25, 0xfe, 0xff, 0x25, 0xfe, 0xff, 0x25, 0xfe, 0xff, 0x25, 0xfe, 0xff, 
  0x25, 0xfe, 0xff, 0x25, 0xfe, 0xff, 0x25, 0xfe, 0xff, 0x25, 0xfe, 0xff, 
  0x25, 0xfe, 0xff, 0x25, 0xfe, 0xff, 0x25, 0xfe, 0xff, 0x25, 0xfe, 0xff, 
  0x25, 0xfe, 0xff, 0x25, 0xfe, 0xff, 0x25, 0xfe, 0xff, 0x25, 0xfe, 0xff, 
  0x25, 0xfe, 0xff, 0x25, 0xfe, 0xff, 0x25, 0xfe, 0xff, 0x25, 0xfe, 0xff, 
  0x05, 0xf6, 0xff, 0x8b, 0xfe, 0x00, 0xd9, 0xff, 0x00, 0xff, 0xff, 0x00, 
  0xff, 0xff, 0x00, 0xff, 0xff, 0x00, 0xff, 0xff, 0x00, 0xff, 0xff, 0x00, 
  0xff, 0xff, 0x00, 0xff, 0xff, 0x00, 0xff, 0xff, 0x00, 0xfe, 0xff, 0x00, 
  0xfd, 0xff, 0x00, 0x77, 0xff, 0x00, 0x6a, 0xf6, 0xff, 0x05, 0xfe, 0xff, 
  0x25, 0xfe, 0xff, 0x25, 0xfe, 0xff, 0x25, 0xfe, 0xff, 0x25, 0xfe, 0xff, 
  0x25, 0xfe, 0xff, 0x25, 0xfe, 0xff, 0x25, 0xfe, 0xff, 0x25, 0xfe, 0xff, 
  0x25, 0xfe, 0xff, 0x25, 0xfe, 0xff, 0x25, 0xfe, 0xff, 0x25, 0xfe, 0xff, 
  0x25, 0xfe, 0xff, 0x25, 0xfe, 0xff, 0x25, 0xfe, 0xff, 0x25, 0xfe, 0xff, 
  0x25, 0xfe, 0xff, 0x25, 0xfe, 0xff, 0x25, 0xfe, 0xff, 0x25, 0xfe, 0xff, 
  0x25, 0xfe, 0xff, 0x25, 0xfe, 0xff, 0x25, 0xfe, 0xff, 0x25, 0xfe, 0xff, 
  0x25, 0xfe, 0xff, 0x25, 0xfe, 0xff, 0x25, 0xfe, 0xff, 0x25, 0xfe, 0xff, 
  0x25, 0xfe, 0xff, 0x25, 0xfe, 0xff, 0x25, 0xfe, 0xff, 0x25, 0xfe, 0xff, 
  0x25, 0xfe, 0xff, 0x25, 0xfe, 0xff, 0x25, 0xfe, 0xff, 0x25, 0xfe, 0xff, 
  0x25, 0xfe, 0xff, 0x25, 0xfe, 0xff, 0x25, 0xfe, 0xff, 0x25, 0xfe, 0xff, 
  0x25, 0xfe, 0xff, 0x25, 0xfe, 0xff, 0x25, 0xfe, 0xff, 0x25, 0xfe, 0xff, 
  0x25, 0xfe, 0xff, 0x25, 0xfe, 0xff, 0x25, 0xfe, 0xff, 0x25, 0xfe, 0xff, 
  0x25, 0xfe, 0xff, 0x25, 0xfe, 0xff, 0x25, 0xfe, 0xff, 0x25, 0xfe, 0xff, 
  0x25, 0xfe, 0xff, 0x25, 0xfe, 0xff, 0x25, 0xfe, 0xff, 0x25, 0xfe, 0xff, 
  0x25, 0xfe, 0xff, 0x25, 0xfe, 0xff, 0x25, 0xfe, 0xff, 0x25, 0xfe, 0xff, 
  0x25, 0xfe, 0xff, 0x25, 0xfe, 0xff, 0x25, 0xfe, 0xff, 0x25, 0xfe, 0xff, 
  0x25, 0xfe, 0xff, 0x25, 0xfe, 0xff, 0x25, 0xfe, 0xff, 0x25, 0xfe, 0xff, 
  0x25, 0xfe, 0xff, 0x25, 0xfe, 0xff, 0x25, 0xfe, 0xff, 0x25, 0xfe, 0xff, 
  0x25, 0xfe, 0xff, 0x25, 0xfe, 0xff, 0x25, 0xfe, 0xff, 0x25, 0xfe, 0xff, 
  0x25, 0xfe, 0xff, 0x25, 0xfe, 0xff, 0x25, 0xfe, 0xff, 0x25, 0xfe, 0xff, 
  0x25, 0xfe, 0xff, 0x25, 0xfe, 0xff, 0x25, 0xfe, 0xff, 0x25, 0xfe, 0xff, 
  0x25, 0xfe, 0xff, 0x25, 0xfe, 0xff, 0x25, 0xfe, 0xff, 0x25, 0xfe, 0xff, 
  0x25, 0xfe, 0xff, 0x25, 0xfe, 0xff, 0x25, 0xfe, 0xff, 0x25, 0xfe, 0xff, 
  0x25, 0xfe, 0xff, 0x25, 0xfe, 0xff, 0x25, 0xfe, 0xff, 0x25, 0xfe, 0xff, 
  0x25, 0xfe, 0xff, 0x25, 0xfe, 0xff, 0x25, 0xfe, 0xff, 0x25, 0xfe, 0xff, 
  0x25, 0xfe, 0xff, 0x25, 0xfe, 0xff, 0x25, 0xfe, 0xff, 0x25, 0xfe, 0xff, 
  0x05, 0xf6, 0xff, 0xac, 0xfe, 0x00, 0xda, 0xff, 0x00, 0xff, 0xff, 0x00, 
  0xff, 0xff, 0x00, 0xff, 0xff, 0x00, 0xff, 0xff, 0x00, 0xff, 0xff, 0x00, 
  0xff, 0xff, 0x00, 0xff, 0xff, 0x00, 0xff, 0xff, 0x00, 0xff, 0xff, 0x00, 
  0xfe, 0xff, 0x00, 0xb8, 0xff, 0x00, 0x8b, 0xfe, 0x00, 0x05, 0xf6, 0xff, 
  0x45, 0xfe, 0xff, 0x25, 0xfe, 0xff, 0x04, 0xfe, 0xff, 0x25, 0xfe, 0xff, 
  0x25, 0xfe, 0xff, 0x25, 0xfe, 0xff, 0x25, 0xfe, 0xff, 0x25, 0xfe, 0xff, 
  0x25, 0xfe, 0xff, 0x25, 0xfe, 0xff, 0x25, 0xfe, 0xff, 0x25, 0xfe, 0xff, 
  0x25, 0xfe, 0xff, 0x25, 0xfe, 0xff, 0x25, 0xfe, 0xff, 0x25, 0xfe, 0xff, 
  0x25, 0xfe, 0xff, 0x25, 0xfe, 0xff, 0x25, 0xfe, 0xff, 0x25, 0xfe, 0xff, 
  0x25, 0xfe, 0xff, 0x25, 0xfe, 0xff, 0x25, 0xfe, 0xff, 0x25, 0xfe, 0xff, 
  0x25, 0xfe, 0xff, 0x25, 0xfe, 0xff, 0x25, 0xfe, 0xff, 0x25, 0xfe, 0xff, 
  0x25, 0xfe, 0xff, 0x25, 0xfe, 0xff, 0x25, 0xfe, 0xff, 0x25, 0xfe, 0xff, 
  0x25, 0xfe, 0xff, 0x25, 0xfe, 0xff, 0x25, 0xfe, 0xff, 0x25, 0xfe, 0xff, 
  0x25, 0xfe, 0xff, 0x25, 0xfe, 0xff, 0x25, 0xfe, 0xff, 0x25, 0xfe, 0xff, 
  0x25, 0xfe, 0xff, 0x25, 0xfe, 0xff, 0x25, 0xfe, 0xff, 0x25, 0xfe, 0xff, 
  0x25, 0xfe, 0xff, 0x25, 0xfe, 0xff, 0x25, 0xfe, 0xff, 0x25, 0xfe, 0xff, 
  0x25, 0xfe, 0xff, 0x25, 0xfe, 0xff, 0x25, 0xfe, 0xff, 0x25, 0xfe, 0xff, 
  0x25, 0xfe, 0xff, 0x25, 0xfe, 0xff, 0x25, 0xfe, 0xff, 0x25, 0xfe, 0xff, 
  0x25, 0xfe, 0xff, 0x25, 0xfe, 0xff, 0x25, 0xfe, 0xff, 0x25, 0xfe, 0xff, 
  0x25, 0xfe, 0xff, 0x25, 0xfe, 0xff, 0x25, 0xfe, 0xff, 0x25, 0xfe, 0xff, 
  0x25, 0xfe, 0xff, 0x25, 0xfe, 0xff, 0x25, 0xfe, 0xff, 0x25, 0xfe, 0xff, 
  0x25, 0xfe, 0xff, 0x25, 0xfe, 0xff, 0x25, 0xfe, 0xff, 0x25, 0xfe, 0xff, 
  0x25, 0xfe, 0xff, 0x25, 0xfe, 0xff, 0x25, 0xfe, 0xff, 0x25, 0xfe, 0xff, 
  0x25, 0xfe, 0xff, 0x25, 0xfe, 0xff, 0x25, 0xfe, 0xff, 0x25, 0xfe, 0xff, 
  0x25, 0xfe, 0xff, 0x25, 0xfe, 0xff, 0x25, 0xfe, 0xff, 0x25, 0xfe, 0xff, 
  0x25, 0xfe, 0xff, 0x25, 0xfe, 0xff, 0x25, 0xfe, 0xff, 0x25, 0xfe, 0xff, 
  0x25, 0xfe, 0xff, 0x25, 0xfe, 0xff, 0x25, 0xfe, 0xff, 0x25, 0xfe, 0xff, 
  0x25, 0xfe, 0xff, 0x25, 0xfe, 0xff, 0x25, 0xfe, 0xff, 0x25, 0xfe, 0xff, 
  0x25, 0xfe, 0xff, 0x25, 0xfe, 0xff, 0x25, 0xfe, 0xff, 0x25, 0xfe, 0xff, 
  0x25, 0xfe, 0xff, 0x05, 0xfe, 0xff, 0x25, 0xfe, 0xff, 0x25, 0xfe, 0xff, 
  0x05, 0xee, 0xff, 0xad, 0xfe, 0x00, 0xfb, 0xff, 0x00, 0xff, 0xff, 0x00, 
  0xff, 0xff, 0x00, 0xff, 0xff, 0x00, 0xff, 0xff, 0x00, 0xff, 0xff, 0x00, 
  0xff, 0xff, 0x00, 0xff, 0xff, 0x00, 0xff, 0xff, 0x00, 0xff, 0xff, 0x00, 
  0xff, 0xff, 0x00, 0xd9, 0xff, 0x00, 0x8c, 0xf6, 0x00, 0x05, 0xf6, 0xff, 
  0x45, 0xfe, 0xff, 0x25, 0xfe, 0xff, 0x04, 0xfe, 0xff, 0x25, 0xfe, 0xff, 
  0x25, 0xfe, 0xff, 0x25, 0xfe, 0xff, 0x25, 0xfe, 0xff, 0x25, 0xfe, 0xff, 
  0x25, 0xfe, 0xff, 0x25, 0xfe, 0xff, 0x25, 0xfe, 0xff, 0x25, 0xfe, 0xff, 
  0x25, 0xfe, 0xff, 0x25, 0xfe, 0xff, 0x25, 0xfe, 0xff, 0x25, 0xfe, 0xff, 
  0x25, 0xfe, 0xff, 0x25, 0xfe, 0xff, 0x25, 0xfe, 0xff, 0x25, 0xfe, 0xff, 
  0x25, 0xfe, 0xff, 0x25, 0xfe, 0xff, 0x25, 0xfe, 0xff, 0x25, 0xfe, 0xff, 
  0x25, 0xfe, 0xff, 0x25, 0xfe, 0xff, 0x25, 0xfe, 0xff, 0x25, 0xfe, 0xff, 
  0x25, 0xfe, 0xff, 0x25, 0xfe, 0xff, 0x25, 0xfe, 0xff, 0x25, 0xfe, 0xff, 
  0x25, 0xfe, 0xff, 0x25, 0xfe, 0xff, 0x25, 0xfe, 0xff, 0x25, 0xfe, 0xff, 
  0x25, 0xfe, 0xff, 0x25, 0xfe, 0xff, 0x25, 0xfe, 0xff, 0x25, 0xfe, 0xff, 
  0x25, 0xfe, 0xff, 0x25, 0xfe, 0xff, 0x25, 0xfe, 0xff, 0x25, 0xfe, 0xff, 
  0x25, 0xfe, 0xff, 0x25, 0xfe, 0xff, 0x25, 0xfe, 0xff, 0x25, 0xfe, 0xff, 
  0x25, 0xfe, 0xff, 0x25, 0xfe, 0xff, 0x25, 0xfe, 0xff, 0x25, 0xfe, 0xff, 
  0x25, 0xfe, 0xff, 0x25, 0xfe, 0xff, 0x25, 0xfe, 0xff, 0x25, 0xfe, 0xff, 
  0x25, 0xfe, 0xff, 0x25, 0xfe, 0xff, 0x25, 0xfe, 0xff, 0x25, 0xfe, 0xff, 
  0x25, 0xfe, 0xff, 0x25, 0xfe, 0xff, 0x25, 0xfe, 0xff, 0x25, 0xfe, 0xff, 
  0x25, 0xfe, 0xff, 0x25, 0xfe, 0xff, 0x25, 0xfe, 0xff, 0x25, 0xfe, 0xff, 
  0x25, 0xfe, 0xff, 0x25, 0xfe, 0xff, 0x25, 0xfe, 0xff, 0x25, 0xfe, 0xff, 
  0x25, 0xfe, 0xff, 0x25, 0xfe, 0xff, 0x25, 0xfe, 0xff, 0x25, 0xfe, 0xff, 
  0x25, 0xfe, 0xff, 0x25, 0xfe, 0xff, 0x25, 0xfe, 0xff, 0x25, 0xfe, 0xff, 
  0x25, 0xfe, 0xff, 0x25, 0xfe, 0xff, 0x25, 0xfe, 0xff, 0x25, 0xfe, 0xff, 
  0x25, 0xfe, 0xff, 0x25, 0xfe, 0xff, 0x25, 0xfe, 0xff, 0x25, 0xfe, 0xff, 
  0x25, 0xfe, 0xff, 0x25, 0xfe, 0xff, 0x25, 0xfe, 0xff, 0x25, 0xfe, 0xff, 
  0x25, 0xfe, 0xff, 0x25, 0xfe, 0xff, 0x25, 0xfe, 0xff, 0x25, 0xfe, 0xff, 
  0x25, 0xfe, 0xff, 0x25, 0xfe, 0xff, 0x25, 0xfe, 0xff, 0x25, 0xfe, 0xff, 
  0x25, 0xfe, 0xff, 0x05, 0xfe, 0xff, 0x25, 0xfe, 0xff, 0x26, 0xfe, 0xff, 
  0x06, 0xee, 0xff, 0xce, 0xfe, 0x00, 0xfb, 0xff, 0x00, 0xff, 0xff, 0x00, 
  0xff, 0xff, 0x00, 0xff, 0xff, 0x00, 0xff, 0xff, 0x00, 0xff, 0xff, 0x00, 
  0xff, 0xff, 0x00, 0xff, 0xff, 0x00, 0xff, 0xff, 0x00, 0xff, 0xff, 0x00, 
  0xff, 0xff, 0x00, 0xfb, 0xff, 0x00, 0xad, 0xf6, 0x00, 0x06, 0xf6, 0xff, 
  0x25, 0xfe, 0xff, 0x25, 0xfe, 0xff, 0x25, 0xfe, 0xff, 0x25, 0xfe, 0xff, 
  0x25, 0xfe, 0xff, 0x25, 0xfe, 0xff, 0x25, 0xfe, 0xff, 0x25, 0xfe, 0xff, 
  0x25, 0xfe, 0xff, 0x25, 0xfe, 0xff, 0x25, 0xfe, 0xff, 0x25, 0xfe, 0xff, 
  0x25, 0xfe, 0xff, 0x25, 0xfe, 0xff, 0x25, 0xfe, 0xff, 0x25, 0xfe, 0xff, 
  0x25, 0xfe, 0xff, 0x25, 0xfe, 0xff, 0x25, 0xfe, 0xff, 0x25, 0xfe, 0xff, 
  0x25, 0xfe, 0xff, 0x25, 0xfe, 0xff, 0x25, 0xfe, 0xff, 0x25, 0xfe, 0xff, 
  0x25, 0xfe, 0xff, 0x25, 0xfe, 0xff, 0x25, 0xfe, 0xff, 0x25, 0xfe, 0xff, 
  0x25, 0xfe, 0xff, 0x25, 0xfe, 0xff, 0x25, 0xfe, 0xff, 0x25, 0xfe, 0xff, 
  0x25, 0xfe, 0xff, 0x25, 0xfe, 0xff, 0x25, 0xfe, 0xff, 0x25, 0xfe, 0xff, 
  0x25, 0xfe, 0xff, 0x25, 0xfe, 0xff, 0x25, 0xfe, 0xff, 0x25, 0xfe, 0xff, 
  0x25, 0xfe, 0xff, 0x25, 0xfe, 0xff, 0x25, 0xfe, 0xff, 0x25, 0xfe, 0xff, 
  0x25, 0xfe, 0xff, 0x25, 0xfe, 0xff, 0x25, 0xfe, 0xff, 0x25, 0xfe, 0xff, 
  0x25, 0xfe, 0xff, 0x25, 0xfe, 0xff, 0x25, 0xfe, 0xff, 0x25, 0xfe, 0xff, 
  0x25, 0xfe, 0xff, 0x25, 0xfe, 0xff, 0x25, 0xfe, 0xff, 0x25, 0xfe, 0xff, 
  0x25, 0xfe, 0xff, 0x25, 0xfe, 0xff, 0x25, 0xfe, 0xff, 0x25, 0xfe, 0xff, 
  0x25, 0xfe, 0xff, 0x25, 0xfe, 0xff, 0x25, 0xfe, 0xff, 0x25, 0xfe, 0xff, 
  0x25, 0xfe, 0xff, 0x25, 0xfe, 0xff, 0x25, 0xfe, 0xff, 0x25, 0xfe, 0xff, 
  0x25, 0xfe, 0xff, 0x25, 0xfe, 0xff, 0x25, 0xfe, 0xff, 0x25, 0xfe, 0xff, 
  0x25, 0xfe, 0xff, 0x25, 0xfe, 0xff, 0x25, 0xfe, 0xff, 0x25, 0xfe, 0xff, 
  0x25, 0xfe, 0xff, 0x25, 0xfe, 0xff, 0x25, 0xfe, 0xff, 0x25, 0xfe, 0xff, 
  0x25, 0xfe, 0xff, 0x25, 0xfe, 0xff, 0x25, 0xfe, 0xff, 0x25, 0xfe, 0xff, 
  0x25, 0xfe, 0xff, 0x25, 0xfe, 0xff, 0x25, 0xfe, 0xff, 0x25, 0xfe, 0xff, 
  0x25, 0xfe, 0xff, 0x25, 0xfe, 0xff, 0x25, 0xfe, 0xff, 0x25, 0xfe, 0xff, 
  0x25, 0xfe, 0xff, 0x25, 0xfe, 0xff, 0x25, 0xfe, 0xff, 0x25, 0xfe, 0xff, 
  0x25, 0xfe, 0xff, 0x25, 0xfe, 0xff, 0x25, 0xfe, 0xff, 0x25, 0xfe, 0xff, 
  0x25, 0xfe, 0xff, 0x25, 0xfe, 0xff, 0x25, 0xfe, 0xff, 0x26, 0xfe, 0xff, 
  0x27, 0xf6, 0xff, 0xcf, 0xfe, 0x00, 0xfc, 0xff, 0x00, 0xff, 0xff, 0x00, 
  0xff, 0xff, 0x00, 0xff, 0xff, 0x00, 0xff, 0xff, 0x00, 0xff, 0xff, 0x00, 
  0xff, 0xff, 0x00, 0xff, 0xff, 0x00, 0xff, 0xff, 0x00, 0xff, 0xff, 0x00, 
  0xff, 0xff, 0x00, 0xfb, 0xff, 0x00, 0xae, 0xfe, 0x00, 0x07, 0xf6, 0xff, 
  0x26, 0xfe, 0xff, 0x25, 0xfe, 0xff, 0x24, 0xfe, 0xff, 0x25, 0xfe, 0xff, 
  0x25, 0xfe, 0xff, 0x25, 0xfe, 0xff, 0x25, 0xfe, 0xff, 0x25, 0xfe, 0xff, 
  0x25, 0xfe, 0xff, 0x25, 0xfe, 0xff, 0x25, 0xfe, 0xff, 0x25, 0xfe, 0xff, 
  0x25, 0xfe, 0xff, 0x25, 0xfe, 0xff, 0x25, 0xfe, 0xff, 0x25, 0xfe, 0xff, 
  0x25, 0xfe, 0xff, 0x25, 0xfe, 0xff, 0x25, 0xfe, 0xff, 0x25, 0xfe, 0xff, 
  0x25, 0xfe, 0xff, 0x25, 0xfe, 0xff, 0x25, 0xfe, 0xff, 0x25, 0xfe, 0xff, 
  0x25, 0xfe, 0xff, 0x25, 0xfe, 0xff, 0x25, 0xfe, 0xff, 0x25, 0xfe, 0xff, 
  0x25, 0xfe, 0xff, 0x25, 0xfe, 0xff, 0x25, 0xfe, 0xff, 0x25, 0xfe, 0xff, 
  0x25, 0xfe, 0xff, 0x25, 0xfe, 0xff, 0x25, 0xfe, 0xff, 0x25, 0xfe, 0xff, 
  0x25, 0xfe, 0xff, 0x25, 0xfe, 0xff, 0x25, 0xfe, 0xff, 0x25, 0xfe, 0xff, 
  0x25, 0xfe, 0xff, 0x25, 0xfe, 0xff, 0x25, 0xfe, 0xff, 0x25, 0xfe, 0xff, 
  0x25, 0xfe, 0xff, 0x25, 0xfe, 0xff, 0x25, 0xfe, 0xff, 0x25, 0xfe, 0xff, 
  0x25, 0xfe, 0xff, 0x25, 0xfe, 0xff, 0x25, 0xfe, 0xff, 0x25, 0xfe, 0xff, 
  0x25, 0xfe, 0xff, 0x25, 0xfe, 0xff, 0x25, 0xfe, 0xff, 0x25, 0xfe, 0xff, 
  0x25, 0xfe, 0xff, 0x25, 0xfe, 0xff, 0x25, 0xfe, 0xff, 0x25, 0xfe, 0xff, 
  0x25, 0xfe, 0xff, 0x25, 0xfe, 0xff, 0x25, 0xfe, 0xff, 0x25, 0xfe, 0xff, 
  0x25, 0xfe, 0xff, 0x25, 0xfe, 0xff, 0x25, 0xfe, 0xff, 0x25, 0xfe, 0xff, 
  0x25, 0xfe, 0xff, 0x25, 0xfe, 0xff, 0x25, 0xfe, 0xff, 0x25, 0xfe, 0xff, 
  0x25, 0xfe, 0xff, 0x25, 0xfe, 0xff, 0x25, 0xfe, 0xff, 0x25, 0xfe, 0xff, 
  0x25, 0xfe, 0xff, 0x25, 0xfe, 0xff, 0x25, 0xfe, 0xff, 0x25, 0xfe, 0xff, 
  0x25, 0xfe, 0xff, 0x25, 0xfe, 0xff, 0x25, 0xfe, 0xff, 0x25, 0xfe, 0xff, 
  0x25, 0xfe, 0xff, 0x25, 0xfe, 0xff, 0x25, 0xfe, 0xff, 0x25, 0xfe, 0xff, 
  0x25, 0xfe, 0xff, 0x25, 0xfe, 0xff, 0x25, 0xfe, 0xff, 0x25, 0xfe, 0xff, 
  0x25, 0xfe, 0xff, 0x25, 0xfe, 0xff, 0x25, 0xfe, 0xff, 0x25, 0xfe, 0xff, 
  0x25, 0xfe, 0xff, 0x25, 0xfe, 0xff, 0x25, 0xfe, 0xff, 0x25, 0xfe, 0xff, 
  0x25, 0xfe, 0xff, 0x25, 0xfe, 0xff, 0x25, 0xfe, 0xff, 0x26, 0xfe, 0xff, 
  0x28, 0xf6, 0xff, 0xf0, 0xfe, 0x00, 0xfc, 0xff, 0x00, 0xff, 0xff, 0x00, 
  0xff, 0xff, 0x00, 0xff, 0xff, 0x00, 0xff, 0xff, 0x00, 0xff, 0xff, 0x00, 
  0xff, 0xff, 0x00, 0xff, 0xff, 0x00, 0xff, 0xff, 0x00, 0xff, 0xff, 0x00, 
  0xff, 0xff, 0x00, 0xfc, 0xff, 0x00, 0xcf, 0xfe, 0x00, 0x08, 0xf6, 0xff, 
  0x26, 0xfe, 0xff, 0x25, 0xfe, 0xff, 0x24, 0xfe, 0xff, 0x24, 0xfe, 0xff, 
  0x25, 0xfe, 0xff, 0x25, 0xfe, 0xff, 0x25, 0xfe, 0xff, 0x25, 0xfe, 0xff, 
  0x25, 0xfe, 0xff, 0x25, 0xfe, 0xff, 0x25, 0xfe, 0xff, 0x25, 0xfe, 0xff, 
  0x25, 0xfe, 0xff, 0x25, 0xfe, 0xff, 0x25, 0xfe, 0xff, 0x25, 0xfe, 0xff, 
  0x25, 0xfe, 0xff, 0x25, 0xfe, 0xff, 0x25, 0xfe, 0xff, 0x25, 0xfe, 0xff, 
  0x25, 0xfe, 0xff, 0x25, 0xfe, 0xff, 0x25, 0xfe, 0xff, 0x25, 0xfe, 0xff, 
  0x25, 0xfe, 0xff, 0x25, 0xfe, 0xff, 0x25, 0xfe, 0xff, 0x25, 0xfe, 0xff, 
  0x25, 0xfe, 0xff, 0x25, 0xfe, 0xff, 0x25, 0xfe, 0xff, 0x25, 0xfe, 0xff, 
  0x25, 0xfe, 0xff, 0x25, 0xfe, 0xff, 0x25, 0xfe, 0xff, 0x25, 0xfe, 0xff, 
  0x25, 0xfe, 0xff, 0x25, 0xfe, 0xff, 0x25, 0xfe, 0xff, 0x25, 0xfe, 0xff, 
  0x25, 0xfe, 0xff, 0x25, 0xfe, 0xff, 0x25, 0xfe, 0xff, 0x25, 0xfe, 0xff, 
  0x25, 0xfe, 0xff, 0x25, 0xfe, 0xff, 0x25, 0xfe, 0xff, 0x25, 0xfe, 0xff, 
  0x25, 0xfe, 0xff, 0x25, 0xfe, 0xff, 0x25, 0xfe, 0xff, 0x25, 0xfe, 0xff, 
  0x25, 0xfe, 0xff, 0x25, 0xfe, 0xff, 0x25, 0xfe, 0xff, 0x25, 0xfe, 0xff, 
  0x25, 0xfe, 0xff, 0x25, 0xfe, 0xff, 0x25, 0xfe, 0xff, 0x25, 0xfe, 0xff, 
  0x25, 0xfe, 0xff, 0x25, 0xfe, 0xff, 0x25, 0xfe, 0xff, 0x25, 0xfe, 0xff, 
  0x25, 0xfe, 0xff, 0x25, 0xfe, 0xff, 0x25, 0xfe, 0xff, 0x25, 0xfe, 0xff, 
  0x25, 0xfe, 0xff, 0x25, 0xfe, 0xff, 0x25, 0xfe, 0xff, 0x25, 0xfe, 0xff, 
  0x25, 0xfe, 0xff, 0x25, 0xfe, 0xff, 0x25, 0xfe, 0xff, 0x25, 0xfe, 0xff, 
  0x25, 0xfe, 0xff, 0x25, 0xfe, 0xff, 0x25, 0xfe, 0xff, 0x25, 0xfe, 0xff, 
  0x25, 0xfe, 0xff, 0x25, 0xfe, 0xff, 0x25, 0xfe, 0xff, 0x25, 0xfe, 0xff, 
  0x25, 0xfe, 0xff, 0x25, 0xfe, 0xff, 0x25, 0xfe, 0xff, 0x25, 0xfe, 0xff, 
  0x25, 0xfe, 0xff, 0x25, 0xfe, 0xff, 0x25, 0xfe, 0xff, 0x25, 0xfe, 0xff, 
  0x25, 0xfe, 0xff, 0x25, 0xfe, 0xff, 0x25, 0xfe, 0xff, 0x25, 0xfe, 0xff, 
  0x25, 0xfe, 0xff, 0x25, 0xfe, 0xff, 0x25, 0xfe, 0xff, 0x25, 0xfe, 0xff, 
  0x25, 0xfe, 0xff, 0x25, 0xfe, 0xff, 0x25, 0xfe, 0xff, 0x26, 0xfe, 0xff, 
  0x49, 0xf6, 0xff, 0x11, 0xff, 0x00, 0xfc, 0xff, 0x00, 0xff, 0xff, 0x00, 
  0xff, 0xff, 0x00, 0xff, 0xff, 0x00, 0xff, 0xff, 0x00, 0xff, 0xff, 0x00, 
  0xff, 0xff, 0x00, 0xff, 0xff, 0x00, 0xff, 0xff, 0x00, 0xff, 0xff, 0x00, 
  0xff, 0xff, 0x00, 0xfc, 0xff, 0x00, 0xf0, 0xfe, 0x00, 0x28, 0xf6, 0xff, 
  0x26, 0xfe, 0xff, 0x25, 0xfe, 0xff, 0x24, 0xfe, 0xff, 0x24, 0xfe, 0xff, 
  0x25, 0xfe, 0xff, 0x25, 0xfe, 0xff, 0x25, 0xfe, 0xff, 0x25, 0xfe, 0xff, 
  0x25, 0xfe, 0xff, 0x25, 0xfe, 0xff, 0x25, 0xfe, 0xff, 0x25, 0xfe, 0xff, 
  0x25, 0xfe, 0xff, 0x25, 0xfe, 0xff, 0x25, 0xfe, 0xff, 0x25, 0xfe, 0xff, 
  0x25, 0xfe, 0xff, 0x25, 0xfe, 0xff, 0x25, 0xfe, 0xff, 0x25, 0xfe, 0xff, 
  0x25, 0xfe, 0xff, 0x25, 0xfe, 0xff, 0x25, 0xfe, 0xff, 0x25, 0xfe, 0xff, 
  0x25, 0xfe, 0xff, 0x25, 0xfe, 0xff, 0x25, 0xfe, 0xff, 0x25, 0xfe, 0xff, 
  0x25, 0xfe, 0xff, 0x25, 0xfe, 0xff, 0x25, 0xfe, 0xff, 0x25, 0xfe, 0xff, 
  0x25, 0xfe, 0xff, 0x25, 0xfe, 0xff, 0x25, 0xfe, 0xff, 0x25, 0xfe, 0xff, 
  0x25, 0xfe, 0xff, 0x25, 0xfe, 0xff, 0x25, 0xfe, 0xff, 0x25, 0xfe, 0xff, 
  0x25, 0xfe, 0xff, 0x25, 0xfe, 0xff, 0x25, 0xfe, 0xff, 0x25, 0xfe, 0xff, 
  0x25, 0xfe, 0xff, 0x25, 0xfe, 0xff, 0x25, 0xfe, 0xff, 0x25, 0xfe, 0xff, 
  0x25, 0xfe, 0xff, 0x25, 0xfe, 0xff, 0x25, 0xfe, 0xff, 0x25, 0xfe, 0xff, 
  0x25, 0xfe, 0xff, 0x25, 0xfe, 0xff, 0x25, 0xfe, 0xff, 0x25, 0xfe, 0xff, 
  0x25, 0xfe, 0xff, 0x25, 0xfe, 0xff, 0x25, 0xfe, 0xff, 0x25, 0xfe, 0xff, 
  0x25, 0xfe, 0xff, 0x25, 0xfe, 0xff, 0x25, 0xfe, 0xff, 0x25, 0xfe, 0xff, 
  0x25, 0xfe, 0xff, 0x25, 0xfe, 0xff, 0x25, 0xfe, 0xff, 0x25, 0xfe, 0xff, 
  0x25, 0xfe, 0xff, 0x25, 0xfe, 0xff, 0x25, 0xfe, 0xff, 0x25, 0xfe, 0xff, 
  0x25, 0xfe, 0xff, 0x25, 0xfe, 0xff, 0x25, 0xfe, 0xff, 0x25, 0xfe, 0xff, 
  0x25, 0xfe, 0xff, 0x25, 0xfe, 0xff, 0x25, 0xfe, 0xff, 0x25, 0xfe, 0xff, 
  0x25, 0xfe, 0xff, 0x25, 0xfe, 0xff, 0x25, 0xfe, 0xff, 0x25, 0xfe, 0xff, 
  0x25, 0xfe, 0xff, 0x25, 0xfe, 0xff, 0x25, 0xfe, 0xff, 0x25, 0xfe, 0xff, 
  0x25, 0xfe, 0xff, 0x25, 0xfe, 0xff, 0x25, 0xfe, 0xff, 0x25, 0xfe, 0xff, 
  0x25, 0xfe, 0xff, 0x25, 0xfe, 0xff, 0x25, 0xfe, 0xff, 0x25, 0xfe, 0xff, 
  0x25, 0xfe, 0xff, 0x25, 0xfe, 0xff, 0x25, 0xfe, 0xff, 0x25, 0xfe, 0xff, 
  0x25, 0xfe, 0xff, 0x25, 0xfe, 0xff, 0x25, 0xfe, 0xff, 0x06, 0xfe, 0xff, 
  0x4b, 0xf6, 0xff, 0x33, 0xff, 0x00, 0xfc, 0xff, 0x00, 0xff, 0xff, 0x00, 
  0xff, 0xff, 0x00, 0xff, 0xff, 0x00, 0xff, 0xff, 0x00, 0xff, 0xff, 0x00, 
  0xff, 0xff, 0x00, 0xff, 0xff, 0x00, 0xff, 0xff, 0x00, 0xff, 0xff, 0x00, 
  0xff, 0xff, 0x00, 0xfc, 0xff, 0x00, 0x12, 0xff, 0x00, 0x49, 0xfe, 0xff, 
  0x07, 0xfe, 0xff, 0x25, 0xfe, 0xff, 0x24, 0xfe, 0xff, 0x24, 0xfe, 0xff, 
  0x25, 0xfe, 0xff, 0x25, 0xfe, 0xff, 0x25, 0xfe, 0xff, 0x25, 0xfe, 0xff, 
  0x25, 0xfe, 0xff, 0x25, 0xfe, 0xff, 0x25, 0xfe, 0xff, 0x25, 0xfe, 0xff, 
  0x25, 0xfe, 0xff, 0x25, 0xfe, 0xff, 0x25, 0xfe, 0xff, 0x25, 0xfe, 0xff, 
  0x25, 0xfe, 0xff, 0x25, 0xfe, 0xff, 0x25, 0xfe, 0xff, 0x25, 0xfe, 0xff, 
  0x25, 0xfe, 0xff, 0x25, 0xfe, 0xff, 0x25, 0xfe, 0xff, 0x25, 0xfe, 0xff, 
  0x25, 0xfe, 0xff, 0x25, 0xfe, 0xff, 0x25, 0xfe, 0xff, 0x25, 0xfe, 0xff, 
  0x25, 0xfe, 0xff, 0x25, 0xfe, 0xff, 0x25, 0xfe, 0xff, 0x25, 0xfe, 0xff, 
  0x25, 0xfe, 0xff, 0x25, 0xfe, 0xff, 0x25, 0xfe, 0xff, 0x25, 0xfe, 0xff, 
  0x25, 0xfe, 0xff, 0x25, 0xfe, 0xff, 0x25, 0xfe, 0xff, 0x25, 0xfe, 0xff, 
  0x25, 0xfe, 0xff, 0x25, 0xfe, 0xff, 0x25, 0xfe, 0xff, 0x25, 0xfe, 0xff, 
  0x25, 0xfe, 0xff, 0x25, 0xfe, 0xff, 0x25, 0xfe, 0xff, 0x25, 0xfe, 0xff, 
  0x25, 0xfe, 0xff, 0x25, 0xfe, 0xff, 0x25, 0xfe, 0xff, 0x25, 0xfe, 0xff, 
  0x25, 0xfe, 0xff, 0x25, 0xfe, 0xff, 0x25, 0xfe, 0xff, 0x25, 0xfe, 0xff, 
  0x25, 0xfe, 0xff, 0x25, 0xfe, 0xff, 0x25, 0xfe, 0xff, 0x25, 0xfe, 0xff, 
  0x25, 0xfe, 0xff, 0x25, 0xfe, 0xff, 0x25, 0xfe, 0xff, 0x25, 0xfe, 0xff, 
  0x25, 0xfe, 0xff, 0x25, 0xfe, 0xff, 0x25, 0xfe, 0xff, 0x25, 0xfe, 0xff, 
  0x25, 0xfe, 0xff, 0x25, 0xfe, 0xff, 0x25, 0xfe, 0xff, 0x25, 0xfe, 0xff, 
  0x25, 0xfe, 0xff, 0x25, 0xfe, 0xff, 0x25, 0xfe, 0xff, 0x25, 0xfe, 0xff, 
  0x25, 0xfe, 0xff, 0x25, 0xfe, 0xff, 0x25, 0xfe, 0xff, 0x25, 0xfe, 0xff, 
  0x25, 0xfe, 0xff, 0x25, 0xfe, 0xff, 0x25, 0xfe, 0xff, 0x25, 0xfe, 0xff, 
  0x25, 0xfe, 0xff, 0x25, 0xfe, 0xff, 0x25, 0xfe, 0xff, 0x25, 0xfe, 0xff, 
  0x25, 0xfe, 0xff, 0x25, 0xfe, 0xff, 0x25, 0xfe, 0xff, 0x25, 0xfe, 0xff, 
  0x25, 0xfe, 0xff, 0x25, 0xfe, 0xff, 0x25, 0xfe, 0xff, 0x25, 0xfe, 0xff, 
  0x25, 0xfe, 0xff, 0x25, 0xfe, 0xff, 0x25, 0xfe, 0xff, 0x25, 0xfe, 0xff, 
  0x25, 0xfe, 0xff, 0x25, 0xfe, 0xff, 0x25, 0xfe, 0xff, 0x06, 0xfe, 0xff, 
  0x6b, 0xfe, 0xff, 0x54, 0xff, 0x00, 0xfc, 0xff, 0x00, 0xff, 0xff, 0x00, 
  0xff, 0xff, 0x00, 0xff, 0xff, 0x00, 0xff, 0xff, 0x00, 0xff, 0xff, 0x00, 
  0xff, 0xff, 0x00, 0xff, 0xff, 0x00, 0xdf, 0xff, 0x00, 0xff, 0xff, 0x00, 
  0xff, 0xff, 0x00, 0xfc, 0xff, 0x00, 0x33, 0xff, 0x00, 0x6b, 0xfe, 0xff, 
  0x07, 0xfe, 0xff, 0x25, 0xfe, 0xff, 0x25, 0xfe, 0xff, 0x24, 0xfe, 0xff, 
  0x24, 0xfe, 0xff, 0x25, 0xfe, 0xff, 0x25, 0xfe, 0xff, 0x25, 0xfe, 0xff, 
  0x25, 0xfe, 0xff, 0x25, 0xfe, 0xff, 0x25, 0xfe, 0xff, 0x25, 0xfe, 0xff, 
  0x25, 0xfe, 0xff, 0x25, 0xfe, 0xff, 0x25, 0xfe, 0xff, 0x25, 0xfe, 0xff, 
  0x25, 0xfe, 0xff, 0x25, 0xfe, 0xff, 0x25, 0xfe, 0xff, 0x25, 0xfe, 0xff, 
  0x25, 0xfe, 0xff, 0x25, 0xfe, 0xff, 0x25, 0xfe, 0xff, 0x25, 0xfe, 0xff, 
  0x25, 0xfe, 0xff, 0x25, 0xfe, 0xff, 0x25, 0xfe, 0xff, 0x25, 0xfe, 0xff, 
  0x25, 0xfe, 0xff, 0x25, 0xfe, 0xff, 0x25, 0xfe, 0xff, 0x25, 0xfe, 0xff, 
  0x25, 0xfe, 0xff, 0x25, 0xfe, 0xff, 0x25, 0xfe, 0xff, 0x25, 0xfe, 0xff, 
  0x25, 0xfe, 0xff, 0x25, 0xfe, 0xff, 0x25, 0xfe, 0xff, 0x25, 0xfe, 0xff, 
  0x25, 0xfe, 0xff, 0x25, 0xfe, 0xff, 0x25, 0xfe, 0xff, 0x25, 0xfe, 0xff, 
  0x25, 0xfe, 0xff, 0x25, 0xfe, 0xff, 0x25, 0xfe, 0xff, 0x25, 0xfe, 0xff, 
  0x25, 0xfe, 0xff, 0x25, 0xfe, 0xff, 0x25, 0xfe, 0xff, 0x25, 0xfe, 0xff, 
  0x25, 0xfe, 0xff, 0x25, 0xfe, 0xff, 0x25, 0xfe, 0xff, 0x25, 0xfe, 0xff, 
  0x25, 0xfe, 0xff, 0x25, 0xfe, 0xff, 0x25, 0xfe, 0xff, 0x25, 0xfe, 0xff, 
  0x25, 0xfe, 0xff, 0x25, 0xfe, 0xff, 0x25, 0xfe, 0xff, 0x25, 0xfe, 0xff, 
  0x25, 0xfe, 0xff, 0x25, 0xfe, 0xff, 0x25, 0xfe, 0xff, 0x25, 0xfe, 0xff, 
  0x25, 0xfe, 0xff, 0x25, 0xfe, 0xff, 0x25, 0xfe, 0xff, 0x25, 0xfe, 0xff, 
  0x25, 0xfe, 0xff, 0x25, 0xfe, 0xff, 0x25, 0xfe, 0xff, 0x25, 0xfe, 0xff, 
  0x25, 0xfe, 0xff, 0x25, 0xfe, 0xff, 0x25, 0xfe, 0xff, 0x25, 0xfe, 0xff, 
  0x25, 0xfe, 0xff, 0x25, 0xfe, 0xff, 0x25, 0xfe, 0xff, 0x25, 0xfe, 0xff, 
  0x25, 0xfe, 0xff, 0x25, 0xfe, 0xff, 0x25, 0xfe, 0xff, 0x25, 0xfe, 0xff, 
  0x25, 0xfe, 0xff, 0x25, 0xfe, 0xff, 0x25, 0xfe, 0xff, 0x25, 0xfe, 0xff, 
  0x25, 0xfe, 0xff, 0x25, 0xfe, 0xff, 0x25, 0xfe, 0xff, 0x25, 0xfe, 0xff, 
  0x24, 0xfe, 0xff, 0x25, 0xfe, 0xff, 0x25, 0xfe, 0xff, 0x05, 0xfe, 0xff, 
  0x25, 0xfe, 0xff, 0x25, 0xfe, 0xff, 0x25, 0xfe, 0xff, 0x07, 0xf6, 0xff, 
  0x8c, 0xf6, 0xff, 0x75, 0xff, 0x00, 0xfc, 0xff, 0x00, 0xff, 0xff, 0x00, 
  0xff, 0xff, 0x00, 0xff, 0xff, 0x00, 0xff, 0xff, 0x00, 0xff, 0xff, 0x00, 
  0xff, 0xff, 0x00, 0xff, 0xff, 0x00, 0xff, 0xff, 0x00, 0xff, 0xff, 0x00, 
  0xff, 0xff, 0x00, 0xfd, 0xff, 0x00, 0x54, 0xff, 0x00, 0x6c, 0xfe, 0xff, 
  0x07, 0xfe, 0xff, 0x05, 0xfe, 0xff, 0x05, 0xfe, 0xff, 0x25, 0xfe, 0xff, 
  0x24, 0xfe, 0xff, 0x24, 0xfe, 0xff, 0x05, 0xfe, 0xff, 0x25, 0xfe, 0xff, 
  0x25, 0xfe, 0xff, 0x25, 0xfe, 0xff, 0x25, 0xfe, 0xff, 0x25, 0xfe, 0xff, 
  0x25, 0xfe, 0xff, 0x25, 0xfe, 0xff, 0x25, 0xfe, 0xff, 0x25, 0xfe, 0xff, 
  0x25, 0xfe, 0xff, 0x25, 0xfe, 0xff, 0x25, 0xfe, 0xff, 0x25, 0xfe, 0xff, 
  0x25, 0xfe, 0xff, 0x25, 0xfe, 0xff, 0x25, 0xfe, 0xff, 0x25, 0xfe, 0xff, 
  0x25, 0xfe, 0xff, 0x25, 0xfe, 0xff, 0x25, 0xfe, 0xff, 0x25, 0xfe, 0xff, 
  0x25, 0xfe, 0xff, 0x25, 0xfe, 0xff, 0x25, 0xfe, 0xff, 0x25, 0xfe, 0xff, 
  0x25, 0xfe, 0xff, 0x25, 0xfe, 0xff, 0x25, 0xfe, 0xff, 0x25, 0xfe, 0xff, 
  0x25, 0xfe, 0xff, 0x25, 0xfe, 0xff, 0x25, 0xfe, 0xff, 0x25, 0xfe, 0xff, 
  0x25, 0xfe, 0xff, 0x25, 0xfe, 0xff, 0x25, 0xfe, 0xff, 0x25, 0xfe, 0xff, 
  0x25, 0xfe, 0xff, 0x25, 0xfe, 0xff, 0x25, 0xfe, 0xff, 0x25, 0xfe, 0xff, 
  0x25, 0xfe, 0xff, 0x25, 0xfe, 0xff, 0x25, 0xfe, 0xff, 0x25, 0xfe, 0xff, 
  0x25, 0xfe, 0xff, 0x25, 0xfe, 0xff, 0x25, 0xfe, 0xff, 0x25, 0xfe, 0xff, 
  0x25, 0xfe, 0xff, 0x25, 0xfe, 0xff, 0x25, 0xfe, 0xff, 0x25, 0xfe, 0xff, 
  0x25, 0xfe, 0xff, 0x25, 0xfe, 0xff, 0x25, 0xfe, 0xff, 0x25, 0xfe, 0xff, 
  0x25, 0xfe, 0xff, 0x25, 0xfe, 0xff, 0x25, 0xfe, 0xff, 0x25, 0xfe, 0xff, 
  0x25, 0xfe, 0xff, 0x25, 0xfe, 0xff, 0x25, 0xfe, 0xff, 0x25, 0xfe, 0xff, 
  0x25, 0xfe, 0xff, 0x25, 0xfe, 0xff, 0x25, 0xfe, 0xff, 0x25, 0xfe, 0xff, 
  0x25, 0xfe, 0xff, 0x25, 0xfe, 0xff, 0x25, 0xfe, 0xff, 0x25, 0xfe, 0xff, 
  0x25, 0xfe, 0xff, 0x25, 0xfe, 0xff, 0x25, 0xfe, 0xff, 0x25, 0xfe, 0xff, 
  0x25, 0xfe, 0xff, 0x25, 0xfe, 0xff, 0x25, 0xfe, 0xff, 0x25, 0xfe, 0xff, 
  0x25, 0xfe, 0xff, 0x25, 0xfe, 0xff, 0x25, 0xfe, 0xff, 0x25, 0xfe, 0xff, 
  0x25, 0xfe, 0xff, 0x25, 0xfe, 0xff, 0x25, 0xfe, 0xff, 0x24, 0xfe, 0xff, 
  0x24, 0xfe, 0xff, 0x24, 0xfe, 0xff, 0x05, 0xfe, 0xff, 0x05, 0xfe, 0xff, 
  0x06, 0xfe, 0xff, 0x26, 0xfe, 0xff, 0x25, 0xfe, 0xff, 0x07, 0xf6, 0xff, 
  0xae, 0xf6, 0xff, 0x96, 0xff, 0x00, 0xfd, 0xff, 0x00, 0xff, 0xff, 0x00, 
  0xff, 0xff, 0x00, 0xff, 0xff, 0x00, 0xff, 0xff, 0x00, 0xff, 0xff, 0x00, 
  0xff, 0xff, 0x00, 0xff, 0xff, 0x00, 0xff, 0xff, 0x00, 0xff, 0xff, 0x00, 
  0xff, 0xff, 0x00, 0xfd, 0xff, 0x00, 0x96, 0xff, 0x00, 0x8e, 0xf6, 0xff, 
  0x07, 0xfe, 0xff, 0x05, 0xfe, 0xff, 0x05, 0xfe, 0xff, 0x25, 0xfe, 0xff, 
  0x44, 0xfe, 0xff, 0x44, 0xfe, 0xff, 0x05, 0xfe, 0xff, 0x05, 0xfe, 0xff, 
  0x25, 0xfe, 0xff, 0x25, 0xfe, 0xff, 0x25, 0xfe, 0xff, 0x25, 0xfe, 0xff, 
  0x25, 0xfe, 0xff, 0x25, 0xfe, 0xff, 0x25, 0xfe, 0xff, 0x25, 0xfe, 0xff, 
  0x25, 0xfe, 0xff, 0x25, 0xfe, 0xff, 0x25, 0xfe, 0xff, 0x25, 0xfe, 0xff, 
  0x25, 0xfe, 0xff, 0x25, 0xfe, 0xff, 0x25, 0xfe, 0xff, 0x25, 0xfe, 0xff, 
  0x25, 0xfe, 0xff, 0x25, 0xfe, 0xff, 0x25, 0xfe, 0xff, 0x25, 0xfe, 0xff, 
  0x25, 0xfe, 0xff, 0x25, 0xfe, 0xff, 0x25, 0xfe, 0xff, 0x25, 0xfe, 0xff, 
  0x25, 0xfe, 0xff, 0x25, 0xfe, 0xff, 0x25, 0xfe, 0xff, 0x25, 0xfe, 0xff, 
  0x25, 0xfe, 0xff, 0x25, 0xfe, 0xff, 0x25, 0xfe, 0xff, 0x25, 0xfe, 0xff, 
  0x25, 0xfe, 0xff, 0x25, 0xfe, 0xff, 0x25, 0xfe, 0xff, 0x25, 0xfe, 0xff, 
  0x25, 0xfe, 0xff, 0x25, 0xfe, 0xff, 0x25, 0xfe, 0xff, 0x25, 0xfe, 0xff, 
  0x25, 0xfe, 0xff, 0x25, 0xfe, 0xff, 0x25, 0xfe, 0xff, 0x25, 0xfe, 0xff, 
  0x25, 0xfe, 0xff, 0x25, 0xfe, 0xff, 0x25, 0xfe, 0xff, 0x25, 0xfe, 0xff, 
  0x25, 0xfe, 0xff, 0x25, 0xfe, 0xff, 0x25, 0xfe, 0xff, 0x25, 0xfe, 0xff, 
  0x25, 0xfe, 0xff, 0x25, 0xfe, 0xff, 0x25, 0xfe, 0xff, 0x25, 0xfe, 0xff, 
  0x25, 0xfe, 0xff, 0x25, 0xfe, 0xff, 0x25, 0xfe, 0xff, 0x25, 0xfe, 0xff, 
  0x25, 0xfe, 0xff, 0x25, 0xfe, 0xff, 0x25, 0xfe, 0xff, 0x25, 0xfe, 0xff, 
  0x25, 0xfe, 0xff, 0x25, 0xfe, 0xff, 0x25, 0xfe, 0xff, 0x25, 0xfe, 0xff, 
  0x25, 0xfe, 0xff, 0x25, 0xfe, 0xff, 0x25, 0xfe, 0xff, 0x25, 0xfe, 0xff, 
  0x25, 0xfe, 0xff, 0x25, 0xfe, 0xff, 0x25, 0xfe, 0xff, 0x25, 0xfe, 0xff, 
  0x25, 0xfe, 0xff, 0x25, 0xfe, 0xff, 0x25, 0xfe, 0xff, 0x25, 0xfe, 0xff, 
  0x25, 0xfe, 0xff, 0x25, 0xfe, 0xff, 0x25, 0xfe, 0xff, 0x25, 0xfe, 0xff, 
  0x25, 0xfe, 0xff, 0x25, 0xfe, 0xff, 0x25, 0xfe, 0xff, 0x25, 0xfe, 0xff, 
  0x04, 0xfe, 0xff, 0x24, 0xfe, 0xff, 0x25, 0xfe, 0xff, 0x25, 0xfe, 0xff, 
  0x05, 0xfe, 0xff, 0x25, 0xfe, 0xff, 0x25, 0xfe, 0xff, 0x27, 0xf6, 0xff, 
  0xaf, 0xf6, 0x00, 0xb8, 0xff, 0x00, 0xfd, 0xff, 0x00, 0xff, 0xff, 0x00, 
  0xff, 0xff, 0x00, 0xff, 0xff, 0x00, 0xff, 0xff, 0x00, 0xff, 0xff, 0x00, 
  0xff, 0xff, 0x00, 0xff, 0xff, 0x00, 0xff, 0xff, 0x00, 0xff, 0xff, 0x00, 
  0xfe, 0xff, 0x00, 0xfd, 0xff, 0x00, 0xd8, 0xff, 0x00, 0xd0, 0xf6, 0x00, 
  0x07, 0xf6, 0xff, 0x24, 0xfe, 0xff, 0x25, 0xfe, 0xff, 0x24, 0xfe, 0xff, 
  0x44, 0xfe, 0xff, 0x45, 0xfe, 0xff, 0x25, 0xfe, 0xff, 0x25, 0xfe, 0xff, 
  0x25, 0xfe, 0xff, 0x25, 0xfe, 0xff, 0x25, 0xfe, 0xff, 0x25, 0xfe, 0xff, 
  0x25, 0xfe, 0xff, 0x25, 0xfe, 0xff, 0x25, 0xfe, 0xff, 0x25, 0xfe, 0xff, 
  0x25, 0xfe, 0xff, 0x25, 0xfe, 0xff, 0x25, 0xfe, 0xff, 0x25, 0xfe, 0xff, 
  0x25, 0xfe, 0xff, 0x25, 0xfe, 0xff, 0x25, 0xfe, 0xff, 0x25, 0xfe, 0xff, 
  0x25, 0xfe, 0xff, 0x25, 0xfe, 0xff, 0x25, 0xfe, 0xff, 0x25, 0xfe, 0xff, 
  0x25, 0xfe, 0xff, 0x25, 0xfe, 0xff, 0x25, 0xfe, 0xff, 0x25, 0xfe, 0xff, 
  0x25, 0xfe, 0xff, 0x25, 0xfe, 0xff, 0x25, 0xfe, 0xff, 0x25, 0xfe, 0xff, 
  0x25, 0xfe, 0xff, 0x25, 0xfe, 0xff, 0x25, 0xfe, 0xff, 0x25, 0xfe, 0xff, 
  0x25, 0xfe, 0xff, 0x25, 0xfe, 0xff, 0x25, 0xfe, 0xff, 0x25, 0xfe, 0xff, 
  0x25, 0xfe, 0xff, 0x25, 0xfe, 0xff, 0x25, 0xfe, 0xff, 0x25, 0xfe, 0xff, 
  0x25, 0xfe, 0xff, 0x25, 0xfe, 0xff, 0x25, 0xfe, 0xff, 0x25, 0xfe, 0xff, 
  0x25, 0xfe, 0xff, 0x25, 0xfe, 0xff, 0x25, 0xfe, 0xff, 0x25, 0xfe, 0xff, 
  0x25, 0xfe, 0xff, 0x25, 0xfe, 0xff, 0x25, 0xfe, 0xff, 0x25, 0xfe, 0xff, 
  0x25, 0xfe, 0xff, 0x25, 0xfe, 0xff, 0x25, 0xfe, 0xff, 0x25, 0xfe, 0xff, 
  0x25, 0xfe, 0xff, 0x25, 0xfe, 0xff, 0x25, 0xfe, 0xff, 0x25, 0xfe, 0xff, 
  0x25, 0xfe, 0xff, 0x25, 0xfe, 0xff, 0x25, 0xfe, 0xff, 0x25, 0xfe, 0xff, 
  0x25, 0xfe, 0xff, 0x25, 0xfe, 0xff, 0x25, 0xfe, 0xff, 0x25, 0xfe, 0xff, 
  0x25, 0xfe, 0xff, 0x25, 0xfe, 0xff, 0x25, 0xfe, 0xff, 0x25, 0xfe, 0xff, 
  0x25, 0xfe, 0xff, 0x25, 0xfe, 0xff, 0x25, 0xfe, 0xff, 0x25, 0xfe, 0xff, 
  0x25, 0xfe, 0xff, 0x25, 0xfe, 0xff, 0x25, 0xfe, 0xff, 0x25, 0xfe, 0xff, 
  0x25, 0xfe, 0xff, 0x25, 0xfe, 0xff, 0x25, 0xfe, 0xff, 0x25, 0xfe, 0xff, 
  0x25, 0xfe, 0xff, 0x25, 0xfe, 0xff, 0x25, 0xfe, 0xff, 0x25, 0xfe, 0xff, 
  0x25, 0xfe, 0xff, 0x25, 0xfe, 0xff, 0x25, 0xfe, 0xff, 0x24, 0xfe, 0xff, 
  0x24, 0xfe, 0xff, 0x44, 0xfe, 0xff, 0x24, 0xfe, 0xff, 0x06, 0xee, 0xff, 
  0xd0, 0xf6, 0x00, 0xda, 0xff, 0x00, 0xfe, 0xff, 0x00, 0xff, 0xff, 0x00, 
  0xff, 0xff, 0x00, 0xff, 0xff, 0x00, 0xff, 0xff, 0x00, 0xff, 0xff, 0x00, 
  0xff, 0xff, 0x00, 0xff, 0xff, 0x00, 0xff, 0xff, 0x00, 0xff, 0xff, 0x00, 
  0xfe, 0xff, 0x00, 0xfd, 0xff, 0x00, 0xfb, 0xff, 0x00, 0x13, 0xff, 0x00, 
  0x08, 0xe6, 0xff, 0x25, 0xfe, 0xff, 0x25, 0xfe, 0xff, 0x04, 0xfe, 0xff, 
  0x04, 0xf6, 0xff, 0x24, 0xf6, 0xff, 0x25, 0xfe, 0xff, 0x25, 0xfe, 0xff, 
  0x25, 0xfe, 0xff, 0x25, 0xfe, 0xff, 0x25, 0xfe, 0xff, 0x25, 0xfe, 0xff, 
  0x25, 0xfe, 0xff, 0x25, 0xfe, 0xff, 0x25, 0xfe, 0xff, 0x25, 0xfe, 0xff, 
  0x25, 0xfe, 0xff, 0x25, 0xfe, 0xff, 0x25, 0xfe, 0xff, 0x25, 0xfe, 0xff, 
  0x25, 0xfe, 0xff, 0x25, 0xfe, 0xff, 0x25, 0xfe, 0xff, 0x25, 0xfe, 0xff, 
  0x25, 0xfe, 0xff, 0x25, 0xfe, 0xff, 0x25, 0xfe, 0xff, 0x25, 0xfe, 0xff, 
  0x25, 0xfe, 0xff, 0x25, 0xfe, 0xff, 0x25, 0xfe, 0xff, 0x25, 0xfe, 0xff, 
  0x25, 0xfe, 0xff, 0x25, 0xfe, 0xff, 0x25, 0xfe, 0xff, 0x25, 0xfe, 0xff, 
  0x25, 0xfe, 0xff, 0x25, 0xfe, 0xff, 0x25, 0xfe, 0xff, 0x25, 0xfe, 0xff, 
  0x25, 0xfe, 0xff, 0x25, 0xfe, 0xff, 0x25, 0xfe, 0xff, 0x25, 0xfe, 0xff, 
  0x25, 0xfe, 0xff, 0x25, 0xfe, 0xff, 0x25, 0xfe, 0xff, 0x25, 0xfe, 0xff, 
  0x25, 0xfe, 0xff, 0x25, 0xfe, 0xff, 0x25, 0xfe, 0xff, 0x25, 0xfe, 0xff, 
  0x25, 0xfe, 0xff, 0x25, 0xfe, 0xff, 0x25, 0xfe, 0xff, 0x25, 0xfe, 0xff, 
  0x25, 0xfe, 0xff, 0x25, 0xfe, 0xff, 0x25, 0xfe, 0xff, 0x25, 0xfe, 0xff, 
  0x25, 0xfe, 0xff, 0x25, 0xfe, 0xff, 0x25, 0xfe, 0xff, 0x25, 0xfe, 0xff, 
  0x25, 0xfe, 0xff, 0x25, 0xfe, 0xff, 0x25, 0xfe, 0xff, 0x25, 0xfe, 0xff, 
  0x25, 0xfe, 0xff, 0x25, 0xfe, 0xff, 0x25, 0xfe, 0xff, 0x25, 0xfe, 0xff, 
  0x25, 0xfe, 0xff, 0x25, 0xfe, 0xff, 0x25, 0xfe, 0xff, 0x25, 0xfe, 0xff, 
  0x25, 0xfe, 0xff, 0x25, 0xfe, 0xff, 0x25, 0xfe, 0xff, 0x25, 0xfe, 0xff, 
  0x25, 0xfe, 0xff, 0x25, 0xfe, 0xff, 0x25, 0xfe, 0xff, 0x25, 0xfe, 0xff, 
  0x25, 0xfe, 0xff, 0x25, 0xfe, 0xff, 0x25, 0xfe, 0xff, 0x25, 0xfe, 0xff, 
  0x24, 0xfe, 0xff, 0x24, 0xfe, 0xff, 0x24, 0xfe, 0xff, 0x24, 0xfe, 0xff, 
  0x24, 0xfe, 0xff, 0x24, 0xfe, 0xff, 0x25, 0xfe, 0xff, 0x25, 0xfe, 0xff, 
  0x25, 0xfe, 0xff, 0x25, 0xfe, 0xff, 0x24, 0xfe, 0xff, 0x24, 0xfe, 0xff, 
  0x24, 0xfe, 0xff, 0x44, 0xfe, 0xff, 0x25, 0xfe, 0xff, 0x29, 0xee, 0xff, 
  0x34, 0xff, 0x00, 0xfc, 0xff, 0x00, 0xff, 0xff, 0x00, 0xdf, 0xff, 0x00, 
  0xff, 0xff, 0x00, 0xff, 0xff, 0x00, 0xff, 0xff, 0x00, 0xff, 0xff, 0x00, 
  0xff, 0xff, 0x00, 0xff, 0xff, 0x00, 0xff, 0xff, 0x00, 0xff, 0xff, 0x00, 
  0xff, 0xff, 0x00, 0xff, 0xff, 0x00, 0xfd, 0xff, 0x00, 0x77, 0xff, 0x00, 
  0x4d, 0xee, 0x00, 0x28, 0xf6, 0xff, 0x06, 0xfe, 0xff, 0x25, 0xfe, 0xff, 
  0x45, 0xfe, 0xff, 0x44, 0xfe, 0xff, 0x24, 0xfe, 0xff, 0x24, 0xfe, 0xff, 
  0x24, 0xfe, 0xff, 0x24, 0xfe, 0xff, 0x24, 0xfe, 0xff, 0x24, 0xfe, 0xff, 
  0x24, 0xfe, 0xff, 0x24, 0xfe, 0xff, 0x24, 0xfe, 0xff, 0x24, 0xfe, 0xff, 
  0x24, 0xfe, 0xff, 0x24, 0xfe, 0xff, 0x24, 0xfe, 0xff, 0x24, 0xfe, 0xff, 
  0x24, 0xfe, 0xff, 0x24, 0xfe, 0xff, 0x24, 0xfe, 0xff, 0x24, 0xfe, 0xff, 
  0x24, 0xfe, 0xff, 0x24, 0xfe, 0xff, 0x24, 0xfe, 0xff, 0x24, 0xfe, 0xff, 
  0x24, 0xfe, 0xff, 0x24, 0xfe, 0xff, 0x24, 0xfe, 0xff, 0x24, 0xfe, 0xff, 
  0x24, 0xfe, 0xff, 0x24, 0xfe, 0xff, 0x24, 0xfe, 0xff, 0x24, 0xfe, 0xff, 
  0x24, 0xfe, 0xff, 0x24, 0xfe, 0xff, 0x24, 0xfe, 0xff, 0x24, 0xfe, 0xff, 
  0x24, 0xfe, 0xff, 0x24, 0xfe, 0xff, 0x24, 0xfe, 0xff, 0x24, 0xfe, 0xff, 
  0x24, 0xfe, 0xff, 0x24, 0xfe, 0xff, 0x24, 0xfe, 0xff, 0x24, 0xfe, 0xff, 
  0x24, 0xfe, 0xff, 0x24, 0xfe, 0xff, 0x24, 0xfe, 0xff, 0x24, 0xfe, 0xff, 
  0x24, 0xfe, 0xff, 0x24, 0xfe, 0xff, 0x24, 0xfe, 0xff, 0x24, 0xfe, 0xff, 
  0x24, 0xfe, 0xff, 0x24, 0xfe, 0xff, 0x24, 0xfe, 0xff, 0x24, 0xfe, 0xff, 
  0x24, 0xfe, 0xff, 0x24, 0xfe, 0xff, 0x24, 0xfe, 0xff, 0x24, 0xfe, 0xff, 
  0x24, 0xfe, 0xff, 0x24, 0xfe, 0xff, 0x24, 0xfe, 0xff, 0x24, 0xfe, 0xff, 
  0x24, 0xfe, 0xff, 0x24, 0xfe, 0xff, 0x24, 0xfe, 0xff, 0x24, 0xfe, 0xff, 
  0x24, 0xfe, 0xff, 0x24, 0xfe, 0xff, 0x24, 0xfe, 0xff, 0x24, 0xfe, 0xff, 
  0x24, 0xfe, 0xff, 0x24, 0xfe, 0xff, 0x24, 0xfe, 0xff, 0x24, 0xfe, 0xff, 
  0x24, 0xfe, 0xff, 0x24, 0xfe, 0xff, 0x24, 0xfe, 0xff, 0x24, 0xfe, 0xff, 
  0x24, 0xfe, 0xff, 0x24, 0xfe, 0xff, 0x24, 0xfe, 0xff, 0x24, 0xfe, 0xff, 
  0x24, 0xfe, 0xff, 0x24, 0xfe, 0xff, 0x24, 0xfe, 0xff, 0x24, 0xfe, 0xff, 
  0x24, 0xfe, 0xff, 0x24, 0xfe, 0xff, 0x25, 0xfe, 0xff, 0x25, 0xfe, 0xff, 
  0x25, 0xfe, 0xff, 0x24, 0xfe, 0xff, 0x44, 0xfe, 0xff, 0x65, 0xfe, 0xff, 
  0x45, 0xfe, 0xff, 0x06, 0xf6, 0xff, 0x09, 0xf6, 0xff, 0x6e, 0xf6, 0x00, 
  0x78, 0xff, 0x00, 0xfd, 0xff, 0x00, 0xff, 0xff, 0x00, 0xff, 0xff, 0x00, 
  0xff, 0xff, 0x00, 0xff, 0xff, 0x00, 0xff, 0xff, 0x00, 0xff, 0xff, 0x00, 
  0xff, 0xff, 0x00, 0xff, 0xff, 0x00, 0xff, 0xff, 0x00, 0xff, 0xff, 0x00, 
  0xff, 0xff, 0x00, 0xff, 0xff, 0x00, 0xff, 0xff, 0x00, 0xdb, 0xff, 0x00, 
  0x96, 0xff, 0x00, 0xaf, 0xfe, 0x00, 0xe9, 0xe5, 0xff, 0xc7, 0xed, 0xff, 
  0xe7, 0xed, 0xff, 0xe7, 0xed, 0xff, 0xc6, 0xf5, 0xff, 0x07, 0xf6, 0xff, 
  0xe7, 0xf5, 0xff, 0xe7, 0xf5, 0xff, 0xe7, 0xf5, 0xff, 0xe7, 0xf5, 0xff, 
  0xe7, 0xf5, 0xff, 0xe7, 0xf5, 0xff, 0xe7, 0xf5, 0xff, 0xe7, 0xf5, 0xff, 
  0xe7, 0xf5, 0xff, 0xe7, 0xf5, 0xff, 0xe7, 0xf5, 0xff, 0xe7, 0xf5, 0xff, 
  0xe7, 0xf5, 0xff, 0xe7, 0xf5, 0xff, 0xe7, 0xf5, 0xff, 0xe7, 0xf5, 0xff, 
  0xe7, 0xf5, 0xff, 0xe7, 0xf5, 0xff, 0xe7, 0xf5, 0xff, 0xe7, 0xf5, 0xff, 
  0xe7, 0xf5, 0xff, 0xe7, 0xf5, 0xff, 0xe7, 0xf5, 0xff, 0xe7, 0xf5, 0xff, 
  0xe7, 0xf5, 0xff, 0xe7, 0xf5, 0xff, 0xe7, 0xf5, 0xff, 0xe7, 0xf5, 0xff, 
  0xe7, 0xf5, 0xff, 0xe7, 0xf5, 0xff, 0xe7, 0xf5, 0xff, 0xe7, 0xf5, 0xff, 
  0xe7, 0xf5, 0xff, 0xe7, 0xf5, 0xff, 0xe7, 0xf5, 0xff, 0xe7, 0xf5, 0xff, 
  0xe7, 0xf5, 0xff, 0xe7, 0xf5, 0xff, 0xe7, 0xf5, 0xff, 0xe7, 0xf5, 0xff, 
  0xe7, 0xf5, 0xff, 0xe7, 0xf5, 0xff, 0xe7, 0xf5, 0xff, 0xe7, 0xf5, 0xff, 
  0xe7, 0xf5, 0xff, 0xe7, 0xf5, 0xff, 0xe7, 0xf5, 0xff, 0xe7, 0xf5, 0xff, 
  0xe7, 0xf5, 0xff, 0xe7, 0xf5, 0xff, 0xe7, 0xf5, 0xff, 0xe7, 0xf5, 0xff, 
  0xe7, 0xf5, 0xff, 0xe7, 0xf5, 0xff, 0xe7, 0xf5, 0xff, 0xe7, 0xf5, 0xff, 
  0xe7, 0xf5, 0xff, 0xe7, 0xf5, 0xff, 0xe7, 0xf5, 0xff, 0xe7, 0xf5, 0xff, 
  0xe7, 0xf5, 0xff, 0xe7, 0xf5, 0xff, 0xe7, 0xf5, 0xff, 0xe7, 0xf5, 0xff, 
  0xe7, 0xf5, 0xff, 0xe7, 0xf5, 0xff, 0xe7, 0xf5, 0xff, 0xe7, 0xf5, 0xff, 
  0xe7, 0xf5, 0xff, 0xe7, 0xf5, 0xff, 0xe7, 0xf5, 0xff, 0xe7, 0xf5, 0xff, 
  0xe7, 0xf5, 0xff, 0xe7, 0xf5, 0xff, 0xe7, 0xf5, 0xff, 0xe7, 0xf5, 0xff, 
  0xe7, 0xf5, 0xff, 0xe7, 0xf5, 0xff, 0xe7, 0xf5, 0xff, 0xe7, 0xf5, 0xff, 
  0xe7, 0xf5, 0xff, 0x07, 0xee, 0xff, 0x07, 0xee, 0xff, 0x07, 0xee, 0xff, 
  0x07, 0xee, 0xff, 0x07, 0xee, 0xff, 0xe7, 0xed, 0xff, 0xe7, 0xed, 0xff, 
  0xe7, 0xf5, 0xff, 0xe7, 0xed, 0xff, 0xe6, 0xed, 0xff, 0xe7, 0xed, 0xff, 
  0xc7, 0xe5, 0xff, 0xea, 0xe5, 0xff, 0x90, 0xfe, 0x00, 0x76, 0xff, 0x00, 
  0xdb, 0xff, 0x00, 0xff, 0xff, 0x00, 0xff, 0xff, 0x00, 0xff, 0xff, 0x00, 
  0xff, 0xff, 0x00, 0xff, 0xff, 0x00, 0xff, 0xff, 0x00, 0xff, 0xff, 0x00, 
  0xff, 0xff, 0x00, 0xff, 0xff, 0x00, 0xff, 0xff, 0x00, 0xff, 0xff, 0x00, 
  0xff, 0xff, 0x00, 0xff, 0xff, 0x00, 0xff, 0xff, 0x00, 0xfe, 0xff, 0x00, 
  0xfd, 0xff, 0x00, 0x79, 0xff, 0x00, 0x14, 0xf7, 0x00, 0x13, 0xff, 0x00, 
  0x33, 0xff, 0x00, 0x13, 0xff, 0x00, 0x13, 0xff, 0x00, 0x13, 0xff, 0x00, 
  0x13, 0xff, 0x00, 0x13, 0xff, 0x00, 0x13, 0xff, 0x00, 0x13, 0xff, 0x00, 
  0x13, 0xff, 0x00, 0x13, 0xff, 0x00, 0x13, 0xff, 0x00, 0x13, 0xff, 0x00, 
  0x13, 0xff, 0x00, 0x13, 0xff, 0x00, 0x13, 0xff, 0x00, 0x13, 0xff, 0x00, 
  0x13, 0xff, 0x00, 0x13, 0xff, 0x00, 0x13, 0xff, 0x00, 0x13, 0xff, 0x00, 
  0x13, 0xff, 0x00, 0x13, 0xff, 0x00, 0x13, 0xff, 0x00, 0x13, 0xff, 0x00, 
  0x13, 0xff, 0x00, 0x13, 0xff, 0x00, 0x13, 0xff, 0x00, 0x13, 0xff, 0x00, 
  0x13, 0xff, 0x00, 0x13, 0xff, 0x00, 0x13, 0xff, 0x00, 0x13, 0xff, 0x00, 
  0x13, 0xff, 0x00, 0x13, 0xff, 0x00, 0x13, 0xff, 0x00, 0x13, 0xff, 0x00, 
  0x13, 0xff, 0x00, 0x13, 0xff, 0x00, 0x13, 0xff, 0x00, 0x13, 0xff, 0x00, 
  0x13, 0xff, 0x00, 0x13, 0xff, 0x00, 0x13, 0xff, 0x00, 0x13, 0xff, 0x00, 
  0x13, 0xff, 0x00, 0x13, 0xff, 0x00, 0x13, 0xff, 0x00, 0x13, 0xff, 0x00, 
  0x13, 0xff, 0x00, 0x13, 0xff, 0x00, 0x13, 0xff, 0x00, 0x13, 0xff, 0x00, 
  0x13, 0xff, 0x00, 0x13, 0xff, 0x00, 0x13, 0xff, 0x00, 0x13, 0xff, 0x00, 
  0x13, 0xff, 0x00, 0x13, 0xff, 0x00, 0x13, 0xff, 0x00, 0x13, 0xff, 0x00, 
  0x13, 0xff, 0x00, 0x13, 0xff, 0x00, 0x13, 0xff, 0x00, 0x13, 0xff, 0x00, 
  0x13, 0xff, 0x00, 0x13, 0xff, 0x00, 0x13, 0xff, 0x00, 0x13, 0xff, 0x00, 
  0x13, 0xff, 0x00, 0x13, 0xff, 0x00, 0x13, 0xff, 0x00, 0x13, 0xff, 0x00, 
  0x13, 0xff, 0x00, 0x13, 0xff, 0x00, 0x13, 0xff, 0x00, 0x13, 0xff, 0x00, 
  0x13, 0xff, 0x00, 0x13, 0xff, 0x00, 0x13, 0xff, 0x00, 0x13, 0xff, 0x00, 
  0x13, 0xff, 0x00, 0x13, 0xff, 0x00, 0x13, 0xff, 0x00, 0x13, 0xff, 0x00, 
  0x13, 0xff, 0x00, 0x13, 0xff, 0x00, 0x13, 0xff, 0x00, 0x13, 0xff, 0x00, 
  0x13, 0xff, 0x00, 0x13, 0xff, 0x00, 0x13, 0xff, 0x00, 0x13, 0xff, 0x00, 
  0x14, 0xff, 0x00, 0x14, 0xff, 0x00, 0x33, 0xff, 0x00, 0x33, 0xff, 0x00, 
  0x14, 0xf7, 0x00, 0x15, 0xf7, 0x00, 0x7a, 0xff, 0x00, 0xfd, 0xff, 0x00, 
  0xff, 0xff, 0x00, 0xff, 0xff, 0x00, 0xff, 0xff, 0x00, 0xff, 0xff, 0x00, 
  0xff, 0xff, 0x00, 0xff, 0xff, 0x00, 0xff, 0xff, 0x00, 0xff, 0xff, 0x00, 
  0xff, 0xff, 0x00, 0xff, 0xff, 0x00, 0xff, 0xff, 0x00, 0xff, 0xff, 0x00, 
  0xff, 0xff, 0x00, 0xff, 0xff, 0x00, 0xff, 0xff, 0x00, 0xff, 0xff, 0x00, 
  0xff, 0xff, 0x00, 0xfe, 0xff, 0x00, 0xfc, 0xff, 0x00, 0xfb, 0xff, 0x00, 
  0xfb, 0xff, 0x00, 0xfc, 0xff, 0x00, 0xfc, 0xff, 0x00, 0xfc, 0xff, 0x00, 
  0xfc, 0xff, 0x00, 0xfc, 0xff, 0x00, 0xfc, 0xff, 0x00, 0xfc, 0xff, 0x00, 
  0xfc, 0xff, 0x00, 0xfc, 0xff, 0x00, 0xfc, 0xff, 0x00, 0xfc, 0xff, 0x00, 
  0xfc, 0xff, 0x00, 0xfc, 0xff, 0x00, 0xfc, 0xff, 0x00, 0xfc, 0xff, 0x00, 
  0xfc, 0xff, 0x00, 0xfc, 0xff, 0x00, 0xfc, 0xff, 0x00, 0xfc, 0xff, 0x00, 
  0xfc, 0xff, 0x00, 0xfc, 0xff, 0x00, 0xfc, 0xff, 0x00, 0xfc, 0xff, 0x00, 
  0xfc, 0xff, 0x00, 0xfc, 0xff, 0x00, 0xfc, 0xff, 0x00, 0xfc, 0xff, 0x00, 
  0xfc, 0xff, 0x00, 0xfc, 0xff, 0x00, 0xfc, 0xff, 0x00, 0xfc, 0xff, 0x00, 
  0xfc, 0xff, 0x00, 0xfc, 0xff, 0x00, 0xfc, 0xff, 0x00, 0xfc, 0xff, 0x00, 
  0xfc, 0xff, 0x00, 0xfc, 0xff, 0x00, 0xfc, 0xff, 0x00, 0xfc, 0xff, 0x00, 
  0xfc, 0xff, 0x00, 0xfc, 0xff, 0x00, 0xfc, 0xff, 0x00, 0xfc, 0xff, 0x00, 
  0xfc, 0xff, 0x00, 0xfc, 0xff, 0x00, 0xfc, 0xff, 0x00, 0xfc, 0xff, 0x00, 
  0xfc, 0xff, 0x00, 0xfc, 0xff, 0x00, 0xfc, 0xff, 0x00, 0xfc, 0xff, 0x00, 
  0xfc, 0xff, 0x00, 0xfc, 0xff, 0x00, 0xfc, 0xff, 0x00, 0xfc, 0xff, 0x00, 
  0xfc, 0xff, 0x00, 0xfc, 0xff, 0x00, 0xfc, 0xff, 0x00, 0xfc, 0xff, 0x00, 
  0xfc, 0xff, 0x00, 0xfc, 0xff, 0x00, 0xfc, 0xff, 0x00, 0xfc, 0xff, 0x00, 
  0xfc, 0xff, 0x00, 0xfc, 0xff, 0x00, 0xfc, 0xff, 0x00, 0xfc, 0xff, 0x00, 
  0xfc, 0xff, 0x00, 0xfc, 0xff, 0x00, 0xfc, 0xff, 0x00, 0xfc, 0xff, 0x00, 
  0xfc, 0xff, 0x00, 0xfc, 0xff, 0x00, 0xfc, 0xff, 0x00, 0xfc, 0xff, 0x00, 
  0xfc, 0xff, 0x00, 0xfc, 0xff, 0x00, 0xfc, 0xff, 0x00, 0xfc, 0xff, 0x00, 
  0xfc, 0xff, 0x00, 0xfc, 0xff, 0x00, 0xfc, 0xff, 0x00, 0xfc, 0xff, 0x00, 
  0xfc, 0xff, 0x00, 0xfc, 0xff, 0x00, 0xfb, 0xff, 0x00, 0xfb, 0xff, 0x00, 
  0xfb, 0xff, 0x00, 0xfb, 0xff, 0x00, 0xfc, 0xff, 0x00, 0xfc, 0xff, 0x00, 
  0xfc, 0xff, 0x00, 0xfc, 0xff, 0x00, 0xfb, 0xff, 0x00, 0xfb, 0xff, 0x00, 
  0xfc, 0xff, 0x00, 0xfd, 0xff, 0x00, 0xff, 0xff, 0x00, 0xff, 0xff, 0x00, 
  0xff, 0xff, 0x00, 0xff, 0xff, 0x00, 0xff, 0xff, 0x00, 0xff, 0xff, 0x00, 
  0xff, 0xff, 0x00, 0xff, 0xff, 0x00, 0xff, 0xff, 0x00, 0xff, 0xff, 0x00, 
  0xff, 0xff, 0x00, 0xff, 0xff, 0x00, 0xff, 0xff, 0x00, 0xff, 0xff, 0x00, 
  0xff, 0xff, 0x00, 0xff, 0xff, 0x00, 0xff, 0xff, 0x00, 0xff, 0xff, 0x00, 
  0xff, 0xff, 0x00, 0xff, 0xff, 0x00, 0xfe, 0xff, 0x00, 0xfe, 0xff, 0x00, 
  0xfe, 0xff, 0x00, 0xfe, 0xff, 0x00, 0xfe, 0xff, 0x00, 0xfe, 0xff, 0x00, 
  0xfe, 0xff, 0x00, 0xfe, 0xff, 0x00, 0xfe, 0xff, 0x00, 0xfe, 0xff, 0x00, 
  0xfe, 0xff, 0x00, 0xfe, 0xff, 0x00, 0xfe, 0xff, 0x00, 0xfe, 0xff, 0x00, 
  0xfe, 0xff, 0x00, 0xfe, 0xff, 0x00, 0xfe, 0xff, 0x00, 0xfe, 0xff, 0x00, 
  0xfe, 0xff, 0x00, 0xfe, 0xff, 0x00, 0xfe, 0xff, 0x00, 0xfe, 0xff, 0x00, 
  0xfe, 0xff, 0x00, 0xfe, 0xff, 0x00, 0xfe, 0xff, 0x00, 0xfe, 0xff, 0x00, 
  0xfe, 0xff, 0x00, 0xfe, 0xff, 0x00, 0xfe, 0xff, 0x00, 0xfe, 0xff, 0x00, 
  0xfe, 0xff, 0x00, 0xfe, 0xff, 0x00, 0xfe, 0xff, 0x00, 0xfe, 0xff, 0x00, 
  0xfe, 0xff, 0x00, 0xfe, 0xff, 0x00, 0xfe, 0xff, 0x00, 0xfe, 0xff, 0x00, 
  0xfe, 0xff, 0x00, 0xfe, 0xff, 0x00, 0xfe, 0xff, 0x00, 0xfe, 0xff, 0x00, 
  0xfe, 0xff, 0x00, 0xfe, 0xff, 0x00, 0xfe, 0xff, 0x00, 0xfe, 0xff, 0x00, 
  0xfe, 0xff, 0x00, 0xfe, 0xff, 0x00, 0xfe, 0xff, 0x00, 0xfe, 0xff, 0x00, 
  0xfe, 0xff, 0x00, 0xfe, 0xff, 0x00, 0xfe, 0xff, 0x00, 0xfe, 0xff, 0x00, 
  0xfe, 0xff, 0x00, 0xfe, 0xff, 0x00, 0xfe, 0xff, 0x00, 0xfe, 0xff, 0x00, 
  0xfe, 0xff, 0x00, 0xfe, 0xff, 0x00, 0xfe, 0xff, 0x00, 0xfe, 0xff, 0x00, 
  0xfe, 0xff, 0x00, 0xfe, 0xff, 0x00, 0xfe, 0xff, 0x00, 0xfe, 0xff, 0x00, 
  0xfe, 0xff, 0x00, 0xfe, 0xff, 0x00, 0xfe, 0xff, 0x00, 0xfe, 0xff, 0x00, 
  0xfe, 0xff, 0x00, 0xfe, 0xff, 0x00, 0xfe, 0xff, 0x00, 0xfe, 0xff, 0x00, 
  0xfe, 0xff, 0x00, 0xfe, 0xff, 0x00, 0xfe, 0xff, 0x00, 0xfe, 0xff, 0x00, 
  0xfe, 0xff, 0x00, 0xfe, 0xff, 0x00, 0xfe, 0xff, 0x00, 0xfe, 0xff, 0x00, 
  0xfe, 0xff, 0x00, 0xfe, 0xff, 0x00, 0xfe, 0xff, 0x00, 0xfe, 0xff, 0x00, 
  0xfe, 0xff, 0x00, 0xfe, 0xff, 0x00, 0xfe, 0xff, 0x00, 0xfd, 0xff, 0x00, 
  0xfe, 0xff, 0x00, 0xfe, 0xff, 0x00, 0xff, 0xff, 0x00, 0xff, 0xff, 0x00, 
  0xff, 0xff, 0x00, 0xfe, 0xff, 0x00, 0xfe, 0xff, 0x00, 0xfe, 0xff, 0x00, 
  0xfe, 0xff, 0x00, 0xfe, 0xff, 0x00, 0xff, 0xff, 0x00, 0xff, 0xff, 0x00, 
  0xff, 0xff, 0x00, 0xff, 0xff, 0x00, 0xff, 0xff, 0x00, 0xff, 0xff, 0x00, 
  0xff, 0xff, 0x00, 0xff, 0xff, 0x00, 0xff, 0xff, 0x00, 0xff, 0xff, 0x00, 
  0xff, 0xff, 0x00, 0xff, 0xff, 0x00, 0xff, 0xff, 0x00, 0xff, 0xff, 0x00, 
  0xff, 0xff, 0x00, 0xff, 0xff, 0x00, 0xff, 0xff, 0x00, 0xff, 0xff, 0x00, 
  0xff, 0xff, 0x00, 0xff, 0xff, 0x00, 0xff, 0xff, 0x00, 0xff, 0xff, 0x00, 
  0xff, 0xff, 0x00, 0xff, 0xff, 0x00, 0xff, 0xff, 0x00, 0xff, 0xff, 0x00, 
  0xff, 0xff, 0x00, 0xff, 0xff, 0x00, 0xff, 0xff, 0x00, 0xff, 0xff, 0x00, 
  0xff, 0xff, 0x00, 0xff, 0xff, 0x00, 0xff, 0xff, 0x00, 0xff, 0xff, 0x00, 
  0xff, 0xff, 0x00, 0xff, 0xff, 0x00, 0xff, 0xff, 0x00, 0xff, 0xff, 0x00, 
  0xff, 0xff, 0x00, 0xff, 0xff, 0x00, 0xff, 0xff, 0x00, 0xff, 0xff, 0x00, 
  0xff, 0xff, 0x00, 0xff, 0xff, 0x00, 0xff, 0xff, 0x00, 0xff, 0xff, 0x00, 
  0xff, 0xff, 0x00, 0xff, 0xff, 0x00, 0xff, 0xff, 0x00, 0xff, 0xff, 0x00, 
  0xff, 0xff, 0x00, 0xff, 0xff, 0x00, 0xff, 0xff, 0x00, 0xff, 0xff, 0x00, 
  0xff, 0xff, 0x00, 0xff, 0xff, 0x00, 0xff, 0xff, 0x00, 0xff, 0xff, 0x00, 
  0xff, 0xff, 0x00, 0xff, 0xff, 0x00, 0xff, 0xff, 0x00, 0xff, 0xff, 0x00, 
  0xff, 0xff, 0x00, 0xff, 0xff, 0x00, 0xff, 0xff, 0x00, 0xff, 0xff, 0x00, 
  0xff, 0xff, 0x00, 0xff, 0xff, 0x00, 0xff, 0xff, 0x00, 0xff, 0xff, 0x00, 
  0xff, 0xff, 0x00, 0xff, 0xff, 0x00, 0xff, 0xff, 0x00, 0xff, 0xff, 0x00, 
  0xff, 0xff, 0x00, 0xff, 0xff, 0x00, 0xff, 0xff, 0x00, 0xff, 0xff, 0x00, 
  0xff, 0xff, 0x00, 0xff, 0xff, 0x00, 0xff, 0xff, 0x00, 0xff, 0xff, 0x00, 
  0xff, 0xff, 0x00, 0xff, 0xff, 0x00, 0xff, 0xff, 0x00, 0xff, 0xff, 0x00, 
  0xff, 0xff, 0x00, 0xff, 0xff, 0x00, 0xff, 0xff, 0x00, 0xff, 0xff, 0x00, 
  0xff, 0xff, 0x00, 0xff, 0xff, 0x00, 0xff, 0xff, 0x00, 0xff, 0xff, 0x00, 
  0xff, 0xff, 0x00, 0xff, 0xff, 0x00, 0xff, 0xff, 0x00, 0xff, 0xff, 0x00, 
  0xff, 0xff, 0x00, 0xff, 0xff, 0x00, 0xff, 0xff, 0x00, 0xff, 0xff, 0x00, 
  0xff, 0xff, 0x00, 0xff, 0xff, 0x00, 0xff, 0xff, 0x00, 0xff, 0xff, 0x00, 
  0xff, 0xff, 0x00, 0xff, 0xff, 0x00, 0xff, 0xff, 0x00, 0xff, 0xff, 0x00, 
  0xff, 0xff, 0x00, 0xff, 0xff, 0x00, 0xff, 0xff, 0x00, 0xff, 0xff, 0x00, 
  0xff, 0xff, 0x00, 0xff, 0xff, 0x00, 0xff, 0xff, 0x00, 0xff, 0xff, 0x00, 
  0xff, 0xff, 0x00, 0xff, 0xff, 0x00, 0xff, 0xff, 0x00, 0xff, 0xff, 0x00, 
  0xff, 0xff, 0x00, 0xff, 0xff, 0x00, 0xff, 0xff, 0x00, 0xff, 0xff, 0x00, 
  0xff, 0xff, 0x00, 0xff, 0xff, 0x00, 0xff, 0xff, 0x00, 0xff, 0xff, 0x00, 
  0xff, 0xff, 0x00, 0xff, 0xff, 0x00, 0xff, 0xff, 0x00, 0xff, 0xff, 0x00, 
  0xff, 0xff, 0x00, 0xff, 0xff, 0x00, 0xff, 0xff, 0x00, 0xff, 0xff, 0x00, 
  0xff, 0xff, 0x00, 0xff, 0xff, 0x00, 0xff, 0xff, 0x00, 0xff, 0xff, 0x00, 
  0xff, 0xff, 0x00, 0xff, 0xff, 0x00, 0xff, 0xff, 0x00, 0xff, 0xff, 0x00, 
  0xff, 0xff, 0x00, 0xff, 0xff, 0x00, 0xff, 0xff, 0x00, 0xff, 0xff, 0x00, 
  0xff, 0xff, 0x00, 0xff, 0xff, 0x00, 0xff, 0xff, 0x00, 0xff, 0xff, 0x00, 
  0xff, 0xff, 0x00, 0xff, 0xff, 0x00, 0xff, 0xff, 0x00, 0xff, 0xff, 0x00, 
  0xff, 0xff, 0x00, 0xff, 0xff, 0x00, 0xff, 0xff, 0x00, 0xff, 0xff, 0x00, 
  0xff, 0xff, 0x00, 0xff, 0xff, 0x00, 0xff, 0xff, 0x00, 0xff, 0xff, 0x00, 
  0xff, 0xff, 0x00, 0xff, 0xff, 0x00, 0xff, 0xff, 0x00, 0xff, 0xff, 0x00, 
  0xff, 0xff, 0x00, 0xff, 0xff, 0x00, 0xff, 0xff, 0x00, 0xff, 0xff, 0x00, 
  0xff, 0xff, 0x00, 0xff, 0xff, 0x00, 0xff, 0xff, 0x00, 0xff, 0xff, 0x00, 
  0xff, 0xff, 0x00, 0xff, 0xff, 0x00, 0xff, 0xff, 0x00, 0xff, 0xff, 0x00, 
  0xff, 0xff, 0x00, 0xff, 0xff, 0x00, 0xff, 0xff, 0x00, 0xff, 0xff, 0x00, 
  0xff, 0xff, 0x00, 0xff, 0xff, 0x00, 0xff, 0xff, 0x00, 0xff, 0xff, 0x00, 
  0xff, 0xff, 0x00, 0xff, 0xff, 0x00, 0xff, 0xff, 0x00, 0xff, 0xff, 0x00, 
  0xff, 0xff, 0x00, 0xff, 0xff, 0x00, 0xff, 0xff, 0x00, 0xff, 0xff, 0x00, 
  0xff, 0xff, 0x00, 0xff, 0xff, 0x00, 0xff, 0xff, 0x00, 0xff, 0xff, 0x00, 
  0xff, 0xff, 0x00, 0xff, 0xff, 0x00, 0xff, 0xff, 0x00, 0xff, 0xff, 0x00, 
  0xff, 0xff, 0x00, 0xff, 0xff, 0x00, 0xff, 0xff, 0x00, 0xff, 0xff, 0x00, 
  0xff, 0xff, 0x00, 0xff, 0xff, 0x00, 0xff, 0xff, 0x00, 0xff, 0xff, 0x00, 
  0xff, 0xff, 0x00, 0xff, 0xff, 0x00, 0xff, 0xff, 0x00, 0xff, 0xff, 0x00, 
  0xff, 0xff, 0x00, 0xff, 0xff, 0x00, 0xff, 0xff, 0x00, 0xff, 0xff, 0x00, 
  0xff, 0xff, 0x00, 0xff, 0xff, 0x00, 0xff, 0xff, 0x00, 0xff, 0xff, 0x00, 
  0xff, 0xff, 0x00, 0xff, 0xff, 0x00, 0xff, 0xff, 0x00, 0xff, 0xff, 0x00, 
  0xff, 0xff, 0x00, 0xff, 0xff, 0x00, 0xff, 0xff, 0x00, 0xff, 0xff, 0x00, 
  0xff, 0xff, 0x00, 0xff, 0xff, 0x00, 0xff, 0xff, 0x00, 0xff, 0xff, 0x00, 
  0xff, 0xff, 0x00, 0xff, 0xff, 0x00, 0xff, 0xff, 0x00, 0xff, 0xff, 0x00, 
  0xff, 0xff, 0x00, 0xff, 0xff, 0x00, 0xff, 0xff, 0x00, 0xff, 0xff, 0x00, 
  0xff, 0xff, 0x00, 0xff, 0xff, 0x00, 0xff, 0xff, 0x00, 0xff, 0xff, 0x00, 
  0xff, 0xff, 0x00, 0xff, 0xff, 0x00, 0xff, 0xff, 0x00, 0xff, 0xff, 0x00, 
  0xff, 0xff, 0x00, 0xff, 0xff, 0x00, 0xff, 0xff, 0x00, 0xff, 0xff, 0x00, 
  0xff, 0xff, 0x00, 0xff, 0xff, 0x00, 0xff, 0xff, 0x00, 0xff, 0xff, 0x00, 
  0xff, 0xff, 0x00, 0xff, 0xff, 0x00, 0xff, 0xff, 0x00, 0xff, 0xff, 0x00, 
  0xff, 0xff, 0x00, 0xff, 0xff, 0x00, 0xff, 0xff, 0x00, 0xff, 0xff, 0x00, 
  0xff, 0xff, 0x00, 0xff, 0xff, 0x00, 0xff, 0xff, 0x00, 0xff, 0xff, 0x00, 
  0xff, 0xff, 0x00, 0xff, 0xff, 0x00, 0xff, 0xff, 0x00, 0xff, 0xff, 0x00, 
  0xff, 0xff, 0x00, 0xff, 0xff, 0x00, 0xff, 0xff, 0x00, 0xff, 0xff, 0x00, 
  0xff, 0xff, 0x00, 0xff, 0xff, 0x00, 0xff, 0xff, 0x00, 0xff, 0xff, 0x00, 
  0xff, 0xff, 0x00, 0xff, 0xff, 0x00, 0xff, 0xff, 0x00, 0xff, 0xff, 0x00, 
  0xff, 0xff, 0x00, 0xff, 0xff, 0x00, 0xff, 0xff, 0x00, 0xff, 0xff, 0x00, 
  0xff, 0xff, 0x00, 0xff, 0xff, 0x00, 0xff, 0xff, 0x00, 0xff, 0xff, 0x00, 
  0xff, 0xff, 0x00, 0xff, 0xff, 0x00, 0xff, 0xff, 0x00, 0xff, 0xff, 0x00, 
  0xff, 0xff, 0x00, 0xff, 0xff, 0x00, 0xff, 0xff, 0x00, 0xff, 0xff, 0x00, 
  0xff, 0xff, 0x00, 0xff, 0xff, 0x00, 0xff, 0xff, 0x00, 0xff, 0xff, 0x00, 
  0xff, 0xff, 0x00, 0xff, 0xff, 0x00, 0xff, 0xff, 0x00, 0xff, 0xff, 0x00, 
  0xff, 0xff, 0x00, 0xff, 0xff, 0x00, 0xff, 0xff, 0x00, 0xff, 0xff, 0x00, 
  0xff, 0xff, 0x00, 0xff, 0xff, 0x00, 0xff, 0xff, 0x00, 0xff, 0xff, 0x00, 
  0xff, 0xff, 0x00, 0xff, 0xff, 0x00, 0xff, 0xff, 0x00, 0xff, 0xff, 0x00, 
  0xff, 0xff, 0x00, 0xff, 0xff, 0x00, 0xff, 0xff, 0x00, 0xff, 0xff, 0x00, 
  0xff, 0xff, 0x00, 0xff, 0xff, 0x00, 0xff, 0xff, 0x00, 0xff, 0xff, 0x00, 
  0xff, 0xff, 0x00, 0xff, 0xff, 0x00, 0xff, 0xff, 0x00, 0xff, 0xff, 0x00, 
  0xff, 0xff, 0x00, 0xff, 0xff, 0x00, 0xff, 0xff, 0x00, 0xff, 0xff, 0x00, 
  0xff, 0xff, 0x00, 0xff, 0xff, 0x00, 0xff, 0xff, 0x00, 0xff, 0xff, 0x00, 
  0xff, 0xff, 0x00, 0xff, 0xff, 0x00, 0xff, 0xff, 0x00, 0xff, 0xff, 0x00, 
  0xff, 0xff, 0x00, 0xff, 0xff, 0x00, 0xff, 0xff, 0x00, 0xff, 0xff, 0x00, 
  0xff, 0xff, 0x00, 0xff, 0xff, 0x00, 0xff, 0xff, 0x00, 0xff, 0xff, 0x00, 
  0xff, 0xff, 0x00, 0xff, 0xff, 0x00, 0xff, 0xff, 0x00, 0xff, 0xff, 0x00, 
  0xff, 0xff, 0x00, 0xff, 0xff, 0x00, 0xff, 0xff, 0x00, 0xff, 0xff, 0x00, 
  0xff, 0xff, 0x00, 0xff, 0xff, 0x00, 0xff, 0xff, 0x00, 0xff, 0xff, 0x00, 
  0xff, 0xff, 0x00, 0xff, 0xff, 0x00, 0xff, 0xff, 0x00, 0xff, 0xff, 0x00, 
  0xff, 0xff, 0x00, 0xff, 0xff, 0x00, 0xff, 0xff, 0x00, 0xff, 0xff, 0x00, 
  0xff, 0xff, 0x00, 0xff, 0xff, 0x00, 0xff, 0xff, 0x00, 0xff, 0xff, 0x00, 
  0xff, 0xff, 0x00, 0xff, 0xff, 0x00, 0xff, 0xff, 0x00, 0xff, 0xff, 0x00, 
  0xff, 0xff, 0x00, 0xff, 0xff, 0x00, 0xff, 0xff, 0x00, 0xff, 0xff, 0x00, 
  0xff, 0xff, 0x00, 0xff, 0xff, 0x00, 0xff, 0xff, 0x00, 0xff, 0xff, 0x00, 
  0xff, 0xff, 0x00, 0xff, 0xff, 0x00, 0xff, 0xff, 0x00, 0xff, 0xff, 0x00, 
  0xff, 0xff, 0x00, 0xff, 0xff, 0x00, 0xff, 0xff, 0x00, 0xff, 0xff, 0x00, 
  0xff, 0xff, 0x00, 0xff, 0xff, 0x00, 0xff, 0xff, 0x00, 0xff, 0xff, 0x00, 
  0xff, 0xff, 0x00, 0xff, 0xff, 0x00, 0xff, 0xff, 0x00, 0xff, 0xff, 0x00, 
  0xff, 0xff, 0x00, 0xff, 0xff, 0x00, 0xff, 0xff, 0x00, 0xff, 0xff, 0x00, 
  0xff, 0xff, 0x00, 0xff, 0xff, 0x00, 0xff, 0xff, 0x00, 0xff, 0xff, 0x00, 
  0xff, 0xff, 0x00, 0xff, 0xff, 0x00, 0xff, 0xff, 0x00, 0xff, 0xff, 0x00, 
  0xff, 0xff, 0x00, 0xff, 0xff, 0x00, 0xff, 0xff, 0x00, 0xff, 0xff, 0x00, 
  0xff, 0xff, 0x00, 0xff, 0xff, 0x00, 0xff, 0xff, 0x00, 0xff, 0xff, 0x00, 
  0xff, 0xff, 0x00, 0xff, 0xff, 0x00, 0xff, 0xff, 0x00, 0xff, 0xff, 0x00, 
  0xff, 0xff, 0x00, 0xff, 0xff, 0x00, 0xff, 0xff, 0x00, 0xff, 0xff, 0x00, 
  0xff, 0xff, 0x00, 0xff, 0xff, 0x00, 0xff, 0xff, 0x00, 0xff, 0xff, 0x00, 
  0xff, 0xff, 0x00, 0xff, 0xff, 0x00, 0xff, 0xff, 0x00, 0xff, 0xff, 0x00, 
  0xff, 0xff, 0x00, 0xff, 0xff, 0x00, 0xff, 0xff, 0x00, 0xff, 0xff, 0x00, 
  0xff, 0xff, 0x00, 0xff, 0xff, 0x00, 0xff, 0xff, 0x00, 0xff, 0xff, 0x00, 
  0xff, 0xff, 0x00, 0xff, 0xff, 0x00, 0xff, 0xff, 0x00, 0xff, 0xff, 0x00, 
  0xff, 0xff, 0x00, 0xff, 0xff, 0x00, 0xff, 0xff, 0x00, 0xff, 0xff, 0x00, 
  0xff, 0xff, 0x00, 0xff, 0xff, 0x00, 0xff, 0xff, 0x00, 0xff, 0xff, 0x00, 
  0xff, 0xff, 0x00, 0xff, 0xff, 0x00, 0xff, 0xff, 0x00, 0xff, 0xff, 0x00, 
  0xff, 0xff, 0x00, 0xff, 0xff, 0x00, 0xff, 0xff, 0x00, 0xff, 0xff, 0x00, 
  0xff, 0xff, 0x00, 0xff, 0xff, 0x00, 0xff, 0xff, 0x00, 0xff, 0xff, 0x00, 
  0xff, 0xff, 0x00, 0xff, 0xff, 0x00, 0xff, 0xff, 0x00, 0xff, 0xff, 0x00, 
  0xff, 0xff, 0x00, 0xff, 0xff, 0x00, 0xff, 0xff, 0x00, 0xff, 0xff, 0x00, 
  0xff, 0xff, 0x00, 0xff, 0xff, 0x00, 0xff, 0xff, 0x00, 0xff, 0xff, 0x00, 
  0xff, 0xff, 0x00, 0xff, 0xff, 0x00, 0xff, 0xff, 0x00, 0xff, 0xff, 0x00, 
  0xff, 0xff, 0x00, 0xff, 0xff, 0x00, 0xff, 0xff, 0x00, 0xff, 0xff, 0x00, 
  0xff, 0xff, 0x00, 0xff, 0xff, 0x00, 0xff, 0xff, 0x00, 0xff, 0xff, 0x00, 
  0xff, 0xff, 0x00, 0xff, 0xff, 0x00, 0xff, 0xff, 0x00, 0xff, 0xff, 0x00, 
  0xff, 0xff, 0x00, 0xff, 0xff, 0x00, 0xff, 0xff, 0x00, 0xff, 0xff, 0x00, 
  0xff, 0xff, 0x00, 0xff, 0xff, 0x00, 0xff, 0xff, 0x00, 0xff, 0xff, 0x00, 
  0xff, 0xff, 0x00, 0xff, 0xff, 0x00, 0xff, 0xff, 0x00, 0xff, 0xff, 0x00, 
  0xff, 0xff, 0x00, 0xff, 0xff, 0x00, 0xff, 0xff, 0x00, 0xff, 0xff, 0x00, 
  0xff, 0xff, 0x00, 0xff, 0xff, 0x00, 0xff, 0xff, 0x00, 0xff, 0xff, 0x00, 
  0xff, 0xff, 0x00, 0xff, 0xff, 0x00, 0xff, 0xff, 0x00, 0xff, 0xff, 0x00, 
  0xff, 0xff, 0x00, 0xff, 0xff, 0x00, 0xff, 0xff, 0x00, 0xff, 0xff, 0x00, 
  0xff, 0xff, 0x00, 0xff, 0xff, 0x00, 0xff, 0xff, 0x00, 0xff, 0xff, 0x00, 
  0xff, 0xff, 0x00, 0xff, 0xff, 0x00, 0xff, 0xff, 0x00, 0xff, 0xff, 0x00, 
  0xff, 0xff, 0x00, 0xff, 0xff, 0x00, 0xff, 0xff, 0x00, 0xff, 0xff, 0x00, 
  0xff, 0xff, 0x00, 0xff, 0xff, 0x00, 0xff, 0xff, 0x00, 0xff, 0xff, 0x00, 
  0xff, 0xff, 0x00, 0xff, 0xff, 0x00, 0xff, 0xff, 0x00, 0xff, 0xff, 0x00, 
  0xff, 0xff, 0x00, 0xff, 0xff, 0x00, 0xff, 0xff, 0x00, 0xff, 0xff, 0x00, 
  0xff, 0xff, 0x00, 0xff, 0xff, 0x00, 0xff, 0xff, 0x00, 0xff, 0xff, 0x00, 
  0xff, 0xff, 0x00, 0xff, 0xff, 0x00, 0xff, 0xff, 0x00, 0xff, 0xff, 0x00, 
  0xff, 0xff, 0x00, 0xff, 0xff, 0x00, 0xff, 0xff, 0x00, 0xff, 0xff, 0x00, 
  0xff, 0xff, 0x00, 0xff, 0xff, 0x00, 0xff, 0xff, 0x00, 0xff, 0xff, 0x00, 
  0xff, 0xff, 0x00, 0xff, 0xff, 0x00, 0xff, 0xff, 0x00, 0xff, 0xff, 0x00, 
  0xff, 0xff, 0x00, 0xff, 0xff, 0x00, 0xff, 0xff, 0x00, 0xff, 0xff, 0x00, 
  0xff, 0xff, 0x00, 0xff, 0xff, 0x00, 0xff, 0xff, 0x00, 0xff, 0xff, 0x00, 
  0xff, 0xff, 0x00, 0xff, 0xff, 0x00, 0xff, 0xff, 0x00, 0xff, 0xff, 0x00, 
  0xff, 0xff, 0x00, 0xff, 0xff, 0x00, 0xff, 0xff, 0x00, 0xff, 0xff, 0x00, 
  0xff, 0xff, 0x00, 0xff, 0xff, 0x00, 0xff, 0xff, 0x00, 0xff, 0xff, 0x00, 
  0xff, 0xff, 0x00, 0xff, 0xff, 0x00, 0xff, 0xff, 0x00, 0xff, 0xff, 0x00, 
  0xff, 0xff, 0x00, 0xff, 0xff, 0x00, 0xff, 0xff, 0x00, 0xff, 0xff, 0x00, 
  0xff, 0xff, 0x00, 0xff, 0xff, 0x00, 0xff, 0xff, 0x00, 0xff, 0xff, 0x00, 
  0xff, 0xff, 0x00, 0xff, 0xff, 0x00, 0xff, 0xff, 0x00, 0xff, 0xff, 0x00, 
  0xff, 0xff, 0x00, 0xff, 0xff, 0x00, 0xff, 0xff, 0x00, 0xff, 0xff, 0x00, 
  0xff, 0xff, 0x00, 0xff, 0xff, 0x00, 0xff, 0xff, 0x00, 0xff, 0xff, 0x00, 
  0xff, 0xff, 0x00, 0xff, 0xff, 0x00, 0xff, 0xff, 0x00, 0xff, 0xff, 0x00, 
  0xff, 0xff, 0x00, 0xff, 0xff, 0x00, 0xff, 0xff, 0x00, 0xff, 0xff, 0x00, 
  0xff, 0xff, 0x00, 0xff, 0xff, 0x00, 0xff, 0xff, 0x00, 0xff, 0xff, 0x00, 
  0xff, 0xff, 0x00, 0xff, 0xff, 0x00, 0xff, 0xff, 0x00, 0xff, 0xff, 0x00, 
  0xff, 0xff, 0x00, 0xff, 0xff, 0x00, 0xff, 0xff, 0x00, 0xff, 0xff, 0x00, 
  0xff, 0xff, 0x00, 0xff, 0xff, 0x00, 0xff, 0xff, 0x00, 0xff, 0xff, 0x00, 
  0xff, 0xff, 0x00, 0xff, 0xff, 0x00, 0xff, 0xff, 0x00, 0xff, 0xff, 0x00, 
  0xff, 0xff, 0x00, 0xff, 0xff, 0x00, 0xff, 0xff, 0x00, 0xff, 0xff, 0x00, 
  0xff, 0xff, 0x00, 0xff, 0xff, 0x00, 0xff, 0xff, 0x00, 0xff, 0xff, 0x00, 
  0xff, 0xff, 0x00, 0xff, 0xff, 0x00, 0xff, 0xff, 0x00, 0xff, 0xff, 0x00, 
  0xff, 0xff, 0x00, 0xff, 0xff, 0x00, 0xff, 0xff, 0x00, 0xff, 0xff, 0x00, 
  0xff, 0xff, 0x00, 0xff, 0xff, 0x00, 0xff, 0xff, 0x00, 0xff, 0xff, 0x00, 
  0xff, 0xff, 0x00, 0xff, 0xff, 0x00, 0xff, 0xff, 0x00, 0xff, 0xff, 0x00, 
  0xff, 0xff, 0x00, 0xff, 0xff, 0x00, 0xff, 0xff, 0x00, 0xff, 0xff, 0x00, 
  0xff, 0xff, 0x00, 0xff, 0xff, 0x00, 0xff, 0xff, 0x00, 0xff, 0xff, 0x00, 
  0xff, 0xff, 0x00, 0xff, 0xff, 0x00, 0xff, 0xff, 0x00, 0xff, 0xff, 0x00, 
  0xff, 0xff, 0x00, 0xff, 0xff, 0x00, 0xff, 0xff, 0x00, 0xff, 0xff, 0x00, 
  0xff, 0xff, 0x00, 0xff, 0xff, 0x00, 0xff, 0xff, 0x00, 0xff, 0xff, 0x00, 
  0xff, 0xff, 0x00, 0xff, 0xff, 0x00, 0xff, 0xff, 0x00, 0xff, 0xff, 0x00, 
  0xff, 0xff, 0x00, 0xff, 0xff, 0x00, 0xff, 0xff, 0x00, 0xff, 0xff, 0x00, 
  0xff, 0xff, 0x00, 0xff, 0xff, 0x00, 0xff, 0xff, 0x00, 0xff, 0xff, 0x00, 
  0xff, 0xff, 0x00, 0xff, 0xff, 0x00, 0xff, 0xff, 0x00, 0xff, 0xff, 0x00, 
  0xff, 0xff, 0x00, 0xff, 0xff, 0x00, 0xff, 0xff, 0x00, 0xff, 0xff, 0x00, 
  0xff, 0xff, 0x00, 0xff, 0xff, 0x00, 0xff, 0xff, 0x00, 0xff, 0xff, 0x00, 
  0xff, 0xff, 0x00, 0xff, 0xff, 0x00, 0xff, 0xff, 0x00, 0xff, 0xff, 0x00, 
  0xff, 0xff, 0x00, 0xff, 0xff, 0x00, 0xff, 0xff, 0x00, 0xff, 0xff, 0x00, 
  0xff, 0xff, 0x00, 0xff, 0xff, 0x00, 0xff, 0xff, 0x00, 0xff, 0xff, 0x00, 
  0xff, 0xff, 0x00, 0xff, 0xff, 0x00, 0xff, 0xff, 0x00, 0xff, 0xff, 0x00, 
  0xff, 0xff, 0x00, 0xff, 0xff, 0x00, 0xff, 0xff, 0x00, 0xff, 0xff, 0x00, 
  0xff, 0xff, 0x00, 0xff, 0xff, 0x00, 0xff, 0xff, 0x00, 0xff, 0xff, 0x00, 
  0xff, 0xff, 0x00, 0xff, 0xff, 0x00, 0xff, 0xff, 0x00, 0xff, 0xff, 0x00, 
  0xff, 0xff, 0x00, 0xff, 0xff, 0x00, 0xff, 0xff, 0x00, 0xff, 0xff, 0x00, 
  0xff, 0xff, 0x00, 0xff, 0xff, 0x00, 0xff, 0xff, 0x00, 0xff, 0xff, 0x00, 
  0xff, 0xff, 0x00, 0xff, 0xff, 0x00, 0xff, 0xff, 0x00, 0xff, 0xff, 0x00, 
  0xff, 0xff, 0x00, 0xff, 0xff, 0x00, 0xff, 0xff, 0x00, 0xff, 0xff, 0x00, 
  0xff, 0xff, 0x00, 0xff, 0xff, 0x00, 0xff, 0xff, 0x00, 0xff, 0xff, 0x00, 
  0xff, 0xff, 0x00, 0xff, 0xff, 0x00, 0xff, 0xff, 0x00, 0xff, 0xff, 0x00, 
  0xff, 0xff, 0x00, 0xff, 0xff, 0x00, 0xff, 0xff, 0x00, 0xff, 0xff, 0x00, 
  0xff, 0xff, 0x00, 0xff, 0xff, 0x00, 0xff, 0xff, 0x00, 0xff, 0xff, 0x00, 
  0xff, 0xff, 0x00, 0xff, 0xff, 0x00, 0xff, 0xff, 0x00, 0xff, 0xff, 0x00, 
  0xff, 0xff, 0x00, 0xff, 0xff, 0x00, 0xff, 0xff, 0x00, 0xff, 0xff, 0x00, 
  0xff, 0xff, 0x00, 0xff, 0xff, 0x00, 0xff, 0xff, 0x00, 0xff, 0xff, 0x00, 
  0xff, 0xff, 0x00, 0xff, 0xff, 0x00, 0xff, 0xff, 0x00, 0xff, 0xff, 0x00, 
  0xff, 0xff, 0x00, 0xff, 0xff, 0x00, 0xff, 0xff, 0x00, 0xff, 0xff, 0x00, 
  0xff, 0xff, 0x00, 0xff, 0xff, 0x00, 0xff, 0xff, 0x00, 0xff, 0xff, 0x00, 
  0xff, 0xff, 0x00, 0xff, 0xff, 0x00, 0xff, 0xff, 0x00, 0xff, 0xff, 0x00, 
  0xff, 0xff, 0x00, 0xff, 0xff, 0x00, 0xff, 0xff, 0x00, 0xff, 0xff, 0x00, 
  0xff, 0xff, 0x00, 0xff, 0xff, 0x00, 0xff, 0xff, 0x00, 0xff, 0xff, 0x00, 
  0xff, 0xff, 0x00, 0xff, 0xff, 0x00, 0xff, 0xff, 0x00, 0xff, 0xff, 0x00, 
  0xff, 0xff, 0x00, 0xff, 0xff, 0x00, 0xff, 0xff, 0x00, 0xff, 0xff, 0x00, 
  0xff, 0xff, 0x00, 0xff, 0xff, 0x00, 0xff, 0xff, 0x00, 0xff, 0xff, 0x00, 
  0xff, 0xff, 0x00, 0xff, 0xff, 0x00, 0xff, 0xff, 0x00, 0xff, 0xff, 0x00, 
  0xff, 0xff, 0x00, 0xff, 0xff, 0x00, 0xff, 0xff, 0x00, 0xff, 0xff, 0x00, 
  0xff, 0xff, 0x00, 0xff, 0xff, 0x00, 0xff, 0xff, 0x00, 0xff, 0xff, 0x00, 
  0xff, 0xff, 0x00, 0xff, 0xff, 0x00, 0xff, 0xff, 0x00, 0xff, 0xff, 0x00, 
  0xff, 0xff, 0x00, 0xff, 0xff, 0x00, 0xff, 0xff, 0x00, 0xff, 0xff, 0x00, 
  0xff, 0xff, 0x00, 0xff, 0xff, 0x00, 0xff, 0xff, 0x00, 0xff, 0xff, 0x00, 
  0xff, 0xff, 0x00, 0xff, 0xff, 0x00, 0xff, 0xff, 0x00, 0xff, 0xff, 0x00, 
  0xff, 0xff, 0x00, 0xff, 0xff, 0x00, 0xff, 0xff, 0x00, 0xff, 0xff, 0x00, 
  0xff, 0xff, 0x00, 0xff, 0xff, 0x00, 0xff, 0xff, 0x00, 0xff, 0xff, 0x00, 
  0xff, 0xff, 0x00, 0xff, 0xff, 0x00, 0xff, 0xff, 0x00, 0xff, 0xff, 0x00, 
  0xff, 0xff, 0x00, 0xff, 0xff, 0x00, 0xff, 0xff, 0x00, 0xff, 0xff, 0x00, 
  0xff, 0xff, 0x00, 0xff, 0xff, 0x00, 0xff, 0xff, 0x00, 0xff, 0xff, 0x00, 
  0xff, 0xff, 0x00, 0xff, 0xff, 0x00, 0xff, 0xff, 0x00, 0xff, 0xff, 0x00, 
  0xff, 0xff, 0x00, 0xff, 0xff, 0x00, 0xff, 0xff, 0x00, 0xff, 0xff, 0x00, 
  0xff, 0xff, 0x00, 0xff, 0xff, 0x00, 0xff, 0xff, 0x00, 0xff, 0xff, 0x00, 
  0xff, 0xff, 0x00, 0xff, 0xff, 0x00, 0xff, 0xff, 0x00, 0xff, 0xff, 0x00, 
  0xff, 0xff, 0x00, 0xff, 0xff, 0x00, 0xff, 0xff, 0x00, 0xff, 0xff, 0x00, 
  0xff, 0xff, 0x00, 0xff, 0xff, 0x00, 0xff, 0xff, 0x00, 0xff, 0xff, 0x00, 
  0xff, 0xff, 0x00, 0xff, 0xff, 0x00, 0xff, 0xff, 0x00, 0xff, 0xff, 0x00, 
  0xff, 0xff, 0x00, 0xff, 0xff, 0x00, 0xff, 0xff, 0x00, 0xff, 0xff, 0x00, 
  0xff, 0xff, 0x00, 0xff, 0xff, 0x00, 0xff, 0xff, 0x00, 0xff, 0xff, 0x00, 
  0xff, 0xff, 0x00, 0xff, 0xff, 0x00, 0xff, 0xff, 0x00, 0xff, 0xff, 0x00, 
  0xff, 0xff, 0x00, 0xff, 0xff, 0x00, 0xff, 0xff, 0x00, 0xff, 0xff, 0x00, 
  0xff, 0xff, 0x00, 0xff, 0xff, 0x00, 0xff, 0xff, 0x00, 0xff, 0xff, 0x00, 
  0xff, 0xff, 0x00, 0xff, 0xff, 0x00, 0xff, 0xff, 0x00, 0xff, 0xff, 0x00, 
  0xff, 0xff, 0x00, 0xff, 0xff, 0x00, 0xff, 0xff, 0x00, 0xff, 0xff, 0x00, 
  0xff, 0xff, 0x00, 0xff, 0xff, 0x00, 0xff, 0xff, 0x00, 0xff, 0xff, 0x00, 
  0xff, 0xff, 0x00, 0xff, 0xff, 0x00, 0xff, 0xff, 0x00, 0xff, 0xff, 0x00, 
  0xff, 0xff, 0x00, 0xff, 0xff, 0x00, 0xff, 0xff, 0x00, 0xff, 0xff, 0x00, 
  0xff, 0xff, 0x00, 0xff, 0xff, 0x00, 0xff, 0xff, 0x00, 0xff, 0xff, 0x00, 
  0xff, 0xff, 0x00, 0xff, 0xff, 0x00, 0xff, 0xff, 0x00, 0xff, 0xff, 0x00, 
  0xff, 0xff, 0x00, 0xff, 0xff, 0x00, 0xff, 0xff, 0x00, 0xff, 0xff, 0x00, 
  0xff, 0xff, 0x00, 0xff, 0xff, 0x00, 0xff, 0xff, 0x00, 0xff, 0xff, 0x00, 
  0xff, 0xff, 0x00, 0xff, 0xff, 0x00, 0xff, 0xff, 0x00, 0xff, 0xff, 0x00, 
  0xff, 0xff, 0x00, 0xff, 0xff, 0x00, 0xff, 0xff, 0x00, 0xff, 0xff, 0x00, 
  0xff, 0xff, 0x00, 0xff, 0xff, 0x00, 0xff, 0xff, 0x00, 0xff, 0xff, 0x00, 
  0xff, 0xff, 0x00, 0xff, 0xff, 0x00, 0xff, 0xff, 0x00, 0xff, 0xff, 0x00, 
  0xff, 0xff, 0x00, 0xff, 0xff, 0x00, 0xff, 0xff, 0x00, 0xff, 0xff, 0x00, 
  0xff, 0xff, 0x00, 0xff, 0xff, 0x00, 0xff, 0xff, 0x00, 0xff, 0xff, 0x00, 
  0xff, 0xff, 0x00, 0xff, 0xff, 0x00, 0xff, 0xff, 0x00, 0xff, 0xff, 0x00, 
  0xff, 0xff, 0x00, 0xff, 0xff, 0x00, 0xff, 0xff, 0x00, 0xff, 0xff, 0x00, 
  0xff, 0xff, 0x00, 0xff, 0xff, 0x00, 0xff, 0xff, 0x00, 0xff, 0xff, 0x00, 
  0xff, 0xff, 0x00, 0xff, 0xff, 0x00, 0xff, 0xff, 0x00, 0xff, 0xff, 0x00, 
  0xff, 0xff, 0x00, 0xff, 0xff, 0x00, 0xff, 0xff, 0x00, 0xff, 0xff, 0x00, 
  0xff, 0xff, 0x00, 0xff, 0xff, 0x00, 0xff, 0xff, 0x00, 0xff, 0xff, 0x00, 
  0xff, 0xff, 0x00, 0xff, 0xff, 0x00, 0xff, 0xff, 0x00, 0xff, 0xff, 0x00, 
  0xff, 0xff, 0x00, 0xff, 0xff, 0x00, 0xff, 0xff, 0x00, 0xff, 0xff, 0x00, 
  0xff, 0xff, 0x00, 0xff, 0xff, 0x00, 0xff, 0xff, 0x00, 0xff, 0xff, 0x00, 
  0xff, 0xff, 0x00, 0xff, 0xff, 0x00, 0xff, 0xff, 0x00, 0xff, 0xff, 0x00, 
  0xff, 0xff, 0x00, 0xff, 0xff, 0x00, 0xff, 0xff, 0x00, 0xff, 0xff, 0x00, 
  0xff, 0xff, 0x00, 0xff, 0xff, 0x00, 0xff, 0xff, 0x00, 0xff, 0xff, 0x00, 
  0xff, 0xff, 0x00, 0xff, 0xff, 0x00, 0xff, 0xff, 0x00, 0xff, 0xff, 0x00, 
  0xff, 0xff, 0x00, 0xff, 0xff, 0x00, 0xff, 0xff, 0x00, 0xff, 0xff, 0x00, 
  0xff, 0xff, 0x00, 0xff, 0xff, 0x00, 0xff, 0xff, 0x00, 0xff, 0xff, 0x00, 
  0xff, 0xff, 0x00, 0xff, 0xff, 0x00, 0xff, 0xff, 0x00, 0xff, 0xff, 0x00, 
  0xff, 0xff, 0x00, 0xff, 0xff, 0x00, 0xff, 0xff, 0x00, 0xff, 0xff, 0x00, 
  0xff, 0xff, 0x00, 0xff, 0xff, 0x00, 0xff, 0xff, 0x00, 0xff, 0xff, 0x00, 
  0xff, 0xff, 0x00, 0xff, 0xff, 0x00, 0xff, 0xff, 0x00, 0xff, 0xff, 0x00, 
  0xff, 0xff, 0x00, 0xff, 0xff, 0x00, 0xff, 0xff, 0x00, 0xff, 0xff, 0x00, 
  0xff, 0xff, 0x00, 0xff, 0xff, 0x00, 0xff, 0xff, 0x00, 0xff, 0xff, 0x00, 
  0xff, 0xff, 0x00, 0xff, 0xff, 0x00, 0xff, 0xff, 0x00, 0xff, 0xff, 0x00, 
  0xff, 0xff, 0x00, 0xff, 0xff, 0x00, 0xff, 0xff, 0x00, 0xff, 0xff, 0x00, 
  0xff, 0xff, 0x00, 0xff, 0xff, 0x00, 0xff, 0xff, 0x00, 0xff, 0xff, 0x00, 
  0xff, 0xff, 0x00, 0xff, 0xff, 0x00, 0xff, 0xff, 0x00, 0xff, 0xff, 0x00, 
  0xff, 0xff, 0x00, 0xff, 0xff, 0x00, 0xff, 0xff, 0x00, 0xff, 0xff, 0x00, 
  0xff, 0xff, 0x00, 0xff, 0xff, 0x00, 0xff, 0xff, 0x00, 0xff, 0xff, 0x00, 
  0xff, 0xff, 0x00, 0xff, 0xff, 0x00, 0xff, 0xff, 0x00, 0xff, 0xff, 0x00, 
  0xff, 0xff, 0x00, 0xff, 0xff, 0x00, 0xff, 0xff, 0x00, 0xff, 0xff, 0x00, 
  0xff, 0xff, 0x00, 0xff, 0xff, 0x00, 0xff, 0xff, 0x00, 0xff, 0xff, 0x00, 
  0xff, 0xff, 0x00, 0xff, 0xff, 0x00, 0xff, 0xff, 0x00, 0xff, 0xff, 0x00, 
  0xff, 0xff, 0x00, 0xff, 0xff, 0x00, 0xff, 0xff, 0x00, 0xff, 0xff, 0x00, 
  0xff, 0xff, 0x00, 0xff, 0xff, 0x00, 0xff, 0xff, 0x00, 0xff, 0xff, 0x00, 
  0xff, 0xff, 0x00, 0xff, 0xff, 0x00, 0xff, 0xff, 0x00, 0xff, 0xff, 0x00, 
  0xff, 0xff, 0x00, 0xff, 0xff, 0x00, 0xff, 0xff, 0x00, 0xff, 0xff, 0x00, 
  0xff, 0xff, 0x00, 0xff, 0xff, 0x00, 0xff, 0xff, 0x00, 0xff, 0xff, 0x00, 
  0xff, 0xff, 0x00, 0xff, 0xff, 0x00, 0xff, 0xff, 0x00, 0xff, 0xff, 0x00, 
  0xff, 0xff, 0x00, 0xff, 0xff, 0x00, 0xff, 0xff, 0x00, 0xff, 0xff, 0x00, 
  0xff, 0xff, 0x00, 0xff, 0xff, 0x00, 0xff, 0xff, 0x00, 0xff, 0xff, 0x00, 
  0xff, 0xff, 0x00, 0xff, 0xff, 0x00, 0xff, 0xff, 0x00, 0xff, 0xff, 0x00, 
  0xff, 0xff, 0x00, 0xff, 0xff, 0x00, 0xff, 0xff, 0x00, 0xff, 0xff, 0x00, 
  0xff, 0xff, 0x00, 0xff, 0xff, 0x00, 0xff, 0xff, 0x00, 0xff, 0xff, 0x00, 
  0xff, 0xff, 0x00, 0xff, 0xff, 0x00, 0xff, 0xff, 0x00, 0xff, 0xff, 0x00, 
  0xff, 0xff, 0x00, 0xff, 0xff, 0x00, 0xff, 0xff, 0x00, 0xff, 0xff, 0x00, 
  0xff, 0xff, 0x00, 0xff, 0xff, 0x00, 0xff, 0xff, 0x00, 0xff, 0xff, 0x00, 
  0xff, 0xff, 0x00, 0xff, 0xff, 0x00, 0xff, 0xff, 0x00, 0xff, 0xff, 0x00, 
  0xff, 0xff, 0x00, 0xff, 0xff, 0x00, 0xff, 0xff, 0x00, 0xff, 0xff, 0x00, 
  0xff, 0xff, 0x00, 0xff, 0xff, 0x00, 0xff, 0xff, 0x00, 0xff, 0xff, 0x00, 
  0xff, 0xff, 0x00, 0xff, 0xff, 0x00, 0xff, 0xff, 0x00, 0xff, 0xff, 0x00, 
  0xff, 0xff, 0x00, 0xff, 0xff, 0x00, 0xff, 0xff, 0x00, 0xff, 0xff, 0x00, 
  0xff, 0xff, 0x00, 0xff, 0xff, 0x00, 0xff, 0xff, 0x00, 0xff, 0xff, 0x00, 
  0xff, 0xff, 0x00, 0xff, 0xff, 0x00, 0xff, 0xff, 0x00, 0xff, 0xff, 0x00, 
  0xff, 0xff, 0x00, 0xff, 0xff, 0x00, 0xff, 0xff, 0x00, 0xff, 0xff, 0x00, 
  0xff, 0xff, 0x00, 0xff, 0xff, 0x00, 0xff, 0xff, 0x00, 0xff, 0xff, 0x00, 
  0xff, 0xff, 0x00, 0xff, 0xff, 0x00, 0xff, 0xff, 0x00, 0xff, 0xff, 0x00, 
  0xff, 0xff, 0x00, 0xff, 0xff, 0x00, 0xff, 0xff, 0x00, 0xff, 0xff, 0x00, 
  0xff, 0xff, 0x00, 0xff, 0xff, 0x00, 0xff, 0xff, 0x00, 0xff, 0xff, 0x00, 
  0xff, 0xff, 0x00, 0xff, 0xff, 0x00, 0xff, 0xff, 0x00, 0xff, 0xff, 0x00, 
  0xff, 0xff, 0x00, 0xff, 0xff, 0x00, 0xff, 0xff, 0x00, 0xff, 0xff, 0x00, 
  0xff, 0xff, 0x00, 0xff, 0xff, 0x00, 0xff, 0xff, 0x00, 0xff, 0xff, 0x00, 
  0xff, 0xff, 0x00, 0xff, 0xff, 0x00, 0xff, 0xff, 0x00, 0xff, 0xff, 0x00, 
  0xff, 0xff, 0x00, 0xff, 0xff, 0x00, 0xff, 0xff, 0x00, 0xff, 0xff, 0x00, 
  0xff, 0xff, 0x00, 0xff, 0xff, 0x00, 0xff, 0xff, 0x00, 0xff, 0xff, 0x00, 
  0xff, 0xff, 0x00, 0xff, 0xff, 0x00, 0xff, 0xff, 0x00, 0xff, 0xff, 0x00, 
  0xff, 0xff, 0x00, 0xff, 0xff, 0x00, 0xff, 0xff, 0x00, 0xff, 0xff, 0x00, 
  0xff, 0xff, 0x00, 0xff, 0xff, 0x00, 0xff, 0xff, 0x00, 0xff, 0xff, 0x00, 
  0xff, 0xff, 0x00, 0xff, 0xff, 0x00, 0xff, 0xff, 0x00, 0xff, 0xff, 0x00, 
  0xff, 0xff, 0x00, 0xff, 0xff, 0x00, 0xff, 0xff, 0x00, 0xff, 0xff, 0x00, 
  0xff, 0xff, 0x00, 0xff, 0xff, 0x00, 0xff, 0xff, 0x00, 0xff, 0xff, 0x00, 
  0xff, 0xff, 0x00, 0xff, 0xff, 0x00, 0xff, 0xff, 0x00, 0xff, 0xff, 0x00, 
  0xff, 0xff, 0x00, 0xff, 0xff, 0x00, 0xff, 0xff, 0x00, 0xff, 0xff, 0x00, 
  0xff, 0xff, 0x00, 0xff, 0xff, 0x00, 0xff, 0xff, 0x00, 0xff, 0xff, 0x00, 
  0xff, 0xff, 0x00, 0xff, 0xff, 0x00, 0xff, 0xff, 0x00, 0xff, 0xff, 0x00, 
  0xff, 0xff, 0x00, 0xff, 0xff, 0x00, 0xff, 0xff, 0x00, 0xff, 0xff, 0x00, 
  0xff, 0xff, 0x00, 0xff, 0xff, 0x00, 0xff, 0xff, 0x00, 0xff, 0xff, 0x00, 
  0xff, 0xff, 0x00, 0xff, 0xff, 0x00, 0xff, 0xff, 0x00, 0xff, 0xff, 0x00, 
  0xff, 0xff, 0x00, 0xff, 0xff, 0x00, 0xff, 0xff, 0x00, 0xff, 0xff, 0x00, 
  0xff, 0xff, 0x00, 0xff, 0xff, 0x00, 0xff, 0xff, 0x00, 0xff, 0xff, 0x00, 
  0xff, 0xff, 0x00, 0xff, 0xff, 0x00, 0xff, 0xff, 0x00, 0xff, 0xff, 0x00, 
  0xff, 0xff, 0x00, 0xff, 0xff, 0x00, 0xff, 0xff, 0x00, 0xff, 0xff, 0x00, 
  0xff, 0xff, 0x00, 0xff, 0xff, 0x00, 0xff, 0xff, 0x00, 0xff, 0xff, 0x00, 
  0xff, 0xff, 0x00, 0xff, 0xff, 0x00, 0xff, 0xff, 0x00, 0xff, 0xff, 0x00, 
  0xff, 0xff, 0x00, 0xff, 0xff, 0x00, 0xff, 0xff, 0x00, 0xff, 0xff, 0x00, 
  0xff, 0xff, 0x00, 0xff, 0xff, 0x00, 0xff, 0xff, 0x00, 0xff, 0xff, 0x00, 
  0xff, 0xff, 0x00, 0xff, 0xff, 0x00, 0xff, 0xff, 0x00, 0xff, 0xff, 0x00, 
  0xff, 0xff, 0x00, 0xff, 0xff, 0x00, 0xff, 0xff, 0x00, 0xff, 0xff, 0x00, 
  0xff, 0xff, 0x00, 0xff, 0xff, 0x00, 0xff, 0xff, 0x00, 0xff, 0xff, 0x00, 
  0xff, 0xff, 0x00, 0xff, 0xff, 0x00, 0xff, 0xff, 0x00, 0xff, 0xff, 0x00, 
  0xff, 0xff, 0x00, 0xff, 0xff, 0x00, 0xff, 0xff, 0x00, 0xff, 0xff, 0x00, 
  0xff, 0xff, 0x00, 0xff, 0xff, 0x00, 0xff, 0xff, 0x00, 0xff, 0xff, 0x00, 
  0xff, 0xff, 0x00, 0xff, 0xff, 0x00, 0xff, 0xff, 0x00, 0xff, 0xff, 0x00, 
  0xff, 0xff, 0x00, 0xff, 0xff, 0x00, 0xff, 0xff, 0x00, 0xff, 0xff, 0x00, 
  0xff, 0xff, 0x00, 0xff, 0xff, 0x00, 0xff, 0xff, 0x00, 0xff, 0xff, 0x00, 
  0xff, 0xff, 0x00, 0xff, 0xff, 0x00, 0xff, 0xff, 0x00, 0xff, 0xff, 0x00, 
  0xff, 0xff, 0x00, 0xff, 0xff, 0x00, 0xff, 0xff, 0x00, 0xff, 0xff, 0x00, 
  0xff, 0xff, 0x00, 0xff, 0xff, 0x00, 0xff, 0xff, 0x00, 0xff, 0xff, 0x00, 
  0xff, 0xff, 0x00, 0xff, 0xff, 0x00, 0xff, 0xff, 0x00, 0xff, 0xff, 0x00, 
  0xff, 0xff, 0x00, 0xff, 0xff, 0x00, 0xff, 0xff, 0x00, 0xff, 0xff, 0x00, 
  0xff, 0xff, 0x00, 0xff, 0xff, 0x00, 0xff, 0xff, 0x00, 0xff, 0xff, 0x00, 
  0xff, 0xff, 0x00, 0xff, 0xff, 0x00, 0xff, 0xff, 0x00, 0xff, 0xff, 0x00, 
  0xff, 0xff, 0x00, 0xff, 0xff, 0x00, 0xff, 0xff, 0x00, 0xff, 0xff, 0x00, 
  0xff, 0xff, 0x00, 0xff, 0xff, 0x00, 0xff, 0xff, 0x00, 0xff, 0xff, 0x00, 
  0xff, 0xff, 0x00, 0xff, 0xff, 0x00, 0xff, 0xff, 0x00, 0xff, 0xff, 0x00, 
  0xff, 0xff, 0x00, 0xff, 0xff, 0x00, 0xff, 0xff, 0x00, 0xff, 0xff, 0x00, 
  0xff, 0xff, 0x00, 0xff, 0xff, 0x00, 0xff, 0xff, 0x00, 0xff, 0xff, 0x00, 
  0xff, 0xff, 0x00, 0xff, 0xff, 0x00, 0xff, 0xff, 0x00, 0xff, 0xff, 0x00, 
  0xff, 0xff, 0x00, 0xff, 0xff, 0x00, 0xff, 0xff, 0x00, 0xff, 0xff, 0x00, 
  0xff, 0xff, 0x00, 0xff, 0xff, 0x00, 0xff, 0xff, 0x00, 0xff, 0xff, 0x00, 
  0xff, 0xff, 0x00, 0xff, 0xff, 0x00, 0xff, 0xff, 0x00, 0xff, 0xff, 0x00, 
  0xff, 0xff, 0x00, 0xff, 0xff, 0x00, 0xff, 0xff, 0x00, 0xff, 0xff, 0x00, 
  0xff, 0xff, 0x00, 0xff, 0xff, 0x00, 0xff, 0xff, 0x00, 0xff, 0xff, 0x00, 
  0xff, 0xff, 0x00, 0xff, 0xff, 0x00, 0xff, 0xff, 0x00, 0xff, 0xff, 0x00, 
  0xff, 0xff, 0x00, 0xff, 0xff, 0x00, 0xff, 0xff, 0x00, 0xff, 0xff, 0x00, 
  0xff, 0xff, 0x00, 0xff, 0xff, 0x00, 0xff, 0xff, 0x00, 0xff, 0xff, 0x00, 
  0xff, 0xff, 0x00, 0xff, 0xff, 0x00, 0xff, 0xff, 0x00, 0xff, 0xff, 0x00, 
  0xff, 0xff, 0x00, 0xff, 0xff, 0x00, 0xff, 0xff, 0x00, 0xff, 0xff, 0x00, 
  0xff, 0xff, 0x00, 0xff, 0xff, 0x00, 0xff, 0xff, 0x00, 0xff, 0xff, 0x00, 
  0xff, 0xff, 0x00, 0xff, 0xff, 0x00, 0xff, 0xff, 0x00, 0xff, 0xff, 0x00, 
  0xff, 0xff, 0x00, 0xff, 0xff, 0x00, 0xff, 0xff, 0x00, 0xff, 0xff, 0x00, 
  0xff, 0xff, 0x00, 0xff, 0xff, 0x00, 0xff, 0xff, 0x00, 0xff, 0xff, 0x00, 
  0xff, 0xff, 0x00, 0xff, 0xff, 0x00, 0xff, 0xff, 0x00, 0xff, 0xff, 0x00, 
  0xff, 0xff, 0x00, 0xff, 0xff, 0x00, 0xff, 0xff, 0x00, 0xff, 0xff, 0x00, 
  0xff, 0xff, 0x00, 0xff, 0xff, 0x00, 0xff, 0xff, 0x00, 0xff, 0xff, 0x00, 
  0xff, 0xff, 0x00, 0xff, 0xff, 0x00, 0xff, 0xff, 0x00, 0xff, 0xff, 0x00, 
  0xff, 0xff, 0x00, 0xff, 0xff, 0x00, 0xff, 0xff, 0x00, 0xff, 0xff, 0x00, 
  0xff, 0xff, 0x00, 0xff, 0xff, 0x00, 0xff, 0xff, 0x00, 0xff, 0xff, 0x00, 
  0xff, 0xff, 0x00, 0xff, 0xff, 0x00, 0xff, 0xff, 0x00, 0xff, 0xff, 0x00, 
  0xff, 0xff, 0x00, 0xff, 0xff, 0x00, 0xff, 0xff, 0x00, 0xff, 0xff, 0x00, 
  0xff, 0xff, 0x00, 0xff, 0xff, 0x00, 0xff, 0xff, 0x00, 0xff, 0xff, 0x00, 
  0xff, 0xff, 0x00, 0xff, 0xff, 0x00, 0xff, 0xff, 0x00, 0xff, 0xff, 0x00, 
  0xff, 0xff, 0x00, 0xff, 0xff, 0x00, 0xff, 0xff, 0x00, 0xff, 0xff, 0x00, 
  0xff, 0xff, 0x00, 0xff, 0xff, 0x00, 0xff, 0xff, 0x00, 0xff, 0xff, 0x00, 
  0xff, 0xff, 0x00, 0xff, 0xff, 0x00, 0xff, 0xff, 0x00, 0xff, 0xff, 0x00, 
  0xff, 0xff, 0x00, 0xff, 0xff, 0x00, 0xff, 0xff, 0x00, 0xff, 0xff, 0x00, 
  0xff, 0xff, 0x00, 0xff, 0xff, 0x00, 0xff, 0xff, 0x00, 0xff, 0xff, 0x00, 
  0xff, 0xff, 0x00, 0xff, 0xff, 0x00, 0xff, 0xff, 0x00, 0xff, 0xff, 0x00, 
  0xff, 0xff, 0x00, 0xff, 0xff, 0x00, 0xff, 0xff, 0x00, 0xff, 0xff, 0x00, 
  0xff, 0xff, 0x00, 0xff, 0xff, 0x00, 0xff, 0xff, 0x00, 0xff, 0xff, 0x00, 
  0xff, 0xff, 0x00, 0xff, 0xff, 0x00, 0xff, 0xff, 0x00, 0xff, 0xff, 0x00, 
  0xff, 0xff, 0x00, 0xff, 0xff, 0x00, 0xff, 0xff, 0x00, 0xff, 0xff, 0x00, 
  0xff, 0xff, 0x00, 0xff, 0xff, 0x00, 0xff, 0xff, 0x00, 0xff, 0xff, 0x00, 
  0xff, 0xff, 0x00, 0xff, 0xff, 0x00, 0xff, 0xff, 0x00, 0xff, 0xff, 0x00, 
  0xff, 0xff, 0x00, 0xff, 0xff, 0x00, 0xff, 0xff, 0x00, 0xff, 0xff, 0x00, 
  0xff, 0xff, 0x00, 0xff, 0xff, 0x00, 0xff, 0xff, 0x00, 0xff, 0xff, 0x00, 
  0xff, 0xff, 0x00, 0xff, 0xff, 0x00, 0xff, 0xff, 0x00, 0xff, 0xff, 0x00, 
  0xff, 0xff, 0x00, 0xff, 0xff, 0x00, 0xff, 0xff, 0x00, 0xff, 0xff, 0x00, 
  0xff, 0xff, 0x00, 0xff, 0xff, 0x00, 0xff, 0xff, 0x00, 0xff, 0xff, 0x00, 
  0xff, 0xff, 0x00, 0xff, 0xff, 0x00, 0xff, 0xff, 0x00, 0xff, 0xff, 0x00, 
  0xff, 0xff, 0x00, 0xff, 0xff, 0x00, 0xff, 0xff, 0x00, 0xff, 0xff, 0x00, 
  0xff, 0xff, 0x00, 0xff, 0xff, 0x00, 0xff, 0xff, 0x00, 0xff, 0xff, 0x00, 
  0xff, 0xff, 0x00, 0xff, 0xff, 0x00, 0xff, 0xff, 0x00, 0xff, 0xff, 0x00, 
  0xff, 0xff, 0x00, 0xff, 0xff, 0x00, 0xff, 0xff, 0x00, 0xff, 0xff, 0x00, 
  0xff, 0xff, 0x00, 0xff, 0xff, 0x00, 0xff, 0xff, 0x00, 0xff, 0xff, 0x00, 
  0xff, 0xff, 0x00, 0xff, 0xff, 0x00, 0xff, 0xff, 0x00, 0xff, 0xff, 0x00, 
  0xff, 0xff, 0x00, 0xff, 0xff, 0x00, 0xff, 0xff, 0x00, 0xff, 0xff, 0x00, 
  0xff, 0xff, 0x00, 0xff, 0xff, 0x00, 0xff, 0xff, 0x00, 0xff, 0xff, 0x00, 
  0xff, 0xff, 0x00, 0xff, 0xff, 0x00, 0xff, 0xff, 0x00, 0xff, 0xff, 0x00, 
  0xff, 0xff, 0x00, 0xff, 0xff, 0x00, 0xff, 0xff, 0x00, 0xff, 0xff, 0x00, 
  0xff, 0xff, 0x00, 0xff, 0xff, 0x00, 0xff, 0xff, 0x00, 0xff, 0xff, 0x00, 
  0xff, 0xff, 0x00, 0xff, 0xff, 0x00, 0xff, 0xff, 0x00, 0xff, 0xff, 0x00, 
  0xff, 0xff, 0x00, 0xff, 0xff, 0x00, 0xff, 0xff, 0x00, 0xff, 0xff, 0x00, 
  0xff, 0xff, 0x00, 0xff, 0xff, 0x00, 0xff, 0xff, 0x00, 0xff, 0xff, 0x00, 
  0xff, 0xff, 0x00, 0xff, 0xff, 0x00, 0xff, 0xff, 0x00, 0xff, 0xff, 0x00, 
  0xff, 0xff, 0x00, 0xff, 0xff, 0x00, 0xff, 0xff, 0x00, 0xff, 0xff, 0x00, 
  0xff, 0xff, 0x00, 0xff, 0xff, 0x00, 0xff, 0xff, 0x00, 0xff, 0xff, 0x00, 
  0xff, 0xff, 0x00, 0xff, 0xff, 0x00, 0xff, 0xff, 0x00, 0xff, 0xff, 0x00, 
  0xff, 0xff, 0x00, 0xff, 0xff, 0x00, 0xff, 0xff, 0x00, 0xff, 0xff, 0x00, 
  0xff, 0xff, 0x00, 0xff, 0xff, 0x00, 0xff, 0xff, 0x00, 0xff, 0xff, 0x00, 
  0xff, 0xff, 0x00, 0xff, 0xff, 0x00, 0xff, 0xff, 0x00, 0xff, 0xff, 0x00, 
  0xff, 0xff, 0x00, 0xff, 0xff, 0x00, 0xff, 0xff, 0x00, 0xff, 0xff, 0x00, 
  0xff, 0xff, 0x00, 0xff, 0xff, 0x00, 0xff, 0xff, 0x00, 0xff, 0xff, 0x00, 
  0xff, 0xff, 0x00, 0xff, 0xff, 0x00, 0xff, 0xff, 0x00, 0xff, 0xff, 0x00, 
  0xff, 0xff, 0x00, 0xff, 0xff, 0x00, 0xff, 0xff, 0x00, 0xff, 0xff, 0x00, 
  0xff, 0xff, 0x00, 0xff, 0xff, 0x00, 0xff, 0xff, 0x00, 0xff, 0xff, 0x00, 
  0xff, 0xff, 0x00, 0xff, 0xff, 0x00, 0xff, 0xff, 0x00, 0xff, 0xff, 0x00, 
  0xff, 0xff, 0x00, 0xff, 0xff, 0x00, 0xff, 0xff, 0x00, 0xff, 0xff, 0x00, 
  0xff, 0xff, 0x00, 0xff, 0xff, 0x00, 0xff, 0xff, 0x00, 0xff, 0xff, 0x00, 
  0xff, 0xff, 0x00, 0xff, 0xff, 0x00, 0xff, 0xff, 0x00, 0xff, 0xff, 0x00, 
  0xff, 0xff, 0x00, 0xff, 0xff, 0x00, 0xff, 0xff, 0x00, 0xff, 0xff, 0x00, 
  0xff, 0xff, 0x00, 0xff, 0xff, 0x00, 0xff, 0xff, 0x00, 0xff, 0xff, 0x00, 
  0xff, 0xff, 0x00, 0xff, 0xff, 0x00, 0xff, 0xff, 0x00, 0xff, 0xff, 0x00, 
  0xff, 0xff, 0x00, 0xff, 0xff, 0x00, 0xff, 0xff, 0x00, 0xff, 0xff, 0x00, 
  0xff, 0xff, 0x00, 0xff, 0xff, 0x00, 0xff, 0xff, 0x00, 0xff, 0xff, 0x00, 
  0xff, 0xff, 0x00, 0xff, 0xff, 0x00, 0xff, 0xff, 0x00, 0xff, 0xff, 0x00, 
  0xff, 0xff, 0x00, 0xff, 0xff, 0x00, 0xff, 0xff, 0x00, 0xff, 0xff, 0x00, 
  0xff, 0xff, 0x00, 0xff, 0xff, 0x00, 0xff, 0xff, 0x00, 0xff, 0xff, 0x00, 
  0xff, 0xff, 0x00, 0xff, 0xff, 0x00, 0xff, 0xff, 0x00, 0xff, 0xff, 0x00, 
  0xff, 0xff, 0x00, 0xff, 0xff, 0x00, 0xff, 0xff, 0x00, 0xff, 0xff, 0x00, 
  0xff, 0xff, 0x00, 0xff, 0xff, 0x00, 0xff, 0xff, 0x00, 0xff, 0xff, 0x00, 
  0xff, 0xff, 0x00, 0xff, 0xff, 0x00, 0xff, 0xff, 0x00, 0xff, 0xff, 0x00, 
  0xff, 0xff, 0x00, 0xff, 0xff, 0x00, 0xff, 0xff, 0x00, 0xff, 0xff, 0x00, 
  0xff, 0xff, 0x00, 0xff, 0xff, 0x00, 0xff, 0xff, 0x00, 0xff, 0xff, 0x00, 
  0xff, 0xff, 0x00, 0xff, 0xff, 0x00, 0xff, 0xff, 0x00, 0xff, 0xff, 0x00, 
  0xff, 0xff, 0x00, 0xff, 0xff, 0x00, 0xff, 0xff, 0x00, 0xff, 0xff, 0x00, 
  0xff, 0xff, 0x00, 0xff, 0xff, 0x00, 0xff, 0xff, 0x00, 0xff, 0xff, 0x00, 
  0xff, 0xff, 0x00, 0xff, 0xff, 0x00, 0xff, 0xff, 0x00, 0xff, 0xff, 0x00, 
  0xff, 0xff, 0x00, 0xff, 0xff, 0x00, 0xff, 0xff, 0x00, 0xff, 0xff, 0x00, 
  0xff, 0xff, 0x00, 0xff, 0xff, 0x00, 0xff, 0xff, 0x00, 0xff, 0xff, 0x00, 
  0xff, 0xff, 0x00, 0xff, 0xff, 0x00, 0xff, 0xff, 0x00, 0xff, 0xff, 0x00, 
  0xff, 0xff, 0x00, 0xff, 0xff, 0x00, 0xff, 0xff, 0x00, 0xff, 0xff, 0x00, 
  0xff, 0xff, 0x00, 0xff, 0xff, 0x00, 0xff, 0xff, 0x00, 0xff, 0xff, 0x00, 
  0xff, 0xff, 0x00, 0xff, 0xff, 0x00, 0xff, 0xff, 0x00, 0xff, 0xff, 0x00, 
  0xff, 0xff, 0x00, 0xff, 0xff, 0x00, 0xff, 0xff, 0x00, 0xff, 0xff, 0x00, 
  0xff, 0xff, 0x00, 0xff, 0xff, 0x00, 0xff, 0xff, 0x00, 0xff, 0xff, 0x00, 
  0xff, 0xff, 0x00, 0xff, 0xff, 0x00, 0xff, 0xff, 0x00, 0xff, 0xff, 0x00, 
  0xff, 0xff, 0x00, 0xff, 0xff, 0x00, 0xff, 0xff, 0x00, 0xff, 0xff, 0x00, 
  0xff, 0xff, 0x00, 0xff, 0xff, 0x00, 0xff, 0xff, 0x00, 0xff, 0xff, 0x00, 
  
};

const lv_img_dsc_t img_file = {
  .header.cf = LV_IMG_CF_TRUE_COLOR_ALPHA,
  .header.always_zero = 0,
  .header.w = 120,
  .header.h = 120,
  .data_size = 43200,
  .data = img_file_map,
};
