#include "lvgl.h"

const uint8_t img_aichat_map[] = {
  0x00, 0x00, 0x00, 0x00, 0x00, 0x00, 0x00, 0x00, 0x00, 0x00, 0x00, 0x00, 
  0x00, 0x00, 0x00, 0x00, 0x00, 0x00, 0x00, 0x00, 0x00, 0x00, 0x00, 0x00, 
  0x00, 0x00, 0x00, 0x00, 0x00, 0x00, 0x00, 0x00, 0x00, 0x00, 0x00, 0x00, 
  0x00, 0x00, 0x00, 0x00, 0x00, 0x00, 0x00, 0x00, 0x00, 0x00, 0x00, 0x00, 
  0x00, 0x00, 0x00, 0x00, 0x00, 0x00, 0x00, 0x00, 0x00, 0x00, 0x00, 0x00, 
  0x00, 0x00, 0x00, 0x00, 0x00, 0x00, 0x00, 0x00, 0x00, 0x00, 0x00, 0x00, 
  0x00, 0x00, 0x00, 0x00, 0x00, 0x00, 0x00, 0x00, 0x00, 0x00, 0x00, 0x00, 
  0x00, 0x00, 0x00, 0x00, 0x00, 0x00, 0x00, 0x00, 0x00, 0x00, 0x00, 0x00, 
  0x00, 0x00, 0x00, 0x00, 0x00, 0x00, 0x00, 0x00, 0x00, 0x00, 0x00, 0x00, 
  0x00, 0x00, 0x00, 0x00, 0x00, 0x00, 0x00, 0x00, 0x00, 0x00, 0x00, 0x00, 
  0x00, 0x00, 0x00, 0x00, 0x00, 0x00, 0x00, 0x00, 0x00, 0x00, 0x00, 0x00, 
  0x00, 0x00, 0x00, 0x00, 0x00, 0x00, 0x00, 0x00, 0x00, 0x00, 0x00, 0x00, 
  0x00, 0x00, 0x00, 0x00, 0x00, 0x00, 0x00, 0x00, 0x00, 0x00, 0x00, 0x00, 
  0x00, 0x00, 0x00, 0x00, 0x00, 0x00, 0x00, 0x00, 0x00, 0x00, 0x00, 0x00, 
  0x00, 0x00, 0x00, 0x00, 0x00, 0x00, 0x00, 0x00, 0x00, 0x00, 0x00, 0x00, 
  0x00, 0x00, 0x00, 0x00, 0x00, 0x00, 0x00, 0x00, 0x00, 0x00, 0x00, 0x00, 
  0x00, 0x00, 0x00, 0x00, 0x00, 0x00, 0x00, 0x00, 0x00, 0x00, 0x00, 0x00, 
  0x00, 0x00, 0x00, 0x00, 0x00, 0x00, 0x00, 0x00, 0x00, 0x00, 0x00, 0x00, 
  0x00, 0x00, 0x00, 0x00, 0x00, 0x00, 0x00, 0x00, 0x00, 0x00, 0x00, 0x00, 
  0x00, 0x00, 0x00, 0x00, 0x00, 0x00, 0x00, 0x00, 0x00, 0x00, 0x00, 0x00, 
  0x00, 0x00, 0x00, 0x00, 0x00, 0x00, 0x00, 0x00, 0x00, 0x00, 0x00, 0x00, 
  0x00, 0x00, 0x00, 0x00, 0x00, 0x00, 0x00, 0x00, 0x00, 0x00, 0x00, 0x00, 
  0x00, 0x00, 0x00, 0x00, 0x00, 0x00, 0x00, 0x00, 0x00, 0x00, 0x00, 0x00, 
  0x00, 0x00, 0x00, 0x00, 0x00, 0x00, 0x00, 0x00, 0x00, 0x00, 0x00, 0x00, 
  0x00, 0x00, 0x00, 0x00, 0x00, 0x00, 0x00, 0x00, 0x00, 0x00, 0x00, 0x00, 
  0x00, 0x00, 0x00, 0x00, 0x00, 0x00, 0x00, 0x00, 0x00, 0x00, 0x00, 0x00, 
  0x00, 0x00, 0x00, 0x00, 0x00, 0x00, 0x00, 0x00, 0x00, 0x00, 0x00, 0x00, 
  0x00, 0x00, 0x00, 0x00, 0x00, 0x00, 0x00, 0x00, 0x00, 0x00, 0x00, 0x00, 
  0x00, 0x00, 0x00, 0x00, 0x00, 0x00, 0x00, 0x00, 0x00, 0x00, 0x00, 0x00, 
  0x00, 0x00, 0x00, 0x00, 0x00, 0x00, 0x00, 0x00, 0x00, 0x00, 0x00, 0x00, 
  0x00, 0x00, 0x00, 0x00, 0x00, 0x00, 0x00, 0x00, 0x00, 0x00, 0x00, 0x00, 
  0x00, 0x00, 0x00, 0x00, 0x00, 0x00, 0x00, 0x00, 0x00, 0x00, 0x00, 0x00, 
  0x00, 0x00, 0x00, 0x00, 0x00, 0x00, 0x00, 0x00, 0x00, 0x00, 0x00, 0x00, 
  0x00, 0x00, 0x00, 0x00, 0x00, 0x00, 0x00, 0x00, 0x00, 0x00, 0x00, 0x00, 
  0x00, 0x00, 0x00, 0x00, 0x00, 0x00, 0x00, 0x00, 0x00, 0x00, 0x00, 0x00, 
  0x00, 0x00, 0x00, 0x00, 0x00, 0x00, 0x00, 0x00, 0x00, 0x00, 0x00, 0x00, 
  0x00, 0x00, 0x00, 0x00, 0x00, 0x00, 0x00, 0x00, 0x00, 0x00, 0x00, 0x00, 
  0x00, 0x00, 0x00, 0x00, 0x00, 0x00, 0x00, 0x00, 0x00, 0x00, 0x00, 0x00, 
  0x00, 0x00, 0x00, 0x00, 0x00, 0x00, 0x00, 0x00, 0x00, 0x00, 0x00, 0x00, 
  0x00, 0x00, 0x00, 0x00, 0x00, 0x00, 0x00, 0x00, 0x00, 0x00, 0x00, 0x00, 
  0x00, 0x00, 0x00, 0x00, 0x00, 0x00, 0x00, 0x00, 0x00, 0x00, 0x00, 0x00, 
  0x00, 0x00, 0x00, 0x00, 0x00, 0x00, 0x00, 0x00, 0x00, 0x00, 0x00, 0x00, 
  0x00, 0x00, 0x00, 0x00, 0x00, 0x00, 0x00, 0x00, 0x00, 0x00, 0x00, 0x00, 
  0x00, 0x00, 0x00, 0x00, 0x00, 0x00, 0x00, 0x00, 0x00, 0x00, 0x00, 0x00, 
  0x00, 0x00, 0x00, 0x00, 0x00, 0x00, 0x00, 0x00, 0x00, 0x00, 0x00, 0x00, 
  0x00, 0x00, 0x00, 0x00, 0x00, 0x00, 0x00, 0x00, 0x00, 0x00, 0x00, 0x00, 
  0x00, 0x00, 0x00, 0x00, 0x00, 0x00, 0x00, 0x00, 0x00, 0x00, 0x00, 0x00, 
  0x00, 0x00, 0x00, 0x00, 0x00, 0x00, 0x00, 0x00, 0x00, 0x00, 0x00, 0x00, 
  0x00, 0x00, 0x00, 0x00, 0x00, 0x00, 0x00, 0x00, 0x00, 0x00, 0x00, 0x00, 
  0x00, 0x00, 0x00, 0x00, 0x00, 0x00, 0x00, 0x00, 0x00, 0x00, 0x00, 0x00, 
  0x00, 0x00, 0x00, 0x00, 0x00, 0x00, 0x00, 0x00, 0x00, 0x00, 0x00, 0x00, 
  0x00, 0x00, 0x00, 0x00, 0x00, 0x00, 0x00, 0x00, 0x00, 0x00, 0x00, 0x00, 
  0x00, 0x00, 0x00, 0x00, 0x00, 0x00, 0x00, 0x00, 0x00, 0x00, 0x00, 0x00, 
  0x00, 0x00, 0x00, 0x00, 0x00, 0x00, 0x00, 0x00, 0x00, 0x00, 0x00, 0x00, 
  0x00, 0x00, 0x00, 0x00, 0x00, 0x00, 0x00, 0x00, 0x00, 0x00, 0x00, 0x00, 
  0x00, 0x00, 0x00, 0x00, 0x00, 0x00, 0x00, 0x00, 0x00, 0x00, 0x00, 0x00, 
  0x00, 0x00, 0x00, 0x00, 0x00, 0x00, 0x00, 0x00, 0x00, 0x00, 0x00, 0x00, 
  0x00, 0x00, 0x00, 0x00, 0x00, 0x00, 0x00, 0x00, 0x00, 0x00, 0x00, 0x00, 
  0x00, 0x00, 0x00, 0x00, 0x00, 0x00, 0x00, 0x00, 0x00, 0x00, 0x00, 0x00, 
  0x00, 0x00, 0x00, 0x00, 0x00, 0x00, 0x00, 0x00, 0x00, 0x00, 0x00, 0x00, 
  0x00, 0x00, 0x00, 0x00, 0x00, 0x00, 0x00, 0x00, 0x00, 0x00, 0x00, 0x00, 
  0x00, 0x00, 0x00, 0x00, 0x00, 0x00, 0x00, 0x00, 0x00, 0x00, 0x00, 0x00, 
  0x00, 0x00, 0x00, 0x00, 0x00, 0x00, 0x00, 0x00, 0x00, 0x00, 0x00, 0x00, 
  0x00, 0x00, 0x00, 0x00, 0x00, 0x00, 0x00, 0x00, 0x00, 0x00, 0x00, 0x00, 
  0x00, 0x00, 0x00, 0x00, 0x00, 0x00, 0x00, 0x00, 0x00, 0x00, 0x00, 0x00, 
  0x00, 0x00, 0x00, 0x00, 0x00, 0x00, 0x00, 0x00, 0x00, 0x00, 0x00, 0x00, 
  0x00, 0x00, 0x00, 0x00, 0x00, 0x00, 0x00, 0x00, 0x00, 0x00, 0x00, 0x00, 
  0x00, 0x00, 0x00, 0x00, 0x00, 0x00, 0x00, 0x00, 0x00, 0x00, 0x00, 0x00, 
  0x00, 0x00, 0x00, 0x00, 0x00, 0x00, 0x00, 0x00, 0x00, 0x00, 0x00, 0x00, 
  0x00, 0x00, 0x00, 0x00, 0x00, 0x00, 0x00, 0x00, 0x00, 0x00, 0x00, 0x00, 
  0x00, 0x00, 0x00, 0x00, 0x00, 0x00, 0x00, 0x00, 0x00, 0x00, 0x00, 0x00, 
  0x00, 0x00, 0x00, 0x00, 0x00, 0x00, 0x00, 0x00, 0x00, 0x00, 0x00, 0x00, 
  0x00, 0x00, 0x00, 0x00, 0x00, 0x00, 0x00, 0x00, 0x00, 0x00, 0x00, 0x00, 
  0x00, 0x00, 0x00, 0x00, 0x00, 0x00, 0x00, 0x00, 0x00, 0x00, 0x00, 0x00, 
  0x00, 0x00, 0x00, 0x00, 0x00, 0x00, 0x00, 0x00, 0x00, 0x00, 0x00, 0x00, 
  0x00, 0x00, 0x00, 0x00, 0x00, 0x00, 0x00, 0x00, 0x00, 0x00, 0x00, 0x00, 
  0x00, 0x00, 0x00, 0x00, 0x00, 0x00, 0x00, 0x00, 0x00, 0x00, 0x00, 0x00, 
  0x00, 0x00, 0x00, 0x00, 0x00, 0x00, 0x00, 0x00, 0x00, 0x00, 0x00, 0x00, 
  0x00, 0x00, 0x00, 0x00, 0x00, 0x00, 0x00, 0x00, 0x00, 0x00, 0x00, 0x00, 
  0x00, 0x00, 0x00, 0x00, 0x00, 0x00, 0x00, 0x00, 0x00, 0x00, 0x00, 0x00, 
  0x00, 0x00, 0x00, 0x00, 0x00, 0x00, 0x00, 0x00, 0x00, 0x00, 0x00, 0x00, 
  0x00, 0x00, 0x00, 0x00, 0x00, 0x00, 0x00, 0x00, 0x00, 0x00, 0x00, 0x00, 
  0x00, 0x00, 0x00, 0x00, 0x00, 0x00, 0x00, 0x00, 0x00, 0x00, 0x00, 0x00, 
  0x00, 0x00, 0x00, 0x00, 0x00, 0x00, 0x00, 0x00, 0x00, 0x00, 0x00, 0x00, 
  0x00, 0x00, 0x00, 0x00, 0x00, 0x00, 0x00, 0x00, 0x00, 0x00, 0x00, 0x00, 
  0x00, 0x00, 0x00, 0x00, 0x00, 0x00, 0x00, 0x00, 0x00, 0x00, 0x00, 0x00, 
  0x00, 0x00, 0x00, 0x00, 0x00, 0x00, 0x00, 0x00, 0x00, 0x00, 0x00, 0x00, 
  0x00, 0x00, 0x00, 0x00, 0x00, 0x00, 0x00, 0x00, 0x00, 0x00, 0x00, 0x00, 
  0x00, 0x00, 0x00, 0x00, 0x00, 0x00, 0x00, 0x00, 0x00, 0x00, 0x00, 0x00, 
  0x00, 0x00, 0x00, 0x00, 0x00, 0x00, 0x00, 0x00, 0x00, 0x00, 0x00, 0x00, 
  0x00, 0x00, 0x00, 0x00, 0x00, 0x00, 0x00, 0x00, 0x00, 0x00, 0x00, 0x00, 
  0x00, 0x00, 0x00, 0x00, 0x00, 0x00, 0x00, 0x00, 0x00, 0x00, 0x00, 0x00, 
  0x00, 0x00, 0x00, 0x00, 0x00, 0x00, 0x00, 0x00, 0x00, 0x00, 0x00, 0x00, 
  0x00, 0x00, 0x00, 0x00, 0x00, 0x00, 0x00, 0x00, 0x00, 0x00, 0x00, 0x00, 
  0x00, 0x00, 0x00, 0x00, 0x00, 0x00, 0x00, 0x00, 0x00, 0x00, 0x00, 0x00, 
  0x00, 0x00, 0x00, 0x00, 0x00, 0x00, 0x00, 0x00, 0x00, 0x00, 0x00, 0x00, 
  0x00, 0x00, 0x00, 0x00, 0x00, 0x00, 0x00, 0x00, 0x00, 0x00, 0x00, 0x00, 
  0x00, 0x00, 0x00, 0x00, 0x00, 0x00, 0x00, 0x00, 0x00, 0x00, 0x00, 0x00, 
  0x00, 0x00, 0x00, 0x00, 0x00, 0x00, 0x00, 0x00, 0x00, 0x00, 0x00, 0x00, 
  0x00, 0x00, 0x00, 0x00, 0x00, 0x00, 0x00, 0x00, 0x00, 0x00, 0x00, 0x00, 
  0x00, 0x00, 0x00, 0x00, 0x00, 0x00, 0x00, 0x00, 0x00, 0x00, 0x00, 0x00, 
  0x00, 0x00, 0x00, 0x00, 0x00, 0x00, 0x00, 0x00, 0x00, 0x00, 0x00, 0x00, 
  0x00, 0x00, 0x00, 0x00, 0x00, 0x00, 0x00, 0x00, 0x00, 0x00, 0x00, 0x00, 
  0x00, 0x00, 0x00, 0x00, 0x00, 0x00, 0x00, 0x00, 0x00, 0x00, 0x00, 0x00, 
  0x00, 0x00, 0x00, 0x00, 0x00, 0x00, 0x00, 0x00, 0x00, 0x00, 0x00, 0x00, 
  0x00, 0x00, 0x00, 0x00, 0x00, 0x00, 0x00, 0x00, 0x00, 0x00, 0x00, 0x00, 
  0x00, 0x00, 0x00, 0x00, 0x00, 0x00, 0x00, 0x00, 0x00, 0x00, 0x00, 0x00, 
  0x00, 0x00, 0x00, 0x00, 0x00, 0x00, 0x00, 0x00, 0x00, 0x00, 0x00, 0x00, 
  0x00, 0x00, 0x00, 0x00, 0x00, 0x00, 0x00, 0x00, 0x00, 0x00, 0x00, 0x00, 
  0x00, 0x00, 0x00, 0x00, 0x00, 0x00, 0x00, 0x00, 0x00, 0x00, 0x00, 0x00, 
  0x00, 0x00, 0x00, 0x00, 0x00, 0x00, 0x00, 0x00, 0x00, 0x00, 0x00, 0x00, 
  0x00, 0x00, 0x00, 0x00, 0x00, 0x00, 0x00, 0x00, 0x00, 0x00, 0x00, 0x00, 
  0x00, 0x00, 0x00, 0x00, 0x00, 0x00, 0x00, 0x00, 0x00, 0x00, 0x00, 0x00, 
  0x00, 0x00, 0x00, 0x00, 0x00, 0x00, 0x00, 0x00, 0x00, 0x00, 0x00, 0x00, 
  0x00, 0x00, 0x00, 0x00, 0x00, 0x00, 0x00, 0x00, 0x00, 0x00, 0x00, 0x00, 
  0x00, 0x00, 0x00, 0x00, 0x00, 0x00, 0x00, 0x00, 0x00, 0x00, 0x00, 0x00, 
  0x00, 0x00, 0x00, 0x00, 0x00, 0x00, 0x00, 0x00, 0x00, 0x00, 0x00, 0x00, 
  0x00, 0x00, 0x00, 0x00, 0x00, 0x00, 0x00, 0x00, 0x00, 0x00, 0x00, 0x00, 
  0x00, 0x00, 0x00, 0x00, 0x00, 0x00, 0x00, 0x00, 0x00, 0x00, 0x00, 0x00, 
  0x00, 0x00, 0x00, 0x00, 0x00, 0x00, 0x00, 0x00, 0x00, 0x00, 0x00, 0x00, 
  0x00, 0x00, 0x00, 0x00, 0x00, 0x00, 0x00, 0x00, 0x00, 0x00, 0x00, 0x00, 
  0x00, 0x00, 0x00, 0x00, 0x00, 0x00, 0x00, 0x00, 0x00, 0x00, 0x00, 0x00, 
  0x00, 0x00, 0x00, 0x00, 0x00, 0x00, 0x00, 0x00, 0x00, 0x00, 0x00, 0x00, 
  0x00, 0x00, 0x00, 0x00, 0x00, 0x00, 0x00, 0x00, 0x00, 0x00, 0x00, 0x00, 
  0x00, 0x00, 0x00, 0x00, 0x00, 0x00, 0x00, 0x00, 0x00, 0x00, 0x00, 0x00, 
  0x00, 0x00, 0x00, 0x00, 0x00, 0x00, 0x00, 0x00, 0x00, 0x00, 0x00, 0x00, 
  0x00, 0x00, 0x00, 0x00, 0x00, 0x00, 0x00, 0x00, 0x00, 0x00, 0x00, 0x00, 
  0x00, 0x00, 0x00, 0x00, 0x00, 0x00, 0x00, 0x00, 0x00, 0x00, 0x00, 0x00, 
  0x00, 0x00, 0x00, 0x00, 0x00, 0x00, 0x00, 0x00, 0x00, 0x00, 0x00, 0x00, 
  0x00, 0x00, 0x00, 0x00, 0x00, 0x00, 0x00, 0x00, 0x00, 0x00, 0x00, 0x00, 
  0x00, 0x00, 0x00, 0x00, 0x00, 0x00, 0x00, 0x00, 0x00, 0x00, 0x00, 0x00, 
  0x00, 0x00, 0x00, 0x00, 0x00, 0x00, 0x00, 0x00, 0x00, 0x00, 0x00, 0x00, 
  0x00, 0x00, 0x00, 0x00, 0x00, 0x00, 0x00, 0x00, 0x00, 0x00, 0x00, 0x00, 
  0x00, 0x00, 0x00, 0x00, 0x00, 0x00, 0x00, 0x00, 0x00, 0x00, 0x00, 0x00, 
  0x00, 0x00, 0x00, 0x00, 0x00, 0x00, 0x00, 0x00, 0x00, 0x00, 0x00, 0x00, 
  0x00, 0x00, 0x00, 0x00, 0x00, 0x00, 0x00, 0x00, 0x00, 0x00, 0x00, 0x00, 
  0x00, 0x00, 0x00, 0x00, 0x00, 0x00, 0x00, 0x00, 0x00, 0x00, 0x00, 0x00, 
  0x00, 0x00, 0x00, 0x00, 0x00, 0x00, 0x00, 0x00, 0x00, 0x00, 0x00, 0x00, 
  0x00, 0x00, 0x00, 0x00, 0x00, 0x00, 0x00, 0x00, 0x00, 0x00, 0x00, 0x00, 
  0x00, 0x00, 0x00, 0x00, 0x00, 0x00, 0x00, 0x00, 0x00, 0x00, 0x00, 0x00, 
  0x00, 0x00, 0x00, 0x00, 0x00, 0x00, 0x00, 0x00, 0x00, 0x00, 0x00, 0x00, 
  0x00, 0x00, 0x00, 0x00, 0x00, 0x00, 0x00, 0x00, 0x00, 0x00, 0x00, 0x00, 
  0x00, 0x00, 0x00, 0x00, 0x00, 0x00, 0x00, 0x00, 0x00, 0x00, 0x00, 0x00, 
  0x00, 0x00, 0x00, 0x00, 0x00, 0x00, 0x00, 0x00, 0x00, 0x00, 0x00, 0x00, 
  0x00, 0x00, 0x00, 0x00, 0x00, 0x00, 0x00, 0x00, 0x00, 0x00, 0x00, 0x00, 
  0x00, 0x00, 0x00, 0x00, 0x00, 0x00, 0x00, 0x00, 0x00, 0x00, 0x00, 0x00, 
  0x00, 0x00, 0x00, 0x00, 0x00, 0x00, 0x00, 0x00, 0x00, 0x00, 0x00, 0x00, 
  0x00, 0x00, 0x00, 0x00, 0x00, 0x00, 0x00, 0x00, 0x00, 0x00, 0x00, 0x00, 
  0x00, 0x00, 0x00, 0x00, 0x00, 0x00, 0x00, 0x00, 0x00, 0x00, 0x00, 0x00, 
  0x00, 0x00, 0x00, 0x00, 0x00, 0x00, 0x00, 0x00, 0x00, 0x00, 0x00, 0x00, 
  0x00, 0x00, 0x00, 0x00, 0x00, 0x00, 0x00, 0x00, 0x00, 0x00, 0x00, 0x00, 
  0x00, 0x00, 0x00, 0x00, 0x00, 0x00, 0x00, 0x00, 0x00, 0x00, 0x00, 0x00, 
  0x00, 0x00, 0x00, 0x00, 0x00, 0x00, 0x00, 0x00, 0x00, 0x00, 0x00, 0x00, 
  0x00, 0x00, 0x00, 0x00, 0x00, 0x00, 0x00, 0x00, 0x00, 0x00, 0x00, 0x00, 
  0x00, 0x00, 0x00, 0x00, 0x00, 0x00, 0x00, 0x00, 0x00, 0x00, 0x00, 0x00, 
  0x00, 0x00, 0x00, 0x00, 0x00, 0x00, 0x00, 0x00, 0x00, 0x00, 0x00, 0x00, 
  0x00, 0x00, 0x00, 0x00, 0x00, 0x00, 0x00, 0x00, 0x00, 0x00, 0x00, 0x00, 
  0x00, 0x00, 0x00, 0x00, 0x00, 0x00, 0x00, 0x00, 0x00, 0x00, 0x00, 0x00, 
  0x00, 0x00, 0x00, 0x00, 0x00, 0x00, 0x00, 0x00, 0x00, 0x00, 0x00, 0x00, 
  0x00, 0x00, 0x00, 0x00, 0x00, 0x00, 0x00, 0x00, 0x00, 0x00, 0x00, 0x00, 
  0x00, 0x00, 0x00, 0x00, 0x00, 0x00, 0x00, 0x00, 0x00, 0x00, 0x00, 0x00, 
  0x00, 0x00, 0x00, 0x00, 0x00, 0x00, 0x00, 0x00, 0x00, 0x00, 0x00, 0x00, 
  0x00, 0x00, 0x00, 0x00, 0x00, 0x00, 0x00, 0x00, 0x00, 0x00, 0x00, 0x00, 
  0x00, 0x00, 0x00, 0x00, 0x00, 0x00, 0x00, 0x00, 0x00, 0x00, 0x00, 0x00, 
  0x00, 0x00, 0x00, 0x00, 0x00, 0x00, 0x00, 0x00, 0x00, 0x00, 0x00, 0x00, 
  0x00, 0x00, 0x00, 0x00, 0x00, 0x00, 0x00, 0x00, 0x00, 0x00, 0x00, 0x00, 
  0x00, 0x00, 0x00, 0x00, 0x00, 0x00, 0x00, 0x00, 0x00, 0x00, 0x00, 0x00, 
  0x00, 0x00, 0x00, 0x00, 0x00, 0x00, 0x00, 0x00, 0x00, 0x00, 0x00, 0x00, 
  0x00, 0x00, 0x00, 0x00, 0x00, 0x00, 0x00, 0x00, 0x00, 0x00, 0x00, 0x00, 
  0x00, 0x00, 0x00, 0x00, 0x00, 0x00, 0x00, 0x00, 0x00, 0x00, 0x00, 0x00, 
  0x00, 0x00, 0x00, 0x00, 0x00, 0x00, 0x00, 0x00, 0x00, 0x00, 0x00, 0x00, 
  0x00, 0x00, 0x00, 0x00, 0x00, 0x00, 0x00, 0x00, 0x00, 0x00, 0x00, 0x00, 
  0x00, 0x00, 0x00, 0x00, 0x00, 0x00, 0x00, 0x00, 0x00, 0x00, 0x00, 0x00, 
  0x00, 0x00, 0x00, 0x00, 0x00, 0x00, 0x00, 0x00, 0x00, 0x00, 0x00, 0x00, 
  0x00, 0x00, 0x00, 0x00, 0x00, 0x00, 0x00, 0x00, 0x00, 0x00, 0x00, 0x00, 
  0x00, 0x00, 0x00, 0x00, 0x00, 0x00, 0x00, 0x00, 0x00, 0x00, 0x00, 0x00, 
  0x00, 0x00, 0x00, 0x00, 0x00, 0x00, 0x00, 0x00, 0x00, 0x00, 0x00, 0x00, 
  0x00, 0x00, 0x00, 0x00, 0x00, 0x00, 0x00, 0x00, 0x00, 0x00, 0x00, 0x00, 
  0x00, 0x00, 0x00, 0x00, 0x00, 0x00, 0x00, 0x00, 0x00, 0x00, 0x00, 0x00, 
  0x00, 0x00, 0x00, 0x00, 0x00, 0x00, 0x00, 0x00, 0x00, 0x00, 0x00, 0x00, 
  0x00, 0x00, 0x00, 0x00, 0x00, 0x00, 0x00, 0x00, 0x00, 0x00, 0x00, 0x00, 
  0x00, 0x00, 0x00, 0x00, 0x00, 0x00, 0x00, 0x00, 0x00, 0x00, 0x00, 0x00, 
  0x00, 0x00, 0x00, 0x00, 0x00, 0x00, 0x00, 0x00, 0x00, 0x00, 0x00, 0x00, 
  0x00, 0x00, 0x00, 0x00, 0x00, 0x00, 0x00, 0x00, 0x00, 0x00, 0x00, 0x00, 
  0x00, 0x00, 0x00, 0x00, 0x00, 0x00, 0x00, 0x00, 0x00, 0x00, 0x00, 0x00, 
  0x00, 0x00, 0x00, 0x00, 0x00, 0x00, 0x00, 0x00, 0x00, 0x00, 0x00, 0x00, 
  0x00, 0x00, 0x00, 0x00, 0x00, 0x00, 0x00, 0x00, 0x00, 0x00, 0x00, 0x00, 
  0x00, 0x00, 0x00, 0x00, 0x00, 0x00, 0x00, 0x00, 0x00, 0x00, 0x00, 0x00, 
  0x00, 0x00, 0x00, 0x00, 0x00, 0x00, 0x00, 0x00, 0x00, 0x00, 0x00, 0x00, 
  0x00, 0x00, 0x00, 0x00, 0x00, 0x00, 0x00, 0x00, 0x00, 0x00, 0x00, 0x00, 
  0x00, 0x00, 0x00, 0x00, 0x00, 0x00, 0x00, 0x00, 0x00, 0x00, 0x00, 0x00, 
  0x00, 0x00, 0x00, 0x00, 0x00, 0x00, 0x00, 0x00, 0x00, 0x00, 0x00, 0x00, 
  0x00, 0x00, 0x00, 0x00, 0x00, 0x00, 0x00, 0x00, 0x00, 0x00, 0x00, 0x00, 
  0x00, 0x00, 0x00, 0x00, 0x00, 0x00, 0x00, 0x00, 0x00, 0x00, 0x00, 0x00, 
  0x00, 0x00, 0x00, 0x00, 0x00, 0x00, 0x00, 0x00, 0x00, 0x00, 0x00, 0x00, 
  0x00, 0x00, 0x00, 0x00, 0x00, 0x00, 0x00, 0x00, 0x00, 0x00, 0x00, 0x00, 
  0x00, 0x00, 0x00, 0x00, 0x00, 0x00, 0x00, 0x00, 0x00, 0x00, 0x00, 0x00, 
  0x00, 0x00, 0x00, 0x00, 0x00, 0x00, 0x00, 0x00, 0x00, 0x00, 0x00, 0x00, 
  0x00, 0x00, 0x00, 0x00, 0x00, 0x00, 0x00, 0x00, 0x00, 0x00, 0x00, 0x00, 
  0x00, 0x00, 0x00, 0x00, 0x00, 0x00, 0x00, 0x00, 0x00, 0x00, 0x00, 0x00, 
  0x00, 0x00, 0x00, 0x00, 0x00, 0x00, 0x00, 0x00, 0x00, 0x00, 0x00, 0x00, 
  0x00, 0x00, 0x00, 0x00, 0x00, 0x00, 0x00, 0x00, 0x00, 0x00, 0x00, 0x00, 
  0x00, 0x00, 0x00, 0x00, 0x00, 0x00, 0x00, 0x00, 0x00, 0x00, 0x00, 0x00, 
  0x00, 0x00, 0x00, 0x00, 0x00, 0x00, 0x00, 0x00, 0x00, 0x00, 0x00, 0x00, 
  0x00, 0x00, 0x00, 0x00, 0x00, 0x00, 0x00, 0x00, 0x00, 0x00, 0x00, 0x00, 
  0x00, 0x00, 0x00, 0x00, 0x00, 0x00, 0x00, 0x00, 0x00, 0x00, 0x00, 0x00, 
  0x00, 0x00, 0x00, 0x00, 0x00, 0x00, 0x00, 0x00, 0x00, 0x00, 0x00, 0x00, 
  0x00, 0x00, 0x00, 0x00, 0x00, 0x00, 0x00, 0x00, 0x00, 0x00, 0x00, 0x00, 
  0x00, 0x00, 0x00, 0x00, 0x00, 0x00, 0x00, 0x00, 0x00, 0x00, 0x00, 0x00, 
  0x00, 0x00, 0x00, 0x00, 0x00, 0x00, 0x00, 0x00, 0x00, 0x00, 0x00, 0x00, 
  0x00, 0x00, 0x00, 0x00, 0x00, 0x00, 0x00, 0x00, 0x00, 0x00, 0x00, 0x00, 
  0x00, 0x00, 0x00, 0x00, 0x00, 0x00, 0x00, 0x00, 0x00, 0x00, 0x00, 0x00, 
  0x00, 0x00, 0x00, 0x00, 0x00, 0x00, 0x00, 0x00, 0x00, 0x00, 0x00, 0x00, 
  0x00, 0x00, 0x00, 0x00, 0x00, 0x00, 0x00, 0x00, 0x00, 0x00, 0x00, 0x00, 
  0x00, 0x00, 0x00, 0x00, 0x00, 0x00, 0x00, 0x00, 0x00, 0x00, 0x00, 0x00, 
  0x00, 0x00, 0x00, 0x00, 0x00, 0x00, 0x00, 0x00, 0x00, 0x00, 0x00, 0x00, 
  0x00, 0x00, 0x00, 0x00, 0x00, 0x00, 0x00, 0x00, 0x00, 0x00, 0x00, 0x00, 
  0x00, 0x00, 0x00, 0x00, 0x00, 0x00, 0x00, 0x00, 0x00, 0x00, 0x00, 0x00, 
  0x00, 0x00, 0x00, 0x00, 0x00, 0x00, 0x00, 0x00, 0x00, 0x00, 0x00, 0x00, 
  0x00, 0x00, 0x00, 0x00, 0x00, 0x00, 0x00, 0x00, 0x00, 0x00, 0x00, 0x00, 
  0x00, 0x00, 0x00, 0x00, 0x00, 0x00, 0x00, 0x00, 0x00, 0x00, 0x00, 0x00, 
  0x00, 0x00, 0x00, 0x00, 0x00, 0x00, 0x00, 0x00, 0x00, 0x00, 0x00, 0x00, 
  0x00, 0x00, 0x00, 0x00, 0x00, 0x00, 0x00, 0x00, 0x00, 0x00, 0x00, 0x00, 
  0x00, 0x00, 0x00, 0x00, 0x00, 0x00, 0x00, 0x00, 0x00, 0x00, 0x00, 0x00, 
  0x00, 0x00, 0x00, 0x00, 0x00, 0x00, 0x00, 0x00, 0x00, 0x00, 0x00, 0x00, 
  0x00, 0x00, 0x00, 0x00, 0x00, 0x00, 0x00, 0x00, 0x00, 0x00, 0x00, 0x00, 
  0x00, 0x00, 0x00, 0x00, 0x00, 0x00, 0x00, 0x00, 0x00, 0x00, 0x00, 0x00, 
  0x00, 0x00, 0x00, 0x00, 0x00, 0x00, 0x00, 0x00, 0x00, 0x00, 0x00, 0x00, 
  0x00, 0x00, 0x00, 0x00, 0x00, 0x00, 0x00, 0x00, 0x00, 0x00, 0x00, 0x00, 
  0x00, 0x00, 0x00, 0x00, 0x00, 0x00, 0x00, 0x00, 0x00, 0x00, 0x00, 0x00, 
  0x00, 0x00, 0x00, 0x00, 0x00, 0x00, 0x00, 0x00, 0x00, 0x00, 0x00, 0x00, 
  0x00, 0x00, 0x00, 0x00, 0x00, 0x00, 0x00, 0x00, 0x00, 0x00, 0x00, 0x00, 
  0x00, 0x00, 0x00, 0x00, 0x00, 0x00, 0x00, 0x00, 0x00, 0x00, 0x00, 0x00, 
  0x00, 0x00, 0x00, 0x00, 0x00, 0x00, 0x00, 0x00, 0x00, 0x00, 0x00, 0x00, 
  0x00, 0x00, 0x00, 0x00, 0x00, 0x00, 0x00, 0x00, 0x00, 0x00, 0x00, 0x00, 
  0x00, 0x00, 0x00, 0x00, 0x00, 0x00, 0x00, 0x00, 0x00, 0x00, 0x00, 0x00, 
  0x00, 0x00, 0x00, 0x00, 0x00, 0x00, 0x00, 0x00, 0x00, 0x00, 0x00, 0x00, 
  0x00, 0x00, 0x00, 0x00, 0x00, 0x00, 0x00, 0x00, 0x00, 0x00, 0x00, 0x00, 
  0x00, 0x00, 0x00, 0x00, 0x00, 0x00, 0x00, 0x00, 0x00, 0x00, 0x00, 0x00, 
  0x00, 0x00, 0x00, 0x00, 0x00, 0x00, 0x00, 0x00, 0x00, 0x00, 0x00, 0x00, 
  0x00, 0x00, 0x00, 0x00, 0x00, 0x00, 0x00, 0x00, 0x00, 0x00, 0x00, 0x00, 
  0x00, 0x00, 0x00, 0x00, 0x00, 0x00, 0x00, 0x00, 0x00, 0x00, 0x00, 0x00, 
  0x00, 0x00, 0x00, 0x00, 0x00, 0x00, 0x00, 0x00, 0x00, 0x00, 0x00, 0x00, 
  0x00, 0x00, 0x00, 0x00, 0x00, 0x00, 0x00, 0x00, 0x00, 0x00, 0x00, 0x00, 
  0x00, 0x00, 0x00, 0x00, 0x00, 0x00, 0x00, 0x00, 0x00, 0x00, 0x00, 0x00, 
  0x00, 0x00, 0x00, 0x00, 0x00, 0x00, 0x00, 0x00, 0x00, 0x00, 0x00, 0x00, 
  0x00, 0x00, 0x00, 0x00, 0x00, 0x00, 0x00, 0x00, 0x00, 0x00, 0x00, 0x00, 
  0x00, 0x00, 0x00, 0x00, 0x00, 0x00, 0x00, 0x00, 0x00, 0x00, 0x00, 0x00, 
  0x00, 0x00, 0x00, 0x00, 0x00, 0x00, 0x00, 0x00, 0x00, 0x00, 0x00, 0x00, 
  0x00, 0x00, 0x00, 0x00, 0x00, 0x00, 0x00, 0x00, 0x00, 0x00, 0x00, 0x00, 
  0x00, 0x00, 0x00, 0x00, 0x00, 0x00, 0x00, 0x00, 0x00, 0x00, 0x00, 0x00, 
  0x00, 0x00, 0x00, 0x00, 0x00, 0x00, 0x00, 0x00, 0x00, 0x00, 0x00, 0x00, 
  0x00, 0x00, 0x00, 0x00, 0x00, 0x00, 0x00, 0x00, 0x00, 0x00, 0x00, 0x00, 
  0x00, 0x00, 0x00, 0x00, 0x00, 0x00, 0x00, 0x00, 0x00, 0x00, 0x00, 0x00, 
  0x00, 0x00, 0x00, 0x00, 0x00, 0x00, 0x00, 0x00, 0x00, 0x00, 0x00, 0x00, 
  0x00, 0x00, 0x00, 0x00, 0x00, 0x00, 0x00, 0x00, 0x00, 0x00, 0x00, 0x00, 
  0x00, 0x00, 0x00, 0x00, 0x00, 0x00, 0x00, 0x00, 0x00, 0x00, 0x00, 0x00, 
  0x00, 0x00, 0x00, 0x00, 0x00, 0x00, 0x00, 0x00, 0x00, 0x00, 0x00, 0x00, 
  0x00, 0x00, 0x00, 0x00, 0x00, 0x00, 0x00, 0x00, 0x00, 0x00, 0x00, 0x00, 
  0x00, 0x00, 0x00, 0x00, 0x00, 0x00, 0x00, 0x00, 0x00, 0x00, 0x00, 0x00, 
  0x00, 0x00, 0x00, 0x00, 0x00, 0x00, 0x00, 0x00, 0x00, 0x00, 0x00, 0x00, 
  0x00, 0x00, 0x00, 0x00, 0x00, 0x00, 0x00, 0x00, 0x00, 0x00, 0x00, 0x00, 
  0x00, 0x00, 0x00, 0x00, 0x00, 0x00, 0x00, 0x00, 0x00, 0x00, 0x00, 0x00, 
  0x00, 0x00, 0x00, 0x00, 0x00, 0x00, 0x00, 0x00, 0x00, 0x00, 0x00, 0x00, 
  0x00, 0x00, 0x00, 0x00, 0x00, 0x00, 0x00, 0x00, 0x00, 0x00, 0x00, 0x00, 
  0x00, 0x00, 0x00, 0x00, 0x00, 0x00, 0x00, 0x00, 0x00, 0x00, 0x00, 0x00, 
  0x00, 0x00, 0x00, 0x00, 0x00, 0x00, 0x00, 0x00, 0x00, 0x00, 0x00, 0x00, 
  0x00, 0x00, 0x00, 0x00, 0x00, 0x00, 0x00, 0x00, 0x00, 0x00, 0x00, 0x00, 
  0x00, 0x00, 0x00, 0x00, 0x00, 0x00, 0x00, 0x00, 0x00, 0x00, 0x00, 0x00, 
  0x00, 0x00, 0x00, 0x00, 0x00, 0x00, 0x00, 0x00, 0x00, 0x00, 0x00, 0x00, 
  0x00, 0x00, 0x00, 0x00, 0x00, 0x00, 0x00, 0x00, 0x00, 0x00, 0x00, 0x00, 
  0x00, 0x00, 0x00, 0x00, 0x00, 0x00, 0x00, 0x00, 0x00, 0x00, 0x00, 0x00, 
  0x00, 0x00, 0x00, 0x00, 0x00, 0x00, 0x00, 0x00, 0x00, 0x00, 0x00, 0x00, 
  0x00, 0x00, 0x00, 0x00, 0x00, 0x00, 0x00, 0x00, 0x00, 0x00, 0x00, 0x00, 
  0x00, 0x00, 0x00, 0x00, 0x00, 0x00, 0x00, 0x00, 0x00, 0x00, 0x00, 0x00, 
  0x00, 0x00, 0x00, 0x00, 0x00, 0x00, 0x00, 0x00, 0x00, 0x00, 0x00, 0x00, 
  0x00, 0x00, 0x00, 0x00, 0x00, 0x00, 0x00, 0x00, 0x00, 0x00, 0x00, 0x00, 
  0x00, 0x00, 0x00, 0x00, 0x00, 0x00, 0x00, 0x00, 0x00, 0x00, 0x00, 0x00, 
  0x00, 0x00, 0x00, 0x00, 0x00, 0x00, 0x00, 0x00, 0x00, 0x00, 0x00, 0x00, 
  0x00, 0x00, 0x00, 0x00, 0x00, 0x00, 0x00, 0x00, 0x00, 0x00, 0x00, 0x00, 
  0x00, 0x00, 0x00, 0x00, 0x00, 0x00, 0x00, 0x00, 0x00, 0x00, 0x00, 0x00, 
  0x00, 0x00, 0x00, 0x00, 0x00, 0x00, 0x00, 0x00, 0x00, 0x00, 0x00, 0x00, 
  0x00, 0x00, 0x00, 0x00, 0x00, 0x00, 0x00, 0x00, 0x00, 0x00, 0x00, 0x00, 
  0x00, 0x00, 0x00, 0x00, 0x00, 0x00, 0x00, 0x00, 0x00, 0x00, 0x00, 0x00, 
  0x00, 0x00, 0x00, 0x00, 0x00, 0x00, 0x00, 0x00, 0x00, 0x00, 0x00, 0x00, 
  0x00, 0x00, 0x00, 0x00, 0x00, 0x00, 0x00, 0x00, 0x00, 0x00, 0x00, 0x00, 
  0x00, 0x00, 0x00, 0x00, 0x00, 0x00, 0x00, 0x00, 0x00, 0x00, 0x00, 0x00, 
  0x00, 0x00, 0x00, 0x00, 0x00, 0x00, 0x00, 0x00, 0x00, 0x00, 0x00, 0x00, 
  0x00, 0x00, 0x00, 0x00, 0x00, 0x00, 0x00, 0x00, 0x00, 0x00, 0x00, 0x00, 
  0x00, 0x00, 0x00, 0x00, 0x00, 0x00, 0x00, 0x00, 0x00, 0x00, 0x00, 0x00, 
  0x00, 0x00, 0x00, 0x00, 0x00, 0x00, 0x00, 0x00, 0x00, 0x00, 0x00, 0x00, 
  0x00, 0x00, 0x00, 0x00, 0x00, 0x00, 0x00, 0x00, 0x00, 0x00, 0x00, 0x00, 
  0x00, 0x00, 0x00, 0x00, 0x00, 0x00, 0x00, 0x00, 0x00, 0x00, 0x00, 0x00, 
  0x00, 0x00, 0x00, 0x00, 0x00, 0x00, 0x00, 0x00, 0x00, 0x00, 0x00, 0x00, 
  0x00, 0x00, 0x00, 0x00, 0x00, 0x00, 0x00, 0x00, 0x00, 0x00, 0x00, 0x00, 
  0x00, 0x00, 0x00, 0x00, 0x00, 0x00, 0x00, 0x00, 0x00, 0x00, 0x00, 0x00, 
  0x00, 0x00, 0x00, 0x00, 0x00, 0x00, 0x00, 0x00, 0x00, 0x00, 0x00, 0x00, 
  0x00, 0x00, 0x00, 0x00, 0x00, 0x00, 0x00, 0x00, 0x00, 0x00, 0x00, 0x00, 
  0x00, 0x00, 0x00, 0x00, 0x00, 0x00, 0x00, 0x00, 0x00, 0x00, 0x00, 0x00, 
  0x00, 0x00, 0x00, 0x00, 0x00, 0x00, 0x00, 0x00, 0x00, 0x00, 0x00, 0x00, 
  0x00, 0x00, 0x00, 0x00, 0x00, 0x00, 0x00, 0x00, 0x00, 0x00, 0x00, 0x00, 
  0x00, 0x00, 0x00, 0x00, 0x00, 0x00, 0x00, 0x00, 0x00, 0x00, 0x00, 0x00, 
  0x00, 0x00, 0x00, 0x00, 0x00, 0x00, 0x00, 0x00, 0x00, 0x00, 0x00, 0x00, 
  0x00, 0x00, 0x00, 0x00, 0x00, 0x00, 0x00, 0x00, 0x00, 0x00, 0x00, 0x00, 
  0x00, 0x00, 0x00, 0x00, 0x00, 0x00, 0x00, 0x00, 0x00, 0x00, 0x00, 0x00, 
  0x00, 0x00, 0x00, 0x00, 0x00, 0x00, 0x00, 0x00, 0x00, 0x00, 0x00, 0x00, 
  0x00, 0x00, 0x00, 0x00, 0x00, 0x00, 0x00, 0x00, 0x00, 0x00, 0x00, 0x00, 
  0x00, 0x00, 0x00, 0x00, 0x00, 0x00, 0x00, 0x00, 0x00, 0x00, 0x00, 0x00, 
  0x00, 0x00, 0x00, 0x00, 0x00, 0x00, 0x00, 0x00, 0x00, 0x00, 0x00, 0x00, 
  0x00, 0x00, 0x00, 0x00, 0x00, 0x00, 0x00, 0x00, 0x00, 0x00, 0x00, 0x00, 
  0x00, 0x00, 0x00, 0x00, 0x00, 0x00, 0x00, 0x00, 0x00, 0x00, 0x00, 0x00, 
  0x00, 0x00, 0x00, 0x00, 0x00, 0x00, 0x00, 0x00, 0x00, 0x00, 0x00, 0x00, 
  0x00, 0x00, 0x00, 0x00, 0x00, 0x00, 0x00, 0x00, 0x00, 0x00, 0x00, 0x00, 
  0x00, 0x00, 0x00, 0x00, 0x00, 0x00, 0x00, 0x00, 0x00, 0x00, 0x00, 0x00, 
  0x00, 0x00, 0x00, 0xef, 0x03, 0x02, 0xf7, 0x03, 0x04, 0xf7, 0x03, 0x04, 
  0xf7, 0x03, 0x04, 0xf7, 0x03, 0x04, 0xef, 0x03, 0x02, 0x00, 0x00, 0x00, 
  0x00, 0x00, 0x00, 0x00, 0x00, 0x00, 0x00, 0x00, 0x00, 0x00, 0x00, 0x00, 
  0x00, 0x00, 0x00, 0x00, 0x00, 0x00, 0x00, 0x00, 0x00, 0x00, 0x00, 0x00, 
  0x00, 0x00, 0x00, 0x00, 0x00, 0x00, 0x00, 0x00, 0x00, 0x00, 0x00, 0x00, 
  0x00, 0x00, 0x00, 0x00, 0x00, 0x00, 0x00, 0x00, 0x00, 0x00, 0x00, 0x00, 
  0x00, 0x00, 0x00, 0x00, 0x00, 0x00, 0x00, 0x00, 0x00, 0x00, 0x00, 0x00, 
  0x00, 0x00, 0x00, 0x00, 0x00, 0x00, 0x00, 0x00, 0x00, 0x00, 0x00, 0x00, 
  0x00, 0x00, 0x00, 0x00, 0x00, 0x00, 0x00, 0x00, 0x00, 0x00, 0x00, 0x00, 
  0x00, 0x00, 0x00, 0x00, 0x00, 0x00, 0x00, 0x00, 0x00, 0x00, 0x00, 0x00, 
  0x00, 0x00, 0x00, 0x00, 0x00, 0x00, 0x00, 0x00, 0x00, 0x00, 0x00, 0x00, 
  0x00, 0x00, 0x00, 0x00, 0x00, 0x00, 0x00, 0x00, 0x00, 0x00, 0x00, 0x00, 
  0x00, 0x00, 0x00, 0x00, 0x00, 0x00, 0x00, 0x00, 0x00, 0x00, 0x00, 0x00, 
  0x00, 0x00, 0x00, 0x00, 0x00, 0x00, 0x00, 0x00, 0x00, 0x00, 0x00, 0x00, 
  0x00, 0x00, 0x00, 0x00, 0x00, 0x00, 0x00, 0x00, 0x00, 0x00, 0x00, 0x00, 
  0x00, 0x00, 0x00, 0x00, 0x00, 0x00, 0x00, 0x00, 0x00, 0x00, 0x00, 0x00, 
  0x00, 0x00, 0x00, 0x00, 0x00, 0x00, 0x00, 0x00, 0x00, 0x00, 0x00, 0x00, 
  0x00, 0x00, 0x00, 0x00, 0x00, 0x00, 0x00, 0x00, 0x00, 0x00, 0x00, 0x00, 
  0x00, 0x00, 0x00, 0x00, 0x00, 0x00, 0x00, 0x00, 0x00, 0x00, 0x00, 0x00, 
  0x00, 0x00, 0x00, 0x00, 0x00, 0x00, 0x00, 0x00, 0x00, 0x00, 0x00, 0x00, 
  0x00, 0x00, 0x00, 0x00, 0x00, 0x00, 0x00, 0x00, 0x00, 0x00, 0x00, 0x00, 
  0x00, 0x00, 0x00, 0x00, 0x00, 0x00, 0x00, 0x00, 0x00, 0x00, 0x00, 0x00, 
  0x00, 0x00, 0x00, 0x00, 0x00, 0x00, 0x00, 0x00, 0x00, 0x00, 0x00, 0x00, 
  0x00, 0x00, 0x00, 0x00, 0x00, 0x00, 0x00, 0x00, 0x00, 0x00, 0x00, 0x00, 
  0x00, 0x00, 0x00, 0x00, 0x00, 0x00, 0x00, 0x00, 0x00, 0x00, 0x00, 0x00, 
  0x00, 0x00, 0x00, 0x00, 0x00, 0x00, 0x00, 0x00, 0x00, 0x00, 0x00, 0x00, 
  0x00, 0x00, 0x00, 0x00, 0x00, 0x00, 0x00, 0x00, 0x00, 0x00, 0x00, 0x00, 
  0x00, 0x00, 0x00, 0x00, 0x00, 0x00, 0x00, 0x00, 0x00, 0x00, 0x00, 0x00, 
  0x00, 0x00, 0x00, 0x00, 0x00, 0x00, 0x00, 0x00, 0x00, 0x00, 0x00, 0x00, 
  0x00, 0x00, 0x00, 0x00, 0x00, 0x00, 0x00, 0x00, 0x00, 0x00, 0x00, 0x00, 
  0x39, 0x03, 0x05, 0x00, 0x00, 0x00, 0x00, 0x00, 0x00, 0x00, 0x00, 0x00, 
  0x00, 0x00, 0x00, 0x00, 0x00, 0x00, 0x00, 0x00, 0x00, 0x5f, 0x05, 0x03, 
  0x00, 0x00, 0x00, 0x00, 0x00, 0x00, 0x00, 0x00, 0x00, 0x00, 0x00, 0x00, 
  0x00, 0x00, 0x00, 0x00, 0x00, 0x00, 0x00, 0x00, 0x00, 0x00, 0x00, 0x00, 
  0x00, 0x00, 0x00, 0x00, 0x00, 0x00, 0x00, 0x00, 0x00, 0x00, 0x00, 0x00, 
  0x00, 0x00, 0x00, 0x00, 0x00, 0x00, 0x00, 0x00, 0x00, 0x00, 0x00, 0x00, 
  0x00, 0x00, 0x00, 0x00, 0x00, 0x00, 0x00, 0x00, 0x00, 0x00, 0x00, 0x00, 
  0x00, 0x00, 0x00, 0x00, 0x00, 0x00, 0x00, 0x00, 0x00, 0x00, 0x00, 0x00, 
  0x00, 0x00, 0x00, 0x00, 0x00, 0x00, 0x00, 0x00, 0x00, 0x00, 0x00, 0x00, 
  0x00, 0x00, 0x00, 0x00, 0x00, 0x00, 0x00, 0x00, 0x00, 0x00, 0x00, 0x00, 
  0x00, 0x00, 0x00, 0x00, 0x00, 0x00, 0x00, 0x00, 0x00, 0x00, 0x00, 0x00, 
  0x00, 0x00, 0x00, 0x00, 0x00, 0x00, 0x00, 0x00, 0x00, 0x00, 0x00, 0x00, 
  0x00, 0x00, 0x00, 0x00, 0x00, 0x00, 0x00, 0x00, 0x00, 0x00, 0x00, 0x00, 
  0x00, 0x00, 0x00, 0x00, 0x00, 0x00, 0x00, 0x00, 0x00, 0x00, 0x00, 0x00, 
  0x00, 0x00, 0x00, 0x00, 0x00, 0x00, 0x00, 0x00, 0x00, 0x00, 0x00, 0x00, 
  0x00, 0x00, 0x00, 0x00, 0x00, 0x00, 0x00, 0x00, 0x00, 0x00, 0x00, 0x00, 
  0x00, 0x00, 0x00, 0x00, 0x00, 0x00, 0x00, 0x00, 0x00, 0x00, 0x00, 0x00, 
  0x00, 0x00, 0x00, 0x00, 0x00, 0x00, 0x00, 0x00, 0x00, 0x00, 0x00, 0x00, 
  0x00, 0x00, 0x00, 0x00, 0x00, 0x00, 0x00, 0x00, 0x00, 0x00, 0x00, 0x00, 
  0x00, 0x00, 0x00, 0x00, 0x00, 0x00, 0x00, 0x00, 0x00, 0x00, 0x00, 0x00, 
  0x00, 0x00, 0x00, 0x00, 0x00, 0x00, 0x00, 0x00, 0x00, 0x00, 0x00, 0x00, 
  0x00, 0x00, 0x00, 0x00, 0x00, 0x00, 0x00, 0x00, 0x00, 0x00, 0x00, 0x00, 
  0x00, 0x00, 0x00, 0x00, 0x00, 0x00, 0x00, 0x00, 0x00, 0x00, 0x00, 0x00, 
  0x00, 0x00, 0x00, 0x00, 0x00, 0x00, 0x00, 0x00, 0x00, 0x00, 0x00, 0x00, 
  0x00, 0x00, 0x00, 0x00, 0x00, 0x00, 0x00, 0x00, 0x00, 0x00, 0x00, 0x00, 
  0x00, 0x00, 0x00, 0x00, 0x00, 0x00, 0x00, 0x00, 0x00, 0x00, 0x00, 0x00, 
  0x00, 0x00, 0x00, 0x00, 0x00, 0x00, 0x00, 0x00, 0x00, 0x00, 0x00, 0x00, 
  0x00, 0x00, 0x00, 0x00, 0x00, 0x00, 0x00, 0x00, 0x00, 0x00, 0x00, 0x00, 
  0x00, 0x00, 0x00, 0x00, 0x00, 0x00, 0x00, 0x00, 0x00, 0x00, 0x00, 0x00, 
  0x00, 0x00, 0x00, 0x00, 0x00, 0x00, 0x00, 0x00, 0x00, 0xff, 0x03, 0x02, 
  0x00, 0x00, 0x00, 0x79, 0x03, 0x1e, 0xd9, 0x03, 0x61, 0xba, 0x03, 0x79, 
  0xba, 0x03, 0x79, 0xba, 0x03, 0x62, 0xb9, 0x03, 0x23, 0x00, 0x00, 0x00, 
  0xef, 0x03, 0x02, 0x00, 0x00, 0x00, 0x00, 0x00, 0x00, 0x00, 0x00, 0x00, 
  0x00, 0x00, 0x00, 0x00, 0x00, 0x00, 0x00, 0x00, 0x00, 0x00, 0x00, 0x00, 
  0x00, 0x00, 0x00, 0x00, 0x00, 0x00, 0x00, 0x00, 0x00, 0x00, 0x00, 0x00, 
  0x00, 0x00, 0x00, 0x00, 0x00, 0x00, 0x00, 0x00, 0x00, 0x00, 0x00, 0x00, 
  0x00, 0x00, 0x00, 0x00, 0x00, 0x00, 0x00, 0x00, 0x00, 0x00, 0x00, 0x00, 
  0x00, 0x00, 0x00, 0x00, 0x00, 0x00, 0x00, 0x00, 0x00, 0x00, 0x00, 0x00, 
  0x00, 0x00, 0x00, 0x00, 0x00, 0x00, 0x00, 0x00, 0x00, 0x00, 0x00, 0x00, 
  0x00, 0x00, 0x00, 0x00, 0x00, 0x00, 0x00, 0x00, 0x00, 0x00, 0x00, 0x00, 
  0x00, 0x00, 0x00, 0x00, 0x00, 0x00, 0x00, 0x00, 0x00, 0x00, 0x00, 0x00, 
  0x00, 0x00, 0x00, 0x00, 0x00, 0x00, 0x00, 0x00, 0x00, 0x00, 0x00, 0x00, 
  0x00, 0x00, 0x00, 0x00, 0x00, 0x00, 0x00, 0x00, 0x00, 0x00, 0x00, 0x00, 
  0x00, 0x00, 0x00, 0x00, 0x00, 0x00, 0x00, 0x00, 0x00, 0x00, 0x00, 0x00, 
  0x00, 0x00, 0x00, 0x00, 0x00, 0x00, 0x00, 0x00, 0x00, 0x00, 0x00, 0x00, 
  0x00, 0x00, 0x00, 0x00, 0x00, 0x00, 0x00, 0x00, 0x00, 0x00, 0x00, 0x00, 
  0x00, 0x00, 0x00, 0x00, 0x00, 0x00, 0x00, 0x00, 0x00, 0x00, 0x00, 0x00, 
  0x00, 0x00, 0x00, 0x00, 0x00, 0x00, 0x00, 0x00, 0x00, 0x00, 0x00, 0x00, 
  0x00, 0x00, 0x00, 0x00, 0x00, 0x00, 0x00, 0x00, 0x00, 0x00, 0x00, 0x00, 
  0x00, 0x00, 0x00, 0x00, 0x00, 0x00, 0x00, 0x00, 0x00, 0x00, 0x00, 0x00, 
  0x00, 0x00, 0x00, 0x00, 0x00, 0x00, 0x00, 0x00, 0x00, 0x00, 0x00, 0x00, 
  0x00, 0x00, 0x00, 0x00, 0x00, 0x00, 0x00, 0x00, 0x00, 0x00, 0x00, 0x00, 
  0x00, 0x00, 0x00, 0x00, 0x00, 0x00, 0x00, 0x00, 0x00, 0x00, 0x00, 0x00, 
  0x00, 0x00, 0x00, 0x00, 0x00, 0x00, 0x00, 0x00, 0x00, 0x00, 0x00, 0x00, 
  0x00, 0x00, 0x00, 0x00, 0x00, 0x00, 0x00, 0x00, 0x00, 0x00, 0x00, 0x00, 
  0x00, 0x00, 0x00, 0x00, 0x00, 0x00, 0x00, 0x00, 0x00, 0x00, 0x00, 0x00, 
  0x00, 0x00, 0x00, 0x00, 0x00, 0x00, 0x00, 0x00, 0x00, 0x00, 0x00, 0x00, 
  0x00, 0x00, 0x00, 0x00, 0x00, 0x00, 0x00, 0x00, 0x00, 0x00, 0x00, 0x00, 
  0x00, 0x00, 0x00, 0x00, 0x00, 0x00, 0x00, 0x00, 0x00, 0x00, 0x00, 0x00, 
  0x00, 0x00, 0x00, 0x00, 0x00, 0x00, 0x00, 0x00, 0x00, 0x00, 0x00, 0x00, 
  0xb9, 0x03, 0x32, 0xba, 0x03, 0x95, 0xb9, 0x03, 0xf0, 0xfb, 0x03, 0xff, 
  0xfb, 0x03, 0xff, 0xb9, 0x03, 0xf1, 0xda, 0x03, 0x9b, 0xb9, 0x03, 0x39, 
  0x00, 0x00, 0x00, 0x00, 0x00, 0x00, 0x00, 0x00, 0x00, 0x00, 0x00, 0x00, 
  0x00, 0x00, 0x00, 0x00, 0x00, 0x00, 0x00, 0x00, 0x00, 0x00, 0x00, 0x00, 
  0x00, 0x00, 0x00, 0x00, 0x00, 0x00, 0x00, 0x00, 0x00, 0x00, 0x00, 0x00, 
  0x00, 0x00, 0x00, 0x00, 0x00, 0x00, 0x00, 0x00, 0x00, 0x00, 0x00, 0x00, 
  0x00, 0x00, 0x00, 0x00, 0x00, 0x00, 0x00, 0x00, 0x00, 0x00, 0x00, 0x00, 
  0x00, 0x00, 0x00, 0x00, 0x00, 0x00, 0x00, 0x00, 0x00, 0x00, 0x00, 0x00, 
  0x00, 0x00, 0x00, 0x00, 0x00, 0x00, 0x00, 0x00, 0x00, 0x00, 0x00, 0x00, 
  0x00, 0x00, 0x00, 0x00, 0x00, 0x00, 0x00, 0x00, 0x00, 0x00, 0x00, 0x00, 
  0x00, 0x00, 0x00, 0x00, 0x00, 0x00, 0x00, 0x00, 0x00, 0x00, 0x00, 0x00, 
  0x00, 0x00, 0x00, 0x00, 0x00, 0x00, 0x00, 0x00, 0x00, 0x00, 0x00, 0x00, 
  0x00, 0x00, 0x00, 0x00, 0x00, 0x00, 0x00, 0x00, 0x00, 0x00, 0x00, 0x00, 
  0x00, 0x00, 0x00, 0x00, 0x00, 0x00, 0x00, 0x00, 0x00, 0x00, 0x00, 0x00, 
  0x00, 0x00, 0x00, 0x00, 0x00, 0x00, 0x00, 0x00, 0x00, 0x00, 0x00, 0x00, 
  0x00, 0x00, 0x00, 0x00, 0x00, 0x00, 0x00, 0x00, 0x00, 0x00, 0x00, 0x00, 
  0x00, 0x00, 0x00, 0x00, 0x00, 0x00, 0x00, 0x00, 0x00, 0x00, 0x00, 0x00, 
  0x00, 0x00, 0x00, 0x00, 0x00, 0x00, 0x00, 0x00, 0x00, 0x00, 0x00, 0x00, 
  0x00, 0x00, 0x00, 0x00, 0x00, 0x00, 0x00, 0x00, 0x00, 0x00, 0x00, 0x00, 
  0x00, 0x00, 0x00, 0x00, 0x00, 0x00, 0x00, 0x00, 0x00, 0x00, 0x00, 0x00, 
  0x00, 0x00, 0x00, 0x00, 0x00, 0x00, 0x00, 0x00, 0x00, 0x00, 0x00, 0x00, 
  0x00, 0x00, 0x00, 0x00, 0x00, 0x00, 0x00, 0x00, 0x00, 0x00, 0x00, 0x00, 
  0x00, 0x00, 0x00, 0x00, 0x00, 0x00, 0x00, 0x00, 0x00, 0x00, 0x00, 0x00, 
  0x00, 0x00, 0x00, 0x00, 0x00, 0x00, 0x00, 0x00, 0x00, 0x00, 0x00, 0x00, 
  0x00, 0x00, 0x00, 0x00, 0x00, 0x00, 0x00, 0x00, 0x00, 0x00, 0x00, 0x00, 
  0x00, 0x00, 0x00, 0x00, 0x00, 0x00, 0x00, 0x00, 0x00, 0x00, 0x00, 0x00, 
  0x00, 0x00, 0x00, 0x00, 0x00, 0x00, 0x00, 0x00, 0x00, 0x00, 0x00, 0x00, 
  0x00, 0x00, 0x00, 0x00, 0x00, 0x00, 0x00, 0x00, 0x00, 0x00, 0x00, 0x00, 
  0x00, 0x00, 0x00, 0x00, 0x00, 0x00, 0x00, 0x00, 0x00, 0x00, 0x00, 0x00, 
  0x1f, 0x00, 0x01, 0x00, 0x00, 0x00, 0x00, 0x00, 0x01, 0x99, 0x03, 0x19, 
  0x99, 0x03, 0xc4, 0xdb, 0x03, 0xff, 0x98, 0x03, 0xfa, 0x99, 0x03, 0xfb, 
  0x99, 0x03, 0xfb, 0x98, 0x03, 0xf9, 0xdb, 0x03, 0xff, 0x99, 0x03, 0xc4, 
  0x99, 0x03, 0x19, 0x00, 0x00, 0x01, 0x00, 0x00, 0x00, 0x1f, 0x00, 0x01, 
  0x00, 0x00, 0x00, 0x00, 0x00, 0x00, 0x00, 0x00, 0x00, 0x00, 0x00, 0x00, 
  0x00, 0x00, 0x00, 0x00, 0x00, 0x00, 0x00, 0x00, 0x00, 0x00, 0x00, 0x00, 
  0x00, 0x00, 0x00, 0x00, 0x00, 0x00, 0x00, 0x00, 0x00, 0x00, 0x00, 0x00, 
  0x00, 0x00, 0x00, 0x00, 0x00, 0x00, 0x00, 0x00, 0x00, 0x00, 0x00, 0x00, 
  0x00, 0x00, 0x00, 0x00, 0x00, 0x00, 0x00, 0x00, 0x00, 0x00, 0x00, 0x00, 
  0x00, 0x00, 0x00, 0x00, 0x00, 0x00, 0x00, 0x00, 0x00, 0x00, 0x00, 0x00, 
  0x00, 0x00, 0x00, 0x00, 0x00, 0x00, 0x00, 0x00, 0x00, 0x00, 0x00, 0x00, 
  0x00, 0x00, 0x00, 0x00, 0x00, 0x00, 0x00, 0x00, 0x00, 0x00, 0x00, 0x00, 
  0x00, 0x00, 0x00, 0x00, 0x00, 0x00, 0x00, 0x00, 0x00, 0x00, 0x00, 0x00, 
  0x00, 0x00, 0x00, 0x00, 0x00, 0x00, 0x00, 0x00, 0x00, 0x00, 0x00, 0x00, 
  0x00, 0x00, 0x00, 0x00, 0x00, 0x00, 0x00, 0x00, 0x00, 0x00, 0x00, 0x00, 
  0x00, 0x00, 0x00, 0x00, 0x00, 0x00, 0x00, 0x00, 0x00, 0x00, 0x00, 0x00, 
  0x00, 0x00, 0x00, 0x00, 0x00, 0x00, 0x00, 0x00, 0x00, 0x00, 0x00, 0x00, 
  0x00, 0x00, 0x00, 0x00, 0x00, 0x00, 0x00, 0x00, 0x00, 0x00, 0x00, 0x00, 
  0x00, 0x00, 0x00, 0x00, 0x00, 0x00, 0x00, 0x00, 0x00, 0x00, 0x00, 0x00, 
  0x00, 0x00, 0x00, 0x00, 0x00, 0x00, 0x00, 0x00, 0x00, 0x00, 0x00, 0x00, 
  0x00, 0x00, 0x00, 0x00, 0x00, 0x00, 0x00, 0x00, 0x00, 0x00, 0x00, 0x00, 
  0x00, 0x00, 0x00, 0x00, 0x00, 0x00, 0x00, 0x00, 0x00, 0x00, 0x00, 0x00, 
  0x00, 0x00, 0x00, 0x00, 0x00, 0x00, 0x00, 0x00, 0x00, 0x00, 0x00, 0x00, 
  0x00, 0x00, 0x00, 0x00, 0x00, 0x00, 0x00, 0x00, 0x00, 0x00, 0x00, 0x00, 
  0x00, 0x00, 0x00, 0x00, 0x00, 0x00, 0x00, 0x00, 0x00, 0x00, 0x00, 0x00, 
  0x00, 0x00, 0x00, 0x00, 0x00, 0x00, 0x00, 0x00, 0x00, 0x00, 0x00, 0x00, 
  0x00, 0x00, 0x00, 0x00, 0x00, 0x00, 0x00, 0x00, 0x00, 0x00, 0x00, 0x00, 
  0x00, 0x00, 0x00, 0x00, 0x00, 0x00, 0x00, 0x00, 0x00, 0x00, 0x00, 0x00, 
  0x00, 0x00, 0x00, 0x00, 0x00, 0x00, 0x00, 0x00, 0x00, 0x00, 0x00, 0x00, 
  0x00, 0x00, 0x00, 0x00, 0x00, 0x00, 0x00, 0x00, 0x00, 0x00, 0x00, 0x00, 
  0xf7, 0x03, 0x04, 0x00, 0x00, 0x00, 0x98, 0x03, 0x09, 0x78, 0x03, 0x8e, 
  0x78, 0x03, 0xf5, 0x99, 0x03, 0xff, 0x78, 0x03, 0xfd, 0x78, 0x03, 0xff, 
  0x78, 0x03, 0xff, 0x78, 0x03, 0xfc, 0x99, 0x03, 0xff, 0x78, 0x03, 0xf4, 
  0x78, 0x03, 0x8c, 0x98, 0x03, 0x09, 0x00, 0x00, 0x00, 0xf7, 0x03, 0x04, 
  0x00, 0x00, 0x00, 0x00, 0x00, 0x00, 0x00, 0x00, 0x00, 0x00, 0x00, 0x00, 
  0x00, 0x00, 0x00, 0x00, 0x00, 0x00, 0x00, 0x00, 0x00, 0x00, 0x00, 0x00, 
  0x00, 0x00, 0x00, 0x00, 0x00, 0x00, 0x00, 0x00, 0x00, 0x00, 0x00, 0x00, 
  0x00, 0x00, 0x00, 0x00, 0x00, 0x00, 0x00, 0x00, 0x00, 0x00, 0x00, 0x00, 
  0x00, 0x00, 0x00, 0x00, 0x00, 0x00, 0x00, 0x00, 0x00, 0x00, 0x00, 0x00, 
  0x00, 0x00, 0x00, 0x00, 0x00, 0x00, 0x00, 0x00, 0x00, 0x00, 0x00, 0x00, 
  0x00, 0x00, 0x00, 0x00, 0x00, 0x00, 0x00, 0x00, 0x00, 0x00, 0x00, 0x00, 
  0x00, 0x00, 0x00, 0x00, 0x00, 0x00, 0x00, 0x00, 0x00, 0x00, 0x00, 0x00, 
  0x00, 0x00, 0x00, 0x00, 0x00, 0x00, 0x00, 0x00, 0x00, 0x00, 0x00, 0x00, 
  0x00, 0x00, 0x00, 0x00, 0x00, 0x00, 0x00, 0x00, 0x00, 0x00, 0x00, 0x00, 
  0x00, 0x00, 0x00, 0x00, 0x00, 0x00, 0x00, 0x00, 0x00, 0x00, 0x00, 0x00, 
  0x00, 0x00, 0x00, 0x00, 0x00, 0x00, 0x00, 0x00, 0x00, 0x00, 0x00, 0x00, 
  0x00, 0x00, 0x00, 0x00, 0x00, 0x00, 0x00, 0x00, 0x00, 0x00, 0x00, 0x00, 
  0x00, 0x00, 0x00, 0x00, 0x00, 0x00, 0x00, 0x00, 0x00, 0x00, 0x00, 0x00, 
  0x00, 0x00, 0x00, 0x00, 0x00, 0x00, 0x00, 0x00, 0x00, 0x00, 0x00, 0x00, 
  0x00, 0x00, 0x00, 0x00, 0x00, 0x00, 0x00, 0x00, 0x00, 0x00, 0x00, 0x00, 
  0x00, 0x00, 0x00, 0x00, 0x00, 0x00, 0x00, 0x00, 0x00, 0x00, 0x00, 0x00, 
  0x00, 0x00, 0x00, 0x00, 0x00, 0x00, 0x00, 0x00, 0x00, 0x00, 0x00, 0x00, 
  0x00, 0x00, 0x00, 0x00, 0x00, 0x00, 0x00, 0x00, 0x00, 0x00, 0x00, 0x00, 
  0x00, 0x00, 0x00, 0x00, 0x00, 0x00, 0x00, 0x00, 0x00, 0x00, 0x00, 0x00, 
  0x00, 0x00, 0x00, 0x00, 0x00, 0x00, 0x00, 0x00, 0x00, 0x00, 0x00, 0x00, 
  0x00, 0x00, 0x00, 0x00, 0x00, 0x00, 0x00, 0x00, 0x00, 0x00, 0x00, 0x00, 
  0x00, 0x00, 0x00, 0x00, 0x00, 0x00, 0x00, 0x00, 0x00, 0x00, 0x00, 0x00, 
  0x00, 0x00, 0x00, 0x00, 0x00, 0x00, 0x00, 0x00, 0x00, 0x00, 0x00, 0x00, 
  0x00, 0x00, 0x00, 0x00, 0x00, 0x00, 0x00, 0x00, 0x00, 0x00, 0x00, 0x00, 
  0x00, 0x00, 0x00, 0x00, 0x00, 0x00, 0x00, 0x00, 0x00, 0x00, 0x00, 0x00, 
  0xb5, 0x02, 0x06, 0x00, 0x00, 0x00, 0xf5, 0x02, 0x10, 0x77, 0x03, 0xd6, 
  0x78, 0x03, 0xff, 0x57, 0x03, 0xfb, 0x57, 0x03, 0xfe, 0x57, 0x03, 0xff, 
  0x57, 0x03, 0xff, 0x57, 0x03, 0xfe, 0x57, 0x03, 0xfb, 0x78, 0x03, 0xff, 
  0x58, 0x03, 0xd4, 0xf7, 0x02, 0x10, 0x00, 0x00, 0x00, 0xb5, 0x02, 0x06, 
  0x00, 0x00, 0x00, 0x00, 0x00, 0x00, 0x00, 0x00, 0x00, 0x00, 0x00, 0x00, 
  0x00, 0x00, 0x00, 0x00, 0x00, 0x00, 0x00, 0x00, 0x00, 0x00, 0x00, 0x00, 
  0x00, 0x00, 0x00, 0x00, 0x00, 0x00, 0x00, 0x00, 0x00, 0x00, 0x00, 0x00, 
  0x00, 0x00, 0x00, 0x00, 0x00, 0x00, 0x00, 0x00, 0x00, 0x00, 0x00, 0x00, 
  0x00, 0x00, 0x00, 0x00, 0x00, 0x00, 0x00, 0x00, 0x00, 0x00, 0x00, 0x00, 
  0x00, 0x00, 0x00, 0x00, 0x00, 0x00, 0x00, 0x00, 0x00, 0x00, 0x00, 0x00, 
  0x00, 0x00, 0x00, 0x00, 0x00, 0x00, 0x00, 0x00, 0x00, 0x00, 0x00, 0x00, 
  0x00, 0x00, 0x00, 0x00, 0x00, 0x00, 0x00, 0x00, 0x00, 0x00, 0x00, 0x00, 
  0x00, 0x00, 0x00, 0x00, 0x00, 0x00, 0x00, 0x00, 0x00, 0x00, 0x00, 0x00, 
  0x00, 0x00, 0x00, 0x00, 0x00, 0x00, 0x00, 0x00, 0x00, 0x00, 0x00, 0x00, 
  0x00, 0x00, 0x00, 0x00, 0x00, 0x00, 0x00, 0x00, 0x00, 0x00, 0x00, 0x00, 
  0x00, 0x00, 0x00, 0x00, 0x00, 0x00, 0x00, 0x00, 0x00, 0x00, 0x00, 0x00, 
  0x00, 0x00, 0x00, 0x00, 0x00, 0x00, 0x00, 0x00, 0x00, 0x00, 0x00, 0x00, 
  0x00, 0x00, 0x00, 0x00, 0x00, 0x00, 0x00, 0x00, 0x00, 0x00, 0x00, 0x00, 
  0x00, 0x00, 0x00, 0x00, 0x00, 0x00, 0x00, 0x00, 0x00, 0x00, 0x00, 0x00, 
  0x00, 0x00, 0x00, 0x00, 0x00, 0x00, 0x00, 0x00, 0x00, 0x00, 0x00, 0x00, 
  0x00, 0x00, 0x00, 0x00, 0x00, 0x00, 0x00, 0x00, 0x00, 0x00, 0x00, 0x00, 
  0x00, 0x00, 0x00, 0x00, 0x00, 0x00, 0x00, 0x00, 0x00, 0x00, 0x00, 0x00, 
  0x00, 0x00, 0x00, 0x00, 0x00, 0x00, 0x00, 0x00, 0x00, 0x00, 0x00, 0x00, 
  0x00, 0x00, 0x00, 0x00, 0x00, 0x00, 0x00, 0x00, 0x00, 0x00, 0x00, 0x00, 
  0x00, 0x00, 0x00, 0x00, 0x00, 0x00, 0x00, 0x00, 0x00, 0x00, 0x00, 0x00, 
  0x00, 0x00, 0x00, 0x00, 0x00, 0x00, 0x00, 0x00, 0x00, 0x00, 0x00, 0x00, 
  0x00, 0x00, 0x00, 0x00, 0x00, 0x00, 0x00, 0x00, 0x00, 0x00, 0x00, 0x00, 
  0x00, 0x00, 0x00, 0x00, 0x00, 0x00, 0x00, 0x00, 0x00, 0x00, 0x00, 0x00, 
  0x00, 0x00, 0x00, 0x00, 0x00, 0x00, 0x00, 0x00, 0x00, 0x00, 0x00, 0x00, 
  0x00, 0x00, 0x00, 0x00, 0x00, 0x00, 0x00, 0x00, 0x00, 0x00, 0x00, 0x00, 
  0xb5, 0x02, 0x06, 0x00, 0x00, 0x00, 0x17, 0x03, 0x12, 0x57, 0x03, 0xe8, 
  0x78, 0x03, 0xfe, 0x37, 0x03, 0xfa, 0x57, 0x03, 0xff, 0x57, 0x03, 0xff, 
  0x57, 0x03, 0xff, 0x57, 0x03, 0xff, 0x37, 0x03, 0xfa, 0x78, 0x03, 0xfe, 
  0x37, 0x03, 0xe7, 0x17, 0x03, 0x12, 0x00, 0x00, 0x00, 0xb5, 0x02, 0x06, 
  0x00, 0x00, 0x00, 0x00, 0x00, 0x00, 0x00, 0x00, 0x00, 0x00, 0x00, 0x00, 
  0x00, 0x00, 0x00, 0x00, 0x00, 0x00, 0x00, 0x00, 0x00, 0x00, 0x00, 0x00, 
  0x00, 0x00, 0x00, 0x00, 0x00, 0x00, 0x00, 0x00, 0x00, 0x00, 0x00, 0x00, 
  0x00, 0x00, 0x00, 0x00, 0x00, 0x00, 0x00, 0x00, 0x00, 0x00, 0x00, 0x00, 
  0x00, 0x00, 0x00, 0x00, 0x00, 0x00, 0x00, 0x00, 0x00, 0x00, 0x00, 0x00, 
  0x00, 0x00, 0x00, 0x00, 0x00, 0x00, 0x00, 0x00, 0x00, 0x00, 0x00, 0x00, 
  0x00, 0x00, 0x00, 0x00, 0x00, 0x00, 0x00, 0x00, 0x00, 0x00, 0x00, 0x00, 
  0x00, 0x00, 0x00, 0x00, 0x00, 0x00, 0x00, 0x00, 0x00, 0x00, 0x00, 0x00, 
  0x00, 0x00, 0x00, 0x00, 0x00, 0x00, 0x00, 0x00, 0x00, 0x00, 0x00, 0x00, 
  0x00, 0x00, 0x00, 0x00, 0x00, 0x00, 0x00, 0x00, 0x00, 0x00, 0x00, 0x00, 
  0x00, 0x00, 0x00, 0x00, 0x00, 0x00, 0x00, 0x00, 0x00, 0x00, 0x00, 0x00, 
  0x00, 0x00, 0x00, 0x00, 0x00, 0x00, 0x00, 0x00, 0x00, 0x00, 0x00, 0x00, 
  0x00, 0x00, 0x00, 0x00, 0x00, 0x00, 0x00, 0x00, 0x00, 0x00, 0x00, 0x00, 
  0x00, 0x00, 0x00, 0x00, 0x00, 0x00, 0x00, 0x00, 0x00, 0x00, 0x00, 0x00, 
  0x00, 0x00, 0x00, 0x00, 0x00, 0x00, 0x00, 0x00, 0x00, 0x00, 0x00, 0x00, 
  0x00, 0x00, 0x00, 0x00, 0x00, 0x00, 0x00, 0x00, 0x00, 0x00, 0x00, 0x00, 
  0x00, 0x00, 0x00, 0x00, 0x00, 0x00, 0x00, 0x00, 0x00, 0x00, 0x00, 0x00, 
  0x00, 0x00, 0x00, 0x00, 0x00, 0x00, 0x00, 0x00, 0x00, 0x00, 0x00, 0x00, 
  0x00, 0x00, 0x00, 0x00, 0x00, 0x00, 0x00, 0x00, 0x00, 0x00, 0x00, 0x00, 
  0x00, 0x00, 0x00, 0x00, 0x00, 0x00, 0x00, 0x00, 0x00, 0x00, 0x00, 0x00, 
  0x00, 0x00, 0x00, 0x00, 0x00, 0x00, 0x00, 0x00, 0x00, 0x00, 0x00, 0x00, 
  0x00, 0x00, 0x00, 0x00, 0x00, 0x00, 0x00, 0x00, 0x00, 0x00, 0x00, 0x00, 
  0x00, 0x00, 0x00, 0x00, 0x00, 0x00, 0x00, 0x00, 0x00, 0x00, 0x00, 0x00, 
  0x00, 0x00, 0x00, 0x00, 0x00, 0x00, 0x00, 0x00, 0x00, 0x00, 0x00, 0x00, 
  0x00, 0x00, 0x00, 0x00, 0x00, 0x00, 0x00, 0x00, 0x00, 0x00, 0x00, 0x00, 
  0x00, 0x00, 0x00, 0x00, 0x00, 0x00, 0x00, 0x00, 0x00, 0x00, 0x00, 0x00, 
  0xb5, 0x02, 0x06, 0x00, 0x00, 0x00, 0xf5, 0x02, 0x10, 0x36, 0x03, 0xd6, 
  0x57, 0x03, 0xff, 0x36, 0x03, 0xfb, 0x36, 0x03, 0xff, 0x36, 0x03, 0xff, 
  0x36, 0x03, 0xff, 0x36, 0x03, 0xfe, 0x36, 0x03, 0xfb, 0x57, 0x03, 0xff, 
  0x36, 0x03, 0xd3, 0xf5, 0x02, 0x10, 0x00, 0x00, 0x00, 0xb5, 0x02, 0x06, 
  0x00, 0x00, 0x00, 0x00, 0x00, 0x00, 0x00, 0x00, 0x00, 0x00, 0x00, 0x00, 
  0x00, 0x00, 0x00, 0x00, 0x00, 0x00, 0x00, 0x00, 0x00, 0x00, 0x00, 0x00, 
  0x00, 0x00, 0x00, 0x00, 0x00, 0x00, 0x00, 0x00, 0x00, 0x00, 0x00, 0x00, 
  0x00, 0x00, 0x00, 0x00, 0x00, 0x00, 0x00, 0x00, 0x00, 0x00, 0x00, 0x00, 
  0x00, 0x00, 0x00, 0x00, 0x00, 0x00, 0x00, 0x00, 0x00, 0x00, 0x00, 0x00, 
  0x00, 0x00, 0x00, 0x00, 0x00, 0x00, 0x00, 0x00, 0x00, 0x00, 0x00, 0x00, 
  0x00, 0x00, 0x00, 0x00, 0x00, 0x00, 0x00, 0x00, 0x00, 0x00, 0x00, 0x00, 
  0x00, 0x00, 0x00, 0x00, 0x00, 0x00, 0x00, 0x00, 0x00, 0x00, 0x00, 0x00, 
  0x00, 0x00, 0x00, 0x00, 0x00, 0x00, 0x00, 0x00, 0x00, 0x00, 0x00, 0x00, 
  0x00, 0x00, 0x00, 0x00, 0x00, 0x00, 0x00, 0x00, 0x00, 0x00, 0x00, 0x00, 
  0x00, 0x00, 0x00, 0x00, 0x00, 0x00, 0x00, 0x00, 0x00, 0x00, 0x00, 0x00, 
  0x00, 0x00, 0x00, 0x00, 0x00, 0x00, 0x00, 0x00, 0x00, 0x00, 0x00, 0x00, 
  0x00, 0x00, 0x00, 0x00, 0x00, 0x00, 0x00, 0x00, 0x00, 0x00, 0x00, 0x00, 
  0x00, 0x00, 0x00, 0x00, 0x00, 0x00, 0x00, 0x00, 0x00, 0x00, 0x00, 0x00, 
  0x00, 0x00, 0x00, 0x00, 0x00, 0x00, 0x00, 0x00, 0x00, 0x00, 0x00, 0x00, 
  0x00, 0x00, 0x00, 0x00, 0x00, 0x00, 0x00, 0x00, 0x00, 0x00, 0x00, 0x00, 
  0x00, 0x00, 0x00, 0x00, 0x00, 0x00, 0x00, 0x00, 0x00, 0x00, 0x00, 0x00, 
  0x00, 0x00, 0x00, 0x00, 0x00, 0x00, 0x00, 0x00, 0x00, 0x00, 0x00, 0x00, 
  0x00, 0x00, 0x00, 0x00, 0x00, 0x00, 0x00, 0x00, 0x00, 0x00, 0x00, 0x00, 
  0x00, 0x00, 0x00, 0x00, 0x00, 0x00, 0x00, 0x00, 0x00, 0x00, 0x00, 0x00, 
  0x00, 0x00, 0x00, 0x00, 0x00, 0x00, 0x00, 0x00, 0x00, 0x00, 0x00, 0x00, 
  0x00, 0x00, 0x00, 0x00, 0x00, 0x00, 0x00, 0x00, 0x00, 0x00, 0x00, 0x00, 
  0x00, 0x00, 0x00, 0x00, 0x00, 0x00, 0x00, 0x00, 0x00, 0x00, 0x00, 0x00, 
  0x00, 0x00, 0x00, 0x00, 0x00, 0x00, 0x00, 0x00, 0x00, 0x00, 0x00, 0x00, 
  0x00, 0x00, 0x00, 0x00, 0x00, 0x00, 0x00, 0x00, 0x00, 0x00, 0x00, 0x00, 
  0x00, 0x00, 0x00, 0x00, 0x00, 0x00, 0x00, 0x00, 0x00, 0x00, 0x00, 0x00, 
  0xf7, 0x03, 0x04, 0x00, 0x00, 0x00, 0x33, 0x03, 0x0a, 0x15, 0x03, 0x92, 
  0x15, 0x0b, 0xf6, 0x36, 0x0b, 0xff, 0x15, 0x0b, 0xfd, 0x16, 0x0b, 0xff, 
  0x16, 0x0b, 0xff, 0x15, 0x0b, 0xfc, 0x36, 0x0b, 0xff, 0x15, 0x0b, 0xf4, 
  0x16, 0x03, 0x8b, 0x95, 0x03, 0x09, 0x00, 0x00, 0x00, 0xf7, 0x03, 0x04, 
  0x00, 0x00, 0x00, 0x00, 0x00, 0x00, 0x00, 0x00, 0x00, 0x00, 0x00, 0x00, 
  0x00, 0x00, 0x00, 0x00, 0x00, 0x00, 0x00, 0x00, 0x00, 0x00, 0x00, 0x00, 
  0x00, 0x00, 0x00, 0x00, 0x00, 0x00, 0x00, 0x00, 0x00, 0x00, 0x00, 0x00, 
  0x00, 0x00, 0x00, 0x00, 0x00, 0x00, 0x00, 0x00, 0x00, 0x00, 0x00, 0x00, 
  0x00, 0x00, 0x00, 0x00, 0x00, 0x00, 0x00, 0x00, 0x00, 0x00, 0x00, 0x00, 
  0x00, 0x00, 0x00, 0x00, 0x00, 0x00, 0x00, 0x00, 0x00, 0x00, 0x00, 0x00, 
  0x00, 0x00, 0x00, 0x00, 0x00, 0x00, 0x00, 0x00, 0x00, 0x00, 0x00, 0x00, 
  0x00, 0x00, 0x00, 0x00, 0x00, 0x00, 0x00, 0x00, 0x00, 0x00, 0x00, 0x00, 
  0x00, 0x00, 0x00, 0x00, 0x00, 0x00, 0x00, 0x00, 0x00, 0x00, 0x00, 0x00, 
  0x00, 0x00, 0x00, 0x00, 0x00, 0x00, 0x00, 0x00, 0x00, 0x00, 0x00, 0x00, 
  0x00, 0x00, 0x00, 0x00, 0x00, 0x00, 0x00, 0x00, 0x00, 0x00, 0x00, 0x00, 
  0x00, 0x00, 0x00, 0x00, 0x00, 0x00, 0x00, 0x00, 0x00, 0x00, 0x00, 0x00, 
  0x00, 0x00, 0x00, 0x00, 0x00, 0x00, 0x00, 0x00, 0x00, 0x00, 0x00, 0x00, 
  0x00, 0x00, 0x00, 0x00, 0x00, 0x00, 0x00, 0x00, 0x00, 0x00, 0x00, 0x00, 
  0x00, 0x00, 0x00, 0x00, 0x00, 0x00, 0x00, 0x00, 0x00, 0x00, 0x00, 0x00, 
  0x00, 0x00, 0x00, 0x00, 0x00, 0x00, 0x00, 0x00, 0x00, 0x00, 0x00, 0x00, 
  0x00, 0x00, 0x00, 0x00, 0x00, 0x00, 0x00, 0x00, 0x00, 0x00, 0x00, 0x00, 
  0x00, 0x00, 0x00, 0x00, 0x00, 0x00, 0x00, 0x00, 0x00, 0x00, 0x00, 0x00, 
  0x00, 0x00, 0x00, 0x00, 0x00, 0x00, 0x00, 0x00, 0x00, 0x00, 0x00, 0x00, 
  0x00, 0x00, 0x00, 0x00, 0x00, 0x00, 0x00, 0x00, 0x00, 0x00, 0x00, 0x00, 
  0x00, 0x00, 0x00, 0x00, 0x00, 0x00, 0x00, 0x00, 0x00, 0x00, 0x00, 0x00, 
  0x00, 0x00, 0x00, 0x00, 0x00, 0x00, 0x00, 0x00, 0x00, 0x00, 0x00, 0x00, 
  0x00, 0x00, 0x00, 0x00, 0x00, 0x00, 0x00, 0x00, 0x00, 0x00, 0x00, 0x00, 
  0x00, 0x00, 0x00, 0x00, 0x00, 0x00, 0x00, 0x00, 0x00, 0x00, 0x00, 0x00, 
  0x00, 0x00, 0x00, 0x00, 0x00, 0x00, 0x00, 0x00, 0x00, 0x00, 0x00, 0x00, 
  0x00, 0x00, 0x00, 0x00, 0x00, 0x00, 0x00, 0x00, 0x00, 0x00, 0x00, 0x00, 
  0x1f, 0x00, 0x01, 0x00, 0x00, 0x00, 0x00, 0x00, 0x01, 0xf4, 0x02, 0x23, 
  0xf5, 0x02, 0xc8, 0x36, 0x0b, 0xff, 0xf5, 0x0a, 0xfb, 0xf5, 0x0a, 0xff, 
  0xf5, 0x0a, 0xff, 0xf5, 0x0a, 0xfb, 0x36, 0x0b, 0xff, 0xf5, 0x02, 0xc3, 
  0xb6, 0x0a, 0x18, 0x00, 0x00, 0x01, 0x00, 0x00, 0x00, 0x00, 0x00, 0x01, 
  0x00, 0x00, 0x00, 0x00, 0x00, 0x00, 0x00, 0x00, 0x00, 0x00, 0x00, 0x00, 
  0x00, 0x00, 0x00, 0x00, 0x00, 0x00, 0x00, 0x00, 0x00, 0x00, 0x00, 0x00, 
  0x00, 0x00, 0x00, 0x00, 0x00, 0x00, 0x00, 0x00, 0x00, 0x00, 0x00, 0x00, 
  0x00, 0x00, 0x00, 0x00, 0x00, 0x00, 0x00, 0x00, 0x00, 0x00, 0x00, 0x00, 
  0x00, 0x00, 0x00, 0x00, 0x00, 0x00, 0x00, 0x00, 0x00, 0x00, 0x00, 0x00, 
  0x00, 0x00, 0x00, 0x00, 0x00, 0x00, 0x00, 0x00, 0x00, 0x00, 0x00, 0x00, 
  0x00, 0x00, 0x00, 0x00, 0x00, 0x00, 0x00, 0x00, 0x00, 0x00, 0x00, 0x00, 
  0x00, 0x00, 0x00, 0x00, 0x00, 0x00, 0x00, 0x00, 0x00, 0x00, 0x00, 0x00, 
  0x00, 0x00, 0x00, 0x00, 0x00, 0x00, 0x00, 0x00, 0x00, 0x00, 0x00, 0x00, 
  0x00, 0x00, 0x00, 0x00, 0x00, 0x00, 0x00, 0x00, 0x00, 0x00, 0x00, 0x00, 
  0x00, 0x00, 0x00, 0x00, 0x00, 0x00, 0x00, 0x00, 0x00, 0x00, 0x00, 0x00, 
  0x00, 0x00, 0x00, 0x00, 0x00, 0x00, 0x00, 0x00, 0x00, 0x00, 0x00, 0x00, 
  0x00, 0x00, 0x00, 0x00, 0x00, 0x00, 0x00, 0x00, 0x00, 0x00, 0x00, 0x00, 
  0x00, 0x00, 0x00, 0x00, 0x00, 0x00, 0x00, 0x00, 0x00, 0x00, 0x00, 0x00, 
  0x00, 0x00, 0x00, 0x00, 0x00, 0x00, 0x00, 0x00, 0x00, 0x00, 0x00, 0x00, 
  0x00, 0x00, 0x00, 0x00, 0x00, 0x00, 0x00, 0x00, 0x00, 0x00, 0x00, 0x00, 
  0x00, 0x00, 0x00, 0x00, 0x00, 0x00, 0x00, 0x00, 0x00, 0x00, 0x00, 0x00, 
  0x00, 0x00, 0x00, 0x00, 0x00, 0x00, 0x00, 0x00, 0x00, 0x00, 0x00, 0x00, 
  0x00, 0x00, 0x00, 0x00, 0x00, 0x00, 0x00, 0x00, 0x00, 0x00, 0x00, 0x00, 
  0x00, 0x00, 0x00, 0x00, 0x00, 0x00, 0x00, 0x00, 0x00, 0x00, 0x00, 0x00, 
  0x00, 0x00, 0x00, 0x00, 0x00, 0x00, 0x00, 0x00, 0x00, 0x00, 0x00, 0x00, 
  0x00, 0x00, 0x00, 0x00, 0x00, 0x00, 0x00, 0x00, 0x00, 0x00, 0x00, 0x00, 
  0x00, 0x00, 0x00, 0x00, 0x00, 0x00, 0x00, 0x00, 0x00, 0x00, 0x00, 0x00, 
  0x00, 0x00, 0x00, 0x00, 0x00, 0x00, 0x00, 0x00, 0x00, 0x00, 0x00, 0x00, 
  0x00, 0x00, 0x00, 0x00, 0x00, 0x00, 0x00, 0x00, 0x00, 0x00, 0x00, 0x00, 
  0x00, 0x00, 0x00, 0x00, 0x00, 0x00, 0x00, 0x00, 0x00, 0x00, 0x00, 0x00, 
  0x00, 0x00, 0x00, 0x00, 0x00, 0x00, 0x00, 0x00, 0x00, 0x00, 0x00, 0x00, 
  0xd5, 0x02, 0x2d, 0x16, 0x0b, 0xb0, 0x36, 0x0b, 0xfe, 0xd4, 0x0a, 0xfc, 
  0xd4, 0x0a, 0xfc, 0x36, 0x0b, 0xfe, 0x15, 0x0b, 0xb0, 0xf4, 0x02, 0x2b, 
  0x00, 0x00, 0x00, 0x00, 0x00, 0x00, 0x00, 0x00, 0x00, 0x00, 0x00, 0x00, 
  0x00, 0x00, 0x00, 0x00, 0x00, 0x00, 0x00, 0x00, 0x00, 0x00, 0x00, 0x00, 
  0x00, 0x00, 0x00, 0x00, 0x00, 0x00, 0x00, 0x00, 0x00, 0x00, 0x00, 0x00, 
  0x00, 0x00, 0x00, 0x00, 0x00, 0x00, 0x00, 0x00, 0x00, 0x00, 0x00, 0x00, 
  0x00, 0x00, 0x00, 0x00, 0x00, 0x00, 0x00, 0x00, 0x00, 0x00, 0x00, 0x00, 
  0x00, 0x00, 0x00, 0x00, 0x00, 0x00, 0x00, 0x00, 0x00, 0x00, 0x00, 0x00, 
  0x00, 0x00, 0x00, 0x00, 0x00, 0x00, 0x00, 0x00, 0x00, 0x00, 0x00, 0x00, 
  0x00, 0x00, 0x00, 0x00, 0x00, 0x00, 0x00, 0x00, 0x00, 0x00, 0x00, 0x00, 
  0x00, 0x00, 0x00, 0x00, 0x00, 0x00, 0x00, 0x00, 0x00, 0x00, 0x00, 0x00, 
  0x00, 0x00, 0x00, 0x00, 0x00, 0x00, 0x00, 0x00, 0x00, 0x00, 0x00, 0x00, 
  0x00, 0x00, 0x00, 0x00, 0x00, 0x00, 0x00, 0x00, 0x00, 0x00, 0x00, 0x00, 
  0x00, 0x00, 0x00, 0x00, 0x00, 0x00, 0x00, 0x00, 0x00, 0x00, 0x00, 0x00, 
  0x00, 0x00, 0x00, 0x00, 0x00, 0x00, 0x00, 0x00, 0x00, 0x00, 0x00, 0x00, 
  0x00, 0x00, 0x00, 0x00, 0x00, 0x00, 0x00, 0x00, 0x00, 0x00, 0x00, 0x00, 
  0x00, 0x00, 0x00, 0x00, 0x00, 0x00, 0x00, 0x00, 0x00, 0x00, 0x00, 0x00, 
  0x00, 0x00, 0x00, 0x00, 0x00, 0x00, 0x00, 0x00, 0x00, 0x00, 0x00, 0x00, 
  0x00, 0x00, 0x00, 0x00, 0x00, 0x00, 0x00, 0x00, 0x00, 0x00, 0x00, 0x00, 
  0x00, 0x00, 0x00, 0x00, 0x00, 0x00, 0x00, 0x00, 0x00, 0x00, 0x00, 0x00, 
  0x00, 0x00, 0x00, 0x00, 0x00, 0x00, 0x00, 0x00, 0x00, 0x00, 0x00, 0x00, 
  0x00, 0x00, 0x00, 0x00, 0x00, 0x00, 0x00, 0x00, 0x00, 0x00, 0x00, 0x00, 
  0x00, 0x00, 0x00, 0x00, 0x00, 0x00, 0x00, 0x00, 0x00, 0x00, 0x00, 0x00, 
  0x00, 0x00, 0x00, 0x00, 0x00, 0x00, 0x00, 0x00, 0x00, 0x00, 0x00, 0x00, 
  0x00, 0x00, 0x00, 0x00, 0x00, 0x00, 0x00, 0x00, 0x00, 0x00, 0x00, 0x00, 
  0x00, 0x00, 0x00, 0x00, 0x00, 0x00, 0x00, 0x00, 0x00, 0x00, 0x00, 0x00, 
  0x00, 0x00, 0x00, 0x00, 0x00, 0x00, 0x00, 0x00, 0x00, 0x00, 0x00, 0x00, 
  0x00, 0x00, 0x00, 0x00, 0x00, 0x00, 0x00, 0x00, 0x00, 0x00, 0x00, 0x00, 
  0x00, 0x00, 0x00, 0x00, 0x00, 0x00, 0x00, 0x00, 0x00, 0x00, 0x00, 0x00, 
  0x00, 0x00, 0x00, 0x00, 0x00, 0x00, 0x00, 0x00, 0x00, 0xf7, 0x03, 0x04, 
  0x00, 0x00, 0x00, 0x57, 0x03, 0x7c, 0xba, 0x03, 0xff, 0x36, 0x03, 0xfa, 
  0x36, 0x03, 0xfa, 0xba, 0x03, 0xff, 0x57, 0x03, 0x7c, 0x00, 0x00, 0x00, 
  0x39, 0x03, 0x05, 0x00, 0x00, 0x00, 0x00, 0x00, 0x00, 0x00, 0x00, 0x00, 
  0x00, 0x00, 0x00, 0x00, 0x00, 0x00, 0x00, 0x00, 0x00, 0x00, 0x00, 0x00, 
  0x00, 0x00, 0x00, 0x00, 0x00, 0x00, 0x00, 0x00, 0x00, 0x00, 0x00, 0x00, 
  0x00, 0x00, 0x00, 0x00, 0x00, 0x00, 0x00, 0x00, 0x00, 0x00, 0x00, 0x00, 
  0x00, 0x00, 0x00, 0x00, 0x00, 0x00, 0x00, 0x00, 0x00, 0x00, 0x00, 0x00, 
  0x00, 0x00, 0x00, 0x00, 0x00, 0x00, 0x00, 0x00, 0x00, 0x00, 0x00, 0x00, 
  0x00, 0x00, 0x00, 0x00, 0x00, 0x00, 0x00, 0x00, 0x00, 0x00, 0x00, 0x00, 
  0x00, 0x00, 0x00, 0x00, 0x00, 0x00, 0x00, 0x00, 0x00, 0x00, 0x00, 0x00, 
  0x00, 0x00, 0x00, 0x00, 0x00, 0x00, 0x00, 0x00, 0x00, 0x00, 0x00, 0x00, 
  0x00, 0x00, 0x00, 0x00, 0x00, 0x00, 0x00, 0x00, 0x00, 0x00, 0x00, 0x00, 
  0x00, 0x00, 0x00, 0x00, 0x00, 0x00, 0x00, 0x00, 0x00, 0x00, 0x00, 0x00, 
  0x00, 0x00, 0x00, 0x00, 0x00, 0x00, 0x00, 0x00, 0x00, 0x00, 0x00, 0x00, 
  0x00, 0x00, 0x00, 0x00, 0x00, 0x00, 0x00, 0x00, 0x00, 0x00, 0x00, 0x00, 
  0x00, 0x00, 0x00, 0x00, 0x00, 0x00, 0x00, 0x00, 0x00, 0x00, 0x00, 0x00, 
  0x00, 0x00, 0x00, 0x00, 0x00, 0x00, 0x00, 0x00, 0x00, 0x00, 0x00, 0x00, 
  0x00, 0x00, 0x00, 0x00, 0x00, 0x00, 0x00, 0x00, 0x00, 0x00, 0x00, 0x00, 
  0x00, 0x00, 0x00, 0x00, 0x00, 0x00, 0x00, 0x00, 0x00, 0x00, 0x00, 0x00, 
  0x00, 0x00, 0x00, 0x00, 0x00, 0x00, 0x00, 0x00, 0x00, 0x00, 0x00, 0x00, 
  0x00, 0x00, 0x00, 0x00, 0x00, 0x00, 0x00, 0x00, 0x00, 0x00, 0x00, 0x00, 
  0x00, 0x00, 0x00, 0x00, 0x00, 0x00, 0x00, 0x00, 0x00, 0x00, 0x00, 0x00, 
  0x00, 0x00, 0x00, 0x00, 0x00, 0x00, 0x00, 0x00, 0x00, 0x00, 0x00, 0x00, 
  0x00, 0x00, 0x00, 0x00, 0x00, 0x00, 0x00, 0x00, 0x00, 0x00, 0x00, 0x00, 
  0x00, 0x00, 0x00, 0x00, 0x00, 0x00, 0x00, 0x00, 0x00, 0x00, 0x00, 0x00, 
  0x00, 0x00, 0x00, 0x00, 0x00, 0x00, 0x00, 0x00, 0x00, 0x00, 0x00, 0x00, 
  0x00, 0x00, 0x00, 0x00, 0x00, 0x00, 0x00, 0x00, 0x00, 0x00, 0x00, 0x00, 
  0x00, 0x00, 0x00, 0x00, 0x00, 0x00, 0x00, 0x00, 0x00, 0x00, 0x00, 0x00, 
  0x00, 0x00, 0x00, 0x00, 0x00, 0x00, 0x00, 0x00, 0x00, 0x00, 0x00, 0x00, 
  0x00, 0x00, 0x00, 0x00, 0x00, 0x00, 0x00, 0x00, 0x00, 0x39, 0x03, 0x05, 
  0xb5, 0x02, 0x06, 0x99, 0x03, 0x82, 0x1c, 0x04, 0xff, 0xb9, 0x03, 0xfa, 
  0xb9, 0x03, 0xfa, 0x1c, 0x04, 0xff, 0x99, 0x03, 0x82, 0xb5, 0x02, 0x06, 
  0x39, 0x03, 0x05, 0x00, 0x00, 0x00, 0x00, 0x00, 0x00, 0x00, 0x00, 0x00, 
  0x00, 0x00, 0x00, 0x00, 0x00, 0x00, 0x00, 0x00, 0x00, 0x00, 0x00, 0x00, 
  0x00, 0x00, 0x00, 0x00, 0x00, 0x00, 0x00, 0x00, 0x00, 0x00, 0x00, 0x00, 
  0x00, 0x00, 0x00, 0x00, 0x00, 0x00, 0x00, 0x00, 0x00, 0x00, 0x00, 0x00, 
  0x00, 0x00, 0x00, 0x00, 0x00, 0x00, 0x00, 0x00, 0x00, 0x00, 0x00, 0x00, 
  0x00, 0x00, 0x00, 0x00, 0x00, 0x00, 0x00, 0x00, 0x00, 0x00, 0x00, 0x00, 
  0x00, 0x00, 0x00, 0x00, 0x00, 0x00, 0x00, 0x00, 0x00, 0x00, 0x00, 0x00, 
  0x00, 0x00, 0x00, 0x00, 0x00, 0x00, 0x00, 0x00, 0x00, 0x00, 0x00, 0x00, 
  0x00, 0x00, 0x00, 0x00, 0x00, 0x00, 0x00, 0x00, 0x00, 0x00, 0x00, 0x00, 
  0x00, 0x00, 0x00, 0x00, 0x00, 0x00, 0x00, 0x00, 0x00, 0x00, 0x00, 0x00, 
  0x00, 0x00, 0x00, 0x00, 0x00, 0x00, 0x00, 0x00, 0x00, 0x00, 0x00, 0x00, 
  0x00, 0x00, 0x00, 0x00, 0x00, 0x00, 0x00, 0x00, 0x00, 0x00, 0x00, 0x00, 
  0x00, 0x00, 0x00, 0x00, 0x00, 0x00, 0x00, 0x00, 0x00, 0x00, 0x00, 0x00, 
  0x00, 0x00, 0x00, 0x00, 0x00, 0x00, 0x00, 0x00, 0x00, 0x00, 0x00, 0x00, 
  0x00, 0x00, 0x00, 0x00, 0x00, 0x00, 0x00, 0x00, 0x00, 0x00, 0x00, 0x00, 
  0x00, 0x00, 0x00, 0x00, 0x00, 0x00, 0x00, 0x00, 0x00, 0x00, 0x00, 0x00, 
  0x00, 0x00, 0x00, 0x00, 0x00, 0x00, 0x00, 0x00, 0x00, 0x00, 0x00, 0x00, 
  0x00, 0x00, 0x00, 0x00, 0x00, 0x00, 0x00, 0x00, 0x00, 0x00, 0x00, 0x00, 
  0x00, 0x00, 0x00, 0x00, 0x00, 0x00, 0x00, 0x00, 0x00, 0x00, 0x00, 0x00, 
  0x00, 0x00, 0x00, 0x00, 0x00, 0x00, 0x00, 0x00, 0x00, 0x00, 0x00, 0x00, 
  0x00, 0x00, 0x00, 0x00, 0x00, 0x00, 0x00, 0x00, 0x00, 0x00, 0x00, 0x00, 
  0x00, 0x00, 0x00, 0x00, 0x00, 0x00, 0x00, 0x00, 0x00, 0x00, 0x00, 0x00, 
  0x00, 0x00, 0x00, 0x00, 0x00, 0x00, 0x00, 0x00, 0x00, 0x00, 0x00, 0x00, 
  0x00, 0x00, 0x00, 0x00, 0x00, 0x00, 0x00, 0x00, 0x00, 0x00, 0x00, 0x00, 
  0x00, 0x00, 0x00, 0x00, 0x00, 0x00, 0x00, 0x00, 0x00, 0x00, 0x00, 0x00, 
  0x00, 0x00, 0x00, 0x00, 0x00, 0x00, 0x00, 0x00, 0x00, 0x00, 0x00, 0x00, 
  0x00, 0x00, 0x00, 0x00, 0x00, 0x00, 0x00, 0x00, 0x00, 0x00, 0x00, 0x00, 
  0x00, 0x00, 0x00, 0x00, 0x00, 0x00, 0x00, 0x00, 0x00, 0xf7, 0x03, 0x04, 
  0x00, 0x00, 0x00, 0x98, 0x03, 0x80, 0xfb, 0x03, 0xff, 0x98, 0x03, 0xfa, 
  0x98, 0x03, 0xfa, 0xfb, 0x03, 0xff, 0x98, 0x03, 0x80, 0x00, 0x00, 0x00, 
  0xf7, 0x03, 0x04, 0x00, 0x00, 0x00, 0x00, 0x00, 0x00, 0x00, 0x00, 0x00, 
  0x00, 0x00, 0x00, 0x00, 0x00, 0x00, 0x00, 0x00, 0x00, 0x00, 0x00, 0x00, 
  0x00, 0x00, 0x00, 0x00, 0x00, 0x00, 0x00, 0x00, 0x00, 0x00, 0x00, 0x00, 
  0x00, 0x00, 0x00, 0x00, 0x00, 0x00, 0x00, 0x00, 0x00, 0x00, 0x00, 0x00, 
  0x00, 0x00, 0x00, 0x00, 0x00, 0x00, 0x00, 0x00, 0x00, 0x00, 0x00, 0x00, 
  0x00, 0x00, 0x00, 0x00, 0x00, 0x00, 0x00, 0x00, 0x00, 0x00, 0x00, 0x00, 
  0x00, 0x00, 0x00, 0x00, 0x00, 0x00, 0x00, 0x00, 0x00, 0x00, 0x00, 0x00, 
  0x00, 0x00, 0x00, 0x00, 0x00, 0x00, 0x00, 0x00, 0x00, 0x00, 0x00, 0x00, 
  0x00, 0x00, 0x00, 0x00, 0x00, 0x00, 0x00, 0x00, 0x00, 0x00, 0x00, 0x00, 
  0x00, 0x00, 0x00, 0x00, 0x00, 0x00, 0x00, 0x00, 0x00, 0x00, 0x00, 0x00, 
  0x00, 0x00, 0x00, 0x00, 0x00, 0x00, 0x00, 0x00, 0x00, 0x00, 0x00, 0x00, 
  0x00, 0x00, 0x00, 0x00, 0x00, 0x00, 0x00, 0x00, 0x00, 0x00, 0x00, 0x00, 
  0x00, 0x00, 0x00, 0x00, 0x00, 0x00, 0x00, 0x00, 0x00, 0x00, 0x00, 0x00, 
  0x00, 0x00, 0x00, 0x00, 0x00, 0x00, 0x00, 0x00, 0x00, 0x00, 0x00, 0x00, 
  0x00, 0x00, 0x00, 0x00, 0x00, 0x00, 0x00, 0x00, 0x00, 0x00, 0x00, 0x00, 
  0x00, 0x00, 0x00, 0x00, 0x00, 0x00, 0x00, 0x00, 0x00, 0x00, 0x00, 0x00, 
  0x00, 0x00, 0x00, 0x00, 0x00, 0x00, 0x00, 0x00, 0x00, 0x00, 0x00, 0x00, 
  0x00, 0x00, 0x00, 0x00, 0x00, 0x00, 0x00, 0x00, 0x00, 0x00, 0x00, 0x00, 
  0x00, 0x00, 0x00, 0x00, 0x00, 0x00, 0x00, 0x00, 0x00, 0x00, 0x00, 0x00, 
  0x00, 0x00, 0x00, 0x00, 0x00, 0x00, 0x00, 0x00, 0x00, 0x00, 0x00, 0x00, 
  0x00, 0x00, 0x00, 0x00, 0x00, 0x00, 0x00, 0x00, 0x00, 0x00, 0x00, 0x00, 
  0x00, 0x00, 0x00, 0x00, 0x00, 0x00, 0x00, 0x00, 0x00, 0x00, 0x00, 0x00, 
  0x00, 0x00, 0x00, 0x00, 0x00, 0x00, 0x00, 0x00, 0x00, 0x00, 0x00, 0x00, 
  0x00, 0x00, 0x00, 0x00, 0x00, 0x00, 0x00, 0x00, 0x00, 0x00, 0x00, 0x00, 
  0x00, 0x00, 0x00, 0x00, 0x00, 0x00, 0x00, 0x00, 0x00, 0x00, 0x00, 0x00, 
  0x00, 0x00, 0x00, 0x00, 0x00, 0x00, 0x00, 0x00, 0x00, 0x00, 0x00, 0x00, 
  0x00, 0x00, 0x00, 0x00, 0x00, 0x00, 0x00, 0x00, 0x00, 0x00, 0x00, 0x00, 
  0x00, 0x00, 0x00, 0x00, 0x00, 0x00, 0x00, 0x00, 0x00, 0xf7, 0x03, 0x04, 
  0x00, 0x00, 0x00, 0x78, 0x03, 0x80, 0xdb, 0x03, 0xff, 0x78, 0x03, 0xfa, 
  0x78, 0x03, 0xfa, 0xdb, 0x03, 0xff, 0x78, 0x03, 0x80, 0x00, 0x00, 0x00, 
  0xf7, 0x03, 0x04, 0x00, 0x00, 0x00, 0x00, 0x00, 0x00, 0x00, 0x00, 0x00, 
  0x00, 0x00, 0x00, 0x00, 0x00, 0x00, 0x00, 0x00, 0x00, 0x00, 0x00, 0x00, 
  0x00, 0x00, 0x00, 0x00, 0x00, 0x00, 0x00, 0x00, 0x00, 0x00, 0x00, 0x00, 
  0x00, 0x00, 0x00, 0x00, 0x00, 0x00, 0x00, 0x00, 0x00, 0x00, 0x00, 0x00, 
  0x00, 0x00, 0x00, 0x00, 0x00, 0x00, 0x00, 0x00, 0x00, 0x00, 0x00, 0x00, 
  0x00, 0x00, 0x00, 0x00, 0x00, 0x00, 0x00, 0x00, 0x00, 0x00, 0x00, 0x00, 
  0x00, 0x00, 0x00, 0x00, 0x00, 0x00, 0x00, 0x00, 0x00, 0x00, 0x00, 0x00, 
  0x00, 0x00, 0x00, 0x00, 0x00, 0x00, 0x00, 0x00, 0x00, 0x00, 0x00, 0x00, 
  0x00, 0x00, 0x00, 0x00, 0x00, 0x00, 0x00, 0x00, 0x00, 0x00, 0x00, 0x00, 
  0x00, 0x00, 0x00, 0x00, 0x00, 0x00, 0x00, 0x00, 0x00, 0x00, 0x00, 0x00, 
  0x00, 0x00, 0x00, 0x00, 0x00, 0x00, 0x00, 0x00, 0x00, 0x00, 0x00, 0x00, 
  0x00, 0x00, 0x00, 0x00, 0x00, 0x00, 0x00, 0x00, 0x00, 0x00, 0x00, 0x00, 
  0x00, 0x00, 0x00, 0x00, 0x00, 0x00, 0x00, 0x00, 0x00, 0x00, 0x00, 0x00, 
  0x00, 0x00, 0x00, 0x00, 0x00, 0x00, 0x00, 0x00, 0x00, 0x00, 0x00, 0x00, 
  0x00, 0x00, 0x00, 0x00, 0x00, 0x00, 0x00, 0x00, 0x00, 0x00, 0x00, 0x00, 
  0x00, 0x00, 0x00, 0x00, 0x00, 0x00, 0x00, 0x00, 0x00, 0x00, 0x00, 0x00, 
  0x00, 0x00, 0x00, 0x00, 0x00, 0x00, 0x00, 0x00, 0x00, 0x00, 0x00, 0x00, 
  0x00, 0x00, 0x00, 0x00, 0x00, 0x00, 0x00, 0x00, 0x00, 0x00, 0x00, 0x00, 
  0x00, 0x00, 0x00, 0x00, 0x00, 0x00, 0x00, 0x00, 0x00, 0x00, 0x00, 0x00, 
  0x00, 0x00, 0x00, 0x00, 0x00, 0x00, 0x00, 0x00, 0x00, 0x00, 0x00, 0x00, 
  0x00, 0x00, 0x00, 0x00, 0x00, 0x00, 0x00, 0x00, 0x00, 0x00, 0x00, 0x00, 
  0x00, 0x00, 0x00, 0x00, 0x00, 0x00, 0x00, 0x00, 0x00, 0x00, 0x00, 0x00, 
  0x00, 0x00, 0x00, 0x00, 0x00, 0x00, 0x00, 0x00, 0x00, 0x00, 0x00, 0x00, 
  0x00, 0x00, 0x00, 0x00, 0x00, 0x00, 0x00, 0x00, 0x00, 0x00, 0x00, 0x00, 
  0x00, 0x00, 0x00, 0x00, 0x00, 0x00, 0x00, 0x00, 0x00, 0x00, 0x00, 0x00, 
  0x00, 0x00, 0x00, 0x00, 0x00, 0x00, 0x00, 0x00, 0x00, 0x00, 0x00, 0x00, 
  0x00, 0x00, 0x00, 0x00, 0x00, 0x00, 0x00, 0x00, 0x00, 0x00, 0x00, 0x00, 
  0x00, 0x00, 0x00, 0x00, 0x00, 0x00, 0x00, 0x00, 0x00, 0xf7, 0x03, 0x04, 
  0x00, 0x00, 0x00, 0x78, 0x03, 0x80, 0xdb, 0x03, 0xff, 0x78, 0x03, 0xfa, 
  0x78, 0x03, 0xfa, 0xdb, 0x03, 0xff, 0x78, 0x03, 0x80, 0x00, 0x00, 0x00, 
  0xf7, 0x03, 0x04, 0x00, 0x00, 0x00, 0x00, 0x00, 0x00, 0x00, 0x00, 0x00, 
  0x00, 0x00, 0x00, 0x00, 0x00, 0x00, 0x00, 0x00, 0x00, 0x00, 0x00, 0x00, 
  0x00, 0x00, 0x00, 0x00, 0x00, 0x00, 0x00, 0x00, 0x00, 0x00, 0x00, 0x00, 
  0x00, 0x00, 0x00, 0x00, 0x00, 0x00, 0x00, 0x00, 0x00, 0x00, 0x00, 0x00, 
  0x00, 0x00, 0x00, 0x00, 0x00, 0x00, 0x00, 0x00, 0x00, 0x00, 0x00, 0x00, 
  0x00, 0x00, 0x00, 0x00, 0x00, 0x00, 0x00, 0x00, 0x00, 0x00, 0x00, 0x00, 
  0x00, 0x00, 0x00, 0x00, 0x00, 0x00, 0x00, 0x00, 0x00, 0x00, 0x00, 0x00, 
  0x00, 0x00, 0x00, 0x00, 0x00, 0x00, 0x00, 0x00, 0x00, 0x00, 0x00, 0x00, 
  0x00, 0x00, 0x00, 0x00, 0x00, 0x00, 0x00, 0x00, 0x00, 0x00, 0x00, 0x00, 
  0x00, 0x00, 0x00, 0x00, 0x00, 0x00, 0x00, 0x00, 0x00, 0x00, 0x00, 0x00, 
  0x00, 0x00, 0x00, 0x00, 0x00, 0x00, 0x00, 0x00, 0x00, 0x00, 0x00, 0x00, 
  0x00, 0x00, 0x00, 0x00, 0x00, 0x00, 0x00, 0x00, 0x00, 0x00, 0x00, 0x00, 
  0x00, 0x00, 0x00, 0x00, 0x00, 0x00, 0x00, 0x00, 0x00, 0x00, 0x00, 0x00, 
  0x00, 0x00, 0x00, 0x00, 0x00, 0x00, 0x00, 0x00, 0x00, 0x00, 0x00, 0x00, 
  0x00, 0x00, 0x00, 0x00, 0x00, 0x00, 0x00, 0x00, 0x00, 0x00, 0x00, 0x00, 
  0x00, 0x00, 0x00, 0x00, 0x00, 0x00, 0x00, 0x00, 0x00, 0x00, 0x00, 0x00, 
  0x00, 0x00, 0x00, 0x00, 0x00, 0x00, 0x00, 0x00, 0x00, 0x00, 0x00, 0x00, 
  0x00, 0x00, 0x00, 0x00, 0x00, 0x00, 0x00, 0x00, 0x00, 0x00, 0x00, 0x00, 
  0x00, 0x00, 0x00, 0x00, 0x00, 0x00, 0x00, 0x00, 0x00, 0x00, 0x00, 0x00, 
  0x00, 0x00, 0x00, 0x00, 0x00, 0x00, 0x00, 0x00, 0x00, 0x00, 0x00, 0x00, 
  0x00, 0x00, 0x00, 0x00, 0x00, 0x00, 0x00, 0x00, 0x00, 0x00, 0x00, 0x00, 
  0x00, 0x00, 0x00, 0x00, 0x00, 0x00, 0x00, 0x00, 0x00, 0x00, 0x00, 0x00, 
  0x00, 0x00, 0x00, 0x00, 0x00, 0x00, 0x00, 0x00, 0x00, 0x00, 0x00, 0x00, 
  0x00, 0x00, 0x00, 0x00, 0x00, 0x00, 0x00, 0x00, 0x00, 0x00, 0x00, 0x00, 
  0x00, 0x00, 0x00, 0x00, 0x00, 0x00, 0x00, 0x00, 0x00, 0x00, 0x00, 0x00, 
  0x00, 0x00, 0x00, 0x00, 0x00, 0x00, 0x00, 0x00, 0x00, 0x00, 0x00, 0x00, 
  0x00, 0x00, 0x00, 0x00, 0x00, 0x00, 0x00, 0x00, 0x00, 0x00, 0x00, 0x00, 
  0x00, 0x00, 0x00, 0x00, 0x00, 0x00, 0x00, 0x00, 0x00, 0xf7, 0x03, 0x04, 
  0x00, 0x00, 0x00, 0x77, 0x03, 0x80, 0xda, 0x03, 0xff, 0x78, 0x03, 0xfa, 
  0x78, 0x03, 0xfa, 0xda, 0x03, 0xff, 0x78, 0x03, 0x80, 0x00, 0x00, 0x00, 
  0xf7, 0x03, 0x04, 0x00, 0x00, 0x00, 0x00, 0x00, 0x00, 0x00, 0x00, 0x00, 
  0x00, 0x00, 0x00, 0x00, 0x00, 0x00, 0x00, 0x00, 0x00, 0x00, 0x00, 0x00, 
  0x00, 0x00, 0x00, 0x00, 0x00, 0x00, 0x00, 0x00, 0x00, 0x00, 0x00, 0x00, 
  0x00, 0x00, 0x00, 0x00, 0x00, 0x00, 0x00, 0x00, 0x00, 0x00, 0x00, 0x00, 
  0x00, 0x00, 0x00, 0x00, 0x00, 0x00, 0x00, 0x00, 0x00, 0x00, 0x00, 0x00, 
  0x00, 0x00, 0x00, 0x00, 0x00, 0x00, 0x00, 0x00, 0x00, 0x00, 0x00, 0x00, 
  0x00, 0x00, 0x00, 0x00, 0x00, 0x00, 0x00, 0x00, 0x00, 0x00, 0x00, 0x00, 
  0x00, 0x00, 0x00, 0x00, 0x00, 0x00, 0x00, 0x00, 0x00, 0x00, 0x00, 0x00, 
  0x00, 0x00, 0x00, 0x00, 0x00, 0x00, 0x00, 0x00, 0x00, 0x00, 0x00, 0x00, 
  0x00, 0x00, 0x00, 0x00, 0x00, 0x00, 0x00, 0x00, 0x00, 0x00, 0x00, 0x00, 
  0x00, 0x00, 0x00, 0x00, 0x00, 0x00, 0x00, 0x00, 0x00, 0x00, 0x00, 0x00, 
  0x00, 0x00, 0x00, 0x00, 0x00, 0x00, 0x00, 0x00, 0x00, 0x00, 0x00, 0x00, 
  0x00, 0x00, 0x00, 0x00, 0x00, 0x00, 0x00, 0x00, 0x00, 0x00, 0x00, 0x00, 
  0x00, 0x00, 0x00, 0x00, 0x00, 0x00, 0x00, 0x00, 0x00, 0x00, 0x00, 0x00, 
  0x00, 0x00, 0x00, 0x00, 0x00, 0x00, 0x00, 0x00, 0x00, 0x00, 0x00, 0x00, 
  0x00, 0x00, 0x00, 0x00, 0x00, 0x00, 0x00, 0x00, 0x00, 0x00, 0x00, 0x00, 
  0x00, 0x00, 0x00, 0x00, 0x00, 0x00, 0x00, 0x00, 0x00, 0x00, 0x00, 0x00, 
  0x00, 0x00, 0x00, 0x00, 0x00, 0x00, 0x00, 0x00, 0x00, 0x00, 0x00, 0x00, 
  0x00, 0x00, 0x00, 0x00, 0x00, 0x00, 0x00, 0x00, 0x00, 0x00, 0x00, 0x00, 
  0x00, 0x00, 0x00, 0x00, 0x00, 0x00, 0x00, 0x00, 0x00, 0x00, 0x00, 0x00, 
  0x00, 0x00, 0x00, 0x00, 0x00, 0x00, 0x00, 0x00, 0x00, 0x00, 0x00, 0x00, 
  0x00, 0x00, 0x00, 0x00, 0x00, 0x00, 0x00, 0x00, 0x00, 0x00, 0x00, 0x00, 
  0x00, 0x00, 0x00, 0x00, 0x00, 0x00, 0x00, 0x00, 0x00, 0x00, 0x00, 0x00, 
  0x00, 0x00, 0x00, 0x00, 0x00, 0x00, 0x00, 0x00, 0x00, 0x00, 0x00, 0x00, 
  0x00, 0x00, 0x00, 0x00, 0x00, 0x00, 0x00, 0x00, 0x00, 0x00, 0x00, 0x00, 
  0x00, 0x00, 0x00, 0x00, 0x00, 0x00, 0x00, 0x00, 0x00, 0x00, 0x00, 0x00, 
  0x00, 0x00, 0x00, 0x00, 0x00, 0x00, 0x00, 0x00, 0x00, 0x00, 0x00, 0x00, 
  0x00, 0x00, 0x00, 0x00, 0x00, 0x00, 0x00, 0x00, 0x00, 0xf7, 0x03, 0x04, 
  0x00, 0x00, 0x00, 0x57, 0x03, 0x80, 0xda, 0x03, 0xff, 0x77, 0x03, 0xfa, 
  0x57, 0x03, 0xfa, 0xba, 0x03, 0xff, 0x57, 0x03, 0x80, 0x00, 0x00, 0x00, 
  0xf7, 0x03, 0x04, 0x00, 0x00, 0x00, 0x00, 0x00, 0x00, 0x00, 0x00, 0x00, 
  0x00, 0x00, 0x00, 0x00, 0x00, 0x00, 0x00, 0x00, 0x00, 0x00, 0x00, 0x00, 
  0x00, 0x00, 0x00, 0x00, 0x00, 0x00, 0x00, 0x00, 0x00, 0x00, 0x00, 0x00, 
  0x00, 0x00, 0x00, 0x00, 0x00, 0x00, 0x00, 0x00, 0x00, 0x00, 0x00, 0x00, 
  0x00, 0x00, 0x00, 0x00, 0x00, 0x00, 0x00, 0x00, 0x00, 0x00, 0x00, 0x00, 
  0x00, 0x00, 0x00, 0x00, 0x00, 0x00, 0x00, 0x00, 0x00, 0x00, 0x00, 0x00, 
  0x00, 0x00, 0x00, 0x00, 0x00, 0x00, 0x00, 0x00, 0x00, 0x00, 0x00, 0x00, 
  0x00, 0x00, 0x00, 0x00, 0x00, 0x00, 0x00, 0x00, 0x00, 0x00, 0x00, 0x00, 
  0x00, 0x00, 0x00, 0x00, 0x00, 0x00, 0x00, 0x00, 0x00, 0x00, 0x00, 0x00, 
  0x00, 0x00, 0x00, 0x00, 0x00, 0x00, 0x00, 0x00, 0x00, 0x00, 0x00, 0x00, 
  0x00, 0x00, 0x00, 0x00, 0x00, 0x00, 0x00, 0x00, 0x00, 0x00, 0x00, 0x00, 
  0x00, 0x00, 0x00, 0x00, 0x00, 0x00, 0x00, 0x00, 0x00, 0x00, 0x00, 0x00, 
  0x00, 0x00, 0x00, 0x00, 0x00, 0x00, 0x00, 0x00, 0x00, 0x00, 0x00, 0x00, 
  0x00, 0x00, 0x00, 0x00, 0x00, 0x00, 0x00, 0x00, 0x00, 0x00, 0x00, 0x00, 
  0x00, 0x00, 0x00, 0x00, 0x00, 0x00, 0x00, 0x00, 0x00, 0x00, 0x00, 0x00, 
  0x00, 0x00, 0x00, 0x00, 0x00, 0x00, 0x00, 0x00, 0x00, 0x00, 0x00, 0x00, 
  0x00, 0x00, 0x00, 0x00, 0x00, 0x00, 0x00, 0x00, 0x00, 0x00, 0x00, 0x00, 
  0x00, 0x00, 0x00, 0x00, 0x00, 0x00, 0x00, 0x00, 0x00, 0x00, 0x00, 0x00, 
  0x00, 0x00, 0x00, 0x00, 0x00, 0x00, 0x00, 0x00, 0x00, 0x00, 0x00, 0x00, 
  0x00, 0x00, 0x00, 0x00, 0x00, 0x00, 0x00, 0x00, 0x00, 0x00, 0x00, 0x00, 
  0x00, 0x00, 0x00, 0x00, 0x00, 0x00, 0x00, 0x00, 0x00, 0x00, 0x00, 0x00, 
  0x00, 0x00, 0x00, 0x00, 0x00, 0x00, 0x00, 0x00, 0x00, 0x00, 0x00, 0x00, 
  0x00, 0x00, 0x00, 0x00, 0x00, 0x00, 0x00, 0x00, 0x00, 0x00, 0x00, 0x00, 
  0x00, 0x00, 0x00, 0x00, 0x00, 0x00, 0x00, 0x00, 0x00, 0x00, 0x00, 0x00, 
  0x00, 0x00, 0x00, 0x00, 0x00, 0x00, 0x00, 0x00, 0x00, 0x00, 0x00, 0x00, 
  0x00, 0x00, 0x00, 0x00, 0x00, 0x00, 0x00, 0x00, 0x00, 0x00, 0x00, 0x00, 
  0x00, 0x00, 0x00, 0x00, 0x00, 0x00, 0x00, 0x00, 0x00, 0x00, 0x00, 0x00, 
  0x00, 0x00, 0x00, 0x00, 0x00, 0x00, 0x00, 0x00, 0x00, 0xf7, 0x03, 0x04, 
  0x00, 0x00, 0x00, 0x57, 0x03, 0x80, 0xba, 0x03, 0xff, 0x57, 0x03, 0xfa, 
  0x57, 0x03, 0xfa, 0xba, 0x03, 0xff, 0x57, 0x03, 0x80, 0x00, 0x00, 0x00, 
  0xf7, 0x03, 0x04, 0x00, 0x00, 0x00, 0x00, 0x00, 0x00, 0x00, 0x00, 0x00, 
  0x00, 0x00, 0x00, 0x00, 0x00, 0x00, 0x00, 0x00, 0x00, 0x00, 0x00, 0x00, 
  0x00, 0x00, 0x00, 0x00, 0x00, 0x00, 0x00, 0x00, 0x00, 0x00, 0x00, 0x00, 
  0x00, 0x00, 0x00, 0x00, 0x00, 0x00, 0x00, 0x00, 0x00, 0x00, 0x00, 0x00, 
  0x00, 0x00, 0x00, 0x00, 0x00, 0x00, 0x00, 0x00, 0x00, 0x00, 0x00, 0x00, 
  0x00, 0x00, 0x00, 0x00, 0x00, 0x00, 0x00, 0x00, 0x00, 0x00, 0x00, 0x00, 
  0x00, 0x00, 0x00, 0x00, 0x00, 0x00, 0x00, 0x00, 0x00, 0x00, 0x00, 0x00, 
  0x00, 0x00, 0x00, 0x00, 0x00, 0x00, 0x00, 0x00, 0x00, 0x00, 0x00, 0x00, 
  0x00, 0x00, 0x00, 0x00, 0x00, 0x00, 0x00, 0x00, 0x00, 0x00, 0x00, 0x00, 
  0x00, 0x00, 0x00, 0x00, 0x00, 0x00, 0x00, 0x00, 0x00, 0x00, 0x00, 0x00, 
  0x00, 0x00, 0x00, 0x00, 0x00, 0x00, 0x00, 0x00, 0x00, 0x00, 0x00, 0x00, 
  0x00, 0x00, 0x00, 0x00, 0x00, 0x00, 0x00, 0x00, 0x00, 0x00, 0x00, 0x00, 
  0x00, 0x00, 0x00, 0x00, 0x00, 0x00, 0x00, 0x00, 0x00, 0x00, 0x00, 0x00, 
  0x00, 0x00, 0x00, 0x00, 0x00, 0x00, 0x00, 0x00, 0x00, 0x00, 0x00, 0x00, 
  0x00, 0x00, 0x00, 0x00, 0x00, 0x00, 0x00, 0x00, 0x00, 0x00, 0x00, 0x00, 
  0x00, 0x00, 0x00, 0x00, 0x00, 0x00, 0x00, 0x00, 0x00, 0x00, 0x00, 0x00, 
  0x00, 0x00, 0x00, 0x00, 0x00, 0x00, 0x00, 0x00, 0x00, 0x00, 0x00, 0x00, 
  0x00, 0x00, 0x00, 0x00, 0x00, 0x00, 0x00, 0x00, 0x00, 0x00, 0x00, 0x00, 
  0x00, 0x00, 0x00, 0x00, 0x00, 0x00, 0x00, 0x00, 0x00, 0x00, 0x00, 0x00, 
  0x00, 0x00, 0x00, 0x00, 0x00, 0x00, 0x00, 0x00, 0x00, 0x00, 0x00, 0x00, 
  0x00, 0x00, 0x00, 0x00, 0x00, 0x00, 0x00, 0x00, 0x00, 0x00, 0x00, 0x00, 
  0x00, 0x00, 0x00, 0x1f, 0x00, 0x01, 0xff, 0x03, 0x02, 0x5f, 0x05, 0x03, 
  0xf7, 0x03, 0x04, 0xf7, 0x03, 0x04, 0xff, 0x05, 0x04, 0xff, 0x05, 0x04, 
  0xff, 0x05, 0x04, 0xff, 0x05, 0x04, 0xff, 0x05, 0x04, 0xff, 0x05, 0x04, 
  0xff, 0x05, 0x04, 0xff, 0x05, 0x04, 0xff, 0x05, 0x04, 0xff, 0x05, 0x04, 
  0xff, 0x05, 0x04, 0xff, 0x05, 0x04, 0xff, 0x05, 0x04, 0xff, 0x05, 0x04, 
  0xff, 0x05, 0x04, 0xff, 0x05, 0x04, 0xff, 0x05, 0x04, 0xff, 0x05, 0x04, 
  0xff, 0x05, 0x04, 0xff, 0x05, 0x04, 0xff, 0x05, 0x04, 0xfb, 0x04, 0x08, 
  0xff, 0x05, 0x04, 0x57, 0x03, 0x82, 0xba, 0x03, 0xff, 0x57, 0x03, 0xfa, 
  0x57, 0x03, 0xfa, 0xba, 0x03, 0xff, 0x57, 0x03, 0x82, 0xff, 0x05, 0x04, 
  0xfb, 0x04, 0x08, 0xff, 0x05, 0x04, 0xff, 0x05, 0x04, 0xff, 0x05, 0x04, 
  0xff, 0x05, 0x04, 0xff, 0x05, 0x04, 0xff, 0x05, 0x04, 0xff, 0x05, 0x04, 
  0xff, 0x05, 0x04, 0xff, 0x05, 0x04, 0xff, 0x05, 0x04, 0xff, 0x05, 0x04, 
  0xff, 0x05, 0x04, 0xff, 0x05, 0x04, 0xff, 0x05, 0x04, 0xff, 0x05, 0x04, 
  0xff, 0x05, 0x04, 0xff, 0x05, 0x04, 0xff, 0x05, 0x04, 0xff, 0x05, 0x04, 
  0xff, 0x05, 0x04, 0xff, 0x05, 0x04, 0xf7, 0x03, 0x04, 0xf7, 0x03, 0x04, 
  0x5f, 0x05, 0x03, 0xff, 0x03, 0x02, 0x1f, 0x00, 0x01, 0x00, 0x00, 0x00, 
  0x00, 0x00, 0x00, 0x00, 0x00, 0x00, 0x00, 0x00, 0x00, 0x00, 0x00, 0x00, 
  0x00, 0x00, 0x00, 0x00, 0x00, 0x00, 0x00, 0x00, 0x00, 0x00, 0x00, 0x00, 
  0x00, 0x00, 0x00, 0x00, 0x00, 0x00, 0x00, 0x00, 0x00, 0x00, 0x00, 0x00, 
  0x00, 0x00, 0x00, 0x00, 0x00, 0x00, 0x00, 0x00, 0x00, 0x00, 0x00, 0x00, 
  0x00, 0x00, 0x00, 0x00, 0x00, 0x00, 0x00, 0x00, 0x00, 0x00, 0x00, 0x00, 
  0x00, 0x00, 0x00, 0x00, 0x00, 0x00, 0x00, 0x00, 0x00, 0x00, 0x00, 0x00, 
  0x00, 0x00, 0x00, 0x00, 0x00, 0x00, 0x00, 0x00, 0x00, 0x00, 0x00, 0x00, 
  0x00, 0x00, 0x00, 0x00, 0x00, 0x00, 0x00, 0x00, 0x00, 0x00, 0x00, 0x00, 
  0x00, 0x00, 0x00, 0x00, 0x00, 0x00, 0x00, 0x00, 0x00, 0x00, 0x00, 0x00, 
  0x00, 0x00, 0x00, 0x00, 0x00, 0x00, 0x00, 0x00, 0x00, 0x00, 0x00, 0x00, 
  0x00, 0x00, 0x00, 0x00, 0x00, 0x00, 0x00, 0x00, 0x00, 0x00, 0x00, 0x00, 
  0x00, 0x00, 0x00, 0x00, 0x00, 0x00, 0x00, 0x00, 0x00, 0x00, 0x00, 0x00, 
  0x00, 0x00, 0x00, 0x00, 0x00, 0x00, 0x00, 0x00, 0x00, 0x00, 0x00, 0x00, 
  0x00, 0x00, 0x00, 0x00, 0x00, 0x00, 0x00, 0x00, 0x00, 0x55, 0x05, 0x03, 
  0xfa, 0x2b, 0x06, 0x55, 0x05, 0x03, 0x00, 0x00, 0x00, 0x00, 0x00, 0x00, 
  0x00, 0x00, 0x00, 0x00, 0x00, 0x00, 0x00, 0x00, 0x00, 0x00, 0x00, 0x00, 
  0x00, 0x00, 0x00, 0x00, 0x00, 0x00, 0x00, 0x00, 0x00, 0x00, 0x00, 0x00, 
  0x00, 0x00, 0x00, 0x00, 0x00, 0x00, 0x00, 0x00, 0x00, 0x00, 0x00, 0x00, 
  0x00, 0x00, 0x00, 0x00, 0x00, 0x00, 0x00, 0x00, 0x00, 0x00, 0x00, 0x00, 
  0x00, 0x00, 0x00, 0x00, 0x00, 0x00, 0x00, 0x00, 0x00, 0x00, 0x00, 0x00, 
  0x00, 0x00, 0x00, 0x00, 0x00, 0x00, 0x00, 0x00, 0x00, 0x00, 0x00, 0x00, 
  0x00, 0x00, 0x00, 0xd5, 0x02, 0x72, 0x79, 0x03, 0xff, 0x16, 0x03, 0xf9, 
  0x16, 0x03, 0xf9, 0x79, 0x03, 0xff, 0xd5, 0x02, 0x72, 0x00, 0x00, 0x00, 
  0x00, 0x00, 0x00, 0x00, 0x00, 0x00, 0x00, 0x00, 0x00, 0x00, 0x00, 0x00, 
  0x00, 0x00, 0x00, 0x00, 0x00, 0x00, 0x00, 0x00, 0x00, 0x00, 0x00, 0x00, 
  0x00, 0x00, 0x00, 0x00, 0x00, 0x00, 0x00, 0x00, 0x00, 0x00, 0x00, 0x00, 
  0x00, 0x00, 0x00, 0x00, 0x00, 0x00, 0x00, 0x00, 0x00, 0x00, 0x00, 0x00, 
  0x00, 0x00, 0x00, 0x00, 0x00, 0x00, 0x00, 0x00, 0x00, 0x00, 0x00, 0x00, 
  0x00, 0x00, 0x00, 0x00, 0x00, 0x00, 0x00, 0x00, 0x00, 0x00, 0x00, 0x00, 
  0x00, 0x00, 0x00, 0x00, 0x00, 0x00, 0x5f, 0x05, 0x03, 0x5a, 0x2d, 0x06, 
  0x5f, 0x05, 0x03, 0x00, 0x00, 0x00, 0x00, 0x00, 0x00, 0x00, 0x00, 0x00, 
  0x00, 0x00, 0x00, 0x00, 0x00, 0x00, 0x00, 0x00, 0x00, 0x00, 0x00, 0x00, 
  0x00, 0x00, 0x00, 0x00, 0x00, 0x00, 0x00, 0x00, 0x00, 0x00, 0x00, 0x00, 
  0x00, 0x00, 0x00, 0x00, 0x00, 0x00, 0x00, 0x00, 0x00, 0x00, 0x00, 0x00, 
  0x00, 0x00, 0x00, 0x00, 0x00, 0x00, 0x00, 0x00, 0x00, 0x00, 0x00, 0x00, 
  0x00, 0x00, 0x00, 0x00, 0x00, 0x00, 0x00, 0x00, 0x00, 0x00, 0x00, 0x00, 
  0x00, 0x00, 0x00, 0x00, 0x00, 0x00, 0x00, 0x00, 0x00, 0x00, 0x00, 0x00, 
  0x00, 0x00, 0x00, 0x00, 0x00, 0x00, 0x00, 0x00, 0x00, 0x00, 0x00, 0x00, 
  0x00, 0x00, 0x00, 0x00, 0x00, 0x00, 0x00, 0x00, 0x00, 0x00, 0x00, 0x00, 
  0x00, 0x00, 0x00, 0x00, 0x00, 0x00, 0x00, 0x00, 0x00, 0x00, 0x00, 0x00, 
  0x00, 0x00, 0x00, 0x00, 0x00, 0x00, 0x00, 0x00, 0x00, 0x00, 0x00, 0x00, 
  0x00, 0x00, 0x00, 0x00, 0x00, 0x00, 0x00, 0x00, 0x00, 0x00, 0x00, 0x00, 
  0x00, 0x00, 0x00, 0x00, 0x00, 0x00, 0x00, 0x00, 0x00, 0x00, 0x00, 0x00, 
  0x00, 0x00, 0x00, 0xff, 0x07, 0x01, 0xff, 0x05, 0x04, 0x00, 0x00, 0x00, 
  0x00, 0x00, 0x00, 0x00, 0x00, 0x00, 0xdc, 0x14, 0x21, 0xdb, 0x1c, 0x4a, 
  0xdc, 0x14, 0x60, 0xdc, 0x14, 0x6d, 0xdb, 0x1c, 0x7a, 0xdc, 0x1c, 0x80, 
  0xdc, 0x1c, 0x80, 0xdc, 0x1c, 0x80, 0xdc, 0x1c, 0x80, 0xdc, 0x1c, 0x80, 
  0xdc, 0x1c, 0x80, 0xdc, 0x1c, 0x80, 0xdc, 0x1c, 0x80, 0xdc, 0x1c, 0x80, 
  0xdc, 0x1c, 0x80, 0xdc, 0x1c, 0x80, 0xdc, 0x1c, 0x80, 0xdc, 0x1c, 0x80, 
  0xdc, 0x1c, 0x80, 0xdc, 0x1c, 0x80, 0xdc, 0x1c, 0x80, 0xdc, 0x1c, 0x80, 
  0xdc, 0x1c, 0x80, 0xdc, 0x1c, 0x80, 0xdc, 0x1c, 0x80, 0xdc, 0x1c, 0x82, 
  0xdc, 0x1c, 0x80, 0x5a, 0x14, 0xc0, 0x3a, 0x14, 0xff, 0x19, 0x14, 0xfd, 
  0x19, 0x14, 0xfd, 0x3a, 0x14, 0xff, 0x5a, 0x14, 0xc0, 0xdc, 0x1c, 0x80, 
  0xdc, 0x1c, 0x82, 0xdc, 0x1c, 0x80, 0xdc, 0x1c, 0x80, 0xdc, 0x1c, 0x80, 
  0xdc, 0x1c, 0x80, 0xdc, 0x1c, 0x80, 0xdc, 0x1c, 0x80, 0xdc, 0x1c, 0x80, 
  0xdc, 0x1c, 0x80, 0xdc, 0x1c, 0x80, 0xdc, 0x1c, 0x80, 0xdc, 0x1c, 0x80, 
  0xdc, 0x1c, 0x80, 0xdc, 0x1c, 0x80, 0xdc, 0x1c, 0x80, 0xdc, 0x1c, 0x80, 
  0xdc, 0x1c, 0x80, 0xdc, 0x1c, 0x80, 0xdc, 0x1c, 0x80, 0xdc, 0x1c, 0x80, 
  0xdc, 0x1c, 0x80, 0xdb, 0x1c, 0x7a, 0xdc, 0x14, 0x6d, 0xdc, 0x14, 0x60, 
  0xdb, 0x1c, 0x4a, 0xfc, 0x14, 0x20, 0x00, 0x00, 0x00, 0x00, 0x00, 0x00, 
  0x00, 0x00, 0x00, 0xff, 0x05, 0x04, 0xff, 0x07, 0x01, 0x00, 0x00, 0x00, 
  0x00, 0x00, 0x00, 0x00, 0x00, 0x00, 0x00, 0x00, 0x00, 0x00, 0x00, 0x00, 
  0x00, 0x00, 0x00, 0x00, 0x00, 0x00, 0x00, 0x00, 0x00, 0x00, 0x00, 0x00, 
  0x00, 0x00, 0x00, 0x00, 0x00, 0x00, 0x00, 0x00, 0x00, 0x00, 0x00, 0x00, 
  0x00, 0x00, 0x00, 0x00, 0x00, 0x00, 0x00, 0x00, 0x00, 0x00, 0x00, 0x00, 
  0x00, 0x00, 0x00, 0x00, 0x00, 0x00, 0x00, 0x00, 0x00, 0x00, 0x00, 0x00, 
  0x00, 0x00, 0x00, 0x00, 0x00, 0x00, 0x00, 0x00, 0x00, 0x00, 0x00, 0x00, 
  0x00, 0x00, 0x00, 0x00, 0x00, 0x00, 0x00, 0x00, 0x00, 0x00, 0x00, 0x00, 
  0x00, 0x00, 0x00, 0x00, 0x00, 0x00, 0x00, 0x00, 0x00, 0x00, 0x00, 0x00, 
  0x00, 0x00, 0x00, 0x00, 0x00, 0x00, 0x00, 0x00, 0x00, 0x00, 0x00, 0x00, 
  0x00, 0x00, 0x00, 0x00, 0x00, 0x00, 0x00, 0x00, 0x00, 0x00, 0x00, 0x00, 
  0x00, 0x00, 0x00, 0x00, 0x00, 0x00, 0x00, 0x00, 0x00, 0x00, 0x00, 0x00, 
  0x00, 0x00, 0x00, 0x00, 0x00, 0x00, 0x00, 0x00, 0x00, 0x00, 0x00, 0x00, 
  0xff, 0x07, 0x01, 0x00, 0x00, 0x00, 0x00, 0x00, 0x00, 0x78, 0x1c, 0x09, 
  0xfc, 0x1c, 0x31, 0xbb, 0x1c, 0x62, 0xdc, 0x1c, 0x99, 0xdc, 0x1c, 0xd1, 
  0xdc, 0x1c, 0xf0, 0xdc, 0x1c, 0xff, 0x3e, 0x1d, 0xff, 0x7f, 0x1d, 0xff, 
  0x7f, 0x1d, 0xff, 0x7f, 0x1d, 0xff, 0x7f, 0x1d, 0xff, 0x7f, 0x1d, 0xff, 
  0x7f, 0x1d, 0xff, 0x7f, 0x1d, 0xff, 0x7f, 0x1d, 0xff, 0x7f, 0x1d, 0xff, 
  0x7f, 0x1d, 0xff, 0x7f, 0x1d, 0xff, 0x7f, 0x1d, 0xff, 0x7f, 0x1d, 0xff, 
  0x7f, 0x1d, 0xff, 0x7f, 0x1d, 0xff, 0x7f, 0x1d, 0xff, 0x7f, 0x1d, 0xff, 
  0x7f, 0x1d, 0xff, 0x7f, 0x1d, 0xff, 0x7f, 0x1d, 0xff, 0x7f, 0x1d, 0xff, 
  0x7f, 0x1d, 0xff, 0x3e, 0x1d, 0xff, 0xfc, 0x1c, 0xff, 0x1c, 0x1d, 0xff, 
  0x1c, 0x1d, 0xff, 0x1c, 0x1d, 0xff, 0x3e, 0x1d, 0xff, 0x7f, 0x1d, 0xff, 
  0x7f, 0x1d, 0xff, 0x7f, 0x1d, 0xff, 0x7f, 0x1d, 0xff, 0x7f, 0x1d, 0xff, 
  0x7f, 0x1d, 0xff, 0x7f, 0x1d, 0xff, 0x7f, 0x1d, 0xff, 0x7f, 0x1d, 0xff, 
  0x7f, 0x1d, 0xff, 0x7f, 0x1d, 0xff, 0x7f, 0x1d, 0xff, 0x7f, 0x1d, 0xff, 
  0x7f, 0x1d, 0xff, 0x7f, 0x1d, 0xff, 0x7f, 0x1d, 0xff, 0x7f, 0x1d, 0xff, 
  0x7f, 0x1d, 0xff, 0x7f, 0x1d, 0xff, 0x7f, 0x1d, 0xff, 0x7f, 0x1d, 0xff, 
  0x7f, 0x1d, 0xff, 0x3e, 0x1d, 0xff, 0xdc, 0x1c, 0xff, 0xdc, 0x1c, 0xf0, 
  0xdc, 0x1c, 0xd1, 0xfc, 0x1c, 0x97, 0xdc, 0x1c, 0x61, 0xdb, 0x14, 0x36, 
  0x5a, 0x14, 0x0d, 0x00, 0x00, 0x00, 0x00, 0x00, 0x00, 0xff, 0x07, 0x01, 
  0x00, 0x00, 0x00, 0x00, 0x00, 0x00, 0x00, 0x00, 0x00, 0x00, 0x00, 0x00, 
  0x00, 0x00, 0x00, 0x00, 0x00, 0x00, 0x00, 0x00, 0x00, 0x00, 0x00, 0x00, 
  0x00, 0x00, 0x00, 0x00, 0x00, 0x00, 0x00, 0x00, 0x00, 0x00, 0x00, 0x00, 
  0x00, 0x00, 0x00, 0x00, 0x00, 0x00, 0x00, 0x00, 0x00, 0x00, 0x00, 0x00, 
  0x00, 0x00, 0x00, 0x00, 0x00, 0x00, 0x00, 0x00, 0x00, 0x00, 0x00, 0x00, 
  0x00, 0x00, 0x00, 0x00, 0x00, 0x00, 0x00, 0x00, 0x00, 0x00, 0x00, 0x00, 
  0x00, 0x00, 0x00, 0x00, 0x00, 0x00, 0x00, 0x00, 0x00, 0x00, 0x00, 0x00, 
  0x00, 0x00, 0x00, 0x00, 0x00, 0x00, 0x00, 0x00, 0x00, 0x00, 0x00, 0x00, 
  0x00, 0x00, 0x00, 0x00, 0x00, 0x00, 0x00, 0x00, 0x00, 0x00, 0x00, 0x00, 
  0x00, 0x00, 0x00, 0x00, 0x00, 0x00, 0x00, 0x00, 0x00, 0x00, 0x00, 0x00, 
  0x00, 0x00, 0x00, 0x00, 0x00, 0x00, 0x00, 0x00, 0x00, 0x00, 0x00, 0x00, 
  0x00, 0x00, 0x00, 0x00, 0x00, 0x00, 0x00, 0x00, 0x00, 0x00, 0x00, 0x00, 
  0x00, 0x00, 0x00, 0x1f, 0x00, 0x02, 0xbb, 0x14, 0x16, 0xfc, 0x1c, 0x63, 
  0xdc, 0x1c, 0xce, 0x1d, 0x1d, 0xff, 0x1d, 0x1d, 0xff, 0xfc, 0x1c, 0xff, 
  0xdc, 0x1c, 0xfe, 0xdc, 0x1c, 0xfd, 0xdc, 0x1c, 0xfb, 0xdc, 0x1c, 0xfb, 
  0xdc, 0x1c, 0xfb, 0xdc, 0x1c, 0xfb, 0xdc, 0x1c, 0xfb, 0xdc, 0x1c, 0xfb, 
  0xdc, 0x1c, 0xfb, 0xdc, 0x1c, 0xfb, 0xdc, 0x1c, 0xfb, 0xdc, 0x1c, 0xfb, 
  0xdc, 0x1c, 0xfb, 0xdc, 0x1c, 0xfb, 0xdc, 0x1c, 0xfb, 0xdc, 0x1c, 0xfb, 
  0xdc, 0x1c, 0xfb, 0xdc, 0x1c, 0xfb, 0xdc, 0x1c, 0xfb, 0xdc, 0x1c, 0xfb, 
  0xdc, 0x1c, 0xfb, 0xdc, 0x1c, 0xfb, 0xdc, 0x1c, 0xfb, 0xdc, 0x1c, 0xfb, 
  0xdc, 0x1c, 0xfb, 0xdc, 0x1c, 0xfd, 0xdc, 0x1c, 0xff, 0xdc, 0x1c, 0xff, 
  0xdc, 0x1c, 0xff, 0xdc, 0x1c, 0xff, 0xdc, 0x1c, 0xfd, 0xdc, 0x1c, 0xfb, 
  0xdc, 0x1c, 0xfb, 0xdc, 0x1c, 0xfb, 0xdc, 0x1c, 0xfb, 0xdc, 0x1c, 0xfb, 
  0xdc, 0x1c, 0xfb, 0xdc, 0x1c, 0xfb, 0xdc, 0x1c, 0xfb, 0xdc, 0x1c, 0xfb, 
  0xdc, 0x1c, 0xfb, 0xdc, 0x1c, 0xfb, 0xdc, 0x1c, 0xfb, 0xdc, 0x1c, 0xfb, 
  0xdc, 0x1c, 0xfb, 0xdc, 0x1c, 0xfb, 0xdc, 0x1c, 0xfb, 0xdc, 0x1c, 0xfb, 
  0xdc, 0x1c, 0xfb, 0xdc, 0x1c, 0xfb, 0xdc, 0x1c, 0xfb, 0xdc, 0x1c, 0xfb, 
  0xdc, 0x1c, 0xfb, 0xdc, 0x1c, 0xfb, 0xdc, 0x1c, 0xfd, 0xdc, 0x1c, 0xfe, 
  0xfc, 0x1c, 0xff, 0x1d, 0x1d, 0xff, 0x1d, 0x1d, 0xff, 0xdc, 0x1c, 0xdc, 
  0xdc, 0x1c, 0x70, 0xba, 0x14, 0x18, 0x1f, 0x00, 0x01, 0x00, 0x00, 0x00, 
  0x00, 0x00, 0x00, 0x00, 0x00, 0x00, 0x00, 0x00, 0x00, 0x00, 0x00, 0x00, 
  0x00, 0x00, 0x00, 0x00, 0x00, 0x00, 0x00, 0x00, 0x00, 0x00, 0x00, 0x00, 
  0x00, 0x00, 0x00, 0x00, 0x00, 0x00, 0x00, 0x00, 0x00, 0x00, 0x00, 0x00, 
  0x00, 0x00, 0x00, 0x00, 0x00, 0x00, 0x00, 0x00, 0x00, 0x00, 0x00, 0x00, 
  0x00, 0x00, 0x00, 0x00, 0x00, 0x00, 0x00, 0x00, 0x00, 0x00, 0x00, 0x00, 
  0x00, 0x00, 0x00, 0x00, 0x00, 0x00, 0x00, 0x00, 0x00, 0x00, 0x00, 0x00, 
  0x00, 0x00, 0x00, 0x00, 0x00, 0x00, 0x00, 0x00, 0x00, 0x00, 0x00, 0x00, 
  0x00, 0x00, 0x00, 0x00, 0x00, 0x00, 0x00, 0x00, 0x00, 0x00, 0x00, 0x00, 
  0x00, 0x00, 0x00, 0x00, 0x00, 0x00, 0x00, 0x00, 0x00, 0x00, 0x00, 0x00, 
  0x00, 0x00, 0x00, 0x00, 0x00, 0x00, 0x00, 0x00, 0x00, 0x00, 0x00, 0x00, 
  0x00, 0x00, 0x00, 0x00, 0x00, 0x00, 0x00, 0x00, 0x00, 0x00, 0x00, 0x00, 
  0x00, 0x00, 0x00, 0x00, 0x00, 0x00, 0xff, 0x03, 0x02, 0xff, 0x07, 0x01, 
  0x00, 0x00, 0x00, 0xdc, 0x1c, 0x34, 0xdb, 0x1c, 0xbc, 0x1d, 0x1d, 0xf5, 
  0xdc, 0x1c, 0xfb, 0xfc, 0x1c, 0xff, 0xfc, 0x1c, 0xff, 0xfc, 0x1c, 0xff, 
  0xfc, 0x1c, 0xff, 0xdc, 0x1c, 0xff, 0xdc, 0x1c, 0xff, 0xdc, 0x1c, 0xff, 
  0xdc, 0x1c, 0xff, 0xdc, 0x1c, 0xff, 0xdc, 0x1c, 0xff, 0xdc, 0x1c, 0xff, 
  0xdc, 0x1c, 0xff, 0xdc, 0x1c, 0xff, 0xdc, 0x1c, 0xff, 0xdc, 0x1c, 0xff, 
  0xdc, 0x1c, 0xff, 0xdc, 0x1c, 0xff, 0xdc, 0x1c, 0xff, 0xdc, 0x1c, 0xff, 
  0xdc, 0x1c, 0xff, 0xdc, 0x1c, 0xff, 0xdc, 0x1c, 0xff, 0xdc, 0x1c, 0xff, 
  0xdc, 0x1c, 0xff, 0xdc, 0x1c, 0xff, 0xdc, 0x1c, 0xff, 0xdc, 0x1c, 0xff, 
  0xdc, 0x1c, 0xff, 0xdc, 0x1c, 0xff, 0xdc, 0x1c, 0xff, 0xdc, 0x1c, 0xff, 
  0xdc, 0x1c, 0xff, 0xdc, 0x1c, 0xff, 0xdc, 0x1c, 0xff, 0xdc, 0x1c, 0xff, 
  0xdc, 0x1c, 0xff, 0xdc, 0x1c, 0xff, 0xdc, 0x1c, 0xff, 0xdc, 0x1c, 0xff, 
  0xdc, 0x1c, 0xff, 0xdc, 0x1c, 0xff, 0xdc, 0x1c, 0xff, 0xdc, 0x1c, 0xff, 
  0xdc, 0x1c, 0xff, 0xdc, 0x1c, 0xff, 0xdc, 0x1c, 0xff, 0xdc, 0x1c, 0xff, 
  0xdc, 0x1c, 0xff, 0xdc, 0x1c, 0xff, 0xdc, 0x1c, 0xff, 0xdc, 0x1c, 0xff, 
  0xdc, 0x1c, 0xff, 0xdc, 0x1c, 0xff, 0xdc, 0x1c, 0xff, 0xdc, 0x1c, 0xff, 
  0xdc, 0x1c, 0xff, 0xdc, 0x1c, 0xff, 0xdc, 0x1c, 0xff, 0xfc, 0x1c, 0xff, 
  0xfc, 0x1c, 0xff, 0xfc, 0x1c, 0xff, 0xfc, 0x1c, 0xff, 0xdc, 0x1c, 0xfc, 
  0xfd, 0x1c, 0xf6, 0xdb, 0x1c, 0xbb, 0x9c, 0x1c, 0x32, 0x00, 0x00, 0x00, 
  0xff, 0x07, 0x01, 0xff, 0x03, 0x02, 0x00, 0x00, 0x00, 0x00, 0x00, 0x00, 
  0x00, 0x00, 0x00, 0x00, 0x00, 0x00, 0x00, 0x00, 0x00, 0x00, 0x00, 0x00, 
  0x00, 0x00, 0x00, 0x00, 0x00, 0x00, 0x00, 0x00, 0x00, 0x00, 0x00, 0x00, 
  0x00, 0x00, 0x00, 0x00, 0x00, 0x00, 0x00, 0x00, 0x00, 0x00, 0x00, 0x00, 
  0x00, 0x00, 0x00, 0x00, 0x00, 0x00, 0x00, 0x00, 0x00, 0x00, 0x00, 0x00, 
  0x00, 0x00, 0x00, 0x00, 0x00, 0x00, 0x00, 0x00, 0x00, 0x00, 0x00, 0x00, 
  0x00, 0x00, 0x00, 0x00, 0x00, 0x00, 0x00, 0x00, 0x00, 0x00, 0x00, 0x00, 
  0x00, 0x00, 0x00, 0x00, 0x00, 0x00, 0x00, 0x00, 0x00, 0x00, 0x00, 0x00, 
  0x00, 0x00, 0x00, 0x00, 0x00, 0x00, 0x00, 0x00, 0x00, 0x00, 0x00, 0x00, 
  0x00, 0x00, 0x00, 0x00, 0x00, 0x00, 0x00, 0x00, 0x00, 0x00, 0x00, 0x00, 
  0x00, 0x00, 0x00, 0x00, 0x00, 0x00, 0x00, 0x00, 0x00, 0x00, 0x00, 0x00, 
  0x00, 0x00, 0x00, 0x5f, 0x05, 0x03, 0xff, 0x03, 0x02, 0xdf, 0x34, 0x05, 
  0xdb, 0x1c, 0x50, 0xdc, 0x1c, 0xc9, 0x1d, 0x1d, 0xff, 0x1d, 0x1d, 0xff, 
  0xfc, 0x1c, 0xff, 0xdc, 0x1c, 0xfd, 0xdc, 0x1c, 0xfd, 0xdc, 0x1c, 0xfe, 
  0xdc, 0x1c, 0xfe, 0xdc, 0x1c, 0xff, 0xdc, 0x1c, 0xff, 0xdc, 0x1c, 0xff, 
  0xdc, 0x1c, 0xff, 0xdc, 0x1c, 0xff, 0xdc, 0x1c, 0xff, 0xdc, 0x1c, 0xff, 
  0xdc, 0x1c, 0xff, 0xdc, 0x1c, 0xff, 0xdc, 0x1c, 0xff, 0xdc, 0x1c, 0xff, 
  0xdc, 0x1c, 0xff, 0xdc, 0x1c, 0xff, 0xdc, 0x1c, 0xff, 0xdc, 0x1c, 0xff, 
  0xdc, 0x1c, 0xff, 0xdc, 0x1c, 0xff, 0xdc, 0x1c, 0xff, 0xdc, 0x1c, 0xff, 
  0xdc, 0x1c, 0xff, 0xdc, 0x1c, 0xff, 0xdc, 0x1c, 0xff, 0xdc, 0x1c, 0xff, 
  0xdc, 0x1c, 0xff, 0xdc, 0x1c, 0xff, 0xdc, 0x1c, 0xff, 0xdc, 0x1c, 0xff, 
  0xdc, 0x1c, 0xff, 0xdc, 0x1c, 0xff, 0xdc, 0x1c, 0xff, 0xdc, 0x1c, 0xff, 
  0xdc, 0x1c, 0xff, 0xdc, 0x1c, 0xff, 0xdc, 0x1c, 0xff, 0xdc, 0x1c, 0xff, 
  0xdc, 0x1c, 0xff, 0xdc, 0x1c, 0xff, 0xdc, 0x1c, 0xff, 0xdc, 0x1c, 0xff, 
  0xdc, 0x1c, 0xff, 0xdc, 0x1c, 0xff, 0xdc, 0x1c, 0xff, 0xdc, 0x1c, 0xff, 
  0xdc, 0x1c, 0xff, 0xdc, 0x1c, 0xff, 0xdc, 0x1c, 0xff, 0xdc, 0x1c, 0xff, 
  0xdc, 0x1c, 0xff, 0xdc, 0x1c, 0xff, 0xdc, 0x1c, 0xff, 0xdc, 0x1c, 0xff, 
  0xdc, 0x1c, 0xff, 0xdc, 0x1c, 0xff, 0xdc, 0x1c, 0xff, 0xdc, 0x1c, 0xfe, 
  0xdc, 0x1c, 0xfe, 0xdc, 0x1c, 0xfd, 0xdc, 0x1c, 0xfd, 0xdc, 0x1c, 0xff, 
  0x1d, 0x1d, 0xff, 0xfd, 0x1c, 0xff, 0xdc, 0x1c, 0xc9, 0xdb, 0x1c, 0x4f, 
  0xd9, 0x34, 0x05, 0xff, 0x03, 0x02, 0x5f, 0x05, 0x03, 0x00, 0x00, 0x00, 
  0x00, 0x00, 0x00, 0x00, 0x00, 0x00, 0x00, 0x00, 0x00, 0x00, 0x00, 0x00, 
  0x00, 0x00, 0x00, 0x00, 0x00, 0x00, 0x00, 0x00, 0x00, 0x00, 0x00, 0x00, 
  0x00, 0x00, 0x00, 0x00, 0x00, 0x00, 0x00, 0x00, 0x00, 0x00, 0x00, 0x00, 
  0x00, 0x00, 0x00, 0x00, 0x00, 0x00, 0x00, 0x00, 0x00, 0x00, 0x00, 0x00, 
  0x00, 0x00, 0x00, 0x00, 0x00, 0x00, 0x00, 0x00, 0x00, 0x00, 0x00, 0x00, 
  0x00, 0x00, 0x00, 0x00, 0x00, 0x00, 0x00, 0x00, 0x00, 0x00, 0x00, 0x00, 
  0x00, 0x00, 0x00, 0x00, 0x00, 0x00, 0x00, 0x00, 0x00, 0x00, 0x00, 0x00, 
  0x00, 0x00, 0x00, 0x00, 0x00, 0x00, 0x00, 0x00, 0x00, 0x00, 0x00, 0x00, 
  0x00, 0x00, 0x00, 0x00, 0x00, 0x00, 0x00, 0x00, 0x00, 0x00, 0x00, 0x00, 
  0x00, 0x00, 0x00, 0x00, 0x00, 0x00, 0x00, 0x00, 0x00, 0x00, 0x00, 0x00, 
  0x00, 0x00, 0x00, 0xff, 0x05, 0x04, 0x00, 0x00, 0x00, 0xbb, 0x14, 0x41, 
  0xfc, 0x1c, 0xcd, 0x3d, 0x1d, 0xff, 0xfc, 0x1c, 0xff, 0xdc, 0x1c, 0xf9, 
  0xdc, 0x1c, 0xfe, 0xdc, 0x1c, 0xff, 0xdc, 0x1c, 0xff, 0xdc, 0x1c, 0xff, 
  0xdc, 0x1c, 0xff, 0xdc, 0x1c, 0xff, 0xdc, 0x1c, 0xff, 0xdc, 0x1c, 0xff, 
  0xdc, 0x1c, 0xff, 0xdc, 0x1c, 0xff, 0xdc, 0x1c, 0xff, 0xdc, 0x1c, 0xff, 
  0xdc, 0x1c, 0xff, 0xdc, 0x1c, 0xff, 0xdc, 0x1c, 0xff, 0xdc, 0x1c, 0xff, 
  0xdc, 0x1c, 0xff, 0xdc, 0x1c, 0xff, 0xdc, 0x1c, 0xff, 0xdc, 0x1c, 0xff, 
  0xdc, 0x1c, 0xff, 0xdc, 0x1c, 0xff, 0xdc, 0x1c, 0xff, 0xdc, 0x1c, 0xff, 
  0xdc, 0x1c, 0xff, 0xdc, 0x1c, 0xff, 0xdc, 0x1c, 0xff, 0xdc, 0x1c, 0xff, 
  0xdc, 0x1c, 0xff, 0xdc, 0x1c, 0xff, 0xdc, 0x1c, 0xff, 0xdc, 0x1c, 0xff, 
  0xdc, 0x1c, 0xff, 0xdc, 0x1c, 0xff, 0xdc, 0x1c, 0xff, 0xdc, 0x1c, 0xff, 
  0xdc, 0x1c, 0xff, 0xdc, 0x1c, 0xff, 0xdc, 0x1c, 0xff, 0xdc, 0x1c, 0xff, 
  0xdc, 0x1c, 0xff, 0xdc, 0x1c, 0xff, 0xdc, 0x1c, 0xff, 0xdc, 0x1c, 0xff, 
  0xdc, 0x1c, 0xff, 0xdc, 0x1c, 0xff, 0xdc, 0x1c, 0xff, 0xdc, 0x1c, 0xff, 
  0xdc, 0x1c, 0xff, 0xdc, 0x1c, 0xff, 0xdc, 0x1c, 0xff, 0xdc, 0x1c, 0xff, 
  0xdc, 0x1c, 0xff, 0xdc, 0x1c, 0xff, 0xdc, 0x1c, 0xff, 0xdc, 0x1c, 0xff, 
  0xdc, 0x1c, 0xff, 0xdc, 0x1c, 0xff, 0xdc, 0x1c, 0xff, 0xdc, 0x1c, 0xff, 
  0xdc, 0x1c, 0xff, 0xdc, 0x1c, 0xff, 0xdc, 0x1c, 0xff, 0xdc, 0x1c, 0xfe, 
  0xdc, 0x1c, 0xf9, 0xfc, 0x1c, 0xff, 0x3d, 0x1d, 0xff, 0xfc, 0x1c, 0xcd, 
  0xba, 0x14, 0x41, 0x00, 0x00, 0x00, 0xff, 0x05, 0x04, 0x00, 0x00, 0x00, 
  0x00, 0x00, 0x00, 0x00, 0x00, 0x00, 0x00, 0x00, 0x00, 0x00, 0x00, 0x00, 
  0x00, 0x00, 0x00, 0x00, 0x00, 0x00, 0x00, 0x00, 0x00, 0x00, 0x00, 0x00, 
  0x00, 0x00, 0x00, 0x00, 0x00, 0x00, 0x00, 0x00, 0x00, 0x00, 0x00, 0x00, 
  0x00, 0x00, 0x00, 0x00, 0x00, 0x00, 0x00, 0x00, 0x00, 0x00, 0x00, 0x00, 
  0x00, 0x00, 0x00, 0x00, 0x00, 0x00, 0x00, 0x00, 0x00, 0x00, 0x00, 0x00, 
  0x00, 0x00, 0x00, 0x00, 0x00, 0x00, 0x00, 0x00, 0x00, 0x00, 0x00, 0x00, 
  0x00, 0x00, 0x00, 0x00, 0x00, 0x00, 0x00, 0x00, 0x00, 0x00, 0x00, 0x00, 
  0x00, 0x00, 0x00, 0x00, 0x00, 0x00, 0x00, 0x00, 0x00, 0x00, 0x00, 0x00, 
  0x00, 0x00, 0x00, 0x00, 0x00, 0x00, 0x00, 0x00, 0x00, 0x00, 0x00, 0x00, 
  0x00, 0x00, 0x00, 0x00, 0x00, 0x00, 0x00, 0x00, 0x00, 0x00, 0x00, 0x00, 
  0xff, 0x03, 0x02, 0x00, 0x00, 0x00, 0xfc, 0x1c, 0x30, 0x1c, 0x1d, 0xb2, 
  0x3d, 0x1d, 0xff, 0xfc, 0x1c, 0xfb, 0xdc, 0x1c, 0xfc, 0xdc, 0x1c, 0xff, 
  0xdc, 0x1c, 0xff, 0xdc, 0x1c, 0xff, 0xdc, 0x1c, 0xff, 0xdc, 0x1c, 0xff, 
  0xdc, 0x1c, 0xff, 0xdc, 0x1c, 0xff, 0xdc, 0x1c, 0xff, 0xdc, 0x1c, 0xff, 
  0xdc, 0x1c, 0xff, 0xdc, 0x1c, 0xff, 0xdc, 0x1c, 0xff, 0xdc, 0x1c, 0xff, 
  0xdc, 0x1c, 0xff, 0xdc, 0x1c, 0xff, 0xdc, 0x1c, 0xff, 0xdc, 0x1c, 0xff, 
  0xdc, 0x1c, 0xff, 0xdc, 0x1c, 0xff, 0xdc, 0x1c, 0xff, 0xdc, 0x1c, 0xff, 
  0xdc, 0x1c, 0xff, 0xdc, 0x1c, 0xff, 0xdc, 0x1c, 0xff, 0xdc, 0x1c, 0xff, 
  0xdc, 0x1c, 0xff, 0xdc, 0x1c, 0xff, 0xdc, 0x1c, 0xff, 0xdc, 0x1c, 0xff, 
  0xdc, 0x1c, 0xff, 0xdc, 0x1c, 0xff, 0xdc, 0x1c, 0xff, 0xdc, 0x1c, 0xff, 
  0xdc, 0x1c, 0xff, 0xdc, 0x1c, 0xff, 0xdc, 0x1c, 0xff, 0xdc, 0x1c, 0xff, 
  0xdc, 0x1c, 0xff, 0xdc, 0x1c, 0xff, 0xdc, 0x1c, 0xff, 0xdc, 0x1c, 0xff, 
  0xdc, 0x1c, 0xff, 0xdc, 0x1c, 0xff, 0xdc, 0x1c, 0xff, 0xdc, 0x1c, 0xff, 
  0xdc, 0x1c, 0xff, 0xdc, 0x1c, 0xff, 0xdc, 0x1c, 0xff, 0xdc, 0x1c, 0xff, 
  0xdc, 0x1c, 0xff, 0xdc, 0x1c, 0xff, 0xdc, 0x1c, 0xff, 0xdc, 0x1c, 0xff, 
  0xdc, 0x1c, 0xff, 0xdc, 0x1c, 0xff, 0xdc, 0x1c, 0xff, 0xdc, 0x1c, 0xff, 
  0xdc, 0x1c, 0xff, 0xdc, 0x1c, 0xff, 0xdc, 0x1c, 0xff, 0xdc, 0x1c, 0xff, 
  0xdc, 0x1c, 0xff, 0xdc, 0x1c, 0xff, 0xdc, 0x1c, 0xff, 0xdc, 0x1c, 0xff, 
  0xdc, 0x1c, 0xff, 0xdc, 0x1c, 0xfc, 0xfc, 0x1c, 0xfa, 0x3d, 0x1d, 0xff, 
  0xfc, 0x1c, 0xb1, 0xbb, 0x1c, 0x2f, 0x00, 0x00, 0x00, 0xff, 0x03, 0x02, 
  0x00, 0x00, 0x00, 0x00, 0x00, 0x00, 0x00, 0x00, 0x00, 0x00, 0x00, 0x00, 
  0x00, 0x00, 0x00, 0x00, 0x00, 0x00, 0x00, 0x00, 0x00, 0x00, 0x00, 0x00, 
  0x00, 0x00, 0x00, 0x00, 0x00, 0x00, 0x00, 0x00, 0x00, 0x00, 0x00, 0x00, 
  0x00, 0x00, 0x00, 0x00, 0x00, 0x00, 0x00, 0x00, 0x00, 0x00, 0x00, 0x00, 
  0x00, 0x00, 0x00, 0x00, 0x00, 0x00, 0x00, 0x00, 0x00, 0x00, 0x00, 0x00, 
  0x00, 0x00, 0x00, 0x00, 0x00, 0x00, 0x00, 0x00, 0x00, 0x00, 0x00, 0x00, 
  0x00, 0x00, 0x00, 0x00, 0x00, 0x00, 0x00, 0x00, 0x00, 0x00, 0x00, 0x00, 
  0x00, 0x00, 0x00, 0x00, 0x00, 0x00, 0x00, 0x00, 0x00, 0x00, 0x00, 0x00, 
  0x00, 0x00, 0x00, 0x00, 0x00, 0x00, 0x00, 0x00, 0x00, 0x00, 0x00, 0x00, 
  0x00, 0x00, 0x00, 0x00, 0x00, 0x00, 0x00, 0x00, 0x00, 0x00, 0x00, 0x00, 
  0xff, 0x03, 0x02, 0xfa, 0x2b, 0x06, 0xfc, 0x1c, 0x94, 0x3e, 0x1d, 0xff, 
  0xdc, 0x1c, 0xfa, 0xdc, 0x1c, 0xff, 0xdc, 0x1c, 0xff, 0xdc, 0x1c, 0xff, 
  0xdc, 0x1c, 0xff, 0xdc, 0x1c, 0xff, 0xdc, 0x1c, 0xff, 0xdc, 0x1c, 0xff, 
  0xdc, 0x1c, 0xff, 0xdc, 0x1c, 0xff, 0xdc, 0x1c, 0xff, 0xdc, 0x1c, 0xff, 
  0xdc, 0x1c, 0xff, 0xdc, 0x1c, 0xff, 0xdc, 0x1c, 0xff, 0xdc, 0x1c, 0xff, 
  0xdc, 0x1c, 0xff, 0xdc, 0x1c, 0xff, 0xdc, 0x1c, 0xff, 0xdc, 0x1c, 0xff, 
  0xdc, 0x1c, 0xff, 0xdc, 0x1c, 0xff, 0xdc, 0x1c, 0xff, 0xdc, 0x1c, 0xff, 
  0xdc, 0x1c, 0xff, 0xdc, 0x1c, 0xff, 0xdc, 0x1c, 0xff, 0xdc, 0x1c, 0xff, 
  0xdc, 0x1c, 0xff, 0xdc, 0x1c, 0xff, 0xdc, 0x1c, 0xff, 0xdc, 0x1c, 0xff, 
  0xdc, 0x1c, 0xff, 0xdc, 0x1c, 0xff, 0xdc, 0x1c, 0xff, 0xdc, 0x1c, 0xff, 
  0xdc, 0x1c, 0xff, 0xdc, 0x1c, 0xff, 0xdc, 0x1c, 0xff, 0xdc, 0x1c, 0xff, 
  0xdc, 0x1c, 0xff, 0xdc, 0x1c, 0xff, 0xdc, 0x1c, 0xff, 0xdc, 0x1c, 0xff, 
  0xdc, 0x1c, 0xff, 0xdc, 0x1c, 0xff, 0xdc, 0x1c, 0xff, 0xdc, 0x1c, 0xff, 
  0xdc, 0x1c, 0xff, 0xdc, 0x1c, 0xff, 0xdc, 0x1c, 0xff, 0xdc, 0x1c, 0xff, 
  0xdc, 0x1c, 0xff, 0xdc, 0x1c, 0xff, 0xdc, 0x1c, 0xff, 0xdc, 0x1c, 0xff, 
  0xdc, 0x1c, 0xff, 0xdc, 0x1c, 0xff, 0xdc, 0x1c, 0xff, 0xdc, 0x1c, 0xff, 
  0xdc, 0x1c, 0xff, 0xdc, 0x1c, 0xff, 0xdc, 0x1c, 0xff, 0xdc, 0x1c, 0xff, 
  0xdc, 0x1c, 0xff, 0xdc, 0x1c, 0xff, 0xdc, 0x1c, 0xff, 0xdc, 0x1c, 0xff, 
  0xdc, 0x1c, 0xff, 0xdc, 0x1c, 0xff, 0xdc, 0x1c, 0xff, 0xdc, 0x1c, 0xfa, 
  0x3e, 0x1d, 0xff, 0xdc, 0x1c, 0x92, 0xdf, 0x34, 0x05, 0xff, 0x03, 0x02, 
  0x00, 0x00, 0x00, 0x00, 0x00, 0x00, 0x00, 0x00, 0x00, 0x00, 0x00, 0x00, 
  0x00, 0x00, 0x00, 0x00, 0x00, 0x00, 0x00, 0x00, 0x00, 0x00, 0x00, 0x00, 
  0x00, 0x00, 0x00, 0x00, 0x00, 0x00, 0x00, 0x00, 0x00, 0x00, 0x00, 0x00, 
  0x00, 0x00, 0x00, 0x00, 0x00, 0x00, 0x00, 0x00, 0x00, 0x00, 0x00, 0x00, 
  0x00, 0x00, 0x00, 0x00, 0x00, 0x00, 0x00, 0x00, 0x00, 0x00, 0x00, 0x00, 
  0x00, 0x00, 0x00, 0x00, 0x00, 0x00, 0x00, 0x00, 0x00, 0x00, 0x00, 0x00, 
  0x00, 0x00, 0x00, 0x00, 0x00, 0x00, 0x00, 0x00, 0x00, 0x00, 0x00, 0x00, 
  0x00, 0x00, 0x00, 0x00, 0x00, 0x00, 0x00, 0x00, 0x00, 0x00, 0x00, 0x00, 
  0x00, 0x00, 0x00, 0x00, 0x00, 0x00, 0x00, 0x00, 0x00, 0x00, 0x00, 0x00, 
  0x00, 0x00, 0x00, 0x00, 0x00, 0x00, 0xef, 0x03, 0x02, 0x00, 0x00, 0x00, 
  0x1f, 0x00, 0x01, 0xdc, 0x1c, 0x5d, 0xdb, 0x1c, 0xdb, 0x1d, 0x1d, 0xff, 
  0xdc, 0x1c, 0xfd, 0xdc, 0x1c, 0xff, 0xdc, 0x1c, 0xff, 0xdc, 0x1c, 0xff, 
  0xdc, 0x1c, 0xff, 0xdc, 0x1c, 0xff, 0xdc, 0x1c, 0xff, 0xdc, 0x1c, 0xff, 
  0xdc, 0x1c, 0xff, 0xdc, 0x1c, 0xff, 0xdc, 0x1c, 0xff, 0xdc, 0x1c, 0xff, 
  0xdc, 0x1c, 0xff, 0xdc, 0x1c, 0xff, 0xdc, 0x1c, 0xff, 0xdc, 0x1c, 0xff, 
  0xdc, 0x1c, 0xff, 0xdc, 0x1c, 0xff, 0xdc, 0x1c, 0xff, 0xdc, 0x1c, 0xff, 
  0xdc, 0x1c, 0xff, 0xdc, 0x1c, 0xff, 0xdc, 0x1c, 0xff, 0xdc, 0x1c, 0xff, 
  0xdc, 0x1c, 0xff, 0xdc, 0x1c, 0xff, 0xdc, 0x1c, 0xff, 0xdc, 0x1c, 0xff, 
  0xdc, 0x1c, 0xff, 0xdc, 0x1c, 0xff, 0xdc, 0x1c, 0xff, 0xdc, 0x1c, 0xff, 
  0xdc, 0x1c, 0xff, 0xdc, 0x1c, 0xff, 0xdc, 0x1c, 0xff, 0xdc, 0x1c, 0xff, 
  0xdc, 0x1c, 0xff, 0xdc, 0x1c, 0xff, 0xdc, 0x1c, 0xff, 0xdc, 0x1c, 0xff, 
  0xdc, 0x1c, 0xff, 0xdc, 0x1c, 0xff, 0xdc, 0x1c, 0xff, 0xdc, 0x1c, 0xff, 
  0xdc, 0x1c, 0xff, 0xdc, 0x1c, 0xff, 0xdc, 0x1c, 0xff, 0xdc, 0x1c, 0xff, 
  0xdc, 0x1c, 0xff, 0xdc, 0x1c, 0xff, 0xdc, 0x1c, 0xff, 0xdc, 0x1c, 0xff, 
  0xdc, 0x1c, 0xff, 0xdc, 0x1c, 0xff, 0xdc, 0x1c, 0xff, 0xdc, 0x1c, 0xff, 
  0xdc, 0x1c, 0xff, 0xdc, 0x1c, 0xff, 0xdc, 0x1c, 0xff, 0xdc, 0x1c, 0xff, 
  0xdc, 0x1c, 0xff, 0xdc, 0x1c, 0xff, 0xdc, 0x1c, 0xff, 0xdc, 0x1c, 0xff, 
  0xdc, 0x1c, 0xff, 0xdc, 0x1c, 0xff, 0xdc, 0x1c, 0xff, 0xdc, 0x1c, 0xff, 
  0xdc, 0x1c, 0xff, 0xdc, 0x1c, 0xff, 0xdc, 0x1c, 0xff, 0xdc, 0x1c, 0xfd, 
  0x1d, 0x1d, 0xff, 0xdc, 0x1c, 0xd9, 0xdc, 0x1c, 0x5b, 0x1f, 0x00, 0x01, 
  0x00, 0x00, 0x00, 0xef, 0x03, 0x02, 0x00, 0x00, 0x00, 0x00, 0x00, 0x00, 
  0x00, 0x00, 0x00, 0x00, 0x00, 0x00, 0x00, 0x00, 0x00, 0x00, 0x00, 0x00, 
  0x00, 0x00, 0x00, 0x00, 0x00, 0x00, 0x00, 0x00, 0x00, 0x00, 0x00, 0x00, 
  0x00, 0x00, 0x00, 0x00, 0x00, 0x00, 0x00, 0x00, 0x00, 0x00, 0x00, 0x00, 
  0x00, 0x00, 0x00, 0x00, 0x00, 0x00, 0x00, 0x00, 0x00, 0x00, 0x00, 0x00, 
  0x00, 0x00, 0x00, 0x00, 0x00, 0x00, 0x00, 0x00, 0x00, 0x00, 0x00, 0x00, 
  0x00, 0x00, 0x00, 0x00, 0x00, 0x00, 0x00, 0x00, 0x00, 0x00, 0x00, 0x00, 
  0x00, 0x00, 0x00, 0x00, 0x00, 0x00, 0x00, 0x00, 0x00, 0x00, 0x00, 0x00, 
  0x00, 0x00, 0x00, 0x00, 0x00, 0x00, 0x00, 0x00, 0x00, 0x00, 0x00, 0x00, 
  0x00, 0x00, 0x00, 0x1f, 0x00, 0x01, 0x00, 0x00, 0x01, 0x00, 0x00, 0x00, 
  0xdf, 0x34, 0x05, 0xdc, 0x1c, 0xb0, 0x3e, 0x1d, 0xfc, 0xfc, 0x1c, 0xf8, 
  0xdc, 0x1c, 0xff, 0xdc, 0x1c, 0xff, 0xdc, 0x1c, 0xff, 0xdc, 0x1c, 0xff, 
  0xdc, 0x1c, 0xff, 0xdc, 0x1c, 0xff, 0xdc, 0x1c, 0xff, 0xdc, 0x1c, 0xff, 
  0xdc, 0x1c, 0xff, 0xdc, 0x1c, 0xff, 0xdc, 0x1c, 0xff, 0xdc, 0x1c, 0xff, 
  0xdc, 0x1c, 0xff, 0xdc, 0x1c, 0xff, 0xdc, 0x1c, 0xff, 0xdc, 0x1c, 0xff, 
  0xdc, 0x1c, 0xff, 0xdc, 0x1c, 0xff, 0xdc, 0x1c, 0xff, 0xdc, 0x1c, 0xff, 
  0xdc, 0x1c, 0xff, 0xdc, 0x1c, 0xff, 0xdc, 0x1c, 0xff, 0xdc, 0x1c, 0xff, 
  0xdc, 0x1c, 0xff, 0xdc, 0x1c, 0xff, 0xdc, 0x1c, 0xff, 0xdc, 0x1c, 0xff, 
  0xdc, 0x1c, 0xff, 0xdc, 0x1c, 0xff, 0xdc, 0x1c, 0xff, 0xdc, 0x1c, 0xff, 
  0xdc, 0x1c, 0xff, 0xdc, 0x1c, 0xff, 0xdc, 0x1c, 0xff, 0xdc, 0x1c, 0xff, 
  0xdc, 0x1c, 0xff, 0xdc, 0x1c, 0xff, 0xdc, 0x1c, 0xff, 0xdc, 0x1c, 0xff, 
  0xdc, 0x1c, 0xff, 0xdc, 0x1c, 0xff, 0xdc, 0x1c, 0xff, 0xdc, 0x1c, 0xff, 
  0xdc, 0x1c, 0xff, 0xdc, 0x1c, 0xff, 0xdc, 0x1c, 0xff, 0xdc, 0x1c, 0xff, 
  0xdc, 0x1c, 0xff, 0xdc, 0x1c, 0xff, 0xdc, 0x1c, 0xff, 0xdc, 0x1c, 0xff, 
  0xdc, 0x1c, 0xff, 0xdc, 0x1c, 0xff, 0xdc, 0x1c, 0xff, 0xdc, 0x1c, 0xff, 
  0xdc, 0x1c, 0xff, 0xdc, 0x1c, 0xff, 0xdc, 0x1c, 0xff, 0xdc, 0x1c, 0xff, 
  0xdc, 0x1c, 0xff, 0xdc, 0x1c, 0xff, 0xdc, 0x1c, 0xff, 0xdc, 0x1c, 0xff, 
  0xdc, 0x1c, 0xff, 0xdc, 0x1c, 0xff, 0xdc, 0x1c, 0xff, 0xdc, 0x1c, 0xff, 
  0xdc, 0x1c, 0xff, 0xdc, 0x1c, 0xff, 0xdc, 0x1c, 0xff, 0xdc, 0x1c, 0xff, 
  0xfc, 0x1c, 0xf8, 0x3e, 0x1d, 0xfb, 0xdb, 0x1c, 0xb0, 0xff, 0x3d, 0x04, 
  0x00, 0x00, 0x00, 0x00, 0x00, 0x01, 0x1f, 0x00, 0x01, 0x00, 0x00, 0x00, 
  0x00, 0x00, 0x00, 0x00, 0x00, 0x00, 0x00, 0x00, 0x00, 0x00, 0x00, 0x00, 
  0x00, 0x00, 0x00, 0x00, 0x00, 0x00, 0x00, 0x00, 0x00, 0x00, 0x00, 0x00, 
  0x00, 0x00, 0x00, 0x00, 0x00, 0x00, 0x00, 0x00, 0x00, 0x00, 0x00, 0x00, 
  0x00, 0x00, 0x00, 0x00, 0x00, 0x00, 0x00, 0x00, 0x00, 0x00, 0x00, 0x00, 
  0x00, 0x00, 0x00, 0x00, 0x00, 0x00, 0x00, 0x00, 0x00, 0x00, 0x00, 0x00, 
  0x00, 0x00, 0x00, 0x00, 0x00, 0x00, 0x00, 0x00, 0x00, 0x00, 0x00, 0x00, 
  0x00, 0x00, 0x00, 0x00, 0x00, 0x00, 0x00, 0x00, 0x00, 0x00, 0x00, 0x00, 
  0x00, 0x00, 0x00, 0x00, 0x00, 0x00, 0x00, 0x00, 0x00, 0x00, 0x00, 0x00, 
  0x00, 0x00, 0x00, 0xef, 0x03, 0x02, 0x00, 0x00, 0x00, 0xef, 0x03, 0x02, 
  0xdc, 0x1c, 0x32, 0xdc, 0x1c, 0xd7, 0x5e, 0x1d, 0xff, 0xdc, 0x1c, 0xf8, 
  0xdc, 0x1c, 0xff, 0xdc, 0x1c, 0xff, 0xdc, 0x1c, 0xff, 0xdc, 0x1c, 0xff, 
  0xdc, 0x1c, 0xff, 0xdc, 0x1c, 0xff, 0xdc, 0x1c, 0xff, 0xdc, 0x1c, 0xff, 
  0xdc, 0x1c, 0xff, 0xdc, 0x1c, 0xff, 0xdc, 0x1c, 0xff, 0xdc, 0x1c, 0xff, 
  0xdc, 0x1c, 0xff, 0xdc, 0x1c, 0xff, 0xdc, 0x1c, 0xff, 0xdc, 0x1c, 0xff, 
  0xdc, 0x1c, 0xff, 0xdc, 0x1c, 0xff, 0xdc, 0x1c, 0xff, 0xdc, 0x1c, 0xff, 
  0xdc, 0x1c, 0xff, 0xdc, 0x1c, 0xff, 0xdc, 0x1c, 0xff, 0xdc, 0x1c, 0xff, 
  0xdc, 0x1c, 0xff, 0xdc, 0x1c, 0xff, 0xdc, 0x1c, 0xff, 0xdc, 0x1c, 0xff, 
  0xdc, 0x1c, 0xff, 0xdc, 0x1c, 0xff, 0xdc, 0x1c, 0xff, 0xdc, 0x1c, 0xff, 
  0xdc, 0x1c, 0xff, 0xdc, 0x1c, 0xff, 0xdc, 0x1c, 0xff, 0xdc, 0x1c, 0xff, 
  0xdc, 0x1c, 0xff, 0xdc, 0x1c, 0xff, 0xdc, 0x1c, 0xff, 0xdc, 0x1c, 0xff, 
  0xdc, 0x1c, 0xff, 0xdc, 0x1c, 0xff, 0xdc, 0x1c, 0xff, 0xdc, 0x1c, 0xff, 
  0xdc, 0x1c, 0xff, 0xdc, 0x1c, 0xff, 0xdc, 0x1c, 0xff, 0xdc, 0x1c, 0xff, 
  0xdc, 0x1c, 0xff, 0xdc, 0x1c, 0xff, 0xdc, 0x1c, 0xff, 0xdc, 0x1c, 0xff, 
  0xdc, 0x1c, 0xff, 0xdc, 0x1c, 0xff, 0xdc, 0x1c, 0xff, 0xdc, 0x1c, 0xff, 
  0xdc, 0x1c, 0xff, 0xdc, 0x1c, 0xff, 0xdc, 0x1c, 0xff, 0xdc, 0x1c, 0xff, 
  0xdc, 0x1c, 0xff, 0xdc, 0x1c, 0xff, 0xdc, 0x1c, 0xff, 0xdc, 0x1c, 0xff, 
  0xdc, 0x1c, 0xff, 0xdc, 0x1c, 0xff, 0xdc, 0x1c, 0xff, 0xdc, 0x1c, 0xff, 
  0xdc, 0x1c, 0xff, 0xdc, 0x1c, 0xff, 0xdc, 0x1c, 0xff, 0xdc, 0x1c, 0xff, 
  0xdc, 0x1c, 0xf8, 0x5e, 0x1d, 0xff, 0xdc, 0x1c, 0xd7, 0xfc, 0x14, 0x2f, 
  0xff, 0x07, 0x01, 0x00, 0x00, 0x00, 0xef, 0x03, 0x02, 0x00, 0x00, 0x00, 
  0x00, 0x00, 0x00, 0x00, 0x00, 0x00, 0x00, 0x00, 0x00, 0x00, 0x00, 0x00, 
  0x00, 0x00, 0x00, 0x00, 0x00, 0x00, 0x00, 0x00, 0x00, 0x00, 0x00, 0x00, 
  0x00, 0x00, 0x00, 0x00, 0x00, 0x00, 0x00, 0x00, 0x00, 0x00, 0x00, 0x00, 
  0x00, 0x00, 0x00, 0x00, 0x00, 0x00, 0x00, 0x00, 0x00, 0x00, 0x00, 0x00, 
  0x00, 0x00, 0x00, 0x00, 0x00, 0x00, 0x00, 0x00, 0x00, 0x00, 0x00, 0x00, 
  0x00, 0x00, 0x00, 0x00, 0x00, 0x00, 0x00, 0x00, 0x00, 0x00, 0x00, 0x00, 
  0x00, 0x00, 0x00, 0x00, 0x00, 0x00, 0x00, 0x00, 0x00, 0x00, 0x00, 0x00, 
  0x00, 0x00, 0x00, 0x00, 0x00, 0x00, 0x00, 0x00, 0x00, 0x00, 0x00, 0x00, 
  0x00, 0x00, 0x00, 0x5f, 0x05, 0x03, 0x00, 0x00, 0x00, 0x9b, 0x04, 0x07, 
  0xdc, 0x14, 0x77, 0xdc, 0x1c, 0xe7, 0x1d, 0x1d, 0xfe, 0xdc, 0x1c, 0xfb, 
  0xdc, 0x1c, 0xff, 0xdc, 0x1c, 0xff, 0xdc, 0x1c, 0xff, 0xdc, 0x1c, 0xff, 
  0xdc, 0x1c, 0xff, 0xdc, 0x1c, 0xff, 0xdc, 0x1c, 0xff, 0xdc, 0x1c, 0xff, 
  0xdc, 0x1c, 0xff, 0xdc, 0x1c, 0xff, 0xdc, 0x1c, 0xff, 0xdc, 0x1c, 0xff, 
  0xdc, 0x1c, 0xff, 0xdc, 0x1c, 0xff, 0xdc, 0x1c, 0xff, 0xdc, 0x1c, 0xff, 
  0xdc, 0x1c, 0xff, 0xdc, 0x1c, 0xff, 0xdc, 0x1c, 0xff, 0xdc, 0x1c, 0xff, 
  0xdc, 0x1c, 0xff, 0xdc, 0x1c, 0xff, 0xdc, 0x1c, 0xff, 0xdc, 0x1c, 0xff, 
  0xdc, 0x1c, 0xff, 0xdc, 0x1c, 0xff, 0xdc, 0x1c, 0xff, 0xdc, 0x1c, 0xff, 
  0xdc, 0x1c, 0xff, 0xdc, 0x1c, 0xff, 0xdc, 0x1c, 0xff, 0xdc, 0x1c, 0xff, 
  0xdc, 0x1c, 0xff, 0xdc, 0x1c, 0xff, 0xdc, 0x1c, 0xff, 0xdc, 0x1c, 0xff, 
  0xdc, 0x1c, 0xff, 0xdc, 0x1c, 0xff, 0xdc, 0x1c, 0xff, 0xdc, 0x1c, 0xff, 
  0xdc, 0x1c, 0xff, 0xdc, 0x1c, 0xff, 0xdc, 0x1c, 0xff, 0xdc, 0x1c, 0xff, 
  0xdc, 0x1c, 0xff, 0xdc, 0x1c, 0xff, 0xdc, 0x1c, 0xff, 0xdc, 0x1c, 0xff, 
  0xdc, 0x1c, 0xff, 0xdc, 0x1c, 0xff, 0xdc, 0x1c, 0xff, 0xdc, 0x1c, 0xff, 
  0xdc, 0x1c, 0xff, 0xdc, 0x1c, 0xff, 0xdc, 0x1c, 0xff, 0xdc, 0x1c, 0xff, 
  0xdc, 0x1c, 0xff, 0xdc, 0x1c, 0xff, 0xdc, 0x1c, 0xff, 0xdc, 0x1c, 0xff, 
  0xdc, 0x1c, 0xff, 0xdc, 0x1c, 0xff, 0xdc, 0x1c, 0xff, 0xdc, 0x1c, 0xff, 
  0xdc, 0x1c, 0xff, 0xdc, 0x1c, 0xff, 0xdc, 0x1c, 0xff, 0xdc, 0x1c, 0xff, 
  0xdc, 0x1c, 0xff, 0xdc, 0x1c, 0xff, 0xdc, 0x1c, 0xff, 0xdc, 0x1c, 0xff, 
  0xdc, 0x1c, 0xfb, 0x1d, 0x1d, 0xfe, 0xdc, 0x1c, 0xe7, 0xfc, 0x1c, 0x74, 
  0x5f, 0x05, 0x06, 0x00, 0x00, 0x00, 0x5f, 0x05, 0x03, 0x00, 0x00, 0x00, 
  0x00, 0x00, 0x00, 0x00, 0x00, 0x00, 0x00, 0x00, 0x00, 0x00, 0x00, 0x00, 
  0x00, 0x00, 0x00, 0x00, 0x00, 0x00, 0x00, 0x00, 0x00, 0x00, 0x00, 0x00, 
  0x00, 0x00, 0x00, 0x00, 0x00, 0x00, 0x00, 0x00, 0x00, 0x00, 0x00, 0x00, 
  0x00, 0x00, 0x00, 0x00, 0x00, 0x00, 0x00, 0x00, 0x00, 0x00, 0x00, 0x00, 
  0x00, 0x00, 0x00, 0x00, 0x00, 0x00, 0x00, 0x00, 0x00, 0x00, 0x00, 0x00, 
  0x00, 0x00, 0x00, 0x00, 0x00, 0x00, 0x00, 0x00, 0x00, 0x00, 0x00, 0x00, 
  0x00, 0x00, 0x00, 0x00, 0x00, 0x00, 0x00, 0x00, 0x00, 0x00, 0x00, 0x00, 
  0x00, 0x00, 0x00, 0x00, 0x00, 0x00, 0x00, 0x00, 0x00, 0x00, 0x00, 0x00, 
  0x00, 0x00, 0x00, 0xff, 0x05, 0x04, 0x00, 0x00, 0x00, 0x1c, 0x15, 0x0b, 
  0xfc, 0x1c, 0xaa, 0xdc, 0x1c, 0xfa, 0xfc, 0x1c, 0xff, 0xdc, 0x1c, 0xfd, 
  0xdc, 0x1c, 0xff, 0xdc, 0x1c, 0xff, 0xdc, 0x1c, 0xff, 0xdc, 0x1c, 0xff, 
  0xdc, 0x1c, 0xff, 0xdc, 0x1c, 0xff, 0xdc, 0x1c, 0xff, 0xdc, 0x1c, 0xff, 
  0xdc, 0x1c, 0xff, 0xdc, 0x1c, 0xff, 0xdc, 0x1c, 0xff, 0xdc, 0x1c, 0xff, 
  0xdc, 0x1c, 0xff, 0xdc, 0x1c, 0xff, 0xdc, 0x1c, 0xff, 0xdc, 0x1c, 0xff, 
  0xdc, 0x1c, 0xff, 0xdc, 0x1c, 0xff, 0xdc, 0x1c, 0xff, 0xdc, 0x1c, 0xff, 
  0xdc, 0x1c, 0xff, 0xdc, 0x1c, 0xff, 0xdc, 0x1c, 0xff, 0xdc, 0x1c, 0xff, 
  0xdc, 0x1c, 0xff, 0xdc, 0x1c, 0xff, 0xdc, 0x1c, 0xff, 0xdc, 0x1c, 0xff, 
  0xdc, 0x1c, 0xff, 0xdc, 0x1c, 0xff, 0xdc, 0x1c, 0xff, 0xdc, 0x1c, 0xff, 
  0xdc, 0x1c, 0xff, 0xdc, 0x1c, 0xff, 0xdc, 0x1c, 0xff, 0xdc, 0x1c, 0xff, 
  0xdc, 0x1c, 0xff, 0xdc, 0x1c, 0xff, 0xdc, 0x1c, 0xff, 0xdc, 0x1c, 0xff, 
  0xdc, 0x1c, 0xff, 0xdc, 0x1c, 0xff, 0xdc, 0x1c, 0xff, 0xdc, 0x1c, 0xff, 
  0xdc, 0x1c, 0xff, 0xdc, 0x1c, 0xff, 0xdc, 0x1c, 0xff, 0xdc, 0x1c, 0xff, 
  0xdc, 0x1c, 0xff, 0xdc, 0x1c, 0xff, 0xdc, 0x1c, 0xff, 0xdc, 0x1c, 0xff, 
  0xdc, 0x1c, 0xff, 0xdc, 0x1c, 0xff, 0xdc, 0x1c, 0xff, 0xdc, 0x1c, 0xff, 
  0xdc, 0x1c, 0xff, 0xdc, 0x1c, 0xff, 0xdc, 0x1c, 0xff, 0xdc, 0x1c, 0xff, 
  0xdc, 0x1c, 0xff, 0xdc, 0x1c, 0xff, 0xdc, 0x1c, 0xff, 0xdc, 0x1c, 0xff, 
  0xdc, 0x1c, 0xff, 0xdc, 0x1c, 0xff, 0xdc, 0x1c, 0xff, 0xdc, 0x1c, 0xff, 
  0xdc, 0x1c, 0xff, 0xdc, 0x1c, 0xff, 0xdc, 0x1c, 0xff, 0xdc, 0x1c, 0xff, 
  0xdc, 0x1c, 0xfd, 0xfc, 0x1c, 0xff, 0xdc, 0x1c, 0xfa, 0xdc, 0x1c, 0xa9, 
  0xba, 0x14, 0x0c, 0x00, 0x00, 0x00, 0xff, 0x05, 0x04, 0x00, 0x00, 0x00, 
  0x00, 0x00, 0x00, 0x00, 0x00, 0x00, 0x00, 0x00, 0x00, 0x00, 0x00, 0x00, 
  0x00, 0x00, 0x00, 0x00, 0x00, 0x00, 0x00, 0x00, 0x00, 0x00, 0x00, 0x00, 
  0x00, 0x00, 0x00, 0x00, 0x00, 0x00, 0x00, 0x00, 0x00, 0x00, 0x00, 0x00, 
  0x00, 0x00, 0x00, 0x00, 0x00, 0x00, 0x00, 0x00, 0x00, 0x00, 0x00, 0x00, 
  0x00, 0x00, 0x00, 0x00, 0x00, 0x00, 0x00, 0x00, 0x00, 0x00, 0x00, 0x00, 
  0x00, 0x00, 0x00, 0x00, 0x00, 0x00, 0x00, 0x00, 0x00, 0x00, 0x00, 0x00, 
  0x00, 0x00, 0x00, 0x00, 0x00, 0x00, 0x00, 0x00, 0x00, 0x00, 0x00, 0x00, 
  0x00, 0x00, 0x00, 0x00, 0x00, 0x00, 0x00, 0x00, 0x00, 0x00, 0x00, 0x00, 
  0x00, 0x00, 0x00, 0xdf, 0x34, 0x05, 0x00, 0x00, 0x00, 0xdb, 0x14, 0x0f, 
  0xdc, 0x1c, 0xc7, 0xfc, 0x1c, 0xff, 0xdc, 0x1c, 0xfe, 0xdc, 0x1c, 0xfe, 
  0xdc, 0x1c, 0xff, 0xdc, 0x1c, 0xff, 0xdc, 0x1c, 0xff, 0xdc, 0x1c, 0xff, 
  0xdc, 0x1c, 0xff, 0xdc, 0x1c, 0xff, 0xdc, 0x1c, 0xff, 0xdc, 0x1c, 0xff, 
  0xdc, 0x1c, 0xff, 0xdc, 0x1c, 0xff, 0xdc, 0x1c, 0xff, 0xdc, 0x1c, 0xff, 
  0xdc, 0x1c, 0xff, 0xdc, 0x1c, 0xff, 0xdc, 0x1c, 0xff, 0xdc, 0x1c, 0xff, 
  0xdc, 0x1c, 0xff, 0xdc, 0x1c, 0xff, 0xdc, 0x1c, 0xff, 0xdc, 0x1c, 0xff, 
  0xdc, 0x1c, 0xff, 0xdc, 0x1c, 0xff, 0xdc, 0x1c, 0xff, 0xdc, 0x1c, 0xff, 
  0xdc, 0x1c, 0xff, 0xdc, 0x1c, 0xff, 0xdc, 0x1c, 0xff, 0xdc, 0x1c, 0xff, 
  0xdc, 0x1c, 0xff, 0xdc, 0x1c, 0xff, 0xdc, 0x1c, 0xff, 0xdc, 0x1c, 0xff, 
  0xdc, 0x1c, 0xff, 0xdc, 0x1c, 0xff, 0xdc, 0x1c, 0xff, 0xdc, 0x1c, 0xff, 
  0xdc, 0x1c, 0xff, 0xdc, 0x1c, 0xff, 0xdc, 0x1c, 0xff, 0xdc, 0x1c, 0xff, 
  0xdc, 0x1c, 0xff, 0xdc, 0x1c, 0xff, 0xdc, 0x1c, 0xff, 0xdc, 0x1c, 0xff, 
  0xdc, 0x1c, 0xff, 0xdc, 0x1c, 0xff, 0xdc, 0x1c, 0xff, 0xdc, 0x1c, 0xff, 
  0xdc, 0x1c, 0xff, 0xdc, 0x1c, 0xff, 0xdc, 0x1c, 0xff, 0xdc, 0x1c, 0xff, 
  0xdc, 0x1c, 0xff, 0xdc, 0x1c, 0xff, 0xdc, 0x1c, 0xff, 0xdc, 0x1c, 0xff, 
  0xdc, 0x1c, 0xff, 0xdc, 0x1c, 0xff, 0xdc, 0x1c, 0xff, 0xdc, 0x1c, 0xff, 
  0xdc, 0x1c, 0xff, 0xdc, 0x1c, 0xff, 0xdc, 0x1c, 0xff, 0xdc, 0x1c, 0xff, 
  0xdc, 0x1c, 0xff, 0xdc, 0x1c, 0xff, 0xdc, 0x1c, 0xff, 0xdc, 0x1c, 0xff, 
  0xdc, 0x1c, 0xff, 0xdc, 0x1c, 0xff, 0xdc, 0x1c, 0xff, 0xdc, 0x1c, 0xff, 
  0xdc, 0x1c, 0xfe, 0xdc, 0x1c, 0xfe, 0xfc, 0x1c, 0xff, 0xdc, 0x14, 0xc5, 
  0xdb, 0x14, 0x0f, 0x00, 0x00, 0x00, 0xdf, 0x04, 0x05, 0x00, 0x00, 0x00, 
  0x00, 0x00, 0x00, 0x00, 0x00, 0x00, 0x00, 0x00, 0x00, 0x00, 0x00, 0x00, 
  0x00, 0x00, 0x00, 0x00, 0x00, 0x00, 0x00, 0x00, 0x00, 0x00, 0x00, 0x00, 
  0x00, 0x00, 0x00, 0x00, 0x00, 0x00, 0x00, 0x00, 0x00, 0x00, 0x00, 0x00, 
  0x00, 0x00, 0x00, 0x00, 0x00, 0x00, 0x00, 0x00, 0x00, 0x00, 0x00, 0x00, 
  0x00, 0x00, 0x00, 0x00, 0x00, 0x00, 0x00, 0x00, 0x00, 0x00, 0x00, 0x00, 
  0x00, 0x00, 0x00, 0x00, 0x00, 0x00, 0x00, 0x00, 0x00, 0x00, 0x00, 0x00, 
  0x00, 0x00, 0x00, 0x00, 0x00, 0x00, 0x00, 0x00, 0x00, 0x00, 0x00, 0x00, 
  0x00, 0x00, 0x00, 0x00, 0x00, 0x00, 0x00, 0x00, 0x00, 0x00, 0x00, 0x00, 
  0x00, 0x00, 0x00, 0x5a, 0x2d, 0x06, 0x00, 0x00, 0x00, 0xbc, 0x1c, 0x11, 
  0xdc, 0x1c, 0xdb, 0x1d, 0x1d, 0xff, 0xdc, 0x1c, 0xfb, 0xdc, 0x1c, 0xff, 
  0xdc, 0x1c, 0xff, 0xdc, 0x1c, 0xff, 0xdc, 0x1c, 0xff, 0xdc, 0x1c, 0xff, 
  0xdc, 0x1c, 0xff, 0xdc, 0x1c, 0xff, 0xdc, 0x1c, 0xff, 0xdc, 0x1c, 0xff, 
  0xdc, 0x1c, 0xff, 0xdc, 0x1c, 0xff, 0xfc, 0x1c, 0xff, 0xfc, 0x1c, 0xff, 
  0xfc, 0x1c, 0xff, 0xfc, 0x1c, 0xff, 0xfc, 0x1c, 0xff, 0xfc, 0x1c, 0xff, 
  0xfc, 0x1c, 0xff, 0xfc, 0x1c, 0xff, 0xfc, 0x1c, 0xff, 0xfc, 0x1c, 0xff, 
  0xfc, 0x1c, 0xff, 0xfc, 0x1c, 0xff, 0xfc, 0x1c, 0xff, 0xfc, 0x1c, 0xff, 
  0xfc, 0x1c, 0xff, 0xfc, 0x1c, 0xff, 0xfc, 0x1c, 0xff, 0xfc, 0x1c, 0xff, 
  0xfc, 0x1c, 0xff, 0xfc, 0x1c, 0xff, 0xfc, 0x1c, 0xff, 0xfc, 0x1c, 0xff, 
  0xfc, 0x1c, 0xff, 0xfc, 0x1c, 0xff, 0xfc, 0x1c, 0xff, 0xfc, 0x1c, 0xff, 
  0xfc, 0x1c, 0xff, 0xfc, 0x1c, 0xff, 0xfc, 0x1c, 0xff, 0xfc, 0x1c, 0xff, 
  0xfc, 0x1c, 0xff, 0xfc, 0x1c, 0xff, 0xfc, 0x1c, 0xff, 0xfc, 0x1c, 0xff, 
  0xfc, 0x1c, 0xff, 0xfc, 0x1c, 0xff, 0xfc, 0x1c, 0xff, 0xfc, 0x1c, 0xff, 
  0xfc, 0x1c, 0xff, 0xfc, 0x1c, 0xff, 0xfc, 0x1c, 0xff, 0xfc, 0x1c, 0xff, 
  0xfc, 0x1c, 0xff, 0xfc, 0x1c, 0xff, 0xfc, 0x1c, 0xff, 0xfc, 0x1c, 0xff, 
  0xfc, 0x1c, 0xff, 0xfc, 0x1c, 0xff, 0xfc, 0x1c, 0xff, 0xfc, 0x1c, 0xff, 
  0xfc, 0x1c, 0xff, 0xfc, 0x1c, 0xff, 0xdc, 0x1c, 0xff, 0xdc, 0x1c, 0xff, 
  0xdc, 0x1c, 0xff, 0xdc, 0x1c, 0xff, 0xdc, 0x1c, 0xff, 0xdc, 0x1c, 0xff, 
  0xdc, 0x1c, 0xff, 0xdc, 0x1c, 0xff, 0xdc, 0x1c, 0xff, 0xdc, 0x1c, 0xff, 
  0xdc, 0x1c, 0xff, 0xdc, 0x1c, 0xfb, 0x1d, 0x1d, 0xff, 0xdb, 0x1c, 0xdb, 
  0xbc, 0x1c, 0x11, 0x00, 0x00, 0x00, 0x5a, 0x2d, 0x06, 0x00, 0x00, 0x00, 
  0x00, 0x00, 0x00, 0x00, 0x00, 0x00, 0x00, 0x00, 0x00, 0x00, 0x00, 0x00, 
  0x00, 0x00, 0x00, 0x00, 0x00, 0x00, 0x00, 0x00, 0x00, 0x00, 0x00, 0x00, 
  0x00, 0x00, 0x00, 0x00, 0x00, 0x00, 0x00, 0x00, 0x00, 0x00, 0x00, 0x00, 
  0x00, 0x00, 0x00, 0x00, 0x00, 0x00, 0x00, 0x00, 0x00, 0x00, 0x00, 0x00, 
  0x00, 0x00, 0x00, 0x00, 0x00, 0x00, 0x00, 0x00, 0x00, 0x00, 0x00, 0x00, 
  0x00, 0x00, 0x00, 0x00, 0x00, 0x00, 0x00, 0x00, 0x00, 0x00, 0x00, 0x00, 
  0x00, 0x00, 0x00, 0x00, 0x00, 0x00, 0x00, 0x00, 0x00, 0x00, 0x00, 0x00, 
  0x00, 0x00, 0x00, 0x00, 0x00, 0x00, 0x00, 0x00, 0x00, 0x00, 0x00, 0x00, 
  0x00, 0x00, 0x00, 0x5a, 0x2d, 0x06, 0x00, 0x00, 0x00, 0xdc, 0x1c, 0x12, 
  0xdc, 0x1c, 0xe9, 0x3e, 0x1d, 0xff, 0xdc, 0x1c, 0xf9, 0xdc, 0x1c, 0xff, 
  0xdc, 0x1c, 0xff, 0xdc, 0x1c, 0xff, 0xdc, 0x1c, 0xff, 0xdc, 0x1c, 0xff, 
  0xdc, 0x1c, 0xff, 0xdc, 0x1c, 0xff, 0xdc, 0x1c, 0xff, 0xdc, 0x1c, 0xff, 
  0xfc, 0x1c, 0xff, 0xfc, 0x1c, 0xff, 0xbc, 0x14, 0xff, 0x9b, 0x14, 0xff, 
  0x5b, 0x0c, 0xff, 0x5b, 0x0c, 0xff, 0x5b, 0x0c, 0xff, 0x5b, 0x0c, 0xff, 
  0x5b, 0x0c, 0xff, 0x5b, 0x0c, 0xff, 0x5b, 0x0c, 0xff, 0x5b, 0x0c, 0xff, 
  0x5b, 0x0c, 0xff, 0x5b, 0x0c, 0xff, 0x5b, 0x0c, 0xff, 0x5b, 0x0c, 0xff, 
  0x5b, 0x0c, 0xff, 0x5b, 0x0c, 0xff, 0x5b, 0x0c, 0xff, 0x5b, 0x0c, 0xff, 
  0x5b, 0x0c, 0xff, 0x5b, 0x0c, 0xff, 0x5b, 0x0c, 0xff, 0x5b, 0x0c, 0xff, 
  0x5b, 0x0c, 0xff, 0x5b, 0x0c, 0xff, 0x5b, 0x0c, 0xff, 0x5b, 0x0c, 0xff, 
  0x5b, 0x0c, 0xff, 0x5b, 0x0c, 0xff, 0x5b, 0x0c, 0xff, 0x5b, 0x0c, 0xff, 
  0x5b, 0x0c, 0xff, 0x5b, 0x0c, 0xff, 0x5b, 0x0c, 0xff, 0x5b, 0x0c, 0xff, 
  0x5b, 0x0c, 0xff, 0x5b, 0x0c, 0xff, 0x5b, 0x0c, 0xff, 0x5b, 0x0c, 0xff, 
  0x5b, 0x0c, 0xff, 0x5b, 0x0c, 0xff, 0x5b, 0x0c, 0xff, 0x5b, 0x0c, 0xff, 
  0x5b, 0x0c, 0xff, 0x5b, 0x0c, 0xff, 0x5b, 0x0c, 0xff, 0x5b, 0x0c, 0xff, 
  0x5b, 0x0c, 0xff, 0x5b, 0x0c, 0xff, 0x5b, 0x0c, 0xff, 0x5b, 0x0c, 0xff, 
  0x9b, 0x14, 0xff, 0xbc, 0x14, 0xff, 0xfc, 0x1c, 0xff, 0xfc, 0x1c, 0xff, 
  0xdc, 0x1c, 0xff, 0xdc, 0x1c, 0xff, 0xdc, 0x1c, 0xff, 0xdc, 0x1c, 0xff, 
  0xdc, 0x1c, 0xff, 0xdc, 0x1c, 0xff, 0xdc, 0x1c, 0xff, 0xdc, 0x1c, 0xff, 
  0xdc, 0x1c, 0xff, 0xdc, 0x1c, 0xf9, 0x3e, 0x1d, 0xff, 0xdc, 0x1c, 0xe9, 
  0xdc, 0x1c, 0x12, 0x00, 0x00, 0x00, 0x5a, 0x2d, 0x06, 0x00, 0x00, 0x00, 
  0x00, 0x00, 0x00, 0x00, 0x00, 0x00, 0x00, 0x00, 0x00, 0x00, 0x00, 0x00, 
  0x00, 0x00, 0x00, 0x00, 0x00, 0x00, 0x00, 0x00, 0x00, 0x00, 0x00, 0x00, 
  0x00, 0x00, 0x00, 0x00, 0x00, 0x00, 0x00, 0x00, 0x00, 0x00, 0x00, 0x00, 
  0x00, 0x00, 0x00, 0x00, 0x00, 0x00, 0x00, 0x00, 0x00, 0x00, 0x00, 0x00, 
  0x00, 0x00, 0x00, 0x00, 0x00, 0x00, 0x00, 0x00, 0x00, 0x00, 0x00, 0x00, 
  0x00, 0x00, 0x00, 0x00, 0x00, 0x00, 0x00, 0x00, 0x00, 0x00, 0x00, 0x00, 
  0x00, 0x00, 0x00, 0x00, 0x00, 0x00, 0x00, 0x00, 0x00, 0x00, 0x00, 0x00, 
  0x00, 0x00, 0x00, 0x00, 0x00, 0x00, 0x00, 0x00, 0x00, 0x00, 0x00, 0x00, 
  0x00, 0x00, 0x00, 0x5f, 0x2d, 0x06, 0x00, 0x00, 0x00, 0xdc, 0x1c, 0x12, 
  0xdc, 0x1c, 0xee, 0x3e, 0x1d, 0xff, 0xdc, 0x1c, 0xf9, 0xdc, 0x1c, 0xff, 
  0xdc, 0x1c, 0xff, 0xdc, 0x1c, 0xff, 0xdc, 0x1c, 0xff, 0xdc, 0x1c, 0xff, 
  0xdc, 0x1c, 0xff, 0xdc, 0x1c, 0xff, 0xdc, 0x1c, 0xff, 0xfc, 0x1c, 0xff, 
  0xdc, 0x1c, 0xff, 0x9b, 0x14, 0xff, 0x3b, 0x0c, 0xff, 0xfa, 0x03, 0xff, 
  0xba, 0x03, 0xff, 0xba, 0x03, 0xff, 0x9a, 0x03, 0xff, 0x9a, 0x03, 0xff, 
  0x9a, 0x03, 0xff, 0x9a, 0x03, 0xff, 0x9a, 0x03, 0xff, 0x9a, 0x03, 0xff, 
  0x9a, 0x03, 0xff, 0x9a, 0x03, 0xff, 0x9a, 0x03, 0xff, 0x9a, 0x03, 0xff, 
  0x9a, 0x03, 0xff, 0x9a, 0x03, 0xff, 0x9a, 0x03, 0xff, 0x9a, 0x03, 0xff, 
  0x9a, 0x03, 0xff, 0x9a, 0x03, 0xff, 0x9a, 0x03, 0xff, 0x9a, 0x03, 0xff, 
  0x9a, 0x03, 0xff, 0x9a, 0x03, 0xff, 0x9a, 0x03, 0xff, 0x9a, 0x03, 0xff, 
  0x9a, 0x03, 0xff, 0x9a, 0x03, 0xff, 0x9a, 0x03, 0xff, 0x9a, 0x03, 0xff, 
  0x9a, 0x03, 0xff, 0x9a, 0x03, 0xff, 0x9a, 0x03, 0xff, 0x9a, 0x03, 0xff, 
  0x9a, 0x03, 0xff, 0x9a, 0x03, 0xff, 0x9a, 0x03, 0xff, 0x9a, 0x03, 0xff, 
  0x9a, 0x03, 0xff, 0x9a, 0x03, 0xff, 0x9a, 0x03, 0xff, 0x9a, 0x03, 0xff, 
  0x9a, 0x03, 0xff, 0x9a, 0x03, 0xff, 0x9a, 0x03, 0xff, 0x9a, 0x03, 0xff, 
  0x9a, 0x03, 0xff, 0x9a, 0x03, 0xff, 0xba, 0x03, 0xff, 0xba, 0x03, 0xff, 
  0xfa, 0x03, 0xff, 0x3b, 0x0c, 0xff, 0x9b, 0x14, 0xff, 0xdc, 0x1c, 0xff, 
  0xfc, 0x1c, 0xff, 0xdc, 0x1c, 0xff, 0xdc, 0x1c, 0xff, 0xdc, 0x1c, 0xff, 
  0xdc, 0x1c, 0xff, 0xdc, 0x1c, 0xff, 0xdc, 0x1c, 0xff, 0xdc, 0x1c, 0xff, 
  0xdc, 0x1c, 0xff, 0xdc, 0x1c, 0xf9, 0x3e, 0x1d, 0xff, 0xdc, 0x1c, 0xee, 
  0xdc, 0x1c, 0x12, 0x00, 0x00, 0x00, 0x5f, 0x2d, 0x06, 0x00, 0x00, 0x00, 
  0x00, 0x00, 0x00, 0x00, 0x00, 0x00, 0x00, 0x00, 0x00, 0x00, 0x00, 0x00, 
  0x00, 0x00, 0x00, 0x00, 0x00, 0x00, 0x00, 0x00, 0x00, 0x00, 0x00, 0x00, 
  0x00, 0x00, 0x00, 0x00, 0x00, 0x00, 0x00, 0x00, 0x00, 0x00, 0x00, 0x00, 
  0x00, 0x00, 0x00, 0x00, 0x00, 0x00, 0x00, 0x00, 0x00, 0x00, 0x00, 0x00, 
  0x00, 0x00, 0x00, 0x00, 0x00, 0x00, 0x00, 0x00, 0x00, 0x00, 0x00, 0x00, 
  0x00, 0x00, 0x00, 0x00, 0x00, 0x00, 0x00, 0x00, 0x00, 0x00, 0x00, 0x00, 
  0x00, 0x00, 0x00, 0x00, 0x00, 0x00, 0x00, 0x00, 0x00, 0x00, 0x00, 0x00, 
  0x00, 0x00, 0x00, 0x00, 0x00, 0x00, 0x00, 0x00, 0x00, 0x00, 0x00, 0x00, 
  0x00, 0x00, 0x00, 0x5f, 0x2d, 0x06, 0x00, 0x00, 0x00, 0xdc, 0x1c, 0x12, 
  0xdc, 0x1c, 0xed, 0x3e, 0x1d, 0xff, 0xdc, 0x1c, 0xf9, 0xdc, 0x1c, 0xff, 
  0xdc, 0x1c, 0xff, 0xdc, 0x1c, 0xff, 0xdc, 0x1c, 0xff, 0xdc, 0x1c, 0xff, 
  0xdc, 0x1c, 0xff, 0xdc, 0x1c, 0xff, 0xdc, 0x1c, 0xff, 0xdc, 0x1c, 0xff, 
  0x7b, 0x0c, 0xff, 0xda, 0x03, 0xff, 0xba, 0x03, 0xff, 0xba, 0x03, 0xff, 
  0xba, 0x03, 0xff, 0xba, 0x03, 0xff, 0xda, 0x03, 0xff, 0xda, 0x03, 0xff, 
  0xda, 0x03, 0xff, 0xda, 0x03, 0xff, 0xda, 0x03, 0xff, 0xda, 0x03, 0xff, 
  0xda, 0x03, 0xff, 0xda, 0x03, 0xff, 0xda, 0x03, 0xff, 0xda, 0x03, 0xff, 
  0xda, 0x03, 0xff, 0xda, 0x03, 0xff, 0xda, 0x03, 0xff, 0xda, 0x03, 0xff, 
  0xda, 0x03, 0xff, 0xda, 0x03, 0xff, 0xda, 0x03, 0xff, 0xda, 0x03, 0xff, 
  0xda, 0x03, 0xff, 0xda, 0x03, 0xff, 0xda, 0x03, 0xff, 0xda, 0x03, 0xff, 
  0xda, 0x03, 0xff, 0xda, 0x03, 0xff, 0xda, 0x03, 0xff, 0xda, 0x03, 0xff, 
  0xda, 0x03, 0xff, 0xda, 0x03, 0xff, 0xda, 0x03, 0xff, 0xda, 0x03, 0xff, 
  0xda, 0x03, 0xff, 0xda, 0x03, 0xff, 0xda, 0x03, 0xff, 0xda, 0x03, 0xff, 
  0xda, 0x03, 0xff, 0xda, 0x03, 0xff, 0xda, 0x03, 0xff, 0xda, 0x03, 0xff, 
  0xda, 0x03, 0xff, 0xda, 0x03, 0xff, 0xda, 0x03, 0xff, 0xda, 0x03, 0xff, 
  0xda, 0x03, 0xff, 0xda, 0x03, 0xff, 0xba, 0x03, 0xff, 0xba, 0x03, 0xff, 
  0xba, 0x03, 0xff, 0xba, 0x03, 0xff, 0xda, 0x03, 0xff, 0x7b, 0x0c, 0xff, 
  0xfc, 0x1c, 0xff, 0xdc, 0x1c, 0xff, 0xdc, 0x1c, 0xff, 0xdc, 0x1c, 0xff, 
  0xdc, 0x1c, 0xff, 0xdc, 0x1c, 0xff, 0xdc, 0x1c, 0xff, 0xdc, 0x1c, 0xff, 
  0xdc, 0x1c, 0xff, 0xdc, 0x1c, 0xf9, 0x3e, 0x1d, 0xff, 0xdc, 0x1c, 0xed, 
  0xdc, 0x1c, 0x12, 0x00, 0x00, 0x00, 0x5f, 0x2d, 0x06, 0x00, 0x00, 0x00, 
  0x00, 0x00, 0x00, 0x00, 0x00, 0x00, 0x00, 0x00, 0x00, 0x00, 0x00, 0x00, 
  0x00, 0x00, 0x00, 0x00, 0x00, 0x00, 0x00, 0x00, 0x00, 0x00, 0x00, 0x00, 
  0x00, 0x00, 0x00, 0x00, 0x00, 0x00, 0x00, 0x00, 0x00, 0x00, 0x00, 0x00, 
  0x00, 0x00, 0x00, 0x00, 0x00, 0x00, 0x00, 0x00, 0x00, 0x00, 0x00, 0x00, 
  0x00, 0x00, 0x00, 0x00, 0x00, 0x00, 0x00, 0x00, 0x00, 0x00, 0x00, 0x00, 
  0x00, 0x00, 0x00, 0x00, 0x00, 0x00, 0x00, 0x00, 0x00, 0x00, 0x00, 0x00, 
  0x00, 0x00, 0x00, 0x00, 0x00, 0x00, 0x00, 0x00, 0x00, 0xef, 0x03, 0x02, 
  0xb5, 0x02, 0x03, 0x5f, 0x05, 0x03, 0xf7, 0x03, 0x04, 0xf7, 0x03, 0x04, 
  0xff, 0x03, 0x04, 0xdf, 0x1c, 0x0a, 0xff, 0x03, 0x04, 0xbb, 0x14, 0x16, 
  0xdc, 0x1c, 0xed, 0x3e, 0x1d, 0xff, 0xdc, 0x1c, 0xf9, 0xdc, 0x1c, 0xff, 
  0xdc, 0x1c, 0xff, 0xdc, 0x1c, 0xff, 0xdc, 0x1c, 0xff, 0xdc, 0x1c, 0xff, 
  0xdc, 0x1c, 0xff, 0xfc, 0x1c, 0xff, 0xdc, 0x1c, 0xff, 0x5b, 0x0c, 0xff, 
  0xda, 0x03, 0xff, 0xba, 0x03, 0xff, 0xba, 0x03, 0xff, 0xba, 0x03, 0xff, 
  0xba, 0x03, 0xff, 0xba, 0x03, 0xff, 0xba, 0x03, 0xff, 0xba, 0x03, 0xff, 
  0xba, 0x03, 0xff, 0xba, 0x03, 0xff, 0xba, 0x03, 0xff, 0xba, 0x03, 0xff, 
  0xba, 0x03, 0xff, 0xba, 0x03, 0xff, 0xba, 0x03, 0xff, 0xba, 0x03, 0xff, 
  0xba, 0x03, 0xff, 0xba, 0x03, 0xff, 0xba, 0x03, 0xff, 0xba, 0x03, 0xff, 
  0xba, 0x03, 0xff, 0xba, 0x03, 0xff, 0xba, 0x03, 0xff, 0xba, 0x03, 0xff, 
  0xba, 0x03, 0xff, 0xba, 0x03, 0xff, 0xba, 0x03, 0xff, 0xba, 0x03, 0xff, 
  0xba, 0x03, 0xff, 0xba, 0x03, 0xff, 0xba, 0x03, 0xff, 0xba, 0x03, 0xff, 
  0xba, 0x03, 0xff, 0xba, 0x03, 0xff, 0xba, 0x03, 0xff, 0xba, 0x03, 0xff, 
  0xba, 0x03, 0xff, 0xba, 0x03, 0xff, 0xba, 0x03, 0xff, 0xba, 0x03, 0xff, 
  0xba, 0x03, 0xff, 0xba, 0x03, 0xff, 0xba, 0x03, 0xff, 0xba, 0x03, 0xff, 
  0xba, 0x03, 0xff, 0xba, 0x03, 0xff, 0xba, 0x03, 0xff, 0xba, 0x03, 0xff, 
  0xba, 0x03, 0xff, 0xba, 0x03, 0xff, 0xba, 0x03, 0xff, 0xba, 0x03, 0xff, 
  0xba, 0x03, 0xff, 0xba, 0x03, 0xff, 0xba, 0x03, 0xff, 0xda, 0x03, 0xff, 
  0x5b, 0x0c, 0xff, 0xdc, 0x1c, 0xff, 0xdc, 0x1c, 0xff, 0xdc, 0x1c, 0xff, 
  0xdc, 0x1c, 0xff, 0xdc, 0x1c, 0xff, 0xdc, 0x1c, 0xff, 0xdc, 0x1c, 0xff, 
  0xdc, 0x1c, 0xff, 0xdc, 0x1c, 0xf9, 0x3e, 0x1d, 0xff, 0xdc, 0x1c, 0xed, 
  0xbb, 0x14, 0x16, 0xff, 0x03, 0x04, 0xdf, 0x1c, 0x0a, 0xff, 0x03, 0x04, 
  0xf7, 0x03, 0x04, 0xf7, 0x03, 0x04, 0x5f, 0x05, 0x03, 0xb5, 0x02, 0x03, 
  0xff, 0x07, 0x01, 0x00, 0x00, 0x00, 0x00, 0x00, 0x00, 0x00, 0x00, 0x00, 
  0x00, 0x00, 0x00, 0x00, 0x00, 0x00, 0x00, 0x00, 0x00, 0x00, 0x00, 0x00, 
  0x00, 0x00, 0x00, 0x00, 0x00, 0x00, 0x00, 0x00, 0x00, 0x00, 0x00, 0x00, 
  0x00, 0x00, 0x00, 0x00, 0x00, 0x00, 0x00, 0x00, 0x00, 0x00, 0x00, 0x00, 
  0x00, 0x00, 0x00, 0x00, 0x00, 0x00, 0x00, 0x00, 0x00, 0x00, 0x00, 0x00, 
  0xef, 0x03, 0x02, 0x39, 0x03, 0x05, 0xf7, 0x03, 0x04, 0x00, 0x00, 0x00, 
  0x00, 0x00, 0x00, 0x00, 0x00, 0x00, 0x00, 0x00, 0x00, 0x00, 0x00, 0x00, 
  0x00, 0x00, 0x00, 0x00, 0x00, 0x00, 0x00, 0x00, 0x00, 0x00, 0x00, 0x00, 
  0xdc, 0x1c, 0xeb, 0x3e, 0x1d, 0xff, 0xdc, 0x1c, 0xf8, 0xdc, 0x1c, 0xff, 
  0xdc, 0x1c, 0xff, 0xdc, 0x1c, 0xff, 0xdc, 0x1c, 0xff, 0xdc, 0x1c, 0xff, 
  0xfc, 0x1c, 0xff, 0xfc, 0x1c, 0xff, 0xbb, 0x14, 0xff, 0xfa, 0x03, 0xff, 
  0xb9, 0x03, 0xff, 0xba, 0x03, 0xff, 0xba, 0x03, 0xff, 0xba, 0x03, 0xff, 
  0xba, 0x03, 0xff, 0xba, 0x03, 0xff, 0xba, 0x03, 0xff, 0xba, 0x03, 0xff, 
  0xba, 0x03, 0xff, 0xba, 0x03, 0xff, 0xba, 0x03, 0xff, 0xba, 0x03, 0xff, 
  0xba, 0x03, 0xff, 0xba, 0x03, 0xff, 0xba, 0x03, 0xff, 0xba, 0x03, 0xff, 
  0xba, 0x03, 0xff, 0xba, 0x03, 0xff, 0xba, 0x03, 0xff, 0xba, 0x03, 0xff, 
  0xba, 0x03, 0xff, 0xba, 0x03, 0xff, 0xba, 0x03, 0xff, 0xba, 0x03, 0xff, 
  0xba, 0x03, 0xff, 0xba, 0x03, 0xff, 0xba, 0x03, 0xff, 0xba, 0x03, 0xff, 
  0xba, 0x03, 0xff, 0xba, 0x03, 0xff, 0xba, 0x03, 0xff, 0xba, 0x03, 0xff, 
  0xba, 0x03, 0xff, 0xba, 0x03, 0xff, 0xba, 0x03, 0xff, 0xba, 0x03, 0xff, 
  0xba, 0x03, 0xff, 0xba, 0x03, 0xff, 0xba, 0x03, 0xff, 0xba, 0x03, 0xff, 
  0xba, 0x03, 0xff, 0xba, 0x03, 0xff, 0xba, 0x03, 0xff, 0xba, 0x03, 0xff, 
  0xba, 0x03, 0xff, 0xba, 0x03, 0xff, 0xba, 0x03, 0xff, 0xba, 0x03, 0xff, 
  0xba, 0x03, 0xff, 0xba, 0x03, 0xff, 0xba, 0x03, 0xff, 0xba, 0x03, 0xff, 
  0xba, 0x03, 0xff, 0xba, 0x03, 0xff, 0xba, 0x03, 0xff, 0xb9, 0x03, 0xff, 
  0xfa, 0x03, 0xff, 0xbb, 0x14, 0xff, 0xdc, 0x1c, 0xff, 0xfc, 0x1c, 0xff, 
  0xdc, 0x1c, 0xff, 0xdc, 0x1c, 0xff, 0xdc, 0x1c, 0xff, 0xdc, 0x1c, 0xff, 
  0xdc, 0x1c, 0xff, 0xdc, 0x1c, 0xf8, 0x3e, 0x1d, 0xff, 0xdc, 0x1c, 0xeb, 
  0x00, 0x00, 0x00, 0x00, 0x00, 0x00, 0x00, 0x00, 0x00, 0x00, 0x00, 0x00, 
  0x00, 0x00, 0x00, 0x00, 0x00, 0x00, 0x00, 0x00, 0x00, 0x00, 0x00, 0x00, 
  0x00, 0x00, 0x00, 0xf7, 0x03, 0x04, 0x39, 0x03, 0x05, 0xef, 0x03, 0x02, 
  0x00, 0x00, 0x00, 0x00, 0x00, 0x00, 0x00, 0x00, 0x00, 0x00, 0x00, 0x00, 
  0x00, 0x00, 0x00, 0x00, 0x00, 0x00, 0x00, 0x00, 0x00, 0x00, 0x00, 0x00, 
  0x00, 0x00, 0x00, 0x00, 0x00, 0x00, 0x00, 0x00, 0x00, 0x00, 0x00, 0x00, 
  0x00, 0x00, 0x00, 0x00, 0x00, 0x00, 0x1f, 0x00, 0x01, 0xff, 0x03, 0x04, 
  0x00, 0x00, 0x00, 0x00, 0x00, 0x00, 0x00, 0x00, 0x00, 0xd9, 0x03, 0x19, 
  0xba, 0x03, 0x41, 0xba, 0x03, 0x5c, 0xba, 0x03, 0x6c, 0xba, 0x03, 0x78, 
  0xba, 0x03, 0x7e, 0xda, 0x03, 0x83, 0x99, 0x03, 0x80, 0xda, 0x03, 0x89, 
  0xdc, 0x14, 0xf6, 0x1d, 0x1d, 0xff, 0xdc, 0x1c, 0xfc, 0xdc, 0x1c, 0xff, 
  0xdc, 0x1c, 0xff, 0xdc, 0x1c, 0xff, 0xdc, 0x1c, 0xff, 0xdc, 0x1c, 0xff, 
  0xfc, 0x1c, 0xff, 0xdc, 0x1c, 0xff, 0x5b, 0x0c, 0xff, 0xda, 0x03, 0xff, 
  0xb9, 0x03, 0xff, 0xba, 0x03, 0xff, 0xba, 0x03, 0xff, 0xba, 0x03, 0xff, 
  0xba, 0x03, 0xff, 0xba, 0x03, 0xff, 0xba, 0x03, 0xff, 0xba, 0x03, 0xff, 
  0xba, 0x03, 0xff, 0xb9, 0x03, 0xff, 0xb9, 0x03, 0xff, 0xb9, 0x03, 0xff, 
  0xb9, 0x03, 0xff, 0xb9, 0x03, 0xff, 0xb9, 0x03, 0xff, 0xb9, 0x03, 0xff, 
  0xb9, 0x03, 0xff, 0xba, 0x03, 0xff, 0xba, 0x03, 0xff, 0xba, 0x03, 0xff, 
  0xba, 0x03, 0xff, 0xba, 0x03, 0xff, 0xba, 0x03, 0xff, 0xba, 0x03, 0xff, 
  0xba, 0x03, 0xff, 0xba, 0x03, 0xff, 0xba, 0x03, 0xff, 0xba, 0x03, 0xff, 
  0xba, 0x03, 0xff, 0xba, 0x03, 0xff, 0xba, 0x03, 0xff, 0xba, 0x03, 0xff, 
  0xba, 0x03, 0xff, 0xba, 0x03, 0xff, 0xba, 0x03, 0xff, 0xba, 0x03, 0xff, 
  0xba, 0x03, 0xff, 0xba, 0x03, 0xff, 0xba, 0x03, 0xff, 0xb9, 0x03, 0xff, 
  0xb9, 0x03, 0xff, 0xb9, 0x03, 0xff, 0xb9, 0x03, 0xff, 0xb9, 0x03, 0xff, 
  0xb9, 0x03, 0xff, 0xb9, 0x03, 0xff, 0xb9, 0x03, 0xff, 0xba, 0x03, 0xff, 
  0xba, 0x03, 0xff, 0xba, 0x03, 0xff, 0xba, 0x03, 0xff, 0xba, 0x03, 0xff, 
  0xba, 0x03, 0xff, 0xba, 0x03, 0xff, 0xba, 0x03, 0xff, 0xb9, 0x03, 0xff, 
  0xda, 0x03, 0xff, 0x5b, 0x0c, 0xff, 0xdc, 0x1c, 0xff, 0xfc, 0x1c, 0xff, 
  0xdc, 0x1c, 0xff, 0xdc, 0x1c, 0xff, 0xdc, 0x1c, 0xff, 0xdc, 0x1c, 0xff, 
  0xdc, 0x1c, 0xff, 0xdc, 0x1c, 0xfc, 0x1d, 0x1d, 0xff, 0xdc, 0x14, 0xf6, 
  0xda, 0x03, 0x89, 0x99, 0x03, 0x80, 0xda, 0x03, 0x83, 0xba, 0x03, 0x7e, 
  0xba, 0x03, 0x78, 0xba, 0x03, 0x6b, 0xba, 0x03, 0x5b, 0xb9, 0x03, 0x41, 
  0xba, 0x03, 0x18, 0x00, 0x00, 0x00, 0x00, 0x00, 0x00, 0x00, 0x00, 0x00, 
  0xff, 0x03, 0x04, 0x1f, 0x00, 0x01, 0x00, 0x00, 0x00, 0x00, 0x00, 0x00, 
  0x00, 0x00, 0x00, 0x00, 0x00, 0x00, 0x00, 0x00, 0x00, 0x00, 0x00, 0x00, 
  0x00, 0x00, 0x00, 0x00, 0x00, 0x00, 0x00, 0x00, 0x00, 0x00, 0x00, 0x00, 
  0x00, 0x00, 0x00, 0x1f, 0x00, 0x01, 0x00, 0x00, 0x00, 0x00, 0x00, 0x00, 
  0x1f, 0x00, 0x01, 0xba, 0x03, 0x27, 0x9a, 0x03, 0x56, 0xda, 0x03, 0x8d, 
  0xba, 0x03, 0xc4, 0xba, 0x03, 0xea, 0xba, 0x03, 0xff, 0xfc, 0x03, 0xff, 
  0x3d, 0x04, 0xff, 0x3d, 0x04, 0xff, 0x1d, 0x04, 0xff, 0x3d, 0x04, 0xff, 
  0xdc, 0x14, 0xff, 0xfc, 0x1c, 0xff, 0xdc, 0x1c, 0xff, 0xdc, 0x1c, 0xff, 
  0xdc, 0x1c, 0xff, 0xdc, 0x1c, 0xff, 0xdc, 0x1c, 0xff, 0xdc, 0x1c, 0xff, 
  0xfc, 0x1c, 0xff, 0xdc, 0x1c, 0xff, 0x1a, 0x0c, 0xff, 0xb9, 0x03, 0xff, 
  0xb9, 0x03, 0xff, 0xb9, 0x03, 0xff, 0xb9, 0x03, 0xff, 0xb9, 0x03, 0xff, 
  0xb9, 0x03, 0xff, 0xb9, 0x03, 0xff, 0xb9, 0x03, 0xff, 0xb9, 0x03, 0xff, 
  0xb9, 0x03, 0xff, 0x99, 0x03, 0xff, 0x78, 0x03, 0xff, 0x37, 0x03, 0xff, 
  0x37, 0x03, 0xff, 0x37, 0x03, 0xff, 0x37, 0x03, 0xff, 0x78, 0x03, 0xff, 
  0x99, 0x03, 0xff, 0xb9, 0x03, 0xff, 0xb9, 0x03, 0xff, 0xb9, 0x03, 0xff, 
  0xb9, 0x03, 0xff, 0xb9, 0x03, 0xff, 0xb9, 0x03, 0xff, 0xb9, 0x03, 0xff, 
  0xb9, 0x03, 0xff, 0xb9, 0x03, 0xff, 0xb9, 0x03, 0xff, 0xb9, 0x03, 0xff, 
  0xb9, 0x03, 0xff, 0xb9, 0x03, 0xff, 0xb9, 0x03, 0xff, 0xb9, 0x03, 0xff, 
  0xb9, 0x03, 0xff, 0xb9, 0x03, 0xff, 0xb9, 0x03, 0xff, 0xb9, 0x03, 0xff, 
  0xb9, 0x03, 0xff, 0xb9, 0x03, 0xff, 0xb9, 0x03, 0xff, 0x99, 0x03, 0xff, 
  0x78, 0x03, 0xff, 0x37, 0x03, 0xff, 0x37, 0x03, 0xff, 0x37, 0x03, 0xff, 
  0x37, 0x03, 0xff, 0x78, 0x03, 0xff, 0x99, 0x03, 0xff, 0xb9, 0x03, 0xff, 
  0xb9, 0x03, 0xff, 0xb9, 0x03, 0xff, 0xb9, 0x03, 0xff, 0xb9, 0x03, 0xff, 
  0xb9, 0x03, 0xff, 0xb9, 0x03, 0xff, 0xb9, 0x03, 0xff, 0xb9, 0x03, 0xff, 
  0xb9, 0x03, 0xff, 0x1a, 0x0c, 0xff, 0xdc, 0x1c, 0xff, 0xfc, 0x1c, 0xff, 
  0xdc, 0x1c, 0xff, 0xdc, 0x1c, 0xff, 0xdc, 0x1c, 0xff, 0xdc, 0x1c, 0xff, 
  0xdc, 0x1c, 0xff, 0xdc, 0x1c, 0xff, 0xfc, 0x1c, 0xff, 0xdc, 0x14, 0xff, 
  0x3d, 0x04, 0xff, 0x1d, 0x04, 0xff, 0x3d, 0x04, 0xff, 0x3d, 0x04, 0xff, 
  0xfc, 0x03, 0xff, 0xda, 0x03, 0xff, 0xba, 0x03, 0xe9, 0xba, 0x03, 0xc3, 
  0xda, 0x03, 0x8c, 0xda, 0x03, 0x55, 0xba, 0x03, 0x27, 0x00, 0x00, 0x01, 
  0x00, 0x00, 0x00, 0x00, 0x00, 0x00, 0x1f, 0x00, 0x01, 0x00, 0x00, 0x00, 
  0x00, 0x00, 0x00, 0x00, 0x00, 0x00, 0x00, 0x00, 0x00, 0x00, 0x00, 0x00, 
  0x00, 0x00, 0x00, 0x00, 0x00, 0x00, 0x00, 0x00, 0x00, 0x00, 0x00, 0x00, 
  0x00, 0x00, 0x00, 0x00, 0x00, 0x00, 0x00, 0x00, 0x00, 0x9a, 0x03, 0x0b, 
  0xba, 0x03, 0x4c, 0xba, 0x03, 0xba, 0xda, 0x03, 0xff, 0xfb, 0x03, 0xff, 
  0xba, 0x03, 0xff, 0xba, 0x03, 0xff, 0xba, 0x03, 0xfd, 0xba, 0x03, 0xfb, 
  0xba, 0x03, 0xfb, 0xba, 0x03, 0xfb, 0x9a, 0x03, 0xfb, 0xda, 0x03, 0xfb, 
  0xdc, 0x14, 0xff, 0xfc, 0x1c, 0xff, 0xdc, 0x1c, 0xff, 0xdc, 0x1c, 0xff, 
  0xdc, 0x1c, 0xff, 0xdc, 0x1c, 0xff, 0xdc, 0x1c, 0xff, 0xdc, 0x1c, 0xff, 
  0xfc, 0x1c, 0xff, 0xdc, 0x14, 0xff, 0xda, 0x03, 0xff, 0x99, 0x03, 0xff, 
  0xb9, 0x03, 0xff, 0xb9, 0x03, 0xff, 0xb9, 0x03, 0xff, 0xb9, 0x03, 0xff, 
  0xb9, 0x03, 0xff, 0xb9, 0x03, 0xff, 0xb9, 0x03, 0xff, 0xb9, 0x03, 0xff, 
  0x78, 0x03, 0xff, 0x77, 0x03, 0xff, 0x77, 0x03, 0xff, 0x77, 0x03, 0xff, 
  0x97, 0x03, 0xff, 0x97, 0x03, 0xff, 0x77, 0x03, 0xff, 0x77, 0x03, 0xff, 
  0x77, 0x03, 0xff, 0x78, 0x03, 0xff, 0xb9, 0x03, 0xff, 0xb9, 0x03, 0xff, 
  0xb9, 0x03, 0xff, 0xb9, 0x03, 0xff, 0xb9, 0x03, 0xff, 0xb9, 0x03, 0xff, 
  0xb9, 0x03, 0xff, 0xb9, 0x03, 0xff, 0xb9, 0x03, 0xff, 0xb9, 0x03, 0xff, 
  0xb9, 0x03, 0xff, 0xb9, 0x03, 0xff, 0xb9, 0x03, 0xff, 0xb9, 0x03, 0xff, 
  0xb9, 0x03, 0xff, 0xb9, 0x03, 0xff, 0xb9, 0x03, 0xff, 0xb9, 0x03, 0xff, 
  0xb9, 0x03, 0xff, 0xb9, 0x03, 0xff, 0x78, 0x03, 0xff, 0x77, 0x03, 0xff, 
  0x77, 0x03, 0xff, 0x77, 0x03, 0xff, 0x97, 0x03, 0xff, 0x97, 0x03, 0xff, 
  0x77, 0x03, 0xff, 0x77, 0x03, 0xff, 0x77, 0x03, 0xff, 0x78, 0x03, 0xff, 
  0xb9, 0x03, 0xff, 0xb9, 0x03, 0xff, 0xb9, 0x03, 0xff, 0xb9, 0x03, 0xff, 
  0xb9, 0x03, 0xff, 0xb9, 0x03, 0xff, 0xb9, 0x03, 0xff, 0xb9, 0x03, 0xff, 
  0x99, 0x03, 0xff, 0xda, 0x03, 0xff, 0xdc, 0x14, 0xff, 0xfc, 0x1c, 0xff, 
  0xdc, 0x1c, 0xff, 0xdc, 0x1c, 0xff, 0xdc, 0x1c, 0xff, 0xdc, 0x1c, 0xff, 
  0xdc, 0x1c, 0xff, 0xdc, 0x1c, 0xff, 0xfc, 0x1c, 0xff, 0xdc, 0x14, 0xff, 
  0xda, 0x03, 0xfb, 0x9a, 0x03, 0xfb, 0xba, 0x03, 0xfb, 0xba, 0x03, 0xfb, 
  0xba, 0x03, 0xfc, 0xba, 0x03, 0xfd, 0xba, 0x03, 0xff, 0xba, 0x03, 0xff, 
  0xfb, 0x03, 0xff, 0xda, 0x03, 0xff, 0xba, 0x03, 0xb9, 0xb9, 0x03, 0x4b, 
  0xf9, 0x03, 0x0a, 0x00, 0x00, 0x00, 0x00, 0x00, 0x00, 0x00, 0x00, 0x00, 
  0x00, 0x00, 0x00, 0x00, 0x00, 0x00, 0x00, 0x00, 0x00, 0x00, 0x00, 0x00, 
  0x00, 0x00, 0x00, 0x00, 0x00, 0x00, 0x00, 0x00, 0x00, 0x1f, 0x00, 0x01, 
  0x1f, 0x00, 0x01, 0x00, 0x00, 0x00, 0xba, 0x03, 0x1a, 0xb9, 0x03, 0x91, 
  0xba, 0x03, 0xf3, 0xba, 0x03, 0xfb, 0xda, 0x03, 0xff, 0xda, 0x03, 0xff, 
  0xba, 0x03, 0xff, 0xba, 0x03, 0xff, 0xba, 0x03, 0xff, 0xba, 0x03, 0xff, 
  0xba, 0x03, 0xff, 0xba, 0x03, 0xff, 0x9a, 0x03, 0xff, 0xda, 0x03, 0xff, 
  0xdc, 0x14, 0xff, 0xfc, 0x1c, 0xff, 0xdc, 0x1c, 0xff, 0xdc, 0x1c, 0xff, 
  0xdc, 0x1c, 0xff, 0xdc, 0x1c, 0xff, 0xdc, 0x1c, 0xff, 0xdc, 0x1c, 0xff, 
  0xfc, 0x1c, 0xff, 0xdc, 0x14, 0xff, 0xb9, 0x03, 0xff, 0x99, 0x03, 0xff, 
  0xb9, 0x03, 0xff, 0x99, 0x03, 0xff, 0x99, 0x03, 0xff, 0x99, 0x03, 0xff, 
  0x99, 0x03, 0xff, 0x99, 0x03, 0xff, 0x99, 0x03, 0xff, 0x78, 0x03, 0xff, 
  0x77, 0x03, 0xff, 0x36, 0x03, 0xff, 0x79, 0x1c, 0xff, 0x3d, 0x3e, 0xff, 
  0xbe, 0x46, 0xff, 0xbe, 0x46, 0xff, 0x3d, 0x3e, 0xff, 0x99, 0x1c, 0xff, 
  0x57, 0x03, 0xff, 0x57, 0x03, 0xff, 0x78, 0x03, 0xff, 0x99, 0x03, 0xff, 
  0x99, 0x03, 0xff, 0x99, 0x03, 0xff, 0x99, 0x03, 0xff, 0x99, 0x03, 0xff, 
  0x99, 0x03, 0xff, 0x99, 0x03, 0xff, 0x99, 0x03, 0xff, 0x99, 0x03, 0xff, 
  0x99, 0x03, 0xff, 0x99, 0x03, 0xff, 0x99, 0x03, 0xff, 0x99, 0x03, 0xff, 
  0x99, 0x03, 0xff, 0x99, 0x03, 0xff, 0x99, 0x03, 0xff, 0x99, 0x03, 0xff, 
  0x99, 0x03, 0xff, 0x78, 0x03, 0xff, 0x77, 0x03, 0xff, 0x36, 0x03, 0xff, 
  0x79, 0x1c, 0xff, 0x3d, 0x3e, 0xff, 0xbe, 0x46, 0xff, 0xbe, 0x46, 0xff, 
  0x3d, 0x3e, 0xff, 0x99, 0x1c, 0xff, 0x57, 0x03, 0xff, 0x57, 0x03, 0xff, 
  0x78, 0x03, 0xff, 0x99, 0x03, 0xff, 0x99, 0x03, 0xff, 0x99, 0x03, 0xff, 
  0x99, 0x03, 0xff, 0x99, 0x03, 0xff, 0x99, 0x03, 0xff, 0xb9, 0x03, 0xff, 
  0x99, 0x03, 0xff, 0xb9, 0x03, 0xff, 0xdc, 0x14, 0xff, 0xfc, 0x1c, 0xff, 
  0xdc, 0x1c, 0xff, 0xdc, 0x1c, 0xff, 0xdc, 0x1c, 0xff, 0xdc, 0x1c, 0xff, 
  0xdc, 0x1c, 0xff, 0xdc, 0x1c, 0xff, 0xfc, 0x1c, 0xff, 0xdc, 0x14, 0xff, 
  0xda, 0x03, 0xff, 0x9a, 0x03, 0xff, 0xba, 0x03, 0xff, 0xba, 0x03, 0xff, 
  0xba, 0x03, 0xff, 0xba, 0x03, 0xff, 0xba, 0x03, 0xff, 0xba, 0x03, 0xff, 
  0xda, 0x03, 0xff, 0xda, 0x03, 0xff, 0xba, 0x03, 0xfb, 0xba, 0x03, 0xf3, 
  0xba, 0x03, 0x8f, 0xba, 0x03, 0x18, 0x00, 0x00, 0x00, 0x1f, 0x00, 0x01, 
  0x1f, 0x00, 0x01, 0x00, 0x00, 0x00, 0x00, 0x00, 0x00, 0x00, 0x00, 0x00, 
  0x00, 0x00, 0x00, 0x00, 0x00, 0x00, 0xff, 0x03, 0x02, 0xff, 0x03, 0x02, 
  0x00, 0x00, 0x00, 0xba, 0x03, 0x1c, 0x99, 0x03, 0xa3, 0xdb, 0x03, 0xf2, 
  0xdb, 0x03, 0xff, 0xba, 0x03, 0xff, 0xb9, 0x03, 0xfd, 0xb9, 0x03, 0xfd, 
  0xb9, 0x03, 0xfe, 0xb9, 0x03, 0xfe, 0xb9, 0x03, 0xff, 0xb9, 0x03, 0xff, 
  0xba, 0x03, 0xff, 0xba, 0x03, 0xff, 0x99, 0x03, 0xff, 0xda, 0x03, 0xff, 
  0xdc, 0x14, 0xff, 0xfc, 0x1c, 0xff, 0xdc, 0x1c, 0xff, 0xdc, 0x1c, 0xff, 
  0xdc, 0x1c, 0xff, 0xdc, 0x1c, 0xff, 0xdc, 0x1c, 0xff, 0xdc, 0x1c, 0xff, 
  0xfc, 0x1c, 0xff, 0xdc, 0x14, 0xff, 0xb9, 0x03, 0xff, 0x99, 0x03, 0xff, 
  0xb9, 0x03, 0xff, 0x99, 0x03, 0xff, 0x99, 0x03, 0xff, 0x99, 0x03, 0xff, 
  0x99, 0x03, 0xff, 0x99, 0x03, 0xff, 0x98, 0x03, 0xff, 0x57, 0x03, 0xff, 
  0x36, 0x03, 0xff, 0x3b, 0x2d, 0xff, 0xde, 0x4e, 0xff, 0x3f, 0x57, 0xff, 
  0x7f, 0x57, 0xff, 0x7f, 0x57, 0xff, 0x3f, 0x57, 0xff, 0xde, 0x4e, 0xff, 
  0x5b, 0x2d, 0xff, 0x36, 0x03, 0xff, 0x57, 0x03, 0xff, 0x98, 0x03, 0xff, 
  0x99, 0x03, 0xff, 0x99, 0x03, 0xff, 0x99, 0x03, 0xff, 0x99, 0x03, 0xff, 
  0x99, 0x03, 0xff, 0x99, 0x03, 0xff, 0x99, 0x03, 0xff, 0x99, 0x03, 0xff, 
  0x99, 0x03, 0xff, 0x99, 0x03, 0xff, 0x99, 0x03, 0xff, 0x99, 0x03, 0xff, 
  0x99, 0x03, 0xff, 0x99, 0x03, 0xff, 0x99, 0x03, 0xff, 0x99, 0x03, 0xff, 
  0x98, 0x03, 0xff, 0x57, 0x03, 0xff, 0x36, 0x03, 0xff, 0x3b, 0x2d, 0xff, 
  0xde, 0x4e, 0xff, 0x3f, 0x57, 0xff, 0x7f, 0x57, 0xff, 0x7f, 0x57, 0xff, 
  0x3f, 0x57, 0xff, 0xde, 0x4e, 0xff, 0x5b, 0x2d, 0xff, 0x36, 0x03, 0xff, 
  0x57, 0x03, 0xff, 0x98, 0x03, 0xff, 0x99, 0x03, 0xff, 0x99, 0x03, 0xff, 
  0x99, 0x03, 0xff, 0x99, 0x03, 0xff, 0x99, 0x03, 0xff, 0xb9, 0x03, 0xff, 
  0x99, 0x03, 0xff, 0xb9, 0x03, 0xff, 0xdc, 0x14, 0xff, 0xfc, 0x1c, 0xff, 
  0xdc, 0x1c, 0xff, 0xdc, 0x1c, 0xff, 0xdc, 0x1c, 0xff, 0xdc, 0x1c, 0xff, 
  0xdc, 0x1c, 0xff, 0xdc, 0x1c, 0xff, 0xfc, 0x1c, 0xff, 0xdc, 0x14, 0xff, 
  0xda, 0x03, 0xff, 0x99, 0x03, 0xff, 0xba, 0x03, 0xff, 0xba, 0x03, 0xff, 
  0xb9, 0x03, 0xff, 0xb9, 0x03, 0xff, 0xb9, 0x03, 0xfe, 0xb9, 0x03, 0xfe, 
  0xb9, 0x03, 0xfd, 0xb9, 0x03, 0xfd, 0xba, 0x03, 0xff, 0xdb, 0x03, 0xff, 
  0xdb, 0x03, 0xf2, 0xb9, 0x03, 0xa4, 0xb9, 0x03, 0x20, 0x00, 0x00, 0x00, 
  0xff, 0x03, 0x02, 0xff, 0x03, 0x02, 0x00, 0x00, 0x00, 0x00, 0x00, 0x00, 
  0x00, 0x00, 0x00, 0x00, 0x00, 0x00, 0xff, 0x03, 0x02, 0x00, 0x00, 0x00, 
  0x59, 0x03, 0x13, 0xb9, 0x03, 0x99, 0xba, 0x03, 0xfb, 0xdb, 0x03, 0xff, 
  0xb9, 0x03, 0xf7, 0xb9, 0x03, 0xfd, 0xb9, 0x03, 0xff, 0xb9, 0x03, 0xff, 
  0xb9, 0x03, 0xff, 0xb9, 0x03, 0xff, 0xb9, 0x03, 0xff, 0xb9, 0x03, 0xff, 
  0xb9, 0x03, 0xff, 0xb9, 0x03, 0xff, 0x99, 0x03, 0xff, 0xd9, 0x03, 0xff, 
  0xdc, 0x14, 0xff, 0xfc, 0x1c, 0xff, 0xdc, 0x1c, 0xff, 0xdc, 0x1c, 0xff, 
  0xdc, 0x1c, 0xff, 0xdc, 0x1c, 0xff, 0xdc, 0x1c, 0xff, 0xdc, 0x1c, 0xff, 
  0xfc, 0x1c, 0xff, 0xdc, 0x14, 0xff, 0xb9, 0x03, 0xff, 0x99, 0x03, 0xff, 
  0xb9, 0x03, 0xff, 0x99, 0x03, 0xff, 0x99, 0x03, 0xff, 0x99, 0x03, 0xff, 
  0x99, 0x03, 0xff, 0x99, 0x03, 0xff, 0x58, 0x03, 0xff, 0x57, 0x03, 0xff, 
  0x79, 0x1c, 0xff, 0xdf, 0x4e, 0xff, 0xbf, 0x5f, 0xff, 0x3f, 0x4f, 0xff, 
  0x3f, 0x4f, 0xff, 0x3f, 0x4f, 0xff, 0x3f, 0x4f, 0xff, 0xbf, 0x5f, 0xff, 
  0xdf, 0x4e, 0xff, 0x79, 0x1c, 0xff, 0x57, 0x03, 0xff, 0x58, 0x03, 0xff, 
  0x99, 0x03, 0xff, 0x99, 0x03, 0xff, 0x99, 0x03, 0xff, 0x99, 0x03, 0xff, 
  0x99, 0x03, 0xff, 0x99, 0x03, 0xff, 0x99, 0x03, 0xff, 0x99, 0x03, 0xff, 
  0x99, 0x03, 0xff, 0x99, 0x03, 0xff, 0x99, 0x03, 0xff, 0x99, 0x03, 0xff, 
  0x99, 0x03, 0xff, 0x99, 0x03, 0xff, 0x99, 0x03, 0xff, 0x99, 0x03, 0xff, 
  0x58, 0x03, 0xff, 0x57, 0x03, 0xff, 0x79, 0x1c, 0xff, 0xdf, 0x4e, 0xff, 
  0xbf, 0x5f, 0xff, 0x3f, 0x4f, 0xff, 0x3f, 0x4f, 0xff, 0x3f, 0x4f, 0xff, 
  0x3f, 0x4f, 0xff, 0xbf, 0x5f, 0xff, 0xdf, 0x4e, 0xff, 0x79, 0x1c, 0xff, 
  0x57, 0x03, 0xff, 0x58, 0x03, 0xff, 0x99, 0x03, 0xff, 0x99, 0x03, 0xff, 
  0x99, 0x03, 0xff, 0x99, 0x03, 0xff, 0x99, 0x03, 0xff, 0xb9, 0x03, 0xff, 
  0x99, 0x03, 0xff, 0xb9, 0x03, 0xff, 0xdc, 0x14, 0xff, 0xfc, 0x1c, 0xff, 
  0xdc, 0x1c, 0xff, 0xdc, 0x1c, 0xff, 0xdc, 0x1c, 0xff, 0xdc, 0x1c, 0xff, 
  0xdc, 0x1c, 0xff, 0xdc, 0x1c, 0xff, 0xfc, 0x1c, 0xff, 0xdc, 0x14, 0xff, 
  0xd9, 0x03, 0xff, 0x99, 0x03, 0xff, 0xb9, 0x03, 0xff, 0xb9, 0x03, 0xff, 
  0xb9, 0x03, 0xff, 0xb9, 0x03, 0xff, 0xb9, 0x03, 0xff, 0xb9, 0x03, 0xff, 
  0xb9, 0x03, 0xff, 0xb9, 0x03, 0xff, 0xb9, 0x03, 0xfd, 0xb9, 0x03, 0xf7, 
  0xdb, 0x03, 0xff, 0xba, 0x03, 0xfd, 0xba, 0x03, 0x9a, 0xda, 0x03, 0x11, 
  0x00, 0x00, 0x00, 0xef, 0x03, 0x02, 0x00, 0x00, 0x00, 0x00, 0x00, 0x00, 
  0x00, 0x00, 0x00, 0x55, 0x05, 0x03, 0x00, 0x00, 0x00, 0xf7, 0x02, 0x08, 
  0x99, 0x03, 0x6b, 0xb9, 0x03, 0xff, 0xda, 0x03, 0xff, 0xb9, 0x03, 0xf8, 
  0xb9, 0x03, 0xff, 0xb9, 0x03, 0xff, 0xb9, 0x03, 0xff, 0xb9, 0x03, 0xff, 
  0xb9, 0x03, 0xff, 0xb9, 0x03, 0xff, 0xb9, 0x03, 0xff, 0xb9, 0x03, 0xff, 
  0xb9, 0x03, 0xff, 0xb9, 0x03, 0xff, 0x99, 0x03, 0xff, 0xd9, 0x03, 0xff, 
  0xdc, 0x14, 0xff, 0xfc, 0x1c, 0xff, 0xdc, 0x1c, 0xff, 0xdc, 0x1c, 0xff, 
  0xdc, 0x1c, 0xff, 0xdc, 0x1c, 0xff, 0xdc, 0x1c, 0xff, 0xdc, 0x1c, 0xff, 
  0xfc, 0x1c, 0xff, 0xdc, 0x14, 0xff, 0xb9, 0x03, 0xff, 0x79, 0x03, 0xff, 
  0x99, 0x03, 0xff, 0x99, 0x03, 0xff, 0x99, 0x03, 0xff, 0x99, 0x03, 0xff, 
  0x99, 0x03, 0xff, 0x99, 0x03, 0xff, 0x37, 0x03, 0xff, 0x77, 0x03, 0xff, 
  0x3d, 0x3e, 0xff, 0x3f, 0x4f, 0xff, 0x3f, 0x4f, 0xff, 0x3f, 0x4f, 0xff, 
  0x3f, 0x57, 0xff, 0x3f, 0x57, 0xff, 0x3f, 0x4f, 0xff, 0x3f, 0x4f, 0xff, 
  0x3f, 0x4f, 0xff, 0x1d, 0x3e, 0xff, 0x77, 0x03, 0xff, 0x37, 0x03, 0xff, 
  0x99, 0x03, 0xff, 0x99, 0x03, 0xff, 0x99, 0x03, 0xff, 0x99, 0x03, 0xff, 
  0x99, 0x03, 0xff, 0x99, 0x03, 0xff, 0x99, 0x03, 0xff, 0x99, 0x03, 0xff, 
  0x99, 0x03, 0xff, 0x99, 0x03, 0xff, 0x99, 0x03, 0xff, 0x99, 0x03, 0xff, 
  0x99, 0x03, 0xff, 0x99, 0x03, 0xff, 0x99, 0x03, 0xff, 0x99, 0x03, 0xff, 
  0x37, 0x03, 0xff, 0x77, 0x03, 0xff, 0x3d, 0x3e, 0xff, 0x3f, 0x4f, 0xff, 
  0x3f, 0x4f, 0xff, 0x3f, 0x4f, 0xff, 0x3f, 0x57, 0xff, 0x3f, 0x57, 0xff, 
  0x3f, 0x4f, 0xff, 0x3f, 0x4f, 0xff, 0x3f, 0x4f, 0xff, 0x1d, 0x3e, 0xff, 
  0x77, 0x03, 0xff, 0x37, 0x03, 0xff, 0x99, 0x03, 0xff, 0x99, 0x03, 0xff, 
  0x99, 0x03, 0xff, 0x99, 0x03, 0xff, 0x99, 0x03, 0xff, 0x99, 0x03, 0xff, 
  0x79, 0x03, 0xff, 0xb9, 0x03, 0xff, 0xdc, 0x14, 0xff, 0xfc, 0x1c, 0xff, 
  0xdc, 0x1c, 0xff, 0xdc, 0x1c, 0xff, 0xdc, 0x1c, 0xff, 0xdc, 0x1c, 0xff, 
  0xdc, 0x1c, 0xff, 0xdc, 0x1c, 0xff, 0xfc, 0x1c, 0xff, 0xdc, 0x14, 0xff, 
  0xd9, 0x03, 0xff, 0x99, 0x03, 0xff, 0xb9, 0x03, 0xff, 0xb9, 0x03, 0xff, 
  0xb9, 0x03, 0xff, 0xb9, 0x03, 0xff, 0xb9, 0x03, 0xff, 0xb9, 0x03, 0xff, 
  0xb9, 0x03, 0xff, 0xb9, 0x03, 0xff, 0xb9, 0x03, 0xff, 0xb9, 0x03, 0xff, 
  0x99, 0x03, 0xf8, 0xda, 0x03, 0xfe, 0xb9, 0x03, 0xfe, 0x99, 0x03, 0x6a, 
  0xf7, 0x02, 0x08, 0x00, 0x00, 0x00, 0x55, 0x05, 0x03, 0x00, 0x00, 0x00, 
  0x00, 0x00, 0x00, 0xf5, 0x03, 0x06, 0x00, 0x00, 0x00, 0x78, 0x03, 0x37, 
  0x99, 0x03, 0xdb, 0x99, 0x03, 0xfd, 0xb9, 0x03, 0xfe, 0x99, 0x03, 0xfe, 
  0xb9, 0x03, 0xff, 0xb9, 0x03, 0xff, 0xb9, 0x03, 0xff, 0xb9, 0x03, 0xff, 
  0xb9, 0x03, 0xff, 0xb9, 0x03, 0xff, 0xb9, 0x03, 0xff, 0xb9, 0x03, 0xff, 
  0xb9, 0x03, 0xff, 0xb9, 0x03, 0xff, 0x99, 0x03, 0xff, 0xb9, 0x03, 0xff, 
  0xdc, 0x14, 0xff, 0xfc, 0x1c, 0xff, 0xdc, 0x1c, 0xff, 0xdc, 0x1c, 0xff, 
  0xdc, 0x1c, 0xff, 0xdc, 0x1c, 0xff, 0xdc, 0x1c, 0xff, 0xdc, 0x1c, 0xff, 
  0xfc, 0x1c, 0xff, 0xdc, 0x14, 0xff, 0xb9, 0x03, 0xff, 0x78, 0x03, 0xff, 
  0x99, 0x03, 0xff, 0x99, 0x03, 0xff, 0x99, 0x03, 0xff, 0x99, 0x03, 0xff, 
  0x99, 0x03, 0xff, 0x99, 0x03, 0xff, 0x16, 0x03, 0xff, 0x77, 0x03, 0xff, 
  0xbe, 0x4e, 0xff, 0x7f, 0x57, 0xff, 0x3f, 0x4f, 0xff, 0x3f, 0x57, 0xff, 
  0x3f, 0x57, 0xff, 0x3f, 0x57, 0xff, 0x3f, 0x57, 0xff, 0x3f, 0x4f, 0xff, 
  0x7f, 0x57, 0xff, 0xbe, 0x4e, 0xff, 0x77, 0x03, 0xff, 0x16, 0x03, 0xff, 
  0x99, 0x03, 0xff, 0x99, 0x03, 0xff, 0x99, 0x03, 0xff, 0x99, 0x03, 0xff, 
  0x99, 0x03, 0xff, 0x99, 0x03, 0xff, 0x99, 0x03, 0xff, 0x99, 0x03, 0xff, 
  0x99, 0x03, 0xff, 0x99, 0x03, 0xff, 0x99, 0x03, 0xff, 0x99, 0x03, 0xff, 
  0x99, 0x03, 0xff, 0x99, 0x03, 0xff, 0x99, 0x03, 0xff, 0x99, 0x03, 0xff, 
  0x16, 0x03, 0xff, 0x77, 0x03, 0xff, 0xbe, 0x4e, 0xff, 0x7f, 0x57, 0xff, 
  0x3f, 0x4f, 0xff, 0x3f, 0x57, 0xff, 0x3f, 0x57, 0xff, 0x3f, 0x57, 0xff, 
  0x3f, 0x57, 0xff, 0x3f, 0x4f, 0xff, 0x7f, 0x57, 0xff, 0xbe, 0x4e, 0xff, 
  0x77, 0x03, 0xff, 0x16, 0x03, 0xff, 0x99, 0x03, 0xff, 0x99, 0x03, 0xff, 
  0x99, 0x03, 0xff, 0x99, 0x03, 0xff, 0x99, 0x03, 0xff, 0x99, 0x03, 0xff, 
  0x78, 0x03, 0xff, 0xb9, 0x03, 0xff, 0xdc, 0x14, 0xff, 0xfc, 0x1c, 0xff, 
  0xdc, 0x1c, 0xff, 0xdc, 0x1c, 0xff, 0xdc, 0x1c, 0xff, 0xdc, 0x1c, 0xff, 
  0xdc, 0x1c, 0xff, 0xdc, 0x1c, 0xff, 0xfc, 0x1c, 0xff, 0xdc, 0x14, 0xff, 
  0xb9, 0x03, 0xff, 0x99, 0x03, 0xff, 0xb9, 0x03, 0xff, 0xb9, 0x03, 0xff, 
  0xb9, 0x03, 0xff, 0xb9, 0x03, 0xff, 0xb9, 0x03, 0xff, 0xb9, 0x03, 0xff, 
  0xb9, 0x03, 0xff, 0xb9, 0x03, 0xff, 0xb9, 0x03, 0xff, 0xb9, 0x03, 0xff, 
  0x99, 0x03, 0xfe, 0xb9, 0x03, 0xfe, 0x99, 0x03, 0xfd, 0x99, 0x03, 0xdd, 
  0x99, 0x03, 0x36, 0x00, 0x00, 0x00, 0xf5, 0x03, 0x06, 0x00, 0x00, 0x00, 
  0xff, 0x07, 0x01, 0x00, 0x00, 0x01, 0x57, 0x03, 0x0c, 0x99, 0x03, 0x77, 
  0xba, 0x03, 0xff, 0xb9, 0x03, 0xff, 0x99, 0x03, 0xfd, 0x99, 0x03, 0xff, 
  0x99, 0x03, 0xff, 0x99, 0x03, 0xff, 0x99, 0x03, 0xff, 0x99, 0x03, 0xff, 
  0x99, 0x03, 0xff, 0x99, 0x03, 0xff, 0x99, 0x03, 0xff, 0x99, 0x03, 0xff, 
  0x99, 0x03, 0xff, 0xb9, 0x03, 0xff, 0x99, 0x03, 0xff, 0xb9, 0x03, 0xff, 
  0xdc, 0x14, 0xff, 0xfc, 0x1c, 0xff, 0xdc, 0x1c, 0xff, 0xdc, 0x1c, 0xff, 
  0xdc, 0x1c, 0xff, 0xdc, 0x1c, 0xff, 0xdc, 0x1c, 0xff, 0xdc, 0x1c, 0xff, 
  0xfc, 0x1c, 0xff, 0xdc, 0x14, 0xff, 0x99, 0x03, 0xff, 0x78, 0x03, 0xff, 
  0x99, 0x03, 0xff, 0x98, 0x03, 0xff, 0x98, 0x03, 0xff, 0x98, 0x03, 0xff, 
  0x99, 0x03, 0xff, 0x98, 0x03, 0xff, 0xf6, 0x02, 0xff, 0x76, 0x0b, 0xff, 
  0xff, 0x4e, 0xff, 0x9f, 0x57, 0xff, 0x1f, 0x4f, 0xff, 0x3f, 0x57, 0xff, 
  0x3f, 0x57, 0xff, 0x3f, 0x57, 0xff, 0x3f, 0x57, 0xff, 0x1f, 0x4f, 0xff, 
  0x9f, 0x57, 0xff, 0xff, 0x4e, 0xff, 0x76, 0x0b, 0xff, 0xf6, 0x02, 0xff, 
  0x98, 0x03, 0xff, 0x99, 0x03, 0xff, 0x98, 0x03, 0xff, 0x98, 0x03, 0xff, 
  0x98, 0x03, 0xff, 0x98, 0x03, 0xff, 0x98, 0x03, 0xff, 0x98, 0x03, 0xff, 
  0x98, 0x03, 0xff, 0x98, 0x03, 0xff, 0x98, 0x03, 0xff, 0x98, 0x03, 0xff, 
  0x98, 0x03, 0xff, 0x98, 0x03, 0xff, 0x99, 0x03, 0xff, 0x98, 0x03, 0xff, 
  0xf6, 0x02, 0xff, 0x76, 0x0b, 0xff, 0xff, 0x4e, 0xff, 0x9f, 0x57, 0xff, 
  0x1f, 0x4f, 0xff, 0x3f, 0x57, 0xff, 0x3f, 0x57, 0xff, 0x3f, 0x57, 0xff, 
  0x3f, 0x57, 0xff, 0x1f, 0x4f, 0xff, 0x9f, 0x57, 0xff, 0xff, 0x4e, 0xff, 
  0x76, 0x0b, 0xff, 0xf6, 0x02, 0xff, 0x98, 0x03, 0xff, 0x99, 0x03, 0xff, 
  0x98, 0x03, 0xff, 0x98, 0x03, 0xff, 0x98, 0x03, 0xff, 0x99, 0x03, 0xff, 
  0x78, 0x03, 0xff, 0x99, 0x03, 0xff, 0xdc, 0x14, 0xff, 0xfc, 0x1c, 0xff, 
  0xdc, 0x1c, 0xff, 0xdc, 0x1c, 0xff, 0xdc, 0x1c, 0xff, 0xdc, 0x1c, 0xff, 
  0xdc, 0x1c, 0xff, 0xdc, 0x1c, 0xff, 0xfc, 0x1c, 0xff, 0xdc, 0x14, 0xff, 
  0xb9, 0x03, 0xff, 0x99, 0x03, 0xff, 0xb9, 0x03, 0xff, 0x99, 0x03, 0xff, 
  0x99, 0x03, 0xff, 0x99, 0x03, 0xff, 0x99, 0x03, 0xff, 0x99, 0x03, 0xff, 
  0x99, 0x03, 0xff, 0x99, 0x03, 0xff, 0x99, 0x03, 0xff, 0x99, 0x03, 0xff, 
  0x99, 0x03, 0xff, 0x99, 0x03, 0xfd, 0xb9, 0x03, 0xff, 0xba, 0x03, 0xff, 
  0xb9, 0x03, 0x75, 0xf9, 0x03, 0x0a, 0x00, 0x00, 0x01, 0xff, 0x07, 0x01, 
  0xff, 0x03, 0x02, 0x00, 0x00, 0x00, 0x99, 0x03, 0x35, 0x99, 0x03, 0xb5, 
  0xba, 0x03, 0xff, 0xb9, 0x03, 0xff, 0x99, 0x03, 0xfd, 0x99, 0x03, 0xff, 
  0x99, 0x03, 0xff, 0x99, 0x03, 0xff, 0x99, 0x03, 0xff, 0x99, 0x03, 0xff, 
  0x99, 0x03, 0xff, 0x99, 0x03, 0xff, 0x99, 0x03, 0xff, 0x99, 0x03, 0xff, 
  0x99, 0x03, 0xff, 0x99, 0x03, 0xff, 0x79, 0x03, 0xff, 0xb9, 0x03, 0xff, 
  0xdc, 0x14, 0xff, 0xfc, 0x1c, 0xff, 0xdc, 0x1c, 0xff, 0xdc, 0x1c, 0xff, 
  0xdc, 0x1c, 0xff, 0xdc, 0x1c, 0xff, 0xdc, 0x1c, 0xff, 0xdc, 0x1c, 0xff, 
  0xfc, 0x1c, 0xff, 0xdc, 0x14, 0xff, 0x99, 0x03, 0xff, 0x78, 0x03, 0xff, 
  0x98, 0x03, 0xff, 0x98, 0x03, 0xff, 0x98, 0x03, 0xff, 0x98, 0x03, 0xff, 
  0x98, 0x03, 0xff, 0x98, 0x03, 0xff, 0xf6, 0x02, 0xff, 0x76, 0x0b, 0xff, 
  0xff, 0x4e, 0xff, 0x9f, 0x57, 0xff, 0x1f, 0x4f, 0xff, 0x3f, 0x57, 0xff, 
  0x3f, 0x57, 0xff, 0x3f, 0x57, 0xff, 0x3f, 0x57, 0xff, 0x1f, 0x4f, 0xff, 
  0x9f, 0x57, 0xff, 0xff, 0x4e, 0xff, 0x76, 0x0b, 0xff, 0xf6, 0x02, 0xff, 
  0x98, 0x03, 0xff, 0x98, 0x03, 0xff, 0x98, 0x03, 0xff, 0x98, 0x03, 0xff, 
  0x98, 0x03, 0xff, 0x98, 0x03, 0xff, 0x98, 0x03, 0xff, 0x98, 0x03, 0xff, 
  0x98, 0x03, 0xff, 0x98, 0x03, 0xff, 0x98, 0x03, 0xff, 0x98, 0x03, 0xff, 
  0x98, 0x03, 0xff, 0x98, 0x03, 0xff, 0x98, 0x03, 0xff, 0x98, 0x03, 0xff, 
  0xf6, 0x02, 0xff, 0x76, 0x0b, 0xff, 0xff, 0x4e, 0xff, 0x9f, 0x57, 0xff, 
  0x1f, 0x4f, 0xff, 0x3f, 0x57, 0xff, 0x3f, 0x57, 0xff, 0x3f, 0x57, 0xff, 
  0x3f, 0x57, 0xff, 0x1f, 0x4f, 0xff, 0x9f, 0x57, 0xff, 0xff, 0x4e, 0xff, 
  0x76, 0x0b, 0xff, 0xf6, 0x02, 0xff, 0x98, 0x03, 0xff, 0x98, 0x03, 0xff, 
  0x98, 0x03, 0xff, 0x98, 0x03, 0xff, 0x98, 0x03, 0xff, 0x98, 0x03, 0xff, 
  0x78, 0x03, 0xff, 0x99, 0x03, 0xff, 0xdc, 0x14, 0xff, 0xfc, 0x1c, 0xff, 
  0xdc, 0x1c, 0xff, 0xdc, 0x1c, 0xff, 0xdc, 0x1c, 0xff, 0xdc, 0x1c, 0xff, 
  0xdc, 0x1c, 0xff, 0xdc, 0x1c, 0xff, 0xfc, 0x1c, 0xff, 0xdc, 0x14, 0xff, 
  0xb9, 0x03, 0xff, 0x79, 0x03, 0xff, 0x99, 0x03, 0xff, 0x99, 0x03, 0xff, 
  0x99, 0x03, 0xff, 0x99, 0x03, 0xff, 0x99, 0x03, 0xff, 0x99, 0x03, 0xff, 
  0x99, 0x03, 0xff, 0x99, 0x03, 0xff, 0x99, 0x03, 0xff, 0x99, 0x03, 0xff, 
  0x99, 0x03, 0xff, 0x99, 0x03, 0xfd, 0xb9, 0x03, 0xff, 0xba, 0x03, 0xff, 
  0x99, 0x03, 0xb3, 0x79, 0x03, 0x33, 0x00, 0x00, 0x00, 0xff, 0x03, 0x02, 
  0xef, 0x01, 0x04, 0x00, 0x00, 0x00, 0x99, 0x03, 0x5c, 0x99, 0x03, 0xe7, 
  0x99, 0x03, 0xfd, 0x99, 0x03, 0xff, 0x99, 0x03, 0xff, 0x99, 0x03, 0xff, 
  0x99, 0x03, 0xff, 0x99, 0x03, 0xff, 0x99, 0x03, 0xff, 0x99, 0x03, 0xff, 
  0x99, 0x03, 0xff, 0x99, 0x03, 0xff, 0x99, 0x03, 0xff, 0x99, 0x03, 0xff, 
  0x99, 0x03, 0xff, 0x99, 0x03, 0xff, 0x79, 0x03, 0xff, 0xb9, 0x03, 0xff, 
  0xdc, 0x14, 0xff, 0xfc, 0x1c, 0xff, 0xdc, 0x1c, 0xff, 0xdc, 0x1c, 0xff, 
  0xdc, 0x1c, 0xff, 0xdc, 0x1c, 0xff, 0xdc, 0x1c, 0xff, 0xdc, 0x1c, 0xff, 
  0xfc, 0x1c, 0xff, 0xdc, 0x14, 0xff, 0x99, 0x03, 0xff, 0x78, 0x03, 0xff, 
  0x98, 0x03, 0xff, 0x98, 0x03, 0xff, 0x98, 0x03, 0xff, 0x98, 0x03, 0xff, 
  0x98, 0x03, 0xff, 0x98, 0x03, 0xff, 0xf6, 0x02, 0xff, 0x76, 0x0b, 0xff, 
  0xff, 0x4e, 0xff, 0x9f, 0x57, 0xff, 0x1f, 0x4f, 0xff, 0x3f, 0x57, 0xff, 
  0x3f, 0x57, 0xff, 0x3f, 0x57, 0xff, 0x3f, 0x57, 0xff, 0x1f, 0x4f, 0xff, 
  0x9f, 0x57, 0xff, 0xff, 0x4e, 0xff, 0x76, 0x0b, 0xff, 0xf6, 0x02, 0xff, 
  0x98, 0x03, 0xff, 0x98, 0x03, 0xff, 0x98, 0x03, 0xff, 0x98, 0x03, 0xff, 
  0x98, 0x03, 0xff, 0x98, 0x03, 0xff, 0x98, 0x03, 0xff, 0x98, 0x03, 0xff, 
  0x98, 0x03, 0xff, 0x98, 0x03, 0xff, 0x98, 0x03, 0xff, 0x98, 0x03, 0xff, 
  0x98, 0x03, 0xff, 0x98, 0x03, 0xff, 0x98, 0x03, 0xff, 0x98, 0x03, 0xff, 
  0xf6, 0x02, 0xff, 0x76, 0x0b, 0xff, 0xff, 0x4e, 0xff, 0x9f, 0x57, 0xff, 
  0x1f, 0x4f, 0xff, 0x3f, 0x57, 0xff, 0x3f, 0x57, 0xff, 0x3f, 0x57, 0xff, 
  0x3f, 0x57, 0xff, 0x1f, 0x4f, 0xff, 0x9f, 0x57, 0xff, 0xff, 0x4e, 0xff, 
  0x76, 0x0b, 0xff, 0xf6, 0x02, 0xff, 0x98, 0x03, 0xff, 0x98, 0x03, 0xff, 
  0x98, 0x03, 0xff, 0x98, 0x03, 0xff, 0x98, 0x03, 0xff, 0x98, 0x03, 0xff, 
  0x78, 0x03, 0xff, 0x99, 0x03, 0xff, 0xdc, 0x14, 0xff, 0xfc, 0x1c, 0xff, 
  0xdc, 0x1c, 0xff, 0xdc, 0x1c, 0xff, 0xdc, 0x1c, 0xff, 0xdc, 0x1c, 0xff, 
  0xdc, 0x1c, 0xff, 0xdc, 0x1c, 0xff, 0xfc, 0x1c, 0xff, 0xdc, 0x14, 0xff, 
  0xb9, 0x03, 0xff, 0x79, 0x03, 0xff, 0x99, 0x03, 0xff, 0x99, 0x03, 0xff, 
  0x99, 0x03, 0xff, 0x99, 0x03, 0xff, 0x99, 0x03, 0xff, 0x99, 0x03, 0xff, 
  0x99, 0x03, 0xff, 0x99, 0x03, 0xff, 0x99, 0x03, 0xff, 0x99, 0x03, 0xff, 
  0x99, 0x03, 0xff, 0x99, 0x03, 0xff, 0x99, 0x03, 0xff, 0x99, 0x03, 0xfe, 
  0x99, 0x03, 0xe4, 0x99, 0x03, 0x5a, 0x00, 0x00, 0x00, 0xef, 0x01, 0x04, 
  0xf7, 0x03, 0x04, 0x00, 0x00, 0x00, 0x98, 0x03, 0x71, 0x99, 0x03, 0xfe, 
  0x99, 0x03, 0xfd, 0x99, 0x03, 0xff, 0x99, 0x03, 0xff, 0x99, 0x03, 0xff, 
  0x99, 0x03, 0xff, 0x99, 0x03, 0xff, 0x99, 0x03, 0xff, 0x99, 0x03, 0xff, 
  0x99, 0x03, 0xff, 0x99, 0x03, 0xff, 0x99, 0x03, 0xff, 0x99, 0x03, 0xff, 
  0x99, 0x03, 0xff, 0x99, 0x03, 0xff, 0x78, 0x03, 0xff, 0xb9, 0x03, 0xff, 
  0xdc, 0x14, 0xff, 0xfc, 0x1c, 0xff, 0xdc, 0x1c, 0xff, 0xdc, 0x1c, 0xff, 
  0xdc, 0x1c, 0xff, 0xdc, 0x1c, 0xff, 0xdc, 0x1c, 0xff, 0xdc, 0x1c, 0xff, 
  0xfc, 0x1c, 0xff, 0xdc, 0x14, 0xff, 0x98, 0x03, 0xff, 0x78, 0x03, 0xff, 
  0x98, 0x03, 0xff, 0x78, 0x03, 0xff, 0x78, 0x03, 0xff, 0x78, 0x03, 0xff, 
  0x78, 0x03, 0xff, 0x98, 0x03, 0xff, 0xf6, 0x02, 0xff, 0x76, 0x0b, 0xff, 
  0xff, 0x4e, 0xff, 0x9f, 0x57, 0xff, 0x1f, 0x4f, 0xff, 0x3f, 0x57, 0xff, 
  0x3f, 0x57, 0xff, 0x3f, 0x57, 0xff, 0x3f, 0x57, 0xff, 0x1f, 0x4f, 0xff, 
  0x9f, 0x57, 0xff, 0xff, 0x4e, 0xff, 0x76, 0x0b, 0xff, 0xf6, 0x02, 0xff, 
  0x98, 0x03, 0xff, 0x78, 0x03, 0xff, 0x78, 0x03, 0xff, 0x78, 0x03, 0xff, 
  0x78, 0x03, 0xff, 0x78, 0x03, 0xff, 0x78, 0x03, 0xff, 0x78, 0x03, 0xff, 
  0x78, 0x03, 0xff, 0x78, 0x03, 0xff, 0x78, 0x03, 0xff, 0x78, 0x03, 0xff, 
  0x78, 0x03, 0xff, 0x78, 0x03, 0xff, 0x78, 0x03, 0xff, 0x98, 0x03, 0xff, 
  0xf6, 0x02, 0xff, 0x76, 0x0b, 0xff, 0xff, 0x4e, 0xff, 0x9f, 0x57, 0xff, 
  0x1f, 0x4f, 0xff, 0x3f, 0x57, 0xff, 0x3f, 0x57, 0xff, 0x3f, 0x57, 0xff, 
  0x3f, 0x57, 0xff, 0x1f, 0x4f, 0xff, 0x9f, 0x57, 0xff, 0xff, 0x4e, 0xff, 
  0x76, 0x0b, 0xff, 0xf6, 0x02, 0xff, 0x98, 0x03, 0xff, 0x78, 0x03, 0xff, 
  0x78, 0x03, 0xff, 0x78, 0x03, 0xff, 0x78, 0x03, 0xff, 0x98, 0x03, 0xff, 
  0x78, 0x03, 0xff, 0x98, 0x03, 0xff, 0xdc, 0x14, 0xff, 0xfc, 0x1c, 0xff, 
  0xdc, 0x1c, 0xff, 0xdc, 0x1c, 0xff, 0xdc, 0x1c, 0xff, 0xdc, 0x1c, 0xff, 
  0xdc, 0x1c, 0xff, 0xdc, 0x1c, 0xff, 0xfc, 0x1c, 0xff, 0xdc, 0x14, 0xff, 
  0xb9, 0x03, 0xff, 0x78, 0x03, 0xff, 0x99, 0x03, 0xff, 0x99, 0x03, 0xff, 
  0x99, 0x03, 0xff, 0x99, 0x03, 0xff, 0x99, 0x03, 0xff, 0x99, 0x03, 0xff, 
  0x99, 0x03, 0xff, 0x99, 0x03, 0xff, 0x99, 0x03, 0xff, 0x99, 0x03, 0xff, 
  0x99, 0x03, 0xff, 0x99, 0x03, 0xff, 0x99, 0x03, 0xff, 0x99, 0x03, 0xfd, 
  0xb9, 0x03, 0xfc, 0x98, 0x03, 0x6f, 0x00, 0x00, 0x00, 0xf7, 0x03, 0x04, 
  0xff, 0x03, 0x04, 0x00, 0x00, 0x00, 0x78, 0x03, 0x7c, 0xda, 0x03, 0xff, 
  0x98, 0x03, 0xfc, 0x99, 0x03, 0xff, 0x99, 0x03, 0xff, 0x99, 0x03, 0xff, 
  0x99, 0x03, 0xff, 0x99, 0x03, 0xff, 0x99, 0x03, 0xff, 0x99, 0x03, 0xff, 
  0x99, 0x03, 0xff, 0x99, 0x03, 0xff, 0x99, 0x03, 0xff, 0x99, 0x03, 0xff, 
  0x99, 0x03, 0xff, 0x99, 0x03, 0xff, 0x78, 0x03, 0xff, 0xb9, 0x03, 0xff, 
  0xdc, 0x14, 0xff, 0xfc, 0x1c, 0xff, 0xdc, 0x1c, 0xff, 0xdc, 0x1c, 0xff, 
  0xdc, 0x1c, 0xff, 0xdc, 0x1c, 0xff, 0xdc, 0x1c, 0xff, 0xdc, 0x1c, 0xff, 
  0xfc, 0x1c, 0xff, 0xdc, 0x14, 0xff, 0x98, 0x03, 0xff, 0x58, 0x03, 0xff, 
  0x78, 0x03, 0xff, 0x78, 0x03, 0xff, 0x78, 0x03, 0xff, 0x78, 0x03, 0xff, 
  0x78, 0x03, 0xff, 0x98, 0x03, 0xff, 0xf6, 0x02, 0xff, 0x56, 0x0b, 0xff, 
  0xff, 0x4e, 0xff, 0x9f, 0x57, 0xff, 0x1f, 0x4f, 0xff, 0x3f, 0x57, 0xff, 
  0x3f, 0x57, 0xff, 0x3f, 0x57, 0xff, 0x3f, 0x57, 0xff, 0x1f, 0x4f, 0xff, 
  0x9f, 0x57, 0xff, 0xff, 0x4e, 0xff, 0x56, 0x0b, 0xff, 0xf6, 0x02, 0xff, 
  0x98, 0x03, 0xff, 0x78, 0x03, 0xff, 0x78, 0x03, 0xff, 0x78, 0x03, 0xff, 
  0x78, 0x03, 0xff, 0x78, 0x03, 0xff, 0x78, 0x03, 0xff, 0x78, 0x03, 0xff, 
  0x78, 0x03, 0xff, 0x78, 0x03, 0xff, 0x78, 0x03, 0xff, 0x78, 0x03, 0xff, 
  0x78, 0x03, 0xff, 0x78, 0x03, 0xff, 0x78, 0x03, 0xff, 0x98, 0x03, 0xff, 
  0xf6, 0x02, 0xff, 0x56, 0x0b, 0xff, 0xff, 0x4e, 0xff, 0x9f, 0x57, 0xff, 
  0x1f, 0x4f, 0xff, 0x3f, 0x57, 0xff, 0x3f, 0x57, 0xff, 0x3f, 0x57, 0xff, 
  0x3f, 0x57, 0xff, 0x1f, 0x4f, 0xff, 0x9f, 0x57, 0xff, 0xff, 0x4e, 0xff, 
  0x56, 0x0b, 0xff, 0xf6, 0x02, 0xff, 0x98, 0x03, 0xff, 0x78, 0x03, 0xff, 
  0x78, 0x03, 0xff, 0x78, 0x03, 0xff, 0x78, 0x03, 0xff, 0x78, 0x03, 0xff, 
  0x58, 0x03, 0xff, 0x98, 0x03, 0xff, 0xdc, 0x14, 0xff, 0xfc, 0x1c, 0xff, 
  0xdc, 0x1c, 0xff, 0xdc, 0x1c, 0xff, 0xdc, 0x1c, 0xff, 0xdc, 0x1c, 0xff, 
  0xdc, 0x1c, 0xff, 0xdc, 0x1c, 0xff, 0xfc, 0x1c, 0xff, 0xdc, 0x14, 0xff, 
  0xb9, 0x03, 0xff, 0x78, 0x03, 0xff, 0x99, 0x03, 0xff, 0x99, 0x03, 0xff, 
  0x99, 0x03, 0xff, 0x99, 0x03, 0xff, 0x99, 0x03, 0xff, 0x99, 0x03, 0xff, 
  0x99, 0x03, 0xff, 0x99, 0x03, 0xff, 0x99, 0x03, 0xff, 0x99, 0x03, 0xff, 
  0x99, 0x03, 0xff, 0x99, 0x03, 0xff, 0x99, 0x03, 0xff, 0x98, 0x03, 0xfc, 
  0xda, 0x03, 0xff, 0x78, 0x03, 0x7c, 0x00, 0x00, 0x00, 0xff, 0x03, 0x04, 
  0xf7, 0x03, 0x04, 0x00, 0x00, 0x00, 0x78, 0x03, 0x7b, 0xba, 0x03, 0xff, 
  0x78, 0x03, 0xfc, 0x98, 0x03, 0xff, 0x98, 0x03, 0xff, 0x98, 0x03, 0xff, 
  0x98, 0x03, 0xff, 0x98, 0x03, 0xff, 0x98, 0x03, 0xff, 0x98, 0x03, 0xff, 
  0x98, 0x03, 0xff, 0x98, 0x03, 0xff, 0x98, 0x03, 0xff, 0x98, 0x03, 0xff, 
  0x98, 0x03, 0xff, 0x99, 0x03, 0xff, 0x78, 0x03, 0xff, 0x99, 0x03, 0xff, 
  0xdc, 0x14, 0xff, 0xfc, 0x1c, 0xff, 0xdc, 0x1c, 0xff, 0xdc, 0x1c, 0xff, 
  0xdc, 0x1c, 0xff, 0xdc, 0x1c, 0xff, 0xdc, 0x1c, 0xff, 0xdc, 0x1c, 0xff, 
  0xfc, 0x1c, 0xff, 0xdc, 0x1c, 0xff, 0x98, 0x03, 0xff, 0x58, 0x03, 0xff, 
  0x78, 0x03, 0xff, 0x78, 0x03, 0xff, 0x78, 0x03, 0xff, 0x78, 0x03, 0xff, 
  0x78, 0x03, 0xff, 0x78, 0x03, 0xff, 0xf6, 0x02, 0xff, 0x56, 0x0b, 0xff, 
  0xff, 0x4e, 0xff, 0x9f, 0x57, 0xff, 0x1f, 0x4f, 0xff, 0x3f, 0x57, 0xff, 
  0x3f, 0x57, 0xff, 0x3f, 0x57, 0xff, 0x3f, 0x57, 0xff, 0x1f, 0x4f, 0xff, 
  0x9f, 0x57, 0xff, 0xff, 0x4e, 0xff, 0x56, 0x0b, 0xff, 0xf6, 0x02, 0xff, 
  0x78, 0x03, 0xff, 0x78, 0x03, 0xff, 0x78, 0x03, 0xff, 0x78, 0x03, 0xff, 
  0x78, 0x03, 0xff, 0x78, 0x03, 0xff, 0x78, 0x03, 0xff, 0x78, 0x03, 0xff, 
  0x78, 0x03, 0xff, 0x78, 0x03, 0xff, 0x78, 0x03, 0xff, 0x78, 0x03, 0xff, 
  0x78, 0x03, 0xff, 0x78, 0x03, 0xff, 0x78, 0x03, 0xff, 0x78, 0x03, 0xff, 
  0xf6, 0x02, 0xff, 0x56, 0x0b, 0xff, 0xff, 0x4e, 0xff, 0x9f, 0x57, 0xff, 
  0x1f, 0x4f, 0xff, 0x3f, 0x57, 0xff, 0x3f, 0x57, 0xff, 0x3f, 0x57, 0xff, 
  0x3f, 0x57, 0xff, 0x1f, 0x4f, 0xff, 0x9f, 0x57, 0xff, 0xff, 0x4e, 0xff, 
  0x56, 0x0b, 0xff, 0xf6, 0x02, 0xff, 0x78, 0x03, 0xff, 0x78, 0x03, 0xff, 
  0x78, 0x03, 0xff, 0x78, 0x03, 0xff, 0x78, 0x03, 0xff, 0x78, 0x03, 0xff, 
  0x58, 0x03, 0xff, 0x98, 0x03, 0xff, 0xdc, 0x1c, 0xff, 0xfc, 0x1c, 0xff, 
  0xdc, 0x1c, 0xff, 0xdc, 0x1c, 0xff, 0xdc, 0x1c, 0xff, 0xdc, 0x1c, 0xff, 
  0xdc, 0x1c, 0xff, 0xdc, 0x1c, 0xff, 0xfc, 0x1c, 0xff, 0xdc, 0x14, 0xff, 
  0x99, 0x03, 0xff, 0x78, 0x03, 0xff, 0x99, 0x03, 0xff, 0x98, 0x03, 0xff, 
  0x98, 0x03, 0xff, 0x98, 0x03, 0xff, 0x98, 0x03, 0xff, 0x98, 0x03, 0xff, 
  0x98, 0x03, 0xff, 0x98, 0x03, 0xff, 0x98, 0x03, 0xff, 0x98, 0x03, 0xff, 
  0x98, 0x03, 0xff, 0x98, 0x03, 0xff, 0x98, 0x03, 0xff, 0x98, 0x03, 0xfc, 
  0xba, 0x03, 0xff, 0x78, 0x03, 0x7a, 0x00, 0x00, 0x00, 0xf7, 0x03, 0x04, 
  0xf7, 0x03, 0x04, 0x00, 0x00, 0x00, 0x98, 0x03, 0x6f, 0x99, 0x03, 0xfd, 
  0x78, 0x03, 0xfd, 0x98, 0x03, 0xff, 0x98, 0x03, 0xff, 0x98, 0x03, 0xff, 
  0x98, 0x03, 0xff, 0x98, 0x03, 0xff, 0x98, 0x03, 0xff, 0x98, 0x03, 0xff, 
  0x98, 0x03, 0xff, 0x98, 0x03, 0xff, 0x98, 0x03, 0xff, 0x98, 0x03, 0xff, 
  0x98, 0x03, 0xff, 0x98, 0x03, 0xff, 0x78, 0x03, 0xff, 0x99, 0x03, 0xff, 
  0xdc, 0x14, 0xff, 0xfc, 0x1c, 0xff, 0xdc, 0x1c, 0xff, 0xdc, 0x1c, 0xff, 
  0xdc, 0x1c, 0xff, 0xdc, 0x1c, 0xff, 0xdc, 0x1c, 0xff, 0xdc, 0x1c, 0xff, 
  0xfc, 0x1c, 0xff, 0xdc, 0x1c, 0xff, 0x98, 0x03, 0xff, 0x58, 0x03, 0xff, 
  0x78, 0x03, 0xff, 0x78, 0x03, 0xff, 0x78, 0x03, 0xff, 0x78, 0x03, 0xff, 
  0x78, 0x03, 0xff, 0x78, 0x03, 0xff, 0xf5, 0x02, 0xff, 0x56, 0x0b, 0xff, 
  0xff, 0x4e, 0xff, 0x9f, 0x57, 0xff, 0x1f, 0x4f, 0xff, 0x3f, 0x57, 0xff, 
  0x3f, 0x57, 0xff, 0x3f, 0x57, 0xff, 0x3f, 0x57, 0xff, 0x1f, 0x4f, 0xff, 
  0x9f, 0x57, 0xff, 0xff, 0x4e, 0xff, 0x56, 0x0b, 0xff, 0xf5, 0x02, 0xff, 
  0x78, 0x03, 0xff, 0x78, 0x03, 0xff, 0x78, 0x03, 0xff, 0x78, 0x03, 0xff, 
  0x78, 0x03, 0xff, 0x78, 0x03, 0xff, 0x78, 0x03, 0xff, 0x78, 0x03, 0xff, 
  0x78, 0x03, 0xff, 0x78, 0x03, 0xff, 0x78, 0x03, 0xff, 0x78, 0x03, 0xff, 
  0x78, 0x03, 0xff, 0x78, 0x03, 0xff, 0x78, 0x03, 0xff, 0x78, 0x03, 0xff, 
  0xf5, 0x02, 0xff, 0x56, 0x0b, 0xff, 0xff, 0x4e, 0xff, 0x9f, 0x57, 0xff, 
  0x1f, 0x4f, 0xff, 0x3f, 0x57, 0xff, 0x3f, 0x57, 0xff, 0x3f, 0x57, 0xff, 
  0x3f, 0x57, 0xff, 0x1f, 0x4f, 0xff, 0x9f, 0x57, 0xff, 0xff, 0x4e, 0xff, 
  0x56, 0x0b, 0xff, 0xf5, 0x02, 0xff, 0x78, 0x03, 0xff, 0x78, 0x03, 0xff, 
  0x78, 0x03, 0xff, 0x78, 0x03, 0xff, 0x78, 0x03, 0xff, 0x78, 0x03, 0xff, 
  0x58, 0x03, 0xff, 0x98, 0x03, 0xff, 0xdc, 0x1c, 0xff, 0xfc, 0x1c, 0xff, 
  0xdc, 0x1c, 0xff, 0xdc, 0x1c, 0xff, 0xdc, 0x1c, 0xff, 0xdc, 0x1c, 0xff, 
  0xdc, 0x1c, 0xff, 0xdc, 0x1c, 0xff, 0xfc, 0x1c, 0xff, 0xdc, 0x14, 0xff, 
  0x99, 0x03, 0xff, 0x78, 0x03, 0xff, 0x98, 0x03, 0xff, 0x98, 0x03, 0xff, 
  0x98, 0x03, 0xff, 0x98, 0x03, 0xff, 0x98, 0x03, 0xff, 0x98, 0x03, 0xff, 
  0x98, 0x03, 0xff, 0x98, 0x03, 0xff, 0x98, 0x03, 0xff, 0x98, 0x03, 0xff, 
  0x98, 0x03, 0xff, 0x98, 0x03, 0xff, 0x98, 0x03, 0xff, 0x78, 0x03, 0xfd, 
  0x99, 0x03, 0xfb, 0x78, 0x03, 0x6e, 0x00, 0x00, 0x00, 0xf7, 0x03, 0x04, 
  0xf7, 0x01, 0x04, 0x00, 0x00, 0x00, 0x98, 0x03, 0x5a, 0x78, 0x03, 0xe6, 
  0x78, 0x03, 0xfe, 0x98, 0x03, 0xff, 0x98, 0x03, 0xff, 0x98, 0x03, 0xff, 
  0x98, 0x03, 0xff, 0x98, 0x03, 0xff, 0x98, 0x03, 0xff, 0x98, 0x03, 0xff, 
  0x98, 0x03, 0xff, 0x98, 0x03, 0xff, 0x98, 0x03, 0xff, 0x98, 0x03, 0xff, 
  0x98, 0x03, 0xff, 0x98, 0x03, 0xff, 0x78, 0x03, 0xff, 0x98, 0x03, 0xff, 
  0xdc, 0x14, 0xff, 0xfc, 0x1c, 0xff, 0xdc, 0x1c, 0xff, 0xdc, 0x1c, 0xff, 
  0xdc, 0x1c, 0xff, 0xdc, 0x1c, 0xff, 0xdc, 0x1c, 0xff, 0xdc, 0x1c, 0xff, 
  0xfc, 0x1c, 0xff, 0xdc, 0x1c, 0xff, 0x98, 0x03, 0xff, 0x57, 0x03, 0xff, 
  0x78, 0x03, 0xff, 0x78, 0x03, 0xff, 0x78, 0x03, 0xff, 0x78, 0x03, 0xff, 
  0x78, 0x03, 0xff, 0x77, 0x03, 0xff, 0xf5, 0x02, 0xff, 0x56, 0x0b, 0xff, 
  0xff, 0x4e, 0xff, 0x9f, 0x57, 0xff, 0x1f, 0x4f, 0xff, 0x3f, 0x57, 0xff, 
  0x3f, 0x57, 0xff, 0x3f, 0x57, 0xff, 0x3f, 0x57, 0xff, 0x1f, 0x4f, 0xff, 
  0x9f, 0x57, 0xff, 0xff, 0x4e, 0xff, 0x56, 0x0b, 0xff, 0xf5, 0x02, 0xff, 
  0x77, 0x03, 0xff, 0x78, 0x03, 0xff, 0x78, 0x03, 0xff, 0x78, 0x03, 0xff, 
  0x78, 0x03, 0xff, 0x78, 0x03, 0xff, 0x78, 0x03, 0xff, 0x78, 0x03, 0xff, 
  0x78, 0x03, 0xff, 0x78, 0x03, 0xff, 0x78, 0x03, 0xff, 0x78, 0x03, 0xff, 
  0x78, 0x03, 0xff, 0x78, 0x03, 0xff, 0x78, 0x03, 0xff, 0x77, 0x03, 0xff, 
  0xf5, 0x02, 0xff, 0x56, 0x0b, 0xff, 0xff, 0x4e, 0xff, 0x9f, 0x57, 0xff, 
  0x1f, 0x4f, 0xff, 0x3f, 0x57, 0xff, 0x3f, 0x57, 0xff, 0x3f, 0x57, 0xff, 
  0x3f, 0x57, 0xff, 0x1f, 0x4f, 0xff, 0x9f, 0x57, 0xff, 0xff, 0x4e, 0xff, 
  0x56, 0x0b, 0xff, 0xf5, 0x02, 0xff, 0x77, 0x03, 0xff, 0x78, 0x03, 0xff, 
  0x78, 0x03, 0xff, 0x78, 0x03, 0xff, 0x78, 0x03, 0xff, 0x78, 0x03, 0xff, 
  0x57, 0x03, 0xff, 0x98, 0x03, 0xff, 0xdc, 0x1c, 0xff, 0xfc, 0x1c, 0xff, 
  0xdc, 0x1c, 0xff, 0xdc, 0x1c, 0xff, 0xdc, 0x1c, 0xff, 0xdc, 0x1c, 0xff, 
  0xdc, 0x1c, 0xff, 0xdc, 0x1c, 0xff, 0xfc, 0x1c, 0xff, 0xdc, 0x14, 0xff, 
  0x98, 0x03, 0xff, 0x78, 0x03, 0xff, 0x98, 0x03, 0xff, 0x98, 0x03, 0xff, 
  0x98, 0x03, 0xff, 0x98, 0x03, 0xff, 0x98, 0x03, 0xff, 0x98, 0x03, 0xff, 
  0x98, 0x03, 0xff, 0x98, 0x03, 0xff, 0x98, 0x03, 0xff, 0x98, 0x03, 0xff, 
  0x98, 0x03, 0xff, 0x98, 0x03, 0xff, 0x98, 0x03, 0xff, 0x78, 0x03, 0xfe, 
  0x78, 0x03, 0xe3, 0x78, 0x03, 0x59, 0x00, 0x00, 0x00, 0xf7, 0x01, 0x04, 
  0xff, 0x03, 0x02, 0x00, 0x00, 0x00, 0x98, 0x03, 0x34, 0x78, 0x03, 0xb5, 
  0x99, 0x03, 0xff, 0x98, 0x03, 0xff, 0x78, 0x03, 0xfd, 0x78, 0x03, 0xff, 
  0x78, 0x03, 0xff, 0x78, 0x03, 0xff, 0x78, 0x03, 0xff, 0x78, 0x03, 0xff, 
  0x78, 0x03, 0xff, 0x78, 0x03, 0xff, 0x78, 0x03, 0xff, 0x78, 0x03, 0xff, 
  0x78, 0x03, 0xff, 0x98, 0x03, 0xff, 0x78, 0x03, 0xff, 0x98, 0x03, 0xff, 
  0xdc, 0x14, 0xff, 0xfc, 0x1c, 0xff, 0xdc, 0x1c, 0xff, 0xdc, 0x1c, 0xff, 
  0xdc, 0x1c, 0xff, 0xdc, 0x1c, 0xff, 0xdc, 0x1c, 0xff, 0xdc, 0x1c, 0xff, 
  0xfc, 0x1c, 0xff, 0xdc, 0x1c, 0xff, 0x78, 0x03, 0xff, 0x57, 0x03, 0xff, 
  0x78, 0x03, 0xff, 0x78, 0x03, 0xff, 0x78, 0x03, 0xff, 0x78, 0x03, 0xff, 
  0x78, 0x03, 0xff, 0x77, 0x03, 0xff, 0xd5, 0x02, 0xff, 0x56, 0x0b, 0xff, 
  0xff, 0x4e, 0xff, 0x9f, 0x57, 0xff, 0x1f, 0x4f, 0xff, 0x3f, 0x57, 0xff, 
  0x3f, 0x57, 0xff, 0x3f, 0x57, 0xff, 0x3f, 0x57, 0xff, 0x1f, 0x4f, 0xff, 
  0x9f, 0x57, 0xff, 0xff, 0x4e, 0xff, 0x56, 0x0b, 0xff, 0xd5, 0x02, 0xff, 
  0x77, 0x03, 0xff, 0x78, 0x03, 0xff, 0x78, 0x03, 0xff, 0x78, 0x03, 0xff, 
  0x78, 0x03, 0xff, 0x78, 0x03, 0xff, 0x78, 0x03, 0xff, 0x78, 0x03, 0xff, 
  0x78, 0x03, 0xff, 0x78, 0x03, 0xff, 0x78, 0x03, 0xff, 0x78, 0x03, 0xff, 
  0x78, 0x03, 0xff, 0x78, 0x03, 0xff, 0x78, 0x03, 0xff, 0x77, 0x03, 0xff, 
  0xd5, 0x02, 0xff, 0x56, 0x0b, 0xff, 0xff, 0x4e, 0xff, 0x9f, 0x57, 0xff, 
  0x1f, 0x4f, 0xff, 0x3f, 0x57, 0xff, 0x3f, 0x57, 0xff, 0x3f, 0x57, 0xff, 
  0x3f, 0x57, 0xff, 0x1f, 0x4f, 0xff, 0x9f, 0x57, 0xff, 0xff, 0x4e, 0xff, 
  0x56, 0x0b, 0xff, 0xd5, 0x02, 0xff, 0x77, 0x03, 0xff, 0x78, 0x03, 0xff, 
  0x78, 0x03, 0xff, 0x78, 0x03, 0xff, 0x78, 0x03, 0xff, 0x78, 0x03, 0xff, 
  0x57, 0x03, 0xff, 0x78, 0x03, 0xff, 0xdc, 0x1c, 0xff, 0xfc, 0x1c, 0xff, 
  0xdc, 0x1c, 0xff, 0xdc, 0x1c, 0xff, 0xdc, 0x1c, 0xff, 0xdc, 0x1c, 0xff, 
  0xdc, 0x1c, 0xff, 0xdc, 0x1c, 0xff, 0xfc, 0x1c, 0xff, 0xdc, 0x14, 0xff, 
  0x98, 0x03, 0xff, 0x78, 0x03, 0xff, 0x98, 0x03, 0xff, 0x78, 0x03, 0xff, 
  0x78, 0x03, 0xff, 0x78, 0x03, 0xff, 0x78, 0x03, 0xff, 0x78, 0x03, 0xff, 
  0x78, 0x03, 0xff, 0x78, 0x03, 0xff, 0x78, 0x03, 0xff, 0x78, 0x03, 0xff, 
  0x78, 0x03, 0xff, 0x78, 0x03, 0xfd, 0x98, 0x03, 0xff, 0x99, 0x03, 0xff, 
  0x78, 0x03, 0xb2, 0x98, 0x03, 0x32, 0x00, 0x00, 0x00, 0xff, 0x03, 0x02, 
  0xff, 0x07, 0x01, 0x00, 0x00, 0x00, 0x97, 0x03, 0x0b, 0x78, 0x03, 0x76, 
  0x99, 0x03, 0xff, 0x98, 0x03, 0xff, 0x78, 0x03, 0xfd, 0x78, 0x03, 0xff, 
  0x78, 0x03, 0xff, 0x78, 0x03, 0xff, 0x78, 0x03, 0xff, 0x78, 0x03, 0xff, 
  0x78, 0x03, 0xff, 0x78, 0x03, 0xff, 0x78, 0x03, 0xff, 0x78, 0x03, 0xff, 
  0x78, 0x03, 0xff, 0x78, 0x03, 0xff, 0x58, 0x03, 0xff, 0x98, 0x03, 0xff, 
  0xdc, 0x14, 0xff, 0xfc, 0x1c, 0xff, 0xdc, 0x1c, 0xff, 0xdc, 0x1c, 0xff, 
  0xdc, 0x1c, 0xff, 0xdc, 0x1c, 0xff, 0xdc, 0x1c, 0xff, 0xdc, 0x1c, 0xff, 
  0xfc, 0x1c, 0xff, 0xdc, 0x1c, 0xff, 0x78, 0x03, 0xff, 0x37, 0x03, 0xff, 
  0x78, 0x03, 0xff, 0x57, 0x03, 0xff, 0x57, 0x03, 0xff, 0x57, 0x03, 0xff, 
  0x58, 0x03, 0xff, 0x77, 0x03, 0xff, 0xd5, 0x02, 0xff, 0x56, 0x0b, 0xff, 
  0xff, 0x4e, 0xff, 0x9f, 0x57, 0xff, 0x1f, 0x4f, 0xff, 0x3f, 0x57, 0xff, 
  0x3f, 0x57, 0xff, 0x3f, 0x57, 0xff, 0x3f, 0x57, 0xff, 0x1f, 0x4f, 0xff, 
  0x9f, 0x57, 0xff, 0xff, 0x4e, 0xff, 0x56, 0x0b, 0xff, 0xd5, 0x02, 0xff, 
  0x77, 0x03, 0xff, 0x58, 0x03, 0xff, 0x57, 0x03, 0xff, 0x57, 0x03, 0xff, 
  0x57, 0x03, 0xff, 0x57, 0x03, 0xff, 0x57, 0x03, 0xff, 0x57, 0x03, 0xff, 
  0x57, 0x03, 0xff, 0x57, 0x03, 0xff, 0x57, 0x03, 0xff, 0x57, 0x03, 0xff, 
  0x57, 0x03, 0xff, 0x57, 0x03, 0xff, 0x58, 0x03, 0xff, 0x77, 0x03, 0xff, 
  0xd5, 0x02, 0xff, 0x56, 0x0b, 0xff, 0xff, 0x4e, 0xff, 0x9f, 0x57, 0xff, 
  0x1f, 0x4f, 0xff, 0x3f, 0x57, 0xff, 0x3f, 0x57, 0xff, 0x3f, 0x57, 0xff, 
  0x3f, 0x57, 0xff, 0x1f, 0x4f, 0xff, 0x9f, 0x57, 0xff, 0xff, 0x4e, 0xff, 
  0x56, 0x0b, 0xff, 0xd5, 0x02, 0xff, 0x77, 0x03, 0xff, 0x58, 0x03, 0xff, 
  0x57, 0x03, 0xff, 0x57, 0x03, 0xff, 0x57, 0x03, 0xff, 0x78, 0x03, 0xff, 
  0x37, 0x03, 0xff, 0x78, 0x03, 0xff, 0xdc, 0x1c, 0xff, 0xfc, 0x1c, 0xff, 
  0xdc, 0x1c, 0xff, 0xdc, 0x1c, 0xff, 0xdc, 0x1c, 0xff, 0xdc, 0x1c, 0xff, 
  0xdc, 0x1c, 0xff, 0xdc, 0x1c, 0xff, 0xfc, 0x1c, 0xff, 0xdc, 0x14, 0xff, 
  0x98, 0x03, 0xff, 0x58, 0x03, 0xff, 0x78, 0x03, 0xff, 0x78, 0x03, 0xff, 
  0x78, 0x03, 0xff, 0x78, 0x03, 0xff, 0x78, 0x03, 0xff, 0x78, 0x03, 0xff, 
  0x78, 0x03, 0xff, 0x78, 0x03, 0xff, 0x78, 0x03, 0xff, 0x78, 0x03, 0xff, 
  0x78, 0x03, 0xff, 0x78, 0x03, 0xfd, 0x98, 0x03, 0xff, 0x99, 0x03, 0xff, 
  0x78, 0x03, 0x75, 0xf9, 0x03, 0x0a, 0x00, 0x00, 0x01, 0xff, 0x07, 0x01, 
  0x00, 0x00, 0x00, 0x39, 0x03, 0x05, 0x00, 0x00, 0x00, 0x78, 0x03, 0x36, 
  0x78, 0x03, 0xda, 0x78, 0x03, 0xfd, 0x78, 0x03, 0xfe, 0x78, 0x03, 0xfd, 
  0x78, 0x03, 0xff, 0x78, 0x03, 0xff, 0x78, 0x03, 0xff, 0x78, 0x03, 0xff, 
  0x78, 0x03, 0xff, 0x78, 0x03, 0xff, 0x78, 0x03, 0xff, 0x78, 0x03, 0xff, 
  0x78, 0x03, 0xff, 0x78, 0x03, 0xff, 0x58, 0x03, 0xff, 0x98, 0x03, 0xff, 
  0xdc, 0x1c, 0xff, 0xfc, 0x1c, 0xff, 0xdc, 0x1c, 0xff, 0xdc, 0x1c, 0xff, 
  0xdc, 0x1c, 0xff, 0xdc, 0x1c, 0xff, 0xdc, 0x1c, 0xff, 0xdc, 0x1c, 0xff, 
  0xfc, 0x1c, 0xff, 0xdb, 0x1c, 0xff, 0x78, 0x03, 0xff, 0x37, 0x03, 0xff, 
  0x57, 0x03, 0xff, 0x57, 0x03, 0xff, 0x57, 0x03, 0xff, 0x57, 0x03, 0xff, 
  0x57, 0x03, 0xff, 0x57, 0x03, 0xff, 0xd5, 0x02, 0xff, 0x55, 0x0b, 0xff, 
  0xbe, 0x4e, 0xff, 0x7f, 0x57, 0xff, 0x3f, 0x4f, 0xff, 0x3f, 0x57, 0xff, 
  0x3f, 0x57, 0xff, 0x3f, 0x57, 0xff, 0x3f, 0x57, 0xff, 0x3f, 0x4f, 0xff, 
  0x7f, 0x57, 0xff, 0xbe, 0x46, 0xff, 0x55, 0x0b, 0xff, 0xd5, 0x02, 0xff, 
  0x57, 0x03, 0xff, 0x57, 0x03, 0xff, 0x57, 0x03, 0xff, 0x57, 0x03, 0xff, 
  0x57, 0x03, 0xff, 0x57, 0x03, 0xff, 0x57, 0x03, 0xff, 0x57, 0x03, 0xff, 
  0x57, 0x03, 0xff, 0x57, 0x03, 0xff, 0x57, 0x03, 0xff, 0x57, 0x03, 0xff, 
  0x57, 0x03, 0xff, 0x57, 0x03, 0xff, 0x57, 0x03, 0xff, 0x57, 0x03, 0xff, 
  0xd5, 0x02, 0xff, 0x55, 0x0b, 0xff, 0xbe, 0x4e, 0xff, 0x7f, 0x57, 0xff, 
  0x3f, 0x4f, 0xff, 0x3f, 0x57, 0xff, 0x3f, 0x57, 0xff, 0x3f, 0x57, 0xff, 
  0x3f, 0x57, 0xff, 0x3f, 0x4f, 0xff, 0x7f, 0x57, 0xff, 0xbe, 0x46, 0xff, 
  0x55, 0x0b, 0xff, 0xd5, 0x02, 0xff, 0x57, 0x03, 0xff, 0x57, 0x03, 0xff, 
  0x57, 0x03, 0xff, 0x57, 0x03, 0xff, 0x57, 0x03, 0xff, 0x57, 0x03, 0xff, 
  0x37, 0x03, 0xff, 0x78, 0x03, 0xff, 0xdb, 0x1c, 0xff, 0xfc, 0x1c, 0xff, 
  0xdc, 0x1c, 0xff, 0xdc, 0x1c, 0xff, 0xdc, 0x1c, 0xff, 0xdc, 0x1c, 0xff, 
  0xdc, 0x1c, 0xff, 0xdc, 0x1c, 0xff, 0xfc, 0x1c, 0xff, 0xdc, 0x1c, 0xff, 
  0x98, 0x03, 0xff, 0x58, 0x03, 0xff, 0x78, 0x03, 0xff, 0x78, 0x03, 0xff, 
  0x78, 0x03, 0xff, 0x78, 0x03, 0xff, 0x78, 0x03, 0xff, 0x78, 0x03, 0xff, 
  0x78, 0x03, 0xff, 0x78, 0x03, 0xff, 0x78, 0x03, 0xff, 0x78, 0x03, 0xff, 
  0x78, 0x03, 0xfe, 0x78, 0x03, 0xfe, 0x78, 0x03, 0xfd, 0x78, 0x03, 0xdd, 
  0x78, 0x03, 0x36, 0x00, 0x00, 0x00, 0xb5, 0x02, 0x06, 0x00, 0x00, 0x00, 
  0x00, 0x00, 0x00, 0x55, 0x05, 0x03, 0x00, 0x00, 0x00, 0x7b, 0x03, 0x07, 
  0x77, 0x03, 0x69, 0x78, 0x03, 0xff, 0x99, 0x03, 0xff, 0x77, 0x03, 0xf8, 
  0x78, 0x03, 0xff, 0x78, 0x03, 0xff, 0x78, 0x03, 0xff, 0x78, 0x03, 0xff, 
  0x78, 0x03, 0xff, 0x78, 0x03, 0xff, 0x78, 0x03, 0xff, 0x78, 0x03, 0xff, 
  0x78, 0x03, 0xff, 0x78, 0x03, 0xff, 0x57, 0x03, 0xff, 0x98, 0x03, 0xff, 
  0xdc, 0x1c, 0xff, 0xfc, 0x1c, 0xff, 0xdc, 0x1c, 0xff, 0xdc, 0x1c, 0xff, 
  0xdc, 0x1c, 0xff, 0xdc, 0x1c, 0xff, 0xdc, 0x1c, 0xff, 0xdc, 0x1c, 0xff, 
  0xfc, 0x1c, 0xff, 0xdb, 0x1c, 0xff, 0x78, 0x03, 0xff, 0x37, 0x03, 0xff, 
  0x57, 0x03, 0xff, 0x57, 0x03, 0xff, 0x57, 0x03, 0xff, 0x57, 0x03, 0xff, 
  0x57, 0x03, 0xff, 0x57, 0x03, 0xff, 0xf5, 0x02, 0xff, 0x35, 0x0b, 0xff, 
  0x1d, 0x3e, 0xff, 0x3f, 0x57, 0xff, 0x3f, 0x4f, 0xff, 0x3f, 0x4f, 0xff, 
  0x3f, 0x57, 0xff, 0x3f, 0x57, 0xff, 0x3f, 0x4f, 0xff, 0x3f, 0x4f, 0xff, 
  0x3f, 0x4f, 0xff, 0x1c, 0x3e, 0xff, 0x35, 0x0b, 0xff, 0xf5, 0x02, 0xff, 
  0x57, 0x03, 0xff, 0x57, 0x03, 0xff, 0x57, 0x03, 0xff, 0x57, 0x03, 0xff, 
  0x57, 0x03, 0xff, 0x57, 0x03, 0xff, 0x57, 0x03, 0xff, 0x57, 0x03, 0xff, 
  0x57, 0x03, 0xff, 0x57, 0x03, 0xff, 0x57, 0x03, 0xff, 0x57, 0x03, 0xff, 
  0x57, 0x03, 0xff, 0x57, 0x03, 0xff, 0x57, 0x03, 0xff, 0x57, 0x03, 0xff, 
  0xf5, 0x02, 0xff, 0x35, 0x0b, 0xff, 0x1d, 0x3e, 0xff, 0x3f, 0x57, 0xff, 
  0x3f, 0x4f, 0xff, 0x3f, 0x4f, 0xff, 0x3f, 0x57, 0xff, 0x3f, 0x57, 0xff, 
  0x3f, 0x4f, 0xff, 0x3f, 0x4f, 0xff, 0x3f, 0x4f, 0xff, 0x1c, 0x3e, 0xff, 
  0x35, 0x0b, 0xff, 0xf5, 0x02, 0xff, 0x57, 0x03, 0xff, 0x57, 0x03, 0xff, 
  0x57, 0x03, 0xff, 0x57, 0x03, 0xff, 0x57, 0x03, 0xff, 0x57, 0x03, 0xff, 
  0x37, 0x03, 0xff, 0x78, 0x03, 0xff, 0xdb, 0x1c, 0xff, 0xfc, 0x1c, 0xff, 
  0xdc, 0x1c, 0xff, 0xdc, 0x1c, 0xff, 0xdc, 0x1c, 0xff, 0xdc, 0x1c, 0xff, 
  0xdc, 0x1c, 0xff, 0xdc, 0x1c, 0xff, 0xfc, 0x1c, 0xff, 0xdc, 0x1c, 0xff, 
  0x98, 0x03, 0xff, 0x57, 0x03, 0xff, 0x78, 0x03, 0xff, 0x78, 0x03, 0xff, 
  0x78, 0x03, 0xff, 0x78, 0x03, 0xff, 0x78, 0x03, 0xff, 0x78, 0x03, 0xff, 
  0x78, 0x03, 0xff, 0x78, 0x03, 0xff, 0x78, 0x03, 0xff, 0x78, 0x03, 0xff, 
  0x57, 0x03, 0xf8, 0x99, 0x03, 0xfe, 0x77, 0x03, 0xfe, 0x57, 0x03, 0x68, 
  0xf7, 0x02, 0x08, 0x00, 0x00, 0x00, 0x55, 0x05, 0x03, 0x00, 0x00, 0x00, 
  0x00, 0x00, 0x00, 0x00, 0x00, 0x00, 0xef, 0x03, 0x02, 0x00, 0x00, 0x00, 
  0xf7, 0x03, 0x12, 0x78, 0x03, 0x97, 0x78, 0x03, 0xfb, 0x99, 0x03, 0xff, 
  0x78, 0x03, 0xf7, 0x78, 0x03, 0xfd, 0x78, 0x03, 0xff, 0x78, 0x03, 0xff, 
  0x78, 0x03, 0xff, 0x78, 0x03, 0xff, 0x78, 0x03, 0xff, 0x78, 0x03, 0xff, 
  0x78, 0x03, 0xff, 0x78, 0x03, 0xff, 0x57, 0x03, 0xff, 0x98, 0x03, 0xff, 
  0xdc, 0x1c, 0xff, 0xfc, 0x1c, 0xff, 0xdc, 0x1c, 0xff, 0xdc, 0x1c, 0xff, 
  0xdc, 0x1c, 0xff, 0xdc, 0x1c, 0xff, 0xdc, 0x1c, 0xff, 0xdc, 0x1c, 0xff, 
  0xfc, 0x1c, 0xff, 0xdb, 0x1c, 0xff, 0x78, 0x03, 0xff, 0x37, 0x03, 0xff, 
  0x57, 0x03, 0xff, 0x57, 0x03, 0xff, 0x57, 0x03, 0xff, 0x57, 0x03, 0xff, 
  0x57, 0x03, 0xff, 0x57, 0x03, 0xff, 0x16, 0x03, 0xff, 0x15, 0x03, 0xff, 
  0x78, 0x1c, 0xff, 0xdf, 0x4e, 0xff, 0xbf, 0x5f, 0xff, 0x3f, 0x4f, 0xff, 
  0x1f, 0x4f, 0xff, 0x1f, 0x4f, 0xff, 0x3f, 0x4f, 0xff, 0xbf, 0x5f, 0xff, 
  0xde, 0x4e, 0xff, 0x38, 0x1c, 0xff, 0x15, 0x03, 0xff, 0x16, 0x03, 0xff, 
  0x57, 0x03, 0xff, 0x57, 0x03, 0xff, 0x57, 0x03, 0xff, 0x57, 0x03, 0xff, 
  0x57, 0x03, 0xff, 0x57, 0x03, 0xff, 0x57, 0x03, 0xff, 0x57, 0x03, 0xff, 
  0x57, 0x03, 0xff, 0x57, 0x03, 0xff, 0x57, 0x03, 0xff, 0x57, 0x03, 0xff, 
  0x57, 0x03, 0xff, 0x57, 0x03, 0xff, 0x57, 0x03, 0xff, 0x57, 0x03, 0xff, 
  0x16, 0x03, 0xff, 0x15, 0x03, 0xff, 0x78, 0x1c, 0xff, 0xdf, 0x4e, 0xff, 
  0xbf, 0x5f, 0xff, 0x3f, 0x4f, 0xff, 0x1f, 0x4f, 0xff, 0x1f, 0x4f, 0xff, 
  0x3f, 0x4f, 0xff, 0xbf, 0x5f, 0xff, 0xde, 0x4e, 0xff, 0x38, 0x1c, 0xff, 
  0x15, 0x03, 0xff, 0x16, 0x03, 0xff, 0x57, 0x03, 0xff, 0x57, 0x03, 0xff, 
  0x57, 0x03, 0xff, 0x57, 0x03, 0xff, 0x57, 0x03, 0xff, 0x57, 0x03, 0xff, 
  0x37, 0x03, 0xff, 0x78, 0x03, 0xff, 0xdb, 0x1c, 0xff, 0xfc, 0x1c, 0xff, 
  0xdc, 0x1c, 0xff, 0xdc, 0x1c, 0xff, 0xdc, 0x1c, 0xff, 0xdc, 0x1c, 0xff, 
  0xdc, 0x1c, 0xff, 0xdc, 0x1c, 0xff, 0xfc, 0x1c, 0xff, 0xdc, 0x1c, 0xff, 
  0x98, 0x03, 0xff, 0x57, 0x03, 0xff, 0x78, 0x03, 0xff, 0x78, 0x03, 0xff, 
  0x78, 0x03, 0xff, 0x78, 0x03, 0xff, 0x78, 0x03, 0xff, 0x78, 0x03, 0xff, 
  0x78, 0x03, 0xff, 0x78, 0x03, 0xff, 0x78, 0x03, 0xfd, 0x78, 0x03, 0xf7, 
  0x99, 0x03, 0xff, 0x78, 0x03, 0xfc, 0x77, 0x03, 0x99, 0x77, 0x03, 0x10, 
  0x00, 0x00, 0x00, 0xef, 0x03, 0x02, 0x00, 0x00, 0x00, 0x00, 0x00, 0x00, 
  0x00, 0x00, 0x00, 0x00, 0x00, 0x00, 0xef, 0x03, 0x02, 0xef, 0x03, 0x02, 
  0x00, 0x00, 0x00, 0x98, 0x03, 0x1b, 0x57, 0x03, 0xa2, 0x99, 0x03, 0xf2, 
  0x98, 0x03, 0xff, 0x78, 0x03, 0xff, 0x58, 0x03, 0xfd, 0x57, 0x03, 0xfd, 
  0x57, 0x03, 0xfe, 0x57, 0x03, 0xfe, 0x77, 0x03, 0xff, 0x78, 0x03, 0xff, 
  0x78, 0x03, 0xff, 0x78, 0x03, 0xff, 0x57, 0x03, 0xff, 0x78, 0x03, 0xff, 
  0xdc, 0x1c, 0xff, 0xfc, 0x1c, 0xff, 0xdc, 0x1c, 0xff, 0xdc, 0x1c, 0xff, 
  0xdc, 0x1c, 0xff, 0xdc, 0x1c, 0xff, 0xdc, 0x1c, 0xff, 0xdc, 0x1c, 0xff, 
  0xfc, 0x1c, 0xff, 0xbb, 0x1c, 0xff, 0x77, 0x03, 0xff, 0x37, 0x03, 0xff, 
  0x57, 0x03, 0xff, 0x57, 0x03, 0xff, 0x57, 0x03, 0xff, 0x57, 0x03, 0xff, 
  0x57, 0x03, 0xff, 0x57, 0x03, 0xff, 0x37, 0x03, 0xff, 0x15, 0x03, 0xff, 
  0x15, 0x03, 0xff, 0x3a, 0x2d, 0xff, 0xde, 0x4e, 0xff, 0x3f, 0x57, 0xff, 
  0x7f, 0x57, 0xff, 0x7f, 0x57, 0xff, 0x3f, 0x57, 0xff, 0xde, 0x4e, 0xff, 
  0x1a, 0x2d, 0xff, 0xf5, 0x02, 0xff, 0x15, 0x03, 0xff, 0x36, 0x03, 0xff, 
  0x57, 0x03, 0xff, 0x57, 0x03, 0xff, 0x57, 0x03, 0xff, 0x57, 0x03, 0xff, 
  0x57, 0x03, 0xff, 0x57, 0x03, 0xff, 0x57, 0x03, 0xff, 0x57, 0x03, 0xff, 
  0x57, 0x03, 0xff, 0x57, 0x03, 0xff, 0x57, 0x03, 0xff, 0x57, 0x03, 0xff, 
  0x57, 0x03, 0xff, 0x57, 0x03, 0xff, 0x57, 0x03, 0xff, 0x57, 0x03, 0xff, 
  0x37, 0x03, 0xff, 0x15, 0x03, 0xff, 0x15, 0x03, 0xff, 0x3a, 0x2d, 0xff, 
  0xde, 0x4e, 0xff, 0x3f, 0x57, 0xff, 0x7f, 0x57, 0xff, 0x7f, 0x57, 0xff, 
  0x3f, 0x57, 0xff, 0xde, 0x4e, 0xff, 0x1a, 0x2d, 0xff, 0xf5, 0x02, 0xff, 
  0x15, 0x03, 0xff, 0x36, 0x03, 0xff, 0x57, 0x03, 0xff, 0x57, 0x03, 0xff, 
  0x57, 0x03, 0xff, 0x57, 0x03, 0xff, 0x57, 0x03, 0xff, 0x57, 0x03, 0xff, 
  0x37, 0x03, 0xff, 0x77, 0x03, 0xff, 0xbb, 0x1c, 0xff, 0xfc, 0x1c, 0xff, 
  0xdc, 0x1c, 0xff, 0xdc, 0x1c, 0xff, 0xdc, 0x1c, 0xff, 0xdc, 0x1c, 0xff, 
  0xdc, 0x1c, 0xff, 0xdc, 0x1c, 0xff, 0xfc, 0x1c, 0xff, 0xdc, 0x1c, 0xff, 
  0x78, 0x03, 0xff, 0x57, 0x03, 0xff, 0x78, 0x03, 0xff, 0x78, 0x03, 0xff, 
  0x78, 0x03, 0xff, 0x77, 0x03, 0xff, 0x57, 0x03, 0xfe, 0x57, 0x03, 0xfe, 
  0x57, 0x03, 0xfd, 0x58, 0x03, 0xfd, 0x78, 0x03, 0xff, 0x98, 0x03, 0xff, 
  0x99, 0x03, 0xf1, 0x57, 0x03, 0xa3, 0x58, 0x03, 0x1f, 0x00, 0x00, 0x00, 
  0xef, 0x03, 0x02, 0xff, 0x03, 0x02, 0x00, 0x00, 0x00, 0x00, 0x00, 0x00, 
  0x00, 0x00, 0x00, 0x00, 0x00, 0x00, 0x00, 0x00, 0x00, 0x1f, 0x00, 0x01, 
  0x1f, 0x00, 0x01, 0x00, 0x00, 0x00, 0x39, 0x03, 0x19, 0x77, 0x03, 0x8f, 
  0x77, 0x03, 0xf3, 0x57, 0x03, 0xfb, 0x78, 0x03, 0xff, 0x78, 0x03, 0xff, 
  0x78, 0x03, 0xff, 0x58, 0x03, 0xff, 0x57, 0x03, 0xff, 0x57, 0x03, 0xff, 
  0x57, 0x03, 0xff, 0x78, 0x03, 0xff, 0x37, 0x03, 0xff, 0x78, 0x03, 0xff, 
  0xdc, 0x1c, 0xff, 0xfc, 0x1c, 0xff, 0xdc, 0x1c, 0xff, 0xdc, 0x1c, 0xff, 
  0xdc, 0x1c, 0xff, 0xdc, 0x1c, 0xff, 0xdc, 0x1c, 0xff, 0xdc, 0x1c, 0xff, 
  0xfc, 0x1c, 0xff, 0xbb, 0x1c, 0xff, 0x77, 0x03, 0xff, 0x36, 0x03, 0xff, 
  0x57, 0x03, 0xff, 0x57, 0x03, 0xff, 0x57, 0x03, 0xff, 0x57, 0x03, 0xff, 
  0x57, 0x03, 0xff, 0x57, 0x03, 0xff, 0x37, 0x03, 0xff, 0x36, 0x03, 0xff, 
  0x15, 0x03, 0xff, 0xf4, 0x02, 0xff, 0x38, 0x1c, 0xff, 0x1c, 0x3e, 0xff, 
  0xbe, 0x4e, 0xff, 0xbe, 0x4e, 0xff, 0x1c, 0x3e, 0xff, 0x38, 0x1c, 0xff, 
  0xf4, 0x02, 0xff, 0x15, 0x03, 0xff, 0x36, 0x03, 0xff, 0x37, 0x03, 0xff, 
  0x57, 0x03, 0xff, 0x57, 0x03, 0xff, 0x57, 0x03, 0xff, 0x57, 0x03, 0xff, 
  0x57, 0x03, 0xff, 0x57, 0x03, 0xff, 0x57, 0x03, 0xff, 0x57, 0x03, 0xff, 
  0x57, 0x03, 0xff, 0x57, 0x03, 0xff, 0x57, 0x03, 0xff, 0x57, 0x03, 0xff, 
  0x57, 0x03, 0xff, 0x57, 0x03, 0xff, 0x57, 0x03, 0xff, 0x57, 0x03, 0xff, 
  0x37, 0x03, 0xff, 0x36, 0x03, 0xff, 0x15, 0x03, 0xff, 0xf4, 0x02, 0xff, 
  0x38, 0x1c, 0xff, 0x1c, 0x3e, 0xff, 0xbe, 0x4e, 0xff, 0xbe, 0x4e, 0xff, 
  0x1c, 0x3e, 0xff, 0x38, 0x1c, 0xff, 0xf4, 0x02, 0xff, 0x15, 0x03, 0xff, 
  0x36, 0x03, 0xff, 0x37, 0x03, 0xff, 0x57, 0x03, 0xff, 0x57, 0x03, 0xff, 
  0x57, 0x03, 0xff, 0x57, 0x03, 0xff, 0x57, 0x03, 0xff, 0x57, 0x03, 0xff, 
  0x36, 0x03, 0xff, 0x77, 0x03, 0xff, 0xbb, 0x1c, 0xff, 0xfc, 0x1c, 0xff, 
  0xdc, 0x1c, 0xff, 0xdc, 0x1c, 0xff, 0xdc, 0x1c, 0xff, 0xdc, 0x1c, 0xff, 
  0xdc, 0x1c, 0xff, 0xdc, 0x1c, 0xff, 0xfc, 0x1c, 0xff, 0xdc, 0x1c, 0xff, 
  0x78, 0x03, 0xff, 0x37, 0x03, 0xff, 0x78, 0x03, 0xff, 0x57, 0x03, 0xff, 
  0x57, 0x03, 0xff, 0x57, 0x03, 0xff, 0x58, 0x03, 0xff, 0x78, 0x03, 0xff, 
  0x78, 0x03, 0xff, 0x78, 0x03, 0xff, 0x57, 0x03, 0xfb, 0x57, 0x03, 0xf2, 
  0x57, 0x03, 0x8d, 0x57, 0x03, 0x18, 0x00, 0x00, 0x00, 0x1f, 0x00, 0x01, 
  0x1f, 0x00, 0x01, 0x00, 0x00, 0x00, 0x00, 0x00, 0x00, 0x00, 0x00, 0x00, 
  0x00, 0x00, 0x00, 0x00, 0x00, 0x00, 0x00, 0x00, 0x00, 0x00, 0x00, 0x00, 
  0x00, 0x00, 0x00, 0x00, 0x00, 0x00, 0x00, 0x00, 0x00, 0x36, 0x03, 0x0a, 
  0x58, 0x03, 0x4a, 0x57, 0x03, 0xb8, 0x57, 0x03, 0xff, 0x78, 0x03, 0xff, 
  0x57, 0x03, 0xff, 0x57, 0x03, 0xff, 0x57, 0x03, 0xfd, 0x57, 0x03, 0xfc, 
  0x57, 0x03, 0xfb, 0x57, 0x03, 0xfb, 0x37, 0x03, 0xfb, 0x78, 0x03, 0xfb, 
  0xdb, 0x1c, 0xff, 0xfc, 0x1c, 0xff, 0xdc, 0x1c, 0xff, 0xdc, 0x1c, 0xff, 
  0xdc, 0x1c, 0xff, 0xdc, 0x1c, 0xff, 0xdc, 0x1c, 0xff, 0xdc, 0x1c, 0xff, 
  0xfc, 0x1c, 0xff, 0xdb, 0x1c, 0xff, 0x77, 0x0b, 0xff, 0x36, 0x03, 0xff, 
  0x57, 0x03, 0xff, 0x37, 0x03, 0xff, 0x37, 0x03, 0xff, 0x37, 0x03, 0xff, 
  0x37, 0x03, 0xff, 0x37, 0x03, 0xff, 0x37, 0x03, 0xff, 0x37, 0x03, 0xff, 
  0x16, 0x03, 0xff, 0xf5, 0x02, 0xff, 0xf5, 0x02, 0xff, 0x35, 0x0b, 0xff, 
  0x35, 0x0b, 0xff, 0x35, 0x0b, 0xff, 0x35, 0x0b, 0xff, 0xf5, 0x02, 0xff, 
  0xf5, 0x02, 0xff, 0x16, 0x03, 0xff, 0x37, 0x03, 0xff, 0x37, 0x03, 0xff, 
  0x37, 0x03, 0xff, 0x37, 0x03, 0xff, 0x37, 0x03, 0xff, 0x37, 0x03, 0xff, 
  0x37, 0x03, 0xff, 0x37, 0x03, 0xff, 0x37, 0x03, 0xff, 0x37, 0x03, 0xff, 
  0x37, 0x03, 0xff, 0x37, 0x03, 0xff, 0x37, 0x03, 0xff, 0x37, 0x03, 0xff, 
  0x37, 0x03, 0xff, 0x37, 0x03, 0xff, 0x37, 0x03, 0xff, 0x37, 0x03, 0xff, 
  0x37, 0x03, 0xff, 0x37, 0x03, 0xff, 0x16, 0x03, 0xff, 0xf5, 0x02, 0xff, 
  0xf5, 0x02, 0xff, 0x35, 0x0b, 0xff, 0x35, 0x0b, 0xff, 0x35, 0x0b, 0xff, 
  0x35, 0x0b, 0xff, 0xf5, 0x02, 0xff, 0xf5, 0x02, 0xff, 0x16, 0x03, 0xff, 
  0x37, 0x03, 0xff, 0x37, 0x03, 0xff, 0x37, 0x03, 0xff, 0x37, 0x03, 0xff, 
  0x37, 0x03, 0xff, 0x37, 0x03, 0xff, 0x37, 0x03, 0xff, 0x57, 0x03, 0xff, 
  0x36, 0x03, 0xff, 0x98, 0x0b, 0xff, 0xdb, 0x1c, 0xff, 0xfc, 0x1c, 0xff, 
  0xdc, 0x1c, 0xff, 0xdc, 0x1c, 0xff, 0xdc, 0x1c, 0xff, 0xdc, 0x1c, 0xff, 
  0xdc, 0x1c, 0xff, 0xdc, 0x1c, 0xff, 0xfc, 0x1c, 0xff, 0xdb, 0x1c, 0xff, 
  0x78, 0x03, 0xff, 0x37, 0x03, 0xff, 0x57, 0x03, 0xff, 0x57, 0x03, 0xff, 
  0x57, 0x03, 0xff, 0x57, 0x03, 0xfd, 0x57, 0x03, 0xff, 0x57, 0x03, 0xff, 
  0x78, 0x03, 0xff, 0x58, 0x03, 0xff, 0x57, 0x03, 0xb6, 0x37, 0x03, 0x48, 
  0x98, 0x03, 0x09, 0x00, 0x00, 0x00, 0x00, 0x00, 0x00, 0x00, 0x00, 0x00, 
  0x00, 0x00, 0x00, 0x00, 0x00, 0x00, 0x00, 0x00, 0x00, 0x00, 0x00, 0x00, 
  0x00, 0x00, 0x00, 0x00, 0x00, 0x00, 0x00, 0x00, 0x00, 0x00, 0x00, 0x00, 
  0x00, 0x00, 0x00, 0x00, 0x00, 0x01, 0x00, 0x00, 0x00, 0x00, 0x00, 0x00, 
  0x1f, 0x00, 0x01, 0x57, 0x03, 0x27, 0x57, 0x03, 0x55, 0x58, 0x03, 0x8b, 
  0x57, 0x03, 0xc2, 0x57, 0x03, 0xe9, 0x57, 0x03, 0xff, 0x99, 0x03, 0xff, 
  0xba, 0x03, 0xff, 0xba, 0x03, 0xff, 0x99, 0x03, 0xff, 0xda, 0x03, 0xff, 
  0xdc, 0x1c, 0xff, 0xfc, 0x1c, 0xff, 0xdc, 0x1c, 0xff, 0xdc, 0x1c, 0xff, 
  0xdc, 0x1c, 0xff, 0xdc, 0x1c, 0xff, 0xdc, 0x1c, 0xff, 0xdc, 0x1c, 0xff, 
  0xfc, 0x1c, 0xff, 0xdc, 0x1c, 0xff, 0xb8, 0x0b, 0xff, 0x37, 0x03, 0xff, 
  0x37, 0x03, 0xff, 0x37, 0x03, 0xff, 0x37, 0x03, 0xff, 0x37, 0x03, 0xff, 
  0x37, 0x03, 0xff, 0x37, 0x03, 0xff, 0x37, 0x03, 0xff, 0x37, 0x03, 0xff, 
  0x36, 0x03, 0xff, 0x36, 0x03, 0xff, 0x15, 0x03, 0xff, 0xd5, 0x02, 0xff, 
  0xb4, 0x02, 0xff, 0xb4, 0x02, 0xff, 0xd5, 0x02, 0xff, 0x15, 0x03, 0xff, 
  0x36, 0x03, 0xff, 0x36, 0x03, 0xff, 0x37, 0x03, 0xff, 0x37, 0x03, 0xff, 
  0x37, 0x03, 0xff, 0x37, 0x03, 0xff, 0x37, 0x03, 0xff, 0x37, 0x03, 0xff, 
  0x37, 0x03, 0xff, 0x37, 0x03, 0xff, 0x37, 0x03, 0xff, 0x37, 0x03, 0xff, 
  0x37, 0x03, 0xff, 0x37, 0x03, 0xff, 0x37, 0x03, 0xff, 0x37, 0x03, 0xff, 
  0x37, 0x03, 0xff, 0x37, 0x03, 0xff, 0x37, 0x03, 0xff, 0x37, 0x03, 0xff, 
  0x37, 0x03, 0xff, 0x37, 0x03, 0xff, 0x36, 0x03, 0xff, 0x36, 0x03, 0xff, 
  0x15, 0x03, 0xff, 0xd5, 0x02, 0xff, 0xb4, 0x02, 0xff, 0xb4, 0x02, 0xff, 
  0xd5, 0x02, 0xff, 0x15, 0x03, 0xff, 0x36, 0x03, 0xff, 0x36, 0x03, 0xff, 
  0x37, 0x03, 0xff, 0x37, 0x03, 0xff, 0x37, 0x03, 0xff, 0x37, 0x03, 0xff, 
  0x37, 0x03, 0xff, 0x37, 0x03, 0xff, 0x37, 0x03, 0xff, 0x37, 0x03, 0xff, 
  0x57, 0x03, 0xff, 0xb8, 0x0b, 0xff, 0xdc, 0x1c, 0xff, 0xfc, 0x1c, 0xff, 
  0xdc, 0x1c, 0xff, 0xdc, 0x1c, 0xff, 0xdc, 0x1c, 0xff, 0xdc, 0x1c, 0xff, 
  0xdc, 0x1c, 0xff, 0xdc, 0x1c, 0xff, 0xfc, 0x1c, 0xff, 0xdb, 0x1c, 0xff, 
  0x78, 0x03, 0xff, 0x57, 0x03, 0xff, 0x78, 0x03, 0xff, 0x58, 0x03, 0xff, 
  0x57, 0x03, 0xfe, 0x57, 0x03, 0xfd, 0x57, 0x03, 0xe8, 0x57, 0x03, 0xc1, 
  0x58, 0x03, 0x8a, 0x57, 0x03, 0x54, 0x57, 0x03, 0x26, 0x00, 0x00, 0x00, 
  0x00, 0x00, 0x00, 0x00, 0x00, 0x00, 0x1f, 0x00, 0x01, 0x00, 0x00, 0x00, 
  0x00, 0x00, 0x00, 0x00, 0x00, 0x00, 0x00, 0x00, 0x00, 0x00, 0x00, 0x00, 
  0x00, 0x00, 0x00, 0x00, 0x00, 0x00, 0x00, 0x00, 0x00, 0x00, 0x00, 0x00, 
  0x00, 0x00, 0x00, 0x00, 0x00, 0x00, 0x1f, 0x00, 0x01, 0xf7, 0x03, 0x04, 
  0x00, 0x00, 0x00, 0x00, 0x00, 0x00, 0x00, 0x00, 0x00, 0x17, 0x0b, 0x17, 
  0x57, 0x03, 0x40, 0x37, 0x03, 0x5b, 0x57, 0x03, 0x6b, 0x57, 0x03, 0x78, 
  0x57, 0x03, 0x7f, 0x77, 0x03, 0x83, 0x37, 0x03, 0x80, 0x78, 0x03, 0x89, 
  0xdc, 0x1c, 0xf6, 0x1d, 0x1d, 0xff, 0xdc, 0x1c, 0xfc, 0xdc, 0x1c, 0xff, 
  0xdc, 0x1c, 0xff, 0xdc, 0x1c, 0xff, 0xdc, 0x1c, 0xff, 0xdc, 0x1c, 0xff, 
  0xfc, 0x1c, 0xff, 0xdc, 0x1c, 0xff, 0x19, 0x14, 0xff, 0x57, 0x03, 0xff, 
  0x36, 0x03, 0xff, 0x57, 0x03, 0xff, 0x36, 0x03, 0xff, 0x36, 0x03, 0xff, 
  0x36, 0x03, 0xff, 0x37, 0x03, 0xff, 0x36, 0x03, 0xff, 0x36, 0x03, 0xff, 
  0x37, 0x03, 0xff, 0x36, 0x03, 0xff, 0x36, 0x03, 0xff, 0x56, 0x03, 0xff, 
  0x56, 0x0b, 0xff, 0x56, 0x0b, 0xff, 0x56, 0x03, 0xff, 0x36, 0x03, 0xff, 
  0x36, 0x03, 0xff, 0x37, 0x03, 0xff, 0x36, 0x03, 0xff, 0x36, 0x03, 0xff, 
  0x37, 0x03, 0xff, 0x36, 0x03, 0xff, 0x36, 0x03, 0xff, 0x36, 0x03, 0xff, 
  0x36, 0x03, 0xff, 0x36, 0x03, 0xff, 0x36, 0x03, 0xff, 0x36, 0x03, 0xff, 
  0x36, 0x03, 0xff, 0x36, 0x03, 0xff, 0x36, 0x03, 0xff, 0x36, 0x03, 0xff, 
  0x36, 0x03, 0xff, 0x36, 0x03, 0xff, 0x36, 0x03, 0xff, 0x37, 0x03, 0xff, 
  0x36, 0x03, 0xff, 0x36, 0x03, 0xff, 0x37, 0x03, 0xff, 0x36, 0x03, 0xff, 
  0x36, 0x03, 0xff, 0x56, 0x03, 0xff, 0x56, 0x0b, 0xff, 0x56, 0x0b, 0xff, 
  0x56, 0x03, 0xff, 0x36, 0x03, 0xff, 0x36, 0x03, 0xff, 0x37, 0x03, 0xff, 
  0x36, 0x03, 0xff, 0x36, 0x03, 0xff, 0x37, 0x03, 0xff, 0x36, 0x03, 0xff, 
  0x36, 0x03, 0xff, 0x36, 0x03, 0xff, 0x57, 0x03, 0xff, 0x36, 0x03, 0xff, 
  0x57, 0x03, 0xff, 0x19, 0x14, 0xff, 0xdc, 0x1c, 0xff, 0xfc, 0x1c, 0xff, 
  0xdc, 0x1c, 0xff, 0xdc, 0x1c, 0xff, 0xdc, 0x1c, 0xff, 0xdc, 0x1c, 0xff, 
  0xdc, 0x1c, 0xff, 0xdc, 0x1c, 0xff, 0x1c, 0x1d, 0xff, 0xbb, 0x1c, 0xff, 
  0x36, 0x0b, 0xff, 0xf5, 0x02, 0xff, 0x16, 0x0b, 0xfb, 0x36, 0x0b, 0xff, 
  0x15, 0x03, 0xf4, 0x37, 0x03, 0x74, 0x57, 0x03, 0x5a, 0x37, 0x03, 0x43, 
  0x57, 0x0b, 0x16, 0x00, 0x00, 0x00, 0x00, 0x00, 0x00, 0x00, 0x00, 0x00, 
  0xf7, 0x03, 0x04, 0x00, 0x00, 0x01, 0x00, 0x00, 0x00, 0x00, 0x00, 0x00, 
  0x00, 0x00, 0x00, 0x00, 0x00, 0x00, 0x00, 0x00, 0x00, 0x00, 0x00, 0x00, 
  0x00, 0x00, 0x00, 0x00, 0x00, 0x00, 0x00, 0x00, 0x00, 0x00, 0x00, 0x00, 
  0x00, 0x00, 0x00, 0x00, 0x00, 0x00, 0x00, 0x00, 0x00, 0x00, 0x00, 0x00, 
  0xef, 0x03, 0x02, 0x39, 0x03, 0x05, 0xf7, 0x03, 0x04, 0x00, 0x00, 0x00, 
  0x00, 0x00, 0x00, 0x00, 0x00, 0x00, 0x00, 0x00, 0x00, 0x00, 0x00, 0x00, 
  0x00, 0x00, 0x00, 0x00, 0x00, 0x00, 0x00, 0x00, 0x00, 0x00, 0x00, 0x00, 
  0xdc, 0x1c, 0xeb, 0x3e, 0x1d, 0xff, 0xdc, 0x1c, 0xf8, 0xdc, 0x1c, 0xff, 
  0xdc, 0x1c, 0xff, 0xdc, 0x1c, 0xff, 0xdc, 0x1c, 0xff, 0xdc, 0x1c, 0xff, 
  0xfc, 0x1c, 0xff, 0xfc, 0x1c, 0xff, 0x9b, 0x14, 0xff, 0x98, 0x0b, 0xff, 
  0x16, 0x03, 0xff, 0x37, 0x03, 0xff, 0x36, 0x03, 0xff, 0x36, 0x03, 0xff, 
  0x36, 0x03, 0xff, 0x36, 0x03, 0xff, 0x36, 0x03, 0xff, 0x36, 0x03, 0xff, 
  0x36, 0x03, 0xff, 0x36, 0x03, 0xff, 0x36, 0x03, 0xff, 0x36, 0x03, 0xff, 
  0x36, 0x03, 0xff, 0x36, 0x03, 0xff, 0x36, 0x03, 0xff, 0x36, 0x03, 0xff, 
  0x36, 0x03, 0xff, 0x36, 0x03, 0xff, 0x36, 0x03, 0xff, 0x36, 0x03, 0xff, 
  0x36, 0x03, 0xff, 0x36, 0x03, 0xff, 0x36, 0x03, 0xff, 0x36, 0x03, 0xff, 
  0x36, 0x03, 0xff, 0x36, 0x03, 0xff, 0x36, 0x03, 0xff, 0x36, 0x03, 0xff, 
  0x36, 0x03, 0xff, 0x36, 0x03, 0xff, 0x36, 0x03, 0xff, 0x36, 0x03, 0xff, 
  0x36, 0x03, 0xff, 0x36, 0x03, 0xff, 0x36, 0x03, 0xff, 0x36, 0x03, 0xff, 
  0x36, 0x03, 0xff, 0x36, 0x03, 0xff, 0x36, 0x03, 0xff, 0x36, 0x03, 0xff, 
  0x36, 0x03, 0xff, 0x36, 0x03, 0xff, 0x36, 0x03, 0xff, 0x36, 0x03, 0xff, 
  0x36, 0x03, 0xff, 0x36, 0x03, 0xff, 0x36, 0x03, 0xff, 0x36, 0x03, 0xff, 
  0x36, 0x03, 0xff, 0x36, 0x03, 0xff, 0x36, 0x03, 0xff, 0x36, 0x03, 0xff, 
  0x36, 0x03, 0xff, 0x36, 0x03, 0xff, 0x37, 0x03, 0xff, 0x16, 0x03, 0xff, 
  0x98, 0x0b, 0xff, 0x9b, 0x14, 0xff, 0xfc, 0x1c, 0xff, 0xfc, 0x1c, 0xff, 
  0xdc, 0x1c, 0xff, 0xdc, 0x1c, 0xff, 0xdc, 0x1c, 0xff, 0xdc, 0x1c, 0xff, 
  0xdc, 0x1c, 0xff, 0xdc, 0x1c, 0xff, 0x1c, 0x1d, 0xff, 0xbb, 0x1c, 0xff, 
  0xf4, 0x0a, 0xff, 0x93, 0x0a, 0xff, 0xd4, 0x0a, 0xf8, 0xf5, 0x0a, 0xff, 
  0xb3, 0x0a, 0xeb, 0x00, 0x00, 0x00, 0x00, 0x00, 0x00, 0x00, 0x00, 0x00, 
  0x00, 0x00, 0x00, 0xf7, 0x03, 0x04, 0x39, 0x03, 0x05, 0xef, 0x03, 0x02, 
  0x00, 0x00, 0x00, 0x00, 0x00, 0x00, 0x00, 0x00, 0x00, 0x00, 0x00, 0x00, 
  0x00, 0x00, 0x00, 0x00, 0x00, 0x00, 0x00, 0x00, 0x00, 0x00, 0x00, 0x00, 
  0x00, 0x00, 0x00, 0x00, 0x00, 0x00, 0x00, 0x00, 0x00, 0x00, 0x00, 0x00, 
  0x00, 0x00, 0x00, 0x00, 0x00, 0x00, 0x00, 0x00, 0x00, 0x00, 0x00, 0x00, 
  0x00, 0x00, 0x00, 0x00, 0x00, 0x00, 0x00, 0x00, 0x00, 0xff, 0x07, 0x01, 
  0xb5, 0x02, 0x03, 0xb5, 0x02, 0x03, 0xf7, 0x03, 0x04, 0xf7, 0x03, 0x04, 
  0xf7, 0x03, 0x04, 0xdc, 0x1c, 0x0a, 0xf7, 0x03, 0x04, 0xbb, 0x14, 0x16, 
  0xdc, 0x1c, 0xed, 0x3e, 0x1d, 0xff, 0xdc, 0x1c, 0xf9, 0xdc, 0x1c, 0xff, 
  0xdc, 0x1c, 0xff, 0xdc, 0x1c, 0xff, 0xdc, 0x1c, 0xff, 0xdc, 0x1c, 0xff, 
  0xdc, 0x1c, 0xff, 0xfc, 0x1c, 0xff, 0xfc, 0x1c, 0xff, 0x19, 0x14, 0xff, 
  0x57, 0x0b, 0xff, 0x16, 0x03, 0xff, 0x36, 0x03, 0xff, 0x36, 0x03, 0xff, 
  0x36, 0x03, 0xff, 0x36, 0x03, 0xff, 0x36, 0x03, 0xff, 0x36, 0x03, 0xff, 
  0x36, 0x03, 0xff, 0x36, 0x03, 0xff, 0x36, 0x03, 0xff, 0x36, 0x03, 0xff, 
  0x36, 0x03, 0xff, 0x36, 0x03, 0xff, 0x36, 0x03, 0xff, 0x36, 0x03, 0xff, 
  0x36, 0x03, 0xff, 0x36, 0x03, 0xff, 0x36, 0x03, 0xff, 0x36, 0x03, 0xff, 
  0x36, 0x03, 0xff, 0x36, 0x03, 0xff, 0x36, 0x03, 0xff, 0x36, 0x03, 0xff, 
  0x36, 0x03, 0xff, 0x36, 0x03, 0xff, 0x36, 0x03, 0xff, 0x36, 0x03, 0xff, 
  0x36, 0x03, 0xff, 0x36, 0x03, 0xff, 0x36, 0x03, 0xff, 0x36, 0x03, 0xff, 
  0x36, 0x03, 0xff, 0x36, 0x03, 0xff, 0x36, 0x03, 0xff, 0x36, 0x03, 0xff, 
  0x36, 0x03, 0xff, 0x36, 0x03, 0xff, 0x36, 0x03, 0xff, 0x36, 0x03, 0xff, 
  0x36, 0x03, 0xff, 0x36, 0x03, 0xff, 0x36, 0x03, 0xff, 0x36, 0x03, 0xff, 
  0x36, 0x03, 0xff, 0x36, 0x03, 0xff, 0x36, 0x03, 0xff, 0x36, 0x03, 0xff, 
  0x36, 0x03, 0xff, 0x36, 0x03, 0xff, 0x36, 0x03, 0xff, 0x36, 0x03, 0xff, 
  0x36, 0x03, 0xff, 0x36, 0x03, 0xff, 0x16, 0x03, 0xff, 0x57, 0x0b, 0xff, 
  0x19, 0x14, 0xff, 0xfc, 0x1c, 0xff, 0xfc, 0x1c, 0xff, 0xdc, 0x1c, 0xff, 
  0xdc, 0x1c, 0xff, 0xdc, 0x1c, 0xff, 0xdc, 0x1c, 0xff, 0xdc, 0x1c, 0xff, 
  0xdc, 0x1c, 0xff, 0xdc, 0x1c, 0xff, 0x1c, 0x1d, 0xff, 0xbb, 0x1c, 0xff, 
  0xf5, 0x0a, 0xff, 0xb3, 0x0a, 0xff, 0xd4, 0x0a, 0xf9, 0x15, 0x0b, 0xff, 
  0xd4, 0x0a, 0xed, 0xf5, 0x0a, 0x16, 0xb5, 0x02, 0x03, 0xf7, 0x02, 0x08, 
  0xff, 0x07, 0x01, 0x00, 0x00, 0x00, 0x00, 0x00, 0x00, 0x00, 0x00, 0x00, 
  0x00, 0x00, 0x00, 0x00, 0x00, 0x00, 0x00, 0x00, 0x00, 0x00, 0x00, 0x00, 
  0x00, 0x00, 0x00, 0x00, 0x00, 0x00, 0x00, 0x00, 0x00, 0x00, 0x00, 0x00, 
  0x00, 0x00, 0x00, 0x00, 0x00, 0x00, 0x00, 0x00, 0x00, 0x00, 0x00, 0x00, 
  0x00, 0x00, 0x00, 0x00, 0x00, 0x00, 0x00, 0x00, 0x00, 0x00, 0x00, 0x00, 
  0x00, 0x00, 0x00, 0x00, 0x00, 0x00, 0x00, 0x00, 0x00, 0x00, 0x00, 0x00, 
  0x00, 0x00, 0x00, 0x00, 0x00, 0x00, 0x00, 0x00, 0x00, 0x00, 0x00, 0x00, 
  0x00, 0x00, 0x00, 0x5f, 0x2d, 0x06, 0x00, 0x00, 0x00, 0xdc, 0x1c, 0x12, 
  0xdc, 0x1c, 0xed, 0x3e, 0x1d, 0xff, 0xdc, 0x1c, 0xf9, 0xdc, 0x1c, 0xff, 
  0xdc, 0x1c, 0xff, 0xdc, 0x1c, 0xff, 0xdc, 0x1c, 0xff, 0xdc, 0x1c, 0xff, 
  0xdc, 0x1c, 0xff, 0xdc, 0x1c, 0xff, 0xdc, 0x1c, 0xff, 0xdc, 0x1c, 0xff, 
  0x39, 0x14, 0xff, 0x57, 0x0b, 0xff, 0x16, 0x03, 0xff, 0x36, 0x03, 0xff, 
  0x36, 0x03, 0xff, 0x36, 0x03, 0xff, 0x36, 0x03, 0xff, 0x36, 0x03, 0xff, 
  0x36, 0x03, 0xff, 0x36, 0x03, 0xff, 0x36, 0x03, 0xff, 0x36, 0x03, 0xff, 
  0x36, 0x03, 0xff, 0x36, 0x03, 0xff, 0x36, 0x03, 0xff, 0x36, 0x03, 0xff, 
  0x36, 0x03, 0xff, 0x36, 0x03, 0xff, 0x36, 0x03, 0xff, 0x36, 0x03, 0xff, 
  0x36, 0x03, 0xff, 0x36, 0x03, 0xff, 0x36, 0x03, 0xff, 0x36, 0x03, 0xff, 
  0x36, 0x03, 0xff, 0x36, 0x03, 0xff, 0x36, 0x03, 0xff, 0x36, 0x03, 0xff, 
  0x36, 0x03, 0xff, 0x36, 0x03, 0xff, 0x36, 0x03, 0xff, 0x36, 0x03, 0xff, 
  0x36, 0x03, 0xff, 0x36, 0x03, 0xff, 0x36, 0x03, 0xff, 0x36, 0x03, 0xff, 
  0x36, 0x03, 0xff, 0x36, 0x03, 0xff, 0x36, 0x03, 0xff, 0x36, 0x03, 0xff, 
  0x36, 0x03, 0xff, 0x36, 0x03, 0xff, 0x36, 0x03, 0xff, 0x36, 0x03, 0xff, 
  0x36, 0x03, 0xff, 0x36, 0x03, 0xff, 0x36, 0x03, 0xff, 0x36, 0x03, 0xff, 
  0x36, 0x03, 0xff, 0x36, 0x03, 0xff, 0x36, 0x03, 0xff, 0x36, 0x03, 0xff, 
  0x36, 0x03, 0xff, 0x16, 0x03, 0xff, 0x57, 0x0b, 0xff, 0x39, 0x14, 0xff, 
  0xdc, 0x1c, 0xff, 0xdc, 0x1c, 0xff, 0xdc, 0x1c, 0xff, 0xdc, 0x1c, 0xff, 
  0xdc, 0x1c, 0xff, 0xdc, 0x1c, 0xff, 0xdc, 0x1c, 0xff, 0xdc, 0x1c, 0xff, 
  0xdc, 0x1c, 0xff, 0xdc, 0x1c, 0xff, 0x1c, 0x1d, 0xff, 0xbb, 0x1c, 0xff, 
  0x15, 0x0b, 0xff, 0xb4, 0x0a, 0xff, 0xf4, 0x0a, 0xf9, 0x16, 0x0b, 0xff, 
  0xd4, 0x0a, 0xed, 0x15, 0x0b, 0x12, 0x00, 0x00, 0x00, 0xb5, 0x02, 0x06, 
  0x00, 0x00, 0x00, 0x00, 0x00, 0x00, 0x00, 0x00, 0x00, 0x00, 0x00, 0x00, 
  0x00, 0x00, 0x00, 0x00, 0x00, 0x00, 0x00, 0x00, 0x00, 0x00, 0x00, 0x00, 
  0x00, 0x00, 0x00, 0x00, 0x00, 0x00, 0x00, 0x00, 0x00, 0x00, 0x00, 0x00, 
  0x00, 0x00, 0x00, 0x00, 0x00, 0x00, 0x00, 0x00, 0x00, 0x00, 0x00, 0x00, 
  0x00, 0x00, 0x00, 0x00, 0x00, 0x00, 0x00, 0x00, 0x00, 0x00, 0x00, 0x00, 
  0x00, 0x00, 0x00, 0x00, 0x00, 0x00, 0x00, 0x00, 0x00, 0x00, 0x00, 0x00, 
  0x00, 0x00, 0x00, 0x00, 0x00, 0x00, 0x00, 0x00, 0x00, 0x00, 0x00, 0x00, 
  0x00, 0x00, 0x00, 0x5f, 0x2d, 0x06, 0x00, 0x00, 0x00, 0xdc, 0x1c, 0x12, 
  0xdc, 0x1c, 0xee, 0x3e, 0x1d, 0xff, 0xdc, 0x1c, 0xf9, 0xdc, 0x1c, 0xff, 
  0xdc, 0x1c, 0xff, 0xdc, 0x1c, 0xff, 0xdc, 0x1c, 0xff, 0xdc, 0x1c, 0xff, 
  0xdc, 0x1c, 0xff, 0xdc, 0x1c, 0xff, 0xdc, 0x1c, 0xff, 0xfc, 0x1c, 0xff, 
  0xdc, 0x1c, 0xff, 0x7a, 0x14, 0xff, 0xf8, 0x0b, 0xff, 0x77, 0x0b, 0xff, 
  0x36, 0x03, 0xff, 0xf5, 0x02, 0xff, 0xf5, 0x02, 0xff, 0xf5, 0x02, 0xff, 
  0xf5, 0x02, 0xff, 0xf5, 0x02, 0xff, 0xf5, 0x02, 0xff, 0xf5, 0x02, 0xff, 
  0xf5, 0x02, 0xff, 0xf5, 0x02, 0xff, 0xf5, 0x02, 0xff, 0xf5, 0x02, 0xff, 
  0xf5, 0x02, 0xff, 0xf5, 0x02, 0xff, 0xf5, 0x02, 0xff, 0xf5, 0x02, 0xff, 
  0xf5, 0x02, 0xff, 0xf5, 0x02, 0xff, 0xf5, 0x02, 0xff, 0xf5, 0x02, 0xff, 
  0xf5, 0x02, 0xff, 0xf5, 0x02, 0xff, 0xf5, 0x02, 0xff, 0xf5, 0x02, 0xff, 
  0xf5, 0x02, 0xff, 0xf5, 0x02, 0xff, 0xf5, 0x02, 0xff, 0xf5, 0x02, 0xff, 
  0xf5, 0x02, 0xff, 0xf5, 0x02, 0xff, 0xf5, 0x02, 0xff, 0xf5, 0x02, 0xff, 
  0xf5, 0x02, 0xff, 0xf5, 0x02, 0xff, 0xf5, 0x02, 0xff, 0xf5, 0x02, 0xff, 
  0xf5, 0x02, 0xff, 0xf5, 0x02, 0xff, 0xf5, 0x02, 0xff, 0xf5, 0x02, 0xff, 
  0xf5, 0x02, 0xff, 0xf5, 0x02, 0xff, 0xf5, 0x02, 0xff, 0xf5, 0x02, 0xff, 
  0xf5, 0x02, 0xff, 0xf5, 0x02, 0xff, 0xf5, 0x02, 0xff, 0x16, 0x03, 0xff, 
  0x77, 0x0b, 0xff, 0xd8, 0x0b, 0xff, 0x7a, 0x14, 0xff, 0xdc, 0x1c, 0xff, 
  0xfc, 0x1c, 0xff, 0xdc, 0x1c, 0xff, 0xdc, 0x1c, 0xff, 0xdc, 0x1c, 0xff, 
  0xdc, 0x1c, 0xff, 0xdc, 0x1c, 0xff, 0xdc, 0x1c, 0xff, 0xdc, 0x1c, 0xff, 
  0xdc, 0x1c, 0xff, 0xdc, 0x1c, 0xff, 0xfc, 0x1c, 0xff, 0xdb, 0x1c, 0xff, 
  0x15, 0x0b, 0xff, 0xd4, 0x0a, 0xff, 0xf5, 0x0a, 0xf9, 0x37, 0x0b, 0xff, 
  0xf5, 0x0a, 0xed, 0x15, 0x0b, 0x12, 0x00, 0x00, 0x00, 0xb5, 0x02, 0x06, 
  0x00, 0x00, 0x00, 0x00, 0x00, 0x00, 0x00, 0x00, 0x00, 0x00, 0x00, 0x00, 
  0x00, 0x00, 0x00, 0x00, 0x00, 0x00, 0x00, 0x00, 0x00, 0x00, 0x00, 0x00, 
  0x00, 0x00, 0x00, 0x00, 0x00, 0x00, 0x00, 0x00, 0x00, 0x00, 0x00, 0x00, 
  0x00, 0x00, 0x00, 0x00, 0x00, 0x00, 0x00, 0x00, 0x00, 0x00, 0x00, 0x00, 
  0x00, 0x00, 0x00, 0x00, 0x00, 0x00, 0x00, 0x00, 0x00, 0x00, 0x00, 0x00, 
  0x00, 0x00, 0x00, 0x00, 0x00, 0x00, 0x00, 0x00, 0x00, 0x00, 0x00, 0x00, 
  0x00, 0x00, 0x00, 0x00, 0x00, 0x00, 0x00, 0x00, 0x00, 0x00, 0x00, 0x00, 
  0x00, 0x00, 0x00, 0x5a, 0x2d, 0x06, 0x00, 0x00, 0x00, 0xdc, 0x1c, 0x12, 
  0xdc, 0x1c, 0xe9, 0x3e, 0x1d, 0xff, 0xdc, 0x1c, 0xf9, 0xdc, 0x1c, 0xff, 
  0xdc, 0x1c, 0xff, 0xdc, 0x1c, 0xff, 0xdc, 0x1c, 0xff, 0xdc, 0x1c, 0xff, 
  0xdc, 0x1c, 0xff, 0xdc, 0x1c, 0xff, 0xdc, 0x1c, 0xff, 0xdc, 0x1c, 0xff, 
  0xfc, 0x1c, 0xff, 0xfc, 0x1c, 0xff, 0xbb, 0x14, 0xff, 0x5a, 0x14, 0xff, 
  0x39, 0x14, 0xff, 0x19, 0x14, 0xff, 0x19, 0x14, 0xff, 0x19, 0x14, 0xff, 
  0x19, 0x14, 0xff, 0x19, 0x14, 0xff, 0x19, 0x14, 0xff, 0x19, 0x14, 0xff, 
  0x19, 0x14, 0xff, 0x19, 0x14, 0xff, 0x19, 0x14, 0xff, 0x19, 0x14, 0xff, 
  0x19, 0x14, 0xff, 0x19, 0x14, 0xff, 0x19, 0x14, 0xff, 0x19, 0x14, 0xff, 
  0x19, 0x14, 0xff, 0x19, 0x14, 0xff, 0x19, 0x14, 0xff, 0x19, 0x14, 0xff, 
  0x19, 0x14, 0xff, 0x19, 0x14, 0xff, 0x19, 0x14, 0xff, 0x19, 0x14, 0xff, 
  0x19, 0x14, 0xff, 0x19, 0x14, 0xff, 0x19, 0x14, 0xff, 0x19, 0x14, 0xff, 
  0x19, 0x14, 0xff, 0x19, 0x14, 0xff, 0x19, 0x14, 0xff, 0x19, 0x14, 0xff, 
  0x19, 0x14, 0xff, 0x19, 0x14, 0xff, 0x19, 0x14, 0xff, 0x19, 0x14, 0xff, 
  0x19, 0x14, 0xff, 0x19, 0x14, 0xff, 0x19, 0x14, 0xff, 0x19, 0x14, 0xff, 
  0x19, 0x14, 0xff, 0x19, 0x14, 0xff, 0x19, 0x14, 0xff, 0x19, 0x14, 0xff, 
  0x19, 0x14, 0xff, 0x19, 0x14, 0xff, 0x19, 0x14, 0xff, 0x19, 0x14, 0xff, 
  0x5a, 0x14, 0xff, 0xbb, 0x14, 0xff, 0xfc, 0x1c, 0xff, 0xfc, 0x1c, 0xff, 
  0xdc, 0x1c, 0xff, 0xdc, 0x1c, 0xff, 0xdc, 0x1c, 0xff, 0xdc, 0x1c, 0xff, 
  0xdc, 0x1c, 0xff, 0xdc, 0x1c, 0xff, 0xdc, 0x1c, 0xff, 0xdc, 0x1c, 0xff, 
  0xdc, 0x1c, 0xff, 0xdc, 0x1c, 0xff, 0xfc, 0x1c, 0xfe, 0xbb, 0x1c, 0xfa, 
  0x36, 0x0b, 0xff, 0xf5, 0x0a, 0xff, 0x15, 0x0b, 0xf9, 0x37, 0x0b, 0xff, 
  0xf5, 0x0a, 0xea, 0x15, 0x0b, 0x12, 0x00, 0x00, 0x00, 0xb5, 0x02, 0x06, 
  0x00, 0x00, 0x00, 0x00, 0x00, 0x00, 0x00, 0x00, 0x00, 0x00, 0x00, 0x00, 
  0x00, 0x00, 0x00, 0x00, 0x00, 0x00, 0x00, 0x00, 0x00, 0x00, 0x00, 0x00, 
  0x00, 0x00, 0x00, 0x00, 0x00, 0x00, 0x00, 0x00, 0x00, 0x00, 0x00, 0x00, 
  0x00, 0x00, 0x00, 0x00, 0x00, 0x00, 0x00, 0x00, 0x00, 0x00, 0x00, 0x00, 
  0x00, 0x00, 0x00, 0x00, 0x00, 0x00, 0x00, 0x00, 0x00, 0x00, 0x00, 0x00, 
  0x00, 0x00, 0x00, 0x00, 0x00, 0x00, 0x00, 0x00, 0x00, 0x00, 0x00, 0x00, 
  0x00, 0x00, 0x00, 0x00, 0x00, 0x00, 0x00, 0x00, 0x00, 0x00, 0x00, 0x00, 
  0x00, 0x00, 0x00, 0x5a, 0x2d, 0x06, 0x00, 0x00, 0x00, 0xbc, 0x1c, 0x11, 
  0xdc, 0x1c, 0xda, 0x1d, 0x1d, 0xff, 0xdc, 0x1c, 0xfb, 0xdc, 0x1c, 0xff, 
  0xdc, 0x1c, 0xff, 0xdc, 0x1c, 0xff, 0xdc, 0x1c, 0xff, 0xdc, 0x1c, 0xff, 
  0xdc, 0x1c, 0xff, 0xdc, 0x1c, 0xff, 0xdc, 0x1c, 0xff, 0xdc, 0x1c, 0xff, 
  0xdc, 0x1c, 0xff, 0xdc, 0x1c, 0xff, 0xfc, 0x1c, 0xff, 0xfc, 0x1c, 0xff, 
  0x1c, 0x1d, 0xff, 0x1c, 0x1d, 0xff, 0x1c, 0x1d, 0xff, 0x1c, 0x1d, 0xff, 
  0x1c, 0x1d, 0xff, 0x1c, 0x1d, 0xff, 0x1c, 0x1d, 0xff, 0x1c, 0x1d, 0xff, 
  0x1c, 0x1d, 0xff, 0x1c, 0x1d, 0xff, 0x1c, 0x1d, 0xff, 0x1c, 0x1d, 0xff, 
  0x1c, 0x1d, 0xff, 0x1c, 0x1d, 0xff, 0x1c, 0x1d, 0xff, 0x1c, 0x1d, 0xff, 
  0x1c, 0x1d, 0xff, 0x1c, 0x1d, 0xff, 0x1c, 0x1d, 0xff, 0x1c, 0x1d, 0xff, 
  0x1c, 0x1d, 0xff, 0x1c, 0x1d, 0xff, 0x1c, 0x1d, 0xff, 0x1c, 0x1d, 0xff, 
  0x1c, 0x1d, 0xff, 0x1c, 0x1d, 0xff, 0x1c, 0x1d, 0xff, 0x1c, 0x1d, 0xff, 
  0x1c, 0x1d, 0xff, 0x1c, 0x1d, 0xff, 0x1c, 0x1d, 0xff, 0x1c, 0x1d, 0xff, 
  0x1c, 0x1d, 0xff, 0x1c, 0x1d, 0xff, 0x1c, 0x1d, 0xff, 0x1c, 0x1d, 0xff, 
  0x1c, 0x1d, 0xff, 0x1c, 0x1d, 0xff, 0x1c, 0x1d, 0xff, 0x1c, 0x1d, 0xff, 
  0x1c, 0x1d, 0xff, 0x1c, 0x1d, 0xff, 0x1c, 0x1d, 0xff, 0x1c, 0x1d, 0xff, 
  0x1c, 0x1d, 0xff, 0x1c, 0x1d, 0xff, 0x1c, 0x1d, 0xff, 0x1c, 0x1d, 0xff, 
  0xfc, 0x1c, 0xff, 0xfc, 0x1c, 0xff, 0xdc, 0x1c, 0xff, 0xdc, 0x1c, 0xff, 
  0xdc, 0x1c, 0xff, 0xdc, 0x1c, 0xff, 0xdc, 0x1c, 0xff, 0xdc, 0x1c, 0xff, 
  0xdc, 0x1c, 0xff, 0xdc, 0x1c, 0xff, 0xdc, 0x1c, 0xff, 0xdc, 0x1c, 0xff, 
  0xdc, 0x1c, 0xff, 0xdc, 0x1c, 0xff, 0xfc, 0x1c, 0xf9, 0xbb, 0x14, 0xec, 
  0x36, 0x0b, 0xfd, 0x15, 0x03, 0xff, 0x36, 0x0b, 0xf9, 0x57, 0x0b, 0xff, 
  0x16, 0x03, 0xe3, 0x15, 0x0b, 0x12, 0x00, 0x00, 0x00, 0xb5, 0x02, 0x06, 
  0x00, 0x00, 0x00, 0x00, 0x00, 0x00, 0x00, 0x00, 0x00, 0x00, 0x00, 0x00, 
  0x00, 0x00, 0x00, 0x00, 0x00, 0x00, 0x00, 0x00, 0x00, 0x00, 0x00, 0x00, 
  0x00, 0x00, 0x00, 0x00, 0x00, 0x00, 0x00, 0x00, 0x00, 0x00, 0x00, 0x00, 
  0x00, 0x00, 0x00, 0x00, 0x00, 0x00, 0x00, 0x00, 0x00, 0x00, 0x00, 0x00, 
  0x00, 0x00, 0x00, 0x00, 0x00, 0x00, 0x00, 0x00, 0x00, 0x00, 0x00, 0x00, 
  0x00, 0x00, 0x00, 0x00, 0x00, 0x00, 0x00, 0x00, 0x00, 0x00, 0x00, 0x00, 
  0x00, 0x00, 0x00, 0x00, 0x00, 0x00, 0x00, 0x00, 0x00, 0x00, 0x00, 0x00, 
  0x00, 0x00, 0x00, 0xdf, 0x04, 0x05, 0x00, 0x00, 0x00, 0xdb, 0x14, 0x0f, 
  0xdc, 0x14, 0xc5, 0xfc, 0x1c, 0xff, 0xdc, 0x1c, 0xfe, 0xdc, 0x1c, 0xfe, 
  0xdc, 0x1c, 0xff, 0xdc, 0x1c, 0xff, 0xdc, 0x1c, 0xff, 0xdc, 0x1c, 0xff, 
  0xdc, 0x1c, 0xff, 0xdc, 0x1c, 0xff, 0xdc, 0x1c, 0xff, 0xdc, 0x1c, 0xff, 
  0xdc, 0x1c, 0xff, 0xdc, 0x1c, 0xff, 0xdc, 0x1c, 0xff, 0xdc, 0x1c, 0xff, 
  0xdc, 0x1c, 0xff, 0xdc, 0x1c, 0xff, 0xdc, 0x1c, 0xff, 0xdc, 0x1c, 0xff, 
  0xdc, 0x1c, 0xff, 0xdc, 0x1c, 0xff, 0xdc, 0x1c, 0xff, 0xdc, 0x1c, 0xff, 
  0xdc, 0x1c, 0xff, 0xdc, 0x1c, 0xff, 0xdc, 0x1c, 0xff, 0xdc, 0x1c, 0xff, 
  0xdc, 0x1c, 0xff, 0xdc, 0x1c, 0xff, 0xdc, 0x1c, 0xff, 0xdc, 0x1c, 0xff, 
  0xdc, 0x1c, 0xff, 0xdc, 0x1c, 0xff, 0xdc, 0x1c, 0xff, 0xdc, 0x1c, 0xff, 
  0xdc, 0x1c, 0xff, 0xdc, 0x1c, 0xff, 0xdc, 0x1c, 0xff, 0xdc, 0x1c, 0xff, 
  0xdc, 0x1c, 0xff, 0xdc, 0x1c, 0xff, 0xdc, 0x1c, 0xff, 0xdc, 0x1c, 0xff, 
  0xdc, 0x1c, 0xff, 0xdc, 0x1c, 0xff, 0xdc, 0x1c, 0xff, 0xdc, 0x1c, 0xff, 
  0xdc, 0x1c, 0xff, 0xdc, 0x1c, 0xff, 0xdc, 0x1c, 0xff, 0xdc, 0x1c, 0xff, 
  0xdc, 0x1c, 0xff, 0xdc, 0x1c, 0xff, 0xdc, 0x1c, 0xff, 0xdc, 0x1c, 0xff, 
  0xdc, 0x1c, 0xff, 0xdc, 0x1c, 0xff, 0xdc, 0x1c, 0xff, 0xdc, 0x1c, 0xff, 
  0xdc, 0x1c, 0xff, 0xdc, 0x1c, 0xff, 0xdc, 0x1c, 0xff, 0xdc, 0x1c, 0xff, 
  0xdc, 0x1c, 0xff, 0xdc, 0x1c, 0xff, 0xdc, 0x1c, 0xff, 0xdc, 0x1c, 0xff, 
  0xdc, 0x1c, 0xff, 0xdc, 0x1c, 0xff, 0xdc, 0x1c, 0xff, 0xdc, 0x1c, 0xff, 
  0xdc, 0x1c, 0xff, 0xdc, 0x1c, 0xff, 0xdc, 0x1c, 0xff, 0xdc, 0x1c, 0xff, 
  0xdc, 0x1c, 0xfe, 0xfc, 0x1c, 0xff, 0xfc, 0x1c, 0xf3, 0xbb, 0x14, 0xdc, 
  0x56, 0x0b, 0xfc, 0x16, 0x03, 0xff, 0x36, 0x03, 0xfb, 0x57, 0x03, 0xff, 
  0x16, 0x03, 0xd5, 0xf5, 0x02, 0x10, 0x00, 0x00, 0x00, 0xb5, 0x02, 0x06, 
  0x00, 0x00, 0x00, 0x00, 0x00, 0x00, 0x00, 0x00, 0x00, 0x00, 0x00, 0x00, 
  0x00, 0x00, 0x00, 0x00, 0x00, 0x00, 0x00, 0x00, 0x00, 0x00, 0x00, 0x00, 
  0x00, 0x00, 0x00, 0x00, 0x00, 0x00, 0x00, 0x00, 0x00, 0x00, 0x00, 0x00, 
  0x00, 0x00, 0x00, 0x00, 0x00, 0x00, 0x00, 0x00, 0x00, 0x00, 0x00, 0x00, 
  0x00, 0x00, 0x00, 0x00, 0x00, 0x00, 0x00, 0x00, 0x00, 0x00, 0x00, 0x00, 
  0x00, 0x00, 0x00, 0x00, 0x00, 0x00, 0x00, 0x00, 0x00, 0x00, 0x00, 0x00, 
  0x00, 0x00, 0x00, 0x00, 0x00, 0x00, 0x00, 0x00, 0x00, 0x00, 0x00, 0x00, 
  0x00, 0x00, 0x00, 0xff, 0x05, 0x04, 0x00, 0x00, 0x00, 0xba, 0x14, 0x0c, 
  0xfc, 0x1c, 0xaa, 0xdc, 0x1c, 0xfa, 0xfc, 0x1c, 0xff, 0xdc, 0x1c, 0xfd, 
  0xdc, 0x1c, 0xff, 0xdc, 0x1c, 0xff, 0xdc, 0x1c, 0xff, 0xdc, 0x1c, 0xff, 
  0xdc, 0x1c, 0xff, 0xdc, 0x1c, 0xff, 0xdc, 0x1c, 0xff, 0xdc, 0x1c, 0xff, 
  0xdc, 0x1c, 0xff, 0xdc, 0x1c, 0xff, 0xdc, 0x1c, 0xff, 0xdc, 0x1c, 0xff, 
  0xdc, 0x1c, 0xff, 0xdc, 0x1c, 0xff, 0xdc, 0x1c, 0xff, 0xdc, 0x1c, 0xff, 
  0xdc, 0x1c, 0xff, 0xdc, 0x1c, 0xff, 0xdc, 0x1c, 0xff, 0xdc, 0x1c, 0xff, 
  0xdc, 0x1c, 0xff, 0xdc, 0x1c, 0xff, 0xdc, 0x1c, 0xff, 0xdc, 0x1c, 0xff, 
  0xdc, 0x1c, 0xff, 0xdc, 0x1c, 0xff, 0xdc, 0x1c, 0xff, 0xdc, 0x1c, 0xff, 
  0xdc, 0x1c, 0xff, 0xdc, 0x1c, 0xff, 0xdc, 0x1c, 0xff, 0xdc, 0x1c, 0xff, 
  0xdc, 0x1c, 0xff, 0xdc, 0x1c, 0xff, 0xdc, 0x1c, 0xff, 0xdc, 0x1c, 0xff, 
  0xdc, 0x1c, 0xff, 0xdc, 0x1c, 0xff, 0xdc, 0x1c, 0xff, 0xdc, 0x1c, 0xff, 
  0xdc, 0x1c, 0xff, 0xdc, 0x1c, 0xff, 0xdc, 0x1c, 0xff, 0xdc, 0x1c, 0xff, 
  0xdc, 0x1c, 0xff, 0xdc, 0x1c, 0xff, 0xdc, 0x1c, 0xff, 0xdc, 0x1c, 0xff, 
  0xdc, 0x1c, 0xff, 0xdc, 0x1c, 0xff, 0xdc, 0x1c, 0xff, 0xdc, 0x1c, 0xff, 
  0xdc, 0x1c, 0xff, 0xdc, 0x1c, 0xff, 0xdc, 0x1c, 0xff, 0xdc, 0x1c, 0xff, 
  0xdc, 0x1c, 0xff, 0xdc, 0x1c, 0xff, 0xdc, 0x1c, 0xff, 0xdc, 0x1c, 0xff, 
  0xdc, 0x1c, 0xff, 0xdc, 0x1c, 0xff, 0xdc, 0x1c, 0xff, 0xdc, 0x1c, 0xff, 
  0xdc, 0x1c, 0xff, 0xdc, 0x1c, 0xff, 0xdc, 0x1c, 0xff, 0xdc, 0x1c, 0xff, 
  0xdc, 0x1c, 0xff, 0xdc, 0x1c, 0xff, 0xdc, 0x1c, 0xff, 0xdc, 0x1c, 0xff, 
  0xdc, 0x1c, 0xfd, 0xfd, 0x1c, 0xff, 0xfc, 0x1c, 0xee, 0x9b, 0x14, 0xce, 
  0x57, 0x03, 0xfa, 0x37, 0x03, 0xff, 0x57, 0x03, 0xff, 0x57, 0x03, 0xff, 
  0x36, 0x03, 0xb9, 0x16, 0x03, 0x0d, 0x00, 0x00, 0x00, 0x39, 0x03, 0x05, 
  0x00, 0x00, 0x00, 0x00, 0x00, 0x00, 0x00, 0x00, 0x00, 0x00, 0x00, 0x00, 
  0x00, 0x00, 0x00, 0x00, 0x00, 0x00, 0x00, 0x00, 0x00, 0x00, 0x00, 0x00, 
  0x00, 0x00, 0x00, 0x00, 0x00, 0x00, 0x00, 0x00, 0x00, 0x00, 0x00, 0x00, 
  0x00, 0x00, 0x00, 0x00, 0x00, 0x00, 0x00, 0x00, 0x00, 0x00, 0x00, 0x00, 
  0x00, 0x00, 0x00, 0x00, 0x00, 0x00, 0x00, 0x00, 0x00, 0x00, 0x00, 0x00, 
  0x00, 0x00, 0x00, 0x00, 0x00, 0x00, 0x00, 0x00, 0x00, 0x00, 0x00, 0x00, 
  0x00, 0x00, 0x00, 0x00, 0x00, 0x00, 0x00, 0x00, 0x00, 0x00, 0x00, 0x00, 
  0x00, 0x00, 0x00, 0x5f, 0x05, 0x03, 0x00, 0x00, 0x00, 0x5f, 0x05, 0x06, 
  0xdc, 0x14, 0x76, 0xdc, 0x1c, 0xe7, 0x1d, 0x1d, 0xfe, 0xdc, 0x1c, 0xfb, 
  0xdc, 0x1c, 0xff, 0xdc, 0x1c, 0xff, 0xdc, 0x1c, 0xff, 0xdc, 0x1c, 0xff, 
  0xdc, 0x1c, 0xff, 0xdc, 0x1c, 0xff, 0xdc, 0x1c, 0xff, 0xdc, 0x1c, 0xff, 
  0xdc, 0x1c, 0xff, 0xdc, 0x1c, 0xff, 0xdc, 0x1c, 0xff, 0xdc, 0x1c, 0xff, 
  0xdc, 0x1c, 0xff, 0xdc, 0x1c, 0xff, 0xdc, 0x1c, 0xff, 0xdc, 0x1c, 0xff, 
  0xdc, 0x1c, 0xff, 0xdc, 0x1c, 0xff, 0xdc, 0x1c, 0xff, 0xdc, 0x1c, 0xff, 
  0xdc, 0x1c, 0xff, 0xdc, 0x1c, 0xff, 0xdc, 0x1c, 0xff, 0xdc, 0x1c, 0xff, 
  0xdc, 0x1c, 0xff, 0xdc, 0x1c, 0xff, 0xdc, 0x1c, 0xff, 0xdc, 0x1c, 0xff, 
  0xdc, 0x1c, 0xff, 0xdc, 0x1c, 0xff, 0xdc, 0x1c, 0xff, 0xdc, 0x1c, 0xff, 
  0xdc, 0x1c, 0xff, 0xdc, 0x1c, 0xff, 0xdc, 0x1c, 0xff, 0xdc, 0x1c, 0xff, 
  0xdc, 0x1c, 0xff, 0xdc, 0x1c, 0xff, 0xdc, 0x1c, 0xff, 0xdc, 0x1c, 0xff, 
  0xdc, 0x1c, 0xff, 0xdc, 0x1c, 0xff, 0xdc, 0x1c, 0xff, 0xdc, 0x1c, 0xff, 
  0xdc, 0x1c, 0xff, 0xdc, 0x1c, 0xff, 0xdc, 0x1c, 0xff, 0xdc, 0x1c, 0xff, 
  0xdc, 0x1c, 0xff, 0xdc, 0x1c, 0xff, 0xdc, 0x1c, 0xff, 0xdc, 0x1c, 0xff, 
  0xdc, 0x1c, 0xff, 0xdc, 0x1c, 0xff, 0xdc, 0x1c, 0xff, 0xdc, 0x1c, 0xff, 
  0xdc, 0x1c, 0xff, 0xdc, 0x1c, 0xff, 0xdc, 0x1c, 0xff, 0xdc, 0x1c, 0xff, 
  0xdc, 0x1c, 0xff, 0xdc, 0x1c, 0xff, 0xdc, 0x1c, 0xff, 0xdc, 0x1c, 0xff, 
  0xdc, 0x1c, 0xff, 0xdc, 0x1c, 0xff, 0xdc, 0x1c, 0xff, 0xdc, 0x1c, 0xff, 
  0xdc, 0x1c, 0xff, 0xdc, 0x1c, 0xff, 0xdc, 0x1c, 0xff, 0xdc, 0x1c, 0xff, 
  0xdc, 0x1c, 0xfd, 0x1d, 0x1d, 0xfe, 0xdc, 0x1c, 0xe8, 0x5a, 0x0c, 0xc0, 
  0x57, 0x03, 0xf9, 0x57, 0x03, 0xff, 0x78, 0x03, 0xff, 0x57, 0x03, 0xf5, 
  0x57, 0x03, 0x97, 0x94, 0x03, 0x0b, 0x00, 0x00, 0x00, 0xf7, 0x03, 0x04, 
  0x00, 0x00, 0x00, 0x00, 0x00, 0x00, 0x00, 0x00, 0x00, 0x00, 0x00, 0x00, 
  0x00, 0x00, 0x00, 0x00, 0x00, 0x00, 0x00, 0x00, 0x00, 0x00, 0x00, 0x00, 
  0x00, 0x00, 0x00, 0x00, 0x00, 0x00, 0x00, 0x00, 0x00, 0x00, 0x00, 0x00, 
  0x00, 0x00, 0x00, 0x00, 0x00, 0x00, 0x00, 0x00, 0x00, 0x00, 0x00, 0x00, 
  0x00, 0x00, 0x00, 0x00, 0x00, 0x00, 0x00, 0x00, 0x00, 0x00, 0x00, 0x00, 
  0x00, 0x00, 0x00, 0x00, 0x00, 0x00, 0x00, 0x00, 0x00, 0x00, 0x00, 0x00, 
  0x00, 0x00, 0x00, 0x00, 0x00, 0x00, 0x00, 0x00, 0x00, 0x00, 0x00, 0x00, 
  0x00, 0x00, 0x00, 0xef, 0x03, 0x02, 0x00, 0x00, 0x00, 0xff, 0x07, 0x01, 
  0xfc, 0x1c, 0x30, 0xdc, 0x1c, 0xd6, 0x5e, 0x1d, 0xff, 0xdc, 0x1c, 0xf8, 
  0xdc, 0x1c, 0xff, 0xdc, 0x1c, 0xff, 0xdc, 0x1c, 0xff, 0xdc, 0x1c, 0xff, 
  0xdc, 0x1c, 0xff, 0xdc, 0x1c, 0xff, 0xdc, 0x1c, 0xff, 0xdc, 0x1c, 0xff, 
  0xdc, 0x1c, 0xff, 0xdc, 0x1c, 0xff, 0xdc, 0x1c, 0xff, 0xdc, 0x1c, 0xff, 
  0xdc, 0x1c, 0xff, 0xdc, 0x1c, 0xff, 0xdc, 0x1c, 0xff, 0xdc, 0x1c, 0xff, 
  0xdc, 0x1c, 0xff, 0xdc, 0x1c, 0xff, 0xdc, 0x1c, 0xff, 0xdc, 0x1c, 0xff, 
  0xdc, 0x1c, 0xff, 0xdc, 0x1c, 0xff, 0xdc, 0x1c, 0xff, 0xdc, 0x1c, 0xff, 
  0xdc, 0x1c, 0xff, 0xdc, 0x1c, 0xff, 0xdc, 0x1c, 0xff, 0xdc, 0x1c, 0xff, 
  0xdc, 0x1c, 0xff, 0xdc, 0x1c, 0xff, 0xdc, 0x1c, 0xff, 0xdc, 0x1c, 0xff, 
  0xdc, 0x1c, 0xff, 0xdc, 0x1c, 0xff, 0xdc, 0x1c, 0xff, 0xdc, 0x1c, 0xff, 
  0xdc, 0x1c, 0xff, 0xdc, 0x1c, 0xff, 0xdc, 0x1c, 0xff, 0xdc, 0x1c, 0xff, 
  0xdc, 0x1c, 0xff, 0xdc, 0x1c, 0xff, 0xdc, 0x1c, 0xff, 0xdc, 0x1c, 0xff, 
  0xdc, 0x1c, 0xff, 0xdc, 0x1c, 0xff, 0xdc, 0x1c, 0xff, 0xdc, 0x1c, 0xff, 
  0xdc, 0x1c, 0xff, 0xdc, 0x1c, 0xff, 0xdc, 0x1c, 0xff, 0xdc, 0x1c, 0xff, 
  0xdc, 0x1c, 0xff, 0xdc, 0x1c, 0xff, 0xdc, 0x1c, 0xff, 0xdc, 0x1c, 0xff, 
  0xdc, 0x1c, 0xff, 0xdc, 0x1c, 0xff, 0xdc, 0x1c, 0xff, 0xdc, 0x1c, 0xff, 
  0xdc, 0x1c, 0xff, 0xdc, 0x1c, 0xff, 0xdc, 0x1c, 0xff, 0xdc, 0x1c, 0xff, 
  0xdc, 0x1c, 0xff, 0xdc, 0x1c, 0xff, 0xdc, 0x1c, 0xff, 0xdc, 0x1c, 0xff, 
  0xdc, 0x1c, 0xff, 0xdc, 0x1c, 0xff, 0xdc, 0x1c, 0xff, 0xdc, 0x1c, 0xff, 
  0xdb, 0x1c, 0xfe, 0x3d, 0x1d, 0xff, 0xbb, 0x14, 0xf4, 0xb8, 0x03, 0xd2, 
  0x58, 0x03, 0xfb, 0x78, 0x03, 0xfe, 0x99, 0x03, 0xfe, 0x78, 0x03, 0xe4, 
  0x78, 0x03, 0x6a, 0xd9, 0x04, 0x05, 0x00, 0x00, 0x00, 0x5f, 0x05, 0x03, 
  0x00, 0x00, 0x00, 0x00, 0x00, 0x00, 0x00, 0x00, 0x00, 0x00, 0x00, 0x00, 
  0x00, 0x00, 0x00, 0x00, 0x00, 0x00, 0x00, 0x00, 0x00, 0x00, 0x00, 0x00, 
  0x00, 0x00, 0x00, 0x00, 0x00, 0x00, 0x00, 0x00, 0x00, 0x00, 0x00, 0x00, 
  0x00, 0x00, 0x00, 0x00, 0x00, 0x00, 0x00, 0x00, 0x00, 0x00, 0x00, 0x00, 
  0x00, 0x00, 0x00, 0x00, 0x00, 0x00, 0x00, 0x00, 0x00, 0x00, 0x00, 0x00, 
  0x00, 0x00, 0x00, 0x00, 0x00, 0x00, 0x00, 0x00, 0x00, 0x00, 0x00, 0x00, 
  0x00, 0x00, 0x00, 0x00, 0x00, 0x00, 0x00, 0x00, 0x00, 0x00, 0x00, 0x00, 
  0x00, 0x00, 0x00, 0x1f, 0x00, 0x01, 0x00, 0x00, 0x01, 0x00, 0x00, 0x00, 
  0xdf, 0x34, 0x05, 0xdc, 0x1c, 0xb0, 0x3d, 0x1d, 0xfc, 0xfc, 0x1c, 0xf8, 
  0xdc, 0x1c, 0xff, 0xdc, 0x1c, 0xff, 0xdc, 0x1c, 0xff, 0xdc, 0x1c, 0xff, 
  0xdc, 0x1c, 0xff, 0xdc, 0x1c, 0xff, 0xdc, 0x1c, 0xff, 0xdc, 0x1c, 0xff, 
  0xdc, 0x1c, 0xff, 0xdc, 0x1c, 0xff, 0xdc, 0x1c, 0xff, 0xdc, 0x1c, 0xff, 
  0xdc, 0x1c, 0xff, 0xdc, 0x1c, 0xff, 0xdc, 0x1c, 0xff, 0xdc, 0x1c, 0xff, 
  0xdc, 0x1c, 0xff, 0xdc, 0x1c, 0xff, 0xdc, 0x1c, 0xff, 0xdc, 0x1c, 0xff, 
  0xdc, 0x1c, 0xff, 0xdc, 0x1c, 0xff, 0xdc, 0x1c, 0xff, 0xdc, 0x1c, 0xff, 
  0xdc, 0x1c, 0xff, 0xdc, 0x1c, 0xff, 0xdc, 0x1c, 0xff, 0xdc, 0x1c, 0xff, 
  0xdc, 0x1c, 0xff, 0xdc, 0x1c, 0xff, 0xdc, 0x1c, 0xff, 0xdc, 0x1c, 0xff, 
  0xdc, 0x1c, 0xff, 0xdc, 0x1c, 0xff, 0xdc, 0x1c, 0xff, 0xdc, 0x1c, 0xff, 
  0xdc, 0x1c, 0xff, 0xdc, 0x1c, 0xff, 0xdc, 0x1c, 0xff, 0xdc, 0x1c, 0xff, 
  0xdc, 0x1c, 0xff, 0xdc, 0x1c, 0xff, 0xdc, 0x1c, 0xff, 0xdc, 0x1c, 0xff, 
  0xdc, 0x1c, 0xff, 0xdc, 0x1c, 0xff, 0xdc, 0x1c, 0xff, 0xdc, 0x1c, 0xff, 
  0xdc, 0x1c, 0xff, 0xdc, 0x1c, 0xff, 0xdc, 0x1c, 0xff, 0xdc, 0x1c, 0xff, 
  0xdc, 0x1c, 0xff, 0xdc, 0x1c, 0xff, 0xdc, 0x1c, 0xff, 0xdc, 0x1c, 0xff, 
  0xdc, 0x1c, 0xff, 0xdc, 0x1c, 0xff, 0xdc, 0x1c, 0xff, 0xdc, 0x1c, 0xff, 
  0xdc, 0x1c, 0xff, 0xdc, 0x1c, 0xff, 0xdc, 0x1c, 0xff, 0xdc, 0x1c, 0xff, 
  0xdc, 0x1c, 0xff, 0xdc, 0x1c, 0xff, 0xdc, 0x1c, 0xff, 0xdc, 0x1c, 0xff, 
  0xdc, 0x1c, 0xff, 0xdc, 0x1c, 0xff, 0xdc, 0x1c, 0xff, 0xdc, 0x1c, 0xff, 
  0xfc, 0x1c, 0xff, 0xfc, 0x1c, 0xf4, 0x7b, 0x14, 0xe8, 0x78, 0x03, 0xf3, 
  0x78, 0x03, 0xfe, 0x78, 0x03, 0xfa, 0xda, 0x03, 0xff, 0x78, 0x03, 0xd2, 
  0x78, 0x03, 0x2e, 0x1f, 0x00, 0x01, 0x00, 0x00, 0x01, 0xff, 0x07, 0x01, 
  0x00, 0x00, 0x00, 0x00, 0x00, 0x00, 0x00, 0x00, 0x00, 0x00, 0x00, 0x00, 
  0x00, 0x00, 0x00, 0x00, 0x00, 0x00, 0x00, 0x00, 0x00, 0x00, 0x00, 0x00, 
  0x00, 0x00, 0x00, 0x00, 0x00, 0x00, 0x00, 0x00, 0x00, 0x00, 0x00, 0x00, 
  0x00, 0x00, 0x00, 0x00, 0x00, 0x00, 0x00, 0x00, 0x00, 0x00, 0x00, 0x00, 
  0x00, 0x00, 0x00, 0x00, 0x00, 0x00, 0x00, 0x00, 0x00, 0x00, 0x00, 0x00, 
  0x00, 0x00, 0x00, 0x00, 0x00, 0x00, 0x00, 0x00, 0x00, 0x00, 0x00, 0x00, 
  0x00, 0x00, 0x00, 0x00, 0x00, 0x00, 0x00, 0x00, 0x00, 0x00, 0x00, 0x00, 
  0x00, 0x00, 0x00, 0x00, 0x00, 0x00, 0xef, 0x03, 0x02, 0x00, 0x00, 0x00, 
  0x1f, 0x00, 0x01, 0xdc, 0x1c, 0x5c, 0xdb, 0x1c, 0xda, 0x1d, 0x1d, 0xff, 
  0xdc, 0x1c, 0xfd, 0xdc, 0x1c, 0xff, 0xdc, 0x1c, 0xff, 0xdc, 0x1c, 0xff, 
  0xdc, 0x1c, 0xff, 0xdc, 0x1c, 0xff, 0xdc, 0x1c, 0xff, 0xdc, 0x1c, 0xff, 
  0xdc, 0x1c, 0xff, 0xdc, 0x1c, 0xff, 0xdc, 0x1c, 0xff, 0xdc, 0x1c, 0xff, 
  0xdc, 0x1c, 0xff, 0xdc, 0x1c, 0xff, 0xdc, 0x1c, 0xff, 0xdc, 0x1c, 0xff, 
  0xdc, 0x1c, 0xff, 0xdc, 0x1c, 0xff, 0xdc, 0x1c, 0xff, 0xdc, 0x1c, 0xff, 
  0xdc, 0x1c, 0xff, 0xdc, 0x1c, 0xff, 0xdc, 0x1c, 0xff, 0xdc, 0x1c, 0xff, 
  0xdc, 0x1c, 0xff, 0xdc, 0x1c, 0xff, 0xdc, 0x1c, 0xff, 0xdc, 0x1c, 0xff, 
  0xdc, 0x1c, 0xff, 0xdc, 0x1c, 0xff, 0xdc, 0x1c, 0xff, 0xdc, 0x1c, 0xff, 
  0xdc, 0x1c, 0xff, 0xdc, 0x1c, 0xff, 0xdc, 0x1c, 0xff, 0xdc, 0x1c, 0xff, 
  0xdc, 0x1c, 0xff, 0xdc, 0x1c, 0xff, 0xdc, 0x1c, 0xff, 0xdc, 0x1c, 0xff, 
  0xdc, 0x1c, 0xff, 0xdc, 0x1c, 0xff, 0xdc, 0x1c, 0xff, 0xdc, 0x1c, 0xff, 
  0xdc, 0x1c, 0xff, 0xdc, 0x1c, 0xff, 0xdc, 0x1c, 0xff, 0xdc, 0x1c, 0xff, 
  0xdc, 0x1c, 0xff, 0xdc, 0x1c, 0xff, 0xdc, 0x1c, 0xff, 0xdc, 0x1c, 0xff, 
  0xdc, 0x1c, 0xff, 0xdc, 0x1c, 0xff, 0xdc, 0x1c, 0xff, 0xdc, 0x1c, 0xff, 
  0xdc, 0x1c, 0xff, 0xdc, 0x1c, 0xff, 0xdc, 0x1c, 0xff, 0xdc, 0x1c, 0xff, 
  0xdc, 0x1c, 0xff, 0xdc, 0x1c, 0xff, 0xdc, 0x1c, 0xff, 0xdc, 0x1c, 0xff, 
  0xdc, 0x1c, 0xff, 0xdc, 0x1c, 0xff, 0xdc, 0x1c, 0xff, 0xdc, 0x1c, 0xff, 
  0xdc, 0x1c, 0xff, 0xdc, 0x1c, 0xff, 0xdc, 0x1c, 0xff, 0xdc, 0x1c, 0xfe, 
  0x1d, 0x1d, 0xff, 0xdc, 0x14, 0xd9, 0x1a, 0x0c, 0xcb, 0x99, 0x03, 0xff, 
  0x99, 0x03, 0xff, 0x99, 0x03, 0xf8, 0xba, 0x03, 0xfe, 0x78, 0x03, 0xb1, 
  0x00, 0x00, 0x00, 0x00, 0x00, 0x00, 0xef, 0x03, 0x02, 0x00, 0x00, 0x00, 
  0x00, 0x00, 0x00, 0x00, 0x00, 0x00, 0x00, 0x00, 0x00, 0x00, 0x00, 0x00, 
  0x00, 0x00, 0x00, 0x00, 0x00, 0x00, 0x00, 0x00, 0x00, 0x00, 0x00, 0x00, 
  0x00, 0x00, 0x00, 0x00, 0x00, 0x00, 0x00, 0x00, 0x00, 0x00, 0x00, 0x00, 
  0x00, 0x00, 0x00, 0x00, 0x00, 0x00, 0x00, 0x00, 0x00, 0x00, 0x00, 0x00, 
  0x00, 0x00, 0x00, 0x00, 0x00, 0x00, 0x00, 0x00, 0x00, 0x00, 0x00, 0x00, 
  0x00, 0x00, 0x00, 0x00, 0x00, 0x00, 0x00, 0x00, 0x00, 0x00, 0x00, 0x00, 
  0x00, 0x00, 0x00, 0x00, 0x00, 0x00, 0x00, 0x00, 0x00, 0x00, 0x00, 0x00, 
  0x00, 0x00, 0x00, 0x00, 0x00, 0x00, 0x00, 0x00, 0x00, 0x00, 0x00, 0x00, 
  0xff, 0x03, 0x02, 0xdf, 0x34, 0x05, 0xdb, 0x1c, 0x94, 0x3e, 0x1d, 0xff, 
  0xdc, 0x1c, 0xfa, 0xdc, 0x1c, 0xff, 0xdc, 0x1c, 0xff, 0xdc, 0x1c, 0xff, 
  0xdc, 0x1c, 0xff, 0xdc, 0x1c, 0xff, 0xdc, 0x1c, 0xff, 0xdc, 0x1c, 0xff, 
  0xdc, 0x1c, 0xff, 0xdc, 0x1c, 0xff, 0xdc, 0x1c, 0xff, 0xdc, 0x1c, 0xff, 
  0xdc, 0x1c, 0xff, 0xdc, 0x1c, 0xff, 0xdc, 0x1c, 0xff, 0xdc, 0x1c, 0xff, 
  0xdc, 0x1c, 0xff, 0xdc, 0x1c, 0xff, 0xdc, 0x1c, 0xff, 0xdc, 0x1c, 0xff, 
  0xdc, 0x1c, 0xff, 0xdc, 0x1c, 0xff, 0xdc, 0x1c, 0xff, 0xdc, 0x1c, 0xff, 
  0xdc, 0x1c, 0xff, 0xdc, 0x1c, 0xff, 0xdc, 0x1c, 0xff, 0xdc, 0x1c, 0xff, 
  0xdc, 0x1c, 0xff, 0xdc, 0x1c, 0xff, 0xdc, 0x1c, 0xff, 0xdc, 0x1c, 0xff, 
  0xdc, 0x1c, 0xff, 0xdc, 0x1c, 0xff, 0xdc, 0x1c, 0xff, 0xdc, 0x1c, 0xff, 
  0xdc, 0x1c, 0xff, 0xdc, 0x1c, 0xff, 0xdc, 0x1c, 0xff, 0xdc, 0x1c, 0xff, 
  0xdc, 0x1c, 0xff, 0xdc, 0x1c, 0xff, 0xdc, 0x1c, 0xff, 0xdc, 0x1c, 0xff, 
  0xdc, 0x1c, 0xff, 0xdc, 0x1c, 0xff, 0xdc, 0x1c, 0xff, 0xdc, 0x1c, 0xff, 
  0xdc, 0x1c, 0xff, 0xdc, 0x1c, 0xff, 0xdc, 0x1c, 0xff, 0xdc, 0x1c, 0xff, 
  0xdc, 0x1c, 0xff, 0xdc, 0x1c, 0xff, 0xdc, 0x1c, 0xff, 0xdc, 0x1c, 0xff, 
  0xdc, 0x1c, 0xff, 0xdc, 0x1c, 0xff, 0xdc, 0x1c, 0xff, 0xdc, 0x1c, 0xff, 
  0xdc, 0x1c, 0xff, 0xdc, 0x1c, 0xff, 0xdc, 0x1c, 0xff, 0xdc, 0x1c, 0xff, 
  0xdc, 0x1c, 0xff, 0xdc, 0x1c, 0xff, 0xdc, 0x1c, 0xff, 0xdc, 0x1c, 0xff, 
  0xdc, 0x1c, 0xff, 0xdc, 0x1c, 0xff, 0xdc, 0x1c, 0xff, 0xdc, 0x1c, 0xfe, 
  0xfc, 0x1c, 0xfa, 0x5b, 0x14, 0xe9, 0x99, 0x03, 0xea, 0xb9, 0x03, 0xff, 
  0x99, 0x03, 0xfe, 0xb9, 0x03, 0xfd, 0xb9, 0x03, 0xe2, 0xb9, 0x03, 0x6f, 
  0x00, 0x00, 0x00, 0x00, 0x00, 0x00, 0xef, 0x03, 0x02, 0x00, 0x00, 0x00, 
  0x00, 0x00, 0x00, 0x00, 0x00, 0x00, 0x00, 0x00, 0x00, 0x00, 0x00, 0x00, 
  0x00, 0x00, 0x00, 0x00, 0x00, 0x00, 0x00, 0x00, 0x00, 0x00, 0x00, 0x00, 
  0x00, 0x00, 0x00, 0x00, 0x00, 0x00, 0x00, 0x00, 0x00, 0x00, 0x00, 0x00, 
  0x00, 0x00, 0x00, 0x00, 0x00, 0x00, 0x00, 0x00, 0x00, 0x00, 0x00, 0x00, 
  0x00, 0x00, 0x00, 0x00, 0x00, 0x00, 0x00, 0x00, 0x00, 0x00, 0x00, 0x00, 
  0x00, 0x00, 0x00, 0x00, 0x00, 0x00, 0x00, 0x00, 0x00, 0x00, 0x00, 0x00, 
  0x00, 0x00, 0x00, 0x00, 0x00, 0x00, 0x00, 0x00, 0x00, 0x00, 0x00, 0x00, 
  0x00, 0x00, 0x00, 0x00, 0x00, 0x00, 0x00, 0x00, 0x00, 0x00, 0x00, 0x00, 
  0xff, 0x03, 0x02, 0x00, 0x00, 0x00, 0xfc, 0x14, 0x2c, 0xfc, 0x1c, 0xad, 
  0x1d, 0x1d, 0xff, 0xfc, 0x1c, 0xfa, 0xdc, 0x1c, 0xfc, 0xdc, 0x1c, 0xff, 
  0xdc, 0x1c, 0xff, 0xdc, 0x1c, 0xff, 0xdc, 0x1c, 0xff, 0xdc, 0x1c, 0xff, 
  0xdc, 0x1c, 0xff, 0xdc, 0x1c, 0xff, 0xdc, 0x1c, 0xff, 0xdc, 0x1c, 0xff, 
  0xdc, 0x1c, 0xff, 0xdc, 0x1c, 0xff, 0xdc, 0x1c, 0xff, 0xdc, 0x1c, 0xff, 
  0xdc, 0x1c, 0xff, 0xdc, 0x1c, 0xff, 0xdc, 0x1c, 0xff, 0xdc, 0x1c, 0xff, 
  0xdc, 0x1c, 0xff, 0xdc, 0x1c, 0xff, 0xdc, 0x1c, 0xff, 0xdc, 0x1c, 0xff, 
  0xdc, 0x1c, 0xff, 0xdc, 0x1c, 0xff, 0xdc, 0x1c, 0xff, 0xdc, 0x1c, 0xff, 
  0xdc, 0x1c, 0xff, 0xdc, 0x1c, 0xff, 0xfc, 0x1c, 0xff, 0xdc, 0x1c, 0xff, 
  0xdc, 0x1c, 0xff, 0xdc, 0x1c, 0xff, 0xdc, 0x1c, 0xff, 0xdc, 0x1c, 0xff, 
  0xdc, 0x1c, 0xff, 0xdc, 0x1c, 0xff, 0xdc, 0x1c, 0xff, 0xdc, 0x1c, 0xff, 
  0xdc, 0x1c, 0xff, 0xfc, 0x1c, 0xff, 0xdc, 0x1c, 0xff, 0xdc, 0x1c, 0xff, 
  0xdc, 0x1c, 0xff, 0xdc, 0x1c, 0xff, 0xdc, 0x1c, 0xff, 0xdc, 0x1c, 0xff, 
  0xdc, 0x1c, 0xff, 0xdc, 0x1c, 0xff, 0xdc, 0x1c, 0xff, 0xdc, 0x1c, 0xff, 
  0xdc, 0x1c, 0xff, 0xdc, 0x1c, 0xff, 0xdc, 0x1c, 0xff, 0xdc, 0x1c, 0xff, 
  0xdc, 0x1c, 0xff, 0xdc, 0x1c, 0xff, 0xdc, 0x1c, 0xff, 0xdc, 0x1c, 0xff, 
  0xdc, 0x1c, 0xff, 0xdc, 0x1c, 0xff, 0xdc, 0x1c, 0xff, 0xdc, 0x1c, 0xff, 
  0xdc, 0x1c, 0xff, 0xdc, 0x1c, 0xff, 0xdc, 0x1c, 0xff, 0xdc, 0x1c, 0xff, 
  0xdc, 0x1c, 0xff, 0xdc, 0x1c, 0xfe, 0xdc, 0x1c, 0xff, 0x1d, 0x1d, 0xff, 
  0xbb, 0x14, 0xd9, 0xda, 0x03, 0xe0, 0xba, 0x03, 0xfe, 0xb9, 0x03, 0xfe, 
  0x99, 0x03, 0xfb, 0xfc, 0x03, 0xff, 0x99, 0x03, 0xaa, 0xdb, 0x03, 0x15, 
  0xff, 0x03, 0x02, 0x00, 0x00, 0x00, 0x00, 0x00, 0x01, 0x00, 0x00, 0x00, 
  0x00, 0x00, 0x00, 0x00, 0x00, 0x00, 0x00, 0x00, 0x00, 0x00, 0x00, 0x00, 
  0x00, 0x00, 0x00, 0x00, 0x00, 0x00, 0x00, 0x00, 0x00, 0x00, 0x00, 0x00, 
  0x00, 0x00, 0x00, 0x00, 0x00, 0x00, 0x00, 0x00, 0x00, 0x00, 0x00, 0x00, 
  0x00, 0x00, 0x00, 0x00, 0x00, 0x00, 0x00, 0x00, 0x00, 0x00, 0x00, 0x00, 
  0x00, 0x00, 0x00, 0x00, 0x00, 0x00, 0x00, 0x00, 0x00, 0x00, 0x00, 0x00, 
  0x00, 0x00, 0x00, 0x00, 0x00, 0x00, 0x00, 0x00, 0x00, 0x00, 0x00, 0x00, 
  0x00, 0x00, 0x00, 0x00, 0x00, 0x00, 0x00, 0x00, 0x00, 0x00, 0x00, 0x00, 
  0x00, 0x00, 0x00, 0x00, 0x00, 0x00, 0x00, 0x00, 0x00, 0x00, 0x00, 0x00, 
  0x00, 0x00, 0x00, 0xff, 0x05, 0x04, 0x00, 0x00, 0x00, 0xbb, 0x1c, 0x3d, 
  0xfc, 0x1c, 0xcd, 0x3d, 0x1d, 0xff, 0xfc, 0x1c, 0xff, 0xdc, 0x1c, 0xf9, 
  0xdc, 0x1c, 0xfe, 0xdc, 0x1c, 0xff, 0xdc, 0x1c, 0xff, 0xdc, 0x1c, 0xff, 
  0xdc, 0x1c, 0xff, 0xdc, 0x1c, 0xff, 0xdc, 0x1c, 0xff, 0xdc, 0x1c, 0xff, 
  0xdc, 0x1c, 0xff, 0xdc, 0x1c, 0xff, 0xdc, 0x1c, 0xff, 0xdc, 0x1c, 0xff, 
  0xdc, 0x1c, 0xff, 0xdc, 0x1c, 0xff, 0xdc, 0x1c, 0xff, 0xdc, 0x1c, 0xff, 
  0xdc, 0x1c, 0xff, 0xdc, 0x1c, 0xff, 0xdc, 0x1c, 0xff, 0xdc, 0x1c, 0xff, 
  0xdc, 0x1c, 0xff, 0xdc, 0x1c, 0xff, 0xdc, 0x1c, 0xff, 0xdc, 0x1c, 0xff, 
  0xdc, 0x1c, 0xff, 0xdb, 0x1c, 0xff, 0xbb, 0x1c, 0xff, 0xbb, 0x1c, 0xff, 
  0xbb, 0x1c, 0xff, 0xbb, 0x1c, 0xff, 0xbb, 0x1c, 0xff, 0xbb, 0x1c, 0xff, 
  0xbb, 0x1c, 0xff, 0xbb, 0x1c, 0xff, 0xbb, 0x1c, 0xff, 0xbb, 0x1c, 0xff, 
  0xbb, 0x1c, 0xff, 0xbb, 0x1c, 0xff, 0xdb, 0x1c, 0xff, 0xdc, 0x1c, 0xff, 
  0xdc, 0x1c, 0xff, 0xdc, 0x1c, 0xff, 0xdc, 0x1c, 0xff, 0xdc, 0x1c, 0xff, 
  0xdc, 0x1c, 0xff, 0xdc, 0x1c, 0xff, 0xdc, 0x1c, 0xff, 0xdc, 0x1c, 0xff, 
  0xdc, 0x1c, 0xff, 0xdc, 0x1c, 0xff, 0xdc, 0x1c, 0xff, 0xdc, 0x1c, 0xff, 
  0xdc, 0x1c, 0xff, 0xdc, 0x1c, 0xff, 0xdc, 0x1c, 0xff, 0xdc, 0x1c, 0xff, 
  0xdc, 0x1c, 0xff, 0xdc, 0x1c, 0xff, 0xdc, 0x1c, 0xff, 0xdc, 0x1c, 0xff, 
  0xdc, 0x1c, 0xff, 0xdc, 0x1c, 0xff, 0xdc, 0x1c, 0xff, 0xdc, 0x1c, 0xfe, 
  0xdc, 0x1c, 0xfd, 0xfd, 0x1c, 0xff, 0xfc, 0x1c, 0xff, 0xdc, 0x1c, 0xdb, 
  0x1a, 0x04, 0xd8, 0xda, 0x03, 0xee, 0xda, 0x03, 0xfe, 0xba, 0x03, 0xfd, 
  0xba, 0x03, 0xfe, 0xfb, 0x03, 0xe6, 0xba, 0x03, 0x60, 0x00, 0x00, 0x00, 
  0xff, 0x03, 0x02, 0x00, 0x00, 0x00, 0x00, 0x00, 0x00, 0x00, 0x00, 0x00, 
  0x00, 0x00, 0x00, 0x00, 0x00, 0x00, 0x00, 0x00, 0x00, 0x00, 0x00, 0x00, 
  0x00, 0x00, 0x00, 0x00, 0x00, 0x00, 0x00, 0x00, 0x00, 0x00, 0x00, 0x00, 
  0x00, 0x00, 0x00, 0x00, 0x00, 0x00, 0x00, 0x00, 0x00, 0x00, 0x00, 0x00, 
  0x00, 0x00, 0x00, 0x00, 0x00, 0x00, 0x00, 0x00, 0x00, 0x00, 0x00, 0x00, 
  0x00, 0x00, 0x00, 0x00, 0x00, 0x00, 0x00, 0x00, 0x00, 0x00, 0x00, 0x00, 
  0x00, 0x00, 0x00, 0x00, 0x00, 0x00, 0x00, 0x00, 0x00, 0x00, 0x00, 0x00, 
  0x00, 0x00, 0x00, 0x00, 0x00, 0x00, 0x00, 0x00, 0x00, 0x00, 0x00, 0x00, 
  0x00, 0x00, 0x00, 0x00, 0x00, 0x00, 0x00, 0x00, 0x00, 0x00, 0x00, 0x00, 
  0x00, 0x00, 0x00, 0x5f, 0x05, 0x03, 0xff, 0x03, 0x02, 0xfa, 0x2b, 0x06, 
  0xdb, 0x1c, 0x4f, 0xdc, 0x1c, 0xc9, 0xfd, 0x1c, 0xff, 0x1d, 0x1d, 0xff, 
  0xfc, 0x1c, 0xff, 0xdc, 0x1c, 0xfd, 0xdc, 0x1c, 0xfd, 0xdc, 0x1c, 0xfe, 
  0xdc, 0x1c, 0xfe, 0xdc, 0x1c, 0xff, 0xdc, 0x1c, 0xff, 0xdc, 0x1c, 0xff, 
  0xdc, 0x1c, 0xff, 0xdc, 0x1c, 0xff, 0xdc, 0x1c, 0xff, 0xdc, 0x1c, 0xff, 
  0xdc, 0x1c, 0xff, 0xdc, 0x1c, 0xff, 0xdc, 0x1c, 0xff, 0xdc, 0x1c, 0xff, 
  0xdc, 0x1c, 0xff, 0xdc, 0x1c, 0xff, 0xdc, 0x1c, 0xff, 0xdc, 0x1c, 0xff, 
  0xdc, 0x1c, 0xff, 0xdc, 0x1c, 0xff, 0xdc, 0x1c, 0xff, 0xdc, 0x1c, 0xff, 
  0xbb, 0x1c, 0xff, 0xbb, 0x14, 0xff, 0xbb, 0x14, 0xff, 0xbb, 0x14, 0xff, 
  0xbb, 0x14, 0xff, 0xbb, 0x14, 0xff, 0xbb, 0x14, 0xff, 0xbb, 0x14, 0xff, 
  0xbb, 0x14, 0xff, 0xbb, 0x14, 0xff, 0xbb, 0x14, 0xff, 0xbb, 0x14, 0xff, 
  0xbb, 0x14, 0xff, 0xbb, 0x14, 0xff, 0xbb, 0x14, 0xff, 0xbb, 0x1c, 0xff, 
  0xdc, 0x1c, 0xff, 0xdc, 0x1c, 0xff, 0xdc, 0x1c, 0xff, 0xdc, 0x1c, 0xff, 
  0xdc, 0x1c, 0xff, 0xdc, 0x1c, 0xff, 0xdc, 0x1c, 0xff, 0xdc, 0x1c, 0xff, 
  0xdc, 0x1c, 0xff, 0xdc, 0x1c, 0xff, 0xdc, 0x1c, 0xff, 0xdc, 0x1c, 0xff, 
  0xdc, 0x1c, 0xff, 0xdc, 0x1c, 0xff, 0xdc, 0x1c, 0xff, 0xdc, 0x1c, 0xff, 
  0xdc, 0x1c, 0xff, 0xdc, 0x1c, 0xff, 0xdc, 0x1c, 0xff, 0xdc, 0x1c, 0xff, 
  0xdc, 0x1c, 0xfe, 0xdc, 0x1c, 0xfe, 0xdc, 0x1c, 0xff, 0xfc, 0x1c, 0xff, 
  0xfc, 0x1c, 0xff, 0xfc, 0x1c, 0xf6, 0xbb, 0x14, 0xe7, 0x3b, 0x0c, 0xca, 
  0xda, 0x03, 0xf4, 0xdb, 0x03, 0xff, 0xba, 0x03, 0xfb, 0xda, 0x03, 0xff, 
  0xda, 0x03, 0xff, 0xb9, 0x03, 0x8e, 0xda, 0x03, 0x1f, 0x39, 0x03, 0x05, 
  0xff, 0x07, 0x01, 0x00, 0x00, 0x00, 0x00, 0x00, 0x00, 0x00, 0x00, 0x00, 
  0x00, 0x00, 0x00, 0x00, 0x00, 0x00, 0x00, 0x00, 0x00, 0x00, 0x00, 0x00, 
  0x00, 0x00, 0x00, 0x00, 0x00, 0x00, 0x00, 0x00, 0x00, 0x00, 0x00, 0x00, 
  0x00, 0x00, 0x00, 0x00, 0x00, 0x00, 0x00, 0x00, 0x00, 0x00, 0x00, 0x00, 
  0x00, 0x00, 0x00, 0x00, 0x00, 0x00, 0x00, 0x00, 0x00, 0x00, 0x00, 0x00, 
  0x00, 0x00, 0x00, 0x00, 0x00, 0x00, 0x00, 0x00, 0x00, 0x00, 0x00, 0x00, 
  0x00, 0x00, 0x00, 0x00, 0x00, 0x00, 0x00, 0x00, 0x00, 0x00, 0x00, 0x00, 
  0x00, 0x00, 0x00, 0x00, 0x00, 0x00, 0x00, 0x00, 0x00, 0x00, 0x00, 0x00, 
  0x00, 0x00, 0x00, 0x00, 0x00, 0x00, 0x00, 0x00, 0x00, 0x00, 0x00, 0x00, 
  0x00, 0x00, 0x00, 0x00, 0x00, 0x00, 0xff, 0x03, 0x02, 0xff, 0x07, 0x01, 
  0x00, 0x00, 0x00, 0xdc, 0x1c, 0x32, 0xdc, 0x1c, 0xba, 0xfd, 0x1c, 0xf4, 
  0xfc, 0x1c, 0xfa, 0xfc, 0x1c, 0xff, 0xfc, 0x1c, 0xff, 0xfc, 0x1c, 0xff, 
  0xfc, 0x1c, 0xff, 0xdc, 0x1c, 0xff, 0xdc, 0x1c, 0xff, 0xdc, 0x1c, 0xff, 
  0xdc, 0x1c, 0xff, 0xdc, 0x1c, 0xff, 0xdc, 0x1c, 0xff, 0xdc, 0x1c, 0xff, 
  0xdc, 0x1c, 0xff, 0xdc, 0x1c, 0xff, 0xdc, 0x1c, 0xff, 0xdc, 0x1c, 0xff, 
  0xdc, 0x1c, 0xff, 0xdc, 0x1c, 0xff, 0xdc, 0x1c, 0xff, 0xdc, 0x1c, 0xff, 
  0xdc, 0x1c, 0xff, 0xdc, 0x1c, 0xff, 0xdc, 0x1c, 0xff, 0xbb, 0x1c, 0xff, 
  0x9a, 0x14, 0xff, 0x79, 0x1c, 0xff, 0x38, 0x1c, 0xff, 0x38, 0x1c, 0xff, 
  0x38, 0x1c, 0xff, 0x38, 0x1c, 0xff, 0x38, 0x1c, 0xff, 0x38, 0x1c, 0xff, 
  0x38, 0x1c, 0xff, 0x38, 0x1c, 0xff, 0x38, 0x1c, 0xff, 0x38, 0x1c, 0xff, 
  0x38, 0x1c, 0xff, 0x38, 0x1c, 0xff, 0x79, 0x1c, 0xff, 0x9a, 0x14, 0xff, 
  0xbb, 0x1c, 0xff, 0xdc, 0x1c, 0xff, 0xdc, 0x1c, 0xff, 0xdc, 0x1c, 0xff, 
  0xdc, 0x1c, 0xff, 0xdc, 0x1c, 0xff, 0xdc, 0x1c, 0xff, 0xdc, 0x1c, 0xff, 
  0xdc, 0x1c, 0xff, 0xdc, 0x1c, 0xff, 0xdc, 0x1c, 0xff, 0xdc, 0x1c, 0xff, 
  0xdc, 0x1c, 0xff, 0xdc, 0x1c, 0xff, 0xdc, 0x1c, 0xff, 0xdc, 0x1c, 0xff, 
  0xdc, 0x1c, 0xff, 0xdc, 0x1c, 0xff, 0xdc, 0x1c, 0xff, 0xfc, 0x1c, 0xff, 
  0xfc, 0x1c, 0xff, 0xfc, 0x1c, 0xff, 0xfc, 0x1c, 0xff, 0xdc, 0x1c, 0xfb, 
  0xdc, 0x1c, 0xfa, 0x9b, 0x14, 0xe1, 0x1a, 0x04, 0xcd, 0xba, 0x03, 0xfe, 
  0xda, 0x03, 0xff, 0xba, 0x03, 0xfb, 0xda, 0x03, 0xff, 0xba, 0x03, 0xff, 
  0xba, 0x03, 0xc3, 0xfa, 0x03, 0x2b, 0x00, 0x00, 0x00, 0x39, 0x03, 0x05, 
  0x00, 0x00, 0x00, 0x00, 0x00, 0x00, 0x00, 0x00, 0x00, 0x00, 0x00, 0x00, 
  0x00, 0x00, 0x00, 0x00, 0x00, 0x00, 0x00, 0x00, 0x00, 0x00, 0x00, 0x00, 
  0x00, 0x00, 0x00, 0x00, 0x00, 0x00, 0x00, 0x00, 0x00, 0x00, 0x00, 0x00, 
  0x00, 0x00, 0x00, 0x00, 0x00, 0x00, 0x00, 0x00, 0x00, 0x00, 0x00, 0x00, 
  0x00, 0x00, 0x00, 0x00, 0x00, 0x00, 0x00, 0x00, 0x00, 0x00, 0x00, 0x00, 
  0x00, 0x00, 0x00, 0x00, 0x00, 0x00, 0x00, 0x00, 0x00, 0x00, 0x00, 0x00, 
  0x00, 0x00, 0x00, 0x00, 0x00, 0x00, 0x00, 0x00, 0x00, 0x00, 0x00, 0x00, 
  0x00, 0x00, 0x00, 0x00, 0x00, 0x00, 0x00, 0x00, 0x00, 0x00, 0x00, 0x00, 
  0x00, 0x00, 0x00, 0x00, 0x00, 0x00, 0x00, 0x00, 0x00, 0x00, 0x00, 0x00, 
  0x00, 0x00, 0x00, 0x00, 0x00, 0x00, 0x00, 0x00, 0x00, 0x00, 0x00, 0x00, 
  0x00, 0x00, 0x00, 0xff, 0x07, 0x01, 0xdc, 0x0c, 0x12, 0xfc, 0x1c, 0x5b, 
  0xdc, 0x1c, 0xc8, 0x1d, 0x1d, 0xff, 0x1d, 0x1d, 0xff, 0xdc, 0x1c, 0xff, 
  0xdc, 0x1c, 0xfe, 0xdc, 0x1c, 0xfd, 0xdc, 0x1c, 0xfb, 0xdc, 0x1c, 0xfb, 
  0xdc, 0x1c, 0xfb, 0xdc, 0x1c, 0xfb, 0xdc, 0x1c, 0xfb, 0xdc, 0x1c, 0xfb, 
  0xdc, 0x1c, 0xfb, 0xdc, 0x1c, 0xfb, 0xdc, 0x1c, 0xfb, 0xdc, 0x1c, 0xfb, 
  0xdc, 0x1c, 0xfb, 0xdc, 0x1c, 0xfb, 0xdc, 0x1c, 0xfb, 0xdc, 0x1c, 0xfb, 
  0xdc, 0x1c, 0xfb, 0xdc, 0x1c, 0xfb, 0xbb, 0x1c, 0xfb, 0x9a, 0x14, 0xfb, 
  0x58, 0x1c, 0xfd, 0x92, 0x2b, 0xff, 0xab, 0x42, 0xff, 0x8a, 0x4a, 0xff, 
  0x8a, 0x4a, 0xff, 0x8a, 0x4a, 0xff, 0x8a, 0x4a, 0xff, 0x8a, 0x4a, 0xff, 
  0x8a, 0x4a, 0xff, 0x8a, 0x4a, 0xff, 0x8a, 0x4a, 0xff, 0x8a, 0x4a, 0xff, 
  0x8a, 0x4a, 0xff, 0xab, 0x42, 0xff, 0x92, 0x2b, 0xff, 0x58, 0x1c, 0xff, 
  0x9a, 0x14, 0xff, 0xbb, 0x1c, 0xff, 0xdc, 0x1c, 0xff, 0xdc, 0x1c, 0xff, 
  0xdc, 0x1c, 0xff, 0xdc, 0x1c, 0xff, 0xdc, 0x1c, 0xff, 0xdc, 0x1c, 0xff, 
  0xdc, 0x1c, 0xff, 0xdc, 0x1c, 0xff, 0xdc, 0x1c, 0xff, 0xdc, 0x1c, 0xff, 
  0xdc, 0x1c, 0xff, 0xdc, 0x1c, 0xff, 0xdc, 0x1c, 0xff, 0xdc, 0x1c, 0xff, 
  0xdc, 0x1c, 0xff, 0xdc, 0x1c, 0xff, 0xfc, 0x1c, 0xff, 0xfc, 0x1c, 0xff, 
  0xfc, 0x1c, 0xff, 0xfc, 0x1c, 0xff, 0xfc, 0x1c, 0xff, 0xdc, 0x1c, 0xd3, 
  0x5b, 0x0c, 0xd0, 0xda, 0x03, 0xf1, 0xba, 0x03, 0xfa, 0xba, 0x03, 0xff, 
  0xba, 0x03, 0xfe, 0xba, 0x03, 0xfa, 0xdb, 0x03, 0xff, 0xb9, 0x03, 0xde, 
  0xda, 0x03, 0x33, 0x1f, 0x00, 0x01, 0x1f, 0x00, 0x01, 0x1f, 0x00, 0x01, 
  0x00, 0x00, 0x00, 0x00, 0x00, 0x00, 0x00, 0x00, 0x00, 0x00, 0x00, 0x00, 
  0x00, 0x00, 0x00, 0x00, 0x00, 0x00, 0x00, 0x00, 0x00, 0x00, 0x00, 0x00, 
  0x00, 0x00, 0x00, 0x00, 0x00, 0x00, 0x00, 0x00, 0x00, 0x00, 0x00, 0x00, 
  0x00, 0x00, 0x00, 0x00, 0x00, 0x00, 0x00, 0x00, 0x00, 0x00, 0x00, 0x00, 
  0x00, 0x00, 0x00, 0x00, 0x00, 0x00, 0x00, 0x00, 0x00, 0x00, 0x00, 0x00, 
  0x00, 0x00, 0x00, 0x00, 0x00, 0x00, 0x00, 0x00, 0x00, 0x00, 0x00, 0x00, 
  0x00, 0x00, 0x00, 0x00, 0x00, 0x00, 0x00, 0x00, 0x00, 0x00, 0x00, 0x00, 
  0x00, 0x00, 0x00, 0x00, 0x00, 0x00, 0x00, 0x00, 0x00, 0x00, 0x00, 0x00, 
  0x00, 0x00, 0x00, 0x00, 0x00, 0x00, 0x00, 0x00, 0x00, 0x00, 0x00, 0x00, 
  0x00, 0x00, 0x00, 0x00, 0x00, 0x00, 0x00, 0x00, 0x00, 0x00, 0x00, 0x00, 
  0xff, 0x07, 0x01, 0x00, 0x00, 0x00, 0x00, 0x00, 0x00, 0xfa, 0x03, 0x06, 
  0xdc, 0x14, 0x2e, 0xdc, 0x1c, 0x5f, 0xdc, 0x14, 0x97, 0xdc, 0x1c, 0xcf, 
  0xdc, 0x1c, 0xef, 0xfc, 0x1c, 0xff, 0x3e, 0x1d, 0xff, 0x7f, 0x1d, 0xff, 
  0x7f, 0x1d, 0xff, 0x7f, 0x1d, 0xff, 0x7f, 0x1d, 0xff, 0x7f, 0x1d, 0xff, 
  0x7f, 0x1d, 0xff, 0x7f, 0x1d, 0xff, 0x7f, 0x1d, 0xff, 0x7f, 0x1d, 0xff, 
  0x7f, 0x1d, 0xff, 0x7f, 0x1d, 0xff, 0x7f, 0x1d, 0xff, 0x7f, 0x1d, 0xff, 
  0x7f, 0x1d, 0xff, 0x7f, 0x1d, 0xff, 0x3e, 0x1d, 0xff, 0x1d, 0x15, 0xff, 
  0xd5, 0x2b, 0xff, 0x6a, 0x42, 0xff, 0x48, 0x4a, 0xff, 0x28, 0x4a, 0xff, 
  0x28, 0x4a, 0xff, 0x28, 0x4a, 0xff, 0x28, 0x4a, 0xff, 0x28, 0x4a, 0xff, 
  0x28, 0x4a, 0xff, 0x28, 0x4a, 0xff, 0x28, 0x4a, 0xff, 0x28, 0x4a, 0xff, 
  0x28, 0x4a, 0xff, 0x48, 0x4a, 0xff, 0x8b, 0x42, 0xff, 0xb3, 0x2b, 0xff, 
  0xba, 0x14, 0xff, 0xdb, 0x1c, 0xff, 0xfc, 0x1c, 0xff, 0xfc, 0x1c, 0xff, 
  0xfc, 0x1c, 0xff, 0xfc, 0x1c, 0xff, 0xfc, 0x1c, 0xff, 0xfc, 0x1c, 0xff, 
  0xfc, 0x1c, 0xff, 0xfc, 0x1c, 0xff, 0xfc, 0x1c, 0xff, 0xfc, 0x1c, 0xff, 
  0xfc, 0x1c, 0xff, 0xfc, 0x1c, 0xff, 0xfc, 0x1c, 0xff, 0xfc, 0x1c, 0xff, 
  0xfc, 0x1c, 0xff, 0xfc, 0x1c, 0xf7, 0xfc, 0x1c, 0xe8, 0xfc, 0x1c, 0xdb, 
  0xdc, 0x1c, 0xce, 0x9b, 0x14, 0xcd, 0x3b, 0x0c, 0xe7, 0xfa, 0x03, 0xec, 
  0xda, 0x03, 0xef, 0xba, 0x03, 0xfd, 0xda, 0x03, 0xff, 0xba, 0x03, 0xfb, 
  0xba, 0x03, 0xfa, 0xfc, 0x03, 0xff, 0xba, 0x03, 0xd9, 0xb9, 0x03, 0x4e, 
  0x00, 0x00, 0x00, 0x00, 0x00, 0x00, 0xff, 0x03, 0x02, 0x00, 0x00, 0x00, 
  0x00, 0x00, 0x00, 0x00, 0x00, 0x00, 0x00, 0x00, 0x00, 0x00, 0x00, 0x00, 
  0x00, 0x00, 0x00, 0x00, 0x00, 0x00, 0x00, 0x00, 0x00, 0x00, 0x00, 0x00, 
  0x00, 0x00, 0x00, 0x00, 0x00, 0x00, 0x00, 0x00, 0x00, 0x00, 0x00, 0x00, 
  0x00, 0x00, 0x00, 0x00, 0x00, 0x00, 0x00, 0x00, 0x00, 0x00, 0x00, 0x00, 
  0x00, 0x00, 0x00, 0x00, 0x00, 0x00, 0x00, 0x00, 0x00, 0x00, 0x00, 0x00, 
  0x00, 0x00, 0x00, 0x00, 0x00, 0x00, 0x00, 0x00, 0x00, 0x00, 0x00, 0x00, 
  0x00, 0x00, 0x00, 0x00, 0x00, 0x00, 0x00, 0x00, 0x00, 0x00, 0x00, 0x00, 
  0x00, 0x00, 0x00, 0x00, 0x00, 0x00, 0x00, 0x00, 0x00, 0x00, 0x00, 0x00, 
  0x00, 0x00, 0x00, 0x00, 0x00, 0x00, 0x00, 0x00, 0x00, 0x00, 0x00, 0x00, 
  0x00, 0x00, 0x00, 0x00, 0x00, 0x00, 0x00, 0x00, 0x00, 0x00, 0x00, 0x00, 
  0x00, 0x00, 0x00, 0xff, 0x07, 0x01, 0xd9, 0x04, 0x05, 0x00, 0x00, 0x00, 
  0x00, 0x00, 0x00, 0x00, 0x00, 0x00, 0xbb, 0x14, 0x20, 0xdb, 0x1c, 0x49, 
  0xdc, 0x1c, 0x5f, 0xdc, 0x14, 0x6c, 0xdc, 0x1c, 0x79, 0xdc, 0x1c, 0x80, 
  0xdc, 0x1c, 0x80, 0xdc, 0x1c, 0x80, 0xdc, 0x1c, 0x80, 0xdc, 0x1c, 0x80, 
  0xdc, 0x1c, 0x80, 0xdc, 0x1c, 0x80, 0xdc, 0x1c, 0x80, 0xdc, 0x1c, 0x80, 
  0xdc, 0x1c, 0x80, 0xdc, 0x1c, 0x80, 0xdc, 0x1c, 0x80, 0xdc, 0x1c, 0x80, 
  0xdc, 0x1c, 0x80, 0xdb, 0x1c, 0x80, 0x9a, 0x1c, 0x82, 0x9b, 0x0c, 0x80, 
  0xee, 0x32, 0xc0, 0x48, 0x4a, 0xff, 0x49, 0x42, 0xfd, 0x49, 0x42, 0xff, 
  0x49, 0x42, 0xff, 0x49, 0x42, 0xff, 0x49, 0x42, 0xff, 0x49, 0x42, 0xff, 
  0x49, 0x42, 0xff, 0x49, 0x42, 0xff, 0x49, 0x42, 0xff, 0x49, 0x42, 0xff, 
  0x49, 0x42, 0xff, 0x49, 0x42, 0xff, 0x07, 0x4a, 0xff, 0x31, 0x2b, 0xff, 
  0x5b, 0x0c, 0xff, 0x3a, 0x0c, 0xff, 0x5b, 0x0c, 0xff, 0x5b, 0x0c, 0xff, 
  0x5b, 0x0c, 0xff, 0x5b, 0x0c, 0xff, 0x5b, 0x0c, 0xff, 0x5b, 0x0c, 0xff, 
  0x5b, 0x0c, 0xff, 0x5b, 0x0c, 0xff, 0x5b, 0x0c, 0xff, 0x5b, 0x0c, 0xff, 
  0x5b, 0x0c, 0xff, 0x5b, 0x0c, 0xff, 0x5b, 0x0c, 0xff, 0x5b, 0x0c, 0xff, 
  0x5b, 0x0c, 0xff, 0x5b, 0x0c, 0xf9, 0x3b, 0x0c, 0xee, 0x3b, 0x0c, 0xe5, 
  0x1a, 0x0c, 0xdc, 0xda, 0x03, 0xdb, 0xba, 0x03, 0xee, 0xba, 0x03, 0xff, 
  0xdb, 0x03, 0xff, 0xba, 0x03, 0xfb, 0xda, 0x03, 0xfa, 0xdb, 0x03, 0xff, 
  0xdb, 0x03, 0xff, 0xda, 0x03, 0xbf, 0xb9, 0x03, 0x4f, 0x00, 0x00, 0x00, 
  0x00, 0x00, 0x00, 0xff, 0x07, 0x01, 0x00, 0x00, 0x00, 0x00, 0x00, 0x00, 
  0x00, 0x00, 0x00, 0x00, 0x00, 0x00, 0x00, 0x00, 0x00, 0x00, 0x00, 0x00, 
  0x00, 0x00, 0x00, 0x00, 0x00, 0x00, 0x00, 0x00, 0x00, 0x00, 0x00, 0x00, 
  0x00, 0x00, 0x00, 0x00, 0x00, 0x00, 0x00, 0x00, 0x00, 0x00, 0x00, 0x00, 
  0x00, 0x00, 0x00, 0x00, 0x00, 0x00, 0x00, 0x00, 0x00, 0x00, 0x00, 0x00, 
  0x00, 0x00, 0x00, 0x00, 0x00, 0x00, 0x00, 0x00, 0x00, 0x00, 0x00, 0x00, 
  0x00, 0x00, 0x00, 0x00, 0x00, 0x00, 0x00, 0x00, 0x00, 0x00, 0x00, 0x00, 
  0x00, 0x00, 0x00, 0x00, 0x00, 0x00, 0x00, 0x00, 0x00, 0x00, 0x00, 0x00, 
  0x00, 0x00, 0x00, 0x00, 0x00, 0x00, 0x00, 0x00, 0x00, 0x00, 0x00, 0x00, 
  0x00, 0x00, 0x00, 0x00, 0x00, 0x00, 0x00, 0x00, 0x00, 0x00, 0x00, 0x00, 
  0x00, 0x00, 0x00, 0x00, 0x00, 0x00, 0x00, 0x00, 0x00, 0x00, 0x00, 0x00, 
  0x00, 0x00, 0x00, 0x00, 0x00, 0x00, 0x00, 0x00, 0x00, 0xff, 0x03, 0x02, 
  0xfa, 0x2b, 0x06, 0x5f, 0x05, 0x03, 0x00, 0x00, 0x00, 0x00, 0x00, 0x00, 
  0x00, 0x00, 0x00, 0x00, 0x00, 0x00, 0x00, 0x00, 0x00, 0x00, 0x00, 0x00, 
  0x00, 0x00, 0x00, 0x00, 0x00, 0x00, 0x00, 0x00, 0x00, 0x00, 0x00, 0x00, 
  0x00, 0x00, 0x00, 0x00, 0x00, 0x00, 0x00, 0x00, 0x00, 0x00, 0x00, 0x00, 
  0x00, 0x00, 0x00, 0x00, 0x00, 0x00, 0x00, 0x00, 0x00, 0x00, 0x00, 0x00, 
  0x00, 0x00, 0x00, 0x00, 0x00, 0x00, 0x00, 0x00, 0x00, 0x00, 0x00, 0x00, 
  0xe6, 0x49, 0x72, 0x6a, 0x4a, 0xff, 0x28, 0x42, 0xfb, 0x28, 0x42, 0xff, 
  0x28, 0x42, 0xff, 0x28, 0x42, 0xff, 0x28, 0x42, 0xff, 0x28, 0x42, 0xff, 
  0x28, 0x42, 0xff, 0x28, 0x42, 0xff, 0x28, 0x42, 0xff, 0x28, 0x42, 0xff, 
  0x28, 0x42, 0xff, 0x28, 0x42, 0xff, 0x06, 0x4a, 0xff, 0xf1, 0x22, 0xff, 
  0xdc, 0x03, 0xff, 0x99, 0x03, 0xff, 0x9a, 0x03, 0xff, 0x9a, 0x03, 0xff, 
  0x9a, 0x03, 0xff, 0x9a, 0x03, 0xff, 0x9a, 0x03, 0xff, 0x9a, 0x03, 0xff, 
  0x9a, 0x03, 0xff, 0x9a, 0x03, 0xff, 0x9a, 0x03, 0xff, 0x9a, 0x03, 0xff, 
  0x9a, 0x03, 0xff, 0x9a, 0x03, 0xff, 0x9a, 0x03, 0xff, 0x9a, 0x03, 0xff, 
  0x9a, 0x03, 0xff, 0xba, 0x03, 0xff, 0xba, 0x03, 0xff, 0xba, 0x03, 0xff, 
  0xda, 0x03, 0xff, 0xdb, 0x03, 0xff, 0xda, 0x03, 0xff, 0xda, 0x03, 0xfc, 
  0xba, 0x03, 0xfe, 0xfb, 0x03, 0xff, 0xfb, 0x03, 0xff, 0xba, 0x03, 0xee, 
  0xba, 0x03, 0xb1, 0x9a, 0x03, 0x3c, 0x00, 0x00, 0x00, 0xf7, 0x03, 0x04, 
  0xff, 0x07, 0x01, 0x00, 0x00, 0x00, 0x00, 0x00, 0x00, 0x00, 0x00, 0x00, 
  0x00, 0x00, 0x00, 0x00, 0x00, 0x00, 0x00, 0x00, 0x00, 0x00, 0x00, 0x00, 
  0x00, 0x00, 0x00, 0x00, 0x00, 0x00, 0x00, 0x00, 0x00, 0x00, 0x00, 0x00, 
  0x00, 0x00, 0x00, 0x00, 0x00, 0x00, 0x00, 0x00, 0x00, 0x00, 0x00, 0x00, 
  0x00, 0x00, 0x00, 0x00, 0x00, 0x00, 0x00, 0x00, 0x00, 0x00, 0x00, 0x00, 
  0x00, 0x00, 0x00, 0x00, 0x00, 0x00, 0x00, 0x00, 0x00, 0x00, 0x00, 0x00, 
  0x00, 0x00, 0x00, 0x00, 0x00, 0x00, 0x00, 0x00, 0x00, 0x00, 0x00, 0x00, 
  0x00, 0x00, 0x00, 0x00, 0x00, 0x00, 0x00, 0x00, 0x00, 0x00, 0x00, 0x00, 
  0x00, 0x00, 0x00, 0x00, 0x00, 0x00, 0x00, 0x00, 0x00, 0x00, 0x00, 0x00, 
  0x00, 0x00, 0x00, 0x00, 0x00, 0x00, 0x00, 0x00, 0x00, 0x00, 0x00, 0x00, 
  0x00, 0x00, 0x00, 0x00, 0x00, 0x00, 0x00, 0x00, 0x00, 0x00, 0x00, 0x00, 
  0x00, 0x00, 0x00, 0x00, 0x00, 0x00, 0x00, 0x00, 0x00, 0x00, 0x00, 0x00, 
  0x00, 0x00, 0x00, 0x1f, 0x00, 0x01, 0xff, 0x03, 0x02, 0x5f, 0x05, 0x03, 
  0x5f, 0x05, 0x03, 0xf7, 0x03, 0x04, 0xff, 0x05, 0x04, 0xff, 0x05, 0x04, 
  0xff, 0x05, 0x04, 0xff, 0x05, 0x04, 0xff, 0x05, 0x04, 0xff, 0x05, 0x04, 
  0xff, 0x05, 0x04, 0xff, 0x05, 0x04, 0xff, 0x05, 0x04, 0xff, 0x05, 0x04, 
  0xff, 0x05, 0x04, 0xff, 0x05, 0x04, 0xff, 0x05, 0x04, 0xff, 0x05, 0x04, 
  0xff, 0x05, 0x04, 0xff, 0x05, 0x04, 0xf3, 0x1b, 0x08, 0xff, 0x05, 0x04, 
  0x28, 0x42, 0x82, 0x49, 0x4a, 0xff, 0x08, 0x42, 0xfb, 0x08, 0x42, 0xff, 
  0x08, 0x42, 0xff, 0x08, 0x42, 0xff, 0x08, 0x42, 0xff, 0x08, 0x42, 0xff, 
  0x08, 0x42, 0xff, 0x08, 0x42, 0xff, 0x08, 0x42, 0xff, 0x08, 0x42, 0xff, 
  0x08, 0x42, 0xff, 0x28, 0x42, 0xff, 0xe6, 0x49, 0xff, 0xf1, 0x22, 0xff, 
  0xfc, 0x03, 0xff, 0xba, 0x03, 0xff, 0xba, 0x03, 0xff, 0xba, 0x03, 0xff, 
  0xba, 0x03, 0xff, 0xba, 0x03, 0xff, 0xba, 0x03, 0xff, 0xba, 0x03, 0xff, 
  0xba, 0x03, 0xff, 0xba, 0x03, 0xff, 0xba, 0x03, 0xff, 0xba, 0x03, 0xff, 
  0xba, 0x03, 0xff, 0xba, 0x03, 0xff, 0xba, 0x03, 0xff, 0xba, 0x03, 0xff, 
  0xba, 0x03, 0xff, 0xba, 0x03, 0xff, 0xba, 0x03, 0xff, 0xba, 0x03, 0xff, 
  0xda, 0x03, 0xff, 0xda, 0x03, 0xff, 0xda, 0x03, 0xff, 0xda, 0x03, 0xff, 
  0xba, 0x03, 0xfe, 0xda, 0x03, 0xf8, 0xba, 0x03, 0xe3, 0xba, 0x03, 0x84, 
  0x99, 0x03, 0x14, 0x00, 0x00, 0x00, 0xfa, 0x03, 0x06, 0x00, 0x00, 0x00, 
  0x00, 0x00, 0x00, 0x00, 0x00, 0x00, 0x00, 0x00, 0x00, 0x00, 0x00, 0x00, 
  0x00, 0x00, 0x00, 0x00, 0x00, 0x00, 0x00, 0x00, 0x00, 0x00, 0x00, 0x00, 
  0x00, 0x00, 0x00, 0x00, 0x00, 0x00, 0x00, 0x00, 0x00, 0x00, 0x00, 0x00, 
  0x00, 0x00, 0x00, 0x00, 0x00, 0x00, 0x00, 0x00, 0x00, 0x00, 0x00, 0x00, 
  0x00, 0x00, 0x00, 0x00, 0x00, 0x00, 0x00, 0x00, 0x00, 0x00, 0x00, 0x00, 
  0x00, 0x00, 0x00, 0x00, 0x00, 0x00, 0x00, 0x00, 0x00, 0x00, 0x00, 0x00, 
  0x00, 0x00, 0x00, 0x00, 0x00, 0x00, 0x00, 0x00, 0x00, 0x00, 0x00, 0x00, 
  0x00, 0x00, 0x00, 0x00, 0x00, 0x00, 0x00, 0x00, 0x00, 0x00, 0x00, 0x00, 
  0x00, 0x00, 0x00, 0x00, 0x00, 0x00, 0x00, 0x00, 0x00, 0x00, 0x00, 0x00, 
  0x00, 0x00, 0x00, 0x00, 0x00, 0x00, 0x00, 0x00, 0x00, 0x00, 0x00, 0x00, 
  0x00, 0x00, 0x00, 0x00, 0x00, 0x00, 0x00, 0x00, 0x00, 0x00, 0x00, 0x00, 
  0x00, 0x00, 0x00, 0x00, 0x00, 0x00, 0x00, 0x00, 0x00, 0x00, 0x00, 0x00, 
  0x00, 0x00, 0x00, 0x00, 0x00, 0x00, 0x00, 0x00, 0x00, 0x00, 0x00, 0x00, 
  0x00, 0x00, 0x00, 0x00, 0x00, 0x00, 0x00, 0x00, 0x00, 0x00, 0x00, 0x00, 
  0x00, 0x00, 0x00, 0x00, 0x00, 0x00, 0x00, 0x00, 0x00, 0x00, 0x00, 0x00, 
  0x00, 0x00, 0x00, 0x00, 0x00, 0x00, 0x00, 0x00, 0x00, 0x00, 0x00, 0x00, 
  0x00, 0x00, 0x00, 0x00, 0x00, 0x00, 0x00, 0x00, 0x00, 0x00, 0x00, 0x00, 
  0x00, 0x00, 0x00, 0x00, 0x00, 0x00, 0xe7, 0x39, 0x04, 0x00, 0x00, 0x00, 
  0xe7, 0x39, 0x80, 0x28, 0x42, 0xff, 0x08, 0x42, 0xfb, 0x08, 0x42, 0xff, 
  0x08, 0x42, 0xff, 0x08, 0x42, 0xff, 0x08, 0x42, 0xff, 0x08, 0x42, 0xff, 
  0x08, 0x42, 0xff, 0x08, 0x42, 0xff, 0x08, 0x42, 0xff, 0x08, 0x42, 0xff, 
  0x08, 0x42, 0xff, 0x08, 0x3a, 0xff, 0xc6, 0x41, 0xff, 0xf1, 0x22, 0xfc, 
  0xfc, 0x03, 0xfb, 0xb9, 0x03, 0xfb, 0xba, 0x03, 0xfb, 0xba, 0x03, 0xfb, 
  0xba, 0x03, 0xfb, 0xba, 0x03, 0xfb, 0xba, 0x03, 0xfb, 0xba, 0x03, 0xfb, 
  0xba, 0x03, 0xfb, 0xba, 0x03, 0xfb, 0xba, 0x03, 0xfb, 0xba, 0x03, 0xfb, 
  0xba, 0x03, 0xfb, 0xba, 0x03, 0xfb, 0xba, 0x03, 0xfb, 0xba, 0x03, 0xfb, 
  0xba, 0x03, 0xfb, 0xba, 0x03, 0xfb, 0xba, 0x03, 0xfc, 0xba, 0x03, 0xfd, 
  0xba, 0x03, 0xff, 0xda, 0x03, 0xff, 0xda, 0x03, 0xff, 0xdb, 0x03, 0xff, 
  0xba, 0x03, 0xdf, 0xba, 0x03, 0x82, 0xb9, 0x03, 0x2b, 0xfb, 0x03, 0x08, 
  0x00, 0x00, 0x00, 0x00, 0x00, 0x00, 0x00, 0x00, 0x00, 0x00, 0x00, 0x00, 
  0x00, 0x00, 0x00, 0x00, 0x00, 0x00, 0x00, 0x00, 0x00, 0x00, 0x00, 0x00, 
  0x00, 0x00, 0x00, 0x00, 0x00, 0x00, 0x00, 0x00, 0x00, 0x00, 0x00, 0x00, 
  0x00, 0x00, 0x00, 0x00, 0x00, 0x00, 0x00, 0x00, 0x00, 0x00, 0x00, 0x00, 
  0x00, 0x00, 0x00, 0x00, 0x00, 0x00, 0x00, 0x00, 0x00, 0x00, 0x00, 0x00, 
  0x00, 0x00, 0x00, 0x00, 0x00, 0x00, 0x00, 0x00, 0x00, 0x00, 0x00, 0x00, 
  0x00, 0x00, 0x00, 0x00, 0x00, 0x00, 0x00, 0x00, 0x00, 0x00, 0x00, 0x00, 
  0x00, 0x00, 0x00, 0x00, 0x00, 0x00, 0x00, 0x00, 0x00, 0x00, 0x00, 0x00, 
  0x00, 0x00, 0x00, 0x00, 0x00, 0x00, 0x00, 0x00, 0x00, 0x00, 0x00, 0x00, 
  0x00, 0x00, 0x00, 0x00, 0x00, 0x00, 0x00, 0x00, 0x00, 0x00, 0x00, 0x00, 
  0x00, 0x00, 0x00, 0x00, 0x00, 0x00, 0x00, 0x00, 0x00, 0x00, 0x00, 0x00, 
  0x00, 0x00, 0x00, 0x00, 0x00, 0x00, 0x00, 0x00, 0x00, 0x00, 0x00, 0x00, 
  0x00, 0x00, 0x00, 0x00, 0x00, 0x00, 0x00, 0x00, 0x00, 0x00, 0x00, 0x00, 
  0x00, 0x00, 0x00, 0x00, 0x00, 0x00, 0x00, 0x00, 0x00, 0x00, 0x00, 0x00, 
  0x00, 0x00, 0x00, 0x00, 0x00, 0x00, 0x00, 0x00, 0x00, 0x00, 0x00, 0x00, 
  0x00, 0x00, 0x00, 0x00, 0x00, 0x00, 0x00, 0x00, 0x00, 0x00, 0x00, 0x00, 
  0x00, 0x00, 0x00, 0x00, 0x00, 0x00, 0x00, 0x00, 0x00, 0x00, 0x00, 0x00, 
  0x00, 0x00, 0x00, 0x00, 0x00, 0x00, 0x00, 0x00, 0x00, 0x00, 0x00, 0x00, 
  0x00, 0x00, 0x00, 0x00, 0x00, 0x00, 0xe7, 0x39, 0x04, 0x00, 0x00, 0x00, 
  0xe7, 0x39, 0x7f, 0x28, 0x42, 0xfb, 0xe7, 0x39, 0xfa, 0xe7, 0x39, 0xff, 
  0xe7, 0x39, 0xff, 0xe7, 0x39, 0xff, 0xe7, 0x39, 0xff, 0xe7, 0x39, 0xff, 
  0xe7, 0x39, 0xff, 0xe7, 0x39, 0xff, 0xe7, 0x39, 0xff, 0xe7, 0x39, 0xff, 
  0xe7, 0x39, 0xff, 0xe8, 0x39, 0xff, 0xa5, 0x41, 0xfb, 0x12, 0x1b, 0xff, 
  0x5f, 0x04, 0xff, 0x1c, 0x04, 0xff, 0x3d, 0x04, 0xff, 0x3d, 0x04, 0xff, 
  0x3d, 0x04, 0xff, 0x3d, 0x04, 0xff, 0x3d, 0x04, 0xff, 0x3d, 0x04, 0xff, 
  0x3d, 0x04, 0xff, 0x3d, 0x04, 0xff, 0x3d, 0x04, 0xff, 0x3d, 0x04, 0xff, 
  0x3d, 0x04, 0xff, 0x3d, 0x04, 0xff, 0x3d, 0x04, 0xff, 0x3d, 0x04, 0xff, 
  0x3d, 0x04, 0xff, 0x1c, 0x04, 0xff, 0xfb, 0x03, 0xff, 0xba, 0x03, 0xfd, 
  0xba, 0x03, 0xe3, 0xba, 0x03, 0xbf, 0xba, 0x03, 0x91, 0xda, 0x03, 0x59, 
  0xba, 0x03, 0x34, 0xd9, 0x03, 0x15, 0x00, 0x00, 0x00, 0x00, 0x00, 0x00, 
  0x00, 0x00, 0x00, 0xff, 0x07, 0x01, 0x00, 0x00, 0x00, 0x00, 0x00, 0x00, 
  0x00, 0x00, 0x00, 0x00, 0x00, 0x00, 0x00, 0x00, 0x00, 0x00, 0x00, 0x00, 
  0x00, 0x00, 0x00, 0x00, 0x00, 0x00, 0x00, 0x00, 0x00, 0x00, 0x00, 0x00, 
  0x00, 0x00, 0x00, 0x00, 0x00, 0x00, 0x00, 0x00, 0x00, 0x00, 0x00, 0x00, 
  0x00, 0x00, 0x00, 0x00, 0x00, 0x00, 0x00, 0x00, 0x00, 0x00, 0x00, 0x00, 
  0x00, 0x00, 0x00, 0x00, 0x00, 0x00, 0x00, 0x00, 0x00, 0x00, 0x00, 0x00, 
  0x00, 0x00, 0x00, 0x00, 0x00, 0x00, 0x00, 0x00, 0x00, 0x00, 0x00, 0x00, 
  0x00, 0x00, 0x00, 0x00, 0x00, 0x00, 0x00, 0x00, 0x00, 0x00, 0x00, 0x00, 
  0x00, 0x00, 0x00, 0x00, 0x00, 0x00, 0x00, 0x00, 0x00, 0x00, 0x00, 0x00, 
  0x00, 0x00, 0x00, 0x00, 0x00, 0x00, 0x00, 0x00, 0x00, 0x00, 0x00, 0x00, 
  0x00, 0x00, 0x00, 0x00, 0x00, 0x00, 0x00, 0x00, 0x00, 0x00, 0x00, 0x00, 
  0x00, 0x00, 0x00, 0x00, 0x00, 0x00, 0x00, 0x00, 0x00, 0x00, 0x00, 0x00, 
  0x00, 0x00, 0x00, 0x00, 0x00, 0x00, 0x00, 0x00, 0x00, 0x00, 0x00, 0x00, 
  0x00, 0x00, 0x00, 0x00, 0x00, 0x00, 0x00, 0x00, 0x00, 0x00, 0x00, 0x00, 
  0x00, 0x00, 0x00, 0x00, 0x00, 0x00, 0x00, 0x00, 0x00, 0x00, 0x00, 0x00, 
  0x00, 0x00, 0x00, 0x00, 0x00, 0x00, 0x00, 0x00, 0x00, 0x00, 0x00, 0x00, 
  0x00, 0x00, 0x00, 0x00, 0x00, 0x00, 0x00, 0x00, 0x00, 0x00, 0x00, 0x00, 
  0x00, 0x00, 0x00, 0x00, 0x00, 0x00, 0x00, 0x00, 0x00, 0x00, 0x00, 0x00, 
  0x00, 0x00, 0x00, 0x00, 0x00, 0x00, 0xe7, 0x39, 0x04, 0x00, 0x00, 0x00, 
  0xe7, 0x39, 0x81, 0x28, 0x42, 0xff, 0xc7, 0x39, 0xf8, 0xe7, 0x39, 0xf9, 
  0xe7, 0x39, 0xf9, 0xe7, 0x39, 0xf9, 0xe7, 0x39, 0xf9, 0xe7, 0x39, 0xf9, 
  0xe7, 0x39, 0xf9, 0xe7, 0x39, 0xf9, 0xe7, 0x39, 0xf9, 0xe7, 0x39, 0xf9, 
  0xe7, 0x39, 0xf9, 0xe7, 0x39, 0xfa, 0xe6, 0x41, 0xff, 0x6d, 0x22, 0xc0, 
  0xfc, 0x03, 0x80, 0xb9, 0x03, 0x82, 0xba, 0x03, 0x80, 0xba, 0x03, 0x80, 
  0xba, 0x03, 0x80, 0xba, 0x03, 0x80, 0xba, 0x03, 0x80, 0xba, 0x03, 0x80, 
  0xba, 0x03, 0x80, 0xba, 0x03, 0x80, 0xba, 0x03, 0x80, 0xba, 0x03, 0x80, 
  0xba, 0x03, 0x80, 0xba, 0x03, 0x80, 0xba, 0x03, 0x80, 0xba, 0x03, 0x80, 
  0xba, 0x03, 0x80, 0xba, 0x03, 0x7c, 0xb9, 0x03, 0x76, 0xba, 0x03, 0x69, 
  0xba, 0x03, 0x57, 0xba, 0x03, 0x3d, 0xba, 0x03, 0x1c, 0x00, 0x00, 0x00, 
  0x00, 0x00, 0x00, 0x00, 0x00, 0x00, 0xff, 0x03, 0x02, 0xf7, 0x03, 0x04, 
  0x1f, 0x00, 0x01, 0x00, 0x00, 0x00, 0x00, 0x00, 0x00, 0x00, 0x00, 0x00, 
  0x00, 0x00, 0x00, 0x00, 0x00, 0x00, 0x00, 0x00, 0x00, 0x00, 0x00, 0x00, 
  0x00, 0x00, 0x00, 0x00, 0x00, 0x00, 0x00, 0x00, 0x00, 0x00, 0x00, 0x00, 
  0x00, 0x00, 0x00, 0x00, 0x00, 0x00, 0x00, 0x00, 0x00, 0x00, 0x00, 0x00, 
  0x00, 0x00, 0x00, 0x00, 0x00, 0x00, 0x00, 0x00, 0x00, 0x00, 0x00, 0x00, 
  0x00, 0x00, 0x00, 0x00, 0x00, 0x00, 0x00, 0x00, 0x00, 0x00, 0x00, 0x00, 
  0x00, 0x00, 0x00, 0x00, 0x00, 0x00, 0x00, 0x00, 0x00, 0x00, 0x00, 0x00, 
  0x00, 0x00, 0x00, 0x00, 0x00, 0x00, 0x00, 0x00, 0x00, 0x00, 0x00, 0x00, 
  0x00, 0x00, 0x00, 0x00, 0x00, 0x00, 0x00, 0x00, 0x00, 0x00, 0x00, 0x00, 
  0x00, 0x00, 0x00, 0x00, 0x00, 0x00, 0x00, 0x00, 0x00, 0x00, 0x00, 0x00, 
  0x00, 0x00, 0x00, 0x00, 0x00, 0x00, 0x00, 0x00, 0x00, 0x00, 0x00, 0x00, 
  0x00, 0x00, 0x00, 0x00, 0x00, 0x00, 0x00, 0x00, 0x00, 0x00, 0x00, 0x00, 
  0x00, 0x00, 0x00, 0x00, 0x00, 0x00, 0x00, 0x00, 0x00, 0x00, 0x00, 0x00, 
  0x00, 0x00, 0x00, 0x00, 0x00, 0x00, 0x00, 0x00, 0x00, 0x00, 0x00, 0x00, 
  0x00, 0x00, 0x00, 0x00, 0x00, 0x00, 0x00, 0x00, 0x00, 0x00, 0x00, 0x00, 
  0x00, 0x00, 0x00, 0x00, 0x00, 0x00, 0x00, 0x00, 0x00, 0x00, 0x00, 0x00, 
  0x00, 0x00, 0x00, 0x00, 0x00, 0x00, 0x00, 0x00, 0x00, 0x00, 0x00, 0x00, 
  0x00, 0x00, 0x00, 0x00, 0x00, 0x00, 0x00, 0x00, 0x00, 0x00, 0x00, 0x00, 
  0x00, 0x00, 0x00, 0x00, 0x00, 0x00, 0xaa, 0x52, 0x03, 0x00, 0x00, 0x00, 
  0xc7, 0x39, 0x56, 0xc7, 0x39, 0xe4, 0xe7, 0x39, 0xff, 0xe7, 0x39, 0xff, 
  0xe7, 0x39, 0xff, 0xe7, 0x39, 0xff, 0xe7, 0x39, 0xff, 0xe7, 0x39, 0xff, 
  0xe7, 0x39, 0xff, 0xe7, 0x39, 0xff, 0xe7, 0x39, 0xff, 0xe7, 0x39, 0xff, 
  0xe7, 0x39, 0xff, 0xe7, 0x39, 0xff, 0xc7, 0x39, 0xe4, 0x63, 0x41, 0x48, 
  0x00, 0x00, 0x00, 0x00, 0x00, 0x00, 0x00, 0x00, 0x00, 0x00, 0x00, 0x00, 
  0x00, 0x00, 0x00, 0x00, 0x00, 0x00, 0x00, 0x00, 0x00, 0x00, 0x00, 0x00, 
  0x00, 0x00, 0x00, 0x00, 0x00, 0x00, 0x00, 0x00, 0x00, 0x00, 0x00, 0x00, 
  0x00, 0x00, 0x00, 0x00, 0x00, 0x00, 0x00, 0x00, 0x00, 0x00, 0x00, 0x00, 
  0x00, 0x00, 0x00, 0x00, 0x00, 0x00, 0x00, 0x00, 0x00, 0x00, 0x00, 0x00, 
  0x00, 0x00, 0x00, 0x00, 0x00, 0x00, 0x00, 0x00, 0x00, 0xf7, 0x03, 0x04, 
  0x76, 0x03, 0x07, 0x5f, 0x05, 0x03, 0x1f, 0x00, 0x01, 0x00, 0x00, 0x00, 
  0x00, 0x00, 0x00, 0x00, 0x00, 0x00, 0x00, 0x00, 0x00, 0x00, 0x00, 0x00, 
  0x00, 0x00, 0x00, 0x00, 0x00, 0x00, 0x00, 0x00, 0x00, 0x00, 0x00, 0x00, 
  0x00, 0x00, 0x00, 0x00, 0x00, 0x00, 0x00, 0x00, 0x00, 0x00, 0x00, 0x00, 
  0x00, 0x00, 0x00, 0x00, 0x00, 0x00, 0x00, 0x00, 0x00, 0x00, 0x00, 0x00, 
  0x00, 0x00, 0x00, 0x00, 0x00, 0x00, 0x00, 0x00, 0x00, 0x00, 0x00, 0x00, 
  0x00, 0x00, 0x00, 0x00, 0x00, 0x00, 0x00, 0x00, 0x00, 0x00, 0x00, 0x00, 
  0x00, 0x00, 0x00, 0x00, 0x00, 0x00, 0x00, 0x00, 0x00, 0x00, 0x00, 0x00, 
  0x00, 0x00, 0x00, 0x00, 0x00, 0x00, 0x00, 0x00, 0x00, 0x00, 0x00, 0x00, 
  0x00, 0x00, 0x00, 0x00, 0x00, 0x00, 0x00, 0x00, 0x00, 0x00, 0x00, 0x00, 
  0x00, 0x00, 0x00, 0x00, 0x00, 0x00, 0x00, 0x00, 0x00, 0x00, 0x00, 0x00, 
  0x00, 0x00, 0x00, 0x00, 0x00, 0x00, 0x00, 0x00, 0x00, 0x00, 0x00, 0x00, 
  0x00, 0x00, 0x00, 0x00, 0x00, 0x00, 0x00, 0x00, 0x00, 0x00, 0x00, 0x00, 
  0x00, 0x00, 0x00, 0x00, 0x00, 0x00, 0x00, 0x00, 0x00, 0x00, 0x00, 0x00, 
  0x00, 0x00, 0x00, 0x00, 0x00, 0x00, 0x00, 0x00, 0x00, 0x00, 0x00, 0x00, 
  0x00, 0x00, 0x00, 0x00, 0x00, 0x00, 0x00, 0x00, 0x00, 0x00, 0x00, 0x00, 
  0x00, 0x00, 0x00, 0x00, 0x00, 0x00, 0x00, 0x00, 0x00, 0x00, 0x00, 0x00, 
  0x00, 0x00, 0x00, 0x00, 0x00, 0x00, 0x00, 0x00, 0x00, 0x00, 0x00, 0x00, 
  0x00, 0x00, 0x00, 0x00, 0x00, 0x00, 0x00, 0x00, 0x00, 0x00, 0x00, 0x00, 
  0x00, 0x00, 0x00, 0x00, 0x00, 0x00, 0x00, 0x00, 0x01, 0x00, 0x00, 0x00, 
  0xa6, 0x31, 0x0e, 0xa6, 0x31, 0x68, 0xc7, 0x39, 0xda, 0xa6, 0x31, 0xed, 
  0xa6, 0x31, 0xed, 0xc7, 0x39, 0xec, 0xa6, 0x31, 0xed, 0xa6, 0x31, 0xed, 
  0xa6, 0x31, 0xed, 0xa6, 0x31, 0xed, 0xc7, 0x39, 0xec, 0xa6, 0x31, 0xed, 
  0xa6, 0x31, 0xed, 0xc7, 0x39, 0xd9, 0xa6, 0x39, 0x67, 0xe9, 0x29, 0x10, 
  0xff, 0x03, 0x04, 0x33, 0x03, 0x05, 0xff, 0x03, 0x04, 0xff, 0x03, 0x04, 
  0xff, 0x03, 0x04, 0xff, 0x03, 0x04, 0xff, 0x03, 0x04, 0xff, 0x03, 0x04, 
  0xff, 0x03, 0x04, 0xff, 0x03, 0x04, 0xff, 0x03, 0x04, 0xff, 0x03, 0x04, 
  0xff, 0x03, 0x04, 0xff, 0x03, 0x04, 0xff, 0x03, 0x04, 0xff, 0x03, 0x04, 
  0xff, 0x03, 0x04, 0xff, 0x03, 0x04, 0xf7, 0x03, 0x04, 0xf7, 0x03, 0x04, 
  0x5f, 0x05, 0x03, 0xb5, 0x02, 0x03, 0xef, 0x03, 0x02, 0x00, 0x00, 0x00, 
  0x00, 0x00, 0x00, 0x00, 0x00, 0x00, 0x00, 0x00, 0x00, 0x00, 0x00, 0x00, 
  0x00, 0x00, 0x00, 0x00, 0x00, 0x00, 0x00, 0x00, 0x00, 0x00, 0x00, 0x00, 
  0x00, 0x00, 0x00, 0x00, 0x00, 0x00, 0x00, 0x00, 0x00, 0x00, 0x00, 0x00, 
  0x00, 0x00, 0x00, 0x00, 0x00, 0x00, 0x00, 0x00, 0x00, 0x00, 0x00, 0x00, 
  0x00, 0x00, 0x00, 0x00, 0x00, 0x00, 0x00, 0x00, 0x00, 0x00, 0x00, 0x00, 
  0x00, 0x00, 0x00, 0x00, 0x00, 0x00, 0x00, 0x00, 0x00, 0x00, 0x00, 0x00, 
  0x00, 0x00, 0x00, 0x00, 0x00, 0x00, 0x00, 0x00, 0x00, 0x00, 0x00, 0x00, 
  0x00, 0x00, 0x00, 0x00, 0x00, 0x00, 0x00, 0x00, 0x00, 0x00, 0x00, 0x00, 
  0x00, 0x00, 0x00, 0x00, 0x00, 0x00, 0x00, 0x00, 0x00, 0x00, 0x00, 0x00, 
  0x00, 0x00, 0x00, 0x00, 0x00, 0x00, 0x00, 0x00, 0x00, 0x00, 0x00, 0x00, 
  0x00, 0x00, 0x00, 0x00, 0x00, 0x00, 0x00, 0x00, 0x00, 0x00, 0x00, 0x00, 
  0x00, 0x00, 0x00, 0x00, 0x00, 0x00, 0x00, 0x00, 0x00, 0x00, 0x00, 0x00, 
  0x00, 0x00, 0x00, 0x00, 0x00, 0x00, 0x00, 0x00, 0x00, 0x00, 0x00, 0x00, 
  0x00, 0x00, 0x00, 0x00, 0x00, 0x00, 0x00, 0x00, 0x00, 0x00, 0x00, 0x00, 
  0x00, 0x00, 0x00, 0x00, 0x00, 0x00, 0x00, 0x00, 0x00, 0x00, 0x00, 0x00, 
  0x00, 0x00, 0x00, 0x00, 0x00, 0x00, 0x00, 0x00, 0x00, 0x00, 0x00, 0x00, 
  0x00, 0x00, 0x00, 0x00, 0x00, 0x00, 0x00, 0x00, 0x00, 0x00, 0x00, 0x00, 
  0x00, 0x00, 0x00, 0x00, 0x00, 0x00, 0x00, 0x00, 0x00, 0x00, 0x00, 0x00, 
  0x00, 0x00, 0x00, 0x00, 0x00, 0x00, 0x00, 0x00, 0x00, 0x00, 0x00, 0x00, 
  0x00, 0x00, 0x00, 0x00, 0x00, 0x00, 0x00, 0x00, 0x00, 0x00, 0x00, 0x00, 
  0x00, 0x00, 0x00, 0x86, 0x31, 0x05, 0xe7, 0x39, 0x10, 0xc7, 0x39, 0x12, 
  0xc7, 0x39, 0x12, 0xc7, 0x39, 0x12, 0xc7, 0x39, 0x12, 0xc7, 0x39, 0x12, 
  0xc7, 0x39, 0x12, 0xc7, 0x39, 0x12, 0xc7, 0x39, 0x12, 0xc7, 0x39, 0x12, 
  0xc7, 0x39, 0x12, 0xe7, 0x39, 0x10, 0x86, 0x31, 0x05, 0x00, 0x00, 0x00, 
  0x00, 0x00, 0x00, 0x00, 0x00, 0x00, 0x00, 0x00, 0x00, 0x00, 0x00, 0x00, 
  0x00, 0x00, 0x00, 0x00, 0x00, 0x00, 0x00, 0x00, 0x00, 0x00, 0x00, 0x00, 
  0x00, 0x00, 0x00, 0x00, 0x00, 0x00, 0x00, 0x00, 0x00, 0x00, 0x00, 0x00, 
  0x00, 0x00, 0x00, 0x00, 0x00, 0x00, 0x00, 0x00, 0x00, 0x00, 0x00, 0x00, 
  0x00, 0x00, 0x00, 0x00, 0x00, 0x00, 0x00, 0x00, 0x00, 0x00, 0x00, 0x00, 
  0x00, 0x00, 0x00, 0x00, 0x00, 0x00, 0x00, 0x00, 0x00, 0x00, 0x00, 0x00, 
  0x00, 0x00, 0x00, 0x00, 0x00, 0x00, 0x00, 0x00, 0x00, 0x00, 0x00, 0x00, 
  0x00, 0x00, 0x00, 0x00, 0x00, 0x00, 0x00, 0x00, 0x00, 0x00, 0x00, 0x00, 
  0x00, 0x00, 0x00, 0x00, 0x00, 0x00, 0x00, 0x00, 0x00, 0x00, 0x00, 0x00, 
  0x00, 0x00, 0x00, 0x00, 0x00, 0x00, 0x00, 0x00, 0x00, 0x00, 0x00, 0x00, 
  0x00, 0x00, 0x00, 0x00, 0x00, 0x00, 0x00, 0x00, 0x00, 0x00, 0x00, 0x00, 
  0x00, 0x00, 0x00, 0x00, 0x00, 0x00, 0x00, 0x00, 0x00, 0x00, 0x00, 0x00, 
  0x00, 0x00, 0x00, 0x00, 0x00, 0x00, 0x00, 0x00, 0x00, 0x00, 0x00, 0x00, 
  0x00, 0x00, 0x00, 0x00, 0x00, 0x00, 0x00, 0x00, 0x00, 0x00, 0x00, 0x00, 
  0x00, 0x00, 0x00, 0x00, 0x00, 0x00, 0x00, 0x00, 0x00, 0x00, 0x00, 0x00, 
  0x00, 0x00, 0x00, 0x00, 0x00, 0x00, 0x00, 0x00, 0x00, 0x00, 0x00, 0x00, 
  0x00, 0x00, 0x00, 0x00, 0x00, 0x00, 0x00, 0x00, 0x00, 0x00, 0x00, 0x00, 
  0x00, 0x00, 0x00, 0x00, 0x00, 0x00, 0x00, 0x00, 0x00, 0x00, 0x00, 0x00, 
  0x00, 0x00, 0x00, 0x00, 0x00, 0x00, 0x00, 0x00, 0x00, 0x00, 0x00, 0x00, 
  0x00, 0x00, 0x00, 0x00, 0x00, 0x00, 0x00, 0x00, 0x00, 0x00, 0x00, 0x00, 
  0x00, 0x00, 0x00, 0x00, 0x00, 0x00, 0x00, 0x00, 0x00, 0x00, 0x00, 0x00, 
  0x00, 0x00, 0x00, 0x00, 0x00, 0x00, 0x00, 0x00, 0x00, 0x00, 0x00, 0x00, 
  0x00, 0x00, 0x00, 0x00, 0x00, 0x00, 0x00, 0x00, 0x00, 0x00, 0x00, 0x00, 
  0x00, 0x00, 0x00, 0x00, 0x00, 0x00, 0x00, 0x00, 0x00, 0x00, 0x00, 0x00, 
  0x00, 0x00, 0x00, 0x00, 0x00, 0x00, 0x00, 0x00, 0x00, 0x00, 0x00, 0x00, 
  0x00, 0x00, 0x00, 0x00, 0x00, 0x00, 0x00, 0x00, 0x00, 0x00, 0x00, 0x00, 
  0x00, 0x00, 0x00, 0x00, 0x00, 0x00, 0x00, 0x00, 0x00, 0x00, 0x00, 0x00, 
  0x00, 0x00, 0x00, 0x00, 0x00, 0x00, 0x00, 0x00, 0x00, 0x00, 0x00, 0x00, 
  0x00, 0x00, 0x00, 0x00, 0x00, 0x00, 0x00, 0x00, 0x00, 0x00, 0x00, 0x00, 
  0x00, 0x00, 0x00, 0x00, 0x00, 0x00, 0x00, 0x00, 0x00, 0x00, 0x00, 0x00, 
  0x00, 0x00, 0x00, 0x00, 0x00, 0x00, 0x00, 0x00, 0x00, 0x00, 0x00, 0x00, 
  0x00, 0x00, 0x00, 0x00, 0x00, 0x00, 0x00, 0x00, 0x00, 0x00, 0x00, 0x00, 
  0x00, 0x00, 0x00, 0x00, 0x00, 0x00, 0x00, 0x00, 0x00, 0x00, 0x00, 0x00, 
  0x00, 0x00, 0x00, 0x00, 0x00, 0x00, 0x00, 0x00, 0x00, 0x00, 0x00, 0x00, 
  0x00, 0x00, 0x00, 0x00, 0x00, 0x00, 0x00, 0x00, 0x00, 0x00, 0x00, 0x00, 
  0x00, 0x00, 0x00, 0x00, 0x00, 0x00, 0x00, 0x00, 0x00, 0x00, 0x00, 0x00, 
  0x00, 0x00, 0x00, 0x00, 0x00, 0x00, 0x00, 0x00, 0x00, 0x00, 0x00, 0x00, 
  0x00, 0x00, 0x00, 0x00, 0x00, 0x00, 0x00, 0x00, 0x00, 0x00, 0x00, 0x00, 
  0x00, 0x00, 0x00, 0x00, 0x00, 0x00, 0x00, 0x00, 0x00, 0x00, 0x00, 0x00, 
  0x00, 0x00, 0x00, 0x00, 0x00, 0x00, 0x00, 0x00, 0x00, 0x00, 0x00, 0x00, 
  0x00, 0x00, 0x00, 0x00, 0x00, 0x00, 0x00, 0x00, 0x00, 0x00, 0x00, 0x00, 
  0x00, 0x00, 0x00, 0x00, 0x00, 0x00, 0x00, 0x00, 0x00, 0x00, 0x00, 0x00, 
  0x00, 0x00, 0x00, 0x00, 0x00, 0x00, 0x00, 0x00, 0x00, 0x00, 0x00, 0x00, 
  0x00, 0x00, 0x00, 0x00, 0x00, 0x00, 0x00, 0x00, 0x00, 0x00, 0x00, 0x00, 
  0x00, 0x00, 0x00, 0x00, 0x00, 0x00, 0x00, 0x00, 0x00, 0x00, 0x00, 0x00, 
  0x00, 0x00, 0x00, 0x00, 0x00, 0x00, 0x00, 0x00, 0x00, 0x00, 0x00, 0x00, 
  0x00, 0x00, 0x00, 0x00, 0x00, 0x00, 0x00, 0x00, 0x00, 0x00, 0x00, 0x00, 
  0x00, 0x00, 0x00, 0x00, 0x00, 0x00, 0x00, 0x00, 0x00, 0x00, 0x00, 0x00, 
  0x00, 0x00, 0x00, 0x00, 0x00, 0x00, 0x00, 0x00, 0x00, 0x00, 0x00, 0x00, 
  0x00, 0x00, 0x00, 0x00, 0x00, 0x00, 0x00, 0x00, 0x00, 0x00, 0x00, 0x00, 
  0x00, 0x00, 0x00, 0x00, 0x00, 0x00, 0x00, 0x00, 0x00, 0x00, 0x00, 0x00, 
  0x00, 0x00, 0x00, 0x00, 0x00, 0x00, 0x00, 0x00, 0x00, 0x00, 0x00, 0x00, 
  0x00, 0x00, 0x00, 0x00, 0x00, 0x00, 0x00, 0x00, 0x00, 0x00, 0x00, 0x00, 
  0x00, 0x00, 0x00, 0x00, 0x00, 0x00, 0x00, 0x00, 0x00, 0x00, 0x00, 0x00, 
  0x00, 0x00, 0x00, 0x00, 0x00, 0x00, 0x00, 0x00, 0x00, 0x00, 0x00, 0x00, 
  0x00, 0x00, 0x00, 0x00, 0x00, 0x00, 0x00, 0x00, 0x00, 0x00, 0x00, 0x00, 
  0x00, 0x00, 0x00, 0xaa, 0x52, 0x03, 0x45, 0x29, 0x06, 0x45, 0x29, 0x06, 
  0x45, 0x29, 0x06, 0x45, 0x29, 0x06, 0x45, 0x29, 0x06, 0x45, 0x29, 0x06, 
  0x45, 0x29, 0x06, 0x45, 0x29, 0x06, 0x45, 0x29, 0x06, 0x45, 0x29, 0x06, 
  0x45, 0x29, 0x06, 0x45, 0x29, 0x06, 0xaa, 0x52, 0x03, 0x00, 0x00, 0x00, 
  0x00, 0x00, 0x00, 0x00, 0x00, 0x00, 0x00, 0x00, 0x00, 0x00, 0x00, 0x00, 
  0x00, 0x00, 0x00, 0x00, 0x00, 0x00, 0x00, 0x00, 0x00, 0x00, 0x00, 0x00, 
  0x00, 0x00, 0x00, 0x00, 0x00, 0x00, 0x00, 0x00, 0x00, 0x00, 0x00, 0x00, 
  0x00, 0x00, 0x00, 0x00, 0x00, 0x00, 0x00, 0x00, 0x00, 0x00, 0x00, 0x00, 
  0x00, 0x00, 0x00, 0x00, 0x00, 0x00, 0x00, 0x00, 0x00, 0x00, 0x00, 0x00, 
  0x00, 0x00, 0x00, 0x00, 0x00, 0x00, 0x00, 0x00, 0x00, 0x00, 0x00, 0x00, 
  0x00, 0x00, 0x00, 0x00, 0x00, 0x00, 0x00, 0x00, 0x00, 0x00, 0x00, 0x00, 
  0x00, 0x00, 0x00, 0x00, 0x00, 0x00, 0x00, 0x00, 0x00, 0x00, 0x00, 0x00, 
  0x00, 0x00, 0x00, 0x00, 0x00, 0x00, 0x00, 0x00, 0x00, 0x00, 0x00, 0x00, 
  0x00, 0x00, 0x00, 0x00, 0x00, 0x00, 0x00, 0x00, 0x00, 0x00, 0x00, 0x00, 
  0x00, 0x00, 0x00, 0x00, 0x00, 0x00, 0x00, 0x00, 0x00, 0x00, 0x00, 0x00, 
  0x00, 0x00, 0x00, 0x00, 0x00, 0x00, 0x00, 0x00, 0x00, 0x00, 0x00, 0x00, 
  0x00, 0x00, 0x00, 0x00, 0x00, 0x00, 0x00, 0x00, 0x00, 0x00, 0x00, 0x00, 
  0x00, 0x00, 0x00, 0x00, 0x00, 0x00, 0x00, 0x00, 0x00, 0x00, 0x00, 0x00, 
  0x00, 0x00, 0x00, 0x00, 0x00, 0x00, 0x00, 0x00, 0x00, 0x00, 0x00, 0x00, 
  0x00, 0x00, 0x00, 0x00, 0x00, 0x00, 0x00, 0x00, 0x00, 0x00, 0x00, 0x00, 
  0x00, 0x00, 0x00, 0x00, 0x00, 0x00, 0x00, 0x00, 0x00, 0x00, 0x00, 0x00, 
  0x00, 0x00, 0x00, 0x00, 0x00, 0x00, 0x00, 0x00, 0x00, 0x00, 0x00, 0x00, 
  0x00, 0x00, 0x00, 0x00, 0x00, 0x00, 0x00, 0x00, 0x00, 0x00, 0x00, 0x00, 
  0x00, 0x00, 0x00, 0x00, 0x00, 0x00, 0x00, 0x00, 0x00, 0x00, 0x00, 0x00, 
  0x00, 0x00, 0x00, 0x00, 0x00, 0x00, 0x00, 0x00, 0x00, 0x00, 0x00, 0x00, 
  0x00, 0x00, 0x00, 0x00, 0x00, 0x00, 0x00, 0x00, 0x00, 0x00, 0x00, 0x00, 
  0x00, 0x00, 0x00, 0x00, 0x00, 0x00, 0x00, 0x00, 0x00, 0x00, 0x00, 0x00, 
  0x00, 0x00, 0x00, 0x00, 0x00, 0x00, 0x00, 0x00, 0x00, 0x00, 0x00, 0x00, 
  0x00, 0x00, 0x00, 0x00, 0x00, 0x00, 0x00, 0x00, 0x00, 0x00, 0x00, 0x00, 
  0x00, 0x00, 0x00, 0x00, 0x00, 0x00, 0x00, 0x00, 0x00, 0x00, 0x00, 0x00, 
  0x00, 0x00, 0x00, 0x00, 0x00, 0x00, 0x00, 0x00, 0x00, 0x00, 0x00, 0x00, 
  0x00, 0x00, 0x00, 0x00, 0x00, 0x00, 0x00, 0x00, 0x00, 0x00, 0x00, 0x00, 
  0x00, 0x00, 0x00, 0x00, 0x00, 0x00, 0x00, 0x00, 0x00, 0x00, 0x00, 0x00, 
  0x00, 0x00, 0x00, 0x00, 0x00, 0x00, 0x00, 0x00, 0x00, 0x00, 0x00, 0x00, 
  0x00, 0x00, 0x00, 0x00, 0x00, 0x00, 0x00, 0x00, 0x00, 0x00, 0x00, 0x00, 
  0x00, 0x00, 0x00, 0x00, 0x00, 0x00, 0x00, 0x00, 0x00, 0x00, 0x00, 0x00, 
  0x00, 0x00, 0x00, 0x00, 0x00, 0x00, 0x00, 0x00, 0x00, 0x00, 0x00, 0x00, 
  0x00, 0x00, 0x00, 0x00, 0x00, 0x00, 0x00, 0x00, 0x00, 0x00, 0x00, 0x00, 
  0x00, 0x00, 0x00, 0x00, 0x00, 0x00, 0x00, 0x00, 0x00, 0x00, 0x00, 0x00, 
  0x00, 0x00, 0x00, 0x00, 0x00, 0x00, 0x00, 0x00, 0x00, 0x00, 0x00, 0x00, 
  0x00, 0x00, 0x00, 0x00, 0x00, 0x00, 0x00, 0x00, 0x00, 0x00, 0x00, 0x00, 
  0x00, 0x00, 0x00, 0x00, 0x00, 0x00, 0x00, 0x00, 0x00, 0x00, 0x00, 0x00, 
  0x00, 0x00, 0x00, 0x00, 0x00, 0x00, 0x00, 0x00, 0x00, 0x00, 0x00, 0x00, 
  0x00, 0x00, 0x00, 0x00, 0x00, 0x00, 0x00, 0x00, 0x00, 0x00, 0x00, 0x00, 
  0x00, 0x00, 0x00, 0x00, 0x00, 0x00, 0x00, 0x00, 0x00, 0x00, 0x00, 0x00, 
  0x00, 0x00, 0x00, 0x00, 0x00, 0x00, 0x00, 0x00, 0x00, 0x00, 0x00, 0x00, 
  0x00, 0x00, 0x00, 0x00, 0x00, 0x00, 0x00, 0x00, 0x00, 0x00, 0x00, 0x00, 
  0x00, 0x00, 0x00, 0x00, 0x00, 0x00, 0x00, 0x00, 0x00, 0x00, 0x00, 0x00, 
  0x00, 0x00, 0x00, 0x00, 0x00, 0x00, 0x00, 0x00, 0x00, 0x00, 0x00, 0x00, 
  0x00, 0x00, 0x00, 0x00, 0x00, 0x00, 0x00, 0x00, 0x00, 0x00, 0x00, 0x00, 
  0x00, 0x00, 0x00, 0x00, 0x00, 0x00, 0x00, 0x00, 0x00, 0x00, 0x00, 0x00, 
  0x00, 0x00, 0x00, 0x00, 0x00, 0x00, 0x00, 0x00, 0x00, 0x00, 0x00, 0x00, 
  0x00, 0x00, 0x00, 0x00, 0x00, 0x00, 0x00, 0x00, 0x00, 0x00, 0x00, 0x00, 
  0x00, 0x00, 0x00, 0x00, 0x00, 0x00, 0x00, 0x00, 0x00, 0x00, 0x00, 0x00, 
  0x00, 0x00, 0x00, 0x00, 0x00, 0x00, 0x00, 0x00, 0x00, 0x00, 0x00, 0x00, 
  0x00, 0x00, 0x00, 0x00, 0x00, 0x00, 0x00, 0x00, 0x00, 0x00, 0x00, 0x00, 
  0x00, 0x00, 0x00, 0x00, 0x00, 0x00, 0x00, 0x00, 0x00, 0x00, 0x00, 0x00, 
  0x00, 0x00, 0x00, 0x00, 0x00, 0x00, 0x00, 0x00, 0x00, 0x00, 0x00, 0x00, 
  0x00, 0x00, 0x00, 0x00, 0x00, 0x00, 0x00, 0x00, 0x00, 0x00, 0x00, 0x00, 
  0x00, 0x00, 0x00, 0x00, 0x00, 0x00, 0x00, 0x00, 0x00, 0x00, 0x00, 0x00, 
  0x00, 0x00, 0x00, 0x00, 0x00, 0x00, 0x00, 0x00, 0x00, 0x00, 0x00, 0x00, 
  0x00, 0x00, 0x00, 0x00, 0x00, 0x00, 0x00, 0x00, 0x00, 0x00, 0x00, 0x00, 
  0x00, 0x00, 0x00, 0x00, 0x00, 0x00, 0x00, 0x00, 0x00, 0x00, 0x00, 0x00, 
  0x00, 0x00, 0x00, 0x00, 0x00, 0x00, 0x00, 0x00, 0x00, 0x00, 0x00, 0x00, 
  0x00, 0x00, 0x00, 0x00, 0x00, 0x00, 0x00, 0x00, 0x00, 0x00, 0x00, 0x00, 
  0x00, 0x00, 0x00, 0x00, 0x00, 0x00, 0x00, 0x00, 0x00, 0x00, 0x00, 0x00, 
  0x00, 0x00, 0x00, 0x00, 0x00, 0x00, 0x00, 0x00, 0x00, 0x00, 0x00, 0x00, 
  0x00, 0x00, 0x00, 0x00, 0x00, 0x00, 0x00, 0x00, 0x00, 0x00, 0x00, 0x00, 
  0x00, 0x00, 0x00, 0x00, 0x00, 0x00, 0x00, 0x00, 0x00, 0x00, 0x00, 0x00, 
  0x00, 0x00, 0x00, 0x00, 0x00, 0x00, 0x00, 0x00, 0x00, 0x00, 0x00, 0x00, 
  0x00, 0x00, 0x00, 0x00, 0x00, 0x00, 0x00, 0x00, 0x00, 0x00, 0x00, 0x00, 
  0x00, 0x00, 0x00, 0x00, 0x00, 0x00, 0x00, 0x00, 0x00, 0x00, 0x00, 0x00, 
  0x00, 0x00, 0x00, 0x00, 0x00, 0x00, 0x00, 0x00, 0x00, 0x00, 0x00, 0x00, 
  0x00, 0x00, 0x00, 0x00, 0x00, 0x00, 0x00, 0x00, 0x00, 0x00, 0x00, 0x00, 
  0x00, 0x00, 0x00, 0x00, 0x00, 0x00, 0x00, 0x00, 0x00, 0x00, 0x00, 0x00, 
  0x00, 0x00, 0x00, 0x00, 0x00, 0x00, 0x00, 0x00, 0x00, 0x00, 0x00, 0x00, 
  0x00, 0x00, 0x00, 0x00, 0x00, 0x00, 0x00, 0x00, 0x00, 0x00, 0x00, 0x00, 
  0x00, 0x00, 0x00, 0x00, 0x00, 0x00, 0x00, 0x00, 0x00, 0x00, 0x00, 0x00, 
  0x00, 0x00, 0x00, 0x00, 0x00, 0x00, 0x00, 0x00, 0x00, 0x00, 0x00, 0x00, 
  0x00, 0x00, 0x00, 0x00, 0x00, 0x00, 0x00, 0x00, 0x00, 0x00, 0x00, 0x00, 
  0x00, 0x00, 0x00, 0x00, 0x00, 0x00, 0x00, 0x00, 0x00, 0x00, 0x00, 0x00, 
  0x00, 0x00, 0x00, 0x00, 0x00, 0x00, 0x00, 0x00, 0x00, 0x00, 0x00, 0x00, 
  0x00, 0x00, 0x00, 0x00, 0x00, 0x00, 0x00, 0x00, 0x00, 0x00, 0x00, 0x00, 
  0x00, 0x00, 0x00, 0x00, 0x00, 0x00, 0x00, 0x00, 0x00, 0x00, 0x00, 0x00, 
  0x00, 0x00, 0x00, 0x00, 0x00, 0x00, 0x00, 0x00, 0x00, 0x00, 0x00, 0x00, 
  0x00, 0x00, 0x00, 0x00, 0x00, 0x00, 0x00, 0x00, 0x00, 0x00, 0x00, 0x00, 
  0x00, 0x00, 0x00, 0x00, 0x00, 0x00, 0x00, 0x00, 0x00, 0x00, 0x00, 0x00, 
  0x00, 0x00, 0x00, 0x00, 0x00, 0x00, 0x00, 0x00, 0x00, 0x00, 0x00, 0x00, 
  0x00, 0x00, 0x00, 0x00, 0x00, 0x00, 0x00, 0x00, 0x00, 0x00, 0x00, 0x00, 
  0x00, 0x00, 0x00, 0x00, 0x00, 0x00, 0x00, 0x00, 0x00, 0x00, 0x00, 0x00, 
  0x00, 0x00, 0x00, 0x00, 0x00, 0x00, 0x00, 0x00, 0x00, 0x00, 0x00, 0x00, 
  0x00, 0x00, 0x00, 0x00, 0x00, 0x00, 0x00, 0x00, 0x00, 0x00, 0x00, 0x00, 
  0x00, 0x00, 0x00, 0x00, 0x00, 0x00, 0x00, 0x00, 0x00, 0x00, 0x00, 0x00, 
  0x00, 0x00, 0x00, 0x00, 0x00, 0x00, 0x00, 0x00, 0x00, 0x00, 0x00, 0x00, 
  0x00, 0x00, 0x00, 0x00, 0x00, 0x00, 0x00, 0x00, 0x00, 0x00, 0x00, 0x00, 
  0x00, 0x00, 0x00, 0x00, 0x00, 0x00, 0x00, 0x00, 0x00, 0x00, 0x00, 0x00, 
  0x00, 0x00, 0x00, 0x00, 0x00, 0x00, 0x00, 0x00, 0x00, 0x00, 0x00, 0x00, 
  0x00, 0x00, 0x00, 0x00, 0x00, 0x00, 0x00, 0x00, 0x00, 0x00, 0x00, 0x00, 
  0x00, 0x00, 0x00, 0x00, 0x00, 0x00, 0x00, 0x00, 0x00, 0x00, 0x00, 0x00, 
  0x00, 0x00, 0x00, 0x00, 0x00, 0x00, 0x00, 0x00, 0x00, 0x00, 0x00, 0x00, 
  0x00, 0x00, 0x00, 0x00, 0x00, 0x00, 0x00, 0x00, 0x00, 0x00, 0x00, 0x00, 
  0x00, 0x00, 0x00, 0x00, 0x00, 0x00, 0x00, 0x00, 0x00, 0x00, 0x00, 0x00, 
  0x00, 0x00, 0x00, 0x00, 0x00, 0x00, 0x00, 0x00, 0x00, 0x00, 0x00, 0x00, 
  0x00, 0x00, 0x00, 0x00, 0x00, 0x00, 0x00, 0x00, 0x00, 0x00, 0x00, 0x00, 
  0x00, 0x00, 0x00, 0x00, 0x00, 0x00, 0x00, 0x00, 0x00, 0x00, 0x00, 0x00, 
  0x00, 0x00, 0x00, 0x00, 0x00, 0x00, 0x00, 0x00, 0x00, 0x00, 0x00, 0x00, 
  0x00, 0x00, 0x00, 0x00, 0x00, 0x00, 0x00, 0x00, 0x00, 0x00, 0x00, 0x00, 
  0x00, 0x00, 0x00, 0x00, 0x00, 0x00, 0x00, 0x00, 0x00, 0x00, 0x00, 0x00, 
  0x00, 0x00, 0x00, 0x00, 0x00, 0x00, 0x00, 0x00, 0x00, 0x00, 0x00, 0x00, 
  0x00, 0x00, 0x00, 0x00, 0x00, 0x00, 0x00, 0x00, 0x00, 0x00, 0x00, 0x00, 
  0x00, 0x00, 0x00, 0x00, 0x00, 0x00, 0x00, 0x00, 0x00, 0x00, 0x00, 0x00, 
  0x00, 0x00, 0x00, 0x00, 0x00, 0x00, 0x00, 0x00, 0x00, 0x00, 0x00, 0x00, 
  0x00, 0x00, 0x00, 0x00, 0x00, 0x00, 0x00, 0x00, 0x00, 0x00, 0x00, 0x00, 
  0x00, 0x00, 0x00, 0x00, 0x00, 0x00, 0x00, 0x00, 0x00, 0x00, 0x00, 0x00, 
  0x00, 0x00, 0x00, 0x00, 0x00, 0x00, 0x00, 0x00, 0x00, 0x00, 0x00, 0x00, 
  0x00, 0x00, 0x00, 0x00, 0x00, 0x00, 0x00, 0x00, 0x00, 0x00, 0x00, 0x00, 
  0x00, 0x00, 0x00, 0x00, 0x00, 0x00, 0x00, 0x00, 0x00, 0x00, 0x00, 0x00, 
  0x00, 0x00, 0x00, 0x00, 0x00, 0x00, 0x00, 0x00, 0x00, 0x00, 0x00, 0x00, 
  0x00, 0x00, 0x00, 0x00, 0x00, 0x00, 0x00, 0x00, 0x00, 0x00, 0x00, 0x00, 
  0x00, 0x00, 0x00, 0x00, 0x00, 0x00, 0x00, 0x00, 0x00, 0x00, 0x00, 0x00, 
  0x00, 0x00, 0x00, 0x00, 0x00, 0x00, 0x00, 0x00, 0x00, 0x00, 0x00, 0x00, 
  0x00, 0x00, 0x00, 0x00, 0x00, 0x00, 0x00, 0x00, 0x00, 0x00, 0x00, 0x00, 
  0x00, 0x00, 0x00, 0x00, 0x00, 0x00, 0x00, 0x00, 0x00, 0x00, 0x00, 0x00, 
  0x00, 0x00, 0x00, 0x00, 0x00, 0x00, 0x00, 0x00, 0x00, 0x00, 0x00, 0x00, 
  0x00, 0x00, 0x00, 0x00, 0x00, 0x00, 0x00, 0x00, 0x00, 0x00, 0x00, 0x00, 
  0x00, 0x00, 0x00, 0x00, 0x00, 0x00, 0x00, 0x00, 0x00, 0x00, 0x00, 0x00, 
  0x00, 0x00, 0x00, 0x00, 0x00, 0x00, 0x00, 0x00, 0x00, 0x00, 0x00, 0x00, 
  0x00, 0x00, 0x00, 0x00, 0x00, 0x00, 0x00, 0x00, 0x00, 0x00, 0x00, 0x00, 
  0x00, 0x00, 0x00, 0x00, 0x00, 0x00, 0x00, 0x00, 0x00, 0x00, 0x00, 0x00, 
  0x00, 0x00, 0x00, 0x00, 0x00, 0x00, 0x00, 0x00, 0x00, 0x00, 0x00, 0x00, 
  0x00, 0x00, 0x00, 0x00, 0x00, 0x00, 0x00, 0x00, 0x00, 0x00, 0x00, 0x00, 
  0x00, 0x00, 0x00, 0x00, 0x00, 0x00, 0x00, 0x00, 0x00, 0x00, 0x00, 0x00, 
  0x00, 0x00, 0x00, 0x00, 0x00, 0x00, 0x00, 0x00, 0x00, 0x00, 0x00, 0x00, 
  0x00, 0x00, 0x00, 0x00, 0x00, 0x00, 0x00, 0x00, 0x00, 0x00, 0x00, 0x00, 
  0x00, 0x00, 0x00, 0x00, 0x00, 0x00, 0x00, 0x00, 0x00, 0x00, 0x00, 0x00, 
  0x00, 0x00, 0x00, 0x00, 0x00, 0x00, 0x00, 0x00, 0x00, 0x00, 0x00, 0x00, 
  0x00, 0x00, 0x00, 0x00, 0x00, 0x00, 0x00, 0x00, 0x00, 0x00, 0x00, 0x00, 
  0x00, 0x00, 0x00, 0x00, 0x00, 0x00, 0x00, 0x00, 0x00, 0x00, 0x00, 0x00, 
  0x00, 0x00, 0x00, 0x00, 0x00, 0x00, 0x00, 0x00, 0x00, 0x00, 0x00, 0x00, 
  0x00, 0x00, 0x00, 0x00, 0x00, 0x00, 0x00, 0x00, 0x00, 0x00, 0x00, 0x00, 
  0x00, 0x00, 0x00, 0x00, 0x00, 0x00, 0x00, 0x00, 0x00, 0x00, 0x00, 0x00, 
  0x00, 0x00, 0x00, 0x00, 0x00, 0x00, 0x00, 0x00, 0x00, 0x00, 0x00, 0x00, 
  0x00, 0x00, 0x00, 0x00, 0x00, 0x00, 0x00, 0x00, 0x00, 0x00, 0x00, 0x00, 
  0x00, 0x00, 0x00, 0x00, 0x00, 0x00, 0x00, 0x00, 0x00, 0x00, 0x00, 0x00, 
  0x00, 0x00, 0x00, 0x00, 0x00, 0x00, 0x00, 0x00, 0x00, 0x00, 0x00, 0x00, 
  0x00, 0x00, 0x00, 0x00, 0x00, 0x00, 0x00, 0x00, 0x00, 0x00, 0x00, 0x00, 
  0x00, 0x00, 0x00, 0x00, 0x00, 0x00, 0x00, 0x00, 0x00, 0x00, 0x00, 0x00, 
  0x00, 0x00, 0x00, 0x00, 0x00, 0x00, 0x00, 0x00, 0x00, 0x00, 0x00, 0x00, 
  0x00, 0x00, 0x00, 0x00, 0x00, 0x00, 0x00, 0x00, 0x00, 0x00, 0x00, 0x00, 
  0x00, 0x00, 0x00, 0x00, 0x00, 0x00, 0x00, 0x00, 0x00, 0x00, 0x00, 0x00, 
  0x00, 0x00, 0x00, 0x00, 0x00, 0x00, 0x00, 0x00, 0x00, 0x00, 0x00, 0x00, 
  0x00, 0x00, 0x00, 0x00, 0x00, 0x00, 0x00, 0x00, 0x00, 0x00, 0x00, 0x00, 
  0x00, 0x00, 0x00, 0x00, 0x00, 0x00, 0x00, 0x00, 0x00, 0x00, 0x00, 0x00, 
  0x00, 0x00, 0x00, 0x00, 0x00, 0x00, 0x00, 0x00, 0x00, 0x00, 0x00, 0x00, 
  0x00, 0x00, 0x00, 0x00, 0x00, 0x00, 0x00, 0x00, 0x00, 0x00, 0x00, 0x00, 
  0x00, 0x00, 0x00, 0x00, 0x00, 0x00, 0x00, 0x00, 0x00, 0x00, 0x00, 0x00, 
  0x00, 0x00, 0x00, 0x00, 0x00, 0x00, 0x00, 0x00, 0x00, 0x00, 0x00, 0x00, 
  0x00, 0x00, 0x00, 0x00, 0x00, 0x00, 0x00, 0x00, 0x00, 0x00, 0x00, 0x00, 
  0x00, 0x00, 0x00, 0x00, 0x00, 0x00, 0x00, 0x00, 0x00, 0x00, 0x00, 0x00, 
  0x00, 0x00, 0x00, 0x00, 0x00, 0x00, 0x00, 0x00, 0x00, 0x00, 0x00, 0x00, 
  0x00, 0x00, 0x00, 0x00, 0x00, 0x00, 0x00, 0x00, 0x00, 0x00, 0x00, 0x00, 
  0x00, 0x00, 0x00, 0x00, 0x00, 0x00, 0x00, 0x00, 0x00, 0x00, 0x00, 0x00, 
  0x00, 0x00, 0x00, 0x00, 0x00, 0x00, 0x00, 0x00, 0x00, 0x00, 0x00, 0x00, 
  0x00, 0x00, 0x00, 0x00, 0x00, 0x00, 0x00, 0x00, 0x00, 0x00, 0x00, 0x00, 
  0x00, 0x00, 0x00, 0x00, 0x00, 0x00, 0x00, 0x00, 0x00, 0x00, 0x00, 0x00, 
  0x00, 0x00, 0x00, 0x00, 0x00, 0x00, 0x00, 0x00, 0x00, 0x00, 0x00, 0x00, 
  0x00, 0x00, 0x00, 0x00, 0x00, 0x00, 0x00, 0x00, 0x00, 0x00, 0x00, 0x00, 
  0x00, 0x00, 0x00, 0x00, 0x00, 0x00, 0x00, 0x00, 0x00, 0x00, 0x00, 0x00, 
  0x00, 0x00, 0x00, 0x00, 0x00, 0x00, 0x00, 0x00, 0x00, 0x00, 0x00, 0x00, 
  0x00, 0x00, 0x00, 0x00, 0x00, 0x00, 0x00, 0x00, 0x00, 0x00, 0x00, 0x00, 
  0x00, 0x00, 0x00, 0x00, 0x00, 0x00, 0x00, 0x00, 0x00, 0x00, 0x00, 0x00, 
  0x00, 0x00, 0x00, 0x00, 0x00, 0x00, 0x00, 0x00, 0x00, 0x00, 0x00, 0x00, 
  0x00, 0x00, 0x00, 0x00, 0x00, 0x00, 0x00, 0x00, 0x00, 0x00, 0x00, 0x00, 
  0x00, 0x00, 0x00, 0x00, 0x00, 0x00, 0x00, 0x00, 0x00, 0x00, 0x00, 0x00, 
  0x00, 0x00, 0x00, 0x00, 0x00, 0x00, 0x00, 0x00, 0x00, 0x00, 0x00, 0x00, 
  0x00, 0x00, 0x00, 0x00, 0x00, 0x00, 0x00, 0x00, 0x00, 0x00, 0x00, 0x00, 
  0x00, 0x00, 0x00, 0x00, 0x00, 0x00, 0x00, 0x00, 0x00, 0x00, 0x00, 0x00, 
  0x00, 0x00, 0x00, 0x00, 0x00, 0x00, 0x00, 0x00, 0x00, 0x00, 0x00, 0x00, 
  0x00, 0x00, 0x00, 0x00, 0x00, 0x00, 0x00, 0x00, 0x00, 0x00, 0x00, 0x00, 
  0x00, 0x00, 0x00, 0x00, 0x00, 0x00, 0x00, 0x00, 0x00, 0x00, 0x00, 0x00, 
  0x00, 0x00, 0x00, 0x00, 0x00, 0x00, 0x00, 0x00, 0x00, 0x00, 0x00, 0x00, 
  0x00, 0x00, 0x00, 0x00, 0x00, 0x00, 0x00, 0x00, 0x00, 0x00, 0x00, 0x00, 
  0x00, 0x00, 0x00, 0x00, 0x00, 0x00, 0x00, 0x00, 0x00, 0x00, 0x00, 0x00, 
  0x00, 0x00, 0x00, 0x00, 0x00, 0x00, 0x00, 0x00, 0x00, 0x00, 0x00, 0x00, 
  0x00, 0x00, 0x00, 0x00, 0x00, 0x00, 0x00, 0x00, 0x00, 0x00, 0x00, 0x00, 
  0x00, 0x00, 0x00, 0x00, 0x00, 0x00, 0x00, 0x00, 0x00, 0x00, 0x00, 0x00, 
  0x00, 0x00, 0x00, 0x00, 0x00, 0x00, 0x00, 0x00, 0x00, 0x00, 0x00, 0x00, 
  0x00, 0x00, 0x00, 0x00, 0x00, 0x00, 0x00, 0x00, 0x00, 0x00, 0x00, 0x00, 
  0x00, 0x00, 0x00, 0x00, 0x00, 0x00, 0x00, 0x00, 0x00, 0x00, 0x00, 0x00, 
  0x00, 0x00, 0x00, 0x00, 0x00, 0x00, 0x00, 0x00, 0x00, 0x00, 0x00, 0x00, 
  0x00, 0x00, 0x00, 0x00, 0x00, 0x00, 0x00, 0x00, 0x00, 0x00, 0x00, 0x00, 
  0x00, 0x00, 0x00, 0x00, 0x00, 0x00, 0x00, 0x00, 0x00, 0x00, 0x00, 0x00, 
  0x00, 0x00, 0x00, 0x00, 0x00, 0x00, 0x00, 0x00, 0x00, 0x00, 0x00, 0x00, 
  0x00, 0x00, 0x00, 0x00, 0x00, 0x00, 0x00, 0x00, 0x00, 0x00, 0x00, 0x00, 
  0x00, 0x00, 0x00, 0x00, 0x00, 0x00, 0x00, 0x00, 0x00, 0x00, 0x00, 0x00, 
  0x00, 0x00, 0x00, 0x00, 0x00, 0x00, 0x00, 0x00, 0x00, 0x00, 0x00, 0x00, 
  0x00, 0x00, 0x00, 0x00, 0x00, 0x00, 0x00, 0x00, 0x00, 0x00, 0x00, 0x00, 
  0x00, 0x00, 0x00, 0x00, 0x00, 0x00, 0x00, 0x00, 0x00, 0x00, 0x00, 0x00, 
  0x00, 0x00, 0x00, 0x00, 0x00, 0x00, 0x00, 0x00, 0x00, 0x00, 0x00, 0x00, 
  0x00, 0x00, 0x00, 0x00, 0x00, 0x00, 0x00, 0x00, 0x00, 0x00, 0x00, 0x00, 
  0x00, 0x00, 0x00, 0x00, 0x00, 0x00, 0x00, 0x00, 0x00, 0x00, 0x00, 0x00, 
  0x00, 0x00, 0x00, 0x00, 0x00, 0x00, 0x00, 0x00, 0x00, 0x00, 0x00, 0x00, 
  0x00, 0x00, 0x00, 0x00, 0x00, 0x00, 0x00, 0x00, 0x00, 0x00, 0x00, 0x00, 
  0x00, 0x00, 0x00, 0x00, 0x00, 0x00, 0x00, 0x00, 0x00, 0x00, 0x00, 0x00, 
  0x00, 0x00, 0x00, 0x00, 0x00, 0x00, 0x00, 0x00, 0x00, 0x00, 0x00, 0x00, 
  0x00, 0x00, 0x00, 0x00, 0x00, 0x00, 0x00, 0x00, 0x00, 0x00, 0x00, 0x00, 
  0x00, 0x00, 0x00, 0x00, 0x00, 0x00, 0x00, 0x00, 0x00, 0x00, 0x00, 0x00, 
  0x00, 0x00, 0x00, 0x00, 0x00, 0x00, 0x00, 0x00, 0x00, 0x00, 0x00, 0x00, 
  0x00, 0x00, 0x00, 0x00, 0x00, 0x00, 0x00, 0x00, 0x00, 0x00, 0x00, 0x00, 
  0x00, 0x00, 0x00, 0x00, 0x00, 0x00, 0x00, 0x00, 0x00, 0x00, 0x00, 0x00, 
  0x00, 0x00, 0x00, 0x00, 0x00, 0x00, 0x00, 0x00, 0x00, 0x00, 0x00, 0x00, 
  0x00, 0x00, 0x00, 0x00, 0x00, 0x00, 0x00, 0x00, 0x00, 0x00, 0x00, 0x00, 
  0x00, 0x00, 0x00, 0x00, 0x00, 0x00, 0x00, 0x00, 0x00, 0x00, 0x00, 0x00, 
  0x00, 0x00, 0x00, 0x00, 0x00, 0x00, 0x00, 0x00, 0x00, 0x00, 0x00, 0x00, 
  0x00, 0x00, 0x00, 0x00, 0x00, 0x00, 0x00, 0x00, 0x00, 0x00, 0x00, 0x00, 
  0x00, 0x00, 0x00, 0x00, 0x00, 0x00, 0x00, 0x00, 0x00, 0x00, 0x00, 0x00, 
  0x00, 0x00, 0x00, 0x00, 0x00, 0x00, 0x00, 0x00, 0x00, 0x00, 0x00, 0x00, 
  0x00, 0x00, 0x00, 0x00, 0x00, 0x00, 0x00, 0x00, 0x00, 0x00, 0x00, 0x00, 
  0x00, 0x00, 0x00, 0x00, 0x00, 0x00, 0x00, 0x00, 0x00, 0x00, 0x00, 0x00, 
  0x00, 0x00, 0x00, 0x00, 0x00, 0x00, 0x00, 0x00, 0x00, 0x00, 0x00, 0x00, 
  0x00, 0x00, 0x00, 0x00, 0x00, 0x00, 0x00, 0x00, 0x00, 0x00, 0x00, 0x00, 
  0x00, 0x00, 0x00, 0x00, 0x00, 0x00, 0x00, 0x00, 0x00, 0x00, 0x00, 0x00, 
  0x00, 0x00, 0x00, 0x00, 0x00, 0x00, 0x00, 0x00, 0x00, 0x00, 0x00, 0x00, 
  0x00, 0x00, 0x00, 0x00, 0x00, 0x00, 0x00, 0x00, 0x00, 0x00, 0x00, 0x00, 
  0x00, 0x00, 0x00, 0x00, 0x00, 0x00, 0x00, 0x00, 0x00, 0x00, 0x00, 0x00, 
  0x00, 0x00, 0x00, 0x00, 0x00, 0x00, 0x00, 0x00, 0x00, 0x00, 0x00, 0x00, 
  0x00, 0x00, 0x00, 0x00, 0x00, 0x00, 0x00, 0x00, 0x00, 0x00, 0x00, 0x00, 
  0x00, 0x00, 0x00, 0x00, 0x00, 0x00, 0x00, 0x00, 0x00, 0x00, 0x00, 0x00, 
  0x00, 0x00, 0x00, 0x00, 0x00, 0x00, 0x00, 0x00, 0x00, 0x00, 0x00, 0x00, 
  0x00, 0x00, 0x00, 0x00, 0x00, 0x00, 0x00, 0x00, 0x00, 0x00, 0x00, 0x00, 
  0x00, 0x00, 0x00, 0x00, 0x00, 0x00, 0x00, 0x00, 0x00, 0x00, 0x00, 0x00, 
  0x00, 0x00, 0x00, 0x00, 0x00, 0x00, 0x00, 0x00, 0x00, 0x00, 0x00, 0x00, 
  0x00, 0x00, 0x00, 0x00, 0x00, 0x00, 0x00, 0x00, 0x00, 0x00, 0x00, 0x00, 
  0x00, 0x00, 0x00, 0x00, 0x00, 0x00, 0x00, 0x00, 0x00, 0x00, 0x00, 0x00, 
  0x00, 0x00, 0x00, 0x00, 0x00, 0x00, 0x00, 0x00, 0x00, 0x00, 0x00, 0x00, 
  0x00, 0x00, 0x00, 0x00, 0x00, 0x00, 0x00, 0x00, 0x00, 0x00, 0x00, 0x00, 
  0x00, 0x00, 0x00, 0x00, 0x00, 0x00, 0x00, 0x00, 0x00, 0x00, 0x00, 0x00, 
  0x00, 0x00, 0x00, 0x00, 0x00, 0x00, 0x00, 0x00, 0x00, 0x00, 0x00, 0x00, 
  0x00, 0x00, 0x00, 0x00, 0x00, 0x00, 0x00, 0x00, 0x00, 0x00, 0x00, 0x00, 
  0x00, 0x00, 0x00, 0x00, 0x00, 0x00, 0x00, 0x00, 0x00, 0x00, 0x00, 0x00, 
  0x00, 0x00, 0x00, 0x00, 0x00, 0x00, 0x00, 0x00, 0x00, 0x00, 0x00, 0x00, 
  0x00, 0x00, 0x00, 0x00, 0x00, 0x00, 0x00, 0x00, 0x00, 0x00, 0x00, 0x00, 
  0x00, 0x00, 0x00, 0x00, 0x00, 0x00, 0x00, 0x00, 0x00, 0x00, 0x00, 0x00, 
  0x00, 0x00, 0x00, 0x00, 0x00, 0x00, 0x00, 0x00, 0x00, 0x00, 0x00, 0x00, 
  0x00, 0x00, 0x00, 0x00, 0x00, 0x00, 0x00, 0x00, 0x00, 0x00, 0x00, 0x00, 
  0x00, 0x00, 0x00, 0x00, 0x00, 0x00, 0x00, 0x00, 0x00, 0x00, 0x00, 0x00, 
  0x00, 0x00, 0x00, 0x00, 0x00, 0x00, 0x00, 0x00, 0x00, 0x00, 0x00, 0x00, 
  0x00, 0x00, 0x00, 0x00, 0x00, 0x00, 0x00, 0x00, 0x00, 0x00, 0x00, 0x00, 
  0x00, 0x00, 0x00, 0x00, 0x00, 0x00, 0x00, 0x00, 0x00, 0x00, 0x00, 0x00, 
  0x00, 0x00, 0x00, 0x00, 0x00, 0x00, 0x00, 0x00, 0x00, 0x00, 0x00, 0x00, 
  0x00, 0x00, 0x00, 0x00, 0x00, 0x00, 0x00, 0x00, 0x00, 0x00, 0x00, 0x00, 
  0x00, 0x00, 0x00, 0x00, 0x00, 0x00, 0x00, 0x00, 0x00, 0x00, 0x00, 0x00, 
  0x00, 0x00, 0x00, 0x00, 0x00, 0x00, 0x00, 0x00, 0x00, 0x00, 0x00, 0x00, 
  0x00, 0x00, 0x00, 0x00, 0x00, 0x00, 0x00, 0x00, 0x00, 0x00, 0x00, 0x00, 
  0x00, 0x00, 0x00, 0x00, 0x00, 0x00, 0x00, 0x00, 0x00, 0x00, 0x00, 0x00, 
  0x00, 0x00, 0x00, 0x00, 0x00, 0x00, 0x00, 0x00, 0x00, 0x00, 0x00, 0x00, 
  0x00, 0x00, 0x00, 0x00, 0x00, 0x00, 0x00, 0x00, 0x00, 0x00, 0x00, 0x00, 
  0x00, 0x00, 0x00, 0x00, 0x00, 0x00, 0x00, 0x00, 0x00, 0x00, 0x00, 0x00, 
  0x00, 0x00, 0x00, 0x00, 0x00, 0x00, 0x00, 0x00, 0x00, 0x00, 0x00, 0x00, 
  0x00, 0x00, 0x00, 0x00, 0x00, 0x00, 0x00, 0x00, 0x00, 0x00, 0x00, 0x00, 
  0x00, 0x00, 0x00, 0x00, 0x00, 0x00, 0x00, 0x00, 0x00, 0x00, 0x00, 0x00, 
  0x00, 0x00, 0x00, 0x00, 0x00, 0x00, 0x00, 0x00, 0x00, 0x00, 0x00, 0x00, 
  0x00, 0x00, 0x00, 0x00, 0x00, 0x00, 0x00, 0x00, 0x00, 0x00, 0x00, 0x00, 
  0x00, 0x00, 0x00, 0x00, 0x00, 0x00, 0x00, 0x00, 0x00, 0x00, 0x00, 0x00, 
  0x00, 0x00, 0x00, 0x00, 0x00, 0x00, 0x00, 0x00, 0x00, 0x00, 0x00, 0x00, 
  0x00, 0x00, 0x00, 0x00, 0x00, 0x00, 0x00, 0x00, 0x00, 0x00, 0x00, 0x00, 
  0x00, 0x00, 0x00, 0x00, 0x00, 0x00, 0x00, 0x00, 0x00, 0x00, 0x00, 0x00, 
  0x00, 0x00, 0x00, 0x00, 0x00, 0x00, 0x00, 0x00, 0x00, 0x00, 0x00, 0x00, 
  0x00, 0x00, 0x00, 0x00, 0x00, 0x00, 0x00, 0x00, 0x00, 0x00, 0x00, 0x00, 
  0x00, 0x00, 0x00, 0x00, 0x00, 0x00, 0x00, 0x00, 0x00, 0x00, 0x00, 0x00, 
  0x00, 0x00, 0x00, 0x00, 0x00, 0x00, 0x00, 0x00, 0x00, 0x00, 0x00, 0x00, 
  0x00, 0x00, 0x00, 0x00, 0x00, 0x00, 0x00, 0x00, 0x00, 0x00, 0x00, 0x00, 
  0x00, 0x00, 0x00, 0x00, 0x00, 0x00, 0x00, 0x00, 0x00, 0x00, 0x00, 0x00, 
  0x00, 0x00, 0x00, 0x00, 0x00, 0x00, 0x00, 0x00, 0x00, 0x00, 0x00, 0x00, 
  0x00, 0x00, 0x00, 0x00, 0x00, 0x00, 0x00, 0x00, 0x00, 0x00, 0x00, 0x00, 
  0x00, 0x00, 0x00, 0x00, 0x00, 0x00, 0x00, 0x00, 0x00, 0x00, 0x00, 0x00, 
  0x00, 0x00, 0x00, 0x00, 0x00, 0x00, 0x00, 0x00, 0x00, 0x00, 0x00, 0x00, 
  0x00, 0x00, 0x00, 0x00, 0x00, 0x00, 0x00, 0x00, 0x00, 0x00, 0x00, 0x00, 
  0x00, 0x00, 0x00, 0x00, 0x00, 0x00, 0x00, 0x00, 0x00, 0x00, 0x00, 0x00, 
  0x00, 0x00, 0x00, 0x00, 0x00, 0x00, 0x00, 0x00, 0x00, 0x00, 0x00, 0x00, 
  0x00, 0x00, 0x00, 0x00, 0x00, 0x00, 0x00, 0x00, 0x00, 0x00, 0x00, 0x00, 
  0x00, 0x00, 0x00, 0x00, 0x00, 0x00, 0x00, 0x00, 0x00, 0x00, 0x00, 0x00, 
  0x00, 0x00, 0x00, 0x00, 0x00, 0x00, 0x00, 0x00, 0x00, 0x00, 0x00, 0x00, 
  0x00, 0x00, 0x00, 0x00, 0x00, 0x00, 0x00, 0x00, 0x00, 0x00, 0x00, 0x00, 
  0x00, 0x00, 0x00, 0x00, 0x00, 0x00, 0x00, 0x00, 0x00, 0x00, 0x00, 0x00, 
  0x00, 0x00, 0x00, 0x00, 0x00, 0x00, 0x00, 0x00, 0x00, 0x00, 0x00, 0x00, 
  0x00, 0x00, 0x00, 0x00, 0x00, 0x00, 0x00, 0x00, 0x00, 0x00, 0x00, 0x00, 
  0x00, 0x00, 0x00, 0x00, 0x00, 0x00, 0x00, 0x00, 0x00, 0x00, 0x00, 0x00, 
  0x00, 0x00, 0x00, 0x00, 0x00, 0x00, 0x00, 0x00, 0x00, 0x00, 0x00, 0x00, 
  0x00, 0x00, 0x00, 0x00, 0x00, 0x00, 0x00, 0x00, 0x00, 0x00, 0x00, 0x00, 
  0x00, 0x00, 0x00, 0x00, 0x00, 0x00, 0x00, 0x00, 0x00, 0x00, 0x00, 0x00, 
  0x00, 0x00, 0x00, 0x00, 0x00, 0x00, 0x00, 0x00, 0x00, 0x00, 0x00, 0x00, 
  0x00, 0x00, 0x00, 0x00, 0x00, 0x00, 0x00, 0x00, 0x00, 0x00, 0x00, 0x00, 
  0x00, 0x00, 0x00, 0x00, 0x00, 0x00, 0x00, 0x00, 0x00, 0x00, 0x00, 0x00, 
  0x00, 0x00, 0x00, 0x00, 0x00, 0x00, 0x00, 0x00, 0x00, 0x00, 0x00, 0x00, 
  0x00, 0x00, 0x00, 0x00, 0x00, 0x00, 0x00, 0x00, 0x00, 0x00, 0x00, 0x00, 
  0x00, 0x00, 0x00, 0x00, 0x00, 0x00, 0x00, 0x00, 0x00, 0x00, 0x00, 0x00, 
  0x00, 0x00, 0x00, 0x00, 0x00, 0x00, 0x00, 0x00, 0x00, 0x00, 0x00, 0x00, 
  0x00, 0x00, 0x00, 0x00, 0x00, 0x00, 0x00, 0x00, 0x00, 0x00, 0x00, 0x00, 
  0x00, 0x00, 0x00, 0x00, 0x00, 0x00, 0x00, 0x00, 0x00, 0x00, 0x00, 0x00, 
  0x00, 0x00, 0x00, 0x00, 0x00, 0x00, 0x00, 0x00, 0x00, 0x00, 0x00, 0x00, 
  0x00, 0x00, 0x00, 0x00, 0x00, 0x00, 0x00, 0x00, 0x00, 0x00, 0x00, 0x00, 
  0x00, 0x00, 0x00, 0x00, 0x00, 0x00, 0x00, 0x00, 0x00, 0x00, 0x00, 0x00, 
  0x00, 0x00, 0x00, 0x00, 0x00, 0x00, 0x00, 0x00, 0x00, 0x00, 0x00, 0x00, 
  0x00, 0x00, 0x00, 0x00, 0x00, 0x00, 0x00, 0x00, 0x00, 0x00, 0x00, 0x00, 
  0x00, 0x00, 0x00, 0x00, 0x00, 0x00, 0x00, 0x00, 0x00, 0x00, 0x00, 0x00, 
  0x00, 0x00, 0x00, 0x00, 0x00, 0x00, 0x00, 0x00, 0x00, 0x00, 0x00, 0x00, 
  0x00, 0x00, 0x00, 0x00, 0x00, 0x00, 0x00, 0x00, 0x00, 0x00, 0x00, 0x00, 
  0x00, 0x00, 0x00, 0x00, 0x00, 0x00, 0x00, 0x00, 0x00, 0x00, 0x00, 0x00, 
  0x00, 0x00, 0x00, 0x00, 0x00, 0x00, 0x00, 0x00, 0x00, 0x00, 0x00, 0x00, 
  0x00, 0x00, 0x00, 0x00, 0x00, 0x00, 0x00, 0x00, 0x00, 0x00, 0x00, 0x00, 
  0x00, 0x00, 0x00, 0x00, 0x00, 0x00, 0x00, 0x00, 0x00, 0x00, 0x00, 0x00, 
  0x00, 0x00, 0x00, 0x00, 0x00, 0x00, 0x00, 0x00, 0x00, 0x00, 0x00, 0x00, 
  0x00, 0x00, 0x00, 0x00, 0x00, 0x00, 0x00, 0x00, 0x00, 0x00, 0x00, 0x00, 
  0x00, 0x00, 0x00, 0x00, 0x00, 0x00, 0x00, 0x00, 0x00, 0x00, 0x00, 0x00, 
  0x00, 0x00, 0x00, 0x00, 0x00, 0x00, 0x00, 0x00, 0x00, 0x00, 0x00, 0x00, 
  0x00, 0x00, 0x00, 0x00, 0x00, 0x00, 0x00, 0x00, 0x00, 0x00, 0x00, 0x00, 
  0x00, 0x00, 0x00, 0x00, 0x00, 0x00, 0x00, 0x00, 0x00, 0x00, 0x00, 0x00, 
  0x00, 0x00, 0x00, 0x00, 0x00, 0x00, 0x00, 0x00, 0x00, 0x00, 0x00, 0x00, 
  0x00, 0x00, 0x00, 0x00, 0x00, 0x00, 0x00, 0x00, 0x00, 0x00, 0x00, 0x00, 
  0x00, 0x00, 0x00, 0x00, 0x00, 0x00, 0x00, 0x00, 0x00, 0x00, 0x00, 0x00, 
  0x00, 0x00, 0x00, 0x00, 0x00, 0x00, 0x00, 0x00, 0x00, 0x00, 0x00, 0x00, 
  0x00, 0x00, 0x00, 0x00, 0x00, 0x00, 0x00, 0x00, 0x00, 0x00, 0x00, 0x00, 
  0x00, 0x00, 0x00, 0x00, 0x00, 0x00, 0x00, 0x00, 0x00, 0x00, 0x00, 0x00, 
  0x00, 0x00, 0x00, 0x00, 0x00, 0x00, 0x00, 0x00, 0x00, 0x00, 0x00, 0x00, 
  0x00, 0x00, 0x00, 0x00, 0x00, 0x00, 0x00, 0x00, 0x00, 0x00, 0x00, 0x00, 
  0x00, 0x00, 0x00, 0x00, 0x00, 0x00, 0x00, 0x00, 0x00, 0x00, 0x00, 0x00, 
  0x00, 0x00, 0x00, 0x00, 0x00, 0x00, 0x00, 0x00, 0x00, 0x00, 0x00, 0x00, 
  0x00, 0x00, 0x00, 0x00, 0x00, 0x00, 0x00, 0x00, 0x00, 0x00, 0x00, 0x00, 
  0x00, 0x00, 0x00, 0x00, 0x00, 0x00, 0x00, 0x00, 0x00, 0x00, 0x00, 0x00, 
  0x00, 0x00, 0x00, 0x00, 0x00, 0x00, 0x00, 0x00, 0x00, 0x00, 0x00, 0x00, 
  0x00, 0x00, 0x00, 0x00, 0x00, 0x00, 0x00, 0x00, 0x00, 0x00, 0x00, 0x00, 
  0x00, 0x00, 0x00, 0x00, 0x00, 0x00, 0x00, 0x00, 0x00, 0x00, 0x00, 0x00, 
  0x00, 0x00, 0x00, 0x00, 0x00, 0x00, 0x00, 0x00, 0x00, 0x00, 0x00, 0x00, 
  0x00, 0x00, 0x00, 0x00, 0x00, 0x00, 0x00, 0x00, 0x00, 0x00, 0x00, 0x00, 
  0x00, 0x00, 0x00, 0x00, 0x00, 0x00, 0x00, 0x00, 0x00, 0x00, 0x00, 0x00, 
  0x00, 0x00, 0x00, 0x00, 0x00, 0x00, 0x00, 0x00, 0x00, 0x00, 0x00, 0x00, 
  0x00, 0x00, 0x00, 0x00, 0x00, 0x00, 0x00, 0x00, 0x00, 0x00, 0x00, 0x00, 
  0x00, 0x00, 0x00, 0x00, 0x00, 0x00, 0x00, 0x00, 0x00, 0x00, 0x00, 0x00, 
  0x00, 0x00, 0x00, 0x00, 0x00, 0x00, 0x00, 0x00, 0x00, 0x00, 0x00, 0x00, 
  0x00, 0x00, 0x00, 0x00, 0x00, 0x00, 0x00, 0x00, 0x00, 0x00, 0x00, 0x00, 
  0x00, 0x00, 0x00, 0x00, 0x00, 0x00, 0x00, 0x00, 0x00, 0x00, 0x00, 0x00, 
  0x00, 0x00, 0x00, 0x00, 0x00, 0x00, 0x00, 0x00, 0x00, 0x00, 0x00, 0x00, 
  0x00, 0x00, 0x00, 0x00, 0x00, 0x00, 0x00, 0x00, 0x00, 0x00, 0x00, 0x00, 
  0x00, 0x00, 0x00, 0x00, 0x00, 0x00, 0x00, 0x00, 0x00, 0x00, 0x00, 0x00, 
  0x00, 0x00, 0x00, 0x00, 0x00, 0x00, 0x00, 0x00, 0x00, 0x00, 0x00, 0x00, 
  0x00, 0x00, 0x00, 0x00, 0x00, 0x00, 0x00, 0x00, 0x00, 0x00, 0x00, 0x00, 
  0x00, 0x00, 0x00, 0x00, 0x00, 0x00, 0x00, 0x00, 0x00, 0x00, 0x00, 0x00, 
  0x00, 0x00, 0x00, 0x00, 0x00, 0x00, 0x00, 0x00, 0x00, 0x00, 0x00, 0x00, 
  0x00, 0x00, 0x00, 0x00, 0x00, 0x00, 0x00, 0x00, 0x00, 0x00, 0x00, 0x00, 
  0x00, 0x00, 0x00, 0x00, 0x00, 0x00, 0x00, 0x00, 0x00, 0x00, 0x00, 0x00, 
  0x00, 0x00, 0x00, 0x00, 0x00, 0x00, 0x00, 0x00, 0x00, 0x00, 0x00, 0x00, 
  0x00, 0x00, 0x00, 0x00, 0x00, 0x00, 0x00, 0x00, 0x00, 0x00, 0x00, 0x00, 
  0x00, 0x00, 0x00, 0x00, 0x00, 0x00, 0x00, 0x00, 0x00, 0x00, 0x00, 0x00, 
  0x00, 0x00, 0x00, 0x00, 0x00, 0x00, 0x00, 0x00, 0x00, 0x00, 0x00, 0x00, 
  0x00, 0x00, 0x00, 0x00, 0x00, 0x00, 0x00, 0x00, 0x00, 0x00, 0x00, 0x00, 
  0x00, 0x00, 0x00, 0x00, 0x00, 0x00, 0x00, 0x00, 0x00, 0x00, 0x00, 0x00, 
  0x00, 0x00, 0x00, 0x00, 0x00, 0x00, 0x00, 0x00, 0x00, 0x00, 0x00, 0x00, 
  0x00, 0x00, 0x00, 0x00, 0x00, 0x00, 0x00, 0x00, 0x00, 0x00, 0x00, 0x00, 
  0x00, 0x00, 0x00, 0x00, 0x00, 0x00, 0x00, 0x00, 0x00, 0x00, 0x00, 0x00, 
  0x00, 0x00, 0x00, 0x00, 0x00, 0x00, 0x00, 0x00, 0x00, 0x00, 0x00, 0x00, 
  0x00, 0x00, 0x00, 0x00, 0x00, 0x00, 0x00, 0x00, 0x00, 0x00, 0x00, 0x00, 
  0x00, 0x00, 0x00, 0x00, 0x00, 0x00, 0x00, 0x00, 0x00, 0x00, 0x00, 0x00, 
  0x00, 0x00, 0x00, 0x00, 0x00, 0x00, 0x00, 0x00, 0x00, 0x00, 0x00, 0x00, 
  0x00, 0x00, 0x00, 0x00, 0x00, 0x00, 0x00, 0x00, 0x00, 0x00, 0x00, 0x00, 
  0x00, 0x00, 0x00, 0x00, 0x00, 0x00, 0x00, 0x00, 0x00, 0x00, 0x00, 0x00, 
  0x00, 0x00, 0x00, 0x00, 0x00, 0x00, 0x00, 0x00, 0x00, 0x00, 0x00, 0x00, 
  0x00, 0x00, 0x00, 0x00, 0x00, 0x00, 0x00, 0x00, 0x00, 0x00, 0x00, 0x00, 
  0x00, 0x00, 0x00, 0x00, 0x00, 0x00, 0x00, 0x00, 0x00, 0x00, 0x00, 0x00, 
  0x00, 0x00, 0x00, 0x00, 0x00, 0x00, 0x00, 0x00, 0x00, 0x00, 0x00, 0x00, 
  0x00, 0x00, 0x00, 0x00, 0x00, 0x00, 0x00, 0x00, 0x00, 0x00, 0x00, 0x00, 
  0x00, 0x00, 0x00, 0x00, 0x00, 0x00, 0x00, 0x00, 0x00, 0x00, 0x00, 0x00, 
  0x00, 0x00, 0x00, 0x00, 0x00, 0x00, 0x00, 0x00, 0x00, 0x00, 0x00, 0x00, 
  0x00, 0x00, 0x00, 0x00, 0x00, 0x00, 0x00, 0x00, 0x00, 0x00, 0x00, 0x00, 
  0x00, 0x00, 0x00, 0x00, 0x00, 0x00, 0x00, 0x00, 0x00, 0x00, 0x00, 0x00, 
  0x00, 0x00, 0x00, 0x00, 0x00, 0x00, 0x00, 0x00, 0x00, 0x00, 0x00, 0x00, 
  0x00, 0x00, 0x00, 0x00, 0x00, 0x00, 0x00, 0x00, 0x00, 0x00, 0x00, 0x00, 
  
};

const lv_img_dsc_t img_aichat = {
  .header.cf = LV_IMG_CF_TRUE_COLOR_ALPHA,
  .header.always_zero = 0,
  .header.w = 120,
  .header.h = 120,
  .data_size = 43200,
  .data = img_aichat_map,
};
