#include "lvgl.h"

const uint8_t img_camera_map[] = {
  0xff, 0xff, 0x00, 0xff, 0xff, 0x00, 0xff, 0xff, 0x00, 0xff, 0xff, 0x00, 
  0xff, 0xff, 0x00, 0xff, 0xff, 0x00, 0xff, 0xff, 0x00, 0xff, 0xff, 0x00, 
  0xff, 0xff, 0x00, 0xff, 0xff, 0x00, 0xff, 0xff, 0x00, 0xff, 0xff, 0x00, 
  0xff, 0xff, 0x00, 0xff, 0xff, 0x00, 0xff, 0xff, 0x00, 0xff, 0xff, 0x00, 
  0xff, 0xff, 0x00, 0xff, 0xff, 0x00, 0xff, 0xff, 0x00, 0xff, 0xff, 0x00, 
  0xff, 0xff, 0x00, 0xff, 0xff, 0x00, 0xff, 0xff, 0x00, 0xff, 0xff, 0x00, 
  0xff, 0xff, 0x00, 0xff, 0xff, 0x00, 0xff, 0xff, 0x00, 0xff, 0xff, 0x00, 
  0xff, 0xff, 0x00, 0xff, 0xff, 0x00, 0xff, 0xff, 0x00, 0xff, 0xff, 0x00, 
  0xff, 0xff, 0x00, 0xff, 0xff, 0x00, 0xff, 0xff, 0x00, 0xff, 0xff, 0x00, 
  0xff, 0xff, 0x00, 0xff, 0xff, 0x00, 0xff, 0xff, 0x00, 0xff, 0xff, 0x00, 
  0xff, 0xff, 0x00, 0xff, 0xff, 0x00, 0xff, 0xff, 0x00, 0xff, 0xff, 0x00, 
  0xff, 0xff, 0x00, 0xff, 0xff, 0x00, 0xff, 0xff, 0x00, 0xff, 0xff, 0x00, 
  0xff, 0xff, 0x00, 0xff, 0xff, 0x00, 0xff, 0xff, 0x00, 0xff, 0xff, 0x00, 
  0xff, 0xff, 0x00, 0xff, 0xff, 0x00, 0xff, 0xff, 0x00, 0xff, 0xff, 0x00, 
  0xff, 0xff, 0x00, 0xff, 0xff, 0x00, 0xff, 0xff, 0x00, 0xff, 0xff, 0x00, 
  0xff, 0xff, 0x00, 0xff, 0xff, 0x00, 0xff, 0xff, 0x00, 0xff, 0xff, 0x00, 
  0xff, 0xff, 0x00, 0xff, 0xff, 0x00, 0xff, 0xff, 0x00, 0xff, 0xff, 0x00, 
  0xff, 0xff, 0x00, 0xff, 0xff, 0x00, 0xff, 0xff, 0x00, 0xff, 0xff, 0x00, 
  0xff, 0xff, 0x00, 0xff, 0xff, 0x00, 0xff, 0xff, 0x00, 0xff, 0xff, 0x00, 
  0xff, 0xff, 0x00, 0xff, 0xff, 0x00, 0xff, 0xff, 0x00, 0xff, 0xff, 0x00, 
  0xff, 0xff, 0x00, 0xff, 0xff, 0x00, 0xff, 0xff, 0x00, 0xff, 0xff, 0x00, 
  0xff, 0xff, 0x00, 0xff, 0xff, 0x00, 0xff, 0xff, 0x00, 0xff, 0xff, 0x00, 
  0xff, 0xff, 0x00, 0xff, 0xff, 0x00, 0xff, 0xff, 0x00, 0xff, 0xff, 0x00, 
  0xff, 0xff, 0x00, 0xff, 0xff, 0x00, 0xff, 0xff, 0x00, 0xff, 0xff, 0x00, 
  0xff, 0xff, 0x00, 0xff, 0xff, 0x00, 0xff, 0xff, 0x00, 0xff, 0xff, 0x00, 
  0xff, 0xff, 0x00, 0xff, 0xff, 0x00, 0xff, 0xff, 0x00, 0xff, 0xff, 0x00, 
  0xff, 0xff, 0x00, 0xff, 0xff, 0x00, 0xff, 0xff, 0x00, 0xff, 0xff, 0x00, 
  0xff, 0xff, 0x00, 0xff, 0xff, 0x00, 0xff, 0xff, 0x00, 0xff, 0xff, 0x00, 
  0xff, 0xff, 0x00, 0xff, 0xff, 0x00, 0xff, 0xff, 0x00, 0xff, 0xff, 0x00, 
  0xff, 0xff, 0x00, 0xff, 0xff, 0x00, 0xff, 0xff, 0x00, 0xff, 0xff, 0x00, 
  0xff, 0xff, 0x00, 0xff, 0xff, 0x00, 0xff, 0xff, 0x00, 0xff, 0xff, 0x00, 
  0xff, 0xff, 0x00, 0xff, 0xff, 0x00, 0xff, 0xff, 0x00, 0xff, 0xff, 0x00, 
  0xff, 0xff, 0x00, 0xff, 0xff, 0x00, 0xff, 0xff, 0x00, 0xff, 0xff, 0x00, 
  0xff, 0xff, 0x00, 0xff, 0xff, 0x00, 0xff, 0xff, 0x00, 0xff, 0xff, 0x00, 
  0xff, 0xff, 0x00, 0xff, 0xff, 0x00, 0xff, 0xff, 0x00, 0xff, 0xff, 0x00, 
  0xff, 0xff, 0x00, 0xff, 0xff, 0x00, 0xff, 0xff, 0x00, 0xff, 0xff, 0x00, 
  0xff, 0xff, 0x00, 0xff, 0xff, 0x00, 0xff, 0xff, 0x00, 0xff, 0xff, 0x00, 
  0xff, 0xff, 0x00, 0xff, 0xff, 0x00, 0xff, 0xff, 0x00, 0xff, 0xff, 0x00, 
  0xff, 0xff, 0x00, 0xff, 0xff, 0x00, 0xff, 0xff, 0x00, 0xff, 0xff, 0x00, 
  0xff, 0xff, 0x00, 0xff, 0xff, 0x00, 0xff, 0xff, 0x00, 0xff, 0xff, 0x00, 
  0xff, 0xff, 0x00, 0xff, 0xff, 0x00, 0xff, 0xff, 0x00, 0xff, 0xff, 0x00, 
  0xff, 0xff, 0x00, 0xff, 0xff, 0x00, 0xff, 0xff, 0x00, 0xff, 0xff, 0x00, 
  0xff, 0xff, 0x00, 0xff, 0xff, 0x00, 0xff, 0xff, 0x00, 0xff, 0xff, 0x00, 
  0xff, 0xff, 0x00, 0xff, 0xff, 0x00, 0xff, 0xff, 0x00, 0xff, 0xff, 0x00, 
  0xff, 0xff, 0x00, 0xff, 0xff, 0x00, 0xff, 0xff, 0x00, 0xff, 0xff, 0x00, 
  0xff, 0xff, 0x00, 0xff, 0xff, 0x00, 0xff, 0xff, 0x00, 0xff, 0xff, 0x00, 
  0xff, 0xff, 0x00, 0xff, 0xff, 0x00, 0xff, 0xff, 0x00, 0xff, 0xff, 0x00, 
  0xff, 0xff, 0x00, 0xff, 0xff, 0x00, 0xff, 0xff, 0x00, 0xff, 0xff, 0x00, 
  0xff, 0xff, 0x00, 0xff, 0xff, 0x00, 0xff, 0xff, 0x00, 0xff, 0xff, 0x00, 
  0xff, 0xff, 0x00, 0xff, 0xff, 0x00, 0xff, 0xff, 0x00, 0xff, 0xff, 0x00, 
  0xff, 0xff, 0x00, 0xff, 0xff, 0x00, 0xff, 0xff, 0x00, 0xff, 0xff, 0x00, 
  0xff, 0xff, 0x00, 0xff, 0xff, 0x00, 0xff, 0xff, 0x00, 0xff, 0xff, 0x00, 
  0xff, 0xff, 0x00, 0xff, 0xff, 0x00, 0xff, 0xff, 0x00, 0xff, 0xff, 0x00, 
  0xff, 0xff, 0x00, 0xff, 0xff, 0x00, 0xff, 0xff, 0x00, 0xff, 0xff, 0x00, 
  0xff, 0xff, 0x00, 0xff, 0xff, 0x00, 0xff, 0xff, 0x00, 0xff, 0xff, 0x00, 
  0xff, 0xff, 0x00, 0xff, 0xff, 0x00, 0xff, 0xff, 0x00, 0xff, 0xff, 0x00, 
  0xff, 0xff, 0x00, 0xff, 0xff, 0x00, 0xff, 0xff, 0x00, 0xff, 0xff, 0x00, 
  0xff, 0xff, 0x00, 0xff, 0xff, 0x00, 0xff, 0xff, 0x00, 0xff, 0xff, 0x00, 
  0xff, 0xff, 0x00, 0xff, 0xff, 0x00, 0xff, 0xff, 0x00, 0xff, 0xff, 0x00, 
  0xff, 0xff, 0x00, 0xff, 0xff, 0x00, 0xff, 0xff, 0x00, 0xff, 0xff, 0x00, 
  0xff, 0xff, 0x00, 0xff, 0xff, 0x00, 0xff, 0xff, 0x00, 0xff, 0xff, 0x00, 
  0xff, 0xff, 0x00, 0xff, 0xff, 0x00, 0xff, 0xff, 0x00, 0xff, 0xff, 0x00, 
  0xff, 0xff, 0x00, 0xff, 0xff, 0x00, 0xff, 0xff, 0x00, 0xff, 0xff, 0x00, 
  0xff, 0xff, 0x00, 0xff, 0xff, 0x00, 0xff, 0xff, 0x00, 0xff, 0xff, 0x00, 
  0xff, 0xff, 0x00, 0xff, 0xff, 0x00, 0xff, 0xff, 0x00, 0xff, 0xff, 0x00, 
  0xff, 0xff, 0x00, 0xff, 0xff, 0x00, 0xff, 0xff, 0x00, 0xff, 0xff, 0x00, 
  0xff, 0xff, 0x00, 0xff, 0xff, 0x00, 0xff, 0xff, 0x00, 0xff, 0xff, 0x00, 
  0xff, 0xff, 0x00, 0xff, 0xff, 0x00, 0xff, 0xff, 0x00, 0xff, 0xff, 0x00, 
  0xff, 0xff, 0x00, 0xff, 0xff, 0x00, 0xff, 0xff, 0x00, 0xff, 0xff, 0x00, 
  0xff, 0xff, 0x00, 0xff, 0xff, 0x00, 0xff, 0xff, 0x00, 0xff, 0xff, 0x00, 
  0xff, 0xff, 0x00, 0xff, 0xff, 0x00, 0xff, 0xff, 0x00, 0xff, 0xff, 0x00, 
  0xff, 0xff, 0x00, 0xff, 0xff, 0x00, 0xff, 0xff, 0x00, 0xff, 0xff, 0x00, 
  0xff, 0xff, 0x00, 0xff, 0xff, 0x00, 0xff, 0xff, 0x00, 0xff, 0xff, 0x00, 
  0xff, 0xff, 0x00, 0xff, 0xff, 0x00, 0xff, 0xff, 0x00, 0xff, 0xff, 0x00, 
  0xff, 0xff, 0x00, 0xff, 0xff, 0x00, 0xff, 0xff, 0x00, 0xff, 0xff, 0x00, 
  0xff, 0xff, 0x00, 0xff, 0xff, 0x00, 0xff, 0xff, 0x00, 0xff, 0xff, 0x00, 
  0xff, 0xff, 0x00, 0xff, 0xff, 0x00, 0xff, 0xff, 0x00, 0xff, 0xff, 0x00, 
  0xff, 0xff, 0x00, 0xff, 0xff, 0x00, 0xff, 0xff, 0x00, 0xff, 0xff, 0x00, 
  0xff, 0xff, 0x00, 0xff, 0xff, 0x00, 0xff, 0xff, 0x00, 0xff, 0xff, 0x00, 
  0xff, 0xff, 0x00, 0xff, 0xff, 0x00, 0xff, 0xff, 0x00, 0xff, 0xff, 0x00, 
  0xff, 0xff, 0x00, 0xff, 0xff, 0x00, 0xff, 0xff, 0x00, 0xff, 0xff, 0x00, 
  0xff, 0xff, 0x00, 0xff, 0xff, 0x00, 0xff, 0xff, 0x00, 0xff, 0xff, 0x00, 
  0xff, 0xff, 0x00, 0xff, 0xff, 0x00, 0xff, 0xff, 0x00, 0xff, 0xff, 0x00, 
  0xff, 0xff, 0x00, 0xff, 0xff, 0x00, 0xff, 0xff, 0x00, 0xff, 0xff, 0x00, 
  0xff, 0xff, 0x00, 0xff, 0xff, 0x00, 0xff, 0xff, 0x00, 0xff, 0xff, 0x00, 
  0xff, 0xff, 0x00, 0xff, 0xff, 0x00, 0xff, 0xff, 0x00, 0xff, 0xff, 0x00, 
  0xff, 0xff, 0x00, 0xff, 0xff, 0x00, 0xff, 0xff, 0x00, 0xff, 0xff, 0x00, 
  0xff, 0xff, 0x00, 0xff, 0xff, 0x00, 0xff, 0xff, 0x00, 0xff, 0xff, 0x00, 
  0xff, 0xff, 0x00, 0xff, 0xff, 0x00, 0xff, 0xff, 0x00, 0xff, 0xff, 0x00, 
  0xff, 0xff, 0x00, 0xff, 0xff, 0x00, 0xff, 0xff, 0x00, 0xff, 0xff, 0x00, 
  0xff, 0xff, 0x00, 0xff, 0xff, 0x00, 0xff, 0xff, 0x00, 0xff, 0xff, 0x00, 
  0xff, 0xff, 0x00, 0xff, 0xff, 0x00, 0xff, 0xff, 0x00, 0xff, 0xff, 0x00, 
  0xff, 0xff, 0x00, 0xff, 0xff, 0x00, 0xff, 0xff, 0x00, 0xff, 0xff, 0x00, 
  0xff, 0xff, 0x00, 0xff, 0xff, 0x00, 0xff, 0xff, 0x00, 0xff, 0xff, 0x00, 
  0xff, 0xff, 0x00, 0xff, 0xff, 0x00, 0xff, 0xff, 0x00, 0xff, 0xff, 0x00, 
  0xff, 0xff, 0x00, 0xff, 0xff, 0x00, 0xff, 0xff, 0x00, 0xff, 0xff, 0x00, 
  0xff, 0xff, 0x00, 0xff, 0xff, 0x00, 0xff, 0xff, 0x00, 0xff, 0xff, 0x00, 
  0xff, 0xff, 0x00, 0xff, 0xff, 0x00, 0xff, 0xff, 0x00, 0xff, 0xff, 0x00, 
  0xff, 0xff, 0x00, 0xff, 0xff, 0x00, 0xff, 0xff, 0x00, 0xff, 0xff, 0x00, 
  0xff, 0xff, 0x00, 0xff, 0xff, 0x00, 0xff, 0xff, 0x00, 0xff, 0xff, 0x00, 
  0xff, 0xff, 0x00, 0xff, 0xff, 0x00, 0xff, 0xff, 0x00, 0xff, 0xff, 0x00, 
  0xff, 0xff, 0x00, 0xff, 0xff, 0x00, 0xff, 0xff, 0x00, 0xff, 0xff, 0x00, 
  0xff, 0xff, 0x00, 0xff, 0xff, 0x00, 0xff, 0xff, 0x00, 0xff, 0xff, 0x00, 
  0xff, 0xff, 0x00, 0xff, 0xff, 0x00, 0xff, 0xff, 0x00, 0xff, 0xff, 0x00, 
  0xff, 0xff, 0x00, 0xff, 0xff, 0x00, 0xff, 0xff, 0x00, 0xff, 0xff, 0x00, 
  0xff, 0xff, 0x00, 0xff, 0xff, 0x00, 0xff, 0xff, 0x00, 0xff, 0xff, 0x00, 
  0xff, 0xff, 0x00, 0xff, 0xff, 0x00, 0xff, 0xff, 0x00, 0xff, 0xff, 0x00, 
  0xff, 0xff, 0x00, 0xff, 0xff, 0x00, 0xff, 0xff, 0x00, 0xff, 0xff, 0x00, 
  0xff, 0xff, 0x00, 0xff, 0xff, 0x00, 0xff, 0xff, 0x00, 0xff, 0xff, 0x00, 
  0xff, 0xff, 0x00, 0xff, 0xff, 0x00, 0xff, 0xff, 0x00, 0xff, 0xff, 0x00, 
  0xff, 0xff, 0x00, 0xff, 0xff, 0x00, 0xff, 0xff, 0x00, 0xff, 0xff, 0x00, 
  0xff, 0xff, 0x00, 0xff, 0xff, 0x00, 0xff, 0xff, 0x00, 0xff, 0xff, 0x00, 
  0xff, 0xff, 0x00, 0xff, 0xff, 0x00, 0xff, 0xff, 0x00, 0xff, 0xff, 0x00, 
  0xff, 0xff, 0x00, 0xff, 0xff, 0x00, 0xff, 0xff, 0x00, 0xff, 0xff, 0x00, 
  0xff, 0xff, 0x00, 0xff, 0xff, 0x00, 0xff, 0xff, 0x00, 0xff, 0xff, 0x00, 
  0xff, 0xff, 0x00, 0xff, 0xff, 0x00, 0xff, 0xff, 0x00, 0xff, 0xff, 0x00, 
  0xff, 0xff, 0x00, 0xff, 0xff, 0x00, 0xff, 0xff, 0x00, 0xff, 0xff, 0x00, 
  0xff, 0xff, 0x00, 0xff, 0xff, 0x00, 0xff, 0xff, 0x00, 0xff, 0xff, 0x00, 
  0xff, 0xff, 0x00, 0xff, 0xff, 0x00, 0xff, 0xff, 0x00, 0xff, 0xff, 0x00, 
  0xff, 0xff, 0x00, 0xff, 0xff, 0x00, 0xff, 0xff, 0x00, 0xff, 0xff, 0x00, 
  0xff, 0xff, 0x00, 0xff, 0xff, 0x00, 0xff, 0xff, 0x00, 0xff, 0xff, 0x00, 
  0xff, 0xff, 0x00, 0xff, 0xff, 0x00, 0xff, 0xff, 0x00, 0xff, 0xff, 0x00, 
  0xff, 0xff, 0x00, 0xff, 0xff, 0x00, 0xff, 0xff, 0x00, 0xff, 0xff, 0x00, 
  0xff, 0xff, 0x00, 0xff, 0xff, 0x00, 0xff, 0xff, 0x00, 0xff, 0xff, 0x00, 
  0xff, 0xff, 0x00, 0xff, 0xff, 0x00, 0xff, 0xff, 0x00, 0xff, 0xff, 0x00, 
  0xff, 0xff, 0x00, 0xff, 0xff, 0x00, 0xff, 0xff, 0x00, 0xff, 0xff, 0x00, 
  0xff, 0xff, 0x00, 0xff, 0xff, 0x00, 0xff, 0xff, 0x00, 0xff, 0xff, 0x00, 
  0xff, 0xff, 0x00, 0xff, 0xff, 0x00, 0xff, 0xff, 0x00, 0xff, 0xff, 0x00, 
  0xff, 0xff, 0x00, 0xff, 0xff, 0x00, 0xff, 0xff, 0x00, 0xff, 0xff, 0x00, 
  0xff, 0xff, 0x00, 0xff, 0xff, 0x00, 0xff, 0xff, 0x00, 0xff, 0xff, 0x00, 
  0xff, 0xff, 0x00, 0xff, 0xff, 0x00, 0xff, 0xff, 0x00, 0xff, 0xff, 0x00, 
  0xff, 0xff, 0x00, 0xff, 0xff, 0x00, 0xff, 0xff, 0x00, 0xff, 0xff, 0x00, 
  0xff, 0xff, 0x00, 0xff, 0xff, 0x00, 0xff, 0xff, 0x00, 0xff, 0xff, 0x00, 
  0xff, 0xff, 0x00, 0xff, 0xff, 0x00, 0xff, 0xff, 0x00, 0xff, 0xff, 0x00, 
  0xff, 0xff, 0x00, 0xff, 0xff, 0x00, 0xff, 0xff, 0x00, 0xff, 0xff, 0x00, 
  0xff, 0xff, 0x00, 0xff, 0xff, 0x00, 0xff, 0xff, 0x00, 0xff, 0xff, 0x00, 
  0xff, 0xff, 0x00, 0xff, 0xff, 0x00, 0xff, 0xff, 0x00, 0xff, 0xff, 0x00, 
  0xff, 0xff, 0x00, 0xff, 0xff, 0x00, 0xff, 0xff, 0x00, 0xff, 0xff, 0x00, 
  0xff, 0xff, 0x00, 0xff, 0xff, 0x00, 0xff, 0xff, 0x00, 0xff, 0xff, 0x00, 
  0xff, 0xff, 0x00, 0xff, 0xff, 0x00, 0xff, 0xff, 0x00, 0xff, 0xff, 0x00, 
  0xff, 0xff, 0x00, 0xff, 0xff, 0x00, 0xff, 0xff, 0x00, 0xff, 0xff, 0x00, 
  0xff, 0xff, 0x00, 0xff, 0xff, 0x00, 0xff, 0xff, 0x00, 0xff, 0xff, 0x00, 
  0xff, 0xff, 0x00, 0xff, 0xff, 0x00, 0xff, 0xff, 0x00, 0xff, 0xff, 0x00, 
  0xff, 0xff, 0x00, 0xff, 0xff, 0x00, 0xff, 0xff, 0x00, 0xff, 0xff, 0x00, 
  0xff, 0xff, 0x00, 0xff, 0xff, 0x00, 0xff, 0xff, 0x00, 0xff, 0xff, 0x00, 
  0xff, 0xff, 0x00, 0xff, 0xff, 0x00, 0xff, 0xff, 0x00, 0xff, 0xff, 0x00, 
  0xff, 0xff, 0x00, 0xff, 0xff, 0x00, 0xff, 0xff, 0x00, 0xff, 0xff, 0x00, 
  0xff, 0xff, 0x00, 0xff, 0xff, 0x00, 0xff, 0xff, 0x00, 0xff, 0xff, 0x00, 
  0xff, 0xff, 0x00, 0xff, 0xff, 0x00, 0xff, 0xff, 0x00, 0xff, 0xff, 0x00, 
  0xff, 0xff, 0x00, 0xff, 0xff, 0x00, 0xff, 0xff, 0x00, 0xff, 0xff, 0x00, 
  0xff, 0xff, 0x00, 0xff, 0xff, 0x00, 0xff, 0xff, 0x00, 0xff, 0xff, 0x00, 
  0xff, 0xff, 0x00, 0xff, 0xff, 0x00, 0xff, 0xff, 0x00, 0xff, 0xff, 0x00, 
  0xff, 0xff, 0x00, 0xff, 0xff, 0x00, 0xff, 0xff, 0x00, 0xff, 0xff, 0x00, 
  0xff, 0xff, 0x00, 0xff, 0xff, 0x00, 0xff, 0xff, 0x00, 0xff, 0xff, 0x00, 
  0xff, 0xff, 0x00, 0xff, 0xff, 0x00, 0xff, 0xff, 0x00, 0xff, 0xff, 0x00, 
  0xff, 0xff, 0x00, 0xff, 0xff, 0x00, 0xff, 0xff, 0x00, 0xff, 0xff, 0x00, 
  0xff, 0xff, 0x00, 0xff, 0xff, 0x00, 0xff, 0xff, 0x00, 0xff, 0xff, 0x00, 
  0xff, 0xff, 0x00, 0xff, 0xff, 0x00, 0xff, 0xff, 0x00, 0xff, 0xff, 0x00, 
  0xff, 0xff, 0x00, 0xff, 0xff, 0x00, 0xff, 0xff, 0x00, 0xff, 0xff, 0x00, 
  0xff, 0xff, 0x00, 0xff, 0xff, 0x00, 0xff, 0xff, 0x00, 0xff, 0xff, 0x00, 
  0xff, 0xff, 0x00, 0xff, 0xff, 0x00, 0xff, 0xff, 0x00, 0xff, 0xff, 0x00, 
  0xff, 0xff, 0x00, 0xff, 0xff, 0x00, 0xff, 0xff, 0x00, 0xff, 0xff, 0x00, 
  0xff, 0xff, 0x00, 0xff, 0xff, 0x00, 0xff, 0xff, 0x00, 0xff, 0xff, 0x00, 
  0xff, 0xff, 0x00, 0xff, 0xff, 0x00, 0xff, 0xff, 0x00, 0xff, 0xff, 0x00, 
  0xff, 0xff, 0x00, 0xff, 0xff, 0x00, 0xff, 0xff, 0x00, 0xff, 0xff, 0x00, 
  0xff, 0xff, 0x00, 0xff, 0xff, 0x00, 0xff, 0xff, 0x00, 0xff, 0xff, 0x00, 
  0xff, 0xff, 0x00, 0xff, 0xff, 0x00, 0xff, 0xff, 0x00, 0xff, 0xff, 0x00, 
  0xff, 0xff, 0x00, 0xff, 0xff, 0x00, 0xff, 0xff, 0x00, 0xff, 0xff, 0x00, 
  0xff, 0xff, 0x00, 0xff, 0xff, 0x00, 0xff, 0xff, 0x00, 0xff, 0xff, 0x00, 
  0xff, 0xff, 0x00, 0xff, 0xff, 0x00, 0xff, 0xff, 0x00, 0xff, 0xff, 0x00, 
  0xff, 0xff, 0x00, 0xff, 0xff, 0x00, 0xff, 0xff, 0x00, 0xff, 0xff, 0x00, 
  0xff, 0xff, 0x00, 0xff, 0xff, 0x00, 0xff, 0xff, 0x00, 0xff, 0xff, 0x00, 
  0xff, 0xff, 0x00, 0xff, 0xff, 0x00, 0xff, 0xff, 0x00, 0xff, 0xff, 0x00, 
  0xff, 0xff, 0x00, 0xff, 0xff, 0x00, 0xff, 0xff, 0x00, 0xff, 0xff, 0x00, 
  0xff, 0xff, 0x00, 0xff, 0xff, 0x00, 0xff, 0xff, 0x00, 0xff, 0xff, 0x00, 
  0xff, 0xff, 0x00, 0xff, 0xff, 0x00, 0xff, 0xff, 0x00, 0xff, 0xff, 0x00, 
  0xff, 0xff, 0x00, 0xff, 0xff, 0x00, 0xff, 0xff, 0x00, 0xff, 0xff, 0x00, 
  0xff, 0xff, 0x00, 0xff, 0xff, 0x00, 0xff, 0xff, 0x00, 0xff, 0xff, 0x00, 
  0xff, 0xff, 0x00, 0xff, 0xff, 0x00, 0xff, 0xff, 0x00, 0xff, 0xff, 0x00, 
  0xff, 0xff, 0x00, 0xff, 0xff, 0x00, 0xff, 0xff, 0x00, 0xff, 0xff, 0x00, 
  0xff, 0xff, 0x00, 0xff, 0xff, 0x00, 0xff, 0xff, 0x00, 0xff, 0xff, 0x00, 
  0xff, 0xff, 0x00, 0xff, 0xff, 0x00, 0xff, 0xff, 0x00, 0xff, 0xff, 0x00, 
  0xff, 0xff, 0x00, 0xff, 0xff, 0x00, 0xff, 0xff, 0x00, 0xff, 0xff, 0x00, 
  0xff, 0xff, 0x00, 0xff, 0xff, 0x00, 0xff, 0xff, 0x00, 0xff, 0xff, 0x00, 
  0xff, 0xff, 0x00, 0xff, 0xff, 0x00, 0xff, 0xff, 0x00, 0xff, 0xff, 0x00, 
  0xff, 0xff, 0x00, 0xff, 0xff, 0x00, 0xff, 0xff, 0x00, 0xff, 0xff, 0x00, 
  0xff, 0xff, 0x00, 0xff, 0xff, 0x00, 0xff, 0xff, 0x00, 0xff, 0xff, 0x00, 
  0xff, 0xff, 0x00, 0xff, 0xff, 0x00, 0xff, 0xff, 0x00, 0xff, 0xff, 0x00, 
  0xff, 0xff, 0x00, 0xff, 0xff, 0x00, 0xff, 0xff, 0x00, 0xff, 0xff, 0x00, 
  0xff, 0xff, 0x00, 0xff, 0xff, 0x00, 0xff, 0xff, 0x00, 0xff, 0xff, 0x00, 
  0xff, 0xff, 0x00, 0xff, 0xff, 0x00, 0xff, 0xff, 0x00, 0xff, 0xff, 0x00, 
  0xff, 0xff, 0x00, 0xff, 0xff, 0x00, 0xff, 0xff, 0x00, 0xff, 0xff, 0x00, 
  0xff, 0xff, 0x00, 0xff, 0xff, 0x00, 0xff, 0xff, 0x00, 0xff, 0xff, 0x00, 
  0xff, 0xff, 0x00, 0xff, 0xff, 0x00, 0xff, 0xff, 0x00, 0xff, 0xff, 0x00, 
  0xff, 0xff, 0x00, 0xff, 0xff, 0x00, 0xff, 0xff, 0x00, 0xff, 0xff, 0x00, 
  0xff, 0xff, 0x00, 0xff, 0xff, 0x00, 0xff, 0xff, 0x00, 0xff, 0xff, 0x00, 
  0xff, 0xff, 0x00, 0xff, 0xff, 0x00, 0xff, 0xff, 0x00, 0xff, 0xff, 0x00, 
  0xff, 0xff, 0x00, 0xff, 0xff, 0x00, 0xff, 0xff, 0x00, 0xff, 0xff, 0x00, 
  0xff, 0xff, 0x00, 0xff, 0xff, 0x00, 0xff, 0xff, 0x00, 0xff, 0xff, 0x00, 
  0xff, 0xff, 0x00, 0xff, 0xff, 0x00, 0xff, 0xff, 0x00, 0xff, 0xff, 0x00, 
  0xff, 0xff, 0x00, 0xff, 0xff, 0x00, 0xff, 0xff, 0x00, 0xff, 0xff, 0x00, 
  0xff, 0xff, 0x00, 0xff, 0xff, 0x00, 0xff, 0xff, 0x00, 0xff, 0xff, 0x00, 
  0xff, 0xff, 0x00, 0xff, 0xff, 0x00, 0xff, 0xff, 0x00, 0xff, 0xff, 0x00, 
  0xff, 0xff, 0x00, 0xff, 0xff, 0x00, 0xff, 0xff, 0x00, 0xff, 0xff, 0x00, 
  0xff, 0xff, 0x00, 0xff, 0xff, 0x00, 0xff, 0xff, 0x00, 0xff, 0xff, 0x00, 
  0xff, 0xff, 0x00, 0xff, 0xff, 0x00, 0xff, 0xff, 0x00, 0xff, 0xff, 0x00, 
  0xff, 0xff, 0x00, 0xff, 0xff, 0x00, 0xff, 0xff, 0x00, 0xff, 0xff, 0x00, 
  0xff, 0xff, 0x00, 0xff, 0xff, 0x00, 0xff, 0xff, 0x00, 0xff, 0xff, 0x00, 
  0xff, 0xff, 0x00, 0xff, 0xff, 0x00, 0xff, 0xff, 0x00, 0xff, 0xff, 0x00, 
  0xff, 0xff, 0x00, 0xff, 0xff, 0x00, 0xff, 0xff, 0x00, 0xff, 0xff, 0x00, 
  0xff, 0xff, 0x00, 0xff, 0xff, 0x00, 0xff, 0xff, 0x00, 0xff, 0xff, 0x00, 
  0xff, 0xff, 0x00, 0xff, 0xff, 0x00, 0xff, 0xff, 0x00, 0xff, 0xff, 0x00, 
  0xff, 0xff, 0x00, 0xff, 0xff, 0x00, 0xff, 0xff, 0x00, 0xff, 0xff, 0x00, 
  0xff, 0xff, 0x00, 0xff, 0xff, 0x00, 0xff, 0xff, 0x00, 0xff, 0xff, 0x00, 
  0xff, 0xff, 0x00, 0xff, 0xff, 0x00, 0xff, 0xff, 0x00, 0xff, 0xff, 0x00, 
  0xff, 0xff, 0x00, 0xff, 0xff, 0x00, 0xff, 0xff, 0x00, 0xff, 0xff, 0x00, 
  0xff, 0xff, 0x00, 0xff, 0xff, 0x00, 0xff, 0xff, 0x00, 0xff, 0xff, 0x00, 
  0xff, 0xff, 0x00, 0xff, 0xff, 0x00, 0xff, 0xff, 0x00, 0xff, 0xff, 0x00, 
  0xff, 0xff, 0x00, 0xff, 0xff, 0x00, 0xff, 0xff, 0x00, 0xff, 0xff, 0x00, 
  0xff, 0xff, 0x00, 0xff, 0xff, 0x00, 0xff, 0xff, 0x00, 0xff, 0xff, 0x00, 
  0xff, 0xff, 0x00, 0xff, 0xff, 0x00, 0xff, 0xff, 0x00, 0xff, 0xff, 0x00, 
  0xff, 0xff, 0x00, 0xff, 0xff, 0x00, 0xff, 0xff, 0x00, 0xff, 0xff, 0x00, 
  0xff, 0xff, 0x00, 0xff, 0xff, 0x00, 0xff, 0xff, 0x00, 0xff, 0xff, 0x00, 
  0xff, 0xff, 0x00, 0xff, 0xff, 0x00, 0xff, 0xff, 0x00, 0xff, 0xff, 0x00, 
  0xff, 0xff, 0x00, 0xff, 0xff, 0x00, 0xff, 0xff, 0x00, 0xff, 0xff, 0x00, 
  0xff, 0xff, 0x00, 0xff, 0xff, 0x00, 0xff, 0xff, 0x00, 0xff, 0xff, 0x00, 
  0xff, 0xff, 0x00, 0xff, 0xff, 0x00, 0xff, 0xff, 0x00, 0xff, 0xff, 0x00, 
  0xff, 0xff, 0x00, 0xff, 0xff, 0x00, 0xff, 0xff, 0x00, 0xff, 0xff, 0x00, 
  0xff, 0xff, 0x00, 0xff, 0xff, 0x00, 0xff, 0xff, 0x00, 0xff, 0xff, 0x00, 
  0xff, 0xff, 0x00, 0xff, 0xff, 0x00, 0xff, 0xff, 0x00, 0xff, 0xff, 0x00, 
  0xff, 0xff, 0x00, 0xff, 0xff, 0x00, 0xff, 0xff, 0x00, 0xff, 0xff, 0x00, 
  0xff, 0xff, 0x00, 0xff, 0xff, 0x00, 0xff, 0xff, 0x00, 0xff, 0xff, 0x00, 
  0xff, 0xff, 0x00, 0xff, 0xff, 0x00, 0xff, 0xff, 0x00, 0xff, 0xff, 0x00, 
  0xff, 0xff, 0x00, 0xff, 0xff, 0x00, 0xff, 0xff, 0x00, 0xff, 0xff, 0x00, 
  0xff, 0xff, 0x00, 0xff, 0xff, 0x00, 0xff, 0xff, 0x00, 0xff, 0xff, 0x00, 
  0xff, 0xff, 0x00, 0xff, 0xff, 0x00, 0xff, 0xff, 0x00, 0xff, 0xff, 0x00, 
  0xff, 0xff, 0x00, 0xff, 0xff, 0x00, 0xff, 0xff, 0x00, 0xff, 0xff, 0x00, 
  0xff, 0xff, 0x00, 0xff, 0xff, 0x00, 0xff, 0xff, 0x00, 0xff, 0xff, 0x00, 
  0xff, 0xff, 0x00, 0xff, 0xff, 0x00, 0xff, 0xff, 0x00, 0xff, 0xff, 0x00, 
  0xff, 0xff, 0x00, 0xff, 0xff, 0x00, 0xff, 0xff, 0x00, 0xff, 0xff, 0x00, 
  0xff, 0xff, 0x00, 0xff, 0xff, 0x00, 0xff, 0xff, 0x00, 0xff, 0xff, 0x00, 
  0xff, 0xff, 0x00, 0xff, 0xff, 0x00, 0xff, 0xff, 0x00, 0xff, 0xff, 0x00, 
  0xff, 0xff, 0x00, 0xff, 0xff, 0x00, 0xff, 0xff, 0x00, 0xff, 0xff, 0x00, 
  0xff, 0xff, 0x00, 0xff, 0xff, 0x00, 0xff, 0xff, 0x00, 0xff, 0xff, 0x00, 
  0xff, 0xff, 0x00, 0xff, 0xff, 0x00, 0xff, 0xff, 0x00, 0xff, 0xff, 0x00, 
  0xff, 0xff, 0x00, 0xff, 0xff, 0x00, 0xff, 0xff, 0x00, 0xff, 0xff, 0x00, 
  0xff, 0xff, 0x00, 0xff, 0xff, 0x00, 0xff, 0xff, 0x00, 0xff, 0xff, 0x00, 
  0xff, 0xff, 0x00, 0xff, 0xff, 0x00, 0xff, 0xff, 0x00, 0xff, 0xff, 0x00, 
  0xff, 0xff, 0x00, 0xff, 0xff, 0x00, 0xff, 0xff, 0x00, 0xff, 0xff, 0x00, 
  0xff, 0xff, 0x00, 0xff, 0xff, 0x00, 0xff, 0xff, 0x00, 0xff, 0xff, 0x00, 
  0xff, 0xff, 0x00, 0xff, 0xff, 0x00, 0xff, 0xff, 0x00, 0xff, 0xff, 0x00, 
  0xff, 0xff, 0x00, 0xff, 0xff, 0x00, 0xff, 0xff, 0x00, 0xff, 0xff, 0x00, 
  0xff, 0xff, 0x00, 0xff, 0xff, 0x00, 0xff, 0xff, 0x00, 0xff, 0xff, 0x00, 
  0xff, 0xff, 0x00, 0xff, 0xff, 0x00, 0xff, 0xff, 0x00, 0xff, 0xff, 0x00, 
  0xff, 0xff, 0x00, 0xff, 0xff, 0x00, 0xff, 0xff, 0x00, 0xff, 0xff, 0x00, 
  0xff, 0xff, 0x00, 0xff, 0xff, 0x00, 0xff, 0xff, 0x00, 0xff, 0xff, 0x00, 
  0xff, 0xff, 0x00, 0xff, 0xff, 0x00, 0xff, 0xff, 0x00, 0xff, 0xff, 0x00, 
  0xff, 0xff, 0x00, 0xff, 0xff, 0x00, 0xff, 0xff, 0x00, 0xff, 0xff, 0x00, 
  0xff, 0xff, 0x00, 0xff, 0xff, 0x00, 0xff, 0xff, 0x00, 0xff, 0xff, 0x00, 
  0xff, 0xff, 0x00, 0xff, 0xff, 0x00, 0xff, 0xff, 0x00, 0xff, 0xff, 0x00, 
  0xff, 0xff, 0x00, 0xff, 0xff, 0x00, 0xff, 0xff, 0x00, 0xff, 0xff, 0x00, 
  0xff, 0xff, 0x00, 0xff, 0xff, 0x00, 0xff, 0xff, 0x00, 0xff, 0xff, 0x00, 
  0xff, 0xff, 0x00, 0xff, 0xff, 0x00, 0xff, 0xff, 0x00, 0xff, 0xff, 0x00, 
  0xff, 0xff, 0x00, 0xff, 0xff, 0x00, 0xff, 0xff, 0x00, 0xff, 0xff, 0x00, 
  0xff, 0xff, 0x00, 0xff, 0xff, 0x00, 0xff, 0xff, 0x00, 0xff, 0xff, 0x00, 
  0xff, 0xff, 0x00, 0xff, 0xff, 0x00, 0xff, 0xff, 0x00, 0xff, 0xff, 0x00, 
  0xff, 0xff, 0x00, 0xff, 0xff, 0x00, 0xff, 0xff, 0x00, 0xff, 0xff, 0x00, 
  0xff, 0xff, 0x00, 0xff, 0xff, 0x00, 0xff, 0xff, 0x00, 0xff, 0xff, 0x00, 
  0xff, 0xff, 0x00, 0xff, 0xff, 0x00, 0xff, 0xff, 0x00, 0xff, 0xff, 0x00, 
  0xff, 0xff, 0x00, 0xff, 0xff, 0x00, 0xff, 0xff, 0x00, 0xff, 0xff, 0x00, 
  0xff, 0xff, 0x00, 0xff, 0xff, 0x00, 0xff, 0xff, 0x00, 0xff, 0xff, 0x00, 
  0xff, 0xff, 0x00, 0xff, 0xff, 0x00, 0xff, 0xff, 0x00, 0xff, 0xff, 0x00, 
  0xff, 0xff, 0x00, 0xff, 0xff, 0x00, 0xff, 0xff, 0x00, 0xff, 0xff, 0x00, 
  0xff, 0xff, 0x00, 0xff, 0xff, 0x00, 0xff, 0xff, 0x00, 0xff, 0xff, 0x00, 
  0xff, 0xff, 0x00, 0xff, 0xff, 0x00, 0xff, 0xff, 0x00, 0xff, 0xff, 0x00, 
  0xff, 0xff, 0x00, 0xff, 0xff, 0x00, 0xff, 0xff, 0x00, 0xff, 0xff, 0x00, 
  0xff, 0xff, 0x00, 0xff, 0xff, 0x00, 0xff, 0xff, 0x00, 0xff, 0xff, 0x00, 
  0xff, 0xff, 0x00, 0xff, 0xff, 0x00, 0xff, 0xff, 0x00, 0xff, 0xff, 0x00, 
  0xff, 0xff, 0x00, 0xff, 0xff, 0x00, 0xff, 0xff, 0x00, 0xff, 0xff, 0x00, 
  0xff, 0xff, 0x00, 0xff, 0xff, 0x00, 0xff, 0xff, 0x00, 0xff, 0xff, 0x00, 
  0xff, 0xff, 0x00, 0xff, 0xff, 0x00, 0xff, 0xff, 0x00, 0xff, 0xff, 0x00, 
  0xff, 0xff, 0x00, 0xff, 0xff, 0x00, 0xff, 0xff, 0x00, 0xff, 0xff, 0x00, 
  0xff, 0xff, 0x00, 0xff, 0xff, 0x00, 0xff, 0xff, 0x00, 0xff, 0xff, 0x00, 
  0xff, 0xff, 0x00, 0xff, 0xff, 0x00, 0xff, 0xff, 0x00, 0xff, 0xff, 0x00, 
  0xff, 0xff, 0x00, 0xff, 0xff, 0x00, 0xff, 0xff, 0x00, 0xff, 0xff, 0x00, 
  0xff, 0xff, 0x00, 0xff, 0xff, 0x00, 0xff, 0xff, 0x00, 0xff, 0xff, 0x00, 
  0xff, 0xff, 0x00, 0xff, 0xff, 0x00, 0xff, 0xff, 0x00, 0xff, 0xff, 0x00, 
  0xff, 0xff, 0x00, 0xff, 0xff, 0x00, 0xff, 0xff, 0x00, 0xff, 0xff, 0x00, 
  0xff, 0xff, 0x00, 0xff, 0xff, 0x00, 0xff, 0xff, 0x00, 0xff, 0xff, 0x00, 
  0xff, 0xff, 0x00, 0xff, 0xff, 0x00, 0xff, 0xff, 0x00, 0xff, 0xff, 0x00, 
  0xff, 0xff, 0x00, 0xff, 0xff, 0x00, 0xff, 0xff, 0x00, 0xff, 0xff, 0x00, 
  0xff, 0xff, 0x00, 0xff, 0xff, 0x00, 0xff, 0xff, 0x00, 0xff, 0xff, 0x00, 
  0xff, 0xff, 0x00, 0xff, 0xff, 0x00, 0xff, 0xff, 0x00, 0xff, 0xff, 0x00, 
  0xff, 0xff, 0x00, 0xff, 0xff, 0x00, 0xff, 0xff, 0x00, 0xff, 0xff, 0x00, 
  0xff, 0xff, 0x00, 0xff, 0xff, 0x00, 0xff, 0xff, 0x00, 0xff, 0xff, 0x00, 
  0xff, 0xff, 0x00, 0xff, 0xff, 0x00, 0xff, 0xff, 0x00, 0xff, 0xff, 0x00, 
  0xff, 0xff, 0x00, 0xff, 0xff, 0x00, 0xff, 0xff, 0x00, 0xff, 0xff, 0x00, 
  0xff, 0xff, 0x00, 0xff, 0xff, 0x00, 0xff, 0xff, 0x00, 0xff, 0xff, 0x00, 
  0xff, 0xff, 0x00, 0xff, 0xff, 0x00, 0xff, 0xff, 0x00, 0xff, 0xff, 0x00, 
  0xff, 0xff, 0x00, 0xff, 0xff, 0x00, 0xff, 0xff, 0x00, 0xff, 0xff, 0x00, 
  0xff, 0xff, 0x00, 0xff, 0xff, 0x00, 0xff, 0xff, 0x00, 0xff, 0xff, 0x00, 
  0xff, 0xff, 0x00, 0xff, 0xff, 0x00, 0xff, 0xff, 0x00, 0xff, 0xff, 0x00, 
  0xff, 0xff, 0x00, 0xff, 0xff, 0x00, 0xff, 0xff, 0x00, 0xff, 0xff, 0x00, 
  0xff, 0xff, 0x00, 0xff, 0xff, 0x00, 0xff, 0xff, 0x00, 0xff, 0xff, 0x00, 
  0xff, 0xff, 0x00, 0xff, 0xff, 0x00, 0xff, 0xff, 0x00, 0xff, 0xff, 0x00, 
  0xff, 0xff, 0x00, 0xff, 0xff, 0x00, 0xff, 0xff, 0x00, 0xff, 0xff, 0x00, 
  0xff, 0xff, 0x00, 0xff, 0xff, 0x00, 0xff, 0xff, 0x00, 0xff, 0xff, 0x00, 
  0xff, 0xff, 0x00, 0xff, 0xff, 0x00, 0xff, 0xff, 0x00, 0xff, 0xff, 0x00, 
  0xff, 0xff, 0x00, 0xff, 0xff, 0x00, 0xff, 0xff, 0x00, 0xff, 0xff, 0x00, 
  0xff, 0xff, 0x00, 0xff, 0xff, 0x00, 0xff, 0xff, 0x00, 0xff, 0xff, 0x00, 
  0xff, 0xff, 0x00, 0xff, 0xff, 0x00, 0xff, 0xff, 0x00, 0xff, 0xff, 0x00, 
  0xff, 0xff, 0x00, 0xff, 0xff, 0x00, 0xff, 0xff, 0x00, 0xff, 0xff, 0x00, 
  0xff, 0xff, 0x00, 0xff, 0xff, 0x00, 0xff, 0xff, 0x00, 0xff, 0xff, 0x00, 
  0xff, 0xff, 0x00, 0xff, 0xff, 0x00, 0xff, 0xff, 0x00, 0xff, 0xff, 0x00, 
  0xff, 0xff, 0x00, 0xff, 0xff, 0x00, 0xff, 0xff, 0x00, 0xff, 0xff, 0x00, 
  0xff, 0xff, 0x00, 0xff, 0xff, 0x00, 0xff, 0xff, 0x00, 0xff, 0xff, 0x00, 
  0xff, 0xff, 0x00, 0xff, 0xff, 0x00, 0xff, 0xff, 0x00, 0xff, 0xff, 0x00, 
  0xff, 0xff, 0x00, 0xff, 0xff, 0x00, 0xff, 0xff, 0x00, 0xff, 0xff, 0x00, 
  0xff, 0xff, 0x00, 0xff, 0xff, 0x00, 0xff, 0xff, 0x00, 0xff, 0xff, 0x00, 
  0xff, 0xff, 0x00, 0xff, 0xff, 0x00, 0xff, 0xff, 0x00, 0xff, 0xff, 0x00, 
  0xff, 0xff, 0x00, 0xff, 0xff, 0x00, 0xff, 0xff, 0x00, 0xff, 0xff, 0x00, 
  0xff, 0xff, 0x00, 0xff, 0xff, 0x00, 0xff, 0xff, 0x00, 0xff, 0xff, 0x00, 
  0xff, 0xff, 0x00, 0xff, 0xff, 0x00, 0xff, 0xff, 0x00, 0xff, 0xff, 0x00, 
  0xff, 0xff, 0x00, 0xff, 0xff, 0x00, 0xff, 0xff, 0x00, 0xff, 0xff, 0x00, 
  0xff, 0xff, 0x00, 0xff, 0xff, 0x00, 0xff, 0xff, 0x00, 0xff, 0xff, 0x00, 
  0xff, 0xff, 0x00, 0xff, 0xff, 0x00, 0xff, 0xff, 0x00, 0xff, 0xff, 0x00, 
  0xff, 0xff, 0x00, 0xff, 0xff, 0x00, 0xff, 0xff, 0x00, 0xff, 0xff, 0x00, 
  0xff, 0xff, 0x00, 0xff, 0xff, 0x00, 0xff, 0xff, 0x00, 0xff, 0xff, 0x00, 
  0xff, 0xff, 0x00, 0xff, 0xff, 0x00, 0xff, 0xff, 0x00, 0xff, 0xff, 0x00, 
  0xff, 0xff, 0x00, 0xff, 0xff, 0x00, 0xff, 0xff, 0x00, 0xff, 0xff, 0x00, 
  0xff, 0xff, 0x00, 0xff, 0xff, 0x00, 0xff, 0xff, 0x00, 0xff, 0xff, 0x00, 
  0xff, 0xff, 0x00, 0xff, 0xff, 0x00, 0xff, 0xff, 0x00, 0xff, 0xff, 0x00, 
  0xff, 0xff, 0x00, 0xff, 0xff, 0x00, 0xff, 0xff, 0x00, 0xff, 0xff, 0x00, 
  0xff, 0xff, 0x00, 0xff, 0xff, 0x00, 0xff, 0xff, 0x00, 0xff, 0xff, 0x00, 
  0xff, 0xff, 0x00, 0xff, 0xff, 0x00, 0xff, 0xff, 0x00, 0xff, 0xff, 0x00, 
  0xff, 0xff, 0x00, 0xff, 0xff, 0x00, 0xff, 0xff, 0x00, 0xff, 0xff, 0x00, 
  0xff, 0xff, 0x00, 0xff, 0xff, 0x00, 0xff, 0xff, 0x00, 0xff, 0xff, 0x00, 
  0xff, 0xff, 0x00, 0xff, 0xff, 0x00, 0xff, 0xff, 0x00, 0xff, 0xff, 0x00, 
  0xff, 0xff, 0x00, 0xff, 0xff, 0x00, 0xff, 0xff, 0x00, 0xff, 0xff, 0x00, 
  0xff, 0xff, 0x00, 0xff, 0xff, 0x00, 0xff, 0xff, 0x00, 0xff, 0xff, 0x00, 
  0xff, 0xff, 0x00, 0xff, 0xff, 0x00, 0xff, 0xff, 0x00, 0xff, 0xff, 0x00, 
  0xff, 0xff, 0x00, 0xff, 0xff, 0x00, 0xff, 0xff, 0x00, 0xff, 0xff, 0x00, 
  0xff, 0xff, 0x00, 0xff, 0xff, 0x00, 0xff, 0xff, 0x00, 0xff, 0xff, 0x00, 
  0xff, 0xff, 0x00, 0xff, 0xff, 0x00, 0xff, 0xff, 0x00, 0xff, 0xff, 0x00, 
  0xff, 0xff, 0x00, 0xff, 0xff, 0x00, 0xff, 0xff, 0x00, 0xff, 0xff, 0x00, 
  0xff, 0xff, 0x00, 0xff, 0xff, 0x00, 0xff, 0xff, 0x00, 0xff, 0xff, 0x00, 
  0xff, 0xff, 0x00, 0xff, 0xff, 0x00, 0xff, 0xff, 0x00, 0xff, 0xff, 0x00, 
  0xff, 0xff, 0x00, 0xff, 0xff, 0x00, 0xff, 0xff, 0x00, 0xff, 0xff, 0x00, 
  0xff, 0xff, 0x00, 0xff, 0xff, 0x00, 0xff, 0xff, 0x00, 0xff, 0xff, 0x00, 
  0xff, 0xff, 0x00, 0xff, 0xff, 0x00, 0xff, 0xff, 0x00, 0xff, 0xff, 0x00, 
  0xff, 0xff, 0x00, 0xff, 0xff, 0x00, 0xff, 0xff, 0x00, 0xff, 0xff, 0x00, 
  0xff, 0xff, 0x00, 0xff, 0xff, 0x00, 0xff, 0xff, 0x00, 0xff, 0xff, 0x00, 
  0xff, 0xff, 0x00, 0xff, 0xff, 0x00, 0xff, 0xff, 0x00, 0xff, 0xff, 0x00, 
  0xff, 0xff, 0x00, 0xff, 0xff, 0x00, 0xff, 0xff, 0x00, 0xff, 0xff, 0x00, 
  0xff, 0xff, 0x00, 0xff, 0xff, 0x00, 0xff, 0xff, 0x00, 0xff, 0xff, 0x00, 
  0xff, 0xff, 0x00, 0xff, 0xff, 0x00, 0xff, 0xff, 0x00, 0xff, 0xff, 0x00, 
  0xff, 0xff, 0x00, 0xff, 0xff, 0x00, 0xff, 0xff, 0x00, 0xff, 0xff, 0x00, 
  0xff, 0xff, 0x00, 0xff, 0xff, 0x00, 0xff, 0xff, 0x00, 0xff, 0xff, 0x00, 
  0xff, 0xff, 0x00, 0xff, 0xff, 0x00, 0xff, 0xff, 0x00, 0xff, 0xff, 0x00, 
  0xff, 0xff, 0x00, 0xff, 0xff, 0x00, 0xff, 0xff, 0x00, 0xff, 0xff, 0x00, 
  0xff, 0xff, 0x00, 0xff, 0xff, 0x00, 0xff, 0xff, 0x00, 0xff, 0xff, 0x00, 
  0xff, 0xff, 0x00, 0xff, 0xff, 0x00, 0xff, 0xff, 0x00, 0xff, 0xff, 0x00, 
  0xff, 0xff, 0x00, 0xff, 0xff, 0x00, 0xff, 0xff, 0x00, 0xff, 0xff, 0x00, 
  0xff, 0xff, 0x00, 0xff, 0xff, 0x00, 0xff, 0xff, 0x00, 0xff, 0xff, 0x00, 
  0xff, 0xff, 0x00, 0xff, 0xff, 0x00, 0xff, 0xff, 0x00, 0xff, 0xff, 0x00, 
  0xff, 0xff, 0x00, 0xff, 0xff, 0x00, 0xff, 0xff, 0x00, 0xff, 0xff, 0x00, 
  0xff, 0xff, 0x00, 0xff, 0xff, 0x00, 0xff, 0xff, 0x00, 0xff, 0xff, 0x00, 
  0xff, 0xff, 0x00, 0xff, 0xff, 0x00, 0xff, 0xff, 0x00, 0xff, 0xff, 0x00, 
  0xff, 0xff, 0x00, 0xff, 0xff, 0x00, 0xff, 0xff, 0x00, 0xff, 0xff, 0x00, 
  0xff, 0xff, 0x00, 0xff, 0xff, 0x00, 0xff, 0xff, 0x00, 0xff, 0xff, 0x00, 
  0xff, 0xff, 0x00, 0xff, 0xff, 0x00, 0xff, 0xff, 0x00, 0xff, 0xff, 0x00, 
  0xff, 0xff, 0x00, 0xff, 0xff, 0x00, 0xff, 0xff, 0x00, 0xff, 0xff, 0x00, 
  0xff, 0xff, 0x00, 0xff, 0xff, 0x00, 0xff, 0xff, 0x00, 0xff, 0xff, 0x00, 
  0xff, 0xff, 0x00, 0xff, 0xff, 0x00, 0xff, 0xff, 0x00, 0xff, 0xff, 0x00, 
  0xff, 0xff, 0x00, 0xff, 0xff, 0x00, 0xff, 0xff, 0x00, 0xff, 0xff, 0x00, 
  0xff, 0xff, 0x00, 0xff, 0xff, 0x00, 0xff, 0xff, 0x00, 0xff, 0xff, 0x00, 
  0xff, 0xff, 0x00, 0xff, 0xff, 0x00, 0xff, 0xff, 0x00, 0xff, 0xff, 0x00, 
  0xff, 0xff, 0x00, 0xff, 0xff, 0x00, 0xff, 0xff, 0x00, 0xff, 0xff, 0x00, 
  0xff, 0xff, 0x00, 0xff, 0xff, 0x00, 0xff, 0xff, 0x00, 0xff, 0xff, 0x00, 
  0xff, 0xff, 0x00, 0xff, 0xff, 0x00, 0xff, 0xff, 0x00, 0xff, 0xff, 0x00, 
  0xff, 0xff, 0x00, 0xff, 0xff, 0x00, 0xff, 0xff, 0x00, 0xff, 0xff, 0x00, 
  0xff, 0xff, 0x00, 0xff, 0xff, 0x00, 0xff, 0xff, 0x00, 0xff, 0xff, 0x00, 
  0xff, 0xff, 0x00, 0xff, 0xff, 0x00, 0xff, 0xff, 0x00, 0xff, 0xff, 0x00, 
  0xff, 0xff, 0x00, 0xff, 0xff, 0x00, 0xff, 0xff, 0x00, 0xff, 0xff, 0x00, 
  0xff, 0xff, 0x00, 0xff, 0xff, 0x00, 0xff, 0xff, 0x00, 0xff, 0xff, 0x00, 
  0xff, 0xff, 0x00, 0xff, 0xff, 0x00, 0xff, 0xff, 0x00, 0xff, 0xff, 0x00, 
  0xff, 0xff, 0x00, 0xff, 0xff, 0x00, 0xff, 0xff, 0x00, 0xff, 0xff, 0x00, 
  0xff, 0xff, 0x00, 0xff, 0xff, 0x00, 0xff, 0xff, 0x00, 0xff, 0xff, 0x00, 
  0xff, 0xff, 0x00, 0xff, 0xff, 0x00, 0xff, 0xff, 0x00, 0xff, 0xff, 0x00, 
  0xff, 0xff, 0x00, 0xff, 0xff, 0x00, 0xff, 0xff, 0x00, 0xff, 0xff, 0x00, 
  0xff, 0xff, 0x00, 0xff, 0xff, 0x00, 0xff, 0xff, 0x00, 0xff, 0xff, 0x00, 
  0xff, 0xff, 0x00, 0xff, 0xff, 0x00, 0xff, 0xff, 0x00, 0xff, 0xff, 0x00, 
  0xff, 0xff, 0x00, 0xff, 0xff, 0x00, 0xff, 0xff, 0x00, 0xff, 0xff, 0x00, 
  0xff, 0xff, 0x00, 0xff, 0xff, 0x00, 0xff, 0xff, 0x00, 0xff, 0xff, 0x00, 
  0xff, 0xff, 0x00, 0xff, 0xff, 0x00, 0xff, 0xff, 0x00, 0xff, 0xff, 0x00, 
  0xff, 0xff, 0x00, 0xff, 0xff, 0x00, 0xff, 0xff, 0x00, 0xff, 0xff, 0x00, 
  0xff, 0xff, 0x00, 0xff, 0xff, 0x00, 0xff, 0xff, 0x00, 0xff, 0xff, 0x00, 
  0xff, 0xff, 0x00, 0xff, 0xff, 0x00, 0xff, 0xff, 0x00, 0xff, 0xff, 0x00, 
  0xff, 0xff, 0x00, 0xff, 0xff, 0x00, 0xff, 0xff, 0x00, 0xff, 0xff, 0x00, 
  0xff, 0xff, 0x00, 0xff, 0xff, 0x00, 0xff, 0xff, 0x00, 0xff, 0xff, 0x00, 
  0xff, 0xff, 0x00, 0xff, 0xff, 0x00, 0xff, 0xff, 0x00, 0xff, 0xff, 0x00, 
  0xff, 0xff, 0x00, 0xff, 0xff, 0x00, 0xff, 0xff, 0x00, 0xff, 0xff, 0x00, 
  0xff, 0xff, 0x00, 0xff, 0xff, 0x00, 0xff, 0xff, 0x00, 0xff, 0xff, 0x00, 
  0xff, 0xff, 0x00, 0xff, 0xff, 0x00, 0xff, 0xff, 0x00, 0xff, 0xff, 0x00, 
  0xff, 0xff, 0x00, 0xff, 0xff, 0x00, 0xff, 0xff, 0x00, 0xff, 0xff, 0x00, 
  0xff, 0xff, 0x00, 0xff, 0xff, 0x00, 0xff, 0xff, 0x00, 0xff, 0xff, 0x00, 
  0xff, 0xff, 0x00, 0xff, 0xff, 0x00, 0xff, 0xff, 0x00, 0xff, 0xff, 0x00, 
  0xff, 0xff, 0x00, 0xff, 0xff, 0x00, 0xff, 0xff, 0x00, 0xff, 0xff, 0x00, 
  0xff, 0xff, 0x00, 0xff, 0xff, 0x00, 0xff, 0xff, 0x00, 0xff, 0xff, 0x00, 
  0xff, 0xff, 0x00, 0xff, 0xff, 0x00, 0xff, 0xff, 0x00, 0xff, 0xff, 0x00, 
  0xff, 0xff, 0x00, 0xff, 0xff, 0x00, 0xff, 0xff, 0x00, 0xff, 0xff, 0x00, 
  0xff, 0xff, 0x00, 0xff, 0xff, 0x00, 0xff, 0xff, 0x00, 0xff, 0xff, 0x00, 
  0xff, 0xff, 0x00, 0xff, 0xff, 0x00, 0xff, 0xff, 0x00, 0xff, 0xff, 0x00, 
  0xff, 0xff, 0x00, 0xff, 0xff, 0x00, 0xff, 0xff, 0x00, 0xff, 0xff, 0x00, 
  0xff, 0xff, 0x00, 0xff, 0xff, 0x00, 0xff, 0xff, 0x00, 0xff, 0xff, 0x00, 
  0xff, 0xff, 0x00, 0xff, 0xff, 0x00, 0xff, 0xff, 0x00, 0xff, 0xff, 0x00, 
  0xff, 0xff, 0x00, 0xff, 0xff, 0x00, 0xff, 0xff, 0x00, 0xff, 0xff, 0x00, 
  0xff, 0xff, 0x00, 0xff, 0xff, 0x00, 0xff, 0xff, 0x00, 0xff, 0xff, 0x00, 
  0xff, 0xff, 0x00, 0xff, 0xff, 0x00, 0xff, 0xff, 0x00, 0xff, 0xff, 0x00, 
  0xff, 0xff, 0x00, 0xff, 0xff, 0x00, 0xff, 0xff, 0x00, 0xff, 0xff, 0x00, 
  0xff, 0xff, 0x00, 0xff, 0xff, 0x00, 0xff, 0xff, 0x00, 0xff, 0xff, 0x00, 
  0xff, 0xff, 0x00, 0xff, 0xff, 0x00, 0xff, 0xff, 0x00, 0xff, 0xff, 0x00, 
  0xff, 0xff, 0x00, 0xff, 0xff, 0x00, 0xff, 0xff, 0x00, 0xff, 0xff, 0x00, 
  0xff, 0xff, 0x00, 0xff, 0xff, 0x00, 0xff, 0xff, 0x00, 0xff, 0xff, 0x00, 
  0xff, 0xff, 0x00, 0xff, 0xff, 0x00, 0xff, 0xff, 0x00, 0xff, 0xff, 0x00, 
  0xff, 0xff, 0x00, 0xff, 0xff, 0x00, 0xff, 0xff, 0x00, 0xff, 0xff, 0x00, 
  0xff, 0xff, 0x00, 0xff, 0xff, 0x00, 0xff, 0xff, 0x00, 0xff, 0xff, 0x00, 
  0xff, 0xff, 0x00, 0xff, 0xff, 0x00, 0xff, 0xff, 0x00, 0xff, 0xff, 0x00, 
  0xff, 0xff, 0x00, 0xff, 0xff, 0x00, 0xff, 0xff, 0x00, 0xff, 0xff, 0x00, 
  0xff, 0xff, 0x00, 0xff, 0xff, 0x00, 0xff, 0xff, 0x00, 0xff, 0xff, 0x00, 
  0xff, 0xff, 0x00, 0xff, 0xff, 0x00, 0xff, 0xff, 0x00, 0xbf, 0xf7, 0x00, 
  0xdf, 0xf7, 0x00, 0xdf, 0xf7, 0x00, 0xbf, 0xf7, 0x00, 0xdf, 0xf7, 0x00, 
  0xdf, 0xf7, 0x00, 0xdf, 0xf7, 0x00, 0xdf, 0xf7, 0x00, 0xdf, 0xf7, 0x00, 
  0xdf, 0xf7, 0x00, 0xdf, 0xf7, 0x00, 0xdf, 0xf7, 0x00, 0xdf, 0xf7, 0x00, 
  0xdf, 0xf7, 0x00, 0xdf, 0xf7, 0x00, 0xdf, 0xf7, 0x00, 0xdf, 0xf7, 0x00, 
  0xdf, 0xf7, 0x00, 0xdf, 0xf7, 0x00, 0xdf, 0xf7, 0x00, 0xdf, 0xf7, 0x00, 
  0xdf, 0xf7, 0x00, 0xdf, 0xf7, 0x00, 0xdf, 0xf7, 0x00, 0xdf, 0xf7, 0x00, 
  0xdf, 0xf7, 0x00, 0xdf, 0xf7, 0x00, 0xdf, 0xf7, 0x00, 0xdf, 0xf7, 0x00, 
  0xdf, 0xf7, 0x00, 0xdf, 0xf7, 0x00, 0xdf, 0xf7, 0x00, 0xdf, 0xf7, 0x00, 
  0xdf, 0xf7, 0x00, 0xdf, 0xf7, 0x00, 0xdf, 0xf7, 0x00, 0xdf, 0xf7, 0x00, 
  0xdf, 0xf7, 0x00, 0xdf, 0xf7, 0x00, 0xdf, 0xf7, 0x00, 0xdf, 0xf7, 0x00, 
  0xdf, 0xf7, 0x00, 0xdf, 0xf7, 0x00, 0xdf, 0xf7, 0x00, 0xdf, 0xf7, 0x00, 
  0xdf, 0xf7, 0x00, 0xdf, 0xf7, 0x00, 0xdf, 0xf7, 0x00, 0xdf, 0xf7, 0x00, 
  0xdf, 0xf7, 0x00, 0xdf, 0xf7, 0x00, 0xdf, 0xf7, 0x00, 0xbf, 0xf7, 0x00, 
  0xbe, 0xf7, 0x00, 0xdf, 0xff, 0x00, 0xbe, 0xf7, 0x00, 0xdf, 0xff, 0x00, 
  0xff, 0xff, 0x00, 0xff, 0xff, 0x00, 0xdf, 0xff, 0x00, 0xff, 0xff, 0x00, 
  0xff, 0xff, 0x00, 0xff, 0xff, 0x00, 0xff, 0xff, 0x00, 0xff, 0xff, 0x00, 
  0xff, 0xff, 0x00, 0xff, 0xff, 0x00, 0xff, 0xff, 0x00, 0xff, 0xff, 0x00, 
  0xff, 0xff, 0x00, 0xff, 0xff, 0x00, 0xff, 0xff, 0x00, 0xff, 0xff, 0x00, 
  0xff, 0xff, 0x00, 0xff, 0xff, 0x00, 0xff, 0xff, 0x00, 0xff, 0xff, 0x00, 
  0xff, 0xff, 0x00, 0xff, 0xff, 0x00, 0xff, 0xff, 0x00, 0xff, 0xff, 0x00, 
  0xff, 0xff, 0x00, 0xff, 0xff, 0x00, 0xff, 0xff, 0x00, 0xff, 0xff, 0x00, 
  0xff, 0xff, 0x00, 0xff, 0xff, 0x00, 0xff, 0xff, 0x00, 0xff, 0xff, 0x00, 
  0xff, 0xff, 0x00, 0xff, 0xff, 0x00, 0xff, 0xff, 0x00, 0xff, 0xff, 0x00, 
  0xff, 0xff, 0x00, 0xff, 0xff, 0x00, 0xff, 0xff, 0x00, 0xff, 0xff, 0x00, 
  0xff, 0xff, 0x00, 0xff, 0xff, 0x00, 0xff, 0xff, 0x00, 0xff, 0xff, 0x00, 
  0xff, 0xff, 0x00, 0xff, 0xff, 0x00, 0xff, 0xff, 0x00, 0xff, 0xff, 0x00, 
  0xff, 0xff, 0x00, 0xff, 0xff, 0x00, 0xff, 0xff, 0x00, 0xff, 0xff, 0x00, 
  0xff, 0xff, 0x00, 0xff, 0xff, 0x00, 0xff, 0xff, 0x00, 0xff, 0xff, 0x00, 
  0xff, 0xff, 0x00, 0xff, 0xff, 0x00, 0xff, 0xff, 0x00, 0xff, 0xff, 0x00, 
  0xff, 0xff, 0x00, 0xff, 0xff, 0x00, 0xdb, 0xd6, 0x00, 0x75, 0xad, 0x00, 
  0xd3, 0x94, 0x00, 0xd3, 0x94, 0x00, 0xb3, 0x94, 0x00, 0xb3, 0x94, 0x00, 
  0xb3, 0x94, 0x00, 0xb3, 0x94, 0x00, 0xb3, 0x94, 0x00, 0xb3, 0x94, 0x00, 
  0xb3, 0x94, 0x00, 0xb3, 0x94, 0x00, 0xb3, 0x94, 0x00, 0xb3, 0x94, 0x00, 
  0xb3, 0x94, 0x00, 0xb3, 0x94, 0x00, 0xb3, 0x94, 0x00, 0xb3, 0x94, 0x00, 
  0xb3, 0x94, 0x00, 0xb3, 0x94, 0x00, 0xb3, 0x94, 0x00, 0xb3, 0x94, 0x00, 
  0xb3, 0x94, 0x00, 0xb3, 0x94, 0x00, 0xb3, 0x94, 0x00, 0xb3, 0x94, 0x00, 
  0xb3, 0x94, 0x00, 0xb3, 0x94, 0x00, 0xb3, 0x94, 0x00, 0xb3, 0x94, 0x00, 
  0xb3, 0x94, 0x00, 0xb3, 0x94, 0x00, 0xb3, 0x94, 0x00, 0xb3, 0x94, 0x00, 
  0xb3, 0x94, 0x00, 0xb3, 0x94, 0x00, 0xb3, 0x94, 0x00, 0xb3, 0x94, 0x00, 
  0xb3, 0x94, 0x00, 0xb3, 0x94, 0x00, 0xb3, 0x94, 0x00, 0xb3, 0x94, 0x00, 
  0xb3, 0x94, 0x00, 0xb3, 0x94, 0x00, 0xb3, 0x94, 0x00, 0xb3, 0x94, 0x00, 
  0xb3, 0x94, 0x00, 0xb3, 0x94, 0x00, 0xb3, 0x94, 0x00, 0xb3, 0x94, 0x00, 
  0xb3, 0x94, 0x00, 0xb3, 0x94, 0x00, 0xb3, 0x94, 0x00, 0xb3, 0x94, 0x00, 
  0xb3, 0x94, 0x00, 0xb3, 0x94, 0x00, 0xf4, 0x9c, 0x00, 0xf8, 0xbd, 0x00, 
  0x7d, 0xef, 0x00, 0xff, 0xff, 0x00, 0xff, 0xff, 0x00, 0xff, 0xff, 0x00, 
  0xff, 0xff, 0x00, 0xff, 0xff, 0x00, 0xff, 0xff, 0x00, 0xff, 0xff, 0x00, 
  0xff, 0xff, 0x00, 0xff, 0xff, 0x00, 0xff, 0xff, 0x00, 0xff, 0xff, 0x00, 
  0xff, 0xff, 0x00, 0xff, 0xff, 0x00, 0xff, 0xff, 0x00, 0xff, 0xff, 0x00, 
  0xff, 0xff, 0x00, 0xff, 0xff, 0x00, 0xff, 0xff, 0x00, 0xff, 0xff, 0x00, 
  0xff, 0xff, 0x00, 0xff, 0xff, 0x00, 0xff, 0xff, 0x00, 0xff, 0xff, 0x00, 
  0xff, 0xff, 0x00, 0xff, 0xff, 0x00, 0xff, 0xff, 0x00, 0xff, 0xff, 0x00, 
  0xff, 0xff, 0x00, 0xff, 0xff, 0x00, 0xff, 0xff, 0x00, 0xff, 0xff, 0x00, 
  0xff, 0xff, 0x00, 0xff, 0xff, 0x00, 0xff, 0xff, 0x00, 0xff, 0xff, 0x00, 
  0xff, 0xff, 0x00, 0xff, 0xff, 0x00, 0xff, 0xff, 0x00, 0xff, 0xff, 0x00, 
  0xff, 0xff, 0x00, 0xff, 0xff, 0x00, 0xff, 0xff, 0x00, 0xff, 0xff, 0x00, 
  0xff, 0xff, 0x00, 0xff, 0xff, 0x00, 0xff, 0xff, 0x00, 0xff, 0xff, 0x00, 
  0xff, 0xff, 0x00, 0xff, 0xff, 0x00, 0xff, 0xff, 0x00, 0xff, 0xff, 0x00, 
  0xff, 0xff, 0x00, 0xff, 0xff, 0x00, 0xff, 0xff, 0x00, 0xff, 0xff, 0x00, 
  0xff, 0xff, 0x00, 0xff, 0xff, 0x00, 0xdf, 0xff, 0x00, 0xff, 0xff, 0x00, 
  0xff, 0xff, 0x00, 0x39, 0xc6, 0x00, 0xd3, 0x94, 0x00, 0x92, 0x8c, 0xff, 
  0x31, 0x7c, 0xff, 0x51, 0x84, 0xff, 0x32, 0x84, 0xff, 0x31, 0x7c, 0xff, 
  0x31, 0x7c, 0xff, 0x31, 0x7c, 0xff, 0x31, 0x7c, 0xff, 0x31, 0x7c, 0xff, 
  0x31, 0x7c, 0xff, 0x31, 0x84, 0xff, 0x31, 0x7c, 0xff, 0x31, 0x7c, 0xff, 
  0x31, 0x7c, 0xff, 0x31, 0x7c, 0xff, 0x31, 0x7c, 0xff, 0x31, 0x7c, 0xff, 
  0x31, 0x7c, 0xff, 0x31, 0x7c, 0xff, 0x31, 0x7c, 0xff, 0x31, 0x7c, 0xff, 
  0x31, 0x7c, 0xff, 0x31, 0x7c, 0xff, 0x31, 0x7c, 0xff, 0x51, 0x7c, 0xff, 
  0x31, 0x7c, 0xff, 0x31, 0x7c, 0xff, 0x31, 0x7c, 0xff, 0x51, 0x7c, 0xff, 
  0x31, 0x7c, 0xff, 0x31, 0x7c, 0xff, 0x31, 0x7c, 0xff, 0x31, 0x7c, 0xff, 
  0x31, 0x7c, 0xff, 0x31, 0x7c, 0xff, 0x31, 0x7c, 0xff, 0x31, 0x7c, 0xff, 
  0x31, 0x7c, 0xff, 0x31, 0x7c, 0xff, 0x31, 0x7c, 0xff, 0x31, 0x7c, 0xff, 
  0x31, 0x7c, 0xff, 0x31, 0x7c, 0xff, 0x31, 0x7c, 0xff, 0x51, 0x84, 0xff, 
  0x31, 0x84, 0xff, 0x31, 0x7c, 0xff, 0x31, 0x7c, 0xff, 0x31, 0x7c, 0xff, 
  0x51, 0x84, 0xff, 0x31, 0x7c, 0xff, 0x31, 0x7c, 0xff, 0x51, 0x7c, 0xff, 
  0x31, 0x7c, 0xff, 0x31, 0x7c, 0xff, 0x51, 0x84, 0xff, 0xb3, 0x8c, 0xff, 
  0x35, 0xa5, 0x00, 0x5d, 0xef, 0x00, 0xff, 0xff, 0x00, 0xff, 0xff, 0x00, 
  0xff, 0xff, 0x00, 0xff, 0xff, 0x00, 0xff, 0xff, 0x00, 0xff, 0xff, 0x00, 
  0xff, 0xff, 0x00, 0xff, 0xff, 0x00, 0xff, 0xff, 0x00, 0xff, 0xff, 0x00, 
  0xff, 0xff, 0x00, 0xff, 0xff, 0x00, 0xff, 0xff, 0x00, 0xff, 0xff, 0x00, 
  0xff, 0xff, 0x00, 0xff, 0xff, 0x00, 0xff, 0xff, 0x00, 0xff, 0xff, 0x00, 
  0xff, 0xff, 0x00, 0xff, 0xff, 0x00, 0xff, 0xff, 0x00, 0xff, 0xff, 0x00, 
  0xff, 0xff, 0x00, 0xff, 0xff, 0x00, 0xff, 0xff, 0x00, 0xff, 0xff, 0x00, 
  0xff, 0xff, 0x00, 0xff, 0xff, 0x00, 0xff, 0xff, 0x00, 0xff, 0xff, 0x00, 
  0xff, 0xff, 0x00, 0xff, 0xff, 0x00, 0xff, 0xff, 0x00, 0xff, 0xff, 0x00, 
  0xff, 0xff, 0x00, 0xff, 0xff, 0x00, 0xff, 0xff, 0x00, 0xff, 0xff, 0x00, 
  0xff, 0xff, 0x00, 0xff, 0xff, 0x00, 0xff, 0xff, 0x00, 0xff, 0xff, 0x00, 
  0xff, 0xff, 0x00, 0xff, 0xff, 0x00, 0xff, 0xff, 0x00, 0xff, 0xff, 0x00, 
  0xff, 0xff, 0x00, 0xff, 0xff, 0x00, 0xff, 0xff, 0x00, 0xff, 0xff, 0x00, 
  0xfe, 0xff, 0x00, 0xff, 0xff, 0x00, 0xff, 0xff, 0x00, 0xff, 0xff, 0x00, 
  0xff, 0xff, 0x00, 0xdf, 0xff, 0x00, 0xff, 0xff, 0x00, 0xdf, 0xff, 0x00, 
  0xdb, 0xd6, 0x00, 0xf4, 0x94, 0x00, 0x10, 0x7c, 0xff, 0x92, 0x84, 0xff, 
  0xb3, 0x8c, 0xff, 0x93, 0x8c, 0xff, 0x73, 0x84, 0xff, 0x93, 0x8c, 0xff, 
  0x93, 0x8c, 0xff, 0x92, 0x8c, 0xff, 0x93, 0x8c, 0xff, 0x93, 0x8c, 0xff, 
  0x93, 0x8c, 0xff, 0x93, 0x8c, 0xff, 0x93, 0x8c, 0xff, 0x93, 0x8c, 0xff, 
  0x93, 0x8c, 0xff, 0x93, 0x8c, 0xff, 0x93, 0x8c, 0xff, 0x93, 0x8c, 0xff, 
  0x93, 0x8c, 0xff, 0x93, 0x8c, 0xff, 0x93, 0x8c, 0xff, 0x93, 0x8c, 0xff, 
  0xb3, 0x8c, 0xff, 0x93, 0x8c, 0xff, 0x93, 0x8c, 0xff, 0x93, 0x8c, 0xff, 
  0x93, 0x8c, 0xff, 0x93, 0x8c, 0xff, 0x93, 0x8c, 0xff, 0x93, 0x8c, 0xff, 
  0xb3, 0x8c, 0xff, 0xb3, 0x8c, 0xff, 0x93, 0x8c, 0xff, 0x93, 0x8c, 0xff, 
  0x93, 0x8c, 0xff, 0x93, 0x8c, 0xff, 0x93, 0x8c, 0xff, 0x93, 0x8c, 0xff, 
  0x93, 0x8c, 0xff, 0x93, 0x8c, 0xff, 0x93, 0x8c, 0xff, 0x93, 0x8c, 0xff, 
  0x93, 0x8c, 0xff, 0x93, 0x8c, 0xff, 0x93, 0x8c, 0xff, 0x92, 0x84, 0xff, 
  0x92, 0x84, 0xff, 0x93, 0x8c, 0xff, 0x93, 0x8c, 0xff, 0x93, 0x8c, 0xff, 
  0x93, 0x8c, 0xff, 0x93, 0x8c, 0xff, 0x93, 0x84, 0xff, 0x92, 0x84, 0xff, 
  0x92, 0x84, 0xff, 0xb3, 0x8c, 0xff, 0x93, 0x8c, 0xff, 0x31, 0x7c, 0xff, 
  0x51, 0x84, 0xff, 0xf7, 0xbd, 0x00, 0x7e, 0xef, 0x00, 0xff, 0xff, 0x00, 
  0xff, 0xff, 0x00, 0xff, 0xff, 0x00, 0xff, 0xff, 0x00, 0xff, 0xff, 0x00, 
  0xff, 0xff, 0x00, 0xff, 0xff, 0x00, 0xff, 0xff, 0x00, 0xff, 0xff, 0x00, 
  0xff, 0xff, 0x00, 0xff, 0xff, 0x00, 0xff, 0xff, 0x00, 0xff, 0xff, 0x00, 
  0xff, 0xff, 0x00, 0xff, 0xff, 0x00, 0xff, 0xff, 0x00, 0xff, 0xff, 0x00, 
  0xff, 0xff, 0x00, 0xff, 0xff, 0x00, 0xff, 0xff, 0x00, 0xff, 0xff, 0x00, 
  0xff, 0xff, 0x00, 0xff, 0xff, 0x00, 0xff, 0xff, 0x00, 0xff, 0xff, 0x00, 
  0xff, 0xff, 0x00, 0xff, 0xff, 0x00, 0xff, 0xff, 0x00, 0xff, 0xff, 0x00, 
  0xff, 0xff, 0x00, 0xff, 0xff, 0x00, 0xff, 0xff, 0x00, 0xff, 0xff, 0x00, 
  0xff, 0xff, 0x00, 0xff, 0xff, 0x00, 0xff, 0xff, 0x00, 0xff, 0xff, 0x00, 
  0xff, 0xff, 0x00, 0xff, 0xff, 0x00, 0xff, 0xff, 0x00, 0xff, 0xff, 0x00, 
  0xff, 0xff, 0x00, 0xff, 0xff, 0x00, 0xff, 0xff, 0x00, 0xff, 0xff, 0x00, 
  0xff, 0xff, 0x00, 0xff, 0xff, 0x00, 0xff, 0xff, 0x00, 0xff, 0xff, 0x00, 
  0xff, 0xff, 0x00, 0xff, 0xff, 0x00, 0xff, 0xff, 0x00, 0xff, 0xff, 0x00, 
  0xff, 0xff, 0x00, 0xdf, 0xff, 0x00, 0xff, 0xff, 0x00, 0xdf, 0xff, 0x00, 
  0x76, 0xa5, 0x00, 0x92, 0x84, 0xff, 0x72, 0x84, 0xff, 0x92, 0x84, 0xff, 
  0x72, 0x84, 0xff, 0x72, 0x84, 0xff, 0x93, 0x8c, 0xff, 0x72, 0x8c, 0xff, 
  0x93, 0x8c, 0xff, 0x72, 0x84, 0xff, 0x72, 0x84, 0xff, 0x92, 0x84, 0xff, 
  0x92, 0x84, 0xff, 0x72, 0x84, 0xff, 0x72, 0x84, 0xff, 0x93, 0x8c, 0xff, 
  0x72, 0x84, 0xff, 0x72, 0x84, 0xff, 0x72, 0x84, 0xff, 0x72, 0x84, 0xff, 
  0x72, 0x84, 0xff, 0x72, 0x84, 0xff, 0x72, 0x84, 0xff, 0x72, 0x84, 0xff, 
  0x72, 0x84, 0xff, 0x72, 0x84, 0xff, 0x72, 0x84, 0xff, 0x72, 0x84, 0xff, 
  0x72, 0x84, 0xff, 0x72, 0x84, 0xff, 0x72, 0x84, 0xff, 0x72, 0x84, 0xff, 
  0x72, 0x84, 0xff, 0x72, 0x84, 0xff, 0x72, 0x84, 0xff, 0x72, 0x84, 0xff, 
  0x72, 0x84, 0xff, 0x72, 0x84, 0xff, 0x72, 0x84, 0xff, 0x72, 0x84, 0xff, 
  0x72, 0x84, 0xff, 0x92, 0x84, 0xff, 0x72, 0x84, 0xff, 0x72, 0x84, 0xff, 
  0x72, 0x84, 0xff, 0x72, 0x84, 0xff, 0x72, 0x84, 0xff, 0x92, 0x84, 0xff, 
  0x92, 0x84, 0xff, 0x72, 0x84, 0xff, 0x72, 0x84, 0xff, 0x72, 0x84, 0xff, 
  0x93, 0x8c, 0xff, 0x93, 0x8c, 0xff, 0x93, 0x84, 0xff, 0x93, 0x8c, 0xff, 
  0x93, 0x84, 0xff, 0x72, 0x84, 0xff, 0x72, 0x84, 0xff, 0x72, 0x8c, 0xff, 
  0x72, 0x8c, 0xff, 0x92, 0x8c, 0xff, 0xba, 0xd6, 0x00, 0xff, 0xff, 0x00, 
  0xff, 0xff, 0x00, 0xff, 0xff, 0x00, 0xff, 0xff, 0x00, 0xff, 0xff, 0x00, 
  0xff, 0xff, 0x00, 0xff, 0xff, 0x00, 0xff, 0xff, 0x00, 0xff, 0xff, 0x00, 
  0xff, 0xff, 0x00, 0xff, 0xff, 0x00, 0xff, 0xff, 0x00, 0xff, 0xff, 0x00, 
  0xff, 0xff, 0x00, 0xff, 0xff, 0x00, 0xff, 0xff, 0x00, 0xff, 0xff, 0x00, 
  0xff, 0xff, 0x00, 0xff, 0xff, 0x00, 0xff, 0xff, 0x00, 0xff, 0xff, 0x00, 
  0xff, 0xff, 0x00, 0xff, 0xff, 0x00, 0xff, 0xff, 0x00, 0xff, 0xff, 0x00, 
  0xff, 0xff, 0x00, 0xff, 0xff, 0x00, 0xff, 0xff, 0x00, 0xff, 0xff, 0x00, 
  0xff, 0xff, 0x00, 0xff, 0xff, 0x00, 0xff, 0xff, 0x00, 0xff, 0xff, 0x00, 
  0xff, 0xff, 0x00, 0xff, 0xff, 0x00, 0xff, 0xff, 0x00, 0xdf, 0xff, 0x00, 
  0xdf, 0xff, 0x00, 0xff, 0xff, 0x00, 0xff, 0xff, 0x00, 0xff, 0xff, 0x00, 
  0xff, 0xff, 0x00, 0xff, 0xff, 0x00, 0xff, 0xff, 0x00, 0xff, 0xff, 0x00, 
  0xff, 0xff, 0x00, 0xff, 0xff, 0x00, 0xff, 0xff, 0x00, 0xff, 0xff, 0x00, 
  0xff, 0xf7, 0x00, 0xff, 0xff, 0x00, 0xff, 0xff, 0x00, 0xff, 0xff, 0x00, 
  0xdf, 0xff, 0x00, 0xdf, 0xff, 0x00, 0xff, 0xff, 0x00, 0xdf, 0xf7, 0x00, 
  0xf3, 0x94, 0x00, 0x51, 0x84, 0xff, 0xb3, 0x8c, 0xff, 0x93, 0x8c, 0xff, 
  0x72, 0x84, 0xff, 0x72, 0x84, 0xff, 0x72, 0x8c, 0xff, 0x72, 0x84, 0xff, 
  0x72, 0x84, 0xff, 0x92, 0x84, 0xff, 0x92, 0x84, 0xff, 0x72, 0x84, 0xff, 
  0x72, 0x84, 0xff, 0x93, 0x8c, 0xff, 0x92, 0x84, 0xff, 0x72, 0x84, 0xff, 
  0x72, 0x84, 0xff, 0x72, 0x84, 0xff, 0x72, 0x84, 0xff, 0x72, 0x84, 0xff, 
  0x72, 0x84, 0xff, 0x72, 0x84, 0xff, 0x72, 0x84, 0xff, 0x72, 0x84, 0xff, 
  0x92, 0x84, 0xff, 0x93, 0x8c, 0xff, 0x93, 0x8c, 0xff, 0x72, 0x84, 0xff, 
  0x72, 0x84, 0xff, 0x72, 0x84, 0xff, 0x92, 0x84, 0xff, 0x92, 0x84, 0xff, 
  0x92, 0x84, 0xff, 0x92, 0x84, 0xff, 0x92, 0x84, 0xff, 0x72, 0x84, 0xff, 
  0x72, 0x84, 0xff, 0x72, 0x84, 0xff, 0x72, 0x84, 0xff, 0x72, 0x84, 0xff, 
  0x72, 0x84, 0xff, 0x72, 0x84, 0xff, 0x72, 0x84, 0xff, 0x92, 0x84, 0xff, 
  0x92, 0x84, 0xff, 0x72, 0x84, 0xff, 0x72, 0x84, 0xff, 0x72, 0x84, 0xff, 
  0x72, 0x84, 0xff, 0x92, 0x84, 0xff, 0x73, 0x84, 0xff, 0x72, 0x84, 0xff, 
  0x73, 0x84, 0xff, 0x72, 0x84, 0xff, 0x72, 0x84, 0xff, 0x72, 0x84, 0xff, 
  0x73, 0x84, 0xff, 0x72, 0x84, 0xff, 0x92, 0x84, 0xff, 0x93, 0x8c, 0xff, 
  0x93, 0x8c, 0xff, 0x31, 0x84, 0xff, 0x59, 0xc6, 0x00, 0xff, 0xff, 0x00, 
  0xff, 0xff, 0x00, 0xff, 0xff, 0x00, 0xff, 0xff, 0x00, 0xff, 0xff, 0x00, 
  0xff, 0xff, 0x00, 0xff, 0xff, 0x00, 0xff, 0xff, 0x00, 0xff, 0xff, 0x00, 
  0xff, 0xff, 0x00, 0xff, 0xff, 0x00, 0xff, 0xff, 0x00, 0xff, 0xff, 0x00, 
  0xff, 0xff, 0x00, 0xff, 0xff, 0x00, 0xff, 0xff, 0x00, 0xff, 0xff, 0x00, 
  0xff, 0xff, 0x00, 0xff, 0xff, 0x00, 0xff, 0xff, 0x00, 0xff, 0xff, 0x00, 
  0xff, 0xff, 0x00, 0xff, 0xff, 0x00, 0xff, 0xff, 0x00, 0xff, 0xff, 0x00, 
  0xff, 0xff, 0x00, 0xff, 0xff, 0x00, 0xff, 0xff, 0x00, 0xff, 0xff, 0x00, 
  0xff, 0xff, 0x00, 0xff, 0xff, 0x00, 0xff, 0xff, 0x00, 0xff, 0xff, 0x00, 
  0xff, 0xff, 0x00, 0xff, 0xff, 0x00, 0xff, 0xff, 0x00, 0xff, 0xff, 0x00, 
  0xff, 0xff, 0x00, 0xff, 0xff, 0x00, 0xff, 0xff, 0x00, 0xff, 0xff, 0x00, 
  0xff, 0xff, 0x00, 0xff, 0xff, 0x00, 0xdf, 0xff, 0x00, 0xdf, 0xff, 0x00, 
  0xdf, 0xff, 0x00, 0xff, 0xff, 0x00, 0xff, 0xff, 0x00, 0xff, 0xff, 0x00, 
  0xff, 0xff, 0x00, 0xff, 0xff, 0x00, 0xdf, 0xff, 0x00, 0xff, 0xff, 0x00, 
  0xff, 0xff, 0x00, 0xdf, 0xff, 0x00, 0xff, 0xff, 0x00, 0xdf, 0xf7, 0x00, 
  0xd3, 0x94, 0x00, 0x31, 0x7c, 0xff, 0x72, 0x8c, 0xff, 0x73, 0x8c, 0xff, 
  0x73, 0x8c, 0xff, 0x72, 0x84, 0xff, 0x92, 0x84, 0xff, 0x92, 0x84, 0xff, 
  0x92, 0x84, 0xff, 0x72, 0x84, 0xff, 0x72, 0x84, 0xff, 0x72, 0x84, 0xff, 
  0x72, 0x84, 0xff, 0x72, 0x84, 0xff, 0x72, 0x8c, 0xff, 0x93, 0x8c, 0xff, 
  0x93, 0x8c, 0xff, 0x93, 0x8c, 0xff, 0x93, 0x8c, 0xff, 0x93, 0x8c, 0xff, 
  0x93, 0x8c, 0xff, 0x93, 0x8c, 0xff, 0x93, 0x8c, 0xff, 0x93, 0x8c, 0xff, 
  0x72, 0x8c, 0xff, 0x72, 0x84, 0xff, 0x72, 0x8c, 0xff, 0x92, 0x8c, 0xff, 
  0x92, 0x8c, 0xff, 0x92, 0x8c, 0xff, 0x72, 0x84, 0xff, 0x72, 0x84, 0xff, 
  0x72, 0x84, 0xff, 0x72, 0x84, 0xff, 0x72, 0x84, 0xff, 0x72, 0x84, 0xff, 
  0x72, 0x84, 0xff, 0x72, 0x84, 0xff, 0x72, 0x84, 0xff, 0x72, 0x84, 0xff, 
  0x93, 0x8c, 0xff, 0x72, 0x84, 0xff, 0x72, 0x84, 0xff, 0x72, 0x84, 0xff, 
  0x93, 0x8c, 0xff, 0x93, 0x8c, 0xff, 0x93, 0x8c, 0xff, 0x93, 0x8c, 0xff, 
  0x93, 0x8c, 0xff, 0x93, 0x8c, 0xff, 0x73, 0x84, 0xff, 0x52, 0x84, 0xff, 
  0x72, 0x84, 0xff, 0x93, 0x8c, 0xff, 0x93, 0x8c, 0xff, 0x73, 0x84, 0xff, 
  0x73, 0x84, 0xff, 0x93, 0x84, 0xff, 0x93, 0x8c, 0xff, 0x72, 0x84, 0xff, 
  0x72, 0x84, 0xff, 0x10, 0x7c, 0xff, 0x59, 0xc6, 0x00, 0xff, 0xff, 0x00, 
  0xff, 0xff, 0x00, 0xff, 0xff, 0x00, 0xff, 0xff, 0x00, 0xff, 0xff, 0x00, 
  0xff, 0xff, 0x00, 0xff, 0xff, 0x00, 0xff, 0xff, 0x00, 0xff, 0xff, 0x00, 
  0xff, 0xff, 0x00, 0xff, 0xff, 0x00, 0xff, 0xff, 0x00, 0xff, 0xff, 0x00, 
  0xff, 0xff, 0x00, 0xff, 0xff, 0x00, 0xff, 0xff, 0x00, 0xff, 0xff, 0x00, 
  0xff, 0xff, 0x00, 0xff, 0xff, 0x00, 0xff, 0xff, 0x00, 0xff, 0xff, 0x00, 
  0xff, 0xff, 0x00, 0xff, 0xff, 0x00, 0xff, 0xff, 0x00, 0xff, 0xff, 0x00, 
  0xff, 0xff, 0x00, 0xff, 0xff, 0x00, 0xff, 0xff, 0x00, 0xff, 0xff, 0x00, 
  0xff, 0xff, 0x00, 0xff, 0xff, 0x00, 0xff, 0xff, 0x00, 0xff, 0xff, 0x00, 
  0xff, 0xff, 0x00, 0xff, 0xff, 0x00, 0xff, 0xf7, 0x00, 0xff, 0xf7, 0x00, 
  0xff, 0xf7, 0x00, 0xff, 0xf7, 0x00, 0xff, 0xef, 0x00, 0xff, 0xef, 0x00, 
  0xff, 0xef, 0x00, 0xff, 0xef, 0x00, 0xff, 0xf7, 0x00, 0xff, 0xf7, 0x00, 
  0xff, 0xef, 0x00, 0xff, 0xef, 0x00, 0xff, 0xef, 0x00, 0xff, 0xef, 0x00, 
  0xff, 0xef, 0x00, 0xff, 0xf7, 0x00, 0xff, 0xff, 0x00, 0xff, 0xff, 0x00, 
  0xff, 0xff, 0x00, 0xff, 0xff, 0x00, 0xff, 0xff, 0x00, 0xbf, 0xf7, 0x00, 
  0xb3, 0x8c, 0x00, 0x31, 0x84, 0xff, 0x93, 0x8c, 0xff, 0x72, 0x8c, 0xff, 
  0x72, 0x8c, 0xff, 0x72, 0x8c, 0xff, 0x72, 0x84, 0xff, 0x72, 0x84, 0xff, 
  0x72, 0x84, 0xff, 0x72, 0x84, 0xff, 0x92, 0x84, 0xff, 0x93, 0x8c, 0xff, 
  0x72, 0x84, 0xff, 0x31, 0x84, 0xff, 0x31, 0x7c, 0xff, 0x31, 0x7c, 0xff, 
  0x11, 0x7c, 0xff, 0x11, 0x7c, 0xff, 0x11, 0x7c, 0xff, 0x11, 0x7c, 0xff, 
  0x11, 0x7c, 0xff, 0x11, 0x7c, 0xff, 0x11, 0x7c, 0xff, 0x11, 0x7c, 0xff, 
  0x31, 0x7c, 0xff, 0x31, 0x7c, 0xff, 0x11, 0x7c, 0xff, 0x11, 0x7c, 0xff, 
  0x31, 0x7c, 0xff, 0x31, 0x7c, 0xff, 0x72, 0x84, 0xff, 0x93, 0x8c, 0xff, 
  0x72, 0x84, 0xff, 0x72, 0x84, 0xff, 0x72, 0x84, 0xff, 0x72, 0x84, 0xff, 
  0x72, 0x84, 0xff, 0x72, 0x84, 0xff, 0x72, 0x84, 0xff, 0x72, 0x84, 0xff, 
  0x72, 0x84, 0xff, 0x93, 0x84, 0xff, 0x93, 0x8c, 0xff, 0x92, 0x84, 0xff, 
  0x72, 0x84, 0xff, 0x52, 0x84, 0xff, 0x31, 0x7c, 0xff, 0x11, 0x7c, 0xff, 
  0x31, 0x7c, 0xff, 0x52, 0x84, 0xff, 0x72, 0x84, 0xff, 0x93, 0x8c, 0xff, 
  0x93, 0x8c, 0xff, 0x72, 0x84, 0xff, 0x52, 0x84, 0xff, 0x93, 0x8c, 0xff, 
  0x73, 0x84, 0xff, 0x52, 0x84, 0xff, 0x72, 0x84, 0xff, 0x92, 0x84, 0xff, 
  0x92, 0x8c, 0xff, 0x30, 0x7c, 0xff, 0x39, 0xc6, 0x00, 0xff, 0xff, 0x00, 
  0xff, 0xff, 0x00, 0xff, 0xff, 0x00, 0xff, 0xff, 0x00, 0xff, 0xff, 0x00, 
  0xff, 0xff, 0x00, 0xff, 0xff, 0x00, 0xff, 0xff, 0x00, 0xff, 0xff, 0x00, 
  0xff, 0xff, 0x00, 0xff, 0xff, 0x00, 0xff, 0xff, 0x00, 0xff, 0xff, 0x00, 
  0xff, 0xff, 0x00, 0xff, 0xff, 0x00, 0xff, 0xff, 0x00, 0xff, 0xff, 0x00, 
  0xff, 0xff, 0x00, 0xff, 0xff, 0x00, 0xff, 0xff, 0x00, 0xff, 0xff, 0x00, 
  0xff, 0xff, 0x00, 0xff, 0xff, 0x00, 0xff, 0xff, 0x00, 0xff, 0xff, 0x00, 
  0xff, 0xff, 0x00, 0xff, 0xff, 0x00, 0xff, 0xff, 0x00, 0xff, 0xff, 0x00, 
  0xff, 0xff, 0x00, 0xff, 0xff, 0x00, 0xff, 0xff, 0x00, 0xff, 0xff, 0x00, 
  0xff, 0xff, 0x00, 0xff, 0xf7, 0x00, 0x5f, 0xc7, 0x00, 0x1e, 0x8e, 0x00, 
  0xbe, 0x7d, 0x00, 0xdf, 0x85, 0x00, 0xde, 0x7d, 0x00, 0xde, 0x7d, 0x00, 
  0xfe, 0x7d, 0x00, 0xde, 0x7d, 0x00, 0xde, 0x7d, 0x00, 0xdf, 0x7d, 0x00, 
  0xdf, 0x7d, 0x00, 0xdf, 0x7d, 0x00, 0xdf, 0x7d, 0x00, 0xde, 0x85, 0x00, 
  0xde, 0x85, 0x00, 0x9f, 0xae, 0x00, 0xdf, 0xdf, 0x00, 0xff, 0xf7, 0x00, 
  0xdf, 0xff, 0x00, 0xde, 0xff, 0x00, 0xff, 0xff, 0x00, 0xbf, 0xf7, 0x00, 
  0xd4, 0x94, 0x00, 0x31, 0x7c, 0xff, 0x92, 0x84, 0xff, 0x92, 0x84, 0xff, 
  0x92, 0x8c, 0xff, 0x92, 0x8c, 0xff, 0x72, 0x84, 0xff, 0x72, 0x84, 0xff, 
  0x72, 0x84, 0xff, 0x93, 0x8c, 0xff, 0x72, 0x84, 0xff, 0x51, 0x84, 0xff, 
  0xd3, 0x94, 0xff, 0xb7, 0xad, 0xff, 0x18, 0xbe, 0xff, 0xf8, 0xbd, 0xff, 
  0x18, 0xbe, 0xff, 0x18, 0xbe, 0xff, 0x18, 0xbe, 0xff, 0x18, 0xbe, 0xff, 
  0x18, 0xbe, 0xff, 0x18, 0xbe, 0xff, 0x18, 0xbe, 0xff, 0x18, 0xbe, 0xff, 
  0xf8, 0xbd, 0xff, 0x18, 0xbe, 0xff, 0x18, 0xbe, 0xff, 0x18, 0xbe, 0xff, 
  0xd7, 0xb5, 0xff, 0x55, 0xa5, 0xff, 0xb3, 0x8c, 0xff, 0x51, 0x84, 0xff, 
  0x72, 0x84, 0xff, 0x72, 0x84, 0xff, 0x72, 0x84, 0xff, 0x72, 0x84, 0xff, 
  0x72, 0x84, 0xff, 0x72, 0x84, 0xff, 0x73, 0x84, 0xff, 0x73, 0x84, 0xff, 
  0x92, 0x84, 0xff, 0x93, 0x8c, 0xff, 0x72, 0x84, 0xff, 0x52, 0x84, 0xff, 
  0x93, 0x8c, 0xff, 0x55, 0xa5, 0xff, 0xd8, 0xb5, 0xff, 0x18, 0xbe, 0xff, 
  0xf8, 0xbd, 0xff, 0x35, 0xa5, 0xff, 0x72, 0x84, 0xff, 0x52, 0x84, 0xff, 
  0x72, 0x8c, 0xff, 0x93, 0x8c, 0xff, 0x93, 0x84, 0xff, 0x93, 0x8c, 0xff, 
  0x93, 0x8c, 0xff, 0x73, 0x84, 0xff, 0x72, 0x84, 0xff, 0x72, 0x84, 0xff, 
  0x72, 0x8c, 0xff, 0x10, 0x7c, 0xff, 0x39, 0xc6, 0x00, 0xff, 0xff, 0x00, 
  0xff, 0xff, 0x00, 0xff, 0xff, 0x00, 0xff, 0xff, 0x00, 0xff, 0xff, 0x00, 
  0xff, 0xff, 0x00, 0xff, 0xff, 0x00, 0xff, 0xff, 0x00, 0xff, 0xff, 0x00, 
  0xff, 0xff, 0x00, 0xff, 0xff, 0x00, 0xff, 0xff, 0x00, 0xff, 0xff, 0x00, 
  0xff, 0xff, 0x00, 0xff, 0xff, 0x00, 0xff, 0xff, 0x00, 0xff, 0xff, 0x00, 
  0xff, 0xff, 0x00, 0xff, 0xff, 0x00, 0xff, 0xff, 0x00, 0xff, 0xff, 0x00, 
  0xff, 0xff, 0x00, 0xff, 0xff, 0x00, 0xff, 0xff, 0x00, 0xff, 0xff, 0x00, 
  0xff, 0xff, 0x00, 0xff, 0xff, 0x00, 0xff, 0xff, 0x00, 0xff, 0xff, 0x00, 
  0xff, 0xff, 0x00, 0xff, 0xff, 0x00, 0xff, 0xff, 0x00, 0xff, 0xff, 0x00, 
  0xff, 0xff, 0x00, 0x3f, 0xcf, 0x00, 0x1a, 0x65, 0x00, 0x36, 0x13, 0xff, 
  0x17, 0x0b, 0xff, 0x58, 0x0b, 0xff, 0x36, 0x0b, 0xff, 0x37, 0x0b, 0xff, 
  0x57, 0x0b, 0xff, 0x37, 0x0b, 0xff, 0x37, 0x0b, 0xff, 0x37, 0x0b, 0xff, 
  0x37, 0x0b, 0xff, 0x37, 0x0b, 0xff, 0x37, 0x0b, 0xff, 0x36, 0x13, 0xff, 
  0x16, 0x13, 0xff, 0xd7, 0x3b, 0xff, 0x3e, 0x9e, 0x00, 0xff, 0xe7, 0x00, 
  0xff, 0xff, 0x00, 0xfe, 0xff, 0x00, 0xff, 0xff, 0x00, 0xbf, 0xf7, 0x00, 
  0xb3, 0x8c, 0x00, 0x52, 0x7c, 0xff, 0xb3, 0x8c, 0xff, 0x92, 0x84, 0xff, 
  0x72, 0x84, 0xff, 0x92, 0x8c, 0xff, 0x72, 0x84, 0xff, 0x72, 0x8c, 0xff, 
  0x72, 0x8c, 0xff, 0x52, 0x84, 0xff, 0x72, 0x84, 0xff, 0x35, 0x9d, 0xff, 
  0x59, 0xc6, 0xff, 0x7e, 0xe7, 0xff, 0xdf, 0xf7, 0xff, 0xff, 0xff, 0xff, 
  0xff, 0xff, 0xff, 0xff, 0xff, 0xff, 0xff, 0xff, 0xff, 0xff, 0xff, 0xff, 
  0xff, 0xff, 0xff, 0xff, 0xff, 0xff, 0xff, 0xff, 0xff, 0xff, 0xff, 0xff, 
  0xff, 0xff, 0xff, 0xff, 0xff, 0xff, 0xff, 0xf7, 0xff, 0xff, 0xf7, 0xff, 
  0xbf, 0xf7, 0xff, 0xfc, 0xde, 0xff, 0xb7, 0xad, 0xff, 0xb3, 0x8c, 0xff, 
  0x72, 0x84, 0xff, 0x72, 0x84, 0xff, 0x72, 0x84, 0xff, 0x72, 0x84, 0xff, 
  0x72, 0x84, 0xff, 0x72, 0x84, 0xff, 0x73, 0x84, 0xff, 0x73, 0x84, 0xff, 
  0x72, 0x84, 0xff, 0x92, 0x84, 0xff, 0x72, 0x84, 0xff, 0xb3, 0x8c, 0xff, 
  0x97, 0xad, 0xff, 0xfc, 0xd6, 0xff, 0xbf, 0xf7, 0xff, 0xdf, 0xf7, 0xff, 
  0xbf, 0xf7, 0xff, 0xfc, 0xde, 0xff, 0xd7, 0xb5, 0xff, 0xb3, 0x8c, 0xff, 
  0x52, 0x84, 0xff, 0x72, 0x84, 0xff, 0x93, 0x84, 0xff, 0x72, 0x84, 0xff, 
  0x73, 0x84, 0xff, 0x72, 0x84, 0xff, 0x72, 0x84, 0xff, 0x92, 0x8c, 0xff, 
  0x92, 0x8c, 0xff, 0xf0, 0x7b, 0xff, 0x59, 0xc6, 0x00, 0xff, 0xff, 0x00, 
  0xff, 0xff, 0x00, 0xff, 0xff, 0x00, 0xff, 0xff, 0x00, 0xff, 0xff, 0x00, 
  0xff, 0xff, 0x00, 0xff, 0xff, 0x00, 0xff, 0xff, 0x00, 0xff, 0xff, 0x00, 
  0xff, 0xff, 0x00, 0xff, 0xff, 0x00, 0xff, 0xff, 0x00, 0xff, 0xff, 0x00, 
  0xff, 0xff, 0x00, 0xff, 0xff, 0x00, 0xff, 0xff, 0x00, 0xff, 0xff, 0x00, 
  0xff, 0xff, 0x00, 0xff, 0xff, 0x00, 0xff, 0xff, 0x00, 0xff, 0xff, 0x00, 
  0xff, 0xff, 0x00, 0xff, 0xff, 0x00, 0xff, 0xff, 0x00, 0xff, 0xff, 0x00, 
  0xff, 0xff, 0x00, 0xff, 0xff, 0x00, 0xff, 0xff, 0x00, 0xff, 0xff, 0x00, 
  0xff, 0xff, 0x00, 0xff, 0xff, 0x00, 0xff, 0xff, 0x00, 0xff, 0xf7, 0x00, 
  0xff, 0xf7, 0x00, 0xfb, 0x8d, 0x00, 0x56, 0x1b, 0xff, 0xb9, 0x0b, 0xff, 
  0xda, 0x0b, 0xff, 0xda, 0x03, 0xff, 0xd9, 0x0b, 0xff, 0xb9, 0x0b, 0xff, 
  0xb9, 0x0b, 0xff, 0xba, 0x0b, 0xff, 0xba, 0x0b, 0xff, 0xba, 0x0b, 0xff, 
  0xbb, 0x0b, 0xff, 0xba, 0x0b, 0xff, 0xb9, 0x0b, 0xff, 0xb9, 0x0b, 0xff, 
  0xd9, 0x13, 0xff, 0x56, 0x13, 0xff, 0x17, 0x44, 0x00, 0xff, 0xd7, 0x00, 
  0xff, 0xf7, 0x00, 0xdf, 0xf7, 0x00, 0xff, 0xff, 0x00, 0xdf, 0xff, 0x00, 
  0xb3, 0x94, 0x00, 0x32, 0x7c, 0xff, 0x93, 0x84, 0xff, 0x73, 0x84, 0xff, 
  0x73, 0x84, 0xff, 0x72, 0x84, 0xff, 0x72, 0x84, 0xff, 0x92, 0x84, 0xff, 
  0x72, 0x84, 0xff, 0x92, 0x8c, 0xff, 0xb3, 0x8c, 0xff, 0xfc, 0xd6, 0xff, 
  0xdf, 0xf7, 0xff, 0x9e, 0xef, 0xff, 0x9e, 0xef, 0xff, 0x7d, 0xef, 0xff, 
  0x9e, 0xef, 0xff, 0x9e, 0xef, 0xff, 0x9e, 0xef, 0xff, 0x9e, 0xef, 0xff, 
  0x9e, 0xef, 0xff, 0x9e, 0xef, 0xff, 0x9e, 0xef, 0xff, 0x9e, 0xef, 0xff, 
  0x9e, 0xef, 0xff, 0x9e, 0xef, 0xff, 0x9e, 0xef, 0xff, 0x7d, 0xef, 0xff, 
  0xbe, 0xef, 0xff, 0xbe, 0xef, 0xff, 0x9e, 0xef, 0xff, 0xb7, 0xb5, 0xff, 
  0x52, 0x84, 0xff, 0x72, 0x84, 0xff, 0x93, 0x8c, 0xff, 0x52, 0x84, 0xff, 
  0x72, 0x84, 0xff, 0x92, 0x84, 0xff, 0x72, 0x84, 0xff, 0x73, 0x84, 0xff, 
  0x72, 0x84, 0xff, 0x92, 0x8c, 0xff, 0x72, 0x84, 0xff, 0x96, 0xad, 0xff, 
  0xbf, 0xf7, 0xff, 0x9e, 0xef, 0xff, 0x9e, 0xef, 0xff, 0x9e, 0xef, 0xff, 
  0x9e, 0xef, 0xff, 0x9e, 0xef, 0xff, 0xbf, 0xf7, 0xff, 0x96, 0xad, 0xff, 
  0x72, 0x84, 0xff, 0x72, 0x8c, 0xff, 0x72, 0x84, 0xff, 0x72, 0x84, 0xff, 
  0x72, 0x84, 0xff, 0x92, 0x84, 0xff, 0x72, 0x8c, 0xff, 0x72, 0x84, 0xff, 
  0x72, 0x84, 0xff, 0x31, 0x7c, 0xff, 0x39, 0xc6, 0x00, 0xff, 0xff, 0x00, 
  0xff, 0xff, 0x00, 0xff, 0xff, 0x00, 0xff, 0xff, 0x00, 0xff, 0xff, 0x00, 
  0xff, 0xff, 0x00, 0xff, 0xff, 0x00, 0xff, 0xff, 0x00, 0xff, 0xff, 0x00, 
  0xff, 0xff, 0x00, 0xff, 0xff, 0x00, 0xff, 0xff, 0x00, 0xff, 0xff, 0x00, 
  0xff, 0xff, 0x00, 0xff, 0xff, 0x00, 0xff, 0xff, 0x00, 0xff, 0xff, 0x00, 
  0xff, 0xff, 0x00, 0xff, 0xff, 0x00, 0xff, 0xff, 0x00, 0xff, 0xff, 0x00, 
  0xff, 0xff, 0x00, 0xff, 0xff, 0x00, 0xff, 0xff, 0x00, 0xff, 0xff, 0x00, 
  0xff, 0xff, 0x00, 0xff, 0xff, 0x00, 0xff, 0xff, 0x00, 0xdf, 0xff, 0x00, 
  0xff, 0xff, 0x00, 0xff, 0xff, 0x00, 0xff, 0xff, 0x00, 0xff, 0xf7, 0x00, 
  0xff, 0xef, 0x00, 0xdc, 0x85, 0x00, 0x35, 0x0b, 0xff, 0xda, 0x0b, 0xff, 
  0xda, 0x03, 0xff, 0xb9, 0x03, 0xff, 0xb9, 0x0b, 0xff, 0xb9, 0x0b, 0xff, 
  0xb9, 0x0b, 0xff, 0xba, 0x0b, 0xff, 0xb9, 0x0b, 0xff, 0xba, 0x0b, 0xff, 
  0xba, 0x03, 0xff, 0xba, 0x03, 0xff, 0xb9, 0x03, 0xff, 0xb9, 0x0b, 0xff, 
  0xda, 0x0b, 0xff, 0x77, 0x0b, 0xff, 0xb6, 0x33, 0x00, 0xff, 0xd7, 0x00, 
  0xff, 0xef, 0x00, 0xbe, 0xf7, 0x00, 0xff, 0xff, 0x00, 0x9d, 0xf7, 0x00, 
  0xb3, 0x94, 0x00, 0x32, 0x7c, 0xff, 0x93, 0x8c, 0xff, 0x73, 0x84, 0xff, 
  0x73, 0x84, 0xff, 0x72, 0x84, 0xff, 0x72, 0x84, 0xff, 0x92, 0x84, 0xff, 
  0x51, 0x84, 0xff, 0x92, 0x8c, 0xff, 0x39, 0xbe, 0xff, 0x7e, 0xe7, 0xff, 
  0xbf, 0xf7, 0xff, 0xbe, 0xef, 0xff, 0x7d, 0xef, 0xff, 0xbe, 0xf7, 0xff, 
  0x9e, 0xef, 0xff, 0x9e, 0xef, 0xff, 0x9e, 0xef, 0xff, 0x9e, 0xef, 0xff, 
  0x9e, 0xef, 0xff, 0x9e, 0xef, 0xff, 0x9e, 0xef, 0xff, 0x9e, 0xef, 0xff, 
  0x9e, 0xef, 0xff, 0x9e, 0xef, 0xff, 0x9e, 0xef, 0xff, 0x9e, 0xef, 0xff, 
  0x9e, 0xef, 0xff, 0xbf, 0xf7, 0xff, 0xbf, 0xf7, 0xff, 0xfc, 0xd6, 0xff, 
  0x55, 0xa5, 0xff, 0x52, 0x84, 0xff, 0x72, 0x84, 0xff, 0x72, 0x84, 0xff, 
  0x72, 0x84, 0xff, 0x72, 0x84, 0xff, 0x72, 0x84, 0xff, 0x72, 0x84, 0xff, 
  0x92, 0x84, 0xff, 0x51, 0x84, 0xff, 0x55, 0xa5, 0xff, 0xfc, 0xd6, 0xff, 
  0xbf, 0xf7, 0xff, 0xbe, 0xef, 0xff, 0xbe, 0xf7, 0xff, 0x7e, 0xef, 0xff, 
  0x7e, 0xef, 0xff, 0xdf, 0xf7, 0xff, 0xbe, 0xef, 0xff, 0xdb, 0xd6, 0xff, 
  0x55, 0xa5, 0xff, 0x31, 0x84, 0xff, 0x92, 0x84, 0xff, 0x72, 0x84, 0xff, 
  0x72, 0x84, 0xff, 0x72, 0x84, 0xff, 0x52, 0x84, 0xff, 0x72, 0x8c, 0xff, 
  0x92, 0x8c, 0xff, 0xf0, 0x7b, 0xff, 0x18, 0xbe, 0x00, 0xff, 0xff, 0x00, 
  0xdf, 0xff, 0x00, 0xdf, 0xff, 0x00, 0xff, 0xff, 0x00, 0xff, 0xff, 0x00, 
  0xdf, 0xff, 0x00, 0xff, 0xff, 0x00, 0xff, 0xff, 0x00, 0xff, 0xff, 0x00, 
  0xff, 0xff, 0x00, 0xff, 0xff, 0x00, 0xff, 0xff, 0x00, 0xff, 0xff, 0x00, 
  0xff, 0xff, 0x00, 0xff, 0xff, 0x00, 0xff, 0xff, 0x00, 0xff, 0xff, 0x00, 
  0xff, 0xff, 0x00, 0xff, 0xff, 0x00, 0xff, 0xff, 0x00, 0xff, 0xff, 0x00, 
  0xff, 0xff, 0x00, 0xff, 0xff, 0x00, 0xff, 0xff, 0x00, 0xff, 0xff, 0x00, 
  0xff, 0xff, 0x00, 0xff, 0xff, 0x00, 0xff, 0xff, 0x00, 0xff, 0xff, 0x00, 
  0xff, 0xff, 0x00, 0xff, 0xff, 0x00, 0xff, 0xff, 0x00, 0xff, 0xf7, 0x00, 
  0xff, 0xef, 0x00, 0xdb, 0x8d, 0x00, 0x14, 0x13, 0xff, 0x78, 0x13, 0xff, 
  0x98, 0x0b, 0xff, 0x98, 0x0b, 0xff, 0x98, 0x13, 0xff, 0x78, 0x0b, 0xff, 
  0x98, 0x0b, 0xff, 0x98, 0x0b, 0xff, 0x98, 0x13, 0xff, 0x98, 0x13, 0xff, 
  0x78, 0x13, 0xff, 0x98, 0x13, 0xff, 0x98, 0x13, 0xff, 0x98, 0x13, 0xff, 
  0x98, 0x13, 0xff, 0x36, 0x13, 0xff, 0x74, 0x33, 0x00, 0xff, 0xe7, 0x00, 
  0xff, 0xf7, 0x00, 0xff, 0xff, 0x00, 0xff, 0xff, 0x00, 0xff, 0xff, 0x00, 
  0xb2, 0x94, 0x00, 0x51, 0x7c, 0xff, 0x93, 0x84, 0xff, 0x72, 0x84, 0xff, 
  0x72, 0x84, 0xff, 0x72, 0x84, 0xff, 0x72, 0x84, 0xff, 0x92, 0x84, 0xff, 
  0x31, 0x7c, 0xff, 0xb3, 0x8c, 0xff, 0x3c, 0xdf, 0xff, 0xbe, 0xef, 0xff, 
  0x9e, 0xef, 0xff, 0x9e, 0xef, 0xff, 0x9e, 0xef, 0xff, 0x9e, 0xef, 0xff, 
  0x9e, 0xef, 0xff, 0x9e, 0xef, 0xff, 0x9e, 0xef, 0xff, 0x9e, 0xef, 0xff, 
  0x9e, 0xef, 0xff, 0x9e, 0xef, 0xff, 0x9e, 0xef, 0xff, 0x9e, 0xef, 0xff, 
  0xbe, 0xf7, 0xff, 0x7e, 0xef, 0xff, 0x9e, 0xef, 0xff, 0xbe, 0xf7, 0xff, 
  0x7e, 0xef, 0xff, 0x9e, 0xef, 0xff, 0x9e, 0xef, 0xff, 0xbf, 0xf7, 0xff, 
  0xd7, 0xb5, 0xff, 0x31, 0x7c, 0xff, 0x92, 0x84, 0xff, 0x72, 0x84, 0xff, 
  0x72, 0x84, 0xff, 0x72, 0x84, 0xff, 0x93, 0x84, 0xff, 0x72, 0x84, 0xff, 
  0x92, 0x84, 0xff, 0x11, 0x7c, 0xff, 0xf7, 0xb5, 0xff, 0xdf, 0xf7, 0xff, 
  0x7e, 0xef, 0xff, 0x9e, 0xef, 0xff, 0x9e, 0xef, 0xff, 0xbe, 0xf7, 0xff, 
  0x9e, 0xef, 0xff, 0x9e, 0xef, 0xff, 0x7e, 0xef, 0xff, 0xbf, 0xf7, 0xff, 
  0xf7, 0xb5, 0xff, 0x31, 0x7c, 0xff, 0x72, 0x84, 0xff, 0x72, 0x84, 0xff, 
  0x72, 0x84, 0xff, 0x92, 0x84, 0xff, 0x72, 0x84, 0xff, 0x72, 0x84, 0xff, 
  0x72, 0x8c, 0xff, 0x10, 0x7c, 0xff, 0x59, 0xc6, 0x00, 0xff, 0xff, 0x00, 
  0xff, 0xff, 0x00, 0xff, 0xff, 0x00, 0xff, 0xff, 0x00, 0xff, 0xff, 0x00, 
  0xff, 0xff, 0x00, 0xff, 0xff, 0x00, 0xff, 0xff, 0x00, 0xff, 0xff, 0x00, 
  0xff, 0xff, 0x00, 0xff, 0xff, 0x00, 0xff, 0xff, 0x00, 0xff, 0xff, 0x00, 
  0xff, 0xff, 0x00, 0xff, 0xff, 0x00, 0xff, 0xff, 0x00, 0xff, 0xff, 0x00, 
  0xff, 0xff, 0x00, 0xff, 0xff, 0x00, 0xff, 0xff, 0x00, 0xff, 0xff, 0x00, 
  0xff, 0xff, 0x00, 0xff, 0xff, 0x00, 0xff, 0xff, 0x00, 0xff, 0xff, 0x00, 
  0xff, 0xff, 0x00, 0xff, 0xff, 0x00, 0x1c, 0xdf, 0x00, 0x7a, 0xce, 0x00, 
  0x39, 0xc6, 0x00, 0x59, 0xc6, 0x00, 0x19, 0xc6, 0x00, 0x39, 0xbe, 0x00, 
  0x5a, 0xbe, 0x00, 0x38, 0x8d, 0xff, 0xd5, 0x43, 0xff, 0x17, 0x44, 0xff, 
  0x17, 0x44, 0xff, 0x17, 0x3c, 0xff, 0x38, 0x44, 0xff, 0x18, 0x3c, 0xff, 
  0x38, 0x3c, 0xff, 0x18, 0x3c, 0xff, 0x17, 0x3c, 0xff, 0x17, 0x44, 0xff, 
  0x17, 0x44, 0xff, 0x18, 0x44, 0xff, 0x17, 0x3c, 0xff, 0x17, 0x3c, 0xff, 
  0x18, 0x44, 0xff, 0xd6, 0x43, 0xff, 0x35, 0x5c, 0xff, 0x3b, 0xae, 0x00, 
  0x3a, 0xb6, 0x00, 0x39, 0xc6, 0x00, 0x38, 0xc6, 0x00, 0x38, 0xc6, 0x00, 
  0x92, 0x8c, 0xff, 0x51, 0x84, 0xff, 0x92, 0x84, 0xff, 0x72, 0x84, 0xff, 
  0x72, 0x84, 0xff, 0x72, 0x84, 0xff, 0x72, 0x84, 0xff, 0x92, 0x84, 0xff, 
  0x31, 0x7c, 0xff, 0x92, 0x8c, 0xff, 0x5d, 0xe7, 0xff, 0xdf, 0xf7, 0xff, 
  0x9e, 0xef, 0xff, 0x9e, 0xef, 0xff, 0x9e, 0xef, 0xff, 0x9e, 0xef, 0xff, 
  0x9e, 0xef, 0xff, 0x9e, 0xef, 0xff, 0x9e, 0xef, 0xff, 0x9e, 0xef, 0xff, 
  0x9e, 0xef, 0xff, 0x9e, 0xef, 0xff, 0x9e, 0xef, 0xff, 0x9e, 0xef, 0xff, 
  0x9e, 0xef, 0xff, 0x9e, 0xef, 0xff, 0x9e, 0xef, 0xff, 0x9e, 0xef, 0xff, 
  0x9e, 0xef, 0xff, 0x9e, 0xef, 0xff, 0x9e, 0xef, 0xff, 0xdf, 0xf7, 0xff, 
  0xf8, 0xb5, 0xff, 0x10, 0x7c, 0xff, 0x93, 0x8c, 0xff, 0x72, 0x84, 0xff, 
  0x72, 0x84, 0xff, 0x72, 0x84, 0xff, 0x93, 0x8c, 0xff, 0x72, 0x84, 0xff, 
  0x92, 0x84, 0xff, 0x10, 0x7c, 0xff, 0xf8, 0xb5, 0xff, 0xff, 0xf7, 0xff, 
  0x9e, 0xef, 0xff, 0xbe, 0xef, 0xff, 0x9e, 0xef, 0xff, 0x9e, 0xef, 0xff, 
  0x9e, 0xef, 0xff, 0xbe, 0xf7, 0xff, 0x9e, 0xef, 0xff, 0xff, 0xf7, 0xff, 
  0xd7, 0xb5, 0xff, 0x11, 0x7c, 0xff, 0x92, 0x84, 0xff, 0x72, 0x84, 0xff, 
  0x72, 0x84, 0xff, 0x92, 0x84, 0xff, 0x72, 0x84, 0xff, 0x52, 0x84, 0xff, 
  0x72, 0x8c, 0xff, 0x31, 0x84, 0xff, 0x55, 0xa5, 0xff, 0x18, 0xbe, 0x00, 
  0x19, 0xc6, 0x00, 0x39, 0xc6, 0x00, 0x39, 0xc6, 0x00, 0x59, 0xc6, 0x00, 
  0x59, 0xce, 0x00, 0x1c, 0xdf, 0x00, 0xff, 0xff, 0x00, 0xff, 0xff, 0x00, 
  0xff, 0xff, 0x00, 0xff, 0xff, 0x00, 0xff, 0xff, 0x00, 0xff, 0xff, 0x00, 
  0xff, 0xff, 0x00, 0xff, 0xff, 0x00, 0xff, 0xff, 0x00, 0xff, 0xff, 0x00, 
  0xff, 0xff, 0x00, 0xff, 0xff, 0x00, 0xff, 0xff, 0x00, 0xff, 0xff, 0x00, 
  0xff, 0xff, 0x00, 0xff, 0xff, 0x00, 0xff, 0xff, 0x00, 0xff, 0xff, 0x00, 
  0xff, 0xff, 0x00, 0x9a, 0xce, 0x00, 0x14, 0x9d, 0x00, 0x31, 0x84, 0xff, 
  0xf0, 0x7b, 0xff, 0x10, 0x7c, 0xff, 0x10, 0x7c, 0xff, 0x10, 0x7c, 0xff, 
  0x10, 0x7c, 0xff, 0x32, 0x7c, 0xff, 0x74, 0x7c, 0xff, 0xb6, 0x84, 0xff, 
  0xd6, 0x84, 0xff, 0xb5, 0x7c, 0xff, 0xb5, 0x7c, 0xff, 0xb5, 0x7c, 0xff, 
  0xb5, 0x7c, 0xff, 0xb5, 0x7c, 0xff, 0xb5, 0x84, 0xff, 0xb5, 0x84, 0xff, 
  0xb5, 0x84, 0xff, 0xb5, 0x84, 0xff, 0xb5, 0x7c, 0xff, 0xb5, 0x7c, 0xff, 
  0xd5, 0x7c, 0xff, 0xb5, 0x7c, 0xff, 0x94, 0x7c, 0xff, 0x32, 0x74, 0xff, 
  0xf1, 0x73, 0xff, 0x11, 0x7c, 0xff, 0x10, 0x7c, 0xff, 0xf0, 0x73, 0xff, 
  0x72, 0x8c, 0xff, 0x51, 0x84, 0xff, 0x72, 0x8c, 0xff, 0x52, 0x84, 0xff, 
  0x52, 0x84, 0xff, 0x72, 0x84, 0xff, 0x72, 0x84, 0xff, 0x92, 0x84, 0xff, 
  0x31, 0x7c, 0xff, 0xb3, 0x8c, 0xff, 0x3d, 0xdf, 0xff, 0xbf, 0xef, 0xff, 
  0x7d, 0xe7, 0xff, 0x9e, 0xef, 0xff, 0xbe, 0xf7, 0xff, 0x9e, 0xef, 0xff, 
  0x9e, 0xf7, 0xff, 0x9e, 0xf7, 0xff, 0x9e, 0xf7, 0xff, 0x9e, 0xf7, 0xff, 
  0x9e, 0xef, 0xff, 0x9e, 0xef, 0xff, 0x9e, 0xef, 0xff, 0x9e, 0xef, 0xff, 
  0x9e, 0xef, 0xff, 0xbe, 0xf7, 0xff, 0x9e, 0xef, 0xff, 0x9e, 0xef, 0xff, 
  0xbf, 0xf7, 0xff, 0x9e, 0xef, 0xff, 0x9e, 0xef, 0xff, 0x9e, 0xef, 0xff, 
  0xf8, 0xb5, 0xff, 0x11, 0x7c, 0xff, 0x72, 0x84, 0xff, 0x52, 0x84, 0xff, 
  0x72, 0x84, 0xff, 0x72, 0x84, 0xff, 0x72, 0x84, 0xff, 0x73, 0x84, 0xff, 
  0x92, 0x84, 0xff, 0x11, 0x7c, 0xff, 0xd7, 0xb5, 0xff, 0xbf, 0xef, 0xff, 
  0x9e, 0xef, 0xff, 0x9e, 0xef, 0xff, 0x9e, 0xef, 0xff, 0x9e, 0xef, 0xff, 
  0x9e, 0xef, 0xff, 0x9d, 0xef, 0xff, 0x7e, 0xef, 0xff, 0xbf, 0xf7, 0xff, 
  0xd7, 0xb5, 0xff, 0x11, 0x7c, 0xff, 0x92, 0x84, 0xff, 0x72, 0x84, 0xff, 
  0x72, 0x84, 0xff, 0x72, 0x84, 0xff, 0x72, 0x84, 0xff, 0x72, 0x84, 0xff, 
  0x92, 0x84, 0xff, 0x52, 0x84, 0xff, 0x51, 0x84, 0xff, 0x10, 0x7c, 0xff, 
  0xf0, 0x7b, 0xff, 0x10, 0x7c, 0xff, 0xf0, 0x7b, 0xff, 0xf0, 0x7b, 0xff, 
  0x31, 0x84, 0xff, 0x14, 0x9d, 0x00, 0x7a, 0xce, 0x00, 0xdf, 0xf7, 0x00, 
  0xff, 0xff, 0x00, 0xff, 0xff, 0x00, 0xff, 0xff, 0x00, 0xff, 0xff, 0x00, 
  0xff, 0xff, 0x00, 0xff, 0xff, 0x00, 0xff, 0xff, 0x00, 0xff, 0xff, 0x00, 
  0xff, 0xff, 0x00, 0xff, 0xff, 0x00, 0xff, 0xff, 0x00, 0xff, 0xff, 0x00, 
  0xff, 0xff, 0x00, 0xff, 0xff, 0x00, 0xff, 0xff, 0x00, 0xdf, 0xf7, 0x00, 
  0x9a, 0xce, 0x00, 0x51, 0x84, 0xff, 0x51, 0x84, 0xff, 0x92, 0x8c, 0xff, 
  0x72, 0x84, 0xff, 0x72, 0x84, 0xff, 0x92, 0x8c, 0xff, 0x72, 0x84, 0xff, 
  0x72, 0x8c, 0xff, 0x72, 0x8c, 0xff, 0x72, 0x8c, 0xff, 0x31, 0x84, 0xff, 
  0x52, 0x8c, 0xff, 0x52, 0x8c, 0xff, 0x72, 0x84, 0xff, 0x72, 0x84, 0xff, 
  0x72, 0x8c, 0xff, 0x72, 0x8c, 0xff, 0x52, 0x8c, 0xff, 0x52, 0x8c, 0xff, 
  0x52, 0x8c, 0xff, 0x72, 0x8c, 0xff, 0x72, 0x8c, 0xff, 0x72, 0x84, 0xff, 
  0x51, 0x84, 0xff, 0x92, 0x8c, 0xff, 0x72, 0x84, 0xff, 0x72, 0x84, 0xff, 
  0x72, 0x84, 0xff, 0x93, 0x84, 0xff, 0x72, 0x84, 0xff, 0xb3, 0x8c, 0xff, 
  0x72, 0x84, 0xff, 0x52, 0x84, 0xff, 0x72, 0x8c, 0xff, 0x52, 0x84, 0xff, 
  0x52, 0x84, 0xff, 0x72, 0x84, 0xff, 0x72, 0x84, 0xff, 0x72, 0x84, 0xff, 
  0x51, 0x7c, 0xff, 0x93, 0x8c, 0xff, 0x39, 0xbe, 0xff, 0x9e, 0xef, 0xff, 
  0xdf, 0xf7, 0xff, 0x9e, 0xef, 0xff, 0x9e, 0xef, 0xff, 0x9d, 0xef, 0xff, 
  0x9e, 0xf7, 0xff, 0x9e, 0xf7, 0xff, 0x9e, 0xf7, 0xff, 0x9e, 0xf7, 0xff, 
  0x9e, 0xef, 0xff, 0x9e, 0xef, 0xff, 0x9e, 0xef, 0xff, 0x9e, 0xef, 0xff, 
  0xbe, 0xf7, 0xff, 0x7e, 0xef, 0xff, 0x9e, 0xef, 0xff, 0x9e, 0xef, 0xff, 
  0x9e, 0xef, 0xff, 0x9e, 0xef, 0xff, 0xdf, 0xf7, 0xff, 0xdb, 0xd6, 0xff, 
  0x35, 0x9d, 0xff, 0x51, 0x84, 0xff, 0x72, 0x84, 0xff, 0x52, 0x84, 0xff, 
  0x72, 0x84, 0xff, 0x72, 0x84, 0xff, 0x52, 0x84, 0xff, 0x72, 0x84, 0xff, 
  0x72, 0x84, 0xff, 0x51, 0x7c, 0xff, 0x35, 0xa5, 0xff, 0xfc, 0xd6, 0xff, 
  0xdf, 0xf7, 0xff, 0xbe, 0xef, 0xff, 0x9e, 0xef, 0xff, 0x9e, 0xef, 0xff, 
  0x9e, 0xef, 0xff, 0x9e, 0xef, 0xff, 0xdf, 0xf7, 0xff, 0xfc, 0xd6, 0xff, 
  0x35, 0xa5, 0xff, 0x31, 0x84, 0xff, 0x72, 0x84, 0xff, 0x72, 0x84, 0xff, 
  0x72, 0x84, 0xff, 0x72, 0x84, 0xff, 0x72, 0x84, 0xff, 0x72, 0x84, 0xff, 
  0x52, 0x84, 0xff, 0x72, 0x84, 0xff, 0x72, 0x84, 0xff, 0x72, 0x84, 0xff, 
  0x72, 0x84, 0xff, 0x72, 0x8c, 0xff, 0x72, 0x8c, 0xff, 0x72, 0x84, 0xff, 
  0x93, 0x8c, 0xff, 0x51, 0x84, 0xff, 0x52, 0x84, 0xff, 0x9a, 0xce, 0x00, 
  0xdf, 0xff, 0x00, 0xff, 0xff, 0x00, 0xff, 0xff, 0x00, 0xff, 0xff, 0x00, 
  0xff, 0xff, 0x00, 0xff, 0xff, 0x00, 0xff, 0xff, 0x00, 0xff, 0xff, 0x00, 
  0xff, 0xff, 0x00, 0xff, 0xff, 0x00, 0xff, 0xff, 0x00, 0xff, 0xff, 0x00, 
  0xff, 0xff, 0x00, 0xff, 0xff, 0x00, 0xff, 0xff, 0x00, 0x1c, 0xdf, 0x00, 
  0x15, 0xa5, 0x00, 0x51, 0x84, 0xff, 0x52, 0x84, 0xff, 0x51, 0x84, 0xff, 
  0x72, 0x84, 0xff, 0x72, 0x84, 0xff, 0x52, 0x84, 0xff, 0x72, 0x84, 0xff, 
  0x52, 0x7c, 0xff, 0x52, 0x84, 0xff, 0x72, 0x8c, 0xff, 0x72, 0x8c, 0xff, 
  0x72, 0x8c, 0xff, 0x73, 0x84, 0xff, 0x72, 0x7c, 0xff, 0x72, 0x84, 0xff, 
  0x72, 0x84, 0xff, 0x72, 0x84, 0xff, 0x52, 0x8c, 0xff, 0x52, 0x8c, 0xff, 
  0x72, 0x84, 0xff, 0x72, 0x84, 0xff, 0x72, 0x84, 0xff, 0x72, 0x84, 0xff, 
  0x52, 0x84, 0xff, 0x52, 0x84, 0xff, 0x72, 0x84, 0xff, 0x52, 0x84, 0xff, 
  0x92, 0x8c, 0xff, 0x52, 0x84, 0xff, 0x72, 0x84, 0xff, 0x52, 0x84, 0xff, 
  0x72, 0x84, 0xff, 0x72, 0x84, 0xff, 0x72, 0x84, 0xff, 0x72, 0x84, 0xff, 
  0x72, 0x84, 0xff, 0x72, 0x84, 0xff, 0x72, 0x84, 0xff, 0x72, 0x84, 0xff, 
  0x72, 0x84, 0xff, 0x52, 0x84, 0xff, 0xd4, 0x94, 0xff, 0xfc, 0xd6, 0xff, 
  0xdf, 0xf7, 0xff, 0x7e, 0xef, 0xff, 0x9e, 0xef, 0xff, 0x9e, 0xef, 0xff, 
  0x7d, 0xef, 0xff, 0x7d, 0xef, 0xff, 0x7d, 0xef, 0xff, 0x7d, 0xef, 0xff, 
  0x7e, 0xef, 0xff, 0x7e, 0xef, 0xff, 0x7e, 0xef, 0xff, 0x7e, 0xef, 0xff, 
  0x9e, 0xef, 0xff, 0x7e, 0xef, 0xff, 0xbe, 0xf7, 0xff, 0x9e, 0xef, 0xff, 
  0x7e, 0xef, 0xff, 0xbf, 0xf7, 0xff, 0x9e, 0xef, 0xff, 0xb7, 0xb5, 0xff, 
  0x72, 0x84, 0xff, 0x72, 0x84, 0xff, 0x72, 0x8c, 0xff, 0x72, 0x84, 0xff, 
  0x52, 0x84, 0xff, 0x72, 0x84, 0xff, 0x72, 0x84, 0xff, 0x72, 0x84, 0xff, 
  0x72, 0x84, 0xff, 0x72, 0x84, 0xff, 0x92, 0x8c, 0xff, 0xb7, 0xad, 0xff, 
  0x7e, 0xef, 0xff, 0xbf, 0xf7, 0xff, 0x9e, 0xef, 0xff, 0x9e, 0xef, 0xff, 
  0x9e, 0xef, 0xff, 0xbf, 0xf7, 0xff, 0xbe, 0xef, 0xff, 0x96, 0xad, 0xff, 
  0x51, 0x84, 0xff, 0x72, 0x84, 0xff, 0x72, 0x84, 0xff, 0x72, 0x84, 0xff, 
  0x73, 0x84, 0xff, 0x72, 0x84, 0xff, 0x72, 0x84, 0xff, 0x72, 0x84, 0xff, 
  0x52, 0x84, 0xff, 0x72, 0x84, 0xff, 0x72, 0x84, 0xff, 0x92, 0x84, 0xff, 
  0x72, 0x84, 0xff, 0x52, 0x84, 0xff, 0x72, 0x84, 0xff, 0x72, 0x84, 0xff, 
  0x52, 0x84, 0xff, 0x51, 0x84, 0xff, 0x52, 0x84, 0xff, 0x35, 0xa5, 0x00, 
  0x1c, 0xe7, 0x00, 0xff, 0xff, 0x00, 0xff, 0xff, 0x00, 0xff, 0xff, 0x00, 
  0xff, 0xff, 0x00, 0xff, 0xff, 0x00, 0xff, 0xff, 0x00, 0xff, 0xff, 0x00, 
  0xff, 0xff, 0x00, 0xff, 0xff, 0x00, 0xff, 0xff, 0x00, 0xff, 0xff, 0x00, 
  0xff, 0xff, 0x00, 0xdf, 0xff, 0x00, 0xff, 0xff, 0x00, 0x59, 0xc6, 0x00, 
  0x31, 0x7c, 0xff, 0x72, 0x8c, 0xff, 0x52, 0x84, 0xff, 0x72, 0x84, 0xff, 
  0x52, 0x84, 0xff, 0x72, 0x84, 0xff, 0x72, 0x84, 0xff, 0x72, 0x84, 0xff, 
  0x73, 0x84, 0xff, 0x93, 0x84, 0xff, 0x51, 0x84, 0xff, 0x72, 0x84, 0xff, 
  0x52, 0x84, 0xff, 0x73, 0x84, 0xff, 0x72, 0x7c, 0xff, 0x73, 0x84, 0xff, 
  0x72, 0x84, 0xff, 0x72, 0x84, 0xff, 0x72, 0x84, 0xff, 0x72, 0x84, 0xff, 
  0x72, 0x84, 0xff, 0x72, 0x84, 0xff, 0x72, 0x84, 0xff, 0x72, 0x84, 0xff, 
  0x72, 0x84, 0xff, 0x52, 0x84, 0xff, 0x72, 0x84, 0xff, 0x71, 0x84, 0xff, 
  0x52, 0x84, 0xff, 0x72, 0x84, 0xff, 0x72, 0x84, 0xff, 0x72, 0x84, 0xff, 
  0x72, 0x84, 0xff, 0x72, 0x84, 0xff, 0x72, 0x84, 0xff, 0x72, 0x84, 0xff, 
  0x72, 0x84, 0xff, 0x72, 0x84, 0xff, 0x72, 0x84, 0xff, 0x72, 0x84, 0xff, 
  0x52, 0x84, 0xff, 0x72, 0x84, 0xff, 0x52, 0x84, 0xff, 0xf4, 0x9c, 0xff, 
  0x59, 0xc6, 0xff, 0x7e, 0xe7, 0xff, 0xdf, 0xf7, 0xff, 0xff, 0xff, 0xff, 
  0xff, 0xff, 0xff, 0xff, 0xff, 0xff, 0xff, 0xff, 0xff, 0xff, 0xff, 0xff, 
  0xff, 0xff, 0xff, 0xff, 0xff, 0xff, 0xff, 0xff, 0xff, 0xff, 0xff, 0xff, 
  0xff, 0xff, 0xff, 0xff, 0xff, 0xff, 0xff, 0xff, 0xff, 0xdf, 0xf7, 0xff, 
  0xbf, 0xf7, 0xff, 0xdb, 0xd6, 0xff, 0xb7, 0xb5, 0xff, 0x92, 0x8c, 0xff, 
  0x51, 0x84, 0xff, 0x72, 0x84, 0xff, 0x52, 0x84, 0xff, 0x72, 0x84, 0xff, 
  0x72, 0x84, 0xff, 0x72, 0x84, 0xff, 0x72, 0x84, 0xff, 0x72, 0x84, 0xff, 
  0x72, 0x84, 0xff, 0x72, 0x84, 0xff, 0x31, 0x84, 0xff, 0x92, 0x8c, 0xff, 
  0xd7, 0xb5, 0xff, 0xdb, 0xd6, 0xff, 0xbf, 0xf7, 0xff, 0xff, 0xff, 0xff, 
  0xbf, 0xf7, 0xff, 0xdb, 0xd6, 0xff, 0xb7, 0xad, 0xff, 0x92, 0x8c, 0xff, 
  0x52, 0x84, 0xff, 0x72, 0x84, 0xff, 0x72, 0x84, 0xff, 0x72, 0x84, 0xff, 
  0x72, 0x84, 0xff, 0x72, 0x84, 0xff, 0x72, 0x84, 0xff, 0x73, 0x84, 0xff, 
  0x73, 0x84, 0xff, 0x52, 0x84, 0xff, 0x72, 0x84, 0xff, 0x52, 0x84, 0xff, 
  0x72, 0x84, 0xff, 0x72, 0x84, 0xff, 0x72, 0x84, 0xff, 0x72, 0x84, 0xff, 
  0x72, 0x84, 0xff, 0x72, 0x84, 0xff, 0x92, 0x84, 0xff, 0x31, 0x84, 0xff, 
  0x59, 0xce, 0x00, 0xff, 0xff, 0x00, 0xff, 0xff, 0x00, 0xff, 0xff, 0x00, 
  0xff, 0xff, 0x00, 0xff, 0xff, 0x00, 0xff, 0xff, 0x00, 0xff, 0xff, 0x00, 
  0xff, 0xff, 0x00, 0xff, 0xff, 0x00, 0xff, 0xff, 0x00, 0xff, 0xff, 0x00, 
  0xff, 0xff, 0x00, 0xff, 0xff, 0x00, 0xff, 0xff, 0x00, 0x39, 0xc6, 0x00, 
  0xf0, 0x7b, 0xff, 0x72, 0x84, 0xff, 0x72, 0x84, 0xff, 0x72, 0x84, 0xff, 
  0x72, 0x84, 0xff, 0x72, 0x84, 0xff, 0x72, 0x84, 0xff, 0x72, 0x84, 0xff, 
  0x72, 0x84, 0xff, 0x72, 0x84, 0xff, 0x72, 0x84, 0xff, 0x72, 0x84, 0xff, 
  0x72, 0x84, 0xff, 0x72, 0x84, 0xff, 0x72, 0x84, 0xff, 0x72, 0x84, 0xff, 
  0x72, 0x84, 0xff, 0x72, 0x84, 0xff, 0x72, 0x84, 0xff, 0x72, 0x84, 0xff, 
  0x72, 0x84, 0xff, 0x72, 0x84, 0xff, 0x72, 0x84, 0xff, 0x72, 0x84, 0xff, 
  0x72, 0x84, 0xff, 0x72, 0x84, 0xff, 0x72, 0x84, 0xff, 0x72, 0x84, 0xff, 
  0x72, 0x84, 0xff, 0x72, 0x84, 0xff, 0x72, 0x84, 0xff, 0x72, 0x84, 0xff, 
  0x72, 0x84, 0xff, 0x72, 0x84, 0xff, 0x72, 0x84, 0xff, 0x72, 0x84, 0xff, 
  0x72, 0x84, 0xff, 0x72, 0x84, 0xff, 0x72, 0x84, 0xff, 0x72, 0x84, 0xff, 
  0x52, 0x84, 0xff, 0x72, 0x84, 0xff, 0x72, 0x84, 0xff, 0x52, 0x84, 0xff, 
  0xb3, 0x8c, 0xff, 0x76, 0xad, 0xff, 0xf8, 0xbd, 0xff, 0xf8, 0xbd, 0xff, 
  0x18, 0xbe, 0xff, 0x18, 0xbe, 0xff, 0x18, 0xbe, 0xff, 0x18, 0xbe, 0xff, 
  0x18, 0xbe, 0xff, 0x18, 0xbe, 0xff, 0x18, 0xbe, 0xff, 0x18, 0xbe, 0xff, 
  0x18, 0xbe, 0xff, 0xf8, 0xb5, 0xff, 0xf8, 0xbd, 0xff, 0x18, 0xbe, 0xff, 
  0xd7, 0xb5, 0xff, 0x15, 0x9d, 0xff, 0x72, 0x8c, 0xff, 0x31, 0x7c, 0xff, 
  0x72, 0x84, 0xff, 0x72, 0x84, 0xff, 0x72, 0x84, 0xff, 0x72, 0x84, 0xff, 
  0x72, 0x84, 0xff, 0x72, 0x84, 0xff, 0x72, 0x84, 0xff, 0x72, 0x84, 0xff, 
  0x72, 0x84, 0xff, 0x72, 0x84, 0xff, 0x52, 0x84, 0xff, 0x31, 0x7c, 0xff, 
  0x92, 0x84, 0xff, 0x35, 0xa5, 0xff, 0xd7, 0xb5, 0xff, 0xf8, 0xbd, 0xff, 
  0xd8, 0xb5, 0xff, 0x35, 0x9d, 0xff, 0x72, 0x84, 0xff, 0x52, 0x84, 0xff, 
  0x72, 0x84, 0xff, 0x72, 0x84, 0xff, 0x72, 0x84, 0xff, 0x72, 0x84, 0xff, 
  0x72, 0x84, 0xff, 0x72, 0x84, 0xff, 0x72, 0x84, 0xff, 0x72, 0x84, 0xff, 
  0x72, 0x84, 0xff, 0x72, 0x84, 0xff, 0x72, 0x84, 0xff, 0x72, 0x84, 0xff, 
  0x72, 0x84, 0xff, 0x72, 0x84, 0xff, 0x72, 0x84, 0xff, 0x72, 0x84, 0xff, 
  0x72, 0x84, 0xff, 0x72, 0x84, 0xff, 0x72, 0x84, 0xff, 0xf0, 0x7b, 0xff, 
  0x39, 0xc6, 0x00, 0xff, 0xff, 0x00, 0xff, 0xff, 0x00, 0xff, 0xff, 0x00, 
  0xff, 0xff, 0x00, 0xff, 0xff, 0x00, 0xff, 0xff, 0x00, 0xff, 0xff, 0x00, 
  0xff, 0xff, 0x00, 0xff, 0xff, 0x00, 0xff, 0xff, 0x00, 0xff, 0xff, 0x00, 
  0xff, 0xff, 0x00, 0xff, 0xff, 0x00, 0xff, 0xff, 0x00, 0x39, 0xc6, 0x00, 
  0xf0, 0x7b, 0xff, 0x72, 0x84, 0xff, 0x72, 0x84, 0xff, 0x72, 0x84, 0xff, 
  0x72, 0x84, 0xff, 0x72, 0x84, 0xff, 0x72, 0x84, 0xff, 0x72, 0x84, 0xff, 
  0x72, 0x84, 0xff, 0x72, 0x84, 0xff, 0x72, 0x84, 0xff, 0x72, 0x84, 0xff, 
  0x72, 0x84, 0xff, 0x72, 0x84, 0xff, 0x72, 0x84, 0xff, 0x72, 0x84, 0xff, 
  0x72, 0x84, 0xff, 0x72, 0x84, 0xff, 0x72, 0x84, 0xff, 0x72, 0x84, 0xff, 
  0x72, 0x84, 0xff, 0x72, 0x84, 0xff, 0x72, 0x84, 0xff, 0x72, 0x84, 0xff, 
  0x72, 0x84, 0xff, 0x72, 0x84, 0xff, 0x72, 0x84, 0xff, 0x72, 0x84, 0xff, 
  0x72, 0x84, 0xff, 0x72, 0x84, 0xff, 0x72, 0x84, 0xff, 0x72, 0x84, 0xff, 
  0x72, 0x84, 0xff, 0x72, 0x84, 0xff, 0x72, 0x84, 0xff, 0x72, 0x84, 0xff, 
  0x72, 0x84, 0xff, 0x72, 0x84, 0xff, 0x72, 0x84, 0xff, 0x72, 0x84, 0xff, 
  0x72, 0x84, 0xff, 0x72, 0x84, 0xff, 0x72, 0x84, 0xff, 0x72, 0x84, 0xff, 
  0x72, 0x84, 0xff, 0x31, 0x7c, 0xff, 0x11, 0x7c, 0xff, 0x10, 0x74, 0xff, 
  0x10, 0x74, 0xff, 0x10, 0x7c, 0xff, 0x10, 0x7c, 0xff, 0x10, 0x7c, 0xff, 
  0x10, 0x7c, 0xff, 0x10, 0x7c, 0xff, 0x10, 0x7c, 0xff, 0x10, 0x74, 0xff, 
  0x10, 0x7c, 0xff, 0xf0, 0x73, 0xff, 0xf0, 0x73, 0xff, 0x10, 0x7c, 0xff, 
  0x31, 0x7c, 0xff, 0x31, 0x84, 0xff, 0x52, 0x84, 0xff, 0x72, 0x84, 0xff, 
  0x72, 0x84, 0xff, 0x72, 0x84, 0xff, 0x72, 0x84, 0xff, 0x72, 0x84, 0xff, 
  0x72, 0x84, 0xff, 0x72, 0x84, 0xff, 0x72, 0x84, 0xff, 0x72, 0x84, 0xff, 
  0x52, 0x84, 0xff, 0x72, 0x84, 0xff, 0x72, 0x84, 0xff, 0x72, 0x84, 0xff, 
  0x52, 0x84, 0xff, 0x31, 0x7c, 0xff, 0x11, 0x7c, 0xff, 0xf0, 0x73, 0xff, 
  0x11, 0x7c, 0xff, 0x31, 0x7c, 0xff, 0x52, 0x84, 0xff, 0x72, 0x84, 0xff, 
  0x72, 0x84, 0xff, 0x52, 0x84, 0xff, 0x52, 0x84, 0xff, 0x72, 0x84, 0xff, 
  0x72, 0x84, 0xff, 0x72, 0x84, 0xff, 0x72, 0x84, 0xff, 0x72, 0x84, 0xff, 
  0x72, 0x84, 0xff, 0x72, 0x84, 0xff, 0x72, 0x84, 0xff, 0x72, 0x84, 0xff, 
  0x72, 0x84, 0xff, 0x72, 0x84, 0xff, 0x72, 0x84, 0xff, 0x72, 0x84, 0xff, 
  0x72, 0x84, 0xff, 0x72, 0x84, 0xff, 0x72, 0x84, 0xff, 0xf0, 0x73, 0xff, 
  0x39, 0xc6, 0x00, 0xff, 0xff, 0x00, 0xff, 0xff, 0x00, 0xff, 0xff, 0x00, 
  0xff, 0xff, 0x00, 0xff, 0xff, 0x00, 0xff, 0xff, 0x00, 0xff, 0xff, 0x00, 
  0xff, 0xff, 0x00, 0xff, 0xff, 0x00, 0xff, 0xff, 0x00, 0xff, 0xff, 0x00, 
  0xff, 0xff, 0x00, 0xff, 0xff, 0x00, 0xff, 0xff, 0x00, 0x39, 0xc6, 0x00, 
  0xf0, 0x7b, 0xff, 0x72, 0x84, 0xff, 0x72, 0x84, 0xff, 0x72, 0x84, 0xff, 
  0x72, 0x84, 0xff, 0x72, 0x84, 0xff, 0x72, 0x84, 0xff, 0x72, 0x84, 0xff, 
  0x72, 0x84, 0xff, 0x72, 0x84, 0xff, 0x72, 0x84, 0xff, 0x72, 0x84, 0xff, 
  0x72, 0x84, 0xff, 0x72, 0x84, 0xff, 0x72, 0x84, 0xff, 0x72, 0x84, 0xff, 
  0x72, 0x84, 0xff, 0x72, 0x84, 0xff, 0x72, 0x84, 0xff, 0x72, 0x84, 0xff, 
  0x72, 0x84, 0xff, 0x72, 0x84, 0xff, 0x72, 0x84, 0xff, 0x72, 0x84, 0xff, 
  0x72, 0x84, 0xff, 0x72, 0x84, 0xff, 0x72, 0x84, 0xff, 0x72, 0x84, 0xff, 
  0x72, 0x84, 0xff, 0x72, 0x84, 0xff, 0x72, 0x84, 0xff, 0x72, 0x84, 0xff, 
  0x72, 0x84, 0xff, 0x72, 0x84, 0xff, 0x72, 0x84, 0xff, 0x72, 0x84, 0xff, 
  0x72, 0x84, 0xff, 0x72, 0x84, 0xff, 0x72, 0x84, 0xff, 0x72, 0x84, 0xff, 
  0x72, 0x84, 0xff, 0x52, 0x84, 0xff, 0x52, 0x84, 0xff, 0x72, 0x84, 0xff, 
  0x72, 0x84, 0xff, 0x72, 0x84, 0xff, 0x52, 0x84, 0xff, 0x72, 0x84, 0xff, 
  0x72, 0x84, 0xff, 0x72, 0x84, 0xff, 0x72, 0x84, 0xff, 0x72, 0x84, 0xff, 
  0x72, 0x84, 0xff, 0x72, 0x84, 0xff, 0x72, 0x84, 0xff, 0x72, 0x84, 0xff, 
  0x72, 0x84, 0xff, 0x72, 0x84, 0xff, 0x72, 0x84, 0xff, 0x72, 0x84, 0xff, 
  0x72, 0x84, 0xff, 0x72, 0x84, 0xff, 0x72, 0x84, 0xff, 0x72, 0x84, 0xff, 
  0x72, 0x84, 0xff, 0x72, 0x84, 0xff, 0x72, 0x84, 0xff, 0x72, 0x84, 0xff, 
  0x72, 0x84, 0xff, 0x72, 0x84, 0xff, 0x72, 0x84, 0xff, 0x72, 0x84, 0xff, 
  0x72, 0x84, 0xff, 0x52, 0x84, 0xff, 0x52, 0x84, 0xff, 0x72, 0x84, 0xff, 
  0x72, 0x84, 0xff, 0x72, 0x84, 0xff, 0x72, 0x84, 0xff, 0x93, 0x8c, 0xff, 
  0x72, 0x84, 0xff, 0x72, 0x84, 0xff, 0x72, 0x84, 0xff, 0x72, 0x84, 0xff, 
  0x72, 0x84, 0xff, 0x72, 0x84, 0xff, 0x72, 0x84, 0xff, 0x52, 0x84, 0xff, 
  0x72, 0x84, 0xff, 0x72, 0x84, 0xff, 0x72, 0x84, 0xff, 0x72, 0x84, 0xff, 
  0x72, 0x84, 0xff, 0x72, 0x84, 0xff, 0x72, 0x84, 0xff, 0x72, 0x84, 0xff, 
  0x72, 0x84, 0xff, 0x72, 0x84, 0xff, 0x72, 0x84, 0xff, 0x72, 0x84, 0xff, 
  0x72, 0x84, 0xff, 0x72, 0x84, 0xff, 0x72, 0x84, 0xff, 0xf0, 0x73, 0xff, 
  0x39, 0xc6, 0x00, 0xff, 0xff, 0x00, 0xff, 0xff, 0x00, 0xff, 0xff, 0x00, 
  0xff, 0xff, 0x00, 0xff, 0xff, 0x00, 0xff, 0xff, 0x00, 0xff, 0xff, 0x00, 
  0xff, 0xff, 0x00, 0xff, 0xff, 0x00, 0xff, 0xff, 0x00, 0xff, 0xff, 0x00, 
  0xff, 0xff, 0x00, 0xff, 0xff, 0x00, 0xff, 0xff, 0x00, 0x39, 0xc6, 0x00, 
  0xf0, 0x7b, 0xff, 0x72, 0x84, 0xff, 0x72, 0x84, 0xff, 0x72, 0x84, 0xff, 
  0x72, 0x84, 0xff, 0x72, 0x84, 0xff, 0x72, 0x84, 0xff, 0x72, 0x84, 0xff, 
  0x72, 0x84, 0xff, 0x72, 0x84, 0xff, 0x72, 0x84, 0xff, 0x72, 0x84, 0xff, 
  0x72, 0x84, 0xff, 0x72, 0x84, 0xff, 0x72, 0x84, 0xff, 0x72, 0x84, 0xff, 
  0x72, 0x84, 0xff, 0x72, 0x84, 0xff, 0x72, 0x84, 0xff, 0x72, 0x84, 0xff, 
  0x72, 0x84, 0xff, 0x72, 0x84, 0xff, 0x72, 0x84, 0xff, 0x72, 0x84, 0xff, 
  0x72, 0x84, 0xff, 0x72, 0x84, 0xff, 0x72, 0x84, 0xff, 0x72, 0x84, 0xff, 
  0x72, 0x84, 0xff, 0x72, 0x84, 0xff, 0x72, 0x84, 0xff, 0x72, 0x84, 0xff, 
  0x72, 0x84, 0xff, 0x72, 0x84, 0xff, 0x72, 0x84, 0xff, 0x72, 0x84, 0xff, 
  0x72, 0x84, 0xff, 0x72, 0x84, 0xff, 0x72, 0x84, 0xff, 0x72, 0x84, 0xff, 
  0x52, 0x84, 0xff, 0x72, 0x84, 0xff, 0x72, 0x84, 0xff, 0x52, 0x84, 0xff, 
  0x51, 0x84, 0xff, 0x72, 0x84, 0xff, 0x72, 0x84, 0xff, 0x72, 0x84, 0xff, 
  0x52, 0x84, 0xff, 0x52, 0x84, 0xff, 0x52, 0x84, 0xff, 0x52, 0x84, 0xff, 
  0x52, 0x84, 0xff, 0x52, 0x84, 0xff, 0x72, 0x84, 0xff, 0x72, 0x84, 0xff, 
  0x52, 0x84, 0xff, 0x72, 0x84, 0xff, 0x72, 0x84, 0xff, 0x72, 0x84, 0xff, 
  0x72, 0x84, 0xff, 0x72, 0x84, 0xff, 0x52, 0x84, 0xff, 0x52, 0x84, 0xff, 
  0x72, 0x84, 0xff, 0x72, 0x84, 0xff, 0x72, 0x84, 0xff, 0x72, 0x84, 0xff, 
  0x72, 0x84, 0xff, 0x72, 0x84, 0xff, 0x72, 0x84, 0xff, 0x72, 0x84, 0xff, 
  0x52, 0x84, 0xff, 0x72, 0x84, 0xff, 0x72, 0x84, 0xff, 0x72, 0x84, 0xff, 
  0x72, 0x84, 0xff, 0x72, 0x84, 0xff, 0x72, 0x84, 0xff, 0x52, 0x84, 0xff, 
  0x52, 0x84, 0xff, 0x72, 0x84, 0xff, 0x52, 0x84, 0xff, 0x52, 0x84, 0xff, 
  0x52, 0x84, 0xff, 0x72, 0x84, 0xff, 0x72, 0x84, 0xff, 0x72, 0x84, 0xff, 
  0x72, 0x84, 0xff, 0x72, 0x84, 0xff, 0x72, 0x84, 0xff, 0x72, 0x84, 0xff, 
  0x72, 0x84, 0xff, 0x72, 0x84, 0xff, 0x72, 0x84, 0xff, 0x72, 0x84, 0xff, 
  0x72, 0x84, 0xff, 0x72, 0x84, 0xff, 0x72, 0x84, 0xff, 0x72, 0x84, 0xff, 
  0x72, 0x84, 0xff, 0x72, 0x84, 0xff, 0x72, 0x84, 0xff, 0xf0, 0x73, 0xff, 
  0x39, 0xc6, 0x00, 0xff, 0xff, 0x00, 0xff, 0xff, 0x00, 0xff, 0xff, 0x00, 
  0xff, 0xff, 0x00, 0xff, 0xff, 0x00, 0xff, 0xff, 0x00, 0xff, 0xff, 0x00, 
  0xff, 0xff, 0x00, 0xff, 0xff, 0x00, 0xff, 0xff, 0x00, 0xff, 0xff, 0x00, 
  0xff, 0xff, 0x00, 0xff, 0xff, 0x00, 0xff, 0xff, 0x00, 0x39, 0xc6, 0x00, 
  0xf0, 0x7b, 0xff, 0x72, 0x84, 0xff, 0x52, 0x84, 0xff, 0x52, 0x84, 0xff, 
  0x72, 0x84, 0xff, 0x72, 0x84, 0xff, 0x52, 0x84, 0xff, 0x52, 0x84, 0xff, 
  0x52, 0x84, 0xff, 0x52, 0x84, 0xff, 0x52, 0x84, 0xff, 0x52, 0x84, 0xff, 
  0x52, 0x84, 0xff, 0x52, 0x84, 0xff, 0x52, 0x84, 0xff, 0x52, 0x84, 0xff, 
  0x52, 0x84, 0xff, 0x52, 0x84, 0xff, 0x52, 0x84, 0xff, 0x52, 0x84, 0xff, 
  0x52, 0x84, 0xff, 0x52, 0x84, 0xff, 0x52, 0x84, 0xff, 0x52, 0x84, 0xff, 
  0x52, 0x84, 0xff, 0x52, 0x84, 0xff, 0x52, 0x84, 0xff, 0x52, 0x84, 0xff, 
  0x52, 0x84, 0xff, 0x52, 0x84, 0xff, 0x52, 0x84, 0xff, 0x52, 0x84, 0xff, 
  0x52, 0x84, 0xff, 0x52, 0x84, 0xff, 0x52, 0x84, 0xff, 0x52, 0x84, 0xff, 
  0x52, 0x84, 0xff, 0x52, 0x84, 0xff, 0x52, 0x84, 0xff, 0x52, 0x84, 0xff, 
  0x52, 0x84, 0xff, 0x52, 0x84, 0xff, 0x52, 0x84, 0xff, 0x72, 0x84, 0xff, 
  0x72, 0x84, 0xff, 0x52, 0x84, 0xff, 0x51, 0x84, 0xff, 0x31, 0x84, 0xff, 
  0x52, 0x84, 0xff, 0x52, 0x84, 0xff, 0x52, 0x84, 0xff, 0x52, 0x84, 0xff, 
  0x52, 0x84, 0xff, 0x52, 0x84, 0xff, 0x52, 0x84, 0xff, 0x72, 0x84, 0xff, 
  0x52, 0x84, 0xff, 0x52, 0x84, 0xff, 0x52, 0x84, 0xff, 0x52, 0x84, 0xff, 
  0x52, 0x84, 0xff, 0x52, 0x84, 0xff, 0x72, 0x84, 0xff, 0x72, 0x84, 0xff, 
  0x52, 0x84, 0xff, 0x52, 0x84, 0xff, 0x52, 0x84, 0xff, 0x52, 0x84, 0xff, 
  0x52, 0x84, 0xff, 0x52, 0x84, 0xff, 0x52, 0x84, 0xff, 0x52, 0x84, 0xff, 
  0x52, 0x84, 0xff, 0x72, 0x84, 0xff, 0x52, 0x84, 0xff, 0x52, 0x84, 0xff, 
  0x52, 0x84, 0xff, 0x72, 0x84, 0xff, 0x72, 0x84, 0xff, 0x52, 0x84, 0xff, 
  0x52, 0x84, 0xff, 0x72, 0x84, 0xff, 0x72, 0x84, 0xff, 0x72, 0x84, 0xff, 
  0x72, 0x84, 0xff, 0x52, 0x84, 0xff, 0x52, 0x84, 0xff, 0x52, 0x84, 0xff, 
  0x52, 0x84, 0xff, 0x52, 0x84, 0xff, 0x52, 0x84, 0xff, 0x52, 0x84, 0xff, 
  0x52, 0x84, 0xff, 0x52, 0x84, 0xff, 0x52, 0x84, 0xff, 0x52, 0x84, 0xff, 
  0x52, 0x84, 0xff, 0x52, 0x84, 0xff, 0x52, 0x84, 0xff, 0x52, 0x84, 0xff, 
  0x52, 0x84, 0xff, 0x52, 0x84, 0xff, 0x72, 0x84, 0xff, 0xf0, 0x73, 0xff, 
  0x39, 0xc6, 0x00, 0xff, 0xff, 0x00, 0xff, 0xff, 0x00, 0xff, 0xff, 0x00, 
  0xff, 0xff, 0x00, 0xff, 0xff, 0x00, 0xff, 0xff, 0x00, 0xff, 0xff, 0x00, 
  0xff, 0xff, 0x00, 0xff, 0xff, 0x00, 0xff, 0xff, 0x00, 0xff, 0xff, 0x00, 
  0xff, 0xff, 0x00, 0xff, 0xff, 0x00, 0xff, 0xff, 0x00, 0x39, 0xc6, 0x00, 
  0xf0, 0x7b, 0xff, 0x72, 0x84, 0xff, 0x52, 0x84, 0xff, 0x52, 0x84, 0xff, 
  0x72, 0x84, 0xff, 0x72, 0x84, 0xff, 0x52, 0x84, 0xff, 0x52, 0x84, 0xff, 
  0x52, 0x84, 0xff, 0x52, 0x84, 0xff, 0x52, 0x84, 0xff, 0x52, 0x84, 0xff, 
  0x52, 0x84, 0xff, 0x52, 0x84, 0xff, 0x52, 0x84, 0xff, 0x52, 0x84, 0xff, 
  0x52, 0x84, 0xff, 0x52, 0x84, 0xff, 0x52, 0x84, 0xff, 0x52, 0x84, 0xff, 
  0x52, 0x84, 0xff, 0x52, 0x84, 0xff, 0x52, 0x84, 0xff, 0x52, 0x84, 0xff, 
  0x52, 0x84, 0xff, 0x52, 0x84, 0xff, 0x52, 0x84, 0xff, 0x52, 0x84, 0xff, 
  0x52, 0x84, 0xff, 0x52, 0x84, 0xff, 0x52, 0x84, 0xff, 0x52, 0x84, 0xff, 
  0x52, 0x84, 0xff, 0x52, 0x84, 0xff, 0x52, 0x84, 0xff, 0x52, 0x84, 0xff, 
  0x52, 0x84, 0xff, 0x52, 0x84, 0xff, 0x52, 0x84, 0xff, 0x52, 0x84, 0xff, 
  0x72, 0x84, 0xff, 0x52, 0x84, 0xff, 0x51, 0x84, 0xff, 0x51, 0x84, 0xff, 
  0x52, 0x84, 0xff, 0x52, 0x84, 0xff, 0x52, 0x84, 0xff, 0x52, 0x84, 0xff, 
  0x52, 0x84, 0xff, 0x52, 0x84, 0xff, 0x52, 0x84, 0xff, 0x52, 0x84, 0xff, 
  0x52, 0x84, 0xff, 0x52, 0x84, 0xff, 0x52, 0x84, 0xff, 0x52, 0x84, 0xff, 
  0x52, 0x84, 0xff, 0x52, 0x84, 0xff, 0x52, 0x84, 0xff, 0x52, 0x84, 0xff, 
  0x72, 0x84, 0xff, 0x72, 0x84, 0xff, 0x72, 0x84, 0xff, 0x52, 0x84, 0xff, 
  0x52, 0x84, 0xff, 0x52, 0x84, 0xff, 0x52, 0x84, 0xff, 0x52, 0x84, 0xff, 
  0x52, 0x84, 0xff, 0x52, 0x84, 0xff, 0x52, 0x84, 0xff, 0x52, 0x84, 0xff, 
  0x52, 0x84, 0xff, 0x52, 0x84, 0xff, 0x52, 0x84, 0xff, 0x72, 0x84, 0xff, 
  0x72, 0x84, 0xff, 0x72, 0x84, 0xff, 0x52, 0x84, 0xff, 0x52, 0x84, 0xff, 
  0x72, 0x84, 0xff, 0x52, 0x84, 0xff, 0x52, 0x84, 0xff, 0x52, 0x84, 0xff, 
  0x52, 0x84, 0xff, 0x52, 0x84, 0xff, 0x52, 0x84, 0xff, 0x72, 0x84, 0xff, 
  0x52, 0x84, 0xff, 0x52, 0x84, 0xff, 0x52, 0x84, 0xff, 0x52, 0x84, 0xff, 
  0x52, 0x84, 0xff, 0x52, 0x84, 0xff, 0x52, 0x84, 0xff, 0x52, 0x84, 0xff, 
  0x52, 0x84, 0xff, 0x52, 0x84, 0xff, 0x52, 0x84, 0xff, 0x52, 0x84, 0xff, 
  0x52, 0x84, 0xff, 0x52, 0x84, 0xff, 0x72, 0x84, 0xff, 0xf0, 0x73, 0xff, 
  0x39, 0xc6, 0x00, 0xff, 0xff, 0x00, 0xff, 0xff, 0x00, 0xff, 0xff, 0x00, 
  0xff, 0xff, 0x00, 0xff, 0xff, 0x00, 0xff, 0xff, 0x00, 0xff, 0xff, 0x00, 
  0xff, 0xff, 0x00, 0xff, 0xff, 0x00, 0xff, 0xff, 0x00, 0xff, 0xff, 0x00, 
  0xff, 0xff, 0x00, 0xff, 0xff, 0x00, 0xff, 0xff, 0x00, 0x39, 0xc6, 0x00, 
  0xf0, 0x7b, 0xff, 0x72, 0x84, 0xff, 0x52, 0x84, 0xff, 0x72, 0x84, 0xff, 
  0x72, 0x84, 0xff, 0x72, 0x84, 0xff, 0x72, 0x84, 0xff, 0x52, 0x84, 0xff, 
  0x52, 0x84, 0xff, 0x52, 0x84, 0xff, 0x52, 0x84, 0xff, 0x52, 0x84, 0xff, 
  0x52, 0x84, 0xff, 0x52, 0x84, 0xff, 0x52, 0x84, 0xff, 0x52, 0x84, 0xff, 
  0x52, 0x84, 0xff, 0x52, 0x84, 0xff, 0x52, 0x84, 0xff, 0x52, 0x84, 0xff, 
  0x52, 0x84, 0xff, 0x52, 0x84, 0xff, 0x52, 0x84, 0xff, 0x52, 0x84, 0xff, 
  0x52, 0x84, 0xff, 0x52, 0x84, 0xff, 0x52, 0x84, 0xff, 0x52, 0x84, 0xff, 
  0x52, 0x84, 0xff, 0x52, 0x84, 0xff, 0x52, 0x84, 0xff, 0x52, 0x84, 0xff, 
  0x52, 0x84, 0xff, 0x52, 0x84, 0xff, 0x52, 0x84, 0xff, 0x52, 0x84, 0xff, 
  0x52, 0x84, 0xff, 0x52, 0x84, 0xff, 0x52, 0x84, 0xff, 0x52, 0x84, 0xff, 
  0x52, 0x84, 0xff, 0x72, 0x84, 0xff, 0x52, 0x84, 0xff, 0x52, 0x84, 0xff, 
  0x52, 0x84, 0xff, 0x52, 0x84, 0xff, 0x52, 0x84, 0xff, 0x52, 0x84, 0xff, 
  0x52, 0x84, 0xff, 0x52, 0x84, 0xff, 0x52, 0x84, 0xff, 0x52, 0x84, 0xff, 
  0x52, 0x84, 0xff, 0x52, 0x84, 0xff, 0x52, 0x84, 0xff, 0x52, 0x84, 0xff, 
  0x52, 0x84, 0xff, 0x52, 0x84, 0xff, 0x52, 0x84, 0xff, 0x52, 0x84, 0xff, 
  0x52, 0x84, 0xff, 0x52, 0x84, 0xff, 0x52, 0x84, 0xff, 0x52, 0x84, 0xff, 
  0x72, 0x84, 0xff, 0x72, 0x84, 0xff, 0x52, 0x84, 0xff, 0x52, 0x84, 0xff, 
  0x52, 0x84, 0xff, 0x52, 0x84, 0xff, 0x52, 0x84, 0xff, 0x52, 0x84, 0xff, 
  0x72, 0x84, 0xff, 0x52, 0x84, 0xff, 0x52, 0x84, 0xff, 0x52, 0x84, 0xff, 
  0x52, 0x84, 0xff, 0x52, 0x84, 0xff, 0x52, 0x84, 0xff, 0x72, 0x84, 0xff, 
  0x52, 0x84, 0xff, 0x52, 0x84, 0xff, 0x72, 0x84, 0xff, 0x72, 0x84, 0xff, 
  0x52, 0x84, 0xff, 0x52, 0x84, 0xff, 0x52, 0x84, 0xff, 0x72, 0x84, 0xff, 
  0x52, 0x84, 0xff, 0x52, 0x84, 0xff, 0x52, 0x84, 0xff, 0x52, 0x84, 0xff, 
  0x52, 0x84, 0xff, 0x52, 0x84, 0xff, 0x52, 0x84, 0xff, 0x52, 0x84, 0xff, 
  0x52, 0x84, 0xff, 0x72, 0x84, 0xff, 0x52, 0x84, 0xff, 0x52, 0x84, 0xff, 
  0x72, 0x84, 0xff, 0x52, 0x84, 0xff, 0x72, 0x84, 0xff, 0xf0, 0x73, 0xff, 
  0x39, 0xc6, 0x00, 0xff, 0xff, 0x00, 0xff, 0xff, 0x00, 0xff, 0xff, 0x00, 
  0xff, 0xff, 0x00, 0xff, 0xff, 0x00, 0xff, 0xff, 0x00, 0xff, 0xff, 0x00, 
  0xff, 0xff, 0x00, 0xff, 0xff, 0x00, 0xff, 0xff, 0x00, 0xff, 0xff, 0x00, 
  0xff, 0xff, 0x00, 0xff, 0xff, 0x00, 0xff, 0xff, 0x00, 0x39, 0xc6, 0x00, 
  0xf0, 0x7b, 0xff, 0x72, 0x84, 0xff, 0x52, 0x84, 0xff, 0x52, 0x84, 0xff, 
  0x52, 0x84, 0xff, 0x72, 0x84, 0xff, 0x52, 0x84, 0xff, 0x52, 0x84, 0xff, 
  0x52, 0x84, 0xff, 0x52, 0x84, 0xff, 0x52, 0x84, 0xff, 0x52, 0x84, 0xff, 
  0x52, 0x84, 0xff, 0x52, 0x84, 0xff, 0x52, 0x84, 0xff, 0x52, 0x84, 0xff, 
  0x52, 0x84, 0xff, 0x52, 0x84, 0xff, 0x52, 0x84, 0xff, 0x52, 0x84, 0xff, 
  0x52, 0x84, 0xff, 0x52, 0x84, 0xff, 0x52, 0x84, 0xff, 0x52, 0x84, 0xff, 
  0x52, 0x84, 0xff, 0x52, 0x84, 0xff, 0x52, 0x84, 0xff, 0x52, 0x84, 0xff, 
  0x52, 0x84, 0xff, 0x52, 0x84, 0xff, 0x52, 0x84, 0xff, 0x52, 0x84, 0xff, 
  0x52, 0x84, 0xff, 0x52, 0x84, 0xff, 0x52, 0x84, 0xff, 0x52, 0x84, 0xff, 
  0x52, 0x84, 0xff, 0x52, 0x84, 0xff, 0x52, 0x84, 0xff, 0x52, 0x84, 0xff, 
  0x52, 0x84, 0xff, 0x52, 0x84, 0xff, 0x72, 0x84, 0xff, 0x72, 0x84, 0xff, 
  0x52, 0x84, 0xff, 0x52, 0x84, 0xff, 0x52, 0x84, 0xff, 0x52, 0x84, 0xff, 
  0x51, 0x7c, 0xff, 0x51, 0x7c, 0xff, 0x51, 0x7c, 0xff, 0x31, 0x7c, 0xff, 
  0x32, 0x7c, 0xff, 0x52, 0x7c, 0xff, 0x52, 0x7c, 0xff, 0x52, 0x7c, 0xff, 
  0x52, 0x84, 0xff, 0x52, 0x84, 0xff, 0x52, 0x84, 0xff, 0x52, 0x84, 0xff, 
  0x52, 0x84, 0xff, 0x52, 0x84, 0xff, 0x52, 0x84, 0xff, 0x52, 0x84, 0xff, 
  0x72, 0x84, 0xff, 0x72, 0x84, 0xff, 0x52, 0x84, 0xff, 0x52, 0x84, 0xff, 
  0x52, 0x84, 0xff, 0x52, 0x84, 0xff, 0x52, 0x84, 0xff, 0x52, 0x84, 0xff, 
  0x52, 0x84, 0xff, 0x52, 0x84, 0xff, 0x72, 0x84, 0xff, 0x52, 0x84, 0xff, 
  0x52, 0x84, 0xff, 0x72, 0x84, 0xff, 0x72, 0x84, 0xff, 0x52, 0x84, 0xff, 
  0x52, 0x84, 0xff, 0x52, 0x84, 0xff, 0x52, 0x84, 0xff, 0x52, 0x84, 0xff, 
  0x52, 0x84, 0xff, 0x72, 0x84, 0xff, 0x52, 0x84, 0xff, 0x52, 0x84, 0xff, 
  0x52, 0x84, 0xff, 0x52, 0x84, 0xff, 0x52, 0x84, 0xff, 0x52, 0x84, 0xff, 
  0x52, 0x84, 0xff, 0x52, 0x84, 0xff, 0x52, 0x84, 0xff, 0x52, 0x84, 0xff, 
  0x52, 0x84, 0xff, 0x52, 0x84, 0xff, 0x52, 0x84, 0xff, 0x52, 0x84, 0xff, 
  0x52, 0x84, 0xff, 0x52, 0x84, 0xff, 0x72, 0x84, 0xff, 0xf0, 0x73, 0xff, 
  0x39, 0xc6, 0x00, 0xff, 0xff, 0x00, 0xff, 0xff, 0x00, 0xff, 0xff, 0x00, 
  0xff, 0xff, 0x00, 0xff, 0xff, 0x00, 0xff, 0xff, 0x00, 0xff, 0xff, 0x00, 
  0xff, 0xff, 0x00, 0xff, 0xff, 0x00, 0xff, 0xff, 0x00, 0xff, 0xff, 0x00, 
  0xff, 0xff, 0x00, 0xff, 0xff, 0x00, 0xff, 0xff, 0x00, 0x39, 0xc6, 0x00, 
  0xf0, 0x73, 0xff, 0x52, 0x84, 0xff, 0x52, 0x84, 0xff, 0x52, 0x84, 0xff, 
  0x52, 0x84, 0xff, 0x52, 0x84, 0xff, 0x52, 0x84, 0xff, 0x52, 0x84, 0xff, 
  0x52, 0x84, 0xff, 0x52, 0x84, 0xff, 0x52, 0x84, 0xff, 0x52, 0x84, 0xff, 
  0x52, 0x84, 0xff, 0x52, 0x84, 0xff, 0x52, 0x84, 0xff, 0x52, 0x84, 0xff, 
  0x52, 0x84, 0xff, 0x52, 0x84, 0xff, 0x52, 0x84, 0xff, 0x52, 0x84, 0xff, 
  0x52, 0x84, 0xff, 0x52, 0x84, 0xff, 0x52, 0x84, 0xff, 0x52, 0x84, 0xff, 
  0x52, 0x84, 0xff, 0x52, 0x84, 0xff, 0x52, 0x84, 0xff, 0x52, 0x84, 0xff, 
  0x52, 0x84, 0xff, 0x52, 0x84, 0xff, 0x52, 0x84, 0xff, 0x52, 0x84, 0xff, 
  0x52, 0x84, 0xff, 0x52, 0x84, 0xff, 0x52, 0x84, 0xff, 0x52, 0x84, 0xff, 
  0x52, 0x84, 0xff, 0x52, 0x84, 0xff, 0x52, 0x84, 0xff, 0x52, 0x84, 0xff, 
  0x52, 0x84, 0xff, 0x52, 0x84, 0xff, 0x52, 0x84, 0xff, 0x32, 0x7c, 0xff, 
  0x32, 0x7c, 0xff, 0x32, 0x7c, 0xff, 0x31, 0x7c, 0xff, 0x11, 0x7c, 0xff, 
  0x31, 0x7c, 0xff, 0x31, 0x7c, 0xff, 0x11, 0x7c, 0xff, 0x11, 0x7c, 0xff, 
  0x11, 0x7c, 0xff, 0x11, 0x7c, 0xff, 0x31, 0x7c, 0xff, 0x31, 0x7c, 0xff, 
  0x11, 0x7c, 0xff, 0x31, 0x7c, 0xff, 0x32, 0x7c, 0xff, 0x52, 0x7c, 0xff, 
  0x51, 0x7c, 0xff, 0x52, 0x84, 0xff, 0x52, 0x84, 0xff, 0x52, 0x84, 0xff, 
  0x52, 0x84, 0xff, 0x52, 0x84, 0xff, 0x52, 0x84, 0xff, 0x52, 0x84, 0xff, 
  0x52, 0x84, 0xff, 0x52, 0x84, 0xff, 0x52, 0x84, 0xff, 0x52, 0x84, 0xff, 
  0x52, 0x84, 0xff, 0x52, 0x84, 0xff, 0x52, 0x84, 0xff, 0x52, 0x84, 0xff, 
  0x52, 0x84, 0xff, 0x52, 0x84, 0xff, 0x52, 0x84, 0xff, 0x52, 0x84, 0xff, 
  0x52, 0x84, 0xff, 0x52, 0x84, 0xff, 0x52, 0x84, 0xff, 0x52, 0x84, 0xff, 
  0x52, 0x84, 0xff, 0x52, 0x84, 0xff, 0x52, 0x84, 0xff, 0x52, 0x84, 0xff, 
  0x52, 0x84, 0xff, 0x52, 0x84, 0xff, 0x52, 0x84, 0xff, 0x52, 0x84, 0xff, 
  0x52, 0x84, 0xff, 0x52, 0x84, 0xff, 0x52, 0x84, 0xff, 0x52, 0x84, 0xff, 
  0x52, 0x84, 0xff, 0x52, 0x84, 0xff, 0x52, 0x84, 0xff, 0x52, 0x84, 0xff, 
  0x52, 0x84, 0xff, 0x52, 0x84, 0xff, 0x72, 0x84, 0xff, 0xf0, 0x73, 0xff, 
  0x39, 0xc6, 0x00, 0xff, 0xff, 0x00, 0xff, 0xff, 0x00, 0xff, 0xff, 0x00, 
  0xff, 0xff, 0x00, 0xff, 0xff, 0x00, 0xff, 0xff, 0x00, 0xff, 0xff, 0x00, 
  0xff, 0xff, 0x00, 0xff, 0xff, 0x00, 0xff, 0xff, 0x00, 0xff, 0xff, 0x00, 
  0xff, 0xff, 0x00, 0xff, 0xff, 0x00, 0xff, 0xff, 0x00, 0x39, 0xc6, 0x00, 
  0xf0, 0x73, 0xff, 0x52, 0x84, 0xff, 0x52, 0x84, 0xff, 0x52, 0x84, 0xff, 
  0x52, 0x84, 0xff, 0x52, 0x84, 0xff, 0x52, 0x84, 0xff, 0x52, 0x84, 0xff, 
  0x52, 0x84, 0xff, 0x52, 0x84, 0xff, 0x52, 0x84, 0xff, 0x52, 0x84, 0xff, 
  0x52, 0x84, 0xff, 0x52, 0x84, 0xff, 0x52, 0x84, 0xff, 0x52, 0x84, 0xff, 
  0x52, 0x84, 0xff, 0x52, 0x84, 0xff, 0x52, 0x84, 0xff, 0x52, 0x84, 0xff, 
  0x52, 0x84, 0xff, 0x52, 0x84, 0xff, 0x52, 0x84, 0xff, 0x52, 0x84, 0xff, 
  0x52, 0x84, 0xff, 0x52, 0x84, 0xff, 0x52, 0x84, 0xff, 0x52, 0x84, 0xff, 
  0x52, 0x84, 0xff, 0x52, 0x84, 0xff, 0x52, 0x84, 0xff, 0x52, 0x84, 0xff, 
  0x52, 0x84, 0xff, 0x52, 0x84, 0xff, 0x52, 0x84, 0xff, 0x52, 0x84, 0xff, 
  0x52, 0x84, 0xff, 0x52, 0x84, 0xff, 0x52, 0x84, 0xff, 0x52, 0x84, 0xff, 
  0x52, 0x7c, 0xff, 0x31, 0x7c, 0xff, 0x31, 0x7c, 0xff, 0x31, 0x7c, 0xff, 
  0x11, 0x7c, 0xff, 0x11, 0x74, 0xff, 0xf0, 0x73, 0xff, 0x11, 0x7c, 0xff, 
  0xf0, 0x73, 0xff, 0xf0, 0x73, 0xff, 0xf0, 0x73, 0xff, 0xf0, 0x73, 0xff, 
  0xf0, 0x73, 0xff, 0xf0, 0x73, 0xff, 0xf0, 0x73, 0xff, 0xf0, 0x73, 0xff, 
  0x11, 0x7c, 0xff, 0xf1, 0x73, 0xff, 0x11, 0x74, 0xff, 0x11, 0x7c, 0xff, 
  0x31, 0x7c, 0xff, 0x31, 0x7c, 0xff, 0x31, 0x7c, 0xff, 0x51, 0x7c, 0xff, 
  0x51, 0x7c, 0xff, 0x52, 0x84, 0xff, 0x52, 0x84, 0xff, 0x52, 0x84, 0xff, 
  0x52, 0x84, 0xff, 0x52, 0x84, 0xff, 0x52, 0x84, 0xff, 0x52, 0x84, 0xff, 
  0x52, 0x84, 0xff, 0x52, 0x84, 0xff, 0x52, 0x84, 0xff, 0x52, 0x84, 0xff, 
  0x52, 0x84, 0xff, 0x52, 0x84, 0xff, 0x52, 0x84, 0xff, 0x52, 0x84, 0xff, 
  0x52, 0x84, 0xff, 0x52, 0x84, 0xff, 0x52, 0x84, 0xff, 0x52, 0x84, 0xff, 
  0x52, 0x84, 0xff, 0x52, 0x84, 0xff, 0x52, 0x84, 0xff, 0x52, 0x84, 0xff, 
  0x52, 0x84, 0xff, 0x52, 0x84, 0xff, 0x52, 0x84, 0xff, 0x52, 0x84, 0xff, 
  0x52, 0x84, 0xff, 0x52, 0x84, 0xff, 0x52, 0x84, 0xff, 0x52, 0x84, 0xff, 
  0x52, 0x84, 0xff, 0x52, 0x84, 0xff, 0x52, 0x84, 0xff, 0x52, 0x84, 0xff, 
  0x52, 0x84, 0xff, 0x52, 0x84, 0xff, 0x72, 0x84, 0xff, 0xf0, 0x73, 0xff, 
  0x18, 0xbe, 0x00, 0xff, 0xff, 0x00, 0xff, 0xff, 0x00, 0xff, 0xff, 0x00, 
  0xff, 0xff, 0x00, 0xff, 0xff, 0x00, 0xff, 0xff, 0x00, 0xff, 0xff, 0x00, 
  0xff, 0xff, 0x00, 0xff, 0xff, 0x00, 0xff, 0xff, 0x00, 0xff, 0xff, 0x00, 
  0xff, 0xff, 0x00, 0xff, 0xff, 0x00, 0xff, 0xff, 0x00, 0x39, 0xc6, 0x00, 
  0xf0, 0x73, 0xff, 0x52, 0x84, 0xff, 0x52, 0x84, 0xff, 0x52, 0x84, 0xff, 
  0x52, 0x84, 0xff, 0x52, 0x84, 0xff, 0x52, 0x84, 0xff, 0x52, 0x84, 0xff, 
  0x52, 0x84, 0xff, 0x52, 0x84, 0xff, 0x52, 0x84, 0xff, 0x52, 0x84, 0xff, 
  0x52, 0x84, 0xff, 0x52, 0x84, 0xff, 0x52, 0x84, 0xff, 0x52, 0x84, 0xff, 
  0x52, 0x84, 0xff, 0x52, 0x84, 0xff, 0x52, 0x84, 0xff, 0x52, 0x84, 0xff, 
  0x52, 0x84, 0xff, 0x52, 0x84, 0xff, 0x52, 0x84, 0xff, 0x52, 0x84, 0xff, 
  0x52, 0x84, 0xff, 0x52, 0x84, 0xff, 0x52, 0x84, 0xff, 0x52, 0x84, 0xff, 
  0x52, 0x84, 0xff, 0x52, 0x84, 0xff, 0x52, 0x84, 0xff, 0x52, 0x84, 0xff, 
  0x52, 0x84, 0xff, 0x52, 0x84, 0xff, 0x52, 0x84, 0xff, 0x52, 0x84, 0xff, 
  0x52, 0x84, 0xff, 0x52, 0x84, 0xff, 0x51, 0x7c, 0xff, 0x31, 0x7c, 0xff, 
  0x11, 0x7c, 0xff, 0x31, 0x7c, 0xff, 0x11, 0x7c, 0xff, 0xf0, 0x73, 0xff, 
  0xf0, 0x73, 0xff, 0xf0, 0x73, 0xff, 0xf0, 0x73, 0xff, 0xd0, 0x73, 0xff, 
  0xd0, 0x73, 0xff, 0xd0, 0x73, 0xff, 0xf0, 0x73, 0xff, 0xf0, 0x73, 0xff, 
  0xf0, 0x73, 0xff, 0xf0, 0x73, 0xff, 0xd0, 0x73, 0xff, 0xd0, 0x73, 0xff, 
  0xd0, 0x73, 0xff, 0xf0, 0x73, 0xff, 0xf0, 0x73, 0xff, 0xd0, 0x73, 0xff, 
  0xf0, 0x73, 0xff, 0x11, 0x7c, 0xff, 0x31, 0x7c, 0xff, 0x11, 0x7c, 0xff, 
  0x31, 0x7c, 0xff, 0x51, 0x7c, 0xff, 0x52, 0x84, 0xff, 0x52, 0x84, 0xff, 
  0x52, 0x84, 0xff, 0x52, 0x84, 0xff, 0x52, 0x84, 0xff, 0x52, 0x84, 0xff, 
  0x52, 0x84, 0xff, 0x52, 0x84, 0xff, 0x52, 0x84, 0xff, 0x52, 0x84, 0xff, 
  0x52, 0x84, 0xff, 0x52, 0x84, 0xff, 0x52, 0x84, 0xff, 0x52, 0x84, 0xff, 
  0x52, 0x84, 0xff, 0x52, 0x84, 0xff, 0x52, 0x84, 0xff, 0x52, 0x84, 0xff, 
  0x52, 0x84, 0xff, 0x52, 0x84, 0xff, 0x52, 0x84, 0xff, 0x52, 0x84, 0xff, 
  0x52, 0x84, 0xff, 0x52, 0x84, 0xff, 0x52, 0x84, 0xff, 0x52, 0x84, 0xff, 
  0x52, 0x84, 0xff, 0x52, 0x84, 0xff, 0x52, 0x84, 0xff, 0x52, 0x84, 0xff, 
  0x52, 0x84, 0xff, 0x52, 0x84, 0xff, 0x52, 0x84, 0xff, 0x52, 0x84, 0xff, 
  0x52, 0x84, 0xff, 0x52, 0x84, 0xff, 0x72, 0x84, 0xff, 0xd0, 0x73, 0xff, 
  0x39, 0xc6, 0x00, 0xff, 0xff, 0x00, 0xff, 0xff, 0x00, 0xff, 0xff, 0x00, 
  0xff, 0xff, 0x00, 0xff, 0xff, 0x00, 0xff, 0xff, 0x00, 0xff, 0xff, 0x00, 
  0xff, 0xff, 0x00, 0xff, 0xff, 0x00, 0xff, 0xff, 0x00, 0xff, 0xff, 0x00, 
  0xff, 0xff, 0x00, 0xff, 0xff, 0x00, 0xff, 0xff, 0x00, 0x38, 0xc6, 0x00, 
  0xd0, 0x73, 0xff, 0x52, 0x84, 0xff, 0x52, 0x84, 0xff, 0x52, 0x84, 0xff, 
  0x52, 0x84, 0xff, 0x52, 0x84, 0xff, 0x52, 0x84, 0xff, 0x52, 0x84, 0xff, 
  0x52, 0x84, 0xff, 0x52, 0x84, 0xff, 0x52, 0x84, 0xff, 0x52, 0x84, 0xff, 
  0x52, 0x84, 0xff, 0x52, 0x84, 0xff, 0x52, 0x84, 0xff, 0x52, 0x84, 0xff, 
  0x52, 0x84, 0xff, 0x52, 0x84, 0xff, 0x52, 0x84, 0xff, 0x52, 0x84, 0xff, 
  0x52, 0x84, 0xff, 0x52, 0x84, 0xff, 0x52, 0x84, 0xff, 0x52, 0x84, 0xff, 
  0x52, 0x84, 0xff, 0x52, 0x84, 0xff, 0x52, 0x84, 0xff, 0x52, 0x84, 0xff, 
  0x52, 0x84, 0xff, 0x52, 0x84, 0xff, 0x52, 0x84, 0xff, 0x52, 0x84, 0xff, 
  0x52, 0x84, 0xff, 0x52, 0x84, 0xff, 0x52, 0x84, 0xff, 0x52, 0x84, 0xff, 
  0x52, 0x84, 0xff, 0x31, 0x7c, 0xff, 0x11, 0x7c, 0xff, 0x11, 0x7c, 0xff, 
  0xf0, 0x73, 0xff, 0xd0, 0x73, 0xff, 0xd0, 0x73, 0xff, 0xf0, 0x73, 0xff, 
  0xf0, 0x73, 0xff, 0xaf, 0x6b, 0xff, 0x8f, 0x6b, 0xff, 0x6e, 0x63, 0xff, 
  0x6e, 0x6b, 0xff, 0x4e, 0x63, 0xff, 0x4d, 0x63, 0xff, 0x4d, 0x63, 0xff, 
  0x4d, 0x63, 0xff, 0x4d, 0x63, 0xff, 0x4e, 0x63, 0xff, 0x6e, 0x63, 0xff, 
  0x6e, 0x6b, 0xff, 0x8e, 0x6b, 0xff, 0xaf, 0x6b, 0xff, 0xd0, 0x73, 0xff, 
  0xd0, 0x73, 0xff, 0xd0, 0x73, 0xff, 0xd0, 0x73, 0xff, 0xf0, 0x73, 0xff, 
  0x11, 0x7c, 0xff, 0x11, 0x7c, 0xff, 0x31, 0x7c, 0xff, 0x52, 0x84, 0xff, 
  0x52, 0x84, 0xff, 0x52, 0x84, 0xff, 0x52, 0x84, 0xff, 0x52, 0x84, 0xff, 
  0x52, 0x84, 0xff, 0x52, 0x84, 0xff, 0x52, 0x84, 0xff, 0x52, 0x84, 0xff, 
  0x52, 0x84, 0xff, 0x52, 0x84, 0xff, 0x52, 0x84, 0xff, 0x52, 0x84, 0xff, 
  0x52, 0x84, 0xff, 0x52, 0x84, 0xff, 0x52, 0x84, 0xff, 0x52, 0x84, 0xff, 
  0x52, 0x84, 0xff, 0x52, 0x84, 0xff, 0x52, 0x84, 0xff, 0x52, 0x84, 0xff, 
  0x52, 0x84, 0xff, 0x52, 0x84, 0xff, 0x52, 0x84, 0xff, 0x52, 0x84, 0xff, 
  0x52, 0x84, 0xff, 0x52, 0x84, 0xff, 0x52, 0x84, 0xff, 0x52, 0x84, 0xff, 
  0x52, 0x84, 0xff, 0x52, 0x84, 0xff, 0x52, 0x84, 0xff, 0x52, 0x84, 0xff, 
  0x52, 0x84, 0xff, 0x52, 0x84, 0xff, 0x72, 0x84, 0xff, 0xd0, 0x73, 0xff, 
  0x39, 0xc6, 0x00, 0xff, 0xff, 0x00, 0xff, 0xff, 0x00, 0xff, 0xff, 0x00, 
  0xff, 0xff, 0x00, 0xff, 0xff, 0x00, 0xff, 0xff, 0x00, 0xff, 0xff, 0x00, 
  0xff, 0xff, 0x00, 0xff, 0xff, 0x00, 0xff, 0xff, 0x00, 0xff, 0xff, 0x00, 
  0xff, 0xff, 0x00, 0xff, 0xff, 0x00, 0xff, 0xff, 0x00, 0x18, 0xbe, 0x00, 
  0xd0, 0x73, 0xff, 0x52, 0x84, 0xff, 0x52, 0x84, 0xff, 0x52, 0x84, 0xff, 
  0x52, 0x84, 0xff, 0x52, 0x84, 0xff, 0x52, 0x84, 0xff, 0x52, 0x84, 0xff, 
  0x52, 0x84, 0xff, 0x52, 0x84, 0xff, 0x52, 0x84, 0xff, 0x52, 0x84, 0xff, 
  0x52, 0x84, 0xff, 0x52, 0x84, 0xff, 0x52, 0x84, 0xff, 0x52, 0x84, 0xff, 
  0x52, 0x84, 0xff, 0x52, 0x84, 0xff, 0x52, 0x84, 0xff, 0x52, 0x84, 0xff, 
  0x52, 0x84, 0xff, 0x52, 0x84, 0xff, 0x52, 0x84, 0xff, 0x52, 0x84, 0xff, 
  0x52, 0x84, 0xff, 0x52, 0x84, 0xff, 0x52, 0x84, 0xff, 0x52, 0x84, 0xff, 
  0x52, 0x84, 0xff, 0x52, 0x84, 0xff, 0x52, 0x84, 0xff, 0x52, 0x84, 0xff, 
  0x52, 0x84, 0xff, 0x52, 0x84, 0xff, 0x52, 0x84, 0xff, 0x31, 0x7c, 0xff, 
  0x11, 0x7c, 0xff, 0xf0, 0x7b, 0xff, 0xf0, 0x73, 0xff, 0xd0, 0x73, 0xff, 
  0xd0, 0x73, 0xff, 0xcf, 0x73, 0xff, 0xaf, 0x6b, 0xff, 0x8f, 0x6b, 0xff, 
  0x8e, 0x6b, 0xff, 0x8e, 0x6b, 0xff, 0xaf, 0x73, 0xff, 0xaf, 0x73, 0xff, 
  0xaf, 0x73, 0xff, 0xcf, 0x73, 0xff, 0xcf, 0x73, 0xff, 0xcf, 0x73, 0xff, 
  0xcf, 0x73, 0xff, 0xcf, 0x73, 0xff, 0xaf, 0x73, 0xff, 0xaf, 0x73, 0xff, 
  0xaf, 0x73, 0xff, 0xaf, 0x73, 0xff, 0x8e, 0x6b, 0xff, 0x8e, 0x6b, 0xff, 
  0x8f, 0x6b, 0xff, 0xaf, 0x6b, 0xff, 0xd0, 0x73, 0xff, 0xd0, 0x73, 0xff, 
  0xd0, 0x73, 0xff, 0xf0, 0x73, 0xff, 0xf0, 0x7b, 0xff, 0x11, 0x7c, 0xff, 
  0x31, 0x7c, 0xff, 0x52, 0x84, 0xff, 0x52, 0x84, 0xff, 0x52, 0x84, 0xff, 
  0x52, 0x84, 0xff, 0x52, 0x84, 0xff, 0x52, 0x84, 0xff, 0x52, 0x84, 0xff, 
  0x52, 0x84, 0xff, 0x52, 0x84, 0xff, 0x52, 0x84, 0xff, 0x52, 0x84, 0xff, 
  0x52, 0x84, 0xff, 0x52, 0x84, 0xff, 0x52, 0x84, 0xff, 0x52, 0x84, 0xff, 
  0x52, 0x84, 0xff, 0x52, 0x84, 0xff, 0x52, 0x84, 0xff, 0x52, 0x84, 0xff, 
  0x52, 0x84, 0xff, 0x52, 0x84, 0xff, 0x52, 0x84, 0xff, 0x52, 0x84, 0xff, 
  0x52, 0x84, 0xff, 0x52, 0x84, 0xff, 0x52, 0x84, 0xff, 0x52, 0x84, 0xff, 
  0x52, 0x84, 0xff, 0x52, 0x84, 0xff, 0x52, 0x84, 0xff, 0x52, 0x84, 0xff, 
  0x52, 0x84, 0xff, 0x52, 0x84, 0xff, 0x52, 0x84, 0xff, 0xd0, 0x73, 0xff, 
  0x18, 0xbe, 0x00, 0xff, 0xff, 0x00, 0xff, 0xff, 0x00, 0xff, 0xff, 0x00, 
  0xff, 0xff, 0x00, 0xff, 0xff, 0x00, 0xff, 0xff, 0x00, 0xff, 0xff, 0x00, 
  0xff, 0xff, 0x00, 0xff, 0xff, 0x00, 0xff, 0xff, 0x00, 0xff, 0xff, 0x00, 
  0xff, 0xff, 0x00, 0xff, 0xff, 0x00, 0xff, 0xff, 0x00, 0x39, 0xc6, 0x00, 
  0xd0, 0x73, 0xff, 0x51, 0x84, 0xff, 0x32, 0x84, 0xff, 0x52, 0x7c, 0xff, 
  0x31, 0x84, 0xff, 0x31, 0x84, 0xff, 0x31, 0x84, 0xff, 0x31, 0x84, 0xff, 
  0x31, 0x84, 0xff, 0x31, 0x84, 0xff, 0x31, 0x84, 0xff, 0x31, 0x84, 0xff, 
  0x31, 0x84, 0xff, 0x31, 0x84, 0xff, 0x31, 0x84, 0xff, 0x31, 0x84, 0xff, 
  0x31, 0x84, 0xff, 0x31, 0x84, 0xff, 0x31, 0x84, 0xff, 0x31, 0x84, 0xff, 
  0x31, 0x84, 0xff, 0x31, 0x84, 0xff, 0x31, 0x84, 0xff, 0x31, 0x84, 0xff, 
  0x31, 0x84, 0xff, 0x31, 0x84, 0xff, 0x31, 0x84, 0xff, 0x31, 0x84, 0xff, 
  0x31, 0x84, 0xff, 0x31, 0x84, 0xff, 0x31, 0x84, 0xff, 0x31, 0x84, 0xff, 
  0x31, 0x7c, 0xff, 0x31, 0x7c, 0xff, 0x11, 0x7c, 0xff, 0x11, 0x7c, 0xff, 
  0xf0, 0x73, 0xff, 0xd0, 0x73, 0xff, 0xd0, 0x73, 0xff, 0xd0, 0x73, 0xff, 
  0xaf, 0x6b, 0xff, 0xaf, 0x6b, 0xff, 0x8e, 0x6b, 0xff, 0x6e, 0x63, 0xff, 
  0x6e, 0x6b, 0xff, 0x10, 0x7c, 0xff, 0x15, 0xa5, 0xff, 0xf8, 0xbd, 0xff, 
  0x9a, 0xce, 0xff, 0x1c, 0xdf, 0xff, 0x7e, 0xef, 0xff, 0x9e, 0xef, 0xff, 
  0x9e, 0xf7, 0xff, 0x7e, 0xef, 0xff, 0x1c, 0xdf, 0xff, 0x9a, 0xce, 0xff, 
  0xf8, 0xbd, 0xff, 0x15, 0xa5, 0xff, 0x10, 0x7c, 0xff, 0x6e, 0x6b, 0xff, 
  0x6e, 0x63, 0xff, 0x8e, 0x6b, 0xff, 0xaf, 0x73, 0xff, 0xaf, 0x6b, 0xff, 
  0xcf, 0x73, 0xff, 0xd0, 0x73, 0xff, 0xd0, 0x73, 0xff, 0xf0, 0x73, 0xff, 
  0x11, 0x7c, 0xff, 0x31, 0x7c, 0xff, 0x31, 0x7c, 0xff, 0x31, 0x84, 0xff, 
  0x31, 0x84, 0xff, 0x31, 0x84, 0xff, 0x31, 0x84, 0xff, 0x31, 0x84, 0xff, 
  0x31, 0x84, 0xff, 0x52, 0x84, 0xff, 0x52, 0x84, 0xff, 0x52, 0x84, 0xff, 
  0x31, 0x84, 0xff, 0x31, 0x84, 0xff, 0x31, 0x84, 0xff, 0x31, 0x84, 0xff, 
  0x31, 0x84, 0xff, 0x31, 0x84, 0xff, 0x31, 0x84, 0xff, 0x31, 0x84, 0xff, 
  0x31, 0x84, 0xff, 0x31, 0x84, 0xff, 0x31, 0x84, 0xff, 0x31, 0x84, 0xff, 
  0x31, 0x84, 0xff, 0x31, 0x84, 0xff, 0x31, 0x84, 0xff, 0x31, 0x84, 0xff, 
  0x31, 0x7c, 0xff, 0x31, 0x84, 0xff, 0x31, 0x84, 0xff, 0x31, 0x84, 0xff, 
  0x52, 0x84, 0xff, 0x52, 0x84, 0xff, 0x52, 0x84, 0xff, 0xd0, 0x73, 0xff, 
  0x39, 0xc6, 0x00, 0xff, 0xff, 0x00, 0xff, 0xff, 0x00, 0xff, 0xff, 0x00, 
  0xff, 0xff, 0x00, 0xff, 0xff, 0x00, 0xff, 0xff, 0x00, 0xff, 0xff, 0x00, 
  0xff, 0xff, 0x00, 0xff, 0xff, 0x00, 0xff, 0xff, 0x00, 0xff, 0xff, 0x00, 
  0xff, 0xff, 0x00, 0xff, 0xff, 0x00, 0xff, 0xff, 0x00, 0x38, 0xc6, 0x00, 
  0x10, 0x7c, 0xff, 0x92, 0x8c, 0xff, 0x73, 0x84, 0xff, 0x73, 0x8c, 0xff, 
  0x72, 0x84, 0xff, 0x72, 0x84, 0xff, 0x72, 0x8c, 0xff, 0x72, 0x8c, 0xff, 
  0x72, 0x84, 0xff, 0x72, 0x84, 0xff, 0x72, 0x84, 0xff, 0x72, 0x84, 0xff, 
  0x72, 0x84, 0xff, 0x72, 0x84, 0xff, 0x72, 0x84, 0xff, 0x72, 0x84, 0xff, 
  0x72, 0x84, 0xff, 0x72, 0x84, 0xff, 0x72, 0x84, 0xff, 0x72, 0x84, 0xff, 
  0x72, 0x84, 0xff, 0x72, 0x84, 0xff, 0x72, 0x84, 0xff, 0x72, 0x84, 0xff, 
  0x72, 0x84, 0xff, 0x72, 0x84, 0xff, 0x72, 0x84, 0xff, 0x72, 0x84, 0xff, 
  0x72, 0x84, 0xff, 0x72, 0x84, 0xff, 0x72, 0x84, 0xff, 0x72, 0x84, 0xff, 
  0x52, 0x84, 0xff, 0x52, 0x84, 0xff, 0x31, 0x7c, 0xff, 0x31, 0x7c, 0xff, 
  0x11, 0x7c, 0xff, 0x11, 0x7c, 0xff, 0xf0, 0x73, 0xff, 0xf0, 0x73, 0xff, 
  0x6e, 0x6b, 0xff, 0x6e, 0x63, 0xff, 0x10, 0x7c, 0xff, 0x76, 0xad, 0xff, 
  0x9a, 0xce, 0xff, 0x3c, 0xe7, 0xff, 0x7e, 0xef, 0xff, 0xdf, 0xf7, 0xff, 
  0xff, 0xff, 0xff, 0xff, 0xff, 0xff, 0xff, 0xff, 0xff, 0xff, 0xff, 0xff, 
  0xff, 0xff, 0xff, 0xff, 0xff, 0xff, 0xff, 0xff, 0xff, 0xff, 0xff, 0xff, 
  0xdf, 0xff, 0xff, 0x7e, 0xef, 0xff, 0x3c, 0xe7, 0xff, 0x9a, 0xce, 0xff, 
  0x76, 0xad, 0xff, 0x10, 0x7c, 0xff, 0x6e, 0x63, 0xff, 0x6e, 0x6b, 0xff, 
  0xf0, 0x73, 0xff, 0xf0, 0x73, 0xff, 0x11, 0x7c, 0xff, 0x11, 0x7c, 0xff, 
  0x31, 0x7c, 0xff, 0x31, 0x7c, 0xff, 0x52, 0x84, 0xff, 0x52, 0x84, 0xff, 
  0x72, 0x84, 0xff, 0x72, 0x84, 0xff, 0x72, 0x84, 0xff, 0x72, 0x84, 0xff, 
  0x72, 0x84, 0xff, 0x72, 0x84, 0xff, 0x72, 0x84, 0xff, 0x72, 0x84, 0xff, 
  0x93, 0x8c, 0xff, 0x72, 0x8c, 0xff, 0x72, 0x8c, 0xff, 0x72, 0x8c, 0xff, 
  0x72, 0x8c, 0xff, 0x72, 0x8c, 0xff, 0x72, 0x8c, 0xff, 0x72, 0x8c, 0xff, 
  0x72, 0x84, 0xff, 0x72, 0x84, 0xff, 0x72, 0x84, 0xff, 0x72, 0x84, 0xff, 
  0x72, 0x84, 0xff, 0x72, 0x84, 0xff, 0x72, 0x84, 0xff, 0x72, 0x84, 0xff, 
  0x72, 0x8c, 0xff, 0x72, 0x8c, 0xff, 0x72, 0x8c, 0xff, 0x72, 0x8c, 0xff, 
  0x93, 0x8c, 0xff, 0x72, 0x8c, 0xff, 0x93, 0x8c, 0xff, 0x11, 0x7c, 0xff, 
  0x18, 0xbe, 0x00, 0xff, 0xff, 0x00, 0xff, 0xff, 0x00, 0xff, 0xff, 0x00, 
  0xff, 0xff, 0x00, 0xff, 0xff, 0x00, 0xff, 0xff, 0x00, 0xff, 0xff, 0x00, 
  0xff, 0xff, 0x00, 0xff, 0xff, 0x00, 0xff, 0xff, 0x00, 0xff, 0xff, 0x00, 
  0xff, 0xff, 0x00, 0xff, 0xff, 0x00, 0xdf, 0xff, 0x00, 0xd7, 0xbd, 0x00, 
  0xcb, 0x52, 0xff, 0x4d, 0x63, 0xff, 0x4e, 0x63, 0xff, 0x4e, 0x63, 0xff, 
  0x4e, 0x63, 0xff, 0x4e, 0x63, 0xff, 0x4d, 0x63, 0xff, 0x2d, 0x63, 0xff, 
  0x4d, 0x63, 0xff, 0x4d, 0x63, 0xff, 0x4d, 0x63, 0xff, 0x4d, 0x63, 0xff, 
  0x4d, 0x63, 0xff, 0x4e, 0x63, 0xff, 0x4e, 0x63, 0xff, 0x4e, 0x63, 0xff, 
  0x4e, 0x63, 0xff, 0x4e, 0x63, 0xff, 0x4e, 0x63, 0xff, 0x4d, 0x63, 0xff, 
  0x4d, 0x63, 0xff, 0x4d, 0x63, 0xff, 0x4d, 0x63, 0xff, 0x4d, 0x63, 0xff, 
  0x4d, 0x63, 0xff, 0x4d, 0x63, 0xff, 0x4d, 0x63, 0xff, 0x4d, 0x63, 0xff, 
  0x4d, 0x63, 0xff, 0x4d, 0x63, 0xff, 0x4d, 0x63, 0xff, 0x4d, 0x63, 0xff, 
  0x2d, 0x63, 0xff, 0x2d, 0x5b, 0xff, 0x0c, 0x5b, 0xff, 0xec, 0x5a, 0xff, 
  0xec, 0x5a, 0xff, 0xcb, 0x52, 0xff, 0xab, 0x4a, 0xff, 0x6a, 0x4a, 0xff, 
  0xaf, 0x73, 0xff, 0x34, 0xa5, 0xff, 0xbb, 0xd6, 0xff, 0x9e, 0xf7, 0xff, 
  0xff, 0xff, 0xff, 0xff, 0xff, 0xff, 0xff, 0xff, 0xff, 0xff, 0xff, 0xff, 
  0xff, 0xff, 0xff, 0xff, 0xff, 0xff, 0xff, 0xff, 0xff, 0xff, 0xff, 0xff, 
  0xff, 0xff, 0xff, 0xff, 0xff, 0xff, 0xff, 0xff, 0xff, 0xff, 0xff, 0xff, 
  0xff, 0xff, 0xff, 0xff, 0xff, 0xff, 0xff, 0xff, 0xff, 0xff, 0xff, 0xff, 
  0x9e, 0xef, 0xff, 0xbb, 0xd6, 0xff, 0x14, 0x9d, 0xff, 0xcf, 0x73, 0xff, 
  0x6a, 0x4a, 0xff, 0x8a, 0x4a, 0xff, 0xcb, 0x52, 0xff, 0xec, 0x5a, 0xff, 
  0xec, 0x5a, 0xff, 0x0c, 0x5b, 0xff, 0x0c, 0x5b, 0xff, 0x2d, 0x63, 0xff, 
  0x4d, 0x63, 0xff, 0x4d, 0x63, 0xff, 0x4d, 0x63, 0xff, 0x4d, 0x63, 0xff, 
  0x4d, 0x63, 0xff, 0x4d, 0x63, 0xff, 0x4d, 0x63, 0xff, 0x4d, 0x63, 0xff, 
  0x4d, 0x63, 0xff, 0x4d, 0x63, 0xff, 0x4d, 0x63, 0xff, 0x4d, 0x63, 0xff, 
  0x2d, 0x63, 0xff, 0x2d, 0x63, 0xff, 0x2d, 0x63, 0xff, 0x2d, 0x63, 0xff, 
  0x4d, 0x63, 0xff, 0x4d, 0x63, 0xff, 0x4d, 0x63, 0xff, 0x4d, 0x63, 0xff, 
  0x4d, 0x63, 0xff, 0x4d, 0x63, 0xff, 0x4d, 0x63, 0xff, 0x4d, 0x63, 0xff, 
  0x2d, 0x63, 0xff, 0x4d, 0x63, 0xff, 0x4d, 0x63, 0xff, 0x2d, 0x63, 0xff, 
  0x2d, 0x63, 0xff, 0x2d, 0x63, 0xff, 0x4d, 0x63, 0xff, 0xab, 0x52, 0xff, 
  0xb7, 0xb5, 0x00, 0xdf, 0xff, 0x00, 0xff, 0xff, 0x00, 0xff, 0xff, 0x00, 
  0xff, 0xff, 0x00, 0xff, 0xff, 0x00, 0xff, 0xff, 0x00, 0xff, 0xff, 0x00, 
  0xff, 0xff, 0x00, 0xff, 0xff, 0x00, 0xff, 0xff, 0x00, 0xff, 0xff, 0x00, 
  0xff, 0xff, 0x00, 0xdf, 0xff, 0x00, 0xff, 0xff, 0x00, 0x34, 0xa5, 0x00, 
  0x66, 0x29, 0xff, 0x29, 0x42, 0xff, 0x28, 0x42, 0xff, 0x08, 0x42, 0xff, 
  0x28, 0x42, 0xff, 0x28, 0x42, 0xff, 0x28, 0x42, 0xff, 0x28, 0x42, 0xff, 
  0x28, 0x42, 0xff, 0x28, 0x42, 0xff, 0x28, 0x42, 0xff, 0x28, 0x42, 0xff, 
  0x28, 0x42, 0xff, 0x28, 0x42, 0xff, 0x28, 0x42, 0xff, 0x28, 0x42, 0xff, 
  0x28, 0x42, 0xff, 0x28, 0x42, 0xff, 0x28, 0x42, 0xff, 0x08, 0x42, 0xff, 
  0x08, 0x42, 0xff, 0x08, 0x42, 0xff, 0x08, 0x42, 0xff, 0x08, 0x42, 0xff, 
  0x28, 0x42, 0xff, 0x28, 0x42, 0xff, 0x08, 0x42, 0xff, 0x29, 0x42, 0xff, 
  0x28, 0x42, 0xff, 0x28, 0x42, 0xff, 0x08, 0x42, 0xff, 0x08, 0x42, 0xff, 
  0x08, 0x42, 0xff, 0xc7, 0x39, 0xff, 0xe7, 0x39, 0xff, 0xe7, 0x39, 0xff, 
  0xc6, 0x31, 0xff, 0x85, 0x29, 0xff, 0x08, 0x3a, 0xff, 0x6d, 0x6b, 0xff, 
  0xb6, 0xb5, 0xff, 0xdf, 0xff, 0xff, 0xff, 0xff, 0xff, 0xff, 0xff, 0xff, 
  0xff, 0xff, 0xff, 0xff, 0xff, 0xff, 0xdf, 0xff, 0xff, 0xff, 0xff, 0xff, 
  0xff, 0xff, 0xff, 0xff, 0xff, 0xff, 0xff, 0xff, 0xff, 0xff, 0xff, 0xff, 
  0xff, 0xff, 0xff, 0xff, 0xff, 0xff, 0xff, 0xff, 0xff, 0xff, 0xff, 0xff, 
  0xff, 0xff, 0xff, 0xdf, 0xff, 0xff, 0xdf, 0xff, 0xff, 0xdf, 0xff, 0xff, 
  0xff, 0xff, 0xff, 0xff, 0xff, 0xff, 0xdf, 0xf7, 0xff, 0xb6, 0xb5, 0xff, 
  0x4d, 0x6b, 0xff, 0xe8, 0x39, 0xff, 0x66, 0x29, 0xff, 0x87, 0x31, 0xff, 
  0xc7, 0x39, 0xff, 0xe7, 0x39, 0xff, 0xc7, 0x31, 0xff, 0xe7, 0x39, 0xff, 
  0xe8, 0x39, 0xff, 0xe8, 0x39, 0xff, 0x08, 0x3a, 0xff, 0x08, 0x42, 0xff, 
  0x08, 0x42, 0xff, 0x08, 0x42, 0xff, 0x08, 0x3a, 0xff, 0x08, 0x3a, 0xff, 
  0x08, 0x3a, 0xff, 0x08, 0x3a, 0xff, 0x08, 0x3a, 0xff, 0x08, 0x3a, 0xff, 
  0x08, 0x3a, 0xff, 0x08, 0x3a, 0xff, 0x08, 0x3a, 0xff, 0x08, 0x3a, 0xff, 
  0x08, 0x3a, 0xff, 0x08, 0x3a, 0xff, 0x08, 0x3a, 0xff, 0x08, 0x3a, 0xff, 
  0x08, 0x3a, 0xff, 0x08, 0x3a, 0xff, 0x08, 0x3a, 0xff, 0x08, 0x3a, 0xff, 
  0xe8, 0x39, 0xff, 0xe8, 0x39, 0xff, 0xe8, 0x39, 0xff, 0xe8, 0x39, 0xff, 
  0xe8, 0x39, 0xff, 0xe8, 0x39, 0xff, 0x08, 0x42, 0xff, 0x45, 0x29, 0xff, 
  0x14, 0xa5, 0x00, 0xff, 0xff, 0x00, 0xdf, 0xff, 0x00, 0xff, 0xff, 0x00, 
  0xff, 0xff, 0x00, 0xff, 0xff, 0x00, 0xff, 0xff, 0x00, 0xff, 0xff, 0x00, 
  0xff, 0xff, 0x00, 0xff, 0xff, 0x00, 0xff, 0xff, 0x00, 0xff, 0xff, 0x00, 
  0xff, 0xff, 0x00, 0xdf, 0xff, 0x00, 0xff, 0xff, 0x00, 0x34, 0xa5, 0x00, 
  0xc7, 0x39, 0xff, 0x69, 0x4a, 0xff, 0x69, 0x4a, 0xff, 0x49, 0x4a, 0xff, 
  0x69, 0x4a, 0xff, 0x69, 0x4a, 0xff, 0x69, 0x4a, 0xff, 0x69, 0x4a, 0xff, 
  0x69, 0x4a, 0xff, 0x69, 0x4a, 0xff, 0x69, 0x4a, 0xff, 0x69, 0x4a, 0xff, 
  0x49, 0x4a, 0xff, 0x49, 0x4a, 0xff, 0x49, 0x4a, 0xff, 0x49, 0x4a, 0xff, 
  0x49, 0x4a, 0xff, 0x49, 0x4a, 0xff, 0x49, 0x4a, 0xff, 0x49, 0x4a, 0xff, 
  0x49, 0x4a, 0xff, 0x49, 0x4a, 0xff, 0x49, 0x4a, 0xff, 0x49, 0x4a, 0xff, 
  0x68, 0x4a, 0xff, 0x49, 0x4a, 0xff, 0x49, 0x4a, 0xff, 0x49, 0x4a, 0xff, 
  0x49, 0x4a, 0xff, 0x48, 0x4a, 0xff, 0x49, 0x4a, 0xff, 0x29, 0x42, 0xff, 
  0x29, 0x42, 0xff, 0x28, 0x42, 0xff, 0xe7, 0x41, 0xff, 0xe6, 0x39, 0xff, 
  0xe6, 0x39, 0xff, 0x28, 0x42, 0xff, 0xf3, 0x9c, 0xff, 0x9e, 0xf7, 0xff, 
  0xff, 0xff, 0xff, 0xff, 0xff, 0xff, 0xdf, 0xff, 0xff, 0xff, 0xff, 0xff, 
  0xdf, 0xff, 0xff, 0xff, 0xff, 0xff, 0xff, 0xff, 0xff, 0xff, 0xff, 0xff, 
  0xff, 0xff, 0xff, 0xff, 0xff, 0xff, 0xff, 0xff, 0xff, 0xff, 0xff, 0xff, 
  0xff, 0xff, 0xff, 0xff, 0xff, 0xff, 0xff, 0xff, 0xff, 0xff, 0xff, 0xff, 
  0xff, 0xff, 0xff, 0xff, 0xff, 0xff, 0xff, 0xff, 0xff, 0xdf, 0xff, 0xff, 
  0xff, 0xff, 0xff, 0xdf, 0xf7, 0xff, 0xff, 0xff, 0xff, 0xff, 0xff, 0xff, 
  0x9e, 0xf7, 0xff, 0xd3, 0x9c, 0xff, 0x08, 0x42, 0xff, 0xc7, 0x39, 0xff, 
  0xe7, 0x41, 0xff, 0xe7, 0x39, 0xff, 0x08, 0x42, 0xff, 0x28, 0x42, 0xff, 
  0x08, 0x42, 0xff, 0x28, 0x42, 0xff, 0x28, 0x42, 0xff, 0x49, 0x4a, 0xff, 
  0x49, 0x4a, 0xff, 0x49, 0x4a, 0xff, 0x49, 0x4a, 0xff, 0x49, 0x4a, 0xff, 
  0x49, 0x4a, 0xff, 0x49, 0x4a, 0xff, 0x49, 0x4a, 0xff, 0x49, 0x4a, 0xff, 
  0x49, 0x4a, 0xff, 0x49, 0x4a, 0xff, 0x49, 0x4a, 0xff, 0x28, 0x42, 0xff, 
  0x28, 0x42, 0xff, 0x28, 0x42, 0xff, 0x28, 0x42, 0xff, 0x28, 0x42, 0xff, 
  0x28, 0x42, 0xff, 0x28, 0x42, 0xff, 0x28, 0x42, 0xff, 0x28, 0x42, 0xff, 
  0x28, 0x42, 0xff, 0x28, 0x42, 0xff, 0x28, 0x42, 0xff, 0x28, 0x42, 0xff, 
  0x28, 0x42, 0xff, 0x28, 0x42, 0xff, 0x49, 0x4a, 0xff, 0x86, 0x31, 0xff, 
  0x14, 0xa5, 0x00, 0xff, 0xff, 0x00, 0xff, 0xff, 0x00, 0xff, 0xff, 0x00, 
  0xff, 0xff, 0x00, 0xff, 0xff, 0x00, 0xff, 0xff, 0x00, 0xff, 0xff, 0x00, 
  0xff, 0xff, 0x00, 0xff, 0xff, 0x00, 0xff, 0xff, 0x00, 0xff, 0xff, 0x00, 
  0xff, 0xff, 0x00, 0xff, 0xff, 0x00, 0xff, 0xff, 0x00, 0x34, 0xa5, 0x00, 
  0xa6, 0x31, 0xff, 0x69, 0x4a, 0xff, 0x49, 0x4a, 0xff, 0x49, 0x4a, 0xff, 
  0x49, 0x4a, 0xff, 0x49, 0x4a, 0xff, 0x69, 0x4a, 0xff, 0x49, 0x4a, 0xff, 
  0x49, 0x4a, 0xff, 0x49, 0x4a, 0xff, 0x49, 0x4a, 0xff, 0x49, 0x4a, 0xff, 
  0x49, 0x4a, 0xff, 0x49, 0x4a, 0xff, 0x49, 0x4a, 0xff, 0x49, 0x4a, 0xff, 
  0x49, 0x4a, 0xff, 0x49, 0x4a, 0xff, 0x49, 0x4a, 0xff, 0x49, 0x4a, 0xff, 
  0x49, 0x4a, 0xff, 0x49, 0x4a, 0xff, 0x49, 0x4a, 0xff, 0x49, 0x4a, 0xff, 
  0x49, 0x4a, 0xff, 0x49, 0x4a, 0xff, 0x49, 0x4a, 0xff, 0x49, 0x4a, 0xff, 
  0x48, 0x4a, 0xff, 0x28, 0x42, 0xff, 0x28, 0x42, 0xff, 0x28, 0x42, 0xff, 
  0xe8, 0x41, 0xff, 0xe8, 0x41, 0xff, 0x07, 0x42, 0xff, 0xa5, 0x31, 0xff, 
  0x69, 0x4a, 0xff, 0xf7, 0xbd, 0xff, 0xdf, 0xf7, 0xff, 0xff, 0xff, 0xff, 
  0xff, 0xff, 0xff, 0xdf, 0xff, 0xff, 0xff, 0xff, 0xff, 0xff, 0xff, 0xff, 
  0xff, 0xff, 0xff, 0xff, 0xff, 0xff, 0xff, 0xff, 0xff, 0xff, 0xff, 0xff, 
  0xff, 0xff, 0xff, 0xff, 0xff, 0xff, 0xff, 0xff, 0xff, 0xff, 0xff, 0xff, 
  0xff, 0xff, 0xff, 0xff, 0xff, 0xff, 0xff, 0xff, 0xff, 0xff, 0xff, 0xff, 
  0xff, 0xff, 0xff, 0xff, 0xff, 0xff, 0xff, 0xff, 0xff, 0xff, 0xff, 0xff, 
  0xff, 0xff, 0xff, 0xff, 0xff, 0xff, 0xff, 0xff, 0xff, 0xff, 0xff, 0xff, 
  0xff, 0xff, 0xff, 0xbe, 0xf7, 0xff, 0xf7, 0xbd, 0xff, 0x49, 0x4a, 0xff, 
  0x85, 0x31, 0xff, 0xe7, 0x41, 0xff, 0x08, 0x42, 0xff, 0xe8, 0x39, 0xff, 
  0x08, 0x42, 0xff, 0x08, 0x42, 0xff, 0x28, 0x42, 0xff, 0x28, 0x42, 0xff, 
  0x28, 0x42, 0xff, 0x28, 0x42, 0xff, 0x28, 0x42, 0xff, 0x49, 0x4a, 0xff, 
  0x28, 0x42, 0xff, 0x28, 0x42, 0xff, 0x28, 0x42, 0xff, 0x28, 0x42, 0xff, 
  0x28, 0x42, 0xff, 0x28, 0x42, 0xff, 0x28, 0x42, 0xff, 0x28, 0x42, 0xff, 
  0x28, 0x42, 0xff, 0x28, 0x42, 0xff, 0x28, 0x42, 0xff, 0x28, 0x42, 0xff, 
  0x28, 0x42, 0xff, 0x28, 0x42, 0xff, 0x28, 0x42, 0xff, 0x28, 0x42, 0xff, 
  0x28, 0x42, 0xff, 0x28, 0x42, 0xff, 0x28, 0x42, 0xff, 0x28, 0x42, 0xff, 
  0x28, 0x42, 0xff, 0x28, 0x42, 0xff, 0x49, 0x4a, 0xff, 0x86, 0x31, 0xff, 
  0x14, 0xa5, 0x00, 0xff, 0xff, 0x00, 0xff, 0xff, 0x00, 0xff, 0xff, 0x00, 
  0xff, 0xff, 0x00, 0xff, 0xff, 0x00, 0xff, 0xff, 0x00, 0xff, 0xff, 0x00, 
  0xff, 0xff, 0x00, 0xff, 0xff, 0x00, 0xff, 0xff, 0x00, 0xff, 0xff, 0x00, 
  0xff, 0xff, 0x00, 0xff, 0xff, 0x00, 0xff, 0xff, 0x00, 0x34, 0xa5, 0x00, 
  0xa6, 0x31, 0xff, 0x69, 0x4a, 0xff, 0x49, 0x4a, 0xff, 0x49, 0x4a, 0xff, 
  0x49, 0x4a, 0xff, 0x49, 0x4a, 0xff, 0x49, 0x4a, 0xff, 0x49, 0x4a, 0xff, 
  0x49, 0x4a, 0xff, 0x49, 0x4a, 0xff, 0x49, 0x4a, 0xff, 0x49, 0x4a, 0xff, 
  0x49, 0x4a, 0xff, 0x49, 0x4a, 0xff, 0x49, 0x4a, 0xff, 0x49, 0x4a, 0xff, 
  0x49, 0x4a, 0xff, 0x49, 0x4a, 0xff, 0x49, 0x4a, 0xff, 0x49, 0x4a, 0xff, 
  0x49, 0x4a, 0xff, 0x49, 0x4a, 0xff, 0x49, 0x4a, 0xff, 0x49, 0x4a, 0xff, 
  0x49, 0x4a, 0xff, 0x49, 0x4a, 0xff, 0x49, 0x4a, 0xff, 0x49, 0x4a, 0xff, 
  0x28, 0x42, 0xff, 0x28, 0x42, 0xff, 0x08, 0x42, 0xff, 0x08, 0x42, 0xff, 
  0x08, 0x42, 0xff, 0x08, 0x42, 0xff, 0x65, 0x31, 0xff, 0xaa, 0x52, 0xff, 
  0x18, 0xc6, 0xff, 0xff, 0xff, 0xff, 0xff, 0xff, 0xff, 0xff, 0xff, 0xff, 
  0xff, 0xff, 0xff, 0xff, 0xff, 0xff, 0xff, 0xff, 0xff, 0xff, 0xff, 0xff, 
  0xff, 0xff, 0xff, 0xff, 0xff, 0xff, 0xdf, 0xff, 0xff, 0xff, 0xff, 0xff, 
  0xdf, 0xff, 0xff, 0xdf, 0xff, 0xff, 0xdf, 0xff, 0xff, 0xff, 0xff, 0xff, 
  0xff, 0xff, 0xff, 0xff, 0xff, 0xff, 0xff, 0xff, 0xff, 0xff, 0xff, 0xff, 
  0xff, 0xff, 0xff, 0xff, 0xff, 0xff, 0xff, 0xff, 0xff, 0xff, 0xff, 0xff, 
  0xdf, 0xff, 0xff, 0xff, 0xff, 0xff, 0xff, 0xff, 0xff, 0xff, 0xff, 0xff, 
  0xff, 0xff, 0xff, 0xff, 0xff, 0xff, 0xff, 0xff, 0xff, 0x17, 0xc6, 0xff, 
  0x89, 0x52, 0xff, 0x65, 0x31, 0xff, 0x08, 0x42, 0xff, 0xe8, 0x39, 0xff, 
  0xe8, 0x39, 0xff, 0x08, 0x42, 0xff, 0x08, 0x42, 0xff, 0x28, 0x42, 0xff, 
  0x28, 0x42, 0xff, 0x28, 0x42, 0xff, 0x28, 0x42, 0xff, 0x28, 0x42, 0xff, 
  0x28, 0x42, 0xff, 0x28, 0x42, 0xff, 0x28, 0x42, 0xff, 0x28, 0x42, 0xff, 
  0x28, 0x42, 0xff, 0x28, 0x42, 0xff, 0x28, 0x42, 0xff, 0x28, 0x42, 0xff, 
  0x28, 0x42, 0xff, 0x28, 0x42, 0xff, 0x28, 0x42, 0xff, 0x28, 0x42, 0xff, 
  0x28, 0x42, 0xff, 0x28, 0x42, 0xff, 0x28, 0x42, 0xff, 0x28, 0x42, 0xff, 
  0x28, 0x42, 0xff, 0x28, 0x42, 0xff, 0x28, 0x42, 0xff, 0x28, 0x42, 0xff, 
  0x28, 0x42, 0xff, 0x28, 0x42, 0xff, 0x28, 0x42, 0xff, 0x86, 0x31, 0xff, 
  0x14, 0xa5, 0x00, 0xff, 0xff, 0x00, 0xff, 0xff, 0x00, 0xff, 0xff, 0x00, 
  0xff, 0xff, 0x00, 0xff, 0xff, 0x00, 0xff, 0xff, 0x00, 0xff, 0xff, 0x00, 
  0xff, 0xff, 0x00, 0xff, 0xff, 0x00, 0xff, 0xff, 0x00, 0xff, 0xff, 0x00, 
  0xff, 0xff, 0x00, 0xff, 0xff, 0x00, 0xff, 0xff, 0x00, 0x34, 0xa5, 0x00, 
  0xa6, 0x31, 0xff, 0x69, 0x4a, 0xff, 0x49, 0x4a, 0xff, 0x49, 0x4a, 0xff, 
  0x49, 0x4a, 0xff, 0x49, 0x4a, 0xff, 0x49, 0x4a, 0xff, 0x49, 0x4a, 0xff, 
  0x49, 0x4a, 0xff, 0x49, 0x4a, 0xff, 0x49, 0x4a, 0xff, 0x49, 0x4a, 0xff, 
  0x49, 0x4a, 0xff, 0x49, 0x4a, 0xff, 0x49, 0x4a, 0xff, 0x49, 0x4a, 0xff, 
  0x49, 0x4a, 0xff, 0x49, 0x4a, 0xff, 0x49, 0x4a, 0xff, 0x49, 0x4a, 0xff, 
  0x49, 0x4a, 0xff, 0x49, 0x4a, 0xff, 0x49, 0x4a, 0xff, 0x49, 0x4a, 0xff, 
  0x49, 0x4a, 0xff, 0x49, 0x4a, 0xff, 0x49, 0x4a, 0xff, 0x49, 0x4a, 0xff, 
  0x28, 0x42, 0xff, 0x28, 0x42, 0xff, 0x08, 0x42, 0xff, 0x07, 0x42, 0xff, 
  0x08, 0x42, 0xff, 0x65, 0x29, 0xff, 0xaa, 0x52, 0xff, 0xb6, 0xb5, 0xff, 
  0xdf, 0xff, 0xff, 0xdf, 0xff, 0xff, 0xff, 0xff, 0xff, 0xff, 0xff, 0xff, 
  0xff, 0xff, 0xff, 0xff, 0xff, 0xff, 0xff, 0xff, 0xff, 0xff, 0xff, 0xff, 
  0xff, 0xff, 0xff, 0xff, 0xff, 0xff, 0xdf, 0xff, 0xff, 0x5f, 0xf7, 0xff, 
  0xff, 0xee, 0xff, 0xbf, 0xe6, 0xff, 0x7f, 0xde, 0xff, 0x5f, 0xd6, 0xff, 
  0x5f, 0xd6, 0xff, 0x7f, 0xd6, 0xff, 0xdf, 0xde, 0xff, 0x1f, 0xe7, 0xff, 
  0x7f, 0xef, 0xff, 0xff, 0xff, 0xff, 0xff, 0xff, 0xff, 0xff, 0xff, 0xff, 
  0xff, 0xff, 0xff, 0xff, 0xff, 0xff, 0xff, 0xff, 0xff, 0xdf, 0xff, 0xff, 
  0xff, 0xff, 0xff, 0xff, 0xff, 0xff, 0xff, 0xff, 0xff, 0xff, 0xff, 0xff, 
  0xb6, 0xb5, 0xff, 0x89, 0x52, 0xff, 0x65, 0x29, 0xff, 0x08, 0x42, 0xff, 
  0xe7, 0x39, 0xff, 0x08, 0x42, 0xff, 0x08, 0x42, 0xff, 0x08, 0x42, 0xff, 
  0x28, 0x42, 0xff, 0x28, 0x42, 0xff, 0x28, 0x42, 0xff, 0x28, 0x42, 0xff, 
  0x28, 0x42, 0xff, 0x28, 0x42, 0xff, 0x28, 0x42, 0xff, 0x28, 0x42, 0xff, 
  0x28, 0x42, 0xff, 0x28, 0x42, 0xff, 0x28, 0x42, 0xff, 0x28, 0x42, 0xff, 
  0x28, 0x42, 0xff, 0x28, 0x42, 0xff, 0x28, 0x42, 0xff, 0x28, 0x42, 0xff, 
  0x28, 0x42, 0xff, 0x28, 0x42, 0xff, 0x28, 0x42, 0xff, 0x28, 0x42, 0xff, 
  0x28, 0x42, 0xff, 0x28, 0x42, 0xff, 0x28, 0x42, 0xff, 0x28, 0x42, 0xff, 
  0x28, 0x42, 0xff, 0x28, 0x42, 0xff, 0x49, 0x4a, 0xff, 0x86, 0x31, 0xff, 
  0x14, 0xa5, 0x00, 0xff, 0xff, 0x00, 0xff, 0xff, 0x00, 0xff, 0xff, 0x00, 
  0xff, 0xff, 0x00, 0xff, 0xff, 0x00, 0xff, 0xff, 0x00, 0xff, 0xff, 0x00, 
  0xff, 0xff, 0x00, 0xff, 0xff, 0x00, 0xff, 0xff, 0x00, 0xff, 0xff, 0x00, 
  0xff, 0xff, 0x00, 0xff, 0xff, 0x00, 0xff, 0xff, 0x00, 0x34, 0xa5, 0x00, 
  0xa6, 0x31, 0xff, 0x69, 0x4a, 0xff, 0x49, 0x4a, 0xff, 0x49, 0x4a, 0xff, 
  0x49, 0x4a, 0xff, 0x49, 0x4a, 0xff, 0x49, 0x4a, 0xff, 0x49, 0x4a, 0xff, 
  0x49, 0x4a, 0xff, 0x49, 0x4a, 0xff, 0x49, 0x4a, 0xff, 0x49, 0x4a, 0xff, 
  0x49, 0x4a, 0xff, 0x49, 0x4a, 0xff, 0x49, 0x4a, 0xff, 0x49, 0x4a, 0xff, 
  0x49, 0x4a, 0xff, 0x49, 0x4a, 0xff, 0x49, 0x4a, 0xff, 0x49, 0x4a, 0xff, 
  0x49, 0x4a, 0xff, 0x49, 0x4a, 0xff, 0x49, 0x4a, 0xff, 0x49, 0x4a, 0xff, 
  0x49, 0x4a, 0xff, 0x49, 0x4a, 0xff, 0x49, 0x4a, 0xff, 0x28, 0x42, 0xff, 
  0x08, 0x42, 0xff, 0x08, 0x42, 0xff, 0xe7, 0x39, 0xff, 0xe7, 0x39, 0xff, 
  0xc6, 0x39, 0xff, 0x07, 0x42, 0xff, 0x75, 0xad, 0xff, 0xff, 0xff, 0xff, 
  0xdf, 0xff, 0xff, 0xff, 0xff, 0xff, 0xff, 0xff, 0xff, 0xff, 0xff, 0xff, 
  0xff, 0xff, 0xff, 0xff, 0xff, 0xff, 0xdf, 0xff, 0xff, 0xdf, 0xff, 0xff, 
  0xbf, 0xff, 0xff, 0x1f, 0xf7, 0xff, 0x9f, 0xe6, 0xff, 0xfe, 0xd5, 0xff, 
  0x3d, 0xbd, 0xff, 0xdc, 0xac, 0xff, 0x9c, 0xa4, 0xff, 0x7b, 0x9c, 0xff, 
  0x7b, 0x9c, 0xff, 0xbb, 0x9c, 0xff, 0xfb, 0xa4, 0xff, 0x5c, 0xad, 0xff, 
  0x1e, 0xbe, 0xff, 0xff, 0xd6, 0xff, 0x5f, 0xe7, 0xff, 0xdf, 0xf7, 0xff, 
  0xff, 0xff, 0xff, 0xff, 0xff, 0xff, 0xff, 0xff, 0xff, 0xff, 0xff, 0xff, 
  0xff, 0xff, 0xff, 0xff, 0xff, 0xff, 0xff, 0xff, 0xff, 0xff, 0xff, 0xff, 
  0xff, 0xff, 0xff, 0x55, 0xad, 0xff, 0xe7, 0x39, 0xff, 0xa6, 0x31, 0xff, 
  0xc7, 0x39, 0xff, 0xe7, 0x39, 0xff, 0xe7, 0x39, 0xff, 0x08, 0x42, 0xff, 
  0x08, 0x42, 0xff, 0x28, 0x42, 0xff, 0x28, 0x42, 0xff, 0x28, 0x42, 0xff, 
  0x28, 0x42, 0xff, 0x28, 0x42, 0xff, 0x28, 0x42, 0xff, 0x28, 0x42, 0xff, 
  0x28, 0x42, 0xff, 0x28, 0x42, 0xff, 0x28, 0x42, 0xff, 0x28, 0x42, 0xff, 
  0x28, 0x42, 0xff, 0x28, 0x42, 0xff, 0x28, 0x42, 0xff, 0x28, 0x42, 0xff, 
  0x28, 0x42, 0xff, 0x28, 0x42, 0xff, 0x28, 0x42, 0xff, 0x28, 0x42, 0xff, 
  0x28, 0x42, 0xff, 0x28, 0x42, 0xff, 0x28, 0x42, 0xff, 0x28, 0x42, 0xff, 
  0x28, 0x42, 0xff, 0x28, 0x42, 0xff, 0x28, 0x42, 0xff, 0x86, 0x31, 0xff, 
  0x14, 0xa5, 0x00, 0xff, 0xff, 0x00, 0xff, 0xff, 0x00, 0xff, 0xff, 0x00, 
  0xff, 0xff, 0x00, 0xff, 0xff, 0x00, 0xff, 0xff, 0x00, 0xff, 0xff, 0x00, 
  0xff, 0xff, 0x00, 0xff, 0xff, 0x00, 0xff, 0xff, 0x00, 0xff, 0xff, 0x00, 
  0xff, 0xff, 0x00, 0xdf, 0xff, 0x00, 0xff, 0xff, 0x00, 0x34, 0xa5, 0x00, 
  0xa6, 0x31, 0xff, 0x69, 0x4a, 0xff, 0x49, 0x4a, 0xff, 0x49, 0x4a, 0xff, 
  0x49, 0x4a, 0xff, 0x49, 0x4a, 0xff, 0x49, 0x4a, 0xff, 0x49, 0x4a, 0xff, 
  0x49, 0x4a, 0xff, 0x49, 0x4a, 0xff, 0x49, 0x4a, 0xff, 0x49, 0x4a, 0xff, 
  0x49, 0x4a, 0xff, 0x49, 0x4a, 0xff, 0x49, 0x4a, 0xff, 0x49, 0x4a, 0xff, 
  0x49, 0x4a, 0xff, 0x49, 0x4a, 0xff, 0x49, 0x4a, 0xff, 0x49, 0x4a, 0xff, 
  0x49, 0x4a, 0xff, 0x49, 0x4a, 0xff, 0x49, 0x4a, 0xff, 0x49, 0x4a, 0xff, 
  0x49, 0x4a, 0xff, 0x49, 0x4a, 0xff, 0x29, 0x4a, 0xff, 0x08, 0x42, 0xff, 
  0x08, 0x42, 0xff, 0xe8, 0x41, 0xff, 0xe7, 0x39, 0xff, 0xc7, 0x39, 0xff, 
  0xc6, 0x31, 0xff, 0xb2, 0x94, 0xff, 0x5c, 0xef, 0xff, 0xff, 0xff, 0xff, 
  0xff, 0xff, 0xff, 0xff, 0xff, 0xff, 0xff, 0xff, 0xff, 0xff, 0xff, 0xff, 
  0xff, 0xff, 0xff, 0xff, 0xff, 0xff, 0xdf, 0xff, 0xff, 0x9f, 0xff, 0xff, 
  0xbf, 0xe6, 0xff, 0x3c, 0xbd, 0xff, 0x7b, 0xac, 0xff, 0x7d, 0xac, 0xff, 
  0x9d, 0xac, 0xff, 0x9d, 0xac, 0xff, 0x9d, 0xac, 0xff, 0xbd, 0xa4, 0xff, 
  0xbd, 0xa4, 0xff, 0xbd, 0x9c, 0xff, 0xbd, 0x9c, 0xff, 0xbc, 0x9c, 0xff, 
  0x9c, 0x8c, 0xff, 0x9b, 0x8c, 0xff, 0x3c, 0xa5, 0xff, 0x9f, 0xce, 0xff, 
  0x9f, 0xef, 0xff, 0xff, 0xff, 0xff, 0xff, 0xff, 0xff, 0xff, 0xff, 0xff, 
  0xff, 0xff, 0xff, 0xff, 0xff, 0xff, 0xff, 0xff, 0xff, 0xff, 0xff, 0xff, 
  0xff, 0xff, 0xff, 0x5d, 0xef, 0xff, 0x92, 0x94, 0xff, 0xa6, 0x31, 0xff, 
  0xc7, 0x39, 0xff, 0xe7, 0x39, 0xff, 0xe7, 0x39, 0xff, 0x08, 0x42, 0xff, 
  0x08, 0x42, 0xff, 0x28, 0x42, 0xff, 0x28, 0x42, 0xff, 0x28, 0x42, 0xff, 
  0x28, 0x42, 0xff, 0x28, 0x42, 0xff, 0x28, 0x42, 0xff, 0x28, 0x42, 0xff, 
  0x28, 0x42, 0xff, 0x28, 0x42, 0xff, 0x28, 0x42, 0xff, 0x28, 0x42, 0xff, 
  0x28, 0x42, 0xff, 0x28, 0x42, 0xff, 0x28, 0x42, 0xff, 0x28, 0x42, 0xff, 
  0x28, 0x42, 0xff, 0x28, 0x42, 0xff, 0x28, 0x42, 0xff, 0x28, 0x42, 0xff, 
  0x28, 0x42, 0xff, 0x28, 0x42, 0xff, 0x28, 0x42, 0xff, 0x28, 0x42, 0xff, 
  0x28, 0x42, 0xff, 0x28, 0x42, 0xff, 0x49, 0x4a, 0xff, 0x86, 0x31, 0xff, 
  0x14, 0xa5, 0x00, 0xff, 0xff, 0x00, 0xff, 0xff, 0x00, 0xff, 0xff, 0x00, 
  0xff, 0xff, 0x00, 0xff, 0xff, 0x00, 0xff, 0xff, 0x00, 0xff, 0xff, 0x00, 
  0xff, 0xff, 0x00, 0xff, 0xff, 0x00, 0xff, 0xff, 0x00, 0xff, 0xff, 0x00, 
  0xff, 0xff, 0x00, 0xdf, 0xff, 0x00, 0xff, 0xff, 0x00, 0x34, 0xa5, 0x00, 
  0xa6, 0x31, 0xff, 0x69, 0x4a, 0xff, 0x49, 0x4a, 0xff, 0x49, 0x4a, 0xff, 
  0x49, 0x4a, 0xff, 0x49, 0x4a, 0xff, 0x49, 0x4a, 0xff, 0x49, 0x4a, 0xff, 
  0x49, 0x4a, 0xff, 0x49, 0x4a, 0xff, 0x49, 0x4a, 0xff, 0x49, 0x4a, 0xff, 
  0x49, 0x4a, 0xff, 0x49, 0x4a, 0xff, 0x49, 0x4a, 0xff, 0x49, 0x4a, 0xff, 
  0x49, 0x4a, 0xff, 0x49, 0x4a, 0xff, 0x49, 0x4a, 0xff, 0x49, 0x4a, 0xff, 
  0x49, 0x4a, 0xff, 0x49, 0x4a, 0xff, 0x49, 0x4a, 0xff, 0x49, 0x4a, 0xff, 
  0x28, 0x42, 0xff, 0x49, 0x4a, 0xff, 0x29, 0x42, 0xff, 0x08, 0x42, 0xff, 
  0xe8, 0x41, 0xff, 0xe7, 0x41, 0xff, 0xe7, 0x39, 0xff, 0xc7, 0x39, 0xff, 
  0xca, 0x5a, 0xff, 0xdb, 0xde, 0xff, 0xff, 0xff, 0xff, 0xdf, 0xff, 0xff, 
  0xff, 0xff, 0xff, 0xff, 0xff, 0xff, 0xff, 0xff, 0xff, 0xff, 0xff, 0xff, 
  0xdf, 0xff, 0xff, 0xdf, 0xff, 0xff, 0x1f, 0xf7, 0xff, 0x9c, 0xc5, 0xff, 
  0x9b, 0xb4, 0xff, 0x9d, 0xb4, 0xff, 0x7d, 0xb4, 0xff, 0x5e, 0xac, 0xff, 
  0x7e, 0xac, 0xff, 0x7e, 0xac, 0xff, 0x9e, 0xac, 0xff, 0x9e, 0xa4, 0xff, 
  0x9e, 0xa4, 0xff, 0x9e, 0x9c, 0xff, 0x9e, 0x9c, 0xff, 0x9e, 0x94, 0xff, 
  0xbe, 0x94, 0xff, 0xbd, 0x8c, 0xff, 0xbd, 0x8c, 0xff, 0xbb, 0x8c, 0xff, 
  0xbb, 0xad, 0xff, 0x5f, 0xdf, 0xff, 0xff, 0xf7, 0xff, 0xff, 0xff, 0xff, 
  0xff, 0xff, 0xff, 0xff, 0xff, 0xff, 0xff, 0xff, 0xff, 0xff, 0xff, 0xff, 
  0xff, 0xff, 0xff, 0xff, 0xff, 0xff, 0xbb, 0xd6, 0xff, 0xeb, 0x5a, 0xff, 
  0xc7, 0x39, 0xff, 0xe7, 0x39, 0xff, 0xe7, 0x39, 0xff, 0xe7, 0x39, 0xff, 
  0xe7, 0x39, 0xff, 0x08, 0x42, 0xff, 0x28, 0x42, 0xff, 0x28, 0x42, 0xff, 
  0x28, 0x42, 0xff, 0x28, 0x42, 0xff, 0x28, 0x42, 0xff, 0x28, 0x42, 0xff, 
  0x28, 0x42, 0xff, 0x28, 0x42, 0xff, 0x28, 0x42, 0xff, 0x28, 0x42, 0xff, 
  0x28, 0x42, 0xff, 0x28, 0x42, 0xff, 0x28, 0x42, 0xff, 0x28, 0x42, 0xff, 
  0x28, 0x42, 0xff, 0x28, 0x42, 0xff, 0x28, 0x42, 0xff, 0x28, 0x42, 0xff, 
  0x28, 0x42, 0xff, 0x28, 0x42, 0xff, 0x28, 0x42, 0xff, 0x28, 0x42, 0xff, 
  0x28, 0x42, 0xff, 0x28, 0x42, 0xff, 0x28, 0x42, 0xff, 0x65, 0x29, 0xff, 
  0x14, 0xa5, 0x00, 0xff, 0xff, 0x00, 0xff, 0xff, 0x00, 0xff, 0xff, 0x00, 
  0xff, 0xff, 0x00, 0xff, 0xff, 0x00, 0xff, 0xff, 0x00, 0xff, 0xff, 0x00, 
  0xff, 0xff, 0x00, 0xff, 0xff, 0x00, 0xff, 0xff, 0x00, 0xff, 0xff, 0x00, 
  0xff, 0xff, 0x00, 0xff, 0xff, 0x00, 0xff, 0xff, 0x00, 0x34, 0xa5, 0x00, 
  0xa6, 0x31, 0xff, 0x69, 0x4a, 0xff, 0x49, 0x4a, 0xff, 0x49, 0x4a, 0xff, 
  0x49, 0x4a, 0xff, 0x49, 0x4a, 0xff, 0x49, 0x4a, 0xff, 0x49, 0x4a, 0xff, 
  0x49, 0x4a, 0xff, 0x49, 0x4a, 0xff, 0x49, 0x4a, 0xff, 0x49, 0x4a, 0xff, 
  0x49, 0x4a, 0xff, 0x49, 0x4a, 0xff, 0x49, 0x4a, 0xff, 0x49, 0x4a, 0xff, 
  0x49, 0x4a, 0xff, 0x49, 0x4a, 0xff, 0x49, 0x4a, 0xff, 0x49, 0x4a, 0xff, 
  0x49, 0x4a, 0xff, 0x49, 0x4a, 0xff, 0x49, 0x4a, 0xff, 0x49, 0x4a, 0xff, 
  0x49, 0x4a, 0xff, 0x28, 0x42, 0xff, 0x08, 0x42, 0xff, 0x08, 0x42, 0xff, 
  0xe8, 0x41, 0xff, 0x08, 0x42, 0xff, 0x66, 0x29, 0xff, 0xe7, 0x39, 0xff, 
  0xd7, 0xb5, 0xff, 0xdf, 0xff, 0xff, 0xff, 0xff, 0xff, 0xff, 0xff, 0xff, 
  0xff, 0xff, 0xff, 0xff, 0xff, 0xff, 0xff, 0xff, 0xff, 0xdf, 0xff, 0xff, 
  0xbf, 0xff, 0xff, 0xdf, 0xf6, 0xff, 0x5c, 0xc5, 0xff, 0x9b, 0xb4, 0xff, 
  0x5d, 0xb4, 0xff, 0x5d, 0xb4, 0xff, 0x7f, 0xbc, 0xff, 0x7e, 0xb4, 0xff, 
  0x7e, 0xb4, 0xff, 0x7e, 0xb4, 0xff, 0x9e, 0xac, 0xff, 0x9e, 0xa4, 0xff, 
  0x9e, 0xa4, 0xff, 0x9e, 0x9c, 0xff, 0x9e, 0x9c, 0xff, 0x9f, 0x94, 0xff, 
  0xbe, 0x94, 0xff, 0xbe, 0x8c, 0xff, 0x9d, 0x84, 0xff, 0x9d, 0x84, 0xff, 
  0xbb, 0x84, 0xff, 0x7c, 0x9d, 0xff, 0x3f, 0xd7, 0xff, 0xff, 0xef, 0xff, 
  0xff, 0xff, 0xff, 0xff, 0xff, 0xff, 0xff, 0xff, 0xff, 0xff, 0xff, 0xff, 
  0xff, 0xff, 0xff, 0xff, 0xff, 0xff, 0xdf, 0xff, 0xff, 0xb6, 0xb5, 0xff, 
  0xe7, 0x39, 0xff, 0x65, 0x29, 0xff, 0x08, 0x42, 0xff, 0xe7, 0x39, 0xff, 
  0xe7, 0x39, 0xff, 0x08, 0x42, 0xff, 0x28, 0x42, 0xff, 0x28, 0x42, 0xff, 
  0x28, 0x42, 0xff, 0x28, 0x42, 0xff, 0x28, 0x42, 0xff, 0x28, 0x42, 0xff, 
  0x28, 0x42, 0xff, 0x28, 0x42, 0xff, 0x28, 0x42, 0xff, 0x28, 0x42, 0xff, 
  0x28, 0x42, 0xff, 0x28, 0x42, 0xff, 0x28, 0x42, 0xff, 0x28, 0x42, 0xff, 
  0x28, 0x42, 0xff, 0x28, 0x42, 0xff, 0x28, 0x42, 0xff, 0x28, 0x42, 0xff, 
  0x28, 0x42, 0xff, 0x28, 0x42, 0xff, 0x28, 0x42, 0xff, 0x28, 0x42, 0xff, 
  0x28, 0x42, 0xff, 0x28, 0x42, 0xff, 0x28, 0x42, 0xff, 0x65, 0x29, 0xff, 
  0x14, 0xa5, 0x00, 0xff, 0xff, 0x00, 0xff, 0xff, 0x00, 0xff, 0xff, 0x00, 
  0xff, 0xff, 0x00, 0xff, 0xff, 0x00, 0xff, 0xff, 0x00, 0xff, 0xff, 0x00, 
  0xff, 0xff, 0x00, 0xff, 0xff, 0x00, 0xff, 0xff, 0x00, 0xff, 0xff, 0x00, 
  0xff, 0xff, 0x00, 0xff, 0xff, 0x00, 0xff, 0xff, 0x00, 0x34, 0xa5, 0x00, 
  0xa6, 0x31, 0xff, 0x69, 0x4a, 0xff, 0x49, 0x4a, 0xff, 0x49, 0x4a, 0xff, 
  0x49, 0x4a, 0xff, 0x49, 0x4a, 0xff, 0x49, 0x4a, 0xff, 0x49, 0x4a, 0xff, 
  0x49, 0x4a, 0xff, 0x49, 0x4a, 0xff, 0x49, 0x4a, 0xff, 0x49, 0x4a, 0xff, 
  0x49, 0x4a, 0xff, 0x49, 0x4a, 0xff, 0x49, 0x4a, 0xff, 0x49, 0x4a, 0xff, 
  0x49, 0x4a, 0xff, 0x49, 0x4a, 0xff, 0x49, 0x4a, 0xff, 0x49, 0x4a, 0xff, 
  0x49, 0x4a, 0xff, 0x49, 0x4a, 0xff, 0x49, 0x4a, 0xff, 0x49, 0x4a, 0xff, 
  0x28, 0x42, 0xff, 0x28, 0x42, 0xff, 0x08, 0x42, 0xff, 0xe8, 0x41, 0xff, 
  0xe8, 0x41, 0xff, 0xc8, 0x39, 0xff, 0xc7, 0x39, 0xff, 0x0c, 0x63, 0xff, 
  0x7e, 0xef, 0xff, 0xff, 0xff, 0xff, 0xdf, 0xff, 0xff, 0xff, 0xff, 0xff, 
  0xff, 0xff, 0xff, 0xff, 0xff, 0xff, 0xdf, 0xff, 0xff, 0xbf, 0xff, 0xff, 
  0xdf, 0xf6, 0xff, 0x1d, 0xc5, 0xff, 0x5b, 0xb4, 0xff, 0x7d, 0xb4, 0xff, 
  0x7e, 0xbc, 0xff, 0x7f, 0xbc, 0xff, 0x5e, 0xb4, 0xff, 0x5e, 0xb4, 0xff, 
  0x5e, 0xb4, 0xff, 0x7e, 0xb4, 0xff, 0x7e, 0xac, 0xff, 0x9e, 0xa4, 0xff, 
  0x9e, 0xa4, 0xff, 0x9e, 0x9c, 0xff, 0x9f, 0x9c, 0xff, 0x9f, 0x94, 0xff, 
  0x9e, 0x8c, 0xff, 0xde, 0x8c, 0xff, 0xdf, 0x8c, 0xff, 0xbe, 0x84, 0xff, 
  0xdd, 0x84, 0xff, 0xbb, 0x7c, 0xff, 0x7c, 0x95, 0xff, 0x5f, 0xd7, 0xff, 
  0xff, 0xf7, 0xff, 0xff, 0xff, 0xff, 0xff, 0xff, 0xff, 0xff, 0xff, 0xff, 
  0xff, 0xff, 0xff, 0xff, 0xff, 0xff, 0xff, 0xff, 0xff, 0x5d, 0xef, 0xff, 
  0xeb, 0x5a, 0xff, 0xa6, 0x31, 0xff, 0xc7, 0x39, 0xff, 0xe7, 0x39, 0xff, 
  0xe7, 0x39, 0xff, 0x08, 0x42, 0xff, 0x28, 0x42, 0xff, 0x28, 0x42, 0xff, 
  0x28, 0x42, 0xff, 0x28, 0x42, 0xff, 0x28, 0x42, 0xff, 0x28, 0x42, 0xff, 
  0x28, 0x42, 0xff, 0x28, 0x42, 0xff, 0x28, 0x42, 0xff, 0x28, 0x42, 0xff, 
  0x28, 0x42, 0xff, 0x28, 0x42, 0xff, 0x28, 0x42, 0xff, 0x28, 0x42, 0xff, 
  0x28, 0x42, 0xff, 0x28, 0x42, 0xff, 0x28, 0x42, 0xff, 0x28, 0x42, 0xff, 
  0x28, 0x42, 0xff, 0x28, 0x42, 0xff, 0x28, 0x42, 0xff, 0x28, 0x42, 0xff, 
  0x08, 0x42, 0xff, 0x28, 0x42, 0xff, 0x28, 0x42, 0xff, 0x65, 0x29, 0xff, 
  0x14, 0xa5, 0x00, 0xff, 0xff, 0x00, 0xff, 0xff, 0x00, 0xff, 0xff, 0x00, 
  0xff, 0xff, 0x00, 0xff, 0xff, 0x00, 0xff, 0xff, 0x00, 0xff, 0xff, 0x00, 
  0xff, 0xff, 0x00, 0xff, 0xff, 0x00, 0xff, 0xff, 0x00, 0xff, 0xff, 0x00, 
  0xff, 0xff, 0x00, 0xff, 0xff, 0x00, 0xff, 0xff, 0x00, 0x34, 0xa5, 0x00, 
  0xa6, 0x31, 0xff, 0x69, 0x4a, 0xff, 0x49, 0x4a, 0xff, 0x49, 0x4a, 0xff, 
  0x49, 0x4a, 0xff, 0x49, 0x4a, 0xff, 0x49, 0x4a, 0xff, 0x49, 0x4a, 0xff, 
  0x49, 0x4a, 0xff, 0x49, 0x4a, 0xff, 0x49, 0x4a, 0xff, 0x49, 0x4a, 0xff, 
  0x49, 0x4a, 0xff, 0x49, 0x4a, 0xff, 0x49, 0x4a, 0xff, 0x49, 0x4a, 0xff, 
  0x49, 0x4a, 0xff, 0x49, 0x4a, 0xff, 0x49, 0x4a, 0xff, 0x49, 0x4a, 0xff, 
  0x49, 0x4a, 0xff, 0x49, 0x4a, 0xff, 0x49, 0x4a, 0xff, 0x49, 0x4a, 0xff, 
  0x28, 0x42, 0xff, 0x28, 0x42, 0xff, 0x08, 0x42, 0xff, 0xe7, 0x39, 0xff, 
  0xe8, 0x41, 0xff, 0x66, 0x31, 0xff, 0x49, 0x4a, 0xff, 0x34, 0xa5, 0xff, 
  0xdf, 0xff, 0xff, 0xff, 0xff, 0xff, 0xff, 0xff, 0xff, 0xff, 0xff, 0xff, 
  0xff, 0xff, 0xff, 0xff, 0xff, 0xff, 0xdf, 0xff, 0xff, 0x1f, 0xf7, 0xff, 
  0x7e, 0xcd, 0xff, 0x5c, 0xb4, 0xff, 0x5d, 0xb4, 0xff, 0x9e, 0xbc, 0xff, 
  0x5e, 0xbc, 0xff, 0x5f, 0xbc, 0xff, 0x5e, 0xbc, 0xff, 0x7f, 0xbc, 0xff, 
  0x5e, 0xb4, 0xff, 0x7e, 0xb4, 0xff, 0x7e, 0xac, 0xff, 0x9e, 0xa4, 0xff, 
  0x9e, 0xa4, 0xff, 0x9e, 0x9c, 0xff, 0x9f, 0x9c, 0xff, 0x9f, 0x94, 0xff, 
  0xdf, 0x94, 0xff, 0xbe, 0x8c, 0xff, 0xbe, 0x84, 0xff, 0xbe, 0x84, 0xff, 
  0xfe, 0x84, 0xff, 0xbd, 0x74, 0xff, 0xbb, 0x74, 0xff, 0xdd, 0x95, 0xff, 
  0x9f, 0xdf, 0xff, 0xff, 0xf7, 0xff, 0xff, 0xff, 0xff, 0xff, 0xff, 0xff, 
  0xff, 0xff, 0xff, 0xdf, 0xff, 0xff, 0xff, 0xff, 0xff, 0xff, 0xff, 0xff, 
  0x14, 0xa5, 0xff, 0x28, 0x42, 0xff, 0x65, 0x29, 0xff, 0xe7, 0x39, 0xff, 
  0xc7, 0x39, 0xff, 0x08, 0x42, 0xff, 0x08, 0x42, 0xff, 0x08, 0x42, 0xff, 
  0x28, 0x42, 0xff, 0x28, 0x42, 0xff, 0x28, 0x42, 0xff, 0x28, 0x42, 0xff, 
  0x28, 0x42, 0xff, 0x28, 0x42, 0xff, 0x28, 0x42, 0xff, 0x08, 0x42, 0xff, 
  0x28, 0x42, 0xff, 0x28, 0x42, 0xff, 0x28, 0x42, 0xff, 0x28, 0x42, 0xff, 
  0x28, 0x42, 0xff, 0x28, 0x42, 0xff, 0x28, 0x42, 0xff, 0x28, 0x42, 0xff, 
  0x28, 0x42, 0xff, 0x28, 0x42, 0xff, 0x08, 0x42, 0xff, 0x28, 0x42, 0xff, 
  0x08, 0x42, 0xff, 0x28, 0x42, 0xff, 0x28, 0x42, 0xff, 0x65, 0x29, 0xff, 
  0x14, 0xa5, 0x00, 0xff, 0xff, 0x00, 0xff, 0xff, 0x00, 0xff, 0xff, 0x00, 
  0xff, 0xff, 0x00, 0xff, 0xff, 0x00, 0xff, 0xff, 0x00, 0xff, 0xff, 0x00, 
  0xff, 0xff, 0x00, 0xff, 0xff, 0x00, 0xff, 0xff, 0x00, 0xff, 0xff, 0x00, 
  0xff, 0xff, 0x00, 0xff, 0xff, 0x00, 0xff, 0xff, 0x00, 0x34, 0xa5, 0x00, 
  0xa6, 0x31, 0xff, 0x49, 0x4a, 0xff, 0x49, 0x4a, 0xff, 0x49, 0x4a, 0xff, 
  0x49, 0x4a, 0xff, 0x49, 0x4a, 0xff, 0x49, 0x4a, 0xff, 0x49, 0x4a, 0xff, 
  0x49, 0x4a, 0xff, 0x49, 0x4a, 0xff, 0x49, 0x4a, 0xff, 0x49, 0x4a, 0xff, 
  0x49, 0x4a, 0xff, 0x49, 0x4a, 0xff, 0x49, 0x4a, 0xff, 0x49, 0x4a, 0xff, 
  0x28, 0x42, 0xff, 0x28, 0x42, 0xff, 0x28, 0x42, 0xff, 0x28, 0x42, 0xff, 
  0x28, 0x42, 0xff, 0x28, 0x42, 0xff, 0x28, 0x42, 0xff, 0x28, 0x42, 0xff, 
  0x28, 0x42, 0xff, 0x07, 0x42, 0xff, 0x08, 0x42, 0xff, 0xe8, 0x41, 0xff, 
  0xe8, 0x41, 0xff, 0x45, 0x29, 0xff, 0x0c, 0x63, 0xff, 0x3c, 0xe7, 0xff, 
  0xff, 0xff, 0xff, 0xff, 0xff, 0xff, 0xff, 0xff, 0xff, 0xff, 0xff, 0xff, 
  0xff, 0xff, 0xff, 0xdf, 0xff, 0xff, 0xbf, 0xff, 0xff, 0xfe, 0xd5, 0xff, 
  0x5c, 0xb4, 0xff, 0x7e, 0xbc, 0xff, 0x7e, 0xbc, 0xff, 0x7e, 0xbc, 0xff, 
  0x5e, 0xbc, 0xff, 0x5e, 0xbc, 0xff, 0x5f, 0xb4, 0xff, 0x5e, 0xb4, 0xff, 
  0x7e, 0xb4, 0xff, 0x7e, 0xac, 0xff, 0x7e, 0xac, 0xff, 0x9e, 0xa4, 0xff, 
  0x9e, 0xa4, 0xff, 0x9e, 0x9c, 0xff, 0x9f, 0x9c, 0xff, 0xbf, 0x94, 0xff, 
  0xbe, 0x8c, 0xff, 0xbe, 0x84, 0xff, 0xbe, 0x84, 0xff, 0xde, 0x84, 0xff, 
  0xde, 0x7c, 0xff, 0xfe, 0x74, 0xff, 0xfe, 0x74, 0xff, 0xbb, 0x6c, 0xff, 
  0x5d, 0xae, 0xff, 0xff, 0xef, 0xff, 0xff, 0xff, 0xff, 0xff, 0xff, 0xff, 
  0xff, 0xff, 0xff, 0xff, 0xff, 0xff, 0xff, 0xff, 0xff, 0xff, 0xff, 0xff, 
  0x3c, 0xe7, 0xff, 0x0c, 0x63, 0xff, 0x24, 0x21, 0xff, 0xe7, 0x39, 0xff, 
  0xc7, 0x39, 0xff, 0xe7, 0x39, 0xff, 0xe7, 0x39, 0xff, 0x08, 0x42, 0xff, 
  0x08, 0x42, 0xff, 0x28, 0x42, 0xff, 0x28, 0x42, 0xff, 0x28, 0x42, 0xff, 
  0x28, 0x42, 0xff, 0x28, 0x42, 0xff, 0x28, 0x42, 0xff, 0x08, 0x42, 0xff, 
  0x28, 0x42, 0xff, 0x28, 0x42, 0xff, 0x28, 0x42, 0xff, 0x28, 0x42, 0xff, 
  0x28, 0x42, 0xff, 0x28, 0x42, 0xff, 0x28, 0x42, 0xff, 0x08, 0x42, 0xff, 
  0x08, 0x42, 0xff, 0x08, 0x42, 0xff, 0x08, 0x42, 0xff, 0x08, 0x42, 0xff, 
  0x08, 0x42, 0xff, 0x28, 0x42, 0xff, 0x28, 0x42, 0xff, 0x65, 0x29, 0xff, 
  0x14, 0xa5, 0x00, 0xff, 0xff, 0x00, 0xff, 0xff, 0x00, 0xff, 0xff, 0x00, 
  0xff, 0xff, 0x00, 0xff, 0xff, 0x00, 0xff, 0xff, 0x00, 0xff, 0xff, 0x00, 
  0xff, 0xff, 0x00, 0xff, 0xff, 0x00, 0xff, 0xff, 0x00, 0xff, 0xff, 0x00, 
  0xff, 0xff, 0x00, 0xff, 0xff, 0x00, 0xff, 0xff, 0x00, 0x14, 0xa5, 0x00, 
  0xa6, 0x31, 0xff, 0x49, 0x4a, 0xff, 0x49, 0x4a, 0xff, 0x28, 0x42, 0xff, 
  0x49, 0x4a, 0xff, 0x28, 0x42, 0xff, 0x49, 0x4a, 0xff, 0x28, 0x42, 0xff, 
  0x28, 0x42, 0xff, 0x28, 0x42, 0xff, 0x28, 0x42, 0xff, 0x28, 0x42, 0xff, 
  0x28, 0x42, 0xff, 0x28, 0x42, 0xff, 0x28, 0x42, 0xff, 0x28, 0x42, 0xff, 
  0x28, 0x42, 0xff, 0x28, 0x42, 0xff, 0x28, 0x42, 0xff, 0x28, 0x42, 0xff, 
  0x28, 0x42, 0xff, 0x28, 0x42, 0xff, 0x28, 0x42, 0xff, 0x28, 0x42, 0xff, 
  0x28, 0x42, 0xff, 0x07, 0x3a, 0xff, 0xe8, 0x41, 0xff, 0xe8, 0x41, 0xff, 
  0xc7, 0x39, 0xff, 0x86, 0x31, 0xff, 0xef, 0x7b, 0xff, 0xff, 0xff, 0xff, 
  0xff, 0xff, 0xff, 0xff, 0xff, 0xff, 0xff, 0xff, 0xff, 0xff, 0xff, 0xff, 
  0xff, 0xff, 0xff, 0xdf, 0xff, 0xff, 0xbf, 0xee, 0xff, 0x1c, 0xbd, 0xff, 
  0x3c, 0xac, 0xff, 0x9f, 0xbc, 0xff, 0x5e, 0xb4, 0xff, 0x5e, 0xb4, 0xff, 
  0x7f, 0xbc, 0xff, 0x5f, 0xb4, 0xff, 0x5f, 0xb4, 0xff, 0x5e, 0xb4, 0xff, 
  0x7e, 0xb4, 0xff, 0x9d, 0xac, 0xff, 0x9e, 0xac, 0xff, 0x9e, 0xa4, 0xff, 
  0x9e, 0xa4, 0xff, 0x9e, 0x9c, 0xff, 0xbe, 0x9c, 0xff, 0xbe, 0x94, 0xff, 
  0x9d, 0x8c, 0xff, 0xde, 0x8c, 0xff, 0xdd, 0x84, 0xff, 0xfe, 0x84, 0xff, 
  0xfd, 0x7c, 0xff, 0xdd, 0x74, 0xff, 0x1e, 0x6d, 0xff, 0xdc, 0x64, 0xff, 
  0x5c, 0x85, 0xff, 0xff, 0xc6, 0xff, 0xff, 0xf7, 0xff, 0xff, 0xff, 0xff, 
  0xff, 0xff, 0xff, 0xff, 0xff, 0xff, 0xff, 0xff, 0xff, 0xff, 0xff, 0xff, 
  0xff, 0xff, 0xff, 0xcf, 0x7b, 0xff, 0x65, 0x29, 0xff, 0xc7, 0x39, 0xff, 
  0xc7, 0x39, 0xff, 0xe7, 0x39, 0xff, 0xe7, 0x39, 0xff, 0x08, 0x42, 0xff, 
  0x08, 0x42, 0xff, 0x08, 0x42, 0xff, 0x28, 0x42, 0xff, 0x28, 0x42, 0xff, 
  0x08, 0x42, 0xff, 0x28, 0x42, 0xff, 0x28, 0x42, 0xff, 0x08, 0x42, 0xff, 
  0x28, 0x42, 0xff, 0x28, 0x42, 0xff, 0x08, 0x42, 0xff, 0x08, 0x42, 0xff, 
  0x08, 0x42, 0xff, 0x08, 0x42, 0xff, 0x08, 0x42, 0xff, 0x08, 0x42, 0xff, 
  0x08, 0x42, 0xff, 0x08, 0x42, 0xff, 0x08, 0x42, 0xff, 0x08, 0x42, 0xff, 
  0x08, 0x42, 0xff, 0x08, 0x42, 0xff, 0x28, 0x42, 0xff, 0x65, 0x29, 0xff, 
  0x14, 0xa5, 0x00, 0xff, 0xff, 0x00, 0xff, 0xff, 0x00, 0xff, 0xff, 0x00, 
  0xff, 0xff, 0x00, 0xff, 0xff, 0x00, 0xff, 0xff, 0x00, 0xff, 0xff, 0x00, 
  0xff, 0xff, 0x00, 0xff, 0xff, 0x00, 0xff, 0xff, 0x00, 0xff, 0xff, 0x00, 
  0xff, 0xff, 0x00, 0xff, 0xff, 0x00, 0xff, 0xff, 0x00, 0x14, 0xa5, 0x00, 
  0x86, 0x31, 0xff, 0x49, 0x4a, 0xff, 0x49, 0x4a, 0xff, 0x28, 0x42, 0xff, 
  0x28, 0x42, 0xff, 0x28, 0x42, 0xff, 0x49, 0x4a, 0xff, 0x28, 0x42, 0xff, 
  0x28, 0x42, 0xff, 0x28, 0x42, 0xff, 0x28, 0x42, 0xff, 0x28, 0x42, 0xff, 
  0x28, 0x42, 0xff, 0x28, 0x42, 0xff, 0x28, 0x42, 0xff, 0x28, 0x42, 0xff, 
  0x28, 0x42, 0xff, 0x28, 0x42, 0xff, 0x28, 0x42, 0xff, 0x28, 0x42, 0xff, 
  0x28, 0x42, 0xff, 0x28, 0x42, 0xff, 0x28, 0x42, 0xff, 0x28, 0x42, 0xff, 
  0x28, 0x42, 0xff, 0x08, 0x42, 0xff, 0xe8, 0x39, 0xff, 0xe7, 0x39, 0xff, 
  0x86, 0x39, 0xff, 0x49, 0x4a, 0xff, 0x14, 0xa5, 0xff, 0xff, 0xff, 0xff, 
  0xff, 0xff, 0xff, 0xff, 0xff, 0xff, 0xff, 0xff, 0xff, 0xff, 0xff, 0xff, 
  0xff, 0xff, 0xff, 0xbf, 0xff, 0xff, 0x9e, 0xcd, 0xff, 0x7c, 0xac, 0xff, 
  0x7d, 0xb4, 0xff, 0x7e, 0xbc, 0xff, 0x7e, 0xb4, 0xff, 0x7f, 0xb4, 0xff, 
  0x7f, 0xb4, 0xff, 0x5f, 0xb4, 0xff, 0x7f, 0xb4, 0xff, 0x9f, 0xb4, 0xff, 
  0x7e, 0xac, 0xff, 0x9d, 0xac, 0xff, 0x9e, 0xa4, 0xff, 0x9e, 0xa4, 0xff, 
  0x9e, 0x9c, 0xff, 0x9e, 0x9c, 0xff, 0x9d, 0x9c, 0xff, 0xbd, 0x94, 0xff, 
  0xde, 0x94, 0xff, 0xbe, 0x8c, 0xff, 0xdd, 0x84, 0xff, 0xdd, 0x7c, 0xff, 
  0xfd, 0x7c, 0xff, 0xfd, 0x74, 0xff, 0x1e, 0x6d, 0xff, 0x1d, 0x65, 0xff, 
  0xbc, 0x64, 0xff, 0xfe, 0x9d, 0xff, 0xff, 0xf7, 0xff, 0xff, 0xff, 0xff, 
  0xff, 0xff, 0xff, 0xff, 0xff, 0xff, 0xff, 0xff, 0xff, 0xff, 0xff, 0xff, 
  0xff, 0xff, 0xff, 0xf3, 0x9c, 0xff, 0x28, 0x42, 0xff, 0xa6, 0x31, 0xff, 
  0xc7, 0x39, 0xff, 0xe7, 0x39, 0xff, 0xe7, 0x39, 0xff, 0xe7, 0x39, 0xff, 
  0x08, 0x42, 0xff, 0x08, 0x42, 0xff, 0x28, 0x42, 0xff, 0x08, 0x42, 0xff, 
  0x08, 0x42, 0xff, 0x08, 0x42, 0xff, 0x08, 0x42, 0xff, 0x08, 0x42, 0xff, 
  0x08, 0x42, 0xff, 0x08, 0x42, 0xff, 0x08, 0x42, 0xff, 0x08, 0x42, 0xff, 
  0x08, 0x42, 0xff, 0x08, 0x42, 0xff, 0x08, 0x42, 0xff, 0x08, 0x42, 0xff, 
  0x08, 0x42, 0xff, 0x08, 0x42, 0xff, 0x08, 0x42, 0xff, 0x08, 0x42, 0xff, 
  0x08, 0x42, 0xff, 0x08, 0x42, 0xff, 0x28, 0x42, 0xff, 0x65, 0x29, 0xff, 
  0x14, 0xa5, 0x00, 0xff, 0xff, 0x00, 0xff, 0xff, 0x00, 0xff, 0xff, 0x00, 
  0xff, 0xff, 0x00, 0xff, 0xff, 0x00, 0xff, 0xff, 0x00, 0xff, 0xff, 0x00, 
  0xff, 0xff, 0x00, 0xff, 0xff, 0x00, 0xff, 0xff, 0x00, 0xff, 0xff, 0x00, 
  0xff, 0xff, 0x00, 0xff, 0xff, 0x00, 0xff, 0xff, 0x00, 0x14, 0xa5, 0x00, 
  0x86, 0x31, 0xff, 0x49, 0x4a, 0xff, 0x28, 0x42, 0xff, 0x28, 0x42, 0xff, 
  0x28, 0x42, 0xff, 0x28, 0x42, 0xff, 0x28, 0x42, 0xff, 0x28, 0x42, 0xff, 
  0x28, 0x42, 0xff, 0x28, 0x42, 0xff, 0x28, 0x42, 0xff, 0x28, 0x42, 0xff, 
  0x28, 0x42, 0xff, 0x28, 0x42, 0xff, 0x28, 0x42, 0xff, 0x28, 0x42, 0xff, 
  0x28, 0x42, 0xff, 0x28, 0x42, 0xff, 0x28, 0x42, 0xff, 0x28, 0x42, 0xff, 
  0x28, 0x42, 0xff, 0x28, 0x42, 0xff, 0x28, 0x42, 0xff, 0x28, 0x42, 0xff, 
  0x08, 0x42, 0xff, 0x08, 0x42, 0xff, 0xe7, 0x39, 0xff, 0xc7, 0x39, 0xff, 
  0x66, 0x31, 0xff, 0x2c, 0x63, 0xff, 0x58, 0xce, 0xff, 0xff, 0xff, 0xff, 
  0xff, 0xff, 0xff, 0xff, 0xff, 0xff, 0xff, 0xff, 0xff, 0xff, 0xff, 0xff, 
  0xdf, 0xff, 0xff, 0x3f, 0xf7, 0xff, 0x1d, 0xbd, 0xff, 0x3c, 0xac, 0xff, 
  0x9e, 0xbc, 0xff, 0x5e, 0xb4, 0xff, 0x5e, 0xb4, 0xff, 0x5e, 0xb4, 0xff, 
  0x7e, 0xb4, 0xff, 0x9e, 0xb4, 0xff, 0x7e, 0xac, 0xff, 0x7e, 0xac, 0xff, 
  0x7e, 0xac, 0xff, 0x9e, 0xa4, 0xff, 0x9e, 0xa4, 0xff, 0x9e, 0xa4, 0xff, 
  0x9e, 0x9c, 0xff, 0x9e, 0x9c, 0xff, 0x9e, 0x9c, 0xff, 0xbe, 0x94, 0xff, 
  0xbe, 0x94, 0xff, 0xbe, 0x84, 0xff, 0xde, 0x84, 0xff, 0xde, 0x7c, 0xff, 
  0xdd, 0x74, 0xff, 0xfe, 0x74, 0xff, 0x1e, 0x6d, 0xff, 0x3e, 0x65, 0xff, 
  0xbc, 0x5c, 0xff, 0x5c, 0x85, 0xff, 0x9f, 0xdf, 0xff, 0xff, 0xf7, 0xff, 
  0xff, 0xff, 0xff, 0xff, 0xff, 0xff, 0xff, 0xff, 0xff, 0xff, 0xff, 0xff, 
  0xff, 0xff, 0xff, 0x38, 0xc6, 0xff, 0x0c, 0x63, 0xff, 0x65, 0x29, 0xff, 
  0xc7, 0x39, 0xff, 0xe7, 0x39, 0xff, 0xe7, 0x39, 0xff, 0xe7, 0x39, 0xff, 
  0x08, 0x42, 0xff, 0x08, 0x42, 0xff, 0x28, 0x42, 0xff, 0x08, 0x42, 0xff, 
  0x08, 0x42, 0xff, 0x08, 0x42, 0xff, 0x08, 0x42, 0xff, 0x08, 0x42, 0xff, 
  0x08, 0x42, 0xff, 0x08, 0x42, 0xff, 0x08, 0x42, 0xff, 0x08, 0x42, 0xff, 
  0x08, 0x42, 0xff, 0x08, 0x42, 0xff, 0x08, 0x42, 0xff, 0x08, 0x42, 0xff, 
  0x08, 0x42, 0xff, 0x08, 0x42, 0xff, 0x08, 0x42, 0xff, 0x08, 0x42, 0xff, 
  0x08, 0x42, 0xff, 0x08, 0x42, 0xff, 0x28, 0x42, 0xff, 0x65, 0x29, 0xff, 
  0x14, 0xa5, 0x00, 0xff, 0xff, 0x00, 0xff, 0xff, 0x00, 0xff, 0xff, 0x00, 
  0xff, 0xff, 0x00, 0xff, 0xff, 0x00, 0xff, 0xff, 0x00, 0xff, 0xff, 0x00, 
  0xff, 0xff, 0x00, 0xff, 0xff, 0x00, 0xff, 0xff, 0x00, 0xff, 0xff, 0x00, 
  0xff, 0xff, 0x00, 0xff, 0xff, 0x00, 0xff, 0xff, 0x00, 0x14, 0xa5, 0x00, 
  0x86, 0x31, 0xff, 0x49, 0x4a, 0xff, 0x28, 0x42, 0xff, 0x28, 0x42, 0xff, 
  0x28, 0x42, 0xff, 0x28, 0x42, 0xff, 0x28, 0x42, 0xff, 0x28, 0x42, 0xff, 
  0x28, 0x42, 0xff, 0x28, 0x42, 0xff, 0x28, 0x42, 0xff, 0x28, 0x42, 0xff, 
  0x28, 0x42, 0xff, 0x28, 0x42, 0xff, 0x28, 0x42, 0xff, 0x28, 0x42, 0xff, 
  0x28, 0x42, 0xff, 0x28, 0x42, 0xff, 0x28, 0x42, 0xff, 0x28, 0x42, 0xff, 
  0x28, 0x42, 0xff, 0x28, 0x42, 0xff, 0x28, 0x42, 0xff, 0x28, 0x42, 0xff, 
  0x08, 0x3a, 0xff, 0x08, 0x3a, 0xff, 0xe7, 0x39, 0xff, 0xe7, 0x39, 0xff, 
  0x45, 0x29, 0xff, 0xae, 0x73, 0xff, 0x1b, 0xe7, 0xff, 0xff, 0xff, 0xff, 
  0xff, 0xff, 0xff, 0xff, 0xff, 0xff, 0xff, 0xff, 0xff, 0xff, 0xff, 0xff, 
  0xbf, 0xff, 0xff, 0x5e, 0xde, 0xff, 0xdd, 0xb4, 0xff, 0x7e, 0xac, 0xff, 
  0x7e, 0xb4, 0xff, 0x7e, 0xb4, 0xff, 0x7e, 0xb4, 0xff, 0x7e, 0xb4, 0xff, 
  0x7e, 0xb4, 0xff, 0x7d, 0xac, 0xff, 0x7d, 0xac, 0xff, 0x9e, 0xac, 0xff, 
  0x7e, 0xac, 0xff, 0x9e, 0xa4, 0xff, 0x9e, 0xa4, 0xff, 0x9e, 0x9c, 0xff, 
  0x9e, 0x9c, 0xff, 0x9e, 0x9c, 0xff, 0xbe, 0x94, 0xff, 0xbe, 0x94, 0xff, 
  0xbe, 0x8c, 0xff, 0xbe, 0x8c, 0xff, 0xdd, 0x84, 0xff, 0xde, 0x7c, 0xff, 
  0xde, 0x7c, 0xff, 0xfe, 0x6c, 0xff, 0x1d, 0x65, 0xff, 0x1d, 0x65, 0xff, 
  0xfd, 0x5c, 0xff, 0x3c, 0x75, 0xff, 0x9e, 0xb6, 0xff, 0xff, 0xf7, 0xff, 
  0xff, 0xff, 0xff, 0xff, 0xff, 0xff, 0xff, 0xff, 0xff, 0xff, 0xff, 0xff, 
  0xff, 0xff, 0xff, 0x1c, 0xe7, 0xff, 0x8e, 0x73, 0xff, 0x45, 0x29, 0xff, 
  0xc7, 0x39, 0xff, 0xc7, 0x39, 0xff, 0xe7, 0x39, 0xff, 0xe7, 0x39, 0xff, 
  0x08, 0x42, 0xff, 0x08, 0x42, 0xff, 0x28, 0x42, 0xff, 0x08, 0x42, 0xff, 
  0x08, 0x42, 0xff, 0x08, 0x42, 0xff, 0x08, 0x42, 0xff, 0x08, 0x42, 0xff, 
  0x08, 0x42, 0xff, 0x08, 0x42, 0xff, 0x08, 0x42, 0xff, 0x08, 0x42, 0xff, 
  0x08, 0x42, 0xff, 0x08, 0x42, 0xff, 0x08, 0x42, 0xff, 0x08, 0x42, 0xff, 
  0x08, 0x42, 0xff, 0x08, 0x42, 0xff, 0x08, 0x42, 0xff, 0x08, 0x42, 0xff, 
  0x08, 0x42, 0xff, 0x08, 0x42, 0xff, 0x28, 0x42, 0xff, 0x65, 0x29, 0xff, 
  0x14, 0xa5, 0x00, 0xff, 0xff, 0x00, 0xff, 0xff, 0x00, 0xff, 0xff, 0x00, 
  0xff, 0xff, 0x00, 0xff, 0xff, 0x00, 0xff, 0xff, 0x00, 0xff, 0xff, 0x00, 
  0xff, 0xff, 0x00, 0xff, 0xff, 0x00, 0xff, 0xff, 0x00, 0xff, 0xff, 0x00, 
  0xff, 0xff, 0x00, 0xff, 0xff, 0x00, 0xff, 0xff, 0x00, 0x14, 0xa5, 0x00, 
  0x86, 0x31, 0xff, 0x49, 0x4a, 0xff, 0x49, 0x4a, 0xff, 0x28, 0x42, 0xff, 
  0x28, 0x42, 0xff, 0x28, 0x42, 0xff, 0x28, 0x42, 0xff, 0x28, 0x42, 0xff, 
  0x28, 0x42, 0xff, 0x28, 0x42, 0xff, 0x28, 0x42, 0xff, 0x28, 0x42, 0xff, 
  0x28, 0x42, 0xff, 0x28, 0x42, 0xff, 0x28, 0x42, 0xff, 0x28, 0x42, 0xff, 
  0x28, 0x42, 0xff, 0x28, 0x42, 0xff, 0x28, 0x42, 0xff, 0x28, 0x42, 0xff, 
  0x28, 0x42, 0xff, 0x28, 0x42, 0xff, 0x28, 0x42, 0xff, 0x08, 0x42, 0xff, 
  0xe8, 0x39, 0xff, 0x08, 0x3a, 0xff, 0xe7, 0x39, 0xff, 0xe7, 0x39, 0xff, 
  0x24, 0x21, 0xff, 0x30, 0x84, 0xff, 0xbe, 0xf7, 0xff, 0xff, 0xff, 0xff, 
  0xff, 0xff, 0xff, 0xff, 0xff, 0xff, 0xff, 0xff, 0xff, 0xdf, 0xff, 0xff, 
  0xbf, 0xff, 0xff, 0xbd, 0xc5, 0xff, 0xbd, 0xac, 0xff, 0x7d, 0xac, 0xff, 
  0x7e, 0xb4, 0xff, 0x7e, 0xb4, 0xff, 0x7e, 0xac, 0xff, 0x7e, 0xac, 0xff, 
  0x7e, 0xac, 0xff, 0x7e, 0xac, 0xff, 0x7e, 0xac, 0xff, 0x7e, 0xac, 0xff, 
  0x9e, 0xac, 0xff, 0x9e, 0xa4, 0xff, 0x9e, 0xa4, 0xff, 0x9e, 0x9c, 0xff, 
  0xbe, 0x9c, 0xff, 0xbe, 0x94, 0xff, 0xbe, 0x94, 0xff, 0xde, 0x8c, 0xff, 
  0xde, 0x84, 0xff, 0xde, 0x84, 0xff, 0xdd, 0x84, 0xff, 0xdd, 0x7c, 0xff, 
  0xde, 0x7c, 0xff, 0xde, 0x74, 0xff, 0x1e, 0x65, 0xff, 0x1d, 0x65, 0xff, 
  0xfd, 0x5c, 0xff, 0x1c, 0x6d, 0xff, 0xfc, 0x9d, 0xff, 0xff, 0xe7, 0xff, 
  0xff, 0xff, 0xff, 0xff, 0xff, 0xff, 0xff, 0xff, 0xff, 0xff, 0xff, 0xff, 
  0xff, 0xff, 0xff, 0xbe, 0xf7, 0xff, 0x10, 0x84, 0xff, 0x24, 0x21, 0xff, 
  0xc7, 0x39, 0xff, 0xc7, 0x39, 0xff, 0x08, 0x42, 0xff, 0xe7, 0x39, 0xff, 
  0x08, 0x42, 0xff, 0x08, 0x42, 0xff, 0x08, 0x42, 0xff, 0x08, 0x42, 0xff, 
  0x08, 0x42, 0xff, 0x08, 0x42, 0xff, 0x08, 0x42, 0xff, 0x08, 0x42, 0xff, 
  0x08, 0x42, 0xff, 0x08, 0x42, 0xff, 0x08, 0x42, 0xff, 0x08, 0x42, 0xff, 
  0x08, 0x42, 0xff, 0x08, 0x42, 0xff, 0x08, 0x42, 0xff, 0x08, 0x42, 0xff, 
  0x08, 0x42, 0xff, 0x08, 0x42, 0xff, 0x08, 0x42, 0xff, 0x08, 0x42, 0xff, 
  0x08, 0x42, 0xff, 0x08, 0x42, 0xff, 0x28, 0x42, 0xff, 0x65, 0x29, 0xff, 
  0x14, 0xa5, 0x00, 0xff, 0xff, 0x00, 0xff, 0xff, 0x00, 0xff, 0xff, 0x00, 
  0xff, 0xff, 0x00, 0xff, 0xff, 0x00, 0xff, 0xff, 0x00, 0xff, 0xff, 0x00, 
  0xff, 0xff, 0x00, 0xff, 0xff, 0x00, 0xff, 0xff, 0x00, 0xff, 0xff, 0x00, 
  0xff, 0xff, 0x00, 0xff, 0xff, 0x00, 0xff, 0xff, 0x00, 0x14, 0xa5, 0x00, 
  0x86, 0x31, 0xff, 0x49, 0x4a, 0xff, 0x28, 0x42, 0xff, 0x28, 0x42, 0xff, 
  0x28, 0x42, 0xff, 0x28, 0x42, 0xff, 0x28, 0x42, 0xff, 0x28, 0x42, 0xff, 
  0x28, 0x42, 0xff, 0x28, 0x42, 0xff, 0x28, 0x42, 0xff, 0x28, 0x42, 0xff, 
  0x28, 0x42, 0xff, 0x28, 0x42, 0xff, 0x28, 0x42, 0xff, 0x28, 0x42, 0xff, 
  0x28, 0x42, 0xff, 0x28, 0x42, 0xff, 0x28, 0x42, 0xff, 0x28, 0x42, 0xff, 
  0x28, 0x42, 0xff, 0x28, 0x42, 0xff, 0x28, 0x42, 0xff, 0x08, 0x42, 0xff, 
  0xe8, 0x39, 0xff, 0xe7, 0x39, 0xff, 0xc7, 0x39, 0xff, 0xc7, 0x39, 0xff, 
  0x04, 0x21, 0xff, 0x71, 0x94, 0xff, 0xff, 0xff, 0xff, 0xff, 0xff, 0xff, 
  0xff, 0xff, 0xff, 0xff, 0xff, 0xff, 0xff, 0xff, 0xff, 0xff, 0xff, 0xff, 
  0x9f, 0xff, 0xff, 0x5d, 0xbd, 0xff, 0x9c, 0xa4, 0xff, 0x7d, 0xac, 0xff, 
  0x7e, 0xac, 0xff, 0x7e, 0xac, 0xff, 0x7e, 0xac, 0xff, 0x7e, 0xac, 0xff, 
  0x7e, 0xac, 0xff, 0x9e, 0xac, 0xff, 0x7e, 0xac, 0xff, 0x9e, 0xa4, 0xff, 
  0x9e, 0xa4, 0xff, 0x9e, 0xa4, 0xff, 0x9e, 0x9c, 0xff, 0x9e, 0x9c, 0xff, 
  0x9e, 0x94, 0xff, 0xbe, 0x94, 0xff, 0xbe, 0x8c, 0xff, 0xde, 0x84, 0xff, 
  0xde, 0x84, 0xff, 0xdd, 0x7c, 0xff, 0xdd, 0x7c, 0xff, 0xdd, 0x7c, 0xff, 
  0xde, 0x74, 0xff, 0xfe, 0x6c, 0xff, 0xfe, 0x64, 0xff, 0x1e, 0x65, 0xff, 
  0x1d, 0x5d, 0xff, 0xfb, 0x5c, 0xff, 0xbb, 0x85, 0xff, 0xff, 0xe7, 0xff, 
  0xff, 0xf7, 0xff, 0xff, 0xff, 0xff, 0xff, 0xff, 0xff, 0xff, 0xff, 0xff, 
  0xff, 0xff, 0xff, 0xff, 0xff, 0xff, 0x71, 0x8c, 0xff, 0xe3, 0x18, 0xff, 
  0xc7, 0x39, 0xff, 0xc7, 0x39, 0xff, 0xc7, 0x39, 0xff, 0xe7, 0x39, 0xff, 
  0xe7, 0x39, 0xff, 0x08, 0x42, 0xff, 0x08, 0x42, 0xff, 0x08, 0x42, 0xff, 
  0x08, 0x42, 0xff, 0x08, 0x42, 0xff, 0x08, 0x42, 0xff, 0x08, 0x42, 0xff, 
  0x08, 0x42, 0xff, 0x08, 0x42, 0xff, 0x08, 0x42, 0xff, 0x08, 0x42, 0xff, 
  0x08, 0x42, 0xff, 0x08, 0x42, 0xff, 0x08, 0x42, 0xff, 0x08, 0x42, 0xff, 
  0x08, 0x42, 0xff, 0x08, 0x42, 0xff, 0x08, 0x42, 0xff, 0x08, 0x42, 0xff, 
  0x08, 0x42, 0xff, 0x08, 0x42, 0xff, 0x28, 0x42, 0xff, 0x65, 0x29, 0xff, 
  0x14, 0xa5, 0x00, 0xff, 0xff, 0x00, 0xff, 0xff, 0x00, 0xff, 0xff, 0x00, 
  0xff, 0xff, 0x00, 0xff, 0xff, 0x00, 0xff, 0xff, 0x00, 0xff, 0xff, 0x00, 
  0xff, 0xff, 0x00, 0xff, 0xff, 0x00, 0xff, 0xff, 0x00, 0xff, 0xff, 0x00, 
  0xff, 0xff, 0x00, 0xff, 0xff, 0x00, 0xff, 0xff, 0x00, 0x14, 0xa5, 0x00, 
  0x86, 0x31, 0xff, 0x49, 0x4a, 0xff, 0x28, 0x42, 0xff, 0x28, 0x42, 0xff, 
  0x28, 0x42, 0xff, 0x28, 0x42, 0xff, 0x28, 0x42, 0xff, 0x28, 0x42, 0xff, 
  0x28, 0x42, 0xff, 0x28, 0x42, 0xff, 0x28, 0x42, 0xff, 0x28, 0x42, 0xff, 
  0x28, 0x42, 0xff, 0x28, 0x42, 0xff, 0x28, 0x42, 0xff, 0x28, 0x42, 0xff, 
  0x28, 0x42, 0xff, 0x28, 0x42, 0xff, 0x28, 0x42, 0xff, 0x28, 0x42, 0xff, 
  0x28, 0x42, 0xff, 0x28, 0x42, 0xff, 0x28, 0x42, 0xff, 0x08, 0x42, 0xff, 
  0xe8, 0x39, 0xff, 0xe7, 0x39, 0xff, 0xc7, 0x39, 0xff, 0xe7, 0x39, 0xff, 
  0x04, 0x21, 0xff, 0xb2, 0x94, 0xff, 0xff, 0xff, 0xff, 0xdf, 0xff, 0xff, 
  0xff, 0xff, 0xff, 0xff, 0xff, 0xff, 0xff, 0xff, 0xff, 0xff, 0xff, 0xff, 
  0x9f, 0xff, 0xff, 0x1b, 0xb5, 0xff, 0x7c, 0xa4, 0xff, 0x9e, 0xac, 0xff, 
  0x7e, 0xac, 0xff, 0x7e, 0xac, 0xff, 0x7e, 0xac, 0xff, 0x7e, 0xac, 0xff, 
  0x7e, 0xa4, 0xff, 0x9e, 0xa4, 0xff, 0x9e, 0xa4, 0xff, 0x9e, 0xa4, 0xff, 
  0x9e, 0xa4, 0xff, 0x9e, 0xa4, 0xff, 0x9e, 0x9c, 0xff, 0xbe, 0x9c, 0xff, 
  0xbe, 0x94, 0xff, 0xbe, 0x94, 0xff, 0xbe, 0x8c, 0xff, 0xbe, 0x8c, 0xff, 
  0xde, 0x84, 0xff, 0xfd, 0x7c, 0xff, 0xdd, 0x7c, 0xff, 0xdd, 0x74, 0xff, 
  0xfe, 0x74, 0xff, 0xfd, 0x6c, 0xff, 0x1d, 0x65, 0xff, 0x1d, 0x5d, 0xff, 
  0x3e, 0x55, 0xff, 0xfb, 0x54, 0xff, 0x5a, 0x75, 0xff, 0xff, 0xdf, 0xff, 
  0xff, 0xf7, 0xff, 0xff, 0xff, 0xff, 0xff, 0xff, 0xff, 0xff, 0xff, 0xff, 
  0xdf, 0xff, 0xff, 0xff, 0xff, 0xff, 0xb2, 0x94, 0xff, 0xe3, 0x18, 0xff, 
  0xe7, 0x39, 0xff, 0xc7, 0x39, 0xff, 0xc7, 0x39, 0xff, 0xe7, 0x39, 0xff, 
  0xe7, 0x39, 0xff, 0x08, 0x42, 0xff, 0x08, 0x42, 0xff, 0x08, 0x42, 0xff, 
  0x08, 0x42, 0xff, 0x08, 0x42, 0xff, 0x08, 0x42, 0xff, 0x08, 0x42, 0xff, 
  0x08, 0x42, 0xff, 0x08, 0x42, 0xff, 0x08, 0x42, 0xff, 0x08, 0x42, 0xff, 
  0x08, 0x42, 0xff, 0x08, 0x42, 0xff, 0x08, 0x42, 0xff, 0x08, 0x42, 0xff, 
  0x08, 0x42, 0xff, 0x08, 0x42, 0xff, 0x08, 0x42, 0xff, 0x08, 0x42, 0xff, 
  0x08, 0x42, 0xff, 0x08, 0x42, 0xff, 0x28, 0x42, 0xff, 0x65, 0x29, 0xff, 
  0x14, 0xa5, 0x00, 0xff, 0xff, 0x00, 0xff, 0xff, 0x00, 0xff, 0xff, 0x00, 
  0xff, 0xff, 0x00, 0xff, 0xff, 0x00, 0xff, 0xff, 0x00, 0xff, 0xff, 0x00, 
  0xff, 0xff, 0x00, 0xff, 0xff, 0x00, 0xff, 0xff, 0x00, 0xff, 0xff, 0x00, 
  0xff, 0xff, 0x00, 0xff, 0xff, 0x00, 0xff, 0xff, 0x00, 0x14, 0xa5, 0x00, 
  0x86, 0x31, 0xff, 0x49, 0x4a, 0xff, 0x28, 0x42, 0xff, 0x28, 0x42, 0xff, 
  0x28, 0x42, 0xff, 0x28, 0x42, 0xff, 0x28, 0x42, 0xff, 0x28, 0x42, 0xff, 
  0x28, 0x42, 0xff, 0x28, 0x42, 0xff, 0x28, 0x42, 0xff, 0x28, 0x42, 0xff, 
  0x28, 0x42, 0xff, 0x28, 0x42, 0xff, 0x28, 0x42, 0xff, 0x28, 0x42, 0xff, 
  0x28, 0x42, 0xff, 0x28, 0x42, 0xff, 0x28, 0x42, 0xff, 0x28, 0x42, 0xff, 
  0x28, 0x42, 0xff, 0x28, 0x42, 0xff, 0x28, 0x42, 0xff, 0x08, 0x42, 0xff, 
  0x08, 0x42, 0xff, 0xe7, 0x39, 0xff, 0xc7, 0x39, 0xff, 0xe7, 0x39, 0xff, 
  0xe3, 0x18, 0xff, 0xd3, 0x9c, 0xff, 0xff, 0xff, 0xff, 0xdf, 0xff, 0xff, 
  0xff, 0xff, 0xff, 0xff, 0xff, 0xff, 0xdf, 0xff, 0xff, 0xff, 0xff, 0xff, 
  0x9f, 0xff, 0xff, 0x1b, 0xad, 0xff, 0x7c, 0x9c, 0xff, 0x9e, 0xa4, 0xff, 
  0x9e, 0xa4, 0xff, 0x9e, 0xa4, 0xff, 0x7e, 0xa4, 0xff, 0x7f, 0xa4, 0xff, 
  0x9f, 0xa4, 0xff, 0x9e, 0xa4, 0xff, 0x9e, 0xa4, 0xff, 0x9e, 0x9c, 0xff, 
  0xbe, 0x9c, 0xff, 0x9e, 0x9c, 0xff, 0xbe, 0x9c, 0xff, 0xbe, 0x94, 0xff, 
  0xbe, 0x94, 0xff, 0xbe, 0x94, 0xff, 0xbe, 0x8c, 0xff, 0xbe, 0x84, 0xff, 
  0xde, 0x84, 0xff, 0xdd, 0x7c, 0xff, 0xde, 0x7c, 0xff, 0xfd, 0x74, 0xff, 
  0xfd, 0x6c, 0xff, 0x1d, 0x65, 0xff, 0x1d, 0x5d, 0xff, 0x3d, 0x5d, 0xff, 
  0x5d, 0x55, 0xff, 0xfb, 0x4c, 0xff, 0x7a, 0x75, 0xff, 0xff, 0xdf, 0xff, 
  0xff, 0xf7, 0xff, 0xff, 0xff, 0xff, 0xff, 0xff, 0xff, 0xff, 0xff, 0xff, 
  0xff, 0xff, 0xff, 0xff, 0xff, 0xff, 0xb2, 0x94, 0xff, 0xe3, 0x18, 0xff, 
  0xc7, 0x39, 0xff, 0xc7, 0x39, 0xff, 0xc7, 0x39, 0xff, 0xe7, 0x39, 0xff, 
  0xe7, 0x39, 0xff, 0x08, 0x42, 0xff, 0x08, 0x42, 0xff, 0x08, 0x42, 0xff, 
  0x08, 0x42, 0xff, 0x08, 0x42, 0xff, 0x08, 0x42, 0xff, 0x08, 0x42, 0xff, 
  0x08, 0x42, 0xff, 0x08, 0x42, 0xff, 0x08, 0x42, 0xff, 0x08, 0x42, 0xff, 
  0x08, 0x42, 0xff, 0x08, 0x42, 0xff, 0x08, 0x42, 0xff, 0x08, 0x42, 0xff, 
  0x08, 0x42, 0xff, 0x08, 0x42, 0xff, 0x08, 0x42, 0xff, 0x08, 0x42, 0xff, 
  0x08, 0x42, 0xff, 0x08, 0x42, 0xff, 0x28, 0x42, 0xff, 0x65, 0x29, 0xff, 
  0xf3, 0x9c, 0x00, 0xff, 0xff, 0x00, 0xff, 0xff, 0x00, 0xff, 0xff, 0x00, 
  0xff, 0xff, 0x00, 0xff, 0xff, 0x00, 0xff, 0xff, 0x00, 0xff, 0xff, 0x00, 
  0xff, 0xff, 0x00, 0xff, 0xff, 0x00, 0xff, 0xff, 0x00, 0xff, 0xff, 0x00, 
  0xff, 0xff, 0x00, 0xff, 0xff, 0x00, 0xff, 0xff, 0x00, 0x14, 0xa5, 0x00, 
  0x86, 0x31, 0xff, 0x49, 0x4a, 0xff, 0x28, 0x42, 0xff, 0x28, 0x42, 0xff, 
  0x28, 0x42, 0xff, 0x28, 0x42, 0xff, 0x28, 0x42, 0xff, 0x28, 0x42, 0xff, 
  0x28, 0x42, 0xff, 0x28, 0x42, 0xff, 0x28, 0x42, 0xff, 0x28, 0x42, 0xff, 
  0x28, 0x42, 0xff, 0x28, 0x42, 0xff, 0x28, 0x42, 0xff, 0x28, 0x42, 0xff, 
  0x28, 0x42, 0xff, 0x28, 0x42, 0xff, 0x28, 0x42, 0xff, 0x28, 0x42, 0xff, 
  0x28, 0x42, 0xff, 0x28, 0x42, 0xff, 0x28, 0x42, 0xff, 0x08, 0x42, 0xff, 
  0xe8, 0x41, 0xff, 0xc7, 0x39, 0xff, 0xc7, 0x39, 0xff, 0xe7, 0x39, 0xff, 
  0xe3, 0x18, 0xff, 0xd2, 0x94, 0xff, 0xff, 0xff, 0xff, 0xff, 0xff, 0xff, 
  0xff, 0xff, 0xff, 0xff, 0xff, 0xff, 0xdf, 0xff, 0xff, 0xff, 0xff, 0xff, 
  0xbf, 0xff, 0xff, 0x3b, 0xad, 0xff, 0x9c, 0x9c, 0xff, 0x9e, 0x9c, 0xff, 
  0x9e, 0xa4, 0xff, 0x9e, 0xa4, 0xff, 0x9e, 0xa4, 0xff, 0x9e, 0xa4, 0xff, 
  0x9e, 0x9c, 0xff, 0x9e, 0x9c, 0xff, 0x9e, 0x9c, 0xff, 0x9e, 0x9c, 0xff, 
  0xbe, 0x9c, 0xff, 0xbd, 0x94, 0xff, 0xbd, 0x94, 0xff, 0xbe, 0x94, 0xff, 
  0xbe, 0x8c, 0xff, 0xbe, 0x8c, 0xff, 0xbe, 0x8c, 0xff, 0xbe, 0x84, 0xff, 
  0xde, 0x7c, 0xff, 0xfd, 0x7c, 0xff, 0xfe, 0x74, 0xff, 0xfd, 0x74, 0xff, 
  0x1d, 0x6d, 0xff, 0x1d, 0x65, 0xff, 0x3e, 0x5d, 0xff, 0x3d, 0x55, 0xff, 
  0x3d, 0x55, 0xff, 0xfb, 0x54, 0xff, 0x7a, 0x75, 0xff, 0xff, 0xdf, 0xff, 
  0xff, 0xf7, 0xff, 0xff, 0xff, 0xff, 0xff, 0xff, 0xff, 0xff, 0xff, 0xff, 
  0xff, 0xff, 0xff, 0xff, 0xff, 0xff, 0xb2, 0x94, 0xff, 0xe3, 0x18, 0xff, 
  0xc7, 0x39, 0xff, 0xc7, 0x39, 0xff, 0xc7, 0x39, 0xff, 0xe7, 0x39, 0xff, 
  0xe7, 0x39, 0xff, 0x08, 0x42, 0xff, 0x08, 0x42, 0xff, 0x08, 0x42, 0xff, 
  0x08, 0x42, 0xff, 0x08, 0x42, 0xff, 0x08, 0x42, 0xff, 0x08, 0x42, 0xff, 
  0x08, 0x42, 0xff, 0x08, 0x42, 0xff, 0x08, 0x42, 0xff, 0x08, 0x42, 0xff, 
  0x08, 0x42, 0xff, 0x08, 0x42, 0xff, 0x08, 0x42, 0xff, 0x08, 0x42, 0xff, 
  0x08, 0x42, 0xff, 0x08, 0x42, 0xff, 0x08, 0x42, 0xff, 0x08, 0x42, 0xff, 
  0x08, 0x42, 0xff, 0x08, 0x42, 0xff, 0x08, 0x42, 0xff, 0x65, 0x29, 0xff, 
  0xf3, 0x9c, 0x00, 0xff, 0xff, 0x00, 0xff, 0xff, 0x00, 0xff, 0xff, 0x00, 
  0xff, 0xff, 0x00, 0xff, 0xff, 0x00, 0xff, 0xff, 0x00, 0xff, 0xff, 0x00, 
  0xff, 0xff, 0x00, 0xff, 0xff, 0x00, 0xff, 0xff, 0x00, 0xff, 0xff, 0x00, 
  0xff, 0xff, 0x00, 0xff, 0xff, 0x00, 0xff, 0xff, 0x00, 0x14, 0xa5, 0x00, 
  0x86, 0x31, 0xff, 0x49, 0x4a, 0xff, 0x28, 0x42, 0xff, 0x28, 0x42, 0xff, 
  0x28, 0x42, 0xff, 0x28, 0x42, 0xff, 0x28, 0x42, 0xff, 0x28, 0x42, 0xff, 
  0x28, 0x42, 0xff, 0x28, 0x42, 0xff, 0x28, 0x42, 0xff, 0x28, 0x42, 0xff, 
  0x28, 0x42, 0xff, 0x28, 0x42, 0xff, 0x28, 0x42, 0xff, 0x28, 0x42, 0xff, 
  0x28, 0x42, 0xff, 0x28, 0x42, 0xff, 0x28, 0x42, 0xff, 0x28, 0x42, 0xff, 
  0x28, 0x42, 0xff, 0x28, 0x42, 0xff, 0x08, 0x42, 0xff, 0x08, 0x42, 0xff, 
  0xe8, 0x39, 0xff, 0xc7, 0x39, 0xff, 0xc7, 0x39, 0xff, 0xc6, 0x39, 0xff, 
  0x04, 0x21, 0xff, 0x92, 0x94, 0xff, 0xff, 0xff, 0xff, 0xff, 0xff, 0xff, 
  0xff, 0xff, 0xff, 0xff, 0xff, 0xff, 0xff, 0xff, 0xff, 0xff, 0xff, 0xff, 
  0xbf, 0xf7, 0xff, 0x7b, 0xb5, 0xff, 0x9c, 0x94, 0xff, 0x9e, 0x9c, 0xff, 
  0x9e, 0x9c, 0xff, 0x9e, 0x9c, 0xff, 0x9e, 0x9c, 0xff, 0x9e, 0x9c, 0xff, 
  0x9e, 0x9c, 0xff, 0x9e, 0x9c, 0xff, 0xbe, 0x9c, 0xff, 0xbe, 0x94, 0xff, 
  0xbe, 0x94, 0xff, 0xbe, 0x94, 0xff, 0xbe, 0x8c, 0xff, 0xbe, 0x8c, 0xff, 
  0xbe, 0x8c, 0xff, 0xbe, 0x84, 0xff, 0xbe, 0x84, 0xff, 0xbe, 0x84, 0xff, 
  0xde, 0x7c, 0xff, 0xfd, 0x74, 0xff, 0xde, 0x74, 0xff, 0xfd, 0x6c, 0xff, 
  0x1d, 0x65, 0xff, 0x1d, 0x5d, 0xff, 0x3d, 0x55, 0xff, 0x3e, 0x55, 0xff, 
  0x3d, 0x4d, 0xff, 0xfa, 0x54, 0xff, 0xba, 0x85, 0xff, 0xff, 0xe7, 0xff, 
  0xff, 0xff, 0xff, 0xff, 0xff, 0xff, 0xff, 0xff, 0xff, 0xff, 0xff, 0xff, 
  0xff, 0xff, 0xff, 0xff, 0xff, 0xff, 0x92, 0x94, 0xff, 0xe3, 0x18, 0xff, 
  0xc7, 0x39, 0xff, 0xc7, 0x39, 0xff, 0xc7, 0x39, 0xff, 0xe7, 0x39, 0xff, 
  0xe7, 0x39, 0xff, 0x08, 0x42, 0xff, 0x08, 0x42, 0xff, 0x08, 0x42, 0xff, 
  0x08, 0x42, 0xff, 0x08, 0x42, 0xff, 0x08, 0x42, 0xff, 0x08, 0x42, 0xff, 
  0x08, 0x42, 0xff, 0x08, 0x42, 0xff, 0x08, 0x42, 0xff, 0x08, 0x42, 0xff, 
  0x08, 0x42, 0xff, 0x08, 0x42, 0xff, 0x08, 0x42, 0xff, 0x08, 0x42, 0xff, 
  0x08, 0x42, 0xff, 0x08, 0x42, 0xff, 0x08, 0x42, 0xff, 0x08, 0x42, 0xff, 
  0x08, 0x42, 0xff, 0x08, 0x42, 0xff, 0x08, 0x42, 0xff, 0x45, 0x29, 0xff, 
  0xf3, 0x9c, 0x00, 0xff, 0xff, 0x00, 0xff, 0xff, 0x00, 0xff, 0xff, 0x00, 
  0xff, 0xff, 0x00, 0xff, 0xff, 0x00, 0xff, 0xff, 0x00, 0xff, 0xff, 0x00, 
  0xff, 0xff, 0x00, 0xff, 0xff, 0x00, 0xff, 0xff, 0x00, 0xff, 0xff, 0x00, 
  0xff, 0xff, 0x00, 0xff, 0xff, 0x00, 0xff, 0xff, 0x00, 0x14, 0xa5, 0x00, 
  0x86, 0x31, 0xff, 0x49, 0x4a, 0xff, 0x28, 0x42, 0xff, 0x28, 0x42, 0xff, 
  0x28, 0x42, 0xff, 0x28, 0x42, 0xff, 0x28, 0x42, 0xff, 0x28, 0x42, 0xff, 
  0x28, 0x42, 0xff, 0x28, 0x42, 0xff, 0x28, 0x42, 0xff, 0x28, 0x42, 0xff, 
  0x28, 0x42, 0xff, 0x28, 0x42, 0xff, 0x28, 0x42, 0xff, 0x28, 0x42, 0xff, 
  0x28, 0x42, 0xff, 0x28, 0x42, 0xff, 0x28, 0x42, 0xff, 0x28, 0x42, 0xff, 
  0x28, 0x42, 0xff, 0x28, 0x42, 0xff, 0x08, 0x42, 0xff, 0x08, 0x42, 0xff, 
  0xe8, 0x39, 0xff, 0xc7, 0x39, 0xff, 0xc7, 0x39, 0xff, 0xc6, 0x39, 0xff, 
  0x24, 0x21, 0xff, 0x30, 0x84, 0xff, 0xbe, 0xf7, 0xff, 0xff, 0xff, 0xff, 
  0xff, 0xff, 0xff, 0xff, 0xff, 0xff, 0xff, 0xff, 0xff, 0xff, 0xff, 0xff, 
  0xdf, 0xf7, 0xff, 0xfd, 0xbd, 0xff, 0xdd, 0x9c, 0xff, 0x9e, 0x94, 0xff, 
  0xbe, 0x9c, 0xff, 0xbd, 0x9c, 0xff, 0x9d, 0x9c, 0xff, 0x9d, 0x9c, 0xff, 
  0xbe, 0x9c, 0xff, 0xbe, 0x9c, 0xff, 0xbe, 0x94, 0xff, 0xbe, 0x94, 0xff, 
  0xbe, 0x94, 0xff, 0xde, 0x8c, 0xff, 0xde, 0x8c, 0xff, 0xde, 0x84, 0xff, 
  0xde, 0x84, 0xff, 0xdd, 0x84, 0xff, 0xde, 0x7c, 0xff, 0xde, 0x7c, 0xff, 
  0xfe, 0x74, 0xff, 0xfe, 0x74, 0xff, 0xfe, 0x74, 0xff, 0xfd, 0x6c, 0xff, 
  0x1d, 0x65, 0xff, 0x1d, 0x5d, 0xff, 0x3d, 0x55, 0xff, 0x3e, 0x55, 0xff, 
  0x3d, 0x4d, 0xff, 0x3b, 0x5d, 0xff, 0x3c, 0x96, 0xff, 0xff, 0xe7, 0xff, 
  0xff, 0xff, 0xff, 0xff, 0xff, 0xff, 0xff, 0xff, 0xff, 0xff, 0xff, 0xff, 
  0xff, 0xff, 0xff, 0xbe, 0xf7, 0xff, 0x10, 0x84, 0xff, 0x04, 0x21, 0xff, 
  0xc7, 0x39, 0xff, 0xc7, 0x39, 0xff, 0xa6, 0x31, 0xff, 0xe7, 0x39, 0xff, 
  0xe7, 0x39, 0xff, 0x08, 0x42, 0xff, 0x08, 0x42, 0xff, 0x08, 0x42, 0xff, 
  0x08, 0x42, 0xff, 0x08, 0x42, 0xff, 0x08, 0x42, 0xff, 0x08, 0x42, 0xff, 
  0x08, 0x42, 0xff, 0x08, 0x42, 0xff, 0x08, 0x42, 0xff, 0x08, 0x42, 0xff, 
  0x08, 0x42, 0xff, 0x08, 0x42, 0xff, 0x08, 0x42, 0xff, 0x08, 0x42, 0xff, 
  0x08, 0x42, 0xff, 0x08, 0x42, 0xff, 0x08, 0x42, 0xff, 0x08, 0x42, 0xff, 
  0x08, 0x42, 0xff, 0x08, 0x42, 0xff, 0x08, 0x42, 0xff, 0x45, 0x29, 0xff, 
  0x14, 0xa5, 0x00, 0xff, 0xff, 0x00, 0xff, 0xff, 0x00, 0xff, 0xff, 0x00, 
  0xff, 0xff, 0x00, 0xff, 0xff, 0x00, 0xff, 0xff, 0x00, 0xff, 0xff, 0x00, 
  0xff, 0xff, 0x00, 0xff, 0xff, 0x00, 0xff, 0xff, 0x00, 0xff, 0xff, 0x00, 
  0xff, 0xff, 0x00, 0xff, 0xff, 0x00, 0xff, 0xff, 0x00, 0x14, 0xa5, 0x00, 
  0x86, 0x31, 0xff, 0x49, 0x4a, 0xff, 0x28, 0x42, 0xff, 0x28, 0x42, 0xff, 
  0x28, 0x42, 0xff, 0x28, 0x42, 0xff, 0x28, 0x42, 0xff, 0x28, 0x42, 0xff, 
  0x28, 0x42, 0xff, 0x28, 0x42, 0xff, 0x28, 0x42, 0xff, 0x28, 0x42, 0xff, 
  0x28, 0x42, 0xff, 0x28, 0x42, 0xff, 0x28, 0x42, 0xff, 0x28, 0x42, 0xff, 
  0x28, 0x42, 0xff, 0x28, 0x42, 0xff, 0x28, 0x42, 0xff, 0x28, 0x42, 0xff, 
  0x28, 0x42, 0xff, 0x28, 0x42, 0xff, 0x08, 0x42, 0xff, 0x08, 0x42, 0xff, 
  0xe8, 0x41, 0xff, 0xc7, 0x39, 0xff, 0xc7, 0x39, 0xff, 0xe7, 0x39, 0xff, 
  0x25, 0x21, 0xff, 0x8e, 0x6b, 0xff, 0x3c, 0xe7, 0xff, 0xff, 0xff, 0xff, 
  0xff, 0xff, 0xff, 0xff, 0xff, 0xff, 0xdf, 0xff, 0xff, 0xff, 0xff, 0xff, 
  0xff, 0xff, 0xff, 0x7e, 0xce, 0xff, 0xfd, 0x9c, 0xff, 0xbe, 0x94, 0xff, 
  0xbe, 0x94, 0xff, 0xbd, 0x94, 0xff, 0xbd, 0x94, 0xff, 0xbd, 0x94, 0xff, 
  0xbd, 0x94, 0xff, 0xbe, 0x94, 0xff, 0xbe, 0x94, 0xff, 0xbe, 0x8c, 0xff, 
  0xde, 0x8c, 0xff, 0xde, 0x8c, 0xff, 0xde, 0x84, 0xff, 0xdd, 0x84, 0xff, 
  0xdd, 0x7c, 0xff, 0xdd, 0x7c, 0xff, 0xdd, 0x7c, 0xff, 0xfd, 0x74, 0xff, 
  0xfe, 0x74, 0xff, 0xfe, 0x6c, 0xff, 0xfe, 0x6c, 0xff, 0xfd, 0x64, 0xff, 
  0x1d, 0x5d, 0xff, 0x1d, 0x5d, 0xff, 0x3d, 0x55, 0xff, 0x3e, 0x4d, 0xff, 
  0x1d, 0x45, 0xff, 0x7d, 0x65, 0xff, 0xbe, 0xae, 0xff, 0xff, 0xef, 0xff, 
  0xff, 0xff, 0xff, 0xff, 0xff, 0xff, 0xff, 0xff, 0xff, 0xff, 0xff, 0xff, 
  0xff, 0xff, 0xff, 0x1c, 0xe7, 0xff, 0x6d, 0x6b, 0xff, 0x24, 0x21, 0xff, 
  0xc7, 0x39, 0xff, 0xc7, 0x39, 0xff, 0xc7, 0x39, 0xff, 0xc7, 0x39, 0xff, 
  0xe7, 0x39, 0xff, 0x08, 0x42, 0xff, 0x08, 0x42, 0xff, 0x08, 0x42, 0xff, 
  0x08, 0x42, 0xff, 0x08, 0x42, 0xff, 0x08, 0x42, 0xff, 0xe7, 0x39, 0xff, 
  0x08, 0x42, 0xff, 0x08, 0x42, 0xff, 0x08, 0x42, 0xff, 0x08, 0x42, 0xff, 
  0x08, 0x42, 0xff, 0x08, 0x42, 0xff, 0x08, 0x42, 0xff, 0x08, 0x42, 0xff, 
  0x08, 0x42, 0xff, 0x08, 0x42, 0xff, 0x08, 0x42, 0xff, 0x08, 0x42, 0xff, 
  0x08, 0x42, 0xff, 0x08, 0x42, 0xff, 0x08, 0x42, 0xff, 0x45, 0x29, 0xff, 
  0x14, 0xa5, 0x00, 0xff, 0xff, 0x00, 0xff, 0xff, 0x00, 0xff, 0xff, 0x00, 
  0xff, 0xff, 0x00, 0xff, 0xff, 0x00, 0xff, 0xff, 0x00, 0xff, 0xff, 0x00, 
  0xff, 0xff, 0x00, 0xff, 0xff, 0x00, 0xff, 0xff, 0x00, 0xff, 0xff, 0x00, 
  0xff, 0xff, 0x00, 0xff, 0xff, 0x00, 0xff, 0xff, 0x00, 0x14, 0xa5, 0x00, 
  0x86, 0x31, 0xff, 0x28, 0x42, 0xff, 0x28, 0x42, 0xff, 0x28, 0x42, 0xff, 
  0x28, 0x42, 0xff, 0x08, 0x42, 0xff, 0x28, 0x42, 0xff, 0x28, 0x42, 0xff, 
  0x28, 0x42, 0xff, 0x28, 0x42, 0xff, 0x28, 0x42, 0xff, 0x28, 0x42, 0xff, 
  0x28, 0x42, 0xff, 0x28, 0x42, 0xff, 0x28, 0x42, 0xff, 0x28, 0x42, 0xff, 
  0x28, 0x42, 0xff, 0x28, 0x42, 0xff, 0x08, 0x42, 0xff, 0x28, 0x42, 0xff, 
  0x28, 0x42, 0xff, 0x28, 0x42, 0xff, 0x08, 0x42, 0xff, 0x08, 0x42, 0xff, 
  0xc7, 0x39, 0xff, 0xe7, 0x39, 0xff, 0xc7, 0x39, 0xff, 0xc6, 0x31, 0xff, 
  0x66, 0x29, 0xff, 0x0c, 0x5b, 0xff, 0x38, 0xc6, 0xff, 0xff, 0xff, 0xff, 
  0xff, 0xff, 0xff, 0xff, 0xff, 0xff, 0xff, 0xff, 0xff, 0xff, 0xff, 0xff, 
  0xff, 0xff, 0xff, 0x5f, 0xe7, 0xff, 0x5d, 0xa5, 0xff, 0x5b, 0x84, 0xff, 
  0xbe, 0x8c, 0xff, 0xde, 0x8c, 0xff, 0xbe, 0x94, 0xff, 0xbe, 0x94, 0xff, 
  0xbe, 0x94, 0xff, 0xbe, 0x94, 0xff, 0xbe, 0x8c, 0xff, 0xbe, 0x8c, 0xff, 
  0xbe, 0x8c, 0xff, 0xde, 0x84, 0xff, 0xde, 0x84, 0xff, 0xde, 0x7c, 0xff, 
  0xfe, 0x7c, 0xff, 0xfd, 0x7c, 0xff, 0xfd, 0x74, 0xff, 0xfd, 0x74, 0xff, 
  0xfe, 0x6c, 0xff, 0x1e, 0x6d, 0xff, 0xfd, 0x64, 0xff, 0x1d, 0x65, 0xff, 
  0x1d, 0x5d, 0xff, 0x1d, 0x55, 0xff, 0x3d, 0x55, 0xff, 0x3d, 0x4d, 0xff, 
  0xdb, 0x3c, 0xff, 0xbd, 0x6d, 0xff, 0x9f, 0xd7, 0xff, 0xff, 0xf7, 0xff, 
  0xff, 0xff, 0xff, 0xff, 0xff, 0xff, 0xff, 0xff, 0xff, 0xff, 0xff, 0xff, 
  0xff, 0xff, 0xff, 0x18, 0xc6, 0xff, 0xcb, 0x5a, 0xff, 0x45, 0x29, 0xff, 
  0xa6, 0x31, 0xff, 0xa6, 0x31, 0xff, 0xc7, 0x39, 0xff, 0xc7, 0x39, 0xff, 
  0xe7, 0x39, 0xff, 0xe7, 0x39, 0xff, 0xe7, 0x39, 0xff, 0x08, 0x42, 0xff, 
  0x08, 0x42, 0xff, 0x08, 0x42, 0xff, 0x08, 0x42, 0xff, 0x08, 0x42, 0xff, 
  0x08, 0x42, 0xff, 0x08, 0x42, 0xff, 0x08, 0x42, 0xff, 0x08, 0x42, 0xff, 
  0x08, 0x42, 0xff, 0x08, 0x42, 0xff, 0x08, 0x42, 0xff, 0x08, 0x42, 0xff, 
  0x08, 0x42, 0xff, 0x08, 0x42, 0xff, 0x08, 0x42, 0xff, 0x08, 0x42, 0xff, 
  0xe7, 0x39, 0xff, 0x08, 0x42, 0xff, 0x08, 0x42, 0xff, 0x45, 0x29, 0xff, 
  0xf3, 0x9c, 0x00, 0xff, 0xff, 0x00, 0xff, 0xff, 0x00, 0xff, 0xff, 0x00, 
  0xff, 0xff, 0x00, 0xff, 0xff, 0x00, 0xff, 0xff, 0x00, 0xff, 0xff, 0x00, 
  0xff, 0xff, 0x00, 0xff, 0xff, 0x00, 0xff, 0xff, 0x00, 0xff, 0xff, 0x00, 
  0xff, 0xff, 0x00, 0xff, 0xff, 0x00, 0xff, 0xff, 0x00, 0x14, 0xa5, 0x00, 
  0x65, 0x29, 0xff, 0x28, 0x42, 0xff, 0x28, 0x42, 0xff, 0x08, 0x42, 0xff, 
  0x28, 0x42, 0xff, 0x08, 0x42, 0xff, 0x28, 0x42, 0xff, 0x28, 0x42, 0xff, 
  0x28, 0x42, 0xff, 0x28, 0x42, 0xff, 0x28, 0x42, 0xff, 0x28, 0x42, 0xff, 
  0x28, 0x42, 0xff, 0x28, 0x42, 0xff, 0x28, 0x42, 0xff, 0x28, 0x42, 0xff, 
  0x08, 0x42, 0xff, 0x08, 0x42, 0xff, 0x08, 0x42, 0xff, 0x08, 0x42, 0xff, 
  0x08, 0x42, 0xff, 0x08, 0x42, 0xff, 0x08, 0x42, 0xff, 0x08, 0x42, 0xff, 
  0xe7, 0x41, 0xff, 0xe7, 0x39, 0xff, 0xc7, 0x39, 0xff, 0xc6, 0x39, 0xff, 
  0x86, 0x31, 0xff, 0x29, 0x42, 0xff, 0x34, 0xa5, 0xff, 0xff, 0xff, 0xff, 
  0xff, 0xff, 0xff, 0xdf, 0xff, 0xff, 0xff, 0xff, 0xff, 0xff, 0xff, 0xff, 
  0xff, 0xff, 0xff, 0xdf, 0xf7, 0xff, 0xbd, 0xb5, 0xff, 0xbc, 0x8c, 0xff, 
  0xfe, 0x94, 0xff, 0xbe, 0x84, 0xff, 0xbe, 0x8c, 0xff, 0xbe, 0x8c, 0xff, 
  0x9d, 0x84, 0xff, 0xbd, 0x8c, 0xff, 0xde, 0x8c, 0xff, 0xbd, 0x84, 0xff, 
  0xde, 0x84, 0xff, 0xde, 0x84, 0xff, 0xde, 0x7c, 0xff, 0xde, 0x7c, 0xff, 
  0xde, 0x74, 0xff, 0xfd, 0x74, 0xff, 0xfd, 0x74, 0xff, 0xfd, 0x6c, 0xff, 
  0x1e, 0x6d, 0xff, 0xfe, 0x64, 0xff, 0xfd, 0x64, 0xff, 0x1d, 0x5d, 0xff, 
  0x3d, 0x5d, 0xff, 0x3d, 0x55, 0xff, 0xfc, 0x4c, 0xff, 0x5e, 0x55, 0xff, 
  0x1b, 0x4d, 0xff, 0x1d, 0x7e, 0xff, 0xff, 0xe7, 0xff, 0xff, 0xff, 0xff, 
  0xff, 0xff, 0xff, 0xff, 0xff, 0xff, 0xde, 0xff, 0xff, 0xff, 0xff, 0xff, 
  0xff, 0xff, 0xff, 0x14, 0xa5, 0xff, 0x08, 0x42, 0xff, 0x86, 0x31, 0xff, 
  0xa6, 0x31, 0xff, 0xa6, 0x31, 0xff, 0xc7, 0x39, 0xff, 0xe7, 0x39, 0xff, 
  0xe7, 0x39, 0xff, 0xe7, 0x39, 0xff, 0x08, 0x42, 0xff, 0x08, 0x42, 0xff, 
  0x08, 0x42, 0xff, 0x08, 0x42, 0xff, 0x08, 0x42, 0xff, 0x08, 0x42, 0xff, 
  0x08, 0x42, 0xff, 0x08, 0x42, 0xff, 0x08, 0x42, 0xff, 0x08, 0x42, 0xff, 
  0x08, 0x42, 0xff, 0x08, 0x42, 0xff, 0x08, 0x42, 0xff, 0x08, 0x42, 0xff, 
  0xe7, 0x39, 0xff, 0xe7, 0x39, 0xff, 0xe7, 0x39, 0xff, 0xe7, 0x39, 0xff, 
  0xe7, 0x39, 0xff, 0xe7, 0x39, 0xff, 0x08, 0x42, 0xff, 0x45, 0x29, 0xff, 
  0xf3, 0x9c, 0x00, 0xff, 0xff, 0x00, 0xff, 0xff, 0x00, 0xff, 0xff, 0x00, 
  0xff, 0xff, 0x00, 0xff, 0xff, 0x00, 0xff, 0xff, 0x00, 0xff, 0xff, 0x00, 
  0xff, 0xff, 0x00, 0xff, 0xff, 0x00, 0xff, 0xff, 0x00, 0xff, 0xff, 0x00, 
  0xff, 0xff, 0x00, 0xff, 0xff, 0x00, 0xff, 0xff, 0x00, 0x14, 0xa5, 0x00, 
  0x65, 0x29, 0xff, 0x28, 0x42, 0xff, 0x28, 0x42, 0xff, 0x08, 0x42, 0xff, 
  0x28, 0x42, 0xff, 0x08, 0x42, 0xff, 0x28, 0x42, 0xff, 0x28, 0x42, 0xff, 
  0x08, 0x42, 0xff, 0x08, 0x42, 0xff, 0x08, 0x42, 0xff, 0x08, 0x42, 0xff, 
  0x08, 0x42, 0xff, 0x08, 0x42, 0xff, 0x08, 0x42, 0xff, 0x08, 0x42, 0xff, 
  0x08, 0x42, 0xff, 0x08, 0x42, 0xff, 0x08, 0x42, 0xff, 0x08, 0x42, 0xff, 
  0x08, 0x42, 0xff, 0x08, 0x42, 0xff, 0x08, 0x42, 0xff, 0x08, 0x42, 0xff, 
  0xe8, 0x41, 0xff, 0xc7, 0x39, 0xff, 0xc7, 0x39, 0xff, 0xc7, 0x39, 0xff, 
  0xc7, 0x31, 0xff, 0x45, 0x29, 0xff, 0xcf, 0x7b, 0xff, 0xff, 0xff, 0xff, 
  0xff, 0xff, 0xff, 0xff, 0xff, 0xff, 0xff, 0xff, 0xff, 0xff, 0xff, 0xff, 
  0xff, 0xff, 0xff, 0xff, 0xff, 0xff, 0xdf, 0xd6, 0xff, 0x3c, 0x9d, 0xff, 
  0x9c, 0x84, 0xff, 0xdf, 0x84, 0xff, 0xde, 0x84, 0xff, 0xde, 0x84, 0xff, 
  0xff, 0x84, 0xff, 0xde, 0x84, 0xff, 0xde, 0x84, 0xff, 0xbd, 0x7c, 0xff, 
  0xdd, 0x7c, 0xff, 0xde, 0x7c, 0xff, 0xde, 0x7c, 0xff, 0xde, 0x74, 0xff, 
  0xfe, 0x74, 0xff, 0xfe, 0x74, 0xff, 0xfd, 0x6c, 0xff, 0x1d, 0x6d, 0xff, 
  0xfd, 0x64, 0xff, 0x1e, 0x65, 0xff, 0x3d, 0x5d, 0xff, 0x3d, 0x55, 0xff, 
  0x3d, 0x4d, 0xff, 0x5d, 0x4d, 0xff, 0x5d, 0x4d, 0xff, 0x1b, 0x45, 0xff, 
  0x9c, 0x65, 0xff, 0x3f, 0xb7, 0xff, 0xff, 0xf7, 0xff, 0xff, 0xff, 0xff, 
  0xff, 0xff, 0xff, 0xff, 0xff, 0xff, 0xff, 0xff, 0xff, 0xff, 0xff, 0xff, 
  0xff, 0xff, 0xff, 0xcf, 0x7b, 0xff, 0x45, 0x29, 0xff, 0xa6, 0x31, 0xff, 
  0xa6, 0x31, 0xff, 0xc7, 0x39, 0xff, 0xa6, 0x31, 0xff, 0xe7, 0x39, 0xff, 
  0xe7, 0x39, 0xff, 0xe7, 0x39, 0xff, 0x08, 0x42, 0xff, 0x08, 0x42, 0xff, 
  0x08, 0x42, 0xff, 0x08, 0x42, 0xff, 0x08, 0x42, 0xff, 0xe7, 0x39, 0xff, 
  0xe7, 0x39, 0xff, 0xe7, 0x39, 0xff, 0xe7, 0x39, 0xff, 0xe7, 0x39, 0xff, 
  0xe7, 0x39, 0xff, 0xe7, 0x39, 0xff, 0xe7, 0x39, 0xff, 0xe7, 0x39, 0xff, 
  0xe7, 0x39, 0xff, 0xe7, 0x39, 0xff, 0xe7, 0x39, 0xff, 0xe7, 0x39, 0xff, 
  0xe7, 0x39, 0xff, 0xe7, 0x39, 0xff, 0x08, 0x42, 0xff, 0x45, 0x29, 0xff, 
  0xf3, 0x9c, 0x00, 0xff, 0xff, 0x00, 0xff, 0xff, 0x00, 0xff, 0xff, 0x00, 
  0xff, 0xff, 0x00, 0xff, 0xff, 0x00, 0xff, 0xff, 0x00, 0xff, 0xff, 0x00, 
  0xff, 0xff, 0x00, 0xff, 0xff, 0x00, 0xff, 0xff, 0x00, 0xff, 0xff, 0x00, 
  0xff, 0xff, 0x00, 0xff, 0xff, 0x00, 0xff, 0xff, 0x00, 0x14, 0xa5, 0x00, 
  0x65, 0x29, 0xff, 0x28, 0x42, 0xff, 0x28, 0x42, 0xff, 0x08, 0x42, 0xff, 
  0x08, 0x42, 0xff, 0x08, 0x42, 0xff, 0x08, 0x42, 0xff, 0x08, 0x42, 0xff, 
  0x08, 0x42, 0xff, 0x08, 0x42, 0xff, 0x08, 0x42, 0xff, 0x08, 0x42, 0xff, 
  0x08, 0x42, 0xff, 0x08, 0x42, 0xff, 0x08, 0x42, 0xff, 0x08, 0x42, 0xff, 
  0x08, 0x42, 0xff, 0x08, 0x42, 0xff, 0x08, 0x42, 0xff, 0x08, 0x42, 0xff, 
  0x08, 0x42, 0xff, 0x08, 0x42, 0xff, 0x08, 0x42, 0xff, 0x08, 0x42, 0xff, 
  0xe7, 0x41, 0xff, 0xc7, 0x39, 0xff, 0xe7, 0x39, 0xff, 0xc7, 0x39, 0xff, 
  0xc7, 0x39, 0xff, 0x04, 0x21, 0xff, 0xcb, 0x5a, 0xff, 0x3c, 0xe7, 0xff, 
  0xff, 0xff, 0xff, 0xff, 0xff, 0xff, 0xff, 0xff, 0xff, 0xff, 0xff, 0xff, 
  0xff, 0xff, 0xff, 0xff, 0xff, 0xff, 0xdf, 0xf7, 0xff, 0x1e, 0xbe, 0xff, 
  0x9b, 0x84, 0xff, 0xde, 0x84, 0xff, 0xde, 0x84, 0xff, 0xde, 0x7c, 0xff, 
  0xde, 0x7c, 0xff, 0xde, 0x7c, 0xff, 0xdd, 0x7c, 0xff, 0xdd, 0x7c, 0xff, 
  0xdd, 0x7c, 0xff, 0xdd, 0x7c, 0xff, 0xde, 0x74, 0xff, 0xde, 0x74, 0xff, 
  0xfe, 0x74, 0xff, 0xfe, 0x6c, 0xff, 0x1d, 0x6d, 0xff, 0x1d, 0x65, 0xff, 
  0x1d, 0x5d, 0xff, 0x3e, 0x5d, 0xff, 0x3d, 0x55, 0xff, 0x3c, 0x4d, 0xff, 
  0x3d, 0x45, 0xff, 0x5d, 0x45, 0xff, 0x7d, 0x4d, 0xff, 0xf9, 0x4c, 0xff, 
  0x7d, 0x96, 0xff, 0xff, 0xe7, 0xff, 0xff, 0xf7, 0xff, 0xff, 0xff, 0xff, 
  0xff, 0xff, 0xff, 0xff, 0xff, 0xff, 0xff, 0xff, 0xff, 0xff, 0xff, 0xff, 
  0x1c, 0xe7, 0xff, 0xcb, 0x5a, 0xff, 0x04, 0x21, 0xff, 0xc7, 0x39, 0xff, 
  0xa6, 0x31, 0xff, 0xc7, 0x39, 0xff, 0xc7, 0x39, 0xff, 0xe7, 0x39, 0xff, 
  0xe7, 0x39, 0xff, 0xe7, 0x39, 0xff, 0xe7, 0x39, 0xff, 0xe7, 0x39, 0xff, 
  0xe7, 0x39, 0xff, 0xe7, 0x39, 0xff, 0xe7, 0x39, 0xff, 0xe7, 0x39, 0xff, 
  0xe7, 0x39, 0xff, 0xe7, 0x39, 0xff, 0xe7, 0x39, 0xff, 0xe7, 0x39, 0xff, 
  0xe7, 0x39, 0xff, 0xe7, 0x39, 0xff, 0xe7, 0x39, 0xff, 0xe7, 0x39, 0xff, 
  0xe7, 0x39, 0xff, 0xe7, 0x39, 0xff, 0xe7, 0x39, 0xff, 0xe7, 0x39, 0xff, 
  0xe7, 0x39, 0xff, 0xe7, 0x39, 0xff, 0x08, 0x42, 0xff, 0x45, 0x29, 0xff, 
  0xf3, 0x9c, 0x00, 0xff, 0xff, 0x00, 0xff, 0xff, 0x00, 0xff, 0xff, 0x00, 
  0xff, 0xff, 0x00, 0xff, 0xff, 0x00, 0xff, 0xff, 0x00, 0xff, 0xff, 0x00, 
  0xff, 0xff, 0x00, 0xff, 0xff, 0x00, 0xff, 0xff, 0x00, 0xff, 0xff, 0x00, 
  0xff, 0xff, 0x00, 0xff, 0xff, 0x00, 0xff, 0xff, 0x00, 0x14, 0xa5, 0x00, 
  0x65, 0x29, 0xff, 0x28, 0x42, 0xff, 0x08, 0x42, 0xff, 0x08, 0x42, 0xff, 
  0x08, 0x42, 0xff, 0x08, 0x42, 0xff, 0x08, 0x42, 0xff, 0x08, 0x42, 0xff, 
  0x08, 0x42, 0xff, 0x08, 0x42, 0xff, 0x08, 0x42, 0xff, 0x08, 0x42, 0xff, 
  0x08, 0x42, 0xff, 0x08, 0x42, 0xff, 0x08, 0x42, 0xff, 0x08, 0x42, 0xff, 
  0x08, 0x42, 0xff, 0x08, 0x42, 0xff, 0x08, 0x42, 0xff, 0x08, 0x42, 0xff, 
  0x08, 0x42, 0xff, 0x08, 0x42, 0xff, 0x08, 0x42, 0xff, 0x08, 0x42, 0xff, 
  0xe7, 0x39, 0xff, 0xe7, 0x39, 0xff, 0xe7, 0x39, 0xff, 0xc7, 0x39, 0xff, 
  0xc7, 0x39, 0xff, 0x45, 0x29, 0xff, 0x08, 0x42, 0xff, 0x14, 0xa5, 0xff, 
  0xdf, 0xff, 0xff, 0xff, 0xff, 0xff, 0xff, 0xff, 0xff, 0xff, 0xff, 0xff, 
  0xff, 0xff, 0xff, 0xff, 0xff, 0xff, 0xff, 0xff, 0xff, 0x5f, 0xe7, 0xff, 
  0xbd, 0xa5, 0xff, 0xbb, 0x7c, 0xff, 0xdd, 0x84, 0xff, 0xfe, 0x7c, 0xff, 
  0xde, 0x74, 0xff, 0xfe, 0x74, 0xff, 0xdd, 0x74, 0xff, 0xfd, 0x74, 0xff, 
  0xfd, 0x74, 0xff, 0xfd, 0x74, 0xff, 0xfe, 0x6c, 0xff, 0xfe, 0x6c, 0xff, 
  0xfe, 0x6c, 0xff, 0xfe, 0x64, 0xff, 0x1d, 0x65, 0xff, 0x1d, 0x5d, 0xff, 
  0x1d, 0x5d, 0xff, 0x1d, 0x55, 0xff, 0x3d, 0x55, 0xff, 0x5d, 0x4d, 0xff, 
  0x7e, 0x4d, 0xff, 0x3c, 0x45, 0xff, 0x1a, 0x45, 0xff, 0x1c, 0x7e, 0xff, 
  0x9f, 0xcf, 0xff, 0xff, 0xf7, 0xff, 0xff, 0xff, 0xff, 0xff, 0xff, 0xff, 
  0xff, 0xff, 0xff, 0xff, 0xff, 0xff, 0xff, 0xff, 0xff, 0xff, 0xff, 0xff, 
  0x14, 0x9d, 0xff, 0x08, 0x42, 0xff, 0x45, 0x29, 0xff, 0xc7, 0x39, 0xff, 
  0xa6, 0x31, 0xff, 0xc7, 0x39, 0xff, 0xc7, 0x39, 0xff, 0xe7, 0x39, 0xff, 
  0xe7, 0x39, 0xff, 0xe7, 0x39, 0xff, 0xe7, 0x39, 0xff, 0xe7, 0x39, 0xff, 
  0xe7, 0x39, 0xff, 0xe7, 0x39, 0xff, 0xe7, 0x39, 0xff, 0xe7, 0x39, 0xff, 
  0xe7, 0x39, 0xff, 0xe7, 0x39, 0xff, 0xe7, 0x39, 0xff, 0xe7, 0x39, 0xff, 
  0xe7, 0x39, 0xff, 0xe7, 0x39, 0xff, 0xe7, 0x39, 0xff, 0xe7, 0x39, 0xff, 
  0xe7, 0x39, 0xff, 0xe7, 0x39, 0xff, 0xe7, 0x39, 0xff, 0xe7, 0x39, 0xff, 
  0xe7, 0x39, 0xff, 0xe7, 0x39, 0xff, 0x08, 0x42, 0xff, 0x45, 0x29, 0xff, 
  0xf3, 0x9c, 0x00, 0xff, 0xff, 0x00, 0xff, 0xff, 0x00, 0xff, 0xff, 0x00, 
  0xff, 0xff, 0x00, 0xff, 0xff, 0x00, 0xff, 0xff, 0x00, 0xff, 0xff, 0x00, 
  0xff, 0xff, 0x00, 0xff, 0xff, 0x00, 0xff, 0xff, 0x00, 0xff, 0xff, 0x00, 
  0xff, 0xff, 0x00, 0xff, 0xff, 0x00, 0xff, 0xff, 0x00, 0x14, 0xa5, 0x00, 
  0x65, 0x29, 0xff, 0x28, 0x42, 0xff, 0x08, 0x42, 0xff, 0x08, 0x42, 0xff, 
  0x08, 0x42, 0xff, 0x08, 0x42, 0xff, 0x28, 0x42, 0xff, 0x08, 0x42, 0xff, 
  0x08, 0x42, 0xff, 0x08, 0x42, 0xff, 0x08, 0x42, 0xff, 0x08, 0x42, 0xff, 
  0x08, 0x42, 0xff, 0x08, 0x42, 0xff, 0x08, 0x42, 0xff, 0x08, 0x42, 0xff, 
  0x08, 0x42, 0xff, 0x08, 0x42, 0xff, 0x08, 0x42, 0xff, 0x08, 0x42, 0xff, 
  0x08, 0x42, 0xff, 0x08, 0x42, 0xff, 0x08, 0x42, 0xff, 0x08, 0x42, 0xff, 
  0x07, 0x42, 0xff, 0xe7, 0x39, 0xff, 0xc7, 0x39, 0xff, 0xc7, 0x39, 0xff, 
  0xc7, 0x39, 0xff, 0x87, 0x31, 0xff, 0x66, 0x31, 0xff, 0xcb, 0x5a, 0xff, 
  0x7d, 0xef, 0xff, 0xff, 0xff, 0xff, 0xdf, 0xff, 0xff, 0xff, 0xff, 0xff, 
  0xff, 0xff, 0xff, 0xff, 0xff, 0xff, 0xdf, 0xff, 0xff, 0xff, 0xff, 0xff, 
  0x3f, 0xdf, 0xff, 0x9c, 0x9d, 0xff, 0x9a, 0x7c, 0xff, 0xdc, 0x7c, 0xff, 
  0xfe, 0x74, 0xff, 0xfe, 0x74, 0xff, 0xfe, 0x6c, 0xff, 0xfd, 0x6c, 0xff, 
  0x1d, 0x6d, 0xff, 0xfd, 0x6c, 0xff, 0xfe, 0x6c, 0xff, 0xfe, 0x64, 0xff, 
  0x1e, 0x65, 0xff, 0x1e, 0x5d, 0xff, 0x1d, 0x5d, 0xff, 0x3d, 0x55, 0xff, 
  0x3d, 0x55, 0xff, 0x1d, 0x4d, 0xff, 0x5d, 0x4d, 0xff, 0x5d, 0x4d, 0xff, 
  0x3c, 0x45, 0xff, 0xfa, 0x44, 0xff, 0xdb, 0x6d, 0xff, 0x7f, 0xbf, 0xff, 
  0xff, 0xf7, 0xff, 0xff, 0xff, 0xff, 0xff, 0xff, 0xff, 0xff, 0xff, 0xff, 
  0xff, 0xff, 0xff, 0xdf, 0xff, 0xff, 0xff, 0xff, 0xff, 0x9d, 0xef, 0xff, 
  0xca, 0x52, 0xff, 0x65, 0x29, 0xff, 0x86, 0x31, 0xff, 0xa6, 0x31, 0xff, 
  0xa6, 0x31, 0xff, 0xc7, 0x39, 0xff, 0xc7, 0x39, 0xff, 0xe7, 0x39, 0xff, 
  0xe7, 0x39, 0xff, 0xe7, 0x39, 0xff, 0xe7, 0x39, 0xff, 0xe7, 0x39, 0xff, 
  0xe7, 0x39, 0xff, 0xe7, 0x39, 0xff, 0xe7, 0x39, 0xff, 0xe7, 0x39, 0xff, 
  0xe7, 0x39, 0xff, 0xe7, 0x39, 0xff, 0xe7, 0x39, 0xff, 0xe7, 0x39, 0xff, 
  0xe7, 0x39, 0xff, 0xe7, 0x39, 0xff, 0xe7, 0x39, 0xff, 0xe7, 0x39, 0xff, 
  0xe7, 0x39, 0xff, 0xe7, 0x39, 0xff, 0xe7, 0x39, 0xff, 0xe7, 0x39, 0xff, 
  0xe7, 0x39, 0xff, 0xe7, 0x39, 0xff, 0x08, 0x42, 0xff, 0x45, 0x29, 0xff, 
  0xf3, 0x9c, 0x00, 0xff, 0xff, 0x00, 0xff, 0xff, 0x00, 0xff, 0xff, 0x00, 
  0xff, 0xff, 0x00, 0xff, 0xff, 0x00, 0xff, 0xff, 0x00, 0xff, 0xff, 0x00, 
  0xff, 0xff, 0x00, 0xff, 0xff, 0x00, 0xff, 0xff, 0x00, 0xff, 0xff, 0x00, 
  0xff, 0xff, 0x00, 0xff, 0xff, 0x00, 0xff, 0xff, 0x00, 0x14, 0xa5, 0x00, 
  0x65, 0x29, 0xff, 0x28, 0x42, 0xff, 0x28, 0x42, 0xff, 0x08, 0x42, 0xff, 
  0x08, 0x42, 0xff, 0x08, 0x42, 0xff, 0x28, 0x42, 0xff, 0x08, 0x42, 0xff, 
  0x08, 0x42, 0xff, 0x08, 0x42, 0xff, 0x08, 0x42, 0xff, 0x08, 0x42, 0xff, 
  0x08, 0x42, 0xff, 0x08, 0x42, 0xff, 0x08, 0x42, 0xff, 0x08, 0x42, 0xff, 
  0x08, 0x42, 0xff, 0x08, 0x42, 0xff, 0x08, 0x42, 0xff, 0x08, 0x42, 0xff, 
  0x08, 0x42, 0xff, 0x08, 0x42, 0xff, 0x08, 0x42, 0xff, 0x08, 0x42, 0xff, 
  0x07, 0x3a, 0xff, 0xe7, 0x39, 0xff, 0xc7, 0x39, 0xff, 0xc7, 0x39, 0xff, 
  0xa7, 0x31, 0xff, 0xa7, 0x39, 0xff, 0x45, 0x29, 0xff, 0xa6, 0x31, 0xff, 
  0x95, 0xb5, 0xff, 0xdf, 0xff, 0xff, 0xff, 0xff, 0xff, 0xff, 0xff, 0xff, 
  0xff, 0xff, 0xff, 0xff, 0xff, 0xff, 0xff, 0xff, 0xff, 0xff, 0xff, 0xff, 
  0xff, 0xf7, 0xff, 0x1f, 0xcf, 0xff, 0x7b, 0x95, 0xff, 0xdb, 0x7c, 0xff, 
  0xdd, 0x74, 0xff, 0xdd, 0x6c, 0xff, 0xfd, 0x6c, 0xff, 0x1d, 0x6d, 0xff, 
  0x1d, 0x65, 0xff, 0x1d, 0x65, 0xff, 0x1e, 0x65, 0xff, 0x1e, 0x65, 0xff, 
  0x1e, 0x5d, 0xff, 0x3e, 0x5d, 0xff, 0x3d, 0x55, 0xff, 0x3d, 0x55, 0xff, 
  0x5d, 0x55, 0xff, 0x5d, 0x4d, 0xff, 0x3d, 0x45, 0xff, 0x1c, 0x45, 0xff, 
  0x1b, 0x45, 0xff, 0xdc, 0x6d, 0xff, 0x3f, 0xbf, 0xff, 0xff, 0xf7, 0xff, 
  0xff, 0xff, 0xff, 0xff, 0xff, 0xff, 0xff, 0xff, 0xff, 0xff, 0xff, 0xff, 
  0xff, 0xff, 0xff, 0xff, 0xff, 0xff, 0xff, 0xff, 0xff, 0x75, 0xad, 0xff, 
  0xa6, 0x31, 0xff, 0x45, 0x29, 0xff, 0xa6, 0x31, 0xff, 0xa6, 0x31, 0xff, 
  0xa6, 0x31, 0xff, 0xc7, 0x39, 0xff, 0xc7, 0x39, 0xff, 0xe7, 0x39, 0xff, 
  0xe7, 0x39, 0xff, 0xe7, 0x39, 0xff, 0xe7, 0x39, 0xff, 0xe7, 0x39, 0xff, 
  0xe7, 0x39, 0xff, 0xe7, 0x39, 0xff, 0xe7, 0x39, 0xff, 0xe7, 0x39, 0xff, 
  0xe7, 0x39, 0xff, 0xe7, 0x39, 0xff, 0xe7, 0x39, 0xff, 0xe7, 0x39, 0xff, 
  0xe7, 0x39, 0xff, 0xe7, 0x39, 0xff, 0xe7, 0x39, 0xff, 0xe7, 0x39, 0xff, 
  0xe7, 0x39, 0xff, 0xe7, 0x39, 0xff, 0xe7, 0x39, 0xff, 0xe7, 0x39, 0xff, 
  0xe7, 0x39, 0xff, 0xe7, 0x39, 0xff, 0x08, 0x42, 0xff, 0x45, 0x29, 0xff, 
  0xf3, 0x9c, 0x00, 0xff, 0xff, 0x00, 0xff, 0xff, 0x00, 0xff, 0xff, 0x00, 
  0xff, 0xff, 0x00, 0xff, 0xff, 0x00, 0xff, 0xff, 0x00, 0xff, 0xff, 0x00, 
  0xff, 0xff, 0x00, 0xff, 0xff, 0x00, 0xff, 0xff, 0x00, 0xff, 0xff, 0x00, 
  0xff, 0xff, 0x00, 0xff, 0xff, 0x00, 0xff, 0xff, 0x00, 0x14, 0xa5, 0x00, 
  0x65, 0x29, 0xff, 0x28, 0x42, 0xff, 0x08, 0x42, 0xff, 0x08, 0x42, 0xff, 
  0x08, 0x42, 0xff, 0x08, 0x42, 0xff, 0x08, 0x42, 0xff, 0x08, 0x42, 0xff, 
  0x08, 0x42, 0xff, 0x08, 0x42, 0xff, 0x08, 0x42, 0xff, 0x08, 0x42, 0xff, 
  0x08, 0x42, 0xff, 0x08, 0x42, 0xff, 0x08, 0x42, 0xff, 0x08, 0x42, 0xff, 
  0x08, 0x42, 0xff, 0x08, 0x42, 0xff, 0x08, 0x42, 0xff, 0x08, 0x42, 0xff, 
  0x08, 0x42, 0xff, 0x08, 0x42, 0xff, 0x08, 0x42, 0xff, 0x08, 0x42, 0xff, 
  0x07, 0x3a, 0xff, 0xe7, 0x39, 0xff, 0xe7, 0x39, 0xff, 0xc7, 0x39, 0xff, 
  0xa7, 0x31, 0xff, 0xa7, 0x39, 0xff, 0x86, 0x31, 0xff, 0x86, 0x31, 0xff, 
  0x8a, 0x52, 0xff, 0xda, 0xde, 0xff, 0xff, 0xff, 0xff, 0xbe, 0xf7, 0xff, 
  0xff, 0xff, 0xff, 0xff, 0xff, 0xff, 0xff, 0xff, 0xff, 0xff, 0xff, 0xff, 
  0xff, 0xff, 0xff, 0xff, 0xf7, 0xff, 0x9f, 0xdf, 0xff, 0xbc, 0x9d, 0xff, 
  0xdb, 0x74, 0xff, 0x1d, 0x75, 0xff, 0xdc, 0x64, 0xff, 0xfc, 0x64, 0xff, 
  0x1d, 0x65, 0xff, 0x1d, 0x65, 0xff, 0x1d, 0x5d, 0xff, 0x1e, 0x5d, 0xff, 
  0x1e, 0x55, 0xff, 0x3d, 0x55, 0xff, 0x3d, 0x4d, 0xff, 0x3c, 0x4d, 0xff, 
  0x3c, 0x4d, 0xff, 0x3c, 0x4d, 0xff, 0x5c, 0x4d, 0xff, 0x1b, 0x55, 0xff, 
  0x1d, 0x76, 0xff, 0xbf, 0xc7, 0xff, 0xff, 0xf7, 0xff, 0xff, 0xff, 0xff, 
  0xff, 0xff, 0xff, 0xff, 0xff, 0xff, 0xff, 0xff, 0xff, 0xff, 0xff, 0xff, 
  0x9e, 0xff, 0xff, 0xff, 0xff, 0xff, 0xda, 0xde, 0xff, 0x69, 0x4a, 0xff, 
  0x86, 0x31, 0xff, 0x86, 0x31, 0xff, 0xa6, 0x31, 0xff, 0xa6, 0x31, 0xff, 
  0xc7, 0x39, 0xff, 0xc7, 0x39, 0xff, 0xc7, 0x39, 0xff, 0xe7, 0x39, 0xff, 
  0xe7, 0x39, 0xff, 0xe7, 0x39, 0xff, 0xe7, 0x39, 0xff, 0xe7, 0x39, 0xff, 
  0xe7, 0x39, 0xff, 0xe7, 0x39, 0xff, 0xe7, 0x39, 0xff, 0xe7, 0x39, 0xff, 
  0xe7, 0x39, 0xff, 0xe7, 0x39, 0xff, 0xe7, 0x39, 0xff, 0xe7, 0x39, 0xff, 
  0xe7, 0x39, 0xff, 0xe7, 0x39, 0xff, 0xe7, 0x39, 0xff, 0xe7, 0x39, 0xff, 
  0xe7, 0x39, 0xff, 0xe7, 0x39, 0xff, 0xe7, 0x39, 0xff, 0xe7, 0x39, 0xff, 
  0xe7, 0x39, 0xff, 0xe7, 0x39, 0xff, 0xe7, 0x39, 0xff, 0x24, 0x21, 0xff, 
  0xf3, 0x9c, 0x00, 0xff, 0xff, 0x00, 0xff, 0xff, 0x00, 0xff, 0xff, 0x00, 
  0xff, 0xff, 0x00, 0xff, 0xff, 0x00, 0xff, 0xff, 0x00, 0xff, 0xff, 0x00, 
  0xff, 0xff, 0x00, 0xff, 0xff, 0x00, 0xff, 0xff, 0x00, 0xff, 0xff, 0x00, 
  0xff, 0xff, 0x00, 0xdf, 0xff, 0x00, 0xff, 0xff, 0x00, 0x14, 0xa5, 0x00, 
  0x65, 0x29, 0xff, 0x28, 0x42, 0xff, 0x08, 0x42, 0xff, 0x08, 0x42, 0xff, 
  0x08, 0x42, 0xff, 0x08, 0x42, 0xff, 0x08, 0x42, 0xff, 0x07, 0x42, 0xff, 
  0x08, 0x42, 0xff, 0x08, 0x42, 0xff, 0x08, 0x42, 0xff, 0x08, 0x42, 0xff, 
  0x08, 0x42, 0xff, 0x08, 0x42, 0xff, 0x08, 0x42, 0xff, 0x08, 0x42, 0xff, 
  0x08, 0x42, 0xff, 0x08, 0x42, 0xff, 0x08, 0x42, 0xff, 0x08, 0x42, 0xff, 
  0x08, 0x42, 0xff, 0x08, 0x42, 0xff, 0x08, 0x42, 0xff, 0x08, 0x42, 0xff, 
  0x08, 0x42, 0xff, 0xe7, 0x39, 0xff, 0xe7, 0x39, 0xff, 0xc7, 0x39, 0xff, 
  0xc7, 0x39, 0xff, 0xc7, 0x39, 0xff, 0xa6, 0x31, 0xff, 0x86, 0x31, 0xff, 
  0x65, 0x29, 0xff, 0x71, 0x8c, 0xff, 0x5d, 0xef, 0xff, 0xff, 0xff, 0xff, 
  0xff, 0xff, 0xff, 0xff, 0xff, 0xff, 0xff, 0xff, 0xff, 0xff, 0xff, 0xff, 
  0xff, 0xff, 0xff, 0xff, 0xff, 0xff, 0xff, 0xf7, 0xff, 0xdf, 0xe7, 0xff, 
  0x1f, 0xc7, 0xff, 0x7b, 0x8d, 0xff, 0xda, 0x6c, 0xff, 0xdb, 0x64, 0xff, 
  0x1d, 0x65, 0xff, 0x1d, 0x5d, 0xff, 0x1e, 0x55, 0xff, 0x3e, 0x55, 0xff, 
  0x3e, 0x55, 0xff, 0x3d, 0x4d, 0xff, 0x5d, 0x4d, 0xff, 0x5c, 0x4d, 0xff, 
  0x1b, 0x4d, 0xff, 0xfa, 0x54, 0xff, 0x9b, 0x6d, 0xff, 0xff, 0xae, 0xff, 
  0xff, 0xdf, 0xff, 0xff, 0xf7, 0xff, 0xff, 0xff, 0xff, 0xff, 0xff, 0xff, 
  0xff, 0xff, 0xff, 0xff, 0xff, 0xff, 0xff, 0xff, 0xff, 0xff, 0xff, 0xff, 
  0xdf, 0xff, 0xff, 0x3d, 0xef, 0xff, 0x51, 0x8c, 0xff, 0x45, 0x29, 0xff, 
  0x66, 0x31, 0xff, 0x86, 0x31, 0xff, 0xa6, 0x31, 0xff, 0xa6, 0x31, 0xff, 
  0xc7, 0x39, 0xff, 0xc7, 0x39, 0xff, 0xe7, 0x39, 0xff, 0xe7, 0x39, 0xff, 
  0xe7, 0x39, 0xff, 0xe7, 0x39, 0xff, 0xe7, 0x39, 0xff, 0xe7, 0x39, 0xff, 
  0xe7, 0x39, 0xff, 0xe7, 0x39, 0xff, 0xe7, 0x39, 0xff, 0xe7, 0x39, 0xff, 
  0xe7, 0x39, 0xff, 0xe7, 0x39, 0xff, 0xe7, 0x39, 0xff, 0xe7, 0x39, 0xff, 
  0xe7, 0x39, 0xff, 0xe7, 0x39, 0xff, 0xe7, 0x39, 0xff, 0xe7, 0x39, 0xff, 
  0xe7, 0x39, 0xff, 0xe7, 0x39, 0xff, 0xe7, 0x39, 0xff, 0xe7, 0x39, 0xff, 
  0xe7, 0x39, 0xff, 0xe7, 0x39, 0xff, 0x08, 0x42, 0xff, 0x45, 0x29, 0xff, 
  0xf3, 0x9c, 0x00, 0xff, 0xff, 0x00, 0xdf, 0xff, 0x00, 0xff, 0xff, 0x00, 
  0xff, 0xff, 0x00, 0xff, 0xff, 0x00, 0xff, 0xff, 0x00, 0xff, 0xff, 0x00, 
  0xff, 0xff, 0x00, 0xff, 0xff, 0x00, 0xff, 0xff, 0x00, 0xff, 0xff, 0x00, 
  0xff, 0xff, 0x00, 0xff, 0xff, 0x00, 0xff, 0xff, 0x00, 0x14, 0xa5, 0x00, 
  0x65, 0x29, 0xff, 0x28, 0x42, 0xff, 0x08, 0x42, 0xff, 0x08, 0x42, 0xff, 
  0x08, 0x42, 0xff, 0x08, 0x42, 0xff, 0x07, 0x42, 0xff, 0x07, 0x42, 0xff, 
  0x08, 0x42, 0xff, 0x08, 0x42, 0xff, 0x08, 0x42, 0xff, 0x08, 0x42, 0xff, 
  0x08, 0x42, 0xff, 0x08, 0x42, 0xff, 0x08, 0x42, 0xff, 0x08, 0x42, 0xff, 
  0x08, 0x42, 0xff, 0x08, 0x42, 0xff, 0x08, 0x42, 0xff, 0x08, 0x42, 0xff, 
  0x08, 0x42, 0xff, 0x08, 0x42, 0xff, 0x08, 0x42, 0xff, 0x08, 0x42, 0xff, 
  0x08, 0x42, 0xff, 0x08, 0x42, 0xff, 0xe7, 0x39, 0xff, 0xc7, 0x39, 0xff, 
  0xc7, 0x39, 0xff, 0xc7, 0x39, 0xff, 0xa6, 0x31, 0xff, 0x86, 0x31, 0xff, 
  0x65, 0x29, 0xff, 0xa6, 0x31, 0xff, 0x34, 0xad, 0xff, 0xff, 0xff, 0xff, 
  0xdf, 0xff, 0xff, 0xff, 0xff, 0xff, 0xff, 0xff, 0xff, 0xff, 0xff, 0xff, 
  0xff, 0xff, 0xff, 0xff, 0xff, 0xff, 0xff, 0xff, 0xff, 0xff, 0xf7, 0xff, 
  0xff, 0xf7, 0xff, 0x7f, 0xd7, 0xff, 0xdf, 0xbe, 0xff, 0x5e, 0x9e, 0xff, 
  0x7c, 0x7d, 0xff, 0x5c, 0x6d, 0xff, 0xfb, 0x5c, 0xff, 0xdb, 0x54, 0xff, 
  0xfa, 0x54, 0xff, 0x1b, 0x55, 0xff, 0x7b, 0x5d, 0xff, 0xbc, 0x6d, 0xff, 
  0x7f, 0x8e, 0xff, 0xff, 0xae, 0xff, 0x9f, 0xc7, 0xff, 0xff, 0xe7, 0xff, 
  0xff, 0xf7, 0xff, 0xff, 0xff, 0xff, 0xff, 0xff, 0xff, 0xff, 0xff, 0xff, 
  0xff, 0xff, 0xff, 0xdf, 0xff, 0xff, 0xff, 0xff, 0xff, 0xff, 0xff, 0xff, 
  0xff, 0xff, 0xff, 0x14, 0xa5, 0xff, 0x86, 0x39, 0xff, 0x65, 0x31, 0xff, 
  0x86, 0x31, 0xff, 0xa6, 0x31, 0xff, 0xa6, 0x31, 0xff, 0xa6, 0x31, 0xff, 
  0xc7, 0x39, 0xff, 0xc7, 0x39, 0xff, 0xe7, 0x39, 0xff, 0xe7, 0x39, 0xff, 
  0xe7, 0x39, 0xff, 0xe7, 0x39, 0xff, 0xe7, 0x39, 0xff, 0xe7, 0x39, 0xff, 
  0xe7, 0x39, 0xff, 0xe7, 0x39, 0xff, 0xe7, 0x39, 0xff, 0xe7, 0x39, 0xff, 
  0xe7, 0x39, 0xff, 0xe7, 0x39, 0xff, 0xe7, 0x39, 0xff, 0xe7, 0x39, 0xff, 
  0xe7, 0x39, 0xff, 0xe7, 0x39, 0xff, 0xe7, 0x39, 0xff, 0xe7, 0x39, 0xff, 
  0xe7, 0x39, 0xff, 0xe7, 0x39, 0xff, 0xe7, 0x39, 0xff, 0xe7, 0x39, 0xff, 
  0xe7, 0x39, 0xff, 0xe7, 0x39, 0xff, 0xe7, 0x39, 0xff, 0x24, 0x21, 0xff, 
  0xf3, 0x9c, 0x00, 0xff, 0xff, 0x00, 0xff, 0xff, 0x00, 0xff, 0xff, 0x00, 
  0xff, 0xff, 0x00, 0xff, 0xff, 0x00, 0xff, 0xff, 0x00, 0xff, 0xff, 0x00, 
  0xff, 0xff, 0x00, 0xff, 0xff, 0x00, 0xff, 0xff, 0x00, 0xff, 0xff, 0x00, 
  0xff, 0xff, 0x00, 0xff, 0xff, 0x00, 0xff, 0xff, 0x00, 0xf4, 0xa4, 0x00, 
  0x66, 0x29, 0xff, 0x28, 0x42, 0xff, 0x08, 0x42, 0xff, 0x08, 0x42, 0xff, 
  0x08, 0x42, 0xff, 0x08, 0x42, 0xff, 0x08, 0x42, 0xff, 0x08, 0x42, 0xff, 
  0x08, 0x42, 0xff, 0x08, 0x42, 0xff, 0x08, 0x42, 0xff, 0x08, 0x42, 0xff, 
  0x08, 0x42, 0xff, 0x08, 0x42, 0xff, 0x08, 0x42, 0xff, 0x08, 0x42, 0xff, 
  0x08, 0x42, 0xff, 0x08, 0x42, 0xff, 0x08, 0x42, 0xff, 0x08, 0x42, 0xff, 
  0x08, 0x42, 0xff, 0x08, 0x42, 0xff, 0x08, 0x42, 0xff, 0x08, 0x42, 0xff, 
  0x08, 0x42, 0xff, 0x08, 0x42, 0xff, 0xe7, 0x39, 0xff, 0xe7, 0x39, 0xff, 
  0xc7, 0x39, 0xff, 0xc7, 0x39, 0xff, 0xa6, 0x31, 0xff, 0xa6, 0x31, 0xff, 
  0xa6, 0x31, 0xff, 0x45, 0x29, 0xff, 0x08, 0x42, 0xff, 0xb6, 0xb5, 0xff, 
  0xff, 0xff, 0xff, 0xff, 0xff, 0xff, 0xdf, 0xff, 0xff, 0xff, 0xff, 0xff, 
  0xff, 0xff, 0xff, 0xff, 0xff, 0xff, 0xff, 0xff, 0xff, 0xff, 0xff, 0xff, 
  0xff, 0xf7, 0xff, 0xff, 0xf7, 0xff, 0xff, 0xf7, 0xff, 0xbf, 0xdf, 0xff, 
  0x3f, 0xcf, 0xff, 0xff, 0xc6, 0xff, 0xbe, 0xb6, 0xff, 0x9e, 0xae, 0xff, 
  0x9e, 0xae, 0xff, 0xde, 0xb6, 0xff, 0x1f, 0xbf, 0xff, 0x3f, 0xc7, 0xff, 
  0xbf, 0xdf, 0xff, 0xff, 0xef, 0xff, 0xff, 0xf7, 0xff, 0xff, 0xf7, 0xff, 
  0xff, 0xff, 0xff, 0xff, 0xff, 0xff, 0xff, 0xff, 0xff, 0xff, 0xff, 0xff, 
  0xff, 0xff, 0xff, 0xff, 0xff, 0xff, 0xff, 0xff, 0xff, 0xff, 0xff, 0xff, 
  0x76, 0xad, 0xff, 0x29, 0x42, 0xff, 0x25, 0x21, 0xff, 0xa6, 0x31, 0xff, 
  0x86, 0x31, 0xff, 0xa6, 0x31, 0xff, 0xa6, 0x31, 0xff, 0xc7, 0x39, 0xff, 
  0xc7, 0x39, 0xff, 0xe7, 0x39, 0xff, 0xe7, 0x39, 0xff, 0xe7, 0x39, 0xff, 
  0xe7, 0x39, 0xff, 0xe7, 0x39, 0xff, 0xe7, 0x39, 0xff, 0xe7, 0x39, 0xff, 
  0xe7, 0x39, 0xff, 0xe7, 0x39, 0xff, 0xe7, 0x39, 0xff, 0xe7, 0x39, 0xff, 
  0xe8, 0x39, 0xff, 0xe8, 0x39, 0xff, 0xe8, 0x39, 0xff, 0xe8, 0x39, 0xff, 
  0xe8, 0x39, 0xff, 0xe7, 0x39, 0xff, 0xe7, 0x39, 0xff, 0xe7, 0x39, 0xff, 
  0xe7, 0x39, 0xff, 0xe7, 0x39, 0xff, 0xe7, 0x39, 0xff, 0xe7, 0x39, 0xff, 
  0xe7, 0x39, 0xff, 0xe7, 0x39, 0xff, 0xe8, 0x39, 0xff, 0x25, 0x21, 0xff, 
  0xf3, 0x9c, 0x00, 0xff, 0xff, 0x00, 0xff, 0xff, 0x00, 0xff, 0xff, 0x00, 
  0xff, 0xff, 0x00, 0xff, 0xff, 0x00, 0xff, 0xff, 0x00, 0xff, 0xff, 0x00, 
  0xff, 0xff, 0x00, 0xff, 0xff, 0x00, 0xff, 0xff, 0x00, 0xff, 0xff, 0x00, 
  0xff, 0xff, 0x00, 0xff, 0xff, 0x00, 0xff, 0xff, 0x00, 0x14, 0xa5, 0x00, 
  0x65, 0x29, 0xff, 0x08, 0x42, 0xff, 0x08, 0x42, 0xff, 0x08, 0x3a, 0xff, 
  0x08, 0x42, 0xff, 0x08, 0x42, 0xff, 0x07, 0x42, 0xff, 0x07, 0x42, 0xff, 
  0x08, 0x42, 0xff, 0x08, 0x42, 0xff, 0x08, 0x42, 0xff, 0x08, 0x42, 0xff, 
  0x08, 0x42, 0xff, 0x08, 0x42, 0xff, 0x08, 0x42, 0xff, 0x08, 0x42, 0xff, 
  0x08, 0x42, 0xff, 0x08, 0x42, 0xff, 0x08, 0x42, 0xff, 0x08, 0x42, 0xff, 
  0x08, 0x42, 0xff, 0x08, 0x42, 0xff, 0x08, 0x42, 0xff, 0x08, 0x42, 0xff, 
  0x08, 0x42, 0xff, 0x08, 0x42, 0xff, 0xe7, 0x39, 0xff, 0xe7, 0x39, 0xff, 
  0xc7, 0x39, 0xff, 0xc7, 0x39, 0xff, 0xa6, 0x31, 0xff, 0xa6, 0x31, 0xff, 
  0x86, 0x31, 0xff, 0xc7, 0x39, 0xff, 0x24, 0x29, 0xff, 0x28, 0x4a, 0xff, 
  0xf7, 0xc5, 0xff, 0xbf, 0xff, 0xff, 0xff, 0xff, 0xff, 0xff, 0xff, 0xff, 
  0xff, 0xff, 0xff, 0xff, 0xff, 0xff, 0xff, 0xff, 0xff, 0xff, 0xff, 0xff, 
  0xff, 0xff, 0xff, 0xff, 0xff, 0xff, 0xff, 0xf7, 0xff, 0xff, 0xff, 0xff, 
  0xff, 0xf7, 0xff, 0xff, 0xf7, 0xff, 0xff, 0xf7, 0xff, 0xff, 0xf7, 0xff, 
  0xff, 0xf7, 0xff, 0xff, 0xf7, 0xff, 0xff, 0xf7, 0xff, 0xff, 0xff, 0xff, 
  0xff, 0xff, 0xff, 0xdf, 0xff, 0xff, 0xff, 0xff, 0xff, 0xff, 0xff, 0xff, 
  0xff, 0xff, 0xff, 0xff, 0xff, 0xff, 0xff, 0xff, 0xff, 0xff, 0xff, 0xff, 
  0xff, 0xff, 0xff, 0xff, 0xff, 0xff, 0xdf, 0xf7, 0xff, 0xd7, 0xbd, 0xff, 
  0x49, 0x4a, 0xff, 0x04, 0x21, 0xff, 0xc7, 0x39, 0xff, 0x85, 0x31, 0xff, 
  0x86, 0x31, 0xff, 0xa6, 0x31, 0xff, 0xa6, 0x31, 0xff, 0xc7, 0x39, 0xff, 
  0xc7, 0x39, 0xff, 0xe7, 0x39, 0xff, 0xe7, 0x39, 0xff, 0xe7, 0x39, 0xff, 
  0xe7, 0x39, 0xff, 0xe7, 0x39, 0xff, 0xe7, 0x39, 0xff, 0xe7, 0x39, 0xff, 
  0xe7, 0x39, 0xff, 0xe7, 0x39, 0xff, 0xe7, 0x39, 0xff, 0xe7, 0x39, 0xff, 
  0xe7, 0x39, 0xff, 0xe7, 0x39, 0xff, 0xe7, 0x39, 0xff, 0xe7, 0x39, 0xff, 
  0xe7, 0x39, 0xff, 0xe7, 0x39, 0xff, 0xe7, 0x39, 0xff, 0xe7, 0x39, 0xff, 
  0xe7, 0x39, 0xff, 0xe7, 0x39, 0xff, 0xc7, 0x39, 0xff, 0xe7, 0x39, 0xff, 
  0xe7, 0x39, 0xff, 0xe7, 0x39, 0xff, 0xe8, 0x39, 0xff, 0x24, 0x21, 0xff, 
  0x13, 0x9d, 0x00, 0xff, 0xff, 0x00, 0xff, 0xff, 0x00, 0xff, 0xff, 0x00, 
  0xff, 0xff, 0x00, 0xff, 0xff, 0x00, 0xff, 0xff, 0x00, 0xff, 0xff, 0x00, 
  0xff, 0xff, 0x00, 0xff, 0xff, 0x00, 0xff, 0xff, 0x00, 0xff, 0xff, 0x00, 
  0xff, 0xff, 0x00, 0xff, 0xff, 0x00, 0xff, 0xff, 0x00, 0x14, 0xa5, 0x00, 
  0x65, 0x29, 0xff, 0x28, 0x42, 0xff, 0x08, 0x42, 0xff, 0x08, 0x3a, 0xff, 
  0x08, 0x42, 0xff, 0x08, 0x42, 0xff, 0x07, 0x42, 0xff, 0x07, 0x42, 0xff, 
  0x08, 0x42, 0xff, 0x08, 0x42, 0xff, 0x08, 0x42, 0xff, 0x08, 0x42, 0xff, 
  0x08, 0x42, 0xff, 0x08, 0x42, 0xff, 0x08, 0x42, 0xff, 0x08, 0x42, 0xff, 
  0x08, 0x42, 0xff, 0x08, 0x42, 0xff, 0x08, 0x42, 0xff, 0x08, 0x42, 0xff, 
  0x08, 0x42, 0xff, 0x08, 0x42, 0xff, 0x08, 0x42, 0xff, 0x08, 0x42, 0xff, 
  0x08, 0x42, 0xff, 0x08, 0x42, 0xff, 0x08, 0x42, 0xff, 0xe7, 0x39, 0xff, 
  0xe7, 0x39, 0xff, 0xc7, 0x39, 0xff, 0xc7, 0x39, 0xff, 0xc7, 0x39, 0xff, 
  0xa6, 0x31, 0xff, 0x86, 0x31, 0xff, 0x86, 0x31, 0xff, 0x45, 0x29, 0xff, 
  0x08, 0x42, 0xff, 0xb6, 0xb5, 0xff, 0xdf, 0xff, 0xff, 0xff, 0xff, 0xff, 
  0xff, 0xff, 0xff, 0xdf, 0xff, 0xff, 0xff, 0xff, 0xff, 0xff, 0xff, 0xff, 
  0xff, 0xff, 0xff, 0xff, 0xff, 0xff, 0xff, 0xff, 0xff, 0xff, 0xff, 0xff, 
  0xff, 0xff, 0xff, 0xff, 0xf7, 0xff, 0xff, 0xf7, 0xff, 0xff, 0xf7, 0xff, 
  0xff, 0xff, 0xff, 0xff, 0xff, 0xff, 0xff, 0xff, 0xff, 0xff, 0xff, 0xff, 
  0xff, 0xff, 0xff, 0xff, 0xff, 0xff, 0xff, 0xff, 0xff, 0xff, 0xff, 0xff, 
  0xff, 0xff, 0xff, 0xff, 0xff, 0xff, 0xff, 0xff, 0xff, 0xff, 0xff, 0xff, 
  0xff, 0xff, 0xff, 0xde, 0xff, 0xff, 0x96, 0xb5, 0xff, 0x07, 0x42, 0xff, 
  0x44, 0x29, 0xff, 0x85, 0x31, 0xff, 0x85, 0x31, 0xff, 0xa6, 0x31, 0xff, 
  0xa6, 0x31, 0xff, 0xa6, 0x31, 0xff, 0xc7, 0x39, 0xff, 0xc7, 0x39, 0xff, 
  0xc7, 0x39, 0xff, 0xe7, 0x39, 0xff, 0xe7, 0x39, 0xff, 0xe7, 0x39, 0xff, 
  0xe7, 0x39, 0xff, 0xe7, 0x39, 0xff, 0xe7, 0x39, 0xff, 0xe7, 0x39, 0xff, 
  0xe7, 0x39, 0xff, 0xe7, 0x39, 0xff, 0xe7, 0x39, 0xff, 0xe7, 0x39, 0xff, 
  0xe7, 0x39, 0xff, 0xe7, 0x39, 0xff, 0xe7, 0x39, 0xff, 0xe7, 0x39, 0xff, 
  0xe7, 0x39, 0xff, 0xe7, 0x39, 0xff, 0xe7, 0x39, 0xff, 0xe7, 0x39, 0xff, 
  0xe7, 0x39, 0xff, 0xe7, 0x39, 0xff, 0xe7, 0x39, 0xff, 0xe7, 0x39, 0xff, 
  0xe7, 0x39, 0xff, 0xe7, 0x39, 0xff, 0xe7, 0x39, 0xff, 0x24, 0x21, 0xff, 
  0x14, 0x9d, 0x00, 0xff, 0xff, 0x00, 0xff, 0xff, 0x00, 0xff, 0xff, 0x00, 
  0xff, 0xff, 0x00, 0xff, 0xff, 0x00, 0xff, 0xff, 0x00, 0xff, 0xff, 0x00, 
  0xff, 0xff, 0x00, 0xff, 0xff, 0x00, 0xff, 0xff, 0x00, 0xff, 0xff, 0x00, 
  0xff, 0xff, 0x00, 0xff, 0xff, 0x00, 0xff, 0xff, 0x00, 0xf3, 0x9c, 0x00, 
  0x66, 0x29, 0xff, 0x28, 0x42, 0xff, 0x08, 0x42, 0xff, 0x08, 0x3a, 0xff, 
  0x08, 0x42, 0xff, 0x08, 0x42, 0xff, 0x08, 0x42, 0xff, 0x08, 0x42, 0xff, 
  0x08, 0x42, 0xff, 0x08, 0x42, 0xff, 0x08, 0x42, 0xff, 0x08, 0x42, 0xff, 
  0x08, 0x42, 0xff, 0x08, 0x3a, 0xff, 0x08, 0x42, 0xff, 0x08, 0x3a, 0xff, 
  0x08, 0x42, 0xff, 0x08, 0x42, 0xff, 0x08, 0x42, 0xff, 0x08, 0x42, 0xff, 
  0x08, 0x42, 0xff, 0x08, 0x42, 0xff, 0x08, 0x42, 0xff, 0x08, 0x42, 0xff, 
  0x08, 0x42, 0xff, 0x08, 0x42, 0xff, 0x08, 0x42, 0xff, 0x07, 0x3a, 0xff, 
  0xe7, 0x39, 0xff, 0xe7, 0x39, 0xff, 0xc7, 0x39, 0xff, 0xc7, 0x39, 0xff, 
  0xc7, 0x39, 0xff, 0xa6, 0x31, 0xff, 0xc7, 0x39, 0xff, 0xa6, 0x31, 0xff, 
  0x65, 0x29, 0xff, 0xc7, 0x39, 0xff, 0x92, 0x94, 0xff, 0x7d, 0xef, 0xff, 
  0xff, 0xff, 0xff, 0xff, 0xff, 0xff, 0xdf, 0xff, 0xff, 0xff, 0xff, 0xff, 
  0xff, 0xff, 0xff, 0xff, 0xff, 0xff, 0xff, 0xff, 0xff, 0xff, 0xff, 0xff, 
  0xff, 0xff, 0xff, 0xff, 0xff, 0xff, 0xff, 0xff, 0xff, 0xff, 0xff, 0xff, 
  0xff, 0xff, 0xff, 0xff, 0xff, 0xff, 0xff, 0xff, 0xff, 0xff, 0xff, 0xff, 
  0xdf, 0xff, 0xff, 0xff, 0xff, 0xff, 0xff, 0xff, 0xff, 0xff, 0xff, 0xff, 
  0xff, 0xff, 0xff, 0xff, 0xff, 0xff, 0xff, 0xff, 0xff, 0xff, 0xff, 0xff, 
  0x5c, 0xef, 0xff, 0x71, 0x94, 0xff, 0xc6, 0x39, 0xff, 0x44, 0x29, 0xff, 
  0x85, 0x31, 0xff, 0xc6, 0x39, 0xff, 0xa5, 0x31, 0xff, 0xa6, 0x31, 0xff, 
  0xa6, 0x31, 0xff, 0xc7, 0x39, 0xff, 0xc7, 0x39, 0xff, 0xe7, 0x39, 0xff, 
  0xe7, 0x39, 0xff, 0xe8, 0x39, 0xff, 0xe8, 0x39, 0xff, 0xe8, 0x39, 0xff, 
  0xe8, 0x39, 0xff, 0xe8, 0x39, 0xff, 0xe8, 0x39, 0xff, 0xe8, 0x39, 0xff, 
  0xe8, 0x39, 0xff, 0xe8, 0x39, 0xff, 0xe7, 0x39, 0xff, 0xe7, 0x39, 0xff, 
  0xe7, 0x39, 0xff, 0xe7, 0x39, 0xff, 0xe7, 0x39, 0xff, 0xe7, 0x39, 0xff, 
  0xe7, 0x39, 0xff, 0xe7, 0x39, 0xff, 0xe7, 0x39, 0xff, 0xe7, 0x39, 0xff, 
  0xe7, 0x39, 0xff, 0xe7, 0x39, 0xff, 0xe7, 0x39, 0xff, 0xe7, 0x39, 0xff, 
  0xe7, 0x39, 0xff, 0xe7, 0x39, 0xff, 0xe7, 0x39, 0xff, 0x24, 0x21, 0xff, 
  0xf3, 0x9c, 0x00, 0xff, 0xff, 0x00, 0xff, 0xff, 0x00, 0xff, 0xff, 0x00, 
  0xff, 0xff, 0x00, 0xff, 0xff, 0x00, 0xff, 0xff, 0x00, 0xff, 0xff, 0x00, 
  0xff, 0xff, 0x00, 0xff, 0xff, 0x00, 0xff, 0xff, 0x00, 0xff, 0xff, 0x00, 
  0xff, 0xff, 0x00, 0xdf, 0xff, 0x00, 0xff, 0xff, 0x00, 0x14, 0xa5, 0x00, 
  0x24, 0x21, 0xff, 0xe8, 0x39, 0xff, 0xc7, 0x31, 0xff, 0xc7, 0x31, 0xff, 
  0xc7, 0x31, 0xff, 0xc7, 0x31, 0xff, 0xc7, 0x31, 0xff, 0xc7, 0x31, 0xff, 
  0xc7, 0x39, 0xff, 0xc7, 0x31, 0xff, 0xc7, 0x39, 0xff, 0xc7, 0x31, 0xff, 
  0xc7, 0x39, 0xff, 0xc7, 0x31, 0xff, 0xc7, 0x39, 0xff, 0xc7, 0x31, 0xff, 
  0xc7, 0x31, 0xff, 0xc7, 0x31, 0xff, 0xc7, 0x31, 0xff, 0xc7, 0x31, 0xff, 
  0xc7, 0x31, 0xff, 0xc7, 0x31, 0xff, 0xc7, 0x31, 0xff, 0xc7, 0x31, 0xff, 
  0xc7, 0x39, 0xff, 0xc7, 0x31, 0xff, 0xc7, 0x39, 0xff, 0xc7, 0x31, 0xff, 
  0xc7, 0x31, 0xff, 0xa7, 0x31, 0xff, 0xa7, 0x31, 0xff, 0x86, 0x29, 0xff, 
  0x86, 0x31, 0xff, 0x86, 0x29, 0xff, 0x86, 0x29, 0xff, 0x45, 0x21, 0xff, 
  0x45, 0x21, 0xff, 0x24, 0x21, 0xff, 0xa7, 0x31, 0xff, 0x2d, 0x63, 0xff, 
  0x76, 0xad, 0xff, 0xdf, 0xf7, 0xff, 0xff, 0xff, 0xff, 0xff, 0xff, 0xff, 
  0xff, 0xff, 0xff, 0xff, 0xff, 0xff, 0xdf, 0xff, 0xff, 0xff, 0xff, 0xff, 
  0xff, 0xff, 0xff, 0xff, 0xff, 0xff, 0xff, 0xff, 0xff, 0xff, 0xff, 0xff, 
  0xff, 0xff, 0xff, 0xff, 0xff, 0xff, 0xff, 0xff, 0xff, 0xff, 0xff, 0xff, 
  0xff, 0xff, 0xff, 0xdf, 0xff, 0xff, 0xdf, 0xff, 0xff, 0xdf, 0xff, 0xff, 
  0xdf, 0xff, 0xff, 0xff, 0xff, 0xff, 0xbe, 0xf7, 0xff, 0x75, 0xad, 0xff, 
  0x0c, 0x63, 0xff, 0x85, 0x31, 0xff, 0x03, 0x21, 0xff, 0x44, 0x29, 0xff, 
  0x45, 0x29, 0xff, 0x65, 0x29, 0xff, 0x65, 0x29, 0xff, 0x86, 0x29, 0xff, 
  0x86, 0x29, 0xff, 0x86, 0x29, 0xff, 0x86, 0x31, 0xff, 0xa7, 0x31, 0xff, 
  0xa7, 0x31, 0xff, 0xa7, 0x31, 0xff, 0xa7, 0x31, 0xff, 0xa7, 0x31, 0xff, 
  0xa7, 0x31, 0xff, 0xa7, 0x31, 0xff, 0xa7, 0x31, 0xff, 0xa7, 0x31, 0xff, 
  0xa7, 0x31, 0xff, 0xa7, 0x31, 0xff, 0xa7, 0x31, 0xff, 0xa7, 0x31, 0xff, 
  0xa6, 0x31, 0xff, 0xa6, 0x31, 0xff, 0xa6, 0x31, 0xff, 0xa6, 0x31, 0xff, 
  0xa6, 0x31, 0xff, 0xa6, 0x31, 0xff, 0xa6, 0x31, 0xff, 0xa6, 0x31, 0xff, 
  0xa6, 0x31, 0xff, 0xa6, 0x31, 0xff, 0x86, 0x31, 0xff, 0xa6, 0x31, 0xff, 
  0xa6, 0x31, 0xff, 0xa6, 0x31, 0xff, 0xa7, 0x31, 0xff, 0xe3, 0x18, 0xff, 
  0xf3, 0x9c, 0x00, 0xff, 0xff, 0x00, 0xff, 0xff, 0x00, 0xff, 0xff, 0x00, 
  0xff, 0xff, 0x00, 0xff, 0xff, 0x00, 0xff, 0xff, 0x00, 0xff, 0xff, 0x00, 
  0xff, 0xff, 0x00, 0xff, 0xff, 0x00, 0xff, 0xff, 0x00, 0xff, 0xff, 0x00, 
  0xff, 0xff, 0x00, 0xff, 0xff, 0x00, 0xff, 0xff, 0x00, 0x55, 0xad, 0x00, 
  0x69, 0x4a, 0xff, 0x0c, 0x5b, 0xff, 0x0c, 0x5b, 0xff, 0x0c, 0x5b, 0xff, 
  0xec, 0x5a, 0xff, 0xec, 0x5a, 0xff, 0xec, 0x5a, 0xff, 0xec, 0x5a, 0xff, 
  0xec, 0x5a, 0xff, 0xec, 0x5a, 0xff, 0xec, 0x5a, 0xff, 0xec, 0x5a, 0xff, 
  0xec, 0x5a, 0xff, 0xec, 0x5a, 0xff, 0xec, 0x5a, 0xff, 0xec, 0x5a, 0xff, 
  0xec, 0x5a, 0xff, 0xec, 0x5a, 0xff, 0xec, 0x5a, 0xff, 0xec, 0x5a, 0xff, 
  0xec, 0x5a, 0xff, 0xec, 0x5a, 0xff, 0xec, 0x5a, 0xff, 0xec, 0x5a, 0xff, 
  0xec, 0x5a, 0xff, 0xec, 0x5a, 0xff, 0xec, 0x5a, 0xff, 0xec, 0x5a, 0xff, 
  0xec, 0x5a, 0xff, 0xec, 0x5a, 0xff, 0xcb, 0x52, 0xff, 0xcb, 0x52, 0xff, 
  0xab, 0x52, 0xff, 0x8a, 0x4a, 0xff, 0x8a, 0x4a, 0xff, 0x8a, 0x4a, 0xff, 
  0x8a, 0x4a, 0xff, 0x6a, 0x4a, 0xff, 0xe8, 0x39, 0xff, 0xe8, 0x39, 0xff, 
  0x2d, 0x63, 0xff, 0x14, 0x9d, 0xff, 0x59, 0xc6, 0xff, 0x7e, 0xef, 0xff, 
  0xff, 0xff, 0xff, 0xff, 0xff, 0xff, 0xff, 0xff, 0xff, 0xff, 0xff, 0xff, 
  0xff, 0xff, 0xff, 0xff, 0xff, 0xff, 0xff, 0xff, 0xff, 0xff, 0xff, 0xff, 
  0xff, 0xff, 0xff, 0xff, 0xff, 0xff, 0xff, 0xff, 0xff, 0xff, 0xff, 0xff, 
  0xff, 0xff, 0xff, 0xff, 0xff, 0xff, 0xff, 0xff, 0xff, 0xff, 0xff, 0xff, 
  0x9e, 0xf7, 0xff, 0x39, 0xc6, 0xff, 0xf4, 0x9c, 0xff, 0x0c, 0x63, 0xff, 
  0xe7, 0x39, 0xff, 0x07, 0x3a, 0xff, 0x69, 0x4a, 0xff, 0x8a, 0x4a, 0xff, 
  0x6a, 0x4a, 0xff, 0x8a, 0x4a, 0xff, 0x8b, 0x4a, 0xff, 0xab, 0x4a, 0xff, 
  0xcb, 0x52, 0xff, 0xcb, 0x52, 0xff, 0xec, 0x52, 0xff, 0xec, 0x5a, 0xff, 
  0xec, 0x5a, 0xff, 0xec, 0x5a, 0xff, 0xec, 0x5a, 0xff, 0xec, 0x5a, 0xff, 
  0xec, 0x5a, 0xff, 0xec, 0x5a, 0xff, 0xec, 0x5a, 0xff, 0xec, 0x5a, 0xff, 
  0xec, 0x5a, 0xff, 0xec, 0x5a, 0xff, 0xec, 0x5a, 0xff, 0xec, 0x5a, 0xff, 
  0xec, 0x5a, 0xff, 0xec, 0x5a, 0xff, 0xec, 0x5a, 0xff, 0xec, 0x5a, 0xff, 
  0xec, 0x5a, 0xff, 0xec, 0x5a, 0xff, 0xec, 0x5a, 0xff, 0xec, 0x5a, 0xff, 
  0xec, 0x5a, 0xff, 0xec, 0x5a, 0xff, 0xec, 0x5a, 0xff, 0xec, 0x5a, 0xff, 
  0xec, 0x5a, 0xff, 0xec, 0x5a, 0xff, 0x0c, 0x5b, 0xff, 0x49, 0x42, 0xff, 
  0x55, 0xad, 0x00, 0xff, 0xff, 0x00, 0xff, 0xff, 0x00, 0xff, 0xff, 0x00, 
  0xff, 0xff, 0x00, 0xff, 0xff, 0x00, 0xff, 0xff, 0x00, 0xff, 0xff, 0x00, 
  0xff, 0xff, 0x00, 0xff, 0xff, 0x00, 0xff, 0xff, 0x00, 0xff, 0xff, 0x00, 
  0xff, 0xff, 0x00, 0xff, 0xff, 0x00, 0xff, 0xff, 0x00, 0xf8, 0xbd, 0x00, 
  0xaf, 0x73, 0xff, 0x31, 0x7c, 0xff, 0x31, 0x7c, 0xff, 0x31, 0x7c, 0xff, 
  0x31, 0x7c, 0xff, 0x31, 0x7c, 0xff, 0x31, 0x7c, 0xff, 0x31, 0x7c, 0xff, 
  0x31, 0x7c, 0xff, 0x31, 0x7c, 0xff, 0x31, 0x7c, 0xff, 0x31, 0x7c, 0xff, 
  0x31, 0x7c, 0xff, 0x31, 0x7c, 0xff, 0x31, 0x7c, 0xff, 0x31, 0x7c, 0xff, 
  0x31, 0x7c, 0xff, 0x31, 0x7c, 0xff, 0x31, 0x7c, 0xff, 0x31, 0x7c, 0xff, 
  0x31, 0x7c, 0xff, 0x31, 0x7c, 0xff, 0x31, 0x7c, 0xff, 0x31, 0x7c, 0xff, 
  0x31, 0x7c, 0xff, 0x31, 0x7c, 0xff, 0x11, 0x7c, 0xff, 0x31, 0x7c, 0xff, 
  0x31, 0x7c, 0xff, 0x11, 0x7c, 0xff, 0x10, 0x7c, 0xff, 0xf0, 0x73, 0xff, 
  0xcf, 0x73, 0xff, 0xaf, 0x73, 0xff, 0xaf, 0x73, 0xff, 0x8e, 0x6b, 0xff, 
  0x6e, 0x6b, 0xff, 0x6e, 0x63, 0xff, 0x4e, 0x63, 0xff, 0x4e, 0x63, 0xff, 
  0xcb, 0x52, 0xff, 0xab, 0x52, 0xff, 0x8e, 0x6b, 0xff, 0x34, 0xa5, 0xff, 
  0x79, 0xce, 0xff, 0xfb, 0xde, 0xff, 0x5d, 0xef, 0xff, 0xbe, 0xf7, 0xff, 
  0xff, 0xff, 0xff, 0xff, 0xff, 0xff, 0xff, 0xff, 0xff, 0xff, 0xff, 0xff, 
  0xff, 0xff, 0xff, 0xff, 0xff, 0xff, 0xff, 0xff, 0xff, 0xff, 0xff, 0xff, 
  0xbe, 0xf7, 0xff, 0x5d, 0xe7, 0xff, 0xfc, 0xde, 0xff, 0x7a, 0xce, 0xff, 
  0x14, 0x9d, 0xff, 0x6e, 0x6b, 0xff, 0xab, 0x52, 0xff, 0xcb, 0x52, 0xff, 
  0x4e, 0x63, 0xff, 0x6e, 0x63, 0xff, 0x6e, 0x63, 0xff, 0x8e, 0x63, 0xff, 
  0x8f, 0x6b, 0xff, 0xaf, 0x6b, 0xff, 0xd0, 0x6b, 0xff, 0xd0, 0x73, 0xff, 
  0xf0, 0x73, 0xff, 0x10, 0x7c, 0xff, 0x11, 0x7c, 0xff, 0x31, 0x7c, 0xff, 
  0x31, 0x7c, 0xff, 0x31, 0x7c, 0xff, 0x31, 0x7c, 0xff, 0x31, 0x7c, 0xff, 
  0x31, 0x7c, 0xff, 0x31, 0x7c, 0xff, 0x31, 0x7c, 0xff, 0x31, 0x7c, 0xff, 
  0x31, 0x7c, 0xff, 0x31, 0x7c, 0xff, 0x31, 0x7c, 0xff, 0x31, 0x7c, 0xff, 
  0x31, 0x7c, 0xff, 0x31, 0x7c, 0xff, 0x31, 0x7c, 0xff, 0x31, 0x7c, 0xff, 
  0x31, 0x7c, 0xff, 0x31, 0x7c, 0xff, 0x31, 0x7c, 0xff, 0x31, 0x7c, 0xff, 
  0x31, 0x7c, 0xff, 0x31, 0x7c, 0xff, 0x31, 0x7c, 0xff, 0x31, 0x7c, 0xff, 
  0x31, 0x7c, 0xff, 0x31, 0x7c, 0xff, 0x32, 0x84, 0xff, 0xaf, 0x73, 0xff, 
  0xf8, 0xbd, 0x00, 0xff, 0xff, 0x00, 0xff, 0xff, 0x00, 0xff, 0xff, 0x00, 
  0xff, 0xff, 0x00, 0xff, 0xff, 0x00, 0xff, 0xff, 0x00, 0xff, 0xff, 0x00, 
  0xff, 0xff, 0x00, 0xff, 0xff, 0x00, 0xff, 0xff, 0x00, 0xff, 0xff, 0x00, 
  0xff, 0xff, 0x00, 0xff, 0xff, 0x00, 0xff, 0xff, 0x00, 0xf8, 0xbd, 0x00, 
  0x4e, 0x63, 0xff, 0xf0, 0x73, 0xff, 0xf0, 0x73, 0xff, 0xf0, 0x73, 0xff, 
  0xf0, 0x73, 0xff, 0xf0, 0x73, 0xff, 0xd0, 0x73, 0xff, 0xf0, 0x73, 0xff, 
  0xf0, 0x73, 0xff, 0xf0, 0x73, 0xff, 0xf0, 0x73, 0xff, 0xf0, 0x73, 0xff, 
  0xf0, 0x73, 0xff, 0xf0, 0x73, 0xff, 0xf0, 0x73, 0xff, 0xf0, 0x73, 0xff, 
  0xf0, 0x73, 0xff, 0xf0, 0x73, 0xff, 0xf0, 0x73, 0xff, 0xf0, 0x73, 0xff, 
  0xf0, 0x73, 0xff, 0xf0, 0x73, 0xff, 0xf0, 0x73, 0xff, 0xf0, 0x73, 0xff, 
  0xf0, 0x73, 0xff, 0xf0, 0x73, 0xff, 0xf0, 0x73, 0xff, 0xf0, 0x73, 0xff, 
  0xf0, 0x73, 0xff, 0xf0, 0x73, 0xff, 0xd0, 0x73, 0xff, 0xd0, 0x73, 0xff, 
  0xaf, 0x6b, 0xff, 0x8f, 0x6b, 0xff, 0x8f, 0x6b, 0xff, 0x6e, 0x63, 0xff, 
  0x4e, 0x63, 0xff, 0x4e, 0x63, 0xff, 0x2d, 0x5b, 0xff, 0x2d, 0x5b, 0xff, 
  0x0d, 0x5b, 0xff, 0x0d, 0x5b, 0xff, 0xec, 0x5a, 0xff, 0xab, 0x52, 0xff, 
  0xcb, 0x5a, 0xff, 0x8e, 0x6b, 0xff, 0xb3, 0x94, 0xff, 0xb6, 0xb5, 0xff, 
  0x79, 0xce, 0xff, 0xfb, 0xde, 0xff, 0x5d, 0xef, 0xff, 0x7e, 0xef, 0xff, 
  0x7e, 0xef, 0xff, 0x5d, 0xef, 0xff, 0xfb, 0xde, 0xff, 0x79, 0xce, 0xff, 
  0xb7, 0xb5, 0xff, 0xd3, 0x94, 0xff, 0x8e, 0x6b, 0xff, 0xec, 0x52, 0xff, 
  0xcb, 0x52, 0xff, 0xec, 0x5a, 0xff, 0x0d, 0x5b, 0xff, 0x2d, 0x5b, 0xff, 
  0x2d, 0x5b, 0xff, 0x4e, 0x5b, 0xff, 0x4e, 0x5b, 0xff, 0x6e, 0x63, 0xff, 
  0x6f, 0x63, 0xff, 0x8f, 0x63, 0xff, 0x8f, 0x6b, 0xff, 0xaf, 0x6b, 0xff, 
  0xd0, 0x73, 0xff, 0xd0, 0x73, 0xff, 0xf0, 0x73, 0xff, 0xf0, 0x73, 0xff, 
  0xf0, 0x73, 0xff, 0xf0, 0x73, 0xff, 0xf0, 0x73, 0xff, 0xf0, 0x73, 0xff, 
  0xf0, 0x73, 0xff, 0xf0, 0x73, 0xff, 0xf0, 0x73, 0xff, 0xf0, 0x73, 0xff, 
  0xf0, 0x73, 0xff, 0xf0, 0x73, 0xff, 0xf0, 0x73, 0xff, 0xf0, 0x73, 0xff, 
  0xd0, 0x73, 0xff, 0xd0, 0x73, 0xff, 0xd0, 0x73, 0xff, 0xd0, 0x73, 0xff, 
  0xd0, 0x73, 0xff, 0xd0, 0x73, 0xff, 0xd0, 0x73, 0xff, 0xd0, 0x73, 0xff, 
  0xd0, 0x73, 0xff, 0xd0, 0x73, 0xff, 0xd0, 0x73, 0xff, 0xd0, 0x73, 0xff, 
  0xd0, 0x73, 0xff, 0xd0, 0x73, 0xff, 0xf1, 0x73, 0xff, 0x6e, 0x63, 0xff, 
  0xf8, 0xbd, 0x00, 0xff, 0xff, 0x00, 0xff, 0xff, 0x00, 0xff, 0xff, 0x00, 
  0xff, 0xff, 0x00, 0xff, 0xff, 0x00, 0xff, 0xff, 0x00, 0xff, 0xff, 0x00, 
  0xff, 0xff, 0x00, 0xff, 0xff, 0x00, 0xff, 0xff, 0x00, 0xff, 0xff, 0x00, 
  0xff, 0xff, 0x00, 0xff, 0xff, 0x00, 0xff, 0xff, 0x00, 0xf8, 0xbd, 0x00, 
  0x6e, 0x63, 0xff, 0x10, 0x74, 0xff, 0xf0, 0x73, 0xff, 0xf0, 0x73, 0xff, 
  0xf0, 0x73, 0xff, 0xf0, 0x73, 0xff, 0xf0, 0x73, 0xff, 0xf0, 0x73, 0xff, 
  0xf0, 0x73, 0xff, 0xf0, 0x73, 0xff, 0xf0, 0x73, 0xff, 0xf0, 0x73, 0xff, 
  0xf0, 0x73, 0xff, 0xf0, 0x73, 0xff, 0xf0, 0x73, 0xff, 0xf0, 0x73, 0xff, 
  0xf0, 0x73, 0xff, 0xf0, 0x73, 0xff, 0xf0, 0x73, 0xff, 0xf0, 0x73, 0xff, 
  0xf0, 0x73, 0xff, 0xf0, 0x73, 0xff, 0xf0, 0x73, 0xff, 0xf0, 0x73, 0xff, 
  0xf0, 0x73, 0xff, 0xf0, 0x73, 0xff, 0xf0, 0x73, 0xff, 0xf0, 0x73, 0xff, 
  0xf0, 0x73, 0xff, 0xf0, 0x73, 0xff, 0xf0, 0x73, 0xff, 0xf0, 0x73, 0xff, 
  0xd0, 0x6b, 0xff, 0xb0, 0x6b, 0xff, 0xaf, 0x6b, 0xff, 0x8f, 0x63, 0xff, 
  0x8f, 0x63, 0xff, 0x6e, 0x63, 0xff, 0x4e, 0x63, 0xff, 0x4e, 0x63, 0xff, 
  0x2e, 0x63, 0xff, 0x2d, 0x5b, 0xff, 0x0d, 0x5b, 0xff, 0xec, 0x5a, 0xff, 
  0xcc, 0x5a, 0xff, 0xec, 0x5a, 0xff, 0xec, 0x5a, 0xff, 0x0c, 0x5b, 0xff, 
  0x2d, 0x5b, 0xff, 0x2d, 0x5b, 0xff, 0x2d, 0x5b, 0xff, 0x2d, 0x5b, 0xff, 
  0x2d, 0x5b, 0xff, 0x2e, 0x5b, 0xff, 0x2e, 0x5b, 0xff, 0x2d, 0x5b, 0xff, 
  0x0d, 0x5b, 0xff, 0x0c, 0x5b, 0xff, 0xec, 0x52, 0xff, 0xec, 0x52, 0xff, 
  0xec, 0x52, 0xff, 0x0d, 0x5b, 0xff, 0x2d, 0x5b, 0xff, 0x4e, 0x5b, 0xff, 
  0x4e, 0x5b, 0xff, 0x4e, 0x63, 0xff, 0x6f, 0x63, 0xff, 0x6f, 0x63, 0xff, 
  0x8f, 0x6b, 0xff, 0x8f, 0x6b, 0xff, 0xaf, 0x6b, 0xff, 0xd0, 0x73, 0xff, 
  0xf0, 0x73, 0xff, 0xf0, 0x73, 0xff, 0xf0, 0x73, 0xff, 0xf0, 0x73, 0xff, 
  0xf0, 0x73, 0xff, 0xf0, 0x73, 0xff, 0xf0, 0x73, 0xff, 0xf0, 0x73, 0xff, 
  0xf0, 0x73, 0xff, 0xf0, 0x73, 0xff, 0xf0, 0x73, 0xff, 0xf0, 0x73, 0xff, 
  0xf0, 0x73, 0xff, 0xf0, 0x73, 0xff, 0xf0, 0x73, 0xff, 0xf0, 0x73, 0xff, 
  0xf0, 0x73, 0xff, 0xf1, 0x73, 0xff, 0xf1, 0x73, 0xff, 0xf1, 0x73, 0xff, 
  0xf1, 0x73, 0xff, 0xf1, 0x73, 0xff, 0xf1, 0x73, 0xff, 0xf1, 0x73, 0xff, 
  0xf1, 0x73, 0xff, 0xf1, 0x73, 0xff, 0xf1, 0x73, 0xff, 0xf1, 0x73, 0xff, 
  0xf1, 0x73, 0xff, 0xf1, 0x73, 0xff, 0x11, 0x74, 0xff, 0x6f, 0x63, 0xff, 
  0xf8, 0xbd, 0x00, 0xff, 0xff, 0x00, 0xff, 0xff, 0x00, 0xff, 0xff, 0x00, 
  0xff, 0xff, 0x00, 0xff, 0xff, 0x00, 0xff, 0xff, 0x00, 0xff, 0xff, 0x00, 
  0xff, 0xff, 0x00, 0xff, 0xff, 0x00, 0xff, 0xff, 0x00, 0xff, 0xff, 0x00, 
  0xff, 0xff, 0x00, 0xff, 0xff, 0x00, 0xff, 0xff, 0x00, 0xf8, 0xbd, 0x00, 
  0x6e, 0x63, 0xff, 0x10, 0x74, 0xff, 0xf0, 0x73, 0xff, 0xf0, 0x73, 0xff, 
  0xf0, 0x73, 0xff, 0xf0, 0x73, 0xff, 0xf0, 0x73, 0xff, 0xf0, 0x73, 0xff, 
  0xf0, 0x73, 0xff, 0xf0, 0x73, 0xff, 0xf0, 0x73, 0xff, 0xf0, 0x73, 0xff, 
  0xf0, 0x73, 0xff, 0xf0, 0x73, 0xff, 0xf0, 0x73, 0xff, 0xf0, 0x73, 0xff, 
  0xf0, 0x73, 0xff, 0xf0, 0x73, 0xff, 0xf0, 0x73, 0xff, 0xf0, 0x73, 0xff, 
  0xf0, 0x73, 0xff, 0xf0, 0x73, 0xff, 0xf0, 0x73, 0xff, 0xf0, 0x73, 0xff, 
  0xf0, 0x73, 0xff, 0xf0, 0x73, 0xff, 0xf0, 0x73, 0xff, 0xf0, 0x73, 0xff, 
  0xf0, 0x73, 0xff, 0xf0, 0x73, 0xff, 0xf0, 0x73, 0xff, 0xf0, 0x73, 0xff, 
  0xf0, 0x73, 0xff, 0xd0, 0x73, 0xff, 0xd0, 0x6b, 0xff, 0xaf, 0x6b, 0xff, 
  0x8f, 0x6b, 0xff, 0x8f, 0x63, 0xff, 0x6f, 0x63, 0xff, 0x6e, 0x63, 0xff, 
  0x4e, 0x63, 0xff, 0x2e, 0x5b, 0xff, 0x2e, 0x63, 0xff, 0x4e, 0x63, 0xff, 
  0x2e, 0x5b, 0xff, 0xed, 0x5a, 0xff, 0xec, 0x52, 0xff, 0xec, 0x52, 0xff, 
  0xac, 0x4a, 0xff, 0xab, 0x4a, 0xff, 0x8b, 0x4a, 0xff, 0xab, 0x4a, 0xff, 
  0xab, 0x4a, 0xff, 0xab, 0x42, 0xff, 0xac, 0x4a, 0xff, 0xac, 0x4a, 0xff, 
  0xec, 0x52, 0xff, 0xec, 0x52, 0xff, 0x0c, 0x53, 0xff, 0x2d, 0x5b, 0xff, 
  0x4d, 0x5b, 0xff, 0x4d, 0x5b, 0xff, 0x4d, 0x5b, 0xff, 0x4e, 0x5b, 0xff, 
  0x6e, 0x63, 0xff, 0x6f, 0x63, 0xff, 0x6f, 0x6b, 0xff, 0x8f, 0x6b, 0xff, 
  0xaf, 0x6b, 0xff, 0xb0, 0x73, 0xff, 0xd0, 0x73, 0xff, 0xf0, 0x73, 0xff, 
  0xf0, 0x73, 0xff, 0xf0, 0x73, 0xff, 0xf1, 0x73, 0xff, 0xf0, 0x73, 0xff, 
  0xf0, 0x73, 0xff, 0xf0, 0x73, 0xff, 0xf1, 0x73, 0xff, 0xf1, 0x73, 0xff, 
  0xf0, 0x73, 0xff, 0xf0, 0x73, 0xff, 0xf0, 0x73, 0xff, 0xf0, 0x73, 0xff, 
  0xf0, 0x73, 0xff, 0xf0, 0x73, 0xff, 0xf0, 0x73, 0xff, 0xf0, 0x73, 0xff, 
  0xf0, 0x73, 0xff, 0xf0, 0x73, 0xff, 0xf1, 0x73, 0xff, 0xf0, 0x73, 0xff, 
  0xf1, 0x73, 0xff, 0xf0, 0x73, 0xff, 0xf1, 0x73, 0xff, 0xf0, 0x73, 0xff, 
  0xf1, 0x73, 0xff, 0xf0, 0x73, 0xff, 0xf1, 0x73, 0xff, 0xf0, 0x73, 0xff, 
  0xf1, 0x73, 0xff, 0xf0, 0x73, 0xff, 0xf1, 0x73, 0xff, 0x6e, 0x63, 0xff, 
  0xf8, 0xbd, 0x00, 0xff, 0xff, 0x00, 0xff, 0xff, 0x00, 0xff, 0xff, 0x00, 
  0xff, 0xff, 0x00, 0xff, 0xff, 0x00, 0xff, 0xff, 0x00, 0xff, 0xff, 0x00, 
  0xff, 0xff, 0x00, 0xff, 0xff, 0x00, 0xff, 0xff, 0x00, 0xff, 0xff, 0x00, 
  0xff, 0xff, 0x00, 0xff, 0xff, 0x00, 0xff, 0xff, 0x00, 0xf8, 0xbd, 0x00, 
  0x6e, 0x63, 0xff, 0x10, 0x74, 0xff, 0xf0, 0x73, 0xff, 0xf0, 0x73, 0xff, 
  0xf0, 0x73, 0xff, 0xf1, 0x73, 0xff, 0xf0, 0x73, 0xff, 0xf0, 0x73, 0xff, 
  0xf0, 0x73, 0xff, 0xf0, 0x73, 0xff, 0xf0, 0x73, 0xff, 0xf0, 0x73, 0xff, 
  0xf0, 0x73, 0xff, 0xf0, 0x73, 0xff, 0xf0, 0x73, 0xff, 0xf0, 0x73, 0xff, 
  0xf0, 0x73, 0xff, 0xf0, 0x73, 0xff, 0xf0, 0x73, 0xff, 0xf0, 0x73, 0xff, 
  0xf0, 0x73, 0xff, 0xf0, 0x73, 0xff, 0xf0, 0x73, 0xff, 0xf0, 0x73, 0xff, 
  0xf0, 0x73, 0xff, 0xf0, 0x73, 0xff, 0xf0, 0x73, 0xff, 0xf0, 0x73, 0xff, 
  0xf0, 0x73, 0xff, 0xd0, 0x73, 0xff, 0xd0, 0x73, 0xff, 0xd0, 0x73, 0xff, 
  0xf0, 0x73, 0xff, 0xf0, 0x73, 0xff, 0xd0, 0x73, 0xff, 0xd0, 0x6b, 0xff, 
  0xaf, 0x6b, 0xff, 0x8f, 0x6b, 0xff, 0x8f, 0x63, 0xff, 0x8f, 0x63, 0xff, 
  0x6f, 0x63, 0xff, 0x6e, 0x63, 0xff, 0x4e, 0x63, 0xff, 0x2e, 0x5b, 0xff, 
  0x2e, 0x5b, 0xff, 0x4e, 0x63, 0xff, 0x2e, 0x5b, 0xff, 0x2e, 0x5b, 0xff, 
  0x4e, 0x5b, 0xff, 0x4e, 0x5b, 0xff, 0x4e, 0x5b, 0xff, 0x2d, 0x5b, 0xff, 
  0x2d, 0x5b, 0xff, 0x4e, 0x5b, 0xff, 0x4e, 0x5b, 0xff, 0x4e, 0x5b, 0xff, 
  0x2d, 0x5b, 0xff, 0x2d, 0x63, 0xff, 0x4d, 0x63, 0xff, 0x2d, 0x5b, 0xff, 
  0x2d, 0x5b, 0xff, 0x4d, 0x63, 0xff, 0x6e, 0x63, 0xff, 0x8e, 0x63, 0xff, 
  0x6e, 0x6b, 0xff, 0x8f, 0x6b, 0xff, 0x8f, 0x6b, 0xff, 0x8f, 0x6b, 0xff, 
  0xb0, 0x6b, 0xff, 0xd0, 0x73, 0xff, 0xf0, 0x73, 0xff, 0xf0, 0x73, 0xff, 
  0xf0, 0x6b, 0xff, 0xf0, 0x73, 0xff, 0xf0, 0x73, 0xff, 0xf0, 0x73, 0xff, 
  0xf0, 0x73, 0xff, 0xf0, 0x73, 0xff, 0xf0, 0x73, 0xff, 0xf0, 0x73, 0xff, 
  0xf0, 0x73, 0xff, 0xf0, 0x73, 0xff, 0xf0, 0x73, 0xff, 0xf0, 0x73, 0xff, 
  0xf0, 0x73, 0xff, 0xf0, 0x73, 0xff, 0xf0, 0x73, 0xff, 0xf0, 0x73, 0xff, 
  0xf0, 0x73, 0xff, 0xf0, 0x73, 0xff, 0xf0, 0x73, 0xff, 0xf0, 0x73, 0xff, 
  0xf0, 0x73, 0xff, 0xf0, 0x73, 0xff, 0xf0, 0x73, 0xff, 0xf0, 0x73, 0xff, 
  0xf1, 0x73, 0xff, 0xf0, 0x73, 0xff, 0xf1, 0x73, 0xff, 0xf0, 0x73, 0xff, 
  0xf0, 0x73, 0xff, 0xf0, 0x73, 0xff, 0x11, 0x74, 0xff, 0x6e, 0x63, 0xff, 
  0xf8, 0xbd, 0x00, 0xff, 0xff, 0x00, 0xff, 0xff, 0x00, 0xff, 0xff, 0x00, 
  0xff, 0xff, 0x00, 0xff, 0xff, 0x00, 0xff, 0xff, 0x00, 0xff, 0xff, 0x00, 
  0xff, 0xff, 0x00, 0xff, 0xff, 0x00, 0xff, 0xff, 0x00, 0xff, 0xff, 0x00, 
  0xff, 0xff, 0x00, 0xff, 0xff, 0x00, 0xff, 0xff, 0x00, 0xf8, 0xbd, 0x00, 
  0x4e, 0x63, 0xff, 0xf0, 0x73, 0xff, 0xd0, 0x73, 0xff, 0xf0, 0x6b, 0xff, 
  0xf0, 0x6b, 0xff, 0xf0, 0x73, 0xff, 0xf0, 0x6b, 0xff, 0xf0, 0x6b, 0xff, 
  0xf0, 0x6b, 0xff, 0xf0, 0x6b, 0xff, 0xf0, 0x6b, 0xff, 0xf0, 0x6b, 0xff, 
  0xf0, 0x6b, 0xff, 0xf0, 0x6b, 0xff, 0xf0, 0x6b, 0xff, 0xf0, 0x6b, 0xff, 
  0xf0, 0x6b, 0xff, 0xf0, 0x6b, 0xff, 0xf0, 0x6b, 0xff, 0xf0, 0x6b, 0xff, 
  0xf0, 0x6b, 0xff, 0xf0, 0x6b, 0xff, 0xf0, 0x6b, 0xff, 0xf0, 0x6b, 0xff, 
  0xf0, 0x73, 0xff, 0xf0, 0x73, 0xff, 0xf0, 0x73, 0xff, 0xf0, 0x73, 0xff, 
  0xf0, 0x73, 0xff, 0xf0, 0x73, 0xff, 0xf0, 0x73, 0xff, 0xf0, 0x73, 0xff, 
  0xf0, 0x73, 0xff, 0xf0, 0x73, 0xff, 0xf0, 0x73, 0xff, 0xf0, 0x73, 0xff, 
  0xd0, 0x73, 0xff, 0xb0, 0x6b, 0xff, 0xaf, 0x6b, 0xff, 0x8f, 0x6b, 0xff, 
  0x6e, 0x63, 0xff, 0x8f, 0x63, 0xff, 0x6f, 0x63, 0xff, 0x4e, 0x63, 0xff, 
  0x4e, 0x63, 0xff, 0x4e, 0x63, 0xff, 0x4e, 0x63, 0xff, 0x4e, 0x5b, 0xff, 
  0x2e, 0x5b, 0xff, 0x2e, 0x5b, 0xff, 0x2e, 0x5b, 0xff, 0x4d, 0x5b, 0xff, 
  0x4d, 0x5b, 0xff, 0x4d, 0x5b, 0xff, 0x2d, 0x5b, 0xff, 0x2d, 0x5b, 0xff, 
  0x4d, 0x5b, 0xff, 0x4e, 0x63, 0xff, 0x4e, 0x63, 0xff, 0x4e, 0x63, 0xff, 
  0x6e, 0x63, 0xff, 0x6e, 0x63, 0xff, 0x8e, 0x63, 0xff, 0x6e, 0x63, 0xff, 
  0x8f, 0x6b, 0xff, 0xaf, 0x6b, 0xff, 0xb0, 0x6b, 0xff, 0xd0, 0x73, 0xff, 
  0xf0, 0x73, 0xff, 0xf0, 0x73, 0xff, 0xf0, 0x73, 0xff, 0xf0, 0x73, 0xff, 
  0xf0, 0x73, 0xff, 0xf0, 0x73, 0xff, 0xf0, 0x73, 0xff, 0xf0, 0x73, 0xff, 
  0xf0, 0x73, 0xff, 0xf0, 0x73, 0xff, 0xf0, 0x73, 0xff, 0xf0, 0x73, 0xff, 
  0xf0, 0x6b, 0xff, 0xf0, 0x6b, 0xff, 0xf0, 0x6b, 0xff, 0xf0, 0x6b, 0xff, 
  0xf0, 0x6b, 0xff, 0xf0, 0x6b, 0xff, 0xf0, 0x6b, 0xff, 0xf0, 0x6b, 0xff, 
  0xf0, 0x6b, 0xff, 0xf0, 0x6b, 0xff, 0xf0, 0x6b, 0xff, 0xf0, 0x6b, 0xff, 
  0xf0, 0x6b, 0xff, 0xf0, 0x6b, 0xff, 0xf0, 0x6b, 0xff, 0xf0, 0x6b, 0xff, 
  0xf0, 0x73, 0xff, 0xf0, 0x6b, 0xff, 0xf0, 0x73, 0xff, 0xf0, 0x73, 0xff, 
  0xf0, 0x6b, 0xff, 0xf0, 0x6b, 0xff, 0xf0, 0x73, 0xff, 0x6e, 0x63, 0xff, 
  0xf8, 0xbd, 0x00, 0xff, 0xff, 0x00, 0xff, 0xff, 0x00, 0xff, 0xff, 0x00, 
  0xff, 0xff, 0x00, 0xff, 0xff, 0x00, 0xff, 0xff, 0x00, 0xff, 0xff, 0x00, 
  0xff, 0xff, 0x00, 0xff, 0xff, 0x00, 0xff, 0xff, 0x00, 0xff, 0xff, 0x00, 
  0xff, 0xff, 0x00, 0xff, 0xff, 0x00, 0xff, 0xff, 0x00, 0xf8, 0xbd, 0x00, 
  0x6e, 0x63, 0xff, 0xf0, 0x73, 0xff, 0xf0, 0x73, 0xff, 0xf0, 0x73, 0xff, 
  0xf0, 0x73, 0xff, 0xf0, 0x73, 0xff, 0xf0, 0x73, 0xff, 0xf0, 0x73, 0xff, 
  0xf0, 0x73, 0xff, 0xf0, 0x73, 0xff, 0xf0, 0x73, 0xff, 0xf0, 0x73, 0xff, 
  0xf0, 0x73, 0xff, 0xf0, 0x73, 0xff, 0xf0, 0x73, 0xff, 0xf0, 0x73, 0xff, 
  0xf0, 0x73, 0xff, 0xf0, 0x73, 0xff, 0xf0, 0x73, 0xff, 0xf0, 0x73, 0xff, 
  0xf0, 0x73, 0xff, 0xf0, 0x73, 0xff, 0xf0, 0x73, 0xff, 0xf0, 0x73, 0xff, 
  0xf0, 0x73, 0xff, 0xf0, 0x73, 0xff, 0xf0, 0x73, 0xff, 0xf0, 0x73, 0xff, 
  0xf0, 0x73, 0xff, 0xf0, 0x73, 0xff, 0xf0, 0x73, 0xff, 0xf0, 0x73, 0xff, 
  0xd0, 0x73, 0xff, 0xd0, 0x73, 0xff, 0xf0, 0x73, 0xff, 0xf0, 0x73, 0xff, 
  0xf0, 0x73, 0xff, 0xd0, 0x73, 0xff, 0xd0, 0x6b, 0xff, 0xaf, 0x6b, 0xff, 
  0xaf, 0x6b, 0xff, 0x8f, 0x6b, 0xff, 0x8f, 0x63, 0xff, 0x8f, 0x6b, 0xff, 
  0x8f, 0x6b, 0xff, 0x6f, 0x63, 0xff, 0x6e, 0x63, 0xff, 0x6e, 0x63, 0xff, 
  0x6e, 0x63, 0xff, 0x4e, 0x5b, 0xff, 0x4e, 0x5b, 0xff, 0x6e, 0x63, 0xff, 
  0x6e, 0x63, 0xff, 0x4e, 0x63, 0xff, 0x4e, 0x63, 0xff, 0x6e, 0x63, 0xff, 
  0x6e, 0x63, 0xff, 0x6e, 0x63, 0xff, 0x6f, 0x63, 0xff, 0x8f, 0x63, 0xff, 
  0x8f, 0x6b, 0xff, 0x6f, 0x63, 0xff, 0x8f, 0x6b, 0xff, 0xaf, 0x6b, 0xff, 
  0xaf, 0x6b, 0xff, 0xd0, 0x6b, 0xff, 0xd0, 0x6b, 0xff, 0xf0, 0x73, 0xff, 
  0xf0, 0x73, 0xff, 0xf0, 0x73, 0xff, 0xd0, 0x73, 0xff, 0xd0, 0x73, 0xff, 
  0xf0, 0x73, 0xff, 0xf0, 0x73, 0xff, 0xf0, 0x73, 0xff, 0xf0, 0x73, 0xff, 
  0xf0, 0x73, 0xff, 0xf0, 0x73, 0xff, 0xf0, 0x73, 0xff, 0xf0, 0x73, 0xff, 
  0xf0, 0x73, 0xff, 0xf0, 0x73, 0xff, 0xf0, 0x73, 0xff, 0xf0, 0x73, 0xff, 
  0xf0, 0x73, 0xff, 0xf0, 0x73, 0xff, 0xf0, 0x73, 0xff, 0xf0, 0x73, 0xff, 
  0xf0, 0x73, 0xff, 0xf0, 0x73, 0xff, 0xf0, 0x73, 0xff, 0xf0, 0x73, 0xff, 
  0xf0, 0x73, 0xff, 0xf0, 0x73, 0xff, 0xf0, 0x73, 0xff, 0xf0, 0x73, 0xff, 
  0xf0, 0x73, 0xff, 0xf0, 0x73, 0xff, 0xf0, 0x73, 0xff, 0xf0, 0x73, 0xff, 
  0xf0, 0x73, 0xff, 0xf0, 0x73, 0xff, 0xf1, 0x73, 0xff, 0x6e, 0x63, 0xff, 
  0xf8, 0xbd, 0x00, 0xff, 0xff, 0x00, 0xff, 0xff, 0x00, 0xff, 0xff, 0x00, 
  0xff, 0xff, 0x00, 0xff, 0xff, 0x00, 0xff, 0xff, 0x00, 0xff, 0xff, 0x00, 
  0xff, 0xff, 0x00, 0xff, 0xff, 0x00, 0xff, 0xff, 0x00, 0xff, 0xff, 0x00, 
  0xff, 0xff, 0x00, 0xff, 0xff, 0x00, 0xff, 0xff, 0x00, 0xf8, 0xbd, 0x00, 
  0x4e, 0x63, 0xff, 0xf0, 0x73, 0xff, 0xf0, 0x73, 0xff, 0xf0, 0x73, 0xff, 
  0xf0, 0x73, 0xff, 0xf0, 0x73, 0xff, 0xf0, 0x73, 0xff, 0xf0, 0x73, 0xff, 
  0xf0, 0x73, 0xff, 0xf0, 0x73, 0xff, 0xf0, 0x73, 0xff, 0xf0, 0x73, 0xff, 
  0xf0, 0x73, 0xff, 0xf0, 0x73, 0xff, 0xf0, 0x73, 0xff, 0xf0, 0x73, 0xff, 
  0xf0, 0x73, 0xff, 0xf0, 0x73, 0xff, 0xf0, 0x73, 0xff, 0xf0, 0x73, 0xff, 
  0xf0, 0x73, 0xff, 0xf0, 0x73, 0xff, 0xf0, 0x73, 0xff, 0xf0, 0x73, 0xff, 
  0xf0, 0x73, 0xff, 0xf0, 0x73, 0xff, 0xf0, 0x73, 0xff, 0xf0, 0x73, 0xff, 
  0xf0, 0x73, 0xff, 0xf0, 0x73, 0xff, 0xf0, 0x73, 0xff, 0xf0, 0x73, 0xff, 
  0xf0, 0x73, 0xff, 0xf0, 0x73, 0xff, 0xd0, 0x73, 0xff, 0xf0, 0x73, 0xff, 
  0xf0, 0x73, 0xff, 0xf0, 0x73, 0xff, 0xf0, 0x73, 0xff, 0xd0, 0x73, 0xff, 
  0xd0, 0x73, 0xff, 0xcf, 0x6b, 0xff, 0xaf, 0x6b, 0xff, 0xaf, 0x6b, 0xff, 
  0x8f, 0x6b, 0xff, 0x8f, 0x6b, 0xff, 0x8f, 0x6b, 0xff, 0x8f, 0x63, 0xff, 
  0x8e, 0x63, 0xff, 0x8f, 0x63, 0xff, 0x8e, 0x63, 0xff, 0x6e, 0x63, 0xff, 
  0x6e, 0x63, 0xff, 0x8e, 0x63, 0xff, 0x8f, 0x6b, 0xff, 0x8f, 0x63, 0xff, 
  0x8f, 0x63, 0xff, 0x8f, 0x63, 0xff, 0x8f, 0x63, 0xff, 0x8f, 0x6b, 0xff, 
  0x90, 0x6b, 0xff, 0xb0, 0x6b, 0xff, 0xd0, 0x6b, 0xff, 0xd0, 0x6b, 0xff, 
  0xf0, 0x6b, 0xff, 0xf0, 0x73, 0xff, 0xf0, 0x73, 0xff, 0xf0, 0x73, 0xff, 
  0xf0, 0x73, 0xff, 0xd0, 0x73, 0xff, 0xf0, 0x73, 0xff, 0xf0, 0x73, 0xff, 
  0xf0, 0x73, 0xff, 0xf0, 0x73, 0xff, 0xf0, 0x73, 0xff, 0xf0, 0x73, 0xff, 
  0xf0, 0x73, 0xff, 0xf0, 0x73, 0xff, 0xf0, 0x73, 0xff, 0xf0, 0x73, 0xff, 
  0xf0, 0x73, 0xff, 0xf0, 0x73, 0xff, 0xf0, 0x73, 0xff, 0xf0, 0x73, 0xff, 
  0xf0, 0x73, 0xff, 0xf0, 0x73, 0xff, 0xf0, 0x73, 0xff, 0xf0, 0x73, 0xff, 
  0xf0, 0x73, 0xff, 0xf0, 0x73, 0xff, 0xf0, 0x73, 0xff, 0xf0, 0x73, 0xff, 
  0xf0, 0x73, 0xff, 0xf0, 0x73, 0xff, 0xf0, 0x73, 0xff, 0xf0, 0x73, 0xff, 
  0xf0, 0x73, 0xff, 0xd0, 0x73, 0xff, 0xf0, 0x73, 0xff, 0xf0, 0x73, 0xff, 
  0xf0, 0x73, 0xff, 0xf0, 0x73, 0xff, 0xf1, 0x73, 0xff, 0x6e, 0x63, 0xff, 
  0xf8, 0xbd, 0x00, 0xff, 0xff, 0x00, 0xff, 0xff, 0x00, 0xff, 0xff, 0x00, 
  0xff, 0xff, 0x00, 0xff, 0xff, 0x00, 0xff, 0xff, 0x00, 0xff, 0xff, 0x00, 
  0xff, 0xff, 0x00, 0xff, 0xff, 0x00, 0xff, 0xff, 0x00, 0xff, 0xff, 0x00, 
  0xff, 0xff, 0x00, 0xff, 0xff, 0x00, 0xff, 0xff, 0x00, 0xf8, 0xbd, 0x00, 
  0x6e, 0x63, 0xff, 0xf0, 0x73, 0xff, 0xf0, 0x73, 0xff, 0xd0, 0x73, 0xff, 
  0xf1, 0x73, 0xff, 0xd0, 0x6b, 0xff, 0xf0, 0x6b, 0xff, 0xf0, 0x6b, 0xff, 
  0xd0, 0x73, 0xff, 0xd0, 0x73, 0xff, 0xd0, 0x73, 0xff, 0xd0, 0x73, 0xff, 
  0xd0, 0x73, 0xff, 0xd0, 0x73, 0xff, 0xd0, 0x73, 0xff, 0xd0, 0x73, 0xff, 
  0xd0, 0x73, 0xff, 0xd0, 0x73, 0xff, 0xd0, 0x73, 0xff, 0xd0, 0x73, 0xff, 
  0xd0, 0x73, 0xff, 0xd0, 0x73, 0xff, 0xd0, 0x73, 0xff, 0xd0, 0x73, 0xff, 
  0xd0, 0x73, 0xff, 0xd0, 0x73, 0xff, 0xd0, 0x73, 0xff, 0xd0, 0x73, 0xff, 
  0xd0, 0x73, 0xff, 0xd0, 0x73, 0xff, 0xd0, 0x73, 0xff, 0xd0, 0x73, 0xff, 
  0xd0, 0x73, 0xff, 0xd0, 0x73, 0xff, 0xd0, 0x73, 0xff, 0xd0, 0x73, 0xff, 
  0xd0, 0x73, 0xff, 0xd0, 0x73, 0xff, 0xd0, 0x73, 0xff, 0xd0, 0x73, 0xff, 
  0xd0, 0x73, 0xff, 0xd0, 0x73, 0xff, 0xd0, 0x73, 0xff, 0xcf, 0x6b, 0xff, 
  0xaf, 0x6b, 0xff, 0xaf, 0x6b, 0xff, 0xaf, 0x6b, 0xff, 0x8f, 0x6b, 0xff, 
  0x8f, 0x6b, 0xff, 0x8f, 0x6b, 0xff, 0x8f, 0x6b, 0xff, 0x8f, 0x6b, 0xff, 
  0x8f, 0x6b, 0xff, 0x8f, 0x6b, 0xff, 0x8f, 0x6b, 0xff, 0x8f, 0x6b, 0xff, 
  0x8f, 0x6b, 0xff, 0x8f, 0x6b, 0xff, 0xaf, 0x6b, 0xff, 0xb0, 0x6b, 0xff, 
  0xb0, 0x6b, 0xff, 0xd0, 0x73, 0xff, 0xd0, 0x73, 0xff, 0xd0, 0x73, 0xff, 
  0xd0, 0x73, 0xff, 0xd0, 0x73, 0xff, 0xd0, 0x73, 0xff, 0xd0, 0x73, 0xff, 
  0xd0, 0x73, 0xff, 0xd0, 0x73, 0xff, 0xd0, 0x73, 0xff, 0xd0, 0x73, 0xff, 
  0xd0, 0x73, 0xff, 0xd0, 0x73, 0xff, 0xd0, 0x73, 0xff, 0xd0, 0x73, 0xff, 
  0xd0, 0x73, 0xff, 0xd0, 0x73, 0xff, 0xd0, 0x73, 0xff, 0xd0, 0x73, 0xff, 
  0xd0, 0x73, 0xff, 0xd0, 0x73, 0xff, 0xd0, 0x73, 0xff, 0xd0, 0x73, 0xff, 
  0xd0, 0x73, 0xff, 0xd0, 0x73, 0xff, 0xd0, 0x73, 0xff, 0xd0, 0x73, 0xff, 
  0xd0, 0x73, 0xff, 0xf0, 0x6b, 0xff, 0xf0, 0x6b, 0xff, 0xf0, 0x6b, 0xff, 
  0xd0, 0x73, 0xff, 0xd0, 0x73, 0xff, 0xd0, 0x73, 0xff, 0xd0, 0x73, 0xff, 
  0xf0, 0x73, 0xff, 0xd0, 0x73, 0xff, 0xd0, 0x6b, 0xff, 0xf0, 0x73, 0xff, 
  0xd0, 0x6b, 0xff, 0xf0, 0x73, 0xff, 0x11, 0x74, 0xff, 0x4e, 0x63, 0xff, 
  0xf8, 0xbd, 0x00, 0xff, 0xff, 0x00, 0xff, 0xff, 0x00, 0xff, 0xff, 0x00, 
  0xff, 0xff, 0x00, 0xff, 0xff, 0x00, 0xff, 0xff, 0x00, 0xff, 0xff, 0x00, 
  0xff, 0xff, 0x00, 0xff, 0xff, 0x00, 0xff, 0xff, 0x00, 0xff, 0xff, 0x00, 
  0xff, 0xff, 0x00, 0xff, 0xff, 0x00, 0xff, 0xff, 0x00, 0xf8, 0xbd, 0x00, 
  0x4e, 0x63, 0xff, 0xf0, 0x73, 0xff, 0xd0, 0x73, 0xff, 0xd0, 0x73, 0xff, 
  0xd0, 0x6b, 0xff, 0xd0, 0x6b, 0xff, 0xf1, 0x73, 0xff, 0xd0, 0x6b, 0xff, 
  0xd0, 0x73, 0xff, 0xd0, 0x73, 0xff, 0xd0, 0x73, 0xff, 0xd0, 0x73, 0xff, 
  0xd0, 0x73, 0xff, 0xd0, 0x73, 0xff, 0xd0, 0x73, 0xff, 0xd0, 0x73, 0xff, 
  0xd0, 0x73, 0xff, 0xd0, 0x73, 0xff, 0xd0, 0x73, 0xff, 0xd0, 0x73, 0xff, 
  0xd0, 0x73, 0xff, 0xd0, 0x73, 0xff, 0xd0, 0x73, 0xff, 0xd0, 0x73, 0xff, 
  0xd0, 0x73, 0xff, 0xd0, 0x73, 0xff, 0xd0, 0x73, 0xff, 0xd0, 0x73, 0xff, 
  0xd0, 0x73, 0xff, 0xd0, 0x73, 0xff, 0xd0, 0x73, 0xff, 0xd0, 0x73, 0xff, 
  0xd0, 0x73, 0xff, 0xd0, 0x73, 0xff, 0xd0, 0x73, 0xff, 0xd0, 0x73, 0xff, 
  0xd0, 0x73, 0xff, 0xd0, 0x73, 0xff, 0xd0, 0x73, 0xff, 0xd0, 0x73, 0xff, 
  0xf0, 0x73, 0xff, 0xd0, 0x73, 0xff, 0xd0, 0x73, 0xff, 0xd0, 0x73, 0xff, 
  0xd0, 0x73, 0xff, 0xd0, 0x6b, 0xff, 0xd0, 0x73, 0xff, 0xd0, 0x6b, 0xff, 
  0xb0, 0x6b, 0xff, 0xb0, 0x6b, 0xff, 0xb0, 0x6b, 0xff, 0xaf, 0x6b, 0xff, 
  0xaf, 0x6b, 0xff, 0xb0, 0x6b, 0xff, 0xb0, 0x6b, 0xff, 0xb0, 0x6b, 0xff, 
  0xb0, 0x6b, 0xff, 0xd0, 0x6b, 0xff, 0xd0, 0x73, 0xff, 0xd0, 0x73, 0xff, 
  0xd0, 0x73, 0xff, 0xd0, 0x73, 0xff, 0xd0, 0x73, 0xff, 0xf0, 0x73, 0xff, 
  0xd0, 0x73, 0xff, 0xd0, 0x73, 0xff, 0xd0, 0x73, 0xff, 0xd0, 0x73, 0xff, 
  0xd0, 0x73, 0xff, 0xd0, 0x73, 0xff, 0xd0, 0x73, 0xff, 0xd0, 0x73, 0xff, 
  0xd0, 0x73, 0xff, 0xd0, 0x73, 0xff, 0xd0, 0x73, 0xff, 0xd0, 0x73, 0xff, 
  0xd0, 0x73, 0xff, 0xd0, 0x73, 0xff, 0xd0, 0x73, 0xff, 0xd0, 0x73, 0xff, 
  0xd0, 0x73, 0xff, 0xd0, 0x73, 0xff, 0xd0, 0x73, 0xff, 0xd0, 0x73, 0xff, 
  0xd0, 0x73, 0xff, 0xd0, 0x73, 0xff, 0xd0, 0x73, 0xff, 0xd0, 0x73, 0xff, 
  0xd0, 0x73, 0xff, 0xf0, 0x6b, 0xff, 0xf0, 0x6b, 0xff, 0xf0, 0x6b, 0xff, 
  0xd0, 0x73, 0xff, 0xd0, 0x73, 0xff, 0xd0, 0x73, 0xff, 0xd0, 0x73, 0xff, 
  0xd0, 0x6b, 0xff, 0xf1, 0x73, 0xff, 0xd0, 0x73, 0xff, 0xd0, 0x6b, 0xff, 
  0xd0, 0x73, 0xff, 0xb0, 0x6b, 0xff, 0x11, 0x74, 0xff, 0x6e, 0x63, 0xff, 
  0xd7, 0xbd, 0x00, 0xff, 0xff, 0x00, 0xff, 0xff, 0x00, 0xff, 0xff, 0x00, 
  0xff, 0xff, 0x00, 0xff, 0xff, 0x00, 0xff, 0xff, 0x00, 0xff, 0xff, 0x00, 
  0xff, 0xff, 0x00, 0xff, 0xff, 0x00, 0xff, 0xff, 0x00, 0xff, 0xff, 0x00, 
  0xff, 0xff, 0x00, 0xff, 0xff, 0x00, 0xff, 0xff, 0x00, 0x18, 0xbe, 0x00, 
  0xcf, 0x73, 0xff, 0xd0, 0x73, 0xff, 0xf0, 0x73, 0xff, 0x11, 0x74, 0xff, 
  0xd0, 0x73, 0xff, 0xd0, 0x6b, 0xff, 0xf0, 0x6b, 0xff, 0xd0, 0x6b, 0xff, 
  0xf0, 0x6b, 0xff, 0xf0, 0x6b, 0xff, 0xd0, 0x73, 0xff, 0xf0, 0x6b, 0xff, 
  0xd0, 0x73, 0xff, 0xf0, 0x6b, 0xff, 0xd0, 0x73, 0xff, 0xf0, 0x6b, 0xff, 
  0xd0, 0x73, 0xff, 0xf0, 0x6b, 0xff, 0xd0, 0x73, 0xff, 0xf0, 0x6b, 0xff, 
  0xd0, 0x73, 0xff, 0xf0, 0x6b, 0xff, 0xd0, 0x73, 0xff, 0xf0, 0x6b, 0xff, 
  0xd0, 0x73, 0xff, 0xf0, 0x6b, 0xff, 0xd0, 0x73, 0xff, 0xf0, 0x6b, 0xff, 
  0xd0, 0x73, 0xff, 0xf0, 0x6b, 0xff, 0xd0, 0x73, 0xff, 0xf0, 0x6b, 0xff, 
  0xd0, 0x73, 0xff, 0xf0, 0x6b, 0xff, 0xd0, 0x73, 0xff, 0xf0, 0x6b, 0xff, 
  0xd0, 0x73, 0xff, 0xf0, 0x6b, 0xff, 0xd0, 0x73, 0xff, 0xf0, 0x6b, 0xff, 
  0xd0, 0x73, 0xff, 0xf0, 0x6b, 0xff, 0xd0, 0x73, 0xff, 0xf0, 0x6b, 0xff, 
  0xd0, 0x73, 0xff, 0xf0, 0x6b, 0xff, 0xd0, 0x73, 0xff, 0xf0, 0x6b, 0xff, 
  0xd0, 0x73, 0xff, 0xd0, 0x6b, 0xff, 0xd0, 0x73, 0xff, 0xd0, 0x6b, 0xff, 
  0xd0, 0x73, 0xff, 0xd0, 0x6b, 0xff, 0xd0, 0x73, 0xff, 0xd0, 0x6b, 0xff, 
  0xd0, 0x73, 0xff, 0xf0, 0x6b, 0xff, 0xd0, 0x73, 0xff, 0xf0, 0x6b, 0xff, 
  0xd0, 0x73, 0xff, 0xf0, 0x6b, 0xff, 0xd0, 0x73, 0xff, 0xf0, 0x6b, 0xff, 
  0xd0, 0x73, 0xff, 0xf0, 0x6b, 0xff, 0xd0, 0x73, 0xff, 0xf0, 0x6b, 0xff, 
  0xd0, 0x73, 0xff, 0xf0, 0x6b, 0xff, 0xd0, 0x73, 0xff, 0xf0, 0x6b, 0xff, 
  0xd0, 0x73, 0xff, 0xf0, 0x6b, 0xff, 0xd0, 0x73, 0xff, 0xf0, 0x6b, 0xff, 
  0xd0, 0x73, 0xff, 0xf0, 0x6b, 0xff, 0xd0, 0x73, 0xff, 0xf0, 0x6b, 0xff, 
  0xd0, 0x73, 0xff, 0xf0, 0x6b, 0xff, 0xd0, 0x73, 0xff, 0xf0, 0x6b, 0xff, 
  0xd0, 0x73, 0xff, 0xf0, 0x6b, 0xff, 0xd0, 0x73, 0xff, 0xd0, 0x73, 0xff, 
  0xd0, 0x73, 0xff, 0xd0, 0x73, 0xff, 0xd0, 0x73, 0xff, 0xd0, 0x73, 0xff, 
  0xd0, 0x73, 0xff, 0xd0, 0x73, 0xff, 0xd0, 0x73, 0xff, 0xd0, 0x73, 0xff, 
  0xf0, 0x73, 0xff, 0xd0, 0x73, 0xff, 0xd0, 0x73, 0xff, 0xf0, 0x73, 0xff, 
  0xf0, 0x73, 0xff, 0xd0, 0x73, 0xff, 0xf0, 0x73, 0xff, 0xcf, 0x6b, 0xff, 
  0x39, 0xc6, 0x00, 0xff, 0xff, 0x00, 0xff, 0xff, 0x00, 0xff, 0xff, 0x00, 
  0xff, 0xff, 0x00, 0xff, 0xff, 0x00, 0xff, 0xff, 0x00, 0xff, 0xff, 0x00, 
  0xff, 0xff, 0x00, 0xff, 0xff, 0x00, 0xff, 0xff, 0x00, 0xff, 0xff, 0x00, 
  0xff, 0xff, 0x00, 0xff, 0xff, 0x00, 0xff, 0xff, 0x00, 0xdb, 0xd6, 0x00, 
  0x93, 0x8c, 0x00, 0xaf, 0x6b, 0xff, 0xd0, 0x73, 0xff, 0xaf, 0x6b, 0xff, 
  0xf0, 0x73, 0xff, 0xf0, 0x73, 0xff, 0xd0, 0x6b, 0xff, 0xd0, 0x73, 0xff, 
  0xf0, 0x6b, 0xff, 0xf0, 0x6b, 0xff, 0xf0, 0x6b, 0xff, 0xf0, 0x6b, 0xff, 
  0xf0, 0x6b, 0xff, 0xf0, 0x6b, 0xff, 0xf0, 0x6b, 0xff, 0xf0, 0x6b, 0xff, 
  0xf0, 0x6b, 0xff, 0xf0, 0x6b, 0xff, 0xf0, 0x6b, 0xff, 0xf0, 0x6b, 0xff, 
  0xf0, 0x6b, 0xff, 0xf0, 0x6b, 0xff, 0xf0, 0x6b, 0xff, 0xf0, 0x6b, 0xff, 
  0xf0, 0x6b, 0xff, 0xf0, 0x6b, 0xff, 0xf0, 0x6b, 0xff, 0xf0, 0x6b, 0xff, 
  0xf0, 0x6b, 0xff, 0xf0, 0x6b, 0xff, 0xf0, 0x6b, 0xff, 0xf0, 0x6b, 0xff, 
  0xf0, 0x6b, 0xff, 0xf0, 0x6b, 0xff, 0xf0, 0x6b, 0xff, 0xf0, 0x6b, 0xff, 
  0xf0, 0x6b, 0xff, 0xf0, 0x6b, 0xff, 0xf0, 0x6b, 0xff, 0xf0, 0x6b, 0xff, 
  0xd0, 0x6b, 0xff, 0xd0, 0x6b, 0xff, 0xd0, 0x6b, 0xff, 0xd0, 0x6b, 0xff, 
  0xd0, 0x6b, 0xff, 0xd0, 0x6b, 0xff, 0xd0, 0x6b, 0xff, 0xd0, 0x6b, 0xff, 
  0xd0, 0x6b, 0xff, 0xd0, 0x6b, 0xff, 0xd0, 0x6b, 0xff, 0xd0, 0x6b, 0xff, 
  0xd0, 0x6b, 0xff, 0xd0, 0x6b, 0xff, 0xd0, 0x6b, 0xff, 0xf0, 0x6b, 0xff, 
  0xf0, 0x6b, 0xff, 0xf0, 0x6b, 0xff, 0xf0, 0x6b, 0xff, 0xf0, 0x6b, 0xff, 
  0xf0, 0x6b, 0xff, 0xf0, 0x6b, 0xff, 0xf0, 0x6b, 0xff, 0xf0, 0x6b, 0xff, 
  0xf0, 0x6b, 0xff, 0xf0, 0x6b, 0xff, 0xf0, 0x6b, 0xff, 0xf0, 0x6b, 0xff, 
  0xf0, 0x6b, 0xff, 0xf0, 0x6b, 0xff, 0xf0, 0x6b, 0xff, 0xf0, 0x6b, 0xff, 
  0xf0, 0x6b, 0xff, 0xf0, 0x6b, 0xff, 0xf0, 0x6b, 0xff, 0xf0, 0x6b, 0xff, 
  0xf0, 0x6b, 0xff, 0xf0, 0x6b, 0xff, 0xf0, 0x6b, 0xff, 0xf0, 0x6b, 0xff, 
  0xf0, 0x6b, 0xff, 0xf0, 0x6b, 0xff, 0xf0, 0x6b, 0xff, 0xf0, 0x6b, 0xff, 
  0xf0, 0x6b, 0xff, 0xf0, 0x6b, 0xff, 0xf0, 0x6b, 0xff, 0xf0, 0x6b, 0xff, 
  0xd0, 0x73, 0xff, 0xd0, 0x73, 0xff, 0xd0, 0x73, 0xff, 0xd0, 0x73, 0xff, 
  0xd0, 0x73, 0xff, 0xd0, 0x73, 0xff, 0xd0, 0x73, 0xff, 0xd0, 0x73, 0xff, 
  0xd0, 0x73, 0xff, 0xd0, 0x73, 0xff, 0xf0, 0x73, 0xff, 0xd0, 0x73, 0xff, 
  0xb0, 0x6b, 0xff, 0xd0, 0x73, 0xff, 0xaf, 0x6b, 0xff, 0xb3, 0x8c, 0x00, 
  0xfc, 0xde, 0x00, 0xff, 0xff, 0x00, 0xff, 0xff, 0x00, 0xff, 0xff, 0x00, 
  0xff, 0xff, 0x00, 0xff, 0xff, 0x00, 0xff, 0xff, 0x00, 0xff, 0xff, 0x00, 
  0xff, 0xff, 0x00, 0xff, 0xff, 0x00, 0xff, 0xff, 0x00, 0xff, 0xff, 0x00, 
  0xff, 0xff, 0x00, 0xff, 0xff, 0x00, 0xff, 0xff, 0x00, 0xff, 0xff, 0x00, 
  0x39, 0xc6, 0x00, 0xd0, 0x73, 0xff, 0xaf, 0x73, 0xff, 0xf0, 0x73, 0xff, 
  0xf0, 0x73, 0xff, 0xd0, 0x73, 0xff, 0xf0, 0x73, 0xff, 0xf0, 0x73, 0xff, 
  0xf0, 0x73, 0xff, 0xf0, 0x73, 0xff, 0xf0, 0x73, 0xff, 0xf0, 0x73, 0xff, 
  0xf0, 0x73, 0xff, 0xf0, 0x73, 0xff, 0xf0, 0x73, 0xff, 0xf0, 0x73, 0xff, 
  0xf0, 0x73, 0xff, 0xf0, 0x73, 0xff, 0xf0, 0x73, 0xff, 0xf0, 0x73, 0xff, 
  0xf0, 0x73, 0xff, 0xf0, 0x73, 0xff, 0xf0, 0x73, 0xff, 0xf0, 0x73, 0xff, 
  0xf0, 0x73, 0xff, 0xf0, 0x73, 0xff, 0xf0, 0x73, 0xff, 0xf0, 0x73, 0xff, 
  0xf0, 0x73, 0xff, 0xf0, 0x73, 0xff, 0xf0, 0x73, 0xff, 0xf0, 0x73, 0xff, 
  0xf0, 0x73, 0xff, 0xf0, 0x73, 0xff, 0xf0, 0x73, 0xff, 0xf0, 0x73, 0xff, 
  0xf0, 0x73, 0xff, 0xf0, 0x73, 0xff, 0xf0, 0x73, 0xff, 0xf0, 0x73, 0xff, 
  0xf0, 0x73, 0xff, 0xf0, 0x73, 0xff, 0xf0, 0x73, 0xff, 0xf0, 0x73, 0xff, 
  0xf0, 0x73, 0xff, 0xf0, 0x73, 0xff, 0xf0, 0x73, 0xff, 0xf0, 0x73, 0xff, 
  0xf0, 0x73, 0xff, 0xf0, 0x73, 0xff, 0xf0, 0x73, 0xff, 0xf0, 0x73, 0xff, 
  0xf0, 0x73, 0xff, 0xf0, 0x73, 0xff, 0xf0, 0x73, 0xff, 0xf0, 0x73, 0xff, 
  0xf0, 0x73, 0xff, 0xf0, 0x73, 0xff, 0xf0, 0x73, 0xff, 0xf0, 0x73, 0xff, 
  0xf0, 0x73, 0xff, 0xf0, 0x73, 0xff, 0xf0, 0x73, 0xff, 0xf0, 0x73, 0xff, 
  0xf0, 0x73, 0xff, 0xf0, 0x73, 0xff, 0xf0, 0x73, 0xff, 0xf0, 0x73, 0xff, 
  0xf0, 0x73, 0xff, 0xf0, 0x73, 0xff, 0xf0, 0x73, 0xff, 0xf0, 0x73, 0xff, 
  0xf0, 0x73, 0xff, 0xf0, 0x73, 0xff, 0xf0, 0x73, 0xff, 0xf0, 0x73, 0xff, 
  0xf0, 0x73, 0xff, 0xf0, 0x73, 0xff, 0xf0, 0x73, 0xff, 0xf0, 0x73, 0xff, 
  0xf0, 0x73, 0xff, 0xf0, 0x73, 0xff, 0xf0, 0x73, 0xff, 0xf0, 0x73, 0xff, 
  0xf0, 0x73, 0xff, 0xf0, 0x73, 0xff, 0xf0, 0x73, 0xff, 0xf0, 0x73, 0xff, 
  0xf0, 0x73, 0xff, 0xf0, 0x73, 0xff, 0xf0, 0x73, 0xff, 0xf0, 0x73, 0xff, 
  0xf0, 0x73, 0xff, 0xf0, 0x73, 0xff, 0xf0, 0x73, 0xff, 0xf0, 0x73, 0xff, 
  0xf1, 0x73, 0xff, 0xd0, 0x73, 0xff, 0xd0, 0x73, 0xff, 0x11, 0x7c, 0xff, 
  0xf0, 0x73, 0xff, 0x8f, 0x6b, 0xff, 0xf0, 0x73, 0xff, 0x7a, 0xc6, 0x00, 
  0xdf, 0xff, 0x00, 0xff, 0xff, 0x00, 0xff, 0xff, 0x00, 0xff, 0xff, 0x00, 
  0xff, 0xff, 0x00, 0xff, 0xff, 0x00, 0xff, 0xff, 0x00, 0xff, 0xff, 0x00, 
  0xff, 0xff, 0x00, 0xff, 0xff, 0x00, 0xff, 0xff, 0x00, 0xff, 0xff, 0x00, 
  0xff, 0xff, 0x00, 0xff, 0xff, 0x00, 0xff, 0xff, 0x00, 0xff, 0xff, 0x00, 
  0xbf, 0xf7, 0x00, 0x7a, 0xce, 0x00, 0x93, 0x94, 0x00, 0xaf, 0x6b, 0xff, 
  0x4e, 0x63, 0xff, 0x4e, 0x63, 0xff, 0x4e, 0x63, 0xff, 0x4e, 0x63, 0xff, 
  0x4e, 0x63, 0xff, 0x4e, 0x63, 0xff, 0x4e, 0x63, 0xff, 0x4e, 0x63, 0xff, 
  0x4e, 0x63, 0xff, 0x4e, 0x63, 0xff, 0x4e, 0x63, 0xff, 0x4e, 0x63, 0xff, 
  0x4e, 0x63, 0xff, 0x4e, 0x63, 0xff, 0x4e, 0x63, 0xff, 0x4e, 0x63, 0xff, 
  0x4e, 0x63, 0xff, 0x4e, 0x63, 0xff, 0x4e, 0x63, 0xff, 0x4e, 0x63, 0xff, 
  0x4e, 0x63, 0xff, 0x4e, 0x63, 0xff, 0x4e, 0x63, 0xff, 0x4e, 0x63, 0xff, 
  0x4e, 0x63, 0xff, 0x4e, 0x63, 0xff, 0x4e, 0x63, 0xff, 0x4e, 0x63, 0xff, 
  0x4e, 0x63, 0xff, 0x4e, 0x63, 0xff, 0x4e, 0x63, 0xff, 0x4e, 0x63, 0xff, 
  0x4e, 0x63, 0xff, 0x4e, 0x63, 0xff, 0x4e, 0x63, 0xff, 0x4e, 0x63, 0xff, 
  0x6e, 0x63, 0xff, 0x6e, 0x63, 0xff, 0x6e, 0x63, 0xff, 0x6e, 0x63, 0xff, 
  0x4e, 0x63, 0xff, 0x4e, 0x63, 0xff, 0x4e, 0x63, 0xff, 0x4e, 0x63, 0xff, 
  0x4e, 0x63, 0xff, 0x4e, 0x63, 0xff, 0x4e, 0x63, 0xff, 0x4e, 0x63, 0xff, 
  0x4e, 0x63, 0xff, 0x4e, 0x63, 0xff, 0x4e, 0x63, 0xff, 0x4e, 0x63, 0xff, 
  0x4e, 0x63, 0xff, 0x4e, 0x63, 0xff, 0x4e, 0x63, 0xff, 0x4e, 0x63, 0xff, 
  0x6e, 0x63, 0xff, 0x6e, 0x63, 0xff, 0x6e, 0x63, 0xff, 0x6e, 0x63, 0xff, 
  0x4e, 0x63, 0xff, 0x4e, 0x63, 0xff, 0x4e, 0x63, 0xff, 0x4e, 0x63, 0xff, 
  0x4e, 0x63, 0xff, 0x4e, 0x63, 0xff, 0x4e, 0x63, 0xff, 0x4e, 0x63, 0xff, 
  0x4e, 0x63, 0xff, 0x4e, 0x63, 0xff, 0x4e, 0x63, 0xff, 0x4e, 0x63, 0xff, 
  0x4e, 0x63, 0xff, 0x4e, 0x63, 0xff, 0x4e, 0x63, 0xff, 0x4e, 0x63, 0xff, 
  0x4e, 0x63, 0xff, 0x4e, 0x63, 0xff, 0x4e, 0x63, 0xff, 0x4e, 0x63, 0xff, 
  0x4e, 0x63, 0xff, 0x4e, 0x63, 0xff, 0x4e, 0x63, 0xff, 0x4e, 0x63, 0xff, 
  0x4e, 0x63, 0xff, 0x4e, 0x63, 0xff, 0x4e, 0x63, 0xff, 0x4e, 0x63, 0xff, 
  0x4e, 0x63, 0xff, 0x4e, 0x63, 0xff, 0x4e, 0x63, 0xff, 0x4e, 0x63, 0xff, 
  0x4e, 0x63, 0xff, 0x6e, 0x63, 0xff, 0x6e, 0x63, 0xff, 0x2d, 0x63, 0xff, 
  0xaf, 0x6b, 0xff, 0xb3, 0x8c, 0x00, 0x7a, 0xc6, 0x00, 0xdf, 0xf7, 0x00, 
  0xff, 0xff, 0x00, 0xff, 0xff, 0x00, 0xff, 0xff, 0x00, 0xff, 0xff, 0x00, 
  0xff, 0xff, 0x00, 0xff, 0xff, 0x00, 0xff, 0xff, 0x00, 0xff, 0xff, 0x00, 
  0xff, 0xff, 0x00, 0xff, 0xff, 0x00, 0xff, 0xff, 0x00, 0xff, 0xff, 0x00, 
  0xff, 0xff, 0x00, 0xff, 0xff, 0x00, 0xff, 0xff, 0x00, 0xff, 0xff, 0x00, 
  0xff, 0xff, 0x00, 0xff, 0xff, 0x00, 0xdb, 0xd6, 0x00, 0x39, 0xc6, 0x00, 
  0xf8, 0xbd, 0x00, 0xf8, 0xb5, 0x00, 0xd7, 0xb5, 0x00, 0xd8, 0xbd, 0x00, 
  0xd8, 0xbd, 0x00, 0xd8, 0xbd, 0x00, 0xd8, 0xbd, 0x00, 0xd8, 0xbd, 0x00, 
  0xd8, 0xbd, 0x00, 0xd8, 0xbd, 0x00, 0xd8, 0xbd, 0x00, 0xd8, 0xbd, 0x00, 
  0xd8, 0xbd, 0x00, 0xd8, 0xbd, 0x00, 0xd8, 0xbd, 0x00, 0xd8, 0xbd, 0x00, 
  0xd8, 0xbd, 0x00, 0xd8, 0xbd, 0x00, 0xd8, 0xbd, 0x00, 0xd8, 0xbd, 0x00, 
  0xd8, 0xbd, 0x00, 0xd8, 0xbd, 0x00, 0xd8, 0xbd, 0x00, 0xd8, 0xbd, 0x00, 
  0xd8, 0xbd, 0x00, 0xd8, 0xbd, 0x00, 0xd8, 0xbd, 0x00, 0xd8, 0xbd, 0x00, 
  0xd8, 0xbd, 0x00, 0xd8, 0xbd, 0x00, 0xd8, 0xbd, 0x00, 0xd8, 0xbd, 0x00, 
  0xd8, 0xbd, 0x00, 0xd8, 0xbd, 0x00, 0xd8, 0xbd, 0x00, 0xd8, 0xbd, 0x00, 
  0xd7, 0xb5, 0x00, 0xd7, 0xb5, 0x00, 0xd7, 0xb5, 0x00, 0xd8, 0xbd, 0x00, 
  0xd8, 0xbd, 0x00, 0xd8, 0xbd, 0x00, 0xd8, 0xbd, 0x00, 0xd8, 0xbd, 0x00, 
  0xd8, 0xbd, 0x00, 0xd8, 0xbd, 0x00, 0xd8, 0xbd, 0x00, 0xd8, 0xbd, 0x00, 
  0xd8, 0xbd, 0x00, 0xd8, 0xbd, 0x00, 0xd8, 0xbd, 0x00, 0xd8, 0xbd, 0x00, 
  0xd8, 0xbd, 0x00, 0xd8, 0xbd, 0x00, 0xd8, 0xbd, 0x00, 0xd8, 0xbd, 0x00, 
  0xd8, 0xbd, 0x00, 0xd8, 0xb5, 0x00, 0xd8, 0xb5, 0x00, 0xd8, 0xb5, 0x00, 
  0xd8, 0xbd, 0x00, 0xd8, 0xbd, 0x00, 0xd8, 0xbd, 0x00, 0xd8, 0xbd, 0x00, 
  0xd8, 0xbd, 0x00, 0xd8, 0xbd, 0x00, 0xd8, 0xbd, 0x00, 0xd8, 0xbd, 0x00, 
  0xd8, 0xbd, 0x00, 0xd8, 0xbd, 0x00, 0xd8, 0xbd, 0x00, 0xd8, 0xbd, 0x00, 
  0xd8, 0xbd, 0x00, 0xd8, 0xbd, 0x00, 0xd8, 0xbd, 0x00, 0xd8, 0xbd, 0x00, 
  0xd8, 0xbd, 0x00, 0xd8, 0xbd, 0x00, 0xd8, 0xbd, 0x00, 0xd8, 0xbd, 0x00, 
  0xd8, 0xbd, 0x00, 0xd8, 0xbd, 0x00, 0xd8, 0xbd, 0x00, 0xf8, 0xb5, 0x00, 
  0xf8, 0xb5, 0x00, 0xf8, 0xb5, 0x00, 0xf8, 0xb5, 0x00, 0xf8, 0xb5, 0x00, 
  0xf8, 0xb5, 0x00, 0xf8, 0xb5, 0x00, 0xf8, 0xb5, 0x00, 0xf8, 0xb5, 0x00, 
  0xf8, 0xb5, 0x00, 0xf8, 0xbd, 0x00, 0xf8, 0xbd, 0x00, 0xd7, 0xb5, 0x00, 
  0x18, 0xbe, 0x00, 0xfc, 0xde, 0x00, 0xff, 0xff, 0x00, 0xff, 0xff, 0x00, 
  0xff, 0xff, 0x00, 0xff, 0xff, 0x00, 0xff, 0xff, 0x00, 0xff, 0xff, 0x00, 
  0xff, 0xff, 0x00, 0xff, 0xff, 0x00, 0xff, 0xff, 0x00, 0xff, 0xff, 0x00, 
  0xff, 0xff, 0x00, 0xff, 0xff, 0x00, 0xff, 0xff, 0x00, 0xff, 0xff, 0x00, 
  0xff, 0xff, 0x00, 0xff, 0xff, 0x00, 0xff, 0xff, 0x00, 0xff, 0xff, 0x00, 
  0xff, 0xff, 0x00, 0xff, 0xff, 0x00, 0xff, 0xff, 0x00, 0xff, 0xff, 0x00, 
  0xff, 0xff, 0x00, 0xff, 0xff, 0x00, 0xff, 0xff, 0x00, 0xff, 0xff, 0x00, 
  0xff, 0xff, 0x00, 0xff, 0xff, 0x00, 0xff, 0xff, 0x00, 0xff, 0xff, 0x00, 
  0xff, 0xff, 0x00, 0xff, 0xff, 0x00, 0xff, 0xff, 0x00, 0xff, 0xff, 0x00, 
  0xff, 0xff, 0x00, 0xff, 0xff, 0x00, 0xff, 0xff, 0x00, 0xff, 0xff, 0x00, 
  0xff, 0xff, 0x00, 0xff, 0xff, 0x00, 0xff, 0xff, 0x00, 0xff, 0xff, 0x00, 
  0xff, 0xff, 0x00, 0xff, 0xff, 0x00, 0xff, 0xff, 0x00, 0xff, 0xff, 0x00, 
  0xff, 0xff, 0x00, 0xff, 0xff, 0x00, 0xff, 0xff, 0x00, 0xff, 0xff, 0x00, 
  0xff, 0xff, 0x00, 0xff, 0xff, 0x00, 0xff, 0xff, 0x00, 0xff, 0xff, 0x00, 
  0xff, 0xff, 0x00, 0xff, 0xff, 0x00, 0xff, 0xff, 0x00, 0xff, 0xff, 0x00, 
  0xff, 0xff, 0x00, 0xff, 0xff, 0x00, 0xff, 0xff, 0x00, 0xff, 0xff, 0x00, 
  0xff, 0xff, 0x00, 0xff, 0xff, 0x00, 0xff, 0xff, 0x00, 0xff, 0xff, 0x00, 
  0xff, 0xff, 0x00, 0xff, 0xff, 0x00, 0xff, 0xff, 0x00, 0xff, 0xff, 0x00, 
  0xff, 0xff, 0x00, 0xff, 0xff, 0x00, 0xff, 0xff, 0x00, 0xff, 0xff, 0x00, 
  0xff, 0xff, 0x00, 0xff, 0xff, 0x00, 0xff, 0xff, 0x00, 0xff, 0xff, 0x00, 
  0xff, 0xff, 0x00, 0xff, 0xff, 0x00, 0xff, 0xff, 0x00, 0xff, 0xff, 0x00, 
  0xff, 0xff, 0x00, 0xff, 0xff, 0x00, 0xff, 0xff, 0x00, 0xff, 0xff, 0x00, 
  0xff, 0xff, 0x00, 0xff, 0xff, 0x00, 0xff, 0xff, 0x00, 0xff, 0xff, 0x00, 
  0xff, 0xff, 0x00, 0xff, 0xff, 0x00, 0xff, 0xff, 0x00, 0xff, 0xff, 0x00, 
  0xff, 0xff, 0x00, 0xff, 0xff, 0x00, 0xff, 0xff, 0x00, 0xff, 0xff, 0x00, 
  0xff, 0xff, 0x00, 0xff, 0xff, 0x00, 0xff, 0xff, 0x00, 0xff, 0xff, 0x00, 
  0xff, 0xff, 0x00, 0xff, 0xff, 0x00, 0xff, 0xff, 0x00, 0xff, 0xff, 0x00, 
  0xff, 0xff, 0x00, 0xff, 0xff, 0x00, 0xff, 0xff, 0x00, 0xff, 0xff, 0x00, 
  0xff, 0xff, 0x00, 0xff, 0xff, 0x00, 0xff, 0xff, 0x00, 0xff, 0xff, 0x00, 
  0xff, 0xff, 0x00, 0xff, 0xff, 0x00, 0xff, 0xff, 0x00, 0xff, 0xff, 0x00, 
  0xff, 0xff, 0x00, 0xff, 0xff, 0x00, 0xff, 0xff, 0x00, 0xff, 0xff, 0x00, 
  0xff, 0xff, 0x00, 0xff, 0xff, 0x00, 0xff, 0xff, 0x00, 0xff, 0xff, 0x00, 
  0xff, 0xff, 0x00, 0xff, 0xff, 0x00, 0xff, 0xff, 0x00, 0xff, 0xff, 0x00, 
  0xff, 0xff, 0x00, 0xff, 0xff, 0x00, 0xff, 0xff, 0x00, 0xff, 0xff, 0x00, 
  0xff, 0xff, 0x00, 0xff, 0xff, 0x00, 0xff, 0xff, 0x00, 0xff, 0xff, 0x00, 
  0xff, 0xff, 0x00, 0xff, 0xff, 0x00, 0xff, 0xff, 0x00, 0xff, 0xff, 0x00, 
  0xff, 0xff, 0x00, 0xff, 0xff, 0x00, 0xff, 0xff, 0x00, 0xff, 0xff, 0x00, 
  0xff, 0xff, 0x00, 0xff, 0xff, 0x00, 0xff, 0xff, 0x00, 0xff, 0xff, 0x00, 
  0xff, 0xff, 0x00, 0xff, 0xff, 0x00, 0xff, 0xff, 0x00, 0xff, 0xff, 0x00, 
  0xff, 0xff, 0x00, 0xff, 0xff, 0x00, 0xff, 0xff, 0x00, 0xff, 0xff, 0x00, 
  0xff, 0xff, 0x00, 0xff, 0xff, 0x00, 0xff, 0xff, 0x00, 0xff, 0xff, 0x00, 
  0xff, 0xff, 0x00, 0xff, 0xff, 0x00, 0xff, 0xff, 0x00, 0xff, 0xff, 0x00, 
  0xff, 0xff, 0x00, 0xff, 0xff, 0x00, 0xff, 0xff, 0x00, 0xff, 0xff, 0x00, 
  0xff, 0xff, 0x00, 0xff, 0xff, 0x00, 0xff, 0xff, 0x00, 0xff, 0xff, 0x00, 
  0xff, 0xff, 0x00, 0xff, 0xff, 0x00, 0xff, 0xff, 0x00, 0xff, 0xff, 0x00, 
  0xff, 0xff, 0x00, 0xff, 0xff, 0x00, 0xff, 0xff, 0x00, 0xff, 0xff, 0x00, 
  0xff, 0xff, 0x00, 0xff, 0xff, 0x00, 0xff, 0xff, 0x00, 0xff, 0xff, 0x00, 
  0xff, 0xff, 0x00, 0xff, 0xff, 0x00, 0xff, 0xff, 0x00, 0xff, 0xff, 0x00, 
  0xff, 0xff, 0x00, 0xff, 0xff, 0x00, 0xff, 0xff, 0x00, 0xff, 0xff, 0x00, 
  0xff, 0xff, 0x00, 0xff, 0xff, 0x00, 0xff, 0xff, 0x00, 0xff, 0xff, 0x00, 
  0xff, 0xff, 0x00, 0xff, 0xff, 0x00, 0xff, 0xff, 0x00, 0xff, 0xff, 0x00, 
  0xff, 0xff, 0x00, 0xff, 0xff, 0x00, 0xff, 0xff, 0x00, 0xff, 0xff, 0x00, 
  0xff, 0xff, 0x00, 0xff, 0xff, 0x00, 0xff, 0xff, 0x00, 0xff, 0xff, 0x00, 
  0xff, 0xff, 0x00, 0xff, 0xff, 0x00, 0xff, 0xff, 0x00, 0xff, 0xff, 0x00, 
  0xff, 0xff, 0x00, 0xff, 0xff, 0x00, 0xff, 0xff, 0x00, 0xff, 0xff, 0x00, 
  0xff, 0xff, 0x00, 0xff, 0xff, 0x00, 0xff, 0xff, 0x00, 0xff, 0xff, 0x00, 
  0xff, 0xff, 0x00, 0xff, 0xff, 0x00, 0xff, 0xff, 0x00, 0xff, 0xff, 0x00, 
  0xff, 0xff, 0x00, 0xff, 0xff, 0x00, 0xff, 0xff, 0x00, 0xff, 0xff, 0x00, 
  0xff, 0xff, 0x00, 0xff, 0xff, 0x00, 0xff, 0xff, 0x00, 0xff, 0xff, 0x00, 
  0xff, 0xff, 0x00, 0xff, 0xff, 0x00, 0xff, 0xff, 0x00, 0xff, 0xff, 0x00, 
  0xff, 0xff, 0x00, 0xff, 0xff, 0x00, 0xff, 0xff, 0x00, 0xff, 0xff, 0x00, 
  0xff, 0xff, 0x00, 0xff, 0xff, 0x00, 0xff, 0xff, 0x00, 0xff, 0xff, 0x00, 
  0xff, 0xff, 0x00, 0xff, 0xff, 0x00, 0xff, 0xff, 0x00, 0xff, 0xff, 0x00, 
  0xff, 0xff, 0x00, 0xff, 0xff, 0x00, 0xff, 0xff, 0x00, 0xff, 0xff, 0x00, 
  0xff, 0xff, 0x00, 0xff, 0xff, 0x00, 0xff, 0xff, 0x00, 0xff, 0xff, 0x00, 
  0xff, 0xff, 0x00, 0xff, 0xff, 0x00, 0xff, 0xff, 0x00, 0xff, 0xff, 0x00, 
  0xff, 0xff, 0x00, 0xff, 0xff, 0x00, 0xff, 0xff, 0x00, 0xff, 0xff, 0x00, 
  0xff, 0xff, 0x00, 0xff, 0xff, 0x00, 0xff, 0xff, 0x00, 0xff, 0xff, 0x00, 
  0xff, 0xff, 0x00, 0xff, 0xff, 0x00, 0xff, 0xff, 0x00, 0xff, 0xff, 0x00, 
  0xff, 0xff, 0x00, 0xff, 0xff, 0x00, 0xff, 0xff, 0x00, 0xff, 0xff, 0x00, 
  0xff, 0xff, 0x00, 0xff, 0xff, 0x00, 0xff, 0xff, 0x00, 0xff, 0xff, 0x00, 
  0xff, 0xff, 0x00, 0xff, 0xff, 0x00, 0xff, 0xff, 0x00, 0xff, 0xff, 0x00, 
  0xff, 0xff, 0x00, 0xff, 0xff, 0x00, 0xff, 0xff, 0x00, 0xff, 0xff, 0x00, 
  0xff, 0xff, 0x00, 0xff, 0xff, 0x00, 0xff, 0xff, 0x00, 0xff, 0xff, 0x00, 
  0xff, 0xff, 0x00, 0xff, 0xff, 0x00, 0xff, 0xff, 0x00, 0xff, 0xff, 0x00, 
  0xff, 0xff, 0x00, 0xff, 0xff, 0x00, 0xff, 0xff, 0x00, 0xff, 0xff, 0x00, 
  0xff, 0xff, 0x00, 0xff, 0xff, 0x00, 0xff, 0xff, 0x00, 0xff, 0xff, 0x00, 
  0xff, 0xff, 0x00, 0xff, 0xff, 0x00, 0xff, 0xff, 0x00, 0xff, 0xff, 0x00, 
  0xff, 0xff, 0x00, 0xff, 0xff, 0x00, 0xff, 0xff, 0x00, 0xff, 0xff, 0x00, 
  0xff, 0xff, 0x00, 0xff, 0xff, 0x00, 0xff, 0xff, 0x00, 0xff, 0xff, 0x00, 
  0xff, 0xff, 0x00, 0xff, 0xff, 0x00, 0xff, 0xff, 0x00, 0xff, 0xff, 0x00, 
  0xff, 0xff, 0x00, 0xff, 0xff, 0x00, 0xff, 0xff, 0x00, 0xff, 0xff, 0x00, 
  0xff, 0xff, 0x00, 0xff, 0xff, 0x00, 0xff, 0xff, 0x00, 0xff, 0xff, 0x00, 
  0xff, 0xff, 0x00, 0xff, 0xff, 0x00, 0xff, 0xff, 0x00, 0xff, 0xff, 0x00, 
  0xff, 0xff, 0x00, 0xff, 0xff, 0x00, 0xff, 0xff, 0x00, 0xff, 0xff, 0x00, 
  0xff, 0xff, 0x00, 0xff, 0xff, 0x00, 0xff, 0xff, 0x00, 0xff, 0xff, 0x00, 
  0xff, 0xff, 0x00, 0xff, 0xff, 0x00, 0xff, 0xff, 0x00, 0xff, 0xff, 0x00, 
  0xff, 0xff, 0x00, 0xff, 0xff, 0x00, 0xff, 0xff, 0x00, 0xff, 0xff, 0x00, 
  0xff, 0xff, 0x00, 0xff, 0xff, 0x00, 0xff, 0xff, 0x00, 0xff, 0xff, 0x00, 
  0xff, 0xff, 0x00, 0xff, 0xff, 0x00, 0xff, 0xff, 0x00, 0xff, 0xff, 0x00, 
  0xff, 0xff, 0x00, 0xff, 0xff, 0x00, 0xff, 0xff, 0x00, 0xff, 0xff, 0x00, 
  0xff, 0xff, 0x00, 0xff, 0xff, 0x00, 0xff, 0xff, 0x00, 0xff, 0xff, 0x00, 
  0xff, 0xff, 0x00, 0xff, 0xff, 0x00, 0xff, 0xff, 0x00, 0xff, 0xff, 0x00, 
  0xff, 0xff, 0x00, 0xff, 0xff, 0x00, 0xff, 0xff, 0x00, 0xff, 0xff, 0x00, 
  0xff, 0xff, 0x00, 0xff, 0xff, 0x00, 0xff, 0xff, 0x00, 0xff, 0xff, 0x00, 
  0xff, 0xff, 0x00, 0xff, 0xff, 0x00, 0xff, 0xff, 0x00, 0xff, 0xff, 0x00, 
  0xff, 0xff, 0x00, 0xff, 0xff, 0x00, 0xff, 0xff, 0x00, 0xff, 0xff, 0x00, 
  0xff, 0xff, 0x00, 0xff, 0xff, 0x00, 0xff, 0xff, 0x00, 0xff, 0xff, 0x00, 
  0xff, 0xff, 0x00, 0xff, 0xff, 0x00, 0xff, 0xff, 0x00, 0xff, 0xff, 0x00, 
  0xff, 0xff, 0x00, 0xff, 0xff, 0x00, 0xff, 0xff, 0x00, 0xff, 0xff, 0x00, 
  0xff, 0xff, 0x00, 0xff, 0xff, 0x00, 0xff, 0xff, 0x00, 0xff, 0xff, 0x00, 
  0xff, 0xff, 0x00, 0xff, 0xff, 0x00, 0xff, 0xff, 0x00, 0xff, 0xff, 0x00, 
  0xff, 0xff, 0x00, 0xff, 0xff, 0x00, 0xff, 0xff, 0x00, 0xff, 0xff, 0x00, 
  0xff, 0xff, 0x00, 0xff, 0xff, 0x00, 0xff, 0xff, 0x00, 0xff, 0xff, 0x00, 
  0xff, 0xff, 0x00, 0xff, 0xff, 0x00, 0xff, 0xff, 0x00, 0xff, 0xff, 0x00, 
  0xff, 0xff, 0x00, 0xff, 0xff, 0x00, 0xff, 0xff, 0x00, 0xff, 0xff, 0x00, 
  0xff, 0xff, 0x00, 0xff, 0xff, 0x00, 0xff, 0xff, 0x00, 0xff, 0xff, 0x00, 
  0xff, 0xff, 0x00, 0xff, 0xff, 0x00, 0xff, 0xff, 0x00, 0xff, 0xff, 0x00, 
  0xff, 0xff, 0x00, 0xff, 0xff, 0x00, 0xff, 0xff, 0x00, 0xff, 0xff, 0x00, 
  0xff, 0xff, 0x00, 0xff, 0xff, 0x00, 0xff, 0xff, 0x00, 0xff, 0xff, 0x00, 
  0xff, 0xff, 0x00, 0xff, 0xff, 0x00, 0xff, 0xff, 0x00, 0xff, 0xff, 0x00, 
  0xff, 0xff, 0x00, 0xff, 0xff, 0x00, 0xff, 0xff, 0x00, 0xff, 0xff, 0x00, 
  0xff, 0xff, 0x00, 0xff, 0xff, 0x00, 0xff, 0xff, 0x00, 0xff, 0xff, 0x00, 
  0xff, 0xff, 0x00, 0xff, 0xff, 0x00, 0xff, 0xff, 0x00, 0xff, 0xff, 0x00, 
  0xff, 0xff, 0x00, 0xff, 0xff, 0x00, 0xff, 0xff, 0x00, 0xff, 0xff, 0x00, 
  0xff, 0xff, 0x00, 0xff, 0xff, 0x00, 0xff, 0xff, 0x00, 0xff, 0xff, 0x00, 
  0xff, 0xff, 0x00, 0xff, 0xff, 0x00, 0xff, 0xff, 0x00, 0xff, 0xff, 0x00, 
  0xff, 0xff, 0x00, 0xff, 0xff, 0x00, 0xff, 0xff, 0x00, 0xff, 0xff, 0x00, 
  0xff, 0xff, 0x00, 0xff, 0xff, 0x00, 0xff, 0xff, 0x00, 0xff, 0xff, 0x00, 
  0xff, 0xff, 0x00, 0xff, 0xff, 0x00, 0xff, 0xff, 0x00, 0xff, 0xff, 0x00, 
  0xff, 0xff, 0x00, 0xff, 0xff, 0x00, 0xff, 0xff, 0x00, 0xff, 0xff, 0x00, 
  0xff, 0xff, 0x00, 0xff, 0xff, 0x00, 0xff, 0xff, 0x00, 0xff, 0xff, 0x00, 
  0xff, 0xff, 0x00, 0xff, 0xff, 0x00, 0xff, 0xff, 0x00, 0xff, 0xff, 0x00, 
  0xff, 0xff, 0x00, 0xff, 0xff, 0x00, 0xff, 0xff, 0x00, 0xff, 0xff, 0x00, 
  0xff, 0xff, 0x00, 0xff, 0xff, 0x00, 0xff, 0xff, 0x00, 0xff, 0xff, 0x00, 
  0xff, 0xff, 0x00, 0xff, 0xff, 0x00, 0xff, 0xff, 0x00, 0xff, 0xff, 0x00, 
  0xff, 0xff, 0x00, 0xff, 0xff, 0x00, 0xff, 0xff, 0x00, 0xff, 0xff, 0x00, 
  0xff, 0xff, 0x00, 0xff, 0xff, 0x00, 0xff, 0xff, 0x00, 0xff, 0xff, 0x00, 
  0xff, 0xff, 0x00, 0xff, 0xff, 0x00, 0xff, 0xff, 0x00, 0xff, 0xff, 0x00, 
  0xff, 0xff, 0x00, 0xff, 0xff, 0x00, 0xff, 0xff, 0x00, 0xff, 0xff, 0x00, 
  0xff, 0xff, 0x00, 0xff, 0xff, 0x00, 0xff, 0xff, 0x00, 0xff, 0xff, 0x00, 
  0xff, 0xff, 0x00, 0xff, 0xff, 0x00, 0xff, 0xff, 0x00, 0xff, 0xff, 0x00, 
  0xff, 0xff, 0x00, 0xff, 0xff, 0x00, 0xff, 0xff, 0x00, 0xff, 0xff, 0x00, 
  0xff, 0xff, 0x00, 0xff, 0xff, 0x00, 0xff, 0xff, 0x00, 0xff, 0xff, 0x00, 
  0xff, 0xff, 0x00, 0xff, 0xff, 0x00, 0xff, 0xff, 0x00, 0xff, 0xff, 0x00, 
  0xff, 0xff, 0x00, 0xff, 0xff, 0x00, 0xff, 0xff, 0x00, 0xff, 0xff, 0x00, 
  0xff, 0xff, 0x00, 0xff, 0xff, 0x00, 0xff, 0xff, 0x00, 0xff, 0xff, 0x00, 
  0xff, 0xff, 0x00, 0xff, 0xff, 0x00, 0xff, 0xff, 0x00, 0xff, 0xff, 0x00, 
  0xff, 0xff, 0x00, 0xff, 0xff, 0x00, 0xff, 0xff, 0x00, 0xff, 0xff, 0x00, 
  0xff, 0xff, 0x00, 0xff, 0xff, 0x00, 0xff, 0xff, 0x00, 0xff, 0xff, 0x00, 
  0xff, 0xff, 0x00, 0xff, 0xff, 0x00, 0xff, 0xff, 0x00, 0xff, 0xff, 0x00, 
  0xff, 0xff, 0x00, 0xff, 0xff, 0x00, 0xff, 0xff, 0x00, 0xff, 0xff, 0x00, 
  0xff, 0xff, 0x00, 0xff, 0xff, 0x00, 0xff, 0xff, 0x00, 0xff, 0xff, 0x00, 
  0xff, 0xff, 0x00, 0xff, 0xff, 0x00, 0xff, 0xff, 0x00, 0xff, 0xff, 0x00, 
  0xff, 0xff, 0x00, 0xff, 0xff, 0x00, 0xff, 0xff, 0x00, 0xff, 0xff, 0x00, 
  0xff, 0xff, 0x00, 0xff, 0xff, 0x00, 0xff, 0xff, 0x00, 0xff, 0xff, 0x00, 
  0xff, 0xff, 0x00, 0xff, 0xff, 0x00, 0xff, 0xff, 0x00, 0xff, 0xff, 0x00, 
  0xff, 0xff, 0x00, 0xff, 0xff, 0x00, 0xff, 0xff, 0x00, 0xff, 0xff, 0x00, 
  0xff, 0xff, 0x00, 0xff, 0xff, 0x00, 0xff, 0xff, 0x00, 0xff, 0xff, 0x00, 
  0xff, 0xff, 0x00, 0xff, 0xff, 0x00, 0xff, 0xff, 0x00, 0xff, 0xff, 0x00, 
  0xff, 0xff, 0x00, 0xff, 0xff, 0x00, 0xff, 0xff, 0x00, 0xff, 0xff, 0x00, 
  0xff, 0xff, 0x00, 0xff, 0xff, 0x00, 0xff, 0xff, 0x00, 0xff, 0xff, 0x00, 
  0xff, 0xff, 0x00, 0xff, 0xff, 0x00, 0xff, 0xff, 0x00, 0xff, 0xff, 0x00, 
  0xff, 0xff, 0x00, 0xff, 0xff, 0x00, 0xff, 0xff, 0x00, 0xff, 0xff, 0x00, 
  0xff, 0xff, 0x00, 0xff, 0xff, 0x00, 0xff, 0xff, 0x00, 0xff, 0xff, 0x00, 
  0xff, 0xff, 0x00, 0xff, 0xff, 0x00, 0xff, 0xff, 0x00, 0xff, 0xff, 0x00, 
  0xff, 0xff, 0x00, 0xff, 0xff, 0x00, 0xff, 0xff, 0x00, 0xff, 0xff, 0x00, 
  0xff, 0xff, 0x00, 0xff, 0xff, 0x00, 0xff, 0xff, 0x00, 0xff, 0xff, 0x00, 
  0xff, 0xff, 0x00, 0xff, 0xff, 0x00, 0xff, 0xff, 0x00, 0xff, 0xff, 0x00, 
  0xff, 0xff, 0x00, 0xff, 0xff, 0x00, 0xff, 0xff, 0x00, 0xff, 0xff, 0x00, 
  0xff, 0xff, 0x00, 0xff, 0xff, 0x00, 0xff, 0xff, 0x00, 0xff, 0xff, 0x00, 
  0xff, 0xff, 0x00, 0xff, 0xff, 0x00, 0xff, 0xff, 0x00, 0xff, 0xff, 0x00, 
  0xff, 0xff, 0x00, 0xff, 0xff, 0x00, 0xff, 0xff, 0x00, 0xff, 0xff, 0x00, 
  0xff, 0xff, 0x00, 0xff, 0xff, 0x00, 0xff, 0xff, 0x00, 0xff, 0xff, 0x00, 
  0xff, 0xff, 0x00, 0xff, 0xff, 0x00, 0xff, 0xff, 0x00, 0xff, 0xff, 0x00, 
  0xff, 0xff, 0x00, 0xff, 0xff, 0x00, 0xff, 0xff, 0x00, 0xff, 0xff, 0x00, 
  0xff, 0xff, 0x00, 0xff, 0xff, 0x00, 0xff, 0xff, 0x00, 0xff, 0xff, 0x00, 
  0xff, 0xff, 0x00, 0xff, 0xff, 0x00, 0xff, 0xff, 0x00, 0xff, 0xff, 0x00, 
  0xff, 0xff, 0x00, 0xff, 0xff, 0x00, 0xff, 0xff, 0x00, 0xff, 0xff, 0x00, 
  0xff, 0xff, 0x00, 0xff, 0xff, 0x00, 0xff, 0xff, 0x00, 0xff, 0xff, 0x00, 
  0xff, 0xff, 0x00, 0xff, 0xff, 0x00, 0xff, 0xff, 0x00, 0xff, 0xff, 0x00, 
  0xff, 0xff, 0x00, 0xff, 0xff, 0x00, 0xff, 0xff, 0x00, 0xff, 0xff, 0x00, 
  0xff, 0xff, 0x00, 0xff, 0xff, 0x00, 0xff, 0xff, 0x00, 0xff, 0xff, 0x00, 
  0xff, 0xff, 0x00, 0xff, 0xff, 0x00, 0xff, 0xff, 0x00, 0xff, 0xff, 0x00, 
  0xff, 0xff, 0x00, 0xff, 0xff, 0x00, 0xff, 0xff, 0x00, 0xff, 0xff, 0x00, 
  0xff, 0xff, 0x00, 0xff, 0xff, 0x00, 0xff, 0xff, 0x00, 0xff, 0xff, 0x00, 
  0xff, 0xff, 0x00, 0xff, 0xff, 0x00, 0xff, 0xff, 0x00, 0xff, 0xff, 0x00, 
  0xff, 0xff, 0x00, 0xff, 0xff, 0x00, 0xff, 0xff, 0x00, 0xff, 0xff, 0x00, 
  0xff, 0xff, 0x00, 0xff, 0xff, 0x00, 0xff, 0xff, 0x00, 0xff, 0xff, 0x00, 
  0xff, 0xff, 0x00, 0xff, 0xff, 0x00, 0xff, 0xff, 0x00, 0xff, 0xff, 0x00, 
  0xff, 0xff, 0x00, 0xff, 0xff, 0x00, 0xff, 0xff, 0x00, 0xff, 0xff, 0x00, 
  0xff, 0xff, 0x00, 0xff, 0xff, 0x00, 0xff, 0xff, 0x00, 0xff, 0xff, 0x00, 
  0xff, 0xff, 0x00, 0xff, 0xff, 0x00, 0xff, 0xff, 0x00, 0xff, 0xff, 0x00, 
  0xff, 0xff, 0x00, 0xff, 0xff, 0x00, 0xff, 0xff, 0x00, 0xff, 0xff, 0x00, 
  0xff, 0xff, 0x00, 0xff, 0xff, 0x00, 0xff, 0xff, 0x00, 0xff, 0xff, 0x00, 
  0xff, 0xff, 0x00, 0xff, 0xff, 0x00, 0xff, 0xff, 0x00, 0xff, 0xff, 0x00, 
  0xff, 0xff, 0x00, 0xff, 0xff, 0x00, 0xff, 0xff, 0x00, 0xff, 0xff, 0x00, 
  0xff, 0xff, 0x00, 0xff, 0xff, 0x00, 0xff, 0xff, 0x00, 0xff, 0xff, 0x00, 
  0xff, 0xff, 0x00, 0xff, 0xff, 0x00, 0xff, 0xff, 0x00, 0xff, 0xff, 0x00, 
  0xff, 0xff, 0x00, 0xff, 0xff, 0x00, 0xff, 0xff, 0x00, 0xff, 0xff, 0x00, 
  0xff, 0xff, 0x00, 0xff, 0xff, 0x00, 0xff, 0xff, 0x00, 0xff, 0xff, 0x00, 
  0xff, 0xff, 0x00, 0xff, 0xff, 0x00, 0xff, 0xff, 0x00, 0xff, 0xff, 0x00, 
  0xff, 0xff, 0x00, 0xff, 0xff, 0x00, 0xff, 0xff, 0x00, 0xff, 0xff, 0x00, 
  0xff, 0xff, 0x00, 0xff, 0xff, 0x00, 0xff, 0xff, 0x00, 0xff, 0xff, 0x00, 
  0xff, 0xff, 0x00, 0xff, 0xff, 0x00, 0xff, 0xff, 0x00, 0xff, 0xff, 0x00, 
  0xff, 0xff, 0x00, 0xff, 0xff, 0x00, 0xff, 0xff, 0x00, 0xff, 0xff, 0x00, 
  0xff, 0xff, 0x00, 0xff, 0xff, 0x00, 0xff, 0xff, 0x00, 0xff, 0xff, 0x00, 
  0xff, 0xff, 0x00, 0xff, 0xff, 0x00, 0xff, 0xff, 0x00, 0xff, 0xff, 0x00, 
  0xff, 0xff, 0x00, 0xff, 0xff, 0x00, 0xff, 0xff, 0x00, 0xff, 0xff, 0x00, 
  0xff, 0xff, 0x00, 0xff, 0xff, 0x00, 0xff, 0xff, 0x00, 0xff, 0xff, 0x00, 
  0xff, 0xff, 0x00, 0xff, 0xff, 0x00, 0xff, 0xff, 0x00, 0xff, 0xff, 0x00, 
  0xff, 0xff, 0x00, 0xff, 0xff, 0x00, 0xff, 0xff, 0x00, 0xff, 0xff, 0x00, 
  0xff, 0xff, 0x00, 0xff, 0xff, 0x00, 0xff, 0xff, 0x00, 0xff, 0xff, 0x00, 
  0xff, 0xff, 0x00, 0xff, 0xff, 0x00, 0xff, 0xff, 0x00, 0xff, 0xff, 0x00, 
  0xff, 0xff, 0x00, 0xff, 0xff, 0x00, 0xff, 0xff, 0x00, 0xff, 0xff, 0x00, 
  0xff, 0xff, 0x00, 0xff, 0xff, 0x00, 0xff, 0xff, 0x00, 0xff, 0xff, 0x00, 
  0xff, 0xff, 0x00, 0xff, 0xff, 0x00, 0xff, 0xff, 0x00, 0xff, 0xff, 0x00, 
  0xff, 0xff, 0x00, 0xff, 0xff, 0x00, 0xff, 0xff, 0x00, 0xff, 0xff, 0x00, 
  0xff, 0xff, 0x00, 0xff, 0xff, 0x00, 0xff, 0xff, 0x00, 0xff, 0xff, 0x00, 
  0xff, 0xff, 0x00, 0xff, 0xff, 0x00, 0xff, 0xff, 0x00, 0xff, 0xff, 0x00, 
  0xff, 0xff, 0x00, 0xff, 0xff, 0x00, 0xff, 0xff, 0x00, 0xff, 0xff, 0x00, 
  0xff, 0xff, 0x00, 0xff, 0xff, 0x00, 0xff, 0xff, 0x00, 0xff, 0xff, 0x00, 
  0xff, 0xff, 0x00, 0xff, 0xff, 0x00, 0xff, 0xff, 0x00, 0xff, 0xff, 0x00, 
  0xff, 0xff, 0x00, 0xff, 0xff, 0x00, 0xff, 0xff, 0x00, 0xff, 0xff, 0x00, 
  0xff, 0xff, 0x00, 0xff, 0xff, 0x00, 0xff, 0xff, 0x00, 0xff, 0xff, 0x00, 
  0xff, 0xff, 0x00, 0xff, 0xff, 0x00, 0xff, 0xff, 0x00, 0xff, 0xff, 0x00, 
  0xff, 0xff, 0x00, 0xff, 0xff, 0x00, 0xff, 0xff, 0x00, 0xff, 0xff, 0x00, 
  0xff, 0xff, 0x00, 0xff, 0xff, 0x00, 0xff, 0xff, 0x00, 0xff, 0xff, 0x00, 
  0xff, 0xff, 0x00, 0xff, 0xff, 0x00, 0xff, 0xff, 0x00, 0xff, 0xff, 0x00, 
  0xff, 0xff, 0x00, 0xff, 0xff, 0x00, 0xff, 0xff, 0x00, 0xff, 0xff, 0x00, 
  0xff, 0xff, 0x00, 0xff, 0xff, 0x00, 0xff, 0xff, 0x00, 0xff, 0xff, 0x00, 
  0xff, 0xff, 0x00, 0xff, 0xff, 0x00, 0xff, 0xff, 0x00, 0xff, 0xff, 0x00, 
  0xff, 0xff, 0x00, 0xff, 0xff, 0x00, 0xff, 0xff, 0x00, 0xff, 0xff, 0x00, 
  0xff, 0xff, 0x00, 0xff, 0xff, 0x00, 0xff, 0xff, 0x00, 0xff, 0xff, 0x00, 
  0xff, 0xff, 0x00, 0xff, 0xff, 0x00, 0xff, 0xff, 0x00, 0xff, 0xff, 0x00, 
  0xff, 0xff, 0x00, 0xff, 0xff, 0x00, 0xff, 0xff, 0x00, 0xff, 0xff, 0x00, 
  0xff, 0xff, 0x00, 0xff, 0xff, 0x00, 0xff, 0xff, 0x00, 0xff, 0xff, 0x00, 
  0xff, 0xff, 0x00, 0xff, 0xff, 0x00, 0xff, 0xff, 0x00, 0xff, 0xff, 0x00, 
  0xff, 0xff, 0x00, 0xff, 0xff, 0x00, 0xff, 0xff, 0x00, 0xff, 0xff, 0x00, 
  0xff, 0xff, 0x00, 0xff, 0xff, 0x00, 0xff, 0xff, 0x00, 0xff, 0xff, 0x00, 
  0xff, 0xff, 0x00, 0xff, 0xff, 0x00, 0xff, 0xff, 0x00, 0xff, 0xff, 0x00, 
  0xff, 0xff, 0x00, 0xff, 0xff, 0x00, 0xff, 0xff, 0x00, 0xff, 0xff, 0x00, 
  0xff, 0xff, 0x00, 0xff, 0xff, 0x00, 0xff, 0xff, 0x00, 0xff, 0xff, 0x00, 
  0xff, 0xff, 0x00, 0xff, 0xff, 0x00, 0xff, 0xff, 0x00, 0xff, 0xff, 0x00, 
  0xff, 0xff, 0x00, 0xff, 0xff, 0x00, 0xff, 0xff, 0x00, 0xff, 0xff, 0x00, 
  0xff, 0xff, 0x00, 0xff, 0xff, 0x00, 0xff, 0xff, 0x00, 0xff, 0xff, 0x00, 
  0xff, 0xff, 0x00, 0xff, 0xff, 0x00, 0xff, 0xff, 0x00, 0xff, 0xff, 0x00, 
  0xff, 0xff, 0x00, 0xff, 0xff, 0x00, 0xff, 0xff, 0x00, 0xff, 0xff, 0x00, 
  0xff, 0xff, 0x00, 0xff, 0xff, 0x00, 0xff, 0xff, 0x00, 0xff, 0xff, 0x00, 
  0xff, 0xff, 0x00, 0xff, 0xff, 0x00, 0xff, 0xff, 0x00, 0xff, 0xff, 0x00, 
  0xff, 0xff, 0x00, 0xff, 0xff, 0x00, 0xff, 0xff, 0x00, 0xff, 0xff, 0x00, 
  0xff, 0xff, 0x00, 0xff, 0xff, 0x00, 0xff, 0xff, 0x00, 0xff, 0xff, 0x00, 
  0xff, 0xff, 0x00, 0xff, 0xff, 0x00, 0xff, 0xff, 0x00, 0xff, 0xff, 0x00, 
  0xff, 0xff, 0x00, 0xff, 0xff, 0x00, 0xff, 0xff, 0x00, 0xff, 0xff, 0x00, 
  0xff, 0xff, 0x00, 0xff, 0xff, 0x00, 0xff, 0xff, 0x00, 0xff, 0xff, 0x00, 
  0xff, 0xff, 0x00, 0xff, 0xff, 0x00, 0xff, 0xff, 0x00, 0xff, 0xff, 0x00, 
  0xff, 0xff, 0x00, 0xff, 0xff, 0x00, 0xff, 0xff, 0x00, 0xff, 0xff, 0x00, 
  0xff, 0xff, 0x00, 0xff, 0xff, 0x00, 0xff, 0xff, 0x00, 0xff, 0xff, 0x00, 
  0xff, 0xff, 0x00, 0xff, 0xff, 0x00, 0xff, 0xff, 0x00, 0xff, 0xff, 0x00, 
  0xff, 0xff, 0x00, 0xff, 0xff, 0x00, 0xff, 0xff, 0x00, 0xff, 0xff, 0x00, 
  0xff, 0xff, 0x00, 0xff, 0xff, 0x00, 0xff, 0xff, 0x00, 0xff, 0xff, 0x00, 
  0xff, 0xff, 0x00, 0xff, 0xff, 0x00, 0xff, 0xff, 0x00, 0xff, 0xff, 0x00, 
  0xff, 0xff, 0x00, 0xff, 0xff, 0x00, 0xff, 0xff, 0x00, 0xff, 0xff, 0x00, 
  0xff, 0xff, 0x00, 0xff, 0xff, 0x00, 0xff, 0xff, 0x00, 0xff, 0xff, 0x00, 
  0xff, 0xff, 0x00, 0xff, 0xff, 0x00, 0xff, 0xff, 0x00, 0xff, 0xff, 0x00, 
  0xff, 0xff, 0x00, 0xff, 0xff, 0x00, 0xff, 0xff, 0x00, 0xff, 0xff, 0x00, 
  0xff, 0xff, 0x00, 0xff, 0xff, 0x00, 0xff, 0xff, 0x00, 0xff, 0xff, 0x00, 
  0xff, 0xff, 0x00, 0xff, 0xff, 0x00, 0xff, 0xff, 0x00, 0xff, 0xff, 0x00, 
  0xff, 0xff, 0x00, 0xff, 0xff, 0x00, 0xff, 0xff, 0x00, 0xff, 0xff, 0x00, 
  0xff, 0xff, 0x00, 0xff, 0xff, 0x00, 0xff, 0xff, 0x00, 0xff, 0xff, 0x00, 
  0xff, 0xff, 0x00, 0xff, 0xff, 0x00, 0xff, 0xff, 0x00, 0xff, 0xff, 0x00, 
  0xff, 0xff, 0x00, 0xff, 0xff, 0x00, 0xff, 0xff, 0x00, 0xff, 0xff, 0x00, 
  0xff, 0xff, 0x00, 0xff, 0xff, 0x00, 0xff, 0xff, 0x00, 0xff, 0xff, 0x00, 
  0xff, 0xff, 0x00, 0xff, 0xff, 0x00, 0xff, 0xff, 0x00, 0xff, 0xff, 0x00, 
  0xff, 0xff, 0x00, 0xff, 0xff, 0x00, 0xff, 0xff, 0x00, 0xff, 0xff, 0x00, 
  0xff, 0xff, 0x00, 0xff, 0xff, 0x00, 0xff, 0xff, 0x00, 0xff, 0xff, 0x00, 
  0xff, 0xff, 0x00, 0xff, 0xff, 0x00, 0xff, 0xff, 0x00, 0xff, 0xff, 0x00, 
  0xff, 0xff, 0x00, 0xff, 0xff, 0x00, 0xff, 0xff, 0x00, 0xff, 0xff, 0x00, 
  0xff, 0xff, 0x00, 0xff, 0xff, 0x00, 0xff, 0xff, 0x00, 0xff, 0xff, 0x00, 
  0xff, 0xff, 0x00, 0xff, 0xff, 0x00, 0xff, 0xff, 0x00, 0xff, 0xff, 0x00, 
  0xff, 0xff, 0x00, 0xff, 0xff, 0x00, 0xff, 0xff, 0x00, 0xff, 0xff, 0x00, 
  0xff, 0xff, 0x00, 0xff, 0xff, 0x00, 0xff, 0xff, 0x00, 0xff, 0xff, 0x00, 
  0xff, 0xff, 0x00, 0xff, 0xff, 0x00, 0xff, 0xff, 0x00, 0xff, 0xff, 0x00, 
  0xff, 0xff, 0x00, 0xff, 0xff, 0x00, 0xff, 0xff, 0x00, 0xff, 0xff, 0x00, 
  0xff, 0xff, 0x00, 0xff, 0xff, 0x00, 0xff, 0xff, 0x00, 0xff, 0xff, 0x00, 
  0xff, 0xff, 0x00, 0xff, 0xff, 0x00, 0xff, 0xff, 0x00, 0xff, 0xff, 0x00, 
  0xff, 0xff, 0x00, 0xff, 0xff, 0x00, 0xff, 0xff, 0x00, 0xff, 0xff, 0x00, 
  0xff, 0xff, 0x00, 0xff, 0xff, 0x00, 0xff, 0xff, 0x00, 0xff, 0xff, 0x00, 
  0xff, 0xff, 0x00, 0xff, 0xff, 0x00, 0xff, 0xff, 0x00, 0xff, 0xff, 0x00, 
  0xff, 0xff, 0x00, 0xff, 0xff, 0x00, 0xff, 0xff, 0x00, 0xff, 0xff, 0x00, 
  0xff, 0xff, 0x00, 0xff, 0xff, 0x00, 0xff, 0xff, 0x00, 0xff, 0xff, 0x00, 
  0xff, 0xff, 0x00, 0xff, 0xff, 0x00, 0xff, 0xff, 0x00, 0xff, 0xff, 0x00, 
  0xff, 0xff, 0x00, 0xff, 0xff, 0x00, 0xff, 0xff, 0x00, 0xff, 0xff, 0x00, 
  0xff, 0xff, 0x00, 0xff, 0xff, 0x00, 0xff, 0xff, 0x00, 0xff, 0xff, 0x00, 
  0xff, 0xff, 0x00, 0xff, 0xff, 0x00, 0xff, 0xff, 0x00, 0xff, 0xff, 0x00, 
  0xff, 0xff, 0x00, 0xff, 0xff, 0x00, 0xff, 0xff, 0x00, 0xff, 0xff, 0x00, 
  0xff, 0xff, 0x00, 0xff, 0xff, 0x00, 0xff, 0xff, 0x00, 0xff, 0xff, 0x00, 
  0xff, 0xff, 0x00, 0xff, 0xff, 0x00, 0xff, 0xff, 0x00, 0xff, 0xff, 0x00, 
  0xff, 0xff, 0x00, 0xff, 0xff, 0x00, 0xff, 0xff, 0x00, 0xff, 0xff, 0x00, 
  0xff, 0xff, 0x00, 0xff, 0xff, 0x00, 0xff, 0xff, 0x00, 0xff, 0xff, 0x00, 
  0xff, 0xff, 0x00, 0xff, 0xff, 0x00, 0xff, 0xff, 0x00, 0xff, 0xff, 0x00, 
  0xff, 0xff, 0x00, 0xff, 0xff, 0x00, 0xff, 0xff, 0x00, 0xff, 0xff, 0x00, 
  0xff, 0xff, 0x00, 0xff, 0xff, 0x00, 0xff, 0xff, 0x00, 0xff, 0xff, 0x00, 
  0xff, 0xff, 0x00, 0xff, 0xff, 0x00, 0xff, 0xff, 0x00, 0xff, 0xff, 0x00, 
  0xff, 0xff, 0x00, 0xff, 0xff, 0x00, 0xff, 0xff, 0x00, 0xff, 0xff, 0x00, 
  0xff, 0xff, 0x00, 0xff, 0xff, 0x00, 0xff, 0xff, 0x00, 0xff, 0xff, 0x00, 
  0xff, 0xff, 0x00, 0xff, 0xff, 0x00, 0xff, 0xff, 0x00, 0xff, 0xff, 0x00, 
  0xff, 0xff, 0x00, 0xff, 0xff, 0x00, 0xff, 0xff, 0x00, 0xff, 0xff, 0x00, 
  0xff, 0xff, 0x00, 0xff, 0xff, 0x00, 0xff, 0xff, 0x00, 0xff, 0xff, 0x00, 
  0xff, 0xff, 0x00, 0xff, 0xff, 0x00, 0xff, 0xff, 0x00, 0xff, 0xff, 0x00, 
  0xff, 0xff, 0x00, 0xff, 0xff, 0x00, 0xff, 0xff, 0x00, 0xff, 0xff, 0x00, 
  0xff, 0xff, 0x00, 0xff, 0xff, 0x00, 0xff, 0xff, 0x00, 0xff, 0xff, 0x00, 
  0xff, 0xff, 0x00, 0xff, 0xff, 0x00, 0xff, 0xff, 0x00, 0xff, 0xff, 0x00, 
  0xff, 0xff, 0x00, 0xff, 0xff, 0x00, 0xff, 0xff, 0x00, 0xff, 0xff, 0x00, 
  0xff, 0xff, 0x00, 0xff, 0xff, 0x00, 0xff, 0xff, 0x00, 0xff, 0xff, 0x00, 
  0xff, 0xff, 0x00, 0xff, 0xff, 0x00, 0xff, 0xff, 0x00, 0xff, 0xff, 0x00, 
  0xff, 0xff, 0x00, 0xff, 0xff, 0x00, 0xff, 0xff, 0x00, 0xff, 0xff, 0x00, 
  0xff, 0xff, 0x00, 0xff, 0xff, 0x00, 0xff, 0xff, 0x00, 0xff, 0xff, 0x00, 
  0xff, 0xff, 0x00, 0xff, 0xff, 0x00, 0xff, 0xff, 0x00, 0xff, 0xff, 0x00, 
  0xff, 0xff, 0x00, 0xff, 0xff, 0x00, 0xff, 0xff, 0x00, 0xff, 0xff, 0x00, 
  0xff, 0xff, 0x00, 0xff, 0xff, 0x00, 0xff, 0xff, 0x00, 0xff, 0xff, 0x00, 
  0xff, 0xff, 0x00, 0xff, 0xff, 0x00, 0xff, 0xff, 0x00, 0xff, 0xff, 0x00, 
  0xff, 0xff, 0x00, 0xff, 0xff, 0x00, 0xff, 0xff, 0x00, 0xff, 0xff, 0x00, 
  0xff, 0xff, 0x00, 0xff, 0xff, 0x00, 0xff, 0xff, 0x00, 0xff, 0xff, 0x00, 
  0xff, 0xff, 0x00, 0xff, 0xff, 0x00, 0xff, 0xff, 0x00, 0xff, 0xff, 0x00, 
  0xff, 0xff, 0x00, 0xff, 0xff, 0x00, 0xff, 0xff, 0x00, 0xff, 0xff, 0x00, 
  0xff, 0xff, 0x00, 0xff, 0xff, 0x00, 0xff, 0xff, 0x00, 0xff, 0xff, 0x00, 
  0xff, 0xff, 0x00, 0xff, 0xff, 0x00, 0xff, 0xff, 0x00, 0xff, 0xff, 0x00, 
  0xff, 0xff, 0x00, 0xff, 0xff, 0x00, 0xff, 0xff, 0x00, 0xff, 0xff, 0x00, 
  0xff, 0xff, 0x00, 0xff, 0xff, 0x00, 0xff, 0xff, 0x00, 0xff, 0xff, 0x00, 
  0xff, 0xff, 0x00, 0xff, 0xff, 0x00, 0xff, 0xff, 0x00, 0xff, 0xff, 0x00, 
  0xff, 0xff, 0x00, 0xff, 0xff, 0x00, 0xff, 0xff, 0x00, 0xff, 0xff, 0x00, 
  0xff, 0xff, 0x00, 0xff, 0xff, 0x00, 0xff, 0xff, 0x00, 0xff, 0xff, 0x00, 
  0xff, 0xff, 0x00, 0xff, 0xff, 0x00, 0xff, 0xff, 0x00, 0xff, 0xff, 0x00, 
  0xff, 0xff, 0x00, 0xff, 0xff, 0x00, 0xff, 0xff, 0x00, 0xff, 0xff, 0x00, 
  0xff, 0xff, 0x00, 0xff, 0xff, 0x00, 0xff, 0xff, 0x00, 0xff, 0xff, 0x00, 
  0xff, 0xff, 0x00, 0xff, 0xff, 0x00, 0xff, 0xff, 0x00, 0xff, 0xff, 0x00, 
  0xff, 0xff, 0x00, 0xff, 0xff, 0x00, 0xff, 0xff, 0x00, 0xff, 0xff, 0x00, 
  0xff, 0xff, 0x00, 0xff, 0xff, 0x00, 0xff, 0xff, 0x00, 0xff, 0xff, 0x00, 
  0xff, 0xff, 0x00, 0xff, 0xff, 0x00, 0xff, 0xff, 0x00, 0xff, 0xff, 0x00, 
  0xff, 0xff, 0x00, 0xff, 0xff, 0x00, 0xff, 0xff, 0x00, 0xff, 0xff, 0x00, 
  0xff, 0xff, 0x00, 0xff, 0xff, 0x00, 0xff, 0xff, 0x00, 0xff, 0xff, 0x00, 
  0xff, 0xff, 0x00, 0xff, 0xff, 0x00, 0xff, 0xff, 0x00, 0xff, 0xff, 0x00, 
  0xff, 0xff, 0x00, 0xff, 0xff, 0x00, 0xff, 0xff, 0x00, 0xff, 0xff, 0x00, 
  0xff, 0xff, 0x00, 0xff, 0xff, 0x00, 0xff, 0xff, 0x00, 0xff, 0xff, 0x00, 
  0xff, 0xff, 0x00, 0xff, 0xff, 0x00, 0xff, 0xff, 0x00, 0xff, 0xff, 0x00, 
  0xff, 0xff, 0x00, 0xff, 0xff, 0x00, 0xff, 0xff, 0x00, 0xff, 0xff, 0x00, 
  0xff, 0xff, 0x00, 0xff, 0xff, 0x00, 0xff, 0xff, 0x00, 0xff, 0xff, 0x00, 
  0xff, 0xff, 0x00, 0xff, 0xff, 0x00, 0xff, 0xff, 0x00, 0xff, 0xff, 0x00, 
  0xff, 0xff, 0x00, 0xff, 0xff, 0x00, 0xff, 0xff, 0x00, 0xff, 0xff, 0x00, 
  0xff, 0xff, 0x00, 0xff, 0xff, 0x00, 0xff, 0xff, 0x00, 0xff, 0xff, 0x00, 
  0xff, 0xff, 0x00, 0xff, 0xff, 0x00, 0xff, 0xff, 0x00, 0xff, 0xff, 0x00, 
  0xff, 0xff, 0x00, 0xff, 0xff, 0x00, 0xff, 0xff, 0x00, 0xff, 0xff, 0x00, 
  0xff, 0xff, 0x00, 0xff, 0xff, 0x00, 0xff, 0xff, 0x00, 0xff, 0xff, 0x00, 
  0xff, 0xff, 0x00, 0xff, 0xff, 0x00, 0xff, 0xff, 0x00, 0xff, 0xff, 0x00, 
  0xff, 0xff, 0x00, 0xff, 0xff, 0x00, 0xff, 0xff, 0x00, 0xff, 0xff, 0x00, 
  0xff, 0xff, 0x00, 0xff, 0xff, 0x00, 0xff, 0xff, 0x00, 0xff, 0xff, 0x00, 
  0xff, 0xff, 0x00, 0xff, 0xff, 0x00, 0xff, 0xff, 0x00, 0xff, 0xff, 0x00, 
  0xff, 0xff, 0x00, 0xff, 0xff, 0x00, 0xff, 0xff, 0x00, 0xff, 0xff, 0x00, 
  0xff, 0xff, 0x00, 0xff, 0xff, 0x00, 0xff, 0xff, 0x00, 0xff, 0xff, 0x00, 
  0xff, 0xff, 0x00, 0xff, 0xff, 0x00, 0xff, 0xff, 0x00, 0xff, 0xff, 0x00, 
  0xff, 0xff, 0x00, 0xff, 0xff, 0x00, 0xff, 0xff, 0x00, 0xff, 0xff, 0x00, 
  0xff, 0xff, 0x00, 0xff, 0xff, 0x00, 0xff, 0xff, 0x00, 0xff, 0xff, 0x00, 
  0xff, 0xff, 0x00, 0xff, 0xff, 0x00, 0xff, 0xff, 0x00, 0xff, 0xff, 0x00, 
  0xff, 0xff, 0x00, 0xff, 0xff, 0x00, 0xff, 0xff, 0x00, 0xff, 0xff, 0x00, 
  0xff, 0xff, 0x00, 0xff, 0xff, 0x00, 0xff, 0xff, 0x00, 0xff, 0xff, 0x00, 
  0xff, 0xff, 0x00, 0xff, 0xff, 0x00, 0xff, 0xff, 0x00, 0xff, 0xff, 0x00, 
  0xff, 0xff, 0x00, 0xff, 0xff, 0x00, 0xff, 0xff, 0x00, 0xff, 0xff, 0x00, 
  0xff, 0xff, 0x00, 0xff, 0xff, 0x00, 0xff, 0xff, 0x00, 0xff, 0xff, 0x00, 
  0xff, 0xff, 0x00, 0xff, 0xff, 0x00, 0xff, 0xff, 0x00, 0xff, 0xff, 0x00, 
  0xff, 0xff, 0x00, 0xff, 0xff, 0x00, 0xff, 0xff, 0x00, 0xff, 0xff, 0x00, 
  0xff, 0xff, 0x00, 0xff, 0xff, 0x00, 0xff, 0xff, 0x00, 0xff, 0xff, 0x00, 
  0xff, 0xff, 0x00, 0xff, 0xff, 0x00, 0xff, 0xff, 0x00, 0xff, 0xff, 0x00, 
  0xff, 0xff, 0x00, 0xff, 0xff, 0x00, 0xff, 0xff, 0x00, 0xff, 0xff, 0x00, 
  0xff, 0xff, 0x00, 0xff, 0xff, 0x00, 0xff, 0xff, 0x00, 0xff, 0xff, 0x00, 
  0xff, 0xff, 0x00, 0xff, 0xff, 0x00, 0xff, 0xff, 0x00, 0xff, 0xff, 0x00, 
  0xff, 0xff, 0x00, 0xff, 0xff, 0x00, 0xff, 0xff, 0x00, 0xff, 0xff, 0x00, 
  0xff, 0xff, 0x00, 0xff, 0xff, 0x00, 0xff, 0xff, 0x00, 0xff, 0xff, 0x00, 
  0xff, 0xff, 0x00, 0xff, 0xff, 0x00, 0xff, 0xff, 0x00, 0xff, 0xff, 0x00, 
  0xff, 0xff, 0x00, 0xff, 0xff, 0x00, 0xff, 0xff, 0x00, 0xff, 0xff, 0x00, 
  0xff, 0xff, 0x00, 0xff, 0xff, 0x00, 0xff, 0xff, 0x00, 0xff, 0xff, 0x00, 
  0xff, 0xff, 0x00, 0xff, 0xff, 0x00, 0xff, 0xff, 0x00, 0xff, 0xff, 0x00, 
  0xff, 0xff, 0x00, 0xff, 0xff, 0x00, 0xff, 0xff, 0x00, 0xff, 0xff, 0x00, 
  0xff, 0xff, 0x00, 0xff, 0xff, 0x00, 0xff, 0xff, 0x00, 0xff, 0xff, 0x00, 
  0xff, 0xff, 0x00, 0xff, 0xff, 0x00, 0xff, 0xff, 0x00, 0xff, 0xff, 0x00, 
  0xff, 0xff, 0x00, 0xff, 0xff, 0x00, 0xff, 0xff, 0x00, 0xff, 0xff, 0x00, 
  0xff, 0xff, 0x00, 0xff, 0xff, 0x00, 0xff, 0xff, 0x00, 0xff, 0xff, 0x00, 
  0xff, 0xff, 0x00, 0xff, 0xff, 0x00, 0xff, 0xff, 0x00, 0xff, 0xff, 0x00, 
  0xff, 0xff, 0x00, 0xff, 0xff, 0x00, 0xff, 0xff, 0x00, 0xff, 0xff, 0x00, 
  0xff, 0xff, 0x00, 0xff, 0xff, 0x00, 0xff, 0xff, 0x00, 0xff, 0xff, 0x00, 
  0xff, 0xff, 0x00, 0xff, 0xff, 0x00, 0xff, 0xff, 0x00, 0xff, 0xff, 0x00, 
  0xff, 0xff, 0x00, 0xff, 0xff, 0x00, 0xff, 0xff, 0x00, 0xff, 0xff, 0x00, 
  0xff, 0xff, 0x00, 0xff, 0xff, 0x00, 0xff, 0xff, 0x00, 0xff, 0xff, 0x00, 
  0xff, 0xff, 0x00, 0xff, 0xff, 0x00, 0xff, 0xff, 0x00, 0xff, 0xff, 0x00, 
  0xff, 0xff, 0x00, 0xff, 0xff, 0x00, 0xff, 0xff, 0x00, 0xff, 0xff, 0x00, 
  0xff, 0xff, 0x00, 0xff, 0xff, 0x00, 0xff, 0xff, 0x00, 0xff, 0xff, 0x00, 
  0xff, 0xff, 0x00, 0xff, 0xff, 0x00, 0xff, 0xff, 0x00, 0xff, 0xff, 0x00, 
  0xff, 0xff, 0x00, 0xff, 0xff, 0x00, 0xff, 0xff, 0x00, 0xff, 0xff, 0x00, 
  0xff, 0xff, 0x00, 0xff, 0xff, 0x00, 0xff, 0xff, 0x00, 0xff, 0xff, 0x00, 
  0xff, 0xff, 0x00, 0xff, 0xff, 0x00, 0xff, 0xff, 0x00, 0xff, 0xff, 0x00, 
  0xff, 0xff, 0x00, 0xff, 0xff, 0x00, 0xff, 0xff, 0x00, 0xff, 0xff, 0x00, 
  0xff, 0xff, 0x00, 0xff, 0xff, 0x00, 0xff, 0xff, 0x00, 0xff, 0xff, 0x00, 
  0xff, 0xff, 0x00, 0xff, 0xff, 0x00, 0xff, 0xff, 0x00, 0xff, 0xff, 0x00, 
  0xff, 0xff, 0x00, 0xff, 0xff, 0x00, 0xff, 0xff, 0x00, 0xff, 0xff, 0x00, 
  0xff, 0xff, 0x00, 0xff, 0xff, 0x00, 0xff, 0xff, 0x00, 0xff, 0xff, 0x00, 
  0xff, 0xff, 0x00, 0xff, 0xff, 0x00, 0xff, 0xff, 0x00, 0xff, 0xff, 0x00, 
  0xff, 0xff, 0x00, 0xff, 0xff, 0x00, 0xff, 0xff, 0x00, 0xff, 0xff, 0x00, 
  0xff, 0xff, 0x00, 0xff, 0xff, 0x00, 0xff, 0xff, 0x00, 0xff, 0xff, 0x00, 
  0xff, 0xff, 0x00, 0xff, 0xff, 0x00, 0xff, 0xff, 0x00, 0xff, 0xff, 0x00, 
  0xff, 0xff, 0x00, 0xff, 0xff, 0x00, 0xff, 0xff, 0x00, 0xff, 0xff, 0x00, 
  0xff, 0xff, 0x00, 0xff, 0xff, 0x00, 0xff, 0xff, 0x00, 0xff, 0xff, 0x00, 
  0xff, 0xff, 0x00, 0xff, 0xff, 0x00, 0xff, 0xff, 0x00, 0xff, 0xff, 0x00, 
  0xff, 0xff, 0x00, 0xff, 0xff, 0x00, 0xff, 0xff, 0x00, 0xff, 0xff, 0x00, 
  0xff, 0xff, 0x00, 0xff, 0xff, 0x00, 0xff, 0xff, 0x00, 0xff, 0xff, 0x00, 
  0xff, 0xff, 0x00, 0xff, 0xff, 0x00, 0xff, 0xff, 0x00, 0xff, 0xff, 0x00, 
  0xff, 0xff, 0x00, 0xff, 0xff, 0x00, 0xff, 0xff, 0x00, 0xff, 0xff, 0x00, 
  0xff, 0xff, 0x00, 0xff, 0xff, 0x00, 0xff, 0xff, 0x00, 0xff, 0xff, 0x00, 
  0xff, 0xff, 0x00, 0xff, 0xff, 0x00, 0xff, 0xff, 0x00, 0xff, 0xff, 0x00, 
  0xff, 0xff, 0x00, 0xff, 0xff, 0x00, 0xff, 0xff, 0x00, 0xff, 0xff, 0x00, 
  0xff, 0xff, 0x00, 0xff, 0xff, 0x00, 0xff, 0xff, 0x00, 0xff, 0xff, 0x00, 
  0xff, 0xff, 0x00, 0xff, 0xff, 0x00, 0xff, 0xff, 0x00, 0xff, 0xff, 0x00, 
  0xff, 0xff, 0x00, 0xff, 0xff, 0x00, 0xff, 0xff, 0x00, 0xff, 0xff, 0x00, 
  0xff, 0xff, 0x00, 0xff, 0xff, 0x00, 0xff, 0xff, 0x00, 0xff, 0xff, 0x00, 
  0xff, 0xff, 0x00, 0xff, 0xff, 0x00, 0xff, 0xff, 0x00, 0xff, 0xff, 0x00, 
  0xff, 0xff, 0x00, 0xff, 0xff, 0x00, 0xff, 0xff, 0x00, 0xff, 0xff, 0x00, 
  0xff, 0xff, 0x00, 0xff, 0xff, 0x00, 0xff, 0xff, 0x00, 0xff, 0xff, 0x00, 
  0xff, 0xff, 0x00, 0xff, 0xff, 0x00, 0xff, 0xff, 0x00, 0xff, 0xff, 0x00, 
  0xff, 0xff, 0x00, 0xff, 0xff, 0x00, 0xff, 0xff, 0x00, 0xff, 0xff, 0x00, 
  0xff, 0xff, 0x00, 0xff, 0xff, 0x00, 0xff, 0xff, 0x00, 0xff, 0xff, 0x00, 
  0xff, 0xff, 0x00, 0xff, 0xff, 0x00, 0xff, 0xff, 0x00, 0xff, 0xff, 0x00, 
  0xff, 0xff, 0x00, 0xff, 0xff, 0x00, 0xff, 0xff, 0x00, 0xff, 0xff, 0x00, 
  0xff, 0xff, 0x00, 0xff, 0xff, 0x00, 0xff, 0xff, 0x00, 0xff, 0xff, 0x00, 
  0xff, 0xff, 0x00, 0xff, 0xff, 0x00, 0xff, 0xff, 0x00, 0xff, 0xff, 0x00, 
  0xff, 0xff, 0x00, 0xff, 0xff, 0x00, 0xff, 0xff, 0x00, 0xff, 0xff, 0x00, 
  0xff, 0xff, 0x00, 0xff, 0xff, 0x00, 0xff, 0xff, 0x00, 0xff, 0xff, 0x00, 
  0xff, 0xff, 0x00, 0xff, 0xff, 0x00, 0xff, 0xff, 0x00, 0xff, 0xff, 0x00, 
  0xff, 0xff, 0x00, 0xff, 0xff, 0x00, 0xff, 0xff, 0x00, 0xff, 0xff, 0x00, 
  0xff, 0xff, 0x00, 0xff, 0xff, 0x00, 0xff, 0xff, 0x00, 0xff, 0xff, 0x00, 
  0xff, 0xff, 0x00, 0xff, 0xff, 0x00, 0xff, 0xff, 0x00, 0xff, 0xff, 0x00, 
  0xff, 0xff, 0x00, 0xff, 0xff, 0x00, 0xff, 0xff, 0x00, 0xff, 0xff, 0x00, 
  0xff, 0xff, 0x00, 0xff, 0xff, 0x00, 0xff, 0xff, 0x00, 0xff, 0xff, 0x00, 
  0xff, 0xff, 0x00, 0xff, 0xff, 0x00, 0xff, 0xff, 0x00, 0xff, 0xff, 0x00, 
  0xff, 0xff, 0x00, 0xff, 0xff, 0x00, 0xff, 0xff, 0x00, 0xff, 0xff, 0x00, 
  0xff, 0xff, 0x00, 0xff, 0xff, 0x00, 0xff, 0xff, 0x00, 0xff, 0xff, 0x00, 
  0xff, 0xff, 0x00, 0xff, 0xff, 0x00, 0xff, 0xff, 0x00, 0xff, 0xff, 0x00, 
  0xff, 0xff, 0x00, 0xff, 0xff, 0x00, 0xff, 0xff, 0x00, 0xff, 0xff, 0x00, 
  0xff, 0xff, 0x00, 0xff, 0xff, 0x00, 0xff, 0xff, 0x00, 0xff, 0xff, 0x00, 
  0xff, 0xff, 0x00, 0xff, 0xff, 0x00, 0xff, 0xff, 0x00, 0xff, 0xff, 0x00, 
  0xff, 0xff, 0x00, 0xff, 0xff, 0x00, 0xff, 0xff, 0x00, 0xff, 0xff, 0x00, 
  0xff, 0xff, 0x00, 0xff, 0xff, 0x00, 0xff, 0xff, 0x00, 0xff, 0xff, 0x00, 
  0xff, 0xff, 0x00, 0xff, 0xff, 0x00, 0xff, 0xff, 0x00, 0xff, 0xff, 0x00, 
  0xff, 0xff, 0x00, 0xff, 0xff, 0x00, 0xff, 0xff, 0x00, 0xff, 0xff, 0x00, 
  0xff, 0xff, 0x00, 0xff, 0xff, 0x00, 0xff, 0xff, 0x00, 0xff, 0xff, 0x00, 
  0xff, 0xff, 0x00, 0xff, 0xff, 0x00, 0xff, 0xff, 0x00, 0xff, 0xff, 0x00, 
  0xff, 0xff, 0x00, 0xff, 0xff, 0x00, 0xff, 0xff, 0x00, 0xff, 0xff, 0x00, 
  0xff, 0xff, 0x00, 0xff, 0xff, 0x00, 0xff, 0xff, 0x00, 0xff, 0xff, 0x00, 
  0xff, 0xff, 0x00, 0xff, 0xff, 0x00, 0xff, 0xff, 0x00, 0xff, 0xff, 0x00, 
  0xff, 0xff, 0x00, 0xff, 0xff, 0x00, 0xff, 0xff, 0x00, 0xff, 0xff, 0x00, 
  0xff, 0xff, 0x00, 0xff, 0xff, 0x00, 0xff, 0xff, 0x00, 0xff, 0xff, 0x00, 
  0xff, 0xff, 0x00, 0xff, 0xff, 0x00, 0xff, 0xff, 0x00, 0xff, 0xff, 0x00, 
  0xff, 0xff, 0x00, 0xff, 0xff, 0x00, 0xff, 0xff, 0x00, 0xff, 0xff, 0x00, 
  0xff, 0xff, 0x00, 0xff, 0xff, 0x00, 0xff, 0xff, 0x00, 0xff, 0xff, 0x00, 
  0xff, 0xff, 0x00, 0xff, 0xff, 0x00, 0xff, 0xff, 0x00, 0xff, 0xff, 0x00, 
  0xff, 0xff, 0x00, 0xff, 0xff, 0x00, 0xff, 0xff, 0x00, 0xff, 0xff, 0x00, 
  0xff, 0xff, 0x00, 0xff, 0xff, 0x00, 0xff, 0xff, 0x00, 0xff, 0xff, 0x00, 
  0xff, 0xff, 0x00, 0xff, 0xff, 0x00, 0xff, 0xff, 0x00, 0xff, 0xff, 0x00, 
  0xff, 0xff, 0x00, 0xff, 0xff, 0x00, 0xff, 0xff, 0x00, 0xff, 0xff, 0x00, 
  0xff, 0xff, 0x00, 0xff, 0xff, 0x00, 0xff, 0xff, 0x00, 0xff, 0xff, 0x00, 
  0xff, 0xff, 0x00, 0xff, 0xff, 0x00, 0xff, 0xff, 0x00, 0xff, 0xff, 0x00, 
  0xff, 0xff, 0x00, 0xff, 0xff, 0x00, 0xff, 0xff, 0x00, 0xff, 0xff, 0x00, 
  0xff, 0xff, 0x00, 0xff, 0xff, 0x00, 0xff, 0xff, 0x00, 0xff, 0xff, 0x00, 
  0xff, 0xff, 0x00, 0xff, 0xff, 0x00, 0xff, 0xff, 0x00, 0xff, 0xff, 0x00, 
  0xff, 0xff, 0x00, 0xff, 0xff, 0x00, 0xff, 0xff, 0x00, 0xff, 0xff, 0x00, 
  0xff, 0xff, 0x00, 0xff, 0xff, 0x00, 0xff, 0xff, 0x00, 0xff, 0xff, 0x00, 
  0xff, 0xff, 0x00, 0xff, 0xff, 0x00, 0xff, 0xff, 0x00, 0xff, 0xff, 0x00, 
  0xff, 0xff, 0x00, 0xff, 0xff, 0x00, 0xff, 0xff, 0x00, 0xff, 0xff, 0x00, 
  0xff, 0xff, 0x00, 0xff, 0xff, 0x00, 0xff, 0xff, 0x00, 0xff, 0xff, 0x00, 
  0xff, 0xff, 0x00, 0xff, 0xff, 0x00, 0xff, 0xff, 0x00, 0xff, 0xff, 0x00, 
  0xff, 0xff, 0x00, 0xff, 0xff, 0x00, 0xff, 0xff, 0x00, 0xff, 0xff, 0x00, 
  0xff, 0xff, 0x00, 0xff, 0xff, 0x00, 0xff, 0xff, 0x00, 0xff, 0xff, 0x00, 
  0xff, 0xff, 0x00, 0xff, 0xff, 0x00, 0xff, 0xff, 0x00, 0xff, 0xff, 0x00, 
  0xff, 0xff, 0x00, 0xff, 0xff, 0x00, 0xff, 0xff, 0x00, 0xff, 0xff, 0x00, 
  0xff, 0xff, 0x00, 0xff, 0xff, 0x00, 0xff, 0xff, 0x00, 0xff, 0xff, 0x00, 
  0xff, 0xff, 0x00, 0xff, 0xff, 0x00, 0xff, 0xff, 0x00, 0xff, 0xff, 0x00, 
  0xff, 0xff, 0x00, 0xff, 0xff, 0x00, 0xff, 0xff, 0x00, 0xff, 0xff, 0x00, 
  0xff, 0xff, 0x00, 0xff, 0xff, 0x00, 0xff, 0xff, 0x00, 0xff, 0xff, 0x00, 
  0xff, 0xff, 0x00, 0xff, 0xff, 0x00, 0xff, 0xff, 0x00, 0xff, 0xff, 0x00, 
  0xff, 0xff, 0x00, 0xff, 0xff, 0x00, 0xff, 0xff, 0x00, 0xff, 0xff, 0x00, 
  0xff, 0xff, 0x00, 0xff, 0xff, 0x00, 0xff, 0xff, 0x00, 0xff, 0xff, 0x00, 
  0xff, 0xff, 0x00, 0xff, 0xff, 0x00, 0xff, 0xff, 0x00, 0xff, 0xff, 0x00, 
  0xff, 0xff, 0x00, 0xff, 0xff, 0x00, 0xff, 0xff, 0x00, 0xff, 0xff, 0x00, 
  0xff, 0xff, 0x00, 0xff, 0xff, 0x00, 0xff, 0xff, 0x00, 0xff, 0xff, 0x00, 
  0xff, 0xff, 0x00, 0xff, 0xff, 0x00, 0xff, 0xff, 0x00, 0xff, 0xff, 0x00, 
  0xff, 0xff, 0x00, 0xff, 0xff, 0x00, 0xff, 0xff, 0x00, 0xff, 0xff, 0x00, 
  0xff, 0xff, 0x00, 0xff, 0xff, 0x00, 0xff, 0xff, 0x00, 0xff, 0xff, 0x00, 
  0xff, 0xff, 0x00, 0xff, 0xff, 0x00, 0xff, 0xff, 0x00, 0xff, 0xff, 0x00, 
  0xff, 0xff, 0x00, 0xff, 0xff, 0x00, 0xff, 0xff, 0x00, 0xff, 0xff, 0x00, 
  0xff, 0xff, 0x00, 0xff, 0xff, 0x00, 0xff, 0xff, 0x00, 0xff, 0xff, 0x00, 
  0xff, 0xff, 0x00, 0xff, 0xff, 0x00, 0xff, 0xff, 0x00, 0xff, 0xff, 0x00, 
  0xff, 0xff, 0x00, 0xff, 0xff, 0x00, 0xff, 0xff, 0x00, 0xff, 0xff, 0x00, 
  0xff, 0xff, 0x00, 0xff, 0xff, 0x00, 0xff, 0xff, 0x00, 0xff, 0xff, 0x00, 
  0xff, 0xff, 0x00, 0xff, 0xff, 0x00, 0xff, 0xff, 0x00, 0xff, 0xff, 0x00, 
  0xff, 0xff, 0x00, 0xff, 0xff, 0x00, 0xff, 0xff, 0x00, 0xff, 0xff, 0x00, 
  0xff, 0xff, 0x00, 0xff, 0xff, 0x00, 0xff, 0xff, 0x00, 0xff, 0xff, 0x00, 
  0xff, 0xff, 0x00, 0xff, 0xff, 0x00, 0xff, 0xff, 0x00, 0xff, 0xff, 0x00, 
  0xff, 0xff, 0x00, 0xff, 0xff, 0x00, 0xff, 0xff, 0x00, 0xff, 0xff, 0x00, 
  0xff, 0xff, 0x00, 0xff, 0xff, 0x00, 0xff, 0xff, 0x00, 0xff, 0xff, 0x00, 
  0xff, 0xff, 0x00, 0xff, 0xff, 0x00, 0xff, 0xff, 0x00, 0xff, 0xff, 0x00, 
  0xff, 0xff, 0x00, 0xff, 0xff, 0x00, 0xff, 0xff, 0x00, 0xff, 0xff, 0x00, 
  0xff, 0xff, 0x00, 0xff, 0xff, 0x00, 0xff, 0xff, 0x00, 0xff, 0xff, 0x00, 
  0xff, 0xff, 0x00, 0xff, 0xff, 0x00, 0xff, 0xff, 0x00, 0xff, 0xff, 0x00, 
  0xff, 0xff, 0x00, 0xff, 0xff, 0x00, 0xff, 0xff, 0x00, 0xff, 0xff, 0x00, 
  0xff, 0xff, 0x00, 0xff, 0xff, 0x00, 0xff, 0xff, 0x00, 0xff, 0xff, 0x00, 
  0xff, 0xff, 0x00, 0xff, 0xff, 0x00, 0xff, 0xff, 0x00, 0xff, 0xff, 0x00, 
  0xff, 0xff, 0x00, 0xff, 0xff, 0x00, 0xff, 0xff, 0x00, 0xff, 0xff, 0x00, 
  0xff, 0xff, 0x00, 0xff, 0xff, 0x00, 0xff, 0xff, 0x00, 0xff, 0xff, 0x00, 
  0xff, 0xff, 0x00, 0xff, 0xff, 0x00, 0xff, 0xff, 0x00, 0xff, 0xff, 0x00, 
  0xff, 0xff, 0x00, 0xff, 0xff, 0x00, 0xff, 0xff, 0x00, 0xff, 0xff, 0x00, 
  0xff, 0xff, 0x00, 0xff, 0xff, 0x00, 0xff, 0xff, 0x00, 0xff, 0xff, 0x00, 
  0xff, 0xff, 0x00, 0xff, 0xff, 0x00, 0xff, 0xff, 0x00, 0xff, 0xff, 0x00, 
  0xff, 0xff, 0x00, 0xff, 0xff, 0x00, 0xff, 0xff, 0x00, 0xff, 0xff, 0x00, 
  0xff, 0xff, 0x00, 0xff, 0xff, 0x00, 0xff, 0xff, 0x00, 0xff, 0xff, 0x00, 
  0xff, 0xff, 0x00, 0xff, 0xff, 0x00, 0xff, 0xff, 0x00, 0xff, 0xff, 0x00, 
  
};

const lv_img_dsc_t img_camera = {
  .header.cf = LV_IMG_CF_TRUE_COLOR_ALPHA,
  .header.always_zero = 0,
  .header.w = 120,
  .header.h = 120,
  .data_size = 43200,
  .data = img_camera_map,
};
