#include "lvgl.h"

const uint8_t img_reader_map[] = {
  0x00, 0x00, 0x00, 0x00, 0x00, 0x00, 0x00, 0x00, 0x00, 0x00, 0x00, 0x00, 
  0x00, 0x00, 0x00, 0x00, 0x00, 0x00, 0x00, 0x00, 0x00, 0x00, 0x00, 0x00, 
  0x00, 0x00, 0x00, 0x00, 0x00, 0x00, 0x00, 0x00, 0x00, 0x00, 0x00, 0x00, 
  0x00, 0x00, 0x00, 0x00, 0x00, 0x00, 0x00, 0x00, 0x00, 0x00, 0x00, 0x00, 
  0x00, 0x00, 0x00, 0x00, 0x00, 0x00, 0x00, 0x00, 0x00, 0x00, 0x00, 0x00, 
  0x00, 0x00, 0x00, 0x00, 0x00, 0x00, 0x00, 0x00, 0x00, 0x00, 0x00, 0x00, 
  0x00, 0x00, 0x00, 0x00, 0x00, 0x00, 0x00, 0x00, 0x00, 0x00, 0x00, 0x00, 
  0x00, 0x00, 0x00, 0x00, 0x00, 0x00, 0x00, 0x00, 0x00, 0x00, 0x00, 0x00, 
  0x00, 0x00, 0x00, 0x00, 0x00, 0x00, 0x00, 0x00, 0x00, 0x00, 0x00, 0x00, 
  0x00, 0x00, 0x00, 0x00, 0x00, 0x00, 0x00, 0x00, 0x00, 0x00, 0x00, 0x00, 
  0x00, 0x00, 0x00, 0x00, 0x00, 0x00, 0x00, 0x00, 0x00, 0x00, 0x00, 0x00, 
  0x00, 0x00, 0x00, 0x00, 0x00, 0x00, 0x00, 0x00, 0x00, 0x00, 0x00, 0x00, 
  0x00, 0x00, 0x00, 0x00, 0x00, 0x00, 0x00, 0x00, 0x00, 0x00, 0x00, 0x00, 
  0x00, 0x00, 0x00, 0x00, 0x00, 0x00, 0x00, 0x00, 0x00, 0x00, 0x00, 0x00, 
  0x00, 0x00, 0x00, 0x00, 0x00, 0x00, 0x00, 0x00, 0x00, 0x00, 0x00, 0x00, 
  0x00, 0x00, 0x00, 0x00, 0x00, 0x00, 0x00, 0x00, 0x00, 0x00, 0x00, 0x00, 
  0x00, 0x00, 0x00, 0x00, 0x00, 0x00, 0x00, 0x00, 0x00, 0x00, 0x00, 0x00, 
  0x00, 0x00, 0x00, 0x00, 0x00, 0x00, 0x00, 0x00, 0x00, 0x00, 0x00, 0x00, 
  0x00, 0x00, 0x00, 0x00, 0x00, 0x00, 0x00, 0x00, 0x00, 0x00, 0x00, 0x00, 
  0x00, 0x00, 0x00, 0x00, 0x00, 0x00, 0x00, 0x00, 0x00, 0x00, 0x00, 0x00, 
  0x00, 0x00, 0x00, 0x00, 0x00, 0x00, 0x00, 0x00, 0x00, 0x00, 0x00, 0x00, 
  0x00, 0x00, 0x00, 0x00, 0x00, 0x00, 0x00, 0x00, 0x00, 0x00, 0x00, 0x00, 
  0x00, 0x00, 0x00, 0x00, 0x00, 0x00, 0x00, 0x00, 0x00, 0x00, 0x00, 0x00, 
  0x00, 0x00, 0x00, 0x00, 0x00, 0x00, 0x00, 0x00, 0x00, 0x00, 0x00, 0x00, 
  0x00, 0x00, 0x00, 0x00, 0x00, 0x00, 0x00, 0x00, 0x00, 0x00, 0x00, 0x00, 
  0x00, 0x00, 0x00, 0x00, 0x00, 0x00, 0x00, 0x00, 0x00, 0x00, 0x00, 0x00, 
  0x00, 0x00, 0x00, 0x00, 0x00, 0x00, 0x00, 0x00, 0x00, 0x00, 0x00, 0x00, 
  0x00, 0x00, 0x00, 0x00, 0x00, 0x00, 0x00, 0x00, 0x00, 0x00, 0x00, 0x00, 
  0x00, 0x00, 0x00, 0x00, 0x00, 0x00, 0x00, 0x00, 0x00, 0x00, 0x00, 0x00, 
  0x00, 0x00, 0x00, 0x00, 0x00, 0x00, 0x00, 0x00, 0x00, 0x00, 0x00, 0x00, 
  0x00, 0x00, 0x00, 0x00, 0x00, 0x00, 0x00, 0x00, 0x00, 0x00, 0x00, 0x00, 
  0x00, 0x00, 0x00, 0x00, 0x00, 0x00, 0x00, 0x00, 0x00, 0x00, 0x00, 0x00, 
  0x00, 0x00, 0x00, 0x00, 0x00, 0x00, 0x00, 0x00, 0x00, 0x00, 0x00, 0x00, 
  0x00, 0x00, 0x00, 0x00, 0x00, 0x00, 0x00, 0x00, 0x00, 0x00, 0x00, 0x00, 
  0x00, 0x00, 0x00, 0x00, 0x00, 0x00, 0x00, 0x00, 0x00, 0x00, 0x00, 0x00, 
  0x00, 0x00, 0x00, 0x00, 0x00, 0x00, 0x00, 0x00, 0x00, 0x00, 0x00, 0x00, 
  0x00, 0x00, 0x00, 0x00, 0x00, 0x00, 0x00, 0x00, 0x00, 0x00, 0x00, 0x00, 
  0x00, 0x00, 0x00, 0x00, 0x00, 0x00, 0x00, 0x00, 0x00, 0x00, 0x00, 0x00, 
  0x00, 0x00, 0x00, 0x00, 0x00, 0x00, 0x00, 0x00, 0x00, 0x00, 0x00, 0x00, 
  0x00, 0x00, 0x00, 0x00, 0x00, 0x00, 0x00, 0x00, 0x00, 0x00, 0x00, 0x00, 
  0x00, 0x00, 0x00, 0x00, 0x00, 0x00, 0x00, 0x00, 0x00, 0x00, 0x00, 0x00, 
  0x00, 0x00, 0x00, 0x00, 0x00, 0x00, 0x00, 0x00, 0x00, 0x00, 0x00, 0x00, 
  0x00, 0x00, 0x00, 0x00, 0x00, 0x00, 0x00, 0x00, 0x00, 0x00, 0x00, 0x00, 
  0x00, 0x00, 0x00, 0x00, 0x00, 0x00, 0x00, 0x00, 0x00, 0x00, 0x00, 0x00, 
  0x00, 0x00, 0x00, 0x00, 0x00, 0x00, 0x00, 0x00, 0x00, 0x00, 0x00, 0x00, 
  0x00, 0x00, 0x00, 0x00, 0x00, 0x00, 0x00, 0x00, 0x00, 0x00, 0x00, 0x00, 
  0x00, 0x00, 0x00, 0x00, 0x00, 0x00, 0x00, 0x00, 0x00, 0x00, 0x00, 0x00, 
  0x00, 0x00, 0x00, 0x00, 0x00, 0x00, 0x00, 0x00, 0x00, 0x00, 0x00, 0x00, 
  0x00, 0x00, 0x00, 0x00, 0x00, 0x00, 0x00, 0x00, 0x00, 0x00, 0x00, 0x00, 
  0x00, 0x00, 0x00, 0x00, 0x00, 0x00, 0x00, 0x00, 0x00, 0x00, 0x00, 0x00, 
  0x00, 0x00, 0x00, 0x00, 0x00, 0x00, 0x00, 0x00, 0x00, 0x00, 0x00, 0x00, 
  0x00, 0x00, 0x00, 0x00, 0x00, 0x00, 0x00, 0x00, 0x00, 0x00, 0x00, 0x00, 
  0x00, 0x00, 0x00, 0x00, 0x00, 0x00, 0x00, 0x00, 0x00, 0x00, 0x00, 0x00, 
  0x00, 0x00, 0x00, 0x00, 0x00, 0x00, 0x00, 0x00, 0x00, 0x00, 0x00, 0x00, 
  0x00, 0x00, 0x00, 0x00, 0x00, 0x00, 0x00, 0x00, 0x00, 0x00, 0x00, 0x00, 
  0x00, 0x00, 0x00, 0x00, 0x00, 0x00, 0x00, 0x00, 0x00, 0x00, 0x00, 0x00, 
  0x00, 0x00, 0x00, 0x00, 0x00, 0x00, 0x00, 0x00, 0x00, 0x00, 0x00, 0x00, 
  0x00, 0x00, 0x00, 0x00, 0x00, 0x00, 0x00, 0x00, 0x00, 0x00, 0x00, 0x00, 
  0x00, 0x00, 0x00, 0x00, 0x00, 0x00, 0x00, 0x00, 0x00, 0x00, 0x00, 0x00, 
  0x00, 0x00, 0x00, 0x00, 0x00, 0x00, 0x00, 0x00, 0x00, 0x00, 0x00, 0x00, 
  0x00, 0x00, 0x00, 0x00, 0x00, 0x00, 0x00, 0x00, 0x00, 0x00, 0x00, 0x00, 
  0x00, 0x00, 0x00, 0x00, 0x00, 0x00, 0x00, 0x00, 0x00, 0x00, 0x00, 0x00, 
  0x00, 0x00, 0x00, 0x00, 0x00, 0x00, 0x00, 0x00, 0x00, 0x00, 0x00, 0x00, 
  0x00, 0x00, 0x00, 0x00, 0x00, 0x00, 0x00, 0x00, 0x00, 0x00, 0x00, 0x00, 
  0x00, 0x00, 0x00, 0x00, 0x00, 0x00, 0x00, 0x00, 0x00, 0x00, 0x00, 0x00, 
  0x00, 0x00, 0x00, 0x00, 0x00, 0x00, 0x00, 0x00, 0x00, 0x00, 0x00, 0x00, 
  0x00, 0x00, 0x00, 0x00, 0x00, 0x00, 0x00, 0x00, 0x00, 0x00, 0x00, 0x00, 
  0x00, 0x00, 0x00, 0x00, 0x00, 0x00, 0x00, 0x00, 0x00, 0x00, 0x00, 0x00, 
  0x00, 0x00, 0x00, 0x00, 0x00, 0x00, 0x00, 0x00, 0x00, 0x00, 0x00, 0x00, 
  0x00, 0x00, 0x00, 0x00, 0x00, 0x00, 0x00, 0x00, 0x00, 0x00, 0x00, 0x00, 
  0x00, 0x00, 0x00, 0x00, 0x00, 0x00, 0x00, 0x00, 0x00, 0x00, 0x00, 0x00, 
  0x00, 0x00, 0x00, 0x00, 0x00, 0x00, 0x00, 0x00, 0x00, 0x00, 0x00, 0x00, 
  0x00, 0x00, 0x00, 0x00, 0x00, 0x00, 0x00, 0x00, 0x00, 0x00, 0x00, 0x00, 
  0x00, 0x00, 0x00, 0x00, 0x00, 0x00, 0x00, 0x00, 0x00, 0x00, 0x00, 0x00, 
  0x00, 0x00, 0x00, 0x00, 0x00, 0x00, 0x00, 0x00, 0x00, 0x00, 0x00, 0x00, 
  0x00, 0x00, 0x00, 0x00, 0x00, 0x00, 0x00, 0x00, 0x00, 0x00, 0x00, 0x00, 
  0x00, 0x00, 0x00, 0x00, 0x00, 0x00, 0x00, 0x00, 0x00, 0x00, 0x00, 0x00, 
  0x00, 0x00, 0x00, 0x00, 0x00, 0x00, 0x00, 0x00, 0x00, 0x00, 0x00, 0x00, 
  0x00, 0x00, 0x00, 0x00, 0x00, 0x00, 0x00, 0x00, 0x00, 0x00, 0x00, 0x00, 
  0x00, 0x00, 0x00, 0x00, 0x00, 0x00, 0x00, 0x00, 0x00, 0x00, 0x00, 0x00, 
  0x00, 0x00, 0x00, 0x00, 0x00, 0x00, 0x00, 0x00, 0x00, 0x00, 0x00, 0x00, 
  0x00, 0x00, 0x00, 0x00, 0x00, 0x00, 0x00, 0x00, 0x00, 0x00, 0x00, 0x00, 
  0x00, 0x00, 0x00, 0x00, 0x00, 0x00, 0x00, 0x00, 0x00, 0x00, 0x00, 0x00, 
  0x00, 0x00, 0x00, 0x00, 0x00, 0x00, 0x00, 0x00, 0x00, 0x00, 0x00, 0x00, 
  0x00, 0x00, 0x00, 0x00, 0x00, 0x00, 0x00, 0x00, 0x00, 0x00, 0x00, 0x00, 
  0x00, 0x00, 0x00, 0x00, 0x00, 0x00, 0x00, 0x00, 0x00, 0x00, 0x00, 0x00, 
  0x00, 0x00, 0x00, 0x00, 0x00, 0x00, 0x00, 0x00, 0x00, 0x00, 0x00, 0x00, 
  0x00, 0x00, 0x00, 0x00, 0x00, 0x00, 0x00, 0x00, 0x00, 0x00, 0x00, 0x00, 
  0x00, 0x00, 0x00, 0x00, 0x00, 0x00, 0x00, 0x00, 0x00, 0x00, 0x00, 0x00, 
  0x00, 0x00, 0x00, 0x00, 0x00, 0x00, 0x00, 0x00, 0x00, 0x00, 0x00, 0x00, 
  0x00, 0x00, 0x00, 0x00, 0x00, 0x00, 0x00, 0x00, 0x00, 0x00, 0x00, 0x00, 
  0x00, 0x00, 0x00, 0x00, 0x00, 0x00, 0x00, 0x00, 0x00, 0x00, 0x00, 0x00, 
  0x00, 0x00, 0x00, 0x00, 0x00, 0x00, 0x00, 0x00, 0x00, 0x00, 0x00, 0x00, 
  0x00, 0x00, 0x00, 0x00, 0x00, 0x00, 0x00, 0x00, 0x00, 0x00, 0x00, 0x00, 
  0x00, 0x00, 0x00, 0x00, 0x00, 0x00, 0x00, 0x00, 0x00, 0x00, 0x00, 0x00, 
  0x00, 0x00, 0x00, 0x00, 0x00, 0x00, 0x00, 0x00, 0x00, 0x00, 0x00, 0x00, 
  0x00, 0x00, 0x00, 0x00, 0x00, 0x00, 0x00, 0x00, 0x00, 0x00, 0x00, 0x00, 
  0x00, 0x00, 0x00, 0x00, 0x00, 0x00, 0x00, 0x00, 0x00, 0x00, 0x00, 0x00, 
  0x00, 0x00, 0x00, 0x00, 0x00, 0x00, 0x00, 0x00, 0x00, 0x00, 0x00, 0x00, 
  0x00, 0x00, 0x00, 0x00, 0x00, 0x00, 0x00, 0x00, 0x00, 0x00, 0x00, 0x00, 
  0x00, 0x00, 0x00, 0x00, 0x00, 0x00, 0x00, 0x00, 0x00, 0x00, 0x00, 0x00, 
  0x00, 0x00, 0x00, 0x00, 0x00, 0x00, 0x00, 0x00, 0x00, 0x00, 0x00, 0x00, 
  0x00, 0x00, 0x00, 0x00, 0x00, 0x00, 0x00, 0x00, 0x00, 0x00, 0x00, 0x00, 
  0x00, 0x00, 0x00, 0x00, 0x00, 0x00, 0x00, 0x00, 0x00, 0x00, 0x00, 0x00, 
  0x00, 0x00, 0x00, 0x00, 0x00, 0x00, 0x00, 0x00, 0x00, 0x00, 0x00, 0x00, 
  0x00, 0x00, 0x00, 0x00, 0x00, 0x00, 0x00, 0x00, 0x00, 0x00, 0x00, 0x00, 
  0x00, 0x00, 0x00, 0x00, 0x00, 0x00, 0x00, 0x00, 0x00, 0x00, 0x00, 0x00, 
  0x00, 0x00, 0x00, 0x00, 0x00, 0x00, 0x00, 0x00, 0x00, 0x00, 0x00, 0x00, 
  0x00, 0x00, 0x00, 0x00, 0x00, 0x00, 0x00, 0x00, 0x00, 0x00, 0x00, 0x00, 
  0x00, 0x00, 0x00, 0x00, 0x00, 0x00, 0x00, 0x00, 0x00, 0x00, 0x00, 0x00, 
  0x00, 0x00, 0x00, 0x00, 0x00, 0x00, 0x00, 0x00, 0x00, 0x00, 0x00, 0x00, 
  0x00, 0x00, 0x00, 0x00, 0x00, 0x00, 0x00, 0x00, 0x00, 0x00, 0x00, 0x00, 
  0x00, 0x00, 0x00, 0x00, 0x00, 0x00, 0x00, 0x00, 0x00, 0x00, 0x00, 0x00, 
  0x00, 0x00, 0x00, 0x00, 0x00, 0x00, 0x00, 0x00, 0x00, 0x00, 0x00, 0x00, 
  0x00, 0x00, 0x00, 0x00, 0x00, 0x00, 0x00, 0x00, 0x00, 0x00, 0x00, 0x00, 
  0x00, 0x00, 0x00, 0x00, 0x00, 0x00, 0x00, 0x00, 0x00, 0x00, 0x00, 0x00, 
  0x00, 0x00, 0x00, 0x00, 0x00, 0x00, 0x00, 0x00, 0x00, 0x00, 0x00, 0x00, 
  0x00, 0x00, 0x00, 0x00, 0x00, 0x00, 0x00, 0x00, 0x00, 0x00, 0x00, 0x00, 
  0x00, 0x00, 0x00, 0x00, 0x00, 0x00, 0x00, 0x00, 0x00, 0x00, 0x00, 0x00, 
  0x00, 0x00, 0x00, 0x00, 0x00, 0x00, 0x00, 0x00, 0x00, 0x00, 0x00, 0x00, 
  0x00, 0x00, 0x00, 0x00, 0x00, 0x00, 0x00, 0x00, 0x00, 0x00, 0x00, 0x00, 
  0x00, 0x00, 0x00, 0x00, 0x00, 0x00, 0x00, 0x00, 0x00, 0x00, 0x00, 0x00, 
  0x00, 0x00, 0x00, 0x00, 0x00, 0x00, 0x00, 0x00, 0x00, 0x00, 0x00, 0x00, 
  0x00, 0x00, 0x00, 0x00, 0x00, 0x00, 0x00, 0x00, 0x00, 0x00, 0x00, 0x00, 
  0x00, 0x00, 0x00, 0x00, 0x00, 0x00, 0x00, 0x00, 0x00, 0x00, 0x00, 0x00, 
  0x00, 0x00, 0x00, 0x00, 0x00, 0x00, 0x00, 0x00, 0x00, 0x00, 0x00, 0x00, 
  0x00, 0x00, 0x00, 0x00, 0x00, 0x00, 0x00, 0x00, 0x00, 0x00, 0x00, 0x00, 
  0x00, 0x00, 0x00, 0x00, 0x00, 0x00, 0x00, 0x00, 0x00, 0x00, 0x00, 0x00, 
  0x00, 0x00, 0x00, 0x00, 0x00, 0x00, 0x00, 0x00, 0x00, 0x00, 0x00, 0x00, 
  0x00, 0x00, 0x00, 0x00, 0x00, 0x00, 0x00, 0x00, 0x00, 0x00, 0x00, 0x00, 
  0x00, 0x00, 0x00, 0x00, 0x00, 0x00, 0x00, 0x00, 0x00, 0x00, 0x00, 0x00, 
  0x00, 0x00, 0x00, 0x00, 0x00, 0x00, 0x00, 0x00, 0x00, 0x00, 0x00, 0x00, 
  0x00, 0x00, 0x00, 0x00, 0x00, 0x00, 0x00, 0x00, 0x00, 0x00, 0x00, 0x00, 
  0x00, 0x00, 0x00, 0x00, 0x00, 0x00, 0x00, 0x00, 0x00, 0x00, 0x00, 0x00, 
  0x00, 0x00, 0x00, 0x00, 0x00, 0x00, 0x00, 0x00, 0x00, 0x00, 0x00, 0x00, 
  0x00, 0x00, 0x00, 0x00, 0x00, 0x00, 0x00, 0x00, 0x00, 0x00, 0x00, 0x00, 
  0x00, 0x00, 0x00, 0x00, 0x00, 0x00, 0x00, 0x00, 0x00, 0x00, 0x00, 0x00, 
  0x00, 0x00, 0x00, 0x00, 0x00, 0x00, 0x00, 0x00, 0x00, 0x00, 0x00, 0x00, 
  0x00, 0x00, 0x00, 0x00, 0x00, 0x00, 0x00, 0x00, 0x00, 0x00, 0x00, 0x00, 
  0x00, 0x00, 0x00, 0x00, 0x00, 0x00, 0x00, 0x00, 0x00, 0x00, 0x00, 0x00, 
  0x00, 0x00, 0x00, 0x00, 0x00, 0x00, 0x00, 0x00, 0x00, 0x00, 0x00, 0x00, 
  0x00, 0x00, 0x00, 0x00, 0x00, 0x00, 0x00, 0x00, 0x00, 0x00, 0x00, 0x00, 
  0x00, 0x00, 0x00, 0x00, 0x00, 0x00, 0x00, 0x00, 0x00, 0x00, 0x00, 0x00, 
  0x00, 0x00, 0x00, 0x00, 0x00, 0x00, 0x00, 0x00, 0x00, 0x00, 0x00, 0x00, 
  0x00, 0x00, 0x00, 0x00, 0x00, 0x00, 0x00, 0x00, 0x00, 0x00, 0x00, 0x00, 
  0x00, 0x00, 0x00, 0x00, 0x00, 0x00, 0x00, 0x00, 0x00, 0x00, 0x00, 0x00, 
  0x00, 0x00, 0x00, 0x00, 0x00, 0x00, 0x00, 0x00, 0x00, 0x00, 0x00, 0x00, 
  0x00, 0x00, 0x00, 0x00, 0x00, 0x00, 0x00, 0x00, 0x00, 0x00, 0x00, 0x00, 
  0x00, 0x00, 0x00, 0x00, 0x00, 0x00, 0x00, 0x00, 0x00, 0x00, 0x00, 0x00, 
  0x00, 0x00, 0x00, 0x00, 0x00, 0x00, 0x00, 0x00, 0x00, 0x00, 0x00, 0x00, 
  0x00, 0x00, 0x00, 0x00, 0x00, 0x00, 0x00, 0x00, 0x00, 0x00, 0x00, 0x00, 
  0x00, 0x00, 0x00, 0x00, 0x00, 0x00, 0x00, 0x00, 0x00, 0x00, 0x00, 0x00, 
  0x00, 0x00, 0x00, 0x00, 0x00, 0x00, 0x00, 0x00, 0x00, 0x00, 0x00, 0x00, 
  0x00, 0x00, 0x00, 0x00, 0x00, 0x00, 0x00, 0x00, 0x00, 0x00, 0x00, 0x00, 
  0x00, 0x00, 0x00, 0x00, 0x00, 0x00, 0x00, 0x00, 0x00, 0x00, 0x00, 0x00, 
  0x00, 0x00, 0x00, 0x00, 0x00, 0x00, 0x00, 0x00, 0x00, 0x00, 0x00, 0x00, 
  0x00, 0x00, 0x00, 0x00, 0x00, 0x00, 0x00, 0x00, 0x00, 0x00, 0x00, 0x00, 
  0x00, 0x00, 0x00, 0x00, 0x00, 0x00, 0x00, 0x00, 0x00, 0x00, 0x00, 0x00, 
  0x00, 0x00, 0x00, 0x00, 0x00, 0x00, 0x00, 0x00, 0x00, 0x00, 0x00, 0x00, 
  0x00, 0x00, 0x00, 0x00, 0x00, 0x00, 0x00, 0x00, 0x00, 0x00, 0x00, 0x00, 
  0x00, 0x00, 0x00, 0x00, 0x00, 0x00, 0x00, 0x00, 0x00, 0x00, 0x00, 0x00, 
  0x00, 0x00, 0x00, 0x00, 0x00, 0x00, 0x00, 0x00, 0x00, 0x00, 0x00, 0x00, 
  0x00, 0x00, 0x00, 0x00, 0x00, 0x00, 0x00, 0x00, 0x00, 0x00, 0x00, 0x00, 
  0x00, 0x00, 0x00, 0x00, 0x00, 0x00, 0x00, 0x00, 0x00, 0x00, 0x00, 0x00, 
  0x00, 0x00, 0x00, 0x00, 0x00, 0x00, 0x00, 0x00, 0x00, 0x00, 0x00, 0x00, 
  0x00, 0x00, 0x00, 0x00, 0x00, 0x00, 0x00, 0x00, 0x00, 0x00, 0x00, 0x00, 
  0x00, 0x00, 0x00, 0x00, 0x00, 0x00, 0x00, 0x00, 0x00, 0x00, 0x00, 0x00, 
  0x00, 0x00, 0x00, 0x00, 0x00, 0x00, 0x00, 0x00, 0x00, 0x00, 0x00, 0x00, 
  0x00, 0x00, 0x00, 0x00, 0x00, 0x00, 0x00, 0x00, 0x00, 0x00, 0x00, 0x00, 
  0x00, 0x00, 0x00, 0x00, 0x00, 0x00, 0x00, 0x00, 0x00, 0x00, 0x00, 0x00, 
  0x00, 0x00, 0x00, 0x00, 0x00, 0x00, 0x00, 0x00, 0x00, 0x00, 0x00, 0x00, 
  0x00, 0x00, 0x00, 0x00, 0x00, 0x00, 0x00, 0x00, 0x00, 0x00, 0x00, 0x00, 
  0x00, 0x00, 0x00, 0x00, 0x00, 0x00, 0x00, 0x00, 0x00, 0x00, 0x00, 0x00, 
  0x00, 0x00, 0x00, 0x00, 0x00, 0x00, 0x00, 0x00, 0x00, 0x00, 0x00, 0x00, 
  0x00, 0x00, 0x00, 0x00, 0x00, 0x00, 0x00, 0x00, 0x00, 0x00, 0x00, 0x00, 
  0x00, 0x00, 0x00, 0x00, 0x00, 0x00, 0x00, 0x00, 0x00, 0x00, 0x00, 0x00, 
  0x00, 0x00, 0x00, 0x00, 0x00, 0x00, 0x00, 0x00, 0x00, 0x00, 0x00, 0x00, 
  0x00, 0x00, 0x00, 0x00, 0x00, 0x00, 0x00, 0x00, 0x00, 0x00, 0x00, 0x00, 
  0x00, 0x00, 0x00, 0x00, 0x00, 0x00, 0x00, 0x00, 0x00, 0x00, 0x00, 0x00, 
  0x00, 0x00, 0x00, 0x00, 0x00, 0x00, 0x00, 0x00, 0x00, 0x00, 0x00, 0x00, 
  0x00, 0x00, 0x00, 0x00, 0x00, 0x00, 0x00, 0x00, 0x00, 0x00, 0x00, 0x00, 
  0x00, 0x00, 0x00, 0x00, 0x00, 0x00, 0x00, 0x00, 0x00, 0x00, 0x00, 0x00, 
  0x00, 0x00, 0x00, 0x00, 0x00, 0x00, 0x00, 0x00, 0x00, 0x00, 0x00, 0x00, 
  0x00, 0x00, 0x00, 0x00, 0x00, 0x00, 0x00, 0x00, 0x00, 0x00, 0x00, 0x00, 
  0x00, 0x00, 0x00, 0x00, 0x00, 0x00, 0x00, 0x00, 0x00, 0x00, 0x00, 0x00, 
  0x00, 0x00, 0x00, 0x00, 0x00, 0x00, 0x00, 0x00, 0x00, 0x00, 0x00, 0x00, 
  0x00, 0x00, 0x00, 0x00, 0x00, 0x00, 0x00, 0x00, 0x00, 0x00, 0x00, 0x00, 
  0x00, 0x00, 0x00, 0x00, 0x00, 0x00, 0x00, 0x00, 0x00, 0x00, 0x00, 0x00, 
  0x00, 0x00, 0x00, 0x00, 0x00, 0x00, 0x00, 0x00, 0x00, 0x00, 0x00, 0x00, 
  0x00, 0x00, 0x00, 0x00, 0x00, 0x00, 0x00, 0x00, 0x00, 0x00, 0x00, 0x00, 
  0x00, 0x00, 0x00, 0x00, 0x00, 0x00, 0x00, 0x00, 0x00, 0x00, 0x00, 0x00, 
  0x00, 0x00, 0x00, 0x00, 0x00, 0x00, 0x00, 0x00, 0x00, 0x00, 0x00, 0x00, 
  0x00, 0x00, 0x00, 0x00, 0x00, 0x00, 0x00, 0x00, 0x00, 0x00, 0x00, 0x00, 
  0x00, 0x00, 0x00, 0x00, 0x00, 0x00, 0x00, 0x00, 0x00, 0x00, 0x00, 0x00, 
  0x00, 0x00, 0x00, 0x00, 0x00, 0x00, 0x00, 0x00, 0x00, 0x00, 0x00, 0x00, 
  0x00, 0x00, 0x00, 0x00, 0x00, 0x00, 0x00, 0x00, 0x00, 0x00, 0x00, 0x00, 
  0x00, 0x00, 0x00, 0x00, 0x00, 0x00, 0x00, 0x00, 0x00, 0x00, 0x00, 0x00, 
  0x00, 0x00, 0x00, 0x00, 0x00, 0x00, 0x00, 0x00, 0x00, 0x00, 0x00, 0x00, 
  0x00, 0x00, 0x00, 0x00, 0x00, 0x00, 0x00, 0x00, 0x00, 0x00, 0x00, 0x00, 
  0x00, 0x00, 0x00, 0x00, 0x00, 0x00, 0x00, 0x00, 0x00, 0x00, 0x00, 0x00, 
  0x00, 0x00, 0x00, 0x00, 0x00, 0x00, 0x00, 0x00, 0x00, 0x00, 0x00, 0x00, 
  0x00, 0x00, 0x00, 0x00, 0x00, 0x00, 0x00, 0x00, 0x00, 0x00, 0x00, 0x00, 
  0x00, 0x00, 0x00, 0x00, 0x00, 0x00, 0x00, 0x00, 0x00, 0x00, 0x00, 0x00, 
  0x00, 0x00, 0x00, 0x00, 0x00, 0x00, 0x00, 0x00, 0x00, 0x00, 0x00, 0x00, 
  0x00, 0x00, 0x00, 0x00, 0x00, 0x00, 0x00, 0x00, 0x00, 0x00, 0x00, 0x00, 
  0x00, 0x00, 0x00, 0x00, 0x00, 0x00, 0x00, 0x00, 0x00, 0x00, 0x00, 0x00, 
  0x00, 0x00, 0x00, 0x00, 0x00, 0x00, 0x00, 0x00, 0x00, 0x00, 0x00, 0x00, 
  0x00, 0x00, 0x00, 0x00, 0x00, 0x00, 0x00, 0x00, 0x00, 0x00, 0x00, 0x00, 
  0x00, 0x00, 0x00, 0x00, 0x00, 0x00, 0x00, 0x00, 0x00, 0x00, 0x00, 0x00, 
  0x00, 0x00, 0x00, 0x00, 0x00, 0x00, 0x00, 0x00, 0x00, 0x00, 0x00, 0x00, 
  0x00, 0x00, 0x00, 0x00, 0x00, 0x00, 0x00, 0x00, 0x00, 0x00, 0x00, 0x00, 
  0x00, 0x00, 0x00, 0x00, 0x00, 0x00, 0x00, 0x00, 0x00, 0x00, 0x00, 0x00, 
  0x00, 0x00, 0x00, 0x00, 0x00, 0x00, 0x00, 0x00, 0x00, 0x00, 0x00, 0x00, 
  0x00, 0x00, 0x00, 0x00, 0x00, 0x00, 0x00, 0x00, 0x00, 0x00, 0x00, 0x00, 
  0x00, 0x00, 0x00, 0x00, 0x00, 0x00, 0x00, 0x00, 0x00, 0x00, 0x00, 0x00, 
  0x00, 0x00, 0x00, 0x00, 0x00, 0x00, 0x00, 0x00, 0x00, 0x00, 0x00, 0x00, 
  0x00, 0x00, 0x00, 0x00, 0x00, 0x00, 0x00, 0x00, 0x00, 0x00, 0x00, 0x00, 
  0x00, 0x00, 0x00, 0x00, 0x00, 0x00, 0x00, 0x00, 0x00, 0x00, 0x00, 0x00, 
  0x00, 0x00, 0x00, 0x00, 0x00, 0x00, 0x00, 0x00, 0x00, 0x00, 0x00, 0x00, 
  0x00, 0x00, 0x00, 0x00, 0x00, 0x00, 0x00, 0x00, 0x00, 0x00, 0x00, 0x00, 
  0x00, 0x00, 0x00, 0x00, 0x00, 0x00, 0x00, 0x00, 0x00, 0x00, 0x00, 0x00, 
  0x00, 0x00, 0x00, 0x00, 0x00, 0x00, 0x00, 0x00, 0x00, 0x00, 0x00, 0x00, 
  0x00, 0x00, 0x00, 0x00, 0x00, 0x00, 0x00, 0x00, 0x00, 0x00, 0x00, 0x00, 
  0x00, 0x00, 0x00, 0x00, 0x00, 0x00, 0x00, 0x00, 0x00, 0x00, 0x00, 0x00, 
  0x00, 0x00, 0x00, 0x00, 0x00, 0x00, 0x00, 0x00, 0x00, 0x00, 0x00, 0x00, 
  0x00, 0x00, 0x00, 0x00, 0x00, 0x00, 0x00, 0x00, 0x00, 0x00, 0x00, 0x00, 
  0x00, 0x00, 0x00, 0x00, 0x00, 0x00, 0x00, 0x00, 0x00, 0x00, 0x00, 0x00, 
  0x00, 0x00, 0x00, 0x00, 0x00, 0x00, 0x00, 0x00, 0x00, 0x00, 0x00, 0x00, 
  0x00, 0x00, 0x00, 0x00, 0x00, 0x00, 0x00, 0x00, 0x00, 0x00, 0x00, 0x00, 
  0x00, 0x00, 0x00, 0x00, 0x00, 0x00, 0x00, 0x00, 0x00, 0x00, 0x00, 0x00, 
  0x00, 0x00, 0x00, 0x00, 0x00, 0x00, 0x00, 0x00, 0x00, 0x00, 0x00, 0x00, 
  0x00, 0x00, 0x00, 0x00, 0x00, 0x00, 0x00, 0x00, 0x00, 0x00, 0x00, 0x00, 
  0x00, 0x00, 0x00, 0x00, 0x00, 0x00, 0x00, 0x00, 0x00, 0x00, 0x00, 0x00, 
  0x00, 0x00, 0x00, 0x00, 0x00, 0x00, 0x00, 0x00, 0x00, 0x00, 0x00, 0x00, 
  0x00, 0x00, 0x00, 0x00, 0x00, 0x00, 0x00, 0x00, 0x00, 0x00, 0x00, 0x00, 
  0x00, 0x00, 0x00, 0x00, 0x00, 0x00, 0x00, 0x00, 0x00, 0x00, 0x00, 0x00, 
  0x00, 0x00, 0x00, 0x00, 0x00, 0x00, 0x00, 0x00, 0x00, 0x00, 0x00, 0x00, 
  0x00, 0x00, 0x00, 0x00, 0x00, 0x00, 0x00, 0x00, 0x00, 0x00, 0x00, 0x00, 
  0x00, 0x00, 0x00, 0x00, 0x00, 0x00, 0x00, 0x00, 0x00, 0x00, 0x00, 0x00, 
  0x00, 0x00, 0x00, 0x00, 0x00, 0x00, 0x00, 0x00, 0x00, 0x00, 0x00, 0x00, 
  0x00, 0x00, 0x00, 0x00, 0x00, 0x00, 0x00, 0x00, 0x00, 0x00, 0x00, 0x00, 
  0x00, 0x00, 0x00, 0x00, 0x00, 0x00, 0x00, 0x00, 0x00, 0x00, 0x00, 0x00, 
  0x00, 0x00, 0x00, 0x00, 0x00, 0x00, 0x00, 0x00, 0x00, 0x00, 0x00, 0x00, 
  0x00, 0x00, 0x00, 0x00, 0x00, 0x00, 0x00, 0x00, 0x00, 0x00, 0x00, 0x00, 
  0x00, 0x00, 0x00, 0x00, 0x00, 0x00, 0x00, 0x00, 0x00, 0x00, 0x00, 0x00, 
  0x00, 0x00, 0x00, 0x00, 0x00, 0x00, 0x00, 0x00, 0x00, 0x00, 0x00, 0x00, 
  0x00, 0x00, 0x00, 0x00, 0x00, 0x00, 0x00, 0x00, 0x00, 0x00, 0x00, 0x00, 
  0x00, 0x00, 0x00, 0x00, 0x00, 0x00, 0x00, 0x00, 0x00, 0x00, 0x00, 0x00, 
  0x00, 0x00, 0x00, 0x00, 0x00, 0x00, 0x00, 0x00, 0x00, 0x00, 0x00, 0x00, 
  0x00, 0x00, 0x00, 0x00, 0x00, 0x00, 0x00, 0x00, 0x00, 0x00, 0x00, 0x00, 
  0x00, 0x00, 0x00, 0x00, 0x00, 0x00, 0x00, 0x00, 0x00, 0x00, 0x00, 0x00, 
  0x00, 0x00, 0x00, 0x00, 0x00, 0x00, 0x00, 0x00, 0x00, 0x00, 0x00, 0x00, 
  0x00, 0x00, 0x00, 0x00, 0x00, 0x00, 0x00, 0x00, 0x00, 0x00, 0x00, 0x00, 
  0x00, 0x00, 0x00, 0x00, 0x00, 0x00, 0x00, 0x00, 0x00, 0x00, 0x00, 0x00, 
  0x00, 0x00, 0x00, 0x00, 0x00, 0x00, 0x00, 0x00, 0x00, 0x00, 0x00, 0x00, 
  0x00, 0x00, 0x00, 0x00, 0x00, 0x00, 0x00, 0x00, 0x00, 0x00, 0x00, 0x00, 
  0x00, 0x00, 0x00, 0x00, 0x00, 0x00, 0x00, 0x00, 0x00, 0x00, 0x00, 0x00, 
  0x00, 0x00, 0x00, 0x00, 0x00, 0x00, 0x00, 0x00, 0x00, 0x00, 0x00, 0x00, 
  0x00, 0x00, 0x00, 0x00, 0x00, 0x00, 0x00, 0x00, 0x00, 0x00, 0x00, 0x00, 
  0x00, 0x00, 0x00, 0x00, 0x00, 0x00, 0x00, 0x00, 0x00, 0x00, 0x00, 0x00, 
  0x00, 0x00, 0x00, 0x00, 0x00, 0x00, 0x00, 0x00, 0x00, 0x00, 0x00, 0x00, 
  0x00, 0x00, 0x00, 0x00, 0x00, 0x00, 0x00, 0x00, 0x00, 0x00, 0x00, 0x00, 
  0x00, 0x00, 0x00, 0x00, 0x00, 0x00, 0x00, 0x00, 0x00, 0x00, 0x00, 0x00, 
  0x00, 0x00, 0x00, 0x00, 0x00, 0x00, 0x00, 0x00, 0x00, 0x00, 0x00, 0x00, 
  0x00, 0x00, 0x00, 0x00, 0x00, 0x00, 0x00, 0x00, 0x00, 0x00, 0x00, 0x00, 
  0x00, 0x00, 0x00, 0x00, 0x00, 0x00, 0x00, 0x00, 0x00, 0x00, 0x00, 0x00, 
  0x00, 0x00, 0x00, 0x00, 0x00, 0x00, 0x00, 0x00, 0x00, 0x00, 0x00, 0x00, 
  0x00, 0x00, 0x00, 0x00, 0x00, 0x00, 0x00, 0x00, 0x00, 0x00, 0x00, 0x00, 
  0x00, 0x00, 0x00, 0x00, 0x00, 0x00, 0x00, 0x00, 0x00, 0x00, 0x00, 0x00, 
  0x00, 0x00, 0x00, 0x00, 0x00, 0x00, 0x00, 0x00, 0x00, 0x00, 0x00, 0x00, 
  0x00, 0x00, 0x00, 0x00, 0x00, 0x00, 0x00, 0x00, 0x00, 0x00, 0x00, 0x00, 
  0x00, 0x00, 0x00, 0x00, 0x00, 0x00, 0x00, 0x00, 0x00, 0x00, 0x00, 0x00, 
  0x00, 0x00, 0x00, 0x00, 0x00, 0x00, 0x00, 0x00, 0x00, 0x00, 0x00, 0x00, 
  0x00, 0x00, 0x00, 0x00, 0x00, 0x00, 0x00, 0x00, 0x00, 0x00, 0x00, 0x00, 
  0x00, 0x00, 0x00, 0x00, 0x00, 0x00, 0x00, 0x00, 0x00, 0x00, 0x00, 0x00, 
  0x00, 0x00, 0x00, 0x00, 0x00, 0x00, 0x00, 0x00, 0x00, 0x00, 0x00, 0x00, 
  0x00, 0x00, 0x00, 0x00, 0x00, 0x00, 0x00, 0x00, 0x00, 0x00, 0x00, 0x00, 
  0x00, 0x00, 0x00, 0x00, 0x00, 0x00, 0x00, 0x00, 0x00, 0x00, 0x00, 0x00, 
  0x00, 0x00, 0x00, 0x00, 0x00, 0x00, 0x00, 0x00, 0x00, 0x00, 0x00, 0x00, 
  0x00, 0x00, 0x00, 0x00, 0x00, 0x00, 0x00, 0x00, 0x00, 0x00, 0x00, 0x00, 
  0x00, 0x00, 0x00, 0x00, 0x00, 0x00, 0x00, 0x00, 0x00, 0x00, 0x00, 0x00, 
  0x00, 0x00, 0x00, 0x00, 0x00, 0x00, 0x00, 0x00, 0x00, 0x00, 0x00, 0x00, 
  0x00, 0x00, 0x00, 0x00, 0x00, 0x00, 0x00, 0x00, 0x00, 0x00, 0x00, 0x00, 
  0x00, 0x00, 0x00, 0x00, 0x00, 0x00, 0x00, 0x00, 0x00, 0x00, 0x00, 0x00, 
  0x00, 0x00, 0x00, 0x00, 0x00, 0x00, 0x00, 0x00, 0x00, 0x00, 0x00, 0x00, 
  0x00, 0x00, 0x00, 0x00, 0x00, 0x00, 0x00, 0x00, 0x00, 0x00, 0x00, 0x00, 
  0x00, 0x00, 0x00, 0x00, 0x00, 0x00, 0x00, 0x00, 0x00, 0x00, 0x00, 0x00, 
  0x00, 0x00, 0x00, 0x00, 0x00, 0x00, 0x00, 0x00, 0x00, 0x00, 0x00, 0x00, 
  0x00, 0x00, 0x00, 0x00, 0x00, 0x00, 0x00, 0x00, 0x00, 0x00, 0x00, 0x00, 
  0x00, 0x00, 0x00, 0x00, 0x00, 0x00, 0x00, 0x00, 0x00, 0x00, 0x00, 0x00, 
  0x00, 0x00, 0x00, 0x00, 0x00, 0x00, 0x00, 0x00, 0x00, 0x00, 0x00, 0x00, 
  0x00, 0x00, 0x00, 0x00, 0x00, 0x00, 0x00, 0x00, 0x00, 0x00, 0x00, 0x00, 
  0x00, 0x00, 0x00, 0x00, 0x00, 0x00, 0x00, 0x00, 0x00, 0x00, 0x00, 0x00, 
  0x00, 0x00, 0x00, 0x00, 0x00, 0x00, 0x00, 0x00, 0x00, 0x00, 0x00, 0x00, 
  0x00, 0x00, 0x00, 0x00, 0x00, 0x00, 0x00, 0x00, 0x00, 0x00, 0x00, 0x00, 
  0x00, 0x00, 0x00, 0x00, 0x00, 0x00, 0x00, 0x00, 0x00, 0x00, 0x00, 0x00, 
  0x00, 0x00, 0x00, 0x00, 0x00, 0x00, 0x00, 0x00, 0x00, 0x00, 0x00, 0x00, 
  0x00, 0x00, 0x00, 0x00, 0x00, 0x00, 0x00, 0x00, 0x00, 0x00, 0x00, 0x00, 
  0x00, 0x00, 0x00, 0x00, 0x00, 0x00, 0x00, 0x00, 0x00, 0x00, 0x00, 0x00, 
  0x00, 0x00, 0x00, 0x00, 0x00, 0x00, 0x00, 0x00, 0x00, 0x00, 0x00, 0x00, 
  0x00, 0x00, 0x00, 0x00, 0x00, 0x00, 0x00, 0x00, 0x00, 0x00, 0x00, 0x00, 
  0x00, 0x00, 0x00, 0x00, 0x00, 0x00, 0x00, 0x00, 0x00, 0x00, 0x00, 0x00, 
  0x00, 0x00, 0x00, 0x00, 0x00, 0x00, 0x00, 0x00, 0x00, 0x00, 0x00, 0x00, 
  0x00, 0x00, 0x00, 0x00, 0x00, 0x00, 0x00, 0x00, 0x00, 0x00, 0x00, 0x00, 
  0x00, 0x00, 0x00, 0x00, 0x00, 0x00, 0x00, 0x00, 0x00, 0x00, 0x00, 0x00, 
  0x00, 0x00, 0x00, 0x00, 0x00, 0x00, 0x00, 0x00, 0x00, 0x00, 0x00, 0x00, 
  0x00, 0x00, 0x00, 0x00, 0x00, 0x00, 0x00, 0x00, 0x00, 0x00, 0x00, 0x00, 
  0x00, 0x00, 0x00, 0x00, 0x00, 0x00, 0x00, 0x00, 0x00, 0x00, 0x00, 0x00, 
  0x00, 0x00, 0x00, 0x00, 0x00, 0x00, 0x00, 0x00, 0x00, 0x00, 0x00, 0x00, 
  0x00, 0x00, 0x00, 0x00, 0x00, 0x00, 0x00, 0x00, 0x00, 0x00, 0x00, 0x00, 
  0x00, 0x00, 0x00, 0x00, 0x00, 0x00, 0x00, 0x00, 0x00, 0x00, 0x00, 0x00, 
  0x00, 0x00, 0x00, 0x00, 0x00, 0x00, 0x00, 0x00, 0x00, 0x00, 0x00, 0x00, 
  0x00, 0x00, 0x00, 0x00, 0x00, 0x00, 0x00, 0x00, 0x00, 0x00, 0x00, 0x00, 
  0x00, 0x00, 0x00, 0x00, 0x00, 0x00, 0x00, 0x00, 0x00, 0x00, 0x00, 0x00, 
  0x00, 0x00, 0x00, 0x00, 0x00, 0x00, 0x00, 0x00, 0x00, 0x00, 0x00, 0x00, 
  0x00, 0x00, 0x00, 0x00, 0x00, 0x00, 0x00, 0x00, 0x00, 0x00, 0x00, 0x00, 
  0x00, 0x00, 0x00, 0x00, 0x00, 0x00, 0x00, 0x00, 0x00, 0x00, 0x00, 0x00, 
  0x00, 0x00, 0x00, 0x00, 0x00, 0x00, 0x00, 0x00, 0x00, 0x00, 0x00, 0x00, 
  0x00, 0x00, 0x00, 0x00, 0x00, 0x00, 0x00, 0x00, 0x00, 0x00, 0x00, 0x00, 
  0x00, 0x00, 0x00, 0x00, 0x00, 0x00, 0x00, 0x00, 0x00, 0x00, 0x00, 0x00, 
  0x00, 0x00, 0x00, 0x00, 0x00, 0x00, 0x00, 0x00, 0x00, 0x00, 0x00, 0x00, 
  0x00, 0x00, 0x00, 0x00, 0x00, 0x00, 0x00, 0x00, 0x00, 0x00, 0x00, 0x00, 
  0x00, 0x00, 0x00, 0x00, 0x00, 0x00, 0x00, 0x00, 0x00, 0x00, 0x00, 0x00, 
  0x00, 0x00, 0x00, 0x00, 0x00, 0x00, 0x00, 0x00, 0x00, 0x00, 0x00, 0x00, 
  0x00, 0x00, 0x00, 0x00, 0x00, 0x00, 0x00, 0x00, 0x00, 0x00, 0x00, 0x00, 
  0x00, 0x00, 0x00, 0x00, 0x00, 0x00, 0x00, 0x00, 0x00, 0x00, 0x00, 0x00, 
  0x00, 0x00, 0x00, 0x00, 0x00, 0x00, 0x00, 0x00, 0x00, 0x00, 0x00, 0x00, 
  0x00, 0x00, 0x00, 0x00, 0x00, 0x00, 0x00, 0x00, 0x00, 0x00, 0x00, 0x00, 
  0x00, 0x00, 0x00, 0x00, 0x00, 0x00, 0x00, 0x00, 0x00, 0x00, 0x00, 0x00, 
  0x00, 0x00, 0x00, 0x00, 0x00, 0x00, 0x00, 0x00, 0x00, 0x00, 0x00, 0x00, 
  0x00, 0x00, 0x00, 0x00, 0x00, 0x00, 0x00, 0x00, 0x00, 0x00, 0x00, 0x00, 
  0x00, 0x00, 0x00, 0x00, 0x00, 0x00, 0x00, 0x00, 0x00, 0x00, 0x00, 0x00, 
  0x00, 0x00, 0x00, 0x00, 0x00, 0x00, 0x00, 0x00, 0x00, 0x00, 0x00, 0x00, 
  0x00, 0x00, 0x00, 0x00, 0x00, 0x00, 0x00, 0x00, 0x00, 0x00, 0x00, 0x00, 
  0x00, 0x00, 0x00, 0x00, 0x00, 0x00, 0x00, 0x00, 0x00, 0x00, 0x00, 0x00, 
  0x00, 0x00, 0x00, 0x00, 0x00, 0x00, 0x00, 0x00, 0x00, 0x00, 0x00, 0x00, 
  0x00, 0x00, 0x00, 0x00, 0x00, 0x00, 0x00, 0x00, 0x00, 0x00, 0x00, 0x00, 
  0x00, 0x00, 0x00, 0x00, 0x00, 0x00, 0x00, 0x00, 0x00, 0x00, 0x00, 0x00, 
  0x00, 0x00, 0x00, 0x00, 0x00, 0x00, 0x00, 0x00, 0x00, 0x00, 0x00, 0x00, 
  0x00, 0x00, 0x00, 0x00, 0x00, 0x00, 0x00, 0x00, 0x00, 0x00, 0x00, 0x00, 
  0x00, 0x00, 0x00, 0x00, 0x00, 0x00, 0x00, 0x00, 0x00, 0x00, 0x00, 0x00, 
  0x00, 0x00, 0x00, 0x00, 0x00, 0x00, 0x00, 0x00, 0x00, 0x00, 0x00, 0x00, 
  0x00, 0x00, 0x00, 0x00, 0x00, 0x00, 0x00, 0x00, 0x00, 0x00, 0x00, 0x00, 
  0x00, 0x00, 0x00, 0x00, 0x00, 0x00, 0x00, 0x00, 0x00, 0x00, 0x00, 0x00, 
  0x00, 0x00, 0x00, 0x00, 0x00, 0x00, 0x00, 0x00, 0x00, 0x00, 0x00, 0x00, 
  0x00, 0x00, 0x00, 0x00, 0x00, 0x00, 0x00, 0x00, 0x00, 0x00, 0x00, 0x00, 
  0x00, 0x00, 0x00, 0x00, 0x00, 0x00, 0x00, 0x00, 0x00, 0x00, 0x00, 0x00, 
  0x00, 0x00, 0x00, 0x00, 0x00, 0x00, 0x00, 0x00, 0x00, 0x00, 0x00, 0x00, 
  0x00, 0x00, 0x00, 0x00, 0x00, 0x00, 0x00, 0x00, 0x00, 0x00, 0x00, 0x00, 
  0x00, 0x00, 0x00, 0x00, 0x00, 0x00, 0x00, 0x00, 0x00, 0x00, 0x00, 0x00, 
  0x00, 0x00, 0x00, 0x00, 0x00, 0x00, 0x00, 0x00, 0x00, 0x00, 0x00, 0x00, 
  0x00, 0x00, 0x00, 0x00, 0x00, 0x00, 0x00, 0x00, 0x00, 0x00, 0x00, 0x00, 
  0x00, 0x00, 0x00, 0x00, 0x00, 0x00, 0x00, 0x00, 0x00, 0x00, 0x00, 0x00, 
  0x00, 0x00, 0x00, 0x00, 0x00, 0x00, 0x00, 0x00, 0x00, 0x00, 0x00, 0x00, 
  0x00, 0x00, 0x00, 0x00, 0x00, 0x00, 0x00, 0x00, 0x00, 0x00, 0x00, 0x00, 
  0x00, 0x00, 0x00, 0x00, 0x00, 0x00, 0x00, 0x00, 0x00, 0x00, 0x00, 0x00, 
  0x00, 0x00, 0x00, 0x00, 0x00, 0x00, 0x00, 0x00, 0x00, 0x00, 0x00, 0x00, 
  0x00, 0x00, 0x00, 0x00, 0x00, 0x00, 0x00, 0x00, 0x00, 0x00, 0x00, 0x00, 
  0x00, 0x00, 0x00, 0x00, 0x00, 0x00, 0x00, 0x00, 0x00, 0x00, 0x00, 0x00, 
  0x00, 0x00, 0x00, 0x00, 0x00, 0x00, 0x00, 0x00, 0x00, 0x00, 0x00, 0x00, 
  0x00, 0x00, 0x00, 0x00, 0x00, 0x00, 0x00, 0x00, 0x00, 0x00, 0x00, 0x00, 
  0x00, 0x00, 0x00, 0x00, 0x00, 0x00, 0x00, 0x00, 0x00, 0x00, 0x00, 0x00, 
  0x00, 0x00, 0x00, 0x00, 0x00, 0x00, 0x00, 0x00, 0x00, 0x00, 0x00, 0x00, 
  0x00, 0x00, 0x00, 0x00, 0x00, 0x00, 0x00, 0x00, 0x00, 0x00, 0x00, 0x00, 
  0x00, 0x00, 0x00, 0x00, 0x00, 0x00, 0x00, 0x00, 0x00, 0x00, 0x00, 0x00, 
  0x00, 0x00, 0x00, 0x00, 0x00, 0x00, 0x00, 0x00, 0x00, 0x00, 0x00, 0x00, 
  0x00, 0x00, 0x00, 0x00, 0x00, 0x00, 0x00, 0x00, 0x00, 0x00, 0x00, 0x00, 
  0x00, 0x00, 0x00, 0x00, 0x00, 0x00, 0x00, 0x00, 0x00, 0x00, 0x00, 0x00, 
  0x00, 0x00, 0x00, 0x00, 0x00, 0x00, 0x00, 0x00, 0x00, 0x00, 0x00, 0x00, 
  0x00, 0x00, 0x00, 0x00, 0x00, 0x00, 0x00, 0x00, 0x00, 0x00, 0x00, 0x00, 
  0x00, 0x00, 0x00, 0x00, 0x00, 0x00, 0x00, 0x00, 0x00, 0x00, 0x00, 0x00, 
  0x00, 0x00, 0x00, 0x00, 0x00, 0x00, 0x00, 0x00, 0x00, 0x00, 0x00, 0x00, 
  0x00, 0x00, 0x00, 0x00, 0x00, 0x00, 0x00, 0x00, 0x00, 0x00, 0x00, 0x00, 
  0x00, 0x00, 0x00, 0x00, 0x00, 0x00, 0x00, 0x00, 0x00, 0x00, 0x00, 0x00, 
  0x00, 0x00, 0x00, 0x00, 0x00, 0x00, 0x00, 0x00, 0x00, 0x00, 0x00, 0x00, 
  0x00, 0x00, 0x00, 0x00, 0x00, 0x00, 0x00, 0x00, 0x00, 0x00, 0x00, 0x00, 
  0x00, 0x00, 0x00, 0x00, 0x00, 0x00, 0x00, 0x00, 0x00, 0x00, 0x00, 0x00, 
  0x00, 0x00, 0x00, 0x00, 0x00, 0x00, 0x00, 0x00, 0x00, 0x00, 0x00, 0x00, 
  0x00, 0x00, 0x00, 0x00, 0x00, 0x00, 0x00, 0x00, 0x00, 0x00, 0x00, 0x00, 
  0x00, 0x00, 0x00, 0x00, 0x00, 0x00, 0x00, 0x00, 0x00, 0x00, 0x00, 0x00, 
  0x00, 0x00, 0x00, 0x00, 0x00, 0x00, 0x00, 0x00, 0x00, 0x00, 0x00, 0x00, 
  0x00, 0x00, 0x00, 0x00, 0x00, 0x00, 0x00, 0x00, 0x00, 0x00, 0x00, 0x00, 
  0x00, 0x00, 0x00, 0x00, 0x00, 0x00, 0x00, 0x00, 0x00, 0x00, 0x00, 0x00, 
  0x00, 0x00, 0x00, 0x00, 0x00, 0x00, 0x00, 0x00, 0x00, 0x00, 0x00, 0x00, 
  0x00, 0x00, 0x00, 0x00, 0x00, 0x00, 0x00, 0x00, 0x00, 0x00, 0x00, 0x00, 
  0x00, 0x00, 0x00, 0x00, 0x00, 0x00, 0x00, 0x00, 0x00, 0x00, 0x00, 0x00, 
  0x00, 0x00, 0x00, 0x00, 0x00, 0x00, 0x00, 0x00, 0x00, 0x00, 0x00, 0x00, 
  0x00, 0x00, 0x00, 0x00, 0x00, 0x00, 0x00, 0x00, 0x00, 0x00, 0x00, 0x00, 
  0x00, 0x00, 0x00, 0x00, 0x00, 0x00, 0x00, 0x00, 0x00, 0x00, 0x00, 0x00, 
  0x00, 0x00, 0x00, 0x00, 0x00, 0x00, 0x00, 0x00, 0x00, 0x00, 0x00, 0x00, 
  0x00, 0x00, 0x00, 0x00, 0x00, 0x00, 0x00, 0x00, 0x00, 0x00, 0x00, 0x00, 
  0x00, 0x00, 0x00, 0x00, 0x00, 0x00, 0x00, 0x00, 0x00, 0x00, 0x00, 0x00, 
  0x00, 0x00, 0x00, 0x00, 0x00, 0x00, 0x00, 0x00, 0x00, 0x00, 0x00, 0x00, 
  0x00, 0x00, 0x00, 0x00, 0x00, 0x00, 0x00, 0x00, 0x00, 0x00, 0x00, 0x00, 
  0x00, 0x00, 0x00, 0x00, 0x00, 0x00, 0x00, 0x00, 0x00, 0x00, 0x00, 0x00, 
  0x00, 0x00, 0x00, 0x00, 0x00, 0x00, 0x00, 0x00, 0x00, 0x00, 0x00, 0x00, 
  0x00, 0x00, 0x00, 0x00, 0x00, 0x00, 0x00, 0x00, 0x00, 0x00, 0x00, 0x00, 
  0x00, 0x00, 0x00, 0x00, 0x00, 0x00, 0x00, 0x00, 0x00, 0x00, 0x00, 0x00, 
  0x00, 0x00, 0x00, 0x00, 0x00, 0x00, 0x00, 0x00, 0x00, 0x00, 0x00, 0x00, 
  0x00, 0x00, 0x00, 0x00, 0x00, 0x00, 0x00, 0x00, 0x00, 0x00, 0x00, 0x00, 
  0x00, 0x00, 0x00, 0x00, 0x00, 0x00, 0x00, 0x00, 0x00, 0x00, 0x00, 0x00, 
  0x00, 0x00, 0x00, 0x00, 0x00, 0x00, 0x00, 0x00, 0x00, 0x00, 0x00, 0x00, 
  0x00, 0x00, 0x00, 0x00, 0x00, 0x00, 0x00, 0x00, 0x00, 0x00, 0x00, 0x00, 
  0x00, 0x00, 0x00, 0x00, 0x00, 0x00, 0x00, 0x00, 0x00, 0x00, 0x00, 0x00, 
  0x00, 0x00, 0x00, 0x00, 0x00, 0x00, 0x00, 0x00, 0x00, 0x00, 0x00, 0x00, 
  0x00, 0x00, 0x00, 0x00, 0x00, 0x00, 0x00, 0x00, 0x00, 0x00, 0x00, 0x00, 
  0x00, 0x00, 0x00, 0x00, 0x00, 0x00, 0x00, 0x00, 0x00, 0x00, 0x00, 0x00, 
  0x00, 0x00, 0x00, 0x00, 0x00, 0x00, 0x00, 0x00, 0x00, 0x00, 0x00, 0x00, 
  0x00, 0x00, 0x00, 0x00, 0x00, 0x00, 0x00, 0x00, 0x00, 0x00, 0x00, 0x00, 
  0x00, 0x00, 0x00, 0x00, 0x00, 0x00, 0x00, 0x00, 0x00, 0x00, 0x00, 0x00, 
  0x00, 0x00, 0x00, 0x00, 0x00, 0x00, 0x00, 0x00, 0x00, 0x00, 0x00, 0x00, 
  0x00, 0x00, 0x00, 0x00, 0x00, 0x00, 0x00, 0x00, 0x00, 0x00, 0x00, 0x00, 
  0x00, 0x00, 0x00, 0x00, 0x00, 0x00, 0x00, 0x00, 0x00, 0x00, 0x00, 0x00, 
  0x00, 0x00, 0x00, 0x00, 0x00, 0x00, 0x00, 0x00, 0x00, 0x00, 0x00, 0x00, 
  0x00, 0x00, 0x00, 0x00, 0x00, 0x00, 0x00, 0x00, 0x00, 0x00, 0x00, 0x00, 
  0x00, 0x00, 0x00, 0x00, 0x00, 0x00, 0x00, 0x00, 0x00, 0x00, 0x00, 0x00, 
  0x00, 0x00, 0x00, 0x00, 0x00, 0x00, 0x00, 0x00, 0x00, 0x00, 0x00, 0x00, 
  0x00, 0x00, 0x00, 0x00, 0x00, 0x00, 0x00, 0x00, 0x00, 0x00, 0x00, 0x00, 
  0x00, 0x00, 0x00, 0x00, 0x00, 0x00, 0x00, 0x00, 0x00, 0x00, 0x00, 0x00, 
  0x00, 0x00, 0x00, 0x00, 0x00, 0x00, 0x00, 0x00, 0x00, 0x00, 0x00, 0x00, 
  0x00, 0x00, 0x00, 0x00, 0x00, 0x00, 0x00, 0x00, 0x00, 0x00, 0x00, 0x00, 
  0x00, 0x00, 0x00, 0x00, 0x00, 0x00, 0x00, 0x00, 0x00, 0x00, 0x00, 0x00, 
  0x00, 0x00, 0x00, 0x00, 0x00, 0x00, 0x00, 0x00, 0x00, 0x00, 0x00, 0x00, 
  0x00, 0x00, 0x00, 0x00, 0x00, 0x00, 0x00, 0x00, 0x00, 0x00, 0x00, 0x00, 
  0x00, 0x00, 0x00, 0x00, 0x00, 0x00, 0x00, 0x00, 0x00, 0x00, 0x00, 0x00, 
  0x00, 0x00, 0x00, 0x00, 0x00, 0x00, 0x00, 0x00, 0x00, 0x00, 0x00, 0x00, 
  0x00, 0x00, 0x00, 0x00, 0x00, 0x00, 0x00, 0x00, 0x00, 0x00, 0x00, 0x00, 
  0x00, 0x00, 0x00, 0x00, 0x00, 0x00, 0x00, 0x00, 0x00, 0x00, 0x00, 0x00, 
  0x00, 0x00, 0x00, 0x00, 0x00, 0x00, 0x00, 0x00, 0x00, 0x00, 0x00, 0x00, 
  0x00, 0x00, 0x00, 0x00, 0x00, 0x00, 0x00, 0x00, 0x00, 0x00, 0x00, 0x00, 
  0x00, 0x00, 0x00, 0x00, 0x00, 0x00, 0x00, 0x00, 0x00, 0x00, 0x00, 0x00, 
  0x00, 0x00, 0x00, 0x00, 0x00, 0x00, 0x00, 0x00, 0x00, 0x00, 0x00, 0x00, 
  0x00, 0x00, 0x00, 0x00, 0x00, 0x00, 0x00, 0x00, 0x00, 0x00, 0x00, 0x00, 
  0x00, 0x00, 0x00, 0x00, 0x00, 0x00, 0x00, 0x00, 0x00, 0x00, 0x00, 0x00, 
  0x00, 0x00, 0x00, 0x00, 0x00, 0x00, 0x00, 0x00, 0x00, 0x00, 0x00, 0x00, 
  0x00, 0x00, 0x00, 0x00, 0x00, 0x00, 0x00, 0x00, 0x00, 0x00, 0x00, 0x00, 
  0x00, 0x00, 0x00, 0x00, 0x00, 0x00, 0x00, 0x00, 0x00, 0x00, 0x00, 0x00, 
  0x00, 0x00, 0x00, 0x00, 0x00, 0x00, 0x00, 0x00, 0x00, 0x00, 0x00, 0x00, 
  0x00, 0x00, 0x00, 0x00, 0x00, 0x00, 0x00, 0x00, 0x00, 0x00, 0x00, 0x00, 
  0x00, 0x00, 0x00, 0x00, 0x00, 0x00, 0x00, 0x00, 0x00, 0x00, 0x00, 0x00, 
  0x00, 0x00, 0x00, 0x00, 0x00, 0x00, 0x00, 0x00, 0x00, 0x00, 0x00, 0x00, 
  0x00, 0x00, 0x00, 0x00, 0x00, 0x00, 0x00, 0x00, 0x00, 0x00, 0x00, 0x00, 
  0x00, 0x00, 0x00, 0x00, 0x00, 0x00, 0x00, 0x00, 0x00, 0x00, 0x00, 0x00, 
  0x00, 0x00, 0x00, 0x00, 0x00, 0x00, 0x00, 0x00, 0x00, 0x00, 0x00, 0x00, 
  0x00, 0x00, 0x00, 0x00, 0x00, 0x00, 0x00, 0x00, 0x00, 0x00, 0x00, 0x00, 
  0x00, 0x00, 0x00, 0x00, 0x00, 0x00, 0x00, 0x00, 0x00, 0x00, 0x00, 0x00, 
  0x00, 0x00, 0x00, 0x00, 0x00, 0x00, 0x00, 0x00, 0x00, 0x00, 0x00, 0x00, 
  0x00, 0x00, 0x00, 0x00, 0x00, 0x00, 0x00, 0x00, 0x00, 0x00, 0x00, 0x00, 
  0x00, 0x00, 0x00, 0x00, 0x00, 0x00, 0x00, 0x00, 0x00, 0x00, 0x00, 0x00, 
  0x00, 0x00, 0x00, 0x00, 0x00, 0x00, 0x00, 0x00, 0x00, 0x00, 0x00, 0x00, 
  0x00, 0x00, 0x00, 0x00, 0x00, 0x00, 0x00, 0x00, 0x00, 0x00, 0x00, 0x00, 
  0x00, 0x00, 0x00, 0x00, 0x00, 0x00, 0x00, 0x00, 0x00, 0x00, 0x00, 0x00, 
  0x00, 0x00, 0x00, 0x00, 0x00, 0x00, 0x00, 0x00, 0x00, 0x00, 0x00, 0x00, 
  0x00, 0x00, 0x00, 0x00, 0x00, 0x00, 0x00, 0x00, 0x00, 0x00, 0x00, 0x00, 
  0x00, 0x00, 0x00, 0x00, 0x00, 0x00, 0x00, 0x00, 0x00, 0x00, 0x00, 0x00, 
  0x00, 0x00, 0x00, 0x00, 0x00, 0x00, 0x00, 0x00, 0x00, 0x00, 0x00, 0x00, 
  0x00, 0x00, 0x00, 0x00, 0x00, 0x00, 0x00, 0x00, 0x00, 0x00, 0x00, 0x00, 
  0x00, 0x00, 0x00, 0x00, 0x00, 0x00, 0x00, 0x00, 0x00, 0x00, 0x00, 0x00, 
  0x00, 0x00, 0x00, 0x00, 0x00, 0x00, 0x00, 0x00, 0x00, 0x00, 0x00, 0x00, 
  0x00, 0x00, 0x00, 0x00, 0x00, 0x00, 0x00, 0x00, 0x00, 0x00, 0x00, 0x00, 
  0x00, 0x00, 0x00, 0x00, 0x00, 0x00, 0x00, 0x00, 0x00, 0x00, 0x00, 0x00, 
  0x00, 0x00, 0x00, 0x00, 0x00, 0x00, 0x00, 0x00, 0x00, 0x00, 0x00, 0x00, 
  0x00, 0x00, 0x00, 0x00, 0x00, 0x00, 0x00, 0x00, 0x00, 0x00, 0x00, 0x00, 
  0x00, 0x00, 0x00, 0x00, 0x00, 0x00, 0x00, 0x00, 0x00, 0x00, 0x00, 0x00, 
  0x00, 0x00, 0x00, 0x00, 0x00, 0x00, 0x00, 0x00, 0x00, 0x00, 0x00, 0x00, 
  0x00, 0x00, 0x00, 0x00, 0x00, 0x00, 0x00, 0x00, 0x00, 0x00, 0x00, 0x00, 
  0x00, 0x00, 0x00, 0x00, 0x00, 0x00, 0x00, 0x00, 0x00, 0x00, 0x00, 0x00, 
  0x00, 0x00, 0x00, 0x00, 0x00, 0x00, 0x00, 0x00, 0x00, 0x00, 0x00, 0x00, 
  0x00, 0x00, 0x00, 0x00, 0x00, 0x00, 0x00, 0x00, 0x00, 0x00, 0x00, 0x00, 
  0x00, 0x00, 0x00, 0x00, 0x00, 0x00, 0x00, 0x00, 0x00, 0x00, 0x00, 0x00, 
  0x00, 0x00, 0x00, 0x00, 0x00, 0x00, 0x00, 0x00, 0x00, 0x00, 0x00, 0x00, 
  0x00, 0x00, 0x00, 0x00, 0x00, 0x00, 0x00, 0x00, 0x00, 0x00, 0x00, 0x00, 
  0x00, 0x00, 0x00, 0x00, 0x00, 0x00, 0x00, 0x00, 0x00, 0x00, 0x00, 0x00, 
  0x00, 0x00, 0x00, 0x00, 0x00, 0x00, 0x00, 0x00, 0x00, 0x00, 0x00, 0x00, 
  0x00, 0x00, 0x00, 0x00, 0x00, 0x00, 0x00, 0x00, 0x00, 0x00, 0x00, 0x00, 
  0x00, 0x00, 0x00, 0x00, 0x00, 0x00, 0x00, 0x00, 0x00, 0x00, 0x00, 0x00, 
  0x00, 0x00, 0x00, 0x00, 0x00, 0x00, 0x00, 0x00, 0x00, 0x00, 0x00, 0x00, 
  0x00, 0x00, 0x00, 0x00, 0x00, 0x00, 0x00, 0x00, 0x00, 0x00, 0x00, 0x00, 
  0x00, 0x00, 0x00, 0x00, 0x00, 0x00, 0x00, 0x00, 0x00, 0x00, 0x00, 0x00, 
  0x00, 0x00, 0x00, 0x00, 0x00, 0x00, 0x00, 0x00, 0x00, 0x00, 0x00, 0x00, 
  0x00, 0x00, 0x00, 0x00, 0x00, 0x00, 0x00, 0x00, 0x00, 0x00, 0x00, 0x00, 
  0x00, 0x00, 0x00, 0x00, 0x00, 0x00, 0x00, 0x00, 0x00, 0x00, 0x00, 0x00, 
  0x00, 0x00, 0x00, 0x00, 0x00, 0x00, 0x00, 0x00, 0x00, 0x00, 0x00, 0x00, 
  0x00, 0x00, 0x00, 0x00, 0x00, 0x00, 0x00, 0x00, 0x00, 0x00, 0x00, 0x00, 
  0x00, 0x00, 0x00, 0x00, 0x00, 0x00, 0x00, 0x00, 0x00, 0x00, 0x00, 0x00, 
  0x00, 0x00, 0x00, 0x00, 0x00, 0x00, 0x00, 0x00, 0x00, 0x00, 0x00, 0x00, 
  0x00, 0x00, 0x00, 0x00, 0x00, 0x00, 0x00, 0x00, 0x00, 0x00, 0x00, 0x00, 
  0x00, 0x00, 0x00, 0x00, 0x00, 0x00, 0x00, 0x00, 0x00, 0x00, 0x00, 0x00, 
  0x00, 0x00, 0x00, 0x00, 0x00, 0x00, 0x00, 0x00, 0x00, 0x00, 0x00, 0x00, 
  0x00, 0x00, 0x00, 0x00, 0x00, 0x00, 0x00, 0x00, 0x00, 0x00, 0x00, 0x00, 
  0x00, 0x00, 0x00, 0x00, 0x00, 0x00, 0x00, 0x00, 0x00, 0x00, 0x00, 0x00, 
  0x00, 0x00, 0x00, 0x00, 0x00, 0x00, 0x00, 0x00, 0x00, 0x00, 0x00, 0x00, 
  0x00, 0x00, 0x00, 0x00, 0x00, 0x00, 0x00, 0x00, 0x00, 0x00, 0x00, 0x00, 
  0x00, 0x00, 0x00, 0x00, 0x00, 0x00, 0x00, 0x00, 0x00, 0x00, 0x00, 0x00, 
  0x00, 0x00, 0x00, 0x00, 0x00, 0x00, 0x00, 0x00, 0x00, 0x00, 0x00, 0x00, 
  0x00, 0x00, 0x00, 0x00, 0x00, 0x00, 0x00, 0x00, 0x00, 0x00, 0x00, 0x00, 
  0x00, 0x00, 0x00, 0x00, 0x00, 0x00, 0x00, 0x00, 0x00, 0x00, 0x00, 0x00, 
  0x00, 0x00, 0x00, 0x00, 0x00, 0x00, 0x00, 0x00, 0x00, 0x00, 0x00, 0x00, 
  0x00, 0x00, 0x00, 0x00, 0x00, 0x00, 0x00, 0x00, 0x00, 0x00, 0x00, 0x00, 
  0x00, 0x00, 0x00, 0x00, 0x00, 0x00, 0x00, 0x00, 0x00, 0x00, 0x00, 0x00, 
  0x00, 0x00, 0x00, 0x00, 0x00, 0x00, 0x00, 0x00, 0x00, 0x00, 0x00, 0x00, 
  0x00, 0x00, 0x00, 0x00, 0x00, 0x00, 0x00, 0x00, 0x00, 0x00, 0x00, 0x00, 
  0x00, 0x00, 0x00, 0x00, 0x00, 0x00, 0x00, 0x00, 0x00, 0x00, 0x00, 0x00, 
  0x00, 0x00, 0x00, 0x00, 0x00, 0x00, 0x00, 0x00, 0x00, 0x00, 0x00, 0x00, 
  0x00, 0x00, 0x00, 0x00, 0x00, 0x00, 0x00, 0x00, 0x00, 0x00, 0x00, 0x00, 
  0x00, 0x00, 0x00, 0x00, 0x00, 0x00, 0x00, 0x00, 0x00, 0x00, 0x00, 0x00, 
  0x00, 0x00, 0x00, 0x00, 0x00, 0x00, 0x00, 0x00, 0x00, 0x00, 0x00, 0x00, 
  0x00, 0x00, 0x00, 0x00, 0x00, 0x00, 0x00, 0x00, 0x00, 0x00, 0x00, 0x00, 
  0x00, 0x00, 0x00, 0x00, 0x00, 0x00, 0x00, 0x00, 0x00, 0x00, 0x00, 0x00, 
  0x00, 0x00, 0x00, 0x00, 0x00, 0x00, 0x00, 0x00, 0x00, 0x00, 0x00, 0x00, 
  0x00, 0x00, 0x00, 0x00, 0x00, 0x00, 0x00, 0x00, 0x00, 0x00, 0x00, 0x00, 
  0x00, 0x00, 0x00, 0x00, 0x00, 0x00, 0x00, 0x00, 0x00, 0x00, 0x00, 0x00, 
  0x00, 0x00, 0x00, 0x00, 0x00, 0x00, 0x00, 0x00, 0x00, 0x00, 0x00, 0x00, 
  0x00, 0x00, 0x00, 0x00, 0x00, 0x00, 0x00, 0x00, 0x00, 0x00, 0x00, 0x00, 
  0x00, 0x00, 0x00, 0x00, 0x00, 0x00, 0x00, 0x00, 0x00, 0x00, 0x00, 0x00, 
  0x00, 0x00, 0x00, 0x00, 0x00, 0x00, 0x00, 0x00, 0x00, 0x00, 0x00, 0x00, 
  0x00, 0x00, 0x00, 0x00, 0x00, 0x00, 0x00, 0x00, 0x00, 0x00, 0x00, 0x00, 
  0x00, 0x00, 0x00, 0x00, 0x00, 0x00, 0x00, 0x00, 0x00, 0x00, 0x00, 0x00, 
  0x00, 0x00, 0x00, 0x00, 0x00, 0x00, 0x00, 0x00, 0x00, 0x00, 0x00, 0x00, 
  0x00, 0x00, 0x00, 0x00, 0x00, 0x00, 0x00, 0x00, 0x00, 0x00, 0x00, 0x00, 
  0x00, 0x00, 0x00, 0x00, 0x00, 0x00, 0x00, 0x00, 0x00, 0x00, 0x00, 0x00, 
  0x00, 0x00, 0x00, 0x00, 0x00, 0x00, 0x00, 0x00, 0x00, 0x00, 0x00, 0x00, 
  0x00, 0x00, 0x00, 0x00, 0x00, 0x00, 0x00, 0x00, 0x00, 0x00, 0x00, 0x00, 
  0x00, 0x00, 0x00, 0x00, 0x00, 0x00, 0x00, 0x00, 0x00, 0x00, 0x00, 0x00, 
  0x00, 0x00, 0x00, 0x00, 0x00, 0x00, 0x00, 0x00, 0x00, 0x00, 0x00, 0x00, 
  0x00, 0x00, 0x00, 0x00, 0x00, 0x00, 0x00, 0x00, 0x00, 0x00, 0x00, 0x00, 
  0x00, 0x00, 0x00, 0x00, 0x00, 0x00, 0x00, 0x00, 0x00, 0x00, 0x00, 0x00, 
  0x00, 0x00, 0x00, 0x00, 0x00, 0x00, 0x00, 0x00, 0x00, 0x00, 0x00, 0x00, 
  0x00, 0x00, 0x00, 0x00, 0x00, 0x00, 0x00, 0x00, 0x00, 0x00, 0x00, 0x00, 
  0x00, 0x00, 0x00, 0x00, 0x00, 0x00, 0x00, 0x00, 0x00, 0x00, 0x00, 0x00, 
  0x00, 0x00, 0x00, 0x00, 0x00, 0x00, 0x00, 0x00, 0x00, 0x00, 0x00, 0x00, 
  0x00, 0x00, 0x00, 0x00, 0x00, 0x00, 0x00, 0x00, 0x00, 0x00, 0x00, 0x00, 
  0x00, 0x00, 0x00, 0x00, 0x00, 0x00, 0x00, 0x00, 0x00, 0x00, 0x00, 0x00, 
  0x00, 0x00, 0x00, 0x00, 0x00, 0x00, 0x00, 0x00, 0x00, 0x00, 0x00, 0x00, 
  0x00, 0x00, 0x00, 0x00, 0x00, 0x00, 0x00, 0x00, 0x00, 0x00, 0x00, 0x00, 
  0x00, 0x00, 0x00, 0x00, 0x00, 0x00, 0x00, 0x00, 0x00, 0x00, 0x00, 0x00, 
  0x00, 0x00, 0x00, 0x00, 0x00, 0x00, 0x00, 0x00, 0x00, 0x00, 0x00, 0x00, 
  0x00, 0x00, 0x00, 0x00, 0x00, 0x00, 0x00, 0x00, 0x00, 0x00, 0x00, 0x00, 
  0x00, 0x00, 0x00, 0x00, 0x00, 0x00, 0x00, 0x00, 0x00, 0x00, 0x00, 0x00, 
  0x00, 0x00, 0x00, 0x00, 0x00, 0x00, 0x00, 0x00, 0x00, 0x00, 0x00, 0x00, 
  0x00, 0x00, 0x00, 0x00, 0x00, 0x00, 0x00, 0x00, 0x00, 0x00, 0x00, 0x00, 
  0x00, 0x00, 0x00, 0x00, 0x00, 0x00, 0x00, 0x00, 0x00, 0x00, 0x00, 0x00, 
  0x00, 0x00, 0x00, 0x00, 0x00, 0x00, 0x00, 0x00, 0x00, 0x00, 0x00, 0x00, 
  0x00, 0x00, 0x00, 0x00, 0x00, 0x00, 0x00, 0x00, 0x00, 0x00, 0x00, 0x00, 
  0x00, 0x00, 0x00, 0x00, 0x00, 0x00, 0x00, 0x00, 0x00, 0x00, 0x00, 0x00, 
  0x00, 0x00, 0x00, 0x00, 0x00, 0x00, 0x00, 0x00, 0x00, 0x00, 0x00, 0x00, 
  0x00, 0x00, 0x00, 0x00, 0x00, 0x00, 0x00, 0x00, 0x00, 0x00, 0x00, 0x00, 
  0x00, 0x00, 0x00, 0x00, 0x00, 0x00, 0x00, 0x00, 0x00, 0x00, 0x00, 0x00, 
  0x00, 0x00, 0x00, 0x00, 0x00, 0x00, 0x00, 0x00, 0x00, 0x00, 0x00, 0x00, 
  0x00, 0x00, 0x00, 0x00, 0x00, 0x00, 0x00, 0x00, 0x00, 0x00, 0x00, 0x00, 
  0x00, 0x00, 0x00, 0x00, 0x00, 0x00, 0x00, 0x00, 0x00, 0x00, 0x00, 0x00, 
  0x00, 0x00, 0x00, 0x00, 0x00, 0x00, 0x00, 0x00, 0x00, 0x00, 0x00, 0x00, 
  0x00, 0x00, 0x00, 0x00, 0x00, 0x00, 0x00, 0x00, 0x00, 0x00, 0x00, 0x00, 
  0x00, 0x00, 0x00, 0x00, 0x00, 0x00, 0x00, 0x00, 0x00, 0x00, 0x00, 0x00, 
  0x00, 0x00, 0x00, 0x00, 0x00, 0x00, 0x00, 0x00, 0x00, 0x00, 0x00, 0x00, 
  0x00, 0x00, 0x00, 0x00, 0x00, 0x00, 0x00, 0x00, 0x00, 0x00, 0x00, 0x00, 
  0x00, 0x00, 0x00, 0x00, 0x00, 0x00, 0x00, 0x00, 0x00, 0x00, 0x00, 0x00, 
  0x00, 0x00, 0x00, 0x00, 0x00, 0x00, 0x00, 0x00, 0x00, 0x00, 0x00, 0x00, 
  0x00, 0x00, 0x00, 0x00, 0x00, 0x00, 0x00, 0x00, 0x00, 0x00, 0x00, 0x00, 
  0x00, 0x00, 0x00, 0x00, 0x00, 0x00, 0x00, 0x00, 0x00, 0x00, 0x00, 0x00, 
  0x00, 0x00, 0x00, 0x00, 0x00, 0x00, 0x00, 0x00, 0x00, 0x00, 0x00, 0x00, 
  0x00, 0x00, 0x00, 0x00, 0x00, 0x00, 0x00, 0x00, 0x00, 0x00, 0x00, 0x00, 
  0x00, 0x00, 0x00, 0x00, 0x00, 0x00, 0x00, 0x00, 0x00, 0x00, 0x00, 0x00, 
  0x00, 0x00, 0x00, 0x00, 0x00, 0x00, 0x00, 0x00, 0x00, 0x00, 0x00, 0x00, 
  0x00, 0x00, 0x00, 0x00, 0x00, 0x00, 0x00, 0x00, 0x00, 0x00, 0x00, 0x00, 
  0x00, 0x00, 0x00, 0x00, 0x00, 0x00, 0x00, 0x00, 0x00, 0x00, 0x00, 0x00, 
  0x00, 0x00, 0x00, 0x00, 0x00, 0x00, 0x00, 0x00, 0x00, 0x00, 0x00, 0x00, 
  0x00, 0x00, 0x00, 0x00, 0x00, 0x00, 0x00, 0x00, 0x00, 0x00, 0x00, 0x00, 
  0x00, 0x00, 0x00, 0x00, 0x00, 0x00, 0x00, 0x00, 0x00, 0x00, 0x00, 0x00, 
  0x00, 0x00, 0x00, 0x00, 0x00, 0x00, 0x00, 0x00, 0x00, 0x00, 0x00, 0x00, 
  0x00, 0x00, 0x00, 0x00, 0x00, 0x00, 0x00, 0x00, 0x00, 0x00, 0x00, 0x00, 
  0x00, 0x00, 0x00, 0x00, 0x00, 0x00, 0x00, 0x00, 0x00, 0x00, 0x00, 0x00, 
  0x00, 0x00, 0x00, 0x00, 0x00, 0x00, 0x00, 0x00, 0x00, 0x00, 0x00, 0x00, 
  0x00, 0x00, 0x00, 0x00, 0x00, 0x00, 0x00, 0x00, 0x00, 0x00, 0x00, 0x00, 
  0x00, 0x00, 0x00, 0x00, 0x00, 0x00, 0x00, 0x00, 0x00, 0x00, 0x00, 0x00, 
  0x00, 0x00, 0x00, 0x00, 0x00, 0x00, 0x00, 0x00, 0x00, 0x00, 0x00, 0x00, 
  0x00, 0x00, 0x00, 0x00, 0x00, 0x00, 0x00, 0x00, 0x00, 0x00, 0x00, 0x00, 
  0x00, 0x00, 0x00, 0x00, 0x00, 0x00, 0x00, 0x00, 0x00, 0x00, 0x00, 0x00, 
  0x00, 0x00, 0x00, 0x00, 0x00, 0x00, 0x00, 0x00, 0x00, 0x00, 0x00, 0x00, 
  0x00, 0x00, 0x00, 0x00, 0x00, 0x00, 0x00, 0x00, 0x00, 0x00, 0x00, 0x00, 
  0x00, 0x00, 0x00, 0x00, 0x00, 0x00, 0x00, 0x00, 0x00, 0x00, 0x00, 0x00, 
  0x00, 0x00, 0x00, 0x00, 0x00, 0x00, 0x00, 0x00, 0x00, 0x00, 0x00, 0x00, 
  0x00, 0x00, 0x00, 0x00, 0x00, 0x00, 0x00, 0x00, 0x00, 0x00, 0x00, 0x00, 
  0x00, 0x00, 0x00, 0x00, 0x00, 0x00, 0x00, 0x00, 0x00, 0x00, 0x00, 0x00, 
  0x00, 0x00, 0x00, 0x00, 0x00, 0x00, 0x00, 0x00, 0x00, 0x00, 0x00, 0x00, 
  0x00, 0x00, 0x00, 0x00, 0x00, 0x00, 0x00, 0x00, 0x00, 0x00, 0x00, 0x00, 
  0x00, 0x00, 0x00, 0x00, 0x00, 0x00, 0x00, 0x00, 0x00, 0x00, 0x00, 0x00, 
  0x00, 0x00, 0x00, 0x00, 0x00, 0x00, 0x00, 0x00, 0x00, 0x00, 0x00, 0x00, 
  0x00, 0x00, 0x00, 0x00, 0x00, 0x00, 0x00, 0x00, 0x00, 0x00, 0x00, 0x00, 
  0x00, 0x00, 0x00, 0x00, 0x00, 0x00, 0x00, 0x00, 0x00, 0x00, 0x00, 0x00, 
  0x00, 0x00, 0x00, 0x00, 0x00, 0x00, 0x00, 0x00, 0x00, 0x00, 0x00, 0x00, 
  0x00, 0x00, 0x00, 0x00, 0x00, 0x00, 0x00, 0x00, 0x00, 0x00, 0x00, 0x00, 
  0x00, 0x00, 0x00, 0x00, 0x00, 0x00, 0x00, 0x00, 0x00, 0x00, 0x00, 0x00, 
  0x00, 0x00, 0x00, 0x00, 0x00, 0x00, 0x00, 0x00, 0x00, 0x00, 0x00, 0x00, 
  0x00, 0x00, 0x00, 0x00, 0x00, 0x00, 0x00, 0x00, 0x00, 0x00, 0x00, 0x00, 
  0x00, 0x00, 0x00, 0x00, 0x00, 0x00, 0x00, 0x00, 0x00, 0x00, 0x00, 0x00, 
  0x00, 0x00, 0x00, 0x00, 0x00, 0x00, 0x00, 0x00, 0x00, 0x00, 0x00, 0x00, 
  0x00, 0x00, 0x00, 0x00, 0x00, 0x00, 0x00, 0x00, 0x00, 0x00, 0x00, 0x00, 
  0x00, 0x00, 0x00, 0x00, 0x00, 0x00, 0x00, 0x00, 0x00, 0x00, 0x00, 0x00, 
  0x00, 0x00, 0x00, 0x00, 0x00, 0x00, 0x00, 0x00, 0x00, 0x00, 0x00, 0x00, 
  0x00, 0x00, 0x00, 0x00, 0x00, 0x00, 0x00, 0x00, 0x00, 0x00, 0x00, 0x00, 
  0x00, 0x00, 0x00, 0x00, 0x00, 0x00, 0x00, 0x00, 0x00, 0x00, 0x00, 0x00, 
  0x00, 0x00, 0x00, 0xff, 0xff, 0x01, 0x55, 0xad, 0x03, 0xf7, 0xbd, 0x04, 
  0xf7, 0xbd, 0x04, 0xff, 0xbd, 0x04, 0xff, 0xbd, 0x04, 0xff, 0xbd, 0x04, 
  0xff, 0xbd, 0x04, 0xff, 0xbd, 0x04, 0xff, 0xbd, 0x04, 0xff, 0xbd, 0x04, 
  0xff, 0xbd, 0x04, 0xff, 0xbd, 0x04, 0xff, 0xbd, 0x04, 0xff, 0xbd, 0x04, 
  0xff, 0xbd, 0x04, 0xff, 0xbd, 0x04, 0xff, 0xbd, 0x04, 0xff, 0xbd, 0x04, 
  0xff, 0xbd, 0x04, 0xff, 0xbd, 0x04, 0xff, 0xbd, 0x04, 0xff, 0xbd, 0x04, 
  0xff, 0xbd, 0x04, 0xff, 0xbd, 0x04, 0xff, 0xbd, 0x04, 0xff, 0xbd, 0x04, 
  0xff, 0xbd, 0x04, 0xff, 0xbd, 0x04, 0xff, 0xbd, 0x04, 0xff, 0xbd, 0x04, 
  0xff, 0xbd, 0x04, 0xff, 0xbd, 0x04, 0xff, 0xbd, 0x04, 0xff, 0xbd, 0x04, 
  0xff, 0xbd, 0x04, 0xff, 0xbd, 0x04, 0xff, 0xbd, 0x04, 0xff, 0xbd, 0x04, 
  0xff, 0xbd, 0x04, 0xff, 0xbd, 0x04, 0xff, 0xbd, 0x04, 0xff, 0xbd, 0x04, 
  0xff, 0xbd, 0x04, 0xff, 0xbd, 0x04, 0xff, 0xbd, 0x04, 0xff, 0xbd, 0x04, 
  0xff, 0xbd, 0x04, 0xff, 0xbd, 0x04, 0xff, 0xbf, 0x04, 0xf7, 0xbd, 0x04, 
  0xf7, 0xbd, 0x04, 0xf7, 0xbd, 0x04, 0xf7, 0xbd, 0x04, 0xf7, 0xbd, 0x04, 
  0xf7, 0xbd, 0x04, 0xf7, 0xbd, 0x04, 0xf7, 0xbd, 0x04, 0xf7, 0xbd, 0x04, 
  0xf7, 0xbd, 0x04, 0xf7, 0xbd, 0x04, 0xf7, 0xbd, 0x04, 0xf7, 0xbd, 0x04, 
  0xf7, 0xbd, 0x04, 0xf7, 0xbd, 0x04, 0xf7, 0xbd, 0x04, 0xf7, 0xbd, 0x04, 
  0xf7, 0xbd, 0x04, 0xf7, 0xbd, 0x04, 0xf7, 0xbd, 0x04, 0xf7, 0xbd, 0x04, 
  0xf7, 0xbd, 0x04, 0xf7, 0xbd, 0x04, 0xf7, 0xbd, 0x04, 0xf7, 0xbd, 0x04, 
  0xf7, 0xbd, 0x04, 0xf7, 0xbd, 0x04, 0xf7, 0xbd, 0x04, 0xf7, 0xbd, 0x04, 
  0xf7, 0xbd, 0x04, 0xf7, 0xbd, 0x04, 0xf7, 0xbd, 0x04, 0xf7, 0xbd, 0x04, 
  0xf7, 0xbd, 0x04, 0xf7, 0xbd, 0x04, 0xf7, 0xbd, 0x04, 0xf7, 0xbd, 0x04, 
  0xf7, 0xbd, 0x04, 0xf7, 0xbd, 0x04, 0xf7, 0xbd, 0x04, 0xf7, 0xbd, 0x04, 
  0xf7, 0xbd, 0x04, 0xf7, 0xbd, 0x04, 0xf7, 0xbd, 0x04, 0xf7, 0xbd, 0x04, 
  0xf7, 0xbd, 0x04, 0xf7, 0xbd, 0x04, 0xf7, 0xbd, 0x04, 0xf7, 0xbd, 0x04, 
  0xf7, 0xbd, 0x04, 0xf7, 0x7d, 0x04, 0xef, 0x7b, 0x02, 0x00, 0x00, 0x00, 
  0x00, 0x00, 0x00, 0x00, 0x00, 0x00, 0x00, 0x00, 0x00, 0x00, 0x00, 0x00, 
  0x00, 0x00, 0x00, 0x00, 0x00, 0x00, 0x00, 0x00, 0x00, 0x00, 0x00, 0x00, 
  0x00, 0x00, 0x00, 0x00, 0x00, 0x00, 0x00, 0x00, 0x00, 0x00, 0x00, 0x00, 
  0x00, 0x00, 0x00, 0x00, 0x00, 0x00, 0x00, 0x00, 0x00, 0x00, 0x00, 0x00, 
  0x55, 0xad, 0x03, 0xff, 0xff, 0x02, 0x00, 0x00, 0x00, 0x00, 0x00, 0x00, 
  0x00, 0x00, 0x00, 0x00, 0x00, 0x00, 0x00, 0x00, 0x00, 0x00, 0x00, 0x00, 
  0x00, 0x00, 0x00, 0x00, 0x00, 0x00, 0x00, 0x00, 0x00, 0x00, 0x00, 0x00, 
  0x00, 0x00, 0x00, 0x00, 0x00, 0x00, 0x00, 0x00, 0x00, 0x00, 0x00, 0x00, 
  0x00, 0x00, 0x00, 0x00, 0x00, 0x00, 0x00, 0x00, 0x00, 0x00, 0x00, 0x00, 
  0x00, 0x00, 0x00, 0x00, 0x00, 0x00, 0x00, 0x00, 0x00, 0x00, 0x00, 0x00, 
  0x00, 0x00, 0x00, 0x00, 0x00, 0x00, 0x00, 0x00, 0x00, 0x00, 0x00, 0x00, 
  0x00, 0x00, 0x00, 0x00, 0x00, 0x00, 0x00, 0x00, 0x00, 0x00, 0x00, 0x00, 
  0x00, 0x00, 0x00, 0x00, 0x00, 0x00, 0x00, 0x00, 0x00, 0x00, 0x00, 0x00, 
  0x00, 0x00, 0x00, 0x00, 0x00, 0x00, 0x00, 0x00, 0x00, 0x00, 0x00, 0x00, 
  0x00, 0x00, 0x00, 0x00, 0x00, 0x00, 0x00, 0x00, 0x00, 0x00, 0x00, 0x00, 
  0x00, 0x00, 0x00, 0x00, 0x00, 0x00, 0x00, 0x00, 0x00, 0x00, 0x00, 0x00, 
  0x00, 0x00, 0x00, 0x00, 0x00, 0x00, 0x00, 0x00, 0x00, 0x00, 0x00, 0x00, 
  0x00, 0x00, 0x00, 0x00, 0x00, 0x00, 0x00, 0x00, 0x00, 0x00, 0x00, 0x00, 
  0x00, 0x00, 0x00, 0x00, 0x00, 0x00, 0x00, 0x00, 0x00, 0x00, 0x00, 0x00, 
  0x00, 0x00, 0x00, 0x00, 0x00, 0x00, 0x00, 0x00, 0x00, 0x00, 0x00, 0x00, 
  0x00, 0x00, 0x00, 0x00, 0x00, 0x00, 0x00, 0x00, 0x00, 0x00, 0x00, 0x00, 
  0x00, 0x00, 0x00, 0x00, 0x00, 0x00, 0x00, 0x00, 0x00, 0x00, 0x00, 0x00, 
  0x00, 0x00, 0x00, 0x00, 0x00, 0x00, 0x00, 0x00, 0x00, 0x00, 0x00, 0x00, 
  0x00, 0x00, 0x00, 0x00, 0x00, 0x00, 0x00, 0x00, 0x00, 0x00, 0x00, 0x00, 
  0x00, 0x00, 0x00, 0x00, 0x00, 0x00, 0x00, 0x00, 0x00, 0x00, 0x00, 0x00, 
  0x00, 0x00, 0x00, 0x00, 0x00, 0x00, 0x00, 0x00, 0x00, 0x00, 0x00, 0x00, 
  0x00, 0x00, 0x00, 0x00, 0x00, 0x00, 0x00, 0x00, 0x00, 0x00, 0x00, 0x00, 
  0x00, 0x00, 0x00, 0x00, 0x00, 0x00, 0x00, 0x00, 0x00, 0x00, 0x00, 0x00, 
  0x00, 0x00, 0x00, 0x00, 0x00, 0x00, 0x00, 0x00, 0x00, 0x00, 0x00, 0x00, 
  0x00, 0x00, 0x00, 0x00, 0x00, 0x00, 0x00, 0x00, 0x00, 0xff, 0x7f, 0x02, 
  0x00, 0x00, 0x00, 0x00, 0x00, 0x00, 0x00, 0x00, 0x00, 0x00, 0x00, 0x00, 
  0x00, 0x00, 0x00, 0x00, 0x00, 0x00, 0x00, 0x00, 0x00, 0x00, 0x00, 0x00, 
  0x00, 0x00, 0x00, 0x00, 0x00, 0x00, 0x00, 0x00, 0x00, 0x00, 0x00, 0x00, 
  0x00, 0x00, 0x00, 0x00, 0x00, 0x00, 0x00, 0x00, 0x00, 0xff, 0x7b, 0x02, 
  0x00, 0x00, 0x00, 0x00, 0x00, 0x00, 0x39, 0xc6, 0x45, 0x59, 0xbe, 0x72, 
  0x59, 0xc6, 0x7e, 0x59, 0xc6, 0x7f, 0x59, 0xbe, 0x80, 0x59, 0xbe, 0x80, 
  0x59, 0xbe, 0x80, 0x59, 0xbe, 0x80, 0x59, 0xbe, 0x80, 0x59, 0xbe, 0x80, 
  0x59, 0xbe, 0x80, 0x59, 0xbe, 0x80, 0x59, 0xbe, 0x80, 0x59, 0xbe, 0x80, 
  0x59, 0xbe, 0x80, 0x59, 0xbe, 0x80, 0x59, 0xbe, 0x80, 0x59, 0xbe, 0x80, 
  0x59, 0xbe, 0x80, 0x59, 0xbe, 0x80, 0x59, 0xbe, 0x80, 0x59, 0xbe, 0x80, 
  0x59, 0xbe, 0x80, 0x59, 0xbe, 0x80, 0x59, 0xbe, 0x80, 0x59, 0xbe, 0x80, 
  0x59, 0xbe, 0x80, 0x59, 0xbe, 0x80, 0x59, 0xbe, 0x80, 0x59, 0xbe, 0x80, 
  0x59, 0xbe, 0x80, 0x59, 0xbe, 0x80, 0x59, 0xbe, 0x80, 0x59, 0xbe, 0x80, 
  0x59, 0xbe, 0x80, 0x59, 0xbe, 0x80, 0x59, 0xbe, 0x80, 0x59, 0xbe, 0x80, 
  0x59, 0xbe, 0x80, 0x59, 0xbe, 0x80, 0x59, 0xbe, 0x80, 0x59, 0xbe, 0x80, 
  0x59, 0xbe, 0x80, 0x59, 0xbe, 0x80, 0x59, 0xbe, 0x80, 0x59, 0xbe, 0x80, 
  0x59, 0xbe, 0x80, 0x39, 0xbe, 0x80, 0x59, 0xc6, 0x80, 0x39, 0xbe, 0x80, 
  0x56, 0xa5, 0x80, 0x35, 0x9d, 0x80, 0x36, 0x9d, 0x80, 0x35, 0x9d, 0x80, 
  0x35, 0x9d, 0x80, 0x35, 0x9d, 0x80, 0x35, 0x9d, 0x80, 0x35, 0x9d, 0x80, 
  0x35, 0x9d, 0x80, 0x35, 0x9d, 0x80, 0x35, 0x9d, 0x80, 0x35, 0x9d, 0x80, 
  0x35, 0x9d, 0x80, 0x35, 0x9d, 0x80, 0x35, 0x9d, 0x80, 0x35, 0x9d, 0x80, 
  0x35, 0x9d, 0x80, 0x35, 0x9d, 0x80, 0x35, 0x9d, 0x80, 0x35, 0x9d, 0x80, 
  0x35, 0x9d, 0x80, 0x35, 0x9d, 0x80, 0x35, 0x9d, 0x80, 0x35, 0x9d, 0x80, 
  0x35, 0x9d, 0x80, 0x35, 0x9d, 0x80, 0x35, 0x9d, 0x80, 0x35, 0x9d, 0x80, 
  0x35, 0x9d, 0x80, 0x35, 0x9d, 0x80, 0x35, 0x9d, 0x80, 0x35, 0x9d, 0x80, 
  0x35, 0x9d, 0x80, 0x35, 0x9d, 0x80, 0x35, 0x9d, 0x80, 0x35, 0x9d, 0x80, 
  0x35, 0x9d, 0x80, 0x35, 0x9d, 0x80, 0x35, 0x9d, 0x80, 0x35, 0x9d, 0x80, 
  0x35, 0x9d, 0x80, 0x35, 0x9d, 0x80, 0x35, 0x9d, 0x80, 0x35, 0x9d, 0x80, 
  0x35, 0x9d, 0x80, 0x35, 0x9d, 0x80, 0x56, 0xa5, 0x7f, 0x36, 0x9d, 0x7e, 
  0x76, 0xa5, 0x80, 0x97, 0xa5, 0x69, 0xb6, 0xad, 0x19, 0x00, 0x00, 0x00, 
  0xef, 0x7b, 0x02, 0xff, 0xff, 0x01, 0x00, 0x00, 0x00, 0x00, 0x00, 0x00, 
  0x00, 0x00, 0x00, 0x00, 0x00, 0x00, 0x00, 0x00, 0x00, 0x00, 0x00, 0x00, 
  0x00, 0x00, 0x00, 0x00, 0x00, 0x00, 0x00, 0x00, 0x00, 0x00, 0x00, 0x00, 
  0x00, 0x00, 0x00, 0x00, 0x00, 0x00, 0xff, 0xff, 0x02, 0x00, 0x00, 0x00, 
  0x59, 0xce, 0x0e, 0x59, 0xc6, 0x62, 0x59, 0xc6, 0xca, 0x9a, 0xc6, 0xff, 
  0xfc, 0xd6, 0xff, 0xfc, 0xd6, 0xff, 0xfc, 0xd6, 0xff, 0xfc, 0xd6, 0xff, 
  0xfc, 0xd6, 0xff, 0xfc, 0xd6, 0xff, 0xfc, 0xd6, 0xff, 0xfc, 0xd6, 0xff, 
  0xfc, 0xd6, 0xff, 0xfc, 0xd6, 0xff, 0xfc, 0xd6, 0xff, 0xfc, 0xd6, 0xff, 
  0xfc, 0xd6, 0xff, 0xfc, 0xd6, 0xff, 0xfc, 0xd6, 0xff, 0xfc, 0xd6, 0xff, 
  0xfc, 0xd6, 0xff, 0xfc, 0xd6, 0xff, 0xfc, 0xd6, 0xff, 0xfc, 0xd6, 0xff, 
  0xfc, 0xd6, 0xff, 0xfc, 0xd6, 0xff, 0xfc, 0xd6, 0xff, 0xfc, 0xd6, 0xff, 
  0xfc, 0xd6, 0xff, 0xfc, 0xd6, 0xff, 0xfc, 0xd6, 0xff, 0xfc, 0xd6, 0xff, 
  0xfc, 0xd6, 0xff, 0xfc, 0xd6, 0xff, 0xfc, 0xd6, 0xff, 0xfc, 0xd6, 0xff, 
  0xfc, 0xd6, 0xff, 0xfc, 0xd6, 0xff, 0xfc, 0xd6, 0xff, 0xfc, 0xd6, 0xff, 
  0xfc, 0xd6, 0xff, 0xfc, 0xd6, 0xff, 0xfc, 0xd6, 0xff, 0xfc, 0xd6, 0xff, 
  0xfc, 0xd6, 0xff, 0xfc, 0xd6, 0xff, 0xfc, 0xd6, 0xff, 0xfc, 0xd6, 0xff, 
  0xfc, 0xd6, 0xff, 0xfc, 0xd6, 0xff, 0x1c, 0xdf, 0xff, 0xfc, 0xd6, 0xff, 
  0xf8, 0xb5, 0xff, 0xb8, 0xad, 0xff, 0xd8, 0xb5, 0xff, 0xd8, 0xb5, 0xff, 
  0xd8, 0xb5, 0xff, 0xd8, 0xb5, 0xff, 0xd8, 0xb5, 0xff, 0xd8, 0xb5, 0xff, 
  0xd8, 0xb5, 0xff, 0xd8, 0xb5, 0xff, 0xd8, 0xb5, 0xff, 0xd8, 0xb5, 0xff, 
  0xd8, 0xb5, 0xff, 0xd8, 0xb5, 0xff, 0xd8, 0xb5, 0xff, 0xd8, 0xb5, 0xff, 
  0xd8, 0xb5, 0xff, 0xd8, 0xb5, 0xff, 0xd8, 0xb5, 0xff, 0xd8, 0xb5, 0xff, 
  0xd8, 0xb5, 0xff, 0xd8, 0xb5, 0xff, 0xd8, 0xb5, 0xff, 0xd8, 0xb5, 0xff, 
  0xd8, 0xb5, 0xff, 0xd8, 0xb5, 0xff, 0xd8, 0xb5, 0xff, 0xd8, 0xb5, 0xff, 
  0xd8, 0xb5, 0xff, 0xd8, 0xb5, 0xff, 0xd8, 0xb5, 0xff, 0xd8, 0xb5, 0xff, 
  0xd8, 0xb5, 0xff, 0xd8, 0xb5, 0xff, 0xd8, 0xb5, 0xff, 0xd8, 0xb5, 0xff, 
  0xd8, 0xb5, 0xff, 0xd8, 0xb5, 0xff, 0xd8, 0xb5, 0xff, 0xd8, 0xb5, 0xff, 
  0xd8, 0xb5, 0xff, 0xd8, 0xb5, 0xff, 0xd8, 0xb5, 0xff, 0xd8, 0xb5, 0xff, 
  0xd8, 0xb5, 0xff, 0xd8, 0xb5, 0xff, 0xd8, 0xb5, 0xff, 0xd8, 0xb5, 0xff, 
  0xf8, 0xb5, 0xff, 0x76, 0xa5, 0xfd, 0x97, 0xad, 0x8d, 0x56, 0xa5, 0x1b, 
  0x00, 0x00, 0x00, 0xff, 0xff, 0x02, 0x00, 0x00, 0x00, 0x00, 0x00, 0x00, 
  0x00, 0x00, 0x00, 0x00, 0x00, 0x00, 0x00, 0x00, 0x00, 0x00, 0x00, 0x00, 
  0x00, 0x00, 0x00, 0x00, 0x00, 0x00, 0x00, 0x00, 0x00, 0x00, 0x00, 0x00, 
  0x00, 0x00, 0x00, 0x00, 0x00, 0x01, 0xff, 0xaf, 0x03, 0x79, 0x9e, 0x05, 
  0x59, 0xbe, 0x63, 0x7a, 0xc6, 0xff, 0x7a, 0xc6, 0xff, 0x59, 0xc6, 0xfb, 
  0x59, 0xc6, 0xfb, 0x59, 0xc6, 0xfb, 0x59, 0xc6, 0xfb, 0x59, 0xc6, 0xfb, 
  0x59, 0xc6, 0xfb, 0x59, 0xc6, 0xfb, 0x59, 0xc6, 0xfb, 0x59, 0xc6, 0xfb, 
  0x59, 0xc6, 0xfb, 0x59, 0xc6, 0xfb, 0x59, 0xc6, 0xfb, 0x59, 0xc6, 0xfb, 
  0x59, 0xc6, 0xfb, 0x59, 0xc6, 0xfb, 0x59, 0xc6, 0xfb, 0x59, 0xc6, 0xfb, 
  0x59, 0xc6, 0xfb, 0x59, 0xc6, 0xfb, 0x59, 0xc6, 0xfb, 0x59, 0xc6, 0xfb, 
  0x59, 0xc6, 0xfb, 0x59, 0xc6, 0xfb, 0x59, 0xc6, 0xfb, 0x59, 0xc6, 0xfb, 
  0x59, 0xc6, 0xfb, 0x59, 0xc6, 0xfb, 0x59, 0xc6, 0xfb, 0x59, 0xc6, 0xfb, 
  0x59, 0xc6, 0xfb, 0x59, 0xc6, 0xfb, 0x59, 0xc6, 0xfb, 0x59, 0xc6, 0xfb, 
  0x59, 0xc6, 0xfb, 0x59, 0xc6, 0xfb, 0x59, 0xc6, 0xfb, 0x59, 0xc6, 0xfb, 
  0x59, 0xc6, 0xfb, 0x59, 0xc6, 0xfb, 0x59, 0xc6, 0xfb, 0x59, 0xc6, 0xfb, 
  0x59, 0xc6, 0xfb, 0x59, 0xc6, 0xfb, 0x59, 0xc6, 0xfb, 0x59, 0xc6, 0xfb, 
  0x59, 0xc6, 0xfb, 0x59, 0xbe, 0xfb, 0x59, 0xc6, 0xfb, 0x39, 0xbe, 0xfb, 
  0x56, 0xa5, 0xfb, 0x35, 0x9d, 0xfb, 0x36, 0x9d, 0xfb, 0x35, 0x9d, 0xfb, 
  0x35, 0x9d, 0xfb, 0x35, 0x9d, 0xfb, 0x35, 0x9d, 0xfb, 0x35, 0x9d, 0xfb, 
  0x35, 0x9d, 0xfb, 0x35, 0x9d, 0xfb, 0x35, 0x9d, 0xfb, 0x35, 0x9d, 0xfb, 
  0x35, 0x9d, 0xfb, 0x35, 0x9d, 0xfb, 0x35, 0x9d, 0xfb, 0x35, 0x9d, 0xfb, 
  0x35, 0x9d, 0xfb, 0x35, 0x9d, 0xfb, 0x35, 0x9d, 0xfb, 0x35, 0x9d, 0xfb, 
  0x35, 0x9d, 0xfb, 0x35, 0x9d, 0xfb, 0x35, 0x9d, 0xfb, 0x35, 0x9d, 0xfb, 
  0x35, 0x9d, 0xfb, 0x35, 0x9d, 0xfb, 0x35, 0x9d, 0xfb, 0x35, 0x9d, 0xfb, 
  0x35, 0x9d, 0xfb, 0x35, 0x9d, 0xfb, 0x35, 0x9d, 0xfb, 0x35, 0x9d, 0xfb, 
  0x35, 0x9d, 0xfb, 0x35, 0x9d, 0xfb, 0x35, 0x9d, 0xfb, 0x35, 0x9d, 0xfb, 
  0x35, 0x9d, 0xfb, 0x35, 0x9d, 0xfb, 0x35, 0x9d, 0xfb, 0x35, 0x9d, 0xfb, 
  0x35, 0x9d, 0xfb, 0x35, 0x9d, 0xfb, 0x35, 0x9d, 0xfb, 0x35, 0x9d, 0xfb, 
  0x35, 0x9d, 0xfb, 0x35, 0x9d, 0xfb, 0x35, 0x9d, 0xfb, 0x35, 0x9d, 0xfb, 
  0x36, 0x9d, 0xf9, 0x56, 0xa5, 0xfd, 0x97, 0xad, 0xff, 0x76, 0xa5, 0x82, 
  0xba, 0xd6, 0x0c, 0x00, 0x00, 0x00, 0xff, 0xff, 0x01, 0x00, 0x00, 0x00, 
  0x00, 0x00, 0x00, 0x00, 0x00, 0x00, 0x00, 0x00, 0x00, 0x00, 0x00, 0x00, 
  0x00, 0x00, 0x00, 0x00, 0x00, 0x00, 0x00, 0x00, 0x00, 0x00, 0x00, 0x00, 
  0x00, 0x00, 0x00, 0x55, 0xad, 0x03, 0x00, 0x00, 0x00, 0x59, 0xc6, 0x45, 
  0x59, 0xbe, 0xcc, 0x7a, 0xc6, 0xff, 0x79, 0xc6, 0xff, 0x59, 0xbe, 0xfe, 
  0x59, 0xc6, 0xff, 0x59, 0xc6, 0xff, 0x59, 0xc6, 0xff, 0x59, 0xc6, 0xff, 
  0x59, 0xc6, 0xff, 0x59, 0xc6, 0xff, 0x59, 0xc6, 0xff, 0x59, 0xc6, 0xff, 
  0x59, 0xc6, 0xff, 0x59, 0xc6, 0xff, 0x59, 0xc6, 0xff, 0x59, 0xc6, 0xff, 
  0x59, 0xc6, 0xff, 0x59, 0xc6, 0xff, 0x59, 0xc6, 0xff, 0x59, 0xc6, 0xff, 
  0x59, 0xc6, 0xff, 0x59, 0xc6, 0xff, 0x59, 0xc6, 0xff, 0x59, 0xc6, 0xff, 
  0x59, 0xc6, 0xff, 0x59, 0xc6, 0xff, 0x59, 0xc6, 0xff, 0x59, 0xc6, 0xff, 
  0x59, 0xc6, 0xff, 0x59, 0xc6, 0xff, 0x59, 0xc6, 0xff, 0x59, 0xc6, 0xff, 
  0x59, 0xc6, 0xff, 0x59, 0xc6, 0xff, 0x59, 0xc6, 0xff, 0x59, 0xc6, 0xff, 
  0x59, 0xc6, 0xff, 0x59, 0xc6, 0xff, 0x59, 0xc6, 0xff, 0x59, 0xc6, 0xff, 
  0x59, 0xc6, 0xff, 0x59, 0xc6, 0xff, 0x59, 0xc6, 0xff, 0x59, 0xc6, 0xff, 
  0x59, 0xc6, 0xff, 0x59, 0xc6, 0xff, 0x59, 0xc6, 0xff, 0x59, 0xc6, 0xff, 
  0x59, 0xc6, 0xff, 0x59, 0xbe, 0xff, 0x59, 0xc6, 0xff, 0x39, 0xbe, 0xff, 
  0x56, 0xa5, 0xff, 0x35, 0x9d, 0xff, 0x56, 0xa5, 0xff, 0x36, 0x9d, 0xff, 
  0x36, 0x9d, 0xff, 0x36, 0x9d, 0xff, 0x36, 0x9d, 0xff, 0x36, 0x9d, 0xff, 
  0x36, 0x9d, 0xff, 0x36, 0x9d, 0xff, 0x36, 0x9d, 0xff, 0x36, 0x9d, 0xff, 
  0x36, 0x9d, 0xff, 0x36, 0x9d, 0xff, 0x36, 0x9d, 0xff, 0x36, 0x9d, 0xff, 
  0x36, 0x9d, 0xff, 0x36, 0x9d, 0xff, 0x36, 0x9d, 0xff, 0x36, 0x9d, 0xff, 
  0x36, 0x9d, 0xff, 0x36, 0x9d, 0xff, 0x36, 0x9d, 0xff, 0x36, 0x9d, 0xff, 
  0x36, 0x9d, 0xff, 0x36, 0x9d, 0xff, 0x36, 0x9d, 0xff, 0x36, 0x9d, 0xff, 
  0x36, 0x9d, 0xff, 0x36, 0x9d, 0xff, 0x36, 0x9d, 0xff, 0x36, 0x9d, 0xff, 
  0x36, 0x9d, 0xff, 0x36, 0x9d, 0xff, 0x36, 0x9d, 0xff, 0x36, 0x9d, 0xff, 
  0x36, 0x9d, 0xff, 0x36, 0x9d, 0xff, 0x36, 0x9d, 0xff, 0x36, 0x9d, 0xff, 
  0x36, 0x9d, 0xff, 0x36, 0x9d, 0xff, 0x36, 0x9d, 0xff, 0x36, 0x9d, 0xff, 
  0x36, 0x9d, 0xff, 0x36, 0x9d, 0xff, 0x36, 0x9d, 0xff, 0x36, 0x9d, 0xff, 
  0x36, 0x9d, 0xff, 0x56, 0xa5, 0xff, 0x56, 0xa5, 0xff, 0x76, 0xa5, 0xf7, 
  0xb6, 0xad, 0x66, 0x00, 0x00, 0x00, 0xf7, 0xbd, 0x04, 0x00, 0x00, 0x00, 
  0x00, 0x00, 0x00, 0x00, 0x00, 0x00, 0x00, 0x00, 0x00, 0x00, 0x00, 0x00, 
  0x00, 0x00, 0x00, 0x00, 0x00, 0x00, 0x00, 0x00, 0x00, 0x00, 0x00, 0x00, 
  0x00, 0x00, 0x00, 0xf7, 0xbd, 0x04, 0x00, 0x00, 0x00, 0x59, 0xbe, 0x71, 
  0x9a, 0xce, 0xfc, 0x59, 0xc6, 0xfb, 0x59, 0xbe, 0xfe, 0x59, 0xc6, 0xff, 
  0x59, 0xc6, 0xff, 0x59, 0xc6, 0xff, 0x59, 0xc6, 0xff, 0x59, 0xc6, 0xff, 
  0x59, 0xc6, 0xff, 0x59, 0xc6, 0xff, 0x59, 0xc6, 0xff, 0x59, 0xc6, 0xff, 
  0x59, 0xc6, 0xff, 0x59, 0xc6, 0xff, 0x59, 0xc6, 0xff, 0x59, 0xc6, 0xff, 
  0x59, 0xc6, 0xff, 0x59, 0xc6, 0xff, 0x59, 0xc6, 0xff, 0x59, 0xc6, 0xff, 
  0x59, 0xc6, 0xff, 0x59, 0xc6, 0xff, 0x59, 0xc6, 0xff, 0x59, 0xc6, 0xff, 
  0x59, 0xc6, 0xff, 0x59, 0xc6, 0xff, 0x59, 0xc6, 0xff, 0x59, 0xc6, 0xff, 
  0x59, 0xc6, 0xff, 0x59, 0xc6, 0xff, 0x59, 0xc6, 0xff, 0x59, 0xc6, 0xff, 
  0x59, 0xc6, 0xff, 0x59, 0xc6, 0xff, 0x59, 0xc6, 0xff, 0x59, 0xc6, 0xff, 
  0x59, 0xc6, 0xff, 0x59, 0xc6, 0xff, 0x59, 0xc6, 0xff, 0x59, 0xc6, 0xff, 
  0x59, 0xc6, 0xff, 0x59, 0xc6, 0xff, 0x59, 0xc6, 0xff, 0x59, 0xc6, 0xff, 
  0x59, 0xc6, 0xff, 0x59, 0xc6, 0xff, 0x59, 0xc6, 0xff, 0x59, 0xc6, 0xff, 
  0x59, 0xc6, 0xff, 0x59, 0xbe, 0xff, 0x59, 0xc6, 0xff, 0x39, 0xbe, 0xff, 
  0x56, 0xa5, 0xff, 0x35, 0x9d, 0xff, 0x56, 0xa5, 0xff, 0x36, 0x9d, 0xff, 
  0x36, 0x9d, 0xff, 0x36, 0x9d, 0xff, 0x36, 0x9d, 0xff, 0x36, 0x9d, 0xff, 
  0x36, 0x9d, 0xff, 0x36, 0x9d, 0xff, 0x36, 0x9d, 0xff, 0x36, 0x9d, 0xff, 
  0x36, 0x9d, 0xff, 0x36, 0x9d, 0xff, 0x36, 0x9d, 0xff, 0x36, 0x9d, 0xff, 
  0x36, 0x9d, 0xff, 0x36, 0x9d, 0xff, 0x36, 0x9d, 0xff, 0x36, 0x9d, 0xff, 
  0x36, 0x9d, 0xff, 0x36, 0x9d, 0xff, 0x36, 0x9d, 0xff, 0x36, 0x9d, 0xff, 
  0x36, 0x9d, 0xff, 0x36, 0x9d, 0xff, 0x36, 0x9d, 0xff, 0x36, 0x9d, 0xff, 
  0x36, 0x9d, 0xff, 0x36, 0x9d, 0xff, 0x36, 0x9d, 0xff, 0x36, 0x9d, 0xff, 
  0x36, 0x9d, 0xff, 0x36, 0x9d, 0xff, 0x36, 0x9d, 0xff, 0x36, 0x9d, 0xff, 
  0x36, 0x9d, 0xff, 0x36, 0x9d, 0xff, 0x36, 0x9d, 0xff, 0x36, 0x9d, 0xff, 
  0x36, 0x9d, 0xff, 0x36, 0x9d, 0xff, 0x36, 0x9d, 0xff, 0x36, 0x9d, 0xff, 
  0x36, 0x9d, 0xff, 0x36, 0x9d, 0xff, 0x36, 0x9d, 0xff, 0x36, 0x9d, 0xff, 
  0x36, 0x9d, 0xff, 0x35, 0x9d, 0xff, 0x35, 0x9d, 0xfa, 0xf8, 0xb5, 0xff, 
  0x56, 0xa5, 0x82, 0x00, 0x00, 0x00, 0xf7, 0xbd, 0x04, 0x00, 0x00, 0x00, 
  0x00, 0x00, 0x00, 0x00, 0x00, 0x00, 0x00, 0x00, 0x00, 0x00, 0x00, 0x00, 
  0x00, 0x00, 0x00, 0x00, 0x00, 0x00, 0x00, 0x00, 0x00, 0x00, 0x00, 0x00, 
  0x00, 0x00, 0x00, 0xff, 0xbd, 0x04, 0x00, 0x00, 0x00, 0x59, 0xbe, 0x7f, 
  0xfc, 0xd6, 0xff, 0x59, 0xbe, 0xfb, 0x59, 0xc6, 0xff, 0x59, 0xc6, 0xff, 
  0x59, 0xc6, 0xff, 0x59, 0xc6, 0xff, 0x59, 0xc6, 0xff, 0x59, 0xc6, 0xff, 
  0x59, 0xc6, 0xff, 0x59, 0xc6, 0xff, 0x59, 0xc6, 0xff, 0x59, 0xc6, 0xff, 
  0x59, 0xc6, 0xff, 0x59, 0xc6, 0xff, 0x59, 0xc6, 0xff, 0x59, 0xc6, 0xff, 
  0x59, 0xc6, 0xff, 0x59, 0xc6, 0xff, 0x59, 0xc6, 0xff, 0x59, 0xc6, 0xff, 
  0x59, 0xc6, 0xff, 0x59, 0xc6, 0xff, 0x59, 0xc6, 0xff, 0x59, 0xc6, 0xff, 
  0x59, 0xc6, 0xff, 0x59, 0xc6, 0xff, 0x59, 0xc6, 0xff, 0x59, 0xc6, 0xff, 
  0x59, 0xc6, 0xff, 0x59, 0xc6, 0xff, 0x59, 0xc6, 0xff, 0x59, 0xc6, 0xff, 
  0x59, 0xc6, 0xff, 0x59, 0xc6, 0xff, 0x59, 0xc6, 0xff, 0x59, 0xc6, 0xff, 
  0x59, 0xc6, 0xff, 0x59, 0xc6, 0xff, 0x59, 0xc6, 0xff, 0x59, 0xc6, 0xff, 
  0x59, 0xc6, 0xff, 0x59, 0xc6, 0xff, 0x59, 0xc6, 0xff, 0x59, 0xc6, 0xff, 
  0x59, 0xc6, 0xff, 0x59, 0xc6, 0xff, 0x59, 0xc6, 0xff, 0x59, 0xc6, 0xff, 
  0x59, 0xc6, 0xff, 0x59, 0xbe, 0xff, 0x59, 0xc6, 0xff, 0x39, 0xbe, 0xff, 
  0x56, 0xa5, 0xff, 0x35, 0x9d, 0xff, 0x56, 0xa5, 0xff, 0x36, 0x9d, 0xff, 
  0x36, 0x9d, 0xff, 0x36, 0x9d, 0xff, 0x36, 0x9d, 0xff, 0x36, 0x9d, 0xff, 
  0x36, 0x9d, 0xff, 0x36, 0x9d, 0xff, 0x36, 0x9d, 0xff, 0x36, 0x9d, 0xff, 
  0x36, 0x9d, 0xff, 0x36, 0x9d, 0xff, 0x36, 0x9d, 0xff, 0x36, 0x9d, 0xff, 
  0x36, 0x9d, 0xff, 0x36, 0x9d, 0xff, 0x36, 0x9d, 0xff, 0x36, 0x9d, 0xff, 
  0x36, 0x9d, 0xff, 0x36, 0x9d, 0xff, 0x36, 0x9d, 0xff, 0x36, 0x9d, 0xff, 
  0x36, 0x9d, 0xff, 0x36, 0x9d, 0xff, 0x36, 0x9d, 0xff, 0x36, 0x9d, 0xff, 
  0x36, 0x9d, 0xff, 0x36, 0x9d, 0xff, 0x36, 0x9d, 0xff, 0x36, 0x9d, 0xff, 
  0x36, 0x9d, 0xff, 0x36, 0x9d, 0xff, 0x36, 0x9d, 0xff, 0x36, 0x9d, 0xff, 
  0x36, 0x9d, 0xff, 0x36, 0x9d, 0xff, 0x36, 0x9d, 0xff, 0x36, 0x9d, 0xff, 
  0x36, 0x9d, 0xff, 0x36, 0x9d, 0xff, 0x36, 0x9d, 0xff, 0x35, 0x9d, 0xff, 
  0x35, 0x9d, 0xff, 0x35, 0x9d, 0xff, 0x35, 0x9d, 0xff, 0x35, 0x9d, 0xff, 
  0x35, 0x9d, 0xff, 0x35, 0x9d, 0xff, 0x35, 0x9d, 0xfb, 0xd8, 0xb5, 0xfc, 
  0x35, 0x9d, 0x7f, 0x00, 0x00, 0x00, 0xf7, 0xbd, 0x04, 0x00, 0x00, 0x00, 
  0x00, 0x00, 0x00, 0x00, 0x00, 0x00, 0x00, 0x00, 0x00, 0x00, 0x00, 0x00, 
  0x00, 0x00, 0x00, 0x00, 0x00, 0x00, 0x00, 0x00, 0x00, 0x00, 0x00, 0x00, 
  0x00, 0x00, 0x00, 0xff, 0xbd, 0x04, 0x00, 0x00, 0x00, 0x59, 0xbe, 0x80, 
  0xfc, 0xd6, 0xfe, 0x59, 0xc6, 0xfb, 0x59, 0xc6, 0xff, 0x59, 0xc6, 0xff, 
  0x59, 0xc6, 0xff, 0x59, 0xc6, 0xff, 0x59, 0xc6, 0xff, 0x59, 0xc6, 0xff, 
  0x59, 0xc6, 0xff, 0x59, 0xc6, 0xff, 0x59, 0xc6, 0xff, 0x59, 0xc6, 0xff, 
  0x59, 0xc6, 0xff, 0x59, 0xc6, 0xff, 0x59, 0xc6, 0xff, 0x59, 0xc6, 0xff, 
  0x59, 0xc6, 0xff, 0x59, 0xc6, 0xff, 0x59, 0xc6, 0xff, 0x59, 0xc6, 0xff, 
  0x59, 0xc6, 0xff, 0x59, 0xc6, 0xff, 0x59, 0xc6, 0xff, 0x59, 0xc6, 0xff, 
  0x59, 0xc6, 0xff, 0x59, 0xc6, 0xff, 0x59, 0xc6, 0xff, 0x59, 0xc6, 0xff, 
  0x59, 0xc6, 0xff, 0x59, 0xc6, 0xff, 0x59, 0xc6, 0xff, 0x59, 0xc6, 0xff, 
  0x59, 0xc6, 0xff, 0x59, 0xc6, 0xff, 0x59, 0xc6, 0xff, 0x59, 0xc6, 0xff, 
  0x59, 0xc6, 0xff, 0x59, 0xc6, 0xff, 0x59, 0xc6, 0xff, 0x59, 0xc6, 0xff, 
  0x59, 0xc6, 0xff, 0x59, 0xc6, 0xff, 0x59, 0xc6, 0xff, 0x59, 0xc6, 0xff, 
  0x59, 0xc6, 0xff, 0x59, 0xc6, 0xff, 0x59, 0xc6, 0xff, 0x59, 0xc6, 0xff, 
  0x59, 0xc6, 0xff, 0x59, 0xbe, 0xff, 0x59, 0xc6, 0xff, 0x39, 0xbe, 0xff, 
  0x56, 0xa5, 0xff, 0x35, 0x9d, 0xff, 0x56, 0xa5, 0xff, 0x36, 0x9d, 0xff, 
  0x36, 0x9d, 0xff, 0x36, 0x9d, 0xff, 0x36, 0x9d, 0xff, 0x36, 0x9d, 0xff, 
  0x36, 0x9d, 0xff, 0x36, 0x9d, 0xff, 0x36, 0x9d, 0xff, 0x36, 0x9d, 0xff, 
  0x36, 0x9d, 0xff, 0x36, 0x9d, 0xff, 0x36, 0x9d, 0xff, 0x36, 0x9d, 0xff, 
  0x36, 0x9d, 0xff, 0x36, 0x9d, 0xff, 0x36, 0x9d, 0xff, 0x36, 0x9d, 0xff, 
  0x36, 0x9d, 0xff, 0x36, 0x9d, 0xff, 0x36, 0x9d, 0xff, 0x36, 0x9d, 0xff, 
  0x36, 0x9d, 0xff, 0x36, 0x9d, 0xff, 0x36, 0x9d, 0xff, 0x36, 0x9d, 0xff, 
  0x36, 0x9d, 0xff, 0x36, 0x9d, 0xff, 0x36, 0x9d, 0xff, 0x36, 0x9d, 0xff, 
  0x36, 0x9d, 0xff, 0x36, 0x9d, 0xff, 0x36, 0x9d, 0xff, 0x36, 0x9d, 0xff, 
  0x36, 0x9d, 0xff, 0x36, 0x9d, 0xff, 0x36, 0x9d, 0xff, 0x36, 0x9d, 0xff, 
  0x35, 0x9d, 0xff, 0x35, 0x9d, 0xff, 0x35, 0x9d, 0xff, 0x35, 0x9d, 0xff, 
  0x35, 0x9d, 0xff, 0x35, 0x9d, 0xff, 0x35, 0x9d, 0xff, 0x35, 0x9d, 0xff, 
  0x35, 0x9d, 0xff, 0x35, 0x9d, 0xff, 0x35, 0x9d, 0xfb, 0xd8, 0xad, 0xff, 
  0x15, 0x9d, 0x80, 0x00, 0x00, 0x00, 0xf7, 0xbd, 0x04, 0x00, 0x00, 0x00, 
  0x00, 0x00, 0x00, 0x00, 0x00, 0x00, 0x00, 0x00, 0x00, 0x00, 0x00, 0x00, 
  0x00, 0x00, 0x00, 0x00, 0x00, 0x00, 0x00, 0x00, 0x00, 0x00, 0x00, 0x00, 
  0x00, 0x00, 0x00, 0xff, 0xbd, 0x04, 0x00, 0x00, 0x00, 0x59, 0xbe, 0x80, 
  0xfc, 0xd6, 0xff, 0x59, 0xc6, 0xfb, 0x59, 0xc6, 0xff, 0x59, 0xc6, 0xff, 
  0x59, 0xc6, 0xff, 0x59, 0xc6, 0xff, 0x59, 0xc6, 0xff, 0x59, 0xc6, 0xff, 
  0x59, 0xc6, 0xff, 0x59, 0xc6, 0xff, 0x59, 0xc6, 0xff, 0x59, 0xc6, 0xff, 
  0x59, 0xc6, 0xff, 0x59, 0xc6, 0xff, 0x59, 0xc6, 0xff, 0x59, 0xc6, 0xff, 
  0x59, 0xc6, 0xff, 0x59, 0xc6, 0xff, 0x59, 0xc6, 0xff, 0x59, 0xc6, 0xff, 
  0x59, 0xc6, 0xff, 0x59, 0xc6, 0xff, 0x59, 0xc6, 0xff, 0x59, 0xc6, 0xff, 
  0x59, 0xc6, 0xff, 0x59, 0xc6, 0xff, 0x59, 0xc6, 0xff, 0x59, 0xc6, 0xff, 
  0x59, 0xc6, 0xff, 0x59, 0xc6, 0xff, 0x59, 0xc6, 0xff, 0x59, 0xc6, 0xff, 
  0x59, 0xc6, 0xff, 0x59, 0xc6, 0xff, 0x59, 0xc6, 0xff, 0x59, 0xc6, 0xff, 
  0x59, 0xc6, 0xff, 0x59, 0xc6, 0xff, 0x59, 0xc6, 0xff, 0x59, 0xc6, 0xff, 
  0x59, 0xc6, 0xff, 0x59, 0xc6, 0xff, 0x59, 0xc6, 0xff, 0x59, 0xc6, 0xff, 
  0x59, 0xc6, 0xff, 0x59, 0xc6, 0xff, 0x59, 0xc6, 0xff, 0x59, 0xc6, 0xff, 
  0x59, 0xc6, 0xff, 0x59, 0xbe, 0xff, 0x59, 0xc6, 0xff, 0x39, 0xbe, 0xff, 
  0x56, 0xa5, 0xff, 0x35, 0x9d, 0xff, 0x56, 0xa5, 0xff, 0x36, 0x9d, 0xff, 
  0x36, 0x9d, 0xff, 0x36, 0x9d, 0xff, 0x36, 0x9d, 0xff, 0x36, 0x9d, 0xff, 
  0x36, 0x9d, 0xff, 0x36, 0x9d, 0xff, 0x36, 0x9d, 0xff, 0x36, 0x9d, 0xff, 
  0x36, 0x9d, 0xff, 0x36, 0x9d, 0xff, 0x36, 0x9d, 0xff, 0x36, 0x9d, 0xff, 
  0x36, 0x9d, 0xff, 0x36, 0x9d, 0xff, 0x36, 0x9d, 0xff, 0x36, 0x9d, 0xff, 
  0x36, 0x9d, 0xff, 0x36, 0x9d, 0xff, 0x36, 0x9d, 0xff, 0x36, 0x9d, 0xff, 
  0x36, 0x9d, 0xff, 0x36, 0x9d, 0xff, 0x36, 0x9d, 0xff, 0x36, 0x9d, 0xff, 
  0x36, 0x9d, 0xff, 0x36, 0x9d, 0xff, 0x36, 0x9d, 0xff, 0x35, 0x9d, 0xff, 
  0x35, 0x9d, 0xff, 0x35, 0x9d, 0xff, 0x35, 0x9d, 0xff, 0x35, 0x9d, 0xff, 
  0x35, 0x9d, 0xff, 0x35, 0x9d, 0xff, 0x35, 0x9d, 0xff, 0x35, 0x9d, 0xff, 
  0x35, 0x9d, 0xff, 0x35, 0x9d, 0xff, 0x35, 0x9d, 0xff, 0x35, 0x9d, 0xff, 
  0x35, 0x9d, 0xff, 0x35, 0x9d, 0xff, 0x35, 0x9d, 0xff, 0x35, 0x9d, 0xff, 
  0x35, 0x9d, 0xff, 0x35, 0x9d, 0xff, 0x35, 0x9d, 0xfb, 0xd8, 0xad, 0xff, 
  0x15, 0x9d, 0x80, 0x00, 0x00, 0x00, 0xf7, 0xbd, 0x04, 0x00, 0x00, 0x00, 
  0x00, 0x00, 0x00, 0x00, 0x00, 0x00, 0x00, 0x00, 0x00, 0x00, 0x00, 0x00, 
  0x00, 0x00, 0x00, 0x00, 0x00, 0x00, 0x00, 0x00, 0x00, 0x00, 0x00, 0x00, 
  0x00, 0x00, 0x00, 0xff, 0xbd, 0x04, 0x00, 0x00, 0x00, 0x59, 0xbe, 0x80, 
  0xfc, 0xd6, 0xff, 0x59, 0xc6, 0xfb, 0x59, 0xc6, 0xff, 0x59, 0xc6, 0xff, 
  0x59, 0xc6, 0xff, 0x59, 0xc6, 0xff, 0x59, 0xc6, 0xff, 0x59, 0xc6, 0xff, 
  0x59, 0xc6, 0xff, 0x59, 0xc6, 0xff, 0x59, 0xc6, 0xff, 0x59, 0xc6, 0xff, 
  0x59, 0xc6, 0xff, 0x59, 0xc6, 0xff, 0x59, 0xc6, 0xff, 0x59, 0xc6, 0xff, 
  0x59, 0xc6, 0xff, 0x59, 0xc6, 0xff, 0x59, 0xc6, 0xff, 0x59, 0xc6, 0xff, 
  0x59, 0xc6, 0xff, 0x59, 0xc6, 0xff, 0x59, 0xc6, 0xff, 0x59, 0xc6, 0xff, 
  0x59, 0xc6, 0xff, 0x59, 0xc6, 0xff, 0x59, 0xc6, 0xff, 0x59, 0xc6, 0xff, 
  0x59, 0xc6, 0xff, 0x59, 0xc6, 0xff, 0x59, 0xc6, 0xff, 0x59, 0xc6, 0xff, 
  0x59, 0xc6, 0xff, 0x59, 0xc6, 0xff, 0x59, 0xc6, 0xff, 0x59, 0xc6, 0xff, 
  0x59, 0xc6, 0xff, 0x59, 0xc6, 0xff, 0x59, 0xc6, 0xff, 0x59, 0xc6, 0xff, 
  0x59, 0xc6, 0xff, 0x59, 0xc6, 0xff, 0x59, 0xc6, 0xff, 0x59, 0xc6, 0xff, 
  0x59, 0xc6, 0xff, 0x59, 0xc6, 0xff, 0x59, 0xc6, 0xff, 0x59, 0xc6, 0xff, 
  0x59, 0xc6, 0xff, 0x59, 0xbe, 0xff, 0x59, 0xc6, 0xff, 0x39, 0xbe, 0xff, 
  0x56, 0xa5, 0xff, 0x35, 0x9d, 0xff, 0x56, 0xa5, 0xff, 0x36, 0x9d, 0xff, 
  0x36, 0x9d, 0xff, 0x36, 0x9d, 0xff, 0x36, 0x9d, 0xff, 0x36, 0x9d, 0xff, 
  0x36, 0x9d, 0xff, 0x36, 0x9d, 0xff, 0x36, 0x9d, 0xff, 0x36, 0x9d, 0xff, 
  0x36, 0x9d, 0xff, 0x36, 0x9d, 0xff, 0x36, 0x9d, 0xff, 0x36, 0x9d, 0xff, 
  0x36, 0x9d, 0xff, 0x36, 0x9d, 0xff, 0x36, 0x9d, 0xff, 0x36, 0x9d, 0xff, 
  0x36, 0x9d, 0xff, 0x36, 0x9d, 0xff, 0x36, 0x9d, 0xff, 0x35, 0x9d, 0xff, 
  0x35, 0x9d, 0xff, 0x35, 0x9d, 0xff, 0x35, 0x9d, 0xff, 0x35, 0x9d, 0xff, 
  0x35, 0x9d, 0xff, 0x35, 0x9d, 0xff, 0x35, 0x9d, 0xff, 0x35, 0x9d, 0xff, 
  0x35, 0x9d, 0xff, 0x35, 0x9d, 0xff, 0x35, 0x9d, 0xff, 0x35, 0x9d, 0xff, 
  0x35, 0x9d, 0xff, 0x35, 0x9d, 0xff, 0x35, 0x9d, 0xff, 0x35, 0x9d, 0xff, 
  0x35, 0x9d, 0xff, 0x35, 0x9d, 0xff, 0x35, 0x9d, 0xff, 0x35, 0x9d, 0xff, 
  0x35, 0x9d, 0xff, 0x35, 0x9d, 0xff, 0x35, 0x9d, 0xff, 0x35, 0x9d, 0xff, 
  0x35, 0x9d, 0xff, 0x35, 0x9d, 0xff, 0x35, 0x9d, 0xfb, 0xb8, 0xad, 0xff, 
  0x35, 0x9d, 0x80, 0x00, 0x00, 0x00, 0xf7, 0xbd, 0x04, 0x00, 0x00, 0x00, 
  0x00, 0x00, 0x00, 0x00, 0x00, 0x00, 0x00, 0x00, 0x00, 0x00, 0x00, 0x00, 
  0x00, 0x00, 0x00, 0x00, 0x00, 0x00, 0x00, 0x00, 0x00, 0x00, 0x00, 0x00, 
  0x00, 0x00, 0x00, 0xff, 0xbd, 0x04, 0x00, 0x00, 0x00, 0x59, 0xbe, 0x80, 
  0xfc, 0xd6, 0xff, 0x59, 0xc6, 0xfb, 0x59, 0xc6, 0xff, 0x59, 0xc6, 0xff, 
  0x59, 0xc6, 0xff, 0x59, 0xc6, 0xff, 0x59, 0xc6, 0xff, 0x59, 0xc6, 0xff, 
  0x59, 0xc6, 0xff, 0x59, 0xc6, 0xff, 0x59, 0xc6, 0xff, 0x59, 0xc6, 0xff, 
  0x59, 0xc6, 0xff, 0x59, 0xc6, 0xff, 0x59, 0xc6, 0xff, 0x59, 0xc6, 0xff, 
  0x59, 0xc6, 0xff, 0x59, 0xc6, 0xff, 0x59, 0xc6, 0xff, 0x59, 0xc6, 0xff, 
  0x59, 0xc6, 0xff, 0x59, 0xc6, 0xff, 0x59, 0xc6, 0xff, 0x59, 0xc6, 0xff, 
  0x59, 0xc6, 0xff, 0x59, 0xc6, 0xff, 0x59, 0xc6, 0xff, 0x59, 0xc6, 0xff, 
  0x59, 0xc6, 0xff, 0x59, 0xc6, 0xff, 0x59, 0xc6, 0xff, 0x59, 0xc6, 0xff, 
  0x59, 0xc6, 0xff, 0x59, 0xc6, 0xff, 0x59, 0xc6, 0xff, 0x59, 0xc6, 0xff, 
  0x59, 0xc6, 0xff, 0x59, 0xc6, 0xff, 0x59, 0xc6, 0xff, 0x59, 0xc6, 0xff, 
  0x59, 0xc6, 0xff, 0x59, 0xc6, 0xff, 0x59, 0xc6, 0xff, 0x59, 0xc6, 0xff, 
  0x59, 0xc6, 0xff, 0x59, 0xc6, 0xff, 0x59, 0xc6, 0xff, 0x59, 0xc6, 0xff, 
  0x59, 0xc6, 0xff, 0x59, 0xbe, 0xff, 0x59, 0xc6, 0xff, 0x39, 0xbe, 0xff, 
  0x56, 0xa5, 0xff, 0x35, 0x9d, 0xff, 0x56, 0xa5, 0xff, 0x36, 0x9d, 0xff, 
  0x36, 0x9d, 0xff, 0x36, 0x9d, 0xff, 0x36, 0x9d, 0xff, 0x36, 0x9d, 0xff, 
  0x36, 0x9d, 0xff, 0x36, 0x9d, 0xff, 0x36, 0x9d, 0xff, 0x36, 0x9d, 0xff, 
  0x36, 0x9d, 0xff, 0x36, 0x9d, 0xff, 0x35, 0x9d, 0xff, 0x35, 0x9d, 0xff, 
  0x35, 0x9d, 0xff, 0x35, 0x9d, 0xff, 0x35, 0x9d, 0xff, 0x35, 0x9d, 0xff, 
  0x35, 0x9d, 0xff, 0x35, 0x9d, 0xff, 0x35, 0x9d, 0xff, 0x35, 0x9d, 0xff, 
  0x35, 0x9d, 0xff, 0x35, 0x9d, 0xff, 0x35, 0x9d, 0xff, 0x35, 0x9d, 0xff, 
  0x35, 0x9d, 0xff, 0x35, 0x9d, 0xff, 0x35, 0x9d, 0xff, 0x35, 0x9d, 0xff, 
  0x35, 0x9d, 0xff, 0x35, 0x9d, 0xff, 0x35, 0x9d, 0xff, 0x35, 0x9d, 0xff, 
  0x35, 0x9d, 0xff, 0x35, 0x9d, 0xff, 0x35, 0x9d, 0xff, 0x35, 0x9d, 0xff, 
  0x35, 0x9d, 0xff, 0x35, 0x9d, 0xff, 0x35, 0x9d, 0xff, 0x35, 0x9d, 0xff, 
  0x35, 0x9d, 0xff, 0x35, 0x9d, 0xff, 0x35, 0x9d, 0xff, 0x35, 0x9d, 0xff, 
  0x35, 0x9d, 0xff, 0x35, 0x9d, 0xff, 0x35, 0x9d, 0xfb, 0xb8, 0xad, 0xff, 
  0x35, 0x9d, 0x80, 0x00, 0x00, 0x00, 0xf7, 0xbd, 0x04, 0x00, 0x00, 0x00, 
  0x00, 0x00, 0x00, 0x00, 0x00, 0x00, 0x00, 0x00, 0x00, 0x00, 0x00, 0x00, 
  0x00, 0x00, 0x00, 0x00, 0x00, 0x00, 0x00, 0x00, 0x00, 0x00, 0x00, 0x00, 
  0x00, 0x00, 0x00, 0xff, 0xbd, 0x04, 0x00, 0x00, 0x00, 0x59, 0xbe, 0x80, 
  0xfc, 0xd6, 0xff, 0x59, 0xc6, 0xfb, 0x59, 0xc6, 0xff, 0x59, 0xc6, 0xff, 
  0x59, 0xc6, 0xff, 0x59, 0xc6, 0xff, 0x59, 0xc6, 0xff, 0x59, 0xc6, 0xff, 
  0x59, 0xc6, 0xff, 0x59, 0xc6, 0xff, 0x59, 0xc6, 0xff, 0x59, 0xc6, 0xff, 
  0x59, 0xc6, 0xff, 0x59, 0xc6, 0xff, 0x59, 0xc6, 0xff, 0x59, 0xc6, 0xff, 
  0x59, 0xc6, 0xff, 0x59, 0xc6, 0xff, 0x59, 0xc6, 0xff, 0x59, 0xc6, 0xff, 
  0x59, 0xc6, 0xff, 0x59, 0xc6, 0xff, 0x59, 0xc6, 0xff, 0x59, 0xc6, 0xff, 
  0x59, 0xc6, 0xff, 0x59, 0xc6, 0xff, 0x59, 0xc6, 0xff, 0x59, 0xc6, 0xff, 
  0x59, 0xc6, 0xff, 0x59, 0xc6, 0xff, 0x59, 0xc6, 0xff, 0x59, 0xc6, 0xff, 
  0x59, 0xc6, 0xff, 0x59, 0xc6, 0xff, 0x59, 0xc6, 0xff, 0x59, 0xc6, 0xff, 
  0x59, 0xc6, 0xff, 0x59, 0xc6, 0xff, 0x59, 0xc6, 0xff, 0x59, 0xc6, 0xff, 
  0x59, 0xc6, 0xff, 0x59, 0xc6, 0xff, 0x59, 0xc6, 0xff, 0x59, 0xc6, 0xff, 
  0x59, 0xc6, 0xff, 0x59, 0xc6, 0xff, 0x59, 0xc6, 0xff, 0x59, 0xc6, 0xff, 
  0x59, 0xc6, 0xff, 0x59, 0xbe, 0xff, 0x59, 0xc6, 0xff, 0x39, 0xbe, 0xff, 
  0x56, 0xa5, 0xff, 0x35, 0x9d, 0xff, 0x56, 0xa5, 0xff, 0x36, 0x9d, 0xff, 
  0x36, 0x9d, 0xff, 0x36, 0x9d, 0xff, 0x36, 0x9d, 0xff, 0x36, 0x9d, 0xff, 
  0x35, 0x9d, 0xff, 0x35, 0x9d, 0xff, 0x35, 0x9d, 0xff, 0x35, 0x9d, 0xff, 
  0x35, 0x9d, 0xff, 0x35, 0x9d, 0xff, 0x35, 0x9d, 0xff, 0x35, 0x9d, 0xff, 
  0x35, 0x9d, 0xff, 0x35, 0x9d, 0xff, 0x35, 0x9d, 0xff, 0x35, 0x9d, 0xff, 
  0x35, 0x9d, 0xff, 0x35, 0x9d, 0xff, 0x35, 0x9d, 0xff, 0x35, 0x9d, 0xff, 
  0x35, 0x9d, 0xff, 0x35, 0x9d, 0xff, 0x35, 0x9d, 0xff, 0x35, 0x9d, 0xff, 
  0x35, 0x9d, 0xff, 0x35, 0x9d, 0xff, 0x35, 0x9d, 0xff, 0x35, 0x9d, 0xff, 
  0x35, 0x9d, 0xff, 0x35, 0x9d, 0xff, 0x35, 0x9d, 0xff, 0x35, 0x9d, 0xff, 
  0x35, 0x9d, 0xff, 0x35, 0x9d, 0xff, 0x35, 0x9d, 0xff, 0x35, 0x9d, 0xff, 
  0x35, 0x9d, 0xff, 0x35, 0x9d, 0xff, 0x35, 0x9d, 0xff, 0x35, 0x9d, 0xff, 
  0x35, 0x9d, 0xff, 0x35, 0x9d, 0xff, 0x35, 0x9d, 0xff, 0x35, 0x9d, 0xff, 
  0x35, 0x9d, 0xff, 0x35, 0x9d, 0xff, 0x35, 0x9d, 0xfb, 0xb8, 0xad, 0xff, 
  0x15, 0x9d, 0x80, 0x00, 0x00, 0x00, 0xf7, 0xbd, 0x04, 0x00, 0x00, 0x00, 
  0x00, 0x00, 0x00, 0x00, 0x00, 0x00, 0x00, 0x00, 0x00, 0x00, 0x00, 0x00, 
  0x00, 0x00, 0x00, 0x00, 0x00, 0x00, 0x00, 0x00, 0x00, 0x00, 0x00, 0x00, 
  0x00, 0x00, 0x00, 0xff, 0xbd, 0x04, 0x00, 0x00, 0x00, 0x59, 0xbe, 0x80, 
  0xfc, 0xd6, 0xff, 0x59, 0xc6, 0xfb, 0x59, 0xc6, 0xff, 0x59, 0xc6, 0xff, 
  0x59, 0xc6, 0xff, 0x59, 0xc6, 0xff, 0x59, 0xc6, 0xff, 0x59, 0xc6, 0xff, 
  0x59, 0xc6, 0xff, 0x59, 0xc6, 0xff, 0x59, 0xc6, 0xff, 0x59, 0xc6, 0xff, 
  0x59, 0xc6, 0xff, 0x59, 0xc6, 0xff, 0x59, 0xc6, 0xff, 0x59, 0xc6, 0xff, 
  0x59, 0xc6, 0xff, 0x59, 0xc6, 0xff, 0x59, 0xc6, 0xff, 0x59, 0xc6, 0xff, 
  0x59, 0xc6, 0xff, 0x59, 0xc6, 0xff, 0x59, 0xc6, 0xff, 0x59, 0xc6, 0xff, 
  0x59, 0xc6, 0xff, 0x59, 0xc6, 0xff, 0x59, 0xc6, 0xff, 0x59, 0xc6, 0xff, 
  0x59, 0xc6, 0xff, 0x59, 0xc6, 0xff, 0x59, 0xc6, 0xff, 0x59, 0xc6, 0xff, 
  0x59, 0xc6, 0xff, 0x59, 0xc6, 0xff, 0x59, 0xc6, 0xff, 0x59, 0xc6, 0xff, 
  0x59, 0xc6, 0xff, 0x59, 0xc6, 0xff, 0x59, 0xc6, 0xff, 0x59, 0xc6, 0xff, 
  0x59, 0xc6, 0xff, 0x59, 0xc6, 0xff, 0x59, 0xc6, 0xff, 0x59, 0xc6, 0xff, 
  0x59, 0xc6, 0xff, 0x59, 0xc6, 0xff, 0x59, 0xc6, 0xff, 0x59, 0xc6, 0xff, 
  0x59, 0xc6, 0xff, 0x59, 0xbe, 0xff, 0x59, 0xc6, 0xff, 0x39, 0xbe, 0xff, 
  0x56, 0xa5, 0xff, 0x35, 0x9d, 0xff, 0x56, 0xa5, 0xff, 0x36, 0x9d, 0xff, 
  0x36, 0x9d, 0xff, 0x35, 0x9d, 0xff, 0x35, 0x9d, 0xff, 0x35, 0x9d, 0xff, 
  0x35, 0x9d, 0xff, 0x35, 0x9d, 0xff, 0x35, 0x9d, 0xff, 0x35, 0x9d, 0xff, 
  0x35, 0x9d, 0xff, 0x35, 0x9d, 0xff, 0x35, 0x9d, 0xff, 0x35, 0x9d, 0xff, 
  0x35, 0x9d, 0xff, 0x35, 0x9d, 0xff, 0x35, 0x9d, 0xff, 0x35, 0x9d, 0xff, 
  0x35, 0x9d, 0xff, 0x35, 0x9d, 0xff, 0x35, 0x9d, 0xff, 0x35, 0x9d, 0xff, 
  0x35, 0x9d, 0xff, 0x35, 0x9d, 0xff, 0x35, 0x9d, 0xff, 0x35, 0x9d, 0xff, 
  0x35, 0x9d, 0xff, 0x35, 0x9d, 0xff, 0x35, 0x9d, 0xff, 0x35, 0x9d, 0xff, 
  0x35, 0x9d, 0xff, 0x35, 0x9d, 0xff, 0x35, 0x9d, 0xff, 0x35, 0x9d, 0xff, 
  0x35, 0x9d, 0xff, 0x35, 0x9d, 0xff, 0x35, 0x9d, 0xff, 0x35, 0x9d, 0xff, 
  0x35, 0x9d, 0xff, 0x35, 0x9d, 0xff, 0x35, 0x9d, 0xff, 0x35, 0x9d, 0xff, 
  0x35, 0x9d, 0xff, 0x35, 0x9d, 0xff, 0x35, 0x9d, 0xff, 0x35, 0x9d, 0xff, 
  0x35, 0x9d, 0xff, 0x35, 0x9d, 0xff, 0x15, 0x9d, 0xfb, 0xb8, 0xad, 0xff, 
  0x15, 0x9d, 0x80, 0x00, 0x00, 0x00, 0xf7, 0xbd, 0x04, 0x00, 0x00, 0x00, 
  0x00, 0x00, 0x00, 0x00, 0x00, 0x00, 0x00, 0x00, 0x00, 0x00, 0x00, 0x00, 
  0x00, 0x00, 0x00, 0x00, 0x00, 0x00, 0x00, 0x00, 0x00, 0x00, 0x00, 0x00, 
  0x00, 0x00, 0x00, 0xff, 0xbd, 0x04, 0x00, 0x00, 0x00, 0x59, 0xbe, 0x80, 
  0xfc, 0xd6, 0xff, 0x59, 0xc6, 0xfb, 0x59, 0xc6, 0xff, 0x59, 0xc6, 0xff, 
  0x59, 0xc6, 0xff, 0x59, 0xc6, 0xff, 0x59, 0xc6, 0xff, 0x59, 0xc6, 0xff, 
  0x59, 0xc6, 0xff, 0x59, 0xc6, 0xff, 0x59, 0xc6, 0xff, 0x59, 0xc6, 0xff, 
  0x59, 0xc6, 0xff, 0x59, 0xc6, 0xff, 0x59, 0xc6, 0xff, 0x59, 0xc6, 0xff, 
  0x59, 0xc6, 0xff, 0x59, 0xc6, 0xff, 0x59, 0xc6, 0xff, 0x59, 0xc6, 0xff, 
  0x59, 0xc6, 0xff, 0x59, 0xc6, 0xff, 0x59, 0xc6, 0xff, 0x59, 0xc6, 0xff, 
  0x59, 0xc6, 0xff, 0x59, 0xc6, 0xff, 0x59, 0xc6, 0xff, 0x59, 0xc6, 0xff, 
  0x59, 0xc6, 0xff, 0x59, 0xc6, 0xff, 0x59, 0xc6, 0xff, 0x59, 0xc6, 0xff, 
  0x59, 0xc6, 0xff, 0x59, 0xc6, 0xff, 0x59, 0xc6, 0xff, 0x59, 0xc6, 0xff, 
  0x59, 0xc6, 0xff, 0x59, 0xc6, 0xff, 0x59, 0xc6, 0xff, 0x59, 0xc6, 0xff, 
  0x59, 0xc6, 0xff, 0x59, 0xc6, 0xff, 0x59, 0xc6, 0xff, 0x59, 0xc6, 0xff, 
  0x59, 0xc6, 0xff, 0x59, 0xc6, 0xff, 0x59, 0xc6, 0xff, 0x59, 0xc6, 0xff, 
  0x59, 0xc6, 0xff, 0x59, 0xbe, 0xff, 0x79, 0xc6, 0xff, 0x39, 0xbe, 0xff, 
  0x56, 0xa5, 0xff, 0x15, 0x9d, 0xff, 0x36, 0x9d, 0xff, 0x35, 0x9d, 0xff, 
  0x35, 0x9d, 0xff, 0x35, 0x9d, 0xff, 0x35, 0x9d, 0xff, 0x35, 0x9d, 0xff, 
  0x35, 0x9d, 0xff, 0x35, 0x9d, 0xff, 0x35, 0x9d, 0xff, 0x35, 0x9d, 0xff, 
  0x35, 0x9d, 0xff, 0x35, 0x9d, 0xff, 0x35, 0x9d, 0xff, 0x35, 0x9d, 0xff, 
  0x35, 0x9d, 0xff, 0x35, 0x9d, 0xff, 0x35, 0x9d, 0xff, 0x35, 0x9d, 0xff, 
  0x35, 0x9d, 0xff, 0x35, 0x9d, 0xff, 0x35, 0x9d, 0xff, 0x35, 0x9d, 0xff, 
  0x35, 0x9d, 0xff, 0x35, 0x9d, 0xff, 0x35, 0x9d, 0xff, 0x35, 0x9d, 0xff, 
  0x35, 0x9d, 0xff, 0x35, 0x9d, 0xff, 0x35, 0x9d, 0xff, 0x35, 0x9d, 0xff, 
  0x35, 0x9d, 0xff, 0x35, 0x9d, 0xff, 0x35, 0x9d, 0xff, 0x35, 0x9d, 0xff, 
  0x35, 0x9d, 0xff, 0x35, 0x9d, 0xff, 0x35, 0x9d, 0xff, 0x35, 0x9d, 0xff, 
  0x35, 0x9d, 0xff, 0x35, 0x9d, 0xff, 0x35, 0x9d, 0xff, 0x35, 0x9d, 0xff, 
  0x35, 0x9d, 0xff, 0x35, 0x9d, 0xff, 0x35, 0x9d, 0xff, 0x35, 0x9d, 0xff, 
  0x35, 0x9d, 0xff, 0x35, 0x9d, 0xff, 0x15, 0x9d, 0xfb, 0xb8, 0xad, 0xff, 
  0x15, 0x9d, 0x80, 0x00, 0x00, 0x00, 0xf7, 0xbd, 0x04, 0x00, 0x00, 0x00, 
  0x00, 0x00, 0x00, 0x00, 0x00, 0x00, 0x00, 0x00, 0x00, 0x00, 0x00, 0x00, 
  0x00, 0x00, 0x00, 0x00, 0x00, 0x00, 0x00, 0x00, 0x00, 0x00, 0x00, 0x00, 
  0x00, 0x00, 0x00, 0xff, 0xbd, 0x04, 0x00, 0x00, 0x00, 0x59, 0xbe, 0x80, 
  0xfc, 0xd6, 0xff, 0x59, 0xc6, 0xfb, 0x59, 0xc6, 0xff, 0x59, 0xc6, 0xff, 
  0x59, 0xc6, 0xff, 0x59, 0xc6, 0xff, 0x59, 0xc6, 0xff, 0x59, 0xc6, 0xff, 
  0x59, 0xc6, 0xff, 0x59, 0xc6, 0xff, 0x59, 0xc6, 0xff, 0x59, 0xc6, 0xff, 
  0x59, 0xc6, 0xff, 0x59, 0xc6, 0xff, 0x59, 0xc6, 0xff, 0x59, 0xc6, 0xff, 
  0x59, 0xc6, 0xff, 0x59, 0xc6, 0xff, 0x59, 0xc6, 0xff, 0x59, 0xc6, 0xff, 
  0x59, 0xc6, 0xff, 0x59, 0xc6, 0xff, 0x59, 0xc6, 0xff, 0x59, 0xc6, 0xff, 
  0x59, 0xc6, 0xff, 0x59, 0xc6, 0xff, 0x59, 0xc6, 0xff, 0x59, 0xc6, 0xff, 
  0x59, 0xc6, 0xff, 0x59, 0xc6, 0xff, 0x59, 0xc6, 0xff, 0x59, 0xc6, 0xff, 
  0x59, 0xc6, 0xff, 0x59, 0xc6, 0xff, 0x59, 0xc6, 0xff, 0x59, 0xc6, 0xff, 
  0x59, 0xc6, 0xff, 0x59, 0xc6, 0xff, 0x59, 0xc6, 0xff, 0x59, 0xc6, 0xff, 
  0x59, 0xc6, 0xff, 0x59, 0xc6, 0xff, 0x59, 0xc6, 0xff, 0x59, 0xc6, 0xff, 
  0x59, 0xc6, 0xff, 0x59, 0xc6, 0xff, 0x59, 0xc6, 0xff, 0x59, 0xc6, 0xff, 
  0x59, 0xc6, 0xff, 0x59, 0xbe, 0xff, 0x79, 0xc6, 0xff, 0x39, 0xbe, 0xff, 
  0x56, 0xa5, 0xff, 0x15, 0x9d, 0xff, 0x36, 0x9d, 0xff, 0x35, 0x9d, 0xff, 
  0x35, 0x9d, 0xff, 0x35, 0x9d, 0xff, 0x35, 0x9d, 0xff, 0x35, 0x9d, 0xff, 
  0x35, 0x9d, 0xff, 0x35, 0x9d, 0xff, 0x35, 0x9d, 0xff, 0x35, 0x9d, 0xff, 
  0x35, 0x9d, 0xff, 0x35, 0x9d, 0xff, 0x35, 0x9d, 0xff, 0x35, 0x9d, 0xff, 
  0x35, 0x9d, 0xff, 0x35, 0x9d, 0xff, 0x35, 0x9d, 0xff, 0x35, 0x9d, 0xff, 
  0x35, 0x9d, 0xff, 0x35, 0x9d, 0xff, 0x35, 0x9d, 0xff, 0x35, 0x9d, 0xff, 
  0x35, 0x9d, 0xff, 0x35, 0x9d, 0xff, 0x35, 0x9d, 0xff, 0x35, 0x9d, 0xff, 
  0x35, 0x9d, 0xff, 0x35, 0x9d, 0xff, 0x35, 0x9d, 0xff, 0x35, 0x9d, 0xff, 
  0x35, 0x9d, 0xff, 0x35, 0x9d, 0xff, 0x35, 0x9d, 0xff, 0x35, 0x9d, 0xff, 
  0x35, 0x9d, 0xff, 0x35, 0x9d, 0xff, 0x35, 0x9d, 0xff, 0x35, 0x9d, 0xff, 
  0x35, 0x9d, 0xff, 0x35, 0x9d, 0xff, 0x35, 0x9d, 0xff, 0x35, 0x9d, 0xff, 
  0x35, 0x9d, 0xff, 0x35, 0x9d, 0xff, 0x35, 0x9d, 0xff, 0x35, 0x9d, 0xff, 
  0x35, 0x9d, 0xff, 0x15, 0x9d, 0xff, 0x15, 0x9d, 0xfb, 0xb7, 0xad, 0xff, 
  0x15, 0x9d, 0x80, 0x00, 0x00, 0x00, 0xf7, 0xbd, 0x04, 0x00, 0x00, 0x00, 
  0x00, 0x00, 0x00, 0x00, 0x00, 0x00, 0x00, 0x00, 0x00, 0x00, 0x00, 0x00, 
  0x00, 0x00, 0x00, 0x00, 0x00, 0x00, 0x00, 0x00, 0x00, 0x00, 0x00, 0x00, 
  0x00, 0x00, 0x00, 0xff, 0xbd, 0x04, 0x00, 0x00, 0x00, 0x59, 0xbe, 0x80, 
  0xfc, 0xd6, 0xff, 0x59, 0xc6, 0xfb, 0x59, 0xc6, 0xff, 0x59, 0xc6, 0xff, 
  0x59, 0xc6, 0xff, 0x59, 0xc6, 0xff, 0x59, 0xc6, 0xff, 0x59, 0xc6, 0xff, 
  0x59, 0xc6, 0xff, 0x59, 0xc6, 0xff, 0x59, 0xc6, 0xff, 0x59, 0xc6, 0xff, 
  0x59, 0xc6, 0xff, 0x59, 0xc6, 0xff, 0x59, 0xc6, 0xff, 0x59, 0xc6, 0xff, 
  0x59, 0xc6, 0xff, 0x59, 0xc6, 0xff, 0x59, 0xc6, 0xff, 0x59, 0xc6, 0xff, 
  0x59, 0xc6, 0xff, 0x59, 0xc6, 0xff, 0x59, 0xc6, 0xff, 0x59, 0xc6, 0xff, 
  0x59, 0xc6, 0xff, 0x59, 0xc6, 0xff, 0x59, 0xc6, 0xff, 0x59, 0xc6, 0xff, 
  0x59, 0xc6, 0xff, 0x59, 0xc6, 0xff, 0x59, 0xc6, 0xff, 0x59, 0xc6, 0xff, 
  0x59, 0xc6, 0xff, 0x59, 0xc6, 0xff, 0x59, 0xc6, 0xff, 0x59, 0xc6, 0xff, 
  0x59, 0xc6, 0xff, 0x59, 0xc6, 0xff, 0x59, 0xc6, 0xff, 0x59, 0xc6, 0xff, 
  0x59, 0xc6, 0xff, 0x59, 0xc6, 0xff, 0x59, 0xc6, 0xff, 0x59, 0xc6, 0xff, 
  0x59, 0xc6, 0xff, 0x59, 0xc6, 0xff, 0x59, 0xc6, 0xff, 0x59, 0xc6, 0xff, 
  0x59, 0xc6, 0xff, 0x59, 0xbe, 0xff, 0x79, 0xc6, 0xff, 0x39, 0xbe, 0xff, 
  0x56, 0x9d, 0xff, 0x15, 0x9d, 0xff, 0x35, 0x9d, 0xff, 0x35, 0x9d, 0xff, 
  0x35, 0x9d, 0xff, 0x35, 0x9d, 0xff, 0x35, 0x9d, 0xff, 0x35, 0x9d, 0xff, 
  0x35, 0x9d, 0xff, 0x35, 0x9d, 0xff, 0x35, 0x9d, 0xff, 0x35, 0x9d, 0xff, 
  0x35, 0x9d, 0xff, 0x35, 0x9d, 0xff, 0x35, 0x9d, 0xff, 0x35, 0x9d, 0xff, 
  0x35, 0x9d, 0xff, 0x35, 0x9d, 0xff, 0x35, 0x9d, 0xff, 0x35, 0x9d, 0xff, 
  0x35, 0x9d, 0xff, 0x35, 0x9d, 0xff, 0x35, 0x9d, 0xff, 0x35, 0x9d, 0xff, 
  0x35, 0x9d, 0xff, 0x35, 0x9d, 0xff, 0x35, 0x9d, 0xff, 0x35, 0x9d, 0xff, 
  0x35, 0x9d, 0xff, 0x35, 0x9d, 0xff, 0x35, 0x9d, 0xff, 0x35, 0x9d, 0xff, 
  0x35, 0x9d, 0xff, 0x35, 0x9d, 0xff, 0x35, 0x9d, 0xff, 0x35, 0x9d, 0xff, 
  0x35, 0x9d, 0xff, 0x35, 0x9d, 0xff, 0x35, 0x9d, 0xff, 0x35, 0x9d, 0xff, 
  0x15, 0x9d, 0xff, 0x15, 0x9d, 0xff, 0x15, 0x9d, 0xff, 0x15, 0x9d, 0xff, 
  0x15, 0x9d, 0xff, 0x15, 0x9d, 0xff, 0x15, 0x9d, 0xff, 0x15, 0x9d, 0xff, 
  0x15, 0x9d, 0xff, 0x15, 0x9d, 0xff, 0x15, 0x9d, 0xfb, 0xb7, 0xad, 0xff, 
  0x15, 0x9d, 0x80, 0x00, 0x00, 0x00, 0xf7, 0xbd, 0x04, 0x00, 0x00, 0x00, 
  0x00, 0x00, 0x00, 0x00, 0x00, 0x00, 0x00, 0x00, 0x00, 0x00, 0x00, 0x00, 
  0x00, 0x00, 0x00, 0x00, 0x00, 0x00, 0x00, 0x00, 0x00, 0x00, 0x00, 0x00, 
  0x00, 0x00, 0x00, 0xff, 0xbd, 0x04, 0x00, 0x00, 0x00, 0x59, 0xbe, 0x80, 
  0xfc, 0xd6, 0xff, 0x59, 0xc6, 0xfb, 0x59, 0xc6, 0xff, 0x59, 0xc6, 0xff, 
  0x59, 0xc6, 0xff, 0x59, 0xc6, 0xff, 0x59, 0xc6, 0xff, 0x59, 0xc6, 0xff, 
  0x59, 0xc6, 0xff, 0x59, 0xc6, 0xff, 0x59, 0xc6, 0xff, 0x59, 0xc6, 0xff, 
  0x59, 0xc6, 0xff, 0x59, 0xc6, 0xff, 0x59, 0xc6, 0xff, 0x59, 0xc6, 0xff, 
  0x59, 0xc6, 0xff, 0x59, 0xc6, 0xff, 0x59, 0xc6, 0xff, 0x59, 0xc6, 0xff, 
  0x59, 0xc6, 0xff, 0x59, 0xc6, 0xff, 0x59, 0xc6, 0xff, 0x59, 0xc6, 0xff, 
  0x59, 0xc6, 0xff, 0x59, 0xc6, 0xff, 0x59, 0xc6, 0xff, 0x59, 0xc6, 0xff, 
  0x59, 0xc6, 0xff, 0x59, 0xc6, 0xff, 0x59, 0xc6, 0xff, 0x59, 0xc6, 0xff, 
  0x59, 0xc6, 0xff, 0x59, 0xc6, 0xff, 0x59, 0xc6, 0xff, 0x59, 0xc6, 0xff, 
  0x59, 0xc6, 0xff, 0x59, 0xc6, 0xff, 0x59, 0xc6, 0xff, 0x59, 0xc6, 0xff, 
  0x59, 0xc6, 0xff, 0x59, 0xc6, 0xff, 0x59, 0xc6, 0xff, 0x59, 0xc6, 0xff, 
  0x59, 0xc6, 0xff, 0x59, 0xc6, 0xff, 0x59, 0xc6, 0xff, 0x59, 0xc6, 0xff, 
  0x59, 0xc6, 0xff, 0x59, 0xbe, 0xff, 0x79, 0xc6, 0xff, 0x39, 0xbe, 0xff, 
  0x56, 0x9d, 0xff, 0x15, 0x9d, 0xff, 0x35, 0x9d, 0xff, 0x35, 0x9d, 0xff, 
  0x35, 0x9d, 0xff, 0x35, 0x9d, 0xff, 0x35, 0x9d, 0xff, 0x35, 0x9d, 0xff, 
  0x35, 0x9d, 0xff, 0x35, 0x9d, 0xff, 0x35, 0x9d, 0xff, 0x35, 0x9d, 0xff, 
  0x35, 0x9d, 0xff, 0x35, 0x9d, 0xff, 0x35, 0x9d, 0xff, 0x35, 0x9d, 0xff, 
  0x35, 0x9d, 0xff, 0x35, 0x9d, 0xff, 0x35, 0x9d, 0xff, 0x35, 0x9d, 0xff, 
  0x35, 0x9d, 0xff, 0x35, 0x9d, 0xff, 0x35, 0x9d, 0xff, 0x35, 0x9d, 0xff, 
  0x35, 0x9d, 0xff, 0x35, 0x9d, 0xff, 0x35, 0x9d, 0xff, 0x35, 0x9d, 0xff, 
  0x35, 0x9d, 0xff, 0x35, 0x9d, 0xff, 0x35, 0x9d, 0xff, 0x35, 0x9d, 0xff, 
  0x35, 0x9d, 0xff, 0x35, 0x9d, 0xff, 0x35, 0x9d, 0xff, 0x35, 0x9d, 0xff, 
  0x35, 0x9d, 0xff, 0x35, 0x9d, 0xff, 0x15, 0x9d, 0xff, 0x15, 0x9d, 0xff, 
  0x15, 0x9d, 0xff, 0x15, 0x9d, 0xff, 0x15, 0x9d, 0xff, 0x15, 0x9d, 0xff, 
  0x15, 0x9d, 0xff, 0x15, 0x9d, 0xff, 0x15, 0x9d, 0xff, 0x15, 0x9d, 0xff, 
  0x15, 0x9d, 0xff, 0x15, 0x9d, 0xff, 0x15, 0x9d, 0xfb, 0xb7, 0xad, 0xff, 
  0x15, 0x9d, 0x80, 0x00, 0x00, 0x00, 0xf7, 0xbd, 0x04, 0x00, 0x00, 0x00, 
  0x00, 0x00, 0x00, 0x00, 0x00, 0x00, 0x00, 0x00, 0x00, 0x00, 0x00, 0x00, 
  0x00, 0x00, 0x00, 0x00, 0x00, 0x00, 0x00, 0x00, 0x00, 0x00, 0x00, 0x00, 
  0x00, 0x00, 0x00, 0xff, 0xbd, 0x04, 0x00, 0x00, 0x00, 0x59, 0xbe, 0x80, 
  0xfc, 0xd6, 0xff, 0x59, 0xc6, 0xfb, 0x59, 0xc6, 0xff, 0x59, 0xc6, 0xff, 
  0x59, 0xc6, 0xff, 0x59, 0xc6, 0xff, 0x59, 0xc6, 0xff, 0x59, 0xc6, 0xff, 
  0x59, 0xc6, 0xff, 0x59, 0xc6, 0xff, 0x59, 0xc6, 0xff, 0x59, 0xc6, 0xff, 
  0x59, 0xc6, 0xff, 0x59, 0xc6, 0xff, 0x59, 0xc6, 0xff, 0x59, 0xc6, 0xff, 
  0x59, 0xc6, 0xff, 0x59, 0xc6, 0xff, 0x59, 0xc6, 0xff, 0x59, 0xc6, 0xff, 
  0x59, 0xc6, 0xff, 0x59, 0xc6, 0xff, 0x59, 0xc6, 0xff, 0x59, 0xc6, 0xff, 
  0x59, 0xc6, 0xff, 0x59, 0xc6, 0xff, 0x59, 0xc6, 0xff, 0x59, 0xc6, 0xff, 
  0x59, 0xc6, 0xff, 0x59, 0xc6, 0xff, 0x59, 0xc6, 0xff, 0x59, 0xc6, 0xff, 
  0x59, 0xc6, 0xff, 0x59, 0xc6, 0xff, 0x59, 0xc6, 0xff, 0x59, 0xc6, 0xff, 
  0x59, 0xc6, 0xff, 0x59, 0xc6, 0xff, 0x59, 0xc6, 0xff, 0x59, 0xc6, 0xff, 
  0x59, 0xc6, 0xff, 0x59, 0xc6, 0xff, 0x59, 0xc6, 0xff, 0x59, 0xc6, 0xff, 
  0x59, 0xc6, 0xff, 0x59, 0xc6, 0xff, 0x59, 0xc6, 0xff, 0x59, 0xc6, 0xff, 
  0x59, 0xc6, 0xff, 0x59, 0xbe, 0xff, 0x79, 0xc6, 0xff, 0x39, 0xbe, 0xff, 
  0x56, 0x9d, 0xff, 0x15, 0x9d, 0xff, 0x35, 0x9d, 0xff, 0x35, 0x9d, 0xff, 
  0x35, 0x9d, 0xff, 0x35, 0x9d, 0xff, 0x35, 0x9d, 0xff, 0x35, 0x9d, 0xff, 
  0x35, 0x9d, 0xff, 0x35, 0x9d, 0xff, 0x35, 0x9d, 0xff, 0x35, 0x9d, 0xff, 
  0x35, 0x9d, 0xff, 0x35, 0x9d, 0xff, 0x35, 0x9d, 0xff, 0x35, 0x9d, 0xff, 
  0x35, 0x9d, 0xff, 0x35, 0x9d, 0xff, 0x35, 0x9d, 0xff, 0x35, 0x9d, 0xff, 
  0x35, 0x9d, 0xff, 0x35, 0x9d, 0xff, 0x35, 0x9d, 0xff, 0x35, 0x9d, 0xff, 
  0x35, 0x9d, 0xff, 0x35, 0x9d, 0xff, 0x35, 0x9d, 0xff, 0x35, 0x9d, 0xff, 
  0x35, 0x9d, 0xff, 0x35, 0x9d, 0xff, 0x35, 0x9d, 0xff, 0x35, 0x9d, 0xff, 
  0x35, 0x9d, 0xff, 0x15, 0x9d, 0xff, 0x15, 0x9d, 0xff, 0x15, 0x9d, 0xff, 
  0x15, 0x9d, 0xff, 0x15, 0x9d, 0xff, 0x15, 0x9d, 0xff, 0x15, 0x9d, 0xff, 
  0x15, 0x9d, 0xff, 0x15, 0x9d, 0xff, 0x15, 0x9d, 0xff, 0x15, 0x9d, 0xff, 
  0x15, 0x9d, 0xff, 0x15, 0x9d, 0xff, 0x15, 0x9d, 0xff, 0x15, 0x9d, 0xff, 
  0x15, 0x9d, 0xff, 0x15, 0x9d, 0xff, 0x15, 0x9d, 0xfb, 0xb7, 0xad, 0xff, 
  0x15, 0x9d, 0x80, 0x00, 0x00, 0x00, 0xf7, 0xbd, 0x04, 0x00, 0x00, 0x00, 
  0x00, 0x00, 0x00, 0x00, 0x00, 0x00, 0x00, 0x00, 0x00, 0x00, 0x00, 0x00, 
  0x00, 0x00, 0x00, 0x00, 0x00, 0x00, 0x00, 0x00, 0x00, 0x00, 0x00, 0x00, 
  0x00, 0x00, 0x00, 0xff, 0xbd, 0x04, 0x00, 0x00, 0x00, 0x59, 0xbe, 0x80, 
  0xfc, 0xd6, 0xff, 0x59, 0xc6, 0xfb, 0x59, 0xc6, 0xff, 0x59, 0xc6, 0xff, 
  0x59, 0xc6, 0xff, 0x59, 0xc6, 0xff, 0x59, 0xc6, 0xff, 0x59, 0xc6, 0xff, 
  0x59, 0xc6, 0xff, 0x59, 0xc6, 0xff, 0x59, 0xc6, 0xff, 0x59, 0xc6, 0xff, 
  0x59, 0xc6, 0xff, 0x59, 0xc6, 0xff, 0x59, 0xc6, 0xff, 0x59, 0xc6, 0xff, 
  0x59, 0xc6, 0xff, 0x59, 0xc6, 0xff, 0x59, 0xc6, 0xff, 0x59, 0xc6, 0xff, 
  0x59, 0xc6, 0xff, 0x59, 0xc6, 0xff, 0x59, 0xc6, 0xff, 0x59, 0xc6, 0xff, 
  0x59, 0xc6, 0xff, 0x59, 0xc6, 0xff, 0x59, 0xc6, 0xff, 0x59, 0xc6, 0xff, 
  0x59, 0xc6, 0xff, 0x59, 0xc6, 0xff, 0x59, 0xc6, 0xff, 0x59, 0xc6, 0xff, 
  0x59, 0xc6, 0xff, 0x59, 0xc6, 0xff, 0x59, 0xc6, 0xff, 0x59, 0xc6, 0xff, 
  0x59, 0xc6, 0xff, 0x59, 0xc6, 0xff, 0x59, 0xc6, 0xff, 0x59, 0xc6, 0xff, 
  0x59, 0xc6, 0xff, 0x59, 0xc6, 0xff, 0x59, 0xc6, 0xff, 0x59, 0xc6, 0xff, 
  0x59, 0xc6, 0xff, 0x59, 0xc6, 0xff, 0x59, 0xc6, 0xff, 0x59, 0xc6, 0xff, 
  0x59, 0xc6, 0xff, 0x59, 0xbe, 0xff, 0x79, 0xc6, 0xff, 0x39, 0xbe, 0xff, 
  0x56, 0x9d, 0xff, 0x15, 0x9d, 0xff, 0x35, 0x9d, 0xff, 0x35, 0x9d, 0xff, 
  0x35, 0x9d, 0xff, 0x35, 0x9d, 0xff, 0x35, 0x9d, 0xff, 0x35, 0x9d, 0xff, 
  0x35, 0x9d, 0xff, 0x35, 0x9d, 0xff, 0x35, 0x9d, 0xff, 0x35, 0x9d, 0xff, 
  0x35, 0x9d, 0xff, 0x35, 0x9d, 0xff, 0x35, 0x9d, 0xff, 0x35, 0x9d, 0xff, 
  0x35, 0x9d, 0xff, 0x35, 0x9d, 0xff, 0x35, 0x9d, 0xff, 0x35, 0x9d, 0xff, 
  0x35, 0x9d, 0xff, 0x35, 0x9d, 0xff, 0x35, 0x9d, 0xff, 0x35, 0x9d, 0xff, 
  0x15, 0x9d, 0xff, 0x15, 0x9d, 0xff, 0x15, 0x9d, 0xff, 0x15, 0x9d, 0xff, 
  0x15, 0x9d, 0xff, 0x15, 0x9d, 0xff, 0x15, 0x9d, 0xff, 0x15, 0x9d, 0xff, 
  0x15, 0x9d, 0xff, 0x15, 0x9d, 0xff, 0x15, 0x9d, 0xff, 0x15, 0x9d, 0xff, 
  0x15, 0x9d, 0xff, 0x15, 0x9d, 0xff, 0x15, 0x9d, 0xff, 0x15, 0x9d, 0xff, 
  0x15, 0x9d, 0xff, 0x15, 0x9d, 0xff, 0x15, 0x9d, 0xff, 0x15, 0x9d, 0xff, 
  0x15, 0x9d, 0xff, 0x15, 0x9d, 0xff, 0x15, 0x9d, 0xff, 0x15, 0x9d, 0xff, 
  0x15, 0x9d, 0xff, 0x15, 0x9d, 0xff, 0x15, 0x9d, 0xfb, 0xb7, 0xad, 0xff, 
  0x15, 0x9d, 0x80, 0x00, 0x00, 0x00, 0xf7, 0xbd, 0x04, 0x00, 0x00, 0x00, 
  0x00, 0x00, 0x00, 0x00, 0x00, 0x00, 0x00, 0x00, 0x00, 0x00, 0x00, 0x00, 
  0x00, 0x00, 0x00, 0x00, 0x00, 0x00, 0x00, 0x00, 0x00, 0x00, 0x00, 0x00, 
  0x00, 0x00, 0x00, 0xff, 0xbd, 0x04, 0x00, 0x00, 0x00, 0x59, 0xbe, 0x80, 
  0xfc, 0xd6, 0xff, 0x59, 0xc6, 0xfb, 0x59, 0xc6, 0xff, 0x59, 0xc6, 0xff, 
  0x59, 0xc6, 0xff, 0x59, 0xc6, 0xff, 0x59, 0xc6, 0xff, 0x59, 0xc6, 0xff, 
  0x59, 0xc6, 0xff, 0x59, 0xc6, 0xff, 0x59, 0xc6, 0xff, 0x59, 0xc6, 0xff, 
  0x59, 0xc6, 0xff, 0x59, 0xc6, 0xff, 0x59, 0xc6, 0xff, 0x59, 0xc6, 0xff, 
  0x59, 0xc6, 0xff, 0x59, 0xc6, 0xff, 0x59, 0xc6, 0xff, 0x59, 0xc6, 0xff, 
  0x59, 0xc6, 0xff, 0x59, 0xc6, 0xff, 0x59, 0xc6, 0xff, 0x59, 0xc6, 0xff, 
  0x59, 0xc6, 0xff, 0x59, 0xc6, 0xff, 0x59, 0xc6, 0xff, 0x59, 0xc6, 0xff, 
  0x59, 0xc6, 0xff, 0x59, 0xc6, 0xff, 0x59, 0xc6, 0xff, 0x59, 0xc6, 0xff, 
  0x59, 0xc6, 0xff, 0x59, 0xc6, 0xff, 0x59, 0xc6, 0xff, 0x59, 0xc6, 0xff, 
  0x59, 0xc6, 0xff, 0x59, 0xc6, 0xff, 0x59, 0xc6, 0xff, 0x59, 0xc6, 0xff, 
  0x59, 0xc6, 0xff, 0x59, 0xc6, 0xff, 0x59, 0xc6, 0xff, 0x59, 0xc6, 0xff, 
  0x59, 0xc6, 0xff, 0x59, 0xc6, 0xff, 0x59, 0xc6, 0xff, 0x59, 0xc6, 0xff, 
  0x59, 0xc6, 0xff, 0x59, 0xbe, 0xff, 0x79, 0xc6, 0xff, 0x39, 0xbe, 0xff, 
  0x35, 0x9d, 0xff, 0x15, 0x9d, 0xff, 0x35, 0x9d, 0xff, 0x35, 0x9d, 0xff, 
  0x35, 0x9d, 0xff, 0x35, 0x9d, 0xff, 0x35, 0x9d, 0xff, 0x35, 0x9d, 0xff, 
  0x35, 0x9d, 0xff, 0x35, 0x9d, 0xff, 0x15, 0x9d, 0xff, 0x15, 0x9d, 0xff, 
  0x15, 0x9d, 0xff, 0x15, 0x9d, 0xff, 0x15, 0x9d, 0xff, 0x15, 0x9d, 0xff, 
  0x15, 0x9d, 0xff, 0x15, 0x9d, 0xff, 0x15, 0x9d, 0xff, 0x15, 0x9d, 0xff, 
  0x15, 0x9d, 0xff, 0x15, 0x9d, 0xff, 0x15, 0x9d, 0xff, 0x15, 0x9d, 0xff, 
  0x15, 0x9d, 0xff, 0x15, 0x9d, 0xff, 0x15, 0x9d, 0xff, 0x15, 0x9d, 0xff, 
  0x15, 0x9d, 0xff, 0x15, 0x9d, 0xff, 0x15, 0x9d, 0xff, 0x15, 0x9d, 0xff, 
  0x15, 0x9d, 0xff, 0x15, 0x9d, 0xff, 0x15, 0x9d, 0xff, 0x15, 0x9d, 0xff, 
  0x15, 0x9d, 0xff, 0x15, 0x9d, 0xff, 0x15, 0x9d, 0xff, 0x15, 0x9d, 0xff, 
  0x15, 0x9d, 0xff, 0x15, 0x9d, 0xff, 0x15, 0x9d, 0xff, 0x15, 0x9d, 0xff, 
  0x15, 0x9d, 0xff, 0x15, 0x9d, 0xff, 0x15, 0x9d, 0xff, 0x15, 0x9d, 0xff, 
  0x15, 0x9d, 0xff, 0x15, 0x9d, 0xff, 0x15, 0x9d, 0xfb, 0xb7, 0xad, 0xff, 
  0x15, 0x9d, 0x80, 0x00, 0x00, 0x00, 0xf7, 0xbd, 0x04, 0x00, 0x00, 0x00, 
  0x00, 0x00, 0x00, 0x00, 0x00, 0x00, 0x00, 0x00, 0x00, 0x00, 0x00, 0x00, 
  0x00, 0x00, 0x00, 0x00, 0x00, 0x00, 0x00, 0x00, 0x00, 0x00, 0x00, 0x00, 
  0x00, 0x00, 0x00, 0xff, 0xbd, 0x04, 0x00, 0x00, 0x00, 0x59, 0xbe, 0x80, 
  0xfc, 0xd6, 0xff, 0x59, 0xc6, 0xfb, 0x59, 0xc6, 0xff, 0x59, 0xc6, 0xff, 
  0x59, 0xc6, 0xff, 0x59, 0xc6, 0xff, 0x59, 0xc6, 0xff, 0x59, 0xc6, 0xff, 
  0x59, 0xc6, 0xff, 0x59, 0xc6, 0xff, 0x59, 0xc6, 0xff, 0x59, 0xc6, 0xff, 
  0x59, 0xc6, 0xff, 0x59, 0xc6, 0xff, 0x59, 0xc6, 0xff, 0x59, 0xc6, 0xff, 
  0x59, 0xc6, 0xff, 0x59, 0xc6, 0xff, 0x59, 0xc6, 0xff, 0x59, 0xc6, 0xff, 
  0x59, 0xc6, 0xff, 0x59, 0xc6, 0xff, 0x59, 0xc6, 0xff, 0x59, 0xc6, 0xff, 
  0x59, 0xc6, 0xff, 0x59, 0xc6, 0xff, 0x59, 0xc6, 0xff, 0x59, 0xc6, 0xff, 
  0x59, 0xc6, 0xff, 0x59, 0xc6, 0xff, 0x59, 0xc6, 0xff, 0x59, 0xc6, 0xff, 
  0x59, 0xc6, 0xff, 0x59, 0xc6, 0xff, 0x59, 0xc6, 0xff, 0x59, 0xc6, 0xff, 
  0x59, 0xc6, 0xff, 0x59, 0xc6, 0xff, 0x59, 0xc6, 0xff, 0x59, 0xc6, 0xff, 
  0x59, 0xc6, 0xff, 0x59, 0xc6, 0xff, 0x59, 0xc6, 0xff, 0x59, 0xc6, 0xff, 
  0x59, 0xc6, 0xff, 0x59, 0xc6, 0xff, 0x59, 0xc6, 0xff, 0x59, 0xc6, 0xff, 
  0x59, 0xc6, 0xff, 0x59, 0xbe, 0xff, 0x79, 0xc6, 0xff, 0x39, 0xbe, 0xff, 
  0x35, 0x9d, 0xff, 0x15, 0x9d, 0xff, 0x35, 0x9d, 0xff, 0x35, 0x9d, 0xff, 
  0x35, 0x9d, 0xff, 0x35, 0x9d, 0xff, 0x15, 0x9d, 0xff, 0x15, 0x9d, 0xff, 
  0x15, 0x9d, 0xff, 0x35, 0x9d, 0xff, 0x56, 0xa5, 0xff, 0x56, 0xa5, 0xff, 
  0x56, 0xa5, 0xff, 0x56, 0xa5, 0xff, 0x56, 0xa5, 0xff, 0x56, 0xa5, 0xff, 
  0x56, 0xa5, 0xff, 0x56, 0xa5, 0xff, 0x56, 0xa5, 0xff, 0x56, 0xa5, 0xff, 
  0x56, 0xa5, 0xff, 0x56, 0xa5, 0xff, 0x56, 0xa5, 0xff, 0x56, 0xa5, 0xff, 
  0x56, 0xa5, 0xff, 0x56, 0xa5, 0xff, 0x56, 0xa5, 0xff, 0x56, 0xa5, 0xff, 
  0x56, 0xa5, 0xff, 0x56, 0xa5, 0xff, 0x56, 0xa5, 0xff, 0x56, 0xa5, 0xff, 
  0x56, 0xa5, 0xff, 0x56, 0xa5, 0xff, 0x56, 0xa5, 0xff, 0x56, 0xa5, 0xff, 
  0x56, 0xa5, 0xff, 0x56, 0xa5, 0xff, 0x56, 0xa5, 0xff, 0x56, 0xa5, 0xff, 
  0x56, 0xa5, 0xff, 0x56, 0xa5, 0xff, 0x35, 0x9d, 0xff, 0x15, 0x9d, 0xff, 
  0x15, 0x9d, 0xff, 0x15, 0x9d, 0xff, 0x15, 0x9d, 0xff, 0x15, 0x9d, 0xff, 
  0x15, 0x9d, 0xff, 0x15, 0x9d, 0xff, 0x15, 0x9d, 0xfb, 0x97, 0xad, 0xff, 
  0x15, 0x9d, 0x80, 0x00, 0x00, 0x00, 0xf7, 0xbd, 0x04, 0x00, 0x00, 0x00, 
  0x00, 0x00, 0x00, 0x00, 0x00, 0x00, 0x00, 0x00, 0x00, 0x00, 0x00, 0x00, 
  0x00, 0x00, 0x00, 0x00, 0x00, 0x00, 0x00, 0x00, 0x00, 0x00, 0x00, 0x00, 
  0x00, 0x00, 0x00, 0xff, 0xbd, 0x04, 0x00, 0x00, 0x00, 0x59, 0xbe, 0x80, 
  0xfc, 0xd6, 0xff, 0x59, 0xc6, 0xfb, 0x59, 0xc6, 0xff, 0x59, 0xc6, 0xff, 
  0x59, 0xc6, 0xff, 0x59, 0xc6, 0xff, 0x59, 0xc6, 0xff, 0x59, 0xc6, 0xff, 
  0x59, 0xc6, 0xff, 0x59, 0xc6, 0xff, 0x59, 0xc6, 0xff, 0x59, 0xc6, 0xff, 
  0x59, 0xc6, 0xff, 0x59, 0xc6, 0xff, 0x59, 0xc6, 0xff, 0x59, 0xc6, 0xff, 
  0x59, 0xc6, 0xff, 0x59, 0xc6, 0xff, 0x59, 0xc6, 0xff, 0x59, 0xc6, 0xff, 
  0x59, 0xc6, 0xff, 0x59, 0xc6, 0xff, 0x59, 0xc6, 0xff, 0x59, 0xc6, 0xff, 
  0x59, 0xc6, 0xff, 0x59, 0xc6, 0xff, 0x59, 0xc6, 0xff, 0x59, 0xc6, 0xff, 
  0x59, 0xc6, 0xff, 0x59, 0xc6, 0xff, 0x59, 0xc6, 0xff, 0x59, 0xc6, 0xff, 
  0x59, 0xc6, 0xff, 0x59, 0xc6, 0xff, 0x59, 0xc6, 0xff, 0x59, 0xc6, 0xff, 
  0x59, 0xc6, 0xff, 0x59, 0xc6, 0xff, 0x59, 0xc6, 0xff, 0x59, 0xc6, 0xff, 
  0x59, 0xc6, 0xff, 0x59, 0xc6, 0xff, 0x59, 0xc6, 0xff, 0x59, 0xc6, 0xff, 
  0x59, 0xc6, 0xff, 0x59, 0xc6, 0xff, 0x59, 0xc6, 0xff, 0x59, 0xc6, 0xff, 
  0x59, 0xc6, 0xff, 0x59, 0xbe, 0xff, 0x79, 0xc6, 0xff, 0x39, 0xbe, 0xff, 
  0x35, 0x9d, 0xff, 0x15, 0x9d, 0xff, 0x35, 0x9d, 0xff, 0x15, 0x9d, 0xff, 
  0x15, 0x9d, 0xff, 0x15, 0x9d, 0xff, 0x15, 0x9d, 0xff, 0x15, 0x9d, 0xff, 
  0x35, 0x9d, 0xff, 0x15, 0x9d, 0xff, 0x73, 0x84, 0xff, 0x31, 0x7c, 0xff, 
  0x31, 0x7c, 0xff, 0x31, 0x7c, 0xff, 0x31, 0x7c, 0xff, 0x31, 0x7c, 0xff, 
  0x31, 0x7c, 0xff, 0x31, 0x7c, 0xff, 0x31, 0x7c, 0xff, 0x31, 0x7c, 0xff, 
  0x31, 0x7c, 0xff, 0x31, 0x7c, 0xff, 0x31, 0x7c, 0xff, 0x31, 0x7c, 0xff, 
  0x31, 0x7c, 0xff, 0x31, 0x7c, 0xff, 0x31, 0x7c, 0xff, 0x31, 0x7c, 0xff, 
  0x31, 0x7c, 0xff, 0x31, 0x7c, 0xff, 0x31, 0x7c, 0xff, 0x32, 0x7c, 0xff, 
  0x31, 0x7c, 0xff, 0x31, 0x7c, 0xff, 0x31, 0x7c, 0xff, 0x31, 0x7c, 0xff, 
  0x11, 0x7c, 0xff, 0x11, 0x7c, 0xff, 0x11, 0x74, 0xff, 0xf1, 0x73, 0xff, 
  0xf1, 0x73, 0xff, 0x11, 0x7c, 0xff, 0xb3, 0x8c, 0xff, 0x35, 0x9d, 0xff, 
  0x15, 0x9d, 0xff, 0x15, 0x9d, 0xff, 0x15, 0x9d, 0xff, 0x15, 0x9d, 0xff, 
  0x15, 0x9d, 0xff, 0x15, 0x9d, 0xff, 0x15, 0x9d, 0xfb, 0x97, 0xad, 0xff, 
  0x15, 0x9d, 0x80, 0x00, 0x00, 0x00, 0xf7, 0xbd, 0x04, 0x00, 0x00, 0x00, 
  0x00, 0x00, 0x00, 0x00, 0x00, 0x00, 0x00, 0x00, 0x00, 0x00, 0x00, 0x00, 
  0x00, 0x00, 0x00, 0x00, 0x00, 0x00, 0x00, 0x00, 0x00, 0x00, 0x00, 0x00, 
  0x00, 0x00, 0x00, 0xff, 0xbd, 0x04, 0x00, 0x00, 0x00, 0x59, 0xbe, 0x80, 
  0xfc, 0xd6, 0xff, 0x59, 0xc6, 0xfb, 0x59, 0xc6, 0xff, 0x59, 0xc6, 0xff, 
  0x59, 0xc6, 0xff, 0x59, 0xc6, 0xff, 0x59, 0xc6, 0xff, 0x59, 0xc6, 0xff, 
  0x59, 0xc6, 0xff, 0x59, 0xc6, 0xff, 0x59, 0xc6, 0xff, 0x59, 0xc6, 0xff, 
  0x59, 0xc6, 0xff, 0x59, 0xc6, 0xff, 0x59, 0xc6, 0xff, 0x59, 0xc6, 0xff, 
  0x59, 0xc6, 0xff, 0x59, 0xc6, 0xff, 0x59, 0xc6, 0xff, 0x59, 0xc6, 0xff, 
  0x59, 0xc6, 0xff, 0x59, 0xc6, 0xff, 0x59, 0xc6, 0xff, 0x59, 0xc6, 0xff, 
  0x59, 0xc6, 0xff, 0x59, 0xc6, 0xff, 0x59, 0xc6, 0xff, 0x59, 0xc6, 0xff, 
  0x59, 0xc6, 0xff, 0x59, 0xc6, 0xff, 0x59, 0xc6, 0xff, 0x59, 0xc6, 0xff, 
  0x59, 0xc6, 0xff, 0x59, 0xc6, 0xff, 0x59, 0xc6, 0xff, 0x59, 0xc6, 0xff, 
  0x59, 0xc6, 0xff, 0x59, 0xc6, 0xff, 0x59, 0xc6, 0xff, 0x59, 0xc6, 0xff, 
  0x59, 0xc6, 0xff, 0x59, 0xc6, 0xff, 0x59, 0xc6, 0xff, 0x59, 0xc6, 0xff, 
  0x59, 0xc6, 0xff, 0x59, 0xc6, 0xff, 0x59, 0xc6, 0xff, 0x59, 0xc6, 0xff, 
  0x59, 0xc6, 0xff, 0x59, 0xbe, 0xff, 0x79, 0xc6, 0xff, 0x39, 0xbe, 0xff, 
  0x35, 0x9d, 0xff, 0x15, 0x9d, 0xff, 0x35, 0x9d, 0xff, 0x15, 0x9d, 0xff, 
  0x15, 0x9d, 0xff, 0x15, 0x9d, 0xff, 0x15, 0x9d, 0xff, 0x15, 0x9d, 0xff, 
  0x35, 0x9d, 0xff, 0xf5, 0x94, 0xff, 0x8f, 0x63, 0xff, 0xec, 0x52, 0xff, 
  0x0d, 0x53, 0xff, 0x0d, 0x53, 0xff, 0x0d, 0x53, 0xff, 0x0d, 0x53, 0xff, 
  0x0d, 0x53, 0xff, 0x0d, 0x53, 0xff, 0x0d, 0x53, 0xff, 0x0d, 0x53, 0xff, 
  0x0d, 0x53, 0xff, 0x0d, 0x53, 0xff, 0x0d, 0x53, 0xff, 0x0d, 0x53, 0xff, 
  0x0d, 0x53, 0xff, 0x2d, 0x53, 0xff, 0x2d, 0x53, 0xff, 0x2d, 0x53, 0xff, 
  0x2d, 0x53, 0xff, 0x2d, 0x53, 0xff, 0x2d, 0x5b, 0xff, 0x2d, 0x5b, 0xff, 
  0x2d, 0x53, 0xff, 0x0d, 0x53, 0xff, 0x0d, 0x53, 0xff, 0xec, 0x52, 0xff, 
  0xec, 0x52, 0xff, 0xcc, 0x4a, 0xff, 0xcc, 0x4a, 0xff, 0xac, 0x4a, 0xff, 
  0xab, 0x42, 0xff, 0xab, 0x4a, 0xff, 0x11, 0x7c, 0xff, 0x56, 0xa5, 0xff, 
  0x15, 0x9d, 0xff, 0x15, 0x9d, 0xff, 0x15, 0x9d, 0xff, 0x15, 0x9d, 0xff, 
  0x15, 0x9d, 0xff, 0x15, 0x9d, 0xff, 0x15, 0x9d, 0xfb, 0x97, 0xad, 0xff, 
  0x15, 0x9d, 0x80, 0x00, 0x00, 0x00, 0xf7, 0xbd, 0x04, 0x00, 0x00, 0x00, 
  0x00, 0x00, 0x00, 0x00, 0x00, 0x00, 0x00, 0x00, 0x00, 0x00, 0x00, 0x00, 
  0x00, 0x00, 0x00, 0x00, 0x00, 0x00, 0x00, 0x00, 0x00, 0x00, 0x00, 0x00, 
  0x00, 0x00, 0x00, 0xff, 0xbd, 0x04, 0x00, 0x00, 0x00, 0x59, 0xbe, 0x80, 
  0xfc, 0xd6, 0xff, 0x59, 0xc6, 0xfb, 0x59, 0xc6, 0xff, 0x59, 0xc6, 0xff, 
  0x59, 0xc6, 0xff, 0x59, 0xc6, 0xff, 0x59, 0xc6, 0xff, 0x59, 0xc6, 0xff, 
  0x59, 0xc6, 0xff, 0x59, 0xc6, 0xff, 0x59, 0xc6, 0xff, 0x59, 0xc6, 0xff, 
  0x59, 0xc6, 0xff, 0x59, 0xc6, 0xff, 0x59, 0xc6, 0xff, 0x59, 0xc6, 0xff, 
  0x59, 0xc6, 0xff, 0x59, 0xc6, 0xff, 0x59, 0xc6, 0xff, 0x59, 0xc6, 0xff, 
  0x59, 0xc6, 0xff, 0x59, 0xc6, 0xff, 0x59, 0xc6, 0xff, 0x59, 0xc6, 0xff, 
  0x59, 0xc6, 0xff, 0x59, 0xc6, 0xff, 0x59, 0xc6, 0xff, 0x59, 0xc6, 0xff, 
  0x59, 0xc6, 0xff, 0x59, 0xc6, 0xff, 0x59, 0xc6, 0xff, 0x59, 0xc6, 0xff, 
  0x59, 0xc6, 0xff, 0x59, 0xc6, 0xff, 0x59, 0xc6, 0xff, 0x59, 0xc6, 0xff, 
  0x59, 0xc6, 0xff, 0x59, 0xc6, 0xff, 0x59, 0xc6, 0xff, 0x59, 0xc6, 0xff, 
  0x59, 0xc6, 0xff, 0x59, 0xc6, 0xff, 0x59, 0xc6, 0xff, 0x59, 0xc6, 0xff, 
  0x59, 0xc6, 0xff, 0x59, 0xc6, 0xff, 0x59, 0xc6, 0xff, 0x59, 0xc6, 0xff, 
  0x59, 0xc6, 0xff, 0x59, 0xbe, 0xff, 0x79, 0xc6, 0xff, 0x39, 0xbe, 0xff, 
  0x35, 0x9d, 0xff, 0x15, 0x9d, 0xff, 0x35, 0x9d, 0xff, 0x15, 0x9d, 0xff, 
  0x15, 0x9d, 0xff, 0x15, 0x9d, 0xff, 0x15, 0x9d, 0xff, 0x15, 0x9d, 0xff, 
  0x35, 0x9d, 0xff, 0xf4, 0x94, 0xff, 0x4e, 0x5b, 0xff, 0x0d, 0x53, 0xff, 
  0x4e, 0x5b, 0xff, 0x4e, 0x5b, 0xff, 0x4e, 0x5b, 0xff, 0x4e, 0x5b, 0xff, 
  0x4e, 0x5b, 0xff, 0x4e, 0x5b, 0xff, 0x4e, 0x5b, 0xff, 0x4e, 0x5b, 0xff, 
  0x4e, 0x5b, 0xff, 0x4e, 0x5b, 0xff, 0x4e, 0x5b, 0xff, 0x4e, 0x5b, 0xff, 
  0x4e, 0x5b, 0xff, 0x4e, 0x5b, 0xff, 0x4e, 0x5b, 0xff, 0x4e, 0x5b, 0xff, 
  0x4e, 0x5b, 0xff, 0x4e, 0x5b, 0xff, 0x6e, 0x63, 0xff, 0x6e, 0x63, 0xff, 
  0x4e, 0x5b, 0xff, 0x4e, 0x5b, 0xff, 0x4e, 0x5b, 0xff, 0x2d, 0x5b, 0xff, 
  0x2d, 0x5b, 0xff, 0x0d, 0x53, 0xff, 0x0d, 0x53, 0xff, 0xed, 0x52, 0xff, 
  0xed, 0x52, 0xff, 0x8b, 0x42, 0xff, 0xf0, 0x73, 0xff, 0x56, 0xa5, 0xff, 
  0x15, 0x9d, 0xff, 0x15, 0x9d, 0xff, 0x15, 0x9d, 0xff, 0x15, 0x9d, 0xff, 
  0x15, 0x9d, 0xff, 0x15, 0x9d, 0xff, 0xf5, 0x94, 0xfb, 0x97, 0xad, 0xff, 
  0xf5, 0x94, 0x80, 0x00, 0x00, 0x00, 0xf7, 0xbd, 0x04, 0x00, 0x00, 0x00, 
  0x00, 0x00, 0x00, 0x00, 0x00, 0x00, 0x00, 0x00, 0x00, 0x00, 0x00, 0x00, 
  0x00, 0x00, 0x00, 0x00, 0x00, 0x00, 0x00, 0x00, 0x00, 0x00, 0x00, 0x00, 
  0x00, 0x00, 0x00, 0xff, 0xbd, 0x04, 0x00, 0x00, 0x00, 0x59, 0xbe, 0x80, 
  0xfc, 0xd6, 0xff, 0x59, 0xc6, 0xfb, 0x59, 0xc6, 0xff, 0x59, 0xc6, 0xff, 
  0x59, 0xc6, 0xff, 0x59, 0xc6, 0xff, 0x59, 0xc6, 0xff, 0x59, 0xc6, 0xff, 
  0x59, 0xc6, 0xff, 0x59, 0xc6, 0xff, 0x59, 0xc6, 0xff, 0x59, 0xc6, 0xff, 
  0x59, 0xc6, 0xff, 0x59, 0xc6, 0xff, 0x59, 0xc6, 0xff, 0x59, 0xc6, 0xff, 
  0x59, 0xc6, 0xff, 0x59, 0xc6, 0xff, 0x59, 0xc6, 0xff, 0x59, 0xc6, 0xff, 
  0x59, 0xc6, 0xff, 0x59, 0xc6, 0xff, 0x59, 0xc6, 0xff, 0x59, 0xc6, 0xff, 
  0x59, 0xc6, 0xff, 0x59, 0xc6, 0xff, 0x59, 0xc6, 0xff, 0x59, 0xc6, 0xff, 
  0x59, 0xc6, 0xff, 0x59, 0xc6, 0xff, 0x59, 0xc6, 0xff, 0x59, 0xc6, 0xff, 
  0x59, 0xc6, 0xff, 0x59, 0xc6, 0xff, 0x59, 0xc6, 0xff, 0x59, 0xc6, 0xff, 
  0x59, 0xc6, 0xff, 0x59, 0xc6, 0xff, 0x59, 0xc6, 0xff, 0x59, 0xc6, 0xff, 
  0x59, 0xc6, 0xff, 0x59, 0xc6, 0xff, 0x59, 0xc6, 0xff, 0x59, 0xc6, 0xff, 
  0x59, 0xc6, 0xff, 0x59, 0xc6, 0xff, 0x59, 0xc6, 0xff, 0x59, 0xc6, 0xff, 
  0x59, 0xc6, 0xff, 0x59, 0xbe, 0xff, 0x79, 0xc6, 0xff, 0x39, 0xbe, 0xff, 
  0x35, 0x9d, 0xff, 0xf5, 0x94, 0xff, 0x15, 0x9d, 0xff, 0x15, 0x9d, 0xff, 
  0x15, 0x9d, 0xff, 0x15, 0x9d, 0xff, 0x15, 0x9d, 0xff, 0x15, 0x9d, 0xff, 
  0x35, 0x9d, 0xff, 0xf4, 0x94, 0xff, 0x4e, 0x5b, 0xff, 0x0d, 0x53, 0xff, 
  0x4e, 0x5b, 0xff, 0x2e, 0x5b, 0xff, 0x2e, 0x5b, 0xff, 0x2e, 0x5b, 0xff, 
  0x4e, 0x5b, 0xff, 0x4e, 0x5b, 0xff, 0x4e, 0x5b, 0xff, 0x4e, 0x5b, 0xff, 
  0x4e, 0x5b, 0xff, 0x4e, 0x5b, 0xff, 0x4e, 0x5b, 0xff, 0x4e, 0x5b, 0xff, 
  0x4e, 0x5b, 0xff, 0x4e, 0x5b, 0xff, 0x4e, 0x5b, 0xff, 0x4e, 0x5b, 0xff, 
  0x4e, 0x5b, 0xff, 0x4e, 0x5b, 0xff, 0x4e, 0x5b, 0xff, 0x4e, 0x5b, 0xff, 
  0x4e, 0x5b, 0xff, 0x4e, 0x5b, 0xff, 0x2e, 0x5b, 0xff, 0x2d, 0x5b, 0xff, 
  0x2d, 0x53, 0xff, 0x0d, 0x53, 0xff, 0x0d, 0x53, 0xff, 0xed, 0x52, 0xff, 
  0xec, 0x52, 0xff, 0x8b, 0x42, 0xff, 0xf0, 0x73, 0xff, 0x56, 0xa5, 0xff, 
  0xf5, 0x94, 0xff, 0x15, 0x9d, 0xff, 0x15, 0x9d, 0xff, 0x15, 0x9d, 0xff, 
  0x15, 0x9d, 0xff, 0x15, 0x9d, 0xff, 0xf5, 0x94, 0xfb, 0x97, 0xad, 0xff, 
  0xf5, 0x94, 0x80, 0x00, 0x00, 0x00, 0xf7, 0xbd, 0x04, 0x00, 0x00, 0x00, 
  0x00, 0x00, 0x00, 0x00, 0x00, 0x00, 0x00, 0x00, 0x00, 0x00, 0x00, 0x00, 
  0x00, 0x00, 0x00, 0x00, 0x00, 0x00, 0x00, 0x00, 0x00, 0x00, 0x00, 0x00, 
  0x00, 0x00, 0x00, 0xff, 0xbd, 0x04, 0x00, 0x00, 0x00, 0x59, 0xbe, 0x80, 
  0xfc, 0xd6, 0xff, 0x59, 0xc6, 0xfb, 0x59, 0xc6, 0xff, 0x59, 0xc6, 0xff, 
  0x59, 0xc6, 0xff, 0x59, 0xc6, 0xff, 0x59, 0xc6, 0xff, 0x59, 0xc6, 0xff, 
  0x59, 0xc6, 0xff, 0x59, 0xc6, 0xff, 0x59, 0xc6, 0xff, 0x59, 0xc6, 0xff, 
  0x59, 0xc6, 0xff, 0x59, 0xc6, 0xff, 0x59, 0xc6, 0xff, 0x59, 0xc6, 0xff, 
  0x59, 0xc6, 0xff, 0x59, 0xc6, 0xff, 0x59, 0xc6, 0xff, 0x59, 0xc6, 0xff, 
  0x59, 0xc6, 0xff, 0x59, 0xc6, 0xff, 0x59, 0xc6, 0xff, 0x59, 0xc6, 0xff, 
  0x59, 0xc6, 0xff, 0x59, 0xc6, 0xff, 0x59, 0xc6, 0xff, 0x59, 0xc6, 0xff, 
  0x59, 0xc6, 0xff, 0x59, 0xc6, 0xff, 0x59, 0xc6, 0xff, 0x59, 0xc6, 0xff, 
  0x59, 0xc6, 0xff, 0x59, 0xc6, 0xff, 0x59, 0xc6, 0xff, 0x59, 0xc6, 0xff, 
  0x59, 0xc6, 0xff, 0x59, 0xc6, 0xff, 0x59, 0xc6, 0xff, 0x59, 0xc6, 0xff, 
  0x59, 0xc6, 0xff, 0x59, 0xc6, 0xff, 0x59, 0xc6, 0xff, 0x59, 0xc6, 0xff, 
  0x59, 0xc6, 0xff, 0x59, 0xc6, 0xff, 0x59, 0xc6, 0xff, 0x59, 0xc6, 0xff, 
  0x59, 0xc6, 0xff, 0x59, 0xbe, 0xff, 0x79, 0xc6, 0xff, 0x39, 0xbe, 0xff, 
  0x35, 0x9d, 0xff, 0xf5, 0x94, 0xff, 0x15, 0x9d, 0xff, 0x15, 0x9d, 0xff, 
  0x15, 0x9d, 0xff, 0x15, 0x9d, 0xff, 0x15, 0x9d, 0xff, 0x15, 0x9d, 0xff, 
  0x35, 0x9d, 0xff, 0xf4, 0x94, 0xff, 0x4e, 0x63, 0xff, 0x0d, 0x53, 0xff, 
  0x4e, 0x5b, 0xff, 0x2e, 0x5b, 0xff, 0x2e, 0x5b, 0xff, 0x2e, 0x5b, 0xff, 
  0x4e, 0x5b, 0xff, 0x4e, 0x5b, 0xff, 0x4e, 0x5b, 0xff, 0x4e, 0x5b, 0xff, 
  0x4e, 0x5b, 0xff, 0x4e, 0x5b, 0xff, 0x4e, 0x5b, 0xff, 0x4e, 0x5b, 0xff, 
  0x4e, 0x5b, 0xff, 0x4e, 0x5b, 0xff, 0x4e, 0x5b, 0xff, 0x4e, 0x5b, 0xff, 
  0x4e, 0x5b, 0xff, 0x4e, 0x5b, 0xff, 0x4e, 0x5b, 0xff, 0x4e, 0x5b, 0xff, 
  0x4e, 0x5b, 0xff, 0x4e, 0x5b, 0xff, 0x2e, 0x5b, 0xff, 0x2d, 0x5b, 0xff, 
  0x2d, 0x53, 0xff, 0x0d, 0x53, 0xff, 0x0d, 0x53, 0xff, 0xed, 0x52, 0xff, 
  0xec, 0x52, 0xff, 0xab, 0x42, 0xff, 0xf0, 0x73, 0xff, 0x56, 0xa5, 0xff, 
  0xf5, 0x94, 0xff, 0x15, 0x9d, 0xff, 0x15, 0x9d, 0xff, 0x15, 0x9d, 0xff, 
  0x15, 0x9d, 0xff, 0x15, 0x9d, 0xff, 0xf4, 0x94, 0xfb, 0x97, 0xad, 0xff, 
  0xf4, 0x94, 0x80, 0x00, 0x00, 0x00, 0xf7, 0xbd, 0x04, 0x00, 0x00, 0x00, 
  0x00, 0x00, 0x00, 0x00, 0x00, 0x00, 0x00, 0x00, 0x00, 0x00, 0x00, 0x00, 
  0x00, 0x00, 0x00, 0x00, 0x00, 0x00, 0x00, 0x00, 0x00, 0x00, 0x00, 0x00, 
  0x00, 0x00, 0x00, 0xff, 0xbd, 0x04, 0x00, 0x00, 0x00, 0x59, 0xbe, 0x80, 
  0xfc, 0xd6, 0xff, 0x59, 0xc6, 0xfb, 0x59, 0xc6, 0xff, 0x59, 0xc6, 0xff, 
  0x59, 0xc6, 0xff, 0x59, 0xc6, 0xff, 0x59, 0xc6, 0xff, 0x59, 0xc6, 0xff, 
  0x59, 0xc6, 0xff, 0x59, 0xc6, 0xff, 0x59, 0xc6, 0xff, 0x59, 0xc6, 0xff, 
  0x59, 0xc6, 0xff, 0x59, 0xc6, 0xff, 0x59, 0xc6, 0xff, 0x59, 0xc6, 0xff, 
  0x59, 0xc6, 0xff, 0x59, 0xc6, 0xff, 0x59, 0xc6, 0xff, 0x59, 0xc6, 0xff, 
  0x59, 0xc6, 0xff, 0x59, 0xc6, 0xff, 0x59, 0xc6, 0xff, 0x59, 0xc6, 0xff, 
  0x59, 0xc6, 0xff, 0x59, 0xc6, 0xff, 0x59, 0xc6, 0xff, 0x59, 0xc6, 0xff, 
  0x59, 0xc6, 0xff, 0x59, 0xc6, 0xff, 0x59, 0xc6, 0xff, 0x59, 0xc6, 0xff, 
  0x59, 0xc6, 0xff, 0x59, 0xc6, 0xff, 0x59, 0xc6, 0xff, 0x59, 0xc6, 0xff, 
  0x59, 0xc6, 0xff, 0x59, 0xc6, 0xff, 0x59, 0xc6, 0xff, 0x59, 0xc6, 0xff, 
  0x59, 0xc6, 0xff, 0x59, 0xc6, 0xff, 0x59, 0xc6, 0xff, 0x59, 0xc6, 0xff, 
  0x59, 0xc6, 0xff, 0x59, 0xc6, 0xff, 0x59, 0xc6, 0xff, 0x59, 0xc6, 0xff, 
  0x59, 0xc6, 0xff, 0x59, 0xbe, 0xff, 0x79, 0xc6, 0xff, 0x39, 0xbe, 0xff, 
  0x35, 0x9d, 0xff, 0xf5, 0x94, 0xff, 0x15, 0x9d, 0xff, 0x15, 0x9d, 0xff, 
  0x15, 0x9d, 0xff, 0x15, 0x9d, 0xff, 0x15, 0x9d, 0xff, 0x15, 0x95, 0xff, 
  0x35, 0x9d, 0xff, 0xf4, 0x94, 0xff, 0x4e, 0x5b, 0xff, 0x0d, 0x53, 0xff, 
  0x4e, 0x5b, 0xff, 0x4e, 0x5b, 0xff, 0x4e, 0x5b, 0xff, 0x4e, 0x5b, 0xff, 
  0x4e, 0x5b, 0xff, 0x4e, 0x5b, 0xff, 0x4e, 0x5b, 0xff, 0x4e, 0x5b, 0xff, 
  0x4e, 0x5b, 0xff, 0x4e, 0x5b, 0xff, 0x4e, 0x5b, 0xff, 0x4e, 0x5b, 0xff, 
  0x4e, 0x5b, 0xff, 0x4e, 0x5b, 0xff, 0x4e, 0x5b, 0xff, 0x4e, 0x5b, 0xff, 
  0x4e, 0x5b, 0xff, 0x4e, 0x5b, 0xff, 0x6e, 0x63, 0xff, 0x6e, 0x63, 0xff, 
  0x4e, 0x5b, 0xff, 0x4e, 0x5b, 0xff, 0x4e, 0x5b, 0xff, 0x2d, 0x5b, 0xff, 
  0x2d, 0x5b, 0xff, 0x0d, 0x53, 0xff, 0x0d, 0x53, 0xff, 0x0d, 0x53, 0xff, 
  0xed, 0x52, 0xff, 0x8b, 0x42, 0xff, 0xf0, 0x73, 0xff, 0x56, 0xa5, 0xff, 
  0xf5, 0x94, 0xff, 0x15, 0x9d, 0xff, 0x15, 0x9d, 0xff, 0x15, 0x9d, 0xff, 
  0x15, 0x9d, 0xff, 0x15, 0x9d, 0xff, 0xf4, 0x94, 0xfb, 0x97, 0xad, 0xff, 
  0xf4, 0x94, 0x80, 0x00, 0x00, 0x00, 0xf7, 0xbd, 0x04, 0x00, 0x00, 0x00, 
  0x00, 0x00, 0x00, 0x00, 0x00, 0x00, 0x00, 0x00, 0x00, 0x00, 0x00, 0x00, 
  0x00, 0x00, 0x00, 0x00, 0x00, 0x00, 0x00, 0x00, 0x00, 0x00, 0x00, 0x00, 
  0x00, 0x00, 0x00, 0xff, 0xbd, 0x04, 0x00, 0x00, 0x00, 0x59, 0xbe, 0x80, 
  0xfc, 0xd6, 0xff, 0x59, 0xc6, 0xfb, 0x59, 0xc6, 0xff, 0x59, 0xc6, 0xff, 
  0x59, 0xc6, 0xff, 0x59, 0xc6, 0xff, 0x59, 0xc6, 0xff, 0x59, 0xc6, 0xff, 
  0x59, 0xc6, 0xff, 0x59, 0xc6, 0xff, 0x59, 0xc6, 0xff, 0x59, 0xc6, 0xff, 
  0x59, 0xc6, 0xff, 0x59, 0xc6, 0xff, 0x59, 0xc6, 0xff, 0x59, 0xc6, 0xff, 
  0x59, 0xc6, 0xff, 0x59, 0xc6, 0xff, 0x59, 0xc6, 0xff, 0x59, 0xc6, 0xff, 
  0x59, 0xc6, 0xff, 0x59, 0xc6, 0xff, 0x59, 0xc6, 0xff, 0x59, 0xc6, 0xff, 
  0x59, 0xc6, 0xff, 0x59, 0xc6, 0xff, 0x59, 0xc6, 0xff, 0x59, 0xc6, 0xff, 
  0x59, 0xc6, 0xff, 0x59, 0xc6, 0xff, 0x59, 0xc6, 0xff, 0x59, 0xc6, 0xff, 
  0x59, 0xc6, 0xff, 0x59, 0xc6, 0xff, 0x59, 0xc6, 0xff, 0x59, 0xc6, 0xff, 
  0x59, 0xc6, 0xff, 0x59, 0xc6, 0xff, 0x59, 0xc6, 0xff, 0x59, 0xc6, 0xff, 
  0x59, 0xc6, 0xff, 0x59, 0xc6, 0xff, 0x59, 0xc6, 0xff, 0x59, 0xc6, 0xff, 
  0x59, 0xc6, 0xff, 0x59, 0xc6, 0xff, 0x59, 0xc6, 0xff, 0x59, 0xc6, 0xff, 
  0x59, 0xc6, 0xff, 0x59, 0xbe, 0xff, 0x79, 0xc6, 0xff, 0x39, 0xbe, 0xff, 
  0x35, 0x9d, 0xff, 0xf5, 0x94, 0xff, 0x15, 0x9d, 0xff, 0x15, 0x9d, 0xff, 
  0x15, 0x9d, 0xff, 0x15, 0x9d, 0xff, 0x15, 0x9d, 0xff, 0x15, 0x95, 0xff, 
  0x35, 0x9d, 0xff, 0xf4, 0x94, 0xff, 0x4e, 0x63, 0xff, 0xed, 0x52, 0xff, 
  0x0d, 0x53, 0xff, 0x0d, 0x53, 0xff, 0x0d, 0x53, 0xff, 0x0d, 0x53, 0xff, 
  0x2d, 0x5b, 0xff, 0x2d, 0x5b, 0xff, 0x2d, 0x5b, 0xff, 0x2d, 0x5b, 0xff, 
  0x2d, 0x5b, 0xff, 0x2d, 0x5b, 0xff, 0x2d, 0x5b, 0xff, 0x2d, 0x5b, 0xff, 
  0x2d, 0x5b, 0xff, 0x2d, 0x5b, 0xff, 0x2d, 0x5b, 0xff, 0x2d, 0x5b, 0xff, 
  0x2d, 0x5b, 0xff, 0x2d, 0x5b, 0xff, 0x2e, 0x5b, 0xff, 0x2e, 0x5b, 0xff, 
  0x2d, 0x5b, 0xff, 0x2d, 0x5b, 0xff, 0x0d, 0x53, 0xff, 0x0d, 0x53, 0xff, 
  0x0d, 0x53, 0xff, 0xec, 0x52, 0xff, 0xcc, 0x4a, 0xff, 0xcc, 0x4a, 0xff, 
  0xcc, 0x4a, 0xff, 0x8b, 0x42, 0xff, 0xf0, 0x73, 0xff, 0x36, 0xa5, 0xff, 
  0xf4, 0x94, 0xff, 0xf5, 0x94, 0xff, 0xf5, 0x94, 0xff, 0xf5, 0x94, 0xff, 
  0xf5, 0x94, 0xff, 0xf5, 0x94, 0xff, 0xf4, 0x94, 0xfb, 0x97, 0xad, 0xff, 
  0xf4, 0x94, 0x80, 0x00, 0x00, 0x00, 0xf7, 0xbd, 0x04, 0x00, 0x00, 0x00, 
  0x00, 0x00, 0x00, 0x00, 0x00, 0x00, 0x00, 0x00, 0x00, 0x00, 0x00, 0x00, 
  0x00, 0x00, 0x00, 0x00, 0x00, 0x00, 0x00, 0x00, 0x00, 0x00, 0x00, 0x00, 
  0x00, 0x00, 0x00, 0xff, 0xbd, 0x04, 0x00, 0x00, 0x00, 0x59, 0xbe, 0x80, 
  0xfc, 0xd6, 0xff, 0x59, 0xc6, 0xfb, 0x59, 0xc6, 0xff, 0x59, 0xc6, 0xff, 
  0x59, 0xc6, 0xff, 0x59, 0xc6, 0xff, 0x59, 0xc6, 0xff, 0x59, 0xc6, 0xff, 
  0x59, 0xc6, 0xff, 0x59, 0xc6, 0xff, 0x59, 0xc6, 0xff, 0x59, 0xc6, 0xff, 
  0x59, 0xc6, 0xff, 0x59, 0xc6, 0xff, 0x59, 0xc6, 0xff, 0x59, 0xc6, 0xff, 
  0x59, 0xc6, 0xff, 0x59, 0xc6, 0xff, 0x59, 0xc6, 0xff, 0x59, 0xc6, 0xff, 
  0x59, 0xc6, 0xff, 0x59, 0xc6, 0xff, 0x59, 0xc6, 0xff, 0x59, 0xc6, 0xff, 
  0x59, 0xc6, 0xff, 0x59, 0xc6, 0xff, 0x59, 0xc6, 0xff, 0x59, 0xc6, 0xff, 
  0x59, 0xc6, 0xff, 0x59, 0xc6, 0xff, 0x59, 0xc6, 0xff, 0x59, 0xc6, 0xff, 
  0x59, 0xc6, 0xff, 0x59, 0xc6, 0xff, 0x59, 0xc6, 0xff, 0x59, 0xc6, 0xff, 
  0x59, 0xc6, 0xff, 0x59, 0xc6, 0xff, 0x59, 0xc6, 0xff, 0x59, 0xc6, 0xff, 
  0x59, 0xc6, 0xff, 0x59, 0xc6, 0xff, 0x59, 0xc6, 0xff, 0x59, 0xc6, 0xff, 
  0x59, 0xc6, 0xff, 0x59, 0xc6, 0xff, 0x59, 0xc6, 0xff, 0x59, 0xc6, 0xff, 
  0x59, 0xc6, 0xff, 0x59, 0xbe, 0xff, 0x79, 0xc6, 0xff, 0x39, 0xbe, 0xff, 
  0x35, 0x9d, 0xff, 0xf5, 0x94, 0xff, 0x15, 0x9d, 0xff, 0x15, 0x9d, 0xff, 
  0x15, 0x9d, 0xff, 0x15, 0x9d, 0xff, 0x15, 0x9d, 0xff, 0x15, 0x9d, 0xff, 
  0x35, 0x9d, 0xff, 0xf4, 0x94, 0xff, 0xf0, 0x73, 0xff, 0x4e, 0x5b, 0xff, 
  0x4e, 0x5b, 0xff, 0x6e, 0x63, 0xff, 0x4e, 0x5b, 0xff, 0x4e, 0x5b, 0xff, 
  0x6e, 0x63, 0xff, 0x6e, 0x63, 0xff, 0x6e, 0x63, 0xff, 0x6e, 0x63, 0xff, 
  0x6e, 0x63, 0xff, 0x6e, 0x63, 0xff, 0x6e, 0x63, 0xff, 0x6e, 0x63, 0xff, 
  0x6e, 0x63, 0xff, 0x6e, 0x63, 0xff, 0x6e, 0x63, 0xff, 0x6e, 0x63, 0xff, 
  0x6e, 0x63, 0xff, 0x6e, 0x63, 0xff, 0x6f, 0x63, 0xff, 0x6f, 0x63, 0xff, 
  0x6e, 0x63, 0xff, 0x6e, 0x63, 0xff, 0x4e, 0x5b, 0xff, 0x4e, 0x5b, 0xff, 
  0x4e, 0x5b, 0xff, 0x2d, 0x5b, 0xff, 0x2d, 0x5b, 0xff, 0x0d, 0x53, 0xff, 
  0x0d, 0x53, 0xff, 0x2d, 0x5b, 0xff, 0x52, 0x7c, 0xff, 0x15, 0x9d, 0xff, 
  0xf4, 0x94, 0xff, 0xf5, 0x94, 0xff, 0xf5, 0x94, 0xff, 0xf5, 0x94, 0xff, 
  0xf5, 0x94, 0xff, 0xf4, 0x94, 0xff, 0xf4, 0x94, 0xfb, 0x97, 0xad, 0xff, 
  0xf4, 0x94, 0x80, 0x00, 0x00, 0x00, 0xf7, 0xbd, 0x04, 0x00, 0x00, 0x00, 
  0x00, 0x00, 0x00, 0x00, 0x00, 0x00, 0x00, 0x00, 0x00, 0x00, 0x00, 0x00, 
  0x00, 0x00, 0x00, 0x00, 0x00, 0x00, 0x00, 0x00, 0x00, 0x00, 0x00, 0x00, 
  0x00, 0x00, 0x00, 0xff, 0xbd, 0x04, 0x00, 0x00, 0x00, 0x59, 0xbe, 0x80, 
  0xfc, 0xd6, 0xff, 0x59, 0xc6, 0xfb, 0x59, 0xc6, 0xff, 0x59, 0xc6, 0xff, 
  0x59, 0xc6, 0xff, 0x59, 0xc6, 0xff, 0x59, 0xc6, 0xff, 0x59, 0xc6, 0xff, 
  0x59, 0xc6, 0xff, 0x59, 0xc6, 0xff, 0x59, 0xc6, 0xff, 0x59, 0xc6, 0xff, 
  0x59, 0xc6, 0xff, 0x59, 0xc6, 0xff, 0x59, 0xc6, 0xff, 0x59, 0xc6, 0xff, 
  0x59, 0xc6, 0xff, 0x59, 0xc6, 0xff, 0x59, 0xc6, 0xff, 0x59, 0xc6, 0xff, 
  0x59, 0xc6, 0xff, 0x59, 0xc6, 0xff, 0x59, 0xc6, 0xff, 0x59, 0xc6, 0xff, 
  0x59, 0xc6, 0xff, 0x59, 0xc6, 0xff, 0x59, 0xc6, 0xff, 0x59, 0xc6, 0xff, 
  0x59, 0xc6, 0xff, 0x59, 0xc6, 0xff, 0x59, 0xc6, 0xff, 0x59, 0xc6, 0xff, 
  0x59, 0xc6, 0xff, 0x59, 0xc6, 0xff, 0x59, 0xc6, 0xff, 0x59, 0xc6, 0xff, 
  0x59, 0xc6, 0xff, 0x59, 0xc6, 0xff, 0x59, 0xc6, 0xff, 0x59, 0xc6, 0xff, 
  0x59, 0xc6, 0xff, 0x59, 0xc6, 0xff, 0x59, 0xc6, 0xff, 0x59, 0xc6, 0xff, 
  0x59, 0xc6, 0xff, 0x59, 0xc6, 0xff, 0x59, 0xc6, 0xff, 0x59, 0xc6, 0xff, 
  0x59, 0xc6, 0xff, 0x59, 0xbe, 0xff, 0x79, 0xc6, 0xff, 0x39, 0xbe, 0xff, 
  0x35, 0x9d, 0xff, 0xf4, 0x94, 0xff, 0x15, 0x9d, 0xff, 0x15, 0x9d, 0xff, 
  0x15, 0x9d, 0xff, 0x15, 0x9d, 0xff, 0x15, 0x9d, 0xff, 0x15, 0x9d, 0xff, 
  0x15, 0x9d, 0xff, 0x15, 0x9d, 0xff, 0xf4, 0x94, 0xff, 0xf4, 0x94, 0xff, 
  0xf4, 0x94, 0xff, 0xf4, 0x94, 0xff, 0xf4, 0x94, 0xff, 0xf4, 0x94, 0xff, 
  0xf4, 0x94, 0xff, 0xf4, 0x94, 0xff, 0xf4, 0x94, 0xff, 0xf4, 0x94, 0xff, 
  0xf4, 0x94, 0xff, 0xf4, 0x94, 0xff, 0xf4, 0x94, 0xff, 0xf4, 0x94, 0xff, 
  0xf4, 0x94, 0xff, 0xf4, 0x94, 0xff, 0xd4, 0x94, 0xff, 0xd4, 0x94, 0xff, 
  0xd4, 0x94, 0xff, 0xd4, 0x94, 0xff, 0xd4, 0x94, 0xff, 0xd4, 0x94, 0xff, 
  0xd4, 0x94, 0xff, 0xd4, 0x94, 0xff, 0xd4, 0x94, 0xff, 0xd4, 0x94, 0xff, 
  0xd4, 0x94, 0xff, 0xd4, 0x94, 0xff, 0xd4, 0x94, 0xff, 0xd4, 0x94, 0xff, 
  0xd4, 0x94, 0xff, 0xd4, 0x94, 0xff, 0xf4, 0x94, 0xff, 0xf4, 0x94, 0xff, 
  0xf4, 0x94, 0xff, 0xf4, 0x94, 0xff, 0xf4, 0x94, 0xff, 0xf4, 0x94, 0xff, 
  0xf4, 0x94, 0xff, 0xf4, 0x94, 0xff, 0xf4, 0x94, 0xfb, 0x97, 0xa5, 0xff, 
  0xf4, 0x94, 0x80, 0x00, 0x00, 0x00, 0xf7, 0xbd, 0x04, 0x00, 0x00, 0x00, 
  0x00, 0x00, 0x00, 0x00, 0x00, 0x00, 0x00, 0x00, 0x00, 0x00, 0x00, 0x00, 
  0x00, 0x00, 0x00, 0x00, 0x00, 0x00, 0x00, 0x00, 0x00, 0x00, 0x00, 0x00, 
  0x00, 0x00, 0x00, 0xff, 0xbd, 0x04, 0x00, 0x00, 0x00, 0x59, 0xbe, 0x80, 
  0xfc, 0xd6, 0xff, 0x59, 0xc6, 0xfb, 0x59, 0xc6, 0xff, 0x59, 0xc6, 0xff, 
  0x59, 0xc6, 0xff, 0x59, 0xc6, 0xff, 0x59, 0xc6, 0xff, 0x59, 0xc6, 0xff, 
  0x59, 0xc6, 0xff, 0x59, 0xc6, 0xff, 0x59, 0xc6, 0xff, 0x59, 0xc6, 0xff, 
  0x59, 0xc6, 0xff, 0x59, 0xc6, 0xff, 0x59, 0xc6, 0xff, 0x59, 0xc6, 0xff, 
  0x59, 0xc6, 0xff, 0x59, 0xc6, 0xff, 0x59, 0xc6, 0xff, 0x59, 0xc6, 0xff, 
  0x59, 0xc6, 0xff, 0x59, 0xc6, 0xff, 0x59, 0xc6, 0xff, 0x59, 0xc6, 0xff, 
  0x59, 0xc6, 0xff, 0x59, 0xc6, 0xff, 0x59, 0xc6, 0xff, 0x59, 0xc6, 0xff, 
  0x59, 0xc6, 0xff, 0x59, 0xc6, 0xff, 0x59, 0xc6, 0xff, 0x59, 0xc6, 0xff, 
  0x59, 0xc6, 0xff, 0x59, 0xc6, 0xff, 0x59, 0xc6, 0xff, 0x59, 0xc6, 0xff, 
  0x59, 0xc6, 0xff, 0x59, 0xc6, 0xff, 0x59, 0xc6, 0xff, 0x59, 0xc6, 0xff, 
  0x59, 0xc6, 0xff, 0x59, 0xc6, 0xff, 0x59, 0xc6, 0xff, 0x59, 0xc6, 0xff, 
  0x59, 0xc6, 0xff, 0x59, 0xc6, 0xff, 0x59, 0xc6, 0xff, 0x59, 0xc6, 0xff, 
  0x59, 0xc6, 0xff, 0x59, 0xbe, 0xff, 0x79, 0xc6, 0xff, 0x39, 0xbe, 0xff, 
  0x15, 0x9d, 0xff, 0xf4, 0x94, 0xff, 0x15, 0x9d, 0xff, 0x15, 0x9d, 0xff, 
  0x15, 0x9d, 0xff, 0x15, 0x9d, 0xff, 0x15, 0x9d, 0xff, 0x15, 0x9d, 0xff, 
  0x15, 0x9d, 0xff, 0x15, 0x9d, 0xff, 0x15, 0x9d, 0xff, 0x35, 0x9d, 0xff, 
  0x35, 0x9d, 0xff, 0x35, 0x9d, 0xff, 0x35, 0x9d, 0xff, 0x35, 0x9d, 0xff, 
  0x35, 0x9d, 0xff, 0x35, 0x9d, 0xff, 0x15, 0x9d, 0xff, 0x15, 0x9d, 0xff, 
  0x15, 0x9d, 0xff, 0x15, 0x9d, 0xff, 0x15, 0x9d, 0xff, 0x15, 0x9d, 0xff, 
  0x15, 0x9d, 0xff, 0x15, 0x9d, 0xff, 0x15, 0x9d, 0xff, 0x15, 0x9d, 0xff, 
  0x15, 0x9d, 0xff, 0x15, 0x9d, 0xff, 0x15, 0x9d, 0xff, 0x15, 0x9d, 0xff, 
  0x15, 0x9d, 0xff, 0x15, 0x9d, 0xff, 0x15, 0x9d, 0xff, 0x15, 0x9d, 0xff, 
  0x15, 0x9d, 0xff, 0x35, 0x9d, 0xff, 0x35, 0x9d, 0xff, 0x15, 0x9d, 0xff, 
  0x15, 0x9d, 0xff, 0x15, 0x9d, 0xff, 0x15, 0x9d, 0xff, 0xf4, 0x94, 0xff, 
  0xf4, 0x94, 0xff, 0xf4, 0x94, 0xff, 0xf4, 0x94, 0xff, 0xf4, 0x94, 0xff, 
  0xf4, 0x94, 0xff, 0xf4, 0x94, 0xff, 0xf4, 0x94, 0xfb, 0x97, 0xa5, 0xff, 
  0xf4, 0x94, 0x80, 0x00, 0x00, 0x00, 0xf7, 0xbd, 0x04, 0x00, 0x00, 0x00, 
  0x00, 0x00, 0x00, 0x00, 0x00, 0x00, 0x00, 0x00, 0x00, 0x00, 0x00, 0x00, 
  0x00, 0x00, 0x00, 0x00, 0x00, 0x00, 0x00, 0x00, 0x00, 0x00, 0x00, 0x00, 
  0x00, 0x00, 0x00, 0xff, 0xbd, 0x04, 0x00, 0x00, 0x00, 0x59, 0xbe, 0x80, 
  0xfc, 0xd6, 0xff, 0x59, 0xc6, 0xfb, 0x59, 0xc6, 0xff, 0x59, 0xc6, 0xff, 
  0x59, 0xc6, 0xff, 0x59, 0xc6, 0xff, 0x59, 0xc6, 0xff, 0x59, 0xc6, 0xff, 
  0x59, 0xc6, 0xff, 0x59, 0xc6, 0xff, 0x59, 0xc6, 0xff, 0x59, 0xc6, 0xff, 
  0x59, 0xc6, 0xff, 0x59, 0xc6, 0xff, 0x59, 0xc6, 0xff, 0x59, 0xc6, 0xff, 
  0x59, 0xc6, 0xff, 0x59, 0xc6, 0xff, 0x59, 0xc6, 0xff, 0x59, 0xc6, 0xff, 
  0x59, 0xc6, 0xff, 0x59, 0xc6, 0xff, 0x59, 0xc6, 0xff, 0x59, 0xc6, 0xff, 
  0x59, 0xc6, 0xff, 0x59, 0xc6, 0xff, 0x59, 0xc6, 0xff, 0x59, 0xc6, 0xff, 
  0x59, 0xc6, 0xff, 0x59, 0xc6, 0xff, 0x59, 0xc6, 0xff, 0x59, 0xc6, 0xff, 
  0x59, 0xc6, 0xff, 0x59, 0xc6, 0xff, 0x59, 0xc6, 0xff, 0x59, 0xc6, 0xff, 
  0x59, 0xc6, 0xff, 0x59, 0xc6, 0xff, 0x59, 0xc6, 0xff, 0x59, 0xc6, 0xff, 
  0x59, 0xc6, 0xff, 0x59, 0xc6, 0xff, 0x59, 0xc6, 0xff, 0x59, 0xc6, 0xff, 
  0x59, 0xc6, 0xff, 0x59, 0xc6, 0xff, 0x59, 0xc6, 0xff, 0x59, 0xc6, 0xff, 
  0x59, 0xc6, 0xff, 0x59, 0xbe, 0xff, 0x79, 0xc6, 0xff, 0x39, 0xbe, 0xff, 
  0x15, 0x9d, 0xff, 0xf4, 0x94, 0xff, 0x15, 0x9d, 0xff, 0x15, 0x9d, 0xff, 
  0x15, 0x9d, 0xff, 0x15, 0x9d, 0xff, 0x15, 0x9d, 0xff, 0x15, 0x9d, 0xff, 
  0x15, 0x9d, 0xff, 0x15, 0x9d, 0xff, 0xf4, 0x94, 0xff, 0xf4, 0x94, 0xff, 
  0xf4, 0x94, 0xff, 0xf4, 0x94, 0xff, 0xf4, 0x94, 0xff, 0xf4, 0x94, 0xff, 
  0xf4, 0x94, 0xff, 0xf4, 0x94, 0xff, 0xf4, 0x94, 0xff, 0xf4, 0x94, 0xff, 
  0xf4, 0x94, 0xff, 0xf4, 0x94, 0xff, 0xf4, 0x94, 0xff, 0xf4, 0x94, 0xff, 
  0xf4, 0x94, 0xff, 0xf4, 0x94, 0xff, 0xf4, 0x94, 0xff, 0xf4, 0x94, 0xff, 
  0xf4, 0x94, 0xff, 0xf4, 0x94, 0xff, 0xf4, 0x94, 0xff, 0xf4, 0x94, 0xff, 
  0xf4, 0x94, 0xff, 0xf4, 0x94, 0xff, 0xf4, 0x94, 0xff, 0xf4, 0x94, 0xff, 
  0xf4, 0x94, 0xff, 0xf4, 0x94, 0xff, 0xf4, 0x94, 0xff, 0xf4, 0x94, 0xff, 
  0xf4, 0x94, 0xff, 0xf4, 0x94, 0xff, 0xf4, 0x94, 0xff, 0xf4, 0x94, 0xff, 
  0xf4, 0x94, 0xff, 0xf4, 0x94, 0xff, 0xf4, 0x94, 0xff, 0xf4, 0x94, 0xff, 
  0xf4, 0x94, 0xff, 0xf4, 0x94, 0xff, 0xf4, 0x94, 0xfb, 0x77, 0xa5, 0xff, 
  0xf4, 0x94, 0x80, 0x00, 0x00, 0x00, 0xf7, 0xbd, 0x04, 0x00, 0x00, 0x00, 
  0x00, 0x00, 0x00, 0x00, 0x00, 0x00, 0x00, 0x00, 0x00, 0x00, 0x00, 0x00, 
  0x00, 0x00, 0x00, 0x00, 0x00, 0x00, 0x00, 0x00, 0x00, 0x00, 0x00, 0x00, 
  0x00, 0x00, 0x00, 0xff, 0xbd, 0x04, 0x00, 0x00, 0x00, 0x59, 0xbe, 0x80, 
  0xfc, 0xd6, 0xff, 0x59, 0xc6, 0xfb, 0x59, 0xc6, 0xff, 0x59, 0xc6, 0xff, 
  0x59, 0xc6, 0xff, 0x59, 0xc6, 0xff, 0x59, 0xc6, 0xff, 0x59, 0xc6, 0xff, 
  0x59, 0xc6, 0xff, 0x59, 0xc6, 0xff, 0x59, 0xc6, 0xff, 0x59, 0xc6, 0xff, 
  0x59, 0xc6, 0xff, 0x59, 0xc6, 0xff, 0x59, 0xc6, 0xff, 0x59, 0xc6, 0xff, 
  0x59, 0xc6, 0xff, 0x59, 0xc6, 0xff, 0x59, 0xc6, 0xff, 0x59, 0xc6, 0xff, 
  0x59, 0xc6, 0xff, 0x59, 0xc6, 0xff, 0x59, 0xc6, 0xff, 0x59, 0xc6, 0xff, 
  0x59, 0xc6, 0xff, 0x59, 0xc6, 0xff, 0x59, 0xc6, 0xff, 0x59, 0xc6, 0xff, 
  0x59, 0xc6, 0xff, 0x59, 0xc6, 0xff, 0x59, 0xc6, 0xff, 0x59, 0xc6, 0xff, 
  0x59, 0xc6, 0xff, 0x59, 0xc6, 0xff, 0x59, 0xc6, 0xff, 0x59, 0xc6, 0xff, 
  0x59, 0xc6, 0xff, 0x59, 0xc6, 0xff, 0x59, 0xc6, 0xff, 0x59, 0xc6, 0xff, 
  0x59, 0xc6, 0xff, 0x59, 0xc6, 0xff, 0x59, 0xc6, 0xff, 0x59, 0xc6, 0xff, 
  0x59, 0xc6, 0xff, 0x59, 0xc6, 0xff, 0x59, 0xc6, 0xff, 0x59, 0xc6, 0xff, 
  0x59, 0xc6, 0xff, 0x59, 0xbe, 0xff, 0x79, 0xc6, 0xff, 0x39, 0xbe, 0xff, 
  0x15, 0x9d, 0xff, 0xf4, 0x94, 0xff, 0x15, 0x9d, 0xff, 0x15, 0x9d, 0xff, 
  0x15, 0x9d, 0xff, 0x15, 0x9d, 0xff, 0x15, 0x9d, 0xff, 0x15, 0x9d, 0xff, 
  0x15, 0x9d, 0xff, 0x15, 0x9d, 0xff, 0xf5, 0x94, 0xff, 0xf5, 0x94, 0xff, 
  0xf5, 0x94, 0xff, 0xf5, 0x94, 0xff, 0xf5, 0x94, 0xff, 0xf5, 0x94, 0xff, 
  0xf5, 0x94, 0xff, 0xf5, 0x94, 0xff, 0xf5, 0x94, 0xff, 0xf5, 0x94, 0xff, 
  0xf5, 0x94, 0xff, 0xf5, 0x94, 0xff, 0xf5, 0x94, 0xff, 0xf5, 0x94, 0xff, 
  0xf4, 0x94, 0xff, 0xf4, 0x94, 0xff, 0xf4, 0x94, 0xff, 0xf4, 0x94, 0xff, 
  0xf4, 0x94, 0xff, 0xf4, 0x94, 0xff, 0xf4, 0x94, 0xff, 0xf4, 0x94, 0xff, 
  0xf4, 0x94, 0xff, 0xf4, 0x94, 0xff, 0xf4, 0x94, 0xff, 0xf4, 0x94, 0xff, 
  0xf4, 0x94, 0xff, 0xf4, 0x94, 0xff, 0xf4, 0x94, 0xff, 0xf4, 0x94, 0xff, 
  0xf4, 0x94, 0xff, 0xf4, 0x94, 0xff, 0xf4, 0x94, 0xff, 0xf4, 0x94, 0xff, 
  0xf4, 0x94, 0xff, 0xf4, 0x94, 0xff, 0xf4, 0x94, 0xff, 0xf4, 0x94, 0xff, 
  0xf4, 0x94, 0xff, 0xf4, 0x94, 0xff, 0xf4, 0x94, 0xfb, 0x77, 0xa5, 0xff, 
  0xf4, 0x94, 0x80, 0x00, 0x00, 0x00, 0xf7, 0xbd, 0x04, 0x00, 0x00, 0x00, 
  0x00, 0x00, 0x00, 0x00, 0x00, 0x00, 0x00, 0x00, 0x00, 0x00, 0x00, 0x00, 
  0x00, 0x00, 0x00, 0x00, 0x00, 0x00, 0x00, 0x00, 0x00, 0x00, 0x00, 0x00, 
  0x00, 0x00, 0x00, 0xff, 0xbd, 0x04, 0x00, 0x00, 0x00, 0x59, 0xbe, 0x80, 
  0xfc, 0xd6, 0xff, 0x59, 0xc6, 0xfb, 0x59, 0xc6, 0xff, 0x59, 0xc6, 0xff, 
  0x59, 0xc6, 0xff, 0x59, 0xc6, 0xff, 0x59, 0xc6, 0xff, 0x59, 0xc6, 0xff, 
  0x59, 0xc6, 0xff, 0x59, 0xc6, 0xff, 0x59, 0xc6, 0xff, 0x59, 0xc6, 0xff, 
  0x59, 0xc6, 0xff, 0x59, 0xc6, 0xff, 0x59, 0xc6, 0xff, 0x59, 0xc6, 0xff, 
  0x59, 0xc6, 0xff, 0x59, 0xc6, 0xff, 0x59, 0xc6, 0xff, 0x59, 0xc6, 0xff, 
  0x59, 0xc6, 0xff, 0x59, 0xc6, 0xff, 0x59, 0xc6, 0xff, 0x59, 0xc6, 0xff, 
  0x59, 0xc6, 0xff, 0x59, 0xc6, 0xff, 0x59, 0xc6, 0xff, 0x59, 0xc6, 0xff, 
  0x59, 0xc6, 0xff, 0x59, 0xc6, 0xff, 0x59, 0xc6, 0xff, 0x59, 0xc6, 0xff, 
  0x59, 0xc6, 0xff, 0x59, 0xc6, 0xff, 0x59, 0xc6, 0xff, 0x59, 0xc6, 0xff, 
  0x59, 0xc6, 0xff, 0x59, 0xc6, 0xff, 0x59, 0xc6, 0xff, 0x59, 0xc6, 0xff, 
  0x59, 0xc6, 0xff, 0x59, 0xc6, 0xff, 0x59, 0xc6, 0xff, 0x59, 0xc6, 0xff, 
  0x59, 0xc6, 0xff, 0x59, 0xc6, 0xff, 0x59, 0xc6, 0xff, 0x59, 0xc6, 0xff, 
  0x59, 0xc6, 0xff, 0x59, 0xbe, 0xff, 0x79, 0xc6, 0xff, 0x39, 0xbe, 0xff, 
  0x15, 0x9d, 0xff, 0xf4, 0x94, 0xff, 0x15, 0x9d, 0xff, 0xf5, 0x94, 0xff, 
  0xf5, 0x94, 0xff, 0xf5, 0x94, 0xff, 0xf5, 0x94, 0xff, 0xf5, 0x94, 0xff, 
  0xf5, 0x94, 0xff, 0xf5, 0x94, 0xff, 0xf5, 0x94, 0xff, 0xf5, 0x94, 0xff, 
  0xf5, 0x94, 0xff, 0xf5, 0x94, 0xff, 0xf5, 0x94, 0xff, 0xf4, 0x94, 0xff, 
  0xf4, 0x94, 0xff, 0xf4, 0x94, 0xff, 0xf4, 0x94, 0xff, 0xf4, 0x94, 0xff, 
  0xf4, 0x94, 0xff, 0xf4, 0x94, 0xff, 0xf4, 0x94, 0xff, 0xf4, 0x94, 0xff, 
  0xf4, 0x94, 0xff, 0xf4, 0x94, 0xff, 0xf4, 0x94, 0xff, 0xf4, 0x94, 0xff, 
  0xf4, 0x94, 0xff, 0xf4, 0x94, 0xff, 0xf4, 0x94, 0xff, 0xf4, 0x94, 0xff, 
  0xf4, 0x94, 0xff, 0xf4, 0x94, 0xff, 0xf4, 0x94, 0xff, 0xf4, 0x94, 0xff, 
  0xf4, 0x94, 0xff, 0xf4, 0x94, 0xff, 0xf4, 0x94, 0xff, 0xf4, 0x94, 0xff, 
  0xf4, 0x94, 0xff, 0xf4, 0x94, 0xff, 0xf4, 0x94, 0xff, 0xf4, 0x94, 0xff, 
  0xf4, 0x94, 0xff, 0xf4, 0x94, 0xff, 0xf4, 0x94, 0xff, 0xf4, 0x94, 0xff, 
  0xf4, 0x94, 0xff, 0xf4, 0x94, 0xff, 0xf4, 0x94, 0xfb, 0x77, 0xa5, 0xff, 
  0xf4, 0x94, 0x80, 0x00, 0x00, 0x00, 0xf7, 0xbd, 0x04, 0x00, 0x00, 0x00, 
  0x00, 0x00, 0x00, 0x00, 0x00, 0x00, 0x00, 0x00, 0x00, 0x00, 0x00, 0x00, 
  0x00, 0x00, 0x00, 0x00, 0x00, 0x00, 0x00, 0x00, 0x00, 0x00, 0x00, 0x00, 
  0x00, 0x00, 0x00, 0xff, 0xbd, 0x04, 0x00, 0x00, 0x00, 0x59, 0xbe, 0x80, 
  0xfc, 0xd6, 0xff, 0x59, 0xc6, 0xfb, 0x59, 0xc6, 0xff, 0x59, 0xc6, 0xff, 
  0x59, 0xc6, 0xff, 0x59, 0xc6, 0xff, 0x59, 0xc6, 0xff, 0x59, 0xc6, 0xff, 
  0x59, 0xc6, 0xff, 0x59, 0xc6, 0xff, 0x59, 0xc6, 0xff, 0x59, 0xc6, 0xff, 
  0x59, 0xc6, 0xff, 0x59, 0xc6, 0xff, 0x59, 0xc6, 0xff, 0x59, 0xc6, 0xff, 
  0x59, 0xc6, 0xff, 0x59, 0xc6, 0xff, 0x59, 0xc6, 0xff, 0x59, 0xc6, 0xff, 
  0x59, 0xc6, 0xff, 0x59, 0xc6, 0xff, 0x59, 0xc6, 0xff, 0x59, 0xc6, 0xff, 
  0x59, 0xc6, 0xff, 0x59, 0xc6, 0xff, 0x59, 0xc6, 0xff, 0x59, 0xc6, 0xff, 
  0x59, 0xc6, 0xff, 0x59, 0xc6, 0xff, 0x59, 0xc6, 0xff, 0x59, 0xc6, 0xff, 
  0x59, 0xc6, 0xff, 0x59, 0xc6, 0xff, 0x59, 0xc6, 0xff, 0x59, 0xc6, 0xff, 
  0x59, 0xc6, 0xff, 0x59, 0xc6, 0xff, 0x59, 0xc6, 0xff, 0x59, 0xc6, 0xff, 
  0x59, 0xc6, 0xff, 0x59, 0xc6, 0xff, 0x59, 0xc6, 0xff, 0x59, 0xc6, 0xff, 
  0x59, 0xc6, 0xff, 0x59, 0xc6, 0xff, 0x59, 0xc6, 0xff, 0x59, 0xc6, 0xff, 
  0x59, 0xc6, 0xff, 0x59, 0xbe, 0xff, 0x79, 0xc6, 0xff, 0x39, 0xbe, 0xff, 
  0x15, 0x9d, 0xff, 0xf4, 0x94, 0xff, 0x15, 0x9d, 0xff, 0xf5, 0x94, 0xff, 
  0xf5, 0x94, 0xff, 0xf5, 0x94, 0xff, 0xf4, 0x94, 0xff, 0xf4, 0x94, 0xff, 
  0xf4, 0x94, 0xff, 0xf4, 0x94, 0xff, 0xf4, 0x94, 0xff, 0xf4, 0x94, 0xff, 
  0xf4, 0x94, 0xff, 0xf4, 0x94, 0xff, 0xf4, 0x94, 0xff, 0xf4, 0x94, 0xff, 
  0xf4, 0x94, 0xff, 0xf4, 0x94, 0xff, 0xf4, 0x94, 0xff, 0xf4, 0x94, 0xff, 
  0xf4, 0x94, 0xff, 0xf4, 0x94, 0xff, 0xf4, 0x94, 0xff, 0xf4, 0x94, 0xff, 
  0xf4, 0x94, 0xff, 0xf4, 0x94, 0xff, 0xf4, 0x94, 0xff, 0xf4, 0x94, 0xff, 
  0xf4, 0x94, 0xff, 0xf4, 0x94, 0xff, 0xf4, 0x94, 0xff, 0xf4, 0x94, 0xff, 
  0xf4, 0x94, 0xff, 0xf4, 0x94, 0xff, 0xf4, 0x94, 0xff, 0xf4, 0x94, 0xff, 
  0xf4, 0x94, 0xff, 0xf4, 0x94, 0xff, 0xf4, 0x94, 0xff, 0xf4, 0x94, 0xff, 
  0xf4, 0x94, 0xff, 0xf4, 0x94, 0xff, 0xf4, 0x94, 0xff, 0xf4, 0x94, 0xff, 
  0xf4, 0x94, 0xff, 0xf4, 0x94, 0xff, 0xf4, 0x94, 0xff, 0xf4, 0x94, 0xff, 
  0xf4, 0x94, 0xff, 0xf4, 0x94, 0xff, 0xf4, 0x94, 0xfb, 0x76, 0xa5, 0xff, 
  0xf4, 0x94, 0x80, 0x00, 0x00, 0x00, 0xf7, 0xbd, 0x04, 0x00, 0x00, 0x00, 
  0x00, 0x00, 0x00, 0x00, 0x00, 0x00, 0x00, 0x00, 0x00, 0x00, 0x00, 0x00, 
  0x00, 0x00, 0x00, 0x00, 0x00, 0x00, 0x00, 0x00, 0x00, 0x00, 0x00, 0x00, 
  0x00, 0x00, 0x00, 0xff, 0xbd, 0x04, 0x00, 0x00, 0x00, 0x59, 0xbe, 0x80, 
  0xfc, 0xd6, 0xff, 0x59, 0xc6, 0xfb, 0x59, 0xc6, 0xff, 0x59, 0xc6, 0xff, 
  0x59, 0xc6, 0xff, 0x59, 0xc6, 0xff, 0x59, 0xc6, 0xff, 0x59, 0xc6, 0xff, 
  0x59, 0xc6, 0xff, 0x59, 0xc6, 0xff, 0x59, 0xc6, 0xff, 0x59, 0xc6, 0xff, 
  0x59, 0xc6, 0xff, 0x59, 0xc6, 0xff, 0x59, 0xc6, 0xff, 0x59, 0xc6, 0xff, 
  0x59, 0xc6, 0xff, 0x59, 0xc6, 0xff, 0x59, 0xc6, 0xff, 0x59, 0xc6, 0xff, 
  0x59, 0xc6, 0xff, 0x59, 0xc6, 0xff, 0x59, 0xc6, 0xff, 0x59, 0xc6, 0xff, 
  0x59, 0xc6, 0xff, 0x59, 0xc6, 0xff, 0x59, 0xc6, 0xff, 0x59, 0xc6, 0xff, 
  0x59, 0xc6, 0xff, 0x59, 0xc6, 0xff, 0x59, 0xc6, 0xff, 0x59, 0xc6, 0xff, 
  0x59, 0xc6, 0xff, 0x59, 0xc6, 0xff, 0x59, 0xc6, 0xff, 0x59, 0xc6, 0xff, 
  0x59, 0xc6, 0xff, 0x59, 0xc6, 0xff, 0x59, 0xc6, 0xff, 0x59, 0xc6, 0xff, 
  0x59, 0xc6, 0xff, 0x59, 0xc6, 0xff, 0x59, 0xc6, 0xff, 0x59, 0xc6, 0xff, 
  0x59, 0xc6, 0xff, 0x59, 0xc6, 0xff, 0x59, 0xc6, 0xff, 0x59, 0xc6, 0xff, 
  0x59, 0xc6, 0xff, 0x59, 0xbe, 0xff, 0x79, 0xc6, 0xff, 0x39, 0xbe, 0xff, 
  0x15, 0x9d, 0xff, 0xf4, 0x94, 0xff, 0x15, 0x9d, 0xff, 0xf4, 0x94, 0xff, 
  0xf4, 0x94, 0xff, 0xf4, 0x94, 0xff, 0xf4, 0x94, 0xff, 0xf4, 0x94, 0xff, 
  0xf4, 0x94, 0xff, 0xf4, 0x94, 0xff, 0x15, 0x9d, 0xff, 0x35, 0x9d, 0xff, 
  0x35, 0x9d, 0xff, 0x35, 0x9d, 0xff, 0x35, 0x9d, 0xff, 0x35, 0x9d, 0xff, 
  0x35, 0x9d, 0xff, 0x35, 0x9d, 0xff, 0x35, 0x9d, 0xff, 0x35, 0x9d, 0xff, 
  0x35, 0x9d, 0xff, 0x35, 0x9d, 0xff, 0x35, 0x9d, 0xff, 0x35, 0x9d, 0xff, 
  0x15, 0x9d, 0xff, 0x15, 0x9d, 0xff, 0x15, 0x9d, 0xff, 0x15, 0x9d, 0xff, 
  0x15, 0x9d, 0xff, 0x15, 0x9d, 0xff, 0x15, 0x9d, 0xff, 0x15, 0x9d, 0xff, 
  0x15, 0x9d, 0xff, 0x15, 0x9d, 0xff, 0x15, 0x9d, 0xff, 0x15, 0x9d, 0xff, 
  0x15, 0x9d, 0xff, 0x35, 0x9d, 0xff, 0x35, 0x9d, 0xff, 0x35, 0x9d, 0xff, 
  0x35, 0x9d, 0xff, 0x15, 0x9d, 0xff, 0xf5, 0x9c, 0xff, 0xf4, 0x94, 0xff, 
  0xf4, 0x94, 0xff, 0xf4, 0x94, 0xff, 0xf4, 0x94, 0xff, 0xf4, 0x94, 0xff, 
  0xf4, 0x94, 0xff, 0xf4, 0x94, 0xff, 0xd4, 0x94, 0xfb, 0x76, 0xa5, 0xff, 
  0xd4, 0x94, 0x80, 0x00, 0x00, 0x00, 0xf7, 0xbd, 0x04, 0x00, 0x00, 0x00, 
  0x00, 0x00, 0x00, 0x00, 0x00, 0x00, 0x00, 0x00, 0x00, 0x00, 0x00, 0x00, 
  0x00, 0x00, 0x00, 0x00, 0x00, 0x00, 0x00, 0x00, 0x00, 0x00, 0x00, 0x00, 
  0x00, 0x00, 0x00, 0xff, 0xbd, 0x04, 0x00, 0x00, 0x00, 0x59, 0xbe, 0x80, 
  0xfc, 0xd6, 0xff, 0x59, 0xc6, 0xfb, 0x59, 0xc6, 0xff, 0x59, 0xc6, 0xff, 
  0x59, 0xc6, 0xff, 0x59, 0xc6, 0xff, 0x59, 0xc6, 0xff, 0x59, 0xc6, 0xff, 
  0x59, 0xc6, 0xff, 0x59, 0xc6, 0xff, 0x59, 0xc6, 0xff, 0x59, 0xc6, 0xff, 
  0x59, 0xc6, 0xff, 0x59, 0xc6, 0xff, 0x59, 0xc6, 0xff, 0x59, 0xc6, 0xff, 
  0x59, 0xc6, 0xff, 0x59, 0xc6, 0xff, 0x59, 0xc6, 0xff, 0x59, 0xc6, 0xff, 
  0x59, 0xc6, 0xff, 0x59, 0xc6, 0xff, 0x59, 0xc6, 0xff, 0x59, 0xc6, 0xff, 
  0x59, 0xc6, 0xff, 0x59, 0xc6, 0xff, 0x59, 0xc6, 0xff, 0x59, 0xc6, 0xff, 
  0x59, 0xc6, 0xff, 0x59, 0xc6, 0xff, 0x59, 0xc6, 0xff, 0x59, 0xc6, 0xff, 
  0x59, 0xc6, 0xff, 0x59, 0xc6, 0xff, 0x59, 0xc6, 0xff, 0x59, 0xc6, 0xff, 
  0x59, 0xc6, 0xff, 0x59, 0xc6, 0xff, 0x59, 0xc6, 0xff, 0x59, 0xc6, 0xff, 
  0x59, 0xc6, 0xff, 0x59, 0xc6, 0xff, 0x59, 0xc6, 0xff, 0x59, 0xc6, 0xff, 
  0x59, 0xc6, 0xff, 0x59, 0xc6, 0xff, 0x59, 0xc6, 0xff, 0x59, 0xc6, 0xff, 
  0x59, 0xc6, 0xff, 0x59, 0xbe, 0xff, 0x79, 0xc6, 0xff, 0x39, 0xbe, 0xff, 
  0x15, 0x9d, 0xff, 0xd4, 0x94, 0xff, 0xf5, 0x94, 0xff, 0xf4, 0x94, 0xff, 
  0xf4, 0x94, 0xff, 0xf4, 0x94, 0xff, 0xf4, 0x94, 0xff, 0xf4, 0x94, 0xff, 
  0xf5, 0x94, 0xff, 0xf4, 0x94, 0xff, 0x72, 0x84, 0xff, 0x11, 0x7c, 0xff, 
  0x11, 0x7c, 0xff, 0x11, 0x7c, 0xff, 0x11, 0x7c, 0xff, 0x11, 0x7c, 0xff, 
  0x11, 0x7c, 0xff, 0x11, 0x7c, 0xff, 0x11, 0x7c, 0xff, 0x11, 0x7c, 0xff, 
  0x11, 0x7c, 0xff, 0x31, 0x7c, 0xff, 0x31, 0x7c, 0xff, 0x31, 0x7c, 0xff, 
  0x11, 0x7c, 0xff, 0x11, 0x7c, 0xff, 0x11, 0x7c, 0xff, 0x11, 0x7c, 0xff, 
  0x11, 0x7c, 0xff, 0x11, 0x7c, 0xff, 0x31, 0x7c, 0xff, 0x31, 0x7c, 0xff, 
  0x11, 0x7c, 0xff, 0x11, 0x7c, 0xff, 0x11, 0x7c, 0xff, 0x11, 0x74, 0xff, 
  0x11, 0x74, 0xff, 0x11, 0x74, 0xff, 0xf1, 0x73, 0xff, 0xf0, 0x73, 0xff, 
  0xf0, 0x73, 0xff, 0x11, 0x74, 0xff, 0x93, 0x8c, 0xff, 0xf4, 0x94, 0xff, 
  0xf4, 0x94, 0xff, 0xf4, 0x94, 0xff, 0xf4, 0x94, 0xff, 0xf4, 0x94, 0xff, 
  0xf4, 0x94, 0xff, 0xf4, 0x94, 0xff, 0xd4, 0x94, 0xfb, 0x76, 0xa5, 0xff, 
  0xd4, 0x94, 0x80, 0x00, 0x00, 0x00, 0xf7, 0xbd, 0x04, 0x00, 0x00, 0x00, 
  0x00, 0x00, 0x00, 0x00, 0x00, 0x00, 0x00, 0x00, 0x00, 0x00, 0x00, 0x00, 
  0x00, 0x00, 0x00, 0x00, 0x00, 0x00, 0x00, 0x00, 0x00, 0x00, 0x00, 0x00, 
  0x00, 0x00, 0x00, 0xff, 0xbd, 0x04, 0x00, 0x00, 0x00, 0x59, 0xbe, 0x80, 
  0xfc, 0xd6, 0xff, 0x59, 0xc6, 0xfb, 0x59, 0xc6, 0xff, 0x59, 0xc6, 0xff, 
  0x59, 0xc6, 0xff, 0x59, 0xc6, 0xff, 0x59, 0xc6, 0xff, 0x59, 0xc6, 0xff, 
  0x59, 0xc6, 0xff, 0x59, 0xc6, 0xff, 0x59, 0xc6, 0xff, 0x59, 0xc6, 0xff, 
  0x59, 0xc6, 0xff, 0x59, 0xc6, 0xff, 0x59, 0xc6, 0xff, 0x59, 0xc6, 0xff, 
  0x59, 0xc6, 0xff, 0x59, 0xc6, 0xff, 0x59, 0xc6, 0xff, 0x59, 0xc6, 0xff, 
  0x59, 0xc6, 0xff, 0x59, 0xc6, 0xff, 0x59, 0xc6, 0xff, 0x59, 0xc6, 0xff, 
  0x59, 0xc6, 0xff, 0x59, 0xc6, 0xff, 0x59, 0xc6, 0xff, 0x59, 0xc6, 0xff, 
  0x59, 0xc6, 0xff, 0x59, 0xc6, 0xff, 0x59, 0xc6, 0xff, 0x59, 0xc6, 0xff, 
  0x59, 0xc6, 0xff, 0x59, 0xc6, 0xff, 0x59, 0xc6, 0xff, 0x59, 0xc6, 0xff, 
  0x59, 0xc6, 0xff, 0x59, 0xc6, 0xff, 0x59, 0xc6, 0xff, 0x59, 0xc6, 0xff, 
  0x59, 0xc6, 0xff, 0x59, 0xc6, 0xff, 0x59, 0xc6, 0xff, 0x59, 0xc6, 0xff, 
  0x59, 0xc6, 0xff, 0x59, 0xc6, 0xff, 0x59, 0xc6, 0xff, 0x59, 0xc6, 0xff, 
  0x59, 0xc6, 0xff, 0x59, 0xbe, 0xff, 0x79, 0xc6, 0xff, 0x39, 0xbe, 0xff, 
  0x15, 0x9d, 0xff, 0xd4, 0x94, 0xff, 0xf5, 0x94, 0xff, 0xf4, 0x94, 0xff, 
  0xf4, 0x94, 0xff, 0xf4, 0x94, 0xff, 0xf4, 0x94, 0xff, 0xf4, 0x94, 0xff, 
  0x15, 0x9d, 0xff, 0xd4, 0x94, 0xff, 0x6f, 0x63, 0xff, 0xed, 0x52, 0xff, 
  0x0d, 0x53, 0xff, 0x0d, 0x53, 0xff, 0x0d, 0x53, 0xff, 0x0d, 0x53, 0xff, 
  0x0d, 0x53, 0xff, 0x0d, 0x53, 0xff, 0x0d, 0x53, 0xff, 0x0d, 0x53, 0xff, 
  0x0d, 0x53, 0xff, 0x0d, 0x53, 0xff, 0x0d, 0x53, 0xff, 0x0d, 0x53, 0xff, 
  0x0d, 0x53, 0xff, 0x2d, 0x5b, 0xff, 0x2d, 0x5b, 0xff, 0x2d, 0x5b, 0xff, 
  0x2d, 0x5b, 0xff, 0x2d, 0x5b, 0xff, 0x2d, 0x5b, 0xff, 0x2d, 0x5b, 0xff, 
  0x2d, 0x5b, 0xff, 0x0d, 0x53, 0xff, 0x0d, 0x53, 0xff, 0xed, 0x52, 0xff, 
  0xec, 0x52, 0xff, 0xcc, 0x4a, 0xff, 0xcc, 0x4a, 0xff, 0xac, 0x4a, 0xff, 
  0xab, 0x4a, 0xff, 0xac, 0x4a, 0xff, 0x11, 0x74, 0xff, 0x15, 0x9d, 0xff, 
  0xd4, 0x94, 0xff, 0xf4, 0x94, 0xff, 0xf4, 0x94, 0xff, 0xf4, 0x94, 0xff, 
  0xf4, 0x94, 0xff, 0xf4, 0x94, 0xff, 0xd4, 0x94, 0xfb, 0x76, 0xa5, 0xff, 
  0xd4, 0x94, 0x80, 0x00, 0x00, 0x00, 0xf7, 0xbd, 0x04, 0x00, 0x00, 0x00, 
  0x00, 0x00, 0x00, 0x00, 0x00, 0x00, 0x00, 0x00, 0x00, 0x00, 0x00, 0x00, 
  0x00, 0x00, 0x00, 0x00, 0x00, 0x00, 0x00, 0x00, 0x00, 0x00, 0x00, 0x00, 
  0x00, 0x00, 0x00, 0xff, 0xbd, 0x04, 0x00, 0x00, 0x00, 0x59, 0xbe, 0x80, 
  0xfc, 0xd6, 0xff, 0x59, 0xc6, 0xfb, 0x59, 0xc6, 0xff, 0x59, 0xc6, 0xff, 
  0x59, 0xc6, 0xff, 0x59, 0xc6, 0xff, 0x59, 0xc6, 0xff, 0x59, 0xc6, 0xff, 
  0x59, 0xc6, 0xff, 0x59, 0xc6, 0xff, 0x59, 0xc6, 0xff, 0x59, 0xc6, 0xff, 
  0x59, 0xc6, 0xff, 0x59, 0xc6, 0xff, 0x59, 0xc6, 0xff, 0x59, 0xc6, 0xff, 
  0x59, 0xc6, 0xff, 0x59, 0xc6, 0xff, 0x59, 0xc6, 0xff, 0x59, 0xc6, 0xff, 
  0x59, 0xc6, 0xff, 0x59, 0xc6, 0xff, 0x59, 0xc6, 0xff, 0x59, 0xc6, 0xff, 
  0x59, 0xc6, 0xff, 0x59, 0xc6, 0xff, 0x59, 0xc6, 0xff, 0x59, 0xc6, 0xff, 
  0x59, 0xc6, 0xff, 0x59, 0xc6, 0xff, 0x59, 0xc6, 0xff, 0x59, 0xc6, 0xff, 
  0x59, 0xc6, 0xff, 0x59, 0xc6, 0xff, 0x59, 0xc6, 0xff, 0x59, 0xc6, 0xff, 
  0x59, 0xc6, 0xff, 0x59, 0xc6, 0xff, 0x59, 0xc6, 0xff, 0x59, 0xc6, 0xff, 
  0x59, 0xc6, 0xff, 0x59, 0xc6, 0xff, 0x59, 0xc6, 0xff, 0x59, 0xc6, 0xff, 
  0x59, 0xc6, 0xff, 0x59, 0xc6, 0xff, 0x59, 0xc6, 0xff, 0x59, 0xc6, 0xff, 
  0x59, 0xc6, 0xff, 0x59, 0xbe, 0xff, 0x79, 0xc6, 0xff, 0x39, 0xbe, 0xff, 
  0x15, 0x9d, 0xff, 0xd4, 0x94, 0xff, 0xf4, 0x94, 0xff, 0xf4, 0x94, 0xff, 
  0xf4, 0x94, 0xff, 0xf4, 0x94, 0xff, 0xf4, 0x94, 0xff, 0xf4, 0x94, 0xff, 
  0x15, 0x9d, 0xff, 0xd4, 0x94, 0xff, 0x4e, 0x5b, 0xff, 0x0d, 0x53, 0xff, 
  0x4e, 0x5b, 0xff, 0x4e, 0x5b, 0xff, 0x4e, 0x5b, 0xff, 0x4e, 0x5b, 0xff, 
  0x4e, 0x5b, 0xff, 0x4e, 0x5b, 0xff, 0x4e, 0x5b, 0xff, 0x4e, 0x5b, 0xff, 
  0x4e, 0x5b, 0xff, 0x4e, 0x5b, 0xff, 0x4e, 0x5b, 0xff, 0x4e, 0x5b, 0xff, 
  0x4e, 0x5b, 0xff, 0x4e, 0x5b, 0xff, 0x4e, 0x5b, 0xff, 0x4e, 0x5b, 0xff, 
  0x4e, 0x5b, 0xff, 0x4e, 0x5b, 0xff, 0x6e, 0x63, 0xff, 0x6e, 0x63, 0xff, 
  0x4e, 0x5b, 0xff, 0x4e, 0x5b, 0xff, 0x4e, 0x5b, 0xff, 0x2d, 0x5b, 0xff, 
  0x2d, 0x5b, 0xff, 0x0d, 0x53, 0xff, 0x0d, 0x53, 0xff, 0xed, 0x52, 0xff, 
  0xed, 0x52, 0xff, 0x8b, 0x42, 0xff, 0xd0, 0x73, 0xff, 0x15, 0x9d, 0xff, 
  0xd4, 0x94, 0xff, 0xf4, 0x94, 0xff, 0xf4, 0x94, 0xff, 0xf4, 0x94, 0xff, 
  0xd4, 0x94, 0xff, 0xd4, 0x94, 0xff, 0xd4, 0x94, 0xfb, 0x76, 0xa5, 0xff, 
  0xd4, 0x94, 0x80, 0x00, 0x00, 0x00, 0xf7, 0xbd, 0x04, 0x00, 0x00, 0x00, 
  0x00, 0x00, 0x00, 0x00, 0x00, 0x00, 0x00, 0x00, 0x00, 0x00, 0x00, 0x00, 
  0x00, 0x00, 0x00, 0x00, 0x00, 0x00, 0x00, 0x00, 0x00, 0x00, 0x00, 0x00, 
  0x00, 0x00, 0x00, 0xff, 0xbd, 0x04, 0x00, 0x00, 0x00, 0x59, 0xbe, 0x80, 
  0xfc, 0xd6, 0xff, 0x59, 0xc6, 0xfb, 0x59, 0xc6, 0xff, 0x59, 0xc6, 0xff, 
  0x59, 0xc6, 0xff, 0x59, 0xc6, 0xff, 0x59, 0xc6, 0xff, 0x59, 0xc6, 0xff, 
  0x59, 0xc6, 0xff, 0x59, 0xc6, 0xff, 0x59, 0xc6, 0xff, 0x59, 0xc6, 0xff, 
  0x59, 0xc6, 0xff, 0x59, 0xc6, 0xff, 0x59, 0xc6, 0xff, 0x59, 0xc6, 0xff, 
  0x59, 0xc6, 0xff, 0x59, 0xc6, 0xff, 0x59, 0xc6, 0xff, 0x59, 0xc6, 0xff, 
  0x59, 0xc6, 0xff, 0x59, 0xc6, 0xff, 0x59, 0xc6, 0xff, 0x59, 0xc6, 0xff, 
  0x59, 0xc6, 0xff, 0x59, 0xc6, 0xff, 0x59, 0xc6, 0xff, 0x59, 0xc6, 0xff, 
  0x59, 0xc6, 0xff, 0x59, 0xc6, 0xff, 0x59, 0xc6, 0xff, 0x59, 0xc6, 0xff, 
  0x59, 0xc6, 0xff, 0x59, 0xc6, 0xff, 0x59, 0xc6, 0xff, 0x59, 0xc6, 0xff, 
  0x59, 0xc6, 0xff, 0x59, 0xc6, 0xff, 0x59, 0xc6, 0xff, 0x59, 0xc6, 0xff, 
  0x59, 0xc6, 0xff, 0x59, 0xc6, 0xff, 0x59, 0xc6, 0xff, 0x59, 0xc6, 0xff, 
  0x59, 0xc6, 0xff, 0x59, 0xc6, 0xff, 0x59, 0xc6, 0xff, 0x59, 0xc6, 0xff, 
  0x59, 0xc6, 0xff, 0x59, 0xbe, 0xff, 0x79, 0xc6, 0xff, 0x39, 0xbe, 0xff, 
  0x15, 0x9d, 0xff, 0xd4, 0x94, 0xff, 0xf4, 0x94, 0xff, 0xf4, 0x94, 0xff, 
  0xf4, 0x94, 0xff, 0xf4, 0x94, 0xff, 0xf4, 0x94, 0xff, 0xf4, 0x94, 0xff, 
  0x15, 0x9d, 0xff, 0xd4, 0x94, 0xff, 0x4e, 0x5b, 0xff, 0x0d, 0x53, 0xff, 
  0x4e, 0x5b, 0xff, 0x2e, 0x5b, 0xff, 0x2e, 0x5b, 0xff, 0x2e, 0x5b, 0xff, 
  0x4e, 0x5b, 0xff, 0x4e, 0x5b, 0xff, 0x4e, 0x5b, 0xff, 0x4e, 0x5b, 0xff, 
  0x4e, 0x5b, 0xff, 0x4e, 0x5b, 0xff, 0x4e, 0x5b, 0xff, 0x4e, 0x5b, 0xff, 
  0x4e, 0x5b, 0xff, 0x4e, 0x5b, 0xff, 0x4e, 0x5b, 0xff, 0x4e, 0x5b, 0xff, 
  0x4e, 0x5b, 0xff, 0x4e, 0x5b, 0xff, 0x4e, 0x5b, 0xff, 0x4e, 0x5b, 0xff, 
  0x4e, 0x5b, 0xff, 0x4e, 0x5b, 0xff, 0x2e, 0x5b, 0xff, 0x2d, 0x5b, 0xff, 
  0x2d, 0x53, 0xff, 0x0d, 0x53, 0xff, 0x0d, 0x53, 0xff, 0xed, 0x52, 0xff, 
  0xec, 0x52, 0xff, 0x8b, 0x42, 0xff, 0xd0, 0x73, 0xff, 0x15, 0x9d, 0xff, 
  0xd4, 0x94, 0xff, 0xd4, 0x94, 0xff, 0xd4, 0x94, 0xff, 0xd4, 0x94, 0xff, 
  0xd4, 0x94, 0xff, 0xd4, 0x94, 0xff, 0xd4, 0x94, 0xfb, 0x76, 0xa5, 0xff, 
  0xd4, 0x94, 0x80, 0x00, 0x00, 0x00, 0xf7, 0xbd, 0x04, 0x00, 0x00, 0x00, 
  0x00, 0x00, 0x00, 0x00, 0x00, 0x00, 0x00, 0x00, 0x00, 0x00, 0x00, 0x00, 
  0x00, 0x00, 0x00, 0x00, 0x00, 0x00, 0x00, 0x00, 0x00, 0x00, 0x00, 0x00, 
  0x00, 0x00, 0x00, 0xff, 0xbd, 0x04, 0x00, 0x00, 0x00, 0x59, 0xbe, 0x80, 
  0xfc, 0xd6, 0xff, 0x59, 0xc6, 0xfb, 0x59, 0xc6, 0xff, 0x59, 0xc6, 0xff, 
  0x59, 0xc6, 0xff, 0x59, 0xc6, 0xff, 0x59, 0xc6, 0xff, 0x59, 0xc6, 0xff, 
  0x59, 0xc6, 0xff, 0x59, 0xc6, 0xff, 0x59, 0xc6, 0xff, 0x59, 0xc6, 0xff, 
  0x59, 0xc6, 0xff, 0x59, 0xc6, 0xff, 0x59, 0xc6, 0xff, 0x59, 0xc6, 0xff, 
  0x59, 0xc6, 0xff, 0x59, 0xc6, 0xff, 0x59, 0xc6, 0xff, 0x59, 0xc6, 0xff, 
  0x59, 0xc6, 0xff, 0x59, 0xc6, 0xff, 0x59, 0xc6, 0xff, 0x59, 0xc6, 0xff, 
  0x59, 0xc6, 0xff, 0x59, 0xc6, 0xff, 0x59, 0xc6, 0xff, 0x59, 0xc6, 0xff, 
  0x59, 0xc6, 0xff, 0x59, 0xc6, 0xff, 0x59, 0xc6, 0xff, 0x59, 0xc6, 0xff, 
  0x59, 0xc6, 0xff, 0x59, 0xc6, 0xff, 0x59, 0xc6, 0xff, 0x59, 0xc6, 0xff, 
  0x59, 0xc6, 0xff, 0x59, 0xc6, 0xff, 0x59, 0xc6, 0xff, 0x59, 0xc6, 0xff, 
  0x59, 0xc6, 0xff, 0x59, 0xc6, 0xff, 0x59, 0xc6, 0xff, 0x59, 0xc6, 0xff, 
  0x59, 0xc6, 0xff, 0x59, 0xc6, 0xff, 0x59, 0xc6, 0xff, 0x59, 0xc6, 0xff, 
  0x59, 0xc6, 0xff, 0x59, 0xbe, 0xff, 0x79, 0xc6, 0xff, 0x39, 0xbe, 0xff, 
  0x15, 0x9d, 0xff, 0xd4, 0x94, 0xff, 0xf4, 0x94, 0xff, 0xf4, 0x94, 0xff, 
  0xf4, 0x94, 0xff, 0xf4, 0x94, 0xff, 0xf4, 0x94, 0xff, 0xf4, 0x94, 0xff, 
  0x15, 0x9d, 0xff, 0xd4, 0x94, 0xff, 0x4e, 0x5b, 0xff, 0x0d, 0x53, 0xff, 
  0x4e, 0x5b, 0xff, 0x2e, 0x5b, 0xff, 0x2e, 0x5b, 0xff, 0x2e, 0x5b, 0xff, 
  0x4e, 0x5b, 0xff, 0x4e, 0x5b, 0xff, 0x4e, 0x5b, 0xff, 0x4e, 0x5b, 0xff, 
  0x4e, 0x5b, 0xff, 0x4e, 0x5b, 0xff, 0x4e, 0x5b, 0xff, 0x4e, 0x5b, 0xff, 
  0x4e, 0x5b, 0xff, 0x4e, 0x5b, 0xff, 0x4e, 0x5b, 0xff, 0x4e, 0x5b, 0xff, 
  0x4e, 0x5b, 0xff, 0x4e, 0x5b, 0xff, 0x4e, 0x5b, 0xff, 0x4e, 0x5b, 0xff, 
  0x4e, 0x5b, 0xff, 0x4e, 0x5b, 0xff, 0x2e, 0x5b, 0xff, 0x2d, 0x5b, 0xff, 
  0x2d, 0x53, 0xff, 0x0d, 0x53, 0xff, 0x0d, 0x53, 0xff, 0xed, 0x52, 0xff, 
  0xec, 0x52, 0xff, 0xab, 0x42, 0xff, 0xd0, 0x73, 0xff, 0x15, 0x9d, 0xff, 
  0xd4, 0x94, 0xff, 0xd4, 0x94, 0xff, 0xd4, 0x94, 0xff, 0xd4, 0x94, 0xff, 
  0xd4, 0x94, 0xff, 0xd4, 0x94, 0xff, 0xd4, 0x94, 0xfb, 0x56, 0xa5, 0xff, 
  0xd4, 0x94, 0x80, 0x00, 0x00, 0x00, 0xf7, 0xbd, 0x04, 0x00, 0x00, 0x00, 
  0x00, 0x00, 0x00, 0x00, 0x00, 0x00, 0x00, 0x00, 0x00, 0x00, 0x00, 0x00, 
  0x00, 0x00, 0x00, 0x00, 0x00, 0x00, 0x00, 0x00, 0x00, 0x00, 0x00, 0x00, 
  0x00, 0x00, 0x00, 0xff, 0xbd, 0x04, 0x00, 0x00, 0x00, 0x59, 0xbe, 0x80, 
  0xfc, 0xd6, 0xff, 0x59, 0xc6, 0xfb, 0x59, 0xc6, 0xff, 0x59, 0xc6, 0xff, 
  0x59, 0xc6, 0xff, 0x59, 0xc6, 0xff, 0x59, 0xc6, 0xff, 0x59, 0xc6, 0xff, 
  0x59, 0xc6, 0xff, 0x59, 0xc6, 0xff, 0x59, 0xc6, 0xff, 0x59, 0xc6, 0xff, 
  0x59, 0xc6, 0xff, 0x59, 0xc6, 0xff, 0x59, 0xc6, 0xff, 0x59, 0xc6, 0xff, 
  0x59, 0xc6, 0xff, 0x59, 0xc6, 0xff, 0x59, 0xc6, 0xff, 0x59, 0xc6, 0xff, 
  0x59, 0xc6, 0xff, 0x59, 0xc6, 0xff, 0x59, 0xc6, 0xff, 0x59, 0xc6, 0xff, 
  0x59, 0xc6, 0xff, 0x59, 0xc6, 0xff, 0x59, 0xc6, 0xff, 0x59, 0xc6, 0xff, 
  0x59, 0xc6, 0xff, 0x59, 0xc6, 0xff, 0x59, 0xc6, 0xff, 0x59, 0xc6, 0xff, 
  0x59, 0xc6, 0xff, 0x59, 0xc6, 0xff, 0x59, 0xc6, 0xff, 0x59, 0xc6, 0xff, 
  0x59, 0xc6, 0xff, 0x59, 0xc6, 0xff, 0x59, 0xc6, 0xff, 0x59, 0xc6, 0xff, 
  0x59, 0xc6, 0xff, 0x59, 0xc6, 0xff, 0x59, 0xc6, 0xff, 0x59, 0xc6, 0xff, 
  0x59, 0xc6, 0xff, 0x59, 0xc6, 0xff, 0x59, 0xc6, 0xff, 0x59, 0xc6, 0xff, 
  0x59, 0xc6, 0xff, 0x59, 0xbe, 0xff, 0x79, 0xc6, 0xff, 0x39, 0xbe, 0xff, 
  0x15, 0x9d, 0xff, 0xd4, 0x94, 0xff, 0xf4, 0x94, 0xff, 0xf4, 0x94, 0xff, 
  0xf4, 0x94, 0xff, 0xf4, 0x94, 0xff, 0xf4, 0x94, 0xff, 0xf4, 0x94, 0xff, 
  0x15, 0x9d, 0xff, 0xd4, 0x94, 0xff, 0x4e, 0x5b, 0xff, 0x0d, 0x53, 0xff, 
  0x4e, 0x5b, 0xff, 0x4e, 0x5b, 0xff, 0x4e, 0x5b, 0xff, 0x4e, 0x5b, 0xff, 
  0x4e, 0x5b, 0xff, 0x4e, 0x5b, 0xff, 0x4e, 0x5b, 0xff, 0x4e, 0x5b, 0xff, 
  0x4e, 0x5b, 0xff, 0x4e, 0x5b, 0xff, 0x4e, 0x5b, 0xff, 0x4e, 0x5b, 0xff, 
  0x4e, 0x5b, 0xff, 0x4e, 0x5b, 0xff, 0x4e, 0x5b, 0xff, 0x4e, 0x5b, 0xff, 
  0x4e, 0x5b, 0xff, 0x4e, 0x5b, 0xff, 0x6e, 0x63, 0xff, 0x6e, 0x63, 0xff, 
  0x4e, 0x5b, 0xff, 0x4e, 0x5b, 0xff, 0x4e, 0x5b, 0xff, 0x2d, 0x5b, 0xff, 
  0x2d, 0x5b, 0xff, 0x0d, 0x53, 0xff, 0x0d, 0x53, 0xff, 0x0d, 0x53, 0xff, 
  0xed, 0x52, 0xff, 0x8b, 0x42, 0xff, 0xd0, 0x6b, 0xff, 0x15, 0x9d, 0xff, 
  0xd4, 0x94, 0xff, 0xd4, 0x94, 0xff, 0xd4, 0x94, 0xff, 0xd4, 0x94, 0xff, 
  0xd4, 0x94, 0xff, 0xd4, 0x94, 0xff, 0xd4, 0x94, 0xfb, 0x56, 0xa5, 0xff, 
  0xd4, 0x94, 0x80, 0x00, 0x00, 0x00, 0xf7, 0xbd, 0x04, 0x00, 0x00, 0x00, 
  0x00, 0x00, 0x00, 0x00, 0x00, 0x00, 0x00, 0x00, 0x00, 0x00, 0x00, 0x00, 
  0x00, 0x00, 0x00, 0x00, 0x00, 0x00, 0x00, 0x00, 0x00, 0x00, 0x00, 0x00, 
  0x00, 0x00, 0x00, 0xff, 0xbd, 0x04, 0x00, 0x00, 0x00, 0x59, 0xbe, 0x80, 
  0xfc, 0xd6, 0xff, 0x59, 0xc6, 0xfb, 0x59, 0xc6, 0xff, 0x59, 0xc6, 0xff, 
  0x59, 0xc6, 0xff, 0x59, 0xc6, 0xff, 0x59, 0xc6, 0xff, 0x59, 0xc6, 0xff, 
  0x59, 0xc6, 0xff, 0x59, 0xc6, 0xff, 0x59, 0xc6, 0xff, 0x59, 0xc6, 0xff, 
  0x59, 0xc6, 0xff, 0x59, 0xc6, 0xff, 0x59, 0xc6, 0xff, 0x59, 0xc6, 0xff, 
  0x59, 0xc6, 0xff, 0x59, 0xc6, 0xff, 0x59, 0xc6, 0xff, 0x59, 0xc6, 0xff, 
  0x59, 0xc6, 0xff, 0x59, 0xc6, 0xff, 0x59, 0xc6, 0xff, 0x59, 0xc6, 0xff, 
  0x59, 0xc6, 0xff, 0x59, 0xc6, 0xff, 0x59, 0xc6, 0xff, 0x59, 0xc6, 0xff, 
  0x59, 0xc6, 0xff, 0x59, 0xc6, 0xff, 0x59, 0xc6, 0xff, 0x59, 0xc6, 0xff, 
  0x59, 0xc6, 0xff, 0x59, 0xc6, 0xff, 0x59, 0xc6, 0xff, 0x59, 0xc6, 0xff, 
  0x59, 0xc6, 0xff, 0x59, 0xc6, 0xff, 0x59, 0xc6, 0xff, 0x59, 0xc6, 0xff, 
  0x59, 0xc6, 0xff, 0x59, 0xc6, 0xff, 0x59, 0xc6, 0xff, 0x59, 0xc6, 0xff, 
  0x59, 0xc6, 0xff, 0x59, 0xc6, 0xff, 0x59, 0xc6, 0xff, 0x59, 0xc6, 0xff, 
  0x59, 0xc6, 0xff, 0x59, 0xbe, 0xff, 0x79, 0xc6, 0xff, 0x39, 0xbe, 0xff, 
  0x15, 0x9d, 0xff, 0xd4, 0x94, 0xff, 0xf4, 0x94, 0xff, 0xf4, 0x94, 0xff, 
  0xf4, 0x94, 0xff, 0xf4, 0x94, 0xff, 0xf4, 0x94, 0xff, 0xd4, 0x94, 0xff, 
  0x15, 0x9d, 0xff, 0xd4, 0x94, 0xff, 0x4e, 0x5b, 0xff, 0xed, 0x52, 0xff, 
  0x2d, 0x53, 0xff, 0x2d, 0x53, 0xff, 0x0d, 0x53, 0xff, 0x0d, 0x53, 0xff, 
  0x2d, 0x5b, 0xff, 0x2d, 0x5b, 0xff, 0x2d, 0x5b, 0xff, 0x2d, 0x5b, 0xff, 
  0x2d, 0x5b, 0xff, 0x2d, 0x5b, 0xff, 0x2d, 0x5b, 0xff, 0x2d, 0x5b, 0xff, 
  0x2d, 0x5b, 0xff, 0x2d, 0x5b, 0xff, 0x2d, 0x5b, 0xff, 0x2d, 0x5b, 0xff, 
  0x2d, 0x5b, 0xff, 0x2d, 0x5b, 0xff, 0x4e, 0x5b, 0xff, 0x4e, 0x5b, 0xff, 
  0x2d, 0x5b, 0xff, 0x2d, 0x5b, 0xff, 0x0d, 0x53, 0xff, 0x0d, 0x53, 0xff, 
  0x0d, 0x53, 0xff, 0xec, 0x52, 0xff, 0xec, 0x4a, 0xff, 0xcc, 0x4a, 0xff, 
  0xcc, 0x4a, 0xff, 0x8b, 0x42, 0xff, 0xd0, 0x73, 0xff, 0x15, 0x9d, 0xff, 
  0xd4, 0x94, 0xff, 0xd4, 0x94, 0xff, 0xd4, 0x94, 0xff, 0xd4, 0x94, 0xff, 
  0xd4, 0x94, 0xff, 0xd4, 0x94, 0xff, 0xd4, 0x94, 0xfb, 0x56, 0xa5, 0xff, 
  0xd4, 0x94, 0x80, 0x00, 0x00, 0x00, 0xf7, 0xbd, 0x04, 0x00, 0x00, 0x00, 
  0x00, 0x00, 0x00, 0x00, 0x00, 0x00, 0x00, 0x00, 0x00, 0x00, 0x00, 0x00, 
  0x00, 0x00, 0x00, 0x00, 0x00, 0x00, 0x00, 0x00, 0x00, 0x00, 0x00, 0x00, 
  0x00, 0x00, 0x00, 0xff, 0xbd, 0x04, 0x00, 0x00, 0x00, 0x59, 0xbe, 0x80, 
  0xfc, 0xd6, 0xff, 0x59, 0xc6, 0xfb, 0x59, 0xc6, 0xff, 0x59, 0xc6, 0xff, 
  0x59, 0xc6, 0xff, 0x59, 0xc6, 0xff, 0x59, 0xc6, 0xff, 0x59, 0xc6, 0xff, 
  0x59, 0xc6, 0xff, 0x59, 0xc6, 0xff, 0x59, 0xc6, 0xff, 0x59, 0xc6, 0xff, 
  0x59, 0xc6, 0xff, 0x59, 0xc6, 0xff, 0x59, 0xc6, 0xff, 0x59, 0xc6, 0xff, 
  0x59, 0xc6, 0xff, 0x59, 0xc6, 0xff, 0x59, 0xc6, 0xff, 0x59, 0xc6, 0xff, 
  0x59, 0xc6, 0xff, 0x59, 0xc6, 0xff, 0x59, 0xc6, 0xff, 0x59, 0xc6, 0xff, 
  0x59, 0xc6, 0xff, 0x59, 0xc6, 0xff, 0x59, 0xc6, 0xff, 0x59, 0xc6, 0xff, 
  0x59, 0xc6, 0xff, 0x59, 0xc6, 0xff, 0x59, 0xc6, 0xff, 0x59, 0xc6, 0xff, 
  0x59, 0xc6, 0xff, 0x59, 0xc6, 0xff, 0x59, 0xc6, 0xff, 0x59, 0xc6, 0xff, 
  0x59, 0xc6, 0xff, 0x59, 0xc6, 0xff, 0x59, 0xc6, 0xff, 0x59, 0xc6, 0xff, 
  0x59, 0xc6, 0xff, 0x59, 0xc6, 0xff, 0x59, 0xc6, 0xff, 0x59, 0xc6, 0xff, 
  0x59, 0xc6, 0xff, 0x59, 0xc6, 0xff, 0x59, 0xc6, 0xff, 0x59, 0xc6, 0xff, 
  0x59, 0xc6, 0xff, 0x59, 0xbe, 0xff, 0x79, 0xc6, 0xff, 0x39, 0xbe, 0xff, 
  0xf5, 0x94, 0xff, 0xd4, 0x94, 0xff, 0xf4, 0x94, 0xff, 0xf4, 0x94, 0xff, 
  0xf4, 0x94, 0xff, 0xf4, 0x94, 0xff, 0xf4, 0x94, 0xff, 0xd4, 0x94, 0xff, 
  0xf4, 0x94, 0xff, 0xd4, 0x94, 0xff, 0xd0, 0x73, 0xff, 0x4e, 0x5b, 0xff, 
  0x4e, 0x5b, 0xff, 0x6e, 0x63, 0xff, 0x4e, 0x5b, 0xff, 0x4e, 0x5b, 0xff, 
  0x6e, 0x63, 0xff, 0x6e, 0x63, 0xff, 0x6e, 0x63, 0xff, 0x6e, 0x63, 0xff, 
  0x6e, 0x63, 0xff, 0x6e, 0x63, 0xff, 0x6e, 0x63, 0xff, 0x6e, 0x63, 0xff, 
  0x6e, 0x63, 0xff, 0x6e, 0x63, 0xff, 0x6e, 0x63, 0xff, 0x6e, 0x63, 0xff, 
  0x6e, 0x63, 0xff, 0x6e, 0x63, 0xff, 0x6e, 0x63, 0xff, 0x6e, 0x63, 0xff, 
  0x6e, 0x63, 0xff, 0x6e, 0x63, 0xff, 0x4e, 0x5b, 0xff, 0x4e, 0x5b, 0xff, 
  0x4e, 0x5b, 0xff, 0x2d, 0x5b, 0xff, 0x2d, 0x5b, 0xff, 0x0d, 0x53, 0xff, 
  0x0d, 0x53, 0xff, 0x2d, 0x5b, 0xff, 0x31, 0x7c, 0xff, 0xf4, 0x94, 0xff, 
  0xd4, 0x94, 0xff, 0xd4, 0x94, 0xff, 0xd4, 0x94, 0xff, 0xd4, 0x94, 0xff, 
  0xd4, 0x94, 0xff, 0xd4, 0x94, 0xff, 0xd4, 0x94, 0xfb, 0x56, 0xa5, 0xff, 
  0xd4, 0x94, 0x80, 0x00, 0x00, 0x00, 0xf7, 0xbd, 0x04, 0x00, 0x00, 0x00, 
  0x00, 0x00, 0x00, 0x00, 0x00, 0x00, 0x00, 0x00, 0x00, 0x00, 0x00, 0x00, 
  0x00, 0x00, 0x00, 0x00, 0x00, 0x00, 0x00, 0x00, 0x00, 0x00, 0x00, 0x00, 
  0x00, 0x00, 0x00, 0xff, 0xbd, 0x04, 0x00, 0x00, 0x00, 0x59, 0xbe, 0x80, 
  0xfc, 0xd6, 0xff, 0x59, 0xc6, 0xfb, 0x59, 0xc6, 0xff, 0x59, 0xc6, 0xff, 
  0x59, 0xc6, 0xff, 0x59, 0xc6, 0xff, 0x59, 0xc6, 0xff, 0x59, 0xc6, 0xff, 
  0x59, 0xc6, 0xff, 0x59, 0xc6, 0xff, 0x59, 0xc6, 0xff, 0x59, 0xc6, 0xff, 
  0x59, 0xc6, 0xff, 0x59, 0xc6, 0xff, 0x59, 0xc6, 0xff, 0x59, 0xc6, 0xff, 
  0x59, 0xc6, 0xff, 0x59, 0xc6, 0xff, 0x59, 0xc6, 0xff, 0x59, 0xc6, 0xff, 
  0x59, 0xc6, 0xff, 0x59, 0xc6, 0xff, 0x59, 0xc6, 0xff, 0x59, 0xc6, 0xff, 
  0x59, 0xc6, 0xff, 0x59, 0xc6, 0xff, 0x59, 0xc6, 0xff, 0x59, 0xc6, 0xff, 
  0x59, 0xc6, 0xff, 0x59, 0xc6, 0xff, 0x59, 0xc6, 0xff, 0x59, 0xc6, 0xff, 
  0x59, 0xc6, 0xff, 0x59, 0xc6, 0xff, 0x59, 0xc6, 0xff, 0x59, 0xc6, 0xff, 
  0x59, 0xc6, 0xff, 0x59, 0xc6, 0xff, 0x59, 0xc6, 0xff, 0x59, 0xc6, 0xff, 
  0x59, 0xc6, 0xff, 0x59, 0xc6, 0xff, 0x59, 0xc6, 0xff, 0x59, 0xc6, 0xff, 
  0x59, 0xc6, 0xff, 0x59, 0xc6, 0xff, 0x59, 0xc6, 0xff, 0x59, 0xc6, 0xff, 
  0x59, 0xc6, 0xff, 0x59, 0xbe, 0xff, 0x79, 0xc6, 0xff, 0x39, 0xbe, 0xff, 
  0xf4, 0x94, 0xff, 0xd4, 0x94, 0xff, 0xf4, 0x94, 0xff, 0xf4, 0x94, 0xff, 
  0xd4, 0x94, 0xff, 0xd4, 0x94, 0xff, 0xd4, 0x94, 0xff, 0xd4, 0x94, 0xff, 
  0xd4, 0x94, 0xff, 0xd4, 0x94, 0xff, 0xd4, 0x94, 0xff, 0xb4, 0x8c, 0xff, 
  0xb4, 0x8c, 0xff, 0xb4, 0x8c, 0xff, 0xb4, 0x8c, 0xff, 0xb3, 0x8c, 0xff, 
  0xb3, 0x8c, 0xff, 0xb3, 0x8c, 0xff, 0xb3, 0x8c, 0xff, 0xb3, 0x8c, 0xff, 
  0xb3, 0x8c, 0xff, 0xb3, 0x8c, 0xff, 0xb3, 0x8c, 0xff, 0xb3, 0x8c, 0xff, 
  0xb3, 0x8c, 0xff, 0xb4, 0x8c, 0xff, 0xb4, 0x8c, 0xff, 0xb4, 0x8c, 0xff, 
  0xb4, 0x8c, 0xff, 0xb4, 0x8c, 0xff, 0xb4, 0x8c, 0xff, 0xb4, 0x8c, 0xff, 
  0xb4, 0x8c, 0xff, 0xb3, 0x8c, 0xff, 0xb3, 0x8c, 0xff, 0xb3, 0x8c, 0xff, 
  0xb3, 0x8c, 0xff, 0xb3, 0x8c, 0xff, 0xb3, 0x8c, 0xff, 0xb3, 0x8c, 0xff, 
  0xb3, 0x8c, 0xff, 0xb3, 0x8c, 0xff, 0xd4, 0x94, 0xff, 0xd4, 0x94, 0xff, 
  0xd4, 0x94, 0xff, 0xd4, 0x94, 0xff, 0xd4, 0x94, 0xff, 0xd4, 0x94, 0xff, 
  0xd4, 0x94, 0xff, 0xd4, 0x94, 0xff, 0xd4, 0x94, 0xfb, 0x56, 0xa5, 0xff, 
  0xd4, 0x94, 0x80, 0x00, 0x00, 0x00, 0xf7, 0xbd, 0x04, 0x00, 0x00, 0x00, 
  0x00, 0x00, 0x00, 0x00, 0x00, 0x00, 0x00, 0x00, 0x00, 0x00, 0x00, 0x00, 
  0x00, 0x00, 0x00, 0x00, 0x00, 0x00, 0x00, 0x00, 0x00, 0x00, 0x00, 0x00, 
  0x00, 0x00, 0x00, 0xff, 0xbd, 0x04, 0x00, 0x00, 0x00, 0x59, 0xbe, 0x80, 
  0xfc, 0xd6, 0xff, 0x59, 0xc6, 0xfb, 0x59, 0xc6, 0xff, 0x59, 0xc6, 0xff, 
  0x59, 0xc6, 0xff, 0x59, 0xc6, 0xff, 0x59, 0xc6, 0xff, 0x59, 0xc6, 0xff, 
  0x59, 0xc6, 0xff, 0x59, 0xc6, 0xff, 0x59, 0xc6, 0xff, 0x59, 0xc6, 0xff, 
  0x59, 0xc6, 0xff, 0x59, 0xc6, 0xff, 0x59, 0xc6, 0xff, 0x59, 0xc6, 0xff, 
  0x59, 0xc6, 0xff, 0x59, 0xc6, 0xff, 0x59, 0xc6, 0xff, 0x59, 0xc6, 0xff, 
  0x59, 0xc6, 0xff, 0x59, 0xc6, 0xff, 0x59, 0xc6, 0xff, 0x59, 0xc6, 0xff, 
  0x59, 0xc6, 0xff, 0x59, 0xc6, 0xff, 0x59, 0xc6, 0xff, 0x59, 0xc6, 0xff, 
  0x59, 0xc6, 0xff, 0x59, 0xc6, 0xff, 0x59, 0xc6, 0xff, 0x59, 0xc6, 0xff, 
  0x59, 0xc6, 0xff, 0x59, 0xc6, 0xff, 0x59, 0xc6, 0xff, 0x59, 0xc6, 0xff, 
  0x59, 0xc6, 0xff, 0x59, 0xc6, 0xff, 0x59, 0xc6, 0xff, 0x59, 0xc6, 0xff, 
  0x59, 0xc6, 0xff, 0x59, 0xc6, 0xff, 0x59, 0xc6, 0xff, 0x59, 0xc6, 0xff, 
  0x59, 0xc6, 0xff, 0x59, 0xc6, 0xff, 0x59, 0xc6, 0xff, 0x59, 0xc6, 0xff, 
  0x59, 0xc6, 0xff, 0x59, 0xbe, 0xff, 0x79, 0xc6, 0xff, 0x39, 0xbe, 0xff, 
  0xf4, 0x94, 0xff, 0xd4, 0x94, 0xff, 0xf4, 0x94, 0xff, 0xd4, 0x94, 0xff, 
  0xd4, 0x94, 0xff, 0xd4, 0x94, 0xff, 0xd4, 0x94, 0xff, 0xd4, 0x94, 0xff, 
  0xd4, 0x94, 0xff, 0xd4, 0x94, 0xff, 0xf4, 0x94, 0xff, 0xf4, 0x94, 0xff, 
  0xf4, 0x94, 0xff, 0xf4, 0x94, 0xff, 0xf4, 0x94, 0xff, 0xf4, 0x94, 0xff, 
  0xf4, 0x94, 0xff, 0xf4, 0x94, 0xff, 0xf4, 0x94, 0xff, 0xf4, 0x94, 0xff, 
  0xf4, 0x94, 0xff, 0xf4, 0x94, 0xff, 0xf4, 0x94, 0xff, 0xf4, 0x94, 0xff, 
  0xf4, 0x94, 0xff, 0xf4, 0x94, 0xff, 0xf4, 0x94, 0xff, 0xf4, 0x94, 0xff, 
  0xf4, 0x94, 0xff, 0xf4, 0x94, 0xff, 0xf4, 0x94, 0xff, 0xf4, 0x94, 0xff, 
  0xf4, 0x94, 0xff, 0xf4, 0x94, 0xff, 0xf4, 0x94, 0xff, 0xf4, 0x94, 0xff, 
  0xf4, 0x94, 0xff, 0xf4, 0x94, 0xff, 0xf4, 0x94, 0xff, 0xf4, 0x94, 0xff, 
  0xf4, 0x94, 0xff, 0xf4, 0x94, 0xff, 0xd4, 0x94, 0xff, 0xd4, 0x94, 0xff, 
  0xd4, 0x94, 0xff, 0xd4, 0x94, 0xff, 0xd4, 0x94, 0xff, 0xd4, 0x94, 0xff, 
  0xd4, 0x94, 0xff, 0xd4, 0x94, 0xff, 0xd4, 0x94, 0xfb, 0x56, 0xa5, 0xff, 
  0xd4, 0x94, 0x80, 0x00, 0x00, 0x00, 0xf7, 0xbd, 0x04, 0x00, 0x00, 0x00, 
  0x00, 0x00, 0x00, 0x00, 0x00, 0x00, 0x00, 0x00, 0x00, 0x00, 0x00, 0x00, 
  0x00, 0x00, 0x00, 0x00, 0x00, 0x00, 0x00, 0x00, 0x00, 0x00, 0x00, 0x00, 
  0x00, 0x00, 0x00, 0xff, 0xbd, 0x04, 0x00, 0x00, 0x00, 0x59, 0xbe, 0x80, 
  0xfc, 0xd6, 0xff, 0x59, 0xc6, 0xfb, 0x59, 0xc6, 0xff, 0x59, 0xc6, 0xff, 
  0x59, 0xc6, 0xff, 0x59, 0xc6, 0xff, 0x59, 0xc6, 0xff, 0x59, 0xc6, 0xff, 
  0x59, 0xc6, 0xff, 0x59, 0xc6, 0xff, 0x59, 0xc6, 0xff, 0x59, 0xc6, 0xff, 
  0x59, 0xc6, 0xff, 0x59, 0xc6, 0xff, 0x59, 0xc6, 0xff, 0x59, 0xc6, 0xff, 
  0x59, 0xc6, 0xff, 0x59, 0xc6, 0xff, 0x59, 0xc6, 0xff, 0x59, 0xc6, 0xff, 
  0x59, 0xc6, 0xff, 0x59, 0xc6, 0xff, 0x59, 0xc6, 0xff, 0x59, 0xc6, 0xff, 
  0x59, 0xc6, 0xff, 0x59, 0xc6, 0xff, 0x59, 0xc6, 0xff, 0x59, 0xc6, 0xff, 
  0x59, 0xc6, 0xff, 0x59, 0xc6, 0xff, 0x59, 0xc6, 0xff, 0x59, 0xc6, 0xff, 
  0x59, 0xc6, 0xff, 0x59, 0xc6, 0xff, 0x59, 0xc6, 0xff, 0x59, 0xc6, 0xff, 
  0x59, 0xc6, 0xff, 0x59, 0xc6, 0xff, 0x59, 0xc6, 0xff, 0x59, 0xc6, 0xff, 
  0x59, 0xc6, 0xff, 0x59, 0xc6, 0xff, 0x59, 0xc6, 0xff, 0x59, 0xc6, 0xff, 
  0x59, 0xc6, 0xff, 0x59, 0xc6, 0xff, 0x59, 0xc6, 0xff, 0x59, 0xc6, 0xff, 
  0x59, 0xc6, 0xff, 0x59, 0xbe, 0xff, 0x79, 0xc6, 0xff, 0x39, 0xbe, 0xff, 
  0xf4, 0x94, 0xff, 0xd4, 0x94, 0xff, 0xf4, 0x94, 0xff, 0xd4, 0x94, 0xff, 
  0xd4, 0x94, 0xff, 0xd4, 0x94, 0xff, 0xd4, 0x94, 0xff, 0xd4, 0x94, 0xff, 
  0xd4, 0x94, 0xff, 0xd4, 0x94, 0xff, 0xd4, 0x94, 0xff, 0xd4, 0x94, 0xff, 
  0xd4, 0x94, 0xff, 0xd4, 0x94, 0xff, 0xd4, 0x94, 0xff, 0xd4, 0x94, 0xff, 
  0xd4, 0x94, 0xff, 0xd4, 0x94, 0xff, 0xd4, 0x94, 0xff, 0xd4, 0x94, 0xff, 
  0xd4, 0x94, 0xff, 0xd4, 0x94, 0xff, 0xd4, 0x94, 0xff, 0xd4, 0x94, 0xff, 
  0xd4, 0x94, 0xff, 0xd4, 0x94, 0xff, 0xd4, 0x94, 0xff, 0xd4, 0x94, 0xff, 
  0xd4, 0x94, 0xff, 0xd4, 0x94, 0xff, 0xd4, 0x94, 0xff, 0xd4, 0x94, 0xff, 
  0xd4, 0x94, 0xff, 0xd4, 0x94, 0xff, 0xd4, 0x94, 0xff, 0xd4, 0x94, 0xff, 
  0xd4, 0x8c, 0xff, 0xb4, 0x8c, 0xff, 0xb4, 0x8c, 0xff, 0xd4, 0x8c, 0xff, 
  0xb4, 0x8c, 0xff, 0xd4, 0x8c, 0xff, 0xd4, 0x94, 0xff, 0xd4, 0x94, 0xff, 
  0xd4, 0x94, 0xff, 0xd4, 0x94, 0xff, 0xd4, 0x94, 0xff, 0xd4, 0x94, 0xff, 
  0xd4, 0x94, 0xff, 0xd4, 0x94, 0xff, 0xd4, 0x94, 0xfb, 0x56, 0xa5, 0xff, 
  0xb4, 0x8c, 0x80, 0x00, 0x00, 0x00, 0xf7, 0xbd, 0x04, 0x00, 0x00, 0x00, 
  0x00, 0x00, 0x00, 0x00, 0x00, 0x00, 0x00, 0x00, 0x00, 0x00, 0x00, 0x00, 
  0x00, 0x00, 0x00, 0x00, 0x00, 0x00, 0x00, 0x00, 0x00, 0x00, 0x00, 0x00, 
  0x00, 0x00, 0x00, 0xff, 0xbd, 0x04, 0x00, 0x00, 0x00, 0x59, 0xbe, 0x80, 
  0xfc, 0xd6, 0xff, 0x59, 0xc6, 0xfb, 0x59, 0xc6, 0xff, 0x59, 0xc6, 0xff, 
  0x59, 0xc6, 0xff, 0x59, 0xc6, 0xff, 0x59, 0xc6, 0xff, 0x59, 0xc6, 0xff, 
  0x59, 0xc6, 0xff, 0x59, 0xc6, 0xff, 0x59, 0xc6, 0xff, 0x59, 0xc6, 0xff, 
  0x59, 0xc6, 0xff, 0x59, 0xc6, 0xff, 0x59, 0xc6, 0xff, 0x59, 0xc6, 0xff, 
  0x59, 0xc6, 0xff, 0x59, 0xc6, 0xff, 0x59, 0xc6, 0xff, 0x59, 0xc6, 0xff, 
  0x59, 0xc6, 0xff, 0x59, 0xc6, 0xff, 0x59, 0xc6, 0xff, 0x59, 0xc6, 0xff, 
  0x59, 0xc6, 0xff, 0x59, 0xc6, 0xff, 0x59, 0xc6, 0xff, 0x59, 0xc6, 0xff, 
  0x59, 0xc6, 0xff, 0x59, 0xc6, 0xff, 0x59, 0xc6, 0xff, 0x59, 0xc6, 0xff, 
  0x59, 0xc6, 0xff, 0x59, 0xc6, 0xff, 0x59, 0xc6, 0xff, 0x59, 0xc6, 0xff, 
  0x59, 0xc6, 0xff, 0x59, 0xc6, 0xff, 0x59, 0xc6, 0xff, 0x59, 0xc6, 0xff, 
  0x59, 0xc6, 0xff, 0x59, 0xc6, 0xff, 0x59, 0xc6, 0xff, 0x59, 0xc6, 0xff, 
  0x59, 0xc6, 0xff, 0x59, 0xc6, 0xff, 0x59, 0xc6, 0xff, 0x59, 0xc6, 0xff, 
  0x59, 0xc6, 0xff, 0x59, 0xbe, 0xff, 0x79, 0xc6, 0xff, 0x39, 0xbe, 0xff, 
  0xf4, 0x94, 0xff, 0xd4, 0x94, 0xff, 0xf4, 0x94, 0xff, 0xd4, 0x94, 0xff, 
  0xd4, 0x94, 0xff, 0xd4, 0x94, 0xff, 0xd4, 0x94, 0xff, 0xd4, 0x94, 0xff, 
  0xd4, 0x94, 0xff, 0xd4, 0x94, 0xff, 0xd4, 0x94, 0xff, 0xd4, 0x94, 0xff, 
  0xd4, 0x94, 0xff, 0xd4, 0x94, 0xff, 0xd4, 0x94, 0xff, 0xd4, 0x94, 0xff, 
  0xd4, 0x94, 0xff, 0xd4, 0x94, 0xff, 0xd4, 0x94, 0xff, 0xd4, 0x94, 0xff, 
  0xd4, 0x94, 0xff, 0xd4, 0x94, 0xff, 0xd4, 0x94, 0xff, 0xd4, 0x94, 0xff, 
  0xd4, 0x94, 0xff, 0xd4, 0x94, 0xff, 0xd4, 0x94, 0xff, 0xd4, 0x94, 0xff, 
  0xd4, 0x94, 0xff, 0xd4, 0x94, 0xff, 0xd4, 0x94, 0xff, 0xd4, 0x94, 0xff, 
  0xd4, 0x94, 0xff, 0xd4, 0x94, 0xff, 0xd4, 0x94, 0xff, 0xd4, 0x94, 0xff, 
  0xd4, 0x94, 0xff, 0xd4, 0x94, 0xff, 0xd4, 0x94, 0xff, 0xd4, 0x94, 0xff, 
  0xd4, 0x94, 0xff, 0xd4, 0x94, 0xff, 0xd4, 0x94, 0xff, 0xd4, 0x94, 0xff, 
  0xd4, 0x94, 0xff, 0xd4, 0x94, 0xff, 0xd4, 0x94, 0xff, 0xd4, 0x94, 0xff, 
  0xd4, 0x94, 0xff, 0xd4, 0x94, 0xff, 0xb4, 0x94, 0xfb, 0x56, 0xa5, 0xff, 
  0xb4, 0x8c, 0x80, 0x00, 0x00, 0x00, 0xf7, 0x7d, 0x04, 0x00, 0x00, 0x00, 
  0x00, 0x00, 0x00, 0x00, 0x00, 0x00, 0x00, 0x00, 0x00, 0x00, 0x00, 0x00, 
  0x00, 0x00, 0x00, 0x00, 0x00, 0x00, 0x00, 0x00, 0x00, 0x00, 0x00, 0x00, 
  0x00, 0x00, 0x00, 0xff, 0xbd, 0x04, 0x00, 0x00, 0x00, 0x59, 0xbe, 0x80, 
  0xfc, 0xd6, 0xff, 0x59, 0xc6, 0xfb, 0x59, 0xc6, 0xff, 0x59, 0xc6, 0xff, 
  0x59, 0xc6, 0xff, 0x59, 0xc6, 0xff, 0x59, 0xc6, 0xff, 0x59, 0xc6, 0xff, 
  0x59, 0xc6, 0xff, 0x59, 0xc6, 0xff, 0x59, 0xc6, 0xff, 0x59, 0xc6, 0xff, 
  0x59, 0xc6, 0xff, 0x59, 0xc6, 0xff, 0x59, 0xc6, 0xff, 0x59, 0xc6, 0xff, 
  0x59, 0xc6, 0xff, 0x59, 0xc6, 0xff, 0x59, 0xc6, 0xff, 0x59, 0xc6, 0xff, 
  0x59, 0xc6, 0xff, 0x59, 0xc6, 0xff, 0x59, 0xc6, 0xff, 0x59, 0xc6, 0xff, 
  0x59, 0xc6, 0xff, 0x59, 0xc6, 0xff, 0x59, 0xc6, 0xff, 0x59, 0xc6, 0xff, 
  0x59, 0xc6, 0xff, 0x59, 0xc6, 0xff, 0x59, 0xc6, 0xff, 0x59, 0xc6, 0xff, 
  0x59, 0xc6, 0xff, 0x59, 0xc6, 0xff, 0x59, 0xc6, 0xff, 0x59, 0xc6, 0xff, 
  0x59, 0xc6, 0xff, 0x59, 0xc6, 0xff, 0x59, 0xc6, 0xff, 0x59, 0xc6, 0xff, 
  0x59, 0xc6, 0xff, 0x59, 0xc6, 0xff, 0x59, 0xc6, 0xff, 0x59, 0xc6, 0xff, 
  0x59, 0xc6, 0xff, 0x59, 0xc6, 0xff, 0x59, 0xc6, 0xff, 0x59, 0xc6, 0xff, 
  0x59, 0xc6, 0xff, 0x59, 0xbe, 0xff, 0x79, 0xc6, 0xff, 0x39, 0xbe, 0xff, 
  0xf4, 0x94, 0xff, 0xb4, 0x8c, 0xff, 0xd4, 0x94, 0xff, 0xd4, 0x94, 0xff, 
  0xd4, 0x94, 0xff, 0xd4, 0x94, 0xff, 0xd4, 0x94, 0xff, 0xd4, 0x94, 0xff, 
  0xd4, 0x94, 0xff, 0xd4, 0x94, 0xff, 0xd4, 0x94, 0xff, 0xd4, 0x94, 0xff, 
  0xd4, 0x94, 0xff, 0xd4, 0x94, 0xff, 0xd4, 0x94, 0xff, 0xd4, 0x94, 0xff, 
  0xd4, 0x94, 0xff, 0xd4, 0x94, 0xff, 0xd4, 0x94, 0xff, 0xd4, 0x94, 0xff, 
  0xd4, 0x94, 0xff, 0xd4, 0x94, 0xff, 0xd4, 0x94, 0xff, 0xd4, 0x94, 0xff, 
  0xd4, 0x94, 0xff, 0xd4, 0x94, 0xff, 0xd4, 0x94, 0xff, 0xd4, 0x94, 0xff, 
  0xd4, 0x94, 0xff, 0xd4, 0x94, 0xff, 0xd4, 0x94, 0xff, 0xd4, 0x94, 0xff, 
  0xd4, 0x94, 0xff, 0xd4, 0x94, 0xff, 0xd4, 0x94, 0xff, 0xd4, 0x94, 0xff, 
  0xd4, 0x94, 0xff, 0xd4, 0x94, 0xff, 0xd4, 0x94, 0xff, 0xd4, 0x94, 0xff, 
  0xd4, 0x94, 0xff, 0xd4, 0x94, 0xff, 0xd4, 0x94, 0xff, 0xd4, 0x94, 0xff, 
  0xd4, 0x94, 0xff, 0xd4, 0x94, 0xff, 0xd4, 0x94, 0xff, 0xd4, 0x94, 0xff, 
  0xd4, 0x94, 0xff, 0xd4, 0x94, 0xff, 0xb3, 0x94, 0xfb, 0x56, 0xa5, 0xff, 
  0xb3, 0x8c, 0x80, 0x00, 0x00, 0x00, 0xf7, 0x7d, 0x04, 0x00, 0x00, 0x00, 
  0x00, 0x00, 0x00, 0x00, 0x00, 0x00, 0x00, 0x00, 0x00, 0x00, 0x00, 0x00, 
  0x00, 0x00, 0x00, 0x00, 0x00, 0x00, 0x00, 0x00, 0x00, 0x00, 0x00, 0x00, 
  0x00, 0x00, 0x00, 0xff, 0xbd, 0x04, 0x00, 0x00, 0x00, 0x59, 0xbe, 0x80, 
  0xfc, 0xd6, 0xff, 0x59, 0xc6, 0xfb, 0x59, 0xc6, 0xff, 0x59, 0xc6, 0xff, 
  0x59, 0xc6, 0xff, 0x59, 0xc6, 0xff, 0x59, 0xc6, 0xff, 0x59, 0xc6, 0xff, 
  0x59, 0xc6, 0xff, 0x59, 0xc6, 0xff, 0x59, 0xc6, 0xff, 0x59, 0xc6, 0xff, 
  0x59, 0xc6, 0xff, 0x59, 0xc6, 0xff, 0x59, 0xc6, 0xff, 0x59, 0xc6, 0xff, 
  0x59, 0xc6, 0xff, 0x59, 0xc6, 0xff, 0x59, 0xc6, 0xff, 0x59, 0xc6, 0xff, 
  0x59, 0xc6, 0xff, 0x59, 0xc6, 0xff, 0x59, 0xc6, 0xff, 0x59, 0xc6, 0xff, 
  0x59, 0xc6, 0xff, 0x59, 0xc6, 0xff, 0x59, 0xc6, 0xff, 0x59, 0xc6, 0xff, 
  0x59, 0xc6, 0xff, 0x59, 0xc6, 0xff, 0x59, 0xc6, 0xff, 0x59, 0xc6, 0xff, 
  0x59, 0xc6, 0xff, 0x59, 0xc6, 0xff, 0x59, 0xc6, 0xff, 0x59, 0xc6, 0xff, 
  0x59, 0xc6, 0xff, 0x59, 0xc6, 0xff, 0x59, 0xc6, 0xff, 0x59, 0xc6, 0xff, 
  0x59, 0xc6, 0xff, 0x59, 0xc6, 0xff, 0x59, 0xc6, 0xff, 0x59, 0xc6, 0xff, 
  0x59, 0xc6, 0xff, 0x59, 0xc6, 0xff, 0x59, 0xc6, 0xff, 0x59, 0xc6, 0xff, 
  0x59, 0xc6, 0xff, 0x59, 0xbe, 0xff, 0x79, 0xc6, 0xff, 0x39, 0xbe, 0xff, 
  0xf4, 0x94, 0xff, 0xb3, 0x8c, 0xff, 0xd4, 0x94, 0xff, 0xd4, 0x94, 0xff, 
  0xd4, 0x94, 0xff, 0xd4, 0x94, 0xff, 0xd4, 0x94, 0xff, 0xd4, 0x94, 0xff, 
  0xd4, 0x94, 0xff, 0xd4, 0x94, 0xff, 0xd4, 0x94, 0xff, 0xd4, 0x94, 0xff, 
  0xd4, 0x94, 0xff, 0xd4, 0x94, 0xff, 0xd4, 0x94, 0xff, 0xd4, 0x94, 0xff, 
  0xd4, 0x94, 0xff, 0xd4, 0x94, 0xff, 0xd4, 0x94, 0xff, 0xd4, 0x94, 0xff, 
  0xd4, 0x94, 0xff, 0xd4, 0x94, 0xff, 0xd4, 0x94, 0xff, 0xd4, 0x94, 0xff, 
  0xd4, 0x94, 0xff, 0xd4, 0x94, 0xff, 0xd4, 0x94, 0xff, 0xd4, 0x94, 0xff, 
  0xd4, 0x94, 0xff, 0xd4, 0x94, 0xff, 0xd4, 0x94, 0xff, 0xb4, 0x8c, 0xff, 
  0xb4, 0x8c, 0xff, 0xb4, 0x8c, 0xff, 0xb4, 0x8c, 0xff, 0xb4, 0x8c, 0xff, 
  0xb4, 0x8c, 0xff, 0xb4, 0x8c, 0xff, 0xb4, 0x8c, 0xff, 0xb3, 0x8c, 0xff, 
  0xb3, 0x8c, 0xff, 0xb3, 0x8c, 0xff, 0xd4, 0x94, 0xff, 0xd4, 0x94, 0xff, 
  0xd4, 0x94, 0xff, 0xd4, 0x94, 0xff, 0xd4, 0x94, 0xff, 0xd4, 0x94, 0xff, 
  0xd4, 0x94, 0xff, 0xd4, 0x94, 0xff, 0xb3, 0x94, 0xfb, 0x56, 0x9d, 0xff, 
  0xb3, 0x8c, 0x80, 0x00, 0x00, 0x00, 0xf7, 0x7d, 0x04, 0x00, 0x00, 0x00, 
  0x00, 0x00, 0x00, 0x00, 0x00, 0x00, 0x00, 0x00, 0x00, 0x00, 0x00, 0x00, 
  0x00, 0x00, 0x00, 0x00, 0x00, 0x00, 0x00, 0x00, 0x00, 0x00, 0x00, 0x00, 
  0x00, 0x00, 0x00, 0xff, 0xbd, 0x04, 0x00, 0x00, 0x00, 0x59, 0xbe, 0x80, 
  0xfc, 0xd6, 0xff, 0x59, 0xc6, 0xfb, 0x59, 0xc6, 0xff, 0x59, 0xc6, 0xff, 
  0x59, 0xc6, 0xff, 0x59, 0xc6, 0xff, 0x59, 0xc6, 0xff, 0x59, 0xc6, 0xff, 
  0x59, 0xc6, 0xff, 0x59, 0xc6, 0xff, 0x59, 0xc6, 0xff, 0x59, 0xc6, 0xff, 
  0x59, 0xc6, 0xff, 0x59, 0xc6, 0xff, 0x59, 0xc6, 0xff, 0x59, 0xc6, 0xff, 
  0x59, 0xc6, 0xff, 0x59, 0xc6, 0xff, 0x59, 0xc6, 0xff, 0x59, 0xc6, 0xff, 
  0x59, 0xc6, 0xff, 0x59, 0xc6, 0xff, 0x59, 0xc6, 0xff, 0x59, 0xc6, 0xff, 
  0x59, 0xc6, 0xff, 0x59, 0xc6, 0xff, 0x59, 0xc6, 0xff, 0x59, 0xc6, 0xff, 
  0x59, 0xc6, 0xff, 0x59, 0xc6, 0xff, 0x59, 0xc6, 0xff, 0x59, 0xc6, 0xff, 
  0x59, 0xc6, 0xff, 0x59, 0xc6, 0xff, 0x59, 0xc6, 0xff, 0x59, 0xc6, 0xff, 
  0x59, 0xc6, 0xff, 0x59, 0xc6, 0xff, 0x59, 0xc6, 0xff, 0x59, 0xc6, 0xff, 
  0x59, 0xc6, 0xff, 0x59, 0xc6, 0xff, 0x59, 0xc6, 0xff, 0x59, 0xc6, 0xff, 
  0x59, 0xc6, 0xff, 0x59, 0xc6, 0xff, 0x59, 0xc6, 0xff, 0x59, 0xc6, 0xff, 
  0x59, 0xc6, 0xff, 0x59, 0xbe, 0xff, 0x79, 0xc6, 0xff, 0x39, 0xbe, 0xff, 
  0xf4, 0x94, 0xff, 0xb3, 0x8c, 0xff, 0xd4, 0x94, 0xff, 0xd4, 0x94, 0xff, 
  0xd4, 0x94, 0xff, 0xd4, 0x94, 0xff, 0xd4, 0x94, 0xff, 0xd4, 0x94, 0xff, 
  0xd4, 0x94, 0xff, 0xd4, 0x94, 0xff, 0xf4, 0x94, 0xff, 0xf4, 0x94, 0xff, 
  0xf4, 0x94, 0xff, 0xf4, 0x94, 0xff, 0xf4, 0x94, 0xff, 0xf4, 0x94, 0xff, 
  0xf4, 0x94, 0xff, 0xf4, 0x94, 0xff, 0xf4, 0x94, 0xff, 0xf4, 0x94, 0xff, 
  0xf4, 0x94, 0xff, 0xf4, 0x94, 0xff, 0xf4, 0x94, 0xff, 0xf4, 0x94, 0xff, 
  0xf4, 0x94, 0xff, 0xf4, 0x94, 0xff, 0xf4, 0x94, 0xff, 0xf4, 0x94, 0xff, 
  0xf4, 0x94, 0xff, 0xf4, 0x94, 0xff, 0xf4, 0x94, 0xff, 0xf4, 0x94, 0xff, 
  0xf4, 0x94, 0xff, 0xf4, 0x94, 0xff, 0xf4, 0x94, 0xff, 0xf4, 0x94, 0xff, 
  0xf4, 0x94, 0xff, 0xf4, 0x94, 0xff, 0xf4, 0x94, 0xff, 0xf4, 0x94, 0xff, 
  0xf4, 0x94, 0xff, 0xf4, 0x94, 0xff, 0xd4, 0x94, 0xff, 0xb4, 0x8c, 0xff, 
  0xb4, 0x8c, 0xff, 0xb4, 0x8c, 0xff, 0xb4, 0x8c, 0xff, 0xb4, 0x8c, 0xff, 
  0xb4, 0x8c, 0xff, 0xb4, 0x8c, 0xff, 0xb3, 0x8c, 0xfb, 0x56, 0x9d, 0xff, 
  0xb3, 0x8c, 0x80, 0x00, 0x00, 0x00, 0xf7, 0x7d, 0x04, 0x00, 0x00, 0x00, 
  0x00, 0x00, 0x00, 0x00, 0x00, 0x00, 0x00, 0x00, 0x00, 0x00, 0x00, 0x00, 
  0x00, 0x00, 0x00, 0x00, 0x00, 0x00, 0x00, 0x00, 0x00, 0x00, 0x00, 0x00, 
  0x00, 0x00, 0x00, 0xff, 0xbd, 0x04, 0x00, 0x00, 0x00, 0x59, 0xbe, 0x80, 
  0xfc, 0xd6, 0xff, 0x59, 0xc6, 0xfb, 0x59, 0xc6, 0xff, 0x59, 0xc6, 0xff, 
  0x59, 0xc6, 0xff, 0x59, 0xc6, 0xff, 0x59, 0xc6, 0xff, 0x59, 0xc6, 0xff, 
  0x59, 0xc6, 0xff, 0x59, 0xc6, 0xff, 0x59, 0xc6, 0xff, 0x59, 0xc6, 0xff, 
  0x59, 0xc6, 0xff, 0x59, 0xc6, 0xff, 0x59, 0xc6, 0xff, 0x59, 0xc6, 0xff, 
  0x59, 0xc6, 0xff, 0x59, 0xc6, 0xff, 0x59, 0xc6, 0xff, 0x59, 0xc6, 0xff, 
  0x59, 0xc6, 0xff, 0x59, 0xc6, 0xff, 0x59, 0xc6, 0xff, 0x59, 0xc6, 0xff, 
  0x59, 0xc6, 0xff, 0x59, 0xc6, 0xff, 0x59, 0xc6, 0xff, 0x59, 0xc6, 0xff, 
  0x59, 0xc6, 0xff, 0x59, 0xc6, 0xff, 0x59, 0xc6, 0xff, 0x59, 0xc6, 0xff, 
  0x59, 0xc6, 0xff, 0x59, 0xc6, 0xff, 0x59, 0xc6, 0xff, 0x59, 0xc6, 0xff, 
  0x59, 0xc6, 0xff, 0x59, 0xc6, 0xff, 0x59, 0xc6, 0xff, 0x59, 0xc6, 0xff, 
  0x59, 0xc6, 0xff, 0x59, 0xc6, 0xff, 0x59, 0xc6, 0xff, 0x59, 0xc6, 0xff, 
  0x59, 0xc6, 0xff, 0x59, 0xc6, 0xff, 0x59, 0xc6, 0xff, 0x59, 0xc6, 0xff, 
  0x59, 0xc6, 0xff, 0x59, 0xbe, 0xff, 0x79, 0xc6, 0xff, 0x39, 0xbe, 0xff, 
  0xf4, 0x94, 0xff, 0xb3, 0x8c, 0xff, 0xd4, 0x94, 0xff, 0xd4, 0x94, 0xff, 
  0xd4, 0x94, 0xff, 0xd4, 0x94, 0xff, 0xd4, 0x94, 0xff, 0xd4, 0x94, 0xff, 
  0xd4, 0x94, 0xff, 0xd4, 0x94, 0xff, 0x52, 0x7c, 0xff, 0x11, 0x74, 0xff, 
  0xf1, 0x73, 0xff, 0x11, 0x74, 0xff, 0x11, 0x74, 0xff, 0x11, 0x74, 0xff, 
  0x11, 0x74, 0xff, 0x11, 0x74, 0xff, 0x11, 0x74, 0xff, 0x11, 0x74, 0xff, 
  0x11, 0x74, 0xff, 0x11, 0x74, 0xff, 0x11, 0x74, 0xff, 0x11, 0x74, 0xff, 
  0x11, 0x74, 0xff, 0x11, 0x74, 0xff, 0x11, 0x74, 0xff, 0x11, 0x74, 0xff, 
  0x11, 0x74, 0xff, 0x11, 0x74, 0xff, 0x11, 0x74, 0xff, 0x11, 0x7c, 0xff, 
  0x11, 0x74, 0xff, 0x11, 0x74, 0xff, 0x11, 0x74, 0xff, 0xf0, 0x73, 0xff, 
  0xf0, 0x73, 0xff, 0xf0, 0x73, 0xff, 0xf0, 0x73, 0xff, 0xd0, 0x73, 0xff, 
  0xd0, 0x6b, 0xff, 0xf0, 0x73, 0xff, 0x72, 0x84, 0xff, 0xd4, 0x94, 0xff, 
  0xb3, 0x8c, 0xff, 0xb4, 0x8c, 0xff, 0xb4, 0x8c, 0xff, 0xb4, 0x8c, 0xff, 
  0xb3, 0x8c, 0xff, 0xb3, 0x8c, 0xff, 0xb3, 0x8c, 0xfb, 0x56, 0x9d, 0xff, 
  0xb3, 0x8c, 0x80, 0x00, 0x00, 0x00, 0xf7, 0x7d, 0x04, 0x00, 0x00, 0x00, 
  0x00, 0x00, 0x00, 0x00, 0x00, 0x00, 0x00, 0x00, 0x00, 0x00, 0x00, 0x00, 
  0x00, 0x00, 0x00, 0x00, 0x00, 0x00, 0x00, 0x00, 0x00, 0x00, 0x00, 0x00, 
  0x00, 0x00, 0x00, 0xff, 0xbd, 0x04, 0x00, 0x00, 0x00, 0x59, 0xbe, 0x80, 
  0xfc, 0xd6, 0xff, 0x59, 0xc6, 0xfb, 0x59, 0xc6, 0xff, 0x59, 0xc6, 0xff, 
  0x59, 0xc6, 0xff, 0x59, 0xc6, 0xff, 0x59, 0xc6, 0xff, 0x59, 0xc6, 0xff, 
  0x59, 0xc6, 0xff, 0x59, 0xc6, 0xff, 0x59, 0xc6, 0xff, 0x59, 0xc6, 0xff, 
  0x59, 0xc6, 0xff, 0x59, 0xc6, 0xff, 0x59, 0xc6, 0xff, 0x59, 0xc6, 0xff, 
  0x59, 0xc6, 0xff, 0x59, 0xc6, 0xff, 0x59, 0xc6, 0xff, 0x59, 0xc6, 0xff, 
  0x59, 0xc6, 0xff, 0x59, 0xc6, 0xff, 0x59, 0xc6, 0xff, 0x59, 0xc6, 0xff, 
  0x59, 0xc6, 0xff, 0x59, 0xc6, 0xff, 0x59, 0xc6, 0xff, 0x59, 0xc6, 0xff, 
  0x59, 0xc6, 0xff, 0x59, 0xc6, 0xff, 0x59, 0xc6, 0xff, 0x59, 0xc6, 0xff, 
  0x59, 0xc6, 0xff, 0x59, 0xc6, 0xff, 0x59, 0xc6, 0xff, 0x59, 0xc6, 0xff, 
  0x59, 0xc6, 0xff, 0x59, 0xc6, 0xff, 0x59, 0xc6, 0xff, 0x59, 0xc6, 0xff, 
  0x59, 0xc6, 0xff, 0x59, 0xc6, 0xff, 0x59, 0xc6, 0xff, 0x59, 0xc6, 0xff, 
  0x59, 0xc6, 0xff, 0x59, 0xc6, 0xff, 0x59, 0xc6, 0xff, 0x59, 0xc6, 0xff, 
  0x59, 0xc6, 0xff, 0x59, 0xbe, 0xff, 0x79, 0xc6, 0xff, 0x39, 0xbe, 0xff, 
  0xf4, 0x94, 0xff, 0xb3, 0x8c, 0xff, 0xd4, 0x94, 0xff, 0xd4, 0x94, 0xff, 
  0xd4, 0x94, 0xff, 0xd4, 0x94, 0xff, 0xd4, 0x94, 0xff, 0xd4, 0x94, 0xff, 
  0xf4, 0x94, 0xff, 0xb3, 0x8c, 0xff, 0x6e, 0x63, 0xff, 0xed, 0x52, 0xff, 
  0x0d, 0x53, 0xff, 0x0d, 0x53, 0xff, 0x0d, 0x53, 0xff, 0x0d, 0x53, 0xff, 
  0x0d, 0x53, 0xff, 0x0d, 0x53, 0xff, 0x0d, 0x53, 0xff, 0x0d, 0x53, 0xff, 
  0x0d, 0x53, 0xff, 0x2d, 0x53, 0xff, 0x2d, 0x53, 0xff, 0x2d, 0x53, 0xff, 
  0x2d, 0x53, 0xff, 0x2d, 0x5b, 0xff, 0x2d, 0x5b, 0xff, 0x2d, 0x5b, 0xff, 
  0x2d, 0x5b, 0xff, 0x2d, 0x5b, 0xff, 0x2d, 0x5b, 0xff, 0x2d, 0x5b, 0xff, 
  0x2d, 0x5b, 0xff, 0x0d, 0x53, 0xff, 0x0d, 0x53, 0xff, 0xed, 0x52, 0xff, 
  0xec, 0x52, 0xff, 0xec, 0x4a, 0xff, 0xcc, 0x4a, 0xff, 0xac, 0x4a, 0xff, 
  0xac, 0x4a, 0xff, 0xac, 0x4a, 0xff, 0xf0, 0x73, 0xff, 0xf4, 0x94, 0xff, 
  0xb3, 0x8c, 0xff, 0xb3, 0x8c, 0xff, 0xb3, 0x8c, 0xff, 0xb3, 0x8c, 0xff, 
  0xb3, 0x8c, 0xff, 0xb3, 0x8c, 0xff, 0xb3, 0x8c, 0xfb, 0x56, 0x9d, 0xff, 
  0xb3, 0x8c, 0x80, 0x00, 0x00, 0x00, 0xf7, 0x7d, 0x04, 0x00, 0x00, 0x00, 
  0x00, 0x00, 0x00, 0x00, 0x00, 0x00, 0x00, 0x00, 0x00, 0x00, 0x00, 0x00, 
  0x00, 0x00, 0x00, 0x00, 0x00, 0x00, 0x00, 0x00, 0x00, 0x00, 0x00, 0x00, 
  0x00, 0x00, 0x00, 0xff, 0xbd, 0x04, 0x00, 0x00, 0x00, 0x59, 0xbe, 0x80, 
  0xfc, 0xd6, 0xff, 0x59, 0xc6, 0xfb, 0x59, 0xc6, 0xff, 0x59, 0xc6, 0xff, 
  0x59, 0xc6, 0xff, 0x59, 0xc6, 0xff, 0x59, 0xc6, 0xff, 0x59, 0xc6, 0xff, 
  0x59, 0xc6, 0xff, 0x59, 0xc6, 0xff, 0x59, 0xc6, 0xff, 0x59, 0xc6, 0xff, 
  0x59, 0xc6, 0xff, 0x59, 0xc6, 0xff, 0x59, 0xc6, 0xff, 0x59, 0xc6, 0xff, 
  0x59, 0xc6, 0xff, 0x59, 0xc6, 0xff, 0x59, 0xc6, 0xff, 0x59, 0xc6, 0xff, 
  0x59, 0xc6, 0xff, 0x59, 0xc6, 0xff, 0x59, 0xc6, 0xff, 0x59, 0xc6, 0xff, 
  0x59, 0xc6, 0xff, 0x59, 0xc6, 0xff, 0x59, 0xc6, 0xff, 0x59, 0xc6, 0xff, 
  0x59, 0xc6, 0xff, 0x59, 0xc6, 0xff, 0x59, 0xc6, 0xff, 0x59, 0xc6, 0xff, 
  0x59, 0xc6, 0xff, 0x59, 0xc6, 0xff, 0x59, 0xc6, 0xff, 0x59, 0xc6, 0xff, 
  0x59, 0xc6, 0xff, 0x59, 0xc6, 0xff, 0x59, 0xc6, 0xff, 0x59, 0xc6, 0xff, 
  0x59, 0xc6, 0xff, 0x59, 0xc6, 0xff, 0x59, 0xc6, 0xff, 0x59, 0xc6, 0xff, 
  0x59, 0xc6, 0xff, 0x59, 0xc6, 0xff, 0x59, 0xc6, 0xff, 0x59, 0xc6, 0xff, 
  0x59, 0xc6, 0xff, 0x59, 0xbe, 0xff, 0x79, 0xc6, 0xff, 0x39, 0xbe, 0xff, 
  0xf4, 0x94, 0xff, 0xb3, 0x8c, 0xff, 0xd4, 0x94, 0xff, 0xd4, 0x94, 0xff, 
  0xd4, 0x94, 0xff, 0xd4, 0x94, 0xff, 0xd4, 0x94, 0xff, 0xb4, 0x8c, 0xff, 
  0xf4, 0x94, 0xff, 0xb3, 0x8c, 0xff, 0x4e, 0x5b, 0xff, 0x0d, 0x53, 0xff, 
  0x4e, 0x5b, 0xff, 0x4e, 0x5b, 0xff, 0x4e, 0x5b, 0xff, 0x4e, 0x5b, 0xff, 
  0x4e, 0x5b, 0xff, 0x4e, 0x5b, 0xff, 0x4e, 0x5b, 0xff, 0x4e, 0x5b, 0xff, 
  0x4e, 0x5b, 0xff, 0x4e, 0x5b, 0xff, 0x4e, 0x5b, 0xff, 0x4e, 0x5b, 0xff, 
  0x4e, 0x5b, 0xff, 0x4e, 0x5b, 0xff, 0x4e, 0x5b, 0xff, 0x4e, 0x5b, 0xff, 
  0x4e, 0x5b, 0xff, 0x4e, 0x5b, 0xff, 0x6e, 0x63, 0xff, 0x6e, 0x63, 0xff, 
  0x4e, 0x5b, 0xff, 0x4e, 0x5b, 0xff, 0x4e, 0x5b, 0xff, 0x2d, 0x5b, 0xff, 
  0x2d, 0x5b, 0xff, 0x0d, 0x53, 0xff, 0x0d, 0x53, 0xff, 0xed, 0x52, 0xff, 
  0xed, 0x52, 0xff, 0xab, 0x42, 0xff, 0xd0, 0x6b, 0xff, 0xf4, 0x94, 0xff, 
  0xb3, 0x8c, 0xff, 0xb3, 0x8c, 0xff, 0xb3, 0x8c, 0xff, 0xb3, 0x8c, 0xff, 
  0xb3, 0x8c, 0xff, 0xb3, 0x8c, 0xff, 0xb3, 0x8c, 0xfb, 0x36, 0x9d, 0xff, 
  0xb3, 0x8c, 0x80, 0x00, 0x00, 0x00, 0xf7, 0x7d, 0x04, 0x00, 0x00, 0x00, 
  0x00, 0x00, 0x00, 0x00, 0x00, 0x00, 0x00, 0x00, 0x00, 0x00, 0x00, 0x00, 
  0x00, 0x00, 0x00, 0x00, 0x00, 0x00, 0x00, 0x00, 0x00, 0x00, 0x00, 0x00, 
  0x00, 0x00, 0x00, 0xff, 0xbd, 0x04, 0x00, 0x00, 0x00, 0x59, 0xbe, 0x80, 
  0xfc, 0xd6, 0xff, 0x59, 0xc6, 0xfb, 0x59, 0xc6, 0xff, 0x59, 0xc6, 0xff, 
  0x59, 0xc6, 0xff, 0x59, 0xc6, 0xff, 0x59, 0xc6, 0xff, 0x59, 0xc6, 0xff, 
  0x59, 0xc6, 0xff, 0x59, 0xc6, 0xff, 0x59, 0xc6, 0xff, 0x59, 0xc6, 0xff, 
  0x59, 0xc6, 0xff, 0x59, 0xc6, 0xff, 0x59, 0xc6, 0xff, 0x59, 0xc6, 0xff, 
  0x59, 0xc6, 0xff, 0x59, 0xc6, 0xff, 0x59, 0xc6, 0xff, 0x59, 0xc6, 0xff, 
  0x59, 0xc6, 0xff, 0x59, 0xc6, 0xff, 0x59, 0xc6, 0xff, 0x59, 0xc6, 0xff, 
  0x59, 0xc6, 0xff, 0x59, 0xc6, 0xff, 0x59, 0xc6, 0xff, 0x59, 0xc6, 0xff, 
  0x59, 0xc6, 0xff, 0x59, 0xc6, 0xff, 0x59, 0xc6, 0xff, 0x59, 0xc6, 0xff, 
  0x59, 0xc6, 0xff, 0x59, 0xc6, 0xff, 0x59, 0xc6, 0xff, 0x59, 0xc6, 0xff, 
  0x59, 0xc6, 0xff, 0x59, 0xc6, 0xff, 0x59, 0xc6, 0xff, 0x59, 0xc6, 0xff, 
  0x59, 0xc6, 0xff, 0x59, 0xc6, 0xff, 0x59, 0xc6, 0xff, 0x59, 0xc6, 0xff, 
  0x59, 0xc6, 0xff, 0x59, 0xc6, 0xff, 0x59, 0xc6, 0xff, 0x59, 0xc6, 0xff, 
  0x59, 0xc6, 0xff, 0x59, 0xbe, 0xff, 0x79, 0xc6, 0xff, 0x39, 0xbe, 0xff, 
  0xd4, 0x94, 0xff, 0xb3, 0x8c, 0xff, 0xd4, 0x94, 0xff, 0xd4, 0x94, 0xff, 
  0xd4, 0x94, 0xff, 0xd4, 0x94, 0xff, 0xd4, 0x94, 0xff, 0xb3, 0x8c, 0xff, 
  0xf4, 0x94, 0xff, 0xb3, 0x8c, 0xff, 0x4e, 0x5b, 0xff, 0x0d, 0x53, 0xff, 
  0x4e, 0x5b, 0xff, 0x2e, 0x5b, 0xff, 0x2e, 0x5b, 0xff, 0x2e, 0x5b, 0xff, 
  0x4e, 0x5b, 0xff, 0x4e, 0x5b, 0xff, 0x4e, 0x5b, 0xff, 0x4e, 0x5b, 0xff, 
  0x4e, 0x5b, 0xff, 0x4e, 0x5b, 0xff, 0x4e, 0x5b, 0xff, 0x4e, 0x5b, 0xff, 
  0x4e, 0x5b, 0xff, 0x4e, 0x5b, 0xff, 0x4e, 0x5b, 0xff, 0x4e, 0x5b, 0xff, 
  0x4e, 0x5b, 0xff, 0x4e, 0x5b, 0xff, 0x4e, 0x5b, 0xff, 0x4e, 0x5b, 0xff, 
  0x4e, 0x5b, 0xff, 0x4e, 0x5b, 0xff, 0x2e, 0x5b, 0xff, 0x2d, 0x5b, 0xff, 
  0x2d, 0x53, 0xff, 0x0d, 0x53, 0xff, 0x0d, 0x53, 0xff, 0xed, 0x52, 0xff, 
  0xec, 0x52, 0xff, 0xab, 0x42, 0xff, 0xd0, 0x6b, 0xff, 0xf4, 0x94, 0xff, 
  0xb3, 0x8c, 0xff, 0xb3, 0x8c, 0xff, 0xb3, 0x8c, 0xff, 0xb3, 0x8c, 0xff, 
  0xb3, 0x8c, 0xff, 0xb3, 0x8c, 0xff, 0xb3, 0x8c, 0xfb, 0x36, 0x9d, 0xff, 
  0xb3, 0x8c, 0x80, 0x00, 0x00, 0x00, 0xf7, 0x7d, 0x04, 0x00, 0x00, 0x00, 
  0x00, 0x00, 0x00, 0x00, 0x00, 0x00, 0x00, 0x00, 0x00, 0x00, 0x00, 0x00, 
  0x00, 0x00, 0x00, 0x00, 0x00, 0x00, 0x00, 0x00, 0x00, 0x00, 0x00, 0x00, 
  0x00, 0x00, 0x00, 0xff, 0xbd, 0x04, 0x00, 0x00, 0x00, 0x59, 0xbe, 0x80, 
  0xfc, 0xd6, 0xff, 0x59, 0xc6, 0xfb, 0x59, 0xc6, 0xff, 0x59, 0xc6, 0xff, 
  0x59, 0xc6, 0xff, 0x59, 0xc6, 0xff, 0x59, 0xc6, 0xff, 0x59, 0xc6, 0xff, 
  0x59, 0xc6, 0xff, 0x59, 0xc6, 0xff, 0x59, 0xc6, 0xff, 0x59, 0xc6, 0xff, 
  0x59, 0xc6, 0xff, 0x59, 0xc6, 0xff, 0x59, 0xc6, 0xff, 0x59, 0xc6, 0xff, 
  0x59, 0xc6, 0xff, 0x59, 0xc6, 0xff, 0x59, 0xc6, 0xff, 0x59, 0xc6, 0xff, 
  0x59, 0xc6, 0xff, 0x59, 0xc6, 0xff, 0x59, 0xc6, 0xff, 0x59, 0xc6, 0xff, 
  0x59, 0xc6, 0xff, 0x59, 0xc6, 0xff, 0x59, 0xc6, 0xff, 0x59, 0xc6, 0xff, 
  0x59, 0xc6, 0xff, 0x59, 0xc6, 0xff, 0x59, 0xc6, 0xff, 0x59, 0xc6, 0xff, 
  0x59, 0xc6, 0xff, 0x59, 0xc6, 0xff, 0x59, 0xc6, 0xff, 0x59, 0xc6, 0xff, 
  0x59, 0xc6, 0xff, 0x59, 0xc6, 0xff, 0x59, 0xc6, 0xff, 0x59, 0xc6, 0xff, 
  0x59, 0xc6, 0xff, 0x59, 0xc6, 0xff, 0x59, 0xc6, 0xff, 0x59, 0xc6, 0xff, 
  0x59, 0xc6, 0xff, 0x59, 0xc6, 0xff, 0x59, 0xc6, 0xff, 0x59, 0xc6, 0xff, 
  0x59, 0xc6, 0xff, 0x59, 0xbe, 0xff, 0x79, 0xc6, 0xff, 0x39, 0xbe, 0xff, 
  0xd4, 0x94, 0xff, 0xb3, 0x8c, 0xff, 0xd4, 0x94, 0xff, 0xd4, 0x94, 0xff, 
  0xd4, 0x94, 0xff, 0xd4, 0x94, 0xff, 0xd4, 0x94, 0xff, 0xb3, 0x8c, 0xff, 
  0xd4, 0x94, 0xff, 0xb3, 0x8c, 0xff, 0x4e, 0x5b, 0xff, 0x0d, 0x53, 0xff, 
  0x4e, 0x5b, 0xff, 0x2e, 0x5b, 0xff, 0x2e, 0x5b, 0xff, 0x2e, 0x5b, 0xff, 
  0x4e, 0x5b, 0xff, 0x4e, 0x5b, 0xff, 0x4e, 0x5b, 0xff, 0x4e, 0x5b, 0xff, 
  0x4e, 0x5b, 0xff, 0x4e, 0x5b, 0xff, 0x4e, 0x5b, 0xff, 0x4e, 0x5b, 0xff, 
  0x4e, 0x5b, 0xff, 0x4e, 0x5b, 0xff, 0x4e, 0x5b, 0xff, 0x4e, 0x5b, 0xff, 
  0x4e, 0x5b, 0xff, 0x4e, 0x5b, 0xff, 0x4e, 0x5b, 0xff, 0x4e, 0x5b, 0xff, 
  0x4e, 0x5b, 0xff, 0x4e, 0x5b, 0xff, 0x2e, 0x5b, 0xff, 0x2d, 0x5b, 0xff, 
  0x2d, 0x53, 0xff, 0x0d, 0x53, 0xff, 0x0d, 0x53, 0xff, 0xed, 0x52, 0xff, 
  0xec, 0x52, 0xff, 0xab, 0x42, 0xff, 0xd0, 0x6b, 0xff, 0xf4, 0x94, 0xff, 
  0xb3, 0x8c, 0xff, 0xb3, 0x8c, 0xff, 0xb3, 0x8c, 0xff, 0xb3, 0x8c, 0xff, 
  0xb3, 0x8c, 0xff, 0xb3, 0x8c, 0xff, 0xb3, 0x8c, 0xfb, 0x36, 0x9d, 0xff, 
  0xb3, 0x8c, 0x80, 0x00, 0x00, 0x00, 0xf7, 0x7d, 0x04, 0x00, 0x00, 0x00, 
  0x00, 0x00, 0x00, 0x00, 0x00, 0x00, 0x00, 0x00, 0x00, 0x00, 0x00, 0x00, 
  0x00, 0x00, 0x00, 0x00, 0x00, 0x00, 0x00, 0x00, 0x00, 0x00, 0x00, 0x00, 
  0x00, 0x00, 0x00, 0xff, 0xbd, 0x04, 0x00, 0x00, 0x00, 0x59, 0xbe, 0x80, 
  0xfc, 0xd6, 0xff, 0x59, 0xc6, 0xfb, 0x59, 0xc6, 0xff, 0x59, 0xc6, 0xff, 
  0x59, 0xc6, 0xff, 0x59, 0xc6, 0xff, 0x59, 0xc6, 0xff, 0x59, 0xc6, 0xff, 
  0x59, 0xc6, 0xff, 0x59, 0xc6, 0xff, 0x59, 0xc6, 0xff, 0x59, 0xc6, 0xff, 
  0x59, 0xc6, 0xff, 0x59, 0xc6, 0xff, 0x59, 0xc6, 0xff, 0x59, 0xc6, 0xff, 
  0x59, 0xc6, 0xff, 0x59, 0xc6, 0xff, 0x59, 0xc6, 0xff, 0x59, 0xc6, 0xff, 
  0x59, 0xc6, 0xff, 0x59, 0xc6, 0xff, 0x59, 0xc6, 0xff, 0x59, 0xc6, 0xff, 
  0x59, 0xc6, 0xff, 0x59, 0xc6, 0xff, 0x59, 0xc6, 0xff, 0x59, 0xc6, 0xff, 
  0x59, 0xc6, 0xff, 0x59, 0xc6, 0xff, 0x59, 0xc6, 0xff, 0x59, 0xc6, 0xff, 
  0x59, 0xc6, 0xff, 0x59, 0xc6, 0xff, 0x59, 0xc6, 0xff, 0x59, 0xc6, 0xff, 
  0x59, 0xc6, 0xff, 0x59, 0xc6, 0xff, 0x59, 0xc6, 0xff, 0x59, 0xc6, 0xff, 
  0x59, 0xc6, 0xff, 0x59, 0xc6, 0xff, 0x59, 0xc6, 0xff, 0x59, 0xc6, 0xff, 
  0x59, 0xc6, 0xff, 0x59, 0xc6, 0xff, 0x59, 0xc6, 0xff, 0x59, 0xc6, 0xff, 
  0x59, 0xc6, 0xff, 0x59, 0xbe, 0xff, 0x79, 0xc6, 0xff, 0x39, 0xbe, 0xff, 
  0xd4, 0x94, 0xff, 0xb3, 0x8c, 0xff, 0xd4, 0x94, 0xff, 0xd4, 0x94, 0xff, 
  0xd4, 0x94, 0xff, 0xb4, 0x8c, 0xff, 0xb4, 0x8c, 0xff, 0xb3, 0x8c, 0xff, 
  0xd4, 0x94, 0xff, 0xb3, 0x8c, 0xff, 0x4e, 0x5b, 0xff, 0x0d, 0x53, 0xff, 
  0x4e, 0x5b, 0xff, 0x4e, 0x5b, 0xff, 0x4e, 0x5b, 0xff, 0x4e, 0x5b, 0xff, 
  0x4e, 0x5b, 0xff, 0x4e, 0x5b, 0xff, 0x4e, 0x5b, 0xff, 0x4e, 0x5b, 0xff, 
  0x4e, 0x5b, 0xff, 0x4e, 0x5b, 0xff, 0x4e, 0x5b, 0xff, 0x4e, 0x5b, 0xff, 
  0x4e, 0x5b, 0xff, 0x4e, 0x5b, 0xff, 0x4e, 0x5b, 0xff, 0x4e, 0x5b, 0xff, 
  0x4e, 0x5b, 0xff, 0x4e, 0x5b, 0xff, 0x6e, 0x63, 0xff, 0x6e, 0x63, 0xff, 
  0x4e, 0x5b, 0xff, 0x4e, 0x5b, 0xff, 0x4e, 0x5b, 0xff, 0x2d, 0x5b, 0xff, 
  0x2d, 0x5b, 0xff, 0x0d, 0x53, 0xff, 0x0d, 0x53, 0xff, 0xed, 0x52, 0xff, 
  0xed, 0x52, 0xff, 0xab, 0x42, 0xff, 0xb0, 0x6b, 0xff, 0xf4, 0x94, 0xff, 
  0xb3, 0x8c, 0xff, 0xb3, 0x8c, 0xff, 0xb3, 0x8c, 0xff, 0xb3, 0x8c, 0xff, 
  0xb3, 0x8c, 0xff, 0xb3, 0x8c, 0xff, 0xb3, 0x8c, 0xfb, 0x35, 0x9d, 0xff, 
  0xb3, 0x8c, 0x80, 0x00, 0x00, 0x00, 0xf7, 0x7d, 0x04, 0x00, 0x00, 0x00, 
  0x00, 0x00, 0x00, 0x00, 0x00, 0x00, 0x00, 0x00, 0x00, 0x00, 0x00, 0x00, 
  0x00, 0x00, 0x00, 0x00, 0x00, 0x00, 0x00, 0x00, 0x00, 0x00, 0x00, 0x00, 
  0x00, 0x00, 0x00, 0xff, 0xbd, 0x04, 0x00, 0x00, 0x00, 0x59, 0xbe, 0x80, 
  0xfc, 0xd6, 0xff, 0x59, 0xc6, 0xfb, 0x59, 0xc6, 0xff, 0x59, 0xc6, 0xff, 
  0x59, 0xc6, 0xff, 0x59, 0xc6, 0xff, 0x59, 0xc6, 0xff, 0x59, 0xc6, 0xff, 
  0x59, 0xc6, 0xff, 0x59, 0xc6, 0xff, 0x59, 0xc6, 0xff, 0x59, 0xc6, 0xff, 
  0x59, 0xc6, 0xff, 0x59, 0xc6, 0xff, 0x59, 0xc6, 0xff, 0x59, 0xc6, 0xff, 
  0x59, 0xc6, 0xff, 0x59, 0xc6, 0xff, 0x59, 0xc6, 0xff, 0x59, 0xc6, 0xff, 
  0x59, 0xc6, 0xff, 0x59, 0xc6, 0xff, 0x59, 0xc6, 0xff, 0x59, 0xc6, 0xff, 
  0x59, 0xc6, 0xff, 0x59, 0xc6, 0xff, 0x59, 0xc6, 0xff, 0x59, 0xc6, 0xff, 
  0x59, 0xc6, 0xff, 0x59, 0xc6, 0xff, 0x59, 0xc6, 0xff, 0x59, 0xc6, 0xff, 
  0x59, 0xc6, 0xff, 0x59, 0xc6, 0xff, 0x59, 0xc6, 0xff, 0x59, 0xc6, 0xff, 
  0x59, 0xc6, 0xff, 0x59, 0xc6, 0xff, 0x59, 0xc6, 0xff, 0x59, 0xc6, 0xff, 
  0x59, 0xc6, 0xff, 0x59, 0xc6, 0xff, 0x59, 0xc6, 0xff, 0x59, 0xc6, 0xff, 
  0x59, 0xc6, 0xff, 0x59, 0xc6, 0xff, 0x59, 0xc6, 0xff, 0x59, 0xc6, 0xff, 
  0x59, 0xc6, 0xff, 0x59, 0xbe, 0xff, 0x79, 0xc6, 0xff, 0x39, 0xbe, 0xff, 
  0xd4, 0x94, 0xff, 0x93, 0x8c, 0xff, 0xd4, 0x94, 0xff, 0xb4, 0x8c, 0xff, 
  0xb4, 0x8c, 0xff, 0xb4, 0x8c, 0xff, 0xb3, 0x8c, 0xff, 0xb3, 0x8c, 0xff, 
  0xd4, 0x94, 0xff, 0xb3, 0x8c, 0xff, 0x4e, 0x5b, 0xff, 0x0d, 0x53, 0xff, 
  0x2d, 0x5b, 0xff, 0x2d, 0x5b, 0xff, 0x2d, 0x53, 0xff, 0x2d, 0x53, 0xff, 
  0x2d, 0x5b, 0xff, 0x2d, 0x5b, 0xff, 0x2d, 0x5b, 0xff, 0x2d, 0x5b, 0xff, 
  0x2d, 0x5b, 0xff, 0x2d, 0x5b, 0xff, 0x2d, 0x5b, 0xff, 0x2d, 0x5b, 0xff, 
  0x2d, 0x5b, 0xff, 0x2e, 0x5b, 0xff, 0x2e, 0x5b, 0xff, 0x2e, 0x5b, 0xff, 
  0x2e, 0x5b, 0xff, 0x2e, 0x5b, 0xff, 0x4e, 0x5b, 0xff, 0x4e, 0x5b, 0xff, 
  0x2e, 0x5b, 0xff, 0x2d, 0x5b, 0xff, 0x2d, 0x53, 0xff, 0x0d, 0x53, 0xff, 
  0x0d, 0x53, 0xff, 0xec, 0x52, 0xff, 0xec, 0x52, 0xff, 0xcc, 0x4a, 0xff, 
  0xcc, 0x4a, 0xff, 0x8b, 0x42, 0xff, 0xd0, 0x6b, 0xff, 0xf4, 0x94, 0xff, 
  0xb3, 0x8c, 0xff, 0xb3, 0x8c, 0xff, 0xb3, 0x8c, 0xff, 0xb3, 0x8c, 0xff, 
  0xb3, 0x8c, 0xff, 0xb3, 0x8c, 0xff, 0xb3, 0x8c, 0xfb, 0x35, 0x9d, 0xff, 
  0xb3, 0x8c, 0x80, 0x00, 0x00, 0x00, 0xf7, 0x7d, 0x04, 0x00, 0x00, 0x00, 
  0x00, 0x00, 0x00, 0x00, 0x00, 0x00, 0x00, 0x00, 0x00, 0x00, 0x00, 0x00, 
  0x00, 0x00, 0x00, 0x00, 0x00, 0x00, 0x00, 0x00, 0x00, 0x00, 0x00, 0x00, 
  0x00, 0x00, 0x00, 0xff, 0xbd, 0x04, 0x00, 0x00, 0x00, 0x59, 0xbe, 0x80, 
  0xfc, 0xd6, 0xff, 0x59, 0xc6, 0xfb, 0x59, 0xc6, 0xff, 0x59, 0xc6, 0xff, 
  0x59, 0xc6, 0xff, 0x59, 0xc6, 0xff, 0x59, 0xc6, 0xff, 0x59, 0xc6, 0xff, 
  0x59, 0xc6, 0xff, 0x59, 0xc6, 0xff, 0x59, 0xc6, 0xff, 0x59, 0xc6, 0xff, 
  0x59, 0xc6, 0xff, 0x59, 0xc6, 0xff, 0x59, 0xc6, 0xff, 0x59, 0xc6, 0xff, 
  0x59, 0xc6, 0xff, 0x59, 0xc6, 0xff, 0x59, 0xc6, 0xff, 0x59, 0xc6, 0xff, 
  0x59, 0xc6, 0xff, 0x59, 0xc6, 0xff, 0x59, 0xc6, 0xff, 0x59, 0xc6, 0xff, 
  0x59, 0xc6, 0xff, 0x59, 0xc6, 0xff, 0x59, 0xc6, 0xff, 0x59, 0xc6, 0xff, 
  0x59, 0xc6, 0xff, 0x59, 0xc6, 0xff, 0x59, 0xc6, 0xff, 0x59, 0xc6, 0xff, 
  0x59, 0xc6, 0xff, 0x59, 0xc6, 0xff, 0x59, 0xc6, 0xff, 0x59, 0xc6, 0xff, 
  0x59, 0xc6, 0xff, 0x59, 0xc6, 0xff, 0x59, 0xc6, 0xff, 0x59, 0xc6, 0xff, 
  0x59, 0xc6, 0xff, 0x59, 0xc6, 0xff, 0x59, 0xc6, 0xff, 0x59, 0xc6, 0xff, 
  0x59, 0xc6, 0xff, 0x59, 0xc6, 0xff, 0x59, 0xc6, 0xff, 0x59, 0xc6, 0xff, 
  0x59, 0xc6, 0xff, 0x59, 0xbe, 0xff, 0x79, 0xc6, 0xff, 0x39, 0xbe, 0xff, 
  0xd4, 0x94, 0xff, 0x93, 0x8c, 0xff, 0xd4, 0x94, 0xff, 0xb3, 0x8c, 0xff, 
  0xb3, 0x8c, 0xff, 0xb3, 0x8c, 0xff, 0xb3, 0x8c, 0xff, 0xb3, 0x8c, 0xff, 
  0xd4, 0x94, 0xff, 0xb3, 0x8c, 0xff, 0xd0, 0x6b, 0xff, 0x4e, 0x5b, 0xff, 
  0x4e, 0x5b, 0xff, 0x4e, 0x63, 0xff, 0x4e, 0x5b, 0xff, 0x4e, 0x5b, 0xff, 
  0x4e, 0x63, 0xff, 0x4e, 0x63, 0xff, 0x4e, 0x63, 0xff, 0x4e, 0x63, 0xff, 
  0x4e, 0x63, 0xff, 0x6e, 0x63, 0xff, 0x6e, 0x63, 0xff, 0x6e, 0x63, 0xff, 
  0x6e, 0x63, 0xff, 0x6e, 0x63, 0xff, 0x6e, 0x63, 0xff, 0x6e, 0x63, 0xff, 
  0x6e, 0x63, 0xff, 0x6e, 0x63, 0xff, 0x6e, 0x63, 0xff, 0x6e, 0x63, 0xff, 
  0x6e, 0x63, 0xff, 0x4e, 0x5b, 0xff, 0x4e, 0x5b, 0xff, 0x4e, 0x5b, 0xff, 
  0x4e, 0x5b, 0xff, 0x2d, 0x5b, 0xff, 0x2d, 0x5b, 0xff, 0x0d, 0x53, 0xff, 
  0x0d, 0x53, 0xff, 0x2d, 0x5b, 0xff, 0x11, 0x7c, 0xff, 0xd4, 0x94, 0xff, 
  0xb3, 0x8c, 0xff, 0xb3, 0x8c, 0xff, 0xb3, 0x8c, 0xff, 0xb3, 0x8c, 0xff, 
  0xb3, 0x8c, 0xff, 0xb3, 0x8c, 0xff, 0xb3, 0x8c, 0xfb, 0x35, 0x9d, 0xff, 
  0x93, 0x8c, 0x80, 0x00, 0x00, 0x00, 0xf7, 0x7d, 0x04, 0x00, 0x00, 0x00, 
  0x00, 0x00, 0x00, 0x00, 0x00, 0x00, 0x00, 0x00, 0x00, 0x00, 0x00, 0x00, 
  0x00, 0x00, 0x00, 0x00, 0x00, 0x00, 0x00, 0x00, 0x00, 0x00, 0x00, 0x00, 
  0x00, 0x00, 0x00, 0xff, 0xbd, 0x04, 0x00, 0x00, 0x00, 0x59, 0xbe, 0x80, 
  0xfc, 0xd6, 0xff, 0x59, 0xc6, 0xfb, 0x59, 0xc6, 0xff, 0x59, 0xc6, 0xff, 
  0x59, 0xc6, 0xff, 0x59, 0xc6, 0xff, 0x59, 0xc6, 0xff, 0x59, 0xc6, 0xff, 
  0x59, 0xc6, 0xff, 0x59, 0xc6, 0xff, 0x59, 0xc6, 0xff, 0x59, 0xc6, 0xff, 
  0x59, 0xc6, 0xff, 0x59, 0xc6, 0xff, 0x59, 0xc6, 0xff, 0x59, 0xc6, 0xff, 
  0x59, 0xc6, 0xff, 0x59, 0xc6, 0xff, 0x59, 0xc6, 0xff, 0x59, 0xc6, 0xff, 
  0x59, 0xc6, 0xff, 0x59, 0xc6, 0xff, 0x59, 0xc6, 0xff, 0x59, 0xc6, 0xff, 
  0x59, 0xc6, 0xff, 0x59, 0xc6, 0xff, 0x59, 0xc6, 0xff, 0x59, 0xc6, 0xff, 
  0x59, 0xc6, 0xff, 0x59, 0xc6, 0xff, 0x59, 0xc6, 0xff, 0x59, 0xc6, 0xff, 
  0x59, 0xc6, 0xff, 0x59, 0xc6, 0xff, 0x59, 0xc6, 0xff, 0x59, 0xc6, 0xff, 
  0x59, 0xc6, 0xff, 0x59, 0xc6, 0xff, 0x59, 0xc6, 0xff, 0x59, 0xc6, 0xff, 
  0x59, 0xc6, 0xff, 0x59, 0xc6, 0xff, 0x59, 0xc6, 0xff, 0x59, 0xc6, 0xff, 
  0x59, 0xc6, 0xff, 0x59, 0xc6, 0xff, 0x59, 0xc6, 0xff, 0x59, 0xc6, 0xff, 
  0x59, 0xc6, 0xff, 0x59, 0xbe, 0xff, 0x79, 0xc6, 0xff, 0x39, 0xbe, 0xff, 
  0xd4, 0x94, 0xff, 0x93, 0x8c, 0xff, 0xd4, 0x94, 0xff, 0xb3, 0x8c, 0xff, 
  0xb3, 0x8c, 0xff, 0xb3, 0x8c, 0xff, 0xb3, 0x8c, 0xff, 0xb3, 0x8c, 0xff, 
  0xb3, 0x8c, 0xff, 0xb3, 0x8c, 0xff, 0xb3, 0x8c, 0xff, 0x93, 0x8c, 0xff, 
  0x93, 0x8c, 0xff, 0x93, 0x8c, 0xff, 0x93, 0x8c, 0xff, 0x93, 0x8c, 0xff, 
  0x93, 0x8c, 0xff, 0x93, 0x8c, 0xff, 0x93, 0x8c, 0xff, 0x93, 0x8c, 0xff, 
  0x93, 0x8c, 0xff, 0x93, 0x8c, 0xff, 0x93, 0x8c, 0xff, 0x93, 0x8c, 0xff, 
  0x93, 0x8c, 0xff, 0x93, 0x8c, 0xff, 0x93, 0x8c, 0xff, 0x93, 0x8c, 0xff, 
  0x93, 0x8c, 0xff, 0x93, 0x8c, 0xff, 0x93, 0x8c, 0xff, 0x93, 0x8c, 0xff, 
  0x93, 0x8c, 0xff, 0x93, 0x8c, 0xff, 0x93, 0x8c, 0xff, 0x93, 0x8c, 0xff, 
  0x93, 0x8c, 0xff, 0x93, 0x8c, 0xff, 0x93, 0x8c, 0xff, 0x93, 0x8c, 0xff, 
  0x93, 0x8c, 0xff, 0x93, 0x8c, 0xff, 0xb3, 0x8c, 0xff, 0xb3, 0x8c, 0xff, 
  0xb3, 0x8c, 0xff, 0xb3, 0x8c, 0xff, 0xb3, 0x8c, 0xff, 0xb3, 0x8c, 0xff, 
  0xb3, 0x8c, 0xff, 0xb3, 0x8c, 0xff, 0x93, 0x8c, 0xfb, 0x35, 0x9d, 0xff, 
  0x93, 0x8c, 0x80, 0x00, 0x00, 0x00, 0xf7, 0x7d, 0x04, 0x00, 0x00, 0x00, 
  0x00, 0x00, 0x00, 0x00, 0x00, 0x00, 0x00, 0x00, 0x00, 0x00, 0x00, 0x00, 
  0x00, 0x00, 0x00, 0x00, 0x00, 0x00, 0x00, 0x00, 0x00, 0x00, 0x00, 0x00, 
  0x00, 0x00, 0x00, 0xff, 0xbd, 0x04, 0x00, 0x00, 0x00, 0x59, 0xbe, 0x80, 
  0xfc, 0xd6, 0xff, 0x59, 0xc6, 0xfb, 0x59, 0xc6, 0xff, 0x59, 0xc6, 0xff, 
  0x59, 0xc6, 0xff, 0x59, 0xc6, 0xff, 0x59, 0xc6, 0xff, 0x59, 0xc6, 0xff, 
  0x59, 0xc6, 0xff, 0x59, 0xc6, 0xff, 0x59, 0xc6, 0xff, 0x59, 0xc6, 0xff, 
  0x59, 0xc6, 0xff, 0x59, 0xc6, 0xff, 0x59, 0xc6, 0xff, 0x59, 0xc6, 0xff, 
  0x59, 0xc6, 0xff, 0x59, 0xc6, 0xff, 0x59, 0xc6, 0xff, 0x59, 0xc6, 0xff, 
  0x59, 0xc6, 0xff, 0x59, 0xc6, 0xff, 0x59, 0xc6, 0xff, 0x59, 0xc6, 0xff, 
  0x59, 0xc6, 0xff, 0x59, 0xc6, 0xff, 0x59, 0xc6, 0xff, 0x59, 0xc6, 0xff, 
  0x59, 0xc6, 0xff, 0x59, 0xc6, 0xff, 0x59, 0xc6, 0xff, 0x59, 0xc6, 0xff, 
  0x59, 0xc6, 0xff, 0x59, 0xc6, 0xff, 0x59, 0xc6, 0xff, 0x59, 0xc6, 0xff, 
  0x59, 0xc6, 0xff, 0x59, 0xc6, 0xff, 0x59, 0xc6, 0xff, 0x59, 0xc6, 0xff, 
  0x59, 0xc6, 0xff, 0x59, 0xc6, 0xff, 0x59, 0xc6, 0xff, 0x59, 0xc6, 0xff, 
  0x59, 0xc6, 0xff, 0x59, 0xc6, 0xff, 0x59, 0xc6, 0xff, 0x59, 0xc6, 0xff, 
  0x59, 0xc6, 0xff, 0x59, 0xbe, 0xff, 0x79, 0xc6, 0xff, 0x39, 0xbe, 0xff, 
  0xd4, 0x94, 0xff, 0x93, 0x8c, 0xff, 0xb3, 0x8c, 0xff, 0xb3, 0x8c, 0xff, 
  0xb3, 0x8c, 0xff, 0xb3, 0x8c, 0xff, 0xb3, 0x8c, 0xff, 0xb3, 0x8c, 0xff, 
  0xb3, 0x8c, 0xff, 0xb3, 0x8c, 0xff, 0xd4, 0x94, 0xff, 0xd4, 0x94, 0xff, 
  0xd4, 0x94, 0xff, 0xd4, 0x94, 0xff, 0xd4, 0x94, 0xff, 0xd4, 0x94, 0xff, 
  0xd4, 0x94, 0xff, 0xd4, 0x94, 0xff, 0xd4, 0x94, 0xff, 0xd4, 0x94, 0xff, 
  0xd4, 0x94, 0xff, 0xd4, 0x94, 0xff, 0xd4, 0x94, 0xff, 0xd4, 0x94, 0xff, 
  0xd4, 0x94, 0xff, 0xd4, 0x94, 0xff, 0xd4, 0x94, 0xff, 0xd4, 0x94, 0xff, 
  0xd4, 0x94, 0xff, 0xd4, 0x94, 0xff, 0xd4, 0x94, 0xff, 0xd4, 0x94, 0xff, 
  0xd4, 0x94, 0xff, 0xd4, 0x94, 0xff, 0xd4, 0x94, 0xff, 0xd4, 0x94, 0xff, 
  0xd4, 0x94, 0xff, 0xd4, 0x94, 0xff, 0xd4, 0x94, 0xff, 0xd4, 0x94, 0xff, 
  0xd4, 0x94, 0xff, 0xd4, 0x94, 0xff, 0xb3, 0x8c, 0xff, 0xb3, 0x8c, 0xff, 
  0xb3, 0x8c, 0xff, 0xb3, 0x8c, 0xff, 0xb3, 0x8c, 0xff, 0xb3, 0x8c, 0xff, 
  0xb3, 0x8c, 0xff, 0xb3, 0x8c, 0xff, 0x93, 0x8c, 0xfb, 0x35, 0x9d, 0xff, 
  0x93, 0x8c, 0x80, 0x00, 0x00, 0x00, 0xf7, 0x7d, 0x04, 0x00, 0x00, 0x00, 
  0x00, 0x00, 0x00, 0x00, 0x00, 0x00, 0x00, 0x00, 0x00, 0x00, 0x00, 0x00, 
  0x00, 0x00, 0x00, 0x00, 0x00, 0x00, 0x00, 0x00, 0x00, 0x00, 0x00, 0x00, 
  0x00, 0x00, 0x00, 0xff, 0xbd, 0x04, 0x00, 0x00, 0x00, 0x59, 0xbe, 0x80, 
  0xfc, 0xd6, 0xff, 0x59, 0xc6, 0xfb, 0x59, 0xc6, 0xff, 0x59, 0xc6, 0xff, 
  0x59, 0xc6, 0xff, 0x59, 0xc6, 0xff, 0x59, 0xc6, 0xff, 0x59, 0xc6, 0xff, 
  0x59, 0xc6, 0xff, 0x59, 0xc6, 0xff, 0x59, 0xc6, 0xff, 0x59, 0xc6, 0xff, 
  0x59, 0xc6, 0xff, 0x59, 0xc6, 0xff, 0x59, 0xc6, 0xff, 0x59, 0xc6, 0xff, 
  0x59, 0xc6, 0xff, 0x59, 0xc6, 0xff, 0x59, 0xc6, 0xff, 0x59, 0xc6, 0xff, 
  0x59, 0xc6, 0xff, 0x59, 0xc6, 0xff, 0x59, 0xc6, 0xff, 0x59, 0xc6, 0xff, 
  0x59, 0xc6, 0xff, 0x59, 0xc6, 0xff, 0x59, 0xc6, 0xff, 0x59, 0xc6, 0xff, 
  0x59, 0xc6, 0xff, 0x59, 0xc6, 0xff, 0x59, 0xc6, 0xff, 0x59, 0xc6, 0xff, 
  0x59, 0xc6, 0xff, 0x59, 0xc6, 0xff, 0x59, 0xc6, 0xff, 0x59, 0xc6, 0xff, 
  0x59, 0xc6, 0xff, 0x59, 0xc6, 0xff, 0x59, 0xc6, 0xff, 0x59, 0xc6, 0xff, 
  0x59, 0xc6, 0xff, 0x59, 0xc6, 0xff, 0x59, 0xc6, 0xff, 0x59, 0xc6, 0xff, 
  0x59, 0xc6, 0xff, 0x59, 0xc6, 0xff, 0x59, 0xc6, 0xff, 0x59, 0xc6, 0xff, 
  0x59, 0xc6, 0xff, 0x59, 0xbe, 0xff, 0x79, 0xc6, 0xff, 0x39, 0xbe, 0xff, 
  0xd4, 0x94, 0xff, 0x93, 0x8c, 0xff, 0xb3, 0x8c, 0xff, 0xb3, 0x8c, 0xff, 
  0xb3, 0x8c, 0xff, 0xb3, 0x8c, 0xff, 0xb3, 0x8c, 0xff, 0xb3, 0x8c, 0xff, 
  0xb3, 0x8c, 0xff, 0xb3, 0x8c, 0xff, 0xb3, 0x8c, 0xff, 0xb3, 0x8c, 0xff, 
  0xb3, 0x8c, 0xff, 0xb3, 0x8c, 0xff, 0xb3, 0x8c, 0xff, 0xb3, 0x8c, 0xff, 
  0xb3, 0x8c, 0xff, 0xb3, 0x8c, 0xff, 0xb3, 0x8c, 0xff, 0xb3, 0x8c, 0xff, 
  0xb3, 0x8c, 0xff, 0xb3, 0x8c, 0xff, 0xb3, 0x8c, 0xff, 0xb3, 0x8c, 0xff, 
  0xb3, 0x8c, 0xff, 0x93, 0x8c, 0xff, 0x93, 0x8c, 0xff, 0x93, 0x8c, 0xff, 
  0x93, 0x8c, 0xff, 0x93, 0x8c, 0xff, 0x93, 0x8c, 0xff, 0x93, 0x8c, 0xff, 
  0x93, 0x8c, 0xff, 0x93, 0x8c, 0xff, 0x93, 0x8c, 0xff, 0x93, 0x8c, 0xff, 
  0x93, 0x8c, 0xff, 0x93, 0x8c, 0xff, 0x93, 0x8c, 0xff, 0x93, 0x8c, 0xff, 
  0x93, 0x8c, 0xff, 0x93, 0x8c, 0xff, 0x93, 0x8c, 0xff, 0xb3, 0x8c, 0xff, 
  0xb3, 0x8c, 0xff, 0xb3, 0x8c, 0xff, 0xb3, 0x8c, 0xff, 0xb3, 0x8c, 0xff, 
  0xb3, 0x8c, 0xff, 0xb3, 0x8c, 0xff, 0x93, 0x8c, 0xfb, 0x35, 0x9d, 0xff, 
  0x93, 0x8c, 0x80, 0x00, 0x00, 0x00, 0xf7, 0x7d, 0x04, 0x00, 0x00, 0x00, 
  0x00, 0x00, 0x00, 0x00, 0x00, 0x00, 0x00, 0x00, 0x00, 0x00, 0x00, 0x00, 
  0x00, 0x00, 0x00, 0x00, 0x00, 0x00, 0x00, 0x00, 0x00, 0x00, 0x00, 0x00, 
  0x00, 0x00, 0x00, 0xff, 0xbd, 0x04, 0x00, 0x00, 0x00, 0x59, 0xbe, 0x80, 
  0xfc, 0xd6, 0xff, 0x59, 0xc6, 0xfb, 0x59, 0xc6, 0xff, 0x59, 0xc6, 0xff, 
  0x59, 0xc6, 0xff, 0x59, 0xc6, 0xff, 0x59, 0xc6, 0xff, 0x59, 0xc6, 0xff, 
  0x59, 0xc6, 0xff, 0x59, 0xc6, 0xff, 0x59, 0xc6, 0xff, 0x59, 0xc6, 0xff, 
  0x59, 0xc6, 0xff, 0x59, 0xc6, 0xff, 0x59, 0xc6, 0xff, 0x59, 0xc6, 0xff, 
  0x59, 0xc6, 0xff, 0x59, 0xc6, 0xff, 0x59, 0xc6, 0xff, 0x59, 0xc6, 0xff, 
  0x59, 0xc6, 0xff, 0x59, 0xc6, 0xff, 0x59, 0xc6, 0xff, 0x59, 0xc6, 0xff, 
  0x59, 0xc6, 0xff, 0x59, 0xc6, 0xff, 0x59, 0xc6, 0xff, 0x59, 0xc6, 0xff, 
  0x59, 0xc6, 0xff, 0x59, 0xc6, 0xff, 0x59, 0xc6, 0xff, 0x59, 0xc6, 0xff, 
  0x59, 0xc6, 0xff, 0x59, 0xc6, 0xff, 0x59, 0xc6, 0xff, 0x59, 0xc6, 0xff, 
  0x59, 0xc6, 0xff, 0x59, 0xc6, 0xff, 0x59, 0xc6, 0xff, 0x59, 0xc6, 0xff, 
  0x59, 0xc6, 0xff, 0x59, 0xc6, 0xff, 0x59, 0xc6, 0xff, 0x59, 0xc6, 0xff, 
  0x59, 0xc6, 0xff, 0x59, 0xc6, 0xff, 0x59, 0xc6, 0xff, 0x59, 0xc6, 0xff, 
  0x59, 0xc6, 0xff, 0x59, 0xbe, 0xff, 0x79, 0xc6, 0xff, 0x39, 0xbe, 0xff, 
  0xd4, 0x94, 0xff, 0x93, 0x8c, 0xff, 0xb3, 0x8c, 0xff, 0xb3, 0x8c, 0xff, 
  0xb3, 0x8c, 0xff, 0xb3, 0x8c, 0xff, 0xb3, 0x8c, 0xff, 0xb3, 0x8c, 0xff, 
  0xb3, 0x8c, 0xff, 0xb3, 0x8c, 0xff, 0xb3, 0x8c, 0xff, 0xb3, 0x8c, 0xff, 
  0xb3, 0x8c, 0xff, 0xb3, 0x8c, 0xff, 0xb3, 0x8c, 0xff, 0xb3, 0x8c, 0xff, 
  0xb3, 0x8c, 0xff, 0xb3, 0x8c, 0xff, 0xb3, 0x8c, 0xff, 0xb3, 0x8c, 0xff, 
  0xb3, 0x8c, 0xff, 0xb3, 0x8c, 0xff, 0xb3, 0x8c, 0xff, 0xb3, 0x8c, 0xff, 
  0xb3, 0x8c, 0xff, 0xb3, 0x8c, 0xff, 0xb3, 0x8c, 0xff, 0xb3, 0x8c, 0xff, 
  0xb3, 0x8c, 0xff, 0xb3, 0x8c, 0xff, 0xb3, 0x8c, 0xff, 0xb3, 0x8c, 0xff, 
  0xb3, 0x8c, 0xff, 0xb3, 0x8c, 0xff, 0xb3, 0x8c, 0xff, 0xb3, 0x8c, 0xff, 
  0xb3, 0x8c, 0xff, 0xb3, 0x8c, 0xff, 0xb3, 0x8c, 0xff, 0xb3, 0x8c, 0xff, 
  0xb3, 0x8c, 0xff, 0xb3, 0x8c, 0xff, 0xb3, 0x8c, 0xff, 0xb3, 0x8c, 0xff, 
  0xb3, 0x8c, 0xff, 0xb3, 0x8c, 0xff, 0x93, 0x8c, 0xff, 0x93, 0x8c, 0xff, 
  0x93, 0x8c, 0xff, 0x93, 0x8c, 0xff, 0x93, 0x8c, 0xfb, 0x15, 0x9d, 0xff, 
  0x93, 0x8c, 0x80, 0x00, 0x00, 0x00, 0xf7, 0x7d, 0x04, 0x00, 0x00, 0x00, 
  0x00, 0x00, 0x00, 0x00, 0x00, 0x00, 0x00, 0x00, 0x00, 0x00, 0x00, 0x00, 
  0x00, 0x00, 0x00, 0x00, 0x00, 0x00, 0x00, 0x00, 0x00, 0x00, 0x00, 0x00, 
  0x00, 0x00, 0x00, 0xff, 0xbd, 0x04, 0x00, 0x00, 0x00, 0x59, 0xbe, 0x80, 
  0xfc, 0xd6, 0xff, 0x59, 0xc6, 0xfb, 0x59, 0xc6, 0xff, 0x59, 0xc6, 0xff, 
  0x59, 0xc6, 0xff, 0x59, 0xc6, 0xff, 0x59, 0xc6, 0xff, 0x59, 0xc6, 0xff, 
  0x59, 0xc6, 0xff, 0x59, 0xc6, 0xff, 0x59, 0xc6, 0xff, 0x59, 0xc6, 0xff, 
  0x59, 0xc6, 0xff, 0x59, 0xc6, 0xff, 0x59, 0xc6, 0xff, 0x59, 0xc6, 0xff, 
  0x59, 0xc6, 0xff, 0x59, 0xc6, 0xff, 0x59, 0xc6, 0xff, 0x59, 0xc6, 0xff, 
  0x59, 0xc6, 0xff, 0x59, 0xc6, 0xff, 0x59, 0xc6, 0xff, 0x59, 0xc6, 0xff, 
  0x59, 0xc6, 0xff, 0x59, 0xc6, 0xff, 0x59, 0xc6, 0xff, 0x59, 0xc6, 0xff, 
  0x59, 0xc6, 0xff, 0x59, 0xc6, 0xff, 0x59, 0xc6, 0xff, 0x59, 0xc6, 0xff, 
  0x59, 0xc6, 0xff, 0x59, 0xc6, 0xff, 0x59, 0xc6, 0xff, 0x59, 0xc6, 0xff, 
  0x59, 0xc6, 0xff, 0x59, 0xc6, 0xff, 0x59, 0xc6, 0xff, 0x59, 0xc6, 0xff, 
  0x59, 0xc6, 0xff, 0x59, 0xc6, 0xff, 0x59, 0xc6, 0xff, 0x59, 0xc6, 0xff, 
  0x59, 0xc6, 0xff, 0x59, 0xc6, 0xff, 0x59, 0xc6, 0xff, 0x59, 0xc6, 0xff, 
  0x59, 0xc6, 0xff, 0x59, 0xbe, 0xff, 0x79, 0xc6, 0xff, 0x39, 0xbe, 0xff, 
  0xd4, 0x94, 0xff, 0x93, 0x8c, 0xff, 0xb3, 0x8c, 0xff, 0xb3, 0x8c, 0xff, 
  0xb3, 0x8c, 0xff, 0xb3, 0x8c, 0xff, 0xb3, 0x8c, 0xff, 0xb3, 0x8c, 0xff, 
  0xb3, 0x8c, 0xff, 0xb3, 0x8c, 0xff, 0xb3, 0x8c, 0xff, 0xb3, 0x8c, 0xff, 
  0xb3, 0x8c, 0xff, 0xb3, 0x8c, 0xff, 0xb3, 0x8c, 0xff, 0xb3, 0x8c, 0xff, 
  0xb3, 0x8c, 0xff, 0xb3, 0x8c, 0xff, 0xb3, 0x8c, 0xff, 0xb3, 0x8c, 0xff, 
  0xb3, 0x8c, 0xff, 0xb3, 0x8c, 0xff, 0xb3, 0x8c, 0xff, 0xb3, 0x8c, 0xff, 
  0xb3, 0x8c, 0xff, 0xb3, 0x8c, 0xff, 0xb3, 0x8c, 0xff, 0xb3, 0x8c, 0xff, 
  0xb3, 0x8c, 0xff, 0xb3, 0x8c, 0xff, 0xb3, 0x8c, 0xff, 0xb3, 0x8c, 0xff, 
  0xb3, 0x8c, 0xff, 0xb3, 0x8c, 0xff, 0xb3, 0x8c, 0xff, 0xb3, 0x8c, 0xff, 
  0xb3, 0x8c, 0xff, 0xb3, 0x8c, 0xff, 0x93, 0x8c, 0xff, 0x93, 0x8c, 0xff, 
  0x93, 0x8c, 0xff, 0x93, 0x8c, 0xff, 0x93, 0x8c, 0xff, 0x93, 0x8c, 0xff, 
  0x93, 0x8c, 0xff, 0x93, 0x8c, 0xff, 0x93, 0x8c, 0xff, 0x93, 0x8c, 0xff, 
  0x93, 0x8c, 0xff, 0x93, 0x8c, 0xff, 0x93, 0x8c, 0xfb, 0x15, 0x9d, 0xff, 
  0x93, 0x8c, 0x80, 0x00, 0x00, 0x00, 0xf7, 0x7d, 0x04, 0x00, 0x00, 0x00, 
  0x00, 0x00, 0x00, 0x00, 0x00, 0x00, 0x00, 0x00, 0x00, 0x00, 0x00, 0x00, 
  0x00, 0x00, 0x00, 0x00, 0x00, 0x00, 0x00, 0x00, 0x00, 0x00, 0x00, 0x00, 
  0x00, 0x00, 0x00, 0xff, 0xbd, 0x04, 0x00, 0x00, 0x00, 0x59, 0xbe, 0x80, 
  0xfc, 0xd6, 0xff, 0x59, 0xc6, 0xfb, 0x59, 0xc6, 0xff, 0x59, 0xc6, 0xff, 
  0x59, 0xc6, 0xff, 0x59, 0xc6, 0xff, 0x59, 0xc6, 0xff, 0x59, 0xc6, 0xff, 
  0x59, 0xc6, 0xff, 0x59, 0xc6, 0xff, 0x59, 0xc6, 0xff, 0x59, 0xc6, 0xff, 
  0x59, 0xc6, 0xff, 0x59, 0xc6, 0xff, 0x59, 0xc6, 0xff, 0x59, 0xc6, 0xff, 
  0x59, 0xc6, 0xff, 0x59, 0xc6, 0xff, 0x59, 0xc6, 0xff, 0x59, 0xc6, 0xff, 
  0x59, 0xc6, 0xff, 0x59, 0xc6, 0xff, 0x59, 0xc6, 0xff, 0x59, 0xc6, 0xff, 
  0x59, 0xc6, 0xff, 0x59, 0xc6, 0xff, 0x59, 0xc6, 0xff, 0x59, 0xc6, 0xff, 
  0x59, 0xc6, 0xff, 0x59, 0xc6, 0xff, 0x59, 0xc6, 0xff, 0x59, 0xc6, 0xff, 
  0x59, 0xc6, 0xff, 0x59, 0xc6, 0xff, 0x59, 0xc6, 0xff, 0x59, 0xc6, 0xff, 
  0x59, 0xc6, 0xff, 0x59, 0xc6, 0xff, 0x59, 0xc6, 0xff, 0x59, 0xc6, 0xff, 
  0x59, 0xc6, 0xff, 0x59, 0xc6, 0xff, 0x59, 0xc6, 0xff, 0x59, 0xc6, 0xff, 
  0x59, 0xc6, 0xff, 0x59, 0xc6, 0xff, 0x59, 0xc6, 0xff, 0x59, 0xc6, 0xff, 
  0x59, 0xc6, 0xff, 0x59, 0xbe, 0xff, 0x79, 0xc6, 0xff, 0x39, 0xbe, 0xff, 
  0xd4, 0x94, 0xff, 0x93, 0x8c, 0xff, 0xb3, 0x8c, 0xff, 0xb3, 0x8c, 0xff, 
  0xb3, 0x8c, 0xff, 0xb3, 0x8c, 0xff, 0xb3, 0x8c, 0xff, 0xb3, 0x8c, 0xff, 
  0xb3, 0x8c, 0xff, 0xb3, 0x8c, 0xff, 0xb3, 0x8c, 0xff, 0xb3, 0x8c, 0xff, 
  0xb3, 0x8c, 0xff, 0xb3, 0x8c, 0xff, 0xb3, 0x8c, 0xff, 0xb3, 0x8c, 0xff, 
  0xb3, 0x8c, 0xff, 0xb3, 0x8c, 0xff, 0xb3, 0x8c, 0xff, 0xb3, 0x8c, 0xff, 
  0xb3, 0x8c, 0xff, 0xb3, 0x8c, 0xff, 0xb3, 0x8c, 0xff, 0xb3, 0x8c, 0xff, 
  0xb3, 0x8c, 0xff, 0xb3, 0x8c, 0xff, 0xb3, 0x8c, 0xff, 0xb3, 0x8c, 0xff, 
  0xb3, 0x8c, 0xff, 0x93, 0x8c, 0xff, 0x93, 0x8c, 0xff, 0x93, 0x8c, 0xff, 
  0x93, 0x8c, 0xff, 0x93, 0x8c, 0xff, 0x93, 0x8c, 0xff, 0x93, 0x8c, 0xff, 
  0x93, 0x8c, 0xff, 0x93, 0x8c, 0xff, 0x93, 0x8c, 0xff, 0x93, 0x8c, 0xff, 
  0x93, 0x8c, 0xff, 0x93, 0x8c, 0xff, 0x93, 0x8c, 0xff, 0x93, 0x8c, 0xff, 
  0x93, 0x8c, 0xff, 0x93, 0x8c, 0xff, 0x93, 0x8c, 0xff, 0x93, 0x8c, 0xff, 
  0x93, 0x8c, 0xff, 0x93, 0x8c, 0xff, 0x93, 0x8c, 0xfb, 0x15, 0x9d, 0xff, 
  0x93, 0x8c, 0x80, 0x00, 0x00, 0x00, 0xf7, 0x7d, 0x04, 0x00, 0x00, 0x00, 
  0x00, 0x00, 0x00, 0x00, 0x00, 0x00, 0x00, 0x00, 0x00, 0x00, 0x00, 0x00, 
  0x00, 0x00, 0x00, 0x00, 0x00, 0x00, 0x00, 0x00, 0x00, 0x00, 0x00, 0x00, 
  0x00, 0x00, 0x00, 0xff, 0xbd, 0x04, 0x00, 0x00, 0x00, 0x59, 0xbe, 0x80, 
  0xfc, 0xd6, 0xff, 0x59, 0xc6, 0xfb, 0x59, 0xc6, 0xff, 0x59, 0xc6, 0xff, 
  0x59, 0xc6, 0xff, 0x59, 0xc6, 0xff, 0x59, 0xc6, 0xff, 0x59, 0xc6, 0xff, 
  0x59, 0xc6, 0xff, 0x59, 0xc6, 0xff, 0x59, 0xc6, 0xff, 0x59, 0xc6, 0xff, 
  0x59, 0xc6, 0xff, 0x59, 0xc6, 0xff, 0x59, 0xc6, 0xff, 0x59, 0xc6, 0xff, 
  0x59, 0xc6, 0xff, 0x59, 0xc6, 0xff, 0x59, 0xc6, 0xff, 0x59, 0xc6, 0xff, 
  0x59, 0xc6, 0xff, 0x59, 0xc6, 0xff, 0x59, 0xc6, 0xff, 0x59, 0xc6, 0xff, 
  0x59, 0xc6, 0xff, 0x59, 0xc6, 0xff, 0x59, 0xc6, 0xff, 0x59, 0xc6, 0xff, 
  0x59, 0xc6, 0xff, 0x59, 0xc6, 0xff, 0x59, 0xc6, 0xff, 0x59, 0xc6, 0xff, 
  0x59, 0xc6, 0xff, 0x59, 0xc6, 0xff, 0x59, 0xc6, 0xff, 0x59, 0xc6, 0xff, 
  0x59, 0xc6, 0xff, 0x59, 0xc6, 0xff, 0x59, 0xc6, 0xff, 0x59, 0xc6, 0xff, 
  0x59, 0xc6, 0xff, 0x59, 0xc6, 0xff, 0x59, 0xc6, 0xff, 0x59, 0xc6, 0xff, 
  0x59, 0xc6, 0xff, 0x59, 0xc6, 0xff, 0x59, 0xc6, 0xff, 0x59, 0xc6, 0xff, 
  0x59, 0xc6, 0xff, 0x59, 0xbe, 0xff, 0x79, 0xc6, 0xff, 0x39, 0xbe, 0xff, 
  0xd4, 0x94, 0xff, 0x93, 0x8c, 0xff, 0xb3, 0x8c, 0xff, 0xb3, 0x8c, 0xff, 
  0xb3, 0x8c, 0xff, 0xb3, 0x8c, 0xff, 0xb3, 0x8c, 0xff, 0xb3, 0x8c, 0xff, 
  0xb3, 0x8c, 0xff, 0xb3, 0x8c, 0xff, 0xb3, 0x8c, 0xff, 0xb3, 0x8c, 0xff, 
  0xb3, 0x8c, 0xff, 0xb3, 0x8c, 0xff, 0xb3, 0x8c, 0xff, 0xb3, 0x8c, 0xff, 
  0xb3, 0x8c, 0xff, 0xb3, 0x8c, 0xff, 0xb3, 0x8c, 0xff, 0xb3, 0x8c, 0xff, 
  0x93, 0x8c, 0xff, 0x93, 0x8c, 0xff, 0x93, 0x8c, 0xff, 0x93, 0x8c, 0xff, 
  0x93, 0x8c, 0xff, 0x93, 0x8c, 0xff, 0x93, 0x8c, 0xff, 0x93, 0x8c, 0xff, 
  0x93, 0x8c, 0xff, 0x93, 0x8c, 0xff, 0x93, 0x8c, 0xff, 0x93, 0x8c, 0xff, 
  0x93, 0x8c, 0xff, 0x93, 0x8c, 0xff, 0x93, 0x8c, 0xff, 0x93, 0x8c, 0xff, 
  0x93, 0x8c, 0xff, 0x93, 0x8c, 0xff, 0x93, 0x8c, 0xff, 0x93, 0x8c, 0xff, 
  0x93, 0x8c, 0xff, 0x93, 0x8c, 0xff, 0x93, 0x8c, 0xff, 0x93, 0x8c, 0xff, 
  0x93, 0x8c, 0xff, 0x93, 0x8c, 0xff, 0x93, 0x8c, 0xff, 0x93, 0x8c, 0xff, 
  0x93, 0x8c, 0xff, 0x93, 0x8c, 0xff, 0x93, 0x8c, 0xfb, 0x15, 0x9d, 0xff, 
  0x93, 0x8c, 0x80, 0x00, 0x00, 0x00, 0xf7, 0x7d, 0x04, 0x00, 0x00, 0x00, 
  0x00, 0x00, 0x00, 0x00, 0x00, 0x00, 0x00, 0x00, 0x00, 0x00, 0x00, 0x00, 
  0x00, 0x00, 0x00, 0x00, 0x00, 0x00, 0x00, 0x00, 0x00, 0x00, 0x00, 0x00, 
  0x00, 0x00, 0x00, 0xff, 0xbd, 0x04, 0x00, 0x00, 0x00, 0x59, 0xbe, 0x80, 
  0xfc, 0xd6, 0xff, 0x59, 0xc6, 0xfb, 0x59, 0xc6, 0xff, 0x59, 0xc6, 0xff, 
  0x59, 0xc6, 0xff, 0x59, 0xc6, 0xff, 0x59, 0xc6, 0xff, 0x59, 0xc6, 0xff, 
  0x59, 0xc6, 0xff, 0x59, 0xc6, 0xff, 0x59, 0xc6, 0xff, 0x59, 0xc6, 0xff, 
  0x59, 0xc6, 0xff, 0x59, 0xc6, 0xff, 0x59, 0xc6, 0xff, 0x59, 0xc6, 0xff, 
  0x59, 0xc6, 0xff, 0x59, 0xc6, 0xff, 0x59, 0xc6, 0xff, 0x59, 0xc6, 0xff, 
  0x59, 0xc6, 0xff, 0x59, 0xc6, 0xff, 0x59, 0xc6, 0xff, 0x59, 0xc6, 0xff, 
  0x59, 0xc6, 0xff, 0x59, 0xc6, 0xff, 0x59, 0xc6, 0xff, 0x59, 0xc6, 0xff, 
  0x59, 0xc6, 0xff, 0x59, 0xc6, 0xff, 0x59, 0xc6, 0xff, 0x59, 0xc6, 0xff, 
  0x59, 0xc6, 0xff, 0x59, 0xc6, 0xff, 0x59, 0xc6, 0xff, 0x59, 0xc6, 0xff, 
  0x59, 0xc6, 0xff, 0x59, 0xc6, 0xff, 0x59, 0xc6, 0xff, 0x59, 0xc6, 0xff, 
  0x59, 0xc6, 0xff, 0x59, 0xc6, 0xff, 0x59, 0xc6, 0xff, 0x59, 0xc6, 0xff, 
  0x59, 0xc6, 0xff, 0x59, 0xc6, 0xff, 0x59, 0xc6, 0xff, 0x59, 0xc6, 0xff, 
  0x59, 0xc6, 0xff, 0x59, 0xbe, 0xff, 0x7a, 0xc6, 0xff, 0x39, 0xbe, 0xff, 
  0xd4, 0x94, 0xff, 0x93, 0x8c, 0xff, 0xb3, 0x8c, 0xff, 0xb3, 0x8c, 0xff, 
  0xb3, 0x8c, 0xff, 0xb3, 0x8c, 0xff, 0xb3, 0x8c, 0xff, 0xb3, 0x8c, 0xff, 
  0xb3, 0x8c, 0xff, 0xb3, 0x8c, 0xff, 0xb3, 0x8c, 0xff, 0xb3, 0x8c, 0xff, 
  0xb3, 0x8c, 0xff, 0xb3, 0x8c, 0xff, 0xb3, 0x8c, 0xff, 0xb3, 0x8c, 0xff, 
  0xb3, 0x8c, 0xff, 0xb3, 0x8c, 0xff, 0x93, 0x8c, 0xff, 0x93, 0x8c, 0xff, 
  0x93, 0x8c, 0xff, 0x93, 0x8c, 0xff, 0x93, 0x8c, 0xff, 0x93, 0x8c, 0xff, 
  0x93, 0x8c, 0xff, 0x93, 0x8c, 0xff, 0x93, 0x8c, 0xff, 0x93, 0x8c, 0xff, 
  0x93, 0x8c, 0xff, 0x93, 0x8c, 0xff, 0x93, 0x8c, 0xff, 0x93, 0x8c, 0xff, 
  0x93, 0x8c, 0xff, 0x93, 0x8c, 0xff, 0x93, 0x8c, 0xff, 0x93, 0x8c, 0xff, 
  0x93, 0x8c, 0xff, 0x93, 0x8c, 0xff, 0x93, 0x8c, 0xff, 0x93, 0x8c, 0xff, 
  0x93, 0x8c, 0xff, 0x93, 0x8c, 0xff, 0x93, 0x8c, 0xff, 0x93, 0x8c, 0xff, 
  0x93, 0x8c, 0xff, 0x93, 0x8c, 0xff, 0x93, 0x8c, 0xff, 0x93, 0x8c, 0xff, 
  0x93, 0x8c, 0xff, 0x93, 0x8c, 0xff, 0x93, 0x8c, 0xfb, 0x15, 0x9d, 0xff, 
  0x93, 0x8c, 0x80, 0x00, 0x00, 0x00, 0xf7, 0x7d, 0x04, 0x00, 0x00, 0x00, 
  0x00, 0x00, 0x00, 0x00, 0x00, 0x00, 0x00, 0x00, 0x00, 0x00, 0x00, 0x00, 
  0x00, 0x00, 0x00, 0x00, 0x00, 0x00, 0x00, 0x00, 0x00, 0x00, 0x00, 0x00, 
  0x00, 0x00, 0x00, 0xff, 0xbd, 0x04, 0x00, 0x00, 0x00, 0x59, 0xbe, 0x80, 
  0xfc, 0xd6, 0xff, 0x59, 0xc6, 0xfb, 0x59, 0xc6, 0xff, 0x59, 0xc6, 0xff, 
  0x59, 0xc6, 0xff, 0x59, 0xc6, 0xff, 0x59, 0xc6, 0xff, 0x59, 0xc6, 0xff, 
  0x59, 0xc6, 0xff, 0x59, 0xc6, 0xff, 0x59, 0xc6, 0xff, 0x59, 0xc6, 0xff, 
  0x59, 0xc6, 0xff, 0x59, 0xc6, 0xff, 0x59, 0xc6, 0xff, 0x59, 0xc6, 0xff, 
  0x59, 0xc6, 0xff, 0x59, 0xc6, 0xff, 0x59, 0xc6, 0xff, 0x59, 0xc6, 0xff, 
  0x59, 0xc6, 0xff, 0x59, 0xc6, 0xff, 0x59, 0xc6, 0xff, 0x59, 0xc6, 0xff, 
  0x59, 0xc6, 0xff, 0x59, 0xc6, 0xff, 0x59, 0xc6, 0xff, 0x59, 0xc6, 0xff, 
  0x59, 0xc6, 0xff, 0x59, 0xc6, 0xff, 0x59, 0xc6, 0xff, 0x59, 0xc6, 0xff, 
  0x59, 0xc6, 0xff, 0x59, 0xc6, 0xff, 0x59, 0xc6, 0xff, 0x59, 0xc6, 0xff, 
  0x59, 0xc6, 0xff, 0x59, 0xc6, 0xff, 0x59, 0xc6, 0xff, 0x59, 0xc6, 0xff, 
  0x59, 0xc6, 0xff, 0x59, 0xc6, 0xff, 0x59, 0xc6, 0xff, 0x59, 0xc6, 0xff, 
  0x59, 0xc6, 0xff, 0x59, 0xc6, 0xff, 0x59, 0xc6, 0xff, 0x59, 0xc6, 0xff, 
  0x59, 0xc6, 0xff, 0x59, 0xbe, 0xff, 0x7a, 0xc6, 0xff, 0x39, 0xbe, 0xff, 
  0xd3, 0x94, 0xff, 0x93, 0x8c, 0xff, 0xb3, 0x8c, 0xff, 0xb3, 0x8c, 0xff, 
  0xb3, 0x8c, 0xff, 0xb3, 0x8c, 0xff, 0xb3, 0x8c, 0xff, 0xb3, 0x8c, 0xff, 
  0xb3, 0x8c, 0xff, 0xb3, 0x8c, 0xff, 0xb3, 0x8c, 0xff, 0x93, 0x8c, 0xff, 
  0x93, 0x8c, 0xff, 0x93, 0x8c, 0xff, 0x93, 0x8c, 0xff, 0x93, 0x8c, 0xff, 
  0x93, 0x8c, 0xff, 0x93, 0x8c, 0xff, 0x93, 0x8c, 0xff, 0x93, 0x8c, 0xff, 
  0x93, 0x8c, 0xff, 0x93, 0x8c, 0xff, 0x93, 0x8c, 0xff, 0x93, 0x8c, 0xff, 
  0x93, 0x8c, 0xff, 0x93, 0x8c, 0xff, 0x93, 0x8c, 0xff, 0x93, 0x8c, 0xff, 
  0x93, 0x8c, 0xff, 0x93, 0x8c, 0xff, 0x93, 0x8c, 0xff, 0x93, 0x8c, 0xff, 
  0x93, 0x8c, 0xff, 0x93, 0x8c, 0xff, 0x93, 0x8c, 0xff, 0x93, 0x8c, 0xff, 
  0x93, 0x8c, 0xff, 0x93, 0x8c, 0xff, 0x93, 0x8c, 0xff, 0x93, 0x8c, 0xff, 
  0x93, 0x8c, 0xff, 0x93, 0x8c, 0xff, 0x93, 0x8c, 0xff, 0x93, 0x8c, 0xff, 
  0x93, 0x8c, 0xff, 0x93, 0x8c, 0xff, 0x93, 0x8c, 0xff, 0x93, 0x8c, 0xff, 
  0x93, 0x8c, 0xff, 0x93, 0x8c, 0xff, 0x93, 0x8c, 0xfb, 0x15, 0x9d, 0xff, 
  0x93, 0x8c, 0x80, 0x00, 0x00, 0x00, 0xf7, 0x7d, 0x04, 0x00, 0x00, 0x00, 
  0x00, 0x00, 0x00, 0x00, 0x00, 0x00, 0x00, 0x00, 0x00, 0x00, 0x00, 0x00, 
  0x00, 0x00, 0x00, 0x00, 0x00, 0x00, 0x00, 0x00, 0x00, 0x00, 0x00, 0x00, 
  0x00, 0x00, 0x00, 0xff, 0xbd, 0x04, 0x00, 0x00, 0x00, 0x59, 0xbe, 0x80, 
  0xfc, 0xd6, 0xff, 0x59, 0xc6, 0xfb, 0x59, 0xc6, 0xff, 0x59, 0xc6, 0xff, 
  0x59, 0xc6, 0xff, 0x59, 0xc6, 0xff, 0x59, 0xc6, 0xff, 0x59, 0xc6, 0xff, 
  0x59, 0xc6, 0xff, 0x59, 0xc6, 0xff, 0x59, 0xc6, 0xff, 0x59, 0xc6, 0xff, 
  0x59, 0xc6, 0xff, 0x59, 0xc6, 0xff, 0x59, 0xc6, 0xff, 0x59, 0xc6, 0xff, 
  0x59, 0xc6, 0xff, 0x59, 0xc6, 0xff, 0x59, 0xc6, 0xff, 0x59, 0xc6, 0xff, 
  0x59, 0xc6, 0xff, 0x59, 0xc6, 0xff, 0x59, 0xc6, 0xff, 0x59, 0xc6, 0xff, 
  0x59, 0xc6, 0xff, 0x59, 0xc6, 0xff, 0x59, 0xc6, 0xff, 0x59, 0xc6, 0xff, 
  0x59, 0xc6, 0xff, 0x59, 0xc6, 0xff, 0x59, 0xc6, 0xff, 0x59, 0xc6, 0xff, 
  0x59, 0xc6, 0xff, 0x59, 0xc6, 0xff, 0x59, 0xc6, 0xff, 0x59, 0xc6, 0xff, 
  0x59, 0xc6, 0xff, 0x59, 0xc6, 0xff, 0x59, 0xc6, 0xff, 0x59, 0xc6, 0xff, 
  0x59, 0xc6, 0xff, 0x59, 0xc6, 0xff, 0x59, 0xc6, 0xff, 0x59, 0xc6, 0xff, 
  0x59, 0xc6, 0xff, 0x59, 0xc6, 0xff, 0x59, 0xc6, 0xff, 0x59, 0xc6, 0xff, 
  0x59, 0xc6, 0xff, 0x59, 0xbe, 0xff, 0x7a, 0xc6, 0xff, 0x39, 0xbe, 0xff, 
  0xd3, 0x94, 0xff, 0x93, 0x8c, 0xff, 0xb3, 0x8c, 0xff, 0x93, 0x8c, 0xff, 
  0x93, 0x8c, 0xff, 0x93, 0x8c, 0xff, 0x93, 0x8c, 0xff, 0x93, 0x8c, 0xff, 
  0x93, 0x8c, 0xff, 0x93, 0x8c, 0xff, 0x93, 0x8c, 0xff, 0x93, 0x8c, 0xff, 
  0x93, 0x8c, 0xff, 0x93, 0x8c, 0xff, 0x93, 0x8c, 0xff, 0x93, 0x8c, 0xff, 
  0x93, 0x8c, 0xff, 0x93, 0x8c, 0xff, 0x93, 0x8c, 0xff, 0x93, 0x8c, 0xff, 
  0x93, 0x8c, 0xff, 0x93, 0x8c, 0xff, 0x93, 0x8c, 0xff, 0x93, 0x8c, 0xff, 
  0x93, 0x8c, 0xff, 0x93, 0x8c, 0xff, 0x93, 0x8c, 0xff, 0x93, 0x8c, 0xff, 
  0x93, 0x8c, 0xff, 0x93, 0x8c, 0xff, 0x93, 0x8c, 0xff, 0x93, 0x8c, 0xff, 
  0x93, 0x8c, 0xff, 0x93, 0x8c, 0xff, 0x93, 0x8c, 0xff, 0x93, 0x8c, 0xff, 
  0x93, 0x8c, 0xff, 0x93, 0x8c, 0xff, 0x93, 0x8c, 0xff, 0x93, 0x8c, 0xff, 
  0x93, 0x8c, 0xff, 0x93, 0x8c, 0xff, 0x93, 0x8c, 0xff, 0x93, 0x8c, 0xff, 
  0x93, 0x8c, 0xff, 0x93, 0x8c, 0xff, 0x93, 0x8c, 0xff, 0x93, 0x8c, 0xff, 
  0x93, 0x8c, 0xff, 0x93, 0x8c, 0xff, 0x93, 0x8c, 0xfb, 0x15, 0x9d, 0xff, 
  0x93, 0x8c, 0x80, 0x00, 0x00, 0x00, 0xf7, 0x7d, 0x04, 0x00, 0x00, 0x00, 
  0x00, 0x00, 0x00, 0x00, 0x00, 0x00, 0x00, 0x00, 0x00, 0x00, 0x00, 0x00, 
  0x00, 0x00, 0x00, 0x00, 0x00, 0x00, 0x00, 0x00, 0x00, 0x00, 0x00, 0x00, 
  0x00, 0x00, 0x00, 0xff, 0xbd, 0x04, 0x00, 0x00, 0x00, 0x59, 0xbe, 0x80, 
  0xfc, 0xd6, 0xff, 0x59, 0xc6, 0xfb, 0x59, 0xc6, 0xff, 0x59, 0xc6, 0xff, 
  0x59, 0xc6, 0xff, 0x59, 0xc6, 0xff, 0x59, 0xc6, 0xff, 0x59, 0xc6, 0xff, 
  0x59, 0xc6, 0xff, 0x59, 0xc6, 0xff, 0x59, 0xc6, 0xff, 0x59, 0xc6, 0xff, 
  0x59, 0xc6, 0xff, 0x59, 0xc6, 0xff, 0x59, 0xc6, 0xff, 0x59, 0xc6, 0xff, 
  0x59, 0xc6, 0xff, 0x59, 0xc6, 0xff, 0x59, 0xc6, 0xff, 0x59, 0xc6, 0xff, 
  0x59, 0xc6, 0xff, 0x59, 0xc6, 0xff, 0x59, 0xc6, 0xff, 0x59, 0xc6, 0xff, 
  0x59, 0xc6, 0xff, 0x59, 0xc6, 0xff, 0x59, 0xc6, 0xff, 0x59, 0xc6, 0xff, 
  0x59, 0xc6, 0xff, 0x59, 0xc6, 0xff, 0x59, 0xc6, 0xff, 0x59, 0xc6, 0xff, 
  0x59, 0xc6, 0xff, 0x59, 0xc6, 0xff, 0x59, 0xc6, 0xff, 0x59, 0xc6, 0xff, 
  0x59, 0xc6, 0xff, 0x59, 0xc6, 0xff, 0x59, 0xc6, 0xff, 0x59, 0xc6, 0xff, 
  0x59, 0xc6, 0xff, 0x59, 0xc6, 0xff, 0x59, 0xc6, 0xff, 0x59, 0xc6, 0xff, 
  0x59, 0xc6, 0xff, 0x59, 0xc6, 0xff, 0x59, 0xc6, 0xff, 0x59, 0xc6, 0xff, 
  0x59, 0xc6, 0xff, 0x59, 0xbe, 0xff, 0x7a, 0xc6, 0xff, 0x39, 0xbe, 0xff, 
  0xb3, 0x8c, 0xff, 0x72, 0x84, 0xff, 0xb3, 0x8c, 0xff, 0x93, 0x8c, 0xff, 
  0x93, 0x8c, 0xff, 0x93, 0x8c, 0xff, 0x93, 0x8c, 0xff, 0x93, 0x8c, 0xff, 
  0x93, 0x8c, 0xff, 0x93, 0x8c, 0xff, 0x93, 0x8c, 0xff, 0x93, 0x8c, 0xff, 
  0x93, 0x8c, 0xff, 0x93, 0x8c, 0xff, 0x93, 0x8c, 0xff, 0x93, 0x8c, 0xff, 
  0x93, 0x8c, 0xff, 0x93, 0x8c, 0xff, 0x93, 0x8c, 0xff, 0x93, 0x8c, 0xff, 
  0x93, 0x8c, 0xff, 0x93, 0x8c, 0xff, 0x93, 0x8c, 0xff, 0x93, 0x8c, 0xff, 
  0x93, 0x8c, 0xff, 0x93, 0x8c, 0xff, 0x93, 0x8c, 0xff, 0x93, 0x8c, 0xff, 
  0x93, 0x8c, 0xff, 0x93, 0x8c, 0xff, 0x93, 0x8c, 0xff, 0x93, 0x8c, 0xff, 
  0x93, 0x8c, 0xff, 0x93, 0x8c, 0xff, 0x93, 0x8c, 0xff, 0x93, 0x8c, 0xff, 
  0x93, 0x8c, 0xff, 0x93, 0x8c, 0xff, 0x93, 0x8c, 0xff, 0x93, 0x8c, 0xff, 
  0x93, 0x8c, 0xff, 0x93, 0x8c, 0xff, 0x93, 0x8c, 0xff, 0x93, 0x8c, 0xff, 
  0x93, 0x8c, 0xff, 0x93, 0x8c, 0xff, 0x93, 0x8c, 0xff, 0x93, 0x8c, 0xff, 
  0x93, 0x8c, 0xff, 0x93, 0x8c, 0xff, 0x93, 0x8c, 0xfb, 0x15, 0x9d, 0xff, 
  0x93, 0x8c, 0x80, 0x00, 0x00, 0x00, 0xf7, 0x7d, 0x04, 0x00, 0x00, 0x00, 
  0x00, 0x00, 0x00, 0x00, 0x00, 0x00, 0x00, 0x00, 0x00, 0x00, 0x00, 0x00, 
  0x00, 0x00, 0x00, 0x00, 0x00, 0x00, 0x00, 0x00, 0x00, 0x00, 0x00, 0x00, 
  0x00, 0x00, 0x00, 0xff, 0xbd, 0x04, 0x00, 0x00, 0x00, 0x59, 0xbe, 0x80, 
  0xfc, 0xd6, 0xff, 0x59, 0xc6, 0xfb, 0x59, 0xc6, 0xff, 0x59, 0xc6, 0xff, 
  0x59, 0xc6, 0xff, 0x59, 0xc6, 0xff, 0x59, 0xc6, 0xff, 0x59, 0xc6, 0xff, 
  0x59, 0xc6, 0xff, 0x59, 0xc6, 0xff, 0x59, 0xc6, 0xff, 0x59, 0xc6, 0xff, 
  0x59, 0xc6, 0xff, 0x59, 0xc6, 0xff, 0x59, 0xc6, 0xff, 0x59, 0xc6, 0xff, 
  0x59, 0xc6, 0xff, 0x59, 0xc6, 0xff, 0x59, 0xc6, 0xff, 0x59, 0xc6, 0xff, 
  0x59, 0xc6, 0xff, 0x59, 0xc6, 0xff, 0x59, 0xc6, 0xff, 0x59, 0xc6, 0xff, 
  0x59, 0xc6, 0xff, 0x59, 0xc6, 0xff, 0x59, 0xc6, 0xff, 0x59, 0xc6, 0xff, 
  0x59, 0xc6, 0xff, 0x59, 0xc6, 0xff, 0x59, 0xc6, 0xff, 0x59, 0xc6, 0xff, 
  0x59, 0xc6, 0xff, 0x59, 0xc6, 0xff, 0x59, 0xc6, 0xff, 0x59, 0xc6, 0xff, 
  0x59, 0xc6, 0xff, 0x59, 0xc6, 0xff, 0x59, 0xc6, 0xff, 0x59, 0xc6, 0xff, 
  0x59, 0xc6, 0xff, 0x59, 0xc6, 0xff, 0x59, 0xc6, 0xff, 0x59, 0xc6, 0xff, 
  0x59, 0xc6, 0xff, 0x59, 0xc6, 0xff, 0x59, 0xc6, 0xff, 0x59, 0xc6, 0xff, 
  0x59, 0xc6, 0xff, 0x59, 0xbe, 0xff, 0x7a, 0xc6, 0xff, 0x39, 0xbe, 0xff, 
  0xb3, 0x8c, 0xff, 0x72, 0x84, 0xff, 0xb3, 0x8c, 0xff, 0x93, 0x8c, 0xff, 
  0x93, 0x8c, 0xff, 0x93, 0x8c, 0xff, 0x93, 0x8c, 0xff, 0x93, 0x8c, 0xff, 
  0x93, 0x8c, 0xff, 0x93, 0x8c, 0xff, 0x93, 0x8c, 0xff, 0x93, 0x8c, 0xff, 
  0x93, 0x8c, 0xff, 0x93, 0x8c, 0xff, 0x93, 0x8c, 0xff, 0x93, 0x8c, 0xff, 
  0x93, 0x8c, 0xff, 0x93, 0x8c, 0xff, 0x93, 0x8c, 0xff, 0x93, 0x8c, 0xff, 
  0x93, 0x8c, 0xff, 0x93, 0x8c, 0xff, 0x93, 0x8c, 0xff, 0x93, 0x8c, 0xff, 
  0x93, 0x8c, 0xff, 0x93, 0x8c, 0xff, 0x93, 0x8c, 0xff, 0x93, 0x8c, 0xff, 
  0x93, 0x8c, 0xff, 0x93, 0x8c, 0xff, 0x93, 0x8c, 0xff, 0x93, 0x8c, 0xff, 
  0x93, 0x8c, 0xff, 0x93, 0x8c, 0xff, 0x93, 0x8c, 0xff, 0x93, 0x8c, 0xff, 
  0x93, 0x8c, 0xff, 0x93, 0x8c, 0xff, 0x93, 0x8c, 0xff, 0x93, 0x8c, 0xff, 
  0x93, 0x8c, 0xff, 0x93, 0x8c, 0xff, 0x93, 0x8c, 0xff, 0x93, 0x8c, 0xff, 
  0x93, 0x8c, 0xff, 0x93, 0x8c, 0xff, 0x93, 0x8c, 0xff, 0x93, 0x8c, 0xff, 
  0x93, 0x8c, 0xff, 0x93, 0x8c, 0xff, 0x92, 0x8c, 0xfb, 0x15, 0x95, 0xff, 
  0x72, 0x84, 0x80, 0x00, 0x00, 0x00, 0xf7, 0x7b, 0x04, 0x00, 0x00, 0x00, 
  0x00, 0x00, 0x00, 0x00, 0x00, 0x00, 0x00, 0x00, 0x00, 0x00, 0x00, 0x00, 
  0x00, 0x00, 0x00, 0x00, 0x00, 0x00, 0x00, 0x00, 0x00, 0x00, 0x00, 0x00, 
  0x00, 0x00, 0x00, 0xff, 0xbd, 0x04, 0x00, 0x00, 0x00, 0x59, 0xbe, 0x80, 
  0xfc, 0xd6, 0xff, 0x59, 0xc6, 0xfb, 0x59, 0xc6, 0xff, 0x59, 0xc6, 0xff, 
  0x59, 0xc6, 0xff, 0x59, 0xc6, 0xff, 0x59, 0xc6, 0xff, 0x59, 0xc6, 0xff, 
  0x59, 0xc6, 0xff, 0x59, 0xc6, 0xff, 0x59, 0xc6, 0xff, 0x59, 0xc6, 0xff, 
  0x59, 0xc6, 0xff, 0x59, 0xc6, 0xff, 0x59, 0xc6, 0xff, 0x59, 0xc6, 0xff, 
  0x59, 0xc6, 0xff, 0x59, 0xc6, 0xff, 0x59, 0xc6, 0xff, 0x59, 0xc6, 0xff, 
  0x59, 0xc6, 0xff, 0x59, 0xc6, 0xff, 0x59, 0xc6, 0xff, 0x59, 0xc6, 0xff, 
  0x59, 0xc6, 0xff, 0x59, 0xc6, 0xff, 0x59, 0xc6, 0xff, 0x59, 0xc6, 0xff, 
  0x59, 0xc6, 0xff, 0x59, 0xc6, 0xff, 0x59, 0xc6, 0xff, 0x59, 0xc6, 0xff, 
  0x59, 0xc6, 0xff, 0x59, 0xc6, 0xff, 0x59, 0xc6, 0xff, 0x59, 0xc6, 0xff, 
  0x59, 0xc6, 0xff, 0x59, 0xc6, 0xff, 0x59, 0xc6, 0xff, 0x59, 0xc6, 0xff, 
  0x59, 0xc6, 0xff, 0x59, 0xc6, 0xff, 0x59, 0xc6, 0xff, 0x59, 0xc6, 0xff, 
  0x59, 0xc6, 0xff, 0x59, 0xc6, 0xff, 0x59, 0xc6, 0xff, 0x59, 0xc6, 0xff, 
  0x59, 0xc6, 0xff, 0x59, 0xbe, 0xff, 0x7a, 0xc6, 0xff, 0x39, 0xbe, 0xff, 
  0xb3, 0x8c, 0xff, 0x72, 0x84, 0xff, 0xb3, 0x8c, 0xff, 0x93, 0x8c, 0xff, 
  0x93, 0x8c, 0xff, 0x93, 0x8c, 0xff, 0x93, 0x8c, 0xff, 0x93, 0x8c, 0xff, 
  0x93, 0x8c, 0xff, 0x93, 0x8c, 0xff, 0x93, 0x8c, 0xff, 0x93, 0x8c, 0xff, 
  0x93, 0x8c, 0xff, 0x93, 0x8c, 0xff, 0x93, 0x8c, 0xff, 0x93, 0x8c, 0xff, 
  0x93, 0x8c, 0xff, 0x93, 0x8c, 0xff, 0x93, 0x8c, 0xff, 0x93, 0x8c, 0xff, 
  0x93, 0x8c, 0xff, 0x93, 0x8c, 0xff, 0x93, 0x8c, 0xff, 0x93, 0x8c, 0xff, 
  0x93, 0x8c, 0xff, 0x93, 0x8c, 0xff, 0x93, 0x8c, 0xff, 0x93, 0x8c, 0xff, 
  0x93, 0x8c, 0xff, 0x93, 0x8c, 0xff, 0x93, 0x8c, 0xff, 0x93, 0x8c, 0xff, 
  0x93, 0x8c, 0xff, 0x93, 0x8c, 0xff, 0x93, 0x8c, 0xff, 0x93, 0x8c, 0xff, 
  0x93, 0x8c, 0xff, 0x93, 0x8c, 0xff, 0x93, 0x8c, 0xff, 0x93, 0x8c, 0xff, 
  0x93, 0x8c, 0xff, 0x93, 0x8c, 0xff, 0x93, 0x8c, 0xff, 0x93, 0x8c, 0xff, 
  0x93, 0x8c, 0xff, 0x93, 0x8c, 0xff, 0x93, 0x8c, 0xff, 0x93, 0x8c, 0xff, 
  0x93, 0x8c, 0xff, 0x93, 0x8c, 0xff, 0x92, 0x8c, 0xfb, 0x15, 0x95, 0xff, 
  0x72, 0x84, 0x80, 0x00, 0x00, 0x00, 0xf7, 0x7b, 0x04, 0x00, 0x00, 0x00, 
  0x00, 0x00, 0x00, 0x00, 0x00, 0x00, 0x00, 0x00, 0x00, 0x00, 0x00, 0x00, 
  0x00, 0x00, 0x00, 0x00, 0x00, 0x00, 0x00, 0x00, 0x00, 0x00, 0x00, 0x00, 
  0x00, 0x00, 0x00, 0xff, 0xbd, 0x04, 0x00, 0x00, 0x00, 0x59, 0xbe, 0x80, 
  0xfc, 0xd6, 0xff, 0x59, 0xc6, 0xfb, 0x59, 0xc6, 0xff, 0x59, 0xc6, 0xff, 
  0x59, 0xc6, 0xff, 0x59, 0xc6, 0xff, 0x59, 0xc6, 0xff, 0x59, 0xc6, 0xff, 
  0x59, 0xc6, 0xff, 0x59, 0xc6, 0xff, 0x59, 0xc6, 0xff, 0x59, 0xc6, 0xff, 
  0x59, 0xc6, 0xff, 0x59, 0xc6, 0xff, 0x59, 0xc6, 0xff, 0x59, 0xc6, 0xff, 
  0x59, 0xc6, 0xff, 0x59, 0xc6, 0xff, 0x59, 0xc6, 0xff, 0x59, 0xc6, 0xff, 
  0x59, 0xc6, 0xff, 0x59, 0xc6, 0xff, 0x59, 0xc6, 0xff, 0x59, 0xc6, 0xff, 
  0x59, 0xc6, 0xff, 0x59, 0xc6, 0xff, 0x59, 0xc6, 0xff, 0x59, 0xc6, 0xff, 
  0x59, 0xc6, 0xff, 0x59, 0xc6, 0xff, 0x59, 0xc6, 0xff, 0x59, 0xc6, 0xff, 
  0x59, 0xc6, 0xff, 0x59, 0xc6, 0xff, 0x59, 0xc6, 0xff, 0x59, 0xc6, 0xff, 
  0x59, 0xc6, 0xff, 0x59, 0xc6, 0xff, 0x59, 0xc6, 0xff, 0x59, 0xc6, 0xff, 
  0x59, 0xc6, 0xff, 0x59, 0xc6, 0xff, 0x59, 0xc6, 0xff, 0x59, 0xc6, 0xff, 
  0x59, 0xc6, 0xff, 0x59, 0xc6, 0xff, 0x59, 0xc6, 0xff, 0x59, 0xc6, 0xff, 
  0x59, 0xc6, 0xff, 0x59, 0xbe, 0xff, 0x7a, 0xc6, 0xff, 0x39, 0xbe, 0xff, 
  0xb3, 0x8c, 0xff, 0x72, 0x84, 0xff, 0x93, 0x8c, 0xff, 0x93, 0x8c, 0xff, 
  0x93, 0x8c, 0xff, 0x93, 0x8c, 0xff, 0x93, 0x8c, 0xff, 0x93, 0x8c, 0xff, 
  0x93, 0x8c, 0xff, 0x93, 0x8c, 0xff, 0x93, 0x8c, 0xff, 0x93, 0x8c, 0xff, 
  0x93, 0x8c, 0xff, 0x93, 0x8c, 0xff, 0x93, 0x8c, 0xff, 0x93, 0x8c, 0xff, 
  0x93, 0x8c, 0xff, 0x93, 0x8c, 0xff, 0x93, 0x8c, 0xff, 0x93, 0x8c, 0xff, 
  0x93, 0x8c, 0xff, 0x93, 0x8c, 0xff, 0x93, 0x8c, 0xff, 0x93, 0x8c, 0xff, 
  0x93, 0x8c, 0xff, 0x93, 0x8c, 0xff, 0x93, 0x8c, 0xff, 0x93, 0x8c, 0xff, 
  0x93, 0x8c, 0xff, 0x93, 0x8c, 0xff, 0x93, 0x8c, 0xff, 0x93, 0x8c, 0xff, 
  0x93, 0x8c, 0xff, 0x93, 0x8c, 0xff, 0x93, 0x8c, 0xff, 0x93, 0x8c, 0xff, 
  0x93, 0x8c, 0xff, 0x93, 0x8c, 0xff, 0x93, 0x8c, 0xff, 0x93, 0x8c, 0xff, 
  0x93, 0x8c, 0xff, 0x93, 0x8c, 0xff, 0x93, 0x8c, 0xff, 0x93, 0x8c, 0xff, 
  0x93, 0x8c, 0xff, 0x93, 0x8c, 0xff, 0x93, 0x8c, 0xff, 0x93, 0x8c, 0xff, 
  0x93, 0x8c, 0xff, 0x93, 0x8c, 0xff, 0x92, 0x8c, 0xfb, 0x15, 0x95, 0xff, 
  0x72, 0x84, 0x80, 0x00, 0x00, 0x00, 0xf7, 0x7b, 0x04, 0x00, 0x00, 0x00, 
  0x00, 0x00, 0x00, 0x00, 0x00, 0x00, 0x00, 0x00, 0x00, 0x00, 0x00, 0x00, 
  0x00, 0x00, 0x00, 0x00, 0x00, 0x00, 0x00, 0x00, 0x00, 0x00, 0x00, 0x00, 
  0x00, 0x00, 0x00, 0xff, 0xbd, 0x04, 0x00, 0x00, 0x00, 0x59, 0xbe, 0x80, 
  0xfc, 0xd6, 0xff, 0x59, 0xc6, 0xfb, 0x59, 0xc6, 0xff, 0x59, 0xc6, 0xff, 
  0x59, 0xc6, 0xff, 0x59, 0xc6, 0xff, 0x59, 0xc6, 0xff, 0x59, 0xc6, 0xff, 
  0x59, 0xc6, 0xff, 0x59, 0xc6, 0xff, 0x59, 0xc6, 0xff, 0x59, 0xc6, 0xff, 
  0x59, 0xc6, 0xff, 0x59, 0xc6, 0xff, 0x59, 0xc6, 0xff, 0x59, 0xc6, 0xff, 
  0x59, 0xc6, 0xff, 0x59, 0xc6, 0xff, 0x59, 0xc6, 0xff, 0x59, 0xc6, 0xff, 
  0x59, 0xc6, 0xff, 0x59, 0xc6, 0xff, 0x59, 0xc6, 0xff, 0x59, 0xc6, 0xff, 
  0x59, 0xc6, 0xff, 0x59, 0xc6, 0xff, 0x59, 0xc6, 0xff, 0x59, 0xc6, 0xff, 
  0x59, 0xc6, 0xff, 0x59, 0xc6, 0xff, 0x59, 0xc6, 0xff, 0x59, 0xc6, 0xff, 
  0x59, 0xc6, 0xff, 0x59, 0xc6, 0xff, 0x59, 0xc6, 0xff, 0x59, 0xc6, 0xff, 
  0x59, 0xc6, 0xff, 0x59, 0xc6, 0xff, 0x59, 0xc6, 0xff, 0x59, 0xc6, 0xff, 
  0x59, 0xc6, 0xff, 0x59, 0xc6, 0xff, 0x59, 0xc6, 0xff, 0x59, 0xc6, 0xff, 
  0x59, 0xc6, 0xff, 0x59, 0xc6, 0xff, 0x59, 0xc6, 0xff, 0x59, 0xc6, 0xff, 
  0x59, 0xc6, 0xff, 0x59, 0xbe, 0xff, 0x7a, 0xc6, 0xff, 0x39, 0xbe, 0xff, 
  0xb3, 0x8c, 0xff, 0x72, 0x84, 0xff, 0x93, 0x8c, 0xff, 0x93, 0x8c, 0xff, 
  0x93, 0x8c, 0xff, 0x93, 0x8c, 0xff, 0x93, 0x8c, 0xff, 0x93, 0x8c, 0xff, 
  0x93, 0x8c, 0xff, 0x93, 0x8c, 0xff, 0x93, 0x8c, 0xff, 0x93, 0x8c, 0xff, 
  0x93, 0x8c, 0xff, 0x93, 0x8c, 0xff, 0x93, 0x8c, 0xff, 0x93, 0x8c, 0xff, 
  0x93, 0x8c, 0xff, 0x93, 0x8c, 0xff, 0x93, 0x8c, 0xff, 0x93, 0x8c, 0xff, 
  0x93, 0x8c, 0xff, 0x93, 0x8c, 0xff, 0x93, 0x8c, 0xff, 0x93, 0x8c, 0xff, 
  0x93, 0x8c, 0xff, 0x93, 0x8c, 0xff, 0x93, 0x8c, 0xff, 0x93, 0x8c, 0xff, 
  0x93, 0x8c, 0xff, 0x93, 0x8c, 0xff, 0x93, 0x8c, 0xff, 0x93, 0x8c, 0xff, 
  0x93, 0x8c, 0xff, 0x93, 0x8c, 0xff, 0x93, 0x8c, 0xff, 0x93, 0x8c, 0xff, 
  0x93, 0x8c, 0xff, 0x93, 0x8c, 0xff, 0x93, 0x8c, 0xff, 0x93, 0x8c, 0xff, 
  0x93, 0x8c, 0xff, 0x93, 0x8c, 0xff, 0x93, 0x8c, 0xff, 0x93, 0x8c, 0xff, 
  0x93, 0x8c, 0xff, 0x93, 0x8c, 0xff, 0x93, 0x8c, 0xff, 0x93, 0x8c, 0xff, 
  0x93, 0x8c, 0xff, 0x73, 0x84, 0xff, 0x72, 0x84, 0xfb, 0xf5, 0x94, 0xff, 
  0x72, 0x84, 0x80, 0x00, 0x00, 0x00, 0xf7, 0x7b, 0x04, 0x00, 0x00, 0x00, 
  0x00, 0x00, 0x00, 0x00, 0x00, 0x00, 0x00, 0x00, 0x00, 0x00, 0x00, 0x00, 
  0x00, 0x00, 0x00, 0x00, 0x00, 0x00, 0x00, 0x00, 0x00, 0x00, 0x00, 0x00, 
  0x00, 0x00, 0x00, 0xf7, 0xbd, 0x04, 0x00, 0x00, 0x00, 0x59, 0xbe, 0x79, 
  0xdb, 0xce, 0xff, 0x59, 0xbe, 0xfc, 0x59, 0xc6, 0xff, 0x59, 0xc6, 0xff, 
  0x59, 0xc6, 0xff, 0x59, 0xc6, 0xff, 0x59, 0xc6, 0xff, 0x59, 0xc6, 0xff, 
  0x59, 0xc6, 0xff, 0x59, 0xc6, 0xff, 0x59, 0xc6, 0xff, 0x59, 0xc6, 0xff, 
  0x59, 0xc6, 0xff, 0x59, 0xc6, 0xff, 0x59, 0xc6, 0xff, 0x59, 0xc6, 0xff, 
  0x59, 0xc6, 0xff, 0x59, 0xc6, 0xff, 0x59, 0xc6, 0xff, 0x59, 0xc6, 0xff, 
  0x59, 0xc6, 0xff, 0x59, 0xc6, 0xff, 0x59, 0xc6, 0xff, 0x59, 0xc6, 0xff, 
  0x59, 0xc6, 0xff, 0x59, 0xc6, 0xff, 0x59, 0xc6, 0xff, 0x59, 0xc6, 0xff, 
  0x59, 0xc6, 0xff, 0x59, 0xc6, 0xff, 0x59, 0xc6, 0xff, 0x59, 0xc6, 0xff, 
  0x59, 0xc6, 0xff, 0x59, 0xc6, 0xff, 0x59, 0xc6, 0xff, 0x59, 0xc6, 0xff, 
  0x59, 0xc6, 0xff, 0x59, 0xc6, 0xff, 0x59, 0xc6, 0xff, 0x59, 0xc6, 0xff, 
  0x59, 0xc6, 0xff, 0x59, 0xc6, 0xff, 0x59, 0xc6, 0xff, 0x59, 0xc6, 0xff, 
  0x59, 0xc6, 0xff, 0x59, 0xc6, 0xff, 0x59, 0xc6, 0xff, 0x59, 0xc6, 0xff, 
  0x59, 0xc6, 0xff, 0x59, 0xbe, 0xff, 0x7a, 0xc6, 0xff, 0x39, 0xbe, 0xff, 
  0xb3, 0x8c, 0xff, 0x72, 0x84, 0xff, 0x93, 0x8c, 0xff, 0x93, 0x8c, 0xff, 
  0x93, 0x8c, 0xff, 0x93, 0x8c, 0xff, 0x93, 0x8c, 0xff, 0x93, 0x8c, 0xff, 
  0x93, 0x8c, 0xff, 0x93, 0x8c, 0xff, 0x93, 0x8c, 0xff, 0x93, 0x8c, 0xff, 
  0x93, 0x8c, 0xff, 0x93, 0x8c, 0xff, 0x93, 0x8c, 0xff, 0x93, 0x8c, 0xff, 
  0x93, 0x8c, 0xff, 0x93, 0x8c, 0xff, 0x93, 0x8c, 0xff, 0x93, 0x8c, 0xff, 
  0x93, 0x8c, 0xff, 0x93, 0x8c, 0xff, 0x93, 0x8c, 0xff, 0x93, 0x8c, 0xff, 
  0x93, 0x8c, 0xff, 0x93, 0x8c, 0xff, 0x93, 0x8c, 0xff, 0x93, 0x8c, 0xff, 
  0x93, 0x8c, 0xff, 0x93, 0x8c, 0xff, 0x93, 0x8c, 0xff, 0x93, 0x8c, 0xff, 
  0x93, 0x8c, 0xff, 0x93, 0x8c, 0xff, 0x93, 0x8c, 0xff, 0x93, 0x8c, 0xff, 
  0x93, 0x8c, 0xff, 0x93, 0x8c, 0xff, 0x93, 0x8c, 0xff, 0x93, 0x8c, 0xff, 
  0x93, 0x8c, 0xff, 0x72, 0x84, 0xff, 0x72, 0x84, 0xff, 0x72, 0x84, 0xff, 
  0x72, 0x84, 0xff, 0x72, 0x84, 0xff, 0x72, 0x84, 0xff, 0x72, 0x84, 0xff, 
  0x72, 0x84, 0xff, 0x72, 0x84, 0xff, 0x72, 0x84, 0xfb, 0x15, 0x9d, 0xfd, 
  0x92, 0x8c, 0x7e, 0x00, 0x00, 0x00, 0xf7, 0x7d, 0x04, 0x00, 0x00, 0x00, 
  0x00, 0x00, 0x00, 0x00, 0x00, 0x00, 0x00, 0x00, 0x00, 0x00, 0x00, 0x00, 
  0x00, 0x00, 0x00, 0x00, 0x00, 0x00, 0x00, 0x00, 0x00, 0x00, 0x00, 0x00, 
  0x00, 0x00, 0x00, 0x55, 0xad, 0x03, 0x00, 0x00, 0x00, 0x59, 0xbe, 0x62, 
  0x79, 0xc6, 0xed, 0x59, 0xc6, 0xf8, 0x59, 0xc6, 0xfc, 0x59, 0xbe, 0xfe, 
  0x59, 0xc6, 0xff, 0x59, 0xc6, 0xff, 0x59, 0xc6, 0xff, 0x59, 0xc6, 0xff, 
  0x59, 0xc6, 0xff, 0x59, 0xc6, 0xff, 0x59, 0xc6, 0xff, 0x59, 0xc6, 0xff, 
  0x59, 0xc6, 0xff, 0x59, 0xc6, 0xff, 0x59, 0xc6, 0xff, 0x59, 0xc6, 0xff, 
  0x59, 0xc6, 0xff, 0x59, 0xc6, 0xff, 0x59, 0xc6, 0xff, 0x59, 0xc6, 0xff, 
  0x59, 0xc6, 0xff, 0x59, 0xc6, 0xff, 0x59, 0xc6, 0xff, 0x59, 0xc6, 0xff, 
  0x59, 0xc6, 0xff, 0x59, 0xc6, 0xff, 0x59, 0xc6, 0xff, 0x59, 0xc6, 0xff, 
  0x59, 0xc6, 0xff, 0x59, 0xc6, 0xff, 0x59, 0xc6, 0xff, 0x59, 0xc6, 0xff, 
  0x59, 0xc6, 0xff, 0x59, 0xc6, 0xff, 0x59, 0xc6, 0xff, 0x59, 0xc6, 0xff, 
  0x59, 0xc6, 0xff, 0x59, 0xc6, 0xff, 0x59, 0xc6, 0xff, 0x59, 0xc6, 0xff, 
  0x59, 0xc6, 0xff, 0x59, 0xc6, 0xff, 0x59, 0xc6, 0xff, 0x59, 0xc6, 0xff, 
  0x59, 0xc6, 0xff, 0x59, 0xc6, 0xff, 0x59, 0xc6, 0xff, 0x59, 0xc6, 0xff, 
  0x59, 0xc6, 0xff, 0x59, 0xbe, 0xff, 0x7a, 0xc6, 0xff, 0x39, 0xbe, 0xff, 
  0xb3, 0x8c, 0xff, 0x72, 0x84, 0xff, 0x93, 0x8c, 0xff, 0x93, 0x8c, 0xff, 
  0x93, 0x8c, 0xff, 0x93, 0x8c, 0xff, 0x93, 0x8c, 0xff, 0x93, 0x8c, 0xff, 
  0x93, 0x8c, 0xff, 0x93, 0x8c, 0xff, 0x93, 0x8c, 0xff, 0x93, 0x8c, 0xff, 
  0x93, 0x8c, 0xff, 0x93, 0x8c, 0xff, 0x93, 0x8c, 0xff, 0x93, 0x8c, 0xff, 
  0x93, 0x8c, 0xff, 0x93, 0x8c, 0xff, 0x93, 0x8c, 0xff, 0x93, 0x8c, 0xff, 
  0x93, 0x8c, 0xff, 0x93, 0x8c, 0xff, 0x93, 0x8c, 0xff, 0x93, 0x8c, 0xff, 
  0x93, 0x8c, 0xff, 0x93, 0x8c, 0xff, 0x93, 0x8c, 0xff, 0x93, 0x8c, 0xff, 
  0x93, 0x8c, 0xff, 0x93, 0x8c, 0xff, 0x93, 0x8c, 0xff, 0x93, 0x8c, 0xff, 
  0x93, 0x8c, 0xff, 0x73, 0x84, 0xff, 0x72, 0x84, 0xff, 0x72, 0x84, 0xff, 
  0x72, 0x84, 0xff, 0x72, 0x84, 0xff, 0x72, 0x84, 0xff, 0x72, 0x84, 0xff, 
  0x72, 0x84, 0xff, 0x72, 0x84, 0xff, 0x72, 0x84, 0xff, 0x72, 0x84, 0xff, 
  0x72, 0x84, 0xff, 0x72, 0x84, 0xff, 0x72, 0x84, 0xff, 0x72, 0x84, 0xff, 
  0x72, 0x84, 0xff, 0x72, 0x84, 0xfe, 0x72, 0x84, 0xf6, 0x35, 0x9d, 0xff, 
  0xd4, 0x94, 0x7e, 0x00, 0x00, 0x00, 0xf7, 0x7b, 0x04, 0x00, 0x00, 0x00, 
  0x00, 0x00, 0x00, 0x00, 0x00, 0x00, 0x00, 0x00, 0x00, 0x00, 0x00, 0x00, 
  0x00, 0x00, 0x00, 0x00, 0x00, 0x00, 0x00, 0x00, 0x00, 0x00, 0x00, 0x00, 
  0x00, 0x00, 0x00, 0xff, 0xff, 0x02, 0x00, 0x00, 0x01, 0x79, 0xbe, 0x23, 
  0x39, 0xbe, 0xa2, 0xdb, 0xce, 0xff, 0x9a, 0xc6, 0xff, 0x59, 0xc6, 0xfb, 
  0x59, 0xc6, 0xf9, 0x59, 0xbe, 0xf9, 0x59, 0xbe, 0xf9, 0x59, 0xbe, 0xf9, 
  0x59, 0xbe, 0xf9, 0x59, 0xbe, 0xf9, 0x59, 0xbe, 0xf9, 0x59, 0xbe, 0xf9, 
  0x59, 0xbe, 0xf9, 0x59, 0xbe, 0xf9, 0x59, 0xbe, 0xf9, 0x59, 0xbe, 0xf9, 
  0x59, 0xbe, 0xf9, 0x59, 0xbe, 0xf9, 0x59, 0xbe, 0xf9, 0x59, 0xbe, 0xf9, 
  0x59, 0xbe, 0xf9, 0x59, 0xbe, 0xf9, 0x59, 0xbe, 0xf9, 0x59, 0xbe, 0xf9, 
  0x59, 0xbe, 0xf9, 0x59, 0xbe, 0xf9, 0x59, 0xbe, 0xf9, 0x59, 0xbe, 0xf9, 
  0x59, 0xbe, 0xf9, 0x59, 0xbe, 0xf9, 0x59, 0xbe, 0xf9, 0x59, 0xbe, 0xf9, 
  0x59, 0xbe, 0xf9, 0x59, 0xbe, 0xf9, 0x59, 0xbe, 0xf9, 0x59, 0xbe, 0xf9, 
  0x59, 0xbe, 0xf9, 0x59, 0xbe, 0xf9, 0x59, 0xbe, 0xf9, 0x59, 0xbe, 0xf9, 
  0x59, 0xbe, 0xf9, 0x59, 0xbe, 0xf9, 0x59, 0xbe, 0xf9, 0x59, 0xbe, 0xf9, 
  0x59, 0xbe, 0xf9, 0x59, 0xbe, 0xf9, 0x59, 0xbe, 0xf9, 0x59, 0xbe, 0xf9, 
  0x59, 0xbe, 0xf9, 0x39, 0xbe, 0xf9, 0x79, 0xc6, 0xf9, 0x38, 0xbe, 0xf9, 
  0xb3, 0x8c, 0xf9, 0x72, 0x84, 0xf9, 0x93, 0x8c, 0xf9, 0x93, 0x8c, 0xf9, 
  0x93, 0x8c, 0xf9, 0x93, 0x8c, 0xf9, 0x93, 0x8c, 0xf9, 0x93, 0x8c, 0xf9, 
  0x93, 0x8c, 0xf9, 0x93, 0x8c, 0xf9, 0x93, 0x8c, 0xf9, 0x73, 0x8c, 0xf9, 
  0x73, 0x8c, 0xf9, 0x73, 0x8c, 0xf9, 0x72, 0x8c, 0xf9, 0x92, 0x8c, 0xf9, 
  0x92, 0x8c, 0xf9, 0x92, 0x8c, 0xf9, 0x92, 0x8c, 0xf9, 0x92, 0x8c, 0xf9, 
  0x92, 0x8c, 0xf9, 0x92, 0x8c, 0xf9, 0x92, 0x8c, 0xf9, 0x92, 0x8c, 0xf9, 
  0x72, 0x84, 0xf9, 0x72, 0x84, 0xf9, 0x72, 0x84, 0xf9, 0x72, 0x84, 0xf9, 
  0x72, 0x84, 0xf9, 0x72, 0x84, 0xf9, 0x72, 0x84, 0xf9, 0x72, 0x84, 0xf9, 
  0x72, 0x84, 0xf9, 0x72, 0x84, 0xf9, 0x72, 0x84, 0xf9, 0x72, 0x84, 0xf9, 
  0x72, 0x84, 0xf9, 0x72, 0x84, 0xf9, 0x72, 0x84, 0xf9, 0x72, 0x84, 0xf9, 
  0x72, 0x84, 0xf9, 0x72, 0x84, 0xf9, 0x72, 0x84, 0xf9, 0x72, 0x84, 0xf9, 
  0x72, 0x84, 0xf9, 0x72, 0x84, 0xf9, 0x72, 0x84, 0xf9, 0x72, 0x84, 0xf9, 
  0x72, 0x84, 0xf8, 0x72, 0x84, 0xfe, 0xf4, 0x94, 0xff, 0xd4, 0x94, 0xc4, 
  0x76, 0xa5, 0x38, 0x00, 0x00, 0x00, 0xb5, 0xaa, 0x03, 0x00, 0x00, 0x00, 
  0x00, 0x00, 0x00, 0x00, 0x00, 0x00, 0x00, 0x00, 0x00, 0x00, 0x00, 0x00, 
  0x00, 0x00, 0x00, 0x00, 0x00, 0x00, 0x00, 0x00, 0x00, 0x00, 0x00, 0x00, 
  0x00, 0x00, 0x00, 0xff, 0xff, 0x01, 0xef, 0x7b, 0x02, 0x00, 0x00, 0x00, 
  0x59, 0xbe, 0x3a, 0x59, 0xbe, 0xc4, 0x59, 0xc6, 0xf1, 0x9a, 0xc6, 0xff, 
  0xbb, 0xce, 0xff, 0xbb, 0xce, 0xff, 0xdb, 0xce, 0xff, 0xdb, 0xce, 0xff, 
  0xdb, 0xce, 0xff, 0xdb, 0xce, 0xff, 0xdb, 0xce, 0xff, 0xdb, 0xce, 0xff, 
  0xdb, 0xce, 0xff, 0xdb, 0xce, 0xff, 0xdb, 0xce, 0xff, 0xdb, 0xce, 0xff, 
  0xdb, 0xce, 0xff, 0xdb, 0xce, 0xff, 0xdb, 0xce, 0xff, 0xdb, 0xce, 0xff, 
  0xdb, 0xce, 0xff, 0xdb, 0xce, 0xff, 0xdb, 0xce, 0xff, 0xdb, 0xce, 0xff, 
  0xdb, 0xce, 0xff, 0xdb, 0xce, 0xff, 0xdb, 0xce, 0xff, 0xdb, 0xce, 0xff, 
  0xdb, 0xce, 0xff, 0xdb, 0xce, 0xff, 0xdb, 0xce, 0xff, 0xdb, 0xce, 0xff, 
  0xdb, 0xce, 0xff, 0xdb, 0xce, 0xff, 0xdb, 0xce, 0xff, 0xdb, 0xce, 0xff, 
  0xdb, 0xce, 0xff, 0xdb, 0xce, 0xff, 0xdb, 0xce, 0xff, 0xdb, 0xce, 0xff, 
  0xdb, 0xce, 0xff, 0xdb, 0xce, 0xff, 0xdb, 0xce, 0xff, 0xdb, 0xce, 0xff, 
  0xdb, 0xce, 0xff, 0xdb, 0xce, 0xff, 0xdb, 0xce, 0xff, 0xdb, 0xce, 0xff, 
  0xdb, 0xce, 0xff, 0xbb, 0xce, 0xff, 0xfb, 0xd6, 0xff, 0x9a, 0xce, 0xff, 
  0x15, 0x95, 0xff, 0xb4, 0x8c, 0xff, 0xf4, 0x94, 0xff, 0xd4, 0x94, 0xff, 
  0xd4, 0x94, 0xff, 0xd4, 0x94, 0xff, 0xd4, 0x94, 0xff, 0xd4, 0x94, 0xff, 
  0xd4, 0x94, 0xff, 0xd4, 0x94, 0xff, 0xd4, 0x94, 0xff, 0xd4, 0x94, 0xff, 
  0xd4, 0x94, 0xff, 0xd4, 0x94, 0xff, 0xd4, 0x94, 0xff, 0xd4, 0x94, 0xff, 
  0xd4, 0x94, 0xff, 0xd4, 0x94, 0xff, 0xd4, 0x94, 0xff, 0xd4, 0x94, 0xff, 
  0xd4, 0x94, 0xff, 0xd4, 0x94, 0xff, 0xd4, 0x94, 0xff, 0xd4, 0x94, 0xff, 
  0xd4, 0x94, 0xff, 0xd4, 0x94, 0xff, 0xd4, 0x94, 0xff, 0xd4, 0x94, 0xff, 
  0xd4, 0x94, 0xff, 0xd4, 0x94, 0xff, 0xd4, 0x94, 0xff, 0xd4, 0x94, 0xff, 
  0xd4, 0x94, 0xff, 0xd4, 0x94, 0xff, 0xd4, 0x94, 0xff, 0xd4, 0x94, 0xff, 
  0xd4, 0x94, 0xff, 0xd4, 0x94, 0xff, 0xd4, 0x94, 0xff, 0xd4, 0x94, 0xff, 
  0xd4, 0x94, 0xff, 0xd4, 0x94, 0xff, 0xd4, 0x94, 0xff, 0xd4, 0x94, 0xff, 
  0xd4, 0x94, 0xff, 0xd4, 0x94, 0xff, 0xd4, 0x94, 0xff, 0xd4, 0x8c, 0xff, 
  0xd4, 0x94, 0xff, 0xb3, 0x8c, 0xff, 0xd3, 0x8c, 0xd3, 0xf4, 0x9c, 0x43, 
  0x00, 0x00, 0x00, 0x00, 0x00, 0x01, 0x00, 0x00, 0x00, 0x00, 0x00, 0x00, 
  0x00, 0x00, 0x00, 0x00, 0x00, 0x00, 0x00, 0x00, 0x00, 0x00, 0x00, 0x00, 
  0x00, 0x00, 0x00, 0x00, 0x00, 0x00, 0x00, 0x00, 0x00, 0x00, 0x00, 0x00, 
  0x00, 0x00, 0x00, 0x00, 0x00, 0x00, 0xff, 0xff, 0x01, 0xff, 0xff, 0x01, 
  0x00, 0x00, 0x00, 0x79, 0xce, 0x19, 0x59, 0xbe, 0x8d, 0x59, 0xbe, 0xd5, 
  0x59, 0xbe, 0xea, 0x59, 0xc6, 0xec, 0x59, 0xbe, 0xed, 0x59, 0xbe, 0xed, 
  0x59, 0xbe, 0xed, 0x59, 0xbe, 0xed, 0x59, 0xbe, 0xed, 0x59, 0xbe, 0xed, 
  0x59, 0xbe, 0xed, 0x59, 0xbe, 0xed, 0x59, 0xbe, 0xed, 0x59, 0xbe, 0xed, 
  0x59, 0xbe, 0xed, 0x59, 0xbe, 0xed, 0x59, 0xbe, 0xed, 0x59, 0xbe, 0xed, 
  0x59, 0xbe, 0xed, 0x59, 0xbe, 0xed, 0x59, 0xbe, 0xed, 0x59, 0xbe, 0xed, 
  0x59, 0xbe, 0xed, 0x59, 0xbe, 0xed, 0x59, 0xbe, 0xed, 0x59, 0xbe, 0xed, 
  0x59, 0xbe, 0xed, 0x59, 0xbe, 0xed, 0x59, 0xbe, 0xed, 0x59, 0xbe, 0xed, 
  0x59, 0xbe, 0xed, 0x59, 0xbe, 0xed, 0x59, 0xbe, 0xed, 0x59, 0xbe, 0xed, 
  0x59, 0xbe, 0xed, 0x59, 0xbe, 0xed, 0x59, 0xbe, 0xed, 0x59, 0xbe, 0xed, 
  0x59, 0xbe, 0xed, 0x59, 0xbe, 0xed, 0x59, 0xbe, 0xed, 0x59, 0xbe, 0xed, 
  0x59, 0xbe, 0xed, 0x59, 0xbe, 0xed, 0x59, 0xbe, 0xed, 0x59, 0xbe, 0xed, 
  0x59, 0xbe, 0xed, 0x59, 0xbe, 0xed, 0x79, 0xc6, 0xed, 0x39, 0xbe, 0xed, 
  0x93, 0x8c, 0xed, 0x52, 0x84, 0xed, 0x93, 0x8c, 0xed, 0x92, 0x84, 0xed, 
  0x92, 0x84, 0xed, 0x92, 0x84, 0xed, 0x92, 0x84, 0xed, 0x92, 0x84, 0xed, 
  0x92, 0x84, 0xed, 0x92, 0x84, 0xed, 0x92, 0x84, 0xed, 0x92, 0x84, 0xed, 
  0x92, 0x84, 0xed, 0x92, 0x84, 0xed, 0x92, 0x84, 0xed, 0x72, 0x84, 0xed, 
  0x72, 0x84, 0xed, 0x72, 0x84, 0xed, 0x72, 0x84, 0xed, 0x72, 0x84, 0xed, 
  0x72, 0x84, 0xed, 0x72, 0x84, 0xed, 0x72, 0x84, 0xed, 0x72, 0x84, 0xed, 
  0x72, 0x84, 0xed, 0x72, 0x84, 0xed, 0x72, 0x84, 0xed, 0x72, 0x84, 0xed, 
  0x72, 0x84, 0xed, 0x72, 0x84, 0xed, 0x72, 0x84, 0xed, 0x72, 0x84, 0xed, 
  0x72, 0x84, 0xed, 0x72, 0x84, 0xed, 0x72, 0x84, 0xed, 0x72, 0x84, 0xed, 
  0x72, 0x84, 0xed, 0x72, 0x84, 0xed, 0x72, 0x84, 0xed, 0x72, 0x84, 0xed, 
  0x72, 0x84, 0xed, 0x72, 0x84, 0xed, 0x72, 0x84, 0xed, 0x72, 0x84, 0xed, 
  0x72, 0x84, 0xed, 0x72, 0x84, 0xed, 0x72, 0x84, 0xec, 0x72, 0x84, 0xeb, 
  0xb3, 0x8c, 0xed, 0xf4, 0x94, 0xc4, 0x75, 0xad, 0x35, 0x00, 0x00, 0x00, 
  0xef, 0x7b, 0x02, 0xef, 0x7b, 0x02, 0x00, 0x00, 0x00, 0x00, 0x00, 0x00, 
  0x00, 0x00, 0x00, 0x00, 0x00, 0x00, 0x00, 0x00, 0x00, 0x00, 0x00, 0x00, 
  0x00, 0x00, 0x00, 0x00, 0x00, 0x00, 0x00, 0x00, 0x00, 0x00, 0x00, 0x00, 
  0x00, 0x00, 0x00, 0x00, 0x00, 0x00, 0x00, 0x00, 0x00, 0x00, 0x00, 0x00, 
  0x00, 0x00, 0x00, 0x00, 0x00, 0x00, 0x38, 0xc6, 0x09, 0x79, 0xbe, 0x10, 
  0x38, 0xbe, 0x12, 0x38, 0xc6, 0x12, 0x3a, 0xc6, 0x12, 0x3a, 0xc6, 0x12, 
  0x3a, 0xc6, 0x12, 0x3a, 0xc6, 0x12, 0x3a, 0xc6, 0x12, 0x3a, 0xc6, 0x12, 
  0x3a, 0xc6, 0x12, 0x3a, 0xc6, 0x12, 0x3a, 0xc6, 0x12, 0x3a, 0xc6, 0x12, 
  0x3a, 0xc6, 0x12, 0x3a, 0xc6, 0x12, 0x3a, 0xc6, 0x12, 0x3a, 0xc6, 0x12, 
  0x3a, 0xc6, 0x12, 0x3a, 0xc6, 0x12, 0x3a, 0xc6, 0x12, 0x3a, 0xc6, 0x12, 
  0x3a, 0xc6, 0x12, 0x3a, 0xc6, 0x12, 0x3a, 0xc6, 0x12, 0x3a, 0xc6, 0x12, 
  0x3a, 0xc6, 0x12, 0x3a, 0xc6, 0x12, 0x3a, 0xc6, 0x12, 0x3a, 0xc6, 0x12, 
  0x3a, 0xc6, 0x12, 0x3a, 0xc6, 0x12, 0x3a, 0xc6, 0x12, 0x3a, 0xc6, 0x12, 
  0x3a, 0xc6, 0x12, 0x3a, 0xc6, 0x12, 0x3a, 0xc6, 0x12, 0x3a, 0xc6, 0x12, 
  0x3a, 0xc6, 0x12, 0x3a, 0xc6, 0x12, 0x3a, 0xc6, 0x12, 0x3a, 0xc6, 0x12, 
  0x3a, 0xc6, 0x12, 0x3a, 0xc6, 0x12, 0x3a, 0xc6, 0x12, 0x3a, 0xc6, 0x12, 
  0x3a, 0xc6, 0x12, 0x38, 0xc6, 0x12, 0xba, 0xc6, 0x12, 0x38, 0xbe, 0x12, 
  0xd3, 0x8c, 0x12, 0x73, 0x7c, 0x12, 0x73, 0x8c, 0x12, 0x73, 0x8c, 0x12, 
  0x73, 0x8c, 0x12, 0x73, 0x8c, 0x12, 0x73, 0x8c, 0x12, 0x73, 0x8c, 0x12, 
  0x73, 0x8c, 0x12, 0x73, 0x8c, 0x12, 0x73, 0x8c, 0x12, 0x73, 0x8c, 0x12, 
  0x73, 0x8c, 0x12, 0x73, 0x8c, 0x12, 0x73, 0x8c, 0x12, 0x73, 0x8c, 0x12, 
  0x73, 0x8c, 0x12, 0x73, 0x8c, 0x12, 0x73, 0x8c, 0x12, 0x73, 0x8c, 0x12, 
  0x73, 0x8c, 0x12, 0x73, 0x8c, 0x12, 0x73, 0x8c, 0x12, 0x73, 0x8c, 0x12, 
  0x73, 0x8c, 0x12, 0x73, 0x8c, 0x12, 0x73, 0x8c, 0x12, 0x73, 0x8c, 0x12, 
  0x73, 0x8c, 0x12, 0x73, 0x8c, 0x12, 0x73, 0x8c, 0x12, 0x73, 0x8c, 0x12, 
  0x73, 0x8c, 0x12, 0x73, 0x8c, 0x12, 0x73, 0x8c, 0x12, 0x73, 0x8c, 0x12, 
  0x73, 0x8c, 0x12, 0x73, 0x8c, 0x12, 0x73, 0x8c, 0x12, 0x73, 0x8c, 0x12, 
  0x73, 0x8c, 0x12, 0x73, 0x8c, 0x12, 0x73, 0x8c, 0x12, 0x73, 0x8c, 0x12, 
  0x73, 0x8c, 0x12, 0x73, 0x8c, 0x12, 0x73, 0x8c, 0x12, 0x73, 0x7c, 0x12, 
  0xd3, 0x8c, 0x12, 0x14, 0xa5, 0x0e, 0xff, 0xff, 0x01, 0x00, 0x00, 0x00, 
  0x00, 0x00, 0x00, 0x00, 0x00, 0x00, 0x00, 0x00, 0x00, 0x00, 0x00, 0x00, 
  0x00, 0x00, 0x00, 0x00, 0x00, 0x00, 0x00, 0x00, 0x00, 0x00, 0x00, 0x00, 
  0x00, 0x00, 0x00, 0x00, 0x00, 0x00, 0x00, 0x00, 0x00, 0x00, 0x00, 0x00, 
  0x00, 0x00, 0x00, 0x00, 0x00, 0x00, 0x00, 0x00, 0x00, 0x00, 0x00, 0x00, 
  0xff, 0xff, 0x01, 0x00, 0x00, 0x00, 0x00, 0x00, 0x00, 0x00, 0x00, 0x00, 
  0x00, 0x00, 0x00, 0x00, 0x00, 0x00, 0x00, 0x00, 0x00, 0x00, 0x00, 0x00, 
  0x00, 0x00, 0x00, 0x00, 0x00, 0x00, 0x00, 0x00, 0x00, 0x00, 0x00, 0x00, 
  0x00, 0x00, 0x00, 0x00, 0x00, 0x00, 0x00, 0x00, 0x00, 0x00, 0x00, 0x00, 
  0x00, 0x00, 0x00, 0x00, 0x00, 0x00, 0x00, 0x00, 0x00, 0x00, 0x00, 0x00, 
  0x00, 0x00, 0x00, 0x00, 0x00, 0x00, 0x00, 0x00, 0x00, 0x00, 0x00, 0x00, 
  0x00, 0x00, 0x00, 0x00, 0x00, 0x00, 0x00, 0x00, 0x00, 0x00, 0x00, 0x00, 
  0x00, 0x00, 0x00, 0x00, 0x00, 0x00, 0x00, 0x00, 0x00, 0x00, 0x00, 0x00, 
  0x00, 0x00, 0x00, 0x00, 0x00, 0x00, 0x00, 0x00, 0x00, 0x00, 0x00, 0x00, 
  0x00, 0x00, 0x00, 0x00, 0x00, 0x00, 0x00, 0x00, 0x00, 0x00, 0x00, 0x00, 
  0x00, 0x00, 0x00, 0x00, 0x00, 0x00, 0x00, 0x00, 0x00, 0x00, 0x00, 0x00, 
  0x00, 0x00, 0x00, 0x00, 0x00, 0x00, 0x00, 0x00, 0x00, 0x00, 0x00, 0x00, 
  0x00, 0x00, 0x00, 0x00, 0x00, 0x00, 0x00, 0x00, 0x00, 0x00, 0x00, 0x00, 
  0x00, 0x00, 0x00, 0x00, 0x00, 0x00, 0x00, 0x00, 0x00, 0x00, 0x00, 0x00, 
  0x00, 0x00, 0x00, 0x00, 0x00, 0x00, 0x00, 0x00, 0x00, 0x00, 0x00, 0x00, 
  0x00, 0x00, 0x00, 0x00, 0x00, 0x00, 0x00, 0x00, 0x00, 0x00, 0x00, 0x00, 
  0x00, 0x00, 0x00, 0x00, 0x00, 0x00, 0x00, 0x00, 0x00, 0x00, 0x00, 0x00, 
  0x00, 0x00, 0x00, 0x00, 0x00, 0x00, 0x00, 0x00, 0x00, 0x00, 0x00, 0x00, 
  0x00, 0x00, 0x00, 0x00, 0x00, 0x00, 0x00, 0x00, 0x00, 0x00, 0x00, 0x00, 
  0x00, 0x00, 0x00, 0x00, 0x00, 0x00, 0x00, 0x00, 0x00, 0x00, 0x00, 0x00, 
  0x00, 0x00, 0x00, 0x00, 0x00, 0x00, 0x00, 0x00, 0x00, 0x00, 0x00, 0x00, 
  0x00, 0x00, 0x00, 0x00, 0x00, 0x00, 0x00, 0x00, 0x00, 0x00, 0x00, 0x00, 
  0x00, 0x00, 0x00, 0x00, 0x00, 0x00, 0x00, 0x00, 0x00, 0x00, 0x00, 0x00, 
  0x00, 0x00, 0x00, 0x00, 0x00, 0x00, 0x00, 0x00, 0x00, 0x00, 0x00, 0x00, 
  0x00, 0x00, 0x00, 0x00, 0x00, 0x00, 0x00, 0x00, 0x00, 0x00, 0x00, 0x00, 
  0x00, 0x00, 0x00, 0x00, 0x00, 0x00, 0x00, 0x00, 0x00, 0xff, 0xff, 0x01, 
  0x00, 0x00, 0x00, 0x00, 0x00, 0x00, 0x00, 0x00, 0x00, 0x00, 0x00, 0x00, 
  0x00, 0x00, 0x00, 0x00, 0x00, 0x00, 0x00, 0x00, 0x00, 0x00, 0x00, 0x00, 
  0x00, 0x00, 0x00, 0x00, 0x00, 0x00, 0x00, 0x00, 0x00, 0x00, 0x00, 0x00, 
  0x00, 0x00, 0x00, 0x00, 0x00, 0x00, 0x00, 0x00, 0x00, 0x00, 0x00, 0x00, 
  0x00, 0x00, 0x00, 0xff, 0xff, 0x01, 0xf7, 0xbd, 0x04, 0x5a, 0xad, 0x06, 
  0xba, 0xd6, 0x06, 0xba, 0xd6, 0x06, 0xba, 0xd6, 0x06, 0xba, 0xd6, 0x06, 
  0xba, 0xd6, 0x06, 0xba, 0xd6, 0x06, 0xba, 0xd6, 0x06, 0xba, 0xd6, 0x06, 
  0xba, 0xd6, 0x06, 0xba, 0xd6, 0x06, 0xba, 0xd6, 0x06, 0xba, 0xd6, 0x06, 
  0xba, 0xd6, 0x06, 0xba, 0xd6, 0x06, 0xba, 0xd6, 0x06, 0xba, 0xd6, 0x06, 
  0xba, 0xd6, 0x06, 0xba, 0xd6, 0x06, 0xba, 0xd6, 0x06, 0xba, 0xd6, 0x06, 
  0xba, 0xd6, 0x06, 0xba, 0xd6, 0x06, 0xba, 0xd6, 0x06, 0xba, 0xd6, 0x06, 
  0xba, 0xd6, 0x06, 0xba, 0xd6, 0x06, 0xba, 0xd6, 0x06, 0xba, 0xd6, 0x06, 
  0xba, 0xd6, 0x06, 0xba, 0xd6, 0x06, 0xba, 0xd6, 0x06, 0xba, 0xd6, 0x06, 
  0xba, 0xd6, 0x06, 0xba, 0xd6, 0x06, 0xba, 0xd6, 0x06, 0xba, 0xd6, 0x06, 
  0xba, 0xd6, 0x06, 0xba, 0xd6, 0x06, 0xba, 0xd6, 0x06, 0xba, 0xd6, 0x06, 
  0xba, 0xd6, 0x06, 0xba, 0xd6, 0x06, 0xba, 0xd6, 0x06, 0xba, 0xd6, 0x06, 
  0xba, 0xd6, 0x06, 0xba, 0xd6, 0x06, 0xba, 0xd6, 0x06, 0xba, 0xd6, 0x06, 
  0x55, 0x7d, 0x06, 0xf5, 0x7b, 0x06, 0x55, 0x7d, 0x06, 0x55, 0x7d, 0x06, 
  0x55, 0x7d, 0x06, 0x55, 0x7d, 0x06, 0x55, 0x7d, 0x06, 0x55, 0x7d, 0x06, 
  0x55, 0x7d, 0x06, 0x55, 0x7d, 0x06, 0x55, 0x7d, 0x06, 0x55, 0x7d, 0x06, 
  0x55, 0x7d, 0x06, 0x55, 0x7d, 0x06, 0x55, 0x7d, 0x06, 0xf5, 0x7b, 0x06, 
  0xf5, 0x7b, 0x06, 0xf5, 0x7b, 0x06, 0xf5, 0x7b, 0x06, 0xf5, 0x7b, 0x06, 
  0xf5, 0x7b, 0x06, 0xf5, 0x7b, 0x06, 0xf5, 0x7b, 0x06, 0xf5, 0x7b, 0x06, 
  0xf5, 0x7b, 0x06, 0xf5, 0x7b, 0x06, 0xf5, 0x7b, 0x06, 0xf5, 0x7b, 0x06, 
  0xf5, 0x7b, 0x06, 0xf5, 0x7b, 0x06, 0xf5, 0x7b, 0x06, 0xf5, 0x7b, 0x06, 
  0xf5, 0x7b, 0x06, 0xf5, 0x7b, 0x06, 0xf5, 0x7b, 0x06, 0xf5, 0x7b, 0x06, 
  0xf5, 0x7b, 0x06, 0xf5, 0x7b, 0x06, 0xf5, 0x7b, 0x06, 0xf5, 0x7b, 0x06, 
  0xf5, 0x7b, 0x06, 0xf5, 0x7b, 0x06, 0xf5, 0x7b, 0x06, 0xf5, 0x7b, 0x06, 
  0xf5, 0x7b, 0x06, 0xf5, 0x7b, 0x06, 0xf5, 0x7b, 0x06, 0xf5, 0x7b, 0x06, 
  0x55, 0x7d, 0x06, 0xd3, 0x9c, 0x05, 0xef, 0x7b, 0x02, 0x00, 0x00, 0x00, 
  0x00, 0x00, 0x00, 0x00, 0x00, 0x00, 0x00, 0x00, 0x00, 0x00, 0x00, 0x00, 
  0x00, 0x00, 0x00, 0x00, 0x00, 0x00, 0x00, 0x00, 0x00, 0x00, 0x00, 0x00, 
  0x00, 0x00, 0x00, 0x00, 0x00, 0x00, 0x00, 0x00, 0x00, 0x00, 0x00, 0x00, 
  0x00, 0x00, 0x00, 0x00, 0x00, 0x00, 0x00, 0x00, 0x00, 0x00, 0x00, 0x00, 
  0x00, 0x00, 0x00, 0x00, 0x00, 0x00, 0x00, 0x00, 0x00, 0x00, 0x00, 0x00, 
  0x00, 0x00, 0x00, 0x00, 0x00, 0x00, 0x00, 0x00, 0x00, 0x00, 0x00, 0x00, 
  0x00, 0x00, 0x00, 0x00, 0x00, 0x00, 0x00, 0x00, 0x00, 0x00, 0x00, 0x00, 
  0x00, 0x00, 0x00, 0x00, 0x00, 0x00, 0x00, 0x00, 0x00, 0x00, 0x00, 0x00, 
  0x00, 0x00, 0x00, 0x00, 0x00, 0x00, 0x00, 0x00, 0x00, 0x00, 0x00, 0x00, 
  0x00, 0x00, 0x00, 0x00, 0x00, 0x00, 0x00, 0x00, 0x00, 0x00, 0x00, 0x00, 
  0x00, 0x00, 0x00, 0x00, 0x00, 0x00, 0x00, 0x00, 0x00, 0x00, 0x00, 0x00, 
  0x00, 0x00, 0x00, 0x00, 0x00, 0x00, 0x00, 0x00, 0x00, 0x00, 0x00, 0x00, 
  0x00, 0x00, 0x00, 0x00, 0x00, 0x00, 0x00, 0x00, 0x00, 0x00, 0x00, 0x00, 
  0x00, 0x00, 0x00, 0x00, 0x00, 0x00, 0x00, 0x00, 0x00, 0x00, 0x00, 0x00, 
  0x00, 0x00, 0x00, 0x00, 0x00, 0x00, 0x00, 0x00, 0x00, 0x00, 0x00, 0x00, 
  0x00, 0x00, 0x00, 0x00, 0x00, 0x00, 0x00, 0x00, 0x00, 0x00, 0x00, 0x00, 
  0x00, 0x00, 0x00, 0x00, 0x00, 0x00, 0x00, 0x00, 0x00, 0x00, 0x00, 0x00, 
  0x00, 0x00, 0x00, 0x00, 0x00, 0x00, 0x00, 0x00, 0x00, 0x00, 0x00, 0x00, 
  0x00, 0x00, 0x00, 0x00, 0x00, 0x00, 0x00, 0x00, 0x00, 0x00, 0x00, 0x00, 
  0x00, 0x00, 0x00, 0x00, 0x00, 0x00, 0x00, 0x00, 0x00, 0x00, 0x00, 0x00, 
  0x00, 0x00, 0x00, 0x00, 0x00, 0x00, 0x00, 0x00, 0x00, 0x00, 0x00, 0x00, 
  0x00, 0x00, 0x00, 0x00, 0x00, 0x00, 0x00, 0x00, 0x00, 0x00, 0x00, 0x00, 
  0x00, 0x00, 0x00, 0x00, 0x00, 0x00, 0x00, 0x00, 0x00, 0x00, 0x00, 0x00, 
  0x00, 0x00, 0x00, 0x00, 0x00, 0x00, 0x00, 0x00, 0x00, 0x00, 0x00, 0x00, 
  0x00, 0x00, 0x00, 0x00, 0x00, 0x00, 0x00, 0x00, 0x00, 0x00, 0x00, 0x00, 
  0x00, 0x00, 0x00, 0x00, 0x00, 0x00, 0x00, 0x00, 0x00, 0x00, 0x00, 0x00, 
  0x00, 0x00, 0x00, 0x00, 0x00, 0x00, 0x00, 0x00, 0x00, 0x00, 0x00, 0x00, 
  0x00, 0x00, 0x00, 0x00, 0x00, 0x00, 0x00, 0x00, 0x00, 0x00, 0x00, 0x00, 
  0x00, 0x00, 0x00, 0x00, 0x00, 0x00, 0x00, 0x00, 0x00, 0x00, 0x00, 0x00, 
  0x00, 0x00, 0x00, 0x00, 0x00, 0x00, 0x00, 0x00, 0x00, 0x00, 0x00, 0x00, 
  0x00, 0x00, 0x00, 0x00, 0x00, 0x00, 0x00, 0x00, 0x00, 0x00, 0x00, 0x00, 
  0x00, 0x00, 0x00, 0x00, 0x00, 0x00, 0x00, 0x00, 0x00, 0x00, 0x00, 0x00, 
  0x00, 0x00, 0x00, 0x00, 0x00, 0x00, 0x00, 0x00, 0x00, 0x00, 0x00, 0x00, 
  0x00, 0x00, 0x00, 0x00, 0x00, 0x00, 0x00, 0x00, 0x00, 0x00, 0x00, 0x00, 
  0x00, 0x00, 0x00, 0x00, 0x00, 0x00, 0x00, 0x00, 0x00, 0x00, 0x00, 0x00, 
  0x00, 0x00, 0x00, 0x00, 0x00, 0x00, 0x00, 0x00, 0x00, 0x00, 0x00, 0x00, 
  0x00, 0x00, 0x00, 0x00, 0x00, 0x00, 0x00, 0x00, 0x00, 0x00, 0x00, 0x00, 
  0x00, 0x00, 0x00, 0x00, 0x00, 0x00, 0x00, 0x00, 0x00, 0x00, 0x00, 0x00, 
  0x00, 0x00, 0x00, 0x00, 0x00, 0x00, 0x00, 0x00, 0x00, 0x00, 0x00, 0x00, 
  0x00, 0x00, 0x00, 0x00, 0x00, 0x00, 0x00, 0x00, 0x00, 0x00, 0x00, 0x00, 
  0x00, 0x00, 0x00, 0x00, 0x00, 0x00, 0x00, 0x00, 0x00, 0x00, 0x00, 0x00, 
  0x00, 0x00, 0x00, 0x00, 0x00, 0x00, 0x00, 0x00, 0x00, 0x00, 0x00, 0x00, 
  0x00, 0x00, 0x00, 0x00, 0x00, 0x00, 0x00, 0x00, 0x00, 0x00, 0x00, 0x00, 
  0x00, 0x00, 0x00, 0x00, 0x00, 0x00, 0x00, 0x00, 0x00, 0x00, 0x00, 0x00, 
  0x00, 0x00, 0x00, 0x00, 0x00, 0x00, 0x00, 0x00, 0x00, 0x00, 0x00, 0x00, 
  0x00, 0x00, 0x00, 0x00, 0x00, 0x00, 0x00, 0x00, 0x00, 0x00, 0x00, 0x00, 
  0x00, 0x00, 0x00, 0x00, 0x00, 0x00, 0x00, 0x00, 0x00, 0x00, 0x00, 0x00, 
  0x00, 0x00, 0x00, 0x00, 0x00, 0x00, 0x00, 0x00, 0x00, 0x00, 0x00, 0x00, 
  0x00, 0x00, 0x00, 0x00, 0x00, 0x00, 0x00, 0x00, 0x00, 0x00, 0x00, 0x00, 
  0x00, 0x00, 0x00, 0x00, 0x00, 0x00, 0x00, 0x00, 0x00, 0x00, 0x00, 0x00, 
  0x00, 0x00, 0x00, 0x00, 0x00, 0x00, 0x00, 0x00, 0x00, 0x00, 0x00, 0x00, 
  0x00, 0x00, 0x00, 0x00, 0x00, 0x00, 0x00, 0x00, 0x00, 0x00, 0x00, 0x00, 
  0x00, 0x00, 0x00, 0x00, 0x00, 0x00, 0x00, 0x00, 0x00, 0x00, 0x00, 0x00, 
  0x00, 0x00, 0x00, 0x00, 0x00, 0x00, 0x00, 0x00, 0x00, 0x00, 0x00, 0x00, 
  0x00, 0x00, 0x00, 0x00, 0x00, 0x00, 0x00, 0x00, 0x00, 0x00, 0x00, 0x00, 
  0x00, 0x00, 0x00, 0x00, 0x00, 0x00, 0x00, 0x00, 0x00, 0x00, 0x00, 0x00, 
  0x00, 0x00, 0x00, 0x00, 0x00, 0x00, 0x00, 0x00, 0x00, 0x00, 0x00, 0x00, 
  0x00, 0x00, 0x00, 0x00, 0x00, 0x00, 0x00, 0x00, 0x00, 0x00, 0x00, 0x00, 
  0x00, 0x00, 0x00, 0x00, 0x00, 0x00, 0x00, 0x00, 0x00, 0x00, 0x00, 0x00, 
  0x00, 0x00, 0x00, 0x00, 0x00, 0x00, 0x00, 0x00, 0x00, 0x00, 0x00, 0x00, 
  0x00, 0x00, 0x00, 0x00, 0x00, 0x00, 0x00, 0x00, 0x00, 0x00, 0x00, 0x00, 
  0x00, 0x00, 0x00, 0x00, 0x00, 0x00, 0x00, 0x00, 0x00, 0x00, 0x00, 0x00, 
  0x00, 0x00, 0x00, 0x00, 0x00, 0x00, 0x00, 0x00, 0x00, 0x00, 0x00, 0x00, 
  0x00, 0x00, 0x00, 0x00, 0x00, 0x00, 0x00, 0x00, 0x00, 0x00, 0x00, 0x00, 
  0x00, 0x00, 0x00, 0x00, 0x00, 0x00, 0x00, 0x00, 0x00, 0x00, 0x00, 0x00, 
  0x00, 0x00, 0x00, 0x00, 0x00, 0x00, 0x00, 0x00, 0x00, 0x00, 0x00, 0x00, 
  0x00, 0x00, 0x00, 0x00, 0x00, 0x00, 0x00, 0x00, 0x00, 0x00, 0x00, 0x00, 
  0x00, 0x00, 0x00, 0x00, 0x00, 0x00, 0x00, 0x00, 0x00, 0x00, 0x00, 0x00, 
  0x00, 0x00, 0x00, 0x00, 0x00, 0x00, 0x00, 0x00, 0x00, 0x00, 0x00, 0x00, 
  0x00, 0x00, 0x00, 0x00, 0x00, 0x00, 0x00, 0x00, 0x00, 0x00, 0x00, 0x00, 
  0x00, 0x00, 0x00, 0x00, 0x00, 0x00, 0x00, 0x00, 0x00, 0x00, 0x00, 0x00, 
  0x00, 0x00, 0x00, 0x00, 0x00, 0x00, 0x00, 0x00, 0x00, 0x00, 0x00, 0x00, 
  0x00, 0x00, 0x00, 0x00, 0x00, 0x00, 0x00, 0x00, 0x00, 0x00, 0x00, 0x00, 
  0x00, 0x00, 0x00, 0x00, 0x00, 0x00, 0x00, 0x00, 0x00, 0x00, 0x00, 0x00, 
  0x00, 0x00, 0x00, 0x00, 0x00, 0x00, 0x00, 0x00, 0x00, 0x00, 0x00, 0x00, 
  0x00, 0x00, 0x00, 0x00, 0x00, 0x00, 0x00, 0x00, 0x00, 0x00, 0x00, 0x00, 
  0x00, 0x00, 0x00, 0x00, 0x00, 0x00, 0x00, 0x00, 0x00, 0x00, 0x00, 0x00, 
  0x00, 0x00, 0x00, 0x00, 0x00, 0x00, 0x00, 0x00, 0x00, 0x00, 0x00, 0x00, 
  0x00, 0x00, 0x00, 0x00, 0x00, 0x00, 0x00, 0x00, 0x00, 0x00, 0x00, 0x00, 
  0x00, 0x00, 0x00, 0x00, 0x00, 0x00, 0x00, 0x00, 0x00, 0x00, 0x00, 0x00, 
  0x00, 0x00, 0x00, 0x00, 0x00, 0x00, 0x00, 0x00, 0x00, 0x00, 0x00, 0x00, 
  0x00, 0x00, 0x00, 0x00, 0x00, 0x00, 0x00, 0x00, 0x00, 0x00, 0x00, 0x00, 
  0x00, 0x00, 0x00, 0x00, 0x00, 0x00, 0x00, 0x00, 0x00, 0x00, 0x00, 0x00, 
  0x00, 0x00, 0x00, 0x00, 0x00, 0x00, 0x00, 0x00, 0x00, 0x00, 0x00, 0x00, 
  0x00, 0x00, 0x00, 0x00, 0x00, 0x00, 0x00, 0x00, 0x00, 0x00, 0x00, 0x00, 
  0x00, 0x00, 0x00, 0x00, 0x00, 0x00, 0x00, 0x00, 0x00, 0x00, 0x00, 0x00, 
  0x00, 0x00, 0x00, 0x00, 0x00, 0x00, 0x00, 0x00, 0x00, 0x00, 0x00, 0x00, 
  0x00, 0x00, 0x00, 0x00, 0x00, 0x00, 0x00, 0x00, 0x00, 0x00, 0x00, 0x00, 
  0x00, 0x00, 0x00, 0x00, 0x00, 0x00, 0x00, 0x00, 0x00, 0x00, 0x00, 0x00, 
  0x00, 0x00, 0x00, 0x00, 0x00, 0x00, 0x00, 0x00, 0x00, 0x00, 0x00, 0x00, 
  0x00, 0x00, 0x00, 0x00, 0x00, 0x00, 0x00, 0x00, 0x00, 0x00, 0x00, 0x00, 
  0x00, 0x00, 0x00, 0x00, 0x00, 0x00, 0x00, 0x00, 0x00, 0x00, 0x00, 0x00, 
  0x00, 0x00, 0x00, 0x00, 0x00, 0x00, 0x00, 0x00, 0x00, 0x00, 0x00, 0x00, 
  0x00, 0x00, 0x00, 0x00, 0x00, 0x00, 0x00, 0x00, 0x00, 0x00, 0x00, 0x00, 
  0x00, 0x00, 0x00, 0x00, 0x00, 0x00, 0x00, 0x00, 0x00, 0x00, 0x00, 0x00, 
  0x00, 0x00, 0x00, 0x00, 0x00, 0x00, 0x00, 0x00, 0x00, 0x00, 0x00, 0x00, 
  0x00, 0x00, 0x00, 0x00, 0x00, 0x00, 0x00, 0x00, 0x00, 0x00, 0x00, 0x00, 
  0x00, 0x00, 0x00, 0x00, 0x00, 0x00, 0x00, 0x00, 0x00, 0x00, 0x00, 0x00, 
  0x00, 0x00, 0x00, 0x00, 0x00, 0x00, 0x00, 0x00, 0x00, 0x00, 0x00, 0x00, 
  0x00, 0x00, 0x00, 0x00, 0x00, 0x00, 0x00, 0x00, 0x00, 0x00, 0x00, 0x00, 
  0x00, 0x00, 0x00, 0x00, 0x00, 0x00, 0x00, 0x00, 0x00, 0x00, 0x00, 0x00, 
  0x00, 0x00, 0x00, 0x00, 0x00, 0x00, 0x00, 0x00, 0x00, 0x00, 0x00, 0x00, 
  0x00, 0x00, 0x00, 0x00, 0x00, 0x00, 0x00, 0x00, 0x00, 0x00, 0x00, 0x00, 
  0x00, 0x00, 0x00, 0x00, 0x00, 0x00, 0x00, 0x00, 0x00, 0x00, 0x00, 0x00, 
  0x00, 0x00, 0x00, 0x00, 0x00, 0x00, 0x00, 0x00, 0x00, 0x00, 0x00, 0x00, 
  0x00, 0x00, 0x00, 0x00, 0x00, 0x00, 0x00, 0x00, 0x00, 0x00, 0x00, 0x00, 
  0x00, 0x00, 0x00, 0x00, 0x00, 0x00, 0x00, 0x00, 0x00, 0x00, 0x00, 0x00, 
  0x00, 0x00, 0x00, 0x00, 0x00, 0x00, 0x00, 0x00, 0x00, 0x00, 0x00, 0x00, 
  0x00, 0x00, 0x00, 0x00, 0x00, 0x00, 0x00, 0x00, 0x00, 0x00, 0x00, 0x00, 
  0x00, 0x00, 0x00, 0x00, 0x00, 0x00, 0x00, 0x00, 0x00, 0x00, 0x00, 0x00, 
  0x00, 0x00, 0x00, 0x00, 0x00, 0x00, 0x00, 0x00, 0x00, 0x00, 0x00, 0x00, 
  0x00, 0x00, 0x00, 0x00, 0x00, 0x00, 0x00, 0x00, 0x00, 0x00, 0x00, 0x00, 
  0x00, 0x00, 0x00, 0x00, 0x00, 0x00, 0x00, 0x00, 0x00, 0x00, 0x00, 0x00, 
  0x00, 0x00, 0x00, 0x00, 0x00, 0x00, 0x00, 0x00, 0x00, 0x00, 0x00, 0x00, 
  0x00, 0x00, 0x00, 0x00, 0x00, 0x00, 0x00, 0x00, 0x00, 0x00, 0x00, 0x00, 
  0x00, 0x00, 0x00, 0x00, 0x00, 0x00, 0x00, 0x00, 0x00, 0x00, 0x00, 0x00, 
  0x00, 0x00, 0x00, 0x00, 0x00, 0x00, 0x00, 0x00, 0x00, 0x00, 0x00, 0x00, 
  0x00, 0x00, 0x00, 0x00, 0x00, 0x00, 0x00, 0x00, 0x00, 0x00, 0x00, 0x00, 
  0x00, 0x00, 0x00, 0x00, 0x00, 0x00, 0x00, 0x00, 0x00, 0x00, 0x00, 0x00, 
  0x00, 0x00, 0x00, 0x00, 0x00, 0x00, 0x00, 0x00, 0x00, 0x00, 0x00, 0x00, 
  0x00, 0x00, 0x00, 0x00, 0x00, 0x00, 0x00, 0x00, 0x00, 0x00, 0x00, 0x00, 
  0x00, 0x00, 0x00, 0x00, 0x00, 0x00, 0x00, 0x00, 0x00, 0x00, 0x00, 0x00, 
  0x00, 0x00, 0x00, 0x00, 0x00, 0x00, 0x00, 0x00, 0x00, 0x00, 0x00, 0x00, 
  0x00, 0x00, 0x00, 0x00, 0x00, 0x00, 0x00, 0x00, 0x00, 0x00, 0x00, 0x00, 
  0x00, 0x00, 0x00, 0x00, 0x00, 0x00, 0x00, 0x00, 0x00, 0x00, 0x00, 0x00, 
  0x00, 0x00, 0x00, 0x00, 0x00, 0x00, 0x00, 0x00, 0x00, 0x00, 0x00, 0x00, 
  0x00, 0x00, 0x00, 0x00, 0x00, 0x00, 0x00, 0x00, 0x00, 0x00, 0x00, 0x00, 
  0x00, 0x00, 0x00, 0x00, 0x00, 0x00, 0x00, 0x00, 0x00, 0x00, 0x00, 0x00, 
  0x00, 0x00, 0x00, 0x00, 0x00, 0x00, 0x00, 0x00, 0x00, 0x00, 0x00, 0x00, 
  0x00, 0x00, 0x00, 0x00, 0x00, 0x00, 0x00, 0x00, 0x00, 0x00, 0x00, 0x00, 
  0x00, 0x00, 0x00, 0x00, 0x00, 0x00, 0x00, 0x00, 0x00, 0x00, 0x00, 0x00, 
  0x00, 0x00, 0x00, 0x00, 0x00, 0x00, 0x00, 0x00, 0x00, 0x00, 0x00, 0x00, 
  0x00, 0x00, 0x00, 0x00, 0x00, 0x00, 0x00, 0x00, 0x00, 0x00, 0x00, 0x00, 
  0x00, 0x00, 0x00, 0x00, 0x00, 0x00, 0x00, 0x00, 0x00, 0x00, 0x00, 0x00, 
  0x00, 0x00, 0x00, 0x00, 0x00, 0x00, 0x00, 0x00, 0x00, 0x00, 0x00, 0x00, 
  0x00, 0x00, 0x00, 0x00, 0x00, 0x00, 0x00, 0x00, 0x00, 0x00, 0x00, 0x00, 
  0x00, 0x00, 0x00, 0x00, 0x00, 0x00, 0x00, 0x00, 0x00, 0x00, 0x00, 0x00, 
  0x00, 0x00, 0x00, 0x00, 0x00, 0x00, 0x00, 0x00, 0x00, 0x00, 0x00, 0x00, 
  0x00, 0x00, 0x00, 0x00, 0x00, 0x00, 0x00, 0x00, 0x00, 0x00, 0x00, 0x00, 
  0x00, 0x00, 0x00, 0x00, 0x00, 0x00, 0x00, 0x00, 0x00, 0x00, 0x00, 0x00, 
  0x00, 0x00, 0x00, 0x00, 0x00, 0x00, 0x00, 0x00, 0x00, 0x00, 0x00, 0x00, 
  0x00, 0x00, 0x00, 0x00, 0x00, 0x00, 0x00, 0x00, 0x00, 0x00, 0x00, 0x00, 
  0x00, 0x00, 0x00, 0x00, 0x00, 0x00, 0x00, 0x00, 0x00, 0x00, 0x00, 0x00, 
  0x00, 0x00, 0x00, 0x00, 0x00, 0x00, 0x00, 0x00, 0x00, 0x00, 0x00, 0x00, 
  0x00, 0x00, 0x00, 0x00, 0x00, 0x00, 0x00, 0x00, 0x00, 0x00, 0x00, 0x00, 
  0x00, 0x00, 0x00, 0x00, 0x00, 0x00, 0x00, 0x00, 0x00, 0x00, 0x00, 0x00, 
  0x00, 0x00, 0x00, 0x00, 0x00, 0x00, 0x00, 0x00, 0x00, 0x00, 0x00, 0x00, 
  0x00, 0x00, 0x00, 0x00, 0x00, 0x00, 0x00, 0x00, 0x00, 0x00, 0x00, 0x00, 
  0x00, 0x00, 0x00, 0x00, 0x00, 0x00, 0x00, 0x00, 0x00, 0x00, 0x00, 0x00, 
  0x00, 0x00, 0x00, 0x00, 0x00, 0x00, 0x00, 0x00, 0x00, 0x00, 0x00, 0x00, 
  0x00, 0x00, 0x00, 0x00, 0x00, 0x00, 0x00, 0x00, 0x00, 0x00, 0x00, 0x00, 
  0x00, 0x00, 0x00, 0x00, 0x00, 0x00, 0x00, 0x00, 0x00, 0x00, 0x00, 0x00, 
  0x00, 0x00, 0x00, 0x00, 0x00, 0x00, 0x00, 0x00, 0x00, 0x00, 0x00, 0x00, 
  0x00, 0x00, 0x00, 0x00, 0x00, 0x00, 0x00, 0x00, 0x00, 0x00, 0x00, 0x00, 
  0x00, 0x00, 0x00, 0x00, 0x00, 0x00, 0x00, 0x00, 0x00, 0x00, 0x00, 0x00, 
  0x00, 0x00, 0x00, 0x00, 0x00, 0x00, 0x00, 0x00, 0x00, 0x00, 0x00, 0x00, 
  0x00, 0x00, 0x00, 0x00, 0x00, 0x00, 0x00, 0x00, 0x00, 0x00, 0x00, 0x00, 
  0x00, 0x00, 0x00, 0x00, 0x00, 0x00, 0x00, 0x00, 0x00, 0x00, 0x00, 0x00, 
  0x00, 0x00, 0x00, 0x00, 0x00, 0x00, 0x00, 0x00, 0x00, 0x00, 0x00, 0x00, 
  0x00, 0x00, 0x00, 0x00, 0x00, 0x00, 0x00, 0x00, 0x00, 0x00, 0x00, 0x00, 
  0x00, 0x00, 0x00, 0x00, 0x00, 0x00, 0x00, 0x00, 0x00, 0x00, 0x00, 0x00, 
  0x00, 0x00, 0x00, 0x00, 0x00, 0x00, 0x00, 0x00, 0x00, 0x00, 0x00, 0x00, 
  0x00, 0x00, 0x00, 0x00, 0x00, 0x00, 0x00, 0x00, 0x00, 0x00, 0x00, 0x00, 
  0x00, 0x00, 0x00, 0x00, 0x00, 0x00, 0x00, 0x00, 0x00, 0x00, 0x00, 0x00, 
  0x00, 0x00, 0x00, 0x00, 0x00, 0x00, 0x00, 0x00, 0x00, 0x00, 0x00, 0x00, 
  0x00, 0x00, 0x00, 0x00, 0x00, 0x00, 0x00, 0x00, 0x00, 0x00, 0x00, 0x00, 
  0x00, 0x00, 0x00, 0x00, 0x00, 0x00, 0x00, 0x00, 0x00, 0x00, 0x00, 0x00, 
  0x00, 0x00, 0x00, 0x00, 0x00, 0x00, 0x00, 0x00, 0x00, 0x00, 0x00, 0x00, 
  0x00, 0x00, 0x00, 0x00, 0x00, 0x00, 0x00, 0x00, 0x00, 0x00, 0x00, 0x00, 
  0x00, 0x00, 0x00, 0x00, 0x00, 0x00, 0x00, 0x00, 0x00, 0x00, 0x00, 0x00, 
  0x00, 0x00, 0x00, 0x00, 0x00, 0x00, 0x00, 0x00, 0x00, 0x00, 0x00, 0x00, 
  0x00, 0x00, 0x00, 0x00, 0x00, 0x00, 0x00, 0x00, 0x00, 0x00, 0x00, 0x00, 
  0x00, 0x00, 0x00, 0x00, 0x00, 0x00, 0x00, 0x00, 0x00, 0x00, 0x00, 0x00, 
  0x00, 0x00, 0x00, 0x00, 0x00, 0x00, 0x00, 0x00, 0x00, 0x00, 0x00, 0x00, 
  0x00, 0x00, 0x00, 0x00, 0x00, 0x00, 0x00, 0x00, 0x00, 0x00, 0x00, 0x00, 
  0x00, 0x00, 0x00, 0x00, 0x00, 0x00, 0x00, 0x00, 0x00, 0x00, 0x00, 0x00, 
  0x00, 0x00, 0x00, 0x00, 0x00, 0x00, 0x00, 0x00, 0x00, 0x00, 0x00, 0x00, 
  0x00, 0x00, 0x00, 0x00, 0x00, 0x00, 0x00, 0x00, 0x00, 0x00, 0x00, 0x00, 
  0x00, 0x00, 0x00, 0x00, 0x00, 0x00, 0x00, 0x00, 0x00, 0x00, 0x00, 0x00, 
  0x00, 0x00, 0x00, 0x00, 0x00, 0x00, 0x00, 0x00, 0x00, 0x00, 0x00, 0x00, 
  0x00, 0x00, 0x00, 0x00, 0x00, 0x00, 0x00, 0x00, 0x00, 0x00, 0x00, 0x00, 
  0x00, 0x00, 0x00, 0x00, 0x00, 0x00, 0x00, 0x00, 0x00, 0x00, 0x00, 0x00, 
  0x00, 0x00, 0x00, 0x00, 0x00, 0x00, 0x00, 0x00, 0x00, 0x00, 0x00, 0x00, 
  0x00, 0x00, 0x00, 0x00, 0x00, 0x00, 0x00, 0x00, 0x00, 0x00, 0x00, 0x00, 
  0x00, 0x00, 0x00, 0x00, 0x00, 0x00, 0x00, 0x00, 0x00, 0x00, 0x00, 0x00, 
  0x00, 0x00, 0x00, 0x00, 0x00, 0x00, 0x00, 0x00, 0x00, 0x00, 0x00, 0x00, 
  0x00, 0x00, 0x00, 0x00, 0x00, 0x00, 0x00, 0x00, 0x00, 0x00, 0x00, 0x00, 
  0x00, 0x00, 0x00, 0x00, 0x00, 0x00, 0x00, 0x00, 0x00, 0x00, 0x00, 0x00, 
  0x00, 0x00, 0x00, 0x00, 0x00, 0x00, 0x00, 0x00, 0x00, 0x00, 0x00, 0x00, 
  0x00, 0x00, 0x00, 0x00, 0x00, 0x00, 0x00, 0x00, 0x00, 0x00, 0x00, 0x00, 
  0x00, 0x00, 0x00, 0x00, 0x00, 0x00, 0x00, 0x00, 0x00, 0x00, 0x00, 0x00, 
  0x00, 0x00, 0x00, 0x00, 0x00, 0x00, 0x00, 0x00, 0x00, 0x00, 0x00, 0x00, 
  0x00, 0x00, 0x00, 0x00, 0x00, 0x00, 0x00, 0x00, 0x00, 0x00, 0x00, 0x00, 
  0x00, 0x00, 0x00, 0x00, 0x00, 0x00, 0x00, 0x00, 0x00, 0x00, 0x00, 0x00, 
  0x00, 0x00, 0x00, 0x00, 0x00, 0x00, 0x00, 0x00, 0x00, 0x00, 0x00, 0x00, 
  0x00, 0x00, 0x00, 0x00, 0x00, 0x00, 0x00, 0x00, 0x00, 0x00, 0x00, 0x00, 
  0x00, 0x00, 0x00, 0x00, 0x00, 0x00, 0x00, 0x00, 0x00, 0x00, 0x00, 0x00, 
  0x00, 0x00, 0x00, 0x00, 0x00, 0x00, 0x00, 0x00, 0x00, 0x00, 0x00, 0x00, 
  0x00, 0x00, 0x00, 0x00, 0x00, 0x00, 0x00, 0x00, 0x00, 0x00, 0x00, 0x00, 
  0x00, 0x00, 0x00, 0x00, 0x00, 0x00, 0x00, 0x00, 0x00, 0x00, 0x00, 0x00, 
  0x00, 0x00, 0x00, 0x00, 0x00, 0x00, 0x00, 0x00, 0x00, 0x00, 0x00, 0x00, 
  0x00, 0x00, 0x00, 0x00, 0x00, 0x00, 0x00, 0x00, 0x00, 0x00, 0x00, 0x00, 
  0x00, 0x00, 0x00, 0x00, 0x00, 0x00, 0x00, 0x00, 0x00, 0x00, 0x00, 0x00, 
  0x00, 0x00, 0x00, 0x00, 0x00, 0x00, 0x00, 0x00, 0x00, 0x00, 0x00, 0x00, 
  0x00, 0x00, 0x00, 0x00, 0x00, 0x00, 0x00, 0x00, 0x00, 0x00, 0x00, 0x00, 
  0x00, 0x00, 0x00, 0x00, 0x00, 0x00, 0x00, 0x00, 0x00, 0x00, 0x00, 0x00, 
  0x00, 0x00, 0x00, 0x00, 0x00, 0x00, 0x00, 0x00, 0x00, 0x00, 0x00, 0x00, 
  0x00, 0x00, 0x00, 0x00, 0x00, 0x00, 0x00, 0x00, 0x00, 0x00, 0x00, 0x00, 
  0x00, 0x00, 0x00, 0x00, 0x00, 0x00, 0x00, 0x00, 0x00, 0x00, 0x00, 0x00, 
  0x00, 0x00, 0x00, 0x00, 0x00, 0x00, 0x00, 0x00, 0x00, 0x00, 0x00, 0x00, 
  0x00, 0x00, 0x00, 0x00, 0x00, 0x00, 0x00, 0x00, 0x00, 0x00, 0x00, 0x00, 
  0x00, 0x00, 0x00, 0x00, 0x00, 0x00, 0x00, 0x00, 0x00, 0x00, 0x00, 0x00, 
  0x00, 0x00, 0x00, 0x00, 0x00, 0x00, 0x00, 0x00, 0x00, 0x00, 0x00, 0x00, 
  0x00, 0x00, 0x00, 0x00, 0x00, 0x00, 0x00, 0x00, 0x00, 0x00, 0x00, 0x00, 
  0x00, 0x00, 0x00, 0x00, 0x00, 0x00, 0x00, 0x00, 0x00, 0x00, 0x00, 0x00, 
  0x00, 0x00, 0x00, 0x00, 0x00, 0x00, 0x00, 0x00, 0x00, 0x00, 0x00, 0x00, 
  0x00, 0x00, 0x00, 0x00, 0x00, 0x00, 0x00, 0x00, 0x00, 0x00, 0x00, 0x00, 
  0x00, 0x00, 0x00, 0x00, 0x00, 0x00, 0x00, 0x00, 0x00, 0x00, 0x00, 0x00, 
  0x00, 0x00, 0x00, 0x00, 0x00, 0x00, 0x00, 0x00, 0x00, 0x00, 0x00, 0x00, 
  0x00, 0x00, 0x00, 0x00, 0x00, 0x00, 0x00, 0x00, 0x00, 0x00, 0x00, 0x00, 
  0x00, 0x00, 0x00, 0x00, 0x00, 0x00, 0x00, 0x00, 0x00, 0x00, 0x00, 0x00, 
  0x00, 0x00, 0x00, 0x00, 0x00, 0x00, 0x00, 0x00, 0x00, 0x00, 0x00, 0x00, 
  0x00, 0x00, 0x00, 0x00, 0x00, 0x00, 0x00, 0x00, 0x00, 0x00, 0x00, 0x00, 
  0x00, 0x00, 0x00, 0x00, 0x00, 0x00, 0x00, 0x00, 0x00, 0x00, 0x00, 0x00, 
  0x00, 0x00, 0x00, 0x00, 0x00, 0x00, 0x00, 0x00, 0x00, 0x00, 0x00, 0x00, 
  0x00, 0x00, 0x00, 0x00, 0x00, 0x00, 0x00, 0x00, 0x00, 0x00, 0x00, 0x00, 
  0x00, 0x00, 0x00, 0x00, 0x00, 0x00, 0x00, 0x00, 0x00, 0x00, 0x00, 0x00, 
  0x00, 0x00, 0x00, 0x00, 0x00, 0x00, 0x00, 0x00, 0x00, 0x00, 0x00, 0x00, 
  0x00, 0x00, 0x00, 0x00, 0x00, 0x00, 0x00, 0x00, 0x00, 0x00, 0x00, 0x00, 
  0x00, 0x00, 0x00, 0x00, 0x00, 0x00, 0x00, 0x00, 0x00, 0x00, 0x00, 0x00, 
  0x00, 0x00, 0x00, 0x00, 0x00, 0x00, 0x00, 0x00, 0x00, 0x00, 0x00, 0x00, 
  0x00, 0x00, 0x00, 0x00, 0x00, 0x00, 0x00, 0x00, 0x00, 0x00, 0x00, 0x00, 
  0x00, 0x00, 0x00, 0x00, 0x00, 0x00, 0x00, 0x00, 0x00, 0x00, 0x00, 0x00, 
  0x00, 0x00, 0x00, 0x00, 0x00, 0x00, 0x00, 0x00, 0x00, 0x00, 0x00, 0x00, 
  0x00, 0x00, 0x00, 0x00, 0x00, 0x00, 0x00, 0x00, 0x00, 0x00, 0x00, 0x00, 
  0x00, 0x00, 0x00, 0x00, 0x00, 0x00, 0x00, 0x00, 0x00, 0x00, 0x00, 0x00, 
  0x00, 0x00, 0x00, 0x00, 0x00, 0x00, 0x00, 0x00, 0x00, 0x00, 0x00, 0x00, 
  0x00, 0x00, 0x00, 0x00, 0x00, 0x00, 0x00, 0x00, 0x00, 0x00, 0x00, 0x00, 
  0x00, 0x00, 0x00, 0x00, 0x00, 0x00, 0x00, 0x00, 0x00, 0x00, 0x00, 0x00, 
  0x00, 0x00, 0x00, 0x00, 0x00, 0x00, 0x00, 0x00, 0x00, 0x00, 0x00, 0x00, 
  0x00, 0x00, 0x00, 0x00, 0x00, 0x00, 0x00, 0x00, 0x00, 0x00, 0x00, 0x00, 
  0x00, 0x00, 0x00, 0x00, 0x00, 0x00, 0x00, 0x00, 0x00, 0x00, 0x00, 0x00, 
  0x00, 0x00, 0x00, 0x00, 0x00, 0x00, 0x00, 0x00, 0x00, 0x00, 0x00, 0x00, 
  0x00, 0x00, 0x00, 0x00, 0x00, 0x00, 0x00, 0x00, 0x00, 0x00, 0x00, 0x00, 
  0x00, 0x00, 0x00, 0x00, 0x00, 0x00, 0x00, 0x00, 0x00, 0x00, 0x00, 0x00, 
  0x00, 0x00, 0x00, 0x00, 0x00, 0x00, 0x00, 0x00, 0x00, 0x00, 0x00, 0x00, 
  0x00, 0x00, 0x00, 0x00, 0x00, 0x00, 0x00, 0x00, 0x00, 0x00, 0x00, 0x00, 
  0x00, 0x00, 0x00, 0x00, 0x00, 0x00, 0x00, 0x00, 0x00, 0x00, 0x00, 0x00, 
  0x00, 0x00, 0x00, 0x00, 0x00, 0x00, 0x00, 0x00, 0x00, 0x00, 0x00, 0x00, 
  0x00, 0x00, 0x00, 0x00, 0x00, 0x00, 0x00, 0x00, 0x00, 0x00, 0x00, 0x00, 
  0x00, 0x00, 0x00, 0x00, 0x00, 0x00, 0x00, 0x00, 0x00, 0x00, 0x00, 0x00, 
  0x00, 0x00, 0x00, 0x00, 0x00, 0x00, 0x00, 0x00, 0x00, 0x00, 0x00, 0x00, 
  0x00, 0x00, 0x00, 0x00, 0x00, 0x00, 0x00, 0x00, 0x00, 0x00, 0x00, 0x00, 
  0x00, 0x00, 0x00, 0x00, 0x00, 0x00, 0x00, 0x00, 0x00, 0x00, 0x00, 0x00, 
  0x00, 0x00, 0x00, 0x00, 0x00, 0x00, 0x00, 0x00, 0x00, 0x00, 0x00, 0x00, 
  0x00, 0x00, 0x00, 0x00, 0x00, 0x00, 0x00, 0x00, 0x00, 0x00, 0x00, 0x00, 
  0x00, 0x00, 0x00, 0x00, 0x00, 0x00, 0x00, 0x00, 0x00, 0x00, 0x00, 0x00, 
  0x00, 0x00, 0x00, 0x00, 0x00, 0x00, 0x00, 0x00, 0x00, 0x00, 0x00, 0x00, 
  0x00, 0x00, 0x00, 0x00, 0x00, 0x00, 0x00, 0x00, 0x00, 0x00, 0x00, 0x00, 
  0x00, 0x00, 0x00, 0x00, 0x00, 0x00, 0x00, 0x00, 0x00, 0x00, 0x00, 0x00, 
  0x00, 0x00, 0x00, 0x00, 0x00, 0x00, 0x00, 0x00, 0x00, 0x00, 0x00, 0x00, 
  0x00, 0x00, 0x00, 0x00, 0x00, 0x00, 0x00, 0x00, 0x00, 0x00, 0x00, 0x00, 
  0x00, 0x00, 0x00, 0x00, 0x00, 0x00, 0x00, 0x00, 0x00, 0x00, 0x00, 0x00, 
  0x00, 0x00, 0x00, 0x00, 0x00, 0x00, 0x00, 0x00, 0x00, 0x00, 0x00, 0x00, 
  0x00, 0x00, 0x00, 0x00, 0x00, 0x00, 0x00, 0x00, 0x00, 0x00, 0x00, 0x00, 
  0x00, 0x00, 0x00, 0x00, 0x00, 0x00, 0x00, 0x00, 0x00, 0x00, 0x00, 0x00, 
  0x00, 0x00, 0x00, 0x00, 0x00, 0x00, 0x00, 0x00, 0x00, 0x00, 0x00, 0x00, 
  0x00, 0x00, 0x00, 0x00, 0x00, 0x00, 0x00, 0x00, 0x00, 0x00, 0x00, 0x00, 
  0x00, 0x00, 0x00, 0x00, 0x00, 0x00, 0x00, 0x00, 0x00, 0x00, 0x00, 0x00, 
  0x00, 0x00, 0x00, 0x00, 0x00, 0x00, 0x00, 0x00, 0x00, 0x00, 0x00, 0x00, 
  0x00, 0x00, 0x00, 0x00, 0x00, 0x00, 0x00, 0x00, 0x00, 0x00, 0x00, 0x00, 
  0x00, 0x00, 0x00, 0x00, 0x00, 0x00, 0x00, 0x00, 0x00, 0x00, 0x00, 0x00, 
  0x00, 0x00, 0x00, 0x00, 0x00, 0x00, 0x00, 0x00, 0x00, 0x00, 0x00, 0x00, 
  0x00, 0x00, 0x00, 0x00, 0x00, 0x00, 0x00, 0x00, 0x00, 0x00, 0x00, 0x00, 
  0x00, 0x00, 0x00, 0x00, 0x00, 0x00, 0x00, 0x00, 0x00, 0x00, 0x00, 0x00, 
  0x00, 0x00, 0x00, 0x00, 0x00, 0x00, 0x00, 0x00, 0x00, 0x00, 0x00, 0x00, 
  0x00, 0x00, 0x00, 0x00, 0x00, 0x00, 0x00, 0x00, 0x00, 0x00, 0x00, 0x00, 
  0x00, 0x00, 0x00, 0x00, 0x00, 0x00, 0x00, 0x00, 0x00, 0x00, 0x00, 0x00, 
  0x00, 0x00, 0x00, 0x00, 0x00, 0x00, 0x00, 0x00, 0x00, 0x00, 0x00, 0x00, 
  0x00, 0x00, 0x00, 0x00, 0x00, 0x00, 0x00, 0x00, 0x00, 0x00, 0x00, 0x00, 
  0x00, 0x00, 0x00, 0x00, 0x00, 0x00, 0x00, 0x00, 0x00, 0x00, 0x00, 0x00, 
  0x00, 0x00, 0x00, 0x00, 0x00, 0x00, 0x00, 0x00, 0x00, 0x00, 0x00, 0x00, 
  0x00, 0x00, 0x00, 0x00, 0x00, 0x00, 0x00, 0x00, 0x00, 0x00, 0x00, 0x00, 
  0x00, 0x00, 0x00, 0x00, 0x00, 0x00, 0x00, 0x00, 0x00, 0x00, 0x00, 0x00, 
  0x00, 0x00, 0x00, 0x00, 0x00, 0x00, 0x00, 0x00, 0x00, 0x00, 0x00, 0x00, 
  0x00, 0x00, 0x00, 0x00, 0x00, 0x00, 0x00, 0x00, 0x00, 0x00, 0x00, 0x00, 
  0x00, 0x00, 0x00, 0x00, 0x00, 0x00, 0x00, 0x00, 0x00, 0x00, 0x00, 0x00, 
  0x00, 0x00, 0x00, 0x00, 0x00, 0x00, 0x00, 0x00, 0x00, 0x00, 0x00, 0x00, 
  0x00, 0x00, 0x00, 0x00, 0x00, 0x00, 0x00, 0x00, 0x00, 0x00, 0x00, 0x00, 
  0x00, 0x00, 0x00, 0x00, 0x00, 0x00, 0x00, 0x00, 0x00, 0x00, 0x00, 0x00, 
  0x00, 0x00, 0x00, 0x00, 0x00, 0x00, 0x00, 0x00, 0x00, 0x00, 0x00, 0x00, 
  0x00, 0x00, 0x00, 0x00, 0x00, 0x00, 0x00, 0x00, 0x00, 0x00, 0x00, 0x00, 
  0x00, 0x00, 0x00, 0x00, 0x00, 0x00, 0x00, 0x00, 0x00, 0x00, 0x00, 0x00, 
  0x00, 0x00, 0x00, 0x00, 0x00, 0x00, 0x00, 0x00, 0x00, 0x00, 0x00, 0x00, 
  0x00, 0x00, 0x00, 0x00, 0x00, 0x00, 0x00, 0x00, 0x00, 0x00, 0x00, 0x00, 
  0x00, 0x00, 0x00, 0x00, 0x00, 0x00, 0x00, 0x00, 0x00, 0x00, 0x00, 0x00, 
  0x00, 0x00, 0x00, 0x00, 0x00, 0x00, 0x00, 0x00, 0x00, 0x00, 0x00, 0x00, 
  0x00, 0x00, 0x00, 0x00, 0x00, 0x00, 0x00, 0x00, 0x00, 0x00, 0x00, 0x00, 
  0x00, 0x00, 0x00, 0x00, 0x00, 0x00, 0x00, 0x00, 0x00, 0x00, 0x00, 0x00, 
  0x00, 0x00, 0x00, 0x00, 0x00, 0x00, 0x00, 0x00, 0x00, 0x00, 0x00, 0x00, 
  0x00, 0x00, 0x00, 0x00, 0x00, 0x00, 0x00, 0x00, 0x00, 0x00, 0x00, 0x00, 
  0x00, 0x00, 0x00, 0x00, 0x00, 0x00, 0x00, 0x00, 0x00, 0x00, 0x00, 0x00, 
  0x00, 0x00, 0x00, 0x00, 0x00, 0x00, 0x00, 0x00, 0x00, 0x00, 0x00, 0x00, 
  0x00, 0x00, 0x00, 0x00, 0x00, 0x00, 0x00, 0x00, 0x00, 0x00, 0x00, 0x00, 
  0x00, 0x00, 0x00, 0x00, 0x00, 0x00, 0x00, 0x00, 0x00, 0x00, 0x00, 0x00, 
  0x00, 0x00, 0x00, 0x00, 0x00, 0x00, 0x00, 0x00, 0x00, 0x00, 0x00, 0x00, 
  0x00, 0x00, 0x00, 0x00, 0x00, 0x00, 0x00, 0x00, 0x00, 0x00, 0x00, 0x00, 
  0x00, 0x00, 0x00, 0x00, 0x00, 0x00, 0x00, 0x00, 0x00, 0x00, 0x00, 0x00, 
  0x00, 0x00, 0x00, 0x00, 0x00, 0x00, 0x00, 0x00, 0x00, 0x00, 0x00, 0x00, 
  0x00, 0x00, 0x00, 0x00, 0x00, 0x00, 0x00, 0x00, 0x00, 0x00, 0x00, 0x00, 
  0x00, 0x00, 0x00, 0x00, 0x00, 0x00, 0x00, 0x00, 0x00, 0x00, 0x00, 0x00, 
  0x00, 0x00, 0x00, 0x00, 0x00, 0x00, 0x00, 0x00, 0x00, 0x00, 0x00, 0x00, 
  0x00, 0x00, 0x00, 0x00, 0x00, 0x00, 0x00, 0x00, 0x00, 0x00, 0x00, 0x00, 
  0x00, 0x00, 0x00, 0x00, 0x00, 0x00, 0x00, 0x00, 0x00, 0x00, 0x00, 0x00, 
  0x00, 0x00, 0x00, 0x00, 0x00, 0x00, 0x00, 0x00, 0x00, 0x00, 0x00, 0x00, 
  0x00, 0x00, 0x00, 0x00, 0x00, 0x00, 0x00, 0x00, 0x00, 0x00, 0x00, 0x00, 
  0x00, 0x00, 0x00, 0x00, 0x00, 0x00, 0x00, 0x00, 0x00, 0x00, 0x00, 0x00, 
  0x00, 0x00, 0x00, 0x00, 0x00, 0x00, 0x00, 0x00, 0x00, 0x00, 0x00, 0x00, 
  0x00, 0x00, 0x00, 0x00, 0x00, 0x00, 0x00, 0x00, 0x00, 0x00, 0x00, 0x00, 
  0x00, 0x00, 0x00, 0x00, 0x00, 0x00, 0x00, 0x00, 0x00, 0x00, 0x00, 0x00, 
  0x00, 0x00, 0x00, 0x00, 0x00, 0x00, 0x00, 0x00, 0x00, 0x00, 0x00, 0x00, 
  0x00, 0x00, 0x00, 0x00, 0x00, 0x00, 0x00, 0x00, 0x00, 0x00, 0x00, 0x00, 
  0x00, 0x00, 0x00, 0x00, 0x00, 0x00, 0x00, 0x00, 0x00, 0x00, 0x00, 0x00, 
  0x00, 0x00, 0x00, 0x00, 0x00, 0x00, 0x00, 0x00, 0x00, 0x00, 0x00, 0x00, 
  0x00, 0x00, 0x00, 0x00, 0x00, 0x00, 0x00, 0x00, 0x00, 0x00, 0x00, 0x00, 
  0x00, 0x00, 0x00, 0x00, 0x00, 0x00, 0x00, 0x00, 0x00, 0x00, 0x00, 0x00, 
  0x00, 0x00, 0x00, 0x00, 0x00, 0x00, 0x00, 0x00, 0x00, 0x00, 0x00, 0x00, 
  0x00, 0x00, 0x00, 0x00, 0x00, 0x00, 0x00, 0x00, 0x00, 0x00, 0x00, 0x00, 
  0x00, 0x00, 0x00, 0x00, 0x00, 0x00, 0x00, 0x00, 0x00, 0x00, 0x00, 0x00, 
  0x00, 0x00, 0x00, 0x00, 0x00, 0x00, 0x00, 0x00, 0x00, 0x00, 0x00, 0x00, 
  0x00, 0x00, 0x00, 0x00, 0x00, 0x00, 0x00, 0x00, 0x00, 0x00, 0x00, 0x00, 
  0x00, 0x00, 0x00, 0x00, 0x00, 0x00, 0x00, 0x00, 0x00, 0x00, 0x00, 0x00, 
  0x00, 0x00, 0x00, 0x00, 0x00, 0x00, 0x00, 0x00, 0x00, 0x00, 0x00, 0x00, 
  0x00, 0x00, 0x00, 0x00, 0x00, 0x00, 0x00, 0x00, 0x00, 0x00, 0x00, 0x00, 
  0x00, 0x00, 0x00, 0x00, 0x00, 0x00, 0x00, 0x00, 0x00, 0x00, 0x00, 0x00, 
  0x00, 0x00, 0x00, 0x00, 0x00, 0x00, 0x00, 0x00, 0x00, 0x00, 0x00, 0x00, 
  0x00, 0x00, 0x00, 0x00, 0x00, 0x00, 0x00, 0x00, 0x00, 0x00, 0x00, 0x00, 
  0x00, 0x00, 0x00, 0x00, 0x00, 0x00, 0x00, 0x00, 0x00, 0x00, 0x00, 0x00, 
  0x00, 0x00, 0x00, 0x00, 0x00, 0x00, 0x00, 0x00, 0x00, 0x00, 0x00, 0x00, 
  0x00, 0x00, 0x00, 0x00, 0x00, 0x00, 0x00, 0x00, 0x00, 0x00, 0x00, 0x00, 
  0x00, 0x00, 0x00, 0x00, 0x00, 0x00, 0x00, 0x00, 0x00, 0x00, 0x00, 0x00, 
  0x00, 0x00, 0x00, 0x00, 0x00, 0x00, 0x00, 0x00, 0x00, 0x00, 0x00, 0x00, 
  0x00, 0x00, 0x00, 0x00, 0x00, 0x00, 0x00, 0x00, 0x00, 0x00, 0x00, 0x00, 
  0x00, 0x00, 0x00, 0x00, 0x00, 0x00, 0x00, 0x00, 0x00, 0x00, 0x00, 0x00, 
  0x00, 0x00, 0x00, 0x00, 0x00, 0x00, 0x00, 0x00, 0x00, 0x00, 0x00, 0x00, 
  0x00, 0x00, 0x00, 0x00, 0x00, 0x00, 0x00, 0x00, 0x00, 0x00, 0x00, 0x00, 
  0x00, 0x00, 0x00, 0x00, 0x00, 0x00, 0x00, 0x00, 0x00, 0x00, 0x00, 0x00, 
  0x00, 0x00, 0x00, 0x00, 0x00, 0x00, 0x00, 0x00, 0x00, 0x00, 0x00, 0x00, 
  0x00, 0x00, 0x00, 0x00, 0x00, 0x00, 0x00, 0x00, 0x00, 0x00, 0x00, 0x00, 
  0x00, 0x00, 0x00, 0x00, 0x00, 0x00, 0x00, 0x00, 0x00, 0x00, 0x00, 0x00, 
  0x00, 0x00, 0x00, 0x00, 0x00, 0x00, 0x00, 0x00, 0x00, 0x00, 0x00, 0x00, 
  0x00, 0x00, 0x00, 0x00, 0x00, 0x00, 0x00, 0x00, 0x00, 0x00, 0x00, 0x00, 
  0x00, 0x00, 0x00, 0x00, 0x00, 0x00, 0x00, 0x00, 0x00, 0x00, 0x00, 0x00, 
  0x00, 0x00, 0x00, 0x00, 0x00, 0x00, 0x00, 0x00, 0x00, 0x00, 0x00, 0x00, 
  0x00, 0x00, 0x00, 0x00, 0x00, 0x00, 0x00, 0x00, 0x00, 0x00, 0x00, 0x00, 
  0x00, 0x00, 0x00, 0x00, 0x00, 0x00, 0x00, 0x00, 0x00, 0x00, 0x00, 0x00, 
  0x00, 0x00, 0x00, 0x00, 0x00, 0x00, 0x00, 0x00, 0x00, 0x00, 0x00, 0x00, 
  0x00, 0x00, 0x00, 0x00, 0x00, 0x00, 0x00, 0x00, 0x00, 0x00, 0x00, 0x00, 
  0x00, 0x00, 0x00, 0x00, 0x00, 0x00, 0x00, 0x00, 0x00, 0x00, 0x00, 0x00, 
  0x00, 0x00, 0x00, 0x00, 0x00, 0x00, 0x00, 0x00, 0x00, 0x00, 0x00, 0x00, 
  0x00, 0x00, 0x00, 0x00, 0x00, 0x00, 0x00, 0x00, 0x00, 0x00, 0x00, 0x00, 
  0x00, 0x00, 0x00, 0x00, 0x00, 0x00, 0x00, 0x00, 0x00, 0x00, 0x00, 0x00, 
  0x00, 0x00, 0x00, 0x00, 0x00, 0x00, 0x00, 0x00, 0x00, 0x00, 0x00, 0x00, 
  0x00, 0x00, 0x00, 0x00, 0x00, 0x00, 0x00, 0x00, 0x00, 0x00, 0x00, 0x00, 
  0x00, 0x00, 0x00, 0x00, 0x00, 0x00, 0x00, 0x00, 0x00, 0x00, 0x00, 0x00, 
  0x00, 0x00, 0x00, 0x00, 0x00, 0x00, 0x00, 0x00, 0x00, 0x00, 0x00, 0x00, 
  0x00, 0x00, 0x00, 0x00, 0x00, 0x00, 0x00, 0x00, 0x00, 0x00, 0x00, 0x00, 
  0x00, 0x00, 0x00, 0x00, 0x00, 0x00, 0x00, 0x00, 0x00, 0x00, 0x00, 0x00, 
  0x00, 0x00, 0x00, 0x00, 0x00, 0x00, 0x00, 0x00, 0x00, 0x00, 0x00, 0x00, 
  0x00, 0x00, 0x00, 0x00, 0x00, 0x00, 0x00, 0x00, 0x00, 0x00, 0x00, 0x00, 
  0x00, 0x00, 0x00, 0x00, 0x00, 0x00, 0x00, 0x00, 0x00, 0x00, 0x00, 0x00, 
  0x00, 0x00, 0x00, 0x00, 0x00, 0x00, 0x00, 0x00, 0x00, 0x00, 0x00, 0x00, 
  0x00, 0x00, 0x00, 0x00, 0x00, 0x00, 0x00, 0x00, 0x00, 0x00, 0x00, 0x00, 
  0x00, 0x00, 0x00, 0x00, 0x00, 0x00, 0x00, 0x00, 0x00, 0x00, 0x00, 0x00, 
  0x00, 0x00, 0x00, 0x00, 0x00, 0x00, 0x00, 0x00, 0x00, 0x00, 0x00, 0x00, 
  0x00, 0x00, 0x00, 0x00, 0x00, 0x00, 0x00, 0x00, 0x00, 0x00, 0x00, 0x00, 
  0x00, 0x00, 0x00, 0x00, 0x00, 0x00, 0x00, 0x00, 0x00, 0x00, 0x00, 0x00, 
  0x00, 0x00, 0x00, 0x00, 0x00, 0x00, 0x00, 0x00, 0x00, 0x00, 0x00, 0x00, 
  0x00, 0x00, 0x00, 0x00, 0x00, 0x00, 0x00, 0x00, 0x00, 0x00, 0x00, 0x00, 
  0x00, 0x00, 0x00, 0x00, 0x00, 0x00, 0x00, 0x00, 0x00, 0x00, 0x00, 0x00, 
  0x00, 0x00, 0x00, 0x00, 0x00, 0x00, 0x00, 0x00, 0x00, 0x00, 0x00, 0x00, 
  0x00, 0x00, 0x00, 0x00, 0x00, 0x00, 0x00, 0x00, 0x00, 0x00, 0x00, 0x00, 
  0x00, 0x00, 0x00, 0x00, 0x00, 0x00, 0x00, 0x00, 0x00, 0x00, 0x00, 0x00, 
  0x00, 0x00, 0x00, 0x00, 0x00, 0x00, 0x00, 0x00, 0x00, 0x00, 0x00, 0x00, 
  0x00, 0x00, 0x00, 0x00, 0x00, 0x00, 0x00, 0x00, 0x00, 0x00, 0x00, 0x00, 
  0x00, 0x00, 0x00, 0x00, 0x00, 0x00, 0x00, 0x00, 0x00, 0x00, 0x00, 0x00, 
  0x00, 0x00, 0x00, 0x00, 0x00, 0x00, 0x00, 0x00, 0x00, 0x00, 0x00, 0x00, 
  0x00, 0x00, 0x00, 0x00, 0x00, 0x00, 0x00, 0x00, 0x00, 0x00, 0x00, 0x00, 
  0x00, 0x00, 0x00, 0x00, 0x00, 0x00, 0x00, 0x00, 0x00, 0x00, 0x00, 0x00, 
  0x00, 0x00, 0x00, 0x00, 0x00, 0x00, 0x00, 0x00, 0x00, 0x00, 0x00, 0x00, 
  0x00, 0x00, 0x00, 0x00, 0x00, 0x00, 0x00, 0x00, 0x00, 0x00, 0x00, 0x00, 
  0x00, 0x00, 0x00, 0x00, 0x00, 0x00, 0x00, 0x00, 0x00, 0x00, 0x00, 0x00, 
  0x00, 0x00, 0x00, 0x00, 0x00, 0x00, 0x00, 0x00, 0x00, 0x00, 0x00, 0x00, 
  0x00, 0x00, 0x00, 0x00, 0x00, 0x00, 0x00, 0x00, 0x00, 0x00, 0x00, 0x00, 
  0x00, 0x00, 0x00, 0x00, 0x00, 0x00, 0x00, 0x00, 0x00, 0x00, 0x00, 0x00, 
  0x00, 0x00, 0x00, 0x00, 0x00, 0x00, 0x00, 0x00, 0x00, 0x00, 0x00, 0x00, 
  0x00, 0x00, 0x00, 0x00, 0x00, 0x00, 0x00, 0x00, 0x00, 0x00, 0x00, 0x00, 
  0x00, 0x00, 0x00, 0x00, 0x00, 0x00, 0x00, 0x00, 0x00, 0x00, 0x00, 0x00, 
  0x00, 0x00, 0x00, 0x00, 0x00, 0x00, 0x00, 0x00, 0x00, 0x00, 0x00, 0x00, 
  0x00, 0x00, 0x00, 0x00, 0x00, 0x00, 0x00, 0x00, 0x00, 0x00, 0x00, 0x00, 
  0x00, 0x00, 0x00, 0x00, 0x00, 0x00, 0x00, 0x00, 0x00, 0x00, 0x00, 0x00, 
  0x00, 0x00, 0x00, 0x00, 0x00, 0x00, 0x00, 0x00, 0x00, 0x00, 0x00, 0x00, 
  0x00, 0x00, 0x00, 0x00, 0x00, 0x00, 0x00, 0x00, 0x00, 0x00, 0x00, 0x00, 
  0x00, 0x00, 0x00, 0x00, 0x00, 0x00, 0x00, 0x00, 0x00, 0x00, 0x00, 0x00, 
  0x00, 0x00, 0x00, 0x00, 0x00, 0x00, 0x00, 0x00, 0x00, 0x00, 0x00, 0x00, 
  0x00, 0x00, 0x00, 0x00, 0x00, 0x00, 0x00, 0x00, 0x00, 0x00, 0x00, 0x00, 
  0x00, 0x00, 0x00, 0x00, 0x00, 0x00, 0x00, 0x00, 0x00, 0x00, 0x00, 0x00, 
  0x00, 0x00, 0x00, 0x00, 0x00, 0x00, 0x00, 0x00, 0x00, 0x00, 0x00, 0x00, 
  0x00, 0x00, 0x00, 0x00, 0x00, 0x00, 0x00, 0x00, 0x00, 0x00, 0x00, 0x00, 
  0x00, 0x00, 0x00, 0x00, 0x00, 0x00, 0x00, 0x00, 0x00, 0x00, 0x00, 0x00, 
  0x00, 0x00, 0x00, 0x00, 0x00, 0x00, 0x00, 0x00, 0x00, 0x00, 0x00, 0x00, 
  0x00, 0x00, 0x00, 0x00, 0x00, 0x00, 0x00, 0x00, 0x00, 0x00, 0x00, 0x00, 
  0x00, 0x00, 0x00, 0x00, 0x00, 0x00, 0x00, 0x00, 0x00, 0x00, 0x00, 0x00, 
  0x00, 0x00, 0x00, 0x00, 0x00, 0x00, 0x00, 0x00, 0x00, 0x00, 0x00, 0x00, 
  0x00, 0x00, 0x00, 0x00, 0x00, 0x00, 0x00, 0x00, 0x00, 0x00, 0x00, 0x00, 
  0x00, 0x00, 0x00, 0x00, 0x00, 0x00, 0x00, 0x00, 0x00, 0x00, 0x00, 0x00, 
  0x00, 0x00, 0x00, 0x00, 0x00, 0x00, 0x00, 0x00, 0x00, 0x00, 0x00, 0x00, 
  0x00, 0x00, 0x00, 0x00, 0x00, 0x00, 0x00, 0x00, 0x00, 0x00, 0x00, 0x00, 
  0x00, 0x00, 0x00, 0x00, 0x00, 0x00, 0x00, 0x00, 0x00, 0x00, 0x00, 0x00, 
  0x00, 0x00, 0x00, 0x00, 0x00, 0x00, 0x00, 0x00, 0x00, 0x00, 0x00, 0x00, 
  0x00, 0x00, 0x00, 0x00, 0x00, 0x00, 0x00, 0x00, 0x00, 0x00, 0x00, 0x00, 
  0x00, 0x00, 0x00, 0x00, 0x00, 0x00, 0x00, 0x00, 0x00, 0x00, 0x00, 0x00, 
  0x00, 0x00, 0x00, 0x00, 0x00, 0x00, 0x00, 0x00, 0x00, 0x00, 0x00, 0x00, 
  0x00, 0x00, 0x00, 0x00, 0x00, 0x00, 0x00, 0x00, 0x00, 0x00, 0x00, 0x00, 
  0x00, 0x00, 0x00, 0x00, 0x00, 0x00, 0x00, 0x00, 0x00, 0x00, 0x00, 0x00, 
  0x00, 0x00, 0x00, 0x00, 0x00, 0x00, 0x00, 0x00, 0x00, 0x00, 0x00, 0x00, 
  0x00, 0x00, 0x00, 0x00, 0x00, 0x00, 0x00, 0x00, 0x00, 0x00, 0x00, 0x00, 
  0x00, 0x00, 0x00, 0x00, 0x00, 0x00, 0x00, 0x00, 0x00, 0x00, 0x00, 0x00, 
  0x00, 0x00, 0x00, 0x00, 0x00, 0x00, 0x00, 0x00, 0x00, 0x00, 0x00, 0x00, 
  0x00, 0x00, 0x00, 0x00, 0x00, 0x00, 0x00, 0x00, 0x00, 0x00, 0x00, 0x00, 
  0x00, 0x00, 0x00, 0x00, 0x00, 0x00, 0x00, 0x00, 0x00, 0x00, 0x00, 0x00, 
  0x00, 0x00, 0x00, 0x00, 0x00, 0x00, 0x00, 0x00, 0x00, 0x00, 0x00, 0x00, 
  0x00, 0x00, 0x00, 0x00, 0x00, 0x00, 0x00, 0x00, 0x00, 0x00, 0x00, 0x00, 
  0x00, 0x00, 0x00, 0x00, 0x00, 0x00, 0x00, 0x00, 0x00, 0x00, 0x00, 0x00, 
  0x00, 0x00, 0x00, 0x00, 0x00, 0x00, 0x00, 0x00, 0x00, 0x00, 0x00, 0x00, 
  0x00, 0x00, 0x00, 0x00, 0x00, 0x00, 0x00, 0x00, 0x00, 0x00, 0x00, 0x00, 
  0x00, 0x00, 0x00, 0x00, 0x00, 0x00, 0x00, 0x00, 0x00, 0x00, 0x00, 0x00, 
  0x00, 0x00, 0x00, 0x00, 0x00, 0x00, 0x00, 0x00, 0x00, 0x00, 0x00, 0x00, 
  0x00, 0x00, 0x00, 0x00, 0x00, 0x00, 0x00, 0x00, 0x00, 0x00, 0x00, 0x00, 
  0x00, 0x00, 0x00, 0x00, 0x00, 0x00, 0x00, 0x00, 0x00, 0x00, 0x00, 0x00, 
  0x00, 0x00, 0x00, 0x00, 0x00, 0x00, 0x00, 0x00, 0x00, 0x00, 0x00, 0x00, 
  0x00, 0x00, 0x00, 0x00, 0x00, 0x00, 0x00, 0x00, 0x00, 0x00, 0x00, 0x00, 
  0x00, 0x00, 0x00, 0x00, 0x00, 0x00, 0x00, 0x00, 0x00, 0x00, 0x00, 0x00, 
  0x00, 0x00, 0x00, 0x00, 0x00, 0x00, 0x00, 0x00, 0x00, 0x00, 0x00, 0x00, 
  0x00, 0x00, 0x00, 0x00, 0x00, 0x00, 0x00, 0x00, 0x00, 0x00, 0x00, 0x00, 
  0x00, 0x00, 0x00, 0x00, 0x00, 0x00, 0x00, 0x00, 0x00, 0x00, 0x00, 0x00, 
  0x00, 0x00, 0x00, 0x00, 0x00, 0x00, 0x00, 0x00, 0x00, 0x00, 0x00, 0x00, 
  0x00, 0x00, 0x00, 0x00, 0x00, 0x00, 0x00, 0x00, 0x00, 0x00, 0x00, 0x00, 
  0x00, 0x00, 0x00, 0x00, 0x00, 0x00, 0x00, 0x00, 0x00, 0x00, 0x00, 0x00, 
  0x00, 0x00, 0x00, 0x00, 0x00, 0x00, 0x00, 0x00, 0x00, 0x00, 0x00, 0x00, 
  0x00, 0x00, 0x00, 0x00, 0x00, 0x00, 0x00, 0x00, 0x00, 0x00, 0x00, 0x00, 
  0x00, 0x00, 0x00, 0x00, 0x00, 0x00, 0x00, 0x00, 0x00, 0x00, 0x00, 0x00, 
  0x00, 0x00, 0x00, 0x00, 0x00, 0x00, 0x00, 0x00, 0x00, 0x00, 0x00, 0x00, 
  0x00, 0x00, 0x00, 0x00, 0x00, 0x00, 0x00, 0x00, 0x00, 0x00, 0x00, 0x00, 
  0x00, 0x00, 0x00, 0x00, 0x00, 0x00, 0x00, 0x00, 0x00, 0x00, 0x00, 0x00, 
  0x00, 0x00, 0x00, 0x00, 0x00, 0x00, 0x00, 0x00, 0x00, 0x00, 0x00, 0x00, 
  0x00, 0x00, 0x00, 0x00, 0x00, 0x00, 0x00, 0x00, 0x00, 0x00, 0x00, 0x00, 
  0x00, 0x00, 0x00, 0x00, 0x00, 0x00, 0x00, 0x00, 0x00, 0x00, 0x00, 0x00, 
  0x00, 0x00, 0x00, 0x00, 0x00, 0x00, 0x00, 0x00, 0x00, 0x00, 0x00, 0x00, 
  0x00, 0x00, 0x00, 0x00, 0x00, 0x00, 0x00, 0x00, 0x00, 0x00, 0x00, 0x00, 
  0x00, 0x00, 0x00, 0x00, 0x00, 0x00, 0x00, 0x00, 0x00, 0x00, 0x00, 0x00, 
  0x00, 0x00, 0x00, 0x00, 0x00, 0x00, 0x00, 0x00, 0x00, 0x00, 0x00, 0x00, 
  0x00, 0x00, 0x00, 0x00, 0x00, 0x00, 0x00, 0x00, 0x00, 0x00, 0x00, 0x00, 
  0x00, 0x00, 0x00, 0x00, 0x00, 0x00, 0x00, 0x00, 0x00, 0x00, 0x00, 0x00, 
  0x00, 0x00, 0x00, 0x00, 0x00, 0x00, 0x00, 0x00, 0x00, 0x00, 0x00, 0x00, 
  0x00, 0x00, 0x00, 0x00, 0x00, 0x00, 0x00, 0x00, 0x00, 0x00, 0x00, 0x00, 
  0x00, 0x00, 0x00, 0x00, 0x00, 0x00, 0x00, 0x00, 0x00, 0x00, 0x00, 0x00, 
  0x00, 0x00, 0x00, 0x00, 0x00, 0x00, 0x00, 0x00, 0x00, 0x00, 0x00, 0x00, 
  0x00, 0x00, 0x00, 0x00, 0x00, 0x00, 0x00, 0x00, 0x00, 0x00, 0x00, 0x00, 
  0x00, 0x00, 0x00, 0x00, 0x00, 0x00, 0x00, 0x00, 0x00, 0x00, 0x00, 0x00, 
  0x00, 0x00, 0x00, 0x00, 0x00, 0x00, 0x00, 0x00, 0x00, 0x00, 0x00, 0x00, 
  0x00, 0x00, 0x00, 0x00, 0x00, 0x00, 0x00, 0x00, 0x00, 0x00, 0x00, 0x00, 
  0x00, 0x00, 0x00, 0x00, 0x00, 0x00, 0x00, 0x00, 0x00, 0x00, 0x00, 0x00, 
  0x00, 0x00, 0x00, 0x00, 0x00, 0x00, 0x00, 0x00, 0x00, 0x00, 0x00, 0x00, 
  0x00, 0x00, 0x00, 0x00, 0x00, 0x00, 0x00, 0x00, 0x00, 0x00, 0x00, 0x00, 
  0x00, 0x00, 0x00, 0x00, 0x00, 0x00, 0x00, 0x00, 0x00, 0x00, 0x00, 0x00, 
  0x00, 0x00, 0x00, 0x00, 0x00, 0x00, 0x00, 0x00, 0x00, 0x00, 0x00, 0x00, 
  0x00, 0x00, 0x00, 0x00, 0x00, 0x00, 0x00, 0x00, 0x00, 0x00, 0x00, 0x00, 
  0x00, 0x00, 0x00, 0x00, 0x00, 0x00, 0x00, 0x00, 0x00, 0x00, 0x00, 0x00, 
  0x00, 0x00, 0x00, 0x00, 0x00, 0x00, 0x00, 0x00, 0x00, 0x00, 0x00, 0x00, 
  0x00, 0x00, 0x00, 0x00, 0x00, 0x00, 0x00, 0x00, 0x00, 0x00, 0x00, 0x00, 
  0x00, 0x00, 0x00, 0x00, 0x00, 0x00, 0x00, 0x00, 0x00, 0x00, 0x00, 0x00, 
  0x00, 0x00, 0x00, 0x00, 0x00, 0x00, 0x00, 0x00, 0x00, 0x00, 0x00, 0x00, 
  0x00, 0x00, 0x00, 0x00, 0x00, 0x00, 0x00, 0x00, 0x00, 0x00, 0x00, 0x00, 
  0x00, 0x00, 0x00, 0x00, 0x00, 0x00, 0x00, 0x00, 0x00, 0x00, 0x00, 0x00, 
  0x00, 0x00, 0x00, 0x00, 0x00, 0x00, 0x00, 0x00, 0x00, 0x00, 0x00, 0x00, 
  0x00, 0x00, 0x00, 0x00, 0x00, 0x00, 0x00, 0x00, 0x00, 0x00, 0x00, 0x00, 
  0x00, 0x00, 0x00, 0x00, 0x00, 0x00, 0x00, 0x00, 0x00, 0x00, 0x00, 0x00, 
  0x00, 0x00, 0x00, 0x00, 0x00, 0x00, 0x00, 0x00, 0x00, 0x00, 0x00, 0x00, 
  0x00, 0x00, 0x00, 0x00, 0x00, 0x00, 0x00, 0x00, 0x00, 0x00, 0x00, 0x00, 
  0x00, 0x00, 0x00, 0x00, 0x00, 0x00, 0x00, 0x00, 0x00, 0x00, 0x00, 0x00, 
  0x00, 0x00, 0x00, 0x00, 0x00, 0x00, 0x00, 0x00, 0x00, 0x00, 0x00, 0x00, 
  0x00, 0x00, 0x00, 0x00, 0x00, 0x00, 0x00, 0x00, 0x00, 0x00, 0x00, 0x00, 
  0x00, 0x00, 0x00, 0x00, 0x00, 0x00, 0x00, 0x00, 0x00, 0x00, 0x00, 0x00, 
  0x00, 0x00, 0x00, 0x00, 0x00, 0x00, 0x00, 0x00, 0x00, 0x00, 0x00, 0x00, 
  0x00, 0x00, 0x00, 0x00, 0x00, 0x00, 0x00, 0x00, 0x00, 0x00, 0x00, 0x00, 
  0x00, 0x00, 0x00, 0x00, 0x00, 0x00, 0x00, 0x00, 0x00, 0x00, 0x00, 0x00, 
  0x00, 0x00, 0x00, 0x00, 0x00, 0x00, 0x00, 0x00, 0x00, 0x00, 0x00, 0x00, 
  0x00, 0x00, 0x00, 0x00, 0x00, 0x00, 0x00, 0x00, 0x00, 0x00, 0x00, 0x00, 
  0x00, 0x00, 0x00, 0x00, 0x00, 0x00, 0x00, 0x00, 0x00, 0x00, 0x00, 0x00, 
  0x00, 0x00, 0x00, 0x00, 0x00, 0x00, 0x00, 0x00, 0x00, 0x00, 0x00, 0x00, 
  0x00, 0x00, 0x00, 0x00, 0x00, 0x00, 0x00, 0x00, 0x00, 0x00, 0x00, 0x00, 
  0x00, 0x00, 0x00, 0x00, 0x00, 0x00, 0x00, 0x00, 0x00, 0x00, 0x00, 0x00, 
  0x00, 0x00, 0x00, 0x00, 0x00, 0x00, 0x00, 0x00, 0x00, 0x00, 0x00, 0x00, 
  0x00, 0x00, 0x00, 0x00, 0x00, 0x00, 0x00, 0x00, 0x00, 0x00, 0x00, 0x00, 
  0x00, 0x00, 0x00, 0x00, 0x00, 0x00, 0x00, 0x00, 0x00, 0x00, 0x00, 0x00, 
  0x00, 0x00, 0x00, 0x00, 0x00, 0x00, 0x00, 0x00, 0x00, 0x00, 0x00, 0x00, 
  0x00, 0x00, 0x00, 0x00, 0x00, 0x00, 0x00, 0x00, 0x00, 0x00, 0x00, 0x00, 
  0x00, 0x00, 0x00, 0x00, 0x00, 0x00, 0x00, 0x00, 0x00, 0x00, 0x00, 0x00, 
  0x00, 0x00, 0x00, 0x00, 0x00, 0x00, 0x00, 0x00, 0x00, 0x00, 0x00, 0x00, 
  0x00, 0x00, 0x00, 0x00, 0x00, 0x00, 0x00, 0x00, 0x00, 0x00, 0x00, 0x00, 
  0x00, 0x00, 0x00, 0x00, 0x00, 0x00, 0x00, 0x00, 0x00, 0x00, 0x00, 0x00, 
  
};

const lv_img_dsc_t img_reader = {
  .header.cf = LV_IMG_CF_TRUE_COLOR_ALPHA,
  .header.always_zero = 0,
  .header.w = 120,
  .header.h = 120,
  .data_size = 43200,
  .data = img_reader_map,
};
